TITLE = "DT cycle-start spatial average"
VARIABLES = "step", "wallTime", "targetCycle", "runTime", "runCyc", "NeAve", "NiAve", "EeAve"
ZONE T="Average_phase0", F=POINT
0	0.00000000	0	0.00000000e+00	0.00000000	1.00000000e+14	1.00000000e+14	2.40315765e-05
200	5.19459709	1	7.37463127e-08	1.00000000	9.70189720e+13	1.15366852e+14	1.17257601e-04
400	10.36754130	2	1.47492625e-07	2.00000000	1.21541093e+14	1.46600485e+14	1.47699522e-04
600	15.67137475	3	2.21238938e-07	3.00000000	1.54699081e+14	1.84595730e+14	1.87264372e-04
800	20.86449276	4	2.94985251e-07	4.00000000	1.94961548e+14	2.29153014e+14	2.34154424e-04
1000	26.12855578	5	3.68731563e-07	5.00000000	2.40930626e+14	2.79337638e+14	2.86446884e-04
1200	31.37208281	6	4.42477876e-07	6.00000000	2.90894959e+14	3.33588987e+14	3.41966110e-04
1400	36.58603188	7	5.16224189e-07	7.00000000	3.43165594e+14	3.90218185e+14	3.98734001e-04
1600	41.82302394	8	5.89970501e-07	8.00000000	3.96227442e+14	4.47647961e+14	4.55483140e-04
1800	47.01431590	9	6.63716814e-07	9.00000000	4.48849885e+14	5.04572024e+14	5.10923884e-04
2000	52.27103882	10	7.37463127e-07	10.00000000	5.00313775e+14	5.60207026e+14	5.64291161e-04
2200	57.46944338	11	8.11209440e-07	11.00000000	5.50224818e+14	6.14114085e+14	6.15219970e-04
2400	62.66345573	12	8.84955752e-07	12.00000000	5.98377262e+14	6.66061202e+14	6.63561074e-04
2600	67.89629620	13	9.58702065e-07	13.00000000	6.44749726e+14	7.16013706e+14	7.09548054e-04
2800	73.09423682	14	1.03244838e-06	14.00000000	6.89483751e+14	7.64108662e+14	7.53466990e-04
3000	78.32479684	15	1.10619469e-06	15.00000000	7.32773110e+14	8.10543162e+14	7.95616410e-04
3200	83.53888240	16	1.17994100e-06	16.00000000	7.74833523e+14	8.55539574e+14	8.36378871e-04
3400	88.81721722	17	1.25368732e-06	17.00000000	8.15867646e+14	8.99309705e+14	8.76056862e-04
3600	94.06708559	18	1.32743363e-06	18.00000000	8.55985771e+14	9.41974299e+14	9.14876177e-04
3800	99.31502733	19	1.40117994e-06	19.00000000	8.95227194e+14	9.83580039e+14	9.52729870e-04
4000	104.52363886	20	1.47492625e-06	20.00000000	9.33556611e+14	1.02410298e+15	9.89632627e-04
4200	109.72545199	21	1.54867257e-06	21.00000000	9.70938433e+14	1.06351420e+15	1.02559700e-03
4400	114.98745783	22	1.62241888e-06	22.00000000	1.00736250e+15	1.10181481e+15	1.06057201e-03
4600	120.24921115	23	1.69616519e-06	23.00000000	1.04281799e+15	1.13900418e+15	1.09454369e-03
4800	125.52810252	24	1.76991150e-06	24.00000000	1.07726639e+15	1.17505385e+15	1.12749844e-03
5000	130.77794768	25	1.84365782e-06	25.00000000	1.11077553e+15	1.21004351e+15	1.15937745e-03
5200	136.01862710	26	1.91740413e-06	26.00000000	1.14348169e+15	1.24412155e+15	1.19026538e-03
5400	141.23689372	27	1.99115044e-06	27.00000000	1.17550351e+15	1.27741667e+15	1.22026236e-03
5600	146.49239118	28	2.06489676e-06	28.00000000	1.20685230e+15	1.30994787e+15	1.24948713e-03
5800	151.77116244	29	2.13864307e-06	29.00000000	1.23749984e+15	1.34169780e+15	1.27794638e-03
6000	157.05328912	30	2.21238938e-06	30.00000000	1.26742837e+15	1.37265597e+15	1.30563217e-03
6200	162.33617390	31	2.28613569e-06	31.00000000	1.29661825e+15	1.40280918e+15	1.33253996e-03
6400	167.60021585	32	2.35988201e-06	32.00000000	1.32505689e+15	1.43214986e+15	1.35866476e-03
6600	172.85114034	33	2.43362832e-06	33.00000000	1.35274253e+15	1.46067771e+15	1.38402444e-03
6800	178.09223159	34	2.50737463e-06	34.00000000	1.37966182e+15	1.48838411e+15	1.40862136e-03
7000	183.33847435	35	2.58112094e-06	35.00000000	1.40579238e+15	1.51525269e+15	1.43245225e-03
7200	188.59050423	36	2.65486726e-06	36.00000000	1.43111501e+15	1.54126731e+15	1.45548935e-03
7400	193.84468789	37	2.72861357e-06	37.00000000	1.45565271e+15	1.56645398e+15	1.47770825e-03
7600	199.10854538	38	2.80235988e-06	38.00000000	1.47943758e+15	1.59084781e+15	1.49913915e-03
7800	204.37302874	39	2.87610619e-06	39.00000000	1.50249873e+15	1.61448055e+15	1.51982331e-03
8000	209.56998265	40	2.94985251e-06	40.00000000	1.52487666e+15	1.63739313e+15	1.53983922e-03
8200	214.78376688	41	3.02359882e-06	41.00000000	1.54660499e+15	1.65962359e+15	1.55922180e-03
8400	220.02252058	42	3.09734513e-06	42.00000000	1.56771430e+15	1.68120579e+15	1.57800486e-03
8600	225.30167347	43	3.17109145e-06	43.00000000	1.58823277e+15	1.70217023e+15	1.59622705e-03
8800	230.53537833	44	3.24483776e-06	44.00000000	1.60818901e+15	1.72254716e+15	1.61391812e-03
9000	235.74059240	45	3.31858407e-06	45.00000000	1.62760952e+15	1.74236493e+15	1.63110000e-03
9200	240.98101922	46	3.39233038e-06	46.00000000	1.64651806e+15	1.76165027e+15	1.64779543e-03
9400	246.21073445	47	3.46607670e-06	47.00000000	1.66493552e+15	1.78042526e+15	1.66402705e-03
9600	251.45840133	48	3.53982301e-06	48.00000000	1.68288189e+15	1.79871100e+15	1.67981331e-03
9800	256.70048590	49	3.61356932e-06	49.00000000	1.70037802e+15	1.81653042e+15	1.69517694e-03
10000	261.96040043	50	3.68731563e-06	50.00000000	1.71744098e+15	1.83389962e+15	1.71013620e-03
10200	267.23924940	51	3.76106195e-06	51.00000000	1.73409785e+15	1.85084418e+15	1.72473302e-03
10400	272.46351879	52	3.83480826e-06	52.00000000	1.75035900e+15	1.86737990e+15	1.73897617e-03
10600	277.74032400	53	3.90855457e-06	53.00000000	1.76623539e+15	1.88351898e+15	1.75287803e-03
10800	282.98642062	54	3.98230088e-06	54.00000000	1.78174509e+15	1.89927991e+15	1.76645434e-03
11000	288.26829375	55	4.05604720e-06	55.00000000	1.79690056e+15	1.91467576e+15	1.77971913e-03
11200	293.55005260	56	4.12979351e-06	56.00000000	1.81171668e+15	1.92972200e+15	1.79268812e-03
11400	298.83961544	57	4.20353982e-06	57.00000000	1.82620699e+15	1.94443282e+15	1.80537232e-03
11600	304.13671010	58	4.27728614e-06	58.00000000	1.84038348e+15	1.95882085e+15	1.81778927e-03
11800	309.40080725	59	4.35103245e-06	59.00000000	1.85426002e+15	1.97290052e+15	1.82994938e-03
12000	314.64724965	60	4.42477876e-06	60.00000000	1.86784385e+15	1.98667959e+15	1.84185879e-03
12200	319.88962450	61	4.49852507e-06	61.00000000	1.88114121e+15	2.00016471e+15	1.85352085e-03
12400	325.09972385	62	4.57227139e-06	62.00000000	1.89416579e+15	2.01336996e+15	1.86494591e-03
12600	330.35150970	63	4.64601770e-06	63.00000000	1.90692895e+15	2.02630707e+15	1.87614064e-03
12800	335.60624575	64	4.71976401e-06	64.00000000	1.91944251e+15	2.03898815e+15	1.88711037e-03
13000	340.83436645	65	4.79351032e-06	65.00000000	1.93171608e+15	2.05142310e+15	1.89786226e-03
13200	346.05647349	66	4.86725664e-06	66.00000000	1.94375637e+15	2.06361888e+15	1.90839345e-03
13400	351.32202726	67	4.94100295e-06	67.00000000	1.95557719e+15	2.07558944e+15	1.91871945e-03
13600	356.55071455	68	5.01474926e-06	68.00000000	1.96718132e+15	2.08733727e+15	1.92885207e-03
13800	361.80857054	69	5.08849558e-06	69.00000000	1.97857630e+15	2.09887072e+15	1.93879657e-03
14000	367.03484337	70	5.16224189e-06	70.00000000	1.98976745e+15	2.11019642e+15	1.94855031e-03
14200	372.29017357	71	5.23598820e-06	71.00000000	2.00075916e+15	2.12131904e+15	1.95811814e-03
14400	377.57031714	72	5.30973451e-06	72.00000000	2.01155560e+15	2.13224255e+15	1.96751057e-03
14600	382.77738974	73	5.38348083e-06	73.00000000	2.02216182e+15	2.14297106e+15	1.97673152e-03
14800	388.03525092	74	5.45722714e-06	74.00000000	2.03258469e+15	2.15351294e+15	1.98578001e-03
15000	393.29507462	75	5.53097345e-06	75.00000000	2.04282678e+15	2.16386929e+15	1.99466374e-03
15200	398.57523886	76	5.60471976e-06	76.00000000	2.05289152e+15	2.17404562e+15	2.00338628e-03
15400	403.81490849	77	5.67846608e-06	77.00000000	2.06278158e+15	2.18404436e+15	2.01195068e-03
15600	409.06052276	78	5.75221239e-06	78.00000000	2.07250137e+15	2.19386986e+15	2.02036149e-03
15800	414.33480087	79	5.82595870e-06	79.00000000	2.08205264e+15	2.20352389e+15	2.02862093e-03
16000	419.57626106	80	5.89970501e-06	80.00000000	2.09144279e+15	2.21301395e+15	2.03673060e-03
16200	424.85139979	81	5.97345133e-06	81.00000000	2.10067515e+15	2.22234345e+15	2.04469771e-03
16400	430.12444029	82	6.04719764e-06	82.00000000	2.10974871e+15	2.23151148e+15	2.05252608e-03
16600	435.40420792	83	6.12094395e-06	83.00000000	2.11867388e+15	2.24052848e+15	2.06021440e-03
16800	440.68196682	84	6.19469027e-06	84.00000000	2.12744856e+15	2.24939247e+15	2.06777103e-03
17000	445.88474190	85	6.26843658e-06	85.00000000	2.13607663e+15	2.25810735e+15	2.07519806e-03
17200	451.08339710	86	6.34218289e-06	86.00000000	2.14456295e+15	2.26667805e+15	2.08249069e-03
17400	456.27439581	87	6.41592920e-06	87.00000000	2.15291210e+15	2.27510928e+15	2.08965754e-03
17600	461.50564660	88	6.48967552e-06	88.00000000	2.16112925e+15	2.28340632e+15	2.09670618e-03
17800	466.74019100	89	6.56342183e-06	89.00000000	2.16921302e+15	2.29156785e+15	2.10363844e-03
18000	471.98179587	90	6.63716814e-06	90.00000000	2.17716785e+15	2.29959836e+15	2.11045540e-03
18200	477.23596502	91	6.71091445e-06	91.00000000	2.18499418e+15	2.30749831e+15	2.11715868e-03
18400	482.48974753	92	6.78466077e-06	92.00000000	2.19269410e+15	2.31526987e+15	2.12374821e-03
18600	487.75770454	93	6.85840708e-06	93.00000000	2.20027490e+15	2.32292040e+15	2.13023050e-03
18800	492.97573522	94	6.93215339e-06	94.00000000	2.20773571e+15	2.33044910e+15	2.13660298e-03
19000	498.19928205	95	7.00589971e-06	95.00000000	2.21507750e+15	2.33785699e+15	2.14287660e-03
19200	503.46010628	96	7.07964602e-06	96.00000000	2.22230636e+15	2.34515018e+15	2.14904744e-03
19400	508.66120159	97	7.15339233e-06	97.00000000	2.22942282e+15	2.35232924e+15	2.15511987e-03
19600	513.92591673	98	7.22713864e-06	98.00000000	2.23642373e+15	2.35939106e+15	2.16109787e-03
19800	519.13019739	99	7.30088496e-06	99.00000000	2.24331699e+15	2.36634356e+15	2.16697426e-03
20000	524.40256081	100	7.37463127e-06	100.00000000	2.25010737e+15	2.37319147e+15	2.17276469e-03
20200	529.67048189	101	7.44837758e-06	101.00000000	2.25679272e+15	2.37993283e+15	2.17846592e-03
20400	534.94295811	102	7.52212389e-06	102.00000000	2.26336962e+15	2.38656481e+15	2.18408607e-03
20600	540.21165523	103	7.59587021e-06	103.00000000	2.26984603e+15	2.39309539e+15	2.18960485e-03
20800	545.47558112	104	7.66961652e-06	104.00000000	2.27621934e+15	2.39952216e+15	2.19503707e-03
21000	550.67004400	105	7.74336283e-06	105.00000000	2.28249484e+15	2.40585009e+15	2.20037455e-03
21200	555.88251011	106	7.81710914e-06	106.00000000	2.28868024e+15	2.41208673e+15	2.20562659e-03
21400	561.12336706	107	7.89085546e-06	107.00000000	2.29477381e+15	2.41823034e+15	2.21080093e-03
21600	566.36684193	108	7.96460177e-06	108.00000000	2.30078047e+15	2.42428588e+15	2.21589546e-03
21800	571.57552564	109	8.03834808e-06	109.00000000	2.30669746e+15	2.43025066e+15	2.22091766e-03
22000	576.79865864	110	8.11209440e-06	110.00000000	2.31252905e+15	2.43612899e+15	2.22585866e-03
22200	582.07650797	111	8.18584071e-06	111.00000000	2.31828055e+15	2.44192620e+15	2.23072541e-03
22400	587.31428507	112	8.25958702e-06	112.00000000	2.32395375e+15	2.44764412e+15	2.23552154e-03
22600	592.58933841	113	8.33333333e-06	113.00000000	2.32954495e+15	2.45327909e+15	2.24025146e-03
22800	597.83092764	114	8.40707965e-06	114.00000000	2.33505884e+15	2.45883581e+15	2.24491025e-03
23000	603.07506907	115	8.48082596e-06	115.00000000	2.34049766e+15	2.46431656e+15	2.24950304e-03
23200	608.32693345	116	8.55457227e-06	116.00000000	2.34586232e+15	2.46972228e+15	2.25402917e-03
23400	613.54911792	117	8.62831858e-06	117.00000000	2.35115344e+15	2.47505358e+15	2.25849419e-03
23600	618.82211124	118	8.70206490e-06	118.00000000	2.35637665e+15	2.48031614e+15	2.26289473e-03
23800	624.02229242	119	8.77581121e-06	119.00000000	2.36152662e+15	2.48550464e+15	2.26723936e-03
24000	629.20953600	120	8.84955752e-06	120.00000000	2.36660364e+15	2.49061941e+15	2.27152041e-03
24200	634.48428143	121	8.92330383e-06	121.00000000	2.37161951e+15	2.49567229e+15	2.27573164e-03
24400	639.73340358	122	8.99705015e-06	122.00000000	2.37658410e+15	2.50067320e+15	2.27988572e-03
24600	644.96332357	123	9.07079646e-06	123.00000000	2.38149694e+15	2.50562168e+15	2.28399361e-03
24800	650.24210265	124	9.14454277e-06	124.00000000	2.38635840e+15	2.51051811e+15	2.28805789e-03
25000	655.46157929	125	9.21828909e-06	125.00000000	2.39116876e+15	2.51536278e+15	2.29207810e-03
25200	660.68800415	126	9.29203540e-06	126.00000000	2.39592924e+15	2.52015691e+15	2.29605312e-03
25400	665.96693929	127	9.36578171e-06	127.00000000	2.40064148e+15	2.52490219e+15	2.29998600e-03
25600	671.18622711	128	9.43952802e-06	128.00000000	2.40530458e+15	2.52959772e+15	2.30387862e-03
25800	676.44259398	129	9.51327434e-06	129.00000000	2.40991897e+15	2.53424394e+15	2.30772811e-03
26000	681.67408143	130	9.58702065e-06	130.00000000	2.41448634e+15	2.53884257e+15	2.31153590e-03
26200	686.95068368	131	9.66076696e-06	131.00000000	2.41900567e+15	2.54339258e+15	2.31530460e-03
26400	692.16343181	132	9.73451327e-06	132.00000000	2.42347726e+15	2.54789426e+15	2.31903148e-03
26600	697.36088484	133	9.80825959e-06	133.00000000	2.42790207e+15	2.55234859e+15	2.32271860e-03
26800	702.64027841	134	9.88200590e-06	134.00000000	2.43228110e+15	2.55675657e+15	2.32636485e-03
27000	707.91766857	135	9.95575221e-06	135.00000000	2.43661505e+15	2.56111895e+15	2.32997159e-03
27200	713.11953219	136	1.00294985e-05	136.00000000	2.44090407e+15	2.56543589e+15	2.33354024e-03
27400	718.31726683	137	1.01032448e-05	137.00000000	2.44514924e+15	2.56970848e+15	2.33707046e-03
27600	723.51572776	138	1.01769912e-05	138.00000000	2.44935042e+15	2.57393661e+15	2.34056340e-03
27800	728.75741393	139	1.02507375e-05	139.00000000	2.45350899e+15	2.57812166e+15	2.34401909e-03
28000	733.97106297	140	1.03244838e-05	140.00000000	2.45762335e+15	2.58226205e+15	2.34744105e-03
28200	739.24022714	141	1.03982301e-05	141.00000000	2.46169230e+15	2.58635658e+15	2.35082531e-03
28400	744.47181891	142	1.04719764e-05	142.00000000	2.46571918e+15	2.59040861e+15	2.35416983e-03
28600	749.74113544	143	1.05457227e-05	143.00000000	2.46970452e+15	2.59441863e+15	2.35747928e-03
28800	755.03341600	144	1.06194690e-05	144.00000000	2.47364831e+15	2.59838667e+15	2.36075317e-03
29000	760.26705581	145	1.06932153e-05	145.00000000	2.47755146e+15	2.60231363e+15	2.36399251e-03
29200	765.54655715	146	1.07669617e-05	146.00000000	2.48141514e+15	2.60620071e+15	2.36719796e-03
29400	770.75358749	147	1.08407080e-05	147.00000000	2.48523692e+15	2.61004547e+15	2.37037138e-03
29600	775.99120539	148	1.09144543e-05	148.00000000	2.48901839e+15	2.61384952e+15	2.37350736e-03
29800	781.22968601	149	1.09882006e-05	149.00000000	2.49276212e+15	2.61761544e+15	2.37660986e-03
30000	786.42404094	150	1.10619469e-05	150.00000000	2.49646664e+15	2.62134176e+15	2.37968211e-03
30200	791.69359283	151	1.11356932e-05	151.00000000	2.50013342e+15	2.62502996e+15	2.38271984e-03
30400	796.89519483	152	1.12094395e-05	152.00000000	2.50376206e+15	2.62867963e+15	2.38572697e-03
30600	802.11705679	153	1.12831858e-05	153.00000000	2.50735208e+15	2.63229032e+15	2.38870309e-03
30800	807.37149732	154	1.13569322e-05	154.00000000	2.51090394e+15	2.63586248e+15	2.39164662e-03
31000	812.58538736	155	1.14306785e-05	155.00000000	2.51441750e+15	2.63939597e+15	2.39455875e-03
31200	817.86184513	156	1.15044248e-05	156.00000000	2.51789319e+15	2.64289123e+15	2.39743934e-03
31400	823.09676198	157	1.15781711e-05	157.00000000	2.52133073e+15	2.64634801e+15	2.40028872e-03
31600	828.37336008	158	1.16519174e-05	158.00000000	2.52472843e+15	2.64976461e+15	2.40310846e-03
31800	833.63063528	159	1.17256637e-05	159.00000000	2.52808657e+15	2.65314131e+15	2.40589485e-03
32000	838.89875175	160	1.17994100e-05	160.00000000	2.53140342e+15	2.65647639e+15	2.40865007e-03
32200	844.17200781	161	1.18731563e-05	161.00000000	2.53467908e+15	2.65976998e+15	2.41137158e-03
32400	849.44632105	162	1.19469027e-05	162.00000000	2.53791852e+15	2.66302703e+15	2.41405501e-03
32600	854.71065807	163	1.20206490e-05	163.00000000	2.54112393e+15	2.66624978e+15	2.41670702e-03
32800	859.91115782	164	1.20943953e-05	164.00000000	2.54429300e+15	2.66943587e+15	2.41933209e-03
33000	865.13978162	165	1.21681416e-05	165.00000000	2.54742707e+15	2.67258668e+15	2.42192629e-03
33200	870.41949920	166	1.22418879e-05	166.00000000	2.55052696e+15	2.67570302e+15	2.42449055e-03
33400	875.65175035	167	1.23156342e-05	167.00000000	2.55359297e+15	2.67878518e+15	2.42702632e-03
33600	880.86236791	168	1.23893805e-05	168.00000000	2.55662619e+15	2.68183429e+15	2.42953320e-03
33800	886.12238461	169	1.24631268e-05	169.00000000	2.55962735e+15	2.68485107e+15	2.43201244e-03
34000	891.37119071	170	1.25368732e-05	170.00000000	2.56259628e+15	2.68783538e+15	2.43446509e-03
34200	896.59305482	171	1.26106195e-05	171.00000000	2.56553244e+15	2.69078664e+15	2.43689121e-03
34400	901.81908997	172	1.26843658e-05	172.00000000	2.56843665e+15	2.69370570e+15	2.43928997e-03
34600	907.01056968	173	1.27581121e-05	173.00000000	2.57131191e+15	2.69659556e+15	2.44166052e-03
34800	912.24055192	174	1.28318584e-05	174.00000000	2.57415771e+15	2.69945574e+15	2.44400734e-03
35000	917.49979231	175	1.29056047e-05	175.00000000	2.57697335e+15	2.70228549e+15	2.44633085e-03
35200	922.70707026	176	1.29793510e-05	176.00000000	2.57975917e+15	2.70508520e+15	2.44862908e-03
35400	927.93204159	177	1.30530973e-05	177.00000000	2.58251529e+15	2.70785498e+15	2.45090175e-03
35600	933.12215648	178	1.31268437e-05	178.00000000	2.58524218e+15	2.71059531e+15	2.45314965e-03
35800	938.37792542	179	1.32005900e-05	179.00000000	2.58794015e+15	2.71330649e+15	2.45537410e-03
36000	943.61153879	180	1.32743363e-05	180.00000000	2.59060875e+15	2.71598808e+15	2.45757435e-03
36200	948.83973943	181	1.33480826e-05	181.00000000	2.59325034e+15	2.71864248e+15	2.45974900e-03
36400	954.02718255	182	1.34218289e-05	182.00000000	2.59586713e+15	2.72127186e+15	2.46190001e-03
36600	959.30010694	183	1.34955752e-05	183.00000000	2.59845870e+15	2.72387584e+15	2.46403169e-03
36800	964.55446731	184	1.35693215e-05	184.00000000	2.60102477e+15	2.72645413e+15	2.46614377e-03
37000	969.82146047	185	1.36430678e-05	185.00000000	2.60356578e+15	2.72900714e+15	2.46823547e-03
37200	975.10297696	186	1.37168142e-05	186.00000000	2.60608124e+15	2.73153462e+15	2.47030536e-03
37400	980.35999877	187	1.37905605e-05	187.00000000	2.60857073e+15	2.73403605e+15	2.47235439e-03
37600	985.60724053	188	1.38643068e-05	188.00000000	2.61103471e+15	2.73651182e+15	2.47438160e-03
37800	990.83646250	189	1.39380531e-05	189.00000000	2.61347451e+15	2.73896324e+15	2.47638635e-03
38000	996.05037534	190	1.40117994e-05	190.00000000	2.61589196e+15	2.74139172e+15	2.47837592e-03
38200	1001.29670153	191	1.40855457e-05	191.00000000	2.61828466e+15	2.74379571e+15	2.48034457e-03
38400	1006.52125531	192	1.41592920e-05	192.00000000	2.62065327e+15	2.74617556e+15	2.48229326e-03
38600	1011.77243574	193	1.42330383e-05	193.00000000	2.62299884e+15	2.74853208e+15	2.48422450e-03
38800	1017.01820995	194	1.43067847e-05	194.00000000	2.62532143e+15	2.75086563e+15	2.48613596e-03
39000	1022.23813667	195	1.43805310e-05	195.00000000	2.62762155e+15	2.75317685e+15	2.48802488e-03
39200	1027.43429740	196	1.44542773e-05	196.00000000	2.62990212e+15	2.75546845e+15	2.48989235e-03
39400	1032.63303605	197	1.45280236e-05	197.00000000	2.63216558e+15	2.75774276e+15	2.49174099e-03
39600	1037.85114017	198	1.46017699e-05	198.00000000	2.63441301e+15	2.76000086e+15	2.49357452e-03
39800	1043.08606547	199	1.46755162e-05	199.00000000	2.63664450e+15	2.76224283e+15	2.49539462e-03
40000	1048.33701502	200	1.47492625e-05	200.00000000	2.63886014e+15	2.76446876e+15	2.49720143e-03
40200	1053.61355897	201	1.48230088e-05	201.00000000	2.64105992e+15	2.76667869e+15	2.49899526e-03
40400	1058.83122218	202	1.48967552e-05	202.00000000	2.64324396e+15	2.76887270e+15	2.50077602e-03
40600	1064.03074516	203	1.49705015e-05	203.00000000	2.64541235e+15	2.77105093e+15	2.50254391e-03
40800	1069.22838025	204	1.50442478e-05	204.00000000	2.64756523e+15	2.77321350e+15	2.50429884e-03
41000	1074.47979404	205	1.51179941e-05	205.00000000	2.64970305e+15	2.77536087e+15	2.50604036e-03
41200	1079.75583780	206	1.51917404e-05	206.00000000	2.65182618e+15	2.77749342e+15	2.50776919e-03
41400	1085.03205232	207	1.52654867e-05	207.00000000	2.65393496e+15	2.77961149e+15	2.50948540e-03
41600	1090.30707102	208	1.53392330e-05	208.00000000	2.65602982e+15	2.78171551e+15	2.51118938e-03
41800	1095.57311497	209	1.54129794e-05	209.00000000	2.65811075e+15	2.78380549e+15	2.51288171e-03
42000	1100.77828655	210	1.54867257e-05	210.00000000	2.66017793e+15	2.78588159e+15	2.51456255e-03
42200	1105.96688986	211	1.55604720e-05	211.00000000	2.66223159e+15	2.78794406e+15	2.51623189e-03
42400	1111.15805385	212	1.56342183e-05	212.00000000	2.66427181e+15	2.78999296e+15	2.51789016e-03
42600	1116.37823269	213	1.57079646e-05	213.00000000	2.66629885e+15	2.79202859e+15	2.51953721e-03
42800	1121.58299334	214	1.57817109e-05	214.00000000	2.66831294e+15	2.79405115e+15	2.52117323e-03
43000	1126.78647439	215	1.58554572e-05	215.00000000	2.67031419e+15	2.79606076e+15	2.52279851e-03
43200	1132.01558613	216	1.59292035e-05	216.00000000	2.67230258e+15	2.79805739e+15	2.52441350e-03
43400	1137.28928751	217	1.60029499e-05	217.00000000	2.67427820e+15	2.80004116e+15	2.52601756e-03
43600	1142.55787657	218	1.60766962e-05	218.00000000	2.67624135e+15	2.80201234e+15	2.52761082e-03
43800	1147.75102440	219	1.61504425e-05	219.00000000	2.67819203e+15	2.80397095e+15	2.52919360e-03
44000	1153.02619748	220	1.62241888e-05	220.00000000	2.68013042e+15	2.80591717e+15	2.53076626e-03
44200	1158.28329407	221	1.62979351e-05	221.00000000	2.68205662e+15	2.80785109e+15	2.53232886e-03
44400	1163.50027572	222	1.63716814e-05	222.00000000	2.68397084e+15	2.80977293e+15	2.53388128e-03
44600	1168.77304989	223	1.64454277e-05	223.00000000	2.68587312e+15	2.81168273e+15	2.53542373e-03
44800	1174.04157264	224	1.65191740e-05	224.00000000	2.68776355e+15	2.81358059e+15	2.53695629e-03
45000	1179.26724157	225	1.65929204e-05	225.00000000	2.68964219e+15	2.81546656e+15	2.53847916e-03
45200	1184.52133013	226	1.66666667e-05	226.00000000	2.69150919e+15	2.81734080e+15	2.53999230e-03
45400	1189.74175445	227	1.67404130e-05	227.00000000	2.69336480e+15	2.81920356e+15	2.54149560e-03
45600	1194.94715152	228	1.68141593e-05	228.00000000	2.69520929e+15	2.82105511e+15	2.54298927e-03
45800	1200.20190950	229	1.68879056e-05	229.00000000	2.69704284e+15	2.82289565e+15	2.54447372e-03
46000	1205.45839697	230	1.69616519e-05	230.00000000	2.69886550e+15	2.82472522e+15	2.54594929e-03
46200	1210.71900899	231	1.70353982e-05	231.00000000	2.70067725e+15	2.82654379e+15	2.54741646e-03
46400	1215.92400139	232	1.71091445e-05	232.00000000	2.70247818e+15	2.82835145e+15	2.54887447e-03
46600	1221.19111739	233	1.71828909e-05	233.00000000	2.70426845e+15	2.83014838e+15	2.55032363e-03
46800	1226.38584444	234	1.72566372e-05	234.00000000	2.70604816e+15	2.83193469e+15	2.55176403e-03
47000	1231.66018605	235	1.73303835e-05	235.00000000	2.70781738e+15	2.83371042e+15	2.55319588e-03
47200	1236.91276123	236	1.74041298e-05	236.00000000	2.70957626e+15	2.83547573e+15	2.55461928e-03
47400	1242.14420616	237	1.74778761e-05	237.00000000	2.71132489e+15	2.83723072e+15	2.55603449e-03
47600	1247.34152493	238	1.75516224e-05	238.00000000	2.71306327e+15	2.83897539e+15	2.55744150e-03
47800	1252.52777104	239	1.76253687e-05	239.00000000	2.71479137e+15	2.84070971e+15	2.55884034e-03
48000	1257.79119654	240	1.76991150e-05	240.00000000	2.71650925e+15	2.84243374e+15	2.56023089e-03
48200	1262.98217834	241	1.77728614e-05	241.00000000	2.71821699e+15	2.84414756e+15	2.56161338e-03
48400	1268.21962245	242	1.78466077e-05	242.00000000	2.71991453e+15	2.84585111e+15	2.56298778e-03
48600	1273.44482128	243	1.79203540e-05	243.00000000	2.72160203e+15	2.84754455e+15	2.56435402e-03
48800	1278.71275064	244	1.79941003e-05	244.00000000	2.72327954e+15	2.84922793e+15	2.56571220e-03
49000	1283.91441885	245	1.80678466e-05	245.00000000	2.72494705e+15	2.85090126e+15	2.56706235e-03
49200	1289.10359810	246	1.81415929e-05	246.00000000	2.72660481e+15	2.85256476e+15	2.56840444e-03
49400	1294.29202383	247	1.82153392e-05	247.00000000	2.72825401e+15	2.85421852e+15	2.56974133e-03
49600	1299.48356401	248	1.82890855e-05	248.00000000	2.72989329e+15	2.85586293e+15	2.57106948e-03
49800	1304.71407609	249	1.83628319e-05	249.00000000	2.73152309e+15	2.85749808e+15	2.57238923e-03
50000	1309.96678654	250	1.84365782e-05	250.00000000	2.73314355e+15	2.85912394e+15	2.57370122e-03
50200	1315.18582413	251	1.85103245e-05	251.00000000	2.73475481e+15	2.86074060e+15	2.57500580e-03
50400	1320.41777708	252	1.85840708e-05	252.00000000	2.73635705e+15	2.86234820e+15	2.57630273e-03
50600	1325.62632547	253	1.86578171e-05	253.00000000	2.73795033e+15	2.86394680e+15	2.57759240e-03
50800	1330.84474485	254	1.87315634e-05	254.00000000	2.73953484e+15	2.86553657e+15	2.57887458e-03
51000	1336.10636473	255	1.88053097e-05	255.00000000	2.74111065e+15	2.86711760e+15	2.58014970e-03
51200	1341.29436904	256	1.88790560e-05	256.00000000	2.74267777e+15	2.86868988e+15	2.58141791e-03
51400	1346.53815270	257	1.89528024e-05	257.00000000	2.74423628e+15	2.87025350e+15	2.58267929e-03
51600	1351.74578267	258	1.90265487e-05	258.00000000	2.74578627e+15	2.87180854e+15	2.58393372e-03
51800	1356.96437358	259	1.91002950e-05	259.00000000	2.74732786e+15	2.87335514e+15	2.58518111e-03
52000	1362.21723123	260	1.91740413e-05	260.00000000	2.74886117e+15	2.87489340e+15	2.58642180e-03
52200	1367.40447126	261	1.92477876e-05	261.00000000	2.75038616e+15	2.87642330e+15	2.58765587e-03
52400	1372.61104615	262	1.93215339e-05	262.00000000	2.75190292e+15	2.87794491e+15	2.58888333e-03
52600	1377.79670193	263	1.93952802e-05	263.00000000	2.75341160e+15	2.87945840e+15	2.59010404e-03
52800	1383.02554906	264	1.94690265e-05	264.00000000	2.75491234e+15	2.88096390e+15	2.59131841e-03
53000	1388.26218718	265	1.95427729e-05	265.00000000	2.75640522e+15	2.88246149e+15	2.59252639e-03
53200	1393.44836754	266	1.96165192e-05	266.00000000	2.75789036e+15	2.88395130e+15	2.59372810e-03
53400	1398.71932156	267	1.96902655e-05	267.00000000	2.75936793e+15	2.88543349e+15	2.59492361e-03
53600	1403.98895245	268	1.97640118e-05	268.00000000	2.76083799e+15	2.88690812e+15	2.59611304e-03
53800	1409.20583742	269	1.98377581e-05	269.00000000	2.76230057e+15	2.88837523e+15	2.59729653e-03
54000	1414.42178061	270	1.99115044e-05	270.00000000	2.76375561e+15	2.88983476e+15	2.59847416e-03
54200	1419.67619319	271	1.99852507e-05	271.00000000	2.76520308e+15	2.89128667e+15	2.59964576e-03
54400	1424.94322759	272	2.00589971e-05	272.00000000	2.76664306e+15	2.89273105e+15	2.60081143e-03
54600	1430.18272193	273	2.01327434e-05	273.00000000	2.76807567e+15	2.89416803e+15	2.60197091e-03
54800	1435.45306078	274	2.02064897e-05	274.00000000	2.76950101e+15	2.89559770e+15	2.60312427e-03
55000	1440.72791177	275	2.02802360e-05	275.00000000	2.77091909e+15	2.89702007e+15	2.60427181e-03
55200	1446.00485635	276	2.03539823e-05	276.00000000	2.77232998e+15	2.89843521e+15	2.60541350e-03
55400	1451.27864608	277	2.04277286e-05	277.00000000	2.77373381e+15	2.89984324e+15	2.60654922e-03
55600	1456.54983235	278	2.05014749e-05	278.00000000	2.77513073e+15	2.90124434e+15	2.60767909e-03
55800	1461.82203933	279	2.05752212e-05	279.00000000	2.77652096e+15	2.90263871e+15	2.60880332e-03
56000	1467.02833149	280	2.06489676e-05	280.00000000	2.77790461e+15	2.90402646e+15	2.60992215e-03
56200	1472.22631894	281	2.07227139e-05	281.00000000	2.77928168e+15	2.90540760e+15	2.61103591e-03
56400	1477.45767945	282	2.07964602e-05	282.00000000	2.78065216e+15	2.90678211e+15	2.61214425e-03
56600	1482.73259744	283	2.08702065e-05	283.00000000	2.78201610e+15	2.90815004e+15	2.61324725e-03
56800	1487.98990154	284	2.09439528e-05	284.00000000	2.78337355e+15	2.90951146e+15	2.61434517e-03
57000	1493.26381973	285	2.10176991e-05	285.00000000	2.78472460e+15	2.91086644e+15	2.61543793e-03
57200	1498.49007723	286	2.10914454e-05	286.00000000	2.78606936e+15	2.91221510e+15	2.61652552e-03
57400	1503.73341007	287	2.11651917e-05	287.00000000	2.78740790e+15	2.91355751e+15	2.61760803e-03
57600	1508.96532401	288	2.12389381e-05	288.00000000	2.78874193e+15	2.91489362e+15	2.61868700e-03
57800	1514.23823943	289	2.13126844e-05	289.00000000	2.79006900e+15	2.91622370e+15	2.61976204e-03
58000	1519.43555983	290	2.13864307e-05	290.00000000	2.79138959e+15	2.91754770e+15	2.62083113e-03
58200	1524.63345761	291	2.14601770e-05	291.00000000	2.79270399e+15	2.91886569e+15	2.62189503e-03
58400	1529.82217877	292	2.15339233e-05	292.00000000	2.79401236e+15	2.92017771e+15	2.62295345e-03
58600	1535.04472149	293	2.16076696e-05	293.00000000	2.79531478e+15	2.92148379e+15	2.62400707e-03
58800	1540.29226819	294	2.16814159e-05	294.00000000	2.79661120e+15	2.92278386e+15	2.62505581e-03
59000	1545.50036285	295	2.17551622e-05	295.00000000	2.79790166e+15	2.92407796e+15	2.62609974e-03
59200	1550.72265120	296	2.18289086e-05	296.00000000	2.79918621e+15	2.92536613e+15	2.62713897e-03
59400	1555.99196340	297	2.19026549e-05	297.00000000	2.80046488e+15	2.92664838e+15	2.62817362e-03
59600	1561.20202010	298	2.19764012e-05	298.00000000	2.80173777e+15	2.92792482e+15	2.62920342e-03
59800	1566.39623455	299	2.20501475e-05	299.00000000	2.80300494e+15	2.92919551e+15	2.63022857e-03
60000	1571.60424563	300	2.21238938e-05	300.00000000	2.80426644e+15	2.93046052e+15	2.63124903e-03
60200	1576.79723861	301	2.21976401e-05	301.00000000	2.80552227e+15	2.93171982e+15	2.63226495e-03
60400	1582.03695589	302	2.22713864e-05	302.00000000	2.80677245e+15	2.93297343e+15	2.63327631e-03
60600	1587.30349174	303	2.23451327e-05	303.00000000	2.80801699e+15	2.93422138e+15	2.63428313e-03
60800	1592.54567655	304	2.24188791e-05	304.00000000	2.80925592e+15	2.93546369e+15	2.63528551e-03
61000	1597.76716161	305	2.24926254e-05	305.00000000	2.81048924e+15	2.93670037e+15	2.63628338e-03
61200	1602.98621471	306	2.25663717e-05	306.00000000	2.81171703e+15	2.93793149e+15	2.63727679e-03
61400	1608.22770721	307	2.26401180e-05	307.00000000	2.81293935e+15	2.93915711e+15	2.63826575e-03
61600	1613.41554137	308	2.27138643e-05	308.00000000	2.81415620e+15	2.94037724e+15	2.63925034e-03
61800	1618.61214108	309	2.27876106e-05	309.00000000	2.81536761e+15	2.94159190e+15	2.64023082e-03
62000	1623.81327693	310	2.28613569e-05	310.00000000	2.81657368e+15	2.94280118e+15	2.64120672e-03
62200	1629.02271831	311	2.29351032e-05	311.00000000	2.81777445e+15	2.94400515e+15	2.64217834e-03
62400	1634.27142384	312	2.30088496e-05	312.00000000	2.81896998e+15	2.94520385e+15	2.64314589e-03
62600	1639.54051745	313	2.30825959e-05	313.00000000	2.82016030e+15	2.94639732e+15	2.64410897e-03
62800	1644.76600343	314	2.31563422e-05	314.00000000	2.82134545e+15	2.94758559e+15	2.64506802e-03
63000	1650.02890408	315	2.32300885e-05	315.00000000	2.82252545e+15	2.94876869e+15	2.64602286e-03
63200	1655.27719092	316	2.33038348e-05	316.00000000	2.82370039e+15	2.94994670e+15	2.64697362e-03
63400	1660.51108884	317	2.33775811e-05	317.00000000	2.82487033e+15	2.95111971e+15	2.64792035e-03
63600	1665.78526732	318	2.34513274e-05	318.00000000	2.82603536e+15	2.95228777e+15	2.64886309e-03
63800	1671.04072640	319	2.35250737e-05	319.00000000	2.82719550e+15	2.95345092e+15	2.64980195e-03
64000	1676.25979307	320	2.35988201e-05	320.00000000	2.82835077e+15	2.95460917e+15	2.65073686e-03
64200	1681.49039138	321	2.36725664e-05	321.00000000	2.82950120e+15	2.95576256e+15	2.65166791e-03
64400	1686.72219804	322	2.37463127e-05	322.00000000	2.83064685e+15	2.95691115e+15	2.65259507e-03
64600	1691.99518293	323	2.38200590e-05	323.00000000	2.83178778e+15	2.95805501e+15	2.65351836e-03
64800	1697.22650596	324	2.38938053e-05	324.00000000	2.83292399e+15	2.95919411e+15	2.65443807e-03
65000	1702.49224727	325	2.39675516e-05	325.00000000	2.83405544e+15	2.96032845e+15	2.65535404e-03
65200	1707.68070374	326	2.40412979e-05	326.00000000	2.83518221e+15	2.96145807e+15	2.65626605e-03
65400	1712.91532708	327	2.41150442e-05	327.00000000	2.83630437e+15	2.96258307e+15	2.65717434e-03
65600	1718.18953496	328	2.41887906e-05	328.00000000	2.83742204e+15	2.96370354e+15	2.65807889e-03
65800	1723.42803568	329	2.42625369e-05	329.00000000	2.83853522e+15	2.96481952e+15	2.65897981e-03
66000	1728.61413793	330	2.43362832e-05	330.00000000	2.83964393e+15	2.96593100e+15	2.65987724e-03
66200	1733.82246371	331	2.44100295e-05	331.00000000	2.84074821e+15	2.96703804e+15	2.66077107e-03
66400	1739.09855975	332	2.44837758e-05	332.00000000	2.84184813e+15	2.96814069e+15	2.66166145e-03
66600	1744.34908989	333	2.45575221e-05	333.00000000	2.84294378e+15	2.96923906e+15	2.66254836e-03
66800	1749.56807466	334	2.46312684e-05	334.00000000	2.84403518e+15	2.97033316e+15	2.66343181e-03
67000	1754.84242236	335	2.47050147e-05	335.00000000	2.84512228e+15	2.97142294e+15	2.66431229e-03
67200	1760.06511365	336	2.47787611e-05	336.00000000	2.84620499e+15	2.97250830e+15	2.66518885e-03
67400	1765.30372366	337	2.48525074e-05	337.00000000	2.84728327e+15	2.97358922e+15	2.66606206e-03
67600	1770.52604192	338	2.49262537e-05	338.00000000	2.84835715e+15	2.97466573e+15	2.66693160e-03
67800	1775.79599904	339	2.50000000e-05	339.00000000	2.84942673e+15	2.97573792e+15	2.66779762e-03
68000	1781.04999708	340	2.50737463e-05	340.00000000	2.85049208e+15	2.97680584e+15	2.66866015e-03
68200	1786.28648970	341	2.51474926e-05	341.00000000	2.85155328e+15	2.97786959e+15	2.66951928e-03
68400	1791.54634418	342	2.52212389e-05	342.00000000	2.85261037e+15	2.97892923e+15	2.67037582e-03
68600	1796.79050234	343	2.52949853e-05	343.00000000	2.85366344e+15	2.97998482e+15	2.67122818e-03
68800	1802.01429586	344	2.53687316e-05	344.00000000	2.85471253e+15	2.98103643e+15	2.67207785e-03
69000	1807.20477894	345	2.54424779e-05	345.00000000	2.85575760e+15	2.98208400e+15	2.67292405e-03
69200	1812.47112088	346	2.55162242e-05	346.00000000	2.85679864e+15	2.98312752e+15	2.67376703e-03
69400	1817.72104476	347	2.55899705e-05	347.00000000	2.85783564e+15	2.98416699e+15	2.67460667e-03
69600	1822.95966171	348	2.56637168e-05	348.00000000	2.85886861e+15	2.98520241e+15	2.67544311e-03
69800	1828.22491513	349	2.57374631e-05	349.00000000	2.85989756e+15	2.98623380e+15	2.67627633e-03
70000	1833.48906029	350	2.58112094e-05	350.00000000	2.86092255e+15	2.98726122e+15	2.67710635e-03
70200	1838.71428275	351	2.58849558e-05	351.00000000	2.86194358e+15	2.98828466e+15	2.67793332e-03
70400	1843.98047812	352	2.59587021e-05	352.00000000	2.86296072e+15	2.98930420e+15	2.67875717e-03
70600	1849.17621797	353	2.60324484e-05	353.00000000	2.86397400e+15	2.99031988e+15	2.67957792e-03
70800	1854.40406150	354	2.61061947e-05	354.00000000	2.86498346e+15	2.99133170e+15	2.68039557e-03
71000	1859.65051551	355	2.61799410e-05	355.00000000	2.86598911e+15	2.99233972e+15	2.68121016e-03
71200	1864.92511280	356	2.62536873e-05	356.00000000	2.86699097e+15	2.99334394e+15	2.68202172e-03
71400	1870.13911140	357	2.63274336e-05	357.00000000	2.86798901e+15	2.99434432e+15	2.68283033e-03
71600	1875.32459405	358	2.64011799e-05	358.00000000	2.86898320e+15	2.99534084e+15	2.68363585e-03
71800	1880.52883206	359	2.64749263e-05	359.00000000	2.86997355e+15	2.99633351e+15	2.68443832e-03
72000	1885.76610611	360	2.65486726e-05	360.00000000	2.87096010e+15	2.99732237e+15	2.68523776e-03
72200	1891.00310878	361	2.66224189e-05	361.00000000	2.87194292e+15	2.99830748e+15	2.68603415e-03
72400	1896.25178613	362	2.66961652e-05	362.00000000	2.87292202e+15	2.99928886e+15	2.68682762e-03
72600	1901.48210557	363	2.67699115e-05	363.00000000	2.87389740e+15	3.00026651e+15	2.68761813e-03
72800	1906.71398171	364	2.68436578e-05	364.00000000	2.87486903e+15	3.00124041e+15	2.68840570e-03
73000	1911.97328721	365	2.69174041e-05	365.00000000	2.87583696e+15	3.00221058e+15	2.68919028e-03
73200	1917.23644222	366	2.69911504e-05	366.00000000	2.87680125e+15	3.00317711e+15	2.68997187e-03
73400	1922.44960766	367	2.70648968e-05	367.00000000	2.87776193e+15	3.00414002e+15	2.69075061e-03
73600	1927.68548787	368	2.71386431e-05	368.00000000	2.87871904e+15	3.00509934e+15	2.69152645e-03
73800	1932.94851038	369	2.72123894e-05	369.00000000	2.87967258e+15	3.00605509e+15	2.69229941e-03
74000	1938.15390816	370	2.72861357e-05	370.00000000	2.88062254e+15	3.00700725e+15	2.69306941e-03
74200	1943.42293872	371	2.73598820e-05	371.00000000	2.88156893e+15	3.00795582e+15	2.69383659e-03
74400	1948.63261465	372	2.74336283e-05	372.00000000	2.88251178e+15	3.00890084e+15	2.69460096e-03
74600	1953.84158028	373	2.75073746e-05	373.00000000	2.88345110e+15	3.00984233e+15	2.69536254e-03
74800	1959.09983427	374	2.75811209e-05	374.00000000	2.88438693e+15	3.01078031e+15	2.69612129e-03
75000	1964.29346769	375	2.76548673e-05	375.00000000	2.88531931e+15	3.01171482e+15	2.69687727e-03
75200	1969.48006836	376	2.77286136e-05	376.00000000	2.88624828e+15	3.01264592e+15	2.69763047e-03
75400	1974.66594519	377	2.78023599e-05	377.00000000	2.88717385e+15	3.01357361e+15	2.69838102e-03
75600	1979.93284335	378	2.78761062e-05	378.00000000	2.88809604e+15	3.01449791e+15	2.69912885e-03
75800	1985.18571870	379	2.79498525e-05	379.00000000	2.88901488e+15	3.01541886e+15	2.69987393e-03
76000	1990.41354843	380	2.80235988e-05	380.00000000	2.88993041e+15	3.01633650e+15	2.70061639e-03
76200	1995.61983281	381	2.80973451e-05	381.00000000	2.89084261e+15	3.01725078e+15	2.70135623e-03
76400	2000.82219711	382	2.81710914e-05	382.00000000	2.89175142e+15	3.01816166e+15	2.70209341e-03
76600	2006.04008613	383	2.82448378e-05	383.00000000	2.89265683e+15	3.01906913e+15	2.70282798e-03
76800	2011.24787022	384	2.83185841e-05	384.00000000	2.89355881e+15	3.01997317e+15	2.70355982e-03
77000	2016.45750355	385	2.83923304e-05	385.00000000	2.89445736e+15	3.02087376e+15	2.70428894e-03
77200	2021.64480663	386	2.84660767e-05	386.00000000	2.89535251e+15	3.02177094e+15	2.70501535e-03
77400	2026.89138669	387	2.85398230e-05	387.00000000	2.89624429e+15	3.02266474e+15	2.70573906e-03
77600	2032.07851705	388	2.86135693e-05	388.00000000	2.89713274e+15	3.02355519e+15	2.70646005e-03
77800	2037.30472925	389	2.86873156e-05	389.00000000	2.89801789e+15	3.02444234e+15	2.70717835e-03
78000	2042.53792548	390	2.87610619e-05	390.00000000	2.89889977e+15	3.02532620e+15	2.70789397e-03
78200	2047.76917066	391	2.88348083e-05	391.00000000	2.89977845e+15	3.02620686e+15	2.70860698e-03
78400	2052.98824938	392	2.89085546e-05	392.00000000	2.90065398e+15	3.02708435e+15	2.70931746e-03
78600	2058.21913926	393	2.89823009e-05	393.00000000	2.90152641e+15	3.02795873e+15	2.71002543e-03
78800	2063.41744974	394	2.90560472e-05	394.00000000	2.90239578e+15	3.02883005e+15	2.71073097e-03
79000	2068.61914248	395	2.91297935e-05	395.00000000	2.90326204e+15	3.02969824e+15	2.71143407e-03
79200	2073.87537100	396	2.92035398e-05	396.00000000	2.90412518e+15	3.03056329e+15	2.71213468e-03
79400	2079.10029912	397	2.92772861e-05	397.00000000	2.90498514e+15	3.03142517e+15	2.71283277e-03
79600	2084.34443539	398	2.93510324e-05	398.00000000	2.90584195e+15	3.03228387e+15	2.71352837e-03
79800	2089.56445890	399	2.94247788e-05	399.00000000	2.90669564e+15	3.03313945e+15	2.71422144e-03
80000	2094.75312704	400	2.94985251e-05	400.00000000	2.90754623e+15	3.03399192e+15	2.71491204e-03
80200	2099.94521744	401	2.95722714e-05	401.00000000	2.90839380e+15	3.03484135e+15	2.71560013e-03
80400	2105.15828110	402	2.96460177e-05	402.00000000	2.90923838e+15	3.03568779e+15	2.71628580e-03
80600	2110.40840156	403	2.97197640e-05	403.00000000	2.91008002e+15	3.03653128e+15	2.71696904e-03
80800	2115.68329160	404	2.97935103e-05	404.00000000	2.91091873e+15	3.03737182e+15	2.71764993e-03
81000	2120.89333437	405	2.98672566e-05	405.00000000	2.91175448e+15	3.03820939e+15	2.71832856e-03
81200	2126.07912372	406	2.99410029e-05	406.00000000	2.91258729e+15	3.03904403e+15	2.71900483e-03
81400	2131.27823137	407	3.00147493e-05	407.00000000	2.91341721e+15	3.03987575e+15	2.71967876e-03
81600	2136.52039616	408	3.00884956e-05	408.00000000	2.91424427e+15	3.04070461e+15	2.72035052e-03
81800	2141.73216397	409	3.01622419e-05	409.00000000	2.91506847e+15	3.04153060e+15	2.72101993e-03
82000	2147.00507432	410	3.02359882e-05	410.00000000	2.91588979e+15	3.04235370e+15	2.72168705e-03
82200	2152.24013175	411	3.03097345e-05	411.00000000	2.91670821e+15	3.04317389e+15	2.72235184e-03
82400	2157.45702407	412	3.03834808e-05	412.00000000	2.91752374e+15	3.04399117e+15	2.72301426e-03
82600	2162.69124974	413	3.04572271e-05	413.00000000	2.91833636e+15	3.04480555e+15	2.72367435e-03
82800	2167.91003987	414	3.05309735e-05	414.00000000	2.91914612e+15	3.04561705e+15	2.72433211e-03
83000	2173.11642350	415	3.06047198e-05	415.00000000	2.91995305e+15	3.04642572e+15	2.72498755e-03
83200	2178.32399543	416	3.06784661e-05	416.00000000	2.92075718e+15	3.04723157e+15	2.72564071e-03
83400	2183.51332351	417	3.07522124e-05	417.00000000	2.92155855e+15	3.04803465e+15	2.72629158e-03
83600	2188.70126517	418	3.08259587e-05	418.00000000	2.92235719e+15	3.04883499e+15	2.72694029e-03
83800	2193.88780898	419	3.08997050e-05	419.00000000	2.92315305e+15	3.04963255e+15	2.72758681e-03
84000	2199.14914138	420	3.09734513e-05	420.00000000	2.92394612e+15	3.05042731e+15	2.72823121e-03
84200	2204.33708441	421	3.10471976e-05	421.00000000	2.92473644e+15	3.05121931e+15	2.72887337e-03
84400	2209.59551708	422	3.11209440e-05	422.00000000	2.92552404e+15	3.05200858e+15	2.72951336e-03
84600	2214.86237964	423	3.11946903e-05	423.00000000	2.92630897e+15	3.05279517e+15	2.73015116e-03
84800	2220.04595172	424	3.12684366e-05	424.00000000	2.92709125e+15	3.05357911e+15	2.73078682e-03
85000	2225.31717793	425	3.13421829e-05	425.00000000	2.92787091e+15	3.05436042e+15	2.73142042e-03
85200	2230.57162815	426	3.14159292e-05	426.00000000	2.92864795e+15	3.05513911e+15	2.73205192e-03
85400	2235.76954293	427	3.14896755e-05	427.00000000	2.92942234e+15	3.05591513e+15	2.73268130e-03
85600	2240.99614101	428	3.15634218e-05	428.00000000	2.93019405e+15	3.05668847e+15	2.73330852e-03
85800	2246.22225075	429	3.16371681e-05	429.00000000	2.93096308e+15	3.05745911e+15	2.73393359e-03
86000	2251.48741484	430	3.17109145e-05	430.00000000	2.93172943e+15	3.05822708e+15	2.73455654e-03
86200	2256.67843087	431	3.17846608e-05	431.00000000	2.93249315e+15	3.05899241e+15	2.73517734e-03
86400	2261.91458225	432	3.18584071e-05	432.00000000	2.93325427e+15	3.05975513e+15	2.73579604e-03
86600	2267.13799516	433	3.19321534e-05	433.00000000	2.93401280e+15	3.06051526e+15	2.73641263e-03
86800	2272.36936584	434	3.20058997e-05	434.00000000	2.93476877e+15	3.06127281e+15	2.73702715e-03
87000	2277.60587486	435	3.20796460e-05	435.00000000	2.93552218e+15	3.06202780e+15	2.73763977e-03
87200	2282.87158733	436	3.21533923e-05	436.00000000	2.93627302e+15	3.06278021e+15	2.73825038e-03
87400	2288.05829035	437	3.22271386e-05	437.00000000	2.93702130e+15	3.06353005e+15	2.73885897e-03
87600	2293.30760209	438	3.23008850e-05	438.00000000	2.93776703e+15	3.06427734e+15	2.73946547e-03
87800	2298.54525299	439	3.23746313e-05	439.00000000	2.93851023e+15	3.06502208e+15	2.74006985e-03
88000	2303.74212908	440	3.24483776e-05	440.00000000	2.93925093e+15	3.06576432e+15	2.74067223e-03
88200	2308.94700569	441	3.25221239e-05	441.00000000	2.93998909e+15	3.06650403e+15	2.74127264e-03
88400	2314.20843853	442	3.25958702e-05	442.00000000	2.94072475e+15	3.06724121e+15	2.74187100e-03
88600	2319.43009887	443	3.26696165e-05	443.00000000	2.94145792e+15	3.06797592e+15	2.74246730e-03
88800	2324.67779812	444	3.27433628e-05	444.00000000	2.94218860e+15	3.06870812e+15	2.74306164e-03
89000	2329.90364901	445	3.28171091e-05	445.00000000	2.94291683e+15	3.06943785e+15	2.74365396e-03
89200	2335.17924380	446	3.28908555e-05	446.00000000	2.94364262e+15	3.07016515e+15	2.74424440e-03
89400	2340.44764187	447	3.29646018e-05	447.00000000	2.94436600e+15	3.07089002e+15	2.74483287e-03
89600	2345.70204367	448	3.30383481e-05	448.00000000	2.94508697e+15	3.07161248e+15	2.74541943e-03
89800	2350.89676090	449	3.31120944e-05	449.00000000	2.94580555e+15	3.07233254e+15	2.74600409e-03
90000	2356.12294017	450	3.31858407e-05	450.00000000	2.94652179e+15	3.07305025e+15	2.74658687e-03
90200	2361.32717118	451	3.32595870e-05	451.00000000	2.94723567e+15	3.07376561e+15	2.74716783e-03
90400	2366.59346877	452	3.33333333e-05	452.00000000	2.94794719e+15	3.07447859e+15	2.74774696e-03
90600	2371.83496790	453	3.34070796e-05	453.00000000	2.94865639e+15	3.07518925e+15	2.74832421e-03
90800	2377.10633815	454	3.34808260e-05	454.00000000	2.94936328e+15	3.07589759e+15	2.74889961e-03
91000	2382.32251435	455	3.35545723e-05	455.00000000	2.95006782e+15	3.07660357e+15	2.74947317e-03
91200	2387.54840391	456	3.36283186e-05	456.00000000	2.95077001e+15	3.07730720e+15	2.75004485e-03
91400	2392.74397835	457	3.37020649e-05	457.00000000	2.95146989e+15	3.07800851e+15	2.75061464e-03
91600	2397.98001254	458	3.37758112e-05	458.00000000	2.95216746e+15	3.07870749e+15	2.75118261e-03
91800	2403.22934216	459	3.38495575e-05	459.00000000	2.95286270e+15	3.07940415e+15	2.75174875e-03
92000	2408.43343697	460	3.39233038e-05	460.00000000	2.95355560e+15	3.08009846e+15	2.75231305e-03
92200	2413.64760199	461	3.39970501e-05	461.00000000	2.95424617e+15	3.08079044e+15	2.75287542e-03
92400	2418.89436620	462	3.40707965e-05	462.00000000	2.95493440e+15	3.08148009e+15	2.75343594e-03
92600	2424.16141590	463	3.41445428e-05	463.00000000	2.95562034e+15	3.08216742e+15	2.75399462e-03
92800	2429.43660769	464	3.42182891e-05	464.00000000	2.95630402e+15	3.08285249e+15	2.75455147e-03
93000	2434.66178287	465	3.42920354e-05	465.00000000	2.95698546e+15	3.08353530e+15	2.75510658e-03
93200	2439.91792264	466	3.43657817e-05	466.00000000	2.95766466e+15	3.08421588e+15	2.75565992e-03
93400	2445.19068419	467	3.44395280e-05	467.00000000	2.95834161e+15	3.08489421e+15	2.75621145e-03
93600	2450.44544752	468	3.45132743e-05	468.00000000	2.95901634e+15	3.08557030e+15	2.75676119e-03
93800	2455.69745488	469	3.45870206e-05	469.00000000	2.95968887e+15	3.08624419e+15	2.75730915e-03
94000	2460.96794339	470	3.46607670e-05	470.00000000	2.96035921e+15	3.08691589e+15	2.75785535e-03
94200	2466.22417568	471	3.47345133e-05	471.00000000	2.96102739e+15	3.08758541e+15	2.75839986e-03
94400	2471.48791904	472	3.48082596e-05	472.00000000	2.96169338e+15	3.08825276e+15	2.75894264e-03
94600	2476.66231449	473	3.48820059e-05	473.00000000	2.96235718e+15	3.08891789e+15	2.75948367e-03
94800	2481.93203082	474	3.49557522e-05	474.00000000	2.96301881e+15	3.08958087e+15	2.76002296e-03
95000	2487.20282436	475	3.50294985e-05	475.00000000	2.96367832e+15	3.09024169e+15	2.76056055e-03
95200	2492.38305517	476	3.51032448e-05	476.00000000	2.96433568e+15	3.09090038e+15	2.76109647e-03
95400	2497.62896103	477	3.51769912e-05	477.00000000	2.96499093e+15	3.09155696e+15	2.76163068e-03
95600	2502.86080570	478	3.52507375e-05	478.00000000	2.96564410e+15	3.09221144e+15	2.76216322e-03
95800	2508.12871464	479	3.53244838e-05	479.00000000	2.96629521e+15	3.09286387e+15	2.76269408e-03
96000	2513.40062182	480	3.53982301e-05	480.00000000	2.96694430e+15	3.09351426e+15	2.76322331e-03
96200	2518.64683235	481	3.54719764e-05	481.00000000	2.96759133e+15	3.09416260e+15	2.76375093e-03
96400	2523.91956652	482	3.55457227e-05	482.00000000	2.96823634e+15	3.09480891e+15	2.76427695e-03
96600	2529.18050865	483	3.56194690e-05	483.00000000	2.96887936e+15	3.09545322e+15	2.76480133e-03
96800	2534.39136807	484	3.56932153e-05	484.00000000	2.96952039e+15	3.09609554e+15	2.76532418e-03
97000	2539.61477605	485	3.57669617e-05	485.00000000	2.97015945e+15	3.09673588e+15	2.76584545e-03
97200	2544.80997322	486	3.58407080e-05	486.00000000	2.97079655e+15	3.09737426e+15	2.76636508e-03
97400	2550.05662111	487	3.59144543e-05	487.00000000	2.97143172e+15	3.09801071e+15	2.76688318e-03
97600	2555.28075114	488	3.59882006e-05	488.00000000	2.97206498e+15	3.09864525e+15	2.76739971e-03
97800	2560.55404594	489	3.60619469e-05	489.00000000	2.97269637e+15	3.09927790e+15	2.76791474e-03
98000	2565.76326682	490	3.61356932e-05	490.00000000	2.97332585e+15	3.09990865e+15	2.76842831e-03
98200	2571.00922544	491	3.62094395e-05	491.00000000	2.97395346e+15	3.10053752e+15	2.76894042e-03
98400	2576.22333210	492	3.62831858e-05	492.00000000	2.97457919e+15	3.10116451e+15	2.76945105e-03
98600	2581.50724813	493	3.63569322e-05	493.00000000	2.97520303e+15	3.10178961e+15	2.76996024e-03
98800	2586.75854829	494	3.64306785e-05	494.00000000	2.97582497e+15	3.10241280e+15	2.77046792e-03
99000	2591.99938278	495	3.65044248e-05	495.00000000	2.97644501e+15	3.10303409e+15	2.77097412e-03
99200	2597.23685552	496	3.65781711e-05	496.00000000	2.97706315e+15	3.10365348e+15	2.77147882e-03
99400	2602.51523861	497	3.66519174e-05	497.00000000	2.97767937e+15	3.10427095e+15	2.77198202e-03
99600	2607.77966126	498	3.67256637e-05	498.00000000	2.97829371e+15	3.10488653e+15	2.77248371e-03
99800	2612.97164040	499	3.67994100e-05	499.00000000	2.97890615e+15	3.10550022e+15	2.77298396e-03
100000	2618.20070916	500	3.68731563e-05	500.00000000	2.97951670e+15	3.10611200e+15	2.77348270e-03
100200	2623.47504936	501	3.69469027e-05	501.00000000	2.98012539e+15	3.10672194e+15	2.77397988e-03
100400	2628.69609805	502	3.70206490e-05	502.00000000	2.98073223e+15	3.10733004e+15	2.77447557e-03
100600	2633.93094533	503	3.70943953e-05	503.00000000	2.98133723e+15	3.10793634e+15	2.77496974e-03
100800	2639.18412629	504	3.71681416e-05	504.00000000	2.98194008e+15	3.10854087e+15	2.77546211e-03
101000	2644.41638065	505	3.72418879e-05	505.00000000	2.98253997e+15	3.10914358e+15	2.77595176e-03
101200	2649.64439081	506	3.73156342e-05	506.00000000	2.98313886e+15	3.10974431e+15	2.77643956e-03
101400	2654.91579934	507	3.73893805e-05	507.00000000	2.98373631e+15	3.11034319e+15	2.77692698e-03
101600	2660.16592086	508	3.74631268e-05	508.00000000	2.98433213e+15	3.11094026e+15	2.77741351e-03
101800	2665.37843853	509	3.75368732e-05	509.00000000	2.98492624e+15	3.11153556e+15	2.77789894e-03
102000	2670.57639213	510	3.76106195e-05	510.00000000	2.98551861e+15	3.11212908e+15	2.77838312e-03
102200	2675.78966411	511	3.76843658e-05	511.00000000	2.98610924e+15	3.11272084e+15	2.77886598e-03
102400	2681.02609190	512	3.77581121e-05	512.00000000	2.98669812e+15	3.11331085e+15	2.77934745e-03
102600	2686.23937296	513	3.78318584e-05	513.00000000	2.98728527e+15	3.11389912e+15	2.77982753e-03
102800	2691.45899804	514	3.79056047e-05	514.00000000	2.98787068e+15	3.11448565e+15	2.78030619e-03
103000	2696.66649716	515	3.79793510e-05	515.00000000	2.98845433e+15	3.11507042e+15	2.78078349e-03
103200	2701.86061988	516	3.80530973e-05	516.00000000	2.98903626e+15	3.11565346e+15	2.78125940e-03
103400	2707.13023425	517	3.81268437e-05	517.00000000	2.98961646e+15	3.11623477e+15	2.78173396e-03
103600	2712.37603151	518	3.82005900e-05	518.00000000	2.99019493e+15	3.11681435e+15	2.78220722e-03
103800	2717.59276214	519	3.82743363e-05	519.00000000	2.99077165e+15	3.11739217e+15	2.78267910e-03
104000	2722.77946175	520	3.83480826e-05	520.00000000	2.99134659e+15	3.11796821e+15	2.78314964e-03
104200	2727.96733024	521	3.84218289e-05	521.00000000	2.99191975e+15	3.11854248e+15	2.78361878e-03
104400	2733.22096211	522	3.84955752e-05	522.00000000	2.99249115e+15	3.11911497e+15	2.78408651e-03
104600	2738.45648893	523	3.85693215e-05	523.00000000	2.99306080e+15	3.11968572e+15	2.78455289e-03
104800	2743.72601268	524	3.86430678e-05	524.00000000	2.99362873e+15	3.12025473e+15	2.78501788e-03
105000	2748.95226805	525	3.87168142e-05	525.00000000	2.99419494e+15	3.12082204e+15	2.78548151e-03
105200	2754.15593598	526	3.87905605e-05	526.00000000	2.99475946e+15	3.12138764e+15	2.78594382e-03
105400	2759.38809299	527	3.88643068e-05	527.00000000	2.99532232e+15	3.12195158e+15	2.78640484e-03
105600	2764.65428960	528	3.89380531e-05	528.00000000	2.99588348e+15	3.12251382e+15	2.78686457e-03
105800	2769.83568280	529	3.90117994e-05	529.00000000	2.99644292e+15	3.12307435e+15	2.78732297e-03
106000	2775.03220024	530	3.90855457e-05	530.00000000	2.99700067e+15	3.12363316e+15	2.78778002e-03
106200	2780.28644594	531	3.91592920e-05	531.00000000	2.99755668e+15	3.12419025e+15	2.78823570e-03
106400	2785.47714495	532	3.92330383e-05	532.00000000	2.99811097e+15	3.12474561e+15	2.78869001e-03
106600	2790.67128030	533	3.93067847e-05	533.00000000	2.99866354e+15	3.12529924e+15	2.78914295e-03
106800	2795.90138974	534	3.93805310e-05	534.00000000	2.99921437e+15	3.12585114e+15	2.78959458e-03
107000	2801.09940835	535	3.94542773e-05	535.00000000	2.99976347e+15	3.12640131e+15	2.79004485e-03
107200	2806.34813744	536	3.95280236e-05	536.00000000	3.00031085e+15	3.12694974e+15	2.79049377e-03
107400	2811.54706709	537	3.96017699e-05	537.00000000	3.00085652e+15	3.12749647e+15	2.79094134e-03
107600	2816.81097723	538	3.96755162e-05	538.00000000	3.00140050e+15	3.12804151e+15	2.79138755e-03
107800	2822.08431125	539	3.97492625e-05	539.00000000	3.00194283e+15	3.12858489e+15	2.79183236e-03
108000	2827.31501601	540	3.98230088e-05	540.00000000	3.00248352e+15	3.12912662e+15	2.79227583e-03
108200	2832.52846048	541	3.98967552e-05	541.00000000	3.00302259e+15	3.12966673e+15	2.79271796e-03
108400	2837.80136196	542	3.99705015e-05	542.00000000	3.00356000e+15	3.13020518e+15	2.79315889e-03
108600	2843.00995640	543	4.00442478e-05	543.00000000	3.00409577e+15	3.13074199e+15	2.79359853e-03
108800	2848.28435898	544	4.01179941e-05	544.00000000	3.00462991e+15	3.13127716e+15	2.79403686e-03
109000	2853.50113638	545	4.01917404e-05	545.00000000	3.00516241e+15	3.13181069e+15	2.79447389e-03
109200	2858.72042634	546	4.02654867e-05	546.00000000	3.00569329e+15	3.13234260e+15	2.79490960e-03
109400	2863.99100704	547	4.03392330e-05	547.00000000	3.00622258e+15	3.13287291e+15	2.79534406e-03
109600	2869.22917214	548	4.04129794e-05	548.00000000	3.00675028e+15	3.13340163e+15	2.79577728e-03
109800	2874.44609998	549	4.04867257e-05	549.00000000	3.00727639e+15	3.13392875e+15	2.79620923e-03
110000	2879.63512174	550	4.05604720e-05	550.00000000	3.00780090e+15	3.13445429e+15	2.79663992e-03
110200	2884.83303070	551	4.06342183e-05	551.00000000	3.00832386e+15	3.13497825e+15	2.79706939e-03
110400	2890.05692326	552	4.07079646e-05	552.00000000	3.00884528e+15	3.13550068e+15	2.79749762e-03
110600	2895.30618197	553	4.07817109e-05	553.00000000	3.00936516e+15	3.13602157e+15	2.79792461e-03
110800	2900.50918575	554	4.08554572e-05	554.00000000	3.00988354e+15	3.13654094e+15	2.79835037e-03
111000	2905.77218563	555	4.09292035e-05	555.00000000	3.01040042e+15	3.13705882e+15	2.79877490e-03
111200	2910.97039639	556	4.10029499e-05	556.00000000	3.01091582e+15	3.13757523e+15	2.79919824e-03
111400	2916.16976521	557	4.10766962e-05	557.00000000	3.01142976e+15	3.13809015e+15	2.79962045e-03
111600	2921.39671472	558	4.11504425e-05	558.00000000	3.01194222e+15	3.13860360e+15	2.80004153e-03
111800	2926.65950801	559	4.12241888e-05	559.00000000	3.01245320e+15	3.13911557e+15	2.80046147e-03
112000	2931.85002813	560	4.12979351e-05	560.00000000	3.01296271e+15	3.13962607e+15	2.80088026e-03
112200	2937.03135305	561	4.13716814e-05	561.00000000	3.01347077e+15	3.14013513e+15	2.80129785e-03
112400	2942.22671477	562	4.14454277e-05	562.00000000	3.01397742e+15	3.14064276e+15	2.80171433e-03
112600	2947.49938963	563	4.15191740e-05	563.00000000	3.01448266e+15	3.14114897e+15	2.80212968e-03
112800	2952.68148734	564	4.15929204e-05	564.00000000	3.01498652e+15	3.14165381e+15	2.80254392e-03
113000	2957.86863488	565	4.16666667e-05	565.00000000	3.01548902e+15	3.14215728e+15	2.80295709e-03
113200	2963.07363078	566	4.17404130e-05	566.00000000	3.01599015e+15	3.14265939e+15	2.80336913e-03
113400	2968.29717743	567	4.18141593e-05	567.00000000	3.01648994e+15	3.14316014e+15	2.80378005e-03
113600	2973.54924521	568	4.18879056e-05	568.00000000	3.01698839e+15	3.14365956e+15	2.80418984e-03
113800	2978.80735174	569	4.19616519e-05	569.00000000	3.01748552e+15	3.14415765e+15	2.80459864e-03
114000	2984.02902870	570	4.20353982e-05	570.00000000	3.01798132e+15	3.14465441e+15	2.80500642e-03
114200	2989.24700715	571	4.21091445e-05	571.00000000	3.01847580e+15	3.14514986e+15	2.80541314e-03
114400	2994.49118841	572	4.21828909e-05	572.00000000	3.01896896e+15	3.14564398e+15	2.80581883e-03
114600	2999.67924643	573	4.22566372e-05	573.00000000	3.01946082e+15	3.14613678e+15	2.80622346e-03
114800	3004.92593836	574	4.23303835e-05	574.00000000	3.01995136e+15	3.14662828e+15	2.80662707e-03
115000	3010.17819016	575	4.24041298e-05	575.00000000	3.02044059e+15	3.14711845e+15	2.80702965e-03
115200	3015.37142781	576	4.24778761e-05	576.00000000	3.02092850e+15	3.14760730e+15	2.80743119e-03
115400	3020.57461310	577	4.25516224e-05	577.00000000	3.02141509e+15	3.14809484e+15	2.80783174e-03
115600	3025.83231654	578	4.26253687e-05	578.00000000	3.02190039e+15	3.14858107e+15	2.80823127e-03
115800	3031.08502653	579	4.26991150e-05	579.00000000	3.02238439e+15	3.14906602e+15	2.80862979e-03
116000	3036.34807577	580	4.27728614e-05	580.00000000	3.02286711e+15	3.14954967e+15	2.80902730e-03
116200	3041.53402430	581	4.28466077e-05	581.00000000	3.02334857e+15	3.15003206e+15	2.80942377e-03
116400	3046.73619848	582	4.29203540e-05	582.00000000	3.02382875e+15	3.15051317e+15	2.80981924e-03
116600	3051.93749896	583	4.29941003e-05	583.00000000	3.02430768e+15	3.15099302e+15	2.81021369e-03
116800	3057.15525196	584	4.30678466e-05	584.00000000	3.02478534e+15	3.15147161e+15	2.81060713e-03
117000	3062.34223251	585	4.31415929e-05	585.00000000	3.02526176e+15	3.15194895e+15	2.81099957e-03
117200	3067.52961722	586	4.32153392e-05	586.00000000	3.02573693e+15	3.15242504e+15	2.81139108e-03
117400	3072.74966912	587	4.32890855e-05	587.00000000	3.02621087e+15	3.15289990e+15	2.81178159e-03
117600	3078.02511544	588	4.33628319e-05	588.00000000	3.02668357e+15	3.15337351e+15	2.81217113e-03
117800	3083.27355826	589	4.34365782e-05	589.00000000	3.02715506e+15	3.15384592e+15	2.81255968e-03
118000	3088.54488149	590	4.35103245e-05	590.00000000	3.02762534e+15	3.15431710e+15	2.81294733e-03
118200	3093.77230515	591	4.35840708e-05	591.00000000	3.02809440e+15	3.15478707e+15	2.81333402e-03
118400	3098.96837504	592	4.36578171e-05	592.00000000	3.02856225e+15	3.15525582e+15	2.81371973e-03
118600	3104.20057992	593	4.37315634e-05	593.00000000	3.02902886e+15	3.15572334e+15	2.81410448e-03
118800	3109.47228881	594	4.38053097e-05	594.00000000	3.02949427e+15	3.15618965e+15	2.81448828e-03
119000	3114.73674749	595	4.38790560e-05	595.00000000	3.02995848e+15	3.15665476e+15	2.81487111e-03
119200	3119.95117991	596	4.39528024e-05	596.00000000	3.03042149e+15	3.15711867e+15	2.81525300e-03
119400	3125.17842422	597	4.40265487e-05	597.00000000	3.03088331e+15	3.15758139e+15	2.81563398e-03
119600	3130.44545158	598	4.41002950e-05	598.00000000	3.03134393e+15	3.15804290e+15	2.81601402e-03
119800	3135.68239148	599	4.41740413e-05	599.00000000	3.03180336e+15	3.15850321e+15	2.81639315e-03
120000	3140.92009481	600	4.42477876e-05	600.00000000	3.03226159e+15	3.15896233e+15	2.81677130e-03
120200	3146.19229619	601	4.43215339e-05	601.00000000	3.03271863e+15	3.15942026e+15	2.81714844e-03
120400	3151.46174806	602	4.43952802e-05	602.00000000	3.03317448e+15	3.15987699e+15	2.81752472e-03
120600	3156.68615557	603	4.44690265e-05	603.00000000	3.03362915e+15	3.16033255e+15	2.81790009e-03
120800	3161.90334991	604	4.45427729e-05	604.00000000	3.03408265e+15	3.16078693e+15	2.81827451e-03
121000	3167.16973667	605	4.46165192e-05	605.00000000	3.03453498e+15	3.16124013e+15	2.81864805e-03
121200	3172.41204600	606	4.46902655e-05	606.00000000	3.03498611e+15	3.16169214e+15	2.81902062e-03
121400	3177.68255059	607	4.47640118e-05	607.00000000	3.03543603e+15	3.16214293e+15	2.81939229e-03
121600	3182.88309555	608	4.48377581e-05	608.00000000	3.03588478e+15	3.16259255e+15	2.81976300e-03
121800	3188.13412588	609	4.49115044e-05	609.00000000	3.03633234e+15	3.16304098e+15	2.82013278e-03
122000	3193.40591942	610	4.49852507e-05	610.00000000	3.03677874e+15	3.16348824e+15	2.82050166e-03
122200	3198.67821944	611	4.50589971e-05	611.00000000	3.03722397e+15	3.16393433e+15	2.82086960e-03
122400	3203.95047609	612	4.51327434e-05	612.00000000	3.03766803e+15	3.16437926e+15	2.82123663e-03
122600	3209.20289432	613	4.52064897e-05	613.00000000	3.03811093e+15	3.16482302e+15	2.82160275e-03
122800	3214.46494110	614	4.52802360e-05	614.00000000	3.03855267e+15	3.16526560e+15	2.82196797e-03
123000	3219.73507109	615	4.53539823e-05	615.00000000	3.03899324e+15	3.16570703e+15	2.82233229e-03
123200	3225.00763091	616	4.54277286e-05	616.00000000	3.03943264e+15	3.16614728e+15	2.82269572e-03
123400	3230.27864650	617	4.55014749e-05	617.00000000	3.03987087e+15	3.16658636e+15	2.82305825e-03
123600	3235.54909742	618	4.55752212e-05	618.00000000	3.04030792e+15	3.16702426e+15	2.82341987e-03
123800	3240.81327259	619	4.56489676e-05	619.00000000	3.04074380e+15	3.16746098e+15	2.82378062e-03
124000	3246.07386870	620	4.57227139e-05	620.00000000	3.04117852e+15	3.16789654e+15	2.82414042e-03
124200	3251.34249942	621	4.57964602e-05	621.00000000	3.04161208e+15	3.16833093e+15	2.82449934e-03
124400	3256.59326144	622	4.58702065e-05	622.00000000	3.04204446e+15	3.16876415e+15	2.82485735e-03
124600	3261.83420096	623	4.59439528e-05	623.00000000	3.04247567e+15	3.16919620e+15	2.82521446e-03
124800	3267.09837277	624	4.60176991e-05	624.00000000	3.04290574e+15	3.16962710e+15	2.82557067e-03
125000	3272.34747342	625	4.60914454e-05	625.00000000	3.04333465e+15	3.17005686e+15	2.82592600e-03
125200	3277.56297455	626	4.61651917e-05	626.00000000	3.04376243e+15	3.17048547e+15	2.82628042e-03
125400	3282.82436693	627	4.62389381e-05	627.00000000	3.04418908e+15	3.17091296e+15	2.82663391e-03
125600	3288.06006030	628	4.63126844e-05	628.00000000	3.04461460e+15	3.17133932e+15	2.82698651e-03
125800	3293.25136678	629	4.63864307e-05	629.00000000	3.04503902e+15	3.17176456e+15	2.82733822e-03
126000	3298.46214471	630	4.64601770e-05	630.00000000	3.04546232e+15	3.17218869e+15	2.82768903e-03
126200	3303.65076585	631	4.65339233e-05	631.00000000	3.04588451e+15	3.17261172e+15	2.82803896e-03
126400	3308.90679330	632	4.66076696e-05	632.00000000	3.04630561e+15	3.17303363e+15	2.82838802e-03
126600	3314.13875659	633	4.66814159e-05	633.00000000	3.04672559e+15	3.17345444e+15	2.82873622e-03
126800	3319.32650624	634	4.67551622e-05	634.00000000	3.04714446e+15	3.17387414e+15	2.82908356e-03
127000	3324.51982685	635	4.68289086e-05	635.00000000	3.04756222e+15	3.17429272e+15	2.82943002e-03
127200	3329.72505556	636	4.69026549e-05	636.00000000	3.04797889e+15	3.17471021e+15	2.82977559e-03
127400	3334.93289036	637	4.69764012e-05	637.00000000	3.04839448e+15	3.17512662e+15	2.83012027e-03
127600	3340.14468525	638	4.70501475e-05	638.00000000	3.04880899e+15	3.17554195e+15	2.83046409e-03
127800	3345.36306446	639	4.71238938e-05	639.00000000	3.04922243e+15	3.17595621e+15	2.83080707e-03
128000	3350.55834649	640	4.71976401e-05	640.00000000	3.04963480e+15	3.17636939e+15	2.83114922e-03
128200	3355.79867485	641	4.72713864e-05	641.00000000	3.05004609e+15	3.17678149e+15	2.83149051e-03
128400	3361.04602736	642	4.73451327e-05	642.00000000	3.05045631e+15	3.17719252e+15	2.83183096e-03
128600	3366.26050849	643	4.74188791e-05	643.00000000	3.05086545e+15	3.17760247e+15	2.83217057e-03
128800	3371.45401387	644	4.74926254e-05	644.00000000	3.05127353e+15	3.17801136e+15	2.83250932e-03
129000	3376.70284263	645	4.75663717e-05	645.00000000	3.05168057e+15	3.17841920e+15	2.83284722e-03
129200	3381.94749869	646	4.76401180e-05	646.00000000	3.05208656e+15	3.17882600e+15	2.83318428e-03
129400	3387.17748031	647	4.77138643e-05	647.00000000	3.05249151e+15	3.17923175e+15	2.83352052e-03
129600	3392.43614244	648	4.77876106e-05	648.00000000	3.05289539e+15	3.17963645e+15	2.83385591e-03
129800	3397.63418564	649	4.78613569e-05	649.00000000	3.05329824e+15	3.18004010e+15	2.83419044e-03
130000	3402.90098338	650	4.79351032e-05	650.00000000	3.05370006e+15	3.18044271e+15	2.83452412e-03
130200	3408.10246377	651	4.80088496e-05	651.00000000	3.05410083e+15	3.18084428e+15	2.83485696e-03
130400	3413.36390007	652	4.80825959e-05	652.00000000	3.05450055e+15	3.18124480e+15	2.83518899e-03
130600	3418.58003956	653	4.81563422e-05	653.00000000	3.05489924e+15	3.18164428e+15	2.83552014e-03
130800	3423.81246284	654	4.82300885e-05	654.00000000	3.05529688e+15	3.18204271e+15	2.83585046e-03
131000	3429.03247343	655	4.83038348e-05	655.00000000	3.05569348e+15	3.18244010e+15	2.83617994e-03
131200	3434.22893512	656	4.83775811e-05	656.00000000	3.05608907e+15	3.18283647e+15	2.83650858e-03
131400	3439.48435333	657	4.84513274e-05	657.00000000	3.05648365e+15	3.18323184e+15	2.83683640e-03
131600	3444.68024433	658	4.85250737e-05	658.00000000	3.05687722e+15	3.18362619e+15	2.83716343e-03
131800	3449.89060041	659	4.85988201e-05	659.00000000	3.05726978e+15	3.18401953e+15	2.83748963e-03
132000	3455.07584888	660	4.86725664e-05	660.00000000	3.05766133e+15	3.18441187e+15	2.83781503e-03
132200	3460.30097485	661	4.87463127e-05	661.00000000	3.05805189e+15	3.18480320e+15	2.83813960e-03
132400	3465.55934331	662	4.88200590e-05	662.00000000	3.05844144e+15	3.18519354e+15	2.83846338e-03
132600	3470.78153865	663	4.88938053e-05	663.00000000	3.05883002e+15	3.18558290e+15	2.83878636e-03
132800	3476.04465222	664	4.89675516e-05	664.00000000	3.05921763e+15	3.18597129e+15	2.83910857e-03
133000	3481.30815420	665	4.90412979e-05	665.00000000	3.05960426e+15	3.18635870e+15	2.83942998e-03
133200	3486.58070914	666	4.91150442e-05	666.00000000	3.05998995e+15	3.18674516e+15	2.83975062e-03
133400	3491.83418538	667	4.91887906e-05	667.00000000	3.06037469e+15	3.18713068e+15	2.84007051e-03
133600	3497.06208712	668	4.92625369e-05	668.00000000	3.06075848e+15	3.18751525e+15	2.84038967e-03
133800	3502.31055315	669	4.93362832e-05	669.00000000	3.06114133e+15	3.18789888e+15	2.84070807e-03
134000	3507.56052681	670	4.94100295e-05	670.00000000	3.06152322e+15	3.18828155e+15	2.84102571e-03
134200	3512.80395189	671	4.94837758e-05	671.00000000	3.06190416e+15	3.18866327e+15	2.84134257e-03
134400	3518.03596544	672	4.95575221e-05	672.00000000	3.06228415e+15	3.18904403e+15	2.84165866e-03
134600	3523.22863724	673	4.96312684e-05	673.00000000	3.06266319e+15	3.18942385e+15	2.84197398e-03
134800	3528.50115650	674	4.97050147e-05	674.00000000	3.06304129e+15	3.18980272e+15	2.84228853e-03
135000	3533.76776658	675	4.97787611e-05	675.00000000	3.06341844e+15	3.19018064e+15	2.84260230e-03
135200	3539.03816565	676	4.98525074e-05	676.00000000	3.06379462e+15	3.19055760e+15	2.84291529e-03
135400	3544.25527740	677	4.99262537e-05	677.00000000	3.06416985e+15	3.19093359e+15	2.84322751e-03
135600	3549.47999654	678	5.00000000e-05	678.00000000	3.06454412e+15	3.19130863e+15	2.84353896e-03
135800	3554.68848013	679	5.00737463e-05	679.00000000	3.06491745e+15	3.19168273e+15	2.84384964e-03
136000	3559.89054634	680	5.01474926e-05	680.00000000	3.06528983e+15	3.19205587e+15	2.84415956e-03
136200	3565.16340166	681	5.02212389e-05	681.00000000	3.06566128e+15	3.19242809e+15	2.84446873e-03
136400	3570.37556988	682	5.02949853e-05	682.00000000	3.06603178e+15	3.19279936e+15	2.84477714e-03
136600	3575.64557212	683	5.03687316e-05	683.00000000	3.06640136e+15	3.19316969e+15	2.84508480e-03
136800	3580.86952444	684	5.04424779e-05	684.00000000	3.06677001e+15	3.19353910e+15	2.84539170e-03
137000	3586.10823695	685	5.05162242e-05	685.00000000	3.06713773e+15	3.19390759e+15	2.84569784e-03
137200	3591.34583348	686	5.05899705e-05	686.00000000	3.06750453e+15	3.19427515e+15	2.84600323e-03
137400	3596.55952751	687	5.06637168e-05	687.00000000	3.06787042e+15	3.19464179e+15	2.84630787e-03
137600	3601.74893894	688	5.07374631e-05	688.00000000	3.06823537e+15	3.19500750e+15	2.84661174e-03
137800	3606.98480521	689	5.08112094e-05	689.00000000	3.06859942e+15	3.19537229e+15	2.84691490e-03
138000	3612.25332987	690	5.08849558e-05	690.00000000	3.06896253e+15	3.19573615e+15	2.84721734e-03
138200	3617.51758904	691	5.09587021e-05	691.00000000	3.06932471e+15	3.19609908e+15	2.84751903e-03
138400	3622.75126527	692	5.10324484e-05	692.00000000	3.06968596e+15	3.19646108e+15	2.84781996e-03
138600	3628.01951505	693	5.11061947e-05	693.00000000	3.07004629e+15	3.19682216e+15	2.84812015e-03
138800	3633.26942279	694	5.11799410e-05	694.00000000	3.07040569e+15	3.19718231e+15	2.84841952e-03
139000	3638.45368090	695	5.12536873e-05	695.00000000	3.07076415e+15	3.19754152e+15	2.84871819e-03
139200	3643.69101692	696	5.13274336e-05	696.00000000	3.07112168e+15	3.19789981e+15	2.84901610e-03
139400	3648.87601335	697	5.14011799e-05	697.00000000	3.07147830e+15	3.19825719e+15	2.84931327e-03
139600	3654.10728868	698	5.14749263e-05	698.00000000	3.07183400e+15	3.19861364e+15	2.84960973e-03
139800	3659.33268160	699	5.15486726e-05	699.00000000	3.07218877e+15	3.19896916e+15	2.84990540e-03
140000	3664.54336881	700	5.16224189e-05	700.00000000	3.07254262e+15	3.19932376e+15	2.85020036e-03
140200	3669.75932976	701	5.16961652e-05	701.00000000	3.07289555e+15	3.19967743e+15	2.85049459e-03
140400	3674.94551739	702	5.17699115e-05	702.00000000	3.07324755e+15	3.20003019e+15	2.85078807e-03
140600	3680.15726691	703	5.18436578e-05	703.00000000	3.07359865e+15	3.20038203e+15	2.85108080e-03
140800	3685.38918602	704	5.19174041e-05	704.00000000	3.07394883e+15	3.20073295e+15	2.85137279e-03
141000	3690.62037833	705	5.19911504e-05	705.00000000	3.07429808e+15	3.20108295e+15	2.85166402e-03
141200	3695.88649921	706	5.20648968e-05	706.00000000	3.07464642e+15	3.20143204e+15	2.85195450e-03
141400	3701.15624767	707	5.21386431e-05	707.00000000	3.07499585e+15	3.20178015e+15	2.85224611e-03
141600	3706.40987211	708	5.22123894e-05	708.00000000	3.07534343e+15	3.20212763e+15	2.85253759e-03
141800	3711.64460158	709	5.22861357e-05	709.00000000	3.07568979e+15	3.20247434e+15	2.85282726e-03
142000	3716.89964992	710	5.23598820e-05	710.00000000	3.07603509e+15	3.20282021e+15	2.85311568e-03
142200	3722.12943082	711	5.24336283e-05	711.00000000	3.07637942e+15	3.20316521e+15	2.85340313e-03
142400	3727.36734236	712	5.25073746e-05	712.00000000	3.07672282e+15	3.20350932e+15	2.85368973e-03
142600	3732.57705586	713	5.25811209e-05	713.00000000	3.07706532e+15	3.20385255e+15	2.85397555e-03
142800	3737.84244567	714	5.26548673e-05	714.00000000	3.07740692e+15	3.20419489e+15	2.85426061e-03
143000	3743.05297723	715	5.27286136e-05	715.00000000	3.07774763e+15	3.20453636e+15	2.85454492e-03
143200	3748.24993506	716	5.28023599e-05	716.00000000	3.07808746e+15	3.20487695e+15	2.85482847e-03
143400	3753.44498368	717	5.28761062e-05	717.00000000	3.07842642e+15	3.20521666e+15	2.85511129e-03
143600	3758.71551887	718	5.29498525e-05	718.00000000	3.07876452e+15	3.20555550e+15	2.85539342e-03
143800	3763.93244405	719	5.30235988e-05	719.00000000	3.07910179e+15	3.20589350e+15	2.85567498e-03
144000	3769.20425238	720	5.30973451e-05	720.00000000	3.07943821e+15	3.20623065e+15	2.85595594e-03
144200	3774.47101076	721	5.31710914e-05	721.00000000	3.07977379e+15	3.20656696e+15	2.85623624e-03
144400	3779.74008343	722	5.32448378e-05	722.00000000	3.08010851e+15	3.20690243e+15	2.85651585e-03
144600	3784.99274130	723	5.33185841e-05	723.00000000	3.08044238e+15	3.20723706e+15	2.85679477e-03
144800	3790.23005298	724	5.33923304e-05	724.00000000	3.08077543e+15	3.20757085e+15	2.85707301e-03
145000	3795.50099817	725	5.34660767e-05	725.00000000	3.08110764e+15	3.20790382e+15	2.85735057e-03
145200	3800.71435019	726	5.35398230e-05	726.00000000	3.08143903e+15	3.20823597e+15	2.85762747e-03
145400	3805.93891437	727	5.36135693e-05	727.00000000	3.08176959e+15	3.20856729e+15	2.85790368e-03
145600	3811.20112366	728	5.36873156e-05	728.00000000	3.08209931e+15	3.20889777e+15	2.85817923e-03
145800	3816.45263896	729	5.37610619e-05	729.00000000	3.08242819e+15	3.20922742e+15	2.85845412e-03
146000	3821.71230124	730	5.38348083e-05	730.00000000	3.08275624e+15	3.20955624e+15	2.85872829e-03
146200	3826.97255708	731	5.39085546e-05	731.00000000	3.08308340e+15	3.20988418e+15	2.85900165e-03
146400	3832.17731691	732	5.39823009e-05	732.00000000	3.08340969e+15	3.21021125e+15	2.85927423e-03
146600	3837.43405656	733	5.40560472e-05	733.00000000	3.08373511e+15	3.21053745e+15	2.85954604e-03
146800	3842.70592793	734	5.41297935e-05	734.00000000	3.08405967e+15	3.21086278e+15	2.85981710e-03
147000	3847.89071561	735	5.42035398e-05	735.00000000	3.08438335e+15	3.21118722e+15	2.86008743e-03
147200	3853.16489882	736	5.42772861e-05	736.00000000	3.08470615e+15	3.21151078e+15	2.86035702e-03
147400	3858.42075001	737	5.43510324e-05	737.00000000	3.08502808e+15	3.21183347e+15	2.86062589e-03
147600	3863.61178260	738	5.44247788e-05	738.00000000	3.08534915e+15	3.21215528e+15	2.86089403e-03
147800	3868.87980727	739	5.44985251e-05	739.00000000	3.08566936e+15	3.21247622e+15	2.86116146e-03
148000	3874.08127607	740	5.45722714e-05	740.00000000	3.08598869e+15	3.21279629e+15	2.86142816e-03
148200	3879.34133058	741	5.46460177e-05	741.00000000	3.08630716e+15	3.21311549e+15	2.86169413e-03
148400	3884.58326898	742	5.47197640e-05	742.00000000	3.08662476e+15	3.21343382e+15	2.86195938e-03
148600	3889.76797019	743	5.47935103e-05	743.00000000	3.08694150e+15	3.21375128e+15	2.86222394e-03
148800	3894.96185647	744	5.48672566e-05	744.00000000	3.08725739e+15	3.21406789e+15	2.86248781e-03
149000	3900.21023957	745	5.49410029e-05	745.00000000	3.08757243e+15	3.21438365e+15	2.86275097e-03
149200	3905.44899885	746	5.50147493e-05	746.00000000	3.08788662e+15	3.21469855e+15	2.86301345e-03
149400	3910.69131848	747	5.50884956e-05	747.00000000	3.08819997e+15	3.21501261e+15	2.86327523e-03
149600	3915.96151284	748	5.51622419e-05	748.00000000	3.08851247e+15	3.21532582e+15	2.86353631e-03
149800	3921.16902907	749	5.52359882e-05	749.00000000	3.08882414e+15	3.21563820e+15	2.86379671e-03
150000	3926.43682596	750	5.53097345e-05	750.00000000	3.08913496e+15	3.21594973e+15	2.86405642e-03
150200	3931.70319870	751	5.53834808e-05	751.00000000	3.08944495e+15	3.21626042e+15	2.86431544e-03
150400	3936.91036549	752	5.54572271e-05	752.00000000	3.08975410e+15	3.21657027e+15	2.86457376e-03
150600	3942.12032486	753	5.55309735e-05	753.00000000	3.09006244e+15	3.21687929e+15	2.86483141e-03
150800	3947.31985110	754	5.56047198e-05	754.00000000	3.09036994e+15	3.21718749e+15	2.86508836e-03
151000	3952.57701670	755	5.56784661e-05	755.00000000	3.09067664e+15	3.21749487e+15	2.86534463e-03
151200	3957.84957308	756	5.57522124e-05	756.00000000	3.09098251e+15	3.21780144e+15	2.86560022e-03
151400	3963.09867082	757	5.58259587e-05	757.00000000	3.09128759e+15	3.21810720e+15	2.86585513e-03
151600	3968.34486718	758	5.58997050e-05	758.00000000	3.09159186e+15	3.21841216e+15	2.86610936e-03
151800	3973.53764830	759	5.59734513e-05	759.00000000	3.09189535e+15	3.21871632e+15	2.86636295e-03
152000	3978.77463519	760	5.60471976e-05	760.00000000	3.09219803e+15	3.21901969e+15	2.86661598e-03
152200	3984.00642340	761	5.61209440e-05	761.00000000	3.09249992e+15	3.21932225e+15	2.86686809e-03
152400	3989.25753923	762	5.61946903e-05	762.00000000	3.09280101e+15	3.21962401e+15	2.86711969e-03
152600	3994.46220148	763	5.62684366e-05	763.00000000	3.09310131e+15	3.21992499e+15	2.86737066e-03
152800	3999.68520135	764	5.63421829e-05	764.00000000	3.09340083e+15	3.22022517e+15	2.86762094e-03
153000	4004.92060143	765	5.64159292e-05	765.00000000	3.09369955e+15	3.22052457e+15	2.86787057e-03
153200	4010.12250108	766	5.64896755e-05	766.00000000	3.09399750e+15	3.22082318e+15	2.86811955e-03
153400	4015.39199942	767	5.65634218e-05	767.00000000	3.09429466e+15	3.22112101e+15	2.86836789e-03
153600	4020.67666046	768	5.66371681e-05	768.00000000	3.09459105e+15	3.22141805e+15	2.86861558e-03
153800	4025.92346575	769	5.67109145e-05	769.00000000	3.09488665e+15	3.22171432e+15	2.86886264e-03
154000	4031.15904229	770	5.67846608e-05	770.00000000	3.09518148e+15	3.22200980e+15	2.86910905e-03
154200	4036.35905635	771	5.68584071e-05	771.00000000	3.09547553e+15	3.22230450e+15	2.86935483e-03
154400	4041.60515698	772	5.69321534e-05	772.00000000	3.09576880e+15	3.22259843e+15	2.86959998e-03
154600	4046.85864538	773	5.70058997e-05	773.00000000	3.09606128e+15	3.22289157e+15	2.86984449e-03
154800	4052.06219949	774	5.70796460e-05	774.00000000	3.09635300e+15	3.22318392e+15	2.87008837e-03
155000	4057.28633958	775	5.71533923e-05	775.00000000	3.09664393e+15	3.22347550e+15	2.87033161e-03
155200	4062.54745073	776	5.72271386e-05	776.00000000	3.09693410e+15	3.22376631e+15	2.87057419e-03
155400	4067.79540446	777	5.73008850e-05	777.00000000	3.09722349e+15	3.22405635e+15	2.87081614e-03
155600	4073.06271990	778	5.73746313e-05	778.00000000	3.09751213e+15	3.22434563e+15	2.87105745e-03
155800	4078.30399984	779	5.74483776e-05	779.00000000	3.09780001e+15	3.22463414e+15	2.87129813e-03
156000	4083.48829546	780	5.75221239e-05	780.00000000	3.09808714e+15	3.22492191e+15	2.87153817e-03
156200	4088.75105079	781	5.75958702e-05	781.00000000	3.09837354e+15	3.22520894e+15	2.87177761e-03
156400	4093.98525477	782	5.76696165e-05	782.00000000	3.09865921e+15	3.22549524e+15	2.87201647e-03
156600	4099.21524379	783	5.77433628e-05	783.00000000	3.09894415e+15	3.22578081e+15	2.87225478e-03
156800	4104.39986194	784	5.78171091e-05	784.00000000	3.09923004e+15	3.22606689e+15	2.87249705e-03
157000	4109.67117417	785	5.78908555e-05	785.00000000	3.09951489e+15	3.22635241e+15	2.87273667e-03
157200	4114.95396081	786	5.79646018e-05	786.00000000	3.09979887e+15	3.22663721e+15	2.87297507e-03
157400	4120.14024139	787	5.80383481e-05	787.00000000	3.10008204e+15	3.22692122e+15	2.87321255e-03
157600	4125.32568523	788	5.81120944e-05	788.00000000	3.10036443e+15	3.22720444e+15	2.87344925e-03
157800	4130.52757100	789	5.81858407e-05	789.00000000	3.10064605e+15	3.22748686e+15	2.87368522e-03
158000	4135.76467194	790	5.82595870e-05	790.00000000	3.10092690e+15	3.22776847e+15	2.87392051e-03
158200	4141.02559042	791	5.83333333e-05	791.00000000	3.10120700e+15	3.22804931e+15	2.87415512e-03
158400	4146.29607202	792	5.84070796e-05	792.00000000	3.10148633e+15	3.22832936e+15	2.87438905e-03
158600	4151.54141821	793	5.84808260e-05	793.00000000	3.10176491e+15	3.22860866e+15	2.87462232e-03
158800	4156.75430499	794	5.85545723e-05	794.00000000	3.10204276e+15	3.22888720e+15	2.87485493e-03
159000	4161.99026595	795	5.86283186e-05	795.00000000	3.10231986e+15	3.22916500e+15	2.87508692e-03
159200	4167.19549005	796	5.87020649e-05	796.00000000	3.10259624e+15	3.22944206e+15	2.87531827e-03
159400	4172.39819069	797	5.87758112e-05	797.00000000	3.10287189e+15	3.22971839e+15	2.87554900e-03
159600	4177.64962023	798	5.88495575e-05	798.00000000	3.10314682e+15	3.22999400e+15	2.87577912e-03
159800	4182.84157269	799	5.89233038e-05	799.00000000	3.10342104e+15	3.23026888e+15	2.87600864e-03
160000	4188.03350440	800	5.89970501e-05	800.00000000	3.10369455e+15	3.23054305e+15	2.87623757e-03
160200	4193.28020958	801	5.90707965e-05	801.00000000	3.10396735e+15	3.23081651e+15	2.87646591e-03
160400	4198.47701445	802	5.91445428e-05	802.00000000	3.10423945e+15	3.23108926e+15	2.87669365e-03
160600	4203.70379982	803	5.92182891e-05	803.00000000	3.10451084e+15	3.23136131e+15	2.87692081e-03
160800	4208.93233488	804	5.92920354e-05	804.00000000	3.10478152e+15	3.23163263e+15	2.87714739e-03
161000	4214.18059444	805	5.93657817e-05	805.00000000	3.10505149e+15	3.23190324e+15	2.87737337e-03
161200	4219.43315422	806	5.94395280e-05	806.00000000	3.10532075e+15	3.23217314e+15	2.87759876e-03
161400	4224.61602246	807	5.95132743e-05	807.00000000	3.10558930e+15	3.23244234e+15	2.87782356e-03
161600	4229.79897741	808	5.95870206e-05	808.00000000	3.10585715e+15	3.23271082e+15	2.87804777e-03
161800	4235.05596966	809	5.96607670e-05	809.00000000	3.10612429e+15	3.23297859e+15	2.87827139e-03
162000	4240.27068377	810	5.97345133e-05	810.00000000	3.10639074e+15	3.23324566e+15	2.87849444e-03
162200	4245.46593860	811	5.98082596e-05	811.00000000	3.10665648e+15	3.23351203e+15	2.87871690e-03
162400	4250.68378353	812	5.98820059e-05	812.00000000	3.10692153e+15	3.23377769e+15	2.87893878e-03
162600	4255.89384864	813	5.99557522e-05	813.00000000	3.10718588e+15	3.23404267e+15	2.87916008e-03
162800	4261.08877011	814	6.00294985e-05	814.00000000	3.10744954e+15	3.23430695e+15	2.87938080e-03
163000	4266.28433847	815	6.01032448e-05	815.00000000	3.10771253e+15	3.23457054e+15	2.87960102e-03
163200	4271.46404540	816	6.01769912e-05	816.00000000	3.10797486e+15	3.23483347e+15	2.87982075e-03
163400	4276.67773823	817	6.02507375e-05	817.00000000	3.10823652e+15	3.23509574e+15	2.88003996e-03
163600	4281.89165054	818	6.03244838e-05	818.00000000	3.10849754e+15	3.23535736e+15	2.88025867e-03
163800	4287.07814265	819	6.03982301e-05	819.00000000	3.10875788e+15	3.23561831e+15	2.88047683e-03
164000	4292.30380830	820	6.04719764e-05	820.00000000	3.10901755e+15	3.23587859e+15	2.88069446e-03
164200	4297.56636219	821	6.05457227e-05	821.00000000	3.10927657e+15	3.23613822e+15	2.88091152e-03
164400	4302.75184402	822	6.06194690e-05	822.00000000	3.10953492e+15	3.23639719e+15	2.88112808e-03
164600	4307.94406763	823	6.06932153e-05	823.00000000	3.10979261e+15	3.23665550e+15	2.88134410e-03
164800	4313.19169441	824	6.07669617e-05	824.00000000	3.11004962e+15	3.23691313e+15	2.88155957e-03
165000	4318.43368604	825	6.08407080e-05	825.00000000	3.11030595e+15	3.23717008e+15	2.88177450e-03
165200	4323.66280946	826	6.09144543e-05	826.00000000	3.11056161e+15	3.23742636e+15	2.88198888e-03
165400	4328.86277062	827	6.09882006e-05	827.00000000	3.11081660e+15	3.23768197e+15	2.88220269e-03
165600	4334.12669065	828	6.10619469e-05	828.00000000	3.11107092e+15	3.23793690e+15	2.88241597e-03
165800	4339.31197830	829	6.11356932e-05	829.00000000	3.11132457e+15	3.23819117e+15	2.88262868e-03
166000	4344.49678886	830	6.12094395e-05	830.00000000	3.11157755e+15	3.23844477e+15	2.88284084e-03
166200	4349.69705413	831	6.12831858e-05	831.00000000	3.11182987e+15	3.23869771e+15	2.88305245e-03
166400	4354.89494195	832	6.13569322e-05	832.00000000	3.11208151e+15	3.23894998e+15	2.88326343e-03
166600	4360.15096813	833	6.14306785e-05	833.00000000	3.11233246e+15	3.23920156e+15	2.88347378e-03
166800	4365.39839285	834	6.15044248e-05	834.00000000	3.11258279e+15	3.23945249e+15	2.88368381e-03
167000	4370.66997497	835	6.15781711e-05	835.00000000	3.11283282e+15	3.23970303e+15	2.88389445e-03
167200	4375.90565493	836	6.16519174e-05	836.00000000	3.11308261e+15	3.23995335e+15	2.88410502e-03
167400	4381.16095010	837	6.17256637e-05	837.00000000	3.11333180e+15	3.24020318e+15	2.88431473e-03
167600	4386.41076257	838	6.17994100e-05	838.00000000	3.11358028e+15	3.24045238e+15	2.88452354e-03
167800	4391.59656741	839	6.18731563e-05	839.00000000	3.11382806e+15	3.24070089e+15	2.88473159e-03
168000	4396.80641616	840	6.19469027e-05	840.00000000	3.11407515e+15	3.24094871e+15	2.88493897e-03
168200	4402.01682320	841	6.20206490e-05	841.00000000	3.11432157e+15	3.24119583e+15	2.88514570e-03
168400	4407.20312695	842	6.20943953e-05	842.00000000	3.11456731e+15	3.24144226e+15	2.88535178e-03
168600	4413.86608577	843	6.21681416e-05	843.00000000	3.11481239e+15	3.24168801e+15	2.88555724e-03
168800	4419.11581296	844	6.22418879e-05	844.00000000	3.11505680e+15	3.24193307e+15	2.88576210e-03
169000	4424.38659576	845	6.23156342e-05	845.00000000	3.11530054e+15	3.24217746e+15	2.88596637e-03
169200	4429.58043213	846	6.23893805e-05	846.00000000	3.11554363e+15	3.24242118e+15	2.88617005e-03
169400	4434.76623811	847	6.24631268e-05	847.00000000	3.11578606e+15	3.24266424e+15	2.88637317e-03
169600	4439.96933125	848	6.25368732e-05	848.00000000	3.11602784e+15	3.24290664e+15	2.88657573e-03
169800	4445.21852208	849	6.26106195e-05	849.00000000	3.11626897e+15	3.24314837e+15	2.88677773e-03
170000	4450.48162238	850	6.26843658e-05	850.00000000	3.11650944e+15	3.24338944e+15	2.88697918e-03
170200	4455.74029048	851	6.27581121e-05	851.00000000	3.11674927e+15	3.24362986e+15	2.88718008e-03
170400	4460.99913322	852	6.28318584e-05	852.00000000	3.11698845e+15	3.24386963e+15	2.88738043e-03
170600	4466.22255640	853	6.29056047e-05	853.00000000	3.11722698e+15	3.24410875e+15	2.88758025e-03
170800	4471.45917590	854	6.29793510e-05	854.00000000	3.11746487e+15	3.24434722e+15	2.88777952e-03
171000	4476.70745952	855	6.30530973e-05	855.00000000	3.11770212e+15	3.24458504e+15	2.88797824e-03
171200	4481.88976237	856	6.31268437e-05	856.00000000	3.11793874e+15	3.24482223e+15	2.88817639e-03
171400	4487.08545632	857	6.32005900e-05	857.00000000	3.11817473e+15	3.24505878e+15	2.88837404e-03
171600	4492.26971923	858	6.32743363e-05	858.00000000	3.11841009e+15	3.24529470e+15	2.88857117e-03
171800	4497.51387139	859	6.33480826e-05	859.00000000	3.11864482e+15	3.24552999e+15	2.88876777e-03
172000	4502.74511854	860	6.34218289e-05	860.00000000	3.11887892e+15	3.24576465e+15	2.88896385e-03
172200	4507.99524002	861	6.34955752e-05	861.00000000	3.11911240e+15	3.24599868e+15	2.88915943e-03
172400	4513.17632103	862	6.35693215e-05	862.00000000	3.11934525e+15	3.24623208e+15	2.88935447e-03
172600	4518.41646832	863	6.36430678e-05	863.00000000	3.11957749e+15	3.24646486e+15	2.88954898e-03
172800	4523.67796789	864	6.37168142e-05	864.00000000	3.11980911e+15	3.24669702e+15	2.88974297e-03
173000	4528.87808471	865	6.37905605e-05	865.00000000	3.12004011e+15	3.24692856e+15	2.88993645e-03
173200	4534.08913790	866	6.38643068e-05	866.00000000	3.12027049e+15	3.24715948e+15	2.89012941e-03
173400	4539.27360548	867	6.39380531e-05	867.00000000	3.12050026e+15	3.24738977e+15	2.89032185e-03
173600	4544.47047602	868	6.40117994e-05	868.00000000	3.12072939e+15	3.24761944e+15	2.89051377e-03
173800	4549.73834162	869	6.40855457e-05	869.00000000	3.12095791e+15	3.24784849e+15	2.89070517e-03
174000	4554.95808396	870	6.41592920e-05	870.00000000	3.12118580e+15	3.24807691e+15	2.89089606e-03
174200	4560.15245571	871	6.42330383e-05	871.00000000	3.12141308e+15	3.24830470e+15	2.89108643e-03
174400	4565.40318328	872	6.43067847e-05	872.00000000	3.12163974e+15	3.24853189e+15	2.89127628e-03
174600	4570.64709711	873	6.43805310e-05	873.00000000	3.12186579e+15	3.24875846e+15	2.89146562e-03
174800	4575.86413965	874	6.44542773e-05	874.00000000	3.12209123e+15	3.24898442e+15	2.89165445e-03
175000	4581.04599438	875	6.45280236e-05	875.00000000	3.12231608e+15	3.24920978e+15	2.89184276e-03
175200	4586.22972257	876	6.46017699e-05	876.00000000	3.12254033e+15	3.24943453e+15	2.89203059e-03
175400	4591.41611414	877	6.46755162e-05	877.00000000	3.12276397e+15	3.24965869e+15	2.89221792e-03
175600	4596.67551754	878	6.47492625e-05	878.00000000	3.12298701e+15	3.24988224e+15	2.89240474e-03
175800	4601.87120929	879	6.48230088e-05	879.00000000	3.12320945e+15	3.25010518e+15	2.89259106e-03
176000	4607.09910253	880	6.48967552e-05	880.00000000	3.12343128e+15	3.25032752e+15	2.89277688e-03
176200	4612.32739546	881	6.49705015e-05	881.00000000	3.12365250e+15	3.25054924e+15	2.89296219e-03
176400	4617.51196491	882	6.50442478e-05	882.00000000	3.12387312e+15	3.25077036e+15	2.89314700e-03
176600	4622.73755106	883	6.51179941e-05	883.00000000	3.12409313e+15	3.25099087e+15	2.89333131e-03
176800	4627.94277091	884	6.51917404e-05	884.00000000	3.12431253e+15	3.25121077e+15	2.89351511e-03
177000	4633.20111226	885	6.52654867e-05	885.00000000	3.12453134e+15	3.25143007e+15	2.89369841e-03
177200	4638.49880355	886	6.53392330e-05	886.00000000	3.12474954e+15	3.25164877e+15	2.89388122e-03
177400	4643.71686893	887	6.54129794e-05	887.00000000	3.12496715e+15	3.25186687e+15	2.89406352e-03
177600	4648.97707096	888	6.54867257e-05	888.00000000	3.12518416e+15	3.25208438e+15	2.89424531e-03
177800	4654.18533095	889	6.55604720e-05	889.00000000	3.12540059e+15	3.25230129e+15	2.89442661e-03
178000	4659.38831830	890	6.56342183e-05	890.00000000	3.12561642e+15	3.25251762e+15	2.89460742e-03
178200	4664.58020532	891	6.57079646e-05	891.00000000	3.12583168e+15	3.25273336e+15	2.89478774e-03
178400	4669.78309312	892	6.57817109e-05	892.00000000	3.12604634e+15	3.25294851e+15	2.89496758e-03
178600	4674.96447544	893	6.58554572e-05	893.00000000	3.12626043e+15	3.25316308e+15	2.89514692e-03
178800	4680.16098796	894	6.59292035e-05	894.00000000	3.12647394e+15	3.25337707e+15	2.89532576e-03
179000	4685.41975749	895	6.60029499e-05	895.00000000	3.12668688e+15	3.25359049e+15	2.89550412e-03
179200	4690.70080608	896	6.60766962e-05	896.00000000	3.12689924e+15	3.25380333e+15	2.89568201e-03
179400	4695.95824907	897	6.61504425e-05	897.00000000	3.12711105e+15	3.25401561e+15	2.89585942e-03
179600	4701.17695849	898	6.62241888e-05	898.00000000	3.12732229e+15	3.25422733e+15	2.89603639e-03
179800	4706.44657905	899	6.62979351e-05	899.00000000	3.12753296e+15	3.25443848e+15	2.89621287e-03
180000	4711.71659596	900	6.63716814e-05	900.00000000	3.12774308e+15	3.25464907e+15	2.89638886e-03
180200	4716.91978144	901	6.64454277e-05	901.00000000	3.12795265e+15	3.25485910e+15	2.89656443e-03
180400	4722.14910730	902	6.65191740e-05	902.00000000	3.12816165e+15	3.25506857e+15	2.89673955e-03
180600	4727.33062785	903	6.65929204e-05	903.00000000	3.12837009e+15	3.25527748e+15	2.89691419e-03
180800	4732.53069205	904	6.66666667e-05	904.00000000	3.12857799e+15	3.25548585e+15	2.89708837e-03
181000	4737.73395467	905	6.67404130e-05	905.00000000	3.12878534e+15	3.25569366e+15	2.89726209e-03
181200	4742.92110512	906	6.68141593e-05	906.00000000	3.12899213e+15	3.25590091e+15	2.89743535e-03
181400	4748.11832497	907	6.68879056e-05	907.00000000	3.12919837e+15	3.25610762e+15	2.89760815e-03
181600	4753.30997369	908	6.69616519e-05	908.00000000	3.12940406e+15	3.25631377e+15	2.89778048e-03
181800	4758.49474227	909	6.70353982e-05	909.00000000	3.12960920e+15	3.25651937e+15	2.89795236e-03
182000	4763.67875813	910	6.71091445e-05	910.00000000	3.12981379e+15	3.25672442e+15	2.89812377e-03
182200	4768.91865386	911	6.71828909e-05	911.00000000	3.13001784e+15	3.25692892e+15	2.89829473e-03
182400	4774.12885806	912	6.72566372e-05	912.00000000	3.13022135e+15	3.25713288e+15	2.89846523e-03
182600	4779.31443891	913	6.73303835e-05	913.00000000	3.13042431e+15	3.25733630e+15	2.89863529e-03
182800	4784.51435990	914	6.74041298e-05	914.00000000	3.13062672e+15	3.25753916e+15	2.89880490e-03
183000	4789.69956100	915	6.74778761e-05	915.00000000	3.13082858e+15	3.25774147e+15	2.89897405e-03
183200	4794.88270650	916	6.75516224e-05	916.00000000	3.13102988e+15	3.25794322e+15	2.89914274e-03
183400	4800.11721598	917	6.76253687e-05	917.00000000	3.13123063e+15	3.25814442e+15	2.89931096e-03
183600	4805.37834804	918	6.76991150e-05	918.00000000	3.13143083e+15	3.25834507e+15	2.89947873e-03
183800	4810.64663799	919	6.77728614e-05	919.00000000	3.13163047e+15	3.25854516e+15	2.89964603e-03
184000	4815.91082490	920	6.78466077e-05	920.00000000	3.13182957e+15	3.25874470e+15	2.89981289e-03
184200	4821.10895839	921	6.79203540e-05	921.00000000	3.13202810e+15	3.25894368e+15	2.89997928e-03
184400	4826.37585255	922	6.79941003e-05	922.00000000	3.13222609e+15	3.25914211e+15	2.90014522e-03
184600	4831.57127374	923	6.80678466e-05	923.00000000	3.13242353e+15	3.25933999e+15	2.90031069e-03
184800	4836.77254962	924	6.81415929e-05	924.00000000	3.13262042e+15	3.25953732e+15	2.90047570e-03
185000	4842.03694659	925	6.82153392e-05	925.00000000	3.13281676e+15	3.25973410e+15	2.90064026e-03
185200	4847.25236024	926	6.82890855e-05	926.00000000	3.13301255e+15	3.25993033e+15	2.90080436e-03
185400	4852.51960049	927	6.83628319e-05	927.00000000	3.13320779e+15	3.26012601e+15	2.90096801e-03
185600	4857.79356245	928	6.84365782e-05	928.00000000	3.13340249e+15	3.26032114e+15	2.90113119e-03
185800	4863.00244996	929	6.85103245e-05	929.00000000	3.13359665e+15	3.26051574e+15	2.90129393e-03
186000	4868.22227892	930	6.85840708e-05	930.00000000	3.13379028e+15	3.26070980e+15	2.90145621e-03
186200	4873.48595115	931	6.86578171e-05	931.00000000	3.13398337e+15	3.26090332e+15	2.90161807e-03
186400	4878.73622162	932	6.87315634e-05	932.00000000	3.13417593e+15	3.26109632e+15	2.90177946e-03
186600	4883.96106314	933	6.88053097e-05	933.00000000	3.13436796e+15	3.26128878e+15	2.90194041e-03
186800	4889.19020262	934	6.88790560e-05	934.00000000	3.13455946e+15	3.26148070e+15	2.90210091e-03
187000	4894.41218470	935	6.89528024e-05	935.00000000	3.13475042e+15	3.26167210e+15	2.90226096e-03
187200	4899.66515141	936	6.90265487e-05	936.00000000	3.13494086e+15	3.26186296e+15	2.90242057e-03
187400	4904.87128028	937	6.91002950e-05	937.00000000	3.13513077e+15	3.26205330e+15	2.90257974e-03
187600	4910.06312102	938	6.91740413e-05	938.00000000	3.13532016e+15	3.26224311e+15	2.90273846e-03
187800	4915.26795743	939	6.92477876e-05	939.00000000	3.13550902e+15	3.26243240e+15	2.90289675e-03
188000	4920.45916945	940	6.93215339e-05	940.00000000	3.13569737e+15	3.26262117e+15	2.90305460e-03
188200	4925.66833023	941	6.93952802e-05	941.00000000	3.13588519e+15	3.26280942e+15	2.90321202e-03
188400	4930.93826086	942	6.94690265e-05	942.00000000	3.13607250e+15	3.26299715e+15	2.90336901e-03
188600	4936.17922392	943	6.95427729e-05	943.00000000	3.13625930e+15	3.26318436e+15	2.90352557e-03
188800	4941.38226334	944	6.96165192e-05	944.00000000	3.13644558e+15	3.26337106e+15	2.90368171e-03
189000	4946.61890098	945	6.96902655e-05	945.00000000	3.13663134e+15	3.26355724e+15	2.90383741e-03
189200	4951.80854054	946	6.97640118e-05	946.00000000	3.13681660e+15	3.26374291e+15	2.90399269e-03
189400	4956.99635680	947	6.98377581e-05	947.00000000	3.13700135e+15	3.26392808e+15	2.90414755e-03
189600	4962.23102580	948	6.99115044e-05	948.00000000	3.13718560e+15	3.26411275e+15	2.90430198e-03
189800	4967.43489864	949	6.99852507e-05	949.00000000	3.13736935e+15	3.26429691e+15	2.90445594e-03
190000	4972.67125292	950	7.00589971e-05	950.00000000	3.13755258e+15	3.26448055e+15	2.90460954e-03
190200	4977.85737189	951	7.01327434e-05	951.00000000	3.13773531e+15	3.26466370e+15	2.90476271e-03
190400	4983.04484815	952	7.02064897e-05	952.00000000	3.13791754e+15	3.26484633e+15	2.90491546e-03
190600	4988.31923819	953	7.02802360e-05	953.00000000	3.13809926e+15	3.26502846e+15	2.90506779e-03
190800	4993.59148906	954	7.03539823e-05	954.00000000	3.13828047e+15	3.26521007e+15	2.90521970e-03
191000	4998.84907967	955	7.04277286e-05	955.00000000	3.13846116e+15	3.26539118e+15	2.90537118e-03
191200	5004.11960315	956	7.05014749e-05	956.00000000	3.13864133e+15	3.26557175e+15	2.90552222e-03
191400	5009.33074154	957	7.05752212e-05	957.00000000	3.13882100e+15	3.26575182e+15	2.90567285e-03
191600	5014.57578101	958	7.06489676e-05	958.00000000	3.13900016e+15	3.26593138e+15	2.90582305e-03
191800	5019.77382412	959	7.07227139e-05	959.00000000	3.13917881e+15	3.26611044e+15	2.90597282e-03
192000	5024.96006541	960	7.07964602e-05	960.00000000	3.13935696e+15	3.26628899e+15	2.90612217e-03
192200	5030.18885353	961	7.08702065e-05	961.00000000	3.13953461e+15	3.26646704e+15	2.90627111e-03
192400	5035.44376506	962	7.09439528e-05	962.00000000	3.13971175e+15	3.26664457e+15	2.90641961e-03
192600	5040.69301418	963	7.10176991e-05	963.00000000	3.13988839e+15	3.26682161e+15	2.90656770e-03
192800	5045.92689247	964	7.10914454e-05	964.00000000	3.14006454e+15	3.26699816e+15	2.90671537e-03
193000	5051.14932617	965	7.11651917e-05	965.00000000	3.14024019e+15	3.26717420e+15	2.90686264e-03
193200	5056.34197994	966	7.12389381e-05	966.00000000	3.14041535e+15	3.26734975e+15	2.90700949e-03
193400	5061.53774812	967	7.13126844e-05	967.00000000	3.14059001e+15	3.26752480e+15	2.90715592e-03
193600	5066.72842418	968	7.13864307e-05	968.00000000	3.14076418e+15	3.26769936e+15	2.90730194e-03
193800	5071.99133270	969	7.14601770e-05	969.00000000	3.14093786e+15	3.26787343e+15	2.90744756e-03
194000	5077.21912575	970	7.15339233e-05	970.00000000	3.14111105e+15	3.26804701e+15	2.90759277e-03
194200	5082.41105531	971	7.16076696e-05	971.00000000	3.14128375e+15	3.26822010e+15	2.90773758e-03
194400	5087.59257222	972	7.16814159e-05	972.00000000	3.14145597e+15	3.26839271e+15	2.90788198e-03
194600	5092.77402862	973	7.17551622e-05	973.00000000	3.14162771e+15	3.26856483e+15	2.90802598e-03
194800	5097.95468039	974	7.18289086e-05	974.00000000	3.14179897e+15	3.26873648e+15	2.90816957e-03
195000	5103.18574392	975	7.19026549e-05	975.00000000	3.14196975e+15	3.26890764e+15	2.90831277e-03
195200	5108.42871831	976	7.19764012e-05	976.00000000	3.14214004e+15	3.26907832e+15	2.90845557e-03
195400	5113.67447865	977	7.20501475e-05	977.00000000	3.14230986e+15	3.26924852e+15	2.90859796e-03
195600	5118.94587195	978	7.21238938e-05	978.00000000	3.14247920e+15	3.26941824e+15	2.90873995e-03
195800	5124.17000199	979	7.21976401e-05	979.00000000	3.14264807e+15	3.26958748e+15	2.90888155e-03
196000	5129.43752154	980	7.22713864e-05	980.00000000	3.14281645e+15	3.26975625e+15	2.90902276e-03
196200	5134.68258013	981	7.23451327e-05	981.00000000	3.14298436e+15	3.26992453e+15	2.90916356e-03
196400	5139.88113080	982	7.24188791e-05	982.00000000	3.14315180e+15	3.27009235e+15	2.90930396e-03
196600	5145.17489134	983	7.24926254e-05	983.00000000	3.14331876e+15	3.27025969e+15	2.90944396e-03
196800	5150.40764840	984	7.25663717e-05	984.00000000	3.14348526e+15	3.27042656e+15	2.90958358e-03
197000	5155.62443618	985	7.26401180e-05	985.00000000	3.14365129e+15	3.27059297e+15	2.90972281e-03
197200	5160.81601530	986	7.27138643e-05	986.00000000	3.14381686e+15	3.27075891e+15	2.90986165e-03
197400	5166.00009624	987	7.27876106e-05	987.00000000	3.14398197e+15	3.27092439e+15	2.91000011e-03
197600	5171.18278834	988	7.28613569e-05	988.00000000	3.14414661e+15	3.27108940e+15	2.91013818e-03
197800	5176.44854509	989	7.29351032e-05	989.00000000	3.14431079e+15	3.27125395e+15	2.91027587e-03
198000	5181.67196215	990	7.30088496e-05	990.00000000	3.14447450e+15	3.27141803e+15	2.91041317e-03
198200	5186.91880537	991	7.30825959e-05	991.00000000	3.14463776e+15	3.27158165e+15	2.91055010e-03
198400	5192.13248305	992	7.31563422e-05	992.00000000	3.14480054e+15	3.27174480e+15	2.91068663e-03
198600	5197.35112403	993	7.32300885e-05	993.00000000	3.14496286e+15	3.27190749e+15	2.91082278e-03
198800	5202.54465477	994	7.33038348e-05	994.00000000	3.14512472e+15	3.27206971e+15	2.91095855e-03
199000	5207.75869077	995	7.33775811e-05	995.00000000	3.14528611e+15	3.27223146e+15	2.91109390e-03
199200	5212.95591557	996	7.34513274e-05	996.00000000	3.14544704e+15	3.27239276e+15	2.91122886e-03
199400	5218.20635368	997	7.35250737e-05	997.00000000	3.14560753e+15	3.27255360e+15	2.91136346e-03
199600	5223.47720592	998	7.35988201e-05	998.00000000	3.14576756e+15	3.27271399e+15	2.91149768e-03
199800	5228.74895500	999	7.36725664e-05	999.00000000	3.14592714e+15	3.27287394e+15	2.91163153e-03
200000	5234.02131830	1000	7.37463127e-05	1000.00000000	3.14608627e+15	3.27303342e+15	2.91176500e-03
200200	5239.29955961	1001	7.38200590e-05	1001.00000000	3.14624494e+15	3.27319245e+15	2.91189809e-03
200400	5244.57086235	1002	7.38938053e-05	1002.00000000	3.14640317e+15	3.27335103e+15	2.91203081e-03
200600	5249.84166942	1003	7.39675516e-05	1003.00000000	3.14656094e+15	3.27350916e+15	2.91216315e-03
200800	5255.08257718	1004	7.40412979e-05	1004.00000000	3.14671826e+15	3.27366683e+15	2.91229512e-03
201000	5260.33339189	1005	7.41150442e-05	1005.00000000	3.14687514e+15	3.27382406e+15	2.91242664e-03
201200	5265.60590608	1006	7.41887906e-05	1006.00000000	3.14703154e+15	3.27398081e+15	2.91255784e-03
201400	5270.86883012	1007	7.42625369e-05	1007.00000000	3.14718750e+15	3.27413712e+15	2.91268867e-03
201600	5276.05313110	1008	7.43362832e-05	1008.00000000	3.14734302e+15	3.27429298e+15	2.91281912e-03
201800	5281.29814596	1009	7.44100295e-05	1009.00000000	3.14749809e+15	3.27444840e+15	2.91294920e-03
202000	5286.51965245	1010	7.44837758e-05	1010.00000000	3.14765272e+15	3.27460337e+15	2.91307891e-03
202200	5291.78005525	1011	7.45575221e-05	1011.00000000	3.14780691e+15	3.27475791e+15	2.91320825e-03
202400	5297.01226240	1012	7.46312684e-05	1012.00000000	3.14796067e+15	3.27491201e+15	2.91333723e-03
202600	5302.25942628	1013	7.47050147e-05	1013.00000000	3.14811399e+15	3.27506568e+15	2.91346585e-03
202800	5307.52416746	1014	7.47787611e-05	1014.00000000	3.14826688e+15	3.27521890e+15	2.91359409e-03
203000	5312.70547878	1015	7.48525074e-05	1015.00000000	3.14841933e+15	3.27537170e+15	2.91372197e-03
203200	5317.92302455	1016	7.49262537e-05	1016.00000000	3.14857136e+15	3.27552406e+15	2.91384949e-03
203400	5323.16687989	1017	7.50000000e-05	1017.00000000	3.14872297e+15	3.27567601e+15	2.91397666e-03
203600	5328.43333449	1018	7.50737463e-05	1018.00000000	3.14887415e+15	3.27582753e+15	2.91410347e-03
203800	5333.67435819	1019	7.51474926e-05	1019.00000000	3.14902491e+15	3.27597863e+15	2.91422992e-03
204000	5338.93747777	1020	7.52212389e-05	1020.00000000	3.14917526e+15	3.27612931e+15	2.91435603e-03
204200	5344.20935282	1021	7.52949853e-05	1021.00000000	3.14932518e+15	3.27627956e+15	2.91448179e-03
204400	5349.48107289	1022	7.53687316e-05	1022.00000000	3.14947469e+15	3.27642940e+15	2.91460720e-03
204600	5354.72401700	1023	7.54424779e-05	1023.00000000	3.14962378e+15	3.27657883e+15	2.91473226e-03
204800	5359.99032368	1024	7.55162242e-05	1024.00000000	3.14977246e+15	3.27672784e+15	2.91485697e-03
205000	5365.22694683	1025	7.55899705e-05	1025.00000000	3.14992072e+15	3.27687643e+15	2.91498135e-03
205200	5370.43921050	1026	7.56637168e-05	1026.00000000	3.15006856e+15	3.27702460e+15	2.91510539e-03
205400	5375.70958706	1027	7.57374631e-05	1027.00000000	3.15021599e+15	3.27717235e+15	2.91522907e-03
205600	5380.97859806	1028	7.58112094e-05	1028.00000000	3.15036300e+15	3.27731969e+15	2.91535241e-03
205800	5386.17771027	1029	7.58849558e-05	1029.00000000	3.15050961e+15	3.27746662e+15	2.91547541e-03
206000	5391.40891984	1030	7.59587021e-05	1030.00000000	3.15065579e+15	3.27761314e+15	2.91559806e-03
206200	5396.63725743	1031	7.60324484e-05	1031.00000000	3.15080157e+15	3.27775924e+15	2.91572037e-03
206400	5401.81759781	1032	7.61061947e-05	1032.00000000	3.15094693e+15	3.27790492e+15	2.91584234e-03
206600	5407.01066091	1033	7.61799410e-05	1033.00000000	3.15109187e+15	3.27805019e+15	2.91596396e-03
206800	5412.20044967	1034	7.62536873e-05	1034.00000000	3.15123640e+15	3.27819503e+15	2.91608524e-03
207000	5417.38121187	1035	7.63274336e-05	1035.00000000	3.15138050e+15	3.27833946e+15	2.91620617e-03
207200	5422.56138836	1036	7.64011799e-05	1036.00000000	3.15152420e+15	3.27848347e+15	2.91632676e-03
207400	5427.78833155	1037	7.64749263e-05	1037.00000000	3.15166747e+15	3.27862706e+15	2.91644701e-03
207600	5432.99079736	1038	7.65486726e-05	1038.00000000	3.15181033e+15	3.27877024e+15	2.91656690e-03
207800	5438.24122182	1039	7.66224189e-05	1039.00000000	3.15195277e+15	3.27891301e+15	2.91668645e-03
208000	5443.47812042	1040	7.66961652e-05	1040.00000000	3.15209482e+15	3.27905537e+15	2.91680565e-03
208200	5448.69399913	1041	7.67699115e-05	1041.00000000	3.15223646e+15	3.27919732e+15	2.91692451e-03
208400	5453.90264648	1042	7.68436578e-05	1042.00000000	3.15237769e+15	3.27933887e+15	2.91704303e-03
208600	5459.08780750	1043	7.69174041e-05	1043.00000000	3.15251852e+15	3.27948002e+15	2.91716122e-03
208800	5464.31933991	1044	7.69911504e-05	1044.00000000	3.15265895e+15	3.27962075e+15	2.91727907e-03
209000	5469.50040245	1045	7.70648968e-05	1045.00000000	3.15279896e+15	3.27976108e+15	2.91739657e-03
209200	5474.70115074	1046	7.71386431e-05	1046.00000000	3.15293857e+15	3.27990100e+15	2.91751374e-03
209400	5479.89366495	1047	7.72123894e-05	1047.00000000	3.15307778e+15	3.28004052e+15	2.91763057e-03
209600	5485.13507155	1048	7.72861357e-05	1048.00000000	3.15321657e+15	3.28017963e+15	2.91774705e-03
209800	5490.38778695	1049	7.73598820e-05	1049.00000000	3.15335497e+15	3.28031833e+15	2.91786320e-03
210000	5495.58693100	1050	7.74336283e-05	1050.00000000	3.15349295e+15	3.28045662e+15	2.91797901e-03
210200	5500.78968947	1051	7.75073746e-05	1051.00000000	3.15363053e+15	3.28059451e+15	2.91809447e-03
210400	5505.97958521	1052	7.75811209e-05	1052.00000000	3.15376771e+15	3.28073199e+15	2.91820961e-03
210600	5511.16351387	1053	7.76548673e-05	1053.00000000	3.15390448e+15	3.28086907e+15	2.91832440e-03
210800	5516.34732793	1054	7.77286136e-05	1054.00000000	3.15404085e+15	3.28100574e+15	2.91843886e-03
211000	5521.59043237	1055	7.78023599e-05	1055.00000000	3.15417682e+15	3.28114201e+15	2.91855298e-03
211200	5526.76946392	1056	7.78761062e-05	1056.00000000	3.15431238e+15	3.28127788e+15	2.91866676e-03
211400	5531.95185623	1057	7.79498525e-05	1057.00000000	3.15444754e+15	3.28141334e+15	2.91878022e-03
211600	5537.20304377	1058	7.80235988e-05	1058.00000000	3.15458230e+15	3.28154840e+15	2.91889334e-03
211800	5542.40686266	1059	7.80973451e-05	1059.00000000	3.15471666e+15	3.28168307e+15	2.91900612e-03
212000	5547.60904028	1060	7.81710914e-05	1060.00000000	3.15485063e+15	3.28181734e+15	2.91911857e-03
212200	5552.84501815	1061	7.82448378e-05	1061.00000000	3.15498420e+15	3.28195121e+15	2.91923069e-03
212400	5558.10925849	1062	7.83185841e-05	1062.00000000	3.15511738e+15	3.28208468e+15	2.91934248e-03
212600	5563.36829200	1063	7.83923304e-05	1063.00000000	3.15525016e+15	3.28221776e+15	2.91945394e-03
212800	5568.63622806	1064	7.84660767e-05	1064.00000000	3.15538256e+15	3.28235045e+15	2.91956507e-03
213000	5573.90655253	1065	7.85398230e-05	1065.00000000	3.15551456e+15	3.28248275e+15	2.91967588e-03
213200	5579.11201472	1066	7.86135693e-05	1066.00000000	3.15564617e+15	3.28261465e+15	2.91978635e-03
213400	5584.29434319	1067	7.86873156e-05	1067.00000000	3.15577740e+15	3.28274617e+15	2.91989650e-03
213600	5589.56641405	1068	7.87610619e-05	1068.00000000	3.15590823e+15	3.28287730e+15	2.92000633e-03
213800	5594.77613299	1069	7.88348083e-05	1069.00000000	3.15603868e+15	3.28300805e+15	2.92011583e-03
214000	5600.04534311	1070	7.89085546e-05	1070.00000000	3.15616874e+15	3.28313840e+15	2.92022501e-03
214200	5605.25894503	1071	7.89823009e-05	1071.00000000	3.15629841e+15	3.28326836e+15	2.92033387e-03
214400	5610.51016347	1072	7.90560472e-05	1072.00000000	3.15642769e+15	3.28339793e+15	2.92044240e-03
214600	5615.77441909	1073	7.91297935e-05	1073.00000000	3.15655658e+15	3.28352711e+15	2.92055060e-03
214800	5621.01334584	1074	7.92035398e-05	1074.00000000	3.15668509e+15	3.28365590e+15	2.92065848e-03
215000	5626.19142641	1075	7.92772861e-05	1075.00000000	3.15681321e+15	3.28378431e+15	2.92076603e-03
215200	5631.43689009	1076	7.93510324e-05	1076.00000000	3.15694094e+15	3.28391233e+15	2.92087327e-03
215400	5636.66503834	1077	7.94247788e-05	1077.00000000	3.15706830e+15	3.28403998e+15	2.92098018e-03
215600	5641.88069127	1078	7.94985251e-05	1078.00000000	3.15719528e+15	3.28416724e+15	2.92108677e-03
215800	5647.15316348	1079	7.95722714e-05	1079.00000000	3.15732188e+15	3.28429413e+15	2.92119305e-03
216000	5652.42630067	1080	7.96460177e-05	1080.00000000	3.15744811e+15	3.28442064e+15	2.92129900e-03
216200	5657.65294050	1081	7.97197640e-05	1081.00000000	3.15757396e+15	3.28454677e+15	2.92140465e-03
216400	5662.87961617	1082	7.97935103e-05	1082.00000000	3.15769943e+15	3.28467252e+15	2.92150998e-03
216600	5668.06600643	1083	7.98672566e-05	1083.00000000	3.15782452e+15	3.28479789e+15	2.92161500e-03
216800	5673.31284159	1084	7.99410029e-05	1084.00000000	3.15794923e+15	3.28492288e+15	2.92171971e-03
217000	5678.49596837	1085	8.00147493e-05	1085.00000000	3.15807355e+15	3.28504748e+15	2.92182409e-03
217200	5683.76901950	1086	8.00884956e-05	1086.00000000	3.15819749e+15	3.28517170e+15	2.92192816e-03
217400	5689.03085504	1087	8.01622419e-05	1087.00000000	3.15832105e+15	3.28529553e+15	2.92203189e-03
217600	5694.28908976	1088	8.02359882e-05	1088.00000000	3.15844422e+15	3.28541898e+15	2.92213531e-03
217800	5699.55169621	1089	8.03097345e-05	1089.00000000	3.15856701e+15	3.28554205e+15	2.92223841e-03
218000	5704.80058335	1090	8.03834808e-05	1090.00000000	3.15868942e+15	3.28566474e+15	2.92234119e-03
218200	5710.07406118	1091	8.04572271e-05	1091.00000000	3.15881145e+15	3.28578704e+15	2.92244365e-03
218400	5715.34689512	1092	8.05309735e-05	1092.00000000	3.15893310e+15	3.28590896e+15	2.92254579e-03
218600	5720.59125016	1093	8.06047198e-05	1093.00000000	3.15905437e+15	3.28603051e+15	2.92264761e-03
218800	5725.86260484	1094	8.06784661e-05	1094.00000000	3.15917527e+15	3.28615168e+15	2.92274911e-03
219000	5731.08481961	1095	8.07522124e-05	1095.00000000	3.15929579e+15	3.28627247e+15	2.92285030e-03
219200	5736.35249961	1096	8.08259587e-05	1096.00000000	3.15941594e+15	3.28639290e+15	2.92295117e-03
219400	5741.62299132	1097	8.08997050e-05	1097.00000000	3.15953572e+15	3.28651295e+15	2.92305173e-03
219600	5746.89501994	1098	8.09734513e-05	1098.00000000	3.15965514e+15	3.28663263e+15	2.92315198e-03
219800	5752.13242313	1099	8.10471976e-05	1099.00000000	3.15977419e+15	3.28675195e+15	2.92325193e-03
220000	5757.39559557	1100	8.11209440e-05	1100.00000000	3.15989288e+15	3.28687091e+15	2.92335157e-03
220200	5762.66942316	1101	8.11946903e-05	1101.00000000	3.16001120e+15	3.28698950e+15	2.92345090e-03
220400	5767.85575837	1102	8.12684366e-05	1102.00000000	3.16012917e+15	3.28710773e+15	2.92354993e-03
220600	5773.07937630	1103	8.13421829e-05	1103.00000000	3.16024677e+15	3.28722561e+15	2.92364866e-03
220800	5778.31647246	1104	8.14159292e-05	1104.00000000	3.16036403e+15	3.28734313e+15	2.92374709e-03
221000	5783.52982629	1105	8.14896755e-05	1105.00000000	3.16048093e+15	3.28746029e+15	2.92384522e-03
221200	5788.74042052	1106	8.15634218e-05	1106.00000000	3.16059748e+15	3.28757711e+15	2.92394306e-03
221400	5794.00982860	1107	8.16371681e-05	1107.00000000	3.16071368e+15	3.28769357e+15	2.92404060e-03
221600	5799.28041538	1108	8.17109145e-05	1108.00000000	3.16082953e+15	3.28780968e+15	2.92413786e-03
221800	5804.51576887	1109	8.17846608e-05	1109.00000000	3.16094503e+15	3.28792544e+15	2.92423482e-03
222000	5809.72229071	1110	8.18584071e-05	1110.00000000	3.16106018e+15	3.28804085e+15	2.92433148e-03
222200	5814.95946512	1111	8.19321534e-05	1111.00000000	3.16117498e+15	3.28815592e+15	2.92442785e-03
222400	5820.22783453	1112	8.20058997e-05	1112.00000000	3.16128944e+15	3.28827063e+15	2.92452394e-03
222600	5825.48936354	1113	8.20796460e-05	1113.00000000	3.16140354e+15	3.28838500e+15	2.92461974e-03
222800	5830.69206001	1114	8.21533923e-05	1114.00000000	3.16151730e+15	3.28849902e+15	2.92471524e-03
223000	5835.96736627	1115	8.22271386e-05	1115.00000000	3.16163071e+15	3.28861268e+15	2.92481046e-03
223200	5841.18814657	1116	8.23008850e-05	1116.00000000	3.16174377e+15	3.28872600e+15	2.92490539e-03
223400	5846.45497278	1117	8.23746313e-05	1117.00000000	3.16185648e+15	3.28883897e+15	2.92500002e-03
223600	5851.72546615	1118	8.24483776e-05	1118.00000000	3.16196885e+15	3.28895159e+15	2.92509436e-03
223800	5856.99225615	1119	8.25221239e-05	1119.00000000	3.16208087e+15	3.28906386e+15	2.92518841e-03
224000	5862.23877487	1120	8.25958702e-05	1120.00000000	3.16219255e+15	3.28917580e+15	2.92528217e-03
224200	5867.49064732	1121	8.26696165e-05	1121.00000000	3.16230389e+15	3.28928739e+15	2.92537565e-03
224400	5872.72737821	1122	8.27433628e-05	1122.00000000	3.16241489e+15	3.28939865e+15	2.92546884e-03
224600	5877.96311854	1123	8.28171091e-05	1123.00000000	3.16252555e+15	3.28950956e+15	2.92556174e-03
224800	5883.17724062	1124	8.28908555e-05	1124.00000000	3.16263586e+15	3.28962012e+15	2.92565436e-03
225000	5888.44058914	1125	8.29646018e-05	1125.00000000	3.16274583e+15	3.28973035e+15	2.92574670e-03
225200	5893.69670125	1126	8.30383481e-05	1126.00000000	3.16285547e+15	3.28984023e+15	2.92583875e-03
225400	5898.89862287	1127	8.31120944e-05	1127.00000000	3.16296476e+15	3.28994978e+15	2.92593052e-03
225600	5904.09708441	1128	8.31858407e-05	1128.00000000	3.16307372e+15	3.29005898e+15	2.92602200e-03
225800	5909.36742023	1129	8.32595870e-05	1129.00000000	3.16318233e+15	3.29016784e+15	2.92611320e-03
226000	5914.57605807	1130	8.33333333e-05	1130.00000000	3.16329060e+15	3.29027636e+15	2.92620411e-03
226200	5919.81373942	1131	8.34070796e-05	1131.00000000	3.16339853e+15	3.29038454e+15	2.92629474e-03
226400	5925.06729466	1132	8.34808260e-05	1132.00000000	3.16350613e+15	3.29049239e+15	2.92638509e-03
226600	5930.33663014	1133	8.35545723e-05	1133.00000000	3.16361339e+15	3.29059989e+15	2.92647515e-03
226800	5935.56096951	1134	8.36283186e-05	1134.00000000	3.16372032e+15	3.29070706e+15	2.92656494e-03
227000	5940.80917586	1135	8.37020649e-05	1135.00000000	3.16382690e+15	3.29081390e+15	2.92665444e-03
227200	5945.99609535	1136	8.37758112e-05	1136.00000000	3.16393315e+15	3.29092039e+15	2.92674366e-03
227400	5951.18629712	1137	8.38495575e-05	1137.00000000	3.16403907e+15	3.29102655e+15	2.92683260e-03
227600	5956.42421168	1138	8.39233038e-05	1138.00000000	3.16414464e+15	3.29113237e+15	2.92692126e-03
227800	5961.70797819	1139	8.39970501e-05	1139.00000000	3.16424988e+15	3.29123785e+15	2.92700965e-03
228000	5966.96761223	1140	8.40707965e-05	1140.00000000	3.16435478e+15	3.29134299e+15	2.92709775e-03
228200	5972.18310651	1141	8.41445428e-05	1141.00000000	3.16445934e+15	3.29144779e+15	2.92718556e-03
228400	5977.44837983	1142	8.42182891e-05	1142.00000000	3.16456357e+15	3.29155226e+15	2.92727310e-03
228600	5982.63908588	1143	8.42920354e-05	1143.00000000	3.16466746e+15	3.29165639e+15	2.92736035e-03
228800	5987.83573673	1144	8.43657817e-05	1144.00000000	3.16477102e+15	3.29176018e+15	2.92744733e-03
229000	5993.07290229	1145	8.44395280e-05	1145.00000000	3.16487425e+15	3.29186365e+15	2.92753403e-03
229200	5998.34554297	1146	8.45132743e-05	1146.00000000	3.16497714e+15	3.29196678e+15	2.92762045e-03
229400	6003.58435584	1147	8.45870206e-05	1147.00000000	3.16507970e+15	3.29206957e+15	2.92770659e-03
229600	6008.82791092	1148	8.46607670e-05	1148.00000000	3.16518193e+15	3.29217204e+15	2.92779245e-03
229800	6014.07328017	1149	8.47345133e-05	1149.00000000	3.16528383e+15	3.29227418e+15	2.92787804e-03
230000	6019.30745945	1150	8.48082596e-05	1150.00000000	3.16538541e+15	3.29237599e+15	2.92796334e-03
230200	6024.57826144	1151	8.48820059e-05	1151.00000000	3.16548666e+15	3.29247747e+15	2.92804838e-03
230400	6029.82489170	1152	8.49557522e-05	1152.00000000	3.16558758e+15	3.29257863e+15	2.92813314e-03
230600	6035.09318197	1153	8.50294985e-05	1153.00000000	3.16568818e+15	3.29267946e+15	2.92821762e-03
230800	6040.29963217	1154	8.51032448e-05	1154.00000000	3.16578845e+15	3.29277997e+15	2.92830184e-03
231000	6045.54578511	1155	8.51769912e-05	1155.00000000	3.16588841e+15	3.29288016e+15	2.92838578e-03
231200	6050.79116132	1156	8.52507375e-05	1156.00000000	3.16598804e+15	3.29298002e+15	2.92846946e-03
231400	6056.00438659	1157	8.53244838e-05	1157.00000000	3.16608736e+15	3.29307957e+15	2.92855287e-03
231600	6061.27352924	1158	8.53982301e-05	1158.00000000	3.16618636e+15	3.29317880e+15	2.92863601e-03
231800	6066.53342992	1159	8.54719764e-05	1159.00000000	3.16628504e+15	3.29327771e+15	2.92871889e-03
232000	6071.80523232	1160	8.55457227e-05	1160.00000000	3.16638342e+15	3.29337631e+15	2.92880150e-03
232200	6077.02223982	1161	8.56194690e-05	1161.00000000	3.16648148e+15	3.29347461e+15	2.92888385e-03
232400	6082.29186611	1162	8.56932153e-05	1162.00000000	3.16657923e+15	3.29357259e+15	2.92896594e-03
232600	6087.53722478	1163	8.57669617e-05	1163.00000000	3.16667668e+15	3.29367026e+15	2.92904777e-03
232800	6092.79244718	1164	8.58407080e-05	1164.00000000	3.16677382e+15	3.29376762e+15	2.92912934e-03
233000	6097.97714825	1165	8.59144543e-05	1165.00000000	3.16687065e+15	3.29386468e+15	2.92921065e-03
233200	6103.16422258	1166	8.59882006e-05	1166.00000000	3.16696717e+15	3.29396143e+15	2.92929171e-03
233400	6108.36151288	1167	8.60619469e-05	1167.00000000	3.16706339e+15	3.29405788e+15	2.92937252e-03
233600	6113.58609156	1168	8.61356932e-05	1168.00000000	3.16715931e+15	3.29415402e+15	2.92945306e-03
233800	6118.76673264	1169	8.62094395e-05	1169.00000000	3.16725492e+15	3.29424986e+15	2.92953336e-03
234000	6123.95133070	1170	8.62831858e-05	1170.00000000	3.16735023e+15	3.29434539e+15	2.92961339e-03
234200	6129.14416883	1171	8.63569322e-05	1171.00000000	3.16744524e+15	3.29444062e+15	2.92969318e-03
234400	6134.38280624	1172	8.64306785e-05	1172.00000000	3.16753995e+15	3.29453555e+15	2.92977272e-03
234600	6139.60335841	1173	8.65044248e-05	1173.00000000	3.16763436e+15	3.29463018e+15	2.92985200e-03
234800	6144.78824540	1174	8.65781711e-05	1174.00000000	3.16772848e+15	3.29472452e+15	2.92993104e-03
235000	6150.02362423	1175	8.66519174e-05	1175.00000000	3.16782229e+15	3.29481855e+15	2.93000983e-03
235200	6155.27724463	1176	8.67256637e-05	1176.00000000	3.16791581e+15	3.29491229e+15	2.93008837e-03
235400	6160.48643645	1177	8.67994100e-05	1177.00000000	3.16800904e+15	3.29500574e+15	2.93016666e-03
235600	6165.75245432	1178	8.68731563e-05	1178.00000000	3.16810197e+15	3.29509889e+15	2.93024470e-03
235800	6170.96361593	1179	8.69469027e-05	1179.00000000	3.16819461e+15	3.29519174e+15	2.93032250e-03
236000	6176.22982801	1180	8.70206490e-05	1180.00000000	3.16828696e+15	3.29528431e+15	2.93040006e-03
236200	6181.43724963	1181	8.70943953e-05	1181.00000000	3.16837902e+15	3.29537658e+15	2.93047737e-03
236400	6186.64538973	1182	8.71681416e-05	1182.00000000	3.16847079e+15	3.29546857e+15	2.93055443e-03
236600	6191.84761261	1183	8.72418879e-05	1183.00000000	3.16856227e+15	3.29556027e+15	2.93063125e-03
236800	6197.08851541	1184	8.73156342e-05	1184.00000000	3.16865347e+15	3.29565168e+15	2.93070784e-03
237000	6202.28140001	1185	8.73893805e-05	1185.00000000	3.16874438e+15	3.29574281e+15	2.93078418e-03
237200	6207.47467113	1186	8.74631268e-05	1186.00000000	3.16883501e+15	3.29583365e+15	2.93086029e-03
237400	6212.72262185	1187	8.75368732e-05	1187.00000000	3.16892536e+15	3.29592421e+15	2.93093616e-03
237600	6217.95722118	1188	8.76106195e-05	1188.00000000	3.16901542e+15	3.29601449e+15	2.93101179e-03
237800	6223.16384496	1189	8.76843658e-05	1189.00000000	3.16910521e+15	3.29610449e+15	2.93108719e-03
238000	6228.34451297	1190	8.77581121e-05	1190.00000000	3.16919472e+15	3.29619420e+15	2.93116235e-03
238200	6233.59842038	1191	8.78318584e-05	1191.00000000	3.16928394e+15	3.29628364e+15	2.93123728e-03
238400	6238.85388608	1192	8.79056047e-05	1192.00000000	3.16937290e+15	3.29637281e+15	2.93131198e-03
238600	6244.05955998	1193	8.79793510e-05	1193.00000000	3.16946157e+15	3.29646169e+15	2.93138644e-03
238800	6249.28809019	1194	8.80530973e-05	1194.00000000	3.16954997e+15	3.29655030e+15	2.93146067e-03
239000	6254.53723707	1195	8.81268437e-05	1195.00000000	3.16963810e+15	3.29663864e+15	2.93153467e-03
239200	6259.72288735	1196	8.82005900e-05	1196.00000000	3.16972596e+15	3.29672670e+15	2.93160845e-03
239400	6264.89583887	1197	8.82743363e-05	1197.00000000	3.16981354e+15	3.29681450e+15	2.93168199e-03
239600	6270.09824705	1198	8.83480826e-05	1198.00000000	3.16990086e+15	3.29690202e+15	2.93175531e-03
239800	6275.36616773	1199	8.84218289e-05	1199.00000000	3.16998790e+15	3.29698927e+15	2.93182840e-03
240000	6280.60878431	1200	8.84955752e-05	1200.00000000	3.17007468e+15	3.29707625e+15	2.93190127e-03
240200	6285.85576366	1201	8.85693215e-05	1201.00000000	3.17016118e+15	3.29716296e+15	2.93197391e-03
240400	6291.11110347	1202	8.86430678e-05	1202.00000000	3.17024742e+15	3.29724941e+15	2.93204633e-03
240600	6296.38507751	1203	8.87168142e-05	1203.00000000	3.17033340e+15	3.29733559e+15	2.93211852e-03
240800	6301.63874518	1204	8.87905605e-05	1204.00000000	3.17041911e+15	3.29742150e+15	2.93219050e-03
241000	6306.88085388	1205	8.88643068e-05	1205.00000000	3.17050456e+15	3.29750715e+15	2.93226225e-03
241200	6312.07882041	1206	8.89380531e-05	1206.00000000	3.17058975e+15	3.29759254e+15	2.93233378e-03
241400	6317.33947731	1207	8.90117994e-05	1207.00000000	3.17067468e+15	3.29767768e+15	2.93240510e-03
241600	6322.60867992	1208	8.90855457e-05	1208.00000000	3.17075935e+15	3.29776255e+15	2.93247619e-03
241800	6327.87777400	1209	8.91592920e-05	1209.00000000	3.17084376e+15	3.29784716e+15	2.93254708e-03
242000	6333.11224816	1210	8.92330383e-05	1210.00000000	3.17092792e+15	3.29793152e+15	2.93261774e-03
242200	6338.31309698	1211	8.93067847e-05	1211.00000000	3.17101182e+15	3.29801563e+15	2.93268820e-03
242400	6343.52023302	1212	8.93805310e-05	1212.00000000	3.17109548e+15	3.29809948e+15	2.93275844e-03
242600	6348.70496209	1213	8.94542773e-05	1213.00000000	3.17117887e+15	3.29818307e+15	2.93282847e-03
242800	6353.97355626	1214	8.95280236e-05	1214.00000000	3.17126202e+15	3.29826642e+15	2.93289829e-03
243000	6359.22398330	1215	8.96017699e-05	1215.00000000	3.17134491e+15	3.29834951e+15	2.93296790e-03
243200	6364.48926018	1216	8.96755162e-05	1216.00000000	3.17142756e+15	3.29843236e+15	2.93303730e-03
243400	6369.69104728	1217	8.97492625e-05	1217.00000000	3.17150996e+15	3.29851495e+15	2.93310649e-03
243600	6374.88603365	1218	8.98230088e-05	1218.00000000	3.17159211e+15	3.29859730e+15	2.93317547e-03
243800	6380.14937816	1219	8.98967552e-05	1219.00000000	3.17167401e+15	3.29867940e+15	2.93324429e-03
244000	6385.37602573	1220	8.99705015e-05	1220.00000000	3.17175567e+15	3.29876125e+15	2.93331286e-03
244200	6390.64424138	1221	9.00442478e-05	1221.00000000	3.17183708e+15	3.29884286e+15	2.93338123e-03
244400	6395.89942786	1222	9.01179941e-05	1222.00000000	3.17191825e+15	3.29892422e+15	2.93344939e-03
244600	6401.10430678	1223	9.01917404e-05	1223.00000000	3.17199917e+15	3.29900533e+15	2.93351734e-03
244800	6406.32094697	1224	9.02654867e-05	1224.00000000	3.17207984e+15	3.29908620e+15	2.93358509e-03
245000	6411.58261012	1225	9.03392330e-05	1225.00000000	3.17216027e+15	3.29916682e+15	2.93365264e-03
245200	6416.83966519	1226	9.04129794e-05	1226.00000000	3.17224045e+15	3.29924719e+15	2.93371998e-03
245400	6422.11126192	1227	9.04867257e-05	1227.00000000	3.17232039e+15	3.29932732e+15	2.93378711e-03
245600	6427.37479837	1228	9.05604720e-05	1228.00000000	3.17240008e+15	3.29940720e+15	2.93385404e-03
245800	6432.59571500	1229	9.06342183e-05	1229.00000000	3.17247953e+15	3.29948684e+15	2.93392076e-03
246000	6437.79956306	1230	9.07079646e-05	1230.00000000	3.17255874e+15	3.29956624e+15	2.93398729e-03
246200	6443.05496386	1231	9.07817109e-05	1231.00000000	3.17263770e+15	3.29964539e+15	2.93405361e-03
246400	6448.30188551	1232	9.08554572e-05	1232.00000000	3.17271642e+15	3.29972431e+15	2.93411972e-03
246600	6453.53028377	1233	9.09292035e-05	1233.00000000	3.17279490e+15	3.29980298e+15	2.93418564e-03
246800	6458.78306681	1234	9.10029499e-05	1234.00000000	3.17287314e+15	3.29988140e+15	2.93425135e-03
247000	6464.00814003	1235	9.10766962e-05	1235.00000000	3.17295115e+15	3.29995960e+15	2.93431687e-03
247200	6469.20102166	1236	9.11504425e-05	1236.00000000	3.17302891e+15	3.30003755e+15	2.93438218e-03
247400	6474.45114174	1237	9.12241888e-05	1237.00000000	3.17310644e+15	3.30011526e+15	2.93444729e-03
247600	6479.72511730	1238	9.12979351e-05	1238.00000000	3.17318374e+15	3.30019274e+15	2.93451221e-03
247800	6484.94831513	1239	9.13716814e-05	1239.00000000	3.17326080e+15	3.30026999e+15	2.93457693e-03
248000	6490.21122017	1240	9.14454277e-05	1240.00000000	3.17333762e+15	3.30034700e+15	2.93464146e-03
248200	6495.42670080	1241	9.15191740e-05	1241.00000000	3.17341421e+15	3.30042377e+15	2.93470579e-03
248400	6500.68121652	1242	9.15929204e-05	1242.00000000	3.17349057e+15	3.30050032e+15	2.93476992e-03
248600	6505.91267920	1243	9.16666667e-05	1243.00000000	3.17356670e+15	3.30057663e+15	2.93483386e-03
248800	6511.17701038	1244	9.17404130e-05	1244.00000000	3.17364259e+15	3.30065270e+15	2.93489760e-03
249000	6516.37080799	1245	9.18141593e-05	1245.00000000	3.17371826e+15	3.30072855e+15	2.93496114e-03
249200	6521.59108276	1246	9.18879056e-05	1246.00000000	3.17379369e+15	3.30080417e+15	2.93502450e-03
249400	6526.85176533	1247	9.19616519e-05	1247.00000000	3.17386890e+15	3.30087956e+15	2.93508766e-03
249600	6532.09727172	1248	9.20353982e-05	1248.00000000	3.17394388e+15	3.30095472e+15	2.93515065e-03
249800	6537.32212778	1249	9.21091445e-05	1249.00000000	3.17401863e+15	3.30102965e+15	2.93521343e-03
250000	6542.55746123	1250	9.21828909e-05	1250.00000000	3.17409316e+15	3.30110435e+15	2.93527602e-03
250200	6547.79573343	1251	9.22566372e-05	1251.00000000	3.17416746e+15	3.30117883e+15	2.93533841e-03
250400	6553.07152740	1252	9.23303835e-05	1252.00000000	3.17424153e+15	3.30125309e+15	2.93540062e-03
250600	6558.32446251	1253	9.24041298e-05	1253.00000000	3.17431538e+15	3.30132711e+15	2.93546264e-03
250800	6563.54907130	1254	9.24778761e-05	1254.00000000	3.17438901e+15	3.30140092e+15	2.93552448e-03
251000	6568.75818326	1255	9.25516224e-05	1255.00000000	3.17446242e+15	3.30147451e+15	2.93558613e-03
251200	6573.99872622	1256	9.26253687e-05	1256.00000000	3.17453561e+15	3.30154787e+15	2.93564759e-03
251400	6579.26790114	1257	9.26991150e-05	1257.00000000	3.17460858e+15	3.30162102e+15	2.93570888e-03
251600	6584.55258399	1258	9.27728614e-05	1258.00000000	3.17468133e+15	3.30169394e+15	2.93576998e-03
251800	6589.74867067	1259	9.28466077e-05	1259.00000000	3.17475386e+15	3.30176665e+15	2.93583089e-03
252000	6594.98820011	1260	9.29203540e-05	1260.00000000	3.17482618e+15	3.30183914e+15	2.93589162e-03
252200	6600.26023377	1261	9.29941003e-05	1261.00000000	3.17489828e+15	3.30191142e+15	2.93595218e-03
252400	6605.51318217	1262	9.30678466e-05	1262.00000000	3.17497016e+15	3.30198347e+15	2.93601255e-03
252600	6610.77077845	1263	9.31415929e-05	1263.00000000	3.17504183e+15	3.30205531e+15	2.93607274e-03
252800	6616.03566923	1264	9.32153392e-05	1264.00000000	3.17511327e+15	3.30212693e+15	2.93613274e-03
253000	6621.30005817	1265	9.32890855e-05	1265.00000000	3.17518451e+15	3.30219833e+15	2.93619257e-03
253200	6626.51192985	1266	9.33628319e-05	1266.00000000	3.17525552e+15	3.30226952e+15	2.93625222e-03
253400	6631.74917247	1267	9.34365782e-05	1267.00000000	3.17532632e+15	3.30234049e+15	2.93631169e-03
253600	6637.00539742	1268	9.35103245e-05	1268.00000000	3.17539691e+15	3.30241125e+15	2.93637097e-03
253800	6642.27506194	1269	9.35840708e-05	1269.00000000	3.17546728e+15	3.30248179e+15	2.93643008e-03
254000	6647.54365145	1270	9.36578171e-05	1270.00000000	3.17553744e+15	3.30255211e+15	2.93648901e-03
254200	6652.81537482	1271	9.37315634e-05	1271.00000000	3.17560738e+15	3.30262223e+15	2.93654776e-03
254400	6658.01156167	1272	9.38053097e-05	1272.00000000	3.17567711e+15	3.30269213e+15	2.93660633e-03
254600	6663.26554571	1273	9.38790560e-05	1273.00000000	3.17574664e+15	3.30276182e+15	2.93666473e-03
254800	6668.54070617	1274	9.39528024e-05	1274.00000000	3.17581595e+15	3.30283130e+15	2.93672295e-03
255000	6673.81445904	1275	9.40265487e-05	1275.00000000	3.17588506e+15	3.30290057e+15	2.93678100e-03
255200	6679.03738932	1276	9.41002950e-05	1276.00000000	3.17595395e+15	3.30296963e+15	2.93683887e-03
255400	6684.26434376	1277	9.41740413e-05	1277.00000000	3.17602264e+15	3.30303848e+15	2.93689656e-03
255600	6689.50901900	1278	9.42477876e-05	1278.00000000	3.17609112e+15	3.30310713e+15	2.93695408e-03
255800	6694.78003165	1279	9.43215339e-05	1279.00000000	3.17615940e+15	3.30317557e+15	2.93701143e-03
256000	6699.96979500	1280	9.43952802e-05	1280.00000000	3.17622747e+15	3.30324380e+15	2.93706860e-03
256200	6705.23460942	1281	9.44690265e-05	1281.00000000	3.17629533e+15	3.30331183e+15	2.93712561e-03
256400	6710.49923351	1282	9.45427729e-05	1282.00000000	3.17636299e+15	3.30337965e+15	2.93718244e-03
256600	6715.73029537	1283	9.46165192e-05	1283.00000000	3.17643044e+15	3.30344727e+15	2.93723910e-03
256800	6720.99493141	1284	9.46902655e-05	1284.00000000	3.17649769e+15	3.30351468e+15	2.93729559e-03
257000	6726.24473653	1285	9.47640118e-05	1285.00000000	3.17656474e+15	3.30358188e+15	2.93735191e-03
257200	6731.48265759	1286	9.48377581e-05	1286.00000000	3.17663158e+15	3.30364888e+15	2.93740806e-03
257400	6736.68314189	1287	9.49115044e-05	1287.00000000	3.17669822e+15	3.30371568e+15	2.93746404e-03
257600	6741.95567896	1288	9.49852507e-05	1288.00000000	3.17676465e+15	3.30378228e+15	2.93751985e-03
257800	6747.17934421	1289	9.50589971e-05	1289.00000000	3.17683089e+15	3.30384867e+15	2.93757549e-03
258000	6752.40227459	1290	9.51327434e-05	1290.00000000	3.17689693e+15	3.30391487e+15	2.93763097e-03
258200	6757.58822034	1291	9.52064897e-05	1291.00000000	3.17696277e+15	3.30398087e+15	2.93768627e-03
258400	6762.81944065	1292	9.52802360e-05	1292.00000000	3.17702842e+15	3.30404667e+15	2.93774142e-03
258600	6768.04224871	1293	9.53539823e-05	1293.00000000	3.17709386e+15	3.30411227e+15	2.93779639e-03
258800	6773.22506441	1294	9.54277286e-05	1294.00000000	3.17715911e+15	3.30417768e+15	2.93785121e-03
259000	6778.46768126	1295	9.55014749e-05	1295.00000000	3.17722417e+15	3.30424289e+15	2.93790585e-03
259200	6783.72259889	1296	9.55752212e-05	1296.00000000	3.17728903e+15	3.30430790e+15	2.93796034e-03
259400	6788.91774699	1297	9.56489676e-05	1297.00000000	3.17735369e+15	3.30437272e+15	2.93801466e-03
259600	6794.16191770	1298	9.57227139e-05	1298.00000000	3.17741816e+15	3.30443735e+15	2.93806881e-03
259800	6799.36048975	1299	9.57964602e-05	1299.00000000	3.17748244e+15	3.30450177e+15	2.93812281e-03
260000	6804.61091288	1300	9.58702065e-05	1300.00000000	3.17754652e+15	3.30456601e+15	2.93817664e-03
260200	6809.81794382	1301	9.59439528e-05	1301.00000000	3.17761040e+15	3.30463004e+15	2.93823031e-03
260400	6815.05764131	1302	9.60176991e-05	1302.00000000	3.17767409e+15	3.30469389e+15	2.93828382e-03
260600	6820.27954891	1303	9.60914454e-05	1303.00000000	3.17773759e+15	3.30475754e+15	2.93833717e-03
260800	6825.46433944	1304	9.61651917e-05	1304.00000000	3.17780090e+15	3.30482100e+15	2.93839035e-03
261000	6830.70466871	1305	9.62389381e-05	1305.00000000	3.17786402e+15	3.30488427e+15	2.93844337e-03
261200	6835.89000257	1306	9.63126844e-05	1306.00000000	3.17792695e+15	3.30494734e+15	2.93849624e-03
261400	6841.14728218	1307	9.63864307e-05	1307.00000000	3.17798969e+15	3.30501023e+15	2.93854894e-03
261600	6846.38482673	1308	9.64601770e-05	1308.00000000	3.17805224e+15	3.30507293e+15	2.93860149e-03
261800	6851.65911421	1309	9.65339233e-05	1309.00000000	3.17811460e+15	3.30513544e+15	2.93865388e-03
262000	6856.92203586	1310	9.66076696e-05	1310.00000000	3.17817677e+15	3.30519776e+15	2.93870611e-03
262200	6862.16505462	1311	9.66814159e-05	1311.00000000	3.17823876e+15	3.30525990e+15	2.93875819e-03
262400	6867.40672918	1312	9.67551622e-05	1312.00000000	3.17830056e+15	3.30532184e+15	2.93881010e-03
262600	6872.67888398	1313	9.68289086e-05	1313.00000000	3.17836217e+15	3.30538360e+15	2.93886186e-03
262800	6877.87289887	1314	9.69026549e-05	1314.00000000	3.17842360e+15	3.30544518e+15	2.93891347e-03
263000	6883.12914819	1315	9.69764012e-05	1315.00000000	3.17848485e+15	3.30550657e+15	2.93896492e-03
263200	6888.40316814	1316	9.70501475e-05	1316.00000000	3.17854591e+15	3.30556777e+15	2.93901622e-03
263400	6893.63491988	1317	9.71238938e-05	1317.00000000	3.17860678e+15	3.30562879e+15	2.93906736e-03
263600	6898.87337386	1318	9.71976401e-05	1318.00000000	3.17866747e+15	3.30568963e+15	2.93911835e-03
263800	6904.09913559	1319	9.72713864e-05	1319.00000000	3.17872799e+15	3.30575028e+15	2.93916918e-03
264000	6909.32837211	1320	9.73451327e-05	1320.00000000	3.17878832e+15	3.30581076e+15	2.93921987e-03
264200	6914.54062144	1321	9.74188791e-05	1321.00000000	3.17884847e+15	3.30587105e+15	2.93927040e-03
264400	6919.74113047	1322	9.74926254e-05	1322.00000000	3.17890844e+15	3.30593116e+15	2.93932078e-03
264600	6924.97838767	1323	9.75663717e-05	1323.00000000	3.17896824e+15	3.30599110e+15	2.93937101e-03
264800	6930.23195818	1324	9.76401180e-05	1324.00000000	3.17902785e+15	3.30605086e+15	2.93942109e-03
265000	6935.48204672	1325	9.77138643e-05	1325.00000000	3.17908729e+15	3.30611044e+15	2.93947102e-03
265200	6940.75341096	1326	9.77876106e-05	1326.00000000	3.17914656e+15	3.30616984e+15	2.93952081e-03
265400	6945.95572726	1327	9.78613569e-05	1327.00000000	3.17920565e+15	3.30622907e+15	2.93957044e-03
265600	6951.20883981	1328	9.79351032e-05	1328.00000000	3.17926457e+15	3.30628813e+15	2.93961993e-03
265800	6956.47179624	1329	9.80088496e-05	1329.00000000	3.17932331e+15	3.30634701e+15	2.93966928e-03
266000	6961.74560785	1330	9.80825959e-05	1330.00000000	3.17938188e+15	3.30640572e+15	2.93971848e-03
266200	6967.01415396	1331	9.81563422e-05	1331.00000000	3.17944028e+15	3.30646426e+15	2.93976753e-03
266400	6972.22942940	1332	9.82300885e-05	1332.00000000	3.17949851e+15	3.30652263e+15	2.93981644e-03
266600	6977.50258876	1333	9.83038348e-05	1333.00000000	3.17955657e+15	3.30658082e+15	2.93986521e-03
266800	6982.70721282	1334	9.83775811e-05	1334.00000000	3.17961446e+15	3.30663885e+15	2.93991384e-03
267000	6987.91831667	1335	9.84513274e-05	1335.00000000	3.17967218e+15	3.30669670e+15	2.93996233e-03
267200	6993.10494044	1336	9.85250737e-05	1336.00000000	3.17972973e+15	3.30675439e+15	2.94001067e-03
267400	6998.29038258	1337	9.85988201e-05	1337.00000000	3.17978711e+15	3.30681190e+15	2.94005887e-03
267600	7003.52615326	1338	9.86725664e-05	1338.00000000	3.17984433e+15	3.30686925e+15	2.94010693e-03
267800	7008.79406886	1339	9.87463127e-05	1339.00000000	3.17990137e+15	3.30692644e+15	2.94015485e-03
268000	7014.04794563	1340	9.88200590e-05	1340.00000000	3.17995825e+15	3.30698345e+15	2.94020264e-03
268200	7019.30241305	1341	9.88938053e-05	1341.00000000	3.18001497e+15	3.30704030e+15	2.94025028e-03
268400	7024.57228750	1342	9.89675516e-05	1342.00000000	3.18007152e+15	3.30709698e+15	2.94029778e-03
268600	7029.80202984	1343	9.90412979e-05	1343.00000000	3.18012790e+15	3.30715350e+15	2.94034515e-03
268800	7035.00180598	1344	9.91150442e-05	1344.00000000	3.18018412e+15	3.30720985e+15	2.94039237e-03
269000	7040.19634497	1345	9.91887906e-05	1345.00000000	3.18024018e+15	3.30726604e+15	2.94043946e-03
269200	7045.39278009	1346	9.92625369e-05	1346.00000000	3.18029607e+15	3.30732206e+15	2.94048641e-03
269400	7050.64316601	1347	9.93362832e-05	1347.00000000	3.18035180e+15	3.30737792e+15	2.94053323e-03
269600	7055.88203521	1348	9.94100295e-05	1348.00000000	3.18040737e+15	3.30743362e+15	2.94057991e-03
269800	7061.10949217	1349	9.94837758e-05	1349.00000000	3.18046278e+15	3.30748916e+15	2.94062645e-03
270000	7066.30927314	1350	9.95575221e-05	1350.00000000	3.18051803e+15	3.30754454e+15	2.94067286e-03
270200	7071.50575000	1351	9.96312684e-05	1351.00000000	3.18057312e+15	3.30759976e+15	2.94071913e-03
270400	7076.71004903	1352	9.97050147e-05	1352.00000000	3.18062805e+15	3.30765482e+15	2.94076527e-03
270600	7081.93377100	1353	9.97787611e-05	1353.00000000	3.18068282e+15	3.30770972e+15	2.94081128e-03
270800	7087.17643882	1354	9.98525074e-05	1354.00000000	3.18073743e+15	3.30776446e+15	2.94085715e-03
271000	7092.42679721	1355	9.99262537e-05	1355.00000000	3.18079189e+15	3.30781904e+15	2.94090290e-03
271200	7097.65505212	1356	1.00000000e-04	1356.00000000	3.18084619e+15	3.30787347e+15	2.94094851e-03
271400	7102.91714544	1357	1.00073746e-04	1357.00000000	3.18090034e+15	3.30792774e+15	2.94099399e-03
271600	7108.15197317	1358	1.00147493e-04	1358.00000000	3.18095433e+15	3.30798186e+15	2.94103934e-03
271800	7113.42214693	1359	1.00221239e-04	1359.00000000	3.18100817e+15	3.30803583e+15	2.94108456e-03
272000	7118.69518694	1360	1.00294985e-04	1360.00000000	3.18106186e+15	3.30808964e+15	2.94112965e-03
272200	7123.91744769	1361	1.00368732e-04	1361.00000000	3.18111539e+15	3.30814330e+15	2.94117462e-03
272400	7129.16777383	1362	1.00442478e-04	1362.00000000	3.18116878e+15	3.30819681e+15	2.94121945e-03
272600	7134.34909446	1363	1.00516224e-04	1363.00000000	3.18122201e+15	3.30825016e+15	2.94126417e-03
272800	7139.59255926	1364	1.00589971e-04	1364.00000000	3.18127509e+15	3.30830337e+15	2.94130875e-03
273000	7144.79511012	1365	1.00663717e-04	1365.00000000	3.18132802e+15	3.30835643e+15	2.94135321e-03
273200	7149.97619456	1366	1.00737463e-04	1366.00000000	3.18138080e+15	3.30840933e+15	2.94139754e-03
273400	7155.19918454	1367	1.00811209e-04	1367.00000000	3.18143343e+15	3.30846208e+15	2.94144175e-03
273600	7160.45036799	1368	1.00884956e-04	1368.00000000	3.18148592e+15	3.30851469e+15	2.94148583e-03
273800	7165.72289714	1369	1.00958702e-04	1369.00000000	3.18153825e+15	3.30856714e+15	2.94152978e-03
274000	7170.99203869	1370	1.01032448e-04	1370.00000000	3.18159043e+15	3.30861945e+15	2.94157362e-03
274200	7176.20990173	1371	1.01106195e-04	1371.00000000	3.18164247e+15	3.30867161e+15	2.94161732e-03
274400	7181.39653686	1372	1.01179941e-04	1372.00000000	3.18169436e+15	3.30872362e+15	2.94166091e-03
274600	7186.60219154	1373	1.01253687e-04	1373.00000000	3.18174610e+15	3.30877548e+15	2.94170437e-03
274800	7191.79841881	1374	1.01327434e-04	1374.00000000	3.18179770e+15	3.30882720e+15	2.94174771e-03
275000	7196.99482439	1375	1.01401180e-04	1375.00000000	3.18184914e+15	3.30887877e+15	2.94179092e-03
275200	7202.22595195	1376	1.01474926e-04	1376.00000000	3.18190045e+15	3.30893019e+15	2.94183402e-03
275400	7207.45831547	1377	1.01548673e-04	1377.00000000	3.18195160e+15	3.30898146e+15	2.94187699e-03
275600	7212.69637780	1378	1.01622419e-04	1378.00000000	3.18200261e+15	3.30903259e+15	2.94191984e-03
275800	7217.93899455	1379	1.01696165e-04	1379.00000000	3.18205348e+15	3.30908358e+15	2.94196256e-03
276000	7223.19936360	1380	1.01769912e-04	1380.00000000	3.18210420e+15	3.30913442e+15	2.94200517e-03
276200	7228.40206865	1381	1.01843658e-04	1381.00000000	3.18215478e+15	3.30918511e+15	2.94204766e-03
276400	7233.64789503	1382	1.01917404e-04	1382.00000000	3.18220522e+15	3.30923567e+15	2.94209002e-03
276600	7238.90897447	1383	1.01991150e-04	1383.00000000	3.18225551e+15	3.30928608e+15	2.94213227e-03
276800	7244.16160254	1384	1.02064897e-04	1384.00000000	3.18230566e+15	3.30933634e+15	2.94217440e-03
277000	7249.42955609	1385	1.02138643e-04	1385.00000000	3.18235567e+15	3.30938647e+15	2.94221641e-03
277200	7254.64865748	1386	1.02212389e-04	1386.00000000	3.18240554e+15	3.30943645e+15	2.94225830e-03
277400	7259.88663006	1387	1.02286136e-04	1387.00000000	3.18245527e+15	3.30948630e+15	2.94230007e-03
277600	7265.12514907	1388	1.02359882e-04	1388.00000000	3.18250486e+15	3.30953600e+15	2.94234172e-03
277800	7270.39694919	1389	1.02433628e-04	1389.00000000	3.18255431e+15	3.30958557e+15	2.94238326e-03
278000	7275.59261194	1390	1.02507375e-04	1390.00000000	3.18260363e+15	3.30963500e+15	2.94242468e-03
278200	7280.85823192	1391	1.02581121e-04	1391.00000000	3.18265280e+15	3.30968429e+15	2.94246598e-03
278400	7286.12915857	1392	1.02654867e-04	1392.00000000	3.18270184e+15	3.30973344e+15	2.94250717e-03
278600	7291.32067923	1393	1.02728614e-04	1393.00000000	3.18275074e+15	3.30978245e+15	2.94254825e-03
278800	7296.51346068	1394	1.02802360e-04	1394.00000000	3.18279950e+15	3.30983133e+15	2.94258921e-03
279000	7301.78047287	1395	1.02876106e-04	1395.00000000	3.18284813e+15	3.30988007e+15	2.94263005e-03
279200	7307.03328024	1396	1.02949853e-04	1396.00000000	3.18289662e+15	3.30992867e+15	2.94267078e-03
279400	7312.24866447	1397	1.03023599e-04	1397.00000000	3.18294498e+15	3.30997714e+15	2.94271140e-03
279600	7317.46365414	1398	1.03097345e-04	1398.00000000	3.18299320e+15	3.31002547e+15	2.94275190e-03
279800	7322.67125940	1399	1.03171091e-04	1399.00000000	3.18304128e+15	3.31007367e+15	2.94279229e-03
280000	7327.94392517	1400	1.03244838e-04	1400.00000000	3.18308924e+15	3.31012173e+15	2.94283257e-03
280200	7333.19062929	1401	1.03318584e-04	1401.00000000	3.18313705e+15	3.31016966e+15	2.94287274e-03
280400	7338.43978843	1402	1.03392330e-04	1402.00000000	3.18318474e+15	3.31021745e+15	2.94291279e-03
280600	7343.68610271	1403	1.03466077e-04	1403.00000000	3.18323229e+15	3.31026511e+15	2.94295273e-03
280800	7348.95873428	1404	1.03539823e-04	1404.00000000	3.18327970e+15	3.31031264e+15	2.94299256e-03
281000	7354.16541821	1405	1.03613569e-04	1405.00000000	3.18332699e+15	3.31036003e+15	2.94303227e-03
281200	7359.42425405	1406	1.03687316e-04	1406.00000000	3.18337414e+15	3.31040729e+15	2.94307188e-03
281400	7364.65653415	1407	1.03761062e-04	1407.00000000	3.18342116e+15	3.31045442e+15	2.94311138e-03
281600	7369.86702753	1408	1.03834808e-04	1408.00000000	3.18346805e+15	3.31050142e+15	2.94315076e-03
281800	7375.05005653	1409	1.03908555e-04	1409.00000000	3.18351481e+15	3.31054829e+15	2.94319004e-03
282000	7380.31311565	1410	1.03982301e-04	1410.00000000	3.18356144e+15	3.31059502e+15	2.94322920e-03
282200	7385.57104104	1411	1.04056047e-04	1411.00000000	3.18360794e+15	3.31064163e+15	2.94326826e-03
282400	7390.76338758	1412	1.04129794e-04	1412.00000000	3.18365430e+15	3.31068810e+15	2.94330721e-03
282600	7395.96904254	1413	1.04203540e-04	1413.00000000	3.18370054e+15	3.31073445e+15	2.94334605e-03
282800	7401.23710152	1414	1.04277286e-04	1414.00000000	3.18374665e+15	3.31078066e+15	2.94338478e-03
283000	7406.41725812	1415	1.04351032e-04	1415.00000000	3.18379263e+15	3.31082675e+15	2.94342340e-03
283200	7411.59994388	1416	1.04424779e-04	1416.00000000	3.18383848e+15	3.31087271e+15	2.94346191e-03
283400	7416.87011058	1417	1.04498525e-04	1417.00000000	3.18388421e+15	3.31091853e+15	2.94350032e-03
283600	7422.08634455	1418	1.04572271e-04	1418.00000000	3.18392980e+15	3.31096423e+15	2.94353862e-03
283800	7427.30163694	1419	1.04646018e-04	1419.00000000	3.18397527e+15	3.31100980e+15	2.94357681e-03
284000	7432.54974974	1420	1.04719764e-04	1420.00000000	3.18402061e+15	3.31105525e+15	2.94361490e-03
284200	7437.74197977	1421	1.04793510e-04	1421.00000000	3.18406582e+15	3.31110056e+15	2.94365287e-03
284400	7443.00700957	1422	1.04867257e-04	1422.00000000	3.18411090e+15	3.31114575e+15	2.94369075e-03
284600	7448.27879584	1423	1.04941003e-04	1423.00000000	3.18415586e+15	3.31119081e+15	2.94372851e-03
284800	7453.50718528	1424	1.05014749e-04	1424.00000000	3.18420070e+15	3.31123575e+15	2.94376618e-03
285000	7458.70996450	1425	1.05088496e-04	1425.00000000	3.18424540e+15	3.31128056e+15	2.94380373e-03
285200	7463.94686707	1426	1.05162242e-04	1426.00000000	3.18428998e+15	3.31132524e+15	2.94384118e-03
285400	7469.15070145	1427	1.05235988e-04	1427.00000000	3.18433444e+15	3.31136980e+15	2.94387853e-03
285600	7474.40063397	1428	1.05309735e-04	1428.00000000	3.18437877e+15	3.31141423e+15	2.94391577e-03
285800	7479.67349613	1429	1.05383481e-04	1429.00000000	3.18442298e+15	3.31145854e+15	2.94395290e-03
286000	7484.90142890	1430	1.05457227e-04	1430.00000000	3.18446706e+15	3.31150272e+15	2.94398994e-03
286200	7490.13788430	1431	1.05530973e-04	1431.00000000	3.18451101e+15	3.31154678e+15	2.94402686e-03
286400	7495.36542586	1432	1.05604720e-04	1432.00000000	3.18455485e+15	3.31159072e+15	2.94406368e-03
286600	7500.60093682	1433	1.05678466e-04	1433.00000000	3.18459856e+15	3.31163453e+15	2.94410040e-03
286800	7505.86137913	1434	1.05752212e-04	1434.00000000	3.18464215e+15	3.31167822e+15	2.94413702e-03
287000	7511.13101766	1435	1.05825959e-04	1435.00000000	3.18468561e+15	3.31172178e+15	2.94417353e-03
287200	7516.40284476	1436	1.05899705e-04	1436.00000000	3.18472896e+15	3.31176522e+15	2.94420995e-03
287400	7521.66352744	1437	1.05973451e-04	1437.00000000	3.18477218e+15	3.31180855e+15	2.94424626e-03
287600	7526.88176889	1438	1.06047198e-04	1438.00000000	3.18481528e+15	3.31185175e+15	2.94428246e-03
287800	7532.11624221	1439	1.06120944e-04	1439.00000000	3.18485826e+15	3.31189483e+15	2.94431857e-03
288000	7537.38289880	1440	1.06194690e-04	1440.00000000	3.18490112e+15	3.31193779e+15	2.94435458e-03
288200	7542.62876813	1441	1.06268437e-04	1441.00000000	3.18494387e+15	3.31198063e+15	2.94439048e-03
288400	7547.89839011	1442	1.06342183e-04	1442.00000000	3.18498649e+15	3.31202334e+15	2.94442628e-03
288600	7553.16927803	1443	1.06415929e-04	1443.00000000	3.18502899e+15	3.31206594e+15	2.94446199e-03
288800	7558.43938365	1444	1.06489676e-04	1444.00000000	3.18507137e+15	3.31210842e+15	2.94449759e-03
289000	7563.71409615	1445	1.06563422e-04	1445.00000000	3.18511364e+15	3.31215078e+15	2.94453309e-03
289200	7568.98413621	1446	1.06637168e-04	1446.00000000	3.18515578e+15	3.31219303e+15	2.94456850e-03
289400	7574.20310528	1447	1.06710914e-04	1447.00000000	3.18519781e+15	3.31223515e+15	2.94460380e-03
289600	7579.47085204	1448	1.06784661e-04	1448.00000000	3.18523972e+15	3.31227716e+15	2.94463901e-03
289800	7584.67136905	1449	1.06858407e-04	1449.00000000	3.18528152e+15	3.31231905e+15	2.94467411e-03
290000	7589.93924098	1450	1.06932153e-04	1450.00000000	3.18532320e+15	3.31236082e+15	2.94470912e-03
290200	7595.21069500	1451	1.07005900e-04	1451.00000000	3.18536476e+15	3.31240248e+15	2.94474404e-03
290400	7600.48245044	1452	1.07079646e-04	1452.00000000	3.18540620e+15	3.31244402e+15	2.94477885e-03
290600	7605.75060115	1453	1.07153392e-04	1453.00000000	3.18544753e+15	3.31248544e+15	2.94481357e-03
290800	7611.01860055	1454	1.07227139e-04	1454.00000000	3.18548874e+15	3.31252675e+15	2.94484819e-03
291000	7616.20728728	1455	1.07300885e-04	1455.00000000	3.18552984e+15	3.31256794e+15	2.94488271e-03
291200	7621.45211010	1456	1.07374631e-04	1456.00000000	3.18557083e+15	3.31260902e+15	2.94491714e-03
291400	7626.66729753	1457	1.07448378e-04	1457.00000000	3.18561170e+15	3.31264998e+15	2.94495147e-03
291600	7631.93394268	1458	1.07522124e-04	1458.00000000	3.18565246e+15	3.31269083e+15	2.94498570e-03
291800	7637.16422608	1459	1.07595870e-04	1459.00000000	3.18569310e+15	3.31273157e+15	2.94501984e-03
292000	7642.40927773	1460	1.07669617e-04	1460.00000000	3.18573363e+15	3.31277219e+15	2.94505388e-03
292200	7647.59506384	1461	1.07743363e-04	1461.00000000	3.18577405e+15	3.31281270e+15	2.94508784e-03
292400	7652.78221801	1462	1.07817109e-04	1462.00000000	3.18581436e+15	3.31285310e+15	2.94512169e-03
292600	7657.97613330	1463	1.07890855e-04	1463.00000000	3.18585456e+15	3.31289339e+15	2.94515545e-03
292800	7663.25005055	1464	1.07964602e-04	1464.00000000	3.18589464e+15	3.31293357e+15	2.94518912e-03
293000	7668.47979660	1465	1.08038348e-04	1465.00000000	3.18593462e+15	3.31297363e+15	2.94522270e-03
293200	7673.71328715	1466	1.08112094e-04	1466.00000000	3.18597448e+15	3.31301359e+15	2.94525618e-03
293400	7678.94717723	1467	1.08185841e-04	1467.00000000	3.18601423e+15	3.31305343e+15	2.94528957e-03
293600	7684.21852797	1468	1.08259587e-04	1468.00000000	3.18605388e+15	3.31309316e+15	2.94532287e-03
293800	7689.49407378	1469	1.08333333e-04	1469.00000000	3.18609341e+15	3.31313279e+15	2.94535608e-03
294000	7694.73728273	1470	1.08407080e-04	1470.00000000	3.18613284e+15	3.31317231e+15	2.94538920e-03
294200	7700.00929222	1471	1.08480826e-04	1471.00000000	3.18617216e+15	3.31321171e+15	2.94542222e-03
294400	7705.28299384	1472	1.08554572e-04	1472.00000000	3.18621137e+15	3.31325101e+15	2.94545516e-03
294600	7710.50190202	1473	1.08628319e-04	1473.00000000	3.18625047e+15	3.31329020e+15	2.94548800e-03
294800	7715.69533885	1474	1.08702065e-04	1474.00000000	3.18628946e+15	3.31332928e+15	2.94552075e-03
295000	7720.96667151	1475	1.08775811e-04	1475.00000000	3.18632835e+15	3.31336825e+15	2.94555341e-03
295200	7726.17417130	1476	1.08849558e-04	1476.00000000	3.18636712e+15	3.31340712e+15	2.94558599e-03
295400	7731.44574486	1477	1.08923304e-04	1477.00000000	3.18640579e+15	3.31344588e+15	2.94561847e-03
295600	7736.66837323	1478	1.08997050e-04	1478.00000000	3.18644436e+15	3.31348453e+15	2.94565086e-03
295800	7741.93584210	1479	1.09070796e-04	1479.00000000	3.18648281e+15	3.31352307e+15	2.94568316e-03
296000	7747.18944182	1480	1.09144543e-04	1480.00000000	3.18652116e+15	3.31356151e+15	2.94571538e-03
296200	7752.46917619	1481	1.09218289e-04	1481.00000000	3.18655941e+15	3.31359984e+15	2.94574750e-03
296400	7757.73496307	1482	1.09292035e-04	1482.00000000	3.18659754e+15	3.31363806e+15	2.94577954e-03
296600	7763.00418158	1483	1.09365782e-04	1483.00000000	3.18663558e+15	3.31367618e+15	2.94581148e-03
296800	7768.22470897	1484	1.09439528e-04	1484.00000000	3.18667351e+15	3.31371419e+15	2.94584334e-03
297000	7773.45506511	1485	1.09513274e-04	1485.00000000	3.18671133e+15	3.31375210e+15	2.94587511e-03
297200	7778.68293916	1486	1.09587021e-04	1486.00000000	3.18674905e+15	3.31378991e+15	2.94590680e-03
297400	7783.88537056	1487	1.09660767e-04	1487.00000000	3.18678666e+15	3.31382761e+15	2.94593839e-03
297600	7789.12642885	1488	1.09734513e-04	1488.00000000	3.18682418e+15	3.31386520e+15	2.94596990e-03
297800	7794.37619440	1489	1.09808260e-04	1489.00000000	3.18686158e+15	3.31390269e+15	2.94600132e-03
298000	7799.61557084	1490	1.09882006e-04	1490.00000000	3.18689889e+15	3.31394008e+15	2.94603266e-03
298200	7804.85320123	1491	1.09955752e-04	1491.00000000	3.18693609e+15	3.31397737e+15	2.94606391e-03
298400	7810.05300941	1492	1.10029499e-04	1492.00000000	3.18697319e+15	3.31401456e+15	2.94609507e-03
298600	7815.29819163	1493	1.10103245e-04	1493.00000000	3.18701019e+15	3.31405164e+15	2.94612615e-03
298800	7820.48184590	1494	1.10176991e-04	1494.00000000	3.18704709e+15	3.31408862e+15	2.94615714e-03
299000	7825.71881177	1495	1.10250737e-04	1495.00000000	3.18708389e+15	3.31412550e+15	2.94618805e-03
299200	7830.99070982	1496	1.10324484e-04	1496.00000000	3.18712058e+15	3.31416228e+15	2.94621887e-03
299400	7836.23116009	1497	1.10398230e-04	1497.00000000	3.18715718e+15	3.31419895e+15	2.94624961e-03
299600	7841.42501357	1498	1.10471976e-04	1498.00000000	3.18719368e+15	3.31423553e+15	2.94628026e-03
299800	7846.62338461	1499	1.10545723e-04	1499.00000000	3.18723007e+15	3.31427201e+15	2.94631083e-03
300000	7851.88346931	1500	1.10619469e-04	1500.00000000	3.18726637e+15	3.31430839e+15	2.94634132e-03
300200	7857.14501110	1501	1.10693215e-04	1501.00000000	3.18730257e+15	3.31434467e+15	2.94637173e-03
300400	7862.36204687	1502	1.10766962e-04	1502.00000000	3.18733867e+15	3.31438085e+15	2.94640205e-03
300600	7867.60228024	1503	1.10840708e-04	1503.00000000	3.18737468e+15	3.31441694e+15	2.94643229e-03
300800	7872.86820801	1504	1.10914454e-04	1504.00000000	3.18741058e+15	3.31445293e+15	2.94646245e-03
301000	7878.06672288	1505	1.10988201e-04	1505.00000000	3.18744639e+15	3.31448882e+15	2.94649252e-03
301200	7883.33537360	1506	1.11061947e-04	1506.00000000	3.18748211e+15	3.31452461e+15	2.94652252e-03
301400	7888.56109474	1507	1.11135693e-04	1507.00000000	3.18751772e+15	3.31456030e+15	2.94655243e-03
301600	7893.77714043	1508	1.11209440e-04	1508.00000000	3.18755324e+15	3.31459590e+15	2.94658227e-03
301800	7899.04736599	1509	1.11283186e-04	1509.00000000	3.18758867e+15	3.31463141e+15	2.94661202e-03
302000	7904.23699661	1510	1.11356932e-04	1510.00000000	3.18762400e+15	3.31466682e+15	2.94664169e-03
302200	7909.40816825	1511	1.11430678e-04	1511.00000000	3.18765923e+15	3.31470213e+15	2.94667128e-03
302400	7914.64647018	1512	1.11504425e-04	1512.00000000	3.18769437e+15	3.31473735e+15	2.94670080e-03
302600	7919.83591269	1513	1.11578171e-04	1513.00000000	3.18772941e+15	3.31477247e+15	2.94673023e-03
302800	7925.03813835	1514	1.11651917e-04	1514.00000000	3.18776436e+15	3.31480750e+15	2.94675958e-03
303000	7930.30695850	1515	1.11725664e-04	1515.00000000	3.18779922e+15	3.31484243e+15	2.94678886e-03
303200	7935.55106490	1516	1.11799410e-04	1516.00000000	3.18783399e+15	3.31487727e+15	2.94681805e-03
303400	7940.73835963	1517	1.11873156e-04	1517.00000000	3.18786866e+15	3.31491202e+15	2.94684717e-03
303600	7945.96504448	1518	1.11946903e-04	1518.00000000	3.18790323e+15	3.31494668e+15	2.94687621e-03
303800	7951.21908506	1519	1.12020649e-04	1519.00000000	3.18793772e+15	3.31498124e+15	2.94690517e-03
304000	7956.41670749	1520	1.12094395e-04	1520.00000000	3.18797211e+15	3.31501571e+15	2.94693406e-03
304200	7961.66414649	1521	1.12168142e-04	1521.00000000	3.18800642e+15	3.31505009e+15	2.94696287e-03
304400	7966.93327811	1522	1.12241888e-04	1522.00000000	3.18804063e+15	3.31508438e+15	2.94699160e-03
304600	7972.16086825	1523	1.12315634e-04	1523.00000000	3.18807475e+15	3.31511857e+15	2.94702025e-03
304800	7977.41189752	1524	1.12389381e-04	1524.00000000	3.18810877e+15	3.31515268e+15	2.94704883e-03
305000	7982.66787290	1525	1.12463127e-04	1525.00000000	3.18814271e+15	3.31518669e+15	2.94707733e-03
305200	7987.90813128	1526	1.12536873e-04	1526.00000000	3.18817656e+15	3.31522061e+15	2.94710576e-03
305400	7993.16383243	1527	1.12610619e-04	1527.00000000	3.18821031e+15	3.31525444e+15	2.94713411e-03
305600	7998.41698552	1528	1.12684366e-04	1528.00000000	3.18824398e+15	3.31528818e+15	2.94716238e-03
305800	8003.63406216	1529	1.12758112e-04	1529.00000000	3.18827755e+15	3.31532183e+15	2.94719058e-03
306000	8008.84104532	1530	1.12831858e-04	1530.00000000	3.18831104e+15	3.31535539e+15	2.94721870e-03
306200	8014.10612045	1531	1.12905605e-04	1531.00000000	3.18834443e+15	3.31538886e+15	2.94724675e-03
306400	8019.36014707	1532	1.12979351e-04	1532.00000000	3.18837774e+15	3.31542224e+15	2.94727472e-03
306600	8024.54722276	1533	1.13053097e-04	1533.00000000	3.18841096e+15	3.31545553e+15	2.94730262e-03
306800	8029.81690599	1534	1.13126844e-04	1534.00000000	3.18844409e+15	3.31548873e+15	2.94733044e-03
307000	8035.07739401	1535	1.13200590e-04	1535.00000000	3.18847713e+15	3.31552185e+15	2.94735819e-03
307200	8040.34302730	1536	1.13274336e-04	1536.00000000	3.18851008e+15	3.31555487e+15	2.94738587e-03
307400	8045.53867488	1537	1.13348083e-04	1537.00000000	3.18854295e+15	3.31558781e+15	2.94741347e-03
307600	8050.78953759	1538	1.13421829e-04	1538.00000000	3.18857572e+15	3.31562066e+15	2.94744099e-03
307800	8056.02192578	1539	1.13495575e-04	1539.00000000	3.18860841e+15	3.31565342e+15	2.94746845e-03
308000	8061.22643827	1540	1.13569322e-04	1540.00000000	3.18864102e+15	3.31568610e+15	2.94749583e-03
308200	8066.44384752	1541	1.13643068e-04	1541.00000000	3.18867353e+15	3.31571869e+15	2.94752314e-03
308400	8071.69390034	1542	1.13716814e-04	1542.00000000	3.18870596e+15	3.31575119e+15	2.94755037e-03
308600	8076.96339840	1543	1.13790560e-04	1543.00000000	3.18873830e+15	3.31578360e+15	2.94757753e-03
308800	8082.22351838	1544	1.13864307e-04	1544.00000000	3.18877056e+15	3.31581593e+15	2.94760462e-03
309000	8087.42258509	1545	1.13938053e-04	1545.00000000	3.18880273e+15	3.31584817e+15	2.94763164e-03
309200	8092.64171054	1546	1.14011799e-04	1546.00000000	3.18883481e+15	3.31588032e+15	2.94765859e-03
309400	8097.89897511	1547	1.14085546e-04	1547.00000000	3.18886681e+15	3.31591239e+15	2.94768546e-03
309600	8103.13507317	1548	1.14159292e-04	1548.00000000	3.18889872e+15	3.31594437e+15	2.94771226e-03
309800	8108.37487963	1549	1.14233038e-04	1549.00000000	3.18893054e+15	3.31597627e+15	2.94773899e-03
310000	8113.62827605	1550	1.14306785e-04	1550.00000000	3.18896228e+15	3.31600808e+15	2.94776565e-03
310200	8118.87987558	1551	1.14380531e-04	1551.00000000	3.18899393e+15	3.31603980e+15	2.94779223e-03
310400	8124.12082128	1552	1.14454277e-04	1552.00000000	3.18902550e+15	3.31607144e+15	2.94781875e-03
310600	8129.32108091	1553	1.14528024e-04	1553.00000000	3.18905698e+15	3.31610299e+15	2.94784519e-03
310800	8134.57222229	1554	1.14601770e-04	1554.00000000	3.18908838e+15	3.31613446e+15	2.94787156e-03
311000	8139.77271149	1555	1.14675516e-04	1555.00000000	3.18911970e+15	3.31616584e+15	2.94789786e-03
311200	8144.98704050	1556	1.14749263e-04	1556.00000000	3.18915092e+15	3.31619714e+15	2.94792409e-03
311400	8150.18965765	1557	1.14823009e-04	1557.00000000	3.18918207e+15	3.31622835e+15	2.94795025e-03
311600	8155.39151651	1558	1.14896755e-04	1558.00000000	3.18921313e+15	3.31625948e+15	2.94797634e-03
311800	8160.64529436	1559	1.14970501e-04	1559.00000000	3.18924410e+15	3.31629052e+15	2.94800236e-03
312000	8165.91101465	1560	1.15044248e-04	1560.00000000	3.18927499e+15	3.31632148e+15	2.94802830e-03
312200	8171.15272175	1561	1.15117994e-04	1561.00000000	3.18930580e+15	3.31635235e+15	2.94805418e-03
312400	8176.34444837	1562	1.15191740e-04	1562.00000000	3.18933652e+15	3.31638314e+15	2.94807998e-03
312600	8181.57921767	1563	1.15265487e-04	1563.00000000	3.18936715e+15	3.31641385e+15	2.94810572e-03
312800	8186.80659835	1564	1.15339233e-04	1564.00000000	3.18939771e+15	3.31644447e+15	2.94813138e-03
313000	8192.05990612	1565	1.15412979e-04	1565.00000000	3.18942818e+15	3.31647501e+15	2.94815698e-03
313200	8197.28756849	1566	1.15486726e-04	1566.00000000	3.18945856e+15	3.31650546e+15	2.94818250e-03
313400	8202.47732826	1567	1.15560472e-04	1567.00000000	3.18948886e+15	3.31653583e+15	2.94820795e-03
313600	8207.74435614	1568	1.15634218e-04	1568.00000000	3.18951908e+15	3.31656611e+15	2.94823334e-03
313800	8213.00231395	1569	1.15707965e-04	1569.00000000	3.18954922e+15	3.31659632e+15	2.94825865e-03
314000	8218.27059329	1570	1.15781711e-04	1570.00000000	3.18957928e+15	3.31662644e+15	2.94828390e-03
314200	8223.54648409	1571	1.15855457e-04	1571.00000000	3.18960925e+15	3.31665648e+15	2.94830907e-03
314400	8228.79580338	1572	1.15929204e-04	1572.00000000	3.18963914e+15	3.31668643e+15	2.94833418e-03
314600	8234.03497423	1573	1.16002950e-04	1573.00000000	3.18966895e+15	3.31671631e+15	2.94835922e-03
314800	8239.27098505	1574	1.16076696e-04	1574.00000000	3.18969867e+15	3.31674610e+15	2.94838419e-03
315000	8244.46666193	1575	1.16150442e-04	1575.00000000	3.18972832e+15	3.31677581e+15	2.94840909e-03
315200	8249.72768541	1576	1.16224189e-04	1576.00000000	3.18975788e+15	3.31680544e+15	2.94843392e-03
315400	8254.99875487	1577	1.16297935e-04	1577.00000000	3.18978737e+15	3.31683499e+15	2.94845869e-03
315600	8260.23317118	1578	1.16371681e-04	1578.00000000	3.18981678e+15	3.31686446e+15	2.94848339e-03
315800	8265.47784835	1579	1.16445428e-04	1579.00000000	3.18984610e+15	3.31689385e+15	2.94850802e-03
316000	8270.68782304	1580	1.16519174e-04	1580.00000000	3.18987535e+15	3.31692317e+15	2.94853259e-03
316200	8275.93099324	1581	1.16592920e-04	1581.00000000	3.18990452e+15	3.31695240e+15	2.94855708e-03
316400	8281.15692457	1582	1.16666667e-04	1582.00000000	3.18993361e+15	3.31698155e+15	2.94858152e-03
316600	8286.40202796	1583	1.16740413e-04	1583.00000000	3.18996262e+15	3.31701063e+15	2.94860588e-03
316800	8291.62259349	1584	1.16814159e-04	1584.00000000	3.18999155e+15	3.31703962e+15	2.94863018e-03
317000	8296.86766966	1585	1.16887906e-04	1585.00000000	3.19002040e+15	3.31706854e+15	2.94865442e-03
317200	8302.06443276	1586	1.16961652e-04	1586.00000000	3.19004917e+15	3.31709738e+15	2.94867859e-03
317400	8307.25083867	1587	1.17035398e-04	1587.00000000	3.19007787e+15	3.31712614e+15	2.94870269e-03
317600	8312.44573990	1588	1.17109145e-04	1588.00000000	3.19010649e+15	3.31715482e+15	2.94872673e-03
317800	8317.69506285	1589	1.17182891e-04	1589.00000000	3.19013503e+15	3.31718342e+15	2.94875070e-03
318000	8322.96797847	1590	1.17256637e-04	1590.00000000	3.19016349e+15	3.31721194e+15	2.94877461e-03
318200	8328.23715398	1591	1.17330383e-04	1591.00000000	3.19019187e+15	3.31724039e+15	2.94879845e-03
318400	8333.44929877	1592	1.17404130e-04	1592.00000000	3.19022018e+15	3.31726875e+15	2.94882223e-03
318600	8338.68141298	1593	1.17477876e-04	1593.00000000	3.19024840e+15	3.31729704e+15	2.94884594e-03
318800	8343.89859374	1594	1.17551622e-04	1594.00000000	3.19027655e+15	3.31732525e+15	2.94886959e-03
319000	8349.16361572	1595	1.17625369e-04	1595.00000000	3.19030462e+15	3.31735339e+15	2.94889317e-03
319200	8354.38411167	1596	1.17699115e-04	1596.00000000	3.19033262e+15	3.31738144e+15	2.94891668e-03
319400	8359.59436576	1597	1.17772861e-04	1597.00000000	3.19036053e+15	3.31740942e+15	2.94894013e-03
319600	8364.86717442	1598	1.17846608e-04	1598.00000000	3.19038837e+15	3.31743732e+15	2.94896352e-03
319800	8370.12335283	1599	1.17920354e-04	1599.00000000	3.19041613e+15	3.31746514e+15	2.94898684e-03
320000	8375.39329946	1600	1.17994100e-04	1600.00000000	3.19044382e+15	3.31749289e+15	2.94901010e-03
320200	8380.61250717	1601	1.18067847e-04	1601.00000000	3.19047143e+15	3.31752056e+15	2.94903329e-03
320400	8385.87323056	1602	1.18141593e-04	1602.00000000	3.19049895e+15	3.31754814e+15	2.94905640e-03
320600	8391.08801859	1603	1.18215339e-04	1603.00000000	3.19052639e+15	3.31757564e+15	2.94907945e-03
320800	8396.36594097	1604	1.18289086e-04	1604.00000000	3.19055376e+15	3.31760307e+15	2.94910244e-03
321000	8401.59902911	1605	1.18362832e-04	1605.00000000	3.19058105e+15	3.31763042e+15	2.94912537e-03
321200	8406.82279584	1606	1.18436578e-04	1606.00000000	3.19060827e+15	3.31765769e+15	2.94914823e-03
321400	8412.06991222	1607	1.18510324e-04	1607.00000000	3.19063541e+15	3.31768489e+15	2.94917103e-03
321600	8417.28575520	1608	1.18584071e-04	1608.00000000	3.19066247e+15	3.31771202e+15	2.94919376e-03
321800	8422.50069699	1609	1.18657817e-04	1609.00000000	3.19068946e+15	3.31773907e+15	2.94921643e-03
322000	8427.74408149	1610	1.18731563e-04	1610.00000000	3.19071638e+15	3.31776604e+15	2.94923904e-03
322200	8432.95515411	1611	1.18805310e-04	1611.00000000	3.19074322e+15	3.31779294e+15	2.94926159e-03
322400	8438.17105241	1612	1.18879056e-04	1612.00000000	3.19076999e+15	3.31781977e+15	2.94928407e-03
322600	8443.40615793	1613	1.18952802e-04	1613.00000000	3.19079668e+15	3.31784652e+15	2.94930650e-03
322800	8448.61948285	1614	1.19026549e-04	1614.00000000	3.19082330e+15	3.31787320e+15	2.94932886e-03
323000	8453.80615136	1615	1.19100295e-04	1615.00000000	3.19084985e+15	3.31789980e+15	2.94935116e-03
323200	8459.07288752	1616	1.19174041e-04	1616.00000000	3.19087632e+15	3.31792633e+15	2.94937339e-03
323400	8464.29866412	1617	1.19247788e-04	1617.00000000	3.19090272e+15	3.31795279e+15	2.94939557e-03
323600	8469.52577149	1618	1.19321534e-04	1618.00000000	3.19092905e+15	3.31797917e+15	2.94941769e-03
323800	8474.78153569	1619	1.19395280e-04	1619.00000000	3.19095530e+15	3.31800548e+15	2.94943974e-03
324000	8480.01639739	1620	1.19469027e-04	1620.00000000	3.19098148e+15	3.31803172e+15	2.94946173e-03
324200	8485.27257527	1621	1.19542773e-04	1621.00000000	3.19100759e+15	3.31805789e+15	2.94948366e-03
324400	8490.49886361	1622	1.19616519e-04	1622.00000000	3.19103363e+15	3.31808398e+15	2.94950554e-03
324600	8495.69795681	1623	1.19690265e-04	1623.00000000	3.19105959e+15	3.31811000e+15	2.94952735e-03
324800	8500.95945031	1624	1.19764012e-04	1624.00000000	3.19108548e+15	3.31813595e+15	2.94954910e-03
325000	8506.21016216	1625	1.19837758e-04	1625.00000000	3.19111130e+15	3.31816183e+15	2.94957079e-03
325200	8511.46640105	1626	1.19911504e-04	1626.00000000	3.19113705e+15	3.31818763e+15	2.94959242e-03
325400	8516.70277461	1627	1.19985251e-04	1627.00000000	3.19116273e+15	3.31821337e+15	2.94961399e-03
325600	8521.92405557	1628	1.20058997e-04	1628.00000000	3.19118834e+15	3.31823903e+15	2.94963550e-03
325800	8527.19559107	1629	1.20132743e-04	1629.00000000	3.19121388e+15	3.31826462e+15	2.94965696e-03
326000	8532.46807031	1630	1.20206490e-04	1630.00000000	3.19123934e+15	3.31829015e+15	2.94967835e-03
326200	8537.73300061	1631	1.20280236e-04	1631.00000000	3.19126474e+15	3.31831560e+15	2.94969968e-03
326400	8542.95714414	1632	1.20353982e-04	1632.00000000	3.19129007e+15	3.31834098e+15	2.94972096e-03
326600	8548.14101938	1633	1.20427729e-04	1633.00000000	3.19131532e+15	3.31836629e+15	2.94974217e-03
326800	8553.37731328	1634	1.20501475e-04	1634.00000000	3.19134051e+15	3.31839153e+15	2.94976333e-03
327000	8558.61929007	1635	1.20575221e-04	1635.00000000	3.19136562e+15	3.31841670e+15	2.94978443e-03
327200	8563.81518404	1636	1.20648968e-04	1636.00000000	3.19139067e+15	3.31844180e+15	2.94980547e-03
327400	8569.05504665	1637	1.20722714e-04	1637.00000000	3.19141565e+15	3.31846684e+15	2.94982646e-03
327600	8574.27096386	1638	1.20796460e-04	1638.00000000	3.19144056e+15	3.31849180e+15	2.94984738e-03
327800	8579.52621811	1639	1.20870206e-04	1639.00000000	3.19146540e+15	3.31851669e+15	2.94986825e-03
328000	8584.79323993	1640	1.20943953e-04	1640.00000000	3.19149017e+15	3.31854152e+15	2.94988905e-03
328200	8589.97888515	1641	1.21017699e-04	1641.00000000	3.19151487e+15	3.31856627e+15	2.94990981e-03
328400	8595.24147151	1642	1.21091445e-04	1642.00000000	3.19153949e+15	3.31859095e+15	2.94993048e-03
328600	8600.44452659	1643	1.21165192e-04	1643.00000000	3.19156404e+15	3.31861555e+15	2.94995110e-03
328800	8605.70969187	1644	1.21238938e-04	1644.00000000	3.19158852e+15	3.31864009e+15	2.94997167e-03
329000	8610.94221978	1645	1.21312684e-04	1645.00000000	3.19161294e+15	3.31866456e+15	2.94999218e-03
329200	8616.15310493	1646	1.21386431e-04	1646.00000000	3.19163729e+15	3.31868896e+15	2.95001263e-03
329400	8621.41679061	1647	1.21460177e-04	1647.00000000	3.19166157e+15	3.31871330e+15	2.95003303e-03
329600	8626.66688179	1648	1.21533923e-04	1648.00000000	3.19168579e+15	3.31873756e+15	2.95005337e-03
329800	8631.93597383	1649	1.21607670e-04	1649.00000000	3.19170994e+15	3.31876177e+15	2.95007366e-03
330000	8637.20937007	1650	1.21681416e-04	1650.00000000	3.19173402e+15	3.31878590e+15	2.95009389e-03
330200	8642.40908014	1651	1.21755162e-04	1651.00000000	3.19175804e+15	3.31880997e+15	2.95011406e-03
330400	8647.66188883	1652	1.21828909e-04	1652.00000000	3.19178199e+15	3.31883397e+15	2.95013418e-03
330600	8652.93550165	1653	1.21902655e-04	1653.00000000	3.19180588e+15	3.31885791e+15	2.95015425e-03
330800	8658.20947701	1654	1.21976401e-04	1654.00000000	3.19182970e+15	3.31888178e+15	2.95017426e-03
331000	8663.48569517	1655	1.22050147e-04	1655.00000000	3.19185345e+15	3.31890558e+15	2.95019421e-03
331200	8668.73304039	1656	1.22123894e-04	1656.00000000	3.19187714e+15	3.31892932e+15	2.95021411e-03
331400	8673.96795372	1657	1.22197640e-04	1657.00000000	3.19190076e+15	3.31895300e+15	2.95023395e-03
331600	8679.22977994	1658	1.22271386e-04	1658.00000000	3.19192432e+15	3.31897660e+15	2.95025374e-03
331800	8684.43533259	1659	1.22345133e-04	1659.00000000	3.19194781e+15	3.31900015e+15	2.95027348e-03
332000	8689.66129433	1660	1.22418879e-04	1660.00000000	3.19197124e+15	3.31902363e+15	2.95029316e-03
332200	8694.87742930	1661	1.22492625e-04	1661.00000000	3.19199460e+15	3.31904704e+15	2.95031278e-03
332400	8700.10189066	1662	1.22566372e-04	1662.00000000	3.19201790e+15	3.31907039e+15	2.95033235e-03
332600	8705.33754630	1663	1.22640118e-04	1663.00000000	3.19204114e+15	3.31909368e+15	2.95035187e-03
332800	8710.59961808	1664	1.22713864e-04	1664.00000000	3.19206431e+15	3.31911690e+15	2.95037134e-03
333000	8715.85643374	1665	1.22787611e-04	1665.00000000	3.19208742e+15	3.31914006e+15	2.95039075e-03
333200	8721.07749214	1666	1.22861357e-04	1666.00000000	3.19211046e+15	3.31916316e+15	2.95041011e-03
333400	8726.31570787	1667	1.22935103e-04	1667.00000000	3.19213345e+15	3.31918619e+15	2.95042942e-03
333600	8731.57364848	1668	1.23008850e-04	1668.00000000	3.19215637e+15	3.31920916e+15	2.95044867e-03
333800	8736.81268415	1669	1.23082596e-04	1669.00000000	3.19217923e+15	3.31923207e+15	2.95046787e-03
334000	8742.01269661	1670	1.23156342e-04	1670.00000000	3.19220202e+15	3.31925491e+15	2.95048702e-03
334200	8747.25911624	1671	1.23230088e-04	1671.00000000	3.19222475e+15	3.31927769e+15	2.95050612e-03
334400	8752.53164445	1672	1.23303835e-04	1672.00000000	3.19224742e+15	3.31930041e+15	2.95052516e-03
334600	8757.71699630	1673	1.23377581e-04	1673.00000000	3.19227003e+15	3.31932307e+15	2.95054415e-03
334800	8762.97779061	1674	1.23451327e-04	1674.00000000	3.19229258e+15	3.31934566e+15	2.95056309e-03
335000	8768.22659801	1675	1.23525074e-04	1675.00000000	3.19231506e+15	3.31936820e+15	2.95058198e-03
335200	8773.44289946	1676	1.23598820e-04	1676.00000000	3.19233749e+15	3.31939067e+15	2.95060082e-03
335400	8778.64132075	1677	1.23672566e-04	1677.00000000	3.19235985e+15	3.31941308e+15	2.95061960e-03
335600	8783.85011869	1678	1.23746313e-04	1678.00000000	3.19238215e+15	3.31943543e+15	2.95063834e-03
335800	8789.03169486	1679	1.23820059e-04	1679.00000000	3.19240439e+15	3.31945772e+15	2.95065702e-03
336000	8794.26814715	1680	1.23893805e-04	1680.00000000	3.19242657e+15	3.31947995e+15	2.95067565e-03
336200	8799.46486517	1681	1.23967552e-04	1681.00000000	3.19244869e+15	3.31950211e+15	2.95069423e-03
336400	8804.73399123	1682	1.24041298e-04	1682.00000000	3.19247074e+15	3.31952422e+15	2.95071276e-03
336600	8809.92073051	1683	1.24115044e-04	1683.00000000	3.19249274e+15	3.31954626e+15	2.95073124e-03
336800	8815.13150424	1684	1.24188791e-04	1684.00000000	3.19251468e+15	3.31956825e+15	2.95074967e-03
337000	8820.39264177	1685	1.24262537e-04	1685.00000000	3.19253656e+15	3.31959017e+15	2.95076805e-03
337200	8825.60865024	1686	1.24336283e-04	1686.00000000	3.19255838e+15	3.31961204e+15	2.95078638e-03
337400	8830.82854191	1687	1.24410029e-04	1687.00000000	3.19258014e+15	3.31963385e+15	2.95080465e-03
337600	8836.06721068	1688	1.24483776e-04	1688.00000000	3.19260183e+15	3.31965559e+15	2.95082288e-03
337800	8841.28606888	1689	1.24557522e-04	1689.00000000	3.19262347e+15	3.31967728e+15	2.95084106e-03
338000	8846.50228580	1690	1.24631268e-04	1690.00000000	3.19264506e+15	3.31969891e+15	2.95085919e-03
338200	8851.72276523	1691	1.24705015e-04	1691.00000000	3.19266658e+15	3.31972048e+15	2.95087727e-03
338400	8856.94307225	1692	1.24778761e-04	1692.00000000	3.19268804e+15	3.31974199e+15	2.95089530e-03
338600	8862.21323575	1693	1.24852507e-04	1693.00000000	3.19270945e+15	3.31976344e+15	2.95091328e-03
338800	8867.44897669	1694	1.24926254e-04	1694.00000000	3.19273080e+15	3.31978483e+15	2.95093121e-03
339000	8872.72643987	1695	1.25000000e-04	1695.00000000	3.19275208e+15	3.31980617e+15	2.95094910e-03
339200	8877.95991854	1696	1.25073746e-04	1696.00000000	3.19277332e+15	3.31982744e+15	2.95096693e-03
339400	8883.16314076	1697	1.25147493e-04	1697.00000000	3.19279449e+15	3.31984866e+15	2.95098472e-03
339600	8888.41224322	1698	1.25221239e-04	1698.00000000	3.19281560e+15	3.31986982e+15	2.95100246e-03
339800	8893.61630420	1699	1.25294985e-04	1699.00000000	3.19283666e+15	3.31989093e+15	2.95102014e-03
340000	8898.86616724	1700	1.25368732e-04	1700.00000000	3.19285766e+15	3.31991198e+15	2.95103779e-03
340200	8904.07545836	1701	1.25442478e-04	1701.00000000	3.19287861e+15	3.31993296e+15	2.95105538e-03
340400	8909.30253602	1702	1.25516224e-04	1702.00000000	3.19289950e+15	3.31995390e+15	2.95107292e-03
340600	8914.49156850	1703	1.25589971e-04	1703.00000000	3.19292033e+15	3.31997477e+15	2.95109042e-03
340800	8919.70878113	1704	1.25663717e-04	1704.00000000	3.19294110e+15	3.31999559e+15	2.95110787e-03
341000	8924.93615793	1705	1.25737463e-04	1705.00000000	3.19296182e+15	3.32001635e+15	2.95112528e-03
341200	8930.20746630	1706	1.25811209e-04	1706.00000000	3.19298248e+15	3.32003706e+15	2.95114263e-03
341400	8935.42835878	1707	1.25884956e-04	1707.00000000	3.19300308e+15	3.32005771e+15	2.95115994e-03
341600	8940.61888642	1708	1.25958702e-04	1708.00000000	3.19302363e+15	3.32007830e+15	2.95117720e-03
341800	8945.80441250	1709	1.26032448e-04	1709.00000000	3.19304413e+15	3.32009884e+15	2.95119442e-03
342000	8951.06440121	1710	1.26106195e-04	1710.00000000	3.19306456e+15	3.32011932e+15	2.95121159e-03
342200	8956.33541934	1711	1.26179941e-04	1711.00000000	3.19308494e+15	3.32013975e+15	2.95122871e-03
342400	8961.58906971	1712	1.26253687e-04	1712.00000000	3.19310527e+15	3.32016012e+15	2.95124578e-03
342600	8966.81959634	1713	1.26327434e-04	1713.00000000	3.19312554e+15	3.32018043e+15	2.95126281e-03
342800	8972.05743969	1714	1.26401180e-04	1714.00000000	3.19314576e+15	3.32020069e+15	2.95127979e-03
343000	8977.28577573	1715	1.26474926e-04	1715.00000000	3.19316592e+15	3.32022090e+15	2.95129673e-03
343200	8982.56024718	1716	1.26548673e-04	1716.00000000	3.19318603e+15	3.32024105e+15	2.95131362e-03
343400	8987.80863210	1717	1.26622419e-04	1717.00000000	3.19320608e+15	3.32026115e+15	2.95133046e-03
343600	8993.06821834	1718	1.26696165e-04	1718.00000000	3.19322608e+15	3.32028119e+15	2.95134726e-03
343800	8998.27080682	1719	1.26769912e-04	1719.00000000	3.19324602e+15	3.32030117e+15	2.95136402e-03
344000	9003.53724478	1720	1.26843658e-04	1720.00000000	3.19326591e+15	3.32032111e+15	2.95138072e-03
344200	9008.77047618	1721	1.26917404e-04	1721.00000000	3.19328574e+15	3.32034098e+15	2.95139739e-03
344400	9014.03658559	1722	1.26991150e-04	1722.00000000	3.19330553e+15	3.32036081e+15	2.95141400e-03
344600	9019.23550396	1723	1.27064897e-04	1723.00000000	3.19332525e+15	3.32038058e+15	2.95143058e-03
344800	9024.49834307	1724	1.27138643e-04	1724.00000000	3.19334493e+15	3.32040030e+15	2.95144710e-03
345000	9029.71993541	1725	1.27212389e-04	1725.00000000	3.19336455e+15	3.32041996e+15	2.95146358e-03
345200	9034.92190697	1726	1.27286136e-04	1726.00000000	3.19338412e+15	3.32043957e+15	2.95148002e-03
345400	9040.19078679	1727	1.27359882e-04	1727.00000000	3.19340363e+15	3.32045913e+15	2.95149641e-03
345600	9045.42689354	1728	1.27433628e-04	1728.00000000	3.19342309e+15	3.32047863e+15	2.95151276e-03
345800	9050.62977773	1729	1.27507375e-04	1729.00000000	3.19344250e+15	3.32049808e+15	2.95152907e-03
346000	9055.83185961	1730	1.27581121e-04	1730.00000000	3.19346186e+15	3.32051748e+15	2.95154533e-03
346200	9061.10793804	1731	1.27654867e-04	1731.00000000	3.19348116e+15	3.32053682e+15	2.95156154e-03
346400	9066.37832950	1732	1.27728614e-04	1732.00000000	3.19350041e+15	3.32055612e+15	2.95157771e-03
346600	9071.65006864	1733	1.27802360e-04	1733.00000000	3.19351961e+15	3.32057536e+15	2.95159384e-03
346800	9076.92017550	1734	1.27876106e-04	1734.00000000	3.19353876e+15	3.32059455e+15	2.95160992e-03
347000	9082.14135688	1735	1.27949853e-04	1735.00000000	3.19355785e+15	3.32061368e+15	2.95162596e-03
347200	9087.40459238	1736	1.28023599e-04	1736.00000000	3.19357690e+15	3.32063277e+15	2.95164196e-03
347400	9092.65758272	1737	1.28097345e-04	1737.00000000	3.19359589e+15	3.32065180e+15	2.95165791e-03
347600	9097.91168406	1738	1.28171091e-04	1738.00000000	3.19361483e+15	3.32067078e+15	2.95167383e-03
347800	9103.11925428	1739	1.28244838e-04	1739.00000000	3.19363372e+15	3.32068971e+15	2.95168969e-03
348000	9108.38700308	1740	1.28318584e-04	1740.00000000	3.19365255e+15	3.32070859e+15	2.95170552e-03
348200	9113.67071107	1741	1.28392330e-04	1741.00000000	3.19367134e+15	3.32072742e+15	2.95172130e-03
348400	9118.93707923	1742	1.28466077e-04	1742.00000000	3.19369008e+15	3.32074619e+15	2.95173703e-03
348600	9124.20128039	1743	1.28539823e-04	1743.00000000	3.19370876e+15	3.32076492e+15	2.95175273e-03
348800	9129.43644728	1744	1.28613569e-04	1744.00000000	3.19372739e+15	3.32078359e+15	2.95176838e-03
349000	9134.65881781	1745	1.28687316e-04	1745.00000000	3.19374598e+15	3.32080221e+15	2.95178399e-03
349200	9139.93061869	1746	1.28761062e-04	1746.00000000	3.19376451e+15	3.32082079e+15	2.95179956e-03
349400	9145.12836892	1747	1.28834808e-04	1747.00000000	3.19378299e+15	3.32083931e+15	2.95181509e-03
349600	9150.39821924	1748	1.28908555e-04	1748.00000000	3.19380142e+15	3.32085778e+15	2.95183057e-03
349800	9155.65259521	1749	1.28982301e-04	1749.00000000	3.19381980e+15	3.32087620e+15	2.95184601e-03
350000	9160.91562633	1750	1.29056047e-04	1750.00000000	3.19383813e+15	3.32089457e+15	2.95186141e-03
350200	9166.18524812	1751	1.29129794e-04	1751.00000000	3.19385642e+15	3.32091289e+15	2.95187677e-03
350400	9171.44649314	1752	1.29203540e-04	1752.00000000	3.19387465e+15	3.32093116e+15	2.95189208e-03
350600	9176.70182973	1753	1.29277286e-04	1753.00000000	3.19389283e+15	3.32094939e+15	2.95190736e-03
350800	9181.89340682	1754	1.29351032e-04	1754.00000000	3.19391096e+15	3.32096756e+15	2.95192259e-03
351000	9187.14686539	1755	1.29424779e-04	1755.00000000	3.19392905e+15	3.32098568e+15	2.95193778e-03
351200	9192.36007840	1756	1.29498525e-04	1756.00000000	3.19394708e+15	3.32100375e+15	2.95195293e-03
351400	9197.63049614	1757	1.29572271e-04	1757.00000000	3.19396506e+15	3.32102178e+15	2.95196804e-03
351600	9202.81881976	1758	1.29646018e-04	1758.00000000	3.19398300e+15	3.32103975e+15	2.95198310e-03
351800	9208.06520642	1759	1.29719764e-04	1759.00000000	3.19400089e+15	3.32105768e+15	2.95199813e-03
352000	9213.32609461	1760	1.29793510e-04	1760.00000000	3.19401872e+15	3.32107555e+15	2.95201311e-03
352200	9218.59983321	1761	1.29867257e-04	1761.00000000	3.19403651e+15	3.32109338e+15	2.95202806e-03
352400	9223.81358631	1762	1.29941003e-04	1762.00000000	3.19405425e+15	3.32111116e+15	2.95204296e-03
352600	9229.02806114	1763	1.30014749e-04	1763.00000000	3.19407195e+15	3.32112889e+15	2.95205782e-03
352800	9234.26833081	1764	1.30088496e-04	1764.00000000	3.19408959e+15	3.32114658e+15	2.95207265e-03
353000	9239.53401806	1765	1.30162242e-04	1765.00000000	3.19410719e+15	3.32116421e+15	2.95208743e-03
353200	9244.78421759	1766	1.30235988e-04	1766.00000000	3.19412474e+15	3.32118180e+15	2.95210217e-03
353400	9250.05702342	1767	1.30309735e-04	1767.00000000	3.19414224e+15	3.32119934e+15	2.95211688e-03
353600	9255.26957391	1768	1.30383481e-04	1768.00000000	3.19415969e+15	3.32121683e+15	2.95213154e-03
353800	9260.49891659	1769	1.30457227e-04	1769.00000000	3.19417710e+15	3.32123427e+15	2.95214616e-03
354000	9265.76698923	1770	1.30530973e-04	1770.00000000	3.19419446e+15	3.32125167e+15	2.95216074e-03
354200	9271.00939362	1771	1.30604720e-04	1771.00000000	3.19421177e+15	3.32126902e+15	2.95217529e-03
354400	9276.19401638	1772	1.30678466e-04	1772.00000000	3.19422904e+15	3.32128632e+15	2.95218979e-03
354600	9281.45385843	1773	1.30752212e-04	1773.00000000	3.19424626e+15	3.32130358e+15	2.95220426e-03
354800	9286.65878276	1774	1.30825959e-04	1774.00000000	3.19426343e+15	3.32132079e+15	2.95221868e-03
355000	9291.89412481	1775	1.30899705e-04	1775.00000000	3.19428055e+15	3.32133795e+15	2.95223307e-03
355200	9297.16832382	1776	1.30973451e-04	1776.00000000	3.19429763e+15	3.32135507e+15	2.95224742e-03
355400	9302.38961836	1777	1.31047198e-04	1777.00000000	3.19431467e+15	3.32137214e+15	2.95226172e-03
355600	9307.65923298	1778	1.31120944e-04	1778.00000000	3.19433165e+15	3.32138916e+15	2.95227599e-03
355800	9312.88150601	1779	1.31194690e-04	1779.00000000	3.19434859e+15	3.32140614e+15	2.95229022e-03
356000	9318.07101701	1780	1.31268437e-04	1780.00000000	3.19436549e+15	3.32142307e+15	2.95230442e-03
356200	9323.27786526	1781	1.31342183e-04	1781.00000000	3.19438234e+15	3.32143995e+15	2.95231857e-03
356400	9328.48651839	1782	1.31415929e-04	1782.00000000	3.19439914e+15	3.32145679e+15	2.95233269e-03
356600	9333.69052437	1783	1.31489676e-04	1783.00000000	3.19441590e+15	3.32147359e+15	2.95234676e-03
356800	9338.93776674	1784	1.31563422e-04	1784.00000000	3.19443261e+15	3.32149033e+15	2.95236080e-03
357000	9344.18494794	1785	1.31637168e-04	1785.00000000	3.19444928e+15	3.32150704e+15	2.95237481e-03
357200	9349.41618877	1786	1.31710914e-04	1786.00000000	3.19446590e+15	3.32152370e+15	2.95238877e-03
357400	9354.63065554	1787	1.31784661e-04	1787.00000000	3.19448248e+15	3.32154031e+15	2.95240270e-03
357600	9359.84815474	1788	1.31858407e-04	1788.00000000	3.19449901e+15	3.32155688e+15	2.95241658e-03
357800	9365.09043216	1789	1.31932153e-04	1789.00000000	3.19451550e+15	3.32157340e+15	2.95243044e-03
358000	9370.31342296	1790	1.32005900e-04	1790.00000000	3.19453194e+15	3.32158988e+15	2.95244425e-03
358200	9375.48573633	1791	1.32079646e-04	1791.00000000	3.19454834e+15	3.32160632e+15	2.95245803e-03
358400	9380.66132804	1792	1.32153392e-04	1792.00000000	3.19456470e+15	3.32162271e+15	2.95247177e-03
358600	9385.92818537	1793	1.32227139e-04	1793.00000000	3.19458101e+15	3.32163906e+15	2.95248547e-03
358800	9391.11736457	1794	1.32300885e-04	1794.00000000	3.19459728e+15	3.32165536e+15	2.95249913e-03
359000	9396.35312056	1795	1.32374631e-04	1795.00000000	3.19461350e+15	3.32167162e+15	2.95251276e-03
359200	9401.62013152	1796	1.32448378e-04	1796.00000000	3.19462968e+15	3.32168783e+15	2.95252635e-03
359400	9406.82697639	1797	1.32522124e-04	1797.00000000	3.19464582e+15	3.32170401e+15	2.95253991e-03
359600	9412.07325276	1798	1.32595870e-04	1798.00000000	3.19466191e+15	3.32172013e+15	2.95255343e-03
359800	9417.28516419	1799	1.32669617e-04	1799.00000000	3.19467796e+15	3.32173622e+15	2.95256691e-03
360000	9422.55791876	1800	1.32743363e-04	1800.00000000	3.19469397e+15	3.32175226e+15	2.95258036e-03
360200	9427.73832559	1801	1.32817109e-04	1801.00000000	3.19470994e+15	3.32176826e+15	2.95259377e-03
360400	9432.98899188	1802	1.32890855e-04	1802.00000000	3.19472586e+15	3.32178422e+15	2.95260715e-03
360600	9438.24225031	1803	1.32964602e-04	1803.00000000	3.19474174e+15	3.32180013e+15	2.95262048e-03
360800	9443.46565915	1804	1.33038348e-04	1804.00000000	3.19475757e+15	3.32181600e+15	2.95263379e-03
361000	9448.71321002	1805	1.33112094e-04	1805.00000000	3.19477337e+15	3.32183183e+15	2.95264706e-03
361200	9453.97054103	1806	1.33185841e-04	1806.00000000	3.19478912e+15	3.32184761e+15	2.95266029e-03
361400	9459.23426665	1807	1.33259587e-04	1807.00000000	3.19480483e+15	3.32186336e+15	2.95267348e-03
361600	9464.45523843	1808	1.33333333e-04	1808.00000000	3.19482050e+15	3.32187906e+15	2.95268665e-03
361800	9469.64217810	1809	1.33407080e-04	1809.00000000	3.19483612e+15	3.32189472e+15	2.95269977e-03
362000	9474.83308005	1810	1.33480826e-04	1810.00000000	3.19485171e+15	3.32191034e+15	2.95271286e-03
362200	9480.00305125	1811	1.33554572e-04	1811.00000000	3.19486725e+15	3.32192592e+15	2.95272592e-03
362400	9485.23953161	1812	1.33628319e-04	1812.00000000	3.19488276e+15	3.32194146e+15	2.95273894e-03
362600	9490.47066338	1813	1.33702065e-04	1813.00000000	3.19489822e+15	3.32195695e+15	2.95275193e-03
362800	9495.73738871	1814	1.33775811e-04	1814.00000000	3.19491364e+15	3.32197241e+15	2.95276489e-03
363000	9500.96716567	1815	1.33849558e-04	1815.00000000	3.19492902e+15	3.32198782e+15	2.95277781e-03
363200	9506.20659066	1816	1.33923304e-04	1816.00000000	3.19494436e+15	3.32200320e+15	2.95279069e-03
363400	9511.45320137	1817	1.33997050e-04	1817.00000000	3.19495967e+15	3.32201853e+15	2.95280354e-03
363600	9516.63788415	1818	1.34070796e-04	1818.00000000	3.19497493e+15	3.32203382e+15	2.95281636e-03
363800	9521.84373260	1819	1.34144543e-04	1819.00000000	3.19499015e+15	3.32204908e+15	2.95282915e-03
364000	9527.05407081	1820	1.34218289e-04	1820.00000000	3.19500533e+15	3.32206429e+15	2.95284190e-03
364200	9532.25027205	1821	1.34292035e-04	1821.00000000	3.19502047e+15	3.32207946e+15	2.95285462e-03
364400	9537.46305510	1822	1.34365782e-04	1822.00000000	3.19503557e+15	3.32209460e+15	2.95286730e-03
364600	9542.64960810	1823	1.34439528e-04	1823.00000000	3.19505063e+15	3.32210969e+15	2.95287995e-03
364800	9547.88996274	1824	1.34513274e-04	1824.00000000	3.19506565e+15	3.32212474e+15	2.95289257e-03
365000	9553.07495230	1825	1.34587021e-04	1825.00000000	3.19508063e+15	3.32213975e+15	2.95290515e-03
365200	9558.25998413	1826	1.34660767e-04	1826.00000000	3.19509557e+15	3.32215473e+15	2.95291770e-03
365400	9563.44592956	1827	1.34734513e-04	1827.00000000	3.19511047e+15	3.32216966e+15	2.95293022e-03
365600	9568.69474325	1828	1.34808260e-04	1828.00000000	3.19512533e+15	3.32218455e+15	2.95294270e-03
365800	9573.88587328	1829	1.34882006e-04	1829.00000000	3.19514015e+15	3.32219941e+15	2.95295515e-03
366000	9579.10344673	1830	1.34955752e-04	1830.00000000	3.19515494e+15	3.32221422e+15	2.95296757e-03
366200	9584.30448007	1831	1.35029499e-04	1831.00000000	3.19516968e+15	3.32222900e+15	2.95297996e-03
366400	9589.49836354	1832	1.35103245e-04	1832.00000000	3.19518438e+15	3.32224373e+15	2.95299231e-03
366600	9594.76985634	1833	1.35176991e-04	1833.00000000	3.19519905e+15	3.32225843e+15	2.95300463e-03
366800	9600.04185519	1834	1.35250737e-04	1834.00000000	3.19521368e+15	3.32227309e+15	2.95301691e-03
367000	9605.25839879	1835	1.35324484e-04	1835.00000000	3.19522826e+15	3.32228771e+15	2.95302917e-03
367200	9610.52966329	1836	1.35398230e-04	1836.00000000	3.19524281e+15	3.32230229e+15	2.95304139e-03
367400	9615.74331842	1837	1.35471976e-04	1837.00000000	3.19525732e+15	3.32231683e+15	2.95305358e-03
367600	9621.01524642	1838	1.35545723e-04	1838.00000000	3.19527179e+15	3.32233133e+15	2.95306573e-03
367800	9626.28002577	1839	1.35619469e-04	1839.00000000	3.19528622e+15	3.32234579e+15	2.95307786e-03
368000	9631.55013852	1840	1.35693215e-04	1840.00000000	3.19530062e+15	3.32236022e+15	2.95308995e-03
368200	9636.76635318	1841	1.35766962e-04	1841.00000000	3.19531497e+15	3.32237461e+15	2.95310201e-03
368400	9642.00030065	1842	1.35840708e-04	1842.00000000	3.19532929e+15	3.32238896e+15	2.95311404e-03
368600	9647.18590353	1843	1.35914454e-04	1843.00000000	3.19534357e+15	3.32240327e+15	2.95312603e-03
368800	9652.45082110	1844	1.35988201e-04	1844.00000000	3.19535781e+15	3.32241754e+15	2.95313800e-03
369000	9657.63757766	1845	1.36061947e-04	1845.00000000	3.19537202e+15	3.32243177e+15	2.95314993e-03
369200	9662.83808145	1846	1.36135693e-04	1846.00000000	3.19538618e+15	3.32244597e+15	2.95316183e-03
369400	9668.02167963	1847	1.36209440e-04	1847.00000000	3.19540031e+15	3.32246013e+15	2.95317370e-03
369600	9673.20524453	1848	1.36283186e-04	1848.00000000	3.19541441e+15	3.32247425e+15	2.95318553e-03
369800	9678.46334838	1849	1.36356932e-04	1849.00000000	3.19542846e+15	3.32248834e+15	2.95319734e-03
370000	9683.71564412	1850	1.36430678e-04	1850.00000000	3.19544248e+15	3.32250238e+15	2.95320911e-03
370200	9688.96274667	1851	1.36504425e-04	1851.00000000	3.19545645e+15	3.32251639e+15	2.95322086e-03
370400	9694.23376109	1852	1.36578171e-04	1852.00000000	3.19547040e+15	3.32253036e+15	2.95323257e-03
370600	9699.46801947	1853	1.36651917e-04	1853.00000000	3.19548430e+15	3.32254430e+15	2.95324425e-03
370800	9704.72783004	1854	1.36725664e-04	1854.00000000	3.19549817e+15	3.32255820e+15	2.95325590e-03
371000	9709.99555961	1855	1.36799410e-04	1855.00000000	3.19551200e+15	3.32257206e+15	2.95326752e-03
371200	9715.21521459	1856	1.36873156e-04	1856.00000000	3.19552579e+15	3.32258588e+15	2.95327911e-03
371400	9720.48333568	1857	1.36946903e-04	1857.00000000	3.19553955e+15	3.32259967e+15	2.95329066e-03
371600	9725.68865891	1858	1.37020649e-04	1858.00000000	3.19555327e+15	3.32261342e+15	2.95330219e-03
371800	9730.92306962	1859	1.37094395e-04	1859.00000000	3.19556696e+15	3.32262713e+15	2.95331369e-03
372000	9736.14841035	1860	1.37168142e-04	1860.00000000	3.19558061e+15	3.32264081e+15	2.95332515e-03
372200	9741.33330209	1861	1.37241888e-04	1861.00000000	3.19559422e+15	3.32265445e+15	2.95333659e-03
372400	9746.58776746	1862	1.37315634e-04	1862.00000000	3.19560780e+15	3.32266806e+15	2.95334799e-03
372600	9751.79642516	1863	1.37389381e-04	1863.00000000	3.19562134e+15	3.32268163e+15	2.95335937e-03
372800	9757.00918849	1864	1.37463127e-04	1864.00000000	3.19563484e+15	3.32269516e+15	2.95337071e-03
373000	9762.27333093	1865	1.37536873e-04	1865.00000000	3.19564831e+15	3.32270866e+15	2.95338203e-03
373200	9767.47294442	1866	1.37610619e-04	1866.00000000	3.19566174e+15	3.32272212e+15	2.95339331e-03
373400	9772.74356617	1867	1.37684366e-04	1867.00000000	3.19567514e+15	3.32273555e+15	2.95340457e-03
373600	9777.99276869	1868	1.37758112e-04	1868.00000000	3.19568851e+15	3.32274894e+15	2.95341579e-03
373800	9783.26388775	1869	1.37831858e-04	1869.00000000	3.19570183e+15	3.32276230e+15	2.95342699e-03
374000	9788.51284196	1870	1.37905605e-04	1870.00000000	3.19571513e+15	3.32277562e+15	2.95343815e-03
374200	9793.78357039	1871	1.37979351e-04	1871.00000000	3.19572838e+15	3.32278891e+15	2.95344929e-03
374400	9799.02069929	1872	1.38053097e-04	1872.00000000	3.19574161e+15	3.32280216e+15	2.95346040e-03
374600	9804.28900743	1873	1.38126844e-04	1873.00000000	3.19575480e+15	3.32281538e+15	2.95347148e-03
374800	9809.52867779	1874	1.38200590e-04	1874.00000000	3.19576795e+15	3.32282856e+15	2.95348253e-03
375000	9814.79704138	1875	1.38274336e-04	1875.00000000	3.19578107e+15	3.32284171e+15	2.95349355e-03
375200	9820.07145637	1876	1.38348083e-04	1876.00000000	3.19579415e+15	3.32285482e+15	2.95350454e-03
375400	9825.33969884	1877	1.38421829e-04	1877.00000000	3.19580720e+15	3.32286790e+15	2.95351550e-03
375600	9830.59151996	1878	1.38495575e-04	1878.00000000	3.19582022e+15	3.32288094e+15	2.95352644e-03
375800	9835.81102638	1879	1.38569322e-04	1879.00000000	3.19583320e+15	3.32289395e+15	2.95353734e-03
376000	9841.05127789	1880	1.38643068e-04	1880.00000000	3.19584615e+15	3.32290693e+15	2.95354822e-03
376200	9846.25726005	1881	1.38716814e-04	1881.00000000	3.19585906e+15	3.32291987e+15	2.95355907e-03
376400	9851.50937449	1882	1.38790560e-04	1882.00000000	3.19587194e+15	3.32293278e+15	2.95356989e-03
376600	9856.75900128	1883	1.38864307e-04	1883.00000000	3.19588479e+15	3.32294565e+15	2.95358068e-03
376800	9861.95001399	1884	1.38938053e-04	1884.00000000	3.19589760e+15	3.32295849e+15	2.95359144e-03
377000	9867.13705332	1885	1.39011799e-04	1885.00000000	3.19591038e+15	3.32297130e+15	2.95360218e-03
377200	9872.37327982	1886	1.39085546e-04	1886.00000000	3.19592313e+15	3.32298407e+15	2.95361288e-03
377400	9877.58226570	1887	1.39159292e-04	1887.00000000	3.19593584e+15	3.32299681e+15	2.95362356e-03
377600	9882.77746096	1888	1.39233038e-04	1888.00000000	3.19594852e+15	3.32300952e+15	2.95363421e-03
377800	9888.04966091	1889	1.39306785e-04	1889.00000000	3.19596117e+15	3.32302219e+15	2.95364484e-03
378000	9893.24258729	1890	1.39380531e-04	1890.00000000	3.19597378e+15	3.32303483e+15	2.95365543e-03
378200	9898.47472029	1891	1.39454277e-04	1891.00000000	3.19598636e+15	3.32304744e+15	2.95366594e-03
378400	9903.66410704	1892	1.39528024e-04	1892.00000000	3.19599890e+15	3.32306001e+15	2.95367647e-03
378600	9908.93397008	1893	1.39601770e-04	1893.00000000	3.19601141e+15	3.32307254e+15	2.95368697e-03
378800	9914.17980900	1894	1.39675516e-04	1894.00000000	3.19602388e+15	3.32308504e+15	2.95369745e-03
379000	9919.44694119	1895	1.39749263e-04	1895.00000000	3.19603632e+15	3.32309751e+15	2.95370789e-03
379200	9924.71610521	1896	1.39823009e-04	1896.00000000	3.19604873e+15	3.32310994e+15	2.95371831e-03
379400	9929.98424774	1897	1.39896755e-04	1897.00000000	3.19606111e+15	3.32312234e+15	2.95372871e-03
379600	9935.24850939	1898	1.39970501e-04	1898.00000000	3.19607345e+15	3.32313471e+15	2.95373908e-03
379800	9940.43205682	1899	1.40044248e-04	1899.00000000	3.19608577e+15	3.32314705e+15	2.95374942e-03
380000	9945.70217014	1900	1.40117994e-04	1900.00000000	3.19609805e+15	3.32315936e+15	2.95375973e-03
380200	9950.95451047	1901	1.40191740e-04	1901.00000000	3.19611030e+15	3.32317163e+15	2.95377002e-03
380400	9956.21572481	1902	1.40265487e-04	1902.00000000	3.19612252e+15	3.32318388e+15	2.95378028e-03
380600	9961.48711993	1903	1.40339233e-04	1903.00000000	3.19613470e+15	3.32319609e+15	2.95379051e-03
380800	9966.75787253	1904	1.40412979e-04	1904.00000000	3.19614686e+15	3.32320827e+15	2.95380072e-03
381000	9971.94347378	1905	1.40486726e-04	1905.00000000	3.19615898e+15	3.32322042e+15	2.95381090e-03
381200	9977.20955172	1906	1.40560472e-04	1906.00000000	3.19617107e+15	3.32323254e+15	2.95382106e-03
381400	9982.43265582	1907	1.40634218e-04	1907.00000000	3.19618314e+15	3.32324462e+15	2.95383119e-03
381600	9987.68664566	1908	1.40707965e-04	1908.00000000	3.19619517e+15	3.32325668e+15	2.95384129e-03
381800	9992.95630502	1909	1.40781711e-04	1909.00000000	3.19620717e+15	3.32326870e+15	2.95385137e-03
382000	9998.22442861	1910	1.40855457e-04	1910.00000000	3.19621914e+15	3.32328070e+15	2.95386142e-03
382200	10003.49467726	1911	1.40929204e-04	1911.00000000	3.19623107e+15	3.32329266e+15	2.95387145e-03
382400	10008.75764823	1912	1.41002950e-04	1912.00000000	3.19624298e+15	3.32330459e+15	2.95388145e-03
382600	10014.01893428	1913	1.41076696e-04	1913.00000000	3.19625486e+15	3.32331649e+15	2.95389142e-03
382800	10019.26585413	1914	1.41150442e-04	1914.00000000	3.19626670e+15	3.32332836e+15	2.95390137e-03
383000	10024.49822132	1915	1.41224189e-04	1915.00000000	3.19627852e+15	3.32334020e+15	2.95391129e-03
383200	10029.75390354	1916	1.41297935e-04	1916.00000000	3.19629030e+15	3.32335201e+15	2.95392119e-03
383400	10035.01848060	1917	1.41371681e-04	1917.00000000	3.19630205e+15	3.32336379e+15	2.95393106e-03
383600	10040.27746746	1918	1.41445428e-04	1918.00000000	3.19631378e+15	3.32337554e+15	2.95394091e-03
383800	10045.46675298	1919	1.41519174e-04	1919.00000000	3.19632547e+15	3.32338726e+15	2.95395073e-03
384000	10050.73612698	1920	1.41592920e-04	1920.00000000	3.19633713e+15	3.32339894e+15	2.95396052e-03
384200	10055.97549479	1921	1.41666667e-04	1921.00000000	3.19634876e+15	3.32341060e+15	2.95397030e-03
384400	10061.21410109	1922	1.41740413e-04	1922.00000000	3.19636037e+15	3.32342223e+15	2.95398004e-03
384600	10066.39705037	1923	1.41814159e-04	1923.00000000	3.19637194e+15	3.32343383e+15	2.95398976e-03
384800	10071.69370349	1924	1.41887906e-04	1924.00000000	3.19638348e+15	3.32344539e+15	2.95399945e-03
385000	10076.95907541	1925	1.41961652e-04	1925.00000000	3.19639499e+15	3.32345693e+15	2.95400912e-03
385200	10082.23242616	1926	1.42035398e-04	1926.00000000	3.19640648e+15	3.32346844e+15	2.95401877e-03
385400	10087.50154992	1927	1.42109145e-04	1927.00000000	3.19641793e+15	3.32347991e+15	2.95402839e-03
385600	10092.76936845	1928	1.42182891e-04	1928.00000000	3.19642935e+15	3.32349136e+15	2.95403798e-03
385800	10098.01477435	1929	1.42256637e-04	1929.00000000	3.19644075e+15	3.32350278e+15	2.95404755e-03
386000	10103.28408543	1930	1.42330383e-04	1930.00000000	3.19645211e+15	3.32351417e+15	2.95405710e-03
386200	10108.55530771	1931	1.42404130e-04	1931.00000000	3.19646345e+15	3.32352553e+15	2.95406662e-03
386400	10113.81544437	1932	1.42477876e-04	1932.00000000	3.19647475e+15	3.32353686e+15	2.95407612e-03
386600	10119.08630099	1933	1.42551622e-04	1933.00000000	3.19648603e+15	3.32354816e+15	2.95408559e-03
386800	10124.30323112	1934	1.42625369e-04	1934.00000000	3.19649728e+15	3.32355943e+15	2.95409503e-03
387000	10129.51851460	1935	1.42699115e-04	1935.00000000	3.19650850e+15	3.32357067e+15	2.95410446e-03
387200	10134.76834151	1936	1.42772861e-04	1936.00000000	3.19651969e+15	3.32358189e+15	2.95411386e-03
387400	10140.01662073	1937	1.42846608e-04	1937.00000000	3.19653085e+15	3.32359307e+15	2.95412323e-03
387600	10145.28235413	1938	1.42920354e-04	1938.00000000	3.19654198e+15	3.32360423e+15	2.95413258e-03
387800	10150.49990610	1939	1.42994100e-04	1939.00000000	3.19655308e+15	3.32361535e+15	2.95414191e-03
388000	10155.68285873	1940	1.43067847e-04	1940.00000000	3.19656416e+15	3.32362645e+15	2.95415121e-03
388200	10160.86670989	1941	1.43141593e-04	1941.00000000	3.19657520e+15	3.32363752e+15	2.95416048e-03
388400	10166.06674455	1942	1.43215339e-04	1942.00000000	3.19658622e+15	3.32364856e+15	2.95416974e-03
388600	10171.29910287	1943	1.43289086e-04	1943.00000000	3.19659721e+15	3.32365957e+15	2.95417897e-03
388800	10176.51400873	1944	1.43362832e-04	1944.00000000	3.19660817e+15	3.32367056e+15	2.95418817e-03
389000	10181.72326187	1945	1.43436578e-04	1945.00000000	3.19661910e+15	3.32368151e+15	2.95419736e-03
389200	10186.91653319	1946	1.43510324e-04	1946.00000000	3.19663000e+15	3.32369244e+15	2.95420652e-03
389400	10192.17721443	1947	1.43584071e-04	1947.00000000	3.19664088e+15	3.32370334e+15	2.95421565e-03
389600	10197.43266046	1948	1.43657817e-04	1948.00000000	3.19665173e+15	3.32371421e+15	2.95422476e-03
389800	10202.67690089	1949	1.43731563e-04	1949.00000000	3.19666255e+15	3.32372505e+15	2.95423385e-03
390000	10207.93178544	1950	1.43805310e-04	1950.00000000	3.19667334e+15	3.32373587e+15	2.95424291e-03
390200	10213.13192512	1951	1.43879056e-04	1951.00000000	3.19668410e+15	3.32374665e+15	2.95425196e-03
390400	10218.31916810	1952	1.43952802e-04	1952.00000000	3.19669484e+15	3.32375741e+15	2.95426097e-03
390600	10223.58620899	1953	1.44026549e-04	1953.00000000	3.19670555e+15	3.32376815e+15	2.95426997e-03
390800	10228.85280815	1954	1.44100295e-04	1954.00000000	3.19671623e+15	3.32377885e+15	2.95427894e-03
391000	10234.12668517	1955	1.44174041e-04	1955.00000000	3.19672688e+15	3.32378953e+15	2.95428789e-03
391200	10239.32953076	1956	1.44247788e-04	1956.00000000	3.19673751e+15	3.32380017e+15	2.95429681e-03
391400	10244.56717720	1957	1.44321534e-04	1957.00000000	3.19674811e+15	3.32381080e+15	2.95430572e-03
391600	10249.81022147	1958	1.44395280e-04	1958.00000000	3.19675868e+15	3.32382139e+15	2.95431459e-03
391800	10254.99625238	1959	1.44469027e-04	1959.00000000	3.19676922e+15	3.32383196e+15	2.95432345e-03
392000	10260.23749988	1960	1.44542773e-04	1960.00000000	3.19677974e+15	3.32384249e+15	2.95433228e-03
392200	10265.46737903	1961	1.44616519e-04	1961.00000000	3.19679023e+15	3.32385301e+15	2.95434109e-03
392400	10270.70373707	1962	1.44690265e-04	1962.00000000	3.19680069e+15	3.32386349e+15	2.95434988e-03
392600	10275.94398734	1963	1.44764012e-04	1963.00000000	3.19681113e+15	3.32387395e+15	2.95435865e-03
392800	10281.15784813	1964	1.44837758e-04	1964.00000000	3.19682153e+15	3.32388438e+15	2.95436739e-03
393000	10286.34742251	1965	1.44911504e-04	1965.00000000	3.19683192e+15	3.32389478e+15	2.95437611e-03
393200	10291.54815787	1966	1.44985251e-04	1966.00000000	3.19684227e+15	3.32390516e+15	2.95438481e-03
393400	10296.78991163	1967	1.45058997e-04	1967.00000000	3.19685260e+15	3.32391551e+15	2.95439348e-03
393600	10301.97434675	1968	1.45132743e-04	1968.00000000	3.19686290e+15	3.32392583e+15	2.95440213e-03
393800	10307.18099385	1969	1.45206490e-04	1969.00000000	3.19687317e+15	3.32393613e+15	2.95441076e-03
394000	10312.42603210	1970	1.45280236e-04	1970.00000000	3.19688342e+15	3.32394640e+15	2.95441937e-03
394200	10317.63593594	1971	1.45353982e-04	1971.00000000	3.19689364e+15	3.32395664e+15	2.95442796e-03
394400	10322.88744324	1972	1.45427729e-04	1972.00000000	3.19690384e+15	3.32396686e+15	2.95443652e-03
394600	10328.13236902	1973	1.45501475e-04	1973.00000000	3.19691401e+15	3.32397705e+15	2.95444506e-03
394800	10333.31804650	1974	1.45575221e-04	1974.00000000	3.19692415e+15	3.32398721e+15	2.95445358e-03
395000	10338.58489060	1975	1.45648968e-04	1975.00000000	3.19693427e+15	3.32399735e+15	2.95446208e-03
395200	10343.85816059	1976	1.45722714e-04	1976.00000000	3.19694436e+15	3.32400746e+15	2.95447055e-03
395400	10349.08933086	1977	1.45796460e-04	1977.00000000	3.19695442e+15	3.32401755e+15	2.95447901e-03
395600	10354.27626411	1978	1.45870206e-04	1978.00000000	3.19696446e+15	3.32402761e+15	2.95448744e-03
395800	10359.54478419	1979	1.45943953e-04	1979.00000000	3.19697447e+15	3.32403764e+15	2.95449585e-03
396000	10364.77137127	1980	1.46017699e-04	1980.00000000	3.19698446e+15	3.32404765e+15	2.95450424e-03
396200	10369.97287958	1981	1.46091445e-04	1981.00000000	3.19699442e+15	3.32405763e+15	2.95451260e-03
396400	10375.17012928	1982	1.46165192e-04	1982.00000000	3.19700435e+15	3.32406759e+15	2.95452095e-03
396600	10380.44573200	1983	1.46238938e-04	1983.00000000	3.19701426e+15	3.32407752e+15	2.95452927e-03
396800	10385.67988778	1984	1.46312684e-04	1984.00000000	3.19702415e+15	3.32408743e+15	2.95453757e-03
397000	10390.94988415	1985	1.46386431e-04	1985.00000000	3.19703401e+15	3.32409731e+15	2.95454585e-03
397200	10396.16210145	1986	1.46460177e-04	1986.00000000	3.19704384e+15	3.32410716e+15	2.95455411e-03
397400	10401.37832917	1987	1.46533923e-04	1987.00000000	3.19705365e+15	3.32411699e+15	2.95456235e-03
397600	10406.57223785	1988	1.46607670e-04	1988.00000000	3.19706343e+15	3.32412679e+15	2.95457057e-03
397800	10411.80385560	1989	1.46681416e-04	1989.00000000	3.19707319e+15	3.32413657e+15	2.95457876e-03
398000	10417.03072024	1990	1.46755162e-04	1990.00000000	3.19708292e+15	3.32414632e+15	2.95458694e-03
398200	10422.22049567	1991	1.46828909e-04	1991.00000000	3.19709263e+15	3.32415605e+15	2.95459509e-03
398400	10427.40893576	1992	1.46902655e-04	1992.00000000	3.19710231e+15	3.32416575e+15	2.95460322e-03
398600	10432.61455571	1993	1.46976401e-04	1993.00000000	3.19711196e+15	3.32417543e+15	2.95461133e-03
398800	10437.84460986	1994	1.47050147e-04	1994.00000000	3.19712160e+15	3.32418508e+15	2.95461943e-03
399000	10443.06468188	1995	1.47123894e-04	1995.00000000	3.19713120e+15	3.32419471e+15	2.95462749e-03
399200	10448.33706805	1996	1.47197640e-04	1996.00000000	3.19714079e+15	3.32420431e+15	2.95463554e-03
399400	10453.60948239	1997	1.47271386e-04	1997.00000000	3.19715034e+15	3.32421389e+15	2.95464357e-03
399600	10458.88304734	1998	1.47345133e-04	1998.00000000	3.19715988e+15	3.32422345e+15	2.95465158e-03
399800	10464.12799351	1999	1.47418879e-04	1999.00000000	3.19716939e+15	3.32423297e+15	2.95465957e-03
400000	10469.36936721	2000	1.47492625e-04	2000.00000000	3.19717887e+15	3.32424248e+15	2.95466753e-03
400200	10474.59870868	2001	1.47566372e-04	2001.00000000	3.19718833e+15	3.32425196e+15	2.95467548e-03
400400	10479.87145794	2002	1.47640118e-04	2002.00000000	3.19719776e+15	3.32426141e+15	2.95468340e-03
400600	10485.07512907	2003	1.47713864e-04	2003.00000000	3.19720718e+15	3.32427084e+15	2.95469131e-03
400800	10490.26371303	2004	1.47787611e-04	2004.00000000	3.19721656e+15	3.32428025e+15	2.95469919e-03
401000	10495.52900697	2005	1.47861357e-04	2005.00000000	3.19722592e+15	3.32428963e+15	2.95470706e-03
401200	10500.71833139	2006	1.47935103e-04	2006.00000000	3.19723526e+15	3.32429899e+15	2.95471490e-03
401400	10505.90605640	2007	1.48008850e-04	2007.00000000	3.19724458e+15	3.32430833e+15	2.95472272e-03
401600	10511.16580050	2008	1.48082596e-04	2008.00000000	3.19725387e+15	3.32431764e+15	2.95473053e-03
401800	10516.38240042	2009	1.48156342e-04	2009.00000000	3.19726314e+15	3.32432692e+15	2.95473831e-03
402000	10521.56150450	2010	1.48230088e-04	2010.00000000	3.19727238e+15	3.32433619e+15	2.95474607e-03
402200	10526.79744241	2011	1.48303835e-04	2011.00000000	3.19728160e+15	3.32434543e+15	2.95475382e-03
402400	10532.01548397	2012	1.48377581e-04	2012.00000000	3.19729079e+15	3.32435464e+15	2.95476154e-03
402600	10537.20702410	2013	1.48451327e-04	2013.00000000	3.19729996e+15	3.32436383e+15	2.95476925e-03
402800	10542.47613191	2014	1.48525074e-04	2014.00000000	3.19730911e+15	3.32437300e+15	2.95477693e-03
403000	10547.74183980	2015	1.48598820e-04	2015.00000000	3.19731824e+15	3.32438214e+15	2.95478459e-03
403200	10553.00855386	2016	1.48672566e-04	2016.00000000	3.19732734e+15	3.32439127e+15	2.95479224e-03
403400	10558.18573209	2017	1.48746313e-04	2017.00000000	3.19733642e+15	3.32440036e+15	2.95479986e-03
403600	10563.35738735	2018	1.48820059e-04	2018.00000000	3.19734547e+15	3.32440944e+15	2.95480747e-03
403800	10568.60412270	2019	1.48893805e-04	2019.00000000	3.19735450e+15	3.32441849e+15	2.95481505e-03
404000	10573.78323972	2020	1.48967552e-04	2020.00000000	3.19736351e+15	3.32442751e+15	2.95482262e-03
404200	10578.97129245	2021	1.49041298e-04	2021.00000000	3.19737249e+15	3.32443652e+15	2.95483017e-03
404400	10584.16189785	2022	1.49115044e-04	2022.00000000	3.19738146e+15	3.32444550e+15	2.95483769e-03
404600	10589.43709597	2023	1.49188791e-04	2023.00000000	3.19739039e+15	3.32445446e+15	2.95484520e-03
404800	10594.70921048	2024	1.49262537e-04	2024.00000000	3.19739931e+15	3.32446339e+15	2.95485269e-03
405000	10599.97926684	2025	1.49336283e-04	2025.00000000	3.19740819e+15	3.32447229e+15	2.95486017e-03
405200	10605.17986007	2026	1.49410029e-04	2026.00000000	3.19741705e+15	3.32448117e+15	2.95486759e-03
405400	10610.40912195	2027	1.49483776e-04	2027.00000000	3.19742589e+15	3.32449003e+15	2.95487501e-03
405600	10615.64380481	2028	1.49557522e-04	2028.00000000	3.19743471e+15	3.32449886e+15	2.95488241e-03
405800	10620.88898893	2029	1.49631268e-04	2029.00000000	3.19744350e+15	3.32450767e+15	2.95488980e-03
406000	10626.07044495	2030	1.49705015e-04	2030.00000000	3.19745227e+15	3.32451646e+15	2.95489716e-03
406200	10631.33481068	2031	1.49778761e-04	2031.00000000	3.19746102e+15	3.32452523e+15	2.95490451e-03
406400	10636.60562099	2032	1.49852507e-04	2032.00000000	3.19746974e+15	3.32453397e+15	2.95491183e-03
406600	10641.84117779	2033	1.49926254e-04	2033.00000000	3.19747845e+15	3.32454269e+15	2.95491914e-03
406800	10647.02644605	2034	1.50000000e-04	2034.00000000	3.19748713e+15	3.32455139e+15	2.95492643e-03
407000	10652.20996785	2035	1.50073746e-04	2035.00000000	3.19749579e+15	3.32456007e+15	2.95493370e-03
407200	10657.43552054	2036	1.50147493e-04	2036.00000000	3.19750442e+15	3.32456872e+15	2.95494095e-03
407400	10662.66929938	2037	1.50221239e-04	2037.00000000	3.19751304e+15	3.32457735e+15	2.95494819e-03
407600	10667.93657904	2038	1.50294985e-04	2038.00000000	3.19752163e+15	3.32458596e+15	2.95495540e-03
407800	10673.20489798	2039	1.50368732e-04	2039.00000000	3.19753020e+15	3.32459455e+15	2.95496260e-03
408000	10678.47202629	2040	1.50442478e-04	2040.00000000	3.19753875e+15	3.32460312e+15	2.95496978e-03
408200	10683.74439841	2041	1.50516224e-04	2041.00000000	3.19754727e+15	3.32461166e+15	2.95497694e-03
408400	10689.01457380	2042	1.50589971e-04	2042.00000000	3.19755578e+15	3.32462018e+15	2.95498408e-03
408600	10694.26446627	2043	1.50663717e-04	2043.00000000	3.19756426e+15	3.32462868e+15	2.95499120e-03
408800	10699.51922951	2044	1.50737463e-04	2044.00000000	3.19757272e+15	3.32463716e+15	2.95499831e-03
409000	10704.80186581	2045	1.50811209e-04	2045.00000000	3.19758116e+15	3.32464561e+15	2.95500540e-03
409200	10710.04035386	2046	1.50884956e-04	2046.00000000	3.19758958e+15	3.32465405e+15	2.95501247e-03
409400	10715.28773270	2047	1.50958702e-04	2047.00000000	3.19759797e+15	3.32466246e+15	2.95501952e-03
409600	10720.47741746	2048	1.51032448e-04	2048.00000000	3.19760634e+15	3.32467085e+15	2.95502655e-03
409800	10725.66146938	2049	1.51106195e-04	2049.00000000	3.19761470e+15	3.32467922e+15	2.95503356e-03
410000	10730.84853119	2050	1.51179941e-04	2050.00000000	3.19762303e+15	3.32468757e+15	2.95504056e-03
410200	10736.11741091	2051	1.51253687e-04	2051.00000000	3.19763134e+15	3.32469590e+15	2.95504754e-03
410400	10741.34087628	2052	1.51327434e-04	2052.00000000	3.19763962e+15	3.32470420e+15	2.95505450e-03
410600	10746.54718272	2053	1.51401180e-04	2053.00000000	3.19764789e+15	3.32471248e+15	2.95506144e-03
410800	10751.81326571	2054	1.51474926e-04	2054.00000000	3.19765613e+15	3.32472075e+15	2.95506837e-03
411000	10757.07182511	2055	1.51548673e-04	2055.00000000	3.19766436e+15	3.32472899e+15	2.95507527e-03
411200	10762.28256232	2056	1.51622419e-04	2056.00000000	3.19767256e+15	3.32473721e+15	2.95508216e-03
411400	10767.55471858	2057	1.51696165e-04	2057.00000000	3.19768074e+15	3.32474541e+15	2.95508903e-03
411600	10772.82236316	2058	1.51769912e-04	2058.00000000	3.19768890e+15	3.32475358e+15	2.95509589e-03
411800	10777.99557742	2059	1.51843658e-04	2059.00000000	3.19769704e+15	3.32476174e+15	2.95510272e-03
412000	10783.26537561	2060	1.51917404e-04	2060.00000000	3.19770516e+15	3.32476987e+15	2.95510954e-03
412200	10788.51965519	2061	1.51991150e-04	2061.00000000	3.19771326e+15	3.32477799e+15	2.95511634e-03
412400	10793.76818658	2062	1.52064897e-04	2062.00000000	3.19772133e+15	3.32478608e+15	2.95512313e-03
412600	10799.00886033	2063	1.52138643e-04	2063.00000000	3.19772939e+15	3.32479415e+15	2.95512989e-03
412800	10804.28140540	2064	1.52212389e-04	2064.00000000	3.19773742e+15	3.32480220e+15	2.95513664e-03
413000	10809.48157161	2065	1.52286136e-04	2065.00000000	3.19774543e+15	3.32481023e+15	2.95514337e-03
413200	10814.66709421	2066	1.52359882e-04	2066.00000000	3.19775343e+15	3.32481824e+15	2.95515009e-03
413400	10819.86094397	2067	1.52433628e-04	2067.00000000	3.19776140e+15	3.32482623e+15	2.95515678e-03
413600	10825.07039558	2068	1.52507375e-04	2068.00000000	3.19776935e+15	3.32483420e+15	2.95516346e-03
413800	10830.25934517	2069	1.52581121e-04	2069.00000000	3.19777728e+15	3.32484215e+15	2.95517012e-03
414000	10835.47557518	2070	1.52654867e-04	2070.00000000	3.19778519e+15	3.32485007e+15	2.95517677e-03
414200	10840.65561296	2071	1.52728614e-04	2071.00000000	3.19779308e+15	3.32485798e+15	2.95518339e-03
414400	10845.91691325	2072	1.52802360e-04	2072.00000000	3.19780095e+15	3.32486586e+15	2.95519000e-03
414600	10851.14693845	2073	1.52876106e-04	2073.00000000	3.19780879e+15	3.32487373e+15	2.95519660e-03
414800	10856.32632532	2074	1.52949853e-04	2074.00000000	3.19781662e+15	3.32488157e+15	2.95520317e-03
415000	10861.56557552	2075	1.53023599e-04	2075.00000000	3.19782443e+15	3.32488940e+15	2.95520973e-03
415200	10866.81231941	2076	1.53097345e-04	2076.00000000	3.19783222e+15	3.32489720e+15	2.95521627e-03
415400	10872.01495566	2077	1.53171091e-04	2077.00000000	3.19783998e+15	3.32490499e+15	2.95522279e-03
415600	10877.19935964	2078	1.53244838e-04	2078.00000000	3.19784773e+15	3.32491275e+15	2.95522930e-03
415800	10882.41462309	2079	1.53318584e-04	2079.00000000	3.19785546e+15	3.32492049e+15	2.95523579e-03
416000	10887.59271198	2080	1.53392330e-04	2080.00000000	3.19786316e+15	3.32492821e+15	2.95524227e-03
416200	10892.86349291	2081	1.53466077e-04	2081.00000000	3.19787085e+15	3.32493592e+15	2.95524872e-03
416400	10898.12506207	2082	1.53539823e-04	2082.00000000	3.19787852e+15	3.32494360e+15	2.95525516e-03
416600	10903.34497938	2083	1.53613569e-04	2083.00000000	3.19788616e+15	3.32495126e+15	2.95526158e-03
416800	10908.52279937	2084	1.53687316e-04	2084.00000000	3.19789379e+15	3.32495891e+15	2.95526799e-03
417000	10913.73720351	2085	1.53761062e-04	2085.00000000	3.19790140e+15	3.32496653e+15	2.95527438e-03
417200	10918.95256620	2086	1.53834808e-04	2086.00000000	3.19790898e+15	3.32497413e+15	2.95528075e-03
417400	10924.16899574	2087	1.53908555e-04	2087.00000000	3.19791655e+15	3.32498171e+15	2.95528711e-03
417600	10929.35499579	2088	1.53982301e-04	2088.00000000	3.19792410e+15	3.32498928e+15	2.95529345e-03
417800	10934.57652475	2089	1.54056047e-04	2089.00000000	3.19793163e+15	3.32499682e+15	2.95529977e-03
418000	10939.80737249	2090	1.54129794e-04	2090.00000000	3.19793913e+15	3.32500435e+15	2.95530608e-03
418200	10945.06013393	2091	1.54203540e-04	2091.00000000	3.19794662e+15	3.32501185e+15	2.95531237e-03
418400	10950.31123516	2092	1.54277286e-04	2092.00000000	3.19795409e+15	3.32501934e+15	2.95531865e-03
418600	10955.51078207	2093	1.54351032e-04	2093.00000000	3.19796154e+15	3.32502680e+15	2.95532491e-03
418800	10960.71613464	2094	1.54424779e-04	2094.00000000	3.19796897e+15	3.32503425e+15	2.95533115e-03
419000	10965.96590441	2095	1.54498525e-04	2095.00000000	3.19797639e+15	3.32504168e+15	2.95533737e-03
419200	10971.23298038	2096	1.54572271e-04	2096.00000000	3.19798378e+15	3.32504909e+15	2.95534358e-03
419400	10976.49744735	2097	1.54646018e-04	2097.00000000	3.19799115e+15	3.32505647e+15	2.95534978e-03
419600	10981.74486960	2098	1.54719764e-04	2098.00000000	3.19799850e+15	3.32506384e+15	2.95535595e-03
419800	10986.93534811	2099	1.54793510e-04	2099.00000000	3.19800584e+15	3.32507119e+15	2.95536212e-03
420000	10992.17780428	2100	1.54867257e-04	2100.00000000	3.19801315e+15	3.32507853e+15	2.95536826e-03
420200	10997.39624411	2101	1.54941003e-04	2101.00000000	3.19802045e+15	3.32508584e+15	2.95537439e-03
420400	11002.58400290	2102	1.55014749e-04	2102.00000000	3.19802773e+15	3.32509313e+15	2.95538050e-03
420600	11007.78216878	2103	1.55088496e-04	2103.00000000	3.19803499e+15	3.32510041e+15	2.95538660e-03
420800	11012.99837302	2104	1.55162242e-04	2104.00000000	3.19804223e+15	3.32510766e+15	2.95539268e-03
421000	11018.24477845	2105	1.55235988e-04	2105.00000000	3.19804945e+15	3.32511490e+15	2.95539875e-03
421200	11023.44279371	2106	1.55309735e-04	2106.00000000	3.19805665e+15	3.32512212e+15	2.95540480e-03
421400	11028.63726886	2107	1.55383481e-04	2107.00000000	3.19806384e+15	3.32512932e+15	2.95541084e-03
421600	11033.87788270	2108	1.55457227e-04	2108.00000000	3.19807100e+15	3.32513650e+15	2.95541685e-03
421800	11039.09584806	2109	1.55530973e-04	2109.00000000	3.19807815e+15	3.32514366e+15	2.95542286e-03
422000	11044.32304238	2110	1.55604720e-04	2110.00000000	3.19808528e+15	3.32515080e+15	2.95542885e-03
422200	11049.52903522	2111	1.55678466e-04	2111.00000000	3.19809239e+15	3.32515793e+15	2.95543482e-03
422400	11054.72558840	2112	1.55752212e-04	2112.00000000	3.19809948e+15	3.32516503e+15	2.95544078e-03
422600	11059.96345431	2113	1.55825959e-04	2113.00000000	3.19810655e+15	3.32517212e+15	2.95544672e-03
422800	11065.17976514	2114	1.55899705e-04	2114.00000000	3.19811361e+15	3.32517919e+15	2.95545264e-03
423000	11070.40713763	2115	1.55973451e-04	2115.00000000	3.19812064e+15	3.32518624e+15	2.95545855e-03
423200	11075.58793457	2116	1.56047198e-04	2116.00000000	3.19812766e+15	3.32519328e+15	2.95546445e-03
423400	11080.77743291	2117	1.56120944e-04	2117.00000000	3.19813466e+15	3.32520029e+15	2.95547033e-03
423600	11085.95541472	2118	1.56194690e-04	2118.00000000	3.19814164e+15	3.32520729e+15	2.95547620e-03
423800	11091.15484346	2119	1.56268437e-04	2119.00000000	3.19814861e+15	3.32521427e+15	2.95548205e-03
424000	11096.38552074	2120	1.56342183e-04	2120.00000000	3.19815555e+15	3.32522123e+15	2.95548788e-03
424200	11101.61867654	2121	1.56415929e-04	2121.00000000	3.19816248e+15	3.32522817e+15	2.95549370e-03
424400	11106.85810413	2122	1.56489676e-04	2122.00000000	3.19816939e+15	3.32523510e+15	2.95549951e-03
424600	11112.09842803	2123	1.56563422e-04	2123.00000000	3.19817628e+15	3.32524200e+15	2.95550529e-03
424800	11117.29127034	2124	1.56637168e-04	2124.00000000	3.19818316e+15	3.32524889e+15	2.95551107e-03
425000	11122.47458492	2125	1.56710914e-04	2125.00000000	3.19819002e+15	3.32525576e+15	2.95551690e-03
425200	11127.65989265	2126	1.56784661e-04	2126.00000000	3.19819684e+15	3.32526261e+15	2.95552253e-03
425400	11132.91725014	2127	1.56858407e-04	2127.00000000	3.19820365e+15	3.32526943e+15	2.95552823e-03
425600	11138.10324275	2128	1.56932153e-04	2128.00000000	3.19821044e+15	3.32527623e+15	2.95553393e-03
425800	11143.28557157	2129	1.57005900e-04	2129.00000000	3.19821721e+15	3.32528302e+15	2.95553962e-03
426000	11148.46400109	2130	1.57079646e-04	2130.00000000	3.19822398e+15	3.32528979e+15	2.95554529e-03
426200	11153.75110585	2131	1.57153392e-04	2131.00000000	3.19823072e+15	3.32529656e+15	2.95555096e-03
426400	11158.97915250	2132	1.57227139e-04	2132.00000000	3.19823746e+15	3.32530330e+15	2.95555662e-03
426600	11164.18491597	2133	1.57300885e-04	2133.00000000	3.19824417e+15	3.32531003e+15	2.95556226e-03
426800	11169.39924656	2134	1.57374631e-04	2134.00000000	3.19825087e+15	3.32531674e+15	2.95556788e-03
427000	11174.67265563	2135	1.57448378e-04	2135.00000000	3.19825755e+15	3.32532344e+15	2.95557349e-03
427200	11179.87685967	2136	1.57522124e-04	2136.00000000	3.19826421e+15	3.32533011e+15	2.95557909e-03
427400	11185.11638046	2137	1.57595870e-04	2137.00000000	3.19827086e+15	3.32533677e+15	2.95558467e-03
427600	11190.38812282	2138	1.57669617e-04	2138.00000000	3.19827749e+15	3.32534342e+15	2.95559024e-03
427800	11195.62138551	2139	1.57743363e-04	2139.00000000	3.19828410e+15	3.32535004e+15	2.95559579e-03
428000	11200.85877314	2140	1.57817109e-04	2140.00000000	3.19829070e+15	3.32535665e+15	2.95560133e-03
428200	11206.11432767	2141	1.57890855e-04	2141.00000000	3.19829728e+15	3.32536325e+15	2.95560686e-03
428400	11211.35584262	2142	1.57964602e-04	2142.00000000	3.19830384e+15	3.32536982e+15	2.95561237e-03
428600	11216.58207159	2143	1.58038348e-04	2143.00000000	3.19831039e+15	3.32537638e+15	2.95561786e-03
428800	11221.85212108	2144	1.58112094e-04	2144.00000000	3.19831692e+15	3.32538292e+15	2.95562335e-03
429000	11227.13015954	2145	1.58185841e-04	2145.00000000	3.19832343e+15	3.32538945e+15	2.95562882e-03
429200	11232.39286824	2146	1.58259587e-04	2146.00000000	3.19832992e+15	3.32539596e+15	2.95563427e-03
429400	11237.66380330	2147	1.58333333e-04	2147.00000000	3.19833640e+15	3.32540245e+15	2.95563971e-03
429600	11242.90274809	2148	1.58407080e-04	2148.00000000	3.19834286e+15	3.32540893e+15	2.95564514e-03
429800	11248.08565612	2149	1.58480826e-04	2149.00000000	3.19834931e+15	3.32541538e+15	2.95565055e-03
430000	11253.28252969	2150	1.58554572e-04	2150.00000000	3.19835574e+15	3.32542183e+15	2.95565595e-03
430200	11258.47699179	2151	1.58628319e-04	2151.00000000	3.19836215e+15	3.32542825e+15	2.95566134e-03
430400	11263.74060267	2152	1.58702065e-04	2152.00000000	3.19836855e+15	3.32543466e+15	2.95566671e-03
430600	11268.92407148	2153	1.58775811e-04	2153.00000000	3.19837492e+15	3.32544105e+15	2.95567207e-03
430800	11274.18878362	2154	1.58849558e-04	2154.00000000	3.19838129e+15	3.32544743e+15	2.95567741e-03
431000	11279.45966479	2155	1.58923304e-04	2155.00000000	3.19838763e+15	3.32545379e+15	2.95568275e-03
431200	11284.67843360	2156	1.58997050e-04	2156.00000000	3.19839396e+15	3.32546013e+15	2.95568806e-03
431400	11289.94212633	2157	1.59070796e-04	2157.00000000	3.19840028e+15	3.32546646e+15	2.95569337e-03
431600	11295.18824149	2158	1.59144543e-04	2158.00000000	3.19840658e+15	3.32547277e+15	2.95569866e-03
431800	11300.43933341	2159	1.59218289e-04	2159.00000000	3.19841286e+15	3.32547907e+15	2.95570393e-03
432000	11305.64622080	2160	1.59292035e-04	2160.00000000	3.19841912e+15	3.32548535e+15	2.95570920e-03
432200	11310.83535639	2161	1.59365782e-04	2161.00000000	3.19842537e+15	3.32549161e+15	2.95571444e-03
432400	11316.08468506	2162	1.59439528e-04	2162.00000000	3.19843160e+15	3.32549785e+15	2.95571968e-03
432600	11321.28216351	2163	1.59513274e-04	2163.00000000	3.19843782e+15	3.32550408e+15	2.95572490e-03
432800	11326.52443856	2164	1.59587021e-04	2164.00000000	3.19844402e+15	3.32551030e+15	2.95573011e-03
433000	11331.75448026	2165	1.59660767e-04	2165.00000000	3.19845021e+15	3.32551650e+15	2.95573531e-03
433200	11337.02551288	2166	1.59734513e-04	2166.00000000	3.19845638e+15	3.32552268e+15	2.95574049e-03
433400	11342.29668533	2167	1.59808260e-04	2167.00000000	3.19846253e+15	3.32552885e+15	2.95574566e-03
433600	11347.49835470	2168	1.59882006e-04	2168.00000000	3.19846867e+15	3.32553500e+15	2.95575081e-03
433800	11352.69482150	2169	1.59955752e-04	2169.00000000	3.19847479e+15	3.32554113e+15	2.95575595e-03
434000	11357.93286728	2170	1.60029499e-04	2170.00000000	3.19848089e+15	3.32554725e+15	2.95576108e-03
434200	11363.16842488	2171	1.60103245e-04	2171.00000000	3.19848698e+15	3.32555335e+15	2.95576620e-03
434400	11368.35959635	2172	1.60176991e-04	2172.00000000	3.19849306e+15	3.32555944e+15	2.95577130e-03
434600	11373.58890291	2173	1.60250737e-04	2173.00000000	3.19849912e+15	3.32556551e+15	2.95577639e-03
434800	11378.83358582	2174	1.60324484e-04	2174.00000000	3.19850516e+15	3.32557157e+15	2.95578147e-03
435000	11384.03385372	2175	1.60398230e-04	2175.00000000	3.19851119e+15	3.32557761e+15	2.95578653e-03
435200	11389.21279639	2176	1.60471976e-04	2176.00000000	3.19851720e+15	3.32558363e+15	2.95579158e-03
435400	11394.39054766	2177	1.60545723e-04	2177.00000000	3.19852320e+15	3.32558964e+15	2.95579662e-03
435600	11399.62523694	2178	1.60619469e-04	2178.00000000	3.19852918e+15	3.32559563e+15	2.95580164e-03
435800	11404.83826518	2179	1.60693215e-04	2179.00000000	3.19853514e+15	3.32560161e+15	2.95580665e-03
436000	11410.07450563	2180	1.60766962e-04	2180.00000000	3.19854109e+15	3.32560757e+15	2.95581165e-03
436200	11415.32651632	2181	1.60840708e-04	2181.00000000	3.19854703e+15	3.32561352e+15	2.95581664e-03
436400	11420.50829332	2182	1.60914454e-04	2182.00000000	3.19855295e+15	3.32561945e+15	2.95582161e-03
436600	11425.68568858	2183	1.60988201e-04	2183.00000000	3.19855885e+15	3.32562537e+15	2.95582657e-03
436800	11430.87067415	2184	1.61061947e-04	2184.00000000	3.19856474e+15	3.32563127e+15	2.95583152e-03
437000	11436.05984048	2185	1.61135693e-04	2185.00000000	3.19857061e+15	3.32563716e+15	2.95583645e-03
437200	11441.26881173	2186	1.61209440e-04	2186.00000000	3.19857647e+15	3.32564303e+15	2.95584137e-03
437400	11446.45253060	2187	1.61283186e-04	2187.00000000	3.19858232e+15	3.32564889e+15	2.95584628e-03
437600	11451.64927859	2188	1.61356932e-04	2188.00000000	3.19858814e+15	3.32565473e+15	2.95585118e-03
437800	11456.85306304	2189	1.61430678e-04	2189.00000000	3.19859396e+15	3.32566055e+15	2.95585606e-03
438000	11462.03129067	2190	1.61504425e-04	2190.00000000	3.19859976e+15	3.32566636e+15	2.95586093e-03
438200	11467.27966592	2191	1.61578171e-04	2191.00000000	3.19860554e+15	3.32567216e+15	2.95586579e-03
438400	11472.48328024	2192	1.61651917e-04	2192.00000000	3.19861131e+15	3.32567794e+15	2.95587064e-03
438600	11477.66191495	2193	1.61725664e-04	2193.00000000	3.19861706e+15	3.32568371e+15	2.95587547e-03
438800	11482.91126814	2194	1.61799410e-04	2194.00000000	3.19862280e+15	3.32568946e+15	2.95588029e-03
439000	11488.17502755	2195	1.61873156e-04	2195.00000000	3.19862853e+15	3.32569520e+15	2.95588510e-03
439200	11493.36027943	2196	1.61946903e-04	2196.00000000	3.19863424e+15	3.32570092e+15	2.95588990e-03
439400	11498.59751773	2197	1.62020649e-04	2197.00000000	3.19863993e+15	3.32570663e+15	2.95589468e-03
439600	11503.82061373	2198	1.62094395e-04	2198.00000000	3.19864561e+15	3.32571232e+15	2.95589945e-03
439800	11508.99843029	2199	1.62168142e-04	2199.00000000	3.19865128e+15	3.32571800e+15	2.95590421e-03
440000	11514.18167132	2200	1.62241888e-04	2200.00000000	3.19865693e+15	3.32572366e+15	2.95590896e-03
440200	11519.43939808	2201	1.62315634e-04	2201.00000000	3.19866257e+15	3.32572931e+15	2.95591369e-03
440400	11524.66606773	2202	1.62389381e-04	2202.00000000	3.19866820e+15	3.32573495e+15	2.95591842e-03
440600	11529.85096885	2203	1.62463127e-04	2203.00000000	3.19867382e+15	3.32574058e+15	2.95592314e-03
440800	11535.09298277	2204	1.62536873e-04	2204.00000000	3.19867942e+15	3.32574620e+15	2.95592785e-03
441000	11540.30791421	2205	1.62610619e-04	2205.00000000	3.19868501e+15	3.32575180e+15	2.95593255e-03
441200	11545.48985154	2206	1.62684366e-04	2206.00000000	3.19869059e+15	3.32575739e+15	2.95593723e-03
441400	11550.74669117	2207	1.62758112e-04	2207.00000000	3.19869615e+15	3.32576296e+15	2.95594190e-03
441600	11555.95850410	2208	1.62831858e-04	2208.00000000	3.19870169e+15	3.32576852e+15	2.95594656e-03
441800	11561.16258367	2209	1.62905605e-04	2209.00000000	3.19870723e+15	3.32577407e+15	2.95595121e-03
442000	11566.34503913	2210	1.62979351e-04	2210.00000000	3.19871274e+15	3.32577960e+15	2.95595585e-03
442200	11571.54482226	2211	1.63053097e-04	2211.00000000	3.19871825e+15	3.32578511e+15	2.95596047e-03
442400	11576.78957265	2212	1.63126844e-04	2212.00000000	3.19872374e+15	3.32579061e+15	2.95596508e-03
442600	11582.01259753	2213	1.63200590e-04	2213.00000000	3.19872921e+15	3.32579610e+15	2.95596968e-03
442800	11587.23769955	2214	1.63274336e-04	2214.00000000	3.19873467e+15	3.32580157e+15	2.95597427e-03
443000	11592.46244688	2215	1.63348083e-04	2215.00000000	3.19874012e+15	3.32580703e+15	2.95597884e-03
443200	11597.70571471	2216	1.63421829e-04	2216.00000000	3.19874555e+15	3.32581248e+15	2.95598341e-03
443400	11602.93734907	2217	1.63495575e-04	2217.00000000	3.19875097e+15	3.32581791e+15	2.95598796e-03
443600	11608.13501870	2218	1.63569322e-04	2218.00000000	3.19875638e+15	3.32582332e+15	2.95599250e-03
443800	11613.31389519	2219	1.63643068e-04	2219.00000000	3.19876177e+15	3.32582873e+15	2.95599703e-03
444000	11618.56642948	2220	1.63716814e-04	2220.00000000	3.19876714e+15	3.32583411e+15	2.95600155e-03
444200	11623.75346972	2221	1.63790560e-04	2221.00000000	3.19877251e+15	3.32583949e+15	2.95600605e-03
444400	11628.94660653	2222	1.63864307e-04	2222.00000000	3.19877786e+15	3.32584485e+15	2.95601054e-03
444600	11634.13471951	2223	1.63938053e-04	2223.00000000	3.19878319e+15	3.32585020e+15	2.95601503e-03
444800	11639.33190954	2224	1.64011799e-04	2224.00000000	3.19878851e+15	3.32585553e+15	2.95601950e-03
445000	11644.60233619	2225	1.64085546e-04	2225.00000000	3.19879382e+15	3.32586085e+15	2.95602396e-03
445200	11649.78200105	2226	1.64159292e-04	2226.00000000	3.19879911e+15	3.32586615e+15	2.95602840e-03
445400	11655.04198023	2227	1.64233038e-04	2227.00000000	3.19880439e+15	3.32587144e+15	2.95603284e-03
445600	11660.29883216	2228	1.64306785e-04	2228.00000000	3.19880966e+15	3.32587672e+15	2.95603726e-03
445800	11665.54522300	2229	1.64380531e-04	2229.00000000	3.19881491e+15	3.32588199e+15	2.95604168e-03
446000	11670.81591840	2230	1.64454277e-04	2230.00000000	3.19882015e+15	3.32588724e+15	2.95604608e-03
446200	11676.08692998	2231	1.64528024e-04	2231.00000000	3.19882538e+15	3.32589248e+15	2.95605047e-03
446400	11681.32612750	2232	1.64601770e-04	2232.00000000	3.19883059e+15	3.32589770e+15	2.95605485e-03
446600	11686.61095033	2233	1.64675516e-04	2233.00000000	3.19883579e+15	3.32590291e+15	2.95605921e-03
446800	11691.88320784	2234	1.64749263e-04	2234.00000000	3.19884098e+15	3.32590811e+15	2.95606357e-03
447000	11697.15149610	2235	1.64823009e-04	2235.00000000	3.19884615e+15	3.32591329e+15	2.95606791e-03
447200	11702.35289457	2236	1.64896755e-04	2236.00000000	3.19885131e+15	3.32591846e+15	2.95607225e-03
447400	11707.59923650	2237	1.64970501e-04	2237.00000000	3.19885645e+15	3.32592362e+15	2.95607657e-03
447600	11712.80469895	2238	1.65044248e-04	2238.00000000	3.19886159e+15	3.32592876e+15	2.95608088e-03
447800	11718.02419563	2239	1.65117994e-04	2239.00000000	3.19886670e+15	3.32593389e+15	2.95608518e-03
448000	11723.24435025	2240	1.65191740e-04	2240.00000000	3.19887181e+15	3.32593901e+15	2.95608947e-03
448200	11728.48923394	2241	1.65265487e-04	2241.00000000	3.19887690e+15	3.32594411e+15	2.95609375e-03
448400	11733.67213781	2242	1.65339233e-04	2242.00000000	3.19888198e+15	3.32594920e+15	2.95609802e-03
448600	11738.87628632	2243	1.65412979e-04	2243.00000000	3.19888705e+15	3.32595428e+15	2.95610228e-03
448800	11744.07735513	2244	1.65486726e-04	2244.00000000	3.19889210e+15	3.32595935e+15	2.95610652e-03
449000	11749.27471034	2245	1.65560472e-04	2245.00000000	3.19889714e+15	3.32596440e+15	2.95611075e-03
449200	11754.51544504	2246	1.65634218e-04	2246.00000000	3.19890217e+15	3.32596944e+15	2.95611498e-03
449400	11759.73113744	2247	1.65707965e-04	2247.00000000	3.19890719e+15	3.32597446e+15	2.95611919e-03
449600	11764.95153242	2248	1.65781711e-04	2248.00000000	3.19891219e+15	3.32597947e+15	2.95612339e-03
449800	11770.13533178	2249	1.65855457e-04	2249.00000000	3.19891718e+15	3.32598447e+15	2.95612758e-03
450000	11775.33653548	2250	1.65929204e-04	2250.00000000	3.19892215e+15	3.32598946e+15	2.95613176e-03
450200	11780.56510215	2251	1.66002950e-04	2251.00000000	3.19892712e+15	3.32599443e+15	2.95613593e-03
450400	11785.82924990	2252	1.66076696e-04	2252.00000000	3.19893207e+15	3.32599940e+15	2.95614009e-03
450600	11791.05601494	2253	1.66150442e-04	2253.00000000	3.19893701e+15	3.32600434e+15	2.95614424e-03
450800	11796.25078137	2254	1.66224189e-04	2254.00000000	3.19894193e+15	3.32600928e+15	2.95614838e-03
451000	11801.48701807	2255	1.66297935e-04	2255.00000000	3.19894684e+15	3.32601420e+15	2.95615250e-03
451200	11806.77342652	2256	1.66371681e-04	2256.00000000	3.19895174e+15	3.32601911e+15	2.95615662e-03
451400	11811.96453891	2257	1.66445428e-04	2257.00000000	3.19895663e+15	3.32602401e+15	2.95616073e-03
451600	11817.14669767	2258	1.66519174e-04	2258.00000000	3.19896150e+15	3.32602890e+15	2.95616482e-03
451800	11822.32670651	2259	1.66592920e-04	2259.00000000	3.19896637e+15	3.32603377e+15	2.95616891e-03
452000	11827.52758862	2260	1.66666667e-04	2260.00000000	3.19897122e+15	3.32603863e+15	2.95617298e-03
452200	11832.70622679	2261	1.66740413e-04	2261.00000000	3.19897605e+15	3.32604348e+15	2.95617704e-03
452400	11837.94318201	2262	1.66814159e-04	2262.00000000	3.19898088e+15	3.32604831e+15	2.95618110e-03
452600	11843.15685137	2263	1.66887906e-04	2263.00000000	3.19898569e+15	3.32605313e+15	2.95618514e-03
452800	11848.42674658	2264	1.66961652e-04	2264.00000000	3.19899049e+15	3.32605794e+15	2.95618917e-03
453000	11853.69437846	2265	1.67035398e-04	2265.00000000	3.19899528e+15	3.32606274e+15	2.95619319e-03
453200	11858.96145783	2266	1.67109145e-04	2266.00000000	3.19900005e+15	3.32606753e+15	2.95619720e-03
453400	11864.20434841	2267	1.67182891e-04	2267.00000000	3.19900482e+15	3.32607230e+15	2.95620121e-03
453600	11869.40958459	2268	1.67256637e-04	2268.00000000	3.19900957e+15	3.32607706e+15	2.95620520e-03
453800	11874.62377295	2269	1.67330383e-04	2269.00000000	3.19901431e+15	3.32608181e+15	2.95620918e-03
454000	11879.83778200	2270	1.67404130e-04	2270.00000000	3.19901903e+15	3.32608655e+15	2.95621315e-03
454200	11885.04088175	2271	1.67477876e-04	2271.00000000	3.19902375e+15	3.32609127e+15	2.95621711e-03
454400	11890.29546097	2272	1.67551622e-04	2272.00000000	3.19902845e+15	3.32609599e+15	2.95622106e-03
454600	11895.55157958	2273	1.67625369e-04	2273.00000000	3.19903314e+15	3.32610069e+15	2.95622500e-03
454800	11900.78882575	2274	1.67699115e-04	2274.00000000	3.19903782e+15	3.32610538e+15	2.95622893e-03
455000	11905.98286378	2275	1.67772861e-04	2275.00000000	3.19904249e+15	3.32611005e+15	2.95623285e-03
455200	11911.16751341	2276	1.67846608e-04	2276.00000000	3.19904714e+15	3.32611472e+15	2.95623676e-03
455400	11916.40948229	2277	1.67920354e-04	2277.00000000	3.19905178e+15	3.32611937e+15	2.95624066e-03
455600	11921.64226345	2278	1.67994100e-04	2278.00000000	3.19905641e+15	3.32612401e+15	2.95624455e-03
455800	11926.87381916	2279	1.68067847e-04	2279.00000000	3.19906103e+15	3.32612864e+15	2.95624843e-03
456000	11932.08834370	2280	1.68141593e-04	2280.00000000	3.19906564e+15	3.32613325e+15	2.95625230e-03
456200	11937.36260711	2281	1.68215339e-04	2281.00000000	3.19907023e+15	3.32613786e+15	2.95625616e-03
456400	11942.59423556	2282	1.68289086e-04	2282.00000000	3.19907482e+15	3.32614245e+15	2.95626001e-03
456600	11947.84066174	2283	1.68362832e-04	2283.00000000	3.19907939e+15	3.32614703e+15	2.95626385e-03
456800	11953.08731218	2284	1.68436578e-04	2284.00000000	3.19908395e+15	3.32615160e+15	2.95626768e-03
457000	11958.33339152	2285	1.68510324e-04	2285.00000000	3.19908849e+15	3.32615616e+15	2.95627150e-03
457200	11963.55528165	2286	1.68584071e-04	2286.00000000	3.19909303e+15	3.32616070e+15	2.95627531e-03
457400	11968.78984347	2287	1.68657817e-04	2287.00000000	3.19909755e+15	3.32616524e+15	2.95627911e-03
457600	11974.03089929	2288	1.68731563e-04	2288.00000000	3.19910206e+15	3.32616976e+15	2.95628290e-03
457800	11979.26286260	2289	1.68805310e-04	2289.00000000	3.19910656e+15	3.32617427e+15	2.95628668e-03
458000	11984.49705793	2290	1.68879056e-04	2290.00000000	3.19911105e+15	3.32617877e+15	2.95629045e-03
458200	11989.75955884	2291	1.68952802e-04	2291.00000000	3.19911553e+15	3.32618325e+15	2.95629421e-03
458400	11995.03018796	2292	1.69026549e-04	2292.00000000	3.19912000e+15	3.32618773e+15	2.95629796e-03
458600	12000.22277973	2293	1.69100295e-04	2293.00000000	3.19912445e+15	3.32619219e+15	2.95630171e-03
458800	12005.41091404	2294	1.69174041e-04	2294.00000000	3.19912889e+15	3.32619664e+15	2.95630544e-03
459000	12010.64365268	2295	1.69247788e-04	2295.00000000	3.19913332e+15	3.32620109e+15	2.95630916e-03
459200	12015.89343786	2296	1.69321534e-04	2296.00000000	3.19913774e+15	3.32620551e+15	2.95631287e-03
459400	12021.08726147	2297	1.69395280e-04	2297.00000000	3.19914215e+15	3.32620993e+15	2.95631658e-03
459600	12026.33289400	2298	1.69469027e-04	2298.00000000	3.19914655e+15	3.32621434e+15	2.95632027e-03
459800	12031.57406548	2299	1.69542773e-04	2299.00000000	3.19915093e+15	3.32621873e+15	2.95632395e-03
460000	12036.79094384	2300	1.69616519e-04	2300.00000000	3.19915531e+15	3.32622311e+15	2.95632763e-03
460200	12042.01082732	2301	1.69690265e-04	2301.00000000	3.19915967e+15	3.32622749e+15	2.95633129e-03
460400	12047.21008794	2302	1.69764012e-04	2302.00000000	3.19916402e+15	3.32623185e+15	2.95633495e-03
460600	12052.42666464	2303	1.69837758e-04	2303.00000000	3.19916836e+15	3.32623620e+15	2.95633859e-03
460800	12057.65421569	2304	1.69911504e-04	2304.00000000	3.19917269e+15	3.32624053e+15	2.95634223e-03
461000	12062.88567848	2305	1.69985251e-04	2305.00000000	3.19917700e+15	3.32624486e+15	2.95634586e-03
461200	12068.12041884	2306	1.70058997e-04	2306.00000000	3.19918131e+15	3.32624918e+15	2.95634947e-03
461400	12073.38035524	2307	1.70132743e-04	2307.00000000	3.19918561e+15	3.32625348e+15	2.95635308e-03
461600	12078.62790810	2308	1.70206490e-04	2308.00000000	3.19918989e+15	3.32625777e+15	2.95635668e-03
461800	12083.86387733	2309	1.70280236e-04	2309.00000000	3.19919416e+15	3.32626206e+15	2.95636027e-03
462000	12089.11973134	2310	1.70353982e-04	2310.00000000	3.19919843e+15	3.32626633e+15	2.95636385e-03
462200	12094.37068093	2311	1.70427729e-04	2311.00000000	3.19920268e+15	3.32627059e+15	2.95636743e-03
462400	12099.55500595	2312	1.70501475e-04	2312.00000000	3.19920692e+15	3.32627484e+15	2.95637100e-03
462600	12104.79296676	2313	1.70575221e-04	2313.00000000	3.19921116e+15	3.32627908e+15	2.95637456e-03
462800	12109.99696854	2314	1.70648968e-04	2314.00000000	3.19921538e+15	3.32628331e+15	2.95637811e-03
463000	12115.23872274	2315	1.70722714e-04	2315.00000000	3.19921959e+15	3.32628752e+15	2.95638164e-03
463200	12120.51572825	2316	1.70796460e-04	2316.00000000	3.19922378e+15	3.32629173e+15	2.95638517e-03
463400	12125.78368050	2317	1.70870206e-04	2317.00000000	3.19922797e+15	3.32629593e+15	2.95638869e-03
463600	12130.98562022	2318	1.70943953e-04	2318.00000000	3.19923215e+15	3.32630011e+15	2.95639220e-03
463800	12136.17076517	2319	1.71017699e-04	2319.00000000	3.19923631e+15	3.32630429e+15	2.95639570e-03
464000	12141.39223461	2320	1.71091445e-04	2320.00000000	3.19924047e+15	3.32630845e+15	2.95639919e-03
464200	12146.65636459	2321	1.71165192e-04	2321.00000000	3.19924461e+15	3.32631260e+15	2.95640267e-03
464400	12151.92108392	2322	1.71238938e-04	2322.00000000	3.19924874e+15	3.32631675e+15	2.95640614e-03
464600	12157.16028252	2323	1.71312684e-04	2323.00000000	3.19925287e+15	3.32632088e+15	2.95640960e-03
464800	12162.35977185	2324	1.71386431e-04	2324.00000000	3.19925698e+15	3.32632500e+15	2.95641306e-03
465000	12167.56539492	2325	1.71460177e-04	2325.00000000	3.19926108e+15	3.32632911e+15	2.95641650e-03
465200	12172.76695534	2326	1.71533923e-04	2326.00000000	3.19926517e+15	3.32633321e+15	2.95641994e-03
465400	12177.95097503	2327	1.71607670e-04	2327.00000000	3.19926925e+15	3.32633730e+15	2.95642337e-03
465600	12183.15305145	2328	1.71681416e-04	2328.00000000	3.19927332e+15	3.32634138e+15	2.95642679e-03
465800	12188.37909714	2329	1.71755162e-04	2329.00000000	3.19927738e+15	3.32634544e+15	2.95643020e-03
466000	12193.64512236	2330	1.71828909e-04	2330.00000000	3.19928143e+15	3.32634950e+15	2.95643360e-03
466200	12198.84689856	2331	1.71902655e-04	2331.00000000	3.19928546e+15	3.32635355e+15	2.95643699e-03
466400	12204.03299578	2332	1.71976401e-04	2332.00000000	3.19928949e+15	3.32635758e+15	2.95644037e-03
466600	12209.24483908	2333	1.72050147e-04	2333.00000000	3.19929351e+15	3.32636161e+15	2.95644375e-03
466800	12214.51547099	2334	1.72123894e-04	2334.00000000	3.19929752e+15	3.32636562e+15	2.95644711e-03
467000	12219.78128615	2335	1.72197640e-04	2335.00000000	3.19930151e+15	3.32636963e+15	2.95645047e-03
467200	12224.97267639	2336	1.72271386e-04	2336.00000000	3.19930550e+15	3.32637362e+15	2.95645382e-03
467400	12230.21703626	2337	1.72345133e-04	2337.00000000	3.19930947e+15	3.32637761e+15	2.95645716e-03
467600	12235.49222222	2338	1.72418879e-04	2338.00000000	3.19931344e+15	3.32638158e+15	2.95646049e-03
467800	12240.68950231	2339	1.72492625e-04	2339.00000000	3.19931739e+15	3.32638554e+15	2.95646381e-03
468000	12245.90299709	2340	1.72566372e-04	2340.00000000	3.19932134e+15	3.32638950e+15	2.95646713e-03
468200	12251.15194015	2341	1.72640118e-04	2341.00000000	3.19932527e+15	3.32639344e+15	2.95647043e-03
468400	12256.34833947	2342	1.72713864e-04	2342.00000000	3.19932920e+15	3.32639737e+15	2.95647373e-03
468600	12261.61766232	2343	1.72787611e-04	2343.00000000	3.19933311e+15	3.32640130e+15	2.95647702e-03
468800	12266.82104125	2344	1.72861357e-04	2344.00000000	3.19933702e+15	3.32640521e+15	2.95648030e-03
469000	12272.06443670	2345	1.72935103e-04	2345.00000000	3.19934091e+15	3.32640911e+15	2.95648357e-03
469200	12277.34724788	2346	1.73008850e-04	2346.00000000	3.19934479e+15	3.32641300e+15	2.95648683e-03
469400	12282.60182833	2347	1.73082596e-04	2347.00000000	3.19934867e+15	3.32641689e+15	2.95649008e-03
469600	12287.81047031	2348	1.73156342e-04	2348.00000000	3.19935253e+15	3.32642076e+15	2.95649333e-03
469800	12293.00180677	2349	1.73230088e-04	2349.00000000	3.19935639e+15	3.32642462e+15	2.95649657e-03
470000	12298.27294292	2350	1.73303835e-04	2350.00000000	3.19936023e+15	3.32642847e+15	2.95649980e-03
470200	12303.52107838	2351	1.73377581e-04	2351.00000000	3.19936406e+15	3.32643231e+15	2.95650302e-03
470400	12308.73929277	2352	1.73451327e-04	2352.00000000	3.19936789e+15	3.32643615e+15	2.95650623e-03
470600	12313.96500917	2353	1.73525074e-04	2353.00000000	3.19937170e+15	3.32643997e+15	2.95650944e-03
470800	12319.19718603	2354	1.73598820e-04	2354.00000000	3.19937551e+15	3.32644378e+15	2.95651263e-03
471000	12324.45920229	2355	1.73672566e-04	2355.00000000	3.19937930e+15	3.32644758e+15	2.95651582e-03
471200	12329.73107108	2356	1.73746313e-04	2356.00000000	3.19938309e+15	3.32645138e+15	2.95651900e-03
471400	12334.96605061	2357	1.73820059e-04	2357.00000000	3.19938686e+15	3.32645516e+15	2.95652217e-03
471600	12340.18662577	2358	1.73893805e-04	2358.00000000	3.19939063e+15	3.32645893e+15	2.95652533e-03
471800	12345.40911776	2359	1.73967552e-04	2359.00000000	3.19939438e+15	3.32646270e+15	2.95652849e-03
472000	12350.64821141	2360	1.74041298e-04	2360.00000000	3.19939813e+15	3.32646645e+15	2.95653163e-03
472200	12355.87933005	2361	1.74115044e-04	2361.00000000	3.19940186e+15	3.32647020e+15	2.95653477e-03
472400	12361.08432153	2362	1.74188791e-04	2362.00000000	3.19940559e+15	3.32647393e+15	2.95653790e-03
472600	12366.28868664	2363	1.74262537e-04	2363.00000000	3.19940931e+15	3.32647766e+15	2.95654103e-03
472800	12371.53051573	2364	1.74336283e-04	2364.00000000	3.19941301e+15	3.32648137e+15	2.95654414e-03
473000	12376.73862677	2365	1.74410029e-04	2365.00000000	3.19941671e+15	3.32648508e+15	2.95654725e-03
473200	12382.01124340	2366	1.74483776e-04	2366.00000000	3.19942040e+15	3.32648877e+15	2.95655034e-03
473400	12387.29097885	2367	1.74557522e-04	2367.00000000	3.19942408e+15	3.32649246e+15	2.95655344e-03
473600	12392.55662559	2368	1.74631268e-04	2368.00000000	3.19942775e+15	3.32649614e+15	2.95655652e-03
473800	12397.76149625	2369	1.74705015e-04	2369.00000000	3.19943141e+15	3.32649980e+15	2.95655959e-03
474000	12403.01752757	2370	1.74778761e-04	2370.00000000	3.19943506e+15	3.32650346e+15	2.95656266e-03
474200	12408.22864539	2371	1.74852507e-04	2371.00000000	3.19943870e+15	3.32650711e+15	2.95656572e-03
474400	12413.44357887	2372	1.74926254e-04	2372.00000000	3.19944233e+15	3.32651075e+15	2.95656877e-03
474600	12418.71509039	2373	1.75000000e-04	2373.00000000	3.19944594e+15	3.32651437e+15	2.95657181e-03
474800	12423.91553838	2374	1.75073746e-04	2374.00000000	3.19944954e+15	3.32651797e+15	2.95657483e-03
475000	12429.16742154	2375	1.75147493e-04	2375.00000000	3.19945313e+15	3.32652157e+15	2.95657783e-03
475200	12434.34920541	2376	1.75221239e-04	2376.00000000	3.19945671e+15	3.32652516e+15	2.95658083e-03
475400	12439.59719942	2377	1.75294985e-04	2377.00000000	3.19946028e+15	3.32652874e+15	2.95658383e-03
475600	12444.86927037	2378	1.75368732e-04	2378.00000000	3.19946384e+15	3.32653230e+15	2.95658682e-03
475800	12450.08584710	2379	1.75442478e-04	2379.00000000	3.19946740e+15	3.32653586e+15	2.95658980e-03
476000	12455.26526159	2380	1.75516224e-04	2380.00000000	3.19947094e+15	3.32653942e+15	2.95659278e-03
476200	12460.47114087	2381	1.75589971e-04	2381.00000000	3.19947447e+15	3.32654296e+15	2.95659574e-03
476400	12465.65931175	2382	1.75663717e-04	2382.00000000	3.19947800e+15	3.32654649e+15	2.95659871e-03
476600	12470.90808093	2383	1.75737463e-04	2383.00000000	3.19948152e+15	3.32655002e+15	2.95660166e-03
476800	12476.14560464	2384	1.75811209e-04	2384.00000000	3.19948503e+15	3.32655353e+15	2.95660460e-03
477000	12481.33503716	2385	1.75884956e-04	2385.00000000	3.19948853e+15	3.32655704e+15	2.95660754e-03
477200	12486.54473719	2386	1.75958702e-04	2386.00000000	3.19949202e+15	3.32656054e+15	2.95661047e-03
477400	12491.74345887	2387	1.76032448e-04	2387.00000000	3.19949550e+15	3.32656403e+15	2.95661340e-03
477600	12496.93857864	2388	1.76106195e-04	2388.00000000	3.19949898e+15	3.32656751e+15	2.95661632e-03
477800	12502.18652022	2389	1.76179941e-04	2389.00000000	3.19950244e+15	3.32657098e+15	2.95661922e-03
478000	12507.36805476	2390	1.76253687e-04	2390.00000000	3.19950590e+15	3.32657444e+15	2.95662213e-03
478200	12512.61667200	2391	1.76327434e-04	2391.00000000	3.19950935e+15	3.32657790e+15	2.95662502e-03
478400	12517.83262697	2392	1.76401180e-04	2392.00000000	3.19951279e+15	3.32658134e+15	2.95662791e-03
478600	12523.01932655	2393	1.76474926e-04	2393.00000000	3.19951622e+15	3.32658478e+15	2.95663079e-03
478800	12528.29210955	2394	1.76548673e-04	2394.00000000	3.19951964e+15	3.32658821e+15	2.95663366e-03
479000	12533.50107705	2395	1.76622419e-04	2395.00000000	3.19952305e+15	3.32659163e+15	2.95663653e-03
479200	12538.73033642	2396	1.76696165e-04	2396.00000000	3.19952646e+15	3.32659504e+15	2.95663939e-03
479400	12544.00016480	2397	1.76769912e-04	2397.00000000	3.19952985e+15	3.32659844e+15	2.95664224e-03
479600	12549.26922636	2398	1.76843658e-04	2398.00000000	3.19953324e+15	3.32660184e+15	2.95664509e-03
479800	12554.51134534	2399	1.76917404e-04	2399.00000000	3.19953662e+15	3.32660522e+15	2.95664792e-03
480000	12559.77656400	2400	1.76991150e-04	2400.00000000	3.19953999e+15	3.32660860e+15	2.95665075e-03
480200	12565.01393236	2401	1.77064897e-04	2401.00000000	3.19954335e+15	3.32661197e+15	2.95665358e-03
480400	12570.22038039	2402	1.77138643e-04	2402.00000000	3.19954670e+15	3.32661533e+15	2.95665639e-03
480600	12575.49151916	2403	1.77212389e-04	2403.00000000	3.19955005e+15	3.32661868e+15	2.95665920e-03
480800	12580.69709918	2404	1.77286136e-04	2404.00000000	3.19955339e+15	3.32662202e+15	2.95666201e-03
481000	12585.96698887	2405	1.77359882e-04	2405.00000000	3.19955671e+15	3.32662536e+15	2.95666480e-03
481200	12591.22199879	2406	1.77433628e-04	2406.00000000	3.19956003e+15	3.32662869e+15	2.95666759e-03
481400	12596.43412248	2407	1.77507375e-04	2407.00000000	3.19956334e+15	3.32663200e+15	2.95667037e-03
481600	12601.62341386	2408	1.77581121e-04	2408.00000000	3.19956665e+15	3.32663531e+15	2.95667314e-03
481800	12606.89612478	2409	1.77654867e-04	2409.00000000	3.19956994e+15	3.32663861e+15	2.95667591e-03
482000	12612.14722776	2410	1.77728614e-04	2410.00000000	3.19957323e+15	3.32664191e+15	2.95667867e-03
482200	12617.41292365	2411	1.77802360e-04	2411.00000000	3.19957650e+15	3.32664519e+15	2.95668142e-03
482400	12622.65357742	2412	1.77876106e-04	2412.00000000	3.19957977e+15	3.32664847e+15	2.95668417e-03
482600	12627.87107437	2413	1.77949853e-04	2413.00000000	3.19958303e+15	3.32665173e+15	2.95668691e-03
482800	12633.08680000	2414	1.78023599e-04	2414.00000000	3.19958628e+15	3.32665499e+15	2.95668964e-03
483000	12638.32633664	2415	1.78097345e-04	2415.00000000	3.19958953e+15	3.32665824e+15	2.95669236e-03
483200	12643.59816693	2416	1.78171091e-04	2416.00000000	3.19959276e+15	3.32666149e+15	2.95669508e-03
483400	12648.86860290	2417	1.78244838e-04	2417.00000000	3.19959599e+15	3.32666472e+15	2.95669779e-03
483600	12654.13813121	2418	1.78318584e-04	2418.00000000	3.19959921e+15	3.32666795e+15	2.95670049e-03
483800	12659.40875633	2419	1.78392330e-04	2419.00000000	3.19960242e+15	3.32667116e+15	2.95670319e-03
484000	12664.67734171	2420	1.78466077e-04	2420.00000000	3.19960563e+15	3.32667437e+15	2.95670588e-03
484200	12669.94369879	2421	1.78539823e-04	2421.00000000	3.19960882e+15	3.32667758e+15	2.95670857e-03
484400	12675.19321338	2422	1.78613569e-04	2422.00000000	3.19961201e+15	3.32668077e+15	2.95671124e-03
484600	12680.46120344	2423	1.78687316e-04	2423.00000000	3.19961519e+15	3.32668395e+15	2.95671391e-03
484800	12685.71421278	2424	1.78761062e-04	2424.00000000	3.19961836e+15	3.32668713e+15	2.95671658e-03
485000	12690.97240963	2425	1.78834808e-04	2425.00000000	3.19962152e+15	3.32669030e+15	2.95671923e-03
485200	12696.18825501	2426	1.78908555e-04	2426.00000000	3.19962467e+15	3.32669346e+15	2.95672188e-03
485400	12701.40187406	2427	1.78982301e-04	2427.00000000	3.19962782e+15	3.32669661e+15	2.95672452e-03
485600	12706.66616144	2428	1.79056047e-04	2428.00000000	3.19963096e+15	3.32669976e+15	2.95672716e-03
485800	12711.93521914	2429	1.79129794e-04	2429.00000000	3.19963409e+15	3.32670290e+15	2.95672979e-03
486000	12717.20646490	2430	1.79203540e-04	2430.00000000	3.19963721e+15	3.32670602e+15	2.95673241e-03
486200	12722.44706959	2431	1.79277286e-04	2431.00000000	3.19964032e+15	3.32670915e+15	2.95673503e-03
486400	12727.67129266	2432	1.79351032e-04	2432.00000000	3.19964343e+15	3.32671226e+15	2.95673764e-03
486600	12732.86097371	2433	1.79424779e-04	2433.00000000	3.19964653e+15	3.32671536e+15	2.95674024e-03
486800	12738.09535037	2434	1.79498525e-04	2434.00000000	3.19964962e+15	3.32671846e+15	2.95674283e-03
487000	12743.35173311	2435	1.79572271e-04	2435.00000000	3.19965270e+15	3.32672155e+15	2.95674542e-03
487200	12748.54238161	2436	1.79646018e-04	2436.00000000	3.19965577e+15	3.32672463e+15	2.95674801e-03
487400	12753.78982082	2437	1.79719764e-04	2437.00000000	3.19965884e+15	3.32672770e+15	2.95675058e-03
487600	12759.04310604	2438	1.79793510e-04	2438.00000000	3.19966190e+15	3.32673077e+15	2.95675315e-03
487800	12764.25425404	2439	1.79867257e-04	2439.00000000	3.19966495e+15	3.32673382e+15	2.95675571e-03
488000	12769.50115993	2440	1.79941003e-04	2440.00000000	3.19966799e+15	3.32673687e+15	2.95675827e-03
488200	12774.69838268	2441	1.80014749e-04	2441.00000000	3.19967103e+15	3.32673991e+15	2.95676082e-03
488400	12779.88573839	2442	1.80088496e-04	2442.00000000	3.19967406e+15	3.32674295e+15	2.95676336e-03
488600	12785.15158904	2443	1.80162242e-04	2443.00000000	3.19967708e+15	3.32674597e+15	2.95676590e-03
488800	12790.41238164	2444	1.80235988e-04	2444.00000000	3.19968009e+15	3.32674899e+15	2.95676843e-03
489000	12795.63334678	2445	1.80309735e-04	2445.00000000	3.19968309e+15	3.32675200e+15	2.95677095e-03
489200	12800.81231768	2446	1.80383481e-04	2446.00000000	3.19968609e+15	3.32675501e+15	2.95677347e-03
489400	12806.01659067	2447	1.80457227e-04	2447.00000000	3.19968908e+15	3.32675800e+15	2.95677598e-03
489600	12811.19424778	2448	1.80530973e-04	2448.00000000	3.19969206e+15	3.32676099e+15	2.95677848e-03
489800	12816.38440233	2449	1.80604720e-04	2449.00000000	3.19969503e+15	3.32676397e+15	2.95678098e-03
490000	12821.57617896	2450	1.80678466e-04	2450.00000000	3.19969800e+15	3.32676694e+15	2.95678347e-03
490200	12826.79033706	2451	1.80752212e-04	2451.00000000	3.19970095e+15	3.32676990e+15	2.95678596e-03
490400	12832.00317412	2452	1.80825959e-04	2452.00000000	3.19970391e+15	3.32677286e+15	2.95678844e-03
490600	12837.22736452	2453	1.80899705e-04	2453.00000000	3.19970685e+15	3.32677581e+15	2.95679091e-03
490800	12842.49810693	2454	1.80973451e-04	2454.00000000	3.19970978e+15	3.32677875e+15	2.95679337e-03
491000	12847.74700349	2455	1.81047198e-04	2455.00000000	3.19971271e+15	3.32678169e+15	2.95679583e-03
491200	12852.98688565	2456	1.81120944e-04	2456.00000000	3.19971563e+15	3.32678461e+15	2.95679829e-03
491400	12858.25798618	2457	1.81194690e-04	2457.00000000	3.19971854e+15	3.32678753e+15	2.95680073e-03
491600	12863.49698669	2458	1.81268437e-04	2458.00000000	3.19972145e+15	3.32679044e+15	2.95680317e-03
491800	12868.74070144	2459	1.81342183e-04	2459.00000000	3.19972435e+15	3.32679335e+15	2.95680561e-03
492000	12873.96744664	2460	1.81415929e-04	2460.00000000	3.19972724e+15	3.32679624e+15	2.95680803e-03
492200	12879.23341017	2461	1.81489676e-04	2461.00000000	3.19973012e+15	3.32679913e+15	2.95681046e-03
492400	12884.47835944	2462	1.81563422e-04	2462.00000000	3.19973299e+15	3.32680201e+15	2.95681287e-03
492600	12889.67700582	2463	1.81637168e-04	2463.00000000	3.19973586e+15	3.32680489e+15	2.95681528e-03
492800	12894.96433881	2464	1.81710914e-04	2464.00000000	3.19973872e+15	3.32680775e+15	2.95681768e-03
493000	12900.21209877	2465	1.81784661e-04	2465.00000000	3.19974157e+15	3.32681061e+15	2.95682008e-03
493200	12905.42552544	2466	1.81858407e-04	2466.00000000	3.19974442e+15	3.32681346e+15	2.95682247e-03
493400	12910.69767956	2467	1.81932153e-04	2467.00000000	3.19974726e+15	3.32681631e+15	2.95682485e-03
493600	12915.93618042	2468	1.82005900e-04	2468.00000000	3.19975009e+15	3.32681914e+15	2.95682723e-03
493800	12921.17305787	2469	1.82079646e-04	2469.00000000	3.19975291e+15	3.32682197e+15	2.95682960e-03
494000	12926.36306416	2470	1.82153392e-04	2470.00000000	3.19975573e+15	3.32682479e+15	2.95683197e-03
494200	12931.54399032	2471	1.82227139e-04	2471.00000000	3.19975854e+15	3.32682761e+15	2.95683433e-03
494400	12936.72377532	2472	1.82300885e-04	2472.00000000	3.19976134e+15	3.32683042e+15	2.95683668e-03
494600	12941.90589655	2473	1.82374631e-04	2473.00000000	3.19976413e+15	3.32683322e+15	2.95683903e-03
494800	12947.08697015	2474	1.82448378e-04	2474.00000000	3.19976692e+15	3.32683601e+15	2.95684137e-03
495000	12952.28865512	2475	1.82522124e-04	2475.00000000	3.19976970e+15	3.32683879e+15	2.95684370e-03
495200	12957.50820711	2476	1.82595870e-04	2476.00000000	3.19977247e+15	3.32684157e+15	2.95684603e-03
495400	12962.72696119	2477	1.82669617e-04	2477.00000000	3.19977523e+15	3.32684434e+15	2.95684836e-03
495600	12967.96684564	2478	1.82743363e-04	2478.00000000	3.19977799e+15	3.32684711e+15	2.95685067e-03
495800	12973.22233225	2479	1.82817109e-04	2479.00000000	3.19978074e+15	3.32684986e+15	2.95685298e-03
496000	12978.46747129	2480	1.82890855e-04	2480.00000000	3.19978349e+15	3.32685261e+15	2.95685529e-03
496200	12983.70124140	2481	1.82964602e-04	2481.00000000	3.19978622e+15	3.32685536e+15	2.95685759e-03
496400	12988.89243666	2482	1.83038348e-04	2482.00000000	3.19978895e+15	3.32685809e+15	2.95685988e-03
496600	12994.08882304	2483	1.83112094e-04	2483.00000000	3.19979168e+15	3.32686082e+15	2.95686217e-03
496800	12999.32807869	2484	1.83185841e-04	2484.00000000	3.19979439e+15	3.32686354e+15	2.95686445e-03
497000	13004.54447215	2485	1.83259587e-04	2485.00000000	3.19979710e+15	3.32686626e+15	2.95686672e-03
497200	13009.74391844	2486	1.83333333e-04	2486.00000000	3.19979980e+15	3.32686896e+15	2.95686899e-03
497400	13014.92983703	2487	1.83407080e-04	2487.00000000	3.19980250e+15	3.32687166e+15	2.95687126e-03
497600	13020.10884695	2488	1.83480826e-04	2488.00000000	3.19980518e+15	3.32687436e+15	2.95687352e-03
497800	13025.29287446	2489	1.83554572e-04	2489.00000000	3.19980786e+15	3.32687704e+15	2.95687577e-03
498000	13030.47831082	2490	1.83628319e-04	2490.00000000	3.19981054e+15	3.32687972e+15	2.95687801e-03
498200	13035.67296902	2491	1.83702065e-04	2491.00000000	3.19981320e+15	3.32688239e+15	2.95688025e-03
498400	13040.88037715	2492	1.83775811e-04	2492.00000000	3.19981586e+15	3.32688506e+15	2.95688249e-03
498600	13046.07015384	2493	1.83849558e-04	2493.00000000	3.19981852e+15	3.32688772e+15	2.95688472e-03
498800	13051.33002585	2494	1.83923304e-04	2494.00000000	3.19982116e+15	3.32689037e+15	2.95688694e-03
499000	13056.52069926	2495	1.83997050e-04	2495.00000000	3.19982380e+15	3.32689301e+15	2.95688916e-03
499200	13061.72822952	2496	1.84070796e-04	2496.00000000	3.19982643e+15	3.32689565e+15	2.95689137e-03
499400	13066.97094778	2497	1.84144543e-04	2497.00000000	3.19982906e+15	3.32689828e+15	2.95689357e-03
499600	13072.18279814	2498	1.84218289e-04	2498.00000000	3.19983168e+15	3.32690091e+15	2.95689577e-03
499800	13077.40000309	2499	1.84292035e-04	2499.00000000	3.19983429e+15	3.32690353e+15	2.95689797e-03
500000	13082.58978559	2500	1.84365782e-04	2500.00000000	3.19983689e+15	3.32690614e+15	2.95690016e-03
500200	13087.86134661	2501	1.84439528e-04	2501.00000000	3.19983949e+15	3.32690874e+15	2.95690234e-03
500400	13093.05640095	2502	1.84513274e-04	2502.00000000	3.19984208e+15	3.32691134e+15	2.95690451e-03
500600	13098.25567427	2503	1.84587021e-04	2503.00000000	3.19984467e+15	3.32691393e+15	2.95690669e-03
500800	13103.49701145	2504	1.84660767e-04	2504.00000000	3.19984725e+15	3.32691651e+15	2.95690885e-03
501000	13108.71905182	2505	1.84734513e-04	2505.00000000	3.19984982e+15	3.32691909e+15	2.95691101e-03
501200	13113.94432220	2506	1.84808260e-04	2506.00000000	3.19985238e+15	3.32692166e+15	2.95691317e-03
501400	13119.21110310	2507	1.84882006e-04	2507.00000000	3.19985494e+15	3.32692422e+15	2.95691532e-03
501600	13124.45977177	2508	1.84955752e-04	2508.00000000	3.19985749e+15	3.32692678e+15	2.95691746e-03
501800	13129.63804201	2509	1.85029499e-04	2509.00000000	3.19986004e+15	3.32692933e+15	2.95691960e-03
502000	13134.89407489	2510	1.85103245e-04	2510.00000000	3.19986258e+15	3.32693187e+15	2.95692173e-03
502200	13140.15910321	2511	1.85176991e-04	2511.00000000	3.19986511e+15	3.32693441e+15	2.95692386e-03
502400	13145.41958677	2512	1.85250737e-04	2512.00000000	3.19986763e+15	3.32693694e+15	2.95692598e-03
502600	13150.63808605	2513	1.85324484e-04	2513.00000000	3.19987015e+15	3.32693946e+15	2.95692809e-03
502800	13155.83481198	2514	1.85398230e-04	2514.00000000	3.19987266e+15	3.32694198e+15	2.95693020e-03
503000	13161.06176544	2515	1.85471976e-04	2515.00000000	3.19987517e+15	3.32694449e+15	2.95693231e-03
503200	13166.26069326	2516	1.85545723e-04	2516.00000000	3.19987767e+15	3.32694700e+15	2.95693441e-03
503400	13171.51231904	2517	1.85619469e-04	2517.00000000	3.19988016e+15	3.32694950e+15	2.95693650e-03
503600	13176.70668072	2518	1.85693215e-04	2518.00000000	3.19988265e+15	3.32695199e+15	2.95693859e-03
503800	13181.95665953	2519	1.85766962e-04	2519.00000000	3.19988513e+15	3.32695447e+15	2.95694068e-03
504000	13187.22138388	2520	1.85840708e-04	2520.00000000	3.19988760e+15	3.32695695e+15	2.95694275e-03
504200	13192.48832413	2521	1.85914454e-04	2521.00000000	3.19989007e+15	3.32695942e+15	2.95694483e-03
504400	13197.70318358	2522	1.85988201e-04	2522.00000000	3.19989253e+15	3.32696189e+15	2.95694689e-03
504600	13202.93372460	2523	1.86061947e-04	2523.00000000	3.19989498e+15	3.32696435e+15	2.95694895e-03
504800	13208.12072409	2524	1.86135693e-04	2524.00000000	3.19989743e+15	3.32696680e+15	2.95695101e-03
505000	13213.36300057	2525	1.86209440e-04	2525.00000000	3.19989987e+15	3.32696925e+15	2.95695306e-03
505200	13218.62349771	2526	1.86283186e-04	2526.00000000	3.19990231e+15	3.32697169e+15	2.95695511e-03
505400	13223.81948214	2527	1.86356932e-04	2527.00000000	3.19990474e+15	3.32697412e+15	2.95695715e-03
505600	13229.00493382	2528	1.86430678e-04	2528.00000000	3.19990716e+15	3.32697655e+15	2.95695918e-03
505800	13234.25398296	2529	1.86504425e-04	2529.00000000	3.19990958e+15	3.32697897e+15	2.95696121e-03
506000	13239.52510366	2530	1.86578171e-04	2530.00000000	3.19991199e+15	3.32698139e+15	2.95696324e-03
506200	13244.78667832	2531	1.86651917e-04	2531.00000000	3.19991439e+15	3.32698380e+15	2.95696526e-03
506400	13249.99948566	2532	1.86725664e-04	2532.00000000	3.19991679e+15	3.32698620e+15	2.95696727e-03
506600	13255.20439352	2533	1.86799410e-04	2533.00000000	3.19991918e+15	3.32698860e+15	2.95696928e-03
506800	13260.39341376	2534	1.86873156e-04	2534.00000000	3.19992157e+15	3.32699099e+15	2.95697129e-03
507000	13265.65832729	2535	1.86946903e-04	2535.00000000	3.19992395e+15	3.32699337e+15	2.95697328e-03
507200	13270.85452183	2536	1.87020649e-04	2536.00000000	3.19992632e+15	3.32699575e+15	2.95697528e-03
507400	13276.06649346	2537	1.87094395e-04	2537.00000000	3.19992869e+15	3.32699812e+15	2.95697727e-03
507600	13281.24932543	2538	1.87168142e-04	2538.00000000	3.19993105e+15	3.32700049e+15	2.95697925e-03
507800	13286.48977764	2539	1.87241888e-04	2539.00000000	3.19993340e+15	3.32700285e+15	2.95698123e-03
508000	13291.75963045	2540	1.87315634e-04	2540.00000000	3.19993575e+15	3.32700520e+15	2.95698320e-03
508200	13297.02864533	2541	1.87389381e-04	2541.00000000	3.19993809e+15	3.32700755e+15	2.95698517e-03
508400	13302.21757966	2542	1.87463127e-04	2542.00000000	3.19994043e+15	3.32700989e+15	2.95698713e-03
508600	13307.45534163	2543	1.87536873e-04	2543.00000000	3.19994276e+15	3.32701223e+15	2.95698909e-03
508800	13312.64780859	2544	1.87610619e-04	2544.00000000	3.19994508e+15	3.32701456e+15	2.95699104e-03
509000	13317.87548732	2545	1.87684366e-04	2545.00000000	3.19994740e+15	3.32701688e+15	2.95699299e-03
509200	13323.06923503	2546	1.87758112e-04	2546.00000000	3.19994972e+15	3.32701920e+15	2.95699493e-03
509400	13328.26057802	2547	1.87831858e-04	2547.00000000	3.19995202e+15	3.32702151e+15	2.95699687e-03
509600	13333.49219978	2548	1.87905605e-04	2548.00000000	3.19995432e+15	3.32702382e+15	2.95699881e-03
509800	13338.73357791	2549	1.87979351e-04	2549.00000000	3.19995662e+15	3.32702612e+15	2.95700073e-03
510000	13343.91779593	2550	1.88053097e-04	2550.00000000	3.19995891e+15	3.32702841e+15	2.95700266e-03
510200	13349.13570081	2551	1.88126844e-04	2551.00000000	3.19996119e+15	3.32703070e+15	2.95700457e-03
510400	13354.35404062	2552	1.88200590e-04	2552.00000000	3.19996347e+15	3.32703298e+15	2.95700649e-03
510600	13359.58340879	2553	1.88274336e-04	2553.00000000	3.19996574e+15	3.32703526e+15	2.95700839e-03
510800	13364.80337124	2554	1.88348083e-04	2554.00000000	3.19996800e+15	3.32703753e+15	2.95701030e-03
511000	13370.01008900	2555	1.88421829e-04	2555.00000000	3.19997026e+15	3.32703979e+15	2.95701220e-03
511200	13375.19895438	2556	1.88495575e-04	2556.00000000	3.19997252e+15	3.32704205e+15	2.95701409e-03
511400	13380.38638740	2557	1.88569322e-04	2557.00000000	3.19997476e+15	3.32704430e+15	2.95701598e-03
511600	13385.63208536	2558	1.88643068e-04	2558.00000000	3.19997701e+15	3.32704655e+15	2.95701786e-03
511800	13390.88108620	2559	1.88716814e-04	2559.00000000	3.19997924e+15	3.32704879e+15	2.95701974e-03
512000	13396.05173885	2560	1.88790560e-04	2560.00000000	3.19998147e+15	3.32705102e+15	2.95702161e-03
512200	13401.30047833	2561	1.88864307e-04	2561.00000000	3.19998370e+15	3.32705325e+15	2.95702348e-03
512400	13406.49705037	2562	1.88938053e-04	2562.00000000	3.19998592e+15	3.32705548e+15	2.95702535e-03
512600	13411.76644952	2563	1.89011799e-04	2563.00000000	3.19998813e+15	3.32705769e+15	2.95702721e-03
512800	13416.97211922	2564	1.89085546e-04	2564.00000000	3.19999034e+15	3.32705991e+15	2.95702906e-03
513000	13422.16688446	2565	1.89159292e-04	2565.00000000	3.19999254e+15	3.32706211e+15	2.95703091e-03
513200	13427.34691063	2566	1.89233038e-04	2566.00000000	3.19999473e+15	3.32706431e+15	2.95703275e-03
513400	13432.59558677	2567	1.89306785e-04	2567.00000000	3.19999693e+15	3.32706651e+15	2.95703459e-03
513600	13437.79428308	2568	1.89380531e-04	2568.00000000	3.19999911e+15	3.32706870e+15	2.95703643e-03
513800	13442.99161741	2569	1.89454277e-04	2569.00000000	3.20000129e+15	3.32707088e+15	2.95703826e-03
514000	13448.20648654	2570	1.89528024e-04	2570.00000000	3.20000346e+15	3.32707306e+15	2.95704009e-03
514200	13453.39849818	2571	1.89601770e-04	2571.00000000	3.20000563e+15	3.32707523e+15	2.95704191e-03
514400	13458.59162010	2572	1.89675516e-04	2572.00000000	3.20000779e+15	3.32707740e+15	2.95704372e-03
514600	13463.80439379	2573	1.89749263e-04	2573.00000000	3.20000995e+15	3.32707956e+15	2.95704554e-03
514800	13469.05510026	2574	1.89823009e-04	2574.00000000	3.20001210e+15	3.32708172e+15	2.95704734e-03
515000	13474.31367940	2575	1.89896755e-04	2575.00000000	3.20001425e+15	3.32708387e+15	2.95704915e-03
515200	13479.56222239	2576	1.89970501e-04	2576.00000000	3.20001639e+15	3.32708601e+15	2.95705094e-03
515400	13484.77959316	2577	1.90044248e-04	2577.00000000	3.20001852e+15	3.32708815e+15	2.95705274e-03
515600	13490.04808277	2578	1.90117994e-04	2578.00000000	3.20002065e+15	3.32709029e+15	2.95705453e-03
515800	13495.25242252	2579	1.90191740e-04	2579.00000000	3.20002277e+15	3.32709241e+15	2.95705631e-03
516000	13500.51657035	2580	1.90265487e-04	2580.00000000	3.20002489e+15	3.32709454e+15	2.95705809e-03
516200	13505.75333686	2581	1.90339233e-04	2581.00000000	3.20002700e+15	3.32709665e+15	2.95705986e-03
516400	13510.98376654	2582	1.90412979e-04	2582.00000000	3.20002911e+15	3.32709877e+15	2.95706163e-03
516600	13516.23686692	2583	1.90486726e-04	2583.00000000	3.20003121e+15	3.32710087e+15	2.95706340e-03
516800	13521.46501920	2584	1.90560472e-04	2584.00000000	3.20003331e+15	3.32710297e+15	2.95706516e-03
517000	13526.70449521	2585	1.90634218e-04	2585.00000000	3.20003540e+15	3.32710507e+15	2.95706692e-03
517200	13531.95096884	2586	1.90707965e-04	2586.00000000	3.20003749e+15	3.32710716e+15	2.95706867e-03
517400	13537.14824236	2587	1.90781711e-04	2587.00000000	3.20003957e+15	3.32710924e+15	2.95707042e-03
517600	13542.42029856	2588	1.90855457e-04	2588.00000000	3.20004164e+15	3.32711132e+15	2.95707216e-03
517800	13547.67757374	2589	1.90929204e-04	2589.00000000	3.20004371e+15	3.32711340e+15	2.95707390e-03
518000	13552.91568121	2590	1.91002950e-04	2590.00000000	3.20004578e+15	3.32711546e+15	2.95707563e-03
518200	13558.18790888	2591	1.91076696e-04	2591.00000000	3.20004783e+15	3.32711753e+15	2.95707736e-03
518400	13563.38049760	2592	1.91150442e-04	2592.00000000	3.20004989e+15	3.32711959e+15	2.95707909e-03
518600	13568.58146780	2593	1.91224189e-04	2593.00000000	3.20005194e+15	3.32712164e+15	2.95708081e-03
518800	13573.79445975	2594	1.91297935e-04	2594.00000000	3.20005398e+15	3.32712369e+15	2.95708253e-03
519000	13578.98904212	2595	1.91371681e-04	2595.00000000	3.20005602e+15	3.32712573e+15	2.95708424e-03
519200	13584.17392016	2596	1.91445428e-04	2596.00000000	3.20005805e+15	3.32712776e+15	2.95708594e-03
519400	13589.43729214	2597	1.91519174e-04	2597.00000000	3.20006008e+15	3.32712980e+15	2.95708765e-03
519600	13594.61821591	2598	1.91592920e-04	2598.00000000	3.20006210e+15	3.32713182e+15	2.95708935e-03
519800	13599.81029676	2599	1.91666667e-04	2599.00000000	3.20006412e+15	3.32713384e+15	2.95709104e-03
520000	13605.00524249	2600	1.91740413e-04	2600.00000000	3.20006613e+15	3.32713586e+15	2.95709273e-03
520200	13610.24817609	2601	1.91814159e-04	2601.00000000	3.20006813e+15	3.32713787e+15	2.95709442e-03
520400	13615.46219630	2602	1.91887906e-04	2602.00000000	3.20007013e+15	3.32713988e+15	2.95709610e-03
520600	13620.70459466	2603	1.91961652e-04	2603.00000000	3.20007213e+15	3.32714188e+15	2.95709777e-03
520800	13625.97060695	2604	1.92035398e-04	2604.00000000	3.20007412e+15	3.32714387e+15	2.95709945e-03
521000	13631.22729841	2605	1.92109145e-04	2605.00000000	3.20007611e+15	3.32714586e+15	2.95710112e-03
521200	13636.46168669	2606	1.92182891e-04	2606.00000000	3.20007809e+15	3.32714785e+15	2.95710278e-03
521400	13641.69068408	2607	1.92256637e-04	2607.00000000	3.20008006e+15	3.32714983e+15	2.95710444e-03
521600	13646.89607212	2608	1.92330383e-04	2608.00000000	3.20008203e+15	3.32715180e+15	2.95710609e-03
521800	13652.08043009	2609	1.92404130e-04	2609.00000000	3.20008400e+15	3.32715377e+15	2.95710775e-03
522000	13657.30109041	2610	1.92477876e-04	2610.00000000	3.20008596e+15	3.32715573e+15	2.95710939e-03
522200	13662.53296611	2611	1.92551622e-04	2611.00000000	3.20008791e+15	3.32715769e+15	2.95711103e-03
522400	13667.72496997	2612	1.92625369e-04	2612.00000000	3.20008987e+15	3.32715965e+15	2.95711267e-03
522600	13672.93401652	2613	1.92699115e-04	2613.00000000	3.20009181e+15	3.32716160e+15	2.95711431e-03
522800	13678.19601636	2614	1.92772861e-04	2614.00000000	3.20009375e+15	3.32716354e+15	2.95711594e-03
523000	13683.39845056	2615	1.92846608e-04	2615.00000000	3.20009569e+15	3.32716548e+15	2.95711756e-03
523200	13688.63537315	2616	1.92920354e-04	2616.00000000	3.20009762e+15	3.32716742e+15	2.95711918e-03
523400	13693.89698955	2617	1.92994100e-04	2617.00000000	3.20009954e+15	3.32716935e+15	2.95712080e-03
523600	13699.11510701	2618	1.93067847e-04	2618.00000000	3.20010146e+15	3.32717127e+15	2.95712242e-03
523800	13704.38314816	2619	1.93141593e-04	2619.00000000	3.20010338e+15	3.32717319e+15	2.95712402e-03
524000	13709.64463234	2620	1.93215339e-04	2620.00000000	3.20010529e+15	3.32717510e+15	2.95712563e-03
524200	13714.83471621	2621	1.93289086e-04	2621.00000000	3.20010719e+15	3.32717701e+15	2.95712723e-03
524400	13720.04897012	2622	1.93362832e-04	2622.00000000	3.20010909e+15	3.32717892e+15	2.95712883e-03
524600	13725.31327456	2623	1.93436578e-04	2623.00000000	3.20011099e+15	3.32718082e+15	2.95713042e-03
524800	13730.54307269	2624	1.93510324e-04	2624.00000000	3.20011288e+15	3.32718271e+15	2.95713201e-03
525000	13735.73994846	2625	1.93584071e-04	2625.00000000	3.20011477e+15	3.32718460e+15	2.95713359e-03
525200	13741.01188811	2626	1.93657817e-04	2626.00000000	3.20011665e+15	3.32718649e+15	2.95713517e-03
525400	13746.22667642	2627	1.93731563e-04	2627.00000000	3.20011852e+15	3.32718837e+15	2.95713675e-03
525600	13751.41232626	2628	1.93805310e-04	2628.00000000	3.20012039e+15	3.32719024e+15	2.95713832e-03
525800	13756.65171028	2629	1.93879056e-04	2629.00000000	3.20012226e+15	3.32719211e+15	2.95713989e-03
526000	13761.87229983	2630	1.93952802e-04	2630.00000000	3.20012412e+15	3.32719398e+15	2.95714145e-03
526200	13767.07159280	2631	1.94026549e-04	2631.00000000	3.20012598e+15	3.32719584e+15	2.95714301e-03
526400	13772.26350914	2632	1.94100295e-04	2632.00000000	3.20012783e+15	3.32719769e+15	2.95714457e-03
526600	13777.48327165	2633	1.94174041e-04	2633.00000000	3.20012968e+15	3.32719955e+15	2.95714612e-03
526800	13782.73159143	2634	1.94247788e-04	2634.00000000	3.20013152e+15	3.32720139e+15	2.95714767e-03
527000	13788.00048625	2635	1.94321534e-04	2635.00000000	3.20013336e+15	3.32720323e+15	2.95714921e-03
527200	13793.26546220	2636	1.94395280e-04	2636.00000000	3.20013519e+15	3.32720507e+15	2.95715075e-03
527400	13798.50132795	2637	1.94469027e-04	2637.00000000	3.20013702e+15	3.32720690e+15	2.95715229e-03
527600	13803.77269275	2638	1.94542773e-04	2638.00000000	3.20013884e+15	3.32720873e+15	2.95715382e-03
527800	13809.04222698	2639	1.94616519e-04	2639.00000000	3.20014066e+15	3.32721055e+15	2.95715534e-03
528000	13814.24918361	2640	1.94690265e-04	2640.00000000	3.20014247e+15	3.32721237e+15	2.95715687e-03
528200	13819.50910084	2641	1.94764012e-04	2641.00000000	3.20014428e+15	3.32721418e+15	2.95715839e-03
528400	13824.78030558	2642	1.94837758e-04	2642.00000000	3.20014609e+15	3.32721599e+15	2.95715990e-03
528600	13829.97567535	2643	1.94911504e-04	2643.00000000	3.20014789e+15	3.32721779e+15	2.95716142e-03
528800	13835.18610441	2644	1.94985251e-04	2644.00000000	3.20014968e+15	3.32721959e+15	2.95716292e-03
529000	13840.36931179	2645	1.95058997e-04	2645.00000000	3.20015147e+15	3.32722139e+15	2.95716443e-03
529200	13845.59701816	2646	1.95132743e-04	2646.00000000	3.20015326e+15	3.32722318e+15	2.95716593e-03
529400	13850.83464776	2647	1.95206490e-04	2647.00000000	3.20015504e+15	3.32722496e+15	2.95716743e-03
529600	13856.10908308	2648	1.95280236e-04	2648.00000000	3.20015682e+15	3.32722674e+15	2.95716892e-03
529800	13861.37947877	2649	1.95353982e-04	2649.00000000	3.20015859e+15	3.32722852e+15	2.95717041e-03
530000	13866.65352691	2650	1.95427729e-04	2650.00000000	3.20016035e+15	3.32723029e+15	2.95717189e-03
530200	13871.86135185	2651	1.95501475e-04	2651.00000000	3.20016212e+15	3.32723206e+15	2.95717337e-03
530400	13877.11903295	2652	1.95575221e-04	2652.00000000	3.20016388e+15	3.32723382e+15	2.95717485e-03
530600	13882.30315930	2653	1.95648968e-04	2653.00000000	3.20016563e+15	3.32723558e+15	2.95717632e-03
530800	13887.57390958	2654	1.95722714e-04	2654.00000000	3.20016738e+15	3.32723733e+15	2.95717779e-03
531000	13892.94844680	2655	1.95796460e-04	2655.00000000	3.20016912e+15	3.32723908e+15	2.95717926e-03
531200	13898.18995436	2656	1.95870206e-04	2656.00000000	3.20017086e+15	3.32724082e+15	2.95718072e-03
531400	13903.45239528	2657	1.95943953e-04	2657.00000000	3.20017260e+15	3.32724256e+15	2.95718218e-03
531600	13908.69492269	2658	1.96017699e-04	2658.00000000	3.20017433e+15	3.32724429e+15	2.95718363e-03
531800	13913.93980653	2659	1.96091445e-04	2659.00000000	3.20017606e+15	3.32724602e+15	2.95718508e-03
532000	13919.17746980	2660	1.96165192e-04	2660.00000000	3.20017778e+15	3.32724775e+15	2.95718653e-03
532200	13924.41716328	2661	1.96238938e-04	2661.00000000	3.20017950e+15	3.32724947e+15	2.95718797e-03
532400	13929.59997093	2662	1.96312684e-04	2662.00000000	3.20018121e+15	3.32725119e+15	2.95718941e-03
532600	13934.83328993	2663	1.96386431e-04	2663.00000000	3.20018292e+15	3.32725290e+15	2.95719085e-03
532800	13940.10547187	2664	1.96460177e-04	2664.00000000	3.20018462e+15	3.32725461e+15	2.95719228e-03
533000	13945.33752520	2665	1.96533923e-04	2665.00000000	3.20018632e+15	3.32725631e+15	2.95719371e-03
533200	13950.54878488	2666	1.96607670e-04	2666.00000000	3.20018802e+15	3.32725801e+15	2.95719513e-03
533400	13955.75740770	2667	1.96681416e-04	2667.00000000	3.20018971e+15	3.32725971e+15	2.95719655e-03
533600	13960.94472613	2668	1.96755162e-04	2668.00000000	3.20019140e+15	3.32726140e+15	2.95719797e-03
533800	13966.14080685	2669	1.96828909e-04	2669.00000000	3.20019308e+15	3.32726308e+15	2.95719938e-03
534000	13971.38539279	2670	1.96902655e-04	2670.00000000	3.20019476e+15	3.32726476e+15	2.95720079e-03
534200	13976.61143318	2671	1.96976401e-04	2671.00000000	3.20019643e+15	3.32726644e+15	2.95720220e-03
534400	13981.80855775	2672	1.97050147e-04	2672.00000000	3.20019810e+15	3.32726811e+15	2.95720360e-03
534600	13987.04745562	2673	1.97123894e-04	2673.00000000	3.20019976e+15	3.32726978e+15	2.95720500e-03
534800	13992.31771647	2674	1.97197640e-04	2674.00000000	3.20020142e+15	3.32727145e+15	2.95720639e-03
535000	13997.52554601	2675	1.97271386e-04	2675.00000000	3.20020308e+15	3.32727311e+15	2.95720778e-03
535200	14002.70637080	2676	1.97345133e-04	2676.00000000	3.20020473e+15	3.32727476e+15	2.95720917e-03
535400	14007.96306968	2677	1.97418879e-04	2677.00000000	3.20020638e+15	3.32727641e+15	2.95721056e-03
535600	14013.20557373	2678	1.97492625e-04	2678.00000000	3.20020802e+15	3.32727806e+15	2.95721194e-03
535800	14018.38525231	2679	1.97566372e-04	2679.00000000	3.20020966e+15	3.32727970e+15	2.95721331e-03
