TITLE = "DT cycle-start spatial average"
VARIABLES = "step", "wallTime", "targetCycle", "runTime", "runCyc", "NeAve", "NiAve", "EeAve"
ZONE T="Average_phase0", F=POINT
0	0.00000000	0	0.00000000e+00	0.00000000	1.00000000e+14	1.00000000e+14	2.40315765e-05
99	0.93002598	1	7.37463127e-08	1.00000000	9.73198446e+13	1.15435577e+14	1.17605686e-04
199	1.86432639	2	1.47492625e-07	2.00000000	1.21891680e+14	1.46787043e+14	1.48146549e-04
299	2.77966658	3	2.21238938e-07	3.00000000	1.55167783e+14	1.84945699e+14	1.87875633e-04
399	3.71489194	4	2.94985251e-07	4.00000000	1.95621475e+14	2.29730042e+14	2.35018575e-04
499	4.67561421	5	3.68731563e-07	5.00000000	2.41863992e+14	2.80219796e+14	2.87654503e-04
599	5.61110041	6	4.42477876e-07	6.00000000	2.92182735e+14	3.34857733e+14	3.43604133e-04
699	6.54425593	7	5.16224189e-07	7.00000000	3.44872003e+14	3.91940039e+14	4.00864517e-04
799	7.47256973	8	5.89970501e-07	8.00000000	3.98398475e+14	4.49871418e+14	4.58129559e-04
899	8.40463934	9	6.63716814e-07	9.00000000	4.51504109e+14	5.07317583e+14	5.14101574e-04
999	9.31251123	10	7.37463127e-07	10.00000000	5.03449991e+14	5.63472713e+14	5.67980343e-04
1099	10.18983416	11	8.11209440e-07	11.00000000	5.53827277e+14	6.17883284e+14	6.19398006e-04
1199	11.05523337	12	8.84955752e-07	12.00000000	6.02425000e+14	6.70310069e+14	6.68193144e-04
1299	11.92895481	13	9.58702065e-07	13.00000000	6.49220464e+14	7.20715856e+14	7.14600550e-04
1399	12.81335341	14	1.03244838e-06	14.00000000	6.94351508e+14	7.69235026e+14	7.58906014e-04
1499	13.70111719	15	1.10619469e-06	15.00000000	7.38017561e+14	8.16069797e+14	8.01425485e-04
1599	14.59067975	16	1.17994100e-06	16.00000000	7.80433322e+14	8.61442345e+14	8.42526857e-04
1699	15.47894297	17	1.25368732e-06	17.00000000	8.21807721e+14	9.05569663e+14	8.82525179e-04
1799	16.36948867	18	1.32743363e-06	18.00000000	8.62250576e+14	9.48573375e+14	9.21651457e-04
1899	17.25672999	19	1.40117994e-06	19.00000000	9.01798256e+14	9.90497402e+14	9.59796470e-04
1999	18.15336658	20	1.47492625e-06	20.00000000	9.40427870e+14	1.03132748e+15	9.96986088e-04
2099	19.05417534	21	1.54867257e-06	21.00000000	9.78097694e+14	1.07103232e+15	1.03321903e-03
2199	19.94224274	22	1.62241888e-06	22.00000000	1.01479937e+15	1.10961423e+15	1.06844416e-03
2299	20.82357350	23	1.69616519e-06	23.00000000	1.05051331e+15	1.14706544e+15	1.10264719e-03
2399	21.71775256	24	1.76991150e-06	24.00000000	1.08520777e+15	1.18336153e+15	1.13582537e-03
2499	22.60196972	25	1.84365782e-06	25.00000000	1.11895279e+15	1.21858568e+15	1.16792064e-03
2599	23.49251824	26	1.91740413e-06	26.00000000	1.15189159e+15	1.25289338e+15	1.19902126e-03
2699	24.38260979	27	1.99115044e-06	27.00000000	1.18414412e+15	1.28641618e+15	1.22922805e-03
2799	25.29052280	28	2.06489676e-06	28.00000000	1.21571185e+15	1.31916585e+15	1.25865023e-03
2899	26.19132916	29	2.13864307e-06	29.00000000	1.24656907e+15	1.35112528e+15	1.28729403e-03
2999	27.12039537	30	2.21238938e-06	30.00000000	1.27669700e+15	1.38228268e+15	1.31515576e-03
3099	28.05304064	31	2.28613569e-06	31.00000000	1.30607810e+15	1.41262644e+15	1.34223064e-03
3199	28.95803220	32	2.35988201e-06	32.00000000	1.33470188e+15	1.44215102e+15	1.36851261e-03
3299	29.84829746	33	2.43362832e-06	33.00000000	1.36255839e+15	1.47085030e+15	1.39400946e-03
3399	30.76333000	34	2.50737463e-06	34.00000000	1.38964205e+15	1.49871899e+15	1.41874438e-03
3499	31.66254471	35	2.58112094e-06	35.00000000	1.41593107e+15	1.52574225e+15	1.44271349e-03
3599	32.56668883	36	2.65486726e-06	36.00000000	1.44140999e+15	1.55190990e+15	1.46588646e-03
3699	33.45992820	37	2.72861357e-06	37.00000000	1.46609546e+15	1.57724139e+15	1.48823409e-03
3799	34.34659593	38	2.80235988e-06	38.00000000	1.49002544e+15	1.60177733e+15	1.50979287e-03
3899	35.23148782	39	2.87610619e-06	39.00000000	1.51323396e+15	1.62555456e+15	1.53060980e-03
3999	36.12717792	40	2.94985251e-06	40.00000000	1.53574795e+15	1.64860276e+15	1.55074459e-03
4099	37.02255778	41	3.02359882e-06	41.00000000	1.55761042e+15	1.67096752e+15	1.57023877e-03
4199	37.91026106	42	3.09734513e-06	42.00000000	1.57884545e+15	1.69267547e+15	1.58912932e-03
4299	38.80604405	43	3.17109145e-06	43.00000000	1.59948818e+15	1.71376420e+15	1.60745759e-03
4399	39.71325655	44	3.24483776e-06	44.00000000	1.61955976e+15	1.73425698e+15	1.62524650e-03
4499	40.61103927	45	3.31858407e-06	45.00000000	1.63909224e+15	1.75418776e+15	1.64251896e-03
4599	41.50542093	46	3.39233038e-06	46.00000000	1.65811094e+15	1.77358350e+15	1.65930436e-03
4699	42.39969609	47	3.46607670e-06	47.00000000	1.67662924e+15	1.79245902e+15	1.67562042e-03
4799	43.28535899	48	3.53982301e-06	48.00000000	1.69467934e+15	1.81084777e+15	1.69149154e-03
4899	44.18509669	49	3.61356932e-06	49.00000000	1.71227841e+15	1.82876812e+15	1.70694182e-03
4999	45.07384875	50	3.68731563e-06	50.00000000	1.72943686e+15	1.84623156e+15	1.72198441e-03
5099	45.95069974	51	3.76106195e-06	51.00000000	1.74618199e+15	1.86326640e+15	1.73664972e-03
5199	46.86386369	52	3.83480826e-06	52.00000000	1.76252895e+15	1.87988863e+15	1.75095780e-03
5299	47.78035070	53	3.90855457e-06	53.00000000	1.77848736e+15	1.89610804e+15	1.76493131e-03
5399	48.70045681	54	3.98230088e-06	54.00000000	1.79407909e+15	1.91194952e+15	1.77857628e-03
5499	49.60635734	55	4.05604720e-06	55.00000000	1.80931931e+15	1.92742862e+15	1.79191827e-03
5599	50.49815729	56	4.12979351e-06	56.00000000	1.82421738e+15	1.94255594e+15	1.80496042e-03
5699	51.38298877	57	4.20353982e-06	57.00000000	1.83878840e+15	1.95734722e+15	1.81771604e-03
5799	52.28331033	58	4.27728614e-06	58.00000000	1.85304712e+15	1.97181744e+15	1.83020480e-03
5899	53.18947948	59	4.35103245e-06	59.00000000	1.86700789e+15	1.98598137e+15	1.84243828e-03
5999	54.08732659	60	4.42477876e-06	60.00000000	1.88067601e+15	1.99984472e+15	1.85442287e-03
6099	54.98537266	61	4.49852507e-06	61.00000000	1.89405548e+15	2.01341193e+15	1.86615926e-03
6199	55.86983107	62	4.57227139e-06	62.00000000	1.90716170e+15	2.02669773e+15	1.87766292e-03
6299	56.76189752	63	4.64601770e-06	63.00000000	1.92000987e+15	2.03971916e+15	1.88893499e-03
6399	57.66194753	64	4.71976401e-06	64.00000000	1.93260967e+15	2.05248630e+15	1.89998835e-03
6499	58.55619130	65	4.79351032e-06	65.00000000	1.94496843e+15	2.06500463e+15	1.91082208e-03
6599	59.47520930	66	4.86725664e-06	66.00000000	1.95709530e+15	2.07728631e+15	1.92143490e-03
6699	60.36419448	67	4.94100295e-06	67.00000000	1.96900458e+15	2.08934563e+15	1.93184249e-03
6799	61.26927264	68	5.01474926e-06	68.00000000	1.98069191e+15	2.10117817e+15	1.94205171e-03
6899	62.17377189	69	5.08849558e-06	69.00000000	1.99216576e+15	2.11279252e+15	1.95205805e-03
6999	63.07550726	70	5.16224189e-06	70.00000000	2.00343555e+15	2.12419828e+15	1.96187751e-03
7099	63.99282991	71	5.23598820e-06	71.00000000	2.01450379e+15	2.13539810e+15	1.97151221e-03
7199	64.89136312	72	5.30973451e-06	72.00000000	2.02537513e+15	2.14639695e+15	1.98096840e-03
7299	65.79595327	73	5.38348083e-06	73.00000000	2.03605149e+15	2.15719690e+15	1.99024899e-03
7399	66.69151119	74	5.45722714e-06	74.00000000	2.04654589e+15	2.16781110e+15	1.99935524e-03
7499	67.58333642	75	5.53097345e-06	75.00000000	2.05685735e+15	2.17823876e+15	2.00829825e-03
7599	68.47664606	76	5.60471976e-06	76.00000000	2.06698627e+15	2.18848036e+15	2.01707581e-03
7699	69.38530648	77	5.67846608e-06	77.00000000	2.07693774e+15	2.19854111e+15	2.02569168e-03
7799	70.27684834	78	5.75221239e-06	78.00000000	2.08671823e+15	2.20842770e+15	2.03415226e-03
7899	71.17383980	79	5.82595870e-06	79.00000000	2.09633433e+15	2.21814683e+15	2.04246352e-03
7999	72.09330291	80	5.89970501e-06	80.00000000	2.10578891e+15	2.22770154e+15	2.05062734e-03
8099	73.03153942	81	5.97345133e-06	81.00000000	2.11507940e+15	2.23708938e+15	2.05864692e-03
8199	73.95718870	82	6.04719764e-06	82.00000000	2.12420686e+15	2.24631140e+15	2.06651859e-03
8299	74.85768180	83	6.12094395e-06	83.00000000	2.13318659e+15	2.25538301e+15	2.07425081e-03
8399	75.76846586	84	6.19469027e-06	84.00000000	2.14201816e+15	2.26430385e+15	2.08185414e-03
8499	76.67878054	85	6.26843658e-06	85.00000000	2.15070187e+15	2.27307426e+15	2.08932637e-03
8599	77.60206026	86	6.34218289e-06	86.00000000	2.15923901e+15	2.28169568e+15	2.09666087e-03
8699	78.51836586	87	6.41592920e-06	87.00000000	2.16764056e+15	2.29017922e+15	2.10386662e-03
8799	79.42681977	88	6.48967552e-06	88.00000000	2.17590692e+15	2.29852535e+15	2.11096027e-03
8899	80.34091623	89	6.56342183e-06	89.00000000	2.18403736e+15	2.30673343e+15	2.11793434e-03
8999	81.26386921	90	6.63716814e-06	90.00000000	2.19204068e+15	2.31481229e+15	2.12478826e-03
9099	82.26197528	91	6.71091445e-06	91.00000000	2.19991787e+15	2.32276299e+15	2.13153033e-03
9199	83.23706026	92	6.78466077e-06	92.00000000	2.20766595e+15	2.33058268e+15	2.13816372e-03
9299	84.17431180	93	6.85840708e-06	93.00000000	2.21529393e+15	2.33828033e+15	2.14468512e-03
9399	85.11811198	94	6.93215339e-06	94.00000000	2.22280157e+15	2.34585582e+15	2.15109796e-03
9499	86.06086068	95	7.00589971e-06	95.00000000	2.23018717e+15	2.35330742e+15	2.15741085e-03
9599	87.00039182	96	7.07964602e-06	96.00000000	2.23746005e+15	2.36064460e+15	2.16361879e-03
9699	87.95950878	97	7.15339233e-06	97.00000000	2.24462081e+15	2.36786798e+15	2.16972855e-03
9799	88.89158026	98	7.22713864e-06	98.00000000	2.25166591e+15	2.37497413e+15	2.17574079e-03
9899	89.80216997	99	7.30088496e-06	99.00000000	2.25860150e+15	2.38196929e+15	2.18165039e-03
9999	90.73827813	100	7.37463127e-06	100.00000000	2.26542870e+15	2.38885461e+15	2.18747249e-03
10099	91.69130859	101	7.44837758e-06	101.00000000	2.27215072e+15	2.39563334e+15	2.19319559e-03
10199	92.61701340	102	7.52212389e-06	102.00000000	2.27876042e+15	2.40229836e+15	2.19883517e-03
10299	93.55811845	103	7.59587021e-06	103.00000000	2.28527146e+15	2.40886336e+15	2.20437182e-03
10399	94.48159168	104	7.66961652e-06	104.00000000	2.29167528e+15	2.41531983e+15	2.20982970e-03
10499	95.38759722	105	7.74336283e-06	105.00000000	2.29798089e+15	2.42167674e+15	2.21519041e-03
10599	96.31256314	106	7.81710914e-06	106.00000000	2.30420233e+15	2.42794811e+15	2.22046420e-03
10699	97.26095720	107	7.89085546e-06	107.00000000	2.31033277e+15	2.43412706e+15	2.22567581e-03
10799	98.17167436	108	7.96460177e-06	108.00000000	2.31637440e+15	2.44021711e+15	2.23080339e-03
10899	99.09863148	109	8.03834808e-06	109.00000000	2.32232555e+15	2.44621598e+15	2.23585355e-03
10999	100.04134287	110	8.11209440e-06	110.00000000	2.32819232e+15	2.45212950e+15	2.24082095e-03
11099	100.97298150	111	8.18584071e-06	111.00000000	2.33397798e+15	2.45796085e+15	2.24571611e-03
11199	101.91282720	112	8.25958702e-06	112.00000000	2.33968494e+15	2.46371243e+15	2.25054230e-03
11299	102.83482784	113	8.33333333e-06	113.00000000	2.34531193e+15	2.46938298e+15	2.25530365e-03
11399	103.74407179	114	8.40707965e-06	114.00000000	2.35086466e+15	2.47497815e+15	2.25999674e-03
11499	104.65777450	115	8.48082596e-06	115.00000000	2.35634246e+15	2.48049770e+15	2.26462750e-03
11599	105.55645977	116	8.55457227e-06	116.00000000	2.36174313e+15	2.48593976e+15	2.26918989e-03
11699	106.47266658	117	8.62831858e-06	117.00000000	2.36706965e+15	2.49130697e+15	2.27368598e-03
11799	107.38672057	118	8.70206490e-06	118.00000000	2.37232539e+15	2.49660258e+15	2.27811694e-03
11899	108.27971050	119	8.77581121e-06	119.00000000	2.37750731e+15	2.50182354e+15	2.28249081e-03
11999	109.19296843	120	8.84955752e-06	120.00000000	2.38261855e+15	2.50697302e+15	2.28679780e-03
12099	110.08491789	121	8.92330383e-06	121.00000000	2.38767327e+15	2.51206518e+15	2.29103671e-03
12199	111.00311415	122	8.99705015e-06	122.00000000	2.39267724e+15	2.51710585e+15	2.29522444e-03
12299	111.92285055	123	9.07079646e-06	123.00000000	2.39762659e+15	2.52209118e+15	2.29936639e-03
12399	112.84389748	124	9.14454277e-06	124.00000000	2.40252169e+15	2.52702154e+15	2.30346081e-03
12499	113.75888908	125	9.21828909e-06	125.00000000	2.40736316e+15	2.53189762e+15	2.30750970e-03
12599	114.64964456	126	9.29203540e-06	126.00000000	2.41215280e+15	2.53672119e+15	2.31151150e-03
12699	115.54673775	127	9.36578171e-06	127.00000000	2.41689402e+15	2.54149571e+15	2.31547075e-03
12799	116.44535645	128	9.43952802e-06	128.00000000	2.42158582e+15	2.54622016e+15	2.31938829e-03
12899	117.33653000	129	9.51327434e-06	129.00000000	2.42623106e+15	2.55089741e+15	2.32326118e-03
12999	118.23287948	130	9.58702065e-06	130.00000000	2.43083079e+15	2.55552852e+15	2.32709569e-03
13099	119.15477552	131	9.66076696e-06	131.00000000	2.43538231e+15	2.56011083e+15	2.33089223e-03
13199	120.05315605	132	9.73451327e-06	132.00000000	2.43988630e+15	2.56464504e+15	2.33464649e-03
13299	120.94669163	133	9.80825959e-06	133.00000000	2.44434176e+15	2.56913016e+15	2.33836094e-03
13399	121.85961934	134	9.88200590e-06	134.00000000	2.44874946e+15	2.57356699e+15	2.34203309e-03
13499	122.76062305	135	9.95575221e-06	135.00000000	2.45311067e+15	2.57795682e+15	2.34566377e-03
13599	123.64951137	136	1.00294985e-05	136.00000000	2.45742867e+15	2.58230292e+15	2.34925500e-03
13699	124.52602323	137	1.01032448e-05	137.00000000	2.46170498e+15	2.58660684e+15	2.35281057e-03
13799	125.43909076	138	1.01769912e-05	138.00000000	2.46593675e+15	2.59086574e+15	2.35633155e-03
13899	126.33153618	139	1.02507375e-05	139.00000000	2.47012442e+15	2.59508003e+15	2.35981492e-03
13999	127.22481015	140	1.03244838e-05	140.00000000	2.47426669e+15	2.59924846e+15	2.36326325e-03
14099	128.14076734	141	1.03982301e-05	141.00000000	2.47836353e+15	2.60337101e+15	2.36666990e-03
14199	129.05033613	142	1.04719764e-05	142.00000000	2.48242057e+15	2.60745332e+15	2.37003742e-03
14299	129.94014950	143	1.05457227e-05	143.00000000	2.48643671e+15	2.61149430e+15	2.37337280e-03
14399	130.84195551	144	1.06194690e-05	144.00000000	2.49041140e+15	2.61549341e+15	2.37667384e-03
14499	131.74674404	145	1.06932153e-05	145.00000000	2.49434611e+15	2.61945215e+15	2.37994030e-03
14599	132.65506065	146	1.07669617e-05	146.00000000	2.49824120e+15	2.62337085e+15	2.38317245e-03
14699	133.57494255	147	1.08407080e-05	147.00000000	2.50209309e+15	2.62724595e+15	2.38637420e-03
14799	134.48738714	148	1.09144543e-05	148.00000000	2.50590244e+15	2.63107809e+15	2.38953761e-03
14899	135.40542039	149	1.09882006e-05	149.00000000	2.50967324e+15	2.63487127e+15	2.39266449e-03
14999	136.30190753	150	1.10619469e-05	150.00000000	2.51340624e+15	2.63862625e+15	2.39575953e-03
15099	137.20671136	151	1.11356932e-05	151.00000000	2.51710260e+15	2.64234423e+15	2.39882134e-03
15199	138.09997172	152	1.12094395e-05	152.00000000	2.52076049e+15	2.64602337e+15	2.40185459e-03
15299	138.99695253	153	1.12831858e-05	153.00000000	2.52437886e+15	2.64966265e+15	2.40485801e-03
15399	139.89586767	154	1.13569322e-05	154.00000000	2.52795935e+15	2.65326369e+15	2.40782669e-03
15499	140.79761033	155	1.14306785e-05	155.00000000	2.53150186e+15	2.65682641e+15	2.41076527e-03
15599	141.70069115	156	1.15044248e-05	156.00000000	2.53500518e+15	2.66034960e+15	2.41367156e-03
15699	142.58320048	157	1.15781711e-05	157.00000000	2.53847183e+15	2.66383579e+15	2.41654313e-03
15799	143.50732450	158	1.16519174e-05	158.00000000	2.54189853e+15	2.66728172e+15	2.41938765e-03
15899	144.42028099	159	1.17256637e-05	159.00000000	2.54528434e+15	2.67068643e+15	2.42220090e-03
15999	145.32897431	160	1.17994100e-05	160.00000000	2.54862709e+15	2.67404779e+15	2.42498237e-03
16099	146.23308420	161	1.18731563e-05	161.00000000	2.55192894e+15	2.67736792e+15	2.42772727e-03
16199	147.14188792	162	1.19469027e-05	162.00000000	2.55519637e+15	2.68065333e+15	2.43043361e-03
16299	148.05068265	163	1.20206490e-05	163.00000000	2.55842990e+15	2.68390457e+15	2.43311091e-03
16399	148.97313312	164	1.20943953e-05	164.00000000	2.56162642e+15	2.68711851e+15	2.43576186e-03
16499	149.88253021	165	1.21681416e-05	165.00000000	2.56478938e+15	2.69029858e+15	2.43837935e-03
16599	150.80569569	166	1.22418879e-05	166.00000000	2.56791917e+15	2.69344522e+15	2.44096870e-03
16699	151.72515590	167	1.23156342e-05	167.00000000	2.57101297e+15	2.69655561e+15	2.44353352e-03
16799	152.64080829	168	1.23893805e-05	168.00000000	2.57407199e+15	2.69963094e+15	2.44606731e-03
16899	153.55685506	169	1.24631268e-05	169.00000000	2.57709963e+15	2.70267462e+15	2.44856903e-03
16999	154.49402497	170	1.25368732e-05	170.00000000	2.58009678e+15	2.70568756e+15	2.45104362e-03
17099	155.42129291	171	1.26106195e-05	171.00000000	2.58306048e+15	2.70866679e+15	2.45349545e-03
17199	156.32507055	172	1.26843658e-05	172.00000000	2.58599035e+15	2.71161194e+15	2.45591973e-03
17299	157.24487869	173	1.27581121e-05	173.00000000	2.58889104e+15	2.71452765e+15	2.45831300e-03
17399	158.16387690	174	1.28318584e-05	174.00000000	2.59176294e+15	2.71741435e+15	2.46068171e-03
17499	159.07429135	175	1.29056047e-05	175.00000000	2.59460427e+15	2.72027024e+15	2.46302922e-03
17599	159.98832035	176	1.29793510e-05	176.00000000	2.59741394e+15	2.72309425e+15	2.46535167e-03
17699	160.88719400	177	1.30530973e-05	177.00000000	2.60019392e+15	2.72588832e+15	2.46764635e-03
17799	161.77724894	178	1.31268437e-05	178.00000000	2.60294577e+15	2.72865404e+15	2.46991447e-03
17899	162.67445190	179	1.32005900e-05	179.00000000	2.60566951e+15	2.73139144e+15	2.47216011e-03
17999	163.58084183	180	1.32743363e-05	180.00000000	2.60836400e+15	2.73409937e+15	2.47438253e-03
18099	164.48244617	181	1.33480826e-05	181.00000000	2.61103124e+15	2.73677986e+15	2.47657956e-03
18199	165.39434617	182	1.34218289e-05	182.00000000	2.61367353e+15	2.73943518e+15	2.47875207e-03
18299	166.29700515	183	1.34955752e-05	183.00000000	2.61629015e+15	2.74206465e+15	2.48090472e-03
18399	167.20983551	184	1.35693215e-05	184.00000000	2.61888017e+15	2.74466731e+15	2.48303666e-03
18499	168.12488203	185	1.36430678e-05	185.00000000	2.62144394e+15	2.74724354e+15	2.48514677e-03
18599	169.04423705	186	1.37168142e-05	186.00000000	2.62398110e+15	2.74979296e+15	2.48723551e-03
18699	169.96675580	187	1.37905605e-05	187.00000000	2.62649038e+15	2.75231433e+15	2.48930263e-03
18799	170.89804332	188	1.38643068e-05	188.00000000	2.62897401e+15	2.75480985e+15	2.49134490e-03
18899	171.82770723	189	1.39380531e-05	189.00000000	2.63143253e+15	2.75728010e+15	2.49336554e-03
18999	172.75530444	190	1.40117994e-05	190.00000000	2.63386535e+15	2.75972447e+15	2.49536605e-03
19099	173.68211943	191	1.40855457e-05	191.00000000	2.63627318e+15	2.76214370e+15	2.49734462e-03
19199	174.62207854	192	1.41592920e-05	192.00000000	2.63865710e+15	2.76453887e+15	2.49930277e-03
19299	175.53508652	193	1.42330383e-05	193.00000000	2.64101754e+15	2.76691040e+15	2.50124055e-03
19399	176.45733479	194	1.43067847e-05	194.00000000	2.64335465e+15	2.76925844e+15	2.50315867e-03
19499	177.37507796	195	1.43805310e-05	195.00000000	2.64567039e+15	2.77158497e+15	2.50505555e-03
19599	178.31298062	196	1.44542773e-05	196.00000000	2.64796706e+15	2.77389227e+15	2.50693267e-03
19699	179.37079673	197	1.45280236e-05	197.00000000	2.65024714e+15	2.77618285e+15	2.50879188e-03
19799	180.32645176	198	1.46017699e-05	198.00000000	2.65251085e+15	2.77845691e+15	2.51063741e-03
19899	181.26328167	199	1.46755162e-05	199.00000000	2.65475824e+15	2.78071451e+15	2.51246945e-03
19999	182.21479677	200	1.47492625e-05	200.00000000	2.65698951e+15	2.78295583e+15	2.51428781e-03
20099	183.15767686	201	1.48230088e-05	201.00000000	2.65920455e+15	2.78518080e+15	2.51609311e-03
20199	184.10781679	202	1.48967552e-05	202.00000000	2.66140333e+15	2.78738937e+15	2.51788511e-03
20299	185.05817590	203	1.49705015e-05	203.00000000	2.66358628e+15	2.78958198e+15	2.51966326e-03
20399	185.99571001	204	1.50442478e-05	204.00000000	2.66575394e+15	2.79175917e+15	2.52142849e-03
20499	186.93542644	205	1.51179941e-05	205.00000000	2.66790706e+15	2.79392167e+15	2.52318055e-03
20599	187.88424441	206	1.51917404e-05	206.00000000	2.67004600e+15	2.79606988e+15	2.52491990e-03
20699	188.81723472	207	1.52654867e-05	207.00000000	2.67217108e+15	2.79820412e+15	2.52664736e-03
20799	189.76713933	208	1.53392330e-05	208.00000000	2.67428238e+15	2.80032446e+15	2.52836346e-03
20899	190.71579089	209	1.54129794e-05	209.00000000	2.67637985e+15	2.80243085e+15	2.53006821e-03
20999	191.64979436	210	1.54867257e-05	210.00000000	2.67846341e+15	2.80452323e+15	2.53176152e-03
21099	192.58984557	211	1.55604720e-05	211.00000000	2.68053314e+15	2.80660166e+15	2.53344344e-03
21199	193.52655291	212	1.56342183e-05	212.00000000	2.68258921e+15	2.80866632e+15	2.53511379e-03
21299	194.47310334	213	1.57079646e-05	213.00000000	2.68463169e+15	2.81071728e+15	2.53677276e-03
21399	195.40883610	214	1.57817109e-05	214.00000000	2.68666070e+15	2.81275466e+15	2.53842052e-03
21499	196.34684876	215	1.58554572e-05	215.00000000	2.68867629e+15	2.81477851e+15	2.54005711e-03
21599	197.28350616	216	1.59292035e-05	216.00000000	2.69067875e+15	2.81678913e+15	2.54168276e-03
21699	198.21319238	217	1.60029499e-05	217.00000000	2.69266800e+15	2.81878643e+15	2.54329768e-03
21799	199.14537888	218	1.60766962e-05	218.00000000	2.69464410e+15	2.82077046e+15	2.54490177e-03
21899	200.09261813	219	1.61504425e-05	219.00000000	2.69660734e+15	2.82274153e+15	2.54649465e-03
21999	201.02464850	220	1.62241888e-05	220.00000000	2.69855793e+15	2.82469985e+15	2.54807678e-03
22099	201.94817595	221	1.62979351e-05	221.00000000	2.70049629e+15	2.82664585e+15	2.54964894e-03
22199	202.89062347	222	1.63716814e-05	222.00000000	2.70242276e+15	2.82857986e+15	2.55121062e-03
22299	203.82346991	223	1.64454277e-05	223.00000000	2.70433760e+15	2.83050215e+15	2.55276213e-03
22399	204.74973056	224	1.65191740e-05	224.00000000	2.70624105e+15	2.83241295e+15	2.55430378e-03
22499	205.68033647	225	1.65929204e-05	225.00000000	2.70813342e+15	2.83431258e+15	2.55583600e-03
22599	206.59480111	226	1.66666667e-05	226.00000000	2.71001486e+15	2.83620120e+15	2.55735949e-03
22699	207.51032902	227	1.67404130e-05	227.00000000	2.71188537e+15	2.83807878e+15	2.55887365e-03
22799	208.42441162	228	1.68141593e-05	228.00000000	2.71374473e+15	2.83994515e+15	2.56037893e-03
22899	209.34210151	229	1.68879056e-05	229.00000000	2.71559289e+15	2.84180024e+15	2.56187479e-03
22999	210.24276901	230	1.69616519e-05	230.00000000	2.71742977e+15	2.84364395e+15	2.56336143e-03
23099	211.14986698	231	1.70353982e-05	231.00000000	2.71925556e+15	2.84547650e+15	2.56483881e-03
23199	212.05548880	232	1.71091445e-05	232.00000000	2.72107046e+15	2.84729808e+15	2.56630737e-03
23299	212.98954807	233	1.71828909e-05	233.00000000	2.72287460e+15	2.84910881e+15	2.56776694e-03
23399	213.89435803	234	1.72566372e-05	234.00000000	2.72466793e+15	2.85090867e+15	2.56921766e-03
23499	214.78417073	235	1.73303835e-05	235.00000000	2.72645032e+15	2.85269751e+15	2.57065974e-03
23599	215.68540829	236	1.74041298e-05	236.00000000	2.72822198e+15	2.85447555e+15	2.57209316e-03
23699	216.59937493	237	1.74778761e-05	237.00000000	2.72998297e+15	2.85624285e+15	2.57351829e-03
23799	217.50562029	238	1.75516224e-05	238.00000000	2.73173306e+15	2.85799918e+15	2.57493497e-03
23899	218.40047955	239	1.76253687e-05	239.00000000	2.73347228e+15	2.85974455e+15	2.57634295e-03
23999	219.31398760	240	1.76991150e-05	240.00000000	2.73520074e+15	2.86147910e+15	2.57774230e-03
24099	220.23356528	241	1.77728614e-05	241.00000000	2.73691872e+15	2.86320311e+15	2.57913312e-03
24199	221.16307958	242	1.78466077e-05	242.00000000	2.73862638e+15	2.86491674e+15	2.58051561e-03
24299	222.09599663	243	1.79203540e-05	243.00000000	2.74032370e+15	2.86661995e+15	2.58189006e-03
24399	223.01530032	244	1.79941003e-05	244.00000000	2.74201096e+15	2.86831305e+15	2.58325574e-03
24499	223.93116240	245	1.80678466e-05	245.00000000	2.74368838e+15	2.86999623e+15	2.58461325e-03
24599	224.86619132	246	1.81415929e-05	246.00000000	2.74535590e+15	2.87166946e+15	2.58596286e-03
24699	225.79413128	247	1.82153392e-05	247.00000000	2.74701368e+15	2.87333288e+15	2.58730417e-03
24799	226.71349307	248	1.82890855e-05	248.00000000	2.74866181e+15	2.87498659e+15	2.58863756e-03
24899	227.64978013	249	1.83628319e-05	249.00000000	2.75030042e+15	2.87663070e+15	2.58996329e-03
24999	228.59865442	250	1.84365782e-05	250.00000000	2.75192967e+15	2.87826540e+15	2.59128133e-03
25099	229.55211019	251	1.85103245e-05	251.00000000	2.75354975e+15	2.87989086e+15	2.59259181e-03
25199	230.48365494	252	1.85840708e-05	252.00000000	2.75516081e+15	2.88150725e+15	2.59389503e-03
25299	231.42586275	253	1.86578171e-05	253.00000000	2.75676302e+15	2.88311474e+15	2.59519111e-03
25399	232.37071000	254	1.87315634e-05	254.00000000	2.75835625e+15	2.88471318e+15	2.59648030e-03
25499	233.31670340	255	1.88053097e-05	255.00000000	2.75994048e+15	2.88630258e+15	2.59776252e-03
25599	234.26352030	256	1.88790560e-05	256.00000000	2.76151569e+15	2.88788289e+15	2.59903708e-03
25699	235.23286961	257	1.89528024e-05	257.00000000	2.76308210e+15	2.88945434e+15	2.60030436e-03
25799	236.21304346	258	1.90265487e-05	258.00000000	2.76463995e+15	2.89101719e+15	2.60156469e-03
25899	237.18794499	259	1.91002950e-05	259.00000000	2.76618953e+15	2.89257171e+15	2.60281778e-03
25999	238.16657931	260	1.91740413e-05	260.00000000	2.76773106e+15	2.89411812e+15	2.60406420e-03
26099	239.11474865	261	1.92477876e-05	261.00000000	2.76926460e+15	2.89565648e+15	2.60530408e-03
26199	240.10603479	262	1.93215339e-05	262.00000000	2.77079022e+15	2.89718687e+15	2.60653766e-03
26299	241.06898219	263	1.93952802e-05	263.00000000	2.77230805e+15	2.89870943e+15	2.60776492e-03
26399	242.03019460	264	1.94690265e-05	264.00000000	2.77381820e+15	2.90022426e+15	2.60898591e-03
26499	242.96898212	265	1.95427729e-05	265.00000000	2.77532051e+15	2.90173121e+15	2.61020117e-03
26599	243.90642832	266	1.96165192e-05	266.00000000	2.77681480e+15	2.90323008e+15	2.61141042e-03
26699	244.86098173	267	1.96902655e-05	267.00000000	2.77830109e+15	2.90472091e+15	2.61261310e-03
26799	245.79364718	268	1.97640118e-05	268.00000000	2.77977955e+15	2.90620388e+15	2.61380922e-03
26899	246.73798643	269	1.98377581e-05	269.00000000	2.78125034e+15	2.90767912e+15	2.61499899e-03
26999	247.65449735	270	1.99115044e-05	270.00000000	2.78271365e+15	2.90914683e+15	2.61618255e-03
27099	248.58106303	271	1.99852507e-05	271.00000000	2.78416947e+15	2.91060702e+15	2.61735999e-03
27199	249.50708662	272	2.00589971e-05	272.00000000	2.78561770e+15	2.91205958e+15	2.61853145e-03
27299	250.41399171	273	2.01327434e-05	273.00000000	2.78705843e+15	2.91350460e+15	2.61969661e-03
27399	251.32961681	274	2.02064897e-05	274.00000000	2.78849184e+15	2.91494226e+15	2.62085536e-03
27499	252.26125457	275	2.02802360e-05	275.00000000	2.78991796e+15	2.91637259e+15	2.62200826e-03
27599	253.17942887	276	2.03539823e-05	276.00000000	2.79133677e+15	2.91779558e+15	2.62315535e-03
27699	254.09067883	277	2.04277286e-05	277.00000000	2.79274847e+15	2.91921142e+15	2.62429650e-03
27799	255.02507339	278	2.05014749e-05	278.00000000	2.79415321e+15	2.92062026e+15	2.62543187e-03
27899	255.95407492	279	2.05752212e-05	279.00000000	2.79555119e+15	2.92202231e+15	2.62656163e-03
27999	256.89899131	280	2.06489676e-05	280.00000000	2.79694259e+15	2.92341775e+15	2.62768598e-03
28099	257.81605246	281	2.07227139e-05	281.00000000	2.79832760e+15	2.92480676e+15	2.62880507e-03
28199	258.73183240	282	2.07964602e-05	282.00000000	2.79970633e+15	2.92618945e+15	2.62991901e-03
28299	259.64307235	283	2.08702065e-05	283.00000000	2.80107883e+15	2.92756588e+15	2.63102794e-03
28399	260.57404012	284	2.09439528e-05	284.00000000	2.80244521e+15	2.92893616e+15	2.63213209e-03
28499	261.49265938	285	2.10176991e-05	285.00000000	2.80380546e+15	2.93030029e+15	2.63323146e-03
28599	262.41911748	286	2.10914454e-05	286.00000000	2.80515957e+15	2.93165823e+15	2.63432592e-03
28699	263.35632097	287	2.11651917e-05	287.00000000	2.80650752e+15	2.93300999e+15	2.63541586e-03
28799	264.29403311	288	2.12389381e-05	288.00000000	2.80784931e+15	2.93435556e+15	2.63650063e-03
28899	265.22785271	289	2.13126844e-05	289.00000000	2.80918492e+15	2.93569492e+15	2.63758045e-03
28999	266.17170388	290	2.13864307e-05	290.00000000	2.81051425e+15	2.93702797e+15	2.63865523e-03
29099	267.11823600	291	2.14601770e-05	291.00000000	2.81183720e+15	2.93835461e+15	2.63972558e-03
29199	268.04284866	292	2.15339233e-05	292.00000000	2.81315383e+15	2.93967491e+15	2.64079029e-03
29299	268.97888203	293	2.16076696e-05	293.00000000	2.81446413e+15	2.94098884e+15	2.64184995e-03
29399	269.91718537	294	2.16814159e-05	294.00000000	2.81576816e+15	2.94229648e+15	2.64290461e-03
29499	270.88196305	295	2.17551622e-05	295.00000000	2.81706608e+15	2.94359798e+15	2.64395407e-03
29599	271.81372687	296	2.18289086e-05	296.00000000	2.81835798e+15	2.94489343e+15	2.64499866e-03
29699	272.76686340	297	2.19026549e-05	297.00000000	2.81964388e+15	2.94618285e+15	2.64603857e-03
29799	273.71018559	298	2.19764012e-05	298.00000000	2.82092394e+15	2.94746641e+15	2.64707368e-03
29899	274.66800415	299	2.20501475e-05	299.00000000	2.82219821e+15	2.94874415e+15	2.64810419e-03
29999	275.60465341	300	2.21238938e-05	300.00000000	2.82346678e+15	2.95001616e+15	2.64912997e-03
30099	276.53057893	301	2.21976401e-05	301.00000000	2.82472974e+15	2.95128253e+15	2.65015155e-03
30199	277.47174863	302	2.22713864e-05	302.00000000	2.82598716e+15	2.95254334e+15	2.65116836e-03
30299	278.39707791	303	2.23451327e-05	303.00000000	2.82723909e+15	2.95379863e+15	2.65218079e-03
30399	279.36174585	304	2.24188791e-05	304.00000000	2.82848555e+15	2.95504843e+15	2.65318884e-03
30499	280.33335021	305	2.24926254e-05	305.00000000	2.82972647e+15	2.95629265e+15	2.65419271e-03
30599	281.26450444	306	2.25663717e-05	306.00000000	2.83096176e+15	2.95753122e+15	2.65519181e-03
30699	282.20934697	307	2.26401180e-05	307.00000000	2.83219157e+15	2.95876428e+15	2.65618629e-03
30799	283.16267028	308	2.27138643e-05	308.00000000	2.83341603e+15	2.95999197e+15	2.65717651e-03
30899	284.10162524	309	2.27876106e-05	309.00000000	2.83463519e+15	2.96121432e+15	2.65816247e-03
30999	285.03273198	310	2.28613569e-05	310.00000000	2.83584899e+15	2.96243129e+15	2.65914416e-03
31099	285.96870371	311	2.29351032e-05	311.00000000	2.83705747e+15	2.96364293e+15	2.66012151e-03
31199	286.91260797	312	2.30088496e-05	312.00000000	2.83826070e+15	2.96484928e+15	2.66109454e-03
31299	287.83029376	313	2.30825959e-05	313.00000000	2.83945874e+15	2.96605042e+15	2.66206337e-03
31399	288.75868969	314	2.31563422e-05	314.00000000	2.84065171e+15	2.96724646e+15	2.66302809e-03
31499	289.71333135	315	2.32300885e-05	315.00000000	2.84183968e+15	2.96843749e+15	2.66398874e-03
31599	290.65647534	316	2.33038348e-05	316.00000000	2.84302272e+15	2.96962356e+15	2.66494549e-03
31699	291.60963975	317	2.33775811e-05	317.00000000	2.84420077e+15	2.97080462e+15	2.66589841e-03
31799	292.55710087	318	2.34513274e-05	318.00000000	2.84537380e+15	2.97198064e+15	2.66684751e-03
31899	293.50352480	319	2.35250737e-05	319.00000000	2.84654181e+15	2.97315162e+15	2.66779260e-03
31999	294.45635762	320	2.35988201e-05	320.00000000	2.84770477e+15	2.97431753e+15	2.66873364e-03
32099	295.41256220	321	2.36725664e-05	321.00000000	2.84886273e+15	2.97547841e+15	2.66967065e-03
32199	296.37117270	322	2.37463127e-05	322.00000000	2.85001579e+15	2.97663439e+15	2.67060370e-03
32299	297.32882316	323	2.38200590e-05	323.00000000	2.85116404e+15	2.97778552e+15	2.67153283e-03
32399	298.27895233	324	2.38938053e-05	324.00000000	2.85230743e+15	2.97893178e+15	2.67245809e-03
32499	299.22463333	325	2.39675516e-05	325.00000000	2.85344585e+15	2.98007304e+15	2.67337941e-03
32599	300.16828068	326	2.40412979e-05	326.00000000	2.85457930e+15	2.98120931e+15	2.67429726e-03
32699	301.09311744	327	2.41150442e-05	327.00000000	2.85570791e+15	2.98234073e+15	2.67521106e-03
32799	302.03201064	328	2.41887906e-05	328.00000000	2.85683181e+15	2.98346740e+15	2.67612046e-03
32899	302.98844156	329	2.42625369e-05	329.00000000	2.85795109e+15	2.98458944e+15	2.67702624e-03
32999	303.93462046	330	2.43362832e-05	330.00000000	2.85906577e+15	2.98570686e+15	2.67792817e-03
33099	304.87405069	331	2.44100295e-05	331.00000000	2.86017595e+15	2.98681976e+15	2.67882657e-03
33199	305.86720271	332	2.44837758e-05	332.00000000	2.86128177e+15	2.98792827e+15	2.67972121e-03
33299	306.84656151	333	2.45575221e-05	333.00000000	2.86238336e+15	2.98903253e+15	2.68061233e-03
33399	307.80305179	334	2.46312684e-05	334.00000000	2.86348086e+15	2.99013269e+15	2.68150003e-03
33499	308.77204281	335	2.47050147e-05	335.00000000	2.86457423e+15	2.99122870e+15	2.68238435e-03
33599	309.73937829	336	2.47787611e-05	336.00000000	2.86566339e+15	2.99232048e+15	2.68326556e-03
33699	310.70242113	337	2.48525074e-05	337.00000000	2.86674837e+15	2.99340807e+15	2.68414344e-03
33799	311.66431626	338	2.49262537e-05	338.00000000	2.86782915e+15	2.99449145e+15	2.68501802e-03
33899	312.64565705	339	2.50000000e-05	339.00000000	2.86890576e+15	2.99557063e+15	2.68588922e-03
33999	313.62972146	340	2.50737463e-05	340.00000000	2.86997827e+15	2.99664569e+15	2.68675710e-03
34099	314.60622554	341	2.51474926e-05	341.00000000	2.87104673e+15	2.99771671e+15	2.68762171e-03
34199	315.56297292	342	2.52212389e-05	342.00000000	2.87211116e+15	2.99878367e+15	2.68848313e-03
34299	316.51929641	343	2.52949853e-05	343.00000000	2.87317157e+15	2.99984658e+15	2.68934141e-03
34399	317.48430200	344	2.53687316e-05	344.00000000	2.87422796e+15	3.00090548e+15	2.69019661e-03
34499	318.43735880	345	2.54424779e-05	345.00000000	2.87528033e+15	3.00196033e+15	2.69104864e-03
34599	319.39084267	346	2.55162242e-05	346.00000000	2.87632854e+15	3.00301101e+15	2.69189739e-03
34699	320.37068004	347	2.55899705e-05	347.00000000	2.87737262e+15	3.00405755e+15	2.69274277e-03
34799	321.32398277	348	2.56637168e-05	348.00000000	2.87841261e+15	3.00509999e+15	2.69358481e-03
34899	322.27616760	349	2.57374631e-05	349.00000000	2.87944851e+15	3.00613832e+15	2.69442360e-03
34999	323.26140038	350	2.58112094e-05	350.00000000	2.88048035e+15	3.00717257e+15	2.69525917e-03
35099	324.37711311	351	2.58849558e-05	351.00000000	2.88150809e+15	3.00820271e+15	2.69609213e-03
35199	325.56303166	352	2.59587021e-05	352.00000000	2.88253165e+15	3.00922867e+15	2.69692138e-03
35299	326.74679946	353	2.60324484e-05	353.00000000	2.88355104e+15	3.01025042e+15	2.69774762e-03
35399	327.79737589	354	2.61061947e-05	354.00000000	2.88456631e+15	3.01126806e+15	2.69857010e-03
35499	328.80855895	355	2.61799410e-05	355.00000000	2.88557766e+15	3.01228175e+15	2.69938934e-03
35599	329.85992066	356	2.62536873e-05	356.00000000	2.88658514e+15	3.01329156e+15	2.70020530e-03
35699	331.12782779	357	2.63274336e-05	357.00000000	2.88758877e+15	3.01429753e+15	2.70101814e-03
35799	332.31516179	358	2.64011799e-05	358.00000000	2.88858860e+15	3.01529966e+15	2.70182816e-03
35899	333.41426587	359	2.64749263e-05	359.00000000	2.88958460e+15	3.01629797e+15	2.70263505e-03
35999	334.39000555	360	2.65486726e-05	360.00000000	2.89057683e+15	3.01729249e+15	2.70343895e-03
36099	335.34277021	361	2.66224189e-05	361.00000000	2.89156533e+15	3.01828327e+15	2.70424042e-03
36199	336.31376802	362	2.66961652e-05	362.00000000	2.89255013e+15	3.01927033e+15	2.70503852e-03
36299	337.28677077	363	2.67699115e-05	363.00000000	2.89353121e+15	3.02025367e+15	2.70583363e-03
36399	338.29011748	364	2.68436578e-05	364.00000000	2.89450857e+15	3.02123328e+15	2.70662586e-03
36499	339.43560266	365	2.69174041e-05	365.00000000	2.89548226e+15	3.02220920e+15	2.70741510e-03
36599	340.92132622	366	2.69911504e-05	366.00000000	2.89645225e+15	3.02318142e+15	2.70820156e-03
36699	342.26377261	367	2.70648968e-05	367.00000000	2.89741855e+15	3.02414994e+15	2.70898493e-03
36799	343.30513748	368	2.71386431e-05	368.00000000	2.89838117e+15	3.02511476e+15	2.70976535e-03
36899	344.41333980	369	2.72123894e-05	369.00000000	2.89934009e+15	3.02607587e+15	2.71054277e-03
36999	345.42032515	370	2.72861357e-05	370.00000000	2.90029527e+15	3.02703324e+15	2.71131714e-03
37099	346.45225255	371	2.73598820e-05	371.00000000	2.90124671e+15	3.02798684e+15	2.71208851e-03
37199	347.46167218	372	2.74336283e-05	372.00000000	2.90219445e+15	3.02893674e+15	2.71285680e-03
37299	348.47745639	373	2.75073746e-05	373.00000000	2.90313850e+15	3.02988294e+15	2.71362209e-03
37399	349.49723733	374	2.75811209e-05	374.00000000	2.90407890e+15	3.03082548e+15	2.71438438e-03
37499	350.54116930	375	2.76548673e-05	375.00000000	2.90501571e+15	3.03176441e+15	2.71514372e-03
37599	351.55509938	376	2.77286136e-05	376.00000000	2.90594896e+15	3.03269979e+15	2.71590019e-03
37699	352.57334081	377	2.78023599e-05	377.00000000	2.90687870e+15	3.03363163e+15	2.71665389e-03
37799	353.58345038	378	2.78761062e-05	378.00000000	2.90780500e+15	3.03456002e+15	2.71740471e-03
37899	354.83977992	379	2.79498525e-05	379.00000000	2.90872792e+15	3.03548502e+15	2.71815276e-03
37999	356.38285548	380	2.80235988e-05	380.00000000	2.90964752e+15	3.03640670e+15	2.71889812e-03
38099	357.60176227	381	2.80973451e-05	381.00000000	2.91056389e+15	3.03732513e+15	2.71964080e-03
38199	358.69609686	382	2.81710914e-05	382.00000000	2.91147707e+15	3.03824036e+15	2.72038097e-03
38299	359.84702983	383	2.82448378e-05	383.00000000	2.91238713e+15	3.03915246e+15	2.72111861e-03
38399	360.92580273	384	2.83185841e-05	384.00000000	2.91329414e+15	3.04006150e+15	2.72185372e-03
38499	362.04905584	385	2.83923304e-05	385.00000000	2.91419811e+15	3.04096749e+15	2.72258653e-03
38599	363.12869761	386	2.84660767e-05	386.00000000	2.91509908e+15	3.04187047e+15	2.72331697e-03
38699	364.13558231	387	2.85398230e-05	387.00000000	2.91599695e+15	3.04277034e+15	2.72404518e-03
38799	365.17543910	388	2.86135693e-05	388.00000000	2.91689176e+15	3.04366713e+15	2.72477096e-03
38899	366.17065285	389	2.86873156e-05	389.00000000	2.91778345e+15	3.04456082e+15	2.72549427e-03
38999	367.20819980	390	2.87610619e-05	390.00000000	2.91867205e+15	3.04545139e+15	2.72621512e-03
39099	368.22541807	391	2.88348083e-05	391.00000000	2.91955756e+15	3.04633886e+15	2.72693355e-03
39199	369.27433385	392	2.89085546e-05	392.00000000	2.92043999e+15	3.04722324e+15	2.72764952e-03
39299	370.70399902	393	2.89823009e-05	393.00000000	2.92131937e+15	3.04810455e+15	2.72836308e-03
39399	372.22809788	394	2.90560472e-05	394.00000000	2.92219563e+15	3.04898274e+15	2.72907425e-03
39499	373.32534445	395	2.91297935e-05	395.00000000	2.92306867e+15	3.04985770e+15	2.72978296e-03
39599	374.33174440	396	2.92035398e-05	396.00000000	2.92393844e+15	3.05072937e+15	2.73048907e-03
39699	375.36674820	397	2.92772861e-05	397.00000000	2.92480482e+15	3.05159764e+15	2.73119257e-03
39799	376.36653653	398	2.93510324e-05	398.00000000	2.92566779e+15	3.05246250e+15	2.73189334e-03
39899	377.38171805	399	2.94247788e-05	399.00000000	2.92652741e+15	3.05332400e+15	2.73259135e-03
39999	378.38583454	400	2.94985251e-05	400.00000000	2.92738373e+15	3.05418218e+15	2.73328665e-03
40099	379.40290002	401	2.95722714e-05	401.00000000	2.92823682e+15	3.05503712e+15	2.73397930e-03
40199	380.45274682	402	2.96460177e-05	402.00000000	2.92908667e+15	3.05588881e+15	2.73466935e-03
40299	381.47825262	403	2.97197640e-05	403.00000000	2.92993332e+15	3.05673730e+15	2.73535678e-03
40399	382.47883073	404	2.97935103e-05	404.00000000	2.93077679e+15	3.05758259e+15	2.73604166e-03
40499	383.49212941	405	2.98672566e-05	405.00000000	2.93161708e+15	3.05842469e+15	2.73672400e-03
40599	384.46733038	406	2.99410029e-05	406.00000000	2.93245427e+15	3.05926369e+15	2.73740377e-03
40699	385.45918682	407	3.00147493e-05	407.00000000	2.93328843e+15	3.06009965e+15	2.73808108e-03
40799	386.45880251	408	3.00884956e-05	408.00000000	2.93411962e+15	3.06093262e+15	2.73875596e-03
40899	387.44668992	409	3.01622419e-05	409.00000000	2.93494788e+15	3.06176265e+15	2.73942847e-03
40999	388.60170972	410	3.02359882e-05	410.00000000	2.93577318e+15	3.06258972e+15	2.74009870e-03
41099	389.99318412	411	3.03097345e-05	411.00000000	2.93659552e+15	3.06341383e+15	2.74076659e-03
41199	391.10692021	412	3.03834808e-05	412.00000000	2.93741493e+15	3.06423499e+15	2.74143209e-03
41299	392.43579813	413	3.04572271e-05	413.00000000	2.93823145e+15	3.06505326e+15	2.74209521e-03
41399	393.67780595	414	3.05309735e-05	414.00000000	2.93904516e+15	3.06586871e+15	2.74275606e-03
41499	394.93230758	415	3.06047198e-05	415.00000000	2.93985607e+15	3.06668135e+15	2.74341463e-03
41599	396.15049723	416	3.06784661e-05	416.00000000	2.94066427e+15	3.06749127e+15	2.74407094e-03
41699	397.42567575	417	3.07522124e-05	417.00000000	2.94146982e+15	3.06829854e+15	2.74472509e-03
41799	398.75769869	418	3.08259587e-05	418.00000000	2.94227271e+15	3.06910314e+15	2.74537713e-03
41899	400.14174637	419	3.08997050e-05	419.00000000	2.94307290e+15	3.06990503e+15	2.74602706e-03
41999	401.45484448	420	3.09734513e-05	420.00000000	2.94387041e+15	3.07070423e+15	2.74667483e-03
42099	402.78332544	421	3.10471976e-05	421.00000000	2.94466522e+15	3.07150073e+15	2.74732060e-03
42199	404.13591876	422	3.11209440e-05	422.00000000	2.94545736e+15	3.07229455e+15	2.74796425e-03
42299	405.56165240	423	3.11946903e-05	423.00000000	2.94624683e+15	3.07308570e+15	2.74860580e-03
42399	406.74970298	424	3.12684366e-05	424.00000000	2.94703361e+15	3.07387414e+15	2.74924509e-03
42499	408.03560809	425	3.13421829e-05	425.00000000	2.94781777e+15	3.07465996e+15	2.74988224e-03
42599	409.47895392	426	3.14159292e-05	426.00000000	2.94859925e+15	3.07544309e+15	2.75051731e-03
42699	410.81128698	427	3.14896755e-05	427.00000000	2.94937800e+15	3.07622348e+15	2.75115022e-03
42799	412.20993395	428	3.15634218e-05	428.00000000	2.95015404e+15	3.07700115e+15	2.75178092e-03
42899	413.55798473	429	3.16371681e-05	429.00000000	2.95092734e+15	3.07777608e+15	2.75240949e-03
42999	415.01866562	430	3.17109145e-05	430.00000000	2.95169796e+15	3.07854831e+15	2.75303587e-03
43099	416.41653060	431	3.17846608e-05	431.00000000	2.95246593e+15	3.07931790e+15	2.75366007e-03
43199	417.71244249	432	3.18584071e-05	432.00000000	2.95323127e+15	3.08008485e+15	2.75428221e-03
43299	419.14298128	433	3.19321534e-05	433.00000000	2.95399402e+15	3.08084921e+15	2.75490226e-03
43399	420.56396852	434	3.20058997e-05	434.00000000	2.95475423e+15	3.08161101e+15	2.75552030e-03
43499	421.95508849	435	3.20796460e-05	435.00000000	2.95551185e+15	3.08237022e+15	2.75613643e-03
43599	423.36756559	436	3.21533923e-05	436.00000000	2.95626688e+15	3.08312683e+15	2.75675053e-03
43699	424.73172526	437	3.22271386e-05	437.00000000	2.95701933e+15	3.08388087e+15	2.75736266e-03
43799	426.02200869	438	3.23008850e-05	438.00000000	2.95776921e+15	3.08463232e+15	2.75797282e-03
43899	427.08840236	439	3.23746313e-05	439.00000000	2.95851660e+15	3.08538128e+15	2.75858084e-03
43999	428.07014795	440	3.24483776e-05	440.00000000	2.95926153e+15	3.08612776e+15	2.75918691e-03
44099	429.05129326	441	3.25221239e-05	441.00000000	2.96000397e+15	3.08687176e+15	2.75979101e-03
44199	430.00173401	442	3.25958702e-05	442.00000000	2.96074388e+15	3.08761322e+15	2.76039314e-03
44299	430.94970849	443	3.26696165e-05	443.00000000	2.96148125e+15	3.08835214e+15	2.76099334e-03
44399	431.93137169	444	3.27433628e-05	444.00000000	2.96221608e+15	3.08908851e+15	2.76159156e-03
44499	432.90122563	445	3.28171091e-05	445.00000000	2.96294839e+15	3.08982235e+15	2.76218776e-03
44599	433.87460437	446	3.28908555e-05	446.00000000	2.96367825e+15	3.09055374e+15	2.76278194e-03
44699	434.81976312	447	3.29646018e-05	447.00000000	2.96440567e+15	3.09128268e+15	2.76337410e-03
44799	435.77151180	448	3.30383481e-05	448.00000000	2.96513065e+15	3.09200917e+15	2.76396434e-03
44899	436.71913706	449	3.31120944e-05	449.00000000	2.96585327e+15	3.09273329e+15	2.76455248e-03
44999	437.68390145	450	3.31858407e-05	450.00000000	2.96657344e+15	3.09345497e+15	2.76513885e-03
45099	438.64780174	451	3.32595870e-05	451.00000000	2.96729127e+15	3.09417429e+15	2.76572324e-03
45199	439.61735809	452	3.33333333e-05	452.00000000	2.96800674e+15	3.09489125e+15	2.76630567e-03
45299	440.57597289	453	3.34070796e-05	453.00000000	2.96871984e+15	3.09560583e+15	2.76688633e-03
45399	441.54233215	454	3.34808260e-05	454.00000000	2.96943055e+15	3.09631802e+15	2.76746506e-03
45499	442.49027200	455	3.35545723e-05	455.00000000	2.97013886e+15	3.09702780e+15	2.76804185e-03
45599	443.46458852	456	3.36283186e-05	456.00000000	2.97084478e+15	3.09773517e+15	2.76861670e-03
45699	444.44074796	457	3.37020649e-05	457.00000000	2.97154832e+15	3.09844017e+15	2.76918963e-03
45799	445.40548525	458	3.37758112e-05	458.00000000	2.97224949e+15	3.09914279e+15	2.76976065e-03
45899	446.37242039	459	3.38495575e-05	459.00000000	2.97294830e+15	3.09984304e+15	2.77032981e-03
45999	447.35533889	460	3.39233038e-05	460.00000000	2.97364475e+15	3.10054094e+15	2.77089698e-03
46099	448.33228206	461	3.39970501e-05	461.00000000	2.97433889e+15	3.10123651e+15	2.77146228e-03
46199	449.31488049	462	3.40707965e-05	462.00000000	2.97503074e+15	3.10192978e+15	2.77202569e-03
46299	450.28593639	463	3.41445428e-05	463.00000000	2.97572032e+15	3.10262079e+15	2.77258728e-03
46399	451.26792333	464	3.42182891e-05	464.00000000	2.97640770e+15	3.10330958e+15	2.77314707e-03
46499	452.25266771	465	3.42920354e-05	465.00000000	2.97709291e+15	3.10399621e+15	2.77370508e-03
46599	453.21575281	466	3.43657817e-05	466.00000000	2.97777598e+15	3.10468068e+15	2.77426141e-03
46699	454.19682705	467	3.44395280e-05	467.00000000	2.97845693e+15	3.10536303e+15	2.77481608e-03
46799	455.16084357	468	3.45132743e-05	468.00000000	2.97913579e+15	3.10604330e+15	2.77536912e-03
46899	456.11954063	469	3.45870206e-05	469.00000000	2.97981262e+15	3.10672152e+15	2.77592045e-03
46999	457.09658781	470	3.46607670e-05	470.00000000	2.98048743e+15	3.10739772e+15	2.77647018e-03
47099	458.05464071	471	3.47345133e-05	471.00000000	2.98116028e+15	3.10807195e+15	2.77701827e-03
47199	459.03877198	472	3.48082596e-05	472.00000000	2.98183119e+15	3.10874423e+15	2.77756473e-03
47299	460.02505183	473	3.48820059e-05	473.00000000	2.98250021e+15	3.10941464e+15	2.77810967e-03
47399	460.97382726	474	3.49557522e-05	474.00000000	2.98316741e+15	3.11008320e+15	2.77865315e-03
47499	461.93126801	475	3.50294985e-05	475.00000000	2.98383281e+15	3.11074996e+15	2.77919515e-03
47599	462.91488245	476	3.51032448e-05	476.00000000	2.98449638e+15	3.11141490e+15	2.77973589e-03
47699	463.88370786	477	3.51769912e-05	477.00000000	2.98515815e+15	3.11207802e+15	2.78027528e-03
47799	464.84989335	478	3.52507375e-05	478.00000000	2.98581813e+15	3.11273935e+15	2.78081324e-03
47899	465.82680639	479	3.53244838e-05	479.00000000	2.98647630e+15	3.11339887e+15	2.78134987e-03
47999	466.77869463	480	3.53982301e-05	480.00000000	2.98713260e+15	3.11405651e+15	2.78188513e-03
48099	467.76426558	481	3.54719764e-05	481.00000000	2.98778700e+15	3.11471224e+15	2.78241892e-03
48199	468.71932933	482	3.55457227e-05	482.00000000	2.98843949e+15	3.11536606e+15	2.78295117e-03
48299	469.68117041	483	3.56194690e-05	483.00000000	2.98909008e+15	3.11601798e+15	2.78348204e-03
48399	470.64298777	484	3.56932153e-05	484.00000000	2.98973879e+15	3.11666801e+15	2.78401146e-03
48499	471.61278740	485	3.57669617e-05	485.00000000	2.99038559e+15	3.11731613e+15	2.78453937e-03
48599	472.58470655	486	3.58407080e-05	486.00000000	2.99103050e+15	3.11796235e+15	2.78506573e-03
48699	473.54615461	487	3.59144543e-05	487.00000000	2.99167355e+15	3.11860671e+15	2.78559056e-03
48799	474.52950361	488	3.59882006e-05	488.00000000	2.99231477e+15	3.11924924e+15	2.78611392e-03
48899	475.49909543	489	3.60619469e-05	489.00000000	2.99295413e+15	3.11988990e+15	2.78663588e-03
48999	476.44922258	490	3.61356932e-05	490.00000000	2.99359158e+15	3.12052865e+15	2.78715633e-03
49099	477.41595733	491	3.62094395e-05	491.00000000	2.99422711e+15	3.12116547e+15	2.78767530e-03
49199	478.37016620	492	3.62831858e-05	492.00000000	2.99486071e+15	3.12180035e+15	2.78819262e-03
49299	479.33042544	493	3.63569322e-05	493.00000000	2.99549235e+15	3.12243327e+15	2.78870845e-03
49399	480.30092072	494	3.64306785e-05	494.00000000	2.99612202e+15	3.12306422e+15	2.78922278e-03
49499	481.25474817	495	3.65044248e-05	495.00000000	2.99674971e+15	3.12369318e+15	2.78973554e-03
49599	482.25474240	496	3.65781711e-05	496.00000000	2.99737539e+15	3.12432014e+15	2.79024671e-03
49699	483.22326185	497	3.66519174e-05	497.00000000	2.99799907e+15	3.12494508e+15	2.79075628e-03
49799	484.18189026	498	3.67256637e-05	498.00000000	2.99862074e+15	3.12556801e+15	2.79126430e-03
49899	485.16934396	499	3.67994100e-05	499.00000000	2.99924041e+15	3.12618894e+15	2.79177069e-03
49999	486.18486350	500	3.68731563e-05	500.00000000	2.99985809e+15	3.12680787e+15	2.79227545e-03
50099	487.16666028	501	3.69469027e-05	501.00000000	3.00047378e+15	3.12742481e+15	2.79277865e-03
50199	488.12369165	502	3.70206490e-05	502.00000000	3.00108749e+15	3.12803976e+15	2.79328033e-03
50299	489.06475583	503	3.70943953e-05	503.00000000	3.00169926e+15	3.12865278e+15	2.79378037e-03
50399	490.03956502	504	3.71681416e-05	504.00000000	3.00230913e+15	3.12926389e+15	2.79427884e-03
50499	490.98671351	505	3.72418879e-05	505.00000000	3.00291712e+15	3.12987311e+15	2.79477582e-03
50599	491.96727271	506	3.73156342e-05	506.00000000	3.00352324e+15	3.13048046e+15	2.79527134e-03
50699	492.92474963	507	3.73893805e-05	507.00000000	3.00412751e+15	3.13108597e+15	2.79576541e-03
50799	493.91013592	508	3.74631268e-05	508.00000000	3.00472997e+15	3.13168965e+15	2.79625810e-03
50899	494.88791580	509	3.75368732e-05	509.00000000	3.00533062e+15	3.13229153e+15	2.79674947e-03
50999	495.87432817	510	3.76106195e-05	510.00000000	3.00592946e+15	3.13289159e+15	2.79723950e-03
51099	496.85972814	511	3.76843658e-05	511.00000000	3.00652650e+15	3.13348985e+15	2.79772807e-03
51199	497.85801206	512	3.77581121e-05	512.00000000	3.00712178e+15	3.13408635e+15	2.79821518e-03
51299	498.81650236	513	3.78318584e-05	513.00000000	3.00771533e+15	3.13468110e+15	2.79870086e-03
51399	499.78861080	514	3.79056047e-05	514.00000000	3.00830713e+15	3.13527411e+15	2.79918517e-03
51499	500.75037365	515	3.79793510e-05	515.00000000	3.00889721e+15	3.13586539e+15	2.79966814e-03
51599	501.72280887	516	3.80530973e-05	516.00000000	3.00948557e+15	3.13645495e+15	2.80014978e-03
51699	502.68874323	517	3.81268437e-05	517.00000000	3.01007223e+15	3.13704282e+15	2.80063009e-03
51799	503.65821527	518	3.82005900e-05	518.00000000	3.01065716e+15	3.13762894e+15	2.80110906e-03
51899	504.63376043	519	3.82743363e-05	519.00000000	3.01124034e+15	3.13821332e+15	2.80158668e-03
51999	505.60317228	520	3.83480826e-05	520.00000000	3.01182177e+15	3.13879593e+15	2.80206292e-03
52099	506.57283556	521	3.84218289e-05	521.00000000	3.01240146e+15	3.13937681e+15	2.80253775e-03
52199	507.54670379	522	3.84955752e-05	522.00000000	3.01297942e+15	3.13995596e+15	2.80301126e-03
52299	508.49066540	523	3.85693215e-05	523.00000000	3.01355566e+15	3.14053337e+15	2.80348337e-03
52399	509.44577789	524	3.86430678e-05	524.00000000	3.01413018e+15	3.14110907e+15	2.80395408e-03
52499	510.39899063	525	3.87168142e-05	525.00000000	3.01470302e+15	3.14168307e+15	2.80442341e-03
52599	511.36545522	526	3.87905605e-05	526.00000000	3.01527418e+15	3.14225541e+15	2.80489139e-03
52699	512.36455707	527	3.88643068e-05	527.00000000	3.01584368e+15	3.14282607e+15	2.80535804e-03
52799	513.34338607	528	3.89380531e-05	528.00000000	3.01641150e+15	3.14339505e+15	2.80582332e-03
52899	514.31966058	529	3.90117994e-05	529.00000000	3.01697763e+15	3.14396235e+15	2.80628729e-03
52999	515.30619987	530	3.90855457e-05	530.00000000	3.01754208e+15	3.14452795e+15	2.80674988e-03
53099	516.27439315	531	3.91592920e-05	531.00000000	3.01810482e+15	3.14509185e+15	2.80721115e-03
53199	517.22625365	532	3.92330383e-05	532.00000000	3.01866588e+15	3.14565405e+15	2.80767107e-03
53299	518.20060463	533	3.93067847e-05	533.00000000	3.01922521e+15	3.14621453e+15	2.80812974e-03
53399	519.18885286	534	3.93805310e-05	534.00000000	3.01978281e+15	3.14677327e+15	2.80858712e-03
53499	520.17149700	535	3.94542773e-05	535.00000000	3.02033869e+15	3.14733029e+15	2.80904313e-03
53599	521.15900273	536	3.95280236e-05	536.00000000	3.02089285e+15	3.14788558e+15	2.80949771e-03
53699	522.13099533	537	3.96017699e-05	537.00000000	3.02144532e+15	3.14843918e+15	2.80995089e-03
53799	523.08145880	538	3.96755162e-05	538.00000000	3.02199613e+15	3.14899112e+15	2.81040273e-03
53899	524.05088846	539	3.97492625e-05	539.00000000	3.02254528e+15	3.14954139e+15	2.81085328e-03
53999	525.02468588	540	3.98230088e-05	540.00000000	3.02309276e+15	3.15009000e+15	2.81130257e-03
54099	526.01003394	541	3.98967552e-05	541.00000000	3.02363858e+15	3.15063693e+15	2.81175057e-03
54199	526.97293781	542	3.99705015e-05	542.00000000	3.02418273e+15	3.15118219e+15	2.81219727e-03
54299	527.94498173	543	4.00442478e-05	543.00000000	3.02472525e+15	3.15172582e+15	2.81264265e-03
54399	528.89997292	544	4.01179941e-05	544.00000000	3.02526614e+15	3.15226782e+15	2.81308671e-03
54499	529.86169782	545	4.01917404e-05	545.00000000	3.02580544e+15	3.15280822e+15	2.81352943e-03
54599	530.81485547	546	4.02654867e-05	546.00000000	3.02634315e+15	3.15334703e+15	2.81397084e-03
54699	531.76608234	547	4.03392330e-05	547.00000000	3.02687929e+15	3.15388426e+15	2.81441094e-03
54799	532.71564724	548	4.04129794e-05	548.00000000	3.02741384e+15	3.15441991e+15	2.81484976e-03
54899	533.68328323	549	4.04867257e-05	549.00000000	3.02794682e+15	3.15495398e+15	2.81528734e-03
54999	534.61870830	550	4.05604720e-05	550.00000000	3.02847826e+15	3.15548650e+15	2.81572370e-03
55099	535.56710587	551	4.06342183e-05	551.00000000	3.02900816e+15	3.15601749e+15	2.81615885e-03
55199	536.51125333	552	4.07079646e-05	552.00000000	3.02953654e+15	3.15654696e+15	2.81659278e-03
55299	537.46722056	553	4.07817109e-05	553.00000000	3.03006344e+15	3.15707493e+15	2.81702550e-03
55399	538.40444111	554	4.08554572e-05	554.00000000	3.03058889e+15	3.15760146e+15	2.81745703e-03
55499	539.34596508	555	4.09292035e-05	555.00000000	3.03111290e+15	3.15812654e+15	2.81788742e-03
55599	540.27669196	556	4.10029499e-05	556.00000000	3.03163551e+15	3.15865021e+15	2.81831672e-03
55699	541.21158955	557	4.10766962e-05	557.00000000	3.03215673e+15	3.15917250e+15	2.81874495e-03
55799	542.15179785	558	4.11504425e-05	558.00000000	3.03267659e+15	3.15969342e+15	2.81917212e-03
55899	543.08868354	559	4.12241888e-05	559.00000000	3.03319510e+15	3.16021300e+15	2.81959825e-03
55999	544.02694571	560	4.12979351e-05	560.00000000	3.03371228e+15	3.16073123e+15	2.82002335e-03
56099	544.96499588	561	4.13716814e-05	561.00000000	3.03422815e+15	3.16124815e+15	2.82044741e-03
56199	545.91327469	562	4.14454277e-05	562.00000000	3.03474272e+15	3.16176377e+15	2.82087044e-03
56299	546.84584547	563	4.15191740e-05	563.00000000	3.03525605e+15	3.16227815e+15	2.82129249e-03
56399	547.79561666	564	4.15929204e-05	564.00000000	3.03576813e+15	3.16279127e+15	2.82171358e-03
56499	548.72642177	565	4.16666667e-05	565.00000000	3.03627892e+15	3.16330310e+15	2.82213374e-03
56599	549.65477854	566	4.17404130e-05	566.00000000	3.03678844e+15	3.16381366e+15	2.82255285e-03
56699	550.58124237	567	4.18141593e-05	567.00000000	3.03729668e+15	3.16432293e+15	2.82297095e-03
56799	551.51320304	568	4.18879056e-05	568.00000000	3.03780363e+15	3.16483091e+15	2.82338803e-03
56899	552.43169111	569	4.19616519e-05	569.00000000	3.03830927e+15	3.16533758e+15	2.82380407e-03
56999	553.35159818	570	4.20353982e-05	570.00000000	3.03881360e+15	3.16584294e+15	2.82421909e-03
57099	554.27363263	571	4.21091445e-05	571.00000000	3.03931662e+15	3.16634697e+15	2.82463304e-03
57199	555.20826729	572	4.21828909e-05	572.00000000	3.03981829e+15	3.16684966e+15	2.82504594e-03
57299	556.13006301	573	4.22566372e-05	573.00000000	3.04031862e+15	3.16735101e+15	2.82545779e-03
57399	557.06911712	574	4.23303835e-05	574.00000000	3.04081758e+15	3.16785100e+15	2.82586856e-03
57499	557.99026308	575	4.24041298e-05	575.00000000	3.04131517e+15	3.16834960e+15	2.82627827e-03
57599	558.91002932	576	4.24778761e-05	576.00000000	3.04181134e+15	3.16884678e+15	2.82668694e-03
57699	559.84087963	577	4.25516224e-05	577.00000000	3.04230612e+15	3.16934256e+15	2.82709447e-03
57799	560.77000290	578	4.26253687e-05	578.00000000	3.04279952e+15	3.16983696e+15	2.82750090e-03
57899	561.69944282	579	4.26991150e-05	579.00000000	3.04329155e+15	3.17032998e+15	2.82790625e-03
57999	562.62713934	580	4.27728614e-05	580.00000000	3.04378221e+15	3.17082163e+15	2.82831050e-03
58099	563.57043069	581	4.28466077e-05	581.00000000	3.04427148e+15	3.17131189e+15	2.82871369e-03
58199	564.55233693	582	4.29203540e-05	582.00000000	3.04475935e+15	3.17180075e+15	2.82911576e-03
58299	565.48581508	583	4.29941003e-05	583.00000000	3.04524583e+15	3.17228821e+15	2.82951677e-03
58399	566.41558669	584	4.30678466e-05	584.00000000	3.04573089e+15	3.17277425e+15	2.82991668e-03
58499	567.35349394	585	4.31415929e-05	585.00000000	3.04621454e+15	3.17325888e+15	2.83031547e-03
58599	568.26865181	586	4.32153392e-05	586.00000000	3.04669678e+15	3.17374209e+15	2.83071318e-03
58699	569.19338443	587	4.32890855e-05	587.00000000	3.04717762e+15	3.17422390e+15	2.83110980e-03
58799	570.11505561	588	4.33628319e-05	588.00000000	3.04765703e+15	3.17470427e+15	2.83150529e-03
58899	571.02433110	589	4.34365782e-05	589.00000000	3.04813501e+15	3.17518322e+15	2.83189964e-03
58999	571.94662349	590	4.35103245e-05	590.00000000	3.04861157e+15	3.17566074e+15	2.83229285e-03
59099	572.87355034	591	4.35840708e-05	591.00000000	3.04908674e+15	3.17613686e+15	2.83268490e-03
59199	573.79895141	592	4.36578171e-05	592.00000000	3.04956053e+15	3.17661161e+15	2.83307582e-03
59299	574.71900081	593	4.37315634e-05	593.00000000	3.05003297e+15	3.17708501e+15	2.83346563e-03
59399	575.65926955	594	4.38053097e-05	594.00000000	3.05050408e+15	3.17755706e+15	2.83385437e-03
59499	576.57533857	595	4.38790560e-05	595.00000000	3.05097386e+15	3.17802779e+15	2.83424205e-03
59599	577.50226284	596	4.39528024e-05	596.00000000	3.05144235e+15	3.17849723e+15	2.83462863e-03
59699	578.41891606	597	4.40265487e-05	597.00000000	3.05190954e+15	3.17896536e+15	2.83501430e-03
59799	579.34357712	598	4.41002950e-05	598.00000000	3.05237545e+15	3.17943220e+15	2.83539890e-03
59899	580.25900792	599	4.41740413e-05	599.00000000	3.05284009e+15	3.17989779e+15	2.83578248e-03
59999	581.15051346	600	4.42477876e-05	600.00000000	3.05330351e+15	3.18036214e+15	2.83616518e-03
60099	582.05676953	601	4.43215339e-05	601.00000000	3.05376571e+15	3.18082528e+15	2.83654690e-03
60199	582.97480182	602	4.43952802e-05	602.00000000	3.05422672e+15	3.18128722e+15	2.83692768e-03
60299	583.89791037	603	4.44690265e-05	603.00000000	3.05468655e+15	3.18174798e+15	2.83730749e-03
60399	584.81690429	604	4.45427729e-05	604.00000000	3.05514522e+15	3.18220757e+15	2.83768639e-03
60499	585.74105362	605	4.46165192e-05	605.00000000	3.05560270e+15	3.18266599e+15	2.83806441e-03
60599	586.65762777	606	4.46902655e-05	606.00000000	3.05605901e+15	3.18312322e+15	2.83844154e-03
60699	587.57749380	607	4.47640118e-05	607.00000000	3.05651415e+15	3.18357927e+15	2.83881776e-03
60799	588.50062837	608	4.48377581e-05	608.00000000	3.05696813e+15	3.18403417e+15	2.83919306e-03
60899	589.42698985	609	4.49115044e-05	609.00000000	3.05742097e+15	3.18448792e+15	2.83956744e-03
60999	590.34136076	610	4.49852507e-05	610.00000000	3.05787268e+15	3.18494055e+15	2.83994092e-03
61099	591.25049533	611	4.50589971e-05	611.00000000	3.05832327e+15	3.18539205e+15	2.84031353e-03
61199	592.18179781	612	4.51327434e-05	612.00000000	3.05877277e+15	3.18584245e+15	2.84068530e-03
61299	593.08390827	613	4.52064897e-05	613.00000000	3.05922116e+15	3.18629175e+15	2.84105621e-03
61399	594.01105438	614	4.52802360e-05	614.00000000	3.05966846e+15	3.18673995e+15	2.84142630e-03
61499	594.93154751	615	4.53539823e-05	615.00000000	3.06011464e+15	3.18718703e+15	2.84179552e-03
61599	595.85556793	616	4.54277286e-05	616.00000000	3.06055971e+15	3.18763300e+15	2.84216385e-03
61699	596.78214435	617	4.55014749e-05	617.00000000	3.06100366e+15	3.18807785e+15	2.84253132e-03
61799	597.70015190	618	4.55752212e-05	618.00000000	3.06144650e+15	3.18852158e+15	2.84289793e-03
61899	598.61907901	619	4.56489676e-05	619.00000000	3.06188823e+15	3.18896420e+15	2.84326365e-03
61999	599.54938353	620	4.57227139e-05	620.00000000	3.06232886e+15	3.18940572e+15	2.84362850e-03
62099	600.46326363	621	4.57964602e-05	621.00000000	3.06276841e+15	3.18984615e+15	2.84399241e-03
62199	601.38625056	622	4.58702065e-05	622.00000000	3.06320685e+15	3.19028548e+15	2.84435561e-03
62299	602.32800809	623	4.59439528e-05	623.00000000	3.06364418e+15	3.19072369e+15	2.84471798e-03
62399	603.23717830	624	4.60176991e-05	624.00000000	3.06408040e+15	3.19116078e+15	2.84507948e-03
62499	604.14600789	625	4.60914454e-05	625.00000000	3.06451549e+15	3.19159675e+15	2.84544012e-03
62599	605.05534463	626	4.61651917e-05	626.00000000	3.06494947e+15	3.19203160e+15	2.84579984e-03
62699	605.97009514	627	4.62389381e-05	627.00000000	3.06538234e+15	3.19246535e+15	2.84615862e-03
62799	606.88898670	628	4.63126844e-05	628.00000000	3.06581409e+15	3.19289797e+15	2.84651651e-03
62899	607.80157992	629	4.63864307e-05	629.00000000	3.06624472e+15	3.19332947e+15	2.84687349e-03
62999	608.70647197	630	4.64601770e-05	630.00000000	3.06667420e+15	3.19375982e+15	2.84722958e-03
63099	609.60570490	631	4.65339233e-05	631.00000000	3.06710256e+15	3.19418904e+15	2.84758473e-03
63199	610.52269348	632	4.66076696e-05	632.00000000	3.06752976e+15	3.19461711e+15	2.84793901e-03
63299	611.42643524	633	4.66814159e-05	633.00000000	3.06795584e+15	3.19504404e+15	2.84829232e-03
63399	612.33207170	634	4.67551622e-05	634.00000000	3.06838074e+15	3.19546980e+15	2.84864482e-03
63499	613.24357949	635	4.68289086e-05	635.00000000	3.06880451e+15	3.19589442e+15	2.84899640e-03
63599	614.15653601	636	4.69026549e-05	636.00000000	3.06922716e+15	3.19631792e+15	2.84934707e-03
63699	615.05706933	637	4.69764012e-05	637.00000000	3.06964866e+15	3.19674027e+15	2.84969683e-03
63799	615.97032005	638	4.70501475e-05	638.00000000	3.07006901e+15	3.19716147e+15	2.85004566e-03
63899	616.89005083	639	4.71238938e-05	639.00000000	3.07048821e+15	3.19758152e+15	2.85039357e-03
63999	617.80650530	640	4.71976401e-05	640.00000000	3.07090627e+15	3.19800041e+15	2.85074058e-03
64099	618.71452574	641	4.72713864e-05	641.00000000	3.07132317e+15	3.19841816e+15	2.85108670e-03
64199	619.62813494	642	4.73451327e-05	642.00000000	3.07173892e+15	3.19883474e+15	2.85143191e-03
64299	620.55546796	643	4.74188791e-05	643.00000000	3.07215353e+15	3.19925019e+15	2.85177615e-03
64399	621.46299331	644	4.74926254e-05	644.00000000	3.07256704e+15	3.19966452e+15	2.85211949e-03
64499	622.39367556	645	4.75663717e-05	645.00000000	3.07297943e+15	3.20007775e+15	2.85246193e-03
64599	623.30842915	646	4.76401180e-05	646.00000000	3.07339071e+15	3.20048986e+15	2.85280350e-03
64699	624.21088542	647	4.77138643e-05	647.00000000	3.07380085e+15	3.20090082e+15	2.85314423e-03
64799	625.11923837	648	4.77876106e-05	648.00000000	3.07420984e+15	3.20131063e+15	2.85348402e-03
64899	626.01770053	649	4.78613569e-05	649.00000000	3.07461769e+15	3.20171931e+15	2.85382289e-03
64999	626.93802193	650	4.79351032e-05	650.00000000	3.07502440e+15	3.20212683e+15	2.85416087e-03
65099	627.84916119	651	4.80088496e-05	651.00000000	3.07542995e+15	3.20253320e+15	2.85449791e-03
65199	628.76481485	652	4.80825959e-05	652.00000000	3.07583435e+15	3.20293842e+15	2.85483400e-03
65299	629.66170732	653	4.81563422e-05	653.00000000	3.07623762e+15	3.20334250e+15	2.85516914e-03
65399	630.56921240	654	4.82300885e-05	654.00000000	3.07663976e+15	3.20374546e+15	2.85550337e-03
65499	631.48299181	655	4.83038348e-05	655.00000000	3.07704080e+15	3.20414730e+15	2.85583668e-03
65599	632.39564638	656	4.83775811e-05	656.00000000	3.07744073e+15	3.20454805e+15	2.85616907e-03
65699	633.31438450	657	4.84513274e-05	657.00000000	3.07783959e+15	3.20494771e+15	2.85650056e-03
65799	634.24032684	658	4.85250737e-05	658.00000000	3.07823736e+15	3.20534629e+15	2.85683117e-03
65899	635.15275283	659	4.85988201e-05	659.00000000	3.07863405e+15	3.20574379e+15	2.85716091e-03
65999	636.06756534	660	4.86725664e-05	660.00000000	3.07902967e+15	3.20614020e+15	2.85748976e-03
66099	636.98947437	661	4.87463127e-05	661.00000000	3.07942421e+15	3.20653555e+15	2.85781774e-03
66199	637.91656545	662	4.88200590e-05	662.00000000	3.07981770e+15	3.20692984e+15	2.85814482e-03
66299	638.84136092	663	4.88938053e-05	663.00000000	3.08021015e+15	3.20732308e+15	2.85847104e-03
66399	639.75313610	664	4.89675516e-05	664.00000000	3.08060157e+15	3.20771530e+15	2.85879640e-03
66499	640.67248584	665	4.90412979e-05	665.00000000	3.08099199e+15	3.20810651e+15	2.85912096e-03
66599	641.55578691	666	4.91150442e-05	666.00000000	3.08138140e+15	3.20849671e+15	2.85944472e-03
66699	642.47855243	667	4.91887906e-05	667.00000000	3.08176980e+15	3.20888590e+15	2.85976771e-03
66799	643.38313699	668	4.92625369e-05	668.00000000	3.08215718e+15	3.20927408e+15	2.86008985e-03
66899	644.28847807	669	4.93362832e-05	669.00000000	3.08254357e+15	3.20966125e+15	2.86041119e-03
66999	645.19328796	670	4.94100295e-05	670.00000000	3.08292897e+15	3.21004743e+15	2.86073170e-03
67099	646.08912101	671	4.94837758e-05	671.00000000	3.08331337e+15	3.21043262e+15	2.86105139e-03
67199	646.98746705	672	4.95575221e-05	672.00000000	3.08369677e+15	3.21081680e+15	2.86137030e-03
67299	647.90113405	673	4.96312684e-05	673.00000000	3.08407916e+15	3.21119998e+15	2.86168841e-03
67399	648.79958601	674	4.97050147e-05	674.00000000	3.08446056e+15	3.21158215e+15	2.86200569e-03
67499	649.71024218	675	4.97787611e-05	675.00000000	3.08484097e+15	3.21196333e+15	2.86232218e-03
67599	650.61978856	676	4.98525074e-05	676.00000000	3.08522038e+15	3.21234352e+15	2.86263786e-03
67699	651.51857808	677	4.99262537e-05	677.00000000	3.08559883e+15	3.21272274e+15	2.86295274e-03
67799	652.43828857	678	5.00000000e-05	678.00000000	3.08597629e+15	3.21310098e+15	2.86326686e-03
67899	653.35634900	679	5.00737463e-05	679.00000000	3.08635280e+15	3.21347825e+15	2.86358016e-03
67999	654.26917107	680	5.01474926e-05	680.00000000	3.08672834e+15	3.21385456e+15	2.86389268e-03
68099	655.18828754	681	5.02212389e-05	681.00000000	3.08710291e+15	3.21422990e+15	2.86420440e-03
68199	656.09405050	682	5.02949853e-05	682.00000000	3.08747653e+15	3.21460429e+15	2.86451534e-03
68299	656.98435854	683	5.03687316e-05	683.00000000	3.08784920e+15	3.21497772e+15	2.86482550e-03
68399	657.89524062	684	5.04424779e-05	684.00000000	3.08822092e+15	3.21535020e+15	2.86513488e-03
68499	658.80968106	685	5.05162242e-05	685.00000000	3.08859170e+15	3.21572173e+15	2.86544348e-03
68599	659.73519907	686	5.05899705e-05	686.00000000	3.08896150e+15	3.21609229e+15	2.86575130e-03
68699	660.64325221	687	5.06637168e-05	687.00000000	3.08933035e+15	3.21646190e+15	2.86605835e-03
68799	661.57174449	688	5.07374631e-05	688.00000000	3.08969824e+15	3.21683053e+15	2.86636465e-03
68899	662.48856202	689	5.08112094e-05	689.00000000	3.09006517e+15	3.21719822e+15	2.86667017e-03
68999	663.41667342	690	5.08849558e-05	690.00000000	3.09043117e+15	3.21756496e+15	2.86697490e-03
69099	664.33692164	691	5.09587021e-05	691.00000000	3.09079623e+15	3.21793076e+15	2.86727884e-03
69199	665.25845892	692	5.10324484e-05	692.00000000	3.09116034e+15	3.21829562e+15	2.86758201e-03
69299	666.16439188	693	5.11061947e-05	693.00000000	3.09152350e+15	3.21865951e+15	2.86788446e-03
69399	667.07753466	694	5.11799410e-05	694.00000000	3.09188571e+15	3.21902247e+15	2.86818610e-03
69499	667.98431060	695	5.12536873e-05	695.00000000	3.09224700e+15	3.21938449e+15	2.86848702e-03
69599	668.92162853	696	5.13274336e-05	696.00000000	3.09260737e+15	3.21974559e+15	2.86878717e-03
69699	669.84159633	697	5.14011799e-05	697.00000000	3.09296682e+15	3.22010577e+15	2.86908656e-03
69799	670.73488430	698	5.14749263e-05	698.00000000	3.09332534e+15	3.22046502e+15	2.86938522e-03
69899	671.65580920	699	5.15486726e-05	699.00000000	3.09368292e+15	3.22082333e+15	2.86968313e-03
69999	672.55730761	700	5.16224189e-05	700.00000000	3.09403957e+15	3.22118070e+15	2.86998030e-03
70099	673.45660829	701	5.16961652e-05	701.00000000	3.09439529e+15	3.22153715e+15	2.87027671e-03
70199	674.38096445	702	5.17699115e-05	702.00000000	3.09475010e+15	3.22189267e+15	2.87057235e-03
70299	675.30508155	703	5.18436578e-05	703.00000000	3.09510399e+15	3.22224729e+15	2.87086721e-03
70399	676.22256578	704	5.19174041e-05	704.00000000	3.09545697e+15	3.22260098e+15	2.87116134e-03
70499	677.12822839	705	5.19911504e-05	705.00000000	3.09580902e+15	3.22295375e+15	2.87145471e-03
70599	678.03718906	706	5.20648968e-05	706.00000000	3.09616015e+15	3.22330559e+15	2.87174733e-03
70699	678.96162284	707	5.21386431e-05	707.00000000	3.09651034e+15	3.22365649e+15	2.87203921e-03
70799	679.86358455	708	5.22123894e-05	708.00000000	3.09685959e+15	3.22400646e+15	2.87233031e-03
70899	680.76619749	709	5.22861357e-05	709.00000000	3.09720793e+15	3.22435550e+15	2.87262064e-03
70999	681.67341579	710	5.23598820e-05	710.00000000	3.09755537e+15	3.22470365e+15	2.87291019e-03
71099	682.57604839	711	5.24336283e-05	711.00000000	3.09790190e+15	3.22505089e+15	2.87319899e-03
71199	683.48656652	712	5.25073746e-05	712.00000000	3.09824754e+15	3.22539723e+15	2.87348706e-03
71299	684.39833958	713	5.25811209e-05	713.00000000	3.09859227e+15	3.22574267e+15	2.87377437e-03
71399	685.30249920	714	5.26548673e-05	714.00000000	3.09893611e+15	3.22608721e+15	2.87406096e-03
71499	686.22479226	715	5.27286136e-05	715.00000000	3.09927904e+15	3.22643083e+15	2.87434680e-03
71599	687.15824029	716	5.28023599e-05	716.00000000	3.09962107e+15	3.22677356e+15	2.87463190e-03
71699	688.07017378	717	5.28761062e-05	717.00000000	3.09996220e+15	3.22711539e+15	2.87491628e-03
71799	688.98054979	718	5.29498525e-05	718.00000000	3.10030243e+15	3.22745630e+15	2.87519995e-03
71899	689.90747562	719	5.30235988e-05	719.00000000	3.10064174e+15	3.22779631e+15	2.87548289e-03
71999	690.79684799	720	5.30973451e-05	720.00000000	3.10098015e+15	3.22813541e+15	2.87576511e-03
72099	691.72565920	721	5.31710914e-05	721.00000000	3.10131764e+15	3.22847359e+15	2.87604656e-03
72199	692.65316301	722	5.32448378e-05	722.00000000	3.10165424e+15	3.22881087e+15	2.87632726e-03
72299	693.54640807	723	5.33185841e-05	723.00000000	3.10198994e+15	3.22914725e+15	2.87660722e-03
72399	694.48149493	724	5.33923304e-05	724.00000000	3.10232472e+15	3.22948272e+15	2.87688645e-03
72499	695.39552414	725	5.34660767e-05	725.00000000	3.10265859e+15	3.22981726e+15	2.87716484e-03
72599	696.32165678	726	5.35398230e-05	726.00000000	3.10299150e+15	3.23015085e+15	2.87744255e-03
72699	697.24311320	727	5.36135693e-05	727.00000000	3.10332348e+15	3.23048350e+15	2.87771950e-03
72799	698.16477792	728	5.36873156e-05	728.00000000	3.10365454e+15	3.23081524e+15	2.87799567e-03
72899	699.07632058	729	5.37610619e-05	729.00000000	3.10398470e+15	3.23114607e+15	2.87827109e-03
72999	699.99493599	730	5.38348083e-05	730.00000000	3.10431395e+15	3.23147599e+15	2.87854576e-03
73099	700.91112562	731	5.39085546e-05	731.00000000	3.10464232e+15	3.23180502e+15	2.87881968e-03
73199	701.83378169	732	5.39823009e-05	732.00000000	3.10496979e+15	3.23213315e+15	2.87909285e-03
73299	702.74008668	733	5.40560472e-05	733.00000000	3.10529635e+15	3.23246038e+15	2.87936528e-03
73399	703.67755920	734	5.41297935e-05	734.00000000	3.10562201e+15	3.23278670e+15	2.87963699e-03
73499	704.59468432	735	5.42035398e-05	735.00000000	3.10594674e+15	3.23311209e+15	2.87990794e-03
73599	705.52289700	736	5.42772861e-05	736.00000000	3.10627056e+15	3.23343657e+15	2.88017814e-03
73699	706.43357426	737	5.43510324e-05	737.00000000	3.10659348e+15	3.23376014e+15	2.88044760e-03
73799	707.35941673	738	5.44247788e-05	738.00000000	3.10691548e+15	3.23408280e+15	2.88071631e-03
73899	708.29329643	739	5.44985251e-05	739.00000000	3.10723658e+15	3.23440455e+15	2.88098427e-03
73999	709.23109467	740	5.45722714e-05	740.00000000	3.10755678e+15	3.23472540e+15	2.88125149e-03
74099	710.14598294	741	5.46460177e-05	741.00000000	3.10787608e+15	3.23504535e+15	2.88151797e-03
74199	711.06642857	742	5.47197640e-05	742.00000000	3.10819449e+15	3.23536440e+15	2.88178371e-03
74299	711.98392150	743	5.47935103e-05	743.00000000	3.10851201e+15	3.23568257e+15	2.88204875e-03
74399	712.90686247	744	5.48672566e-05	744.00000000	3.10882865e+15	3.23599985e+15	2.88231309e-03
74499	713.82397278	745	5.49410029e-05	745.00000000	3.10914442e+15	3.23631625e+15	2.88257669e-03
74599	714.75312483	746	5.50147493e-05	746.00000000	3.10945932e+15	3.23663179e+15	2.88283957e-03
74699	715.67975030	747	5.50884956e-05	747.00000000	3.10977336e+15	3.23694647e+15	2.88310172e-03
74799	716.61680047	748	5.51622419e-05	748.00000000	3.11008655e+15	3.23726030e+15	2.88336316e-03
74899	717.52266517	749	5.52359882e-05	749.00000000	3.11039889e+15	3.23757327e+15	2.88362389e-03
74999	718.46062321	750	5.53097345e-05	750.00000000	3.11071037e+15	3.23788539e+15	2.88388393e-03
75099	719.37572475	751	5.53834808e-05	751.00000000	3.11102101e+15	3.23819667e+15	2.88414327e-03
75199	720.29526038	752	5.54572271e-05	752.00000000	3.11133082e+15	3.23850710e+15	2.88440191e-03
75299	721.20746241	753	5.55309735e-05	753.00000000	3.11163980e+15	3.23881671e+15	2.88465985e-03
75399	722.12751252	754	5.56047198e-05	754.00000000	3.11194795e+15	3.23912549e+15	2.88491709e-03
75499	723.05458681	755	5.56784661e-05	755.00000000	3.11225529e+15	3.23943346e+15	2.88517367e-03
75599	723.97147984	756	5.57522124e-05	756.00000000	3.11256181e+15	3.23974061e+15	2.88542956e-03
75699	724.89917411	757	5.58259587e-05	757.00000000	3.11286754e+15	3.24004696e+15	2.88568479e-03
75799	725.79642289	758	5.58997050e-05	758.00000000	3.11317247e+15	3.24035251e+15	2.88593936e-03
75899	726.71209222	759	5.59734513e-05	759.00000000	3.11347660e+15	3.24065726e+15	2.88619328e-03
75999	727.63553665	760	5.60471976e-05	760.00000000	3.11377995e+15	3.24096124e+15	2.88644660e-03
76099	728.55637315	761	5.61209440e-05	761.00000000	3.11408253e+15	3.24126444e+15	2.88669923e-03
76199	729.47329114	762	5.61946903e-05	762.00000000	3.11438434e+15	3.24156686e+15	2.88695121e-03
76299	730.40511504	763	5.62684366e-05	763.00000000	3.11468538e+15	3.24186852e+15	2.88720255e-03
76399	731.33606759	764	5.63421829e-05	764.00000000	3.11498564e+15	3.24216940e+15	2.88745326e-03
76499	732.25081641	765	5.64159292e-05	765.00000000	3.11528514e+15	3.24246951e+15	2.88770335e-03
76599	733.17835798	766	5.64896755e-05	766.00000000	3.11558387e+15	3.24276885e+15	2.88795279e-03
76699	734.08320640	767	5.65634218e-05	767.00000000	3.11588184e+15	3.24306743e+15	2.88820158e-03
76799	734.99214986	768	5.66371681e-05	768.00000000	3.11617905e+15	3.24336525e+15	2.88844975e-03
76899	735.90066473	769	5.67109145e-05	769.00000000	3.11647550e+15	3.24366231e+15	2.88869730e-03
76999	736.81005406	770	5.67846608e-05	770.00000000	3.11677120e+15	3.24395861e+15	2.88894421e-03
77099	737.71530373	771	5.68584071e-05	771.00000000	3.11706613e+15	3.24425415e+15	2.88919051e-03
77199	738.62928132	772	5.69321534e-05	772.00000000	3.11736030e+15	3.24454892e+15	2.88943619e-03
77299	739.54633021	773	5.70058997e-05	773.00000000	3.11765371e+15	3.24484293e+15	2.88968123e-03
77399	740.47991388	774	5.70796460e-05	774.00000000	3.11794636e+15	3.24513619e+15	2.88992564e-03
77499	741.39153483	775	5.71533923e-05	775.00000000	3.11823828e+15	3.24542870e+15	2.89016944e-03
77599	742.29641210	776	5.72271386e-05	776.00000000	3.11852946e+15	3.24572048e+15	2.89041261e-03
77699	743.20878868	777	5.73008850e-05	777.00000000	3.11881994e+15	3.24601155e+15	2.89065518e-03
77799	744.12617219	778	5.73746313e-05	778.00000000	3.11910970e+15	3.24630190e+15	2.89089717e-03
77899	745.06048138	779	5.74483776e-05	779.00000000	3.11939874e+15	3.24659154e+15	2.89113857e-03
77999	745.98838337	780	5.75221239e-05	780.00000000	3.11968708e+15	3.24688047e+15	2.89137939e-03
78099	746.91445468	781	5.75958702e-05	781.00000000	3.11997473e+15	3.24716871e+15	2.89161963e-03
78199	747.82217172	782	5.76696165e-05	782.00000000	3.12026168e+15	3.24745625e+15	2.89185930e-03
78299	748.70975037	783	5.77433628e-05	783.00000000	3.12054793e+15	3.24774309e+15	2.89209838e-03
78399	749.62836676	784	5.78171091e-05	784.00000000	3.12083350e+15	3.24802925e+15	2.89233689e-03
78499	750.55957713	785	5.78908555e-05	785.00000000	3.12111837e+15	3.24831470e+15	2.89257483e-03
78599	751.50532940	786	5.79646018e-05	786.00000000	3.12140254e+15	3.24859946e+15	2.89281220e-03
78699	752.42225400	787	5.80383481e-05	787.00000000	3.12168600e+15	3.24888349e+15	2.89304900e-03
78799	753.33363078	788	5.81120944e-05	788.00000000	3.12196874e+15	3.24916682e+15	2.89328521e-03
78899	754.27080181	789	5.81858407e-05	789.00000000	3.12225077e+15	3.24944942e+15	2.89352082e-03
78999	755.16809304	790	5.82595870e-05	790.00000000	3.12253208e+15	3.24973131e+15	2.89375583e-03
79099	756.10269989	791	5.83333333e-05	791.00000000	3.12281269e+15	3.25001250e+15	2.89399025e-03
79199	757.02987352	792	5.84070796e-05	792.00000000	3.12309260e+15	3.25029298e+15	2.89422409e-03
79299	757.95293716	793	5.84808260e-05	793.00000000	3.12337182e+15	3.25057277e+15	2.89445737e-03
79399	758.86680838	794	5.85545723e-05	794.00000000	3.12365035e+15	3.25085187e+15	2.89469007e-03
79499	759.78931366	795	5.86283186e-05	795.00000000	3.12392818e+15	3.25113028e+15	2.89492221e-03
79599	760.71018138	796	5.87020649e-05	796.00000000	3.12420531e+15	3.25140798e+15	2.89515381e-03
79699	761.60515541	797	5.87758112e-05	797.00000000	3.12448174e+15	3.25168498e+15	2.89538483e-03
79799	762.50404176	798	5.88495575e-05	798.00000000	3.12475748e+15	3.25196129e+15	2.89561529e-03
79899	763.42623010	799	5.89233038e-05	799.00000000	3.12503250e+15	3.25223688e+15	2.89584518e-03
79999	764.34340487	800	5.89970501e-05	800.00000000	3.12530679e+15	3.25251173e+15	2.89607450e-03
80099	765.25479398	801	5.90707965e-05	801.00000000	3.12558035e+15	3.25278586e+15	2.89630324e-03
80199	766.15601491	802	5.91445428e-05	802.00000000	3.12585318e+15	3.25305926e+15	2.89653137e-03
80299	767.07510154	803	5.92182891e-05	803.00000000	3.12612530e+15	3.25333194e+15	2.89675890e-03
80399	767.99460274	804	5.92920354e-05	804.00000000	3.12639669e+15	3.25360390e+15	2.89698583e-03
80499	768.89060861	805	5.93657817e-05	805.00000000	3.12666737e+15	3.25387513e+15	2.89721218e-03
80599	769.80237281	806	5.94395280e-05	806.00000000	3.12693732e+15	3.25414565e+15	2.89743794e-03
80699	770.72186228	807	5.95132743e-05	807.00000000	3.12720656e+15	3.25441545e+15	2.89766311e-03
80799	771.66216508	808	5.95870206e-05	808.00000000	3.12747508e+15	3.25468453e+15	2.89788768e-03
80899	772.58291757	809	5.96607670e-05	809.00000000	3.12774289e+15	3.25495289e+15	2.89811167e-03
80999	773.50550706	810	5.97345133e-05	810.00000000	3.12800997e+15	3.25522053e+15	2.89833505e-03
81099	774.40491038	811	5.98082596e-05	811.00000000	3.12827632e+15	3.25548744e+15	2.89855784e-03
81199	775.33760142	812	5.98820059e-05	812.00000000	3.12854195e+15	3.25575362e+15	2.89878001e-03
81299	776.24768663	813	5.99557522e-05	813.00000000	3.12880685e+15	3.25601907e+15	2.89900158e-03
81399	777.14426416	814	6.00294985e-05	814.00000000	3.12907102e+15	3.25628380e+15	2.89922254e-03
81499	778.02801967	815	6.01032448e-05	815.00000000	3.12933448e+15	3.25654781e+15	2.89944291e-03
81599	778.92267879	816	6.01769912e-05	816.00000000	3.12959722e+15	3.25681109e+15	2.89966269e-03
81699	779.83551004	817	6.02507375e-05	817.00000000	3.12985924e+15	3.25707366e+15	2.89988188e-03
81799	780.75441372	818	6.03244838e-05	818.00000000	3.13012053e+15	3.25733550e+15	2.90010045e-03
81899	781.64884324	819	6.03982301e-05	819.00000000	3.13038111e+15	3.25759663e+15	2.90031845e-03
81999	782.58994918	820	6.04719764e-05	820.00000000	3.13064098e+15	3.25785704e+15	2.90053585e-03
82099	783.52390320	821	6.05457227e-05	821.00000000	3.13090014e+15	3.25811674e+15	2.90075267e-03
82199	784.45380249	822	6.06194690e-05	822.00000000	3.13115860e+15	3.25837574e+15	2.90096891e-03
82299	785.36583721	823	6.06932153e-05	823.00000000	3.13141635e+15	3.25863403e+15	2.90118456e-03
82399	786.28879078	824	6.07669617e-05	824.00000000	3.13167340e+15	3.25889162e+15	2.90139962e-03
82499	787.21633374	825	6.08407080e-05	825.00000000	3.13192974e+15	3.25914850e+15	2.90161410e-03
82599	788.12865224	826	6.09144543e-05	826.00000000	3.13218538e+15	3.25940468e+15	2.90182800e-03
82699	789.04074983	827	6.09882006e-05	827.00000000	3.13244033e+15	3.25966017e+15	2.90204131e-03
82799	789.94365740	828	6.10619469e-05	828.00000000	3.13269461e+15	3.25991498e+15	2.90225403e-03
82899	790.86229697	829	6.11356932e-05	829.00000000	3.13294822e+15	3.26016912e+15	2.90246620e-03
82999	791.77982260	830	6.12094395e-05	830.00000000	3.13320115e+15	3.26042258e+15	2.90267781e-03
83099	792.69913482	831	6.12831858e-05	831.00000000	3.13345341e+15	3.26067538e+15	2.90288885e-03
83199	793.59155564	832	6.13569322e-05	832.00000000	3.13370501e+15	3.26092751e+15	2.90309934e-03
83299	794.53034094	833	6.14306785e-05	833.00000000	3.13395597e+15	3.26117900e+15	2.90330928e-03
83399	795.44470076	834	6.15044248e-05	834.00000000	3.13420629e+15	3.26142984e+15	2.90351868e-03
83499	796.36984972	835	6.15781711e-05	835.00000000	3.13445596e+15	3.26168004e+15	2.90372754e-03
83599	797.27382264	836	6.16519174e-05	836.00000000	3.13470499e+15	3.26192960e+15	2.90393587e-03
83699	798.18216073	837	6.17256637e-05	837.00000000	3.13495338e+15	3.26217851e+15	2.90414368e-03
83799	799.10124490	838	6.17994100e-05	838.00000000	3.13520115e+15	3.26242680e+15	2.90435095e-03
83899	799.99878862	839	6.18731563e-05	839.00000000	3.13544829e+15	3.26267446e+15	2.90455770e-03
83999	800.92069505	840	6.19469027e-05	840.00000000	3.13569479e+15	3.26292148e+15	2.90476394e-03
84099	801.83781259	841	6.20206490e-05	841.00000000	3.13594066e+15	3.26316787e+15	2.90496965e-03
84199	802.74449323	842	6.20943953e-05	842.00000000	3.13618589e+15	3.26341362e+15	2.90517485e-03
84299	803.65940108	843	6.21681416e-05	843.00000000	3.13643048e+15	3.26365873e+15	2.90537951e-03
84399	804.58986662	844	6.22418879e-05	844.00000000	3.13667444e+15	3.26390321e+15	2.90558365e-03
84499	805.52236002	845	6.23156342e-05	845.00000000	3.13691777e+15	3.26414705e+15	2.90578727e-03
84599	806.45358976	846	6.23893805e-05	846.00000000	3.13716046e+15	3.26439025e+15	2.90599036e-03
84699	807.35740992	847	6.24631268e-05	847.00000000	3.13740250e+15	3.26463281e+15	2.90619294e-03
84799	808.26388686	848	6.25368732e-05	848.00000000	3.13764389e+15	3.26487471e+15	2.90639499e-03
84899	809.17112360	849	6.26106195e-05	849.00000000	3.13788463e+15	3.26511595e+15	2.90659650e-03
84999	810.06704150	850	6.26843658e-05	850.00000000	3.13812471e+15	3.26535654e+15	2.90679746e-03
85099	810.99686447	851	6.27581121e-05	851.00000000	3.13836414e+15	3.26559648e+15	2.90699787e-03
85199	811.94393790	852	6.28318584e-05	852.00000000	3.13860292e+15	3.26583577e+15	2.90719774e-03
85299	812.86894493	853	6.29056047e-05	853.00000000	3.13884106e+15	3.26607441e+15	2.90739707e-03
85399	813.78240707	854	6.29793510e-05	854.00000000	3.13907857e+15	3.26631242e+15	2.90759587e-03
85499	814.67196405	855	6.30530973e-05	855.00000000	3.13931544e+15	3.26654980e+15	2.90779414e-03
85599	815.60698725	856	6.31268437e-05	856.00000000	3.13955170e+15	3.26678656e+15	2.90799187e-03
85699	816.52171704	857	6.32005900e-05	857.00000000	3.13978734e+15	3.26702270e+15	2.90818909e-03
85799	817.43172393	858	6.32743363e-05	858.00000000	3.14002237e+15	3.26725823e+15	2.90838580e-03
85899	818.34109249	859	6.33480826e-05	859.00000000	3.14025679e+15	3.26749314e+15	2.90858199e-03
85999	819.27380745	860	6.34218289e-05	860.00000000	3.14049060e+15	3.26772744e+15	2.90877766e-03
86099	820.18178280	861	6.34955752e-05	861.00000000	3.14072380e+15	3.26796114e+15	2.90897283e-03
86199	821.10102573	862	6.35693215e-05	862.00000000	3.14095638e+15	3.26819421e+15	2.90916750e-03
86299	822.01585456	863	6.36430678e-05	863.00000000	3.14118835e+15	3.26842667e+15	2.90936165e-03
86399	822.93171117	864	6.37168142e-05	864.00000000	3.14141971e+15	3.26865852e+15	2.90955530e-03
86499	823.85463033	865	6.37905605e-05	865.00000000	3.14165047e+15	3.26888977e+15	2.90974844e-03
86599	824.77728962	866	6.38643068e-05	866.00000000	3.14188063e+15	3.26912042e+15	2.90994108e-03
86699	825.70400799	867	6.39380531e-05	867.00000000	3.14211020e+15	3.26935048e+15	2.91013321e-03
86799	826.61734866	868	6.40117994e-05	868.00000000	3.14233920e+15	3.26957996e+15	2.91032485e-03
86899	827.52763159	869	6.40855457e-05	869.00000000	3.14256761e+15	3.26980885e+15	2.91051599e-03
86999	828.42965704	870	6.41592920e-05	870.00000000	3.14279543e+15	3.27003716e+15	2.91070666e-03
87099	829.32965599	871	6.42330383e-05	871.00000000	3.14302267e+15	3.27026488e+15	2.91089684e-03
87199	830.24928943	872	6.43067847e-05	872.00000000	3.14324931e+15	3.27049200e+15	2.91108653e-03
87299	831.13830498	873	6.43805310e-05	873.00000000	3.14347534e+15	3.27071851e+15	2.91127572e-03
87399	832.02459889	874	6.44542773e-05	874.00000000	3.14370076e+15	3.27094441e+15	2.91146441e-03
87499	832.91513108	875	6.45280236e-05	875.00000000	3.14392559e+15	3.27116971e+15	2.91165261e-03
87599	833.82427083	876	6.46017699e-05	876.00000000	3.14414982e+15	3.27139441e+15	2.91184033e-03
87699	834.71752815	877	6.46755162e-05	877.00000000	3.14437345e+15	3.27161852e+15	2.91202757e-03
87799	835.61013547	878	6.47492625e-05	878.00000000	3.14459650e+15	3.27184205e+15	2.91221450e-03
87899	836.50779335	879	6.48230088e-05	879.00000000	3.14481896e+15	3.27206498e+15	2.91240067e-03
87999	837.43518533	880	6.48967552e-05	880.00000000	3.14504084e+15	3.27228733e+15	2.91258645e-03
88099	838.34004361	881	6.49705015e-05	881.00000000	3.14526213e+15	3.27250909e+15	2.91277174e-03
88199	839.24586605	882	6.50442478e-05	882.00000000	3.14548284e+15	3.27273027e+15	2.91295655e-03
88299	840.17305977	883	6.51179941e-05	883.00000000	3.14570297e+15	3.27295087e+15	2.91314088e-03
88399	841.10537701	884	6.51917404e-05	884.00000000	3.14592252e+15	3.27317089e+15	2.91332473e-03
88499	842.05776789	885	6.52654867e-05	885.00000000	3.14614149e+15	3.27339033e+15	2.91350810e-03
88599	842.98689834	886	6.53392330e-05	886.00000000	3.14635988e+15	3.27360919e+15	2.91369098e-03
88699	843.93686201	887	6.54129794e-05	887.00000000	3.14657770e+15	3.27382748e+15	2.91387339e-03
88799	844.84320329	888	6.54867257e-05	888.00000000	3.14679495e+15	3.27404520e+15	2.91405532e-03
88899	845.76461542	889	6.55604720e-05	889.00000000	3.14701164e+15	3.27426235e+15	2.91423678e-03
88999	846.67759675	890	6.56342183e-05	890.00000000	3.14722779e+15	3.27447895e+15	2.91441779e-03
89099	847.59178846	891	6.57079646e-05	891.00000000	3.14744338e+15	3.27469499e+15	2.91459835e-03
89199	848.50728163	892	6.57817109e-05	892.00000000	3.14765842e+15	3.27491049e+15	2.91477844e-03
89299	849.41075850	893	6.58554572e-05	893.00000000	3.14787290e+15	3.27512544e+15	2.91495808e-03
89399	850.33798855	894	6.59292035e-05	894.00000000	3.14808685e+15	3.27533984e+15	2.91513727e-03
89499	851.26125545	895	6.60029499e-05	895.00000000	3.14830024e+15	3.27555370e+15	2.91531601e-03
89599	852.20318166	896	6.60766962e-05	896.00000000	3.14851310e+15	3.27576702e+15	2.91549431e-03
89699	853.12879627	897	6.61504425e-05	897.00000000	3.14872543e+15	3.27597980e+15	2.91567216e-03
89799	854.04955085	898	6.62241888e-05	898.00000000	3.14893721e+15	3.27619205e+15	2.91584956e-03
89899	854.95460203	899	6.62979351e-05	899.00000000	3.14914846e+15	3.27640376e+15	2.91602652e-03
89999	855.86664649	900	6.63716814e-05	900.00000000	3.14935917e+15	3.27661492e+15	2.91620306e-03
90099	856.75758598	901	6.64454277e-05	901.00000000	3.14956935e+15	3.27682555e+15	2.91637911e-03
90199	857.67602814	902	6.65191740e-05	902.00000000	3.14977899e+15	3.27703565e+15	2.91655471e-03
90299	858.57720644	903	6.65929204e-05	903.00000000	3.14998811e+15	3.27724522e+15	2.91672988e-03
90399	859.47662822	904	6.66666667e-05	904.00000000	3.15019669e+15	3.27745426e+15	2.91690460e-03
90499	860.40291162	905	6.67404130e-05	905.00000000	3.15040475e+15	3.27766276e+15	2.91707888e-03
90599	861.31237398	906	6.68141593e-05	906.00000000	3.15061227e+15	3.27787073e+15	2.91725271e-03
90699	862.22995834	907	6.68879056e-05	907.00000000	3.15081924e+15	3.27807816e+15	2.91742610e-03
90799	863.17452213	908	6.69616519e-05	908.00000000	3.15102568e+15	3.27828504e+15	2.91759905e-03
90899	864.07803481	909	6.70353982e-05	909.00000000	3.15123156e+15	3.27849137e+15	2.91777155e-03
90999	865.01121082	910	6.71091445e-05	910.00000000	3.15143690e+15	3.27869715e+15	2.91794361e-03
91099	865.92138122	911	6.71828909e-05	911.00000000	3.15164167e+15	3.27890238e+15	2.91811521e-03
91199	866.82338685	912	6.72566372e-05	912.00000000	3.15184590e+15	3.27910705e+15	2.91828634e-03
91299	867.76838780	913	6.73303835e-05	913.00000000	3.15204958e+15	3.27931117e+15	2.91845701e-03
91399	868.70614186	914	6.74041298e-05	914.00000000	3.15225270e+15	3.27951474e+15	2.91862722e-03
91499	869.62982241	915	6.74778761e-05	915.00000000	3.15245529e+15	3.27971776e+15	2.91879698e-03
91599	870.55192023	916	6.75516224e-05	916.00000000	3.15265733e+15	3.27992024e+15	2.91896628e-03
91699	871.46360243	917	6.76253687e-05	917.00000000	3.15285885e+15	3.28012221e+15	2.91913507e-03
91799	872.36190961	918	6.76991150e-05	918.00000000	3.15305984e+15	3.28032363e+15	2.91930349e-03
91899	873.27142664	919	6.77728614e-05	919.00000000	3.15326028e+15	3.28052451e+15	2.91947146e-03
91999	874.20207334	920	6.78466077e-05	920.00000000	3.15346019e+15	3.28072486e+15	2.91963898e-03
92099	875.13800753	921	6.79203540e-05	921.00000000	3.15365955e+15	3.28092466e+15	2.91980604e-03
92199	876.05588962	922	6.79941003e-05	922.00000000	3.15385838e+15	3.28112392e+15	2.91997265e-03
92299	876.97800617	923	6.80678466e-05	923.00000000	3.15405668e+15	3.28132265e+15	2.92013881e-03
92399	877.89421489	924	6.81415929e-05	924.00000000	3.15425444e+15	3.28152085e+15	2.92030452e-03
92499	878.81028477	925	6.82153392e-05	925.00000000	3.15445169e+15	3.28171854e+15	2.92046980e-03
92599	879.71864521	926	6.82890855e-05	926.00000000	3.15464841e+15	3.28191568e+15	2.92063464e-03
92699	880.61876393	927	6.83628319e-05	927.00000000	3.15484459e+15	3.28211229e+15	2.92079904e-03
92799	881.54214387	928	6.84365782e-05	928.00000000	3.15504023e+15	3.28230837e+15	2.92096299e-03
92899	882.46426796	929	6.85103245e-05	929.00000000	3.15523534e+15	3.28250391e+15	2.92112649e-03
92999	883.37600177	930	6.85840708e-05	930.00000000	3.15542994e+15	3.28269893e+15	2.92128959e-03
93099	884.29726600	931	6.86578171e-05	931.00000000	3.15562402e+15	3.28289344e+15	2.92145222e-03
93199	885.22148568	932	6.87315634e-05	932.00000000	3.15581756e+15	3.28308741e+15	2.92161443e-03
93299	886.13136654	933	6.88053097e-05	933.00000000	3.15601057e+15	3.28328085e+15	2.92177619e-03
93399	887.07141817	934	6.88790560e-05	934.00000000	3.15620305e+15	3.28347375e+15	2.92193751e-03
93499	887.97491151	935	6.89528024e-05	935.00000000	3.15639500e+15	3.28366612e+15	2.92209839e-03
93599	888.88928530	936	6.90265487e-05	936.00000000	3.15658640e+15	3.28385796e+15	2.92225879e-03
93699	889.80009712	937	6.91002950e-05	937.00000000	3.15677729e+15	3.28404928e+15	2.92241877e-03
93799	890.70717145	938	6.91740413e-05	938.00000000	3.15696765e+15	3.28424007e+15	2.92257832e-03
93899	891.62661665	939	6.92477876e-05	939.00000000	3.15715750e+15	3.28443034e+15	2.92273744e-03
93999	892.53828472	940	6.93215339e-05	940.00000000	3.15734684e+15	3.28462009e+15	2.92289614e-03
94099	893.47647590	941	6.93952802e-05	941.00000000	3.15753566e+15	3.28480934e+15	2.92305440e-03
94199	894.41072015	942	6.94690265e-05	942.00000000	3.15772398e+15	3.28499807e+15	2.92321224e-03
94299	895.33079688	943	6.95427729e-05	943.00000000	3.15791179e+15	3.28518630e+15	2.92336965e-03
94399	896.29273190	944	6.96165192e-05	944.00000000	3.15809908e+15	3.28537401e+15	2.92352665e-03
94499	897.21545306	945	6.96902655e-05	945.00000000	3.15828586e+15	3.28556120e+15	2.92368322e-03
94599	898.13237370	946	6.97640118e-05	946.00000000	3.15847214e+15	3.28574789e+15	2.92383938e-03
94699	899.05194120	947	6.98377581e-05	947.00000000	3.15865790e+15	3.28593406e+15	2.92399510e-03
94799	899.97022640	948	6.99115044e-05	948.00000000	3.15884315e+15	3.28611972e+15	2.92415041e-03
94899	900.90976452	949	6.99852507e-05	949.00000000	3.15902788e+15	3.28630487e+15	2.92430528e-03
94999	901.82391601	950	7.00589971e-05	950.00000000	3.15921210e+15	3.28648950e+15	2.92445973e-03
95099	902.75429120	951	7.01327434e-05	951.00000000	3.15939581e+15	3.28667362e+15	2.92461375e-03
95199	903.67961351	952	7.02064897e-05	952.00000000	3.15957902e+15	3.28685723e+15	2.92476735e-03
95299	904.58766723	953	7.02802360e-05	953.00000000	3.15976171e+15	3.28704033e+15	2.92492052e-03
95399	905.49072476	954	7.03539823e-05	954.00000000	3.15994391e+15	3.28722294e+15	2.92507328e-03
95499	906.39645527	955	7.04277286e-05	955.00000000	3.16012562e+15	3.28740504e+15	2.92522561e-03
95599	907.30050274	956	7.05014749e-05	956.00000000	3.16030683e+15	3.28758666e+15	2.92537753e-03
95699	908.20578166	957	7.05752212e-05	957.00000000	3.16048754e+15	3.28776778e+15	2.92552904e-03
95799	909.14883055	958	7.06489676e-05	958.00000000	3.16066778e+15	3.28794841e+15	2.92568014e-03
95899	910.07213227	959	7.07227139e-05	959.00000000	3.16084752e+15	3.28812855e+15	2.92583084e-03
95999	910.98218454	960	7.07964602e-05	960.00000000	3.16102678e+15	3.28830822e+15	2.92598113e-03
96099	911.89649413	961	7.08702065e-05	961.00000000	3.16120557e+15	3.28848740e+15	2.92613101e-03
96199	912.82179243	962	7.09439528e-05	962.00000000	3.16138388e+15	3.28866610e+15	2.92628052e-03
96299	913.73921179	963	7.10176991e-05	963.00000000	3.16156172e+15	3.28884434e+15	2.92642965e-03
96399	914.65005884	964	7.10914454e-05	964.00000000	3.16173909e+15	3.28902211e+15	2.92657838e-03
96499	915.56012695	965	7.11651917e-05	965.00000000	3.16191599e+15	3.28919940e+15	2.92672674e-03
96599	916.47895328	966	7.12389381e-05	966.00000000	3.16209241e+15	3.28937623e+15	2.92687469e-03
96699	917.39301861	967	7.13126844e-05	967.00000000	3.16226837e+15	3.28955258e+15	2.92702225e-03
96799	918.29278380	968	7.13864307e-05	968.00000000	3.16244385e+15	3.28972846e+15	2.92716943e-03
96899	919.19138898	969	7.14601770e-05	969.00000000	3.16261887e+15	3.28990387e+15	2.92731621e-03
96999	920.08520788	970	7.15339233e-05	970.00000000	3.16279342e+15	3.29007881e+15	2.92746260e-03
97099	921.00495778	971	7.16076696e-05	971.00000000	3.16296750e+15	3.29025330e+15	2.92760860e-03
97199	921.93131673	972	7.16814159e-05	972.00000000	3.16314113e+15	3.29042732e+15	2.92775422e-03
97299	922.83083066	973	7.17551622e-05	973.00000000	3.16331431e+15	3.29060089e+15	2.92789945e-03
97399	923.75237333	974	7.18289086e-05	974.00000000	3.16348702e+15	3.29077400e+15	2.92804431e-03
97499	924.65912393	975	7.19026549e-05	975.00000000	3.16365928e+15	3.29094665e+15	2.92818880e-03
97599	925.57647346	976	7.19764012e-05	976.00000000	3.16383108e+15	3.29111884e+15	2.92833291e-03
97699	926.50035343	977	7.20501475e-05	977.00000000	3.16400242e+15	3.29129058e+15	2.92847664e-03
97799	927.39025437	978	7.21238938e-05	978.00000000	3.16417330e+15	3.29146185e+15	2.92862000e-03
97899	928.28722785	979	7.21976401e-05	979.00000000	3.16434372e+15	3.29163267e+15	2.92876298e-03
97999	929.18037173	980	7.22713864e-05	980.00000000	3.16451369e+15	3.29180302e+15	2.92890557e-03
98099	930.06797087	981	7.23451327e-05	981.00000000	3.16468320e+15	3.29197292e+15	2.92904779e-03
98199	930.95667572	982	7.24188791e-05	982.00000000	3.16485224e+15	3.29214234e+15	2.92918962e-03
98299	931.87318639	983	7.24926254e-05	983.00000000	3.16502081e+15	3.29231131e+15	2.92933107e-03
98399	932.79537449	984	7.25663717e-05	984.00000000	3.16518892e+15	3.29247981e+15	2.92947215e-03
98499	933.69621107	985	7.26401180e-05	985.00000000	3.16535658e+15	3.29264785e+15	2.92961283e-03
98599	934.59887096	986	7.27138643e-05	986.00000000	3.16552377e+15	3.29281543e+15	2.92975314e-03
98699	935.50253258	987	7.27876106e-05	987.00000000	3.16569051e+15	3.29298255e+15	2.92989306e-03
98799	936.41642627	988	7.28613569e-05	988.00000000	3.16585680e+15	3.29314922e+15	2.93003260e-03
98899	937.33459450	989	7.29351032e-05	989.00000000	3.16602264e+15	3.29331545e+15	2.93017176e-03
98999	938.25075208	990	7.30088496e-05	990.00000000	3.16618804e+15	3.29348123e+15	2.93031055e-03
99099	939.15421955	991	7.30825959e-05	991.00000000	3.16635299e+15	3.29364656e+15	2.93044897e-03
99199	940.05499767	992	7.31563422e-05	992.00000000	3.16651749e+15	3.29381143e+15	2.93058702e-03
99299	940.95944821	993	7.32300885e-05	993.00000000	3.16668153e+15	3.29397586e+15	2.93072469e-03
99399	941.86048530	994	7.33038348e-05	994.00000000	3.16684513e+15	3.29413983e+15	2.93086198e-03
99499	942.78862322	995	7.33775811e-05	995.00000000	3.16700828e+15	3.29430336e+15	2.93099890e-03
99599	943.70341952	996	7.34513274e-05	996.00000000	3.16717099e+15	3.29446645e+15	2.93113544e-03
99699	944.61620250	997	7.35250737e-05	997.00000000	3.16733325e+15	3.29462909e+15	2.93127161e-03
99799	945.51995227	998	7.35988201e-05	998.00000000	3.16749508e+15	3.29479129e+15	2.93140742e-03
99899	946.42921830	999	7.36725664e-05	999.00000000	3.16765646e+15	3.29495305e+15	2.93154285e-03
99999	947.33930304	1000	7.37463127e-05	1000.00000000	3.16781743e+15	3.29511437e+15	2.93167794e-03
100099	948.24258280	1001	7.38200590e-05	1001.00000000	3.16797795e+15	3.29527526e+15	2.93181267e-03
100199	949.16697163	1002	7.38938053e-05	1002.00000000	3.16813804e+15	3.29543572e+15	2.93194703e-03
100299	950.08626675	1003	7.39675516e-05	1003.00000000	3.16829770e+15	3.29559575e+15	2.93208101e-03
100399	951.00274902	1004	7.40412979e-05	1004.00000000	3.16845694e+15	3.29575535e+15	2.93221464e-03
100499	951.92552999	1005	7.41150442e-05	1005.00000000	3.16861575e+15	3.29591453e+15	2.93234791e-03
100599	952.84770879	1006	7.41887906e-05	1006.00000000	3.16877413e+15	3.29607328e+15	2.93248083e-03
100699	953.76069318	1007	7.42625369e-05	1007.00000000	3.16893209e+15	3.29623161e+15	2.93261341e-03
100799	954.69227047	1008	7.43362832e-05	1008.00000000	3.16908963e+15	3.29638952e+15	2.93274562e-03
100899	955.60398024	1009	7.44100295e-05	1009.00000000	3.16924676e+15	3.29654702e+15	2.93287742e-03
100999	956.50919601	1010	7.44837758e-05	1010.00000000	3.16940348e+15	3.29670410e+15	2.93300897e-03
101099	957.40539187	1011	7.45575221e-05	1011.00000000	3.16955979e+15	3.29686078e+15	2.93314014e-03
101199	958.30506738	1012	7.46312684e-05	1012.00000000	3.16971569e+15	3.29701705e+15	2.93327097e-03
101299	959.20197910	1013	7.47050147e-05	1013.00000000	3.16987119e+15	3.29717291e+15	2.93340146e-03
101399	960.09899072	1014	7.47787611e-05	1014.00000000	3.17002628e+15	3.29732836e+15	2.93353160e-03
101499	961.01419018	1015	7.48525074e-05	1015.00000000	3.17018096e+15	3.29748340e+15	2.93366141e-03
101599	961.93482001	1016	7.49262537e-05	1016.00000000	3.17033523e+15	3.29763803e+15	2.93379088e-03
101699	962.84876239	1017	7.50000000e-05	1017.00000000	3.17048908e+15	3.29779225e+15	2.93392001e-03
101799	963.75880088	1018	7.50737463e-05	1018.00000000	3.17064253e+15	3.29794605e+15	2.93404881e-03
101899	964.68911926	1019	7.51474926e-05	1019.00000000	3.17079557e+15	3.29809945e+15	2.93417726e-03
101999	965.59306735	1020	7.52212389e-05	1020.00000000	3.17094821e+15	3.29825244e+15	2.93430537e-03
102099	966.51057822	1021	7.52949853e-05	1021.00000000	3.17110042e+15	3.29840502e+15	2.93443316e-03
102199	967.45165962	1022	7.53687316e-05	1022.00000000	3.17125222e+15	3.29855718e+15	2.93456060e-03
102299	968.38924402	1023	7.54424779e-05	1023.00000000	3.17140361e+15	3.29870892e+15	2.93468770e-03
102399	969.32281701	1024	7.55162242e-05	1024.00000000	3.17155457e+15	3.29886023e+15	2.93481445e-03
102499	970.23625038	1025	7.55899705e-05	1025.00000000	3.17170510e+15	3.29901111e+15	2.93494083e-03
102599	971.14221173	1026	7.56637168e-05	1026.00000000	3.17185520e+15	3.29916157e+15	2.93506687e-03
102699	972.07521906	1027	7.57374631e-05	1027.00000000	3.17200488e+15	3.29931160e+15	2.93519257e-03
102799	973.01107878	1028	7.58112094e-05	1028.00000000	3.17215412e+15	3.29946119e+15	2.93531791e-03
102899	973.92063666	1029	7.58849558e-05	1029.00000000	3.17230293e+15	3.29961035e+15	2.93544291e-03
102999	974.80545580	1030	7.59587021e-05	1030.00000000	3.17245131e+15	3.29975907e+15	2.93556754e-03
103099	975.71684380	1031	7.60324484e-05	1031.00000000	3.17259924e+15	3.29990736e+15	2.93569181e-03
103199	976.61329762	1032	7.61061947e-05	1032.00000000	3.17274674e+15	3.30005520e+15	2.93581571e-03
103299	977.53730902	1033	7.61799410e-05	1033.00000000	3.17289380e+15	3.30020261e+15	2.93593925e-03
103399	978.46400547	1034	7.62536873e-05	1034.00000000	3.17304044e+15	3.30034959e+15	2.93606242e-03
103499	979.37529307	1035	7.63274336e-05	1035.00000000	3.17318662e+15	3.30049612e+15	2.93618522e-03
103599	980.27971991	1036	7.64011799e-05	1036.00000000	3.17333237e+15	3.30064222e+15	2.93630765e-03
103699	981.16739592	1037	7.64749263e-05	1037.00000000	3.17347770e+15	3.30078788e+15	2.93642972e-03
103799	982.06513244	1038	7.65486726e-05	1038.00000000	3.17362259e+15	3.30093311e+15	2.93655143e-03
103899	982.96657872	1039	7.66224189e-05	1039.00000000	3.17376705e+15	3.30107791e+15	2.93667278e-03
103999	983.88110201	1040	7.66961652e-05	1040.00000000	3.17391107e+15	3.30122228e+15	2.93679377e-03
104099	984.76120330	1041	7.67699115e-05	1041.00000000	3.17405466e+15	3.30136620e+15	2.93691439e-03
104199	985.65315347	1042	7.68436578e-05	1042.00000000	3.17419782e+15	3.30150970e+15	2.93703466e-03
104299	986.56847519	1043	7.69174041e-05	1043.00000000	3.17434056e+15	3.30165277e+15	2.93715462e-03
104399	987.45606721	1044	7.69911504e-05	1044.00000000	3.17448288e+15	3.30179542e+15	2.93727424e-03
104499	988.36424058	1045	7.70648968e-05	1045.00000000	3.17462477e+15	3.30193764e+15	2.93739350e-03
104599	989.26116170	1046	7.71386431e-05	1046.00000000	3.17476623e+15	3.30207944e+15	2.93751241e-03
104699	990.19695677	1047	7.72123894e-05	1047.00000000	3.17490727e+15	3.30222082e+15	2.93763098e-03
104799	991.10961974	1048	7.72861357e-05	1048.00000000	3.17504788e+15	3.30236176e+15	2.93774919e-03
104899	992.05537779	1049	7.73598820e-05	1049.00000000	3.17518807e+15	3.30250229e+15	2.93786705e-03
104999	992.97559080	1050	7.74336283e-05	1050.00000000	3.17532783e+15	3.30264239e+15	2.93798455e-03
105099	993.89620730	1051	7.75073746e-05	1051.00000000	3.17546717e+15	3.30278206e+15	2.93810170e-03
105199	994.83766374	1052	7.75811209e-05	1052.00000000	3.17560608e+15	3.30292131e+15	2.93821850e-03
105299	995.75838509	1053	7.76548673e-05	1053.00000000	3.17574457e+15	3.30306014e+15	2.93833495e-03
105399	996.66022921	1054	7.77286136e-05	1054.00000000	3.17588263e+15	3.30319854e+15	2.93845104e-03
105499	997.55786151	1055	7.78023599e-05	1055.00000000	3.17602026e+15	3.30333651e+15	2.93856678e-03
105599	998.45584162	1056	7.78761062e-05	1056.00000000	3.17615747e+15	3.30347405e+15	2.93868216e-03
105699	999.37122842	1057	7.79498525e-05	1057.00000000	3.17629425e+15	3.30361117e+15	2.93879719e-03
105799	1000.30395492	1058	7.80235988e-05	1058.00000000	3.17643061e+15	3.30374787e+15	2.93891186e-03
105899	1001.20903036	1059	7.80973451e-05	1059.00000000	3.17656655e+15	3.30388414e+15	2.93902618e-03
105999	1002.11380602	1060	7.81710914e-05	1060.00000000	3.17670206e+15	3.30401999e+15	2.93914014e-03
106099	1002.99546861	1061	7.82448378e-05	1061.00000000	3.17683716e+15	3.30415542e+15	2.93925375e-03
106199	1003.89552201	1062	7.83185841e-05	1062.00000000	3.17697183e+15	3.30429042e+15	2.93936701e-03
106299	1004.81985596	1063	7.83923304e-05	1063.00000000	3.17710608e+15	3.30442501e+15	2.93947992e-03
106399	1005.73590705	1064	7.84660767e-05	1064.00000000	3.17723991e+15	3.30455917e+15	2.93959247e-03
106499	1006.64225585	1065	7.85398230e-05	1065.00000000	3.17737332e+15	3.30469292e+15	2.93970468e-03
106599	1007.54740180	1066	7.86135693e-05	1066.00000000	3.17750632e+15	3.30482625e+15	2.93981653e-03
106699	1008.45267345	1067	7.86873156e-05	1067.00000000	3.17763890e+15	3.30495916e+15	2.93992804e-03
106799	1009.36777747	1068	7.87610619e-05	1068.00000000	3.17777107e+15	3.30509166e+15	2.94003920e-03
106899	1010.28234718	1069	7.88348083e-05	1069.00000000	3.17790283e+15	3.30522374e+15	2.94015003e-03
106999	1011.18756692	1070	7.89085546e-05	1070.00000000	3.17803418e+15	3.30535540e+15	2.94026051e-03
107099	1012.07756036	1071	7.89823009e-05	1071.00000000	3.17816510e+15	3.30548665e+15	2.94037064e-03
107199	1012.99100546	1072	7.90560472e-05	1072.00000000	3.17829561e+15	3.30561749e+15	2.94048042e-03
107299	1013.91796408	1073	7.91297935e-05	1073.00000000	3.17842571e+15	3.30574792e+15	2.94058985e-03
107399	1014.82873046	1074	7.92035398e-05	1074.00000000	3.17855540e+15	3.30587793e+15	2.94069893e-03
107499	1015.74356184	1075	7.92772861e-05	1075.00000000	3.17868467e+15	3.30600753e+15	2.94080767e-03
107599	1016.63693304	1076	7.93510324e-05	1076.00000000	3.17881354e+15	3.30613672e+15	2.94091607e-03
107699	1017.53010260	1077	7.94247788e-05	1077.00000000	3.17894200e+15	3.30626551e+15	2.94102412e-03
107799	1018.43079688	1078	7.94985251e-05	1078.00000000	3.17907006e+15	3.30639389e+15	2.94113172e-03
107899	1019.32392066	1079	7.95722714e-05	1079.00000000	3.17919769e+15	3.30652185e+15	2.94123907e-03
107999	1020.20299450	1080	7.96460177e-05	1080.00000000	3.17932493e+15	3.30664941e+15	2.94134609e-03
108099	1021.08690185	1081	7.97197640e-05	1081.00000000	3.17945179e+15	3.30677659e+15	2.94145277e-03
108199	1022.00281068	1082	7.97935103e-05	1082.00000000	3.17957825e+15	3.30690337e+15	2.94155913e-03
108299	1022.91326858	1083	7.98672566e-05	1083.00000000	3.17970432e+15	3.30702976e+15	2.94166516e-03
108399	1023.81018145	1084	7.99410029e-05	1084.00000000	3.17983001e+15	3.30715576e+15	2.94177086e-03
108499	1024.70968393	1085	8.00147493e-05	1085.00000000	3.17995531e+15	3.30728138e+15	2.94187624e-03
108599	1025.62971498	1086	8.00884956e-05	1086.00000000	3.18008023e+15	3.30740662e+15	2.94198130e-03
108699	1026.52566348	1087	8.01622419e-05	1087.00000000	3.18020477e+15	3.30753147e+15	2.94208603e-03
108799	1027.45679625	1088	8.02359882e-05	1088.00000000	3.18032893e+15	3.30765594e+15	2.94219045e-03
108899	1028.36030217	1089	8.03097345e-05	1089.00000000	3.18045271e+15	3.30778004e+15	2.94229455e-03
108999	1029.27298418	1090	8.03834808e-05	1090.00000000	3.18057611e+15	3.30790375e+15	2.94239834e-03
109099	1030.19766780	1091	8.04572271e-05	1091.00000000	3.18069913e+15	3.30802709e+15	2.94250182e-03
109199	1031.11255760	1092	8.05309735e-05	1092.00000000	3.18082177e+15	3.30815004e+15	2.94260498e-03
109299	1032.04212122	1093	8.06047198e-05	1093.00000000	3.18094403e+15	3.30827261e+15	2.94270782e-03
109399	1032.96739469	1094	8.06784661e-05	1094.00000000	3.18106591e+15	3.30839480e+15	2.94281035e-03
109499	1033.88597585	1095	8.07522124e-05	1095.00000000	3.18118742e+15	3.30851662e+15	2.94291256e-03
109599	1034.79961496	1096	8.08259587e-05	1096.00000000	3.18130855e+15	3.30863806e+15	2.94301445e-03
109699	1035.71741445	1097	8.08997050e-05	1097.00000000	3.18142930e+15	3.30875912e+15	2.94311602e-03
109799	1036.62221262	1098	8.09734513e-05	1098.00000000	3.18154968e+15	3.30887981e+15	2.94321728e-03
109899	1037.54980358	1099	8.10471976e-05	1099.00000000	3.18166968e+15	3.30900011e+15	2.94331823e-03
109999	1038.43360458	1100	8.11209440e-05	1100.00000000	3.18178931e+15	3.30912004e+15	2.94341887e-03
110099	1039.31488702	1101	8.11946903e-05	1101.00000000	3.18190894e+15	3.30923989e+15	2.94352026e-03
110199	1040.21113129	1102	8.12684366e-05	1102.00000000	3.18202822e+15	3.30935947e+15	2.94362109e-03
110299	1041.11728028	1103	8.13421829e-05	1103.00000000	3.18214716e+15	3.30947874e+15	2.94372158e-03
110399	1042.03700637	1104	8.14159292e-05	1104.00000000	3.18226575e+15	3.30959765e+15	2.94382176e-03
110499	1042.94887502	1105	8.14896755e-05	1105.00000000	3.18238398e+15	3.30971624e+15	2.94392163e-03
110599	1043.87878398	1106	8.15634218e-05	1106.00000000	3.18250187e+15	3.30983448e+15	2.94402118e-03
110699	1044.79385815	1107	8.16371681e-05	1107.00000000	3.18261940e+15	3.30995237e+15	2.94412042e-03
110799	1045.68577687	1108	8.17109145e-05	1108.00000000	3.18273658e+15	3.31006990e+15	2.94421935e-03
110899	1046.58427080	1109	8.17846608e-05	1109.00000000	3.18285341e+15	3.31018709e+15	2.94431796e-03
110999	1047.49999294	1110	8.18584071e-05	1110.00000000	3.18296989e+15	3.31030392e+15	2.94441626e-03
111099	1048.39882287	1111	8.19321534e-05	1111.00000000	3.18308600e+15	3.31042039e+15	2.94451424e-03
111199	1049.31428215	1112	8.20058997e-05	1112.00000000	3.18320176e+15	3.31053650e+15	2.94461190e-03
111299	1050.23464759	1113	8.20796460e-05	1113.00000000	3.18331716e+15	3.31065226e+15	2.94470925e-03
111399	1051.14518560	1114	8.21533923e-05	1114.00000000	3.18343220e+15	3.31076765e+15	2.94480628e-03
111499	1052.08407032	1115	8.22271386e-05	1115.00000000	3.18354688e+15	3.31088268e+15	2.94490299e-03
111599	1052.99646924	1116	8.23008850e-05	1116.00000000	3.18366119e+15	3.31099734e+15	2.94499938e-03
111699	1053.90582778	1117	8.23746313e-05	1117.00000000	3.18377515e+15	3.31111163e+15	2.94509545e-03
111799	1054.84835392	1118	8.24483776e-05	1118.00000000	3.18388873e+15	3.31122556e+15	2.94519121e-03
111899	1055.77310313	1119	8.25221239e-05	1119.00000000	3.18400195e+15	3.31133913e+15	2.94528664e-03
111999	1056.68191674	1120	8.25958702e-05	1120.00000000	3.18411480e+15	3.31145231e+15	2.94538175e-03
112099	1057.60635671	1121	8.26696165e-05	1121.00000000	3.18422728e+15	3.31156513e+15	2.94547655e-03
112199	1058.51742496	1122	8.27433628e-05	1122.00000000	3.18433938e+15	3.31167756e+15	2.94557102e-03
112299	1059.44256989	1123	8.28171091e-05	1123.00000000	3.18445110e+15	3.31178961e+15	2.94566516e-03
112399	1060.35626287	1124	8.28908555e-05	1124.00000000	3.18456245e+15	3.31190129e+15	2.94575898e-03
112499	1061.27054410	1125	8.29646018e-05	1125.00000000	3.18467342e+15	3.31201258e+15	2.94585248e-03
112599	1062.18086582	1126	8.30383481e-05	1126.00000000	3.18478401e+15	3.31212349e+15	2.94594565e-03
112699	1063.07561918	1127	8.31120944e-05	1127.00000000	3.18489422e+15	3.31223402e+15	2.94603850e-03
112799	1063.99131702	1128	8.31858407e-05	1128.00000000	3.18500403e+15	3.31234416e+15	2.94613097e-03
112899	1064.90360328	1129	8.32595870e-05	1129.00000000	3.18511345e+15	3.31245390e+15	2.94622308e-03
112999	1065.81954020	1130	8.33333333e-05	1130.00000000	3.18522247e+15	3.31256324e+15	2.94631483e-03
113099	1066.72791050	1131	8.34070796e-05	1131.00000000	3.18533111e+15	3.31267219e+15	2.94640624e-03
113199	1067.64388921	1132	8.34808260e-05	1132.00000000	3.18543935e+15	3.31278074e+15	2.94649732e-03
113299	1068.57011816	1133	8.35545723e-05	1133.00000000	3.18554721e+15	3.31288890e+15	2.94658805e-03
113399	1069.46740862	1134	8.36283186e-05	1134.00000000	3.18565468e+15	3.31299667e+15	2.94667846e-03
113499	1070.36847603	1135	8.37020649e-05	1135.00000000	3.18576178e+15	3.31310405e+15	2.94676854e-03
113599	1071.25826003	1136	8.37758112e-05	1136.00000000	3.18586850e+15	3.31321106e+15	2.94685829e-03
113699	1072.16672071	1137	8.38495575e-05	1137.00000000	3.18597484e+15	3.31331769e+15	2.94694772e-03
113799	1073.08324922	1138	8.39233038e-05	1138.00000000	3.18608081e+15	3.31342395e+15	2.94703683e-03
113899	1074.00122120	1139	8.39970501e-05	1139.00000000	3.18618641e+15	3.31352983e+15	2.94712562e-03
113999	1074.91450346	1140	8.40707965e-05	1140.00000000	3.18629165e+15	3.31363535e+15	2.94721410e-03
114099	1075.82425504	1141	8.41445428e-05	1141.00000000	3.18639653e+15	3.31374051e+15	2.94730227e-03
114199	1076.73104962	1142	8.42182891e-05	1142.00000000	3.18650105e+15	3.31384530e+15	2.94739013e-03
114299	1077.64530847	1143	8.42920354e-05	1143.00000000	3.18660521e+15	3.31394973e+15	2.94747768e-03
114399	1078.58905080	1144	8.43657817e-05	1144.00000000	3.18670902e+15	3.31405381e+15	2.94756494e-03
114499	1079.50210018	1145	8.44395280e-05	1145.00000000	3.18681248e+15	3.31415754e+15	2.94765189e-03
114599	1080.40367382	1146	8.45132743e-05	1146.00000000	3.18691559e+15	3.31426091e+15	2.94773855e-03
114699	1081.30765146	1147	8.45870206e-05	1147.00000000	3.18701835e+15	3.31436393e+15	2.94782491e-03
114799	1082.23028905	1148	8.46607670e-05	1148.00000000	3.18712075e+15	3.31446660e+15	2.94791098e-03
114899	1083.14983135	1149	8.47345133e-05	1149.00000000	3.18722282e+15	3.31456892e+15	2.94799675e-03
114999	1084.07607759	1150	8.48082596e-05	1150.00000000	3.18732453e+15	3.31467090e+15	2.94808223e-03
115099	1085.00880400	1151	8.48820059e-05	1151.00000000	3.18742590e+15	3.31477252e+15	2.94816741e-03
115199	1085.90226493	1152	8.49557522e-05	1152.00000000	3.18752692e+15	3.31487380e+15	2.94825231e-03
115299	1086.84950562	1153	8.50294985e-05	1153.00000000	3.18762761e+15	3.31497474e+15	2.94833691e-03
115399	1087.78717047	1154	8.51032448e-05	1154.00000000	3.18772794e+15	3.31507533e+15	2.94842122e-03
115499	1088.69714691	1155	8.51769912e-05	1155.00000000	3.18782794e+15	3.31517558e+15	2.94850525e-03
115599	1089.61968820	1156	8.52507375e-05	1156.00000000	3.18792760e+15	3.31527549e+15	2.94858898e-03
115699	1090.54067824	1157	8.53244838e-05	1157.00000000	3.18802693e+15	3.31537506e+15	2.94867243e-03
115799	1091.44265693	1158	8.53982301e-05	1158.00000000	3.18812591e+15	3.31547429e+15	2.94875560e-03
115899	1092.34708634	1159	8.54719764e-05	1159.00000000	3.18822457e+15	3.31557319e+15	2.94883848e-03
115999	1093.24608688	1160	8.55457227e-05	1160.00000000	3.18832289e+15	3.31567176e+15	2.94892109e-03
116099	1094.15180419	1161	8.56194690e-05	1161.00000000	3.18842088e+15	3.31576999e+15	2.94900341e-03
116199	1095.07906404	1162	8.56932153e-05	1162.00000000	3.18851855e+15	3.31586790e+15	2.94908546e-03
116299	1096.01964500	1163	8.57669617e-05	1163.00000000	3.18861588e+15	3.31596548e+15	2.94916724e-03
116399	1096.94680923	1164	8.58407080e-05	1164.00000000	3.18871290e+15	3.31606273e+15	2.94924873e-03
116499	1097.87065446	1165	8.59144543e-05	1165.00000000	3.18880959e+15	3.31615966e+15	2.94932996e-03
116599	1098.79095325	1166	8.59882006e-05	1166.00000000	3.18890596e+15	3.31625626e+15	2.94941091e-03
116699	1099.70525146	1167	8.60619469e-05	1167.00000000	3.18900201e+15	3.31635255e+15	2.94949159e-03
116799	1100.62712905	1168	8.61356932e-05	1168.00000000	3.18909775e+15	3.31644852e+15	2.94957201e-03
116899	1101.55024697	1169	8.62094395e-05	1169.00000000	3.18919318e+15	3.31654419e+15	2.94965217e-03
116999	1102.45456580	1170	8.62831858e-05	1170.00000000	3.18928830e+15	3.31663953e+15	2.94973207e-03
117099	1103.36184408	1171	8.63569322e-05	1171.00000000	3.18938310e+15	3.31673457e+15	2.94981170e-03
117199	1104.26664414	1172	8.64306785e-05	1172.00000000	3.18947760e+15	3.31682930e+15	2.94989107e-03
117299	1105.18848245	1173	8.65044248e-05	1173.00000000	3.18957179e+15	3.31692371e+15	2.94997019e-03
117399	1106.08557798	1174	8.65781711e-05	1174.00000000	3.18966566e+15	3.31701781e+15	2.95004904e-03
117499	1106.98360799	1175	8.66519174e-05	1175.00000000	3.18975923e+15	3.31711161e+15	2.95012764e-03
117599	1107.88722068	1176	8.67256637e-05	1176.00000000	3.18985250e+15	3.31720509e+15	2.95020597e-03
117699	1108.77866933	1177	8.67994100e-05	1177.00000000	3.18994545e+15	3.31729827e+15	2.95028405e-03
117799	1109.69417077	1178	8.68731563e-05	1178.00000000	3.19003811e+15	3.31739115e+15	2.95036186e-03
117899	1110.60811276	1179	8.69469027e-05	1179.00000000	3.19013045e+15	3.31748372e+15	2.95043943e-03
117999	1111.52446026	1180	8.70206490e-05	1180.00000000	3.19022249e+15	3.31757598e+15	2.95051673e-03
118099	1112.46944869	1181	8.70943953e-05	1181.00000000	3.19031422e+15	3.31766793e+15	2.95059379e-03
118199	1113.39239162	1182	8.71681416e-05	1182.00000000	3.19040565e+15	3.31775958e+15	2.95067059e-03
118299	1114.31338746	1183	8.72418879e-05	1183.00000000	3.19049678e+15	3.31785092e+15	2.95074714e-03
118399	1115.21547278	1184	8.73156342e-05	1184.00000000	3.19058761e+15	3.31794196e+15	2.95082343e-03
118499	1116.11362616	1185	8.73893805e-05	1185.00000000	3.19067814e+15	3.31803271e+15	2.95089947e-03
118599	1117.01624451	1186	8.74631268e-05	1186.00000000	3.19076837e+15	3.31812316e+15	2.95097526e-03
118699	1117.93000072	1187	8.75368732e-05	1187.00000000	3.19085831e+15	3.31821331e+15	2.95105081e-03
118799	1118.85723678	1188	8.76106195e-05	1188.00000000	3.19094796e+15	3.31830317e+15	2.95112610e-03
118899	1119.78068780	1189	8.76843658e-05	1189.00000000	3.19103731e+15	3.31839274e+15	2.95120115e-03
118999	1120.68813854	1190	8.77581121e-05	1190.00000000	3.19112638e+15	3.31848201e+15	2.95127596e-03
119099	1121.60794409	1191	8.78318584e-05	1191.00000000	3.19121515e+15	3.31857100e+15	2.95135053e-03
119199	1122.51211528	1192	8.79056047e-05	1192.00000000	3.19130364e+15	3.31865970e+15	2.95142485e-03
119299	1123.41153340	1193	8.79793510e-05	1193.00000000	3.19139185e+15	3.31874811e+15	2.95149893e-03
119399	1124.33092139	1194	8.80530973e-05	1194.00000000	3.19147977e+15	3.31883625e+15	2.95157278e-03
119499	1125.25969870	1195	8.81268437e-05	1195.00000000	3.19156742e+15	3.31892410e+15	2.95164638e-03
119599	1126.17807502	1196	8.82005900e-05	1196.00000000	3.19165478e+15	3.31901167e+15	2.95171975e-03
119699	1127.07923282	1197	8.82743363e-05	1197.00000000	3.19174187e+15	3.31909896e+15	2.95179289e-03
119799	1127.98231048	1198	8.83480826e-05	1198.00000000	3.19182868e+15	3.31918598e+15	2.95186579e-03
119899	1128.90473677	1199	8.84218289e-05	1199.00000000	3.19191521e+15	3.31927271e+15	2.95193846e-03
119999	1129.81933453	1200	8.84955752e-05	1200.00000000	3.19200147e+15	3.31935918e+15	2.95201090e-03
120099	1130.74334030	1201	8.85693215e-05	1201.00000000	3.19208746e+15	3.31944537e+15	2.95208312e-03
120199	1131.67468794	1202	8.86430678e-05	1202.00000000	3.19217318e+15	3.31953129e+15	2.95215511e-03
120299	1132.60485823	1203	8.87168142e-05	1203.00000000	3.19225864e+15	3.31961695e+15	2.95222687e-03
120399	1133.51689618	1204	8.87905605e-05	1204.00000000	3.19234382e+15	3.31970233e+15	2.95229841e-03
120499	1134.44754379	1205	8.88643068e-05	1205.00000000	3.19242874e+15	3.31978745e+15	2.95236973e-03
120599	1135.37788710	1206	8.89380531e-05	1206.00000000	3.19251339e+15	3.31987230e+15	2.95244082e-03
120699	1136.31982090	1207	8.90117994e-05	1207.00000000	3.19259777e+15	3.31995688e+15	2.95251169e-03
120799	1137.25501017	1208	8.90855457e-05	1208.00000000	3.19268188e+15	3.32004119e+15	2.95258233e-03
120899	1138.18992792	1209	8.91592920e-05	1209.00000000	3.19276573e+15	3.32012524e+15	2.95265276e-03
120999	1139.12014508	1210	8.92330383e-05	1210.00000000	3.19284932e+15	3.32020902e+15	2.95272295e-03
121099	1140.06153546	1211	8.93067847e-05	1211.00000000	3.19293264e+15	3.32029254e+15	2.95279293e-03
121199	1140.95561456	1212	8.93805310e-05	1212.00000000	3.19301571e+15	3.32037580e+15	2.95286269e-03
121299	1141.88166160	1213	8.94542773e-05	1213.00000000	3.19309851e+15	3.32045880e+15	2.95293223e-03
121399	1142.79744630	1214	8.95280236e-05	1214.00000000	3.19318106e+15	3.32054153e+15	2.95300155e-03
121499	1143.70471235	1215	8.96017699e-05	1215.00000000	3.19326334e+15	3.32062401e+15	2.95307066e-03
121599	1144.63107391	1216	8.96755162e-05	1216.00000000	3.19334537e+15	3.32070623e+15	2.95313956e-03
121699	1145.53171625	1217	8.97492625e-05	1217.00000000	3.19342714e+15	3.32078819e+15	2.95320823e-03
121799	1146.44325917	1218	8.98230088e-05	1218.00000000	3.19350865e+15	3.32086989e+15	2.95327669e-03
121899	1147.33028340	1219	8.98967552e-05	1219.00000000	3.19358991e+15	3.32095134e+15	2.95334494e-03
121999	1148.23413811	1220	8.99705015e-05	1220.00000000	3.19367091e+15	3.32103253e+15	2.95341298e-03
122099	1149.13303781	1221	9.00442478e-05	1221.00000000	3.19375166e+15	3.32111347e+15	2.95348080e-03
122199	1150.04965705	1222	9.01179941e-05	1222.00000000	3.19383214e+15	3.32119414e+15	2.95354841e-03
122299	1150.95274897	1223	9.01917404e-05	1223.00000000	3.19391237e+15	3.32127456e+15	2.95361580e-03
122399	1151.85995322	1224	9.02654867e-05	1224.00000000	3.19399235e+15	3.32135472e+15	2.95368298e-03
122499	1152.77769794	1225	9.03392330e-05	1225.00000000	3.19407207e+15	3.32143463e+15	2.95374994e-03
122599	1153.69210578	1226	9.04129794e-05	1226.00000000	3.19415154e+15	3.32151428e+15	2.95381669e-03
122699	1154.63580028	1227	9.04867257e-05	1227.00000000	3.19423075e+15	3.32159368e+15	2.95388322e-03
122799	1155.59078719	1228	9.05604720e-05	1228.00000000	3.19430971e+15	3.32167282e+15	2.95394955e-03
122899	1156.51904416	1229	9.06342183e-05	1229.00000000	3.19438842e+15	3.32175172e+15	2.95401566e-03
122999	1157.45029870	1230	9.07079646e-05	1230.00000000	3.19446688e+15	3.32183036e+15	2.95408157e-03
123099	1158.37866095	1231	9.07817109e-05	1231.00000000	3.19454509e+15	3.32190875e+15	2.95414726e-03
123199	1159.30635049	1232	9.08554572e-05	1232.00000000	3.19462305e+15	3.32198689e+15	2.95421275e-03
123299	1160.23003362	1233	9.09292035e-05	1233.00000000	3.19470076e+15	3.32206479e+15	2.95427806e-03
123399	1161.13515216	1234	9.10029499e-05	1234.00000000	3.19477823e+15	3.32214243e+15	2.95434314e-03
123499	1162.03696494	1235	9.10766962e-05	1235.00000000	3.19485545e+15	3.32221984e+15	2.95440801e-03
123599	1162.93823245	1236	9.11504425e-05	1236.00000000	3.19493243e+15	3.32229700e+15	2.95447267e-03
123699	1163.83878160	1237	9.12241888e-05	1237.00000000	3.19500917e+15	3.32237391e+15	2.95453713e-03
123799	1164.73761119	1238	9.12979351e-05	1238.00000000	3.19508567e+15	3.32245059e+15	2.95460139e-03
123899	1165.64557749	1239	9.13716814e-05	1239.00000000	3.19516192e+15	3.32252702e+15	2.95466544e-03
123999	1166.55360684	1240	9.14454277e-05	1240.00000000	3.19523794e+15	3.32260321e+15	2.95472930e-03
124099	1167.44582979	1241	9.15191740e-05	1241.00000000	3.19531372e+15	3.32267917e+15	2.95479295e-03
124199	1168.33486951	1242	9.15929204e-05	1242.00000000	3.19538926e+15	3.32275489e+15	2.95485640e-03
124299	1169.22709044	1243	9.16666667e-05	1243.00000000	3.19546457e+15	3.32283037e+15	2.95491966e-03
124399	1170.11671374	1244	9.17404130e-05	1244.00000000	3.19553964e+15	3.32290561e+15	2.95498272e-03
124499	1171.04915666	1245	9.18141593e-05	1245.00000000	3.19561447e+15	3.32298062e+15	2.95504558e-03
124599	1171.97779263	1246	9.18879056e-05	1246.00000000	3.19568908e+15	3.32305540e+15	2.95510824e-03
124699	1172.93901889	1247	9.19616519e-05	1247.00000000	3.19576345e+15	3.32312994e+15	2.95517071e-03
124799	1173.84065768	1248	9.20353982e-05	1248.00000000	3.19583759e+15	3.32320425e+15	2.95523299e-03
124899	1174.75254074	1249	9.21091445e-05	1249.00000000	3.19591149e+15	3.32327833e+15	2.95529507e-03
124999	1175.67102327	1250	9.21828909e-05	1250.00000000	3.19598517e+15	3.32335218e+15	2.95535696e-03
125099	1176.59117703	1251	9.22566372e-05	1251.00000000	3.19605862e+15	3.32342580e+15	2.95541866e-03
125199	1177.50517715	1252	9.23303835e-05	1252.00000000	3.19613184e+15	3.32349918e+15	2.95548017e-03
125299	1178.40583773	1253	9.24041298e-05	1253.00000000	3.19620482e+15	3.32357234e+15	2.95554148e-03
125399	1179.32011909	1254	9.24778761e-05	1254.00000000	3.19627759e+15	3.32364527e+15	2.95560261e-03
125499	1180.25292761	1255	9.25516224e-05	1255.00000000	3.19635012e+15	3.32371797e+15	2.95566354e-03
125599	1181.17139410	1256	9.26253687e-05	1256.00000000	3.19642243e+15	3.32379045e+15	2.95572429e-03
125699	1182.08788798	1257	9.26991150e-05	1257.00000000	3.19649451e+15	3.32386270e+15	2.95578485e-03
125799	1183.00316308	1258	9.27728614e-05	1258.00000000	3.19656637e+15	3.32393473e+15	2.95584522e-03
125899	1183.91987668	1259	9.28466077e-05	1259.00000000	3.19663803e+15	3.32400653e+15	2.95590544e-03
125999	1184.82709738	1260	9.29203540e-05	1260.00000000	3.19670946e+15	3.32407812e+15	2.95596546e-03
126099	1185.71723204	1261	9.29941003e-05	1261.00000000	3.19678067e+15	3.32414950e+15	2.95602529e-03
126199	1186.62950733	1262	9.30678466e-05	1262.00000000	3.19685166e+15	3.32422065e+15	2.95608494e-03
126299	1187.54699570	1263	9.31415929e-05	1263.00000000	3.19692244e+15	3.32429159e+15	2.95614440e-03
126399	1188.45575515	1264	9.32153392e-05	1264.00000000	3.19699300e+15	3.32436231e+15	2.95620368e-03
126499	1189.36906489	1265	9.32890855e-05	1265.00000000	3.19706334e+15	3.32443282e+15	2.95626277e-03
126599	1190.28271834	1266	9.33628319e-05	1266.00000000	3.19713347e+15	3.32450311e+15	2.95632169e-03
126699	1191.18804996	1267	9.34365782e-05	1267.00000000	3.19720339e+15	3.32457319e+15	2.95638043e-03
126799	1192.09203041	1268	9.35103245e-05	1268.00000000	3.19727309e+15	3.32464306e+15	2.95643898e-03
126899	1192.99774731	1269	9.35840708e-05	1269.00000000	3.19734259e+15	3.32471272e+15	2.95649736e-03
126999	1193.92036015	1270	9.36578171e-05	1270.00000000	3.19741188e+15	3.32478217e+15	2.95655557e-03
127099	1194.83547478	1271	9.37315634e-05	1271.00000000	3.19748096e+15	3.32485141e+15	2.95661360e-03
127199	1195.73705625	1272	9.38053097e-05	1272.00000000	3.19754983e+15	3.32492044e+15	2.95667145e-03
127299	1196.66915523	1273	9.38790560e-05	1273.00000000	3.19761850e+15	3.32498927e+15	2.95672913e-03
127399	1197.56969305	1274	9.39528024e-05	1274.00000000	3.19768697e+15	3.32505789e+15	2.95678664e-03
127499	1198.47102275	1275	9.40265487e-05	1275.00000000	3.19775523e+15	3.32512631e+15	2.95684398e-03
127599	1199.39169929	1276	9.41002950e-05	1276.00000000	3.19782328e+15	3.32519452e+15	2.95690115e-03
127699	1200.30399105	1277	9.41740413e-05	1277.00000000	3.19789113e+15	3.32526253e+15	2.95695815e-03
127799	1201.22690154	1278	9.42477876e-05	1278.00000000	3.19795877e+15	3.32533033e+15	2.95701498e-03
127899	1202.15905330	1279	9.43215339e-05	1279.00000000	3.19802621e+15	3.32539792e+15	2.95707164e-03
127999	1203.09689669	1280	9.43952802e-05	1280.00000000	3.19809345e+15	3.32546531e+15	2.95712813e-03
128099	1204.02091580	1281	9.44690265e-05	1281.00000000	3.19816048e+15	3.32553250e+15	2.95718445e-03
128199	1204.94958913	1282	9.45427729e-05	1282.00000000	3.19822730e+15	3.32559948e+15	2.95724059e-03
128299	1205.87610415	1283	9.46165192e-05	1283.00000000	3.19829392e+15	3.32566625e+15	2.95729657e-03
128399	1206.80374933	1284	9.46902655e-05	1284.00000000	3.19836035e+15	3.32573283e+15	2.95735237e-03
128499	1207.72252793	1285	9.47640118e-05	1285.00000000	3.19842656e+15	3.32579920e+15	2.95740801e-03
128599	1208.65830304	1286	9.48377581e-05	1286.00000000	3.19849258e+15	3.32586537e+15	2.95746347e-03
128699	1209.56961365	1287	9.49115044e-05	1287.00000000	3.19855840e+15	3.32593134e+15	2.95751877e-03
128799	1210.50353594	1288	9.49852507e-05	1288.00000000	3.19862402e+15	3.32599711e+15	2.95757390e-03
128899	1211.42507688	1289	9.50589971e-05	1289.00000000	3.19868945e+15	3.32606269e+15	2.95762887e-03
128999	1212.33344913	1290	9.51327434e-05	1290.00000000	3.19875468e+15	3.32612806e+15	2.95768367e-03
129099	1213.24857374	1291	9.52064897e-05	1291.00000000	3.19881971e+15	3.32619324e+15	2.95773830e-03
129199	1214.15209375	1292	9.52802360e-05	1292.00000000	3.19888454e+15	3.32625823e+15	2.95779277e-03
129299	1215.07105833	1293	9.53539823e-05	1293.00000000	3.19894918e+15	3.32632302e+15	2.95784708e-03
129399	1215.98977041	1294	9.54277286e-05	1294.00000000	3.19901363e+15	3.32638762e+15	2.95790122e-03
129499	1216.90296023	1295	9.55014749e-05	1295.00000000	3.19907789e+15	3.32645202e+15	2.95795520e-03
129599	1217.82156385	1296	9.55752212e-05	1296.00000000	3.19914195e+15	3.32651623e+15	2.95800902e-03
129699	1218.76416758	1297	9.56489676e-05	1297.00000000	3.19920582e+15	3.32658024e+15	2.95806268e-03
129799	1219.69121039	1298	9.57227139e-05	1298.00000000	3.19926950e+15	3.32664407e+15	2.95811618e-03
129899	1220.61406509	1299	9.57964602e-05	1299.00000000	3.19933299e+15	3.32670771e+15	2.95816952e-03
129999	1221.51958135	1300	9.58702065e-05	1300.00000000	3.19939629e+15	3.32677115e+15	2.95822270e-03
130099	1222.42293142	1301	9.59439528e-05	1301.00000000	3.19945941e+15	3.32683441e+15	2.95827572e-03
130199	1223.33646597	1302	9.60176991e-05	1302.00000000	3.19952233e+15	3.32689748e+15	2.95832859e-03
130299	1224.24235075	1303	9.60914454e-05	1303.00000000	3.19958507e+15	3.32696037e+15	2.95838129e-03
130399	1225.14206435	1304	9.61651917e-05	1304.00000000	3.19964763e+15	3.32702307e+15	2.95843384e-03
130499	1226.05312143	1305	9.62389381e-05	1305.00000000	3.19971000e+15	3.32708558e+15	2.95848624e-03
130599	1226.96269276	1306	9.63126844e-05	1306.00000000	3.19977219e+15	3.32714791e+15	2.95853848e-03
130699	1227.86784992	1307	9.63864307e-05	1307.00000000	3.19983419e+15	3.32721005e+15	2.95859057e-03
130799	1228.76393073	1308	9.64601770e-05	1308.00000000	3.19989600e+15	3.32727201e+15	2.95864250e-03
130899	1229.66854502	1309	9.65339233e-05	1309.00000000	3.19995763e+15	3.32733378e+15	2.95869428e-03
130999	1230.58709118	1310	9.66076696e-05	1310.00000000	3.20001908e+15	3.32739537e+15	2.95874590e-03
131099	1231.49930484	1311	9.66814159e-05	1311.00000000	3.20008034e+15	3.32745677e+15	2.95879737e-03
131199	1232.42779322	1312	9.67551622e-05	1312.00000000	3.20014143e+15	3.32751800e+15	2.95884868e-03
131299	1233.33814668	1313	9.68289086e-05	1313.00000000	3.20020233e+15	3.32757904e+15	2.95889984e-03
131399	1234.26427313	1314	9.69026549e-05	1314.00000000	3.20026306e+15	3.32763990e+15	2.95895086e-03
131499	1235.18108504	1315	9.69764012e-05	1315.00000000	3.20032360e+15	3.32770059e+15	2.95900172e-03
131599	1236.09202213	1316	9.70501475e-05	1316.00000000	3.20038397e+15	3.32776109e+15	2.95905243e-03
131699	1237.02127503	1317	9.71238938e-05	1317.00000000	3.20044417e+15	3.32782143e+15	2.95910300e-03
131799	1237.91004968	1318	9.71976401e-05	1318.00000000	3.20050419e+15	3.32788158e+15	2.95915341e-03
131899	1238.82423538	1319	9.72713864e-05	1319.00000000	3.20056403e+15	3.32794156e+15	2.95920369e-03
131999	1239.72774886	1320	9.73451327e-05	1320.00000000	3.20062370e+15	3.32800137e+15	2.95925381e-03
132099	1240.67030159	1321	9.74188791e-05	1321.00000000	3.20068320e+15	3.32806100e+15	2.95930379e-03
132199	1241.59336163	1322	9.74926254e-05	1322.00000000	3.20074252e+15	3.32812046e+15	2.95935362e-03
132299	1242.54347102	1323	9.75663717e-05	1323.00000000	3.20080167e+15	3.32817975e+15	2.95940331e-03
132399	1243.46295775	1324	9.76401180e-05	1324.00000000	3.20086066e+15	3.32823886e+15	2.95945286e-03
132499	1244.38606676	1325	9.77138643e-05	1325.00000000	3.20091947e+15	3.32829781e+15	2.95950226e-03
132599	1245.30725248	1326	9.77876106e-05	1326.00000000	3.20097811e+15	3.32835658e+15	2.95955152e-03
132699	1246.24597533	1327	9.78613569e-05	1327.00000000	3.20103658e+15	3.32841519e+15	2.95960063e-03
132799	1247.15293156	1328	9.79351032e-05	1328.00000000	3.20109489e+15	3.32847363e+15	2.95964961e-03
132899	1248.07244693	1329	9.80088496e-05	1329.00000000	3.20115303e+15	3.32853190e+15	2.95969845e-03
132999	1248.97811207	1330	9.80825959e-05	1330.00000000	3.20121100e+15	3.32859000e+15	2.95974715e-03
133099	1249.89593142	1331	9.81563422e-05	1331.00000000	3.20126881e+15	3.32864794e+15	2.95979570e-03
133199	1250.80716734	1332	9.82300885e-05	1332.00000000	3.20132645e+15	3.32870571e+15	2.95984412e-03
133299	1251.71657482	1333	9.83038348e-05	1333.00000000	3.20138392e+15	3.32876331e+15	2.95989240e-03
133399	1252.63380924	1334	9.83775811e-05	1334.00000000	3.20144123e+15	3.32882075e+15	2.95994054e-03
133499	1253.53074057	1335	9.84513274e-05	1335.00000000	3.20149838e+15	3.32887803e+15	2.95998854e-03
133599	1254.45259292	1336	9.85250737e-05	1336.00000000	3.20155536e+15	3.32893514e+15	2.96003640e-03
133699	1255.33788130	1337	9.85988201e-05	1337.00000000	3.20161219e+15	3.32899210e+15	2.96008413e-03
133799	1256.23409763	1338	9.86725664e-05	1338.00000000	3.20166885e+15	3.32904888e+15	2.96013172e-03
133899	1257.13790121	1339	9.87463127e-05	1339.00000000	3.20172535e+15	3.32910551e+15	2.96017918e-03
133999	1258.05380917	1340	9.88200590e-05	1340.00000000	3.20178169e+15	3.32916198e+15	2.96022651e-03
134099	1258.96002150	1341	9.88938053e-05	1341.00000000	3.20183787e+15	3.32921829e+15	2.96027370e-03
134199	1259.86712377	1342	9.89675516e-05	1342.00000000	3.20189389e+15	3.32927443e+15	2.96032075e-03
134299	1260.78017744	1343	9.90412979e-05	1343.00000000	3.20194975e+15	3.32933042e+15	2.96036767e-03
134399	1261.68631667	1344	9.91150442e-05	1344.00000000	3.20200545e+15	3.32938624e+15	2.96041446e-03
134499	1262.61656571	1345	9.91887906e-05	1345.00000000	3.20206099e+15	3.32944191e+15	2.96046111e-03
134599	1263.55669610	1346	9.92625369e-05	1346.00000000	3.20211638e+15	3.32949742e+15	2.96050764e-03
134699	1264.47974005	1347	9.93362832e-05	1347.00000000	3.20217160e+15	3.32955277e+15	2.96055403e-03
134799	1265.40495480	1348	9.94100295e-05	1348.00000000	3.20222668e+15	3.32960797e+15	2.96060029e-03
134899	1266.35603758	1349	9.94837758e-05	1349.00000000	3.20228159e+15	3.32966301e+15	2.96064642e-03
134999	1267.27589405	1350	9.95575221e-05	1350.00000000	3.20233636e+15	3.32971790e+15	2.96069241e-03
135099	1268.19235773	1351	9.96312684e-05	1351.00000000	3.20239096e+15	3.32977263e+15	2.96073829e-03
135199	1269.09474831	1352	9.97050147e-05	1352.00000000	3.20244541e+15	3.32982720e+15	2.96078403e-03
135299	1270.00774486	1353	9.97787611e-05	1353.00000000	3.20249971e+15	3.32988162e+15	2.96082964e-03
135399	1270.91139144	1354	9.98525074e-05	1354.00000000	3.20255387e+15	3.32993589e+15	2.96087514e-03
135499	1271.82136543	1355	9.99262537e-05	1355.00000000	3.20260787e+15	3.32999000e+15	2.96092051e-03
135599	1272.72180720	1356	1.00000000e-04	1356.00000000	3.20266172e+15	3.33004396e+15	2.96096575e-03
135699	1273.61505691	1357	1.00073746e-04	1357.00000000	3.20271541e+15	3.33009777e+15	2.96101086e-03
135799	1274.52969520	1358	1.00147493e-04	1358.00000000	3.20276895e+15	3.33015143e+15	2.96105583e-03
135899	1275.45650561	1359	1.00221239e-04	1359.00000000	3.20282234e+15	3.33020494e+15	2.96110068e-03
135999	1276.38046957	1360	1.00294985e-04	1360.00000000	3.20287557e+15	3.33025830e+15	2.96114540e-03
136099	1277.29418098	1361	1.00368732e-04	1361.00000000	3.20292866e+15	3.33031150e+15	2.96119000e-03
136199	1278.20403738	1362	1.00442478e-04	1362.00000000	3.20298160e+15	3.33036456e+15	2.96123447e-03
136299	1279.09862472	1363	1.00516224e-04	1363.00000000	3.20303438e+15	3.33041747e+15	2.96127881e-03
136399	1279.99583850	1364	1.00589971e-04	1364.00000000	3.20308702e+15	3.33047022e+15	2.96132303e-03
136499	1280.90623423	1365	1.00663717e-04	1365.00000000	3.20313951e+15	3.33052283e+15	2.96136713e-03
136599	1281.81367460	1366	1.00737463e-04	1366.00000000	3.20319186e+15	3.33057529e+15	2.96141110e-03
136699	1282.70654495	1367	1.00811209e-04	1367.00000000	3.20324405e+15	3.33062760e+15	2.96145494e-03
136799	1283.62479438	1368	1.00884956e-04	1368.00000000	3.20329610e+15	3.33067977e+15	2.96149867e-03
136899	1284.52304779	1369	1.00958702e-04	1369.00000000	3.20334800e+15	3.33073179e+15	2.96154227e-03
136999	1285.41642505	1370	1.01032448e-04	1370.00000000	3.20339976e+15	3.33078366e+15	2.96158575e-03
137099	1286.31786326	1371	1.01106195e-04	1371.00000000	3.20345137e+15	3.33083539e+15	2.96162910e-03
137199	1287.21744579	1372	1.01179941e-04	1372.00000000	3.20350284e+15	3.33088697e+15	2.96167234e-03
137299	1288.12319331	1373	1.01253687e-04	1373.00000000	3.20355416e+15	3.33093841e+15	2.96171545e-03
137399	1289.02443463	1374	1.01327434e-04	1374.00000000	3.20360534e+15	3.33098971e+15	2.96175845e-03
137499	1289.92497432	1375	1.01401180e-04	1375.00000000	3.20365638e+15	3.33104085e+15	2.96180132e-03
137599	1290.81790025	1376	1.01474926e-04	1376.00000000	3.20370726e+15	3.33109186e+15	2.96184407e-03
137699	1291.74584279	1377	1.01548673e-04	1377.00000000	3.20375801e+15	3.33114271e+15	2.96188670e-03
137799	1292.65007613	1378	1.01622419e-04	1378.00000000	3.20380861e+15	3.33119342e+15	2.96192921e-03
137899	1293.55697891	1379	1.01696165e-04	1379.00000000	3.20385906e+15	3.33124399e+15	2.96197160e-03
137999	1294.45638706	1380	1.01769912e-04	1380.00000000	3.20390937e+15	3.33129441e+15	2.96201387e-03
138099	1295.35881928	1381	1.01843658e-04	1381.00000000	3.20395953e+15	3.33134469e+15	2.96205601e-03
138199	1296.26603772	1382	1.01917404e-04	1382.00000000	3.20400955e+15	3.33139482e+15	2.96209804e-03
138299	1297.16704047	1383	1.01991150e-04	1383.00000000	3.20405942e+15	3.33144480e+15	2.96213994e-03
138399	1298.07724000	1384	1.02064897e-04	1384.00000000	3.20410916e+15	3.33149465e+15	2.96218172e-03
138499	1298.98573430	1385	1.02138643e-04	1385.00000000	3.20415874e+15	3.33154435e+15	2.96222338e-03
138599	1299.89569310	1386	1.02212389e-04	1386.00000000	3.20420819e+15	3.33159390e+15	2.96226493e-03
138699	1300.83330345	1387	1.02286136e-04	1387.00000000	3.20425749e+15	3.33164331e+15	2.96230635e-03
138799	1301.76644943	1388	1.02359882e-04	1388.00000000	3.20430665e+15	3.33169259e+15	2.96234766e-03
138899	1302.70425434	1389	1.02433628e-04	1389.00000000	3.20435567e+15	3.33174171e+15	2.96238884e-03
138999	1303.61908254	1390	1.02507375e-04	1390.00000000	3.20440455e+15	3.33179070e+15	2.96242991e-03
139099	1304.53509303	1391	1.02581121e-04	1391.00000000	3.20445329e+15	3.33183955e+15	2.96247086e-03
139199	1305.43280769	1392	1.02654867e-04	1392.00000000	3.20450189e+15	3.33188825e+15	2.96251169e-03
139299	1306.34015870	1393	1.02728614e-04	1393.00000000	3.20455034e+15	3.33193682e+15	2.96255240e-03
139399	1307.24678317	1394	1.02802360e-04	1394.00000000	3.20459866e+15	3.33198525e+15	2.96259299e-03
139499	1308.16589083	1395	1.02876106e-04	1395.00000000	3.20464684e+15	3.33203353e+15	2.96263347e-03
139599	1309.05278440	1396	1.02949853e-04	1396.00000000	3.20469489e+15	3.33208168e+15	2.96267384e-03
139699	1309.96007919	1397	1.03023599e-04	1397.00000000	3.20474279e+15	3.33212969e+15	2.96271408e-03
139799	1310.88197903	1398	1.03097345e-04	1398.00000000	3.20479056e+15	3.33217757e+15	2.96275421e-03
139899	1311.80925095	1399	1.03171091e-04	1399.00000000	3.20483819e+15	3.33222530e+15	2.96279423e-03
139999	1312.71698592	1400	1.03244838e-04	1400.00000000	3.20488568e+15	3.33227290e+15	2.96283413e-03
140099	1313.63854968	1401	1.03318584e-04	1401.00000000	3.20493304e+15	3.33232037e+15	2.96287392e-03
140199	1314.55331497	1402	1.03392330e-04	1402.00000000	3.20498027e+15	3.33236770e+15	2.96291359e-03
140299	1315.46942538	1403	1.03466077e-04	1403.00000000	3.20502736e+15	3.33241489e+15	2.96295316e-03
140399	1316.39361827	1404	1.03539823e-04	1404.00000000	3.20507431e+15	3.33246195e+15	2.96299261e-03
140499	1317.32544207	1405	1.03613569e-04	1405.00000000	3.20512114e+15	3.33250888e+15	2.96303194e-03
140599	1318.25924558	1406	1.03687316e-04	1406.00000000	3.20516782e+15	3.33255567e+15	2.96307117e-03
140699	1319.17859465	1407	1.03761062e-04	1407.00000000	3.20521438e+15	3.33260233e+15	2.96311028e-03
140799	1320.08541557	1408	1.03834808e-04	1408.00000000	3.20526080e+15	3.33264886e+15	2.96314928e-03
140899	1320.98923448	1409	1.03908555e-04	1409.00000000	3.20530709e+15	3.33269525e+15	2.96318817e-03
140999	1321.90050329	1410	1.03982301e-04	1410.00000000	3.20535325e+15	3.33274151e+15	2.96322696e-03
141099	1322.83426011	1411	1.04056047e-04	1411.00000000	3.20539928e+15	3.33278764e+15	2.96326563e-03
141199	1323.75911213	1412	1.04129794e-04	1412.00000000	3.20544518e+15	3.33283364e+15	2.96330418e-03
141299	1324.67863777	1413	1.04203540e-04	1413.00000000	3.20549094e+15	3.33287950e+15	2.96334263e-03
141399	1325.61200867	1414	1.04277286e-04	1414.00000000	3.20553657e+15	3.33292523e+15	2.96338097e-03
141499	1326.52028127	1415	1.04351032e-04	1415.00000000	3.20558206e+15	3.33297083e+15	2.96341919e-03
141599	1327.44738754	1416	1.04424779e-04	1416.00000000	3.20562743e+15	3.33301630e+15	2.96345730e-03
141699	1328.36231985	1417	1.04498525e-04	1417.00000000	3.20567267e+15	3.33306164e+15	2.96349531e-03
141799	1329.29414793	1418	1.04572271e-04	1418.00000000	3.20571777e+15	3.33310684e+15	2.96353320e-03
141899	1330.20942668	1419	1.04646018e-04	1419.00000000	3.20576275e+15	3.33315192e+15	2.96357099e-03
141999	1331.14771070	1420	1.04719764e-04	1420.00000000	3.20580760e+15	3.33319687e+15	2.96360867e-03
142099	1332.06627563	1421	1.04793510e-04	1421.00000000	3.20585232e+15	3.33324169e+15	2.96364624e-03
142199	1332.97730985	1422	1.04867257e-04	1422.00000000	3.20589691e+15	3.33328638e+15	2.96368370e-03
142299	1333.89910307	1423	1.04941003e-04	1423.00000000	3.20594138e+15	3.33333094e+15	2.96372105e-03
142399	1334.80556627	1424	1.05014749e-04	1424.00000000	3.20598572e+15	3.33337538e+15	2.96375830e-03
142499	1335.71194981	1425	1.05088496e-04	1425.00000000	3.20602993e+15	3.33341969e+15	2.96379544e-03
142599	1336.63144077	1426	1.05162242e-04	1426.00000000	3.20607401e+15	3.33346387e+15	2.96383248e-03
142699	1337.57914968	1427	1.05235988e-04	1427.00000000	3.20611797e+15	3.33350793e+15	2.96386941e-03
142799	1338.50487427	1428	1.05309735e-04	1428.00000000	3.20616180e+15	3.33355186e+15	2.96390623e-03
142899	1339.44108243	1429	1.05383481e-04	1429.00000000	3.20620551e+15	3.33359566e+15	2.96394295e-03
142999	1340.36214184	1430	1.05457227e-04	1430.00000000	3.20624909e+15	3.33363934e+15	2.96397956e-03
143099	1341.28962451	1431	1.05530973e-04	1431.00000000	3.20629255e+15	3.33368289e+15	2.96401607e-03
143199	1342.18828747	1432	1.05604720e-04	1432.00000000	3.20633588e+15	3.33372632e+15	2.96405248e-03
143299	1343.09892796	1433	1.05678466e-04	1433.00000000	3.20637909e+15	3.33376963e+15	2.96408878e-03
143399	1344.02141446	1434	1.05752212e-04	1434.00000000	3.20642218e+15	3.33381281e+15	2.96412498e-03
143499	1344.94453813	1435	1.05825959e-04	1435.00000000	3.20646514e+15	3.33385586e+15	2.96416107e-03
143599	1345.86889361	1436	1.05899705e-04	1436.00000000	3.20650797e+15	3.33389880e+15	2.96419706e-03
143699	1346.79540114	1437	1.05973451e-04	1437.00000000	3.20655069e+15	3.33394161e+15	2.96423294e-03
143799	1347.70277636	1438	1.06047198e-04	1438.00000000	3.20659328e+15	3.33398429e+15	2.96426872e-03
143899	1348.59875725	1439	1.06120944e-04	1439.00000000	3.20663575e+15	3.33402686e+15	2.96430440e-03
143999	1349.50994042	1440	1.06194690e-04	1440.00000000	3.20667810e+15	3.33406930e+15	2.96433998e-03
144099	1350.40777912	1441	1.06268437e-04	1441.00000000	3.20672033e+15	3.33411162e+15	2.96437545e-03
144199	1351.30779008	1442	1.06342183e-04	1442.00000000	3.20676243e+15	3.33415382e+15	2.96441083e-03
144299	1352.22413259	1443	1.06415929e-04	1443.00000000	3.20680442e+15	3.33419589e+15	2.96444610e-03
144399	1353.14326806	1444	1.06489676e-04	1444.00000000	3.20684628e+15	3.33423785e+15	2.96448127e-03
144499	1354.04229053	1445	1.06563422e-04	1445.00000000	3.20688803e+15	3.33427969e+15	2.96451634e-03
144599	1354.94782307	1446	1.06637168e-04	1446.00000000	3.20692965e+15	3.33432141e+15	2.96455130e-03
144699	1355.86762296	1447	1.06710914e-04	1447.00000000	3.20697116e+15	3.33436301e+15	2.96458617e-03
144799	1356.78703384	1448	1.06784661e-04	1448.00000000	3.20701255e+15	3.33440449e+15	2.96462094e-03
144899	1357.69847514	1449	1.06858407e-04	1449.00000000	3.20705383e+15	3.33444586e+15	2.96465561e-03
144999	1358.61365974	1450	1.06932153e-04	1450.00000000	3.20709499e+15	3.33448711e+15	2.96469018e-03
145099	1359.54194297	1451	1.07005900e-04	1451.00000000	3.20713603e+15	3.33452824e+15	2.96472466e-03
145199	1360.44066423	1452	1.07079646e-04	1452.00000000	3.20717696e+15	3.33456926e+15	2.96475904e-03
145299	1361.36397079	1453	1.07153392e-04	1453.00000000	3.20721777e+15	3.33461016e+15	2.96479332e-03
145399	1362.27485301	1454	1.07227139e-04	1454.00000000	3.20725846e+15	3.33465095e+15	2.96482750e-03
145499	1363.19288308	1455	1.07300885e-04	1455.00000000	3.20729905e+15	3.33469162e+15	2.96486159e-03
145599	1364.11038156	1456	1.07374631e-04	1456.00000000	3.20733951e+15	3.33473217e+15	2.96489558e-03
145699	1365.02640277	1457	1.07448378e-04	1457.00000000	3.20737986e+15	3.33477262e+15	2.96492947e-03
145799	1365.93563498	1458	1.07522124e-04	1458.00000000	3.20742010e+15	3.33481294e+15	2.96496328e-03
145899	1366.83301995	1459	1.07595870e-04	1459.00000000	3.20746023e+15	3.33485316e+15	2.96499698e-03
145999	1367.74821920	1460	1.07669617e-04	1460.00000000	3.20750024e+15	3.33489326e+15	2.96503059e-03
146099	1368.66402660	1461	1.07743363e-04	1461.00000000	3.20754015e+15	3.33493325e+15	2.96506411e-03
146199	1369.59420514	1462	1.07817109e-04	1462.00000000	3.20757994e+15	3.33497313e+15	2.96509753e-03
146299	1370.49757333	1463	1.07890855e-04	1463.00000000	3.20761962e+15	3.33501289e+15	2.96513086e-03
146399	1371.42473822	1464	1.07964602e-04	1464.00000000	3.20765919e+15	3.33505255e+15	2.96516410e-03
146499	1372.34656855	1465	1.08038348e-04	1465.00000000	3.20769865e+15	3.33509210e+15	2.96519725e-03
146599	1373.25402681	1466	1.08112094e-04	1466.00000000	3.20773800e+15	3.33513154e+15	2.96523030e-03
146699	1374.14437300	1467	1.08185841e-04	1467.00000000	3.20777724e+15	3.33517087e+15	2.96526326e-03
146799	1375.07250292	1468	1.08259587e-04	1468.00000000	3.20781638e+15	3.33521009e+15	2.96529613e-03
146899	1375.99491037	1469	1.08333333e-04	1469.00000000	3.20785541e+15	3.33524920e+15	2.96532892e-03
146999	1376.90721845	1470	1.08407080e-04	1470.00000000	3.20789433e+15	3.33528821e+15	2.96536161e-03
147099	1377.82321394	1471	1.08480826e-04	1471.00000000	3.20793314e+15	3.33532711e+15	2.96539421e-03
147199	1378.74096479	1472	1.08554572e-04	1472.00000000	3.20797185e+15	3.33536590e+15	2.96542672e-03
147299	1379.64905267	1473	1.08628319e-04	1473.00000000	3.20801045e+15	3.33540459e+15	2.96545914e-03
147399	1380.55587383	1474	1.08702065e-04	1474.00000000	3.20804894e+15	3.33544317e+15	2.96549148e-03
147499	1381.47348844	1475	1.08775811e-04	1475.00000000	3.20808733e+15	3.33548164e+15	2.96552372e-03
147599	1382.39295861	1476	1.08849558e-04	1476.00000000	3.20812561e+15	3.33552001e+15	2.96555587e-03
147699	1383.29890956	1477	1.08923304e-04	1477.00000000	3.20816379e+15	3.33555827e+15	2.96558794e-03
147799	1384.21860442	1478	1.08997050e-04	1478.00000000	3.20820186e+15	3.33559642e+15	2.96561992e-03
147899	1385.14798777	1479	1.09070796e-04	1479.00000000	3.20823983e+15	3.33563447e+15	2.96565181e-03
147999	1386.06586438	1480	1.09144543e-04	1480.00000000	3.20827769e+15	3.33567242e+15	2.96568361e-03
148099	1386.98695060	1481	1.09218289e-04	1481.00000000	3.20831545e+15	3.33571026e+15	2.96571532e-03
148199	1387.94600802	1482	1.09292035e-04	1482.00000000	3.20835311e+15	3.33574800e+15	2.96574695e-03
148299	1388.83995222	1483	1.09365782e-04	1483.00000000	3.20839066e+15	3.33578564e+15	2.96577849e-03
148399	1389.74693915	1484	1.09439528e-04	1484.00000000	3.20842811e+15	3.33582317e+15	2.96580995e-03
148499	1390.64274642	1485	1.09513274e-04	1485.00000000	3.20846546e+15	3.33586060e+15	2.96584131e-03
148599	1391.53856499	1486	1.09587021e-04	1486.00000000	3.20850271e+15	3.33589793e+15	2.96587260e-03
148699	1392.44836916	1487	1.09660767e-04	1487.00000000	3.20853986e+15	3.33593516e+15	2.96590380e-03
148799	1393.36434473	1488	1.09734513e-04	1488.00000000	3.20857691e+15	3.33597229e+15	2.96593491e-03
148899	1394.26790392	1489	1.09808260e-04	1489.00000000	3.20861386e+15	3.33600932e+15	2.96596594e-03
148999	1395.15891248	1490	1.09882006e-04	1490.00000000	3.20865071e+15	3.33604625e+15	2.96599689e-03
149099	1396.07221563	1491	1.09955752e-04	1491.00000000	3.20868745e+15	3.33608308e+15	2.96602775e-03
149199	1396.98947943	1492	1.10029499e-04	1492.00000000	3.20872410e+15	3.33611981e+15	2.96605853e-03
149299	1397.91093045	1493	1.10103245e-04	1493.00000000	3.20876065e+15	3.33615644e+15	2.96608923e-03
149399	1398.84174865	1494	1.10176991e-04	1494.00000000	3.20879710e+15	3.33619297e+15	2.96611984e-03
149499	1399.76104842	1495	1.10250737e-04	1495.00000000	3.20883345e+15	3.33622940e+15	2.96615037e-03
149599	1400.67816877	1496	1.10324484e-04	1496.00000000	3.20886971e+15	3.33626573e+15	2.96618082e-03
149699	1401.61095559	1497	1.10398230e-04	1497.00000000	3.20890586e+15	3.33630197e+15	2.96621118e-03
149799	1402.52373044	1498	1.10471976e-04	1498.00000000	3.20894192e+15	3.33633810e+15	2.96624147e-03
149899	1403.44803501	1499	1.10545723e-04	1499.00000000	3.20897788e+15	3.33637414e+15	2.96627167e-03
149999	1404.35127666	1500	1.10619469e-04	1500.00000000	3.20901374e+15	3.33641008e+15	2.96630178e-03
150099	1405.30648001	1501	1.10693215e-04	1501.00000000	3.20904951e+15	3.33644592e+15	2.96633182e-03
150199	1406.21723851	1502	1.10766962e-04	1502.00000000	3.20908518e+15	3.33648167e+15	2.96636178e-03
150299	1407.11995767	1503	1.10840708e-04	1503.00000000	3.20912075e+15	3.33651732e+15	2.96639165e-03
150399	1408.03590802	1504	1.10914454e-04	1504.00000000	3.20915623e+15	3.33655288e+15	2.96642145e-03
150499	1408.94245417	1505	1.10988201e-04	1505.00000000	3.20919161e+15	3.33658834e+15	2.96645116e-03
150599	1409.84819118	1506	1.11061947e-04	1506.00000000	3.20922690e+15	3.33662371e+15	2.96648080e-03
150699	1410.79282331	1507	1.11135693e-04	1507.00000000	3.20926209e+15	3.33665898e+15	2.96651035e-03
150799	1411.73948638	1508	1.11209440e-04	1508.00000000	3.20929719e+15	3.33669415e+15	2.96653983e-03
150899	1412.68972847	1509	1.11283186e-04	1509.00000000	3.20933219e+15	3.33672923e+15	2.96656922e-03
150999	1413.62824039	1510	1.11356932e-04	1510.00000000	3.20936710e+15	3.33676422e+15	2.96659854e-03
151099	1414.55007499	1511	1.11430678e-04	1511.00000000	3.20940192e+15	3.33679911e+15	2.96662778e-03
151199	1415.46504660	1512	1.11504425e-04	1512.00000000	3.20943664e+15	3.33683391e+15	2.96665694e-03
151299	1416.38260361	1513	1.11578171e-04	1513.00000000	3.20947127e+15	3.33686861e+15	2.96668603e-03
151399	1417.29946007	1514	1.11651917e-04	1514.00000000	3.20950581e+15	3.33690322e+15	2.96671503e-03
151499	1418.21227741	1515	1.11725664e-04	1515.00000000	3.20954025e+15	3.33693774e+15	2.96674396e-03
151599	1419.13970583	1516	1.11799410e-04	1516.00000000	3.20957460e+15	3.33697217e+15	2.96677281e-03
151699	1420.06345005	1517	1.11873156e-04	1517.00000000	3.20960886e+15	3.33700650e+15	2.96680158e-03
151799	1420.99666399	1518	1.11946903e-04	1518.00000000	3.20964302e+15	3.33704074e+15	2.96683027e-03
151899	1421.92249907	1519	1.12020649e-04	1519.00000000	3.20967710e+15	3.33707489e+15	2.96685889e-03
151999	1422.86780473	1520	1.12094395e-04	1520.00000000	3.20971108e+15	3.33710895e+15	2.96688743e-03
152099	1423.81142053	1521	1.12168142e-04	1521.00000000	3.20974497e+15	3.33714291e+15	2.96691589e-03
152199	1424.72374826	1522	1.12241888e-04	1522.00000000	3.20977877e+15	3.33717679e+15	2.96694428e-03
152299	1425.66518413	1523	1.12315634e-04	1523.00000000	3.20981248e+15	3.33721057e+15	2.96697259e-03
152399	1426.59676766	1524	1.12389381e-04	1524.00000000	3.20984610e+15	3.33724426e+15	2.96700083e-03
152499	1427.53550603	1525	1.12463127e-04	1525.00000000	3.20987963e+15	3.33727786e+15	2.96702899e-03
152599	1428.46379108	1526	1.12536873e-04	1526.00000000	3.20991306e+15	3.33731137e+15	2.96705707e-03
152699	1429.37189841	1527	1.12610619e-04	1527.00000000	3.20994641e+15	3.33734479e+15	2.96708508e-03
152799	1430.25930131	1528	1.12684366e-04	1528.00000000	3.20997966e+15	3.33737812e+15	2.96711301e-03
152899	1431.17993091	1529	1.12758112e-04	1529.00000000	3.21001282e+15	3.33741135e+15	2.96714087e-03
152999	1432.07588795	1530	1.12831858e-04	1530.00000000	3.21004589e+15	3.33744450e+15	2.96716865e-03
153099	1432.99220163	1531	1.12905605e-04	1531.00000000	3.21007887e+15	3.33747755e+15	2.96719635e-03
153199	1433.90759972	1532	1.12979351e-04	1532.00000000	3.21011176e+15	3.33751051e+15	2.96722398e-03
153299	1434.80629519	1533	1.13053097e-04	1533.00000000	3.21014456e+15	3.33754338e+15	2.96725153e-03
153399	1435.71443341	1534	1.13126844e-04	1534.00000000	3.21017727e+15	3.33757617e+15	2.96727901e-03
153499	1436.62760172	1535	1.13200590e-04	1535.00000000	3.21020989e+15	3.33760886e+15	2.96730641e-03
153599	1437.54806847	1536	1.13274336e-04	1536.00000000	3.21024243e+15	3.33764146e+15	2.96733373e-03
153699	1438.46826277	1537	1.13348083e-04	1537.00000000	3.21027487e+15	3.33767398e+15	2.96736099e-03
153799	1439.41496095	1538	1.13421829e-04	1538.00000000	3.21030722e+15	3.33770640e+15	2.96738816e-03
153899	1440.32449989	1539	1.13495575e-04	1539.00000000	3.21033949e+15	3.33773874e+15	2.96741527e-03
153999	1441.24760764	1540	1.13569322e-04	1540.00000000	3.21037167e+15	3.33777099e+15	2.96744229e-03
154099	1442.16361057	1541	1.13643068e-04	1541.00000000	3.21040376e+15	3.33780315e+15	2.96746925e-03
154199	1443.08022428	1542	1.13716814e-04	1542.00000000	3.21043576e+15	3.33783522e+15	2.96749613e-03
154299	1444.00562398	1543	1.13790560e-04	1543.00000000	3.21046768e+15	3.33786721e+15	2.96752294e-03
154399	1444.95184626	1544	1.13864307e-04	1544.00000000	3.21049952e+15	3.33789912e+15	2.96754968e-03
154499	1445.87936041	1545	1.13938053e-04	1545.00000000	3.21053127e+15	3.33793094e+15	2.96757635e-03
154599	1446.79769419	1546	1.14011799e-04	1546.00000000	3.21056293e+15	3.33796267e+15	2.96760295e-03
154699	1447.71291756	1547	1.14085546e-04	1547.00000000	3.21059451e+15	3.33799432e+15	2.96762947e-03
154799	1448.62690502	1548	1.14159292e-04	1548.00000000	3.21062601e+15	3.33802589e+15	2.96765593e-03
154899	1449.54297092	1549	1.14233038e-04	1549.00000000	3.21065742e+15	3.33805737e+15	2.96768231e-03
154999	1450.43744995	1550	1.14306785e-04	1550.00000000	3.21068874e+15	3.33808876e+15	2.96770862e-03
155099	1451.34585061	1551	1.14380531e-04	1551.00000000	3.21071999e+15	3.33812007e+15	2.96773486e-03
155199	1452.27180813	1552	1.14454277e-04	1552.00000000	3.21075115e+15	3.33815130e+15	2.96776103e-03
155299	1453.16650229	1553	1.14528024e-04	1553.00000000	3.21078222e+15	3.33818245e+15	2.96778714e-03
155399	1454.06557523	1554	1.14601770e-04	1554.00000000	3.21081322e+15	3.33821351e+15	2.96781317e-03
155499	1454.99471810	1555	1.14675516e-04	1555.00000000	3.21084413e+15	3.33824449e+15	2.96783913e-03
155599	1455.91081115	1556	1.14749263e-04	1556.00000000	3.21087496e+15	3.33827538e+15	2.96786503e-03
155699	1456.79761563	1557	1.14823009e-04	1557.00000000	3.21090570e+15	3.33830620e+15	2.96789085e-03
155799	1457.71319846	1558	1.14896755e-04	1558.00000000	3.21093637e+15	3.33833693e+15	2.96791661e-03
155899	1458.62927073	1559	1.14970501e-04	1559.00000000	3.21096695e+15	3.33836757e+15	2.96794229e-03
155999	1459.54506419	1560	1.15044248e-04	1560.00000000	3.21099745e+15	3.33839814e+15	2.96796791e-03
156099	1460.47464384	1561	1.15117994e-04	1561.00000000	3.21102786e+15	3.33842863e+15	2.96799346e-03
156199	1461.40348045	1562	1.15191740e-04	1562.00000000	3.21105820e+15	3.33845903e+15	2.96801894e-03
156299	1462.34325174	1563	1.15265487e-04	1563.00000000	3.21108846e+15	3.33848935e+15	2.96804435e-03
156399	1463.29124353	1564	1.15339233e-04	1564.00000000	3.21111863e+15	3.33851959e+15	2.96806970e-03
156499	1464.24193814	1565	1.15412979e-04	1565.00000000	3.21114872e+15	3.33854975e+15	2.96809497e-03
156599	1465.18330677	1566	1.15486726e-04	1566.00000000	3.21117874e+15	3.33857983e+15	2.96812018e-03
156699	1466.13323447	1567	1.15560472e-04	1567.00000000	3.21120867e+15	3.33860983e+15	2.96814533e-03
156799	1467.07137605	1568	1.15634218e-04	1568.00000000	3.21123853e+15	3.33863975e+15	2.96817040e-03
156899	1467.98422252	1569	1.15707965e-04	1569.00000000	3.21126830e+15	3.33866959e+15	2.96819541e-03
156999	1468.90763821	1570	1.15781711e-04	1570.00000000	3.21129799e+15	3.33869935e+15	2.96822035e-03
157099	1469.84221441	1571	1.15855457e-04	1571.00000000	3.21132761e+15	3.33872903e+15	2.96824522e-03
157199	1470.77278585	1572	1.15929204e-04	1572.00000000	3.21135714e+15	3.33875863e+15	2.96827003e-03
157299	1471.68417834	1573	1.16002950e-04	1573.00000000	3.21138660e+15	3.33878815e+15	2.96829477e-03
157399	1472.59677700	1574	1.16076696e-04	1574.00000000	3.21141598e+15	3.33881759e+15	2.96831945e-03
157499	1473.52250043	1575	1.16150442e-04	1575.00000000	3.21144528e+15	3.33884695e+15	2.96834406e-03
157599	1474.43768829	1576	1.16224189e-04	1576.00000000	3.21147450e+15	3.33887624e+15	2.96836860e-03
157699	1475.35701552	1577	1.16297935e-04	1577.00000000	3.21150364e+15	3.33890545e+15	2.96839308e-03
157799	1476.29016333	1578	1.16371681e-04	1578.00000000	3.21153271e+15	3.33893457e+15	2.96841750e-03
157899	1477.22903129	1579	1.16445428e-04	1579.00000000	3.21156169e+15	3.33896363e+15	2.96844184e-03
157999	1478.14159102	1580	1.16519174e-04	1580.00000000	3.21159060e+15	3.33899260e+15	2.96846613e-03
158099	1479.06593796	1581	1.16592920e-04	1581.00000000	3.21161944e+15	3.33902150e+15	2.96849035e-03
158199	1479.98359080	1582	1.16666667e-04	1582.00000000	3.21164820e+15	3.33905032e+15	2.96851450e-03
158299	1480.91149374	1583	1.16740413e-04	1583.00000000	3.21167688e+15	3.33907906e+15	2.96853859e-03
158399	1481.82692912	1584	1.16814159e-04	1584.00000000	3.21170548e+15	3.33910773e+15	2.96856262e-03
158499	1482.73114542	1585	1.16887906e-04	1585.00000000	3.21173401e+15	3.33913632e+15	2.96858658e-03
158599	1483.65396720	1586	1.16961652e-04	1586.00000000	3.21176246e+15	3.33916483e+15	2.96861048e-03
158699	1484.55418337	1587	1.17035398e-04	1587.00000000	3.21179084e+15	3.33919327e+15	2.96863431e-03
158799	1485.48012017	1588	1.17109145e-04	1588.00000000	3.21181914e+15	3.33922163e+15	2.96865808e-03
158899	1486.39120740	1589	1.17182891e-04	1589.00000000	3.21184736e+15	3.33924992e+15	2.96868179e-03
158999	1487.31702749	1590	1.17256637e-04	1590.00000000	3.21187551e+15	3.33927813e+15	2.96870543e-03
159099	1488.22210497	1591	1.17330383e-04	1591.00000000	3.21190358e+15	3.33930626e+15	2.96872901e-03
159199	1489.12860981	1592	1.17404130e-04	1592.00000000	3.21193158e+15	3.33933432e+15	2.96875253e-03
159299	1490.05402448	1593	1.17477876e-04	1593.00000000	3.21195951e+15	3.33936231e+15	2.96877599e-03
159399	1490.99106441	1594	1.17551622e-04	1594.00000000	3.21198736e+15	3.33939022e+15	2.96879938e-03
159499	1491.90820381	1595	1.17625369e-04	1595.00000000	3.21201513e+15	3.33941806e+15	2.96882271e-03
159599	1492.87441749	1596	1.17699115e-04	1596.00000000	3.21204283e+15	3.33944582e+15	2.96884598e-03
159699	1493.82042070	1597	1.17772861e-04	1597.00000000	3.21207046e+15	3.33947350e+15	2.96886919e-03
159799	1494.76242323	1598	1.17846608e-04	1598.00000000	3.21209801e+15	3.33950112e+15	2.96889233e-03
159899	1495.71690587	1599	1.17920354e-04	1599.00000000	3.21212549e+15	3.33952866e+15	2.96891541e-03
159999	1496.65404773	1600	1.17994100e-04	1600.00000000	3.21215289e+15	3.33955612e+15	2.96893843e-03
160099	1497.61742708	1601	1.18067847e-04	1601.00000000	3.21218023e+15	3.33958351e+15	2.96896139e-03
160199	1498.58324367	1602	1.18141593e-04	1602.00000000	3.21220748e+15	3.33961083e+15	2.96898429e-03
160299	1499.53526826	1603	1.18215339e-04	1603.00000000	3.21223467e+15	3.33963807e+15	2.96900713e-03
160399	1500.48820695	1604	1.18289086e-04	1604.00000000	3.21226178e+15	3.33966525e+15	2.96902990e-03
160499	1501.41314550	1605	1.18362832e-04	1605.00000000	3.21228882e+15	3.33969234e+15	2.96905261e-03
160599	1502.33226281	1606	1.18436578e-04	1606.00000000	3.21231579e+15	3.33971937e+15	2.96907527e-03
160699	1503.27548708	1607	1.18510324e-04	1607.00000000	3.21234268e+15	3.33974632e+15	2.96909786e-03
160799	1504.19661987	1608	1.18584071e-04	1608.00000000	3.21236950e+15	3.33977320e+15	2.96912039e-03
160899	1505.14310229	1609	1.18657817e-04	1609.00000000	3.21239626e+15	3.33980001e+15	2.96914286e-03
160999	1506.08663866	1610	1.18731563e-04	1610.00000000	3.21242293e+15	3.33982675e+15	2.96916527e-03
161099	1507.03629572	1611	1.18805310e-04	1611.00000000	3.21244954e+15	3.33985342e+15	2.96918762e-03
161199	1507.98825465	1612	1.18879056e-04	1612.00000000	3.21247608e+15	3.33988001e+15	2.96920991e-03
161299	1508.92890162	1613	1.18952802e-04	1613.00000000	3.21250254e+15	3.33990653e+15	2.96923214e-03
161399	1509.86810912	1614	1.19026549e-04	1614.00000000	3.21252894e+15	3.33993299e+15	2.96925431e-03
161499	1510.80313511	1615	1.19100295e-04	1615.00000000	3.21255526e+15	3.33995937e+15	2.96927642e-03
161599	1511.76213230	1616	1.19174041e-04	1616.00000000	3.21258152e+15	3.33998568e+15	2.96929848e-03
161699	1512.70645715	1617	1.19247788e-04	1617.00000000	3.21260770e+15	3.34001192e+15	2.96932047e-03
161799	1513.64789181	1618	1.19321534e-04	1618.00000000	3.21263382e+15	3.34003810e+15	2.96934241e-03
161899	1514.59953618	1619	1.19395280e-04	1619.00000000	3.21265986e+15	3.34006420e+15	2.96936428e-03
161999	1515.54533653	1620	1.19469027e-04	1620.00000000	3.21268584e+15	3.34009023e+15	2.96938610e-03
162099	1516.49100239	1621	1.19542773e-04	1621.00000000	3.21271175e+15	3.34011620e+15	2.96940786e-03
162199	1517.42685010	1622	1.19616519e-04	1622.00000000	3.21273759e+15	3.34014209e+15	2.96942957e-03
162299	1518.38874906	1623	1.19690265e-04	1623.00000000	3.21276335e+15	3.34016792e+15	2.96945121e-03
162399	1519.33527593	1624	1.19764012e-04	1624.00000000	3.21278906e+15	3.34019367e+15	2.96947280e-03
162499	1520.26221775	1625	1.19837758e-04	1625.00000000	3.21281469e+15	3.34021936e+15	2.96949433e-03
162599	1521.21301070	1626	1.19911504e-04	1626.00000000	3.21284025e+15	3.34024498e+15	2.96951580e-03
162699	1522.16269018	1627	1.19985251e-04	1627.00000000	3.21286575e+15	3.34027053e+15	2.96953722e-03
162799	1523.09000845	1628	1.20058997e-04	1628.00000000	3.21289117e+15	3.34029601e+15	2.96955858e-03
162899	1524.02625785	1629	1.20132743e-04	1629.00000000	3.21291653e+15	3.34032143e+15	2.96957988e-03
162999	1524.96436099	1630	1.20206490e-04	1630.00000000	3.21294182e+15	3.34034678e+15	2.96960112e-03
163099	1525.88964446	1631	1.20280236e-04	1631.00000000	3.21296705e+15	3.34037205e+15	2.96962231e-03
163199	1526.84380289	1632	1.20353982e-04	1632.00000000	3.21299220e+15	3.34039726e+15	2.96964344e-03
163299	1527.77507331	1633	1.20427729e-04	1633.00000000	3.21301729e+15	3.34042241e+15	2.96966451e-03
163399	1528.79581936	1634	1.20501475e-04	1634.00000000	3.21304231e+15	3.34044748e+15	2.96968553e-03
163499	1529.77282898	1635	1.20575221e-04	1635.00000000	3.21306727e+15	3.34047249e+15	2.96970649e-03
163599	1530.74901549	1636	1.20648968e-04	1636.00000000	3.21309216e+15	3.34049744e+15	2.96972740e-03
163699	1531.72762414	1637	1.20722714e-04	1637.00000000	3.21311698e+15	3.34052231e+15	2.96974825e-03
163799	1532.71084923	1638	1.20796460e-04	1638.00000000	3.21314173e+15	3.34054712e+15	2.96976904e-03
163899	1533.69346477	1639	1.20870206e-04	1639.00000000	3.21316642e+15	3.34057187e+15	2.96978978e-03
163999	1534.66076328	1640	1.20943953e-04	1640.00000000	3.21319105e+15	3.34059655e+15	2.96981046e-03
164099	1535.62385119	1641	1.21017699e-04	1641.00000000	3.21321561e+15	3.34062116e+15	2.96983109e-03
164199	1536.58095760	1642	1.21091445e-04	1642.00000000	3.21324010e+15	3.34064571e+15	2.96985166e-03
164299	1537.54431655	1643	1.21165192e-04	1643.00000000	3.21326453e+15	3.34067019e+15	2.96987218e-03
164399	1538.52030186	1644	1.21238938e-04	1644.00000000	3.21328889e+15	3.34069460e+15	2.96989265e-03
164499	1539.45567753	1645	1.21312684e-04	1645.00000000	3.21331319e+15	3.34071896e+15	2.96991306e-03
164599	1540.41468641	1646	1.21386431e-04	1646.00000000	3.21333742e+15	3.34074324e+15	2.96993341e-03
164699	1541.38776741	1647	1.21460177e-04	1647.00000000	3.21336159e+15	3.34076747e+15	2.96995371e-03
164799	1542.33986383	1648	1.21533923e-04	1648.00000000	3.21338570e+15	3.34079162e+15	2.96997396e-03
164899	1543.30003794	1649	1.21607670e-04	1649.00000000	3.21340974e+15	3.34081572e+15	2.96999415e-03
164999	1544.28272407	1650	1.21681416e-04	1650.00000000	3.21343372e+15	3.34083975e+15	2.97001429e-03
165099	1545.22813084	1651	1.21755162e-04	1651.00000000	3.21345763e+15	3.34086371e+15	2.97003438e-03
165199	1546.16941423	1652	1.21828909e-04	1652.00000000	3.21348148e+15	3.34088762e+15	2.97005441e-03
165299	1547.11995642	1653	1.21902655e-04	1653.00000000	3.21350527e+15	3.34091146e+15	2.97007439e-03
165399	1548.05804998	1654	1.21976401e-04	1654.00000000	3.21352899e+15	3.34093523e+15	2.97009432e-03
165499	1548.99835059	1655	1.22050147e-04	1655.00000000	3.21355266e+15	3.34095895e+15	2.97011420e-03
165599	1549.94278139	1656	1.22123894e-04	1656.00000000	3.21357625e+15	3.34098260e+15	2.97013402e-03
165699	1550.86848035	1657	1.22197640e-04	1657.00000000	3.21359979e+15	3.34100618e+15	2.97015379e-03
165799	1551.81519249	1658	1.22271386e-04	1658.00000000	3.21362327e+15	3.34102971e+15	2.97017350e-03
165899	1552.77234261	1659	1.22345133e-04	1659.00000000	3.21364668e+15	3.34105317e+15	2.97019317e-03
165999	1553.70794300	1660	1.22418879e-04	1660.00000000	3.21367003e+15	3.34107658e+15	2.97021278e-03
166099	1554.63361593	1661	1.22492625e-04	1661.00000000	3.21369332e+15	3.34109992e+15	2.97023234e-03
166199	1555.58084895	1662	1.22566372e-04	1662.00000000	3.21371654e+15	3.34112319e+15	2.97025185e-03
166299	1556.54106395	1663	1.22640118e-04	1663.00000000	3.21373971e+15	3.34114641e+15	2.97027131e-03
166399	1557.45838581	1664	1.22713864e-04	1664.00000000	3.21376281e+15	3.34116956e+15	2.97029072e-03
166499	1558.37502577	1665	1.22787611e-04	1665.00000000	3.21378585e+15	3.34119266e+15	2.97031007e-03
166599	1559.30957640	1666	1.22861357e-04	1666.00000000	3.21380884e+15	3.34121569e+15	2.97032937e-03
166699	1560.25455361	1667	1.22935103e-04	1667.00000000	3.21383176e+15	3.34123866e+15	2.97034863e-03
166799	1561.20322610	1668	1.23008850e-04	1668.00000000	3.21385462e+15	3.34126157e+15	2.97036783e-03
166899	1562.14385763	1669	1.23082596e-04	1669.00000000	3.21387742e+15	3.34128442e+15	2.97038698e-03
166999	1563.07017512	1670	1.23156342e-04	1670.00000000	3.21390016e+15	3.34130721e+15	2.97040608e-03
167099	1563.98661323	1671	1.23230088e-04	1671.00000000	3.21392284e+15	3.34132994e+15	2.97042513e-03
167199	1564.91073631	1672	1.23303835e-04	1672.00000000	3.21394546e+15	3.34135261e+15	2.97044413e-03
167299	1565.85885195	1673	1.23377581e-04	1673.00000000	3.21396802e+15	3.34137522e+15	2.97046308e-03
167399	1566.77082935	1674	1.23451327e-04	1674.00000000	3.21399052e+15	3.34139777e+15	2.97048197e-03
167499	1567.70299063	1675	1.23525074e-04	1675.00000000	3.21401296e+15	3.34142026e+15	2.97050082e-03
167599	1568.63782517	1676	1.23598820e-04	1676.00000000	3.21403534e+15	3.34144269e+15	2.97051962e-03
167699	1569.55569830	1677	1.23672566e-04	1677.00000000	3.21405766e+15	3.34146506e+15	2.97053837e-03
167799	1570.48502463	1678	1.23746313e-04	1678.00000000	3.21407992e+15	3.34148737e+15	2.97055707e-03
167899	1571.43911759	1679	1.23820059e-04	1679.00000000	3.21410213e+15	3.34150962e+15	2.97057572e-03
167999	1572.36940661	1680	1.23893805e-04	1680.00000000	3.21412427e+15	3.34153182e+15	2.97059432e-03
168099	1573.29346234	1681	1.23967552e-04	1681.00000000	3.21414636e+15	3.34155395e+15	2.97061287e-03
168199	1574.23443617	1682	1.24041298e-04	1682.00000000	3.21416839e+15	3.34157603e+15	2.97063138e-03
168299	1575.16695385	1683	1.24115044e-04	1683.00000000	3.21419036e+15	3.34159805e+15	2.97064983e-03
168399	1576.08414381	1684	1.24188791e-04	1684.00000000	3.21421228e+15	3.34162001e+15	2.97066824e-03
168499	1577.01087079	1685	1.24262537e-04	1685.00000000	3.21423414e+15	3.34164192e+15	2.97068660e-03
168599	1577.94764457	1686	1.24336283e-04	1686.00000000	3.21425593e+15	3.34166377e+15	2.97070491e-03
168699	1578.89672061	1687	1.24410029e-04	1687.00000000	3.21427768e+15	3.34168555e+15	2.97072317e-03
168799	1579.85075453	1688	1.24483776e-04	1688.00000000	3.21429936e+15	3.34170729e+15	2.97074138e-03
168899	1580.81080272	1689	1.24557522e-04	1689.00000000	3.21432099e+15	3.34172896e+15	2.97075955e-03
168999	1581.71505968	1690	1.24631268e-04	1690.00000000	3.21434256e+15	3.34175058e+15	2.97077767e-03
169099	1582.63306090	1691	1.24705015e-04	1691.00000000	3.21436407e+15	3.34177214e+15	2.97079574e-03
169199	1583.53807188	1692	1.24778761e-04	1692.00000000	3.21438553e+15	3.34179364e+15	2.97081376e-03
169299	1584.44921235	1693	1.24852507e-04	1693.00000000	3.21440693e+15	3.34181509e+15	2.97083174e-03
169399	1585.35957741	1694	1.24926254e-04	1694.00000000	3.21442827e+15	3.34183648e+15	2.97084967e-03
169499	1586.29272793	1695	1.25000000e-04	1695.00000000	3.21444956e+15	3.34185782e+15	2.97086755e-03
169599	1587.23403858	1696	1.25073746e-04	1696.00000000	3.21447079e+15	3.34187910e+15	2.97088538e-03
169699	1588.14220248	1697	1.25147493e-04	1697.00000000	3.21449197e+15	3.34190032e+15	2.97090317e-03
169799	1589.04352325	1698	1.25221239e-04	1698.00000000	3.21451309e+15	3.34192149e+15	2.97092091e-03
169899	1589.94603077	1699	1.25294985e-04	1699.00000000	3.21453416e+15	3.34194260e+15	2.97093861e-03
169999	1590.84981076	1700	1.25368732e-04	1700.00000000	3.21455516e+15	3.34196365e+15	2.97095626e-03
170099	1591.76777830	1701	1.25442478e-04	1701.00000000	3.21457612e+15	3.34198465e+15	2.97097386e-03
170199	1592.70259938	1702	1.25516224e-04	1702.00000000	3.21459702e+15	3.34200560e+15	2.97099141e-03
170299	1593.60976333	1703	1.25589971e-04	1703.00000000	3.21461786e+15	3.34202648e+15	2.97100892e-03
170399	1594.51702500	1704	1.25663717e-04	1704.00000000	3.21463865e+15	3.34204732e+15	2.97102638e-03
170499	1595.44030832	1705	1.25737463e-04	1705.00000000	3.21465938e+15	3.34206810e+15	2.97104380e-03
170599	1596.38970247	1706	1.25811209e-04	1706.00000000	3.21468006e+15	3.34208882e+15	2.97106117e-03
170699	1597.31829677	1707	1.25884956e-04	1707.00000000	3.21470068e+15	3.34210949e+15	2.97107849e-03
170799	1598.25872548	1708	1.25958702e-04	1708.00000000	3.21472125e+15	3.34213010e+15	2.97109577e-03
170899	1599.20362508	1709	1.26032448e-04	1709.00000000	3.21474177e+15	3.34215066e+15	2.97111300e-03
170999	1600.11064499	1710	1.26106195e-04	1710.00000000	3.21476223e+15	3.34217117e+15	2.97113019e-03
171099	1601.00773768	1711	1.26179941e-04	1711.00000000	3.21478264e+15	3.34219162e+15	2.97114733e-03
171199	1601.92557037	1712	1.26253687e-04	1712.00000000	3.21480299e+15	3.34221202e+15	2.97116443e-03
171299	1602.83147146	1713	1.26327434e-04	1713.00000000	3.21482329e+15	3.34223236e+15	2.97118148e-03
171399	1603.73761765	1714	1.26401180e-04	1714.00000000	3.21484354e+15	3.34225265e+15	2.97119849e-03
171499	1604.64136432	1715	1.26474926e-04	1715.00000000	3.21486373e+15	3.34227289e+15	2.97121545e-03
171599	1605.55129189	1716	1.26548673e-04	1716.00000000	3.21488387e+15	3.34229308e+15	2.97123236e-03
171699	1606.44434520	1717	1.26622419e-04	1717.00000000	3.21490396e+15	3.34231321e+15	2.97124924e-03
171799	1607.35248937	1718	1.26696165e-04	1718.00000000	3.21492399e+15	3.34233329e+15	2.97126607e-03
171899	1608.26186114	1719	1.26769912e-04	1719.00000000	3.21494398e+15	3.34235332e+15	2.97128285e-03
171999	1609.19619745	1720	1.26843658e-04	1720.00000000	3.21496391e+15	3.34237329e+15	2.97129959e-03
172099	1610.12543017	1721	1.26917404e-04	1721.00000000	3.21498379e+15	3.34239321e+15	2.97131629e-03
172199	1611.05421078	1722	1.26991150e-04	1722.00000000	3.21500361e+15	3.34241308e+15	2.97133294e-03
172299	1611.97829464	1723	1.27064897e-04	1723.00000000	3.21502339e+15	3.34243290e+15	2.97134955e-03
172399	1612.87987900	1724	1.27138643e-04	1724.00000000	3.21504311e+15	3.34245266e+15	2.97136612e-03
172499	1613.78054618	1725	1.27212389e-04	1725.00000000	3.21506278e+15	3.34247238e+15	2.97138264e-03
172599	1614.69210750	1726	1.27286136e-04	1726.00000000	3.21508240e+15	3.34249204e+15	2.97139912e-03
172699	1615.59407425	1727	1.27359882e-04	1727.00000000	3.21510197e+15	3.34251165e+15	2.97141556e-03
172799	1616.52759330	1728	1.27433628e-04	1728.00000000	3.21512148e+15	3.34253121e+15	2.97143195e-03
172899	1617.44792214	1729	1.27507375e-04	1729.00000000	3.21514095e+15	3.34255072e+15	2.97144831e-03
172999	1618.37366189	1730	1.27581121e-04	1730.00000000	3.21516037e+15	3.34257018e+15	2.97146461e-03
173099	1619.27570574	1731	1.27654867e-04	1731.00000000	3.21517973e+15	3.34258958e+15	2.97148088e-03
173199	1620.18952593	1732	1.27728614e-04	1732.00000000	3.21519904e+15	3.34260894e+15	2.97149710e-03
173299	1621.12003472	1733	1.27802360e-04	1733.00000000	3.21521831e+15	3.34262824e+15	2.97151328e-03
173399	1622.10504461	1734	1.27876106e-04	1734.00000000	3.21523752e+15	3.34264750e+15	2.97152942e-03
173499	1623.04962496	1735	1.27949853e-04	1735.00000000	3.21525668e+15	3.34266670e+15	2.97154552e-03
173599	1623.98781223	1736	1.28023599e-04	1736.00000000	3.21527579e+15	3.34268586e+15	2.97156157e-03
173699	1624.92644610	1737	1.28097345e-04	1737.00000000	3.21529485e+15	3.34270496e+15	2.97157758e-03
173799	1625.86312827	1738	1.28171091e-04	1738.00000000	3.21531387e+15	3.34272401e+15	2.97159355e-03
173899	1626.80155019	1739	1.28244838e-04	1739.00000000	3.21533283e+15	3.34274302e+15	2.97160948e-03
173999	1627.74131961	1740	1.28318584e-04	1740.00000000	3.21535174e+15	3.34276197e+15	2.97162536e-03
174099	1628.68562548	1741	1.28392330e-04	1741.00000000	3.21537060e+15	3.34278088e+15	2.97164121e-03
174199	1629.61112858	1742	1.28466077e-04	1742.00000000	3.21538942e+15	3.34279973e+15	2.97165701e-03
174299	1630.53669283	1743	1.28539823e-04	1743.00000000	3.21540818e+15	3.34281854e+15	2.97167277e-03
174399	1631.47961657	1744	1.28613569e-04	1744.00000000	3.21542690e+15	3.34283729e+15	2.97168849e-03
174499	1632.38603198	1745	1.28687316e-04	1745.00000000	3.21544557e+15	3.34285600e+15	2.97170417e-03
174599	1633.29401923	1746	1.28761062e-04	1746.00000000	3.21546419e+15	3.34287466e+15	2.97171981e-03
174699	1634.24961295	1747	1.28834808e-04	1747.00000000	3.21548276e+15	3.34289327e+15	2.97173541e-03
174799	1635.19074181	1748	1.28908555e-04	1748.00000000	3.21550128e+15	3.34291184e+15	2.97175097e-03
174899	1636.13893729	1749	1.28982301e-04	1749.00000000	3.21551975e+15	3.34293035e+15	2.97176649e-03
174999	1637.06173584	1750	1.29056047e-04	1750.00000000	3.21553818e+15	3.34294882e+15	2.97178196e-03
175099	1637.97244621	1751	1.29129794e-04	1751.00000000	3.21555656e+15	3.34296724e+15	2.97179740e-03
175199	1638.89412008	1752	1.29203540e-04	1752.00000000	3.21557489e+15	3.34298561e+15	2.97181280e-03
175299	1639.83321353	1753	1.29277286e-04	1753.00000000	3.21559317e+15	3.34300393e+15	2.97182816e-03
175399	1640.76544616	1754	1.29351032e-04	1754.00000000	3.21561141e+15	3.34302221e+15	2.97184347e-03
175499	1641.69952068	1755	1.29424779e-04	1755.00000000	3.21562960e+15	3.34304043e+15	2.97185875e-03
175599	1642.63666858	1756	1.29498525e-04	1756.00000000	3.21564774e+15	3.34305861e+15	2.97187399e-03
175699	1643.57839177	1757	1.29572271e-04	1757.00000000	3.21566583e+15	3.34307675e+15	2.97188919e-03
175799	1644.52891106	1758	1.29646018e-04	1758.00000000	3.21568388e+15	3.34309483e+15	2.97190435e-03
175899	1645.47110094	1759	1.29719764e-04	1759.00000000	3.21570188e+15	3.34311287e+15	2.97191946e-03
175999	1646.38934340	1760	1.29793510e-04	1760.00000000	3.21571983e+15	3.34313087e+15	2.97193455e-03
176099	1647.30457298	1761	1.29867257e-04	1761.00000000	3.21573774e+15	3.34314881e+15	2.97194959e-03
176199	1648.21277667	1762	1.29941003e-04	1762.00000000	3.21575560e+15	3.34316671e+15	2.97196459e-03
176299	1649.14153870	1763	1.30014749e-04	1763.00000000	3.21577342e+15	3.34318457e+15	2.97197955e-03
176399	1650.06060220	1764	1.30088496e-04	1764.00000000	3.21579118e+15	3.34320238e+15	2.97199448e-03
176499	1650.98697354	1765	1.30162242e-04	1765.00000000	3.21580891e+15	3.34322014e+15	2.97200936e-03
176599	1651.91100258	1766	1.30235988e-04	1766.00000000	3.21582659e+15	3.34323785e+15	2.97202421e-03
176699	1652.83226916	1767	1.30309735e-04	1767.00000000	3.21584422e+15	3.34325552e+15	2.97203902e-03
176799	1653.74764935	1768	1.30383481e-04	1768.00000000	3.21586180e+15	3.34327315e+15	2.97205379e-03
176899	1654.66704104	1769	1.30457227e-04	1769.00000000	3.21587935e+15	3.34329073e+15	2.97206853e-03
176999	1655.59096368	1770	1.30530973e-04	1770.00000000	3.21589684e+15	3.34330826e+15	2.97208322e-03
177099	1656.51856026	1771	1.30604720e-04	1771.00000000	3.21591429e+15	3.34332575e+15	2.97209788e-03
177199	1657.44295979	1772	1.30678466e-04	1772.00000000	3.21593170e+15	3.34334320e+15	2.97211250e-03
177299	1658.35559207	1773	1.30752212e-04	1773.00000000	3.21594906e+15	3.34336060e+15	2.97212708e-03
177399	1659.29196270	1774	1.30825959e-04	1774.00000000	3.21596638e+15	3.34337795e+15	2.97214163e-03
177499	1660.20480334	1775	1.30899705e-04	1775.00000000	3.21598365e+15	3.34339526e+15	2.97215614e-03
177599	1661.11585893	1776	1.30973451e-04	1776.00000000	3.21600087e+15	3.34341252e+15	2.97217061e-03
177699	1662.01920960	1777	1.31047198e-04	1777.00000000	3.21601806e+15	3.34342975e+15	2.97218504e-03
177799	1662.92027107	1778	1.31120944e-04	1778.00000000	3.21603520e+15	3.34344692e+15	2.97219944e-03
177899	1663.81766606	1779	1.31194690e-04	1779.00000000	3.21605229e+15	3.34346405e+15	2.97221379e-03
177999	1664.72789103	1780	1.31268437e-04	1780.00000000	3.21606934e+15	3.34348114e+15	2.97222812e-03
178099	1665.63392315	1781	1.31342183e-04	1781.00000000	3.21608635e+15	3.34349819e+15	2.97224240e-03
178199	1666.55256671	1782	1.31415929e-04	1782.00000000	3.21610331e+15	3.34351518e+15	2.97225665e-03
178299	1667.46344405	1783	1.31489676e-04	1783.00000000	3.21612023e+15	3.34353214e+15	2.97227086e-03
178399	1668.38040460	1784	1.31563422e-04	1784.00000000	3.21613711e+15	3.34354905e+15	2.97228503e-03
178499	1669.29202285	1785	1.31637168e-04	1785.00000000	3.21615394e+15	3.34356592e+15	2.97229917e-03
178599	1670.21429020	1786	1.31710914e-04	1786.00000000	3.21617073e+15	3.34358275e+15	2.97231327e-03
178699	1671.13604304	1787	1.31784661e-04	1787.00000000	3.21618747e+15	3.34359953e+15	2.97232734e-03
178799	1672.06385137	1788	1.31858407e-04	1788.00000000	3.21620417e+15	3.34361627e+15	2.97234137e-03
178899	1672.98398318	1789	1.31932153e-04	1789.00000000	3.21622083e+15	3.34363296e+15	2.97235536e-03
178999	1673.89265523	1790	1.32005900e-04	1790.00000000	3.21623745e+15	3.34364961e+15	2.97236931e-03
179099	1674.80427269	1791	1.32079646e-04	1791.00000000	3.21625402e+15	3.34366622e+15	2.97238323e-03
179199	1675.70873743	1792	1.32153392e-04	1792.00000000	3.21627055e+15	3.34368279e+15	2.97239712e-03
179299	1676.63718215	1793	1.32227139e-04	1793.00000000	3.21628703e+15	3.34369931e+15	2.97241097e-03
179399	1677.53998133	1794	1.32300885e-04	1794.00000000	3.21630348e+15	3.34371579e+15	2.97242478e-03
179499	1678.44103257	1795	1.32374631e-04	1795.00000000	3.21631988e+15	3.34373223e+15	2.97243855e-03
179599	1679.34710682	1796	1.32448378e-04	1796.00000000	3.21633624e+15	3.34374863e+15	2.97245230e-03
179699	1680.23788878	1797	1.32522124e-04	1797.00000000	3.21635256e+15	3.34376498e+15	2.97246600e-03
179799	1681.12072485	1798	1.32595870e-04	1798.00000000	3.21636884e+15	3.34378129e+15	2.97247967e-03
179899	1682.00701614	1799	1.32669617e-04	1799.00000000	3.21638507e+15	3.34379756e+15	2.97249331e-03
179999	1682.89397897	1800	1.32743363e-04	1800.00000000	3.21640127e+15	3.34381379e+15	2.97250691e-03
180099	1683.80867641	1801	1.32817109e-04	1801.00000000	3.21641742e+15	3.34382998e+15	2.97252048e-03
180199	1684.70917349	1802	1.32890855e-04	1802.00000000	3.21643353e+15	3.34384613e+15	2.97253401e-03
180299	1685.59466354	1803	1.32964602e-04	1803.00000000	3.21644960e+15	3.34386223e+15	2.97254750e-03
180399	1686.49718537	1804	1.33038348e-04	1804.00000000	3.21646563e+15	3.34387829e+15	2.97256097e-03
180499	1687.41762765	1805	1.33112094e-04	1805.00000000	3.21648162e+15	3.34389432e+15	2.97257439e-03
180599	1688.35304897	1806	1.33185841e-04	1806.00000000	3.21649756e+15	3.34391030e+15	2.97258779e-03
180699	1689.25971603	1807	1.33259587e-04	1807.00000000	3.21651347e+15	3.34392624e+15	2.97260115e-03
180799	1690.16636234	1808	1.33333333e-04	1808.00000000	3.21652933e+15	3.34394214e+15	2.97261447e-03
180899	1691.06604361	1809	1.33407080e-04	1809.00000000	3.21654516e+15	3.34395800e+15	2.97262776e-03
180999	1691.97510337	1810	1.33480826e-04	1810.00000000	3.21656094e+15	3.34397381e+15	2.97264102e-03
181099	1692.84806622	1811	1.33554572e-04	1811.00000000	3.21657668e+15	3.34398959e+15	2.97265424e-03
181199	1693.74876164	1812	1.33628319e-04	1812.00000000	3.21659238e+15	3.34400533e+15	2.97266743e-03
181299	1694.65435521	1813	1.33702065e-04	1813.00000000	3.21660805e+15	3.34402102e+15	2.97268058e-03
181399	1695.55064727	1814	1.33775811e-04	1814.00000000	3.21662367e+15	3.34403668e+15	2.97269370e-03
181499	1696.46716327	1815	1.33849558e-04	1815.00000000	3.21663925e+15	3.34405230e+15	2.97270679e-03
181599	1697.36290132	1816	1.33923304e-04	1816.00000000	3.21665479e+15	3.34406787e+15	2.97271984e-03
181699	1698.25719146	1817	1.33997050e-04	1817.00000000	3.21667029e+15	3.34408341e+15	2.97273286e-03
181799	1699.19275819	1818	1.34070796e-04	1818.00000000	3.21668576e+15	3.34409890e+15	2.97274585e-03
181899	1700.11501445	1819	1.34144543e-04	1819.00000000	3.21670118e+15	3.34411436e+15	2.97275880e-03
181999	1701.00167868	1820	1.34218289e-04	1820.00000000	3.21671656e+15	3.34412978e+15	2.97277172e-03
182099	1701.90548953	1821	1.34292035e-04	1821.00000000	3.21673191e+15	3.34414516e+15	2.97278461e-03
182199	1702.83342606	1822	1.34365782e-04	1822.00000000	3.21674721e+15	3.34416050e+15	2.97279746e-03
182299	1703.74519478	1823	1.34439528e-04	1823.00000000	3.21676248e+15	3.34417579e+15	2.97281028e-03
182399	1704.68431134	1824	1.34513274e-04	1824.00000000	3.21677771e+15	3.34419105e+15	2.97282307e-03
182499	1705.61064545	1825	1.34587021e-04	1825.00000000	3.21679289e+15	3.34420627e+15	2.97283583e-03
182599	1706.54026469	1826	1.34660767e-04	1826.00000000	3.21680804e+15	3.34422145e+15	2.97284855e-03
182699	1707.45094023	1827	1.34734513e-04	1827.00000000	3.21682315e+15	3.34423660e+15	2.97286124e-03
182799	1708.34055031	1828	1.34808260e-04	1828.00000000	3.21683822e+15	3.34425170e+15	2.97287390e-03
182899	1709.24000627	1829	1.34882006e-04	1829.00000000	3.21685325e+15	3.34426676e+15	2.97288653e-03
182999	1710.16018382	1830	1.34955752e-04	1830.00000000	3.21686824e+15	3.34428179e+15	2.97289912e-03
183099	1711.07346975	1831	1.35029499e-04	1831.00000000	3.21688319e+15	3.34429677e+15	2.97291168e-03
183199	1712.00293099	1832	1.35103245e-04	1832.00000000	3.21689811e+15	3.34431172e+15	2.97292421e-03
183299	1712.91467803	1833	1.35176991e-04	1833.00000000	3.21691299e+15	3.34432663e+15	2.97293670e-03
183399	1713.81947542	1834	1.35250737e-04	1834.00000000	3.21692782e+15	3.34434150e+15	2.97294916e-03
183499	1714.75112851	1835	1.35324484e-04	1835.00000000	3.21694262e+15	3.34435633e+15	2.97296160e-03
183599	1715.68325374	1836	1.35398230e-04	1836.00000000	3.21695739e+15	3.34437113e+15	2.97297399e-03
183699	1716.59464650	1837	1.35471976e-04	1837.00000000	3.21697211e+15	3.34438588e+15	2.97298636e-03
183799	1717.53670789	1838	1.35545723e-04	1838.00000000	3.21698680e+15	3.34440060e+15	2.97299870e-03
183899	1718.45734345	1839	1.35619469e-04	1839.00000000	3.21700144e+15	3.34441528e+15	2.97301100e-03
183999	1719.38579051	1840	1.35693215e-04	1840.00000000	3.21701605e+15	3.34442992e+15	2.97302327e-03
184099	1720.31884968	1841	1.35766962e-04	1841.00000000	3.21703063e+15	3.34444453e+15	2.97303551e-03
184199	1721.22319536	1842	1.35840708e-04	1842.00000000	3.21704516e+15	3.34445909e+15	2.97304772e-03
184299	1722.12062841	1843	1.35914454e-04	1843.00000000	3.21705966e+15	3.34447362e+15	2.97305990e-03
184399	1723.02602329	1844	1.35988201e-04	1844.00000000	3.21707412e+15	3.34448812e+15	2.97307204e-03
184499	1723.94239693	1845	1.36061947e-04	1845.00000000	3.21708855e+15	3.34450257e+15	2.97308416e-03
184599	1724.85675951	1846	1.36135693e-04	1846.00000000	3.21710293e+15	3.34451699e+15	2.97309624e-03
184699	1725.76417042	1847	1.36209440e-04	1847.00000000	3.21711728e+15	3.34453137e+15	2.97310829e-03
184799	1726.66556769	1848	1.36283186e-04	1848.00000000	3.21713159e+15	3.34454571e+15	2.97312032e-03
184899	1727.58354430	1849	1.36356932e-04	1849.00000000	3.21714587e+15	3.34456002e+15	2.97313231e-03
184999	1728.50138050	1850	1.36430678e-04	1850.00000000	3.21716011e+15	3.34457429e+15	2.97314427e-03
185099	1729.44164577	1851	1.36504425e-04	1851.00000000	3.21717431e+15	3.34458853e+15	2.97315620e-03
185199	1730.36570426	1852	1.36578171e-04	1852.00000000	3.21718848e+15	3.34460272e+15	2.97316809e-03
185299	1731.29358392	1853	1.36651917e-04	1853.00000000	3.21720261e+15	3.34461688e+15	2.97317996e-03
185399	1732.20992259	1854	1.36725664e-04	1854.00000000	3.21721670e+15	3.34463101e+15	2.97319180e-03
185499	1733.13020408	1855	1.36799410e-04	1855.00000000	3.21723076e+15	3.34464510e+15	2.97320361e-03
185599	1734.05694302	1856	1.36873156e-04	1856.00000000	3.21724478e+15	3.34465915e+15	2.97321538e-03
185699	1734.97885025	1857	1.36946903e-04	1857.00000000	3.21725876e+15	3.34467316e+15	2.97322713e-03
185799	1735.90476488	1858	1.37020649e-04	1858.00000000	3.21727271e+15	3.34468714e+15	2.97323885e-03
185899	1736.81158000	1859	1.37094395e-04	1859.00000000	3.21728662e+15	3.34470108e+15	2.97325053e-03
185999	1737.70001843	1860	1.37168142e-04	1860.00000000	3.21730050e+15	3.34471499e+15	2.97326219e-03
186099	1738.60078986	1861	1.37241888e-04	1861.00000000	3.21731434e+15	3.34472886e+15	2.97327381e-03
186199	1739.50007146	1862	1.37315634e-04	1862.00000000	3.21732814e+15	3.34474269e+15	2.97328541e-03
186299	1740.39657994	1863	1.37389381e-04	1863.00000000	3.21734191e+15	3.34475649e+15	2.97329697e-03
186399	1741.29541289	1864	1.37463127e-04	1864.00000000	3.21735564e+15	3.34477025e+15	2.97330851e-03
186499	1742.20572545	1865	1.37536873e-04	1865.00000000	3.21736934e+15	3.34478398e+15	2.97332001e-03
186599	1743.10626406	1866	1.37610619e-04	1866.00000000	3.21738300e+15	3.34479767e+15	2.97333149e-03
186699	1743.98963223	1867	1.37684366e-04	1867.00000000	3.21739663e+15	3.34481132e+15	2.97334293e-03
186799	1744.89616132	1868	1.37758112e-04	1868.00000000	3.21741022e+15	3.34482494e+15	2.97335435e-03
186899	1745.79927378	1869	1.37831858e-04	1869.00000000	3.21742377e+15	3.34483853e+15	2.97336573e-03
186999	1746.72101729	1870	1.37905605e-04	1870.00000000	3.21743729e+15	3.34485208e+15	2.97337709e-03
187099	1747.65548912	1871	1.37979351e-04	1871.00000000	3.21745078e+15	3.34486559e+15	2.97338842e-03
187199	1748.59178869	1872	1.38053097e-04	1872.00000000	3.21746423e+15	3.34487907e+15	2.97339972e-03
187299	1749.53026809	1873	1.38126844e-04	1873.00000000	3.21747764e+15	3.34489252e+15	2.97341098e-03
187399	1750.47582006	1874	1.38200590e-04	1874.00000000	3.21749103e+15	3.34490593e+15	2.97342222e-03
187499	1751.40551274	1875	1.38274336e-04	1875.00000000	3.21750437e+15	3.34491931e+15	2.97343344e-03
187599	1752.33980368	1876	1.38348083e-04	1876.00000000	3.21751768e+15	3.34493265e+15	2.97344462e-03
187699	1753.25457861	1877	1.38421829e-04	1877.00000000	3.21753096e+15	3.34494595e+15	2.97345577e-03
187799	1754.16816888	1878	1.38495575e-04	1878.00000000	3.21754420e+15	3.34495922e+15	2.97346689e-03
187899	1755.07177585	1879	1.38569322e-04	1879.00000000	3.21755741e+15	3.34497246e+15	2.97347799e-03
187999	1755.97260492	1880	1.38643068e-04	1880.00000000	3.21757058e+15	3.34498566e+15	2.97348905e-03
188099	1756.90260363	1881	1.38716814e-04	1881.00000000	3.21758372e+15	3.34499883e+15	2.97350009e-03
188199	1757.81910054	1882	1.38790560e-04	1882.00000000	3.21759682e+15	3.34501196e+15	2.97351110e-03
188299	1758.75250184	1883	1.38864307e-04	1883.00000000	3.21760989e+15	3.34502506e+15	2.97352208e-03
188399	1759.65142253	1884	1.38938053e-04	1884.00000000	3.21762293e+15	3.34503812e+15	2.97353303e-03
188499	1760.56169405	1885	1.39011799e-04	1885.00000000	3.21763593e+15	3.34505115e+15	2.97354395e-03
188599	1761.44440193	1886	1.39085546e-04	1886.00000000	3.21764889e+15	3.34506414e+15	2.97355484e-03
188699	1762.35728273	1887	1.39159292e-04	1887.00000000	3.21766183e+15	3.34507710e+15	2.97356570e-03
188799	1763.28773828	1888	1.39233038e-04	1888.00000000	3.21767473e+15	3.34509003e+15	2.97357654e-03
188899	1764.21629778	1889	1.39306785e-04	1889.00000000	3.21768759e+15	3.34510292e+15	2.97358735e-03
188999	1765.15405950	1890	1.39380531e-04	1890.00000000	3.21770042e+15	3.34511578e+15	2.97359812e-03
189099	1766.07774291	1891	1.39454277e-04	1891.00000000	3.21771322e+15	3.34512861e+15	2.97360887e-03
189199	1766.99935063	1892	1.39528024e-04	1892.00000000	3.21772598e+15	3.34514140e+15	2.97361960e-03
189299	1767.92064919	1893	1.39601770e-04	1893.00000000	3.21773871e+15	3.34515416e+15	2.97363029e-03
189399	1768.84898612	1894	1.39675516e-04	1894.00000000	3.21775141e+15	3.34516688e+15	2.97364096e-03
189499	1769.78564048	1895	1.39749263e-04	1895.00000000	3.21776407e+15	3.34517957e+15	2.97365159e-03
189599	1770.70114853	1896	1.39823009e-04	1896.00000000	3.21777670e+15	3.34519223e+15	2.97366220e-03
189699	1771.61673948	1897	1.39896755e-04	1897.00000000	3.21778930e+15	3.34520485e+15	2.97367279e-03
189799	1772.54206138	1898	1.39970501e-04	1898.00000000	3.21780186e+15	3.34521745e+15	2.97368334e-03
189899	1773.47370165	1899	1.40044248e-04	1899.00000000	3.21781439e+15	3.34523000e+15	2.97369387e-03
189999	1774.39458172	1900	1.40117994e-04	1900.00000000	3.21782689e+15	3.34524253e+15	2.97370436e-03
190099	1775.31564252	1901	1.40191740e-04	1901.00000000	3.21783936e+15	3.34525502e+15	2.97371484e-03
190199	1776.20789298	1902	1.40265487e-04	1902.00000000	3.21785179e+15	3.34526748e+15	2.97372528e-03
190299	1777.11179743	1903	1.40339233e-04	1903.00000000	3.21786419e+15	3.34527991e+15	2.97373570e-03
190399	1778.03035950	1904	1.40412979e-04	1904.00000000	3.21787656e+15	3.34529230e+15	2.97374609e-03
190499	1778.94130031	1905	1.40486726e-04	1905.00000000	3.21788889e+15	3.34530467e+15	2.97375645e-03
190599	1779.86439854	1906	1.40560472e-04	1906.00000000	3.21790120e+15	3.34531700e+15	2.97376678e-03
190699	1780.80517616	1907	1.40634218e-04	1907.00000000	3.21791347e+15	3.34532929e+15	2.97377709e-03
190799	1781.73704665	1908	1.40707965e-04	1908.00000000	3.21792571e+15	3.34534156e+15	2.97378737e-03
190899	1782.63133351	1909	1.40781711e-04	1909.00000000	3.21793791e+15	3.34535379e+15	2.97379763e-03
190999	1783.54199406	1910	1.40855457e-04	1910.00000000	3.21795009e+15	3.34536599e+15	2.97380785e-03
191099	1784.47958677	1911	1.40929204e-04	1911.00000000	3.21796223e+15	3.34537816e+15	2.97381805e-03
191199	1785.40737794	1912	1.41002950e-04	1912.00000000	3.21797434e+15	3.34539030e+15	2.97382823e-03
191299	1786.34168543	1913	1.41076696e-04	1913.00000000	3.21798642e+15	3.34540241e+15	2.97383837e-03
191399	1787.26830327	1914	1.41150442e-04	1914.00000000	3.21799847e+15	3.34541448e+15	2.97384849e-03
191499	1788.20897671	1915	1.41224189e-04	1915.00000000	3.21801049e+15	3.34542653e+15	2.97385859e-03
191599	1789.12676358	1916	1.41297935e-04	1916.00000000	3.21802247e+15	3.34543854e+15	2.97386866e-03
191699	1790.01360278	1917	1.41371681e-04	1917.00000000	3.21803443e+15	3.34545052e+15	2.97387870e-03
191799	1790.90989935	1918	1.41445428e-04	1918.00000000	3.21804635e+15	3.34546247e+15	2.97388871e-03
191899	1791.81108087	1919	1.41519174e-04	1919.00000000	3.21805824e+15	3.34547438e+15	2.97389870e-03
191999	1792.70389446	1920	1.41592920e-04	1920.00000000	3.21807010e+15	3.34548627e+15	2.97390867e-03
192099	1793.61961203	1921	1.41666667e-04	1921.00000000	3.21808193e+15	3.34549813e+15	2.97391860e-03
192199	1794.52900544	1922	1.41740413e-04	1922.00000000	3.21809373e+15	3.34550995e+15	2.97392852e-03
192299	1795.42242181	1923	1.41814159e-04	1923.00000000	3.21810550e+15	3.34552174e+15	2.97393840e-03
192399	1796.33252570	1924	1.41887906e-04	1924.00000000	3.21811724e+15	3.34553351e+15	2.97394826e-03
192499	1797.22246541	1925	1.41961652e-04	1925.00000000	3.21812894e+15	3.34554524e+15	2.97395809e-03
192599	1798.13791990	1926	1.42035398e-04	1926.00000000	3.21814062e+15	3.34555694e+15	2.97396790e-03
192699	1799.06086559	1927	1.42109145e-04	1927.00000000	3.21815227e+15	3.34556861e+15	2.97397769e-03
192799	1799.98977555	1928	1.42182891e-04	1928.00000000	3.21816388e+15	3.34558025e+15	2.97398744e-03
192899	1800.92768502	1929	1.42256637e-04	1929.00000000	3.21817547e+15	3.34559186e+15	2.97399717e-03
192999	1801.84271568	1930	1.42330383e-04	1930.00000000	3.21818702e+15	3.34560344e+15	2.97400688e-03
193099	1802.75019722	1931	1.42404130e-04	1931.00000000	3.21819855e+15	3.34561499e+15	2.97401656e-03
193199	1803.67128037	1932	1.42477876e-04	1932.00000000	3.21821004e+15	3.34562651e+15	2.97402622e-03
193299	1804.59509266	1933	1.42551622e-04	1933.00000000	3.21822151e+15	3.34563800e+15	2.97403585e-03
193399	1805.49165133	1934	1.42625369e-04	1934.00000000	3.21823294e+15	3.34564946e+15	2.97404546e-03
193499	1806.39462747	1935	1.42699115e-04	1935.00000000	3.21824435e+15	3.34566089e+15	2.97405504e-03
193599	1807.30012574	1936	1.42772861e-04	1936.00000000	3.21825572e+15	3.34567229e+15	2.97406459e-03
193699	1808.21865015	1937	1.42846608e-04	1937.00000000	3.21826707e+15	3.34568366e+15	2.97407412e-03
193799	1809.13576980	1938	1.42920354e-04	1938.00000000	3.21827838e+15	3.34569501e+15	2.97408363e-03
193899	1810.03127325	1939	1.42994100e-04	1939.00000000	3.21828967e+15	3.34570632e+15	2.97409311e-03
193999	1810.93606019	1940	1.43067847e-04	1940.00000000	3.21830093e+15	3.34571760e+15	2.97410257e-03
194099	1811.83396042	1941	1.43141593e-04	1941.00000000	3.21831216e+15	3.34572885e+15	2.97411200e-03
194199	1812.72602335	1942	1.43215339e-04	1942.00000000	3.21832336e+15	3.34574008e+15	2.97412141e-03
194299	1813.63783072	1943	1.43289086e-04	1943.00000000	3.21833453e+15	3.34575127e+15	2.97413079e-03
194399	1814.54029303	1944	1.43362832e-04	1944.00000000	3.21834567e+15	3.34576243e+15	2.97414015e-03
194499	1815.44006963	1945	1.43436578e-04	1945.00000000	3.21835678e+15	3.34577357e+15	2.97414948e-03
194599	1816.33701916	1946	1.43510324e-04	1946.00000000	3.21836786e+15	3.34578468e+15	2.97415879e-03
194699	1817.23853938	1947	1.43584071e-04	1947.00000000	3.21837892e+15	3.34579575e+15	2.97416808e-03
194799	1818.13918920	1948	1.43657817e-04	1948.00000000	3.21838994e+15	3.34580680e+15	2.97417734e-03
194899	1819.06190441	1949	1.43731563e-04	1949.00000000	3.21840094e+15	3.34581782e+15	2.97418658e-03
194999	1819.96201790	1950	1.43805310e-04	1950.00000000	3.21841190e+15	3.34582882e+15	2.97419579e-03
195099	1820.89780944	1951	1.43879056e-04	1951.00000000	3.21842284e+15	3.34583978e+15	2.97420498e-03
195199	1821.81584394	1952	1.43952802e-04	1952.00000000	3.21843375e+15	3.34585071e+15	2.97421415e-03
195299	1822.74923736	1953	1.44026549e-04	1953.00000000	3.21844464e+15	3.34586162e+15	2.97422329e-03
195399	1823.68626465	1954	1.44100295e-04	1954.00000000	3.21845549e+15	3.34587250e+15	2.97423241e-03
195499	1824.60764930	1955	1.44174041e-04	1955.00000000	3.21846632e+15	3.34588335e+15	2.97424150e-03
195599	1825.54565916	1956	1.44247788e-04	1956.00000000	3.21847712e+15	3.34589417e+15	2.97425057e-03
195699	1826.45333454	1957	1.44321534e-04	1957.00000000	3.21848789e+15	3.34590496e+15	2.97425962e-03
195799	1827.35506109	1958	1.44395280e-04	1958.00000000	3.21849863e+15	3.34591573e+15	2.97426864e-03
195899	1828.24200350	1959	1.44469027e-04	1959.00000000	3.21850934e+15	3.34592646e+15	2.97427764e-03
195999	1829.14766443	1960	1.44542773e-04	1960.00000000	3.21852003e+15	3.34593717e+15	2.97428662e-03
196099	1830.03714116	1961	1.44616519e-04	1961.00000000	3.21853069e+15	3.34594786e+15	2.97429557e-03
196199	1830.92487682	1962	1.44690265e-04	1962.00000000	3.21854132e+15	3.34595851e+15	2.97430450e-03
196299	1831.82478988	1963	1.44764012e-04	1963.00000000	3.21855192e+15	3.34596914e+15	2.97431341e-03
196399	1832.72881150	1964	1.44837758e-04	1964.00000000	3.21856250e+15	3.34597974e+15	2.97432229e-03
196499	1833.63897607	1965	1.44911504e-04	1965.00000000	3.21857305e+15	3.34599031e+15	2.97433116e-03
196599	1834.53043936	1966	1.44985251e-04	1966.00000000	3.21858357e+15	3.34600085e+15	2.97433999e-03
196699	1835.42506224	1967	1.45058997e-04	1967.00000000	3.21859406e+15	3.34601137e+15	2.97434881e-03
196799	1836.31556445	1968	1.45132743e-04	1968.00000000	3.21860453e+15	3.34602186e+15	2.97435760e-03
196899	1837.24289231	1969	1.45206490e-04	1969.00000000	3.21861497e+15	3.34603232e+15	2.97436637e-03
196999	1838.16349066	1970	1.45280236e-04	1970.00000000	3.21862538e+15	3.34604275e+15	2.97437512e-03
197099	1839.06743230	1971	1.45353982e-04	1971.00000000	3.21863577e+15	3.34605316e+15	2.97438384e-03
197199	1839.98545416	1972	1.45427729e-04	1972.00000000	3.21864612e+15	3.34606354e+15	2.97439254e-03
197299	1840.92848955	1973	1.45501475e-04	1973.00000000	3.21865646e+15	3.34607390e+15	2.97440122e-03
197399	1841.84566917	1974	1.45575221e-04	1974.00000000	3.21866676e+15	3.34608423e+15	2.97440988e-03
197499	1842.76570156	1975	1.45648968e-04	1975.00000000	3.21867704e+15	3.34609453e+15	2.97441851e-03
197599	1843.68345479	1976	1.45722714e-04	1976.00000000	3.21868729e+15	3.34610480e+15	2.97442712e-03
197699	1844.61341501	1977	1.45796460e-04	1977.00000000	3.21869752e+15	3.34611505e+15	2.97443571e-03
197799	1845.53666124	1978	1.45870206e-04	1978.00000000	3.21870771e+15	3.34612527e+15	2.97444428e-03
197899	1846.42989298	1979	1.45943953e-04	1979.00000000	3.21871789e+15	3.34613546e+15	2.97445282e-03
197999	1847.35255828	1980	1.46017699e-04	1980.00000000	3.21872803e+15	3.34614563e+15	2.97446135e-03
198099	1848.26044603	1981	1.46091445e-04	1981.00000000	3.21873815e+15	3.34615577e+15	2.97446985e-03
198199	1849.17372973	1982	1.46165192e-04	1982.00000000	3.21874824e+15	3.34616589e+15	2.97447832e-03
198299	1850.08895435	1983	1.46238938e-04	1983.00000000	3.21875831e+15	3.34617597e+15	2.97448678e-03
198399	1850.97670656	1984	1.46312684e-04	1984.00000000	3.21876835e+15	3.34618604e+15	2.97449521e-03
198499	1851.88988591	1985	1.46386431e-04	1985.00000000	3.21877837e+15	3.34619607e+15	2.97450363e-03
198599	1852.80291958	1986	1.46460177e-04	1986.00000000	3.21878836e+15	3.34620608e+15	2.97451202e-03
198699	1853.70422561	1987	1.46533923e-04	1987.00000000	3.21879832e+15	3.34621607e+15	2.97452039e-03
198799	1854.60500490	1988	1.46607670e-04	1988.00000000	3.21880826e+15	3.34622603e+15	2.97452873e-03
198899	1855.55176746	1989	1.46681416e-04	1989.00000000	3.21881817e+15	3.34623596e+15	2.97453706e-03
198999	1856.47379724	1990	1.46755162e-04	1990.00000000	3.21882805e+15	3.34624587e+15	2.97454536e-03
199099	1857.40675475	1991	1.46828909e-04	1991.00000000	3.21883791e+15	3.34625575e+15	2.97455365e-03
199199	1858.31930494	1992	1.46902655e-04	1992.00000000	3.21884775e+15	3.34626560e+15	2.97456191e-03
199299	1859.23799896	1993	1.46976401e-04	1993.00000000	3.21885755e+15	3.34627543e+15	2.97457014e-03
199399	1860.16085935	1994	1.47050147e-04	1994.00000000	3.21886733e+15	3.34628523e+15	2.97457836e-03
199499	1861.07037916	1995	1.47123894e-04	1995.00000000	3.21887709e+15	3.34629501e+15	2.97458656e-03
199599	1861.97870971	1996	1.47197640e-04	1996.00000000	3.21888682e+15	3.34630476e+15	2.97459473e-03
199699	1862.89499784	1997	1.47271386e-04	1997.00000000	3.21889653e+15	3.34631449e+15	2.97460288e-03
199799	1863.81056530	1998	1.47345133e-04	1998.00000000	3.21890621e+15	3.34632419e+15	2.97461101e-03
199899	1864.73315638	1999	1.47418879e-04	1999.00000000	3.21891586e+15	3.34633386e+15	2.97461912e-03
199999	1865.63410029	2000	1.47492625e-04	2000.00000000	3.21892549e+15	3.34634351e+15	2.97462721e-03
200099	1866.56499375	2001	1.47566372e-04	2001.00000000	3.21893509e+15	3.34635314e+15	2.97463528e-03
200199	1867.49032561	2002	1.47640118e-04	2002.00000000	3.21894467e+15	3.34636274e+15	2.97464332e-03
200299	1868.38614158	2003	1.47713864e-04	2003.00000000	3.21895422e+15	3.34637231e+15	2.97465135e-03
200399	1869.29833738	2004	1.47787611e-04	2004.00000000	3.21896375e+15	3.34638186e+15	2.97465935e-03
200499	1870.18907907	2005	1.47861357e-04	2005.00000000	3.21897325e+15	3.34639138e+15	2.97466733e-03
200599	1871.09156880	2006	1.47935103e-04	2006.00000000	3.21898273e+15	3.34640088e+15	2.97467530e-03
200699	1871.99493221	2007	1.48008850e-04	2007.00000000	3.21899218e+15	3.34641035e+15	2.97468324e-03
200799	1872.90854152	2008	1.48082596e-04	2008.00000000	3.21900161e+15	3.34641980e+15	2.97469116e-03
200899	1873.82053348	2009	1.48156342e-04	2009.00000000	3.21901101e+15	3.34642922e+15	2.97469905e-03
200999	1874.75349093	2010	1.48230088e-04	2010.00000000	3.21902039e+15	3.34643862e+15	2.97470693e-03
201099	1875.66460902	2011	1.48303835e-04	2011.00000000	3.21902974e+15	3.34644799e+15	2.97471479e-03
201199	1876.58684095	2012	1.48377581e-04	2012.00000000	3.21903907e+15	3.34645734e+15	2.97472263e-03
201299	1877.50632483	2013	1.48451327e-04	2013.00000000	3.21904838e+15	3.34646667e+15	2.97473044e-03
201399	1878.41869707	2014	1.48525074e-04	2014.00000000	3.21905766e+15	3.34647597e+15	2.97473824e-03
201499	1879.32431264	2015	1.48598820e-04	2015.00000000	3.21906691e+15	3.34648524e+15	2.97474601e-03
201599	1880.25193150	2016	1.48672566e-04	2016.00000000	3.21907614e+15	3.34649449e+15	2.97475376e-03
201699	1881.17314346	2017	1.48746313e-04	2017.00000000	3.21908535e+15	3.34650372e+15	2.97476150e-03
201799	1882.08179807	2018	1.48820059e-04	2018.00000000	3.21909453e+15	3.34651292e+15	2.97476921e-03
201899	1882.97438919	2019	1.48893805e-04	2019.00000000	3.21910369e+15	3.34652210e+15	2.97477691e-03
201999	1883.88310630	2020	1.48967552e-04	2020.00000000	3.21911282e+15	3.34653125e+15	2.97478458e-03
202099	1884.80111284	2021	1.49041298e-04	2021.00000000	3.21912193e+15	3.34654038e+15	2.97479223e-03
202199	1885.71825960	2022	1.49115044e-04	2022.00000000	3.21913102e+15	3.34654949e+15	2.97479986e-03
202299	1886.64461957	2023	1.49188791e-04	2023.00000000	3.21914008e+15	3.34655857e+15	2.97480748e-03
202399	1887.56540115	2024	1.49262537e-04	2024.00000000	3.21914912e+15	3.34656763e+15	2.97481507e-03
202499	1888.46202270	2025	1.49336283e-04	2025.00000000	3.21915814e+15	3.34657666e+15	2.97482264e-03
202599	1889.35107050	2026	1.49410029e-04	2026.00000000	3.21916713e+15	3.34658567e+15	2.97483020e-03
202699	1890.23494053	2027	1.49483776e-04	2027.00000000	3.21917610e+15	3.34659466e+15	2.97483773e-03
202799	1891.12746529	2028	1.49557522e-04	2028.00000000	3.21918504e+15	3.34660363e+15	2.97484524e-03
202899	1892.01257766	2029	1.49631268e-04	2029.00000000	3.21919396e+15	3.34661257e+15	2.97485274e-03
202999	1892.89002712	2030	1.49705015e-04	2030.00000000	3.21920286e+15	3.34662148e+15	2.97486021e-03
203099	1893.76548527	2031	1.49778761e-04	2031.00000000	3.21921173e+15	3.34663038e+15	2.97486766e-03
203199	1894.67491098	2032	1.49852507e-04	2032.00000000	3.21922058e+15	3.34663925e+15	2.97487510e-03
203299	1895.59182891	2033	1.49926254e-04	2033.00000000	3.21922941e+15	3.34664809e+15	2.97488252e-03
203399	1896.48387842	2034	1.50000000e-04	2034.00000000	3.21923822e+15	3.34665692e+15	2.97488991e-03
203499	1897.41900682	2035	1.50073746e-04	2035.00000000	3.21924700e+15	3.34666572e+15	2.97489729e-03
203599	1898.32427691	2036	1.50147493e-04	2036.00000000	3.21925576e+15	3.34667449e+15	2.97490465e-03
203699	1899.22718465	2037	1.50221239e-04	2037.00000000	3.21926449e+15	3.34668325e+15	2.97491198e-03
203799	1900.14910628	2038	1.50294985e-04	2038.00000000	3.21927320e+15	3.34669198e+15	2.97491930e-03
203899	1901.05365476	2039	1.50368732e-04	2039.00000000	3.21928189e+15	3.34670069e+15	2.97492660e-03
203999	1901.95408989	2040	1.50442478e-04	2040.00000000	3.21929056e+15	3.34670937e+15	2.97493388e-03
204099	1902.86026677	2041	1.50516224e-04	2041.00000000	3.21929921e+15	3.34671804e+15	2.97494115e-03
204199	1903.77437781	2042	1.50589971e-04	2042.00000000	3.21930783e+15	3.34672668e+15	2.97494839e-03
204299	1904.67192117	2043	1.50663717e-04	2043.00000000	3.21931643e+15	3.34673530e+15	2.97495561e-03
204399	1905.58304375	2044	1.50737463e-04	2044.00000000	3.21932500e+15	3.34674389e+15	2.97496282e-03
204499	1906.49516522	2045	1.50811209e-04	2045.00000000	3.21933356e+15	3.34675246e+15	2.97497000e-03
204599	1907.38582450	2046	1.50884956e-04	2046.00000000	3.21934209e+15	3.34676102e+15	2.97497717e-03
204699	1908.28006380	2047	1.50958702e-04	2047.00000000	3.21935060e+15	3.34676954e+15	2.97498432e-03
204799	1909.18113171	2048	1.51032448e-04	2048.00000000	3.21935909e+15	3.34677805e+15	2.97499145e-03
204899	1910.09251083	2049	1.51106195e-04	2049.00000000	3.21936755e+15	3.34678653e+15	2.97499856e-03
204999	1911.01480513	2050	1.51179941e-04	2050.00000000	3.21937600e+15	3.34679499e+15	2.97500565e-03
205099	1911.93491319	2051	1.51253687e-04	2051.00000000	3.21938442e+15	3.34680343e+15	2.97501272e-03
205199	1912.85990748	2052	1.51327434e-04	2052.00000000	3.21939282e+15	3.34681185e+15	2.97501978e-03
205299	1913.78323564	2053	1.51401180e-04	2053.00000000	3.21940119e+15	3.34682025e+15	2.97502682e-03
205399	1914.70103357	2054	1.51474926e-04	2054.00000000	3.21940955e+15	3.34682862e+15	2.97503384e-03
205499	1915.60766775	2055	1.51548673e-04	2055.00000000	3.21941788e+15	3.34683697e+15	2.97504084e-03
205599	1916.49880520	2056	1.51622419e-04	2056.00000000	3.21942619e+15	3.34684530e+15	2.97504782e-03
205699	1917.43845015	2057	1.51696165e-04	2057.00000000	3.21943448e+15	3.34685361e+15	2.97505478e-03
205799	1918.37164886	2058	1.51769912e-04	2058.00000000	3.21944275e+15	3.34686189e+15	2.97506173e-03
205899	1919.28618399	2059	1.51843658e-04	2059.00000000	3.21945100e+15	3.34687016e+15	2.97506865e-03
205999	1920.23360255	2060	1.51917404e-04	2060.00000000	3.21945923e+15	3.34687840e+15	2.97507556e-03
206099	1921.15527445	2061	1.51991150e-04	2061.00000000	3.21946743e+15	3.34688662e+15	2.97508245e-03
206199	1922.06941296	2062	1.52064897e-04	2062.00000000	3.21947561e+15	3.34689482e+15	2.97508933e-03
206299	1922.99848959	2063	1.52138643e-04	2063.00000000	3.21948377e+15	3.34690300e+15	2.97509618e-03
206399	1923.92494887	2064	1.52212389e-04	2064.00000000	3.21949191e+15	3.34691116e+15	2.97510302e-03
206499	1924.85112232	2065	1.52286136e-04	2065.00000000	3.21950003e+15	3.34691929e+15	2.97510984e-03
206599	1925.77587479	2066	1.52359882e-04	2066.00000000	3.21950813e+15	3.34692741e+15	2.97511664e-03
206699	1926.70811134	2067	1.52433628e-04	2067.00000000	3.21951620e+15	3.34693550e+15	2.97512343e-03
206799	1927.66970524	2068	1.52507375e-04	2068.00000000	3.21952426e+15	3.34694358e+15	2.97513019e-03
206899	1928.61454279	2069	1.52581121e-04	2069.00000000	3.21953229e+15	3.34695163e+15	2.97513694e-03
206999	1929.51603070	2070	1.52654867e-04	2070.00000000	3.21954031e+15	3.34695966e+15	2.97514367e-03
207099	1930.42822857	2071	1.52728614e-04	2071.00000000	3.21954830e+15	3.34696767e+15	2.97515038e-03
207199	1931.31896479	2072	1.52802360e-04	2072.00000000	3.21955627e+15	3.34697566e+15	2.97515708e-03
207299	1932.20064826	2073	1.52876106e-04	2073.00000000	3.21956422e+15	3.34698362e+15	2.97516376e-03
207399	1933.08926021	2074	1.52949853e-04	2074.00000000	3.21957215e+15	3.34699157e+15	2.97517042e-03
207499	1933.98767992	2075	1.53023599e-04	2075.00000000	3.21958006e+15	3.34699950e+15	2.97517706e-03
207599	1934.90272924	2076	1.53097345e-04	2076.00000000	3.21958795e+15	3.34700740e+15	2.97518369e-03
207699	1935.79435868	2077	1.53171091e-04	2077.00000000	3.21959582e+15	3.34701529e+15	2.97519030e-03
207799	1936.73127281	2078	1.53244838e-04	2078.00000000	3.21960367e+15	3.34702315e+15	2.97519689e-03
207899	1937.66625624	2079	1.53318584e-04	2079.00000000	3.21961149e+15	3.34703100e+15	2.97520347e-03
207999	1938.57696869	2080	1.53392330e-04	2080.00000000	3.21961930e+15	3.34703882e+15	2.97521002e-03
208099	1939.50746909	2081	1.53466077e-04	2081.00000000	3.21962709e+15	3.34704662e+15	2.97521656e-03
208199	1940.43333748	2082	1.53539823e-04	2082.00000000	3.21963485e+15	3.34705440e+15	2.97522309e-03
208299	1941.37507160	2083	1.53613569e-04	2083.00000000	3.21964260e+15	3.34706217e+15	2.97522959e-03
208399	1942.29902847	2084	1.53687316e-04	2084.00000000	3.21965032e+15	3.34706991e+15	2.97523608e-03
208499	1943.21407845	2085	1.53761062e-04	2085.00000000	3.21965803e+15	3.34707763e+15	2.97524256e-03
208599	1944.11986256	2086	1.53834808e-04	2086.00000000	3.21966571e+15	3.34708533e+15	2.97524901e-03
208699	1945.04261122	2087	1.53908555e-04	2087.00000000	3.21967338e+15	3.34709302e+15	2.97525545e-03
208799	1945.96466815	2088	1.53982301e-04	2088.00000000	3.21968103e+15	3.34710068e+15	2.97526187e-03
208899	1946.89144463	2089	1.54056047e-04	2089.00000000	3.21968865e+15	3.34710832e+15	2.97526828e-03
208999	1947.80487980	2090	1.54129794e-04	2090.00000000	3.21969626e+15	3.34711594e+15	2.97527467e-03
209099	1948.74429618	2091	1.54203540e-04	2091.00000000	3.21970384e+15	3.34712354e+15	2.97528104e-03
209199	1949.69631695	2092	1.54277286e-04	2092.00000000	3.21971141e+15	3.34713113e+15	2.97528739e-03
209299	1950.61631381	2093	1.54351032e-04	2093.00000000	3.21971896e+15	3.34713869e+15	2.97529373e-03
209399	1951.52048154	2094	1.54424779e-04	2094.00000000	3.21972648e+15	3.34714623e+15	2.97530006e-03
209499	1952.43249455	2095	1.54498525e-04	2095.00000000	3.21973399e+15	3.34715376e+15	2.97530636e-03
209599	1953.35262318	2096	1.54572271e-04	2096.00000000	3.21974148e+15	3.34716126e+15	2.97531265e-03
209699	1954.28595848	2097	1.54646018e-04	2097.00000000	3.21974895e+15	3.34716874e+15	2.97531892e-03
209799	1955.22127085	2098	1.54719764e-04	2098.00000000	3.21975640e+15	3.34717621e+15	2.97532518e-03
209899	1956.12000639	2099	1.54793510e-04	2099.00000000	3.21976382e+15	3.34718365e+15	2.97533142e-03
209999	1957.02939778	2100	1.54867257e-04	2100.00000000	3.21977124e+15	3.34719108e+15	2.97533765e-03
210099	1957.94226855	2101	1.54941003e-04	2101.00000000	3.21977863e+15	3.34719849e+15	2.97534385e-03
210199	1958.86637252	2102	1.55014749e-04	2102.00000000	3.21978600e+15	3.34720587e+15	2.97535005e-03
210299	1959.77270097	2103	1.55088496e-04	2103.00000000	3.21979335e+15	3.34721324e+15	2.97535622e-03
210399	1960.68666016	2104	1.55162242e-04	2104.00000000	3.21980068e+15	3.34722059e+15	2.97536238e-03
210499	1961.59817999	2105	1.55235988e-04	2105.00000000	3.21980800e+15	3.34722792e+15	2.97536853e-03
210599	1962.50895322	2106	1.55309735e-04	2106.00000000	3.21981529e+15	3.34723523e+15	2.97537465e-03
210699	1963.41456678	2107	1.55383481e-04	2107.00000000	3.21982257e+15	3.34724253e+15	2.97538077e-03
210799	1964.33382487	2108	1.55457227e-04	2108.00000000	3.21982983e+15	3.34724980e+15	2.97538686e-03
210899	1965.25096984	2109	1.55530973e-04	2109.00000000	3.21983707e+15	3.34725705e+15	2.97539294e-03
210999	1966.20271533	2110	1.55604720e-04	2110.00000000	3.21984429e+15	3.34726429e+15	2.97539901e-03
211099	1967.13755124	2111	1.55678466e-04	2111.00000000	3.21985149e+15	3.34727151e+15	2.97540506e-03
211199	1968.04535103	2112	1.55752212e-04	2112.00000000	3.21985867e+15	3.34727870e+15	2.97541109e-03
211299	1969.00811534	2113	1.55825959e-04	2113.00000000	3.21986583e+15	3.34728588e+15	2.97541711e-03
211399	1969.92053374	2114	1.55899705e-04	2114.00000000	3.21987298e+15	3.34729304e+15	2.97542311e-03
211499	1970.84590971	2115	1.55973451e-04	2115.00000000	3.21988011e+15	3.34730019e+15	2.97542910e-03
211599	1971.75373270	2116	1.56047198e-04	2116.00000000	3.21988722e+15	3.34730731e+15	2.97543507e-03
211699	1972.69498589	2117	1.56120944e-04	2117.00000000	3.21989430e+15	3.34731441e+15	2.97544102e-03
211799	1973.66419924	2118	1.56194690e-04	2118.00000000	3.21990138e+15	3.34732150e+15	2.97544696e-03
211899	1974.59357587	2119	1.56268437e-04	2119.00000000	3.21990843e+15	3.34732857e+15	2.97545289e-03
211999	1975.50111459	2120	1.56342183e-04	2120.00000000	3.21991546e+15	3.34733562e+15	2.97545879e-03
212099	1976.42561120	2121	1.56415929e-04	2121.00000000	3.21992248e+15	3.34734265e+15	2.97546469e-03
212199	1977.34603409	2122	1.56489676e-04	2122.00000000	3.21992948e+15	3.34734966e+15	2.97547057e-03
212299	1978.26187655	2123	1.56563422e-04	2123.00000000	3.21993646e+15	3.34735666e+15	2.97547643e-03
212399	1979.18406914	2124	1.56637168e-04	2124.00000000	3.21994342e+15	3.34736364e+15	2.97548228e-03
212499	1980.09901849	2125	1.56710914e-04	2125.00000000	3.21995037e+15	3.34737059e+15	2.97548811e-03
212599	1981.01192188	2126	1.56784661e-04	2126.00000000	3.21995729e+15	3.34737753e+15	2.97549393e-03
212699	1981.93630487	2127	1.56858407e-04	2127.00000000	3.21996420e+15	3.34738446e+15	2.97549973e-03
212799	1982.84985430	2128	1.56932153e-04	2128.00000000	3.21997109e+15	3.34739136e+15	2.97550552e-03
212899	1983.77034823	2129	1.57005900e-04	2129.00000000	3.21997796e+15	3.34739825e+15	2.97551129e-03
212999	1984.70718536	2130	1.57079646e-04	2130.00000000	3.21998482e+15	3.34740512e+15	2.97551705e-03
213099	1985.63142285	2131	1.57153392e-04	2131.00000000	3.21999165e+15	3.34741197e+15	2.97552279e-03
213199	1986.55331857	2132	1.57227139e-04	2132.00000000	3.21999847e+15	3.34741880e+15	2.97552852e-03
213299	1987.46505698	2133	1.57300885e-04	2133.00000000	3.22000527e+15	3.34742562e+15	2.97553423e-03
213399	1988.37326506	2134	1.57374631e-04	2134.00000000	3.22001205e+15	3.34743242e+15	2.97553993e-03
213499	1989.29100635	2135	1.57448378e-04	2135.00000000	3.22001882e+15	3.34743920e+15	2.97554561e-03
213599	1990.23383666	2136	1.57522124e-04	2136.00000000	3.22002557e+15	3.34744596e+15	2.97555128e-03
213699	1991.17906268	2137	1.57595870e-04	2137.00000000	3.22003230e+15	3.34745270e+15	2.97555693e-03
213799	1992.11157183	2138	1.57669617e-04	2138.00000000	3.22003901e+15	3.34745943e+15	2.97556257e-03
213899	1993.02088688	2139	1.57743363e-04	2139.00000000	3.22004571e+15	3.34746614e+15	2.97556820e-03
213999	1993.93243949	2140	1.57817109e-04	2140.00000000	3.22005239e+15	3.34747283e+15	2.97557381e-03
214099	1994.81816716	2141	1.57890855e-04	2141.00000000	3.22005905e+15	3.34747951e+15	2.97557940e-03
214199	1995.72823427	2142	1.57964602e-04	2142.00000000	3.22006569e+15	3.34748617e+15	2.97558498e-03
214299	1996.66482164	2143	1.58038348e-04	2143.00000000	3.22007232e+15	3.34749281e+15	2.97559055e-03
214399	1997.59309622	2144	1.58112094e-04	2144.00000000	3.22007893e+15	3.34749943e+15	2.97559610e-03
214499	1998.51988531	2145	1.58185841e-04	2145.00000000	3.22008552e+15	3.34750604e+15	2.97560164e-03
214599	1999.42953704	2146	1.58259587e-04	2146.00000000	3.22009210e+15	3.34751263e+15	2.97560716e-03
214699	2000.34435481	2147	1.58333333e-04	2147.00000000	3.22009866e+15	3.34751920e+15	2.97561267e-03
214799	2001.24279587	2148	1.58407080e-04	2148.00000000	3.22010520e+15	3.34752576e+15	2.97561817e-03
214899	2002.16995338	2149	1.58480826e-04	2149.00000000	3.22011172e+15	3.34753230e+15	2.97562365e-03
214999	2003.06759701	2150	1.58554572e-04	2150.00000000	3.22011823e+15	3.34753882e+15	2.97562911e-03
215099	2003.96246632	2151	1.58628319e-04	2151.00000000	3.22012472e+15	3.34754532e+15	2.97563456e-03
215199	2004.87973820	2152	1.58702065e-04	2152.00000000	3.22013120e+15	3.34755181e+15	2.97564000e-03
215299	2005.80593305	2153	1.58775811e-04	2153.00000000	3.22013765e+15	3.34755828e+15	2.97564543e-03
215399	2006.71036060	2154	1.58849558e-04	2154.00000000	3.22014409e+15	3.34756474e+15	2.97565084e-03
215499	2007.61982182	2155	1.58923304e-04	2155.00000000	3.22015052e+15	3.34757117e+15	2.97565623e-03
215599	2008.50545227	2156	1.58997050e-04	2156.00000000	3.22015692e+15	3.34757760e+15	2.97566162e-03
215699	2009.39973935	2157	1.59070796e-04	2157.00000000	3.22016332e+15	3.34758400e+15	2.97566698e-03
215799	2010.29380950	2158	1.59144543e-04	2158.00000000	3.22016969e+15	3.34759039e+15	2.97567234e-03
215899	2011.17548653	2159	1.59218289e-04	2159.00000000	3.22017605e+15	3.34759676e+15	2.97567768e-03
215999	2012.07769254	2160	1.59292035e-04	2160.00000000	3.22018239e+15	3.34760311e+15	2.97568300e-03
216099	2012.97295746	2161	1.59365782e-04	2161.00000000	3.22018871e+15	3.34760945e+15	2.97568832e-03
216199	2013.89755003	2162	1.59439528e-04	2162.00000000	3.22019502e+15	3.34761577e+15	2.97569362e-03
216299	2014.78946028	2163	1.59513274e-04	2163.00000000	3.22020131e+15	3.34762208e+15	2.97569890e-03
216399	2015.70307212	2164	1.59587021e-04	2164.00000000	3.22020759e+15	3.34762837e+15	2.97570417e-03
216499	2016.62355569	2165	1.59660767e-04	2165.00000000	3.22021385e+15	3.34763464e+15	2.97570943e-03
216599	2017.54151930	2166	1.59734513e-04	2166.00000000	3.22022009e+15	3.34764090e+15	2.97571468e-03
216699	2018.45352268	2167	1.59808260e-04	2167.00000000	3.22022632e+15	3.34764714e+15	2.97571991e-03
216799	2019.35721329	2168	1.59882006e-04	2168.00000000	3.22023253e+15	3.34765336e+15	2.97572512e-03
216899	2020.28743200	2169	1.59955752e-04	2169.00000000	3.22023873e+15	3.34765957e+15	2.97573033e-03
216999	2021.19997855	2170	1.60029499e-04	2170.00000000	3.22024491e+15	3.34766577e+15	2.97573552e-03
217099	2022.10557968	2171	1.60103245e-04	2171.00000000	3.22025107e+15	3.34767194e+15	2.97574070e-03
217199	2023.03593258	2172	1.60176991e-04	2172.00000000	3.22025722e+15	3.34767810e+15	2.97574586e-03
217299	2023.97435407	2173	1.60250737e-04	2173.00000000	3.22026335e+15	3.34768425e+15	2.97575101e-03
217399	2024.88675528	2174	1.60324484e-04	2174.00000000	3.22026946e+15	3.34769038e+15	2.97575615e-03
217499	2025.80346268	2175	1.60398230e-04	2175.00000000	3.22027556e+15	3.34769649e+15	2.97576127e-03
217599	2026.70243422	2176	1.60471976e-04	2176.00000000	3.22028165e+15	3.34770259e+15	2.97576638e-03
217699	2027.65223045	2177	1.60545723e-04	2177.00000000	3.22028772e+15	3.34770867e+15	2.97577148e-03
217799	2028.56129537	2178	1.60619469e-04	2178.00000000	3.22029377e+15	3.34771473e+15	2.97577656e-03
217899	2029.46329238	2179	1.60693215e-04	2179.00000000	3.22029981e+15	3.34772078e+15	2.97578163e-03
217999	2030.37605175	2180	1.60766962e-04	2180.00000000	3.22030583e+15	3.34772682e+15	2.97578669e-03
218099	2031.31076180	2181	1.60840708e-04	2181.00000000	3.22031184e+15	3.34773284e+15	2.97579174e-03
218199	2032.21753065	2182	1.60914454e-04	2182.00000000	3.22031783e+15	3.34773884e+15	2.97579677e-03
218299	2033.15329438	2183	1.60988201e-04	2183.00000000	3.22032380e+15	3.34774483e+15	2.97580179e-03
218399	2034.07212353	2184	1.61061947e-04	2184.00000000	3.22032976e+15	3.34775080e+15	2.97580680e-03
218499	2034.97555056	2185	1.61135693e-04	2185.00000000	3.22033571e+15	3.34775676e+15	2.97581179e-03
218599	2035.90666558	2186	1.61209440e-04	2186.00000000	3.22034164e+15	3.34776270e+15	2.97581677e-03
218699	2036.82946405	2187	1.61283186e-04	2187.00000000	3.22034755e+15	3.34776863e+15	2.97582174e-03
218799	2037.73101875	2188	1.61356932e-04	2188.00000000	3.22035345e+15	3.34777454e+15	2.97582669e-03
218899	2038.62595841	2189	1.61430678e-04	2189.00000000	3.22035934e+15	3.34778044e+15	2.97583163e-03
218999	2039.54224425	2190	1.61504425e-04	2190.00000000	3.22036520e+15	3.34778632e+15	2.97583656e-03
219099	2040.46388942	2191	1.61578171e-04	2191.00000000	3.22037106e+15	3.34779219e+15	2.97584148e-03
219199	2041.37847493	2192	1.61651917e-04	2192.00000000	3.22037690e+15	3.34779804e+15	2.97584639e-03
219299	2042.26927770	2193	1.61725664e-04	2193.00000000	3.22038272e+15	3.34780387e+15	2.97585128e-03
219399	2043.18819825	2194	1.61799410e-04	2194.00000000	3.22038853e+15	3.34780969e+15	2.97585616e-03
219499	2044.09179384	2195	1.61873156e-04	2195.00000000	3.22039432e+15	3.34781550e+15	2.97586102e-03
219599	2045.00747086	2196	1.61946903e-04	2196.00000000	3.22040010e+15	3.34782129e+15	2.97586588e-03
219699	2045.91081510	2197	1.62020649e-04	2197.00000000	3.22040587e+15	3.34782707e+15	2.97587072e-03
219799	2046.83274073	2198	1.62094395e-04	2198.00000000	3.22041161e+15	3.34783283e+15	2.97587555e-03
219899	2047.72711425	2199	1.62168142e-04	2199.00000000	3.22041735e+15	3.34783858e+15	2.97588036e-03
219999	2048.62359971	2200	1.62241888e-04	2200.00000000	3.22042307e+15	3.34784431e+15	2.97588517e-03
220099	2049.54765425	2201	1.62315634e-04	2201.00000000	3.22042877e+15	3.34785003e+15	2.97588996e-03
220199	2050.47292697	2202	1.62389381e-04	2202.00000000	3.22043446e+15	3.34785573e+15	2.97589474e-03
220299	2051.38021858	2203	1.62463127e-04	2203.00000000	3.22044014e+15	3.34786142e+15	2.97589951e-03
220399	2052.31048370	2204	1.62536873e-04	2204.00000000	3.22044580e+15	3.34786709e+15	2.97590426e-03
220499	2053.21636839	2205	1.62610619e-04	2205.00000000	3.22045145e+15	3.34787275e+15	2.97590901e-03
220599	2054.11906506	2206	1.62684366e-04	2206.00000000	3.22045708e+15	3.34787839e+15	2.97591374e-03
220699	2055.00858016	2207	1.62758112e-04	2207.00000000	3.22046270e+15	3.34788402e+15	2.97591846e-03
220799	2055.90103699	2208	1.62831858e-04	2208.00000000	3.22046830e+15	3.34788964e+15	2.97592316e-03
220899	2056.80658712	2209	1.62905605e-04	2209.00000000	3.22047389e+15	3.34789524e+15	2.97592786e-03
220999	2057.71972324	2210	1.62979351e-04	2210.00000000	3.22047947e+15	3.34790083e+15	2.97593254e-03
221099	2058.62518211	2211	1.63053097e-04	2211.00000000	3.22048503e+15	3.34790640e+15	2.97593721e-03
221199	2059.53067059	2212	1.63126844e-04	2212.00000000	3.22049057e+15	3.34791196e+15	2.97594187e-03
221299	2060.43676900	2213	1.63200590e-04	2213.00000000	3.22049611e+15	3.34791750e+15	2.97594652e-03
221399	2061.38224018	2214	1.63274336e-04	2214.00000000	3.22050163e+15	3.34792303e+15	2.97595115e-03
221499	2062.29339301	2215	1.63348083e-04	2215.00000000	3.22050713e+15	3.34792855e+15	2.97595578e-03
221599	2063.18930354	2216	1.63421829e-04	2216.00000000	3.22051262e+15	3.34793405e+15	2.97596039e-03
221699	2064.07861574	2217	1.63495575e-04	2217.00000000	3.22051810e+15	3.34793954e+15	2.97596499e-03
221799	2064.96985025	2218	1.63569322e-04	2218.00000000	3.22052356e+15	3.34794501e+15	2.97596958e-03
221899	2065.87440516	2219	1.63643068e-04	2219.00000000	3.22052901e+15	3.34795048e+15	2.97597415e-03
221999	2066.82898160	2220	1.63716814e-04	2220.00000000	3.22053444e+15	3.34795592e+15	2.97597872e-03
222099	2067.73966842	2221	1.63790560e-04	2221.00000000	3.22053987e+15	3.34796135e+15	2.97598327e-03
222199	2068.65796538	2222	1.63864307e-04	2222.00000000	3.22054527e+15	3.34796677e+15	2.97598781e-03
222299	2069.58379241	2223	1.63938053e-04	2223.00000000	3.22055067e+15	3.34797218e+15	2.97599234e-03
222399	2070.50488363	2224	1.64011799e-04	2224.00000000	3.22055605e+15	3.34797757e+15	2.97599686e-03
222499	2071.44656059	2225	1.64085546e-04	2225.00000000	3.22056141e+15	3.34798295e+15	2.97600137e-03
222599	2072.38940280	2226	1.64159292e-04	2226.00000000	3.22056677e+15	3.34798831e+15	2.97600587e-03
222699	2073.30754647	2227	1.64233038e-04	2227.00000000	3.22057210e+15	3.34799366e+15	2.97601035e-03
222799	2074.25534020	2228	1.64306785e-04	2228.00000000	3.22057743e+15	3.34799900e+15	2.97601482e-03
222899	2075.16484918	2229	1.64380531e-04	2229.00000000	3.22058274e+15	3.34800432e+15	2.97601928e-03
222999	2076.08769940	2230	1.64454277e-04	2230.00000000	3.22058804e+15	3.34800963e+15	2.97602373e-03
223099	2077.02322303	2231	1.64528024e-04	2231.00000000	3.22059333e+15	3.34801493e+15	2.97602817e-03
223199	2077.95537587	2232	1.64601770e-04	2232.00000000	3.22059860e+15	3.34802021e+15	2.97603260e-03
223299	2078.85649221	2233	1.64675516e-04	2233.00000000	3.22060385e+15	3.34802548e+15	2.97603702e-03
223399	2079.77434755	2234	1.64749263e-04	2234.00000000	3.22060910e+15	3.34803074e+15	2.97604142e-03
223499	2080.69117886	2235	1.64823009e-04	2235.00000000	3.22061433e+15	3.34803598e+15	2.97604582e-03
223599	2081.59449261	2236	1.64896755e-04	2236.00000000	3.22061955e+15	3.34804121e+15	2.97605020e-03
223699	2082.52356689	2237	1.64970501e-04	2237.00000000	3.22062475e+15	3.34804642e+15	2.97605457e-03
223799	2083.43994967	2238	1.65044248e-04	2238.00000000	3.22062995e+15	3.34805163e+15	2.97605893e-03
223899	2084.37759925	2239	1.65117994e-04	2239.00000000	3.22063512e+15	3.34805682e+15	2.97606328e-03
223999	2085.31475612	2240	1.65191740e-04	2240.00000000	3.22064029e+15	3.34806199e+15	2.97606762e-03
224099	2086.22876163	2241	1.65265487e-04	2241.00000000	3.22064544e+15	3.34806715e+15	2.97607195e-03
224199	2087.13868022	2242	1.65339233e-04	2242.00000000	3.22065058e+15	3.34807230e+15	2.97607626e-03
224299	2088.05844337	2243	1.65412979e-04	2243.00000000	3.22065570e+15	3.34807744e+15	2.97608057e-03
224399	2088.97218771	2244	1.65486726e-04	2244.00000000	3.22066082e+15	3.34808256e+15	2.97608486e-03
224499	2089.85372849	2245	1.65560472e-04	2245.00000000	3.22066591e+15	3.34808767e+15	2.97608914e-03
224599	2090.72887601	2246	1.65634218e-04	2246.00000000	3.22067100e+15	3.34809277e+15	2.97609342e-03
224699	2091.62478804	2247	1.65707965e-04	2247.00000000	3.22067607e+15	3.34809785e+15	2.97609768e-03
224799	2092.50553357	2248	1.65781711e-04	2248.00000000	3.22068113e+15	3.34810292e+15	2.97610193e-03
224899	2093.45044912	2249	1.65855457e-04	2249.00000000	3.22068618e+15	3.34810798e+15	2.97610617e-03
224999	2094.35453155	2250	1.65929204e-04	2250.00000000	3.22069121e+15	3.34811303e+15	2.97611039e-03
225099	2095.31104989	2251	1.66002950e-04	2251.00000000	3.22069624e+15	3.34811806e+15	2.97611461e-03
225199	2096.22745330	2252	1.66076696e-04	2252.00000000	3.22070124e+15	3.34812308e+15	2.97611882e-03
225299	2097.12814930	2253	1.66150442e-04	2253.00000000	3.22070624e+15	3.34812808e+15	2.97612301e-03
225399	2098.02496785	2254	1.66224189e-04	2254.00000000	3.22071122e+15	3.34813308e+15	2.97612720e-03
225499	2098.92888022	2255	1.66297935e-04	2255.00000000	3.22071619e+15	3.34813806e+15	2.97613137e-03
225599	2099.82099529	2256	1.66371681e-04	2256.00000000	3.22072115e+15	3.34814303e+15	2.97613554e-03
225699	2100.73692726	2257	1.66445428e-04	2257.00000000	3.22072610e+15	3.34814798e+15	2.97613969e-03
225799	2101.62740505	2258	1.66519174e-04	2258.00000000	3.22073103e+15	3.34815292e+15	2.97614383e-03
225899	2102.55235898	2259	1.66592920e-04	2259.00000000	3.22073595e+15	3.34815785e+15	2.97614797e-03
225999	2103.44728651	2260	1.66666667e-04	2260.00000000	3.22074085e+15	3.34816277e+15	2.97615209e-03
226099	2104.36962008	2261	1.66740413e-04	2261.00000000	3.22074575e+15	3.34816768e+15	2.97615620e-03
226199	2105.27978515	2262	1.66814159e-04	2262.00000000	3.22075063e+15	3.34817257e+15	2.97616030e-03
226299	2106.18043017	2263	1.66887906e-04	2263.00000000	3.22075550e+15	3.34817745e+15	2.97616439e-03
226399	2107.10021893	2264	1.66961652e-04	2264.00000000	3.22076036e+15	3.34818232e+15	2.97616847e-03
226499	2108.01268927	2265	1.67035398e-04	2265.00000000	3.22076520e+15	3.34818717e+15	2.97617254e-03
226599	2108.94905308	2266	1.67109145e-04	2266.00000000	3.22077003e+15	3.34819201e+15	2.97617660e-03
226699	2109.91652794	2267	1.67182891e-04	2267.00000000	3.22077485e+15	3.34819684e+15	2.97618064e-03
226799	2110.85414796	2268	1.67256637e-04	2268.00000000	3.22077966e+15	3.34820166e+15	2.97618468e-03
226899	2111.78414058	2269	1.67330383e-04	2269.00000000	3.22078445e+15	3.34820646e+15	2.97618871e-03
226999	2112.73744950	2270	1.67404130e-04	2270.00000000	3.22078924e+15	3.34821126e+15	2.97619273e-03
227099	2113.65814117	2271	1.67477876e-04	2271.00000000	3.22079401e+15	3.34821604e+15	2.97619673e-03
227199	2114.57806034	2272	1.67551622e-04	2272.00000000	3.22079876e+15	3.34822080e+15	2.97620073e-03
227299	2115.49932306	2273	1.67625369e-04	2273.00000000	3.22080351e+15	3.34822556e+15	2.97620471e-03
227399	2116.42613206	2274	1.67699115e-04	2274.00000000	3.22080824e+15	3.34823030e+15	2.97620869e-03
227499	2117.35958484	2275	1.67772861e-04	2275.00000000	3.22081296e+15	3.34823503e+15	2.97621265e-03
227599	2118.29963273	2276	1.67846608e-04	2276.00000000	3.22081767e+15	3.34823975e+15	2.97621661e-03
227699	2119.21236316	2277	1.67920354e-04	2277.00000000	3.22082237e+15	3.34824446e+15	2.97622056e-03
227799	2120.14434614	2278	1.67994100e-04	2278.00000000	3.22082705e+15	3.34824916e+15	2.97622449e-03
227899	2121.05907523	2279	1.68067847e-04	2279.00000000	3.22083173e+15	3.34825384e+15	2.97622841e-03
227999	2121.94820820	2280	1.68141593e-04	2280.00000000	3.22083639e+15	3.34825851e+15	2.97623233e-03
228099	2122.85899154	2281	1.68215339e-04	2281.00000000	3.22084104e+15	3.34826317e+15	2.97623623e-03
228199	2123.75991023	2282	1.68289086e-04	2282.00000000	3.22084567e+15	3.34826781e+15	2.97624013e-03
228299	2124.65629707	2283	1.68362832e-04	2283.00000000	3.22085030e+15	3.34827245e+15	2.97624401e-03
228399	2125.58398226	2284	1.68436578e-04	2284.00000000	3.22085491e+15	3.34827707e+15	2.97624789e-03
228499	2126.50168505	2285	1.68510324e-04	2285.00000000	3.22085951e+15	3.34828168e+15	2.97625175e-03
228599	2127.41276237	2286	1.68584071e-04	2286.00000000	3.22086410e+15	3.34828628e+15	2.97625561e-03
228699	2128.30253436	2287	1.68657817e-04	2287.00000000	3.22086868e+15	3.34829087e+15	2.97625945e-03
228799	2129.22938063	2288	1.68731563e-04	2288.00000000	3.22087324e+15	3.34829544e+15	2.97626329e-03
228899	2130.13213663	2289	1.68805310e-04	2289.00000000	3.22087780e+15	3.34830001e+15	2.97626711e-03
228999	2131.02769885	2290	1.68879056e-04	2290.00000000	3.22088234e+15	3.34830456e+15	2.97627093e-03
229099	2131.94330458	2291	1.68952802e-04	2291.00000000	3.22088687e+15	3.34830910e+15	2.97627473e-03
229199	2132.86777758	2292	1.69026549e-04	2292.00000000	3.22089139e+15	3.34831363e+15	2.97627853e-03
229299	2133.77066389	2293	1.69100295e-04	2293.00000000	3.22089589e+15	3.34831814e+15	2.97628231e-03
229399	2134.68365599	2294	1.69174041e-04	2294.00000000	3.22090039e+15	3.34832265e+15	2.97628609e-03
229499	2135.59676360	2295	1.69247788e-04	2295.00000000	3.22090487e+15	3.34832714e+15	2.97628985e-03
229599	2136.50908574	2296	1.69321534e-04	2296.00000000	3.22090934e+15	3.34833162e+15	2.97629361e-03
229699	2137.43675097	2297	1.69395280e-04	2297.00000000	3.22091380e+15	3.34833609e+15	2.97629735e-03
229799	2138.35446233	2298	1.69469027e-04	2298.00000000	3.22091825e+15	3.34834055e+15	2.97630109e-03
229899	2139.26771120	2299	1.69542773e-04	2299.00000000	3.22092269e+15	3.34834500e+15	2.97630482e-03
229999	2140.19291060	2300	1.69616519e-04	2300.00000000	3.22092712e+15	3.34834943e+15	2.97630854e-03
230099	2141.11290472	2301	1.69690265e-04	2301.00000000	3.22093153e+15	3.34835385e+15	2.97631224e-03
230199	2142.03936399	2302	1.69764012e-04	2302.00000000	3.22093593e+15	3.34835827e+15	2.97631594e-03
230299	2142.97014679	2303	1.69837758e-04	2303.00000000	3.22094032e+15	3.34836267e+15	2.97631963e-03
230399	2143.88695572	2304	1.69911504e-04	2304.00000000	3.22094470e+15	3.34836706e+15	2.97632331e-03
230499	2144.80809715	2305	1.69985251e-04	2305.00000000	3.22094907e+15	3.34837143e+15	2.97632698e-03
230599	2145.72177925	2306	1.70058997e-04	2306.00000000	3.22095343e+15	3.34837580e+15	2.97633064e-03
230699	2146.65229722	2307	1.70132743e-04	2307.00000000	3.22095778e+15	3.34838016e+15	2.97633429e-03
230799	2147.57208485	2308	1.70206490e-04	2308.00000000	3.22096211e+15	3.34838450e+15	2.97633793e-03
230899	2148.49789708	2309	1.70280236e-04	2309.00000000	3.22096643e+15	3.34838883e+15	2.97634156e-03
230999	2149.40954348	2310	1.70353982e-04	2310.00000000	3.22097075e+15	3.34839315e+15	2.97634518e-03
231099	2150.32727859	2311	1.70427729e-04	2311.00000000	3.22097505e+15	3.34839746e+15	2.97634879e-03
231199	2151.25766810	2312	1.70501475e-04	2312.00000000	3.22097934e+15	3.34840176e+15	2.97635240e-03
231299	2152.16472432	2313	1.70575221e-04	2313.00000000	3.22098362e+15	3.34840605e+15	2.97635599e-03
231399	2153.05941693	2314	1.70648968e-04	2314.00000000	3.22098788e+15	3.34841033e+15	2.97635958e-03
231499	2153.96748269	2315	1.70722714e-04	2315.00000000	3.22099214e+15	3.34841459e+15	2.97636315e-03
231599	2154.85697633	2316	1.70796460e-04	2316.00000000	3.22099639e+15	3.34841885e+15	2.97636672e-03
231699	2155.76454736	2317	1.70870206e-04	2317.00000000	3.22100062e+15	3.34842309e+15	2.97637027e-03
231799	2156.67681707	2318	1.70943953e-04	2318.00000000	3.22100485e+15	3.34842733e+15	2.97637382e-03
231899	2157.57485216	2319	1.71017699e-04	2319.00000000	3.22100906e+15	3.34843155e+15	2.97637736e-03
231999	2158.45805916	2320	1.71091445e-04	2320.00000000	3.22101326e+15	3.34843576e+15	2.97638089e-03
232099	2159.34401802	2321	1.71165192e-04	2321.00000000	3.22101745e+15	3.34843996e+15	2.97638441e-03
232199	2160.25579089	2322	1.71238938e-04	2322.00000000	3.22102163e+15	3.34844415e+15	2.97638792e-03
232299	2161.15842171	2323	1.71312684e-04	2323.00000000	3.22102580e+15	3.34844833e+15	2.97639142e-03
232399	2162.08536429	2324	1.71386431e-04	2324.00000000	3.22102996e+15	3.34845250e+15	2.97639492e-03
232499	2163.02345837	2325	1.71460177e-04	2325.00000000	3.22103411e+15	3.34845665e+15	2.97639840e-03
232599	2163.94105302	2326	1.71533923e-04	2326.00000000	3.22103825e+15	3.34846080e+15	2.97640188e-03
232699	2164.87029386	2327	1.71607670e-04	2327.00000000	3.22104238e+15	3.34846494e+15	2.97640534e-03
232799	2165.78265294	2328	1.71681416e-04	2328.00000000	3.22104649e+15	3.34846906e+15	2.97640880e-03
232899	2166.69431535	2329	1.71755162e-04	2329.00000000	3.22105060e+15	3.34847318e+15	2.97641225e-03
232999	2167.61414321	2330	1.71828909e-04	2330.00000000	3.22105470e+15	3.34847728e+15	2.97641569e-03
233099	2168.54719172	2331	1.71902655e-04	2331.00000000	3.22105878e+15	3.34848138e+15	2.97641912e-03
233199	2169.45009447	2332	1.71976401e-04	2332.00000000	3.22106286e+15	3.34848546e+15	2.97642254e-03
233299	2170.38327478	2333	1.72050147e-04	2333.00000000	3.22106692e+15	3.34848953e+15	2.97642596e-03
233399	2171.28630451	2334	1.72123894e-04	2334.00000000	3.22107098e+15	3.34849360e+15	2.97642936e-03
233499	2172.19593656	2335	1.72197640e-04	2335.00000000	3.22107502e+15	3.34849765e+15	2.97643276e-03
233599	2173.10200647	2336	1.72271386e-04	2336.00000000	3.22107905e+15	3.34850169e+15	2.97643615e-03
233699	2174.02270470	2337	1.72345133e-04	2337.00000000	3.22108308e+15	3.34850572e+15	2.97643953e-03
233799	2174.92206951	2338	1.72418879e-04	2338.00000000	3.22108709e+15	3.34850974e+15	2.97644290e-03
233899	2175.84783588	2339	1.72492625e-04	2339.00000000	3.22109109e+15	3.34851376e+15	2.97644626e-03
233999	2176.75573031	2340	1.72566372e-04	2340.00000000	3.22109508e+15	3.34851776e+15	2.97644961e-03
234099	2177.68861033	2341	1.72640118e-04	2341.00000000	3.22109907e+15	3.34852175e+15	2.97645296e-03
234199	2178.59020134	2342	1.72713864e-04	2342.00000000	3.22110304e+15	3.34852573e+15	2.97645629e-03
234299	2179.49996391	2343	1.72787611e-04	2343.00000000	3.22110700e+15	3.34852970e+15	2.97645962e-03
234399	2180.43175452	2344	1.72861357e-04	2344.00000000	3.22111095e+15	3.34853366e+15	2.97646294e-03
234499	2181.36195568	2345	1.72935103e-04	2345.00000000	3.22111489e+15	3.34853761e+15	2.97646625e-03
234599	2182.29392494	2346	1.73008850e-04	2346.00000000	3.22111883e+15	3.34854155e+15	2.97646955e-03
234699	2183.22643986	2347	1.73082596e-04	2347.00000000	3.22112275e+15	3.34854548e+15	2.97647284e-03
234799	2184.11336696	2348	1.73156342e-04	2348.00000000	3.22112666e+15	3.34854940e+15	2.97647613e-03
234899	2184.99895459	2349	1.73230088e-04	2349.00000000	3.22113056e+15	3.34855331e+15	2.97647941e-03
234999	2185.87048239	2350	1.73303835e-04	2350.00000000	3.22113445e+15	3.34855721e+15	2.97648268e-03
235099	2186.76796027	2351	1.73377581e-04	2351.00000000	3.22113833e+15	3.34856110e+15	2.97648614e-03
235199	2187.65985126	2352	1.73451327e-04	2352.00000000	3.22114220e+15	3.34856497e+15	2.97648940e-03
235299	2188.58974738	2353	1.73525074e-04	2353.00000000	3.22114606e+15	3.34856884e+15	2.97649263e-03
235399	2189.51960242	2354	1.73598820e-04	2354.00000000	3.22114990e+15	3.34857269e+15	2.97649585e-03
235499	2190.43254386	2355	1.73672566e-04	2355.00000000	3.22115373e+15	3.34857653e+15	2.97649906e-03
235599	2191.35164372	2356	1.73746313e-04	2356.00000000	3.22115755e+15	3.34858035e+15	2.97650227e-03
235699	2192.26457059	2357	1.73820059e-04	2357.00000000	3.22116136e+15	3.34858417e+15	2.97650541e-03
235799	2193.20208355	2358	1.73893805e-04	2358.00000000	3.22116516e+15	3.34858798e+15	2.97650859e-03
235899	2194.13043667	2359	1.73967552e-04	2359.00000000	3.22116895e+15	3.34859177e+15	2.97651177e-03
235999	2195.05175207	2360	1.74041298e-04	2360.00000000	3.22117273e+15	3.34859556e+15	2.97651489e-03
236099	2195.96617678	2361	1.74115044e-04	2361.00000000	3.22117649e+15	3.34859933e+15	2.97651804e-03
236199	2196.89086639	2362	1.74188791e-04	2362.00000000	3.22118025e+15	3.34860309e+15	2.97652116e-03
236299	2197.81285171	2363	1.74262537e-04	2363.00000000	3.22118400e+15	3.34860684e+15	2.97652430e-03
236399	2198.74108231	2364	1.74336283e-04	2364.00000000	3.22118773e+15	3.34861059e+15	2.97652743e-03
236499	2199.65089317	2365	1.74410029e-04	2365.00000000	3.22119146e+15	3.34861432e+15	2.97653053e-03
236599	2200.54290655	2366	1.74483776e-04	2366.00000000	3.22119518e+15	3.34861805e+15	2.97653365e-03
236699	2201.47066964	2367	1.74557522e-04	2367.00000000	3.22119889e+15	3.34862176e+15	2.97653676e-03
236799	2202.38811765	2368	1.74631268e-04	2368.00000000	3.22120259e+15	3.34862547e+15	2.97653985e-03
236899	2203.30659198	2369	1.74705015e-04	2369.00000000	3.22120628e+15	3.34862916e+15	2.97654295e-03
236999	2204.20967719	2370	1.74778761e-04	2370.00000000	3.22120996e+15	3.34863285e+15	2.97654604e-03
237099	2205.12127765	2371	1.74852507e-04	2371.00000000	3.22121363e+15	3.34863653e+15	2.97654911e-03
237199	2206.04181204	2372	1.74926254e-04	2372.00000000	3.22121729e+15	3.34864020e+15	2.97655218e-03
237299	2206.98824279	2373	1.75000000e-04	2373.00000000	3.22122095e+15	3.34864386e+15	2.97655525e-03
237399	2207.88873782	2374	1.75073746e-04	2374.00000000	3.22122459e+15	3.34864751e+15	2.97655830e-03
237499	2208.79383496	2375	1.75147493e-04	2375.00000000	3.22122823e+15	3.34865116e+15	2.97656135e-03
237599	2209.70122694	2376	1.75221239e-04	2376.00000000	3.22123185e+15	3.34865479e+15	2.97656440e-03
237699	2210.60586620	2377	1.75294985e-04	2377.00000000	3.22123547e+15	3.34865842e+15	2.97656743e-03
237799	2211.53066157	2378	1.75368732e-04	2378.00000000	3.22123908e+15	3.34866203e+15	2.97657046e-03
237899	2212.43674205	2379	1.75442478e-04	2379.00000000	3.22124268e+15	3.34866564e+15	2.97657348e-03
237999	2213.33875696	2380	1.75516224e-04	2380.00000000	3.22124627e+15	3.34866924e+15	2.97657649e-03
238099	2214.24653428	2381	1.75589971e-04	2381.00000000	3.22124986e+15	3.34867283e+15	2.97657950e-03
238199	2215.16938409	2382	1.75663717e-04	2382.00000000	3.22125343e+15	3.34867641e+15	2.97658250e-03
238299	2216.08475766	2383	1.75737463e-04	2383.00000000	3.22125700e+15	3.34867998e+15	2.97658549e-03
238399	2216.99159587	2384	1.75811209e-04	2384.00000000	3.22126055e+15	3.34868354e+15	2.97658848e-03
238499	2217.88136952	2385	1.75884956e-04	2385.00000000	3.22126410e+15	3.34868710e+15	2.97659145e-03
238599	2218.78518947	2386	1.75958702e-04	2386.00000000	3.22126764e+15	3.34869064e+15	2.97659442e-03
238699	2219.68910853	2387	1.76032448e-04	2387.00000000	3.22127117e+15	3.34869418e+15	2.97659739e-03
238799	2220.60118970	2388	1.76106195e-04	2388.00000000	3.22127469e+15	3.34869771e+15	2.97660034e-03
238899	2221.53698996	2389	1.76179941e-04	2389.00000000	3.22127820e+15	3.34870123e+15	2.97660329e-03
238999	2222.45363034	2390	1.76253687e-04	2390.00000000	3.22128171e+15	3.34870474e+15	2.97660624e-03
239099	2223.39196634	2391	1.76327434e-04	2391.00000000	3.22128520e+15	3.34870824e+15	2.97660917e-03
239199	2224.31787588	2392	1.76401180e-04	2392.00000000	3.22128869e+15	3.34871174e+15	2.97661210e-03
239299	2225.23913116	2393	1.76474926e-04	2393.00000000	3.22129217e+15	3.34871522e+15	2.97661502e-03
239399	2226.13822467	2394	1.76548673e-04	2394.00000000	3.22129564e+15	3.34871870e+15	2.97661793e-03
239499	2227.06914684	2395	1.76622419e-04	2395.00000000	3.22129910e+15	3.34872216e+15	2.97662084e-03
239599	2227.99719535	2396	1.76696165e-04	2396.00000000	3.22130255e+15	3.34872562e+15	2.97662373e-03
239699	2228.93914137	2397	1.76769912e-04	2397.00000000	3.22130599e+15	3.34872907e+15	2.97662662e-03
239799	2229.88073851	2398	1.76843658e-04	2398.00000000	3.22130943e+15	3.34873252e+15	2.97662951e-03
239899	2230.81746974	2399	1.76917404e-04	2399.00000000	3.22131285e+15	3.34873595e+15	2.97663239e-03
239999	2231.75827561	2400	1.76991150e-04	2400.00000000	3.22131627e+15	3.34873937e+15	2.97663526e-03
240099	2232.68554935	2401	1.77064897e-04	2401.00000000	3.22131968e+15	3.34874279e+15	2.97663812e-03
240199	2233.59266326	2402	1.77138643e-04	2402.00000000	3.22132308e+15	3.34874620e+15	2.97664097e-03
240299	2234.52772180	2403	1.77212389e-04	2403.00000000	3.22132647e+15	3.34874960e+15	2.97664382e-03
240399	2235.44742741	2404	1.77286136e-04	2404.00000000	3.22132986e+15	3.34875299e+15	2.97664666e-03
240499	2236.35825472	2405	1.77359882e-04	2405.00000000	3.22133323e+15	3.34875637e+15	2.97664950e-03
240599	2237.24730266	2406	1.77433628e-04	2406.00000000	3.22133660e+15	3.34875974e+15	2.97665232e-03
240699	2238.15453625	2407	1.77507375e-04	2407.00000000	3.22133996e+15	3.34876311e+15	2.97665514e-03
240799	2239.05364889	2408	1.77581121e-04	2408.00000000	3.22134331e+15	3.34876646e+15	2.97665796e-03
240899	2239.97695871	2409	1.77654867e-04	2409.00000000	3.22134665e+15	3.34876981e+15	2.97666076e-03
240999	2240.90233375	2410	1.77728614e-04	2410.00000000	3.22134998e+15	3.34877315e+15	2.97666356e-03
241099	2241.81716018	2411	1.77802360e-04	2411.00000000	3.22135331e+15	3.34877648e+15	2.97666635e-03
241199	2242.74868871	2412	1.77876106e-04	2412.00000000	3.22135662e+15	3.34877981e+15	2.97666914e-03
241299	2243.66490250	2413	1.77949853e-04	2413.00000000	3.22135993e+15	3.34878312e+15	2.97667192e-03
241399	2244.59680489	2414	1.78023599e-04	2414.00000000	3.22136323e+15	3.34878643e+15	2.97667469e-03
241499	2245.51894003	2415	1.78097345e-04	2415.00000000	3.22136652e+15	3.34878973e+15	2.97667745e-03
241599	2246.45365152	2416	1.78171091e-04	2416.00000000	3.22136981e+15	3.34879302e+15	2.97668021e-03
241699	2247.36848580	2417	1.78244838e-04	2417.00000000	3.22137308e+15	3.34879630e+15	2.97668296e-03
241799	2248.29302315	2418	1.78318584e-04	2418.00000000	3.22137635e+15	3.34879957e+15	2.97668570e-03
241899	2249.23031269	2419	1.78392330e-04	2419.00000000	3.22137961e+15	3.34880284e+15	2.97668844e-03
241999	2250.17557331	2420	1.78466077e-04	2420.00000000	3.22138286e+15	3.34880610e+15	2.97669117e-03
242099	2251.10613325	2421	1.78539823e-04	2421.00000000	3.22138610e+15	3.34880935e+15	2.97669389e-03
242199	2252.03501545	2422	1.78613569e-04	2422.00000000	3.22138933e+15	3.34881259e+15	2.97669661e-03
242299	2252.96167395	2423	1.78687316e-04	2423.00000000	3.22139256e+15	3.34881582e+15	2.97669932e-03
242399	2253.88697827	2424	1.78761062e-04	2424.00000000	3.22139578e+15	3.34881904e+15	2.97670202e-03
242499	2254.80521894	2425	1.78834808e-04	2425.00000000	3.22139899e+15	3.34882226e+15	2.97670472e-03
242599	2255.73484647	2426	1.78908555e-04	2426.00000000	3.22140219e+15	3.34882547e+15	2.97670740e-03
242699	2256.64366952	2427	1.78982301e-04	2427.00000000	3.22140538e+15	3.34882867e+15	2.97671009e-03
242799	2257.55174252	2428	1.79056047e-04	2428.00000000	3.22140857e+15	3.34883186e+15	2.97671276e-03
242899	2258.46315792	2429	1.79129794e-04	2429.00000000	3.22141175e+15	3.34883505e+15	2.97671543e-03
242999	2259.38360166	2430	1.79203540e-04	2430.00000000	3.22141492e+15	3.34883822e+15	2.97671809e-03
243099	2260.30382761	2431	1.79277286e-04	2431.00000000	3.22141808e+15	3.34884139e+15	2.97672075e-03
243199	2261.23274042	2432	1.79351032e-04	2432.00000000	3.22142123e+15	3.34884455e+15	2.97672340e-03
243299	2262.15733910	2433	1.79424779e-04	2433.00000000	3.22142438e+15	3.34884770e+15	2.97672604e-03
243399	2263.06567536	2434	1.79498525e-04	2434.00000000	3.22142752e+15	3.34885085e+15	2.97672867e-03
243499	2263.98799670	2435	1.79572271e-04	2435.00000000	3.22143065e+15	3.34885398e+15	2.97673130e-03
243599	2264.90402340	2436	1.79646018e-04	2436.00000000	3.22143377e+15	3.34885711e+15	2.97673392e-03
243699	2265.81780824	2437	1.79719764e-04	2437.00000000	3.22143688e+15	3.34886023e+15	2.97673654e-03
243799	2266.75751134	2438	1.79793510e-04	2438.00000000	3.22143999e+15	3.34886335e+15	2.97673915e-03
243899	2267.67768768	2439	1.79867257e-04	2439.00000000	3.22144309e+15	3.34886645e+15	2.97674175e-03
243999	2268.61761721	2440	1.79941003e-04	2440.00000000	3.22144618e+15	3.34886955e+15	2.97674435e-03
244099	2269.56154526	2441	1.80014749e-04	2441.00000000	3.22144926e+15	3.34887264e+15	2.97674694e-03
244199	2270.49558304	2442	1.80088496e-04	2442.00000000	3.22145233e+15	3.34887572e+15	2.97674952e-03
244299	2271.43167694	2443	1.80162242e-04	2443.00000000	3.22145540e+15	3.34887879e+15	2.97675209e-03
244399	2272.35540503	2444	1.80235988e-04	2444.00000000	3.22145846e+15	3.34888186e+15	2.97675466e-03
244499	2273.28499922	2445	1.80309735e-04	2445.00000000	3.22146151e+15	3.34888491e+15	2.97675723e-03
244599	2274.20312836	2446	1.80383481e-04	2446.00000000	3.22146456e+15	3.34888796e+15	2.97675978e-03
244699	2275.11516747	2447	1.80457227e-04	2447.00000000	3.22146759e+15	3.34889101e+15	2.97676233e-03
244799	2276.02152987	2448	1.80530973e-04	2448.00000000	3.22147062e+15	3.34889404e+15	2.97676488e-03
244899	2276.94416126	2449	1.80604720e-04	2449.00000000	3.22147364e+15	3.34889707e+15	2.97676741e-03
244999	2277.87894494	2450	1.80678466e-04	2450.00000000	3.22147665e+15	3.34890009e+15	2.97676994e-03
245099	2278.81838406	2451	1.80752212e-04	2451.00000000	3.22147966e+15	3.34890310e+15	2.97677247e-03
245199	2279.74320758	2452	1.80825959e-04	2452.00000000	3.22148266e+15	3.34890610e+15	2.97677498e-03
245299	2280.65336552	2453	1.80899705e-04	2453.00000000	3.22148565e+15	3.34890910e+15	2.97677750e-03
245399	2281.57841917	2454	1.80973451e-04	2454.00000000	3.22148863e+15	3.34891209e+15	2.97678000e-03
245499	2282.51405599	2455	1.81047198e-04	2455.00000000	3.22149160e+15	3.34891507e+15	2.97678250e-03
245599	2283.43193855	2456	1.81120944e-04	2456.00000000	3.22149457e+15	3.34891804e+15	2.97678499e-03
245699	2284.35501278	2457	1.81194690e-04	2457.00000000	3.22149753e+15	3.34892101e+15	2.97678748e-03
245799	2285.29136629	2458	1.81268437e-04	2458.00000000	3.22150048e+15	3.34892397e+15	2.97678996e-03
245899	2286.23521835	2459	1.81342183e-04	2459.00000000	3.22150343e+15	3.34892692e+15	2.97679243e-03
245999	2287.17062273	2460	1.81415929e-04	2460.00000000	3.22150636e+15	3.34892986e+15	2.97679490e-03
246099	2288.11296424	2461	1.81489676e-04	2461.00000000	3.22150929e+15	3.34893280e+15	2.97679736e-03
246199	2289.03443027	2462	1.81563422e-04	2462.00000000	3.22151222e+15	3.34893573e+15	2.97679981e-03
246299	2289.97076368	2463	1.81637168e-04	2463.00000000	3.22151513e+15	3.34893865e+15	2.97680226e-03
246399	2290.90234333	2464	1.81710914e-04	2464.00000000	3.22151804e+15	3.34894156e+15	2.97680470e-03
246499	2291.85300832	2465	1.81784661e-04	2465.00000000	3.22152094e+15	3.34894447e+15	2.97680714e-03
246599	2292.79463582	2466	1.81858407e-04	2466.00000000	3.22152383e+15	3.34894737e+15	2.97680957e-03
246699	2293.71659310	2467	1.81932153e-04	2467.00000000	3.22152672e+15	3.34895026e+15	2.97681199e-03
246799	2294.64686100	2468	1.82005900e-04	2468.00000000	3.22152959e+15	3.34895314e+15	2.97681441e-03
246899	2295.57343302	2469	1.82079646e-04	2469.00000000	3.22153247e+15	3.34895602e+15	2.97681682e-03
246999	2296.51047396	2470	1.82153392e-04	2470.00000000	3.22153533e+15	3.34895889e+15	2.97681922e-03
247099	2297.43802529	2471	1.82227139e-04	2471.00000000	3.22153818e+15	3.34896175e+15	2.97682162e-03
247199	2298.35328089	2472	1.82300885e-04	2472.00000000	3.22154103e+15	3.34896460e+15	2.97682402e-03
247299	2299.28279323	2473	1.82374631e-04	2473.00000000	3.22154388e+15	3.34896745e+15	2.97682640e-03
247399	2300.20078005	2474	1.82448378e-04	2474.00000000	3.22154671e+15	3.34897029e+15	2.97682878e-03
247499	2301.11841512	2475	1.82522124e-04	2475.00000000	3.22154954e+15	3.34897313e+15	2.97683116e-03
247599	2302.04100145	2476	1.82595870e-04	2476.00000000	3.22155236e+15	3.34897595e+15	2.97683353e-03
247699	2302.96274741	2477	1.82669617e-04	2477.00000000	3.22155517e+15	3.34897877e+15	2.97683589e-03
247799	2303.89780692	2478	1.82743363e-04	2478.00000000	3.22155798e+15	3.34898158e+15	2.97683825e-03
247899	2304.81229342	2479	1.82817109e-04	2479.00000000	3.22156077e+15	3.34898439e+15	2.97684060e-03
247999	2305.75076858	2480	1.82890855e-04	2480.00000000	3.22156357e+15	3.34898718e+15	2.97684294e-03
248099	2306.64686429	2481	1.82964602e-04	2481.00000000	3.22156635e+15	3.34898997e+15	2.97684528e-03
248199	2307.57022526	2482	1.83038348e-04	2482.00000000	3.22156913e+15	3.34899276e+15	2.97684761e-03
248299	2308.47784097	2483	1.83112094e-04	2483.00000000	3.22157190e+15	3.34899553e+15	2.97684994e-03
248399	2309.40975811	2484	1.83185841e-04	2484.00000000	3.22157466e+15	3.34899830e+15	2.97685226e-03
248499	2310.33135967	2485	1.83259587e-04	2485.00000000	3.22157742e+15	3.34900107e+15	2.97685458e-03
248599	2311.25701561	2486	1.83333333e-04	2486.00000000	3.22158017e+15	3.34900382e+15	2.97685688e-03
248699	2312.16335948	2487	1.83407080e-04	2487.00000000	3.22158291e+15	3.34900657e+15	2.97685919e-03
248799	2313.09602783	2488	1.83480826e-04	2488.00000000	3.22158565e+15	3.34900931e+15	2.97686149e-03
248899	2314.03785185	2489	1.83554572e-04	2489.00000000	3.22158837e+15	3.34901204e+15	2.97686378e-03
248999	2314.97919534	2490	1.83628319e-04	2490.00000000	3.22159110e+15	3.34901477e+15	2.97686606e-03
249099	2315.90279076	2491	1.83702065e-04	2491.00000000	3.22159381e+15	3.34901749e+15	2.97686834e-03
249199	2316.81585547	2492	1.83775811e-04	2492.00000000	3.22159652e+15	3.34902021e+15	2.97687062e-03
249299	2317.74596140	2493	1.83849558e-04	2493.00000000	3.22159922e+15	3.34902291e+15	2.97687289e-03
249399	2318.65756228	2494	1.83923304e-04	2494.00000000	3.22160191e+15	3.34902561e+15	2.97687515e-03
249499	2319.58108248	2495	1.83997050e-04	2495.00000000	3.22160460e+15	3.34902831e+15	2.97687741e-03
249599	2320.51379748	2496	1.84070796e-04	2496.00000000	3.22160728e+15	3.34903099e+15	2.97687966e-03
249699	2321.42801672	2497	1.84144543e-04	2497.00000000	3.22160996e+15	3.34903367e+15	2.97688190e-03
249799	2322.35685626	2498	1.84218289e-04	2498.00000000	3.22161262e+15	3.34903634e+15	2.97688414e-03
249899	2323.27764816	2499	1.84292035e-04	2499.00000000	3.22161528e+15	3.34903901e+15	2.97688638e-03
249999	2324.21071453	2500	1.84365782e-04	2500.00000000	3.22161794e+15	3.34904167e+15	2.97688861e-03
250099	2325.14303254	2501	1.84439528e-04	2501.00000000	3.22162058e+15	3.34904432e+15	2.97689083e-03
250199	2326.07758921	2502	1.84513274e-04	2502.00000000	3.22162322e+15	3.34904697e+15	2.97689305e-03
250299	2327.02521622	2503	1.84587021e-04	2503.00000000	3.22162586e+15	3.34904961e+15	2.97689526e-03
250399	2327.94557712	2504	1.84660767e-04	2504.00000000	3.22162848e+15	3.34905224e+15	2.97689746e-03
250499	2328.85275358	2505	1.84734513e-04	2505.00000000	3.22163110e+15	3.34905486e+15	2.97689967e-03
250599	2329.77599528	2506	1.84808260e-04	2506.00000000	3.22163372e+15	3.34905748e+15	2.97690186e-03
250699	2330.71644887	2507	1.84882006e-04	2507.00000000	3.22163632e+15	3.34906009e+15	2.97690405e-03
250799	2331.62007392	2508	1.84955752e-04	2508.00000000	3.22163892e+15	3.34906270e+15	2.97690623e-03
250899	2332.53889569	2509	1.85029499e-04	2509.00000000	3.22164152e+15	3.34906530e+15	2.97690841e-03
250999	2333.45546414	2510	1.85103245e-04	2510.00000000	3.22164410e+15	3.34906789e+15	2.97691058e-03
251099	2334.40319998	2511	1.85176991e-04	2511.00000000	3.22164668e+15	3.34907048e+15	2.97691275e-03
251199	2335.32847948	2512	1.85250737e-04	2512.00000000	3.22164926e+15	3.34907306e+15	2.97691491e-03
251299	2336.26530864	2513	1.85324484e-04	2513.00000000	3.22165182e+15	3.34907563e+15	2.97691707e-03
251399	2337.18190940	2514	1.85398230e-04	2514.00000000	3.22165438e+15	3.34907819e+15	2.97691922e-03
251499	2338.07906909	2515	1.85471976e-04	2515.00000000	3.22165694e+15	3.34908075e+15	2.97692136e-03
251599	2338.99375436	2516	1.85545723e-04	2516.00000000	3.22165948e+15	3.34908331e+15	2.97692350e-03
251699	2339.96054910	2517	1.85619469e-04	2517.00000000	3.22166203e+15	3.34908585e+15	2.97692564e-03
251799	2340.87907454	2518	1.85693215e-04	2518.00000000	3.22166456e+15	3.34908839e+15	2.97692777e-03
251899	2341.77290551	2519	1.85766962e-04	2519.00000000	3.22166709e+15	3.34909093e+15	2.97692989e-03
251999	2342.69192839	2520	1.85840708e-04	2520.00000000	3.22166961e+15	3.34909345e+15	2.97693201e-03
252099	2343.59856148	2521	1.85914454e-04	2521.00000000	3.22167212e+15	3.34909597e+15	2.97693412e-03
252199	2344.50179217	2522	1.85988201e-04	2522.00000000	3.22167463e+15	3.34909849e+15	2.97693623e-03
252299	2345.40966042	2523	1.86061947e-04	2523.00000000	3.22167714e+15	3.34910099e+15	2.97693833e-03
252399	2346.34136183	2524	1.86135693e-04	2524.00000000	3.22167963e+15	3.34910350e+15	2.97694043e-03
252499	2347.28199301	2525	1.86209440e-04	2525.00000000	3.22168212e+15	3.34910599e+15	2.97694252e-03
252599	2348.21625975	2526	1.86283186e-04	2526.00000000	3.22168461e+15	3.34910848e+15	2.97694460e-03
252699	2349.12206284	2527	1.86356932e-04	2527.00000000	3.22168708e+15	3.34911096e+15	2.97694668e-03
252799	2350.04502366	2528	1.86430678e-04	2528.00000000	3.22168955e+15	3.34911344e+15	2.97694876e-03
252899	2350.95663645	2529	1.86504425e-04	2529.00000000	3.22169202e+15	3.34911591e+15	2.97695083e-03
252999	2351.85993741	2530	1.86578171e-04	2530.00000000	3.22169447e+15	3.34911837e+15	2.97695289e-03
253099	2352.78693110	2531	1.86651917e-04	2531.00000000	3.22169693e+15	3.34912083e+15	2.97695495e-03
253199	2353.70893365	2532	1.86725664e-04	2532.00000000	3.22169937e+15	3.34912328e+15	2.97695701e-03
253299	2354.65339760	2533	1.86799410e-04	2533.00000000	3.22170181e+15	3.34912572e+15	2.97695906e-03
253399	2355.55728982	2534	1.86873156e-04	2534.00000000	3.22170424e+15	3.34912816e+15	2.97696110e-03
253499	2356.43597648	2535	1.86946903e-04	2535.00000000	3.22170667e+15	3.34913059e+15	2.97696314e-03
253599	2357.32961881	2536	1.87020649e-04	2536.00000000	3.22170909e+15	3.34913302e+15	2.97696517e-03
253699	2358.21523947	2537	1.87094395e-04	2537.00000000	3.22171150e+15	3.34913544e+15	2.97696720e-03
253799	2359.12407785	2538	1.87168142e-04	2538.00000000	3.22171391e+15	3.34913785e+15	2.97696922e-03
253899	2360.01472977	2539	1.87241888e-04	2539.00000000	3.22171631e+15	3.34914025e+15	2.97697124e-03
253999	2360.93332318	2540	1.87315634e-04	2540.00000000	3.22171871e+15	3.34914266e+15	2.97697325e-03
254099	2361.83591915	2541	1.87389381e-04	2541.00000000	3.22172110e+15	3.34914505e+15	2.97697526e-03
254199	2362.74116308	2542	1.87463127e-04	2542.00000000	3.22172348e+15	3.34914744e+15	2.97697726e-03
254299	2363.64404613	2543	1.87536873e-04	2543.00000000	3.22172586e+15	3.34914982e+15	2.97697925e-03
254399	2364.54117578	2544	1.87610619e-04	2544.00000000	3.22172823e+15	3.34915220e+15	2.97698125e-03
254499	2365.44763537	2545	1.87684366e-04	2545.00000000	3.22173059e+15	3.34915457e+15	2.97698323e-03
254599	2366.35252276	2546	1.87758112e-04	2546.00000000	3.22173295e+15	3.34915693e+15	2.97698521e-03
254699	2367.28434440	2547	1.87831858e-04	2547.00000000	3.22173531e+15	3.34915929e+15	2.97698719e-03
254799	2368.18721306	2548	1.87905605e-04	2548.00000000	3.22173765e+15	3.34916164e+15	2.97698916e-03
254899	2369.11380268	2549	1.87979351e-04	2549.00000000	3.22173999e+15	3.34916398e+15	2.97699113e-03
254999	2370.02625572	2550	1.88053097e-04	2550.00000000	3.22174233e+15	3.34916632e+15	2.97699309e-03
255099	2370.95887154	2551	1.88126844e-04	2551.00000000	3.22174466e+15	3.34916866e+15	2.97699504e-03
255199	2371.87548246	2552	1.88200590e-04	2552.00000000	3.22174698e+15	3.34917099e+15	2.97699700e-03
255299	2372.81431045	2553	1.88274336e-04	2553.00000000	3.22174930e+15	3.34917331e+15	2.97699894e-03
255399	2373.72323108	2554	1.88348083e-04	2554.00000000	3.22175161e+15	3.34917562e+15	2.97700088e-03
255499	2374.62564691	2555	1.88421829e-04	2555.00000000	3.22175391e+15	3.34917793e+15	2.97700282e-03
255599	2375.53237198	2556	1.88495575e-04	2556.00000000	3.22175621e+15	3.34918024e+15	2.97700475e-03
255699	2376.43180451	2557	1.88569322e-04	2557.00000000	3.22175850e+15	3.34918253e+15	2.97700668e-03
255799	2377.33110150	2558	1.88643068e-04	2558.00000000	3.22176079e+15	3.34918483e+15	2.97700860e-03
255899	2378.26095927	2559	1.88716814e-04	2559.00000000	3.22176307e+15	3.34918711e+15	2.97701051e-03
255999	2379.17667566	2560	1.88790560e-04	2560.00000000	3.22176535e+15	3.34918939e+15	2.97701242e-03
256099	2380.10148974	2561	1.88864307e-04	2561.00000000	3.22176762e+15	3.34919167e+15	2.97701433e-03
256199	2381.12159532	2562	1.88938053e-04	2562.00000000	3.22176988e+15	3.34919394e+15	2.97701623e-03
256299	2382.08087430	2563	1.89011799e-04	2563.00000000	3.22177214e+15	3.34919620e+15	2.97701813e-03
256399	2383.02582723	2564	1.89085546e-04	2564.00000000	3.22177439e+15	3.34919846e+15	2.97702002e-03
256499	2383.97117463	2565	1.89159292e-04	2565.00000000	3.22177664e+15	3.34920071e+15	2.97702191e-03
256599	2384.91734378	2566	1.89233038e-04	2566.00000000	3.22177888e+15	3.34920295e+15	2.97702379e-03
256699	2385.86222689	2567	1.89306785e-04	2567.00000000	3.22178111e+15	3.34920519e+15	2.97702567e-03
256799	2386.82370597	2568	1.89380531e-04	2568.00000000	3.22178334e+15	3.34920743e+15	2.97702754e-03
256899	2387.74618453	2569	1.89454277e-04	2569.00000000	3.22178557e+15	3.34920965e+15	2.97702941e-03
256999	2388.67311441	2570	1.89528024e-04	2570.00000000	3.22178778e+15	3.34921188e+15	2.97703127e-03
257099	2389.60579458	2571	1.89601770e-04	2571.00000000	3.22178999e+15	3.34921409e+15	2.97703313e-03
257199	2390.52910816	2572	1.89675516e-04	2572.00000000	3.22179220e+15	3.34921630e+15	2.97703498e-03
257299	2391.46872744	2573	1.89749263e-04	2573.00000000	3.22179440e+15	3.34921851e+15	2.97703683e-03
257399	2392.41360942	2574	1.89823009e-04	2574.00000000	3.22179660e+15	3.34922071e+15	2.97703867e-03
257499	2393.36281676	2575	1.89896755e-04	2575.00000000	3.22179879e+15	3.34922290e+15	2.97704051e-03
257599	2394.28860698	2576	1.89970501e-04	2576.00000000	3.22180097e+15	3.34922509e+15	2.97704235e-03
257699	2395.22107087	2577	1.90044248e-04	2577.00000000	3.22180315e+15	3.34922727e+15	2.97704417e-03
257799	2396.16178592	2578	1.90117994e-04	2578.00000000	3.22180532e+15	3.34922945e+15	2.97704600e-03
257899	2397.09026202	2579	1.90191740e-04	2579.00000000	3.22180749e+15	3.34923162e+15	2.97704782e-03
257999	2398.00177106	2580	1.90265487e-04	2580.00000000	3.22180965e+15	3.34923379e+15	2.97704963e-03
258099	2398.90700057	2581	1.90339233e-04	2581.00000000	3.22181180e+15	3.34923595e+15	2.97705145e-03
258199	2399.83740077	2582	1.90412979e-04	2582.00000000	3.22181395e+15	3.34923810e+15	2.97705325e-03
258299	2400.75918953	2583	1.90486726e-04	2583.00000000	3.22181610e+15	3.34924025e+15	2.97705505e-03
258399	2401.69560437	2584	1.90560472e-04	2584.00000000	3.22181823e+15	3.34924239e+15	2.97705685e-03
258499	2402.62022302	2585	1.90634218e-04	2585.00000000	3.22182037e+15	3.34924453e+15	2.97705864e-03
258599	2403.55672895	2586	1.90707965e-04	2586.00000000	3.22182250e+15	3.34924666e+15	2.97706043e-03
258699	2404.49040177	2587	1.90781711e-04	2587.00000000	3.22182462e+15	3.34924879e+15	2.97706221e-03
258799	2405.42560285	2588	1.90855457e-04	2588.00000000	3.22182673e+15	3.34925091e+15	2.97706399e-03
258899	2406.34157593	2589	1.90929204e-04	2589.00000000	3.22182885e+15	3.34925303e+15	2.97706576e-03
258999	2407.26929343	2590	1.91002950e-04	2590.00000000	3.22183095e+15	3.34925514e+15	2.97706753e-03
259099	2408.18341214	2591	1.91076696e-04	2591.00000000	3.22183305e+15	3.34925724e+15	2.97706929e-03
259199	2409.08903266	2592	1.91150442e-04	2592.00000000	3.22183515e+15	3.34925934e+15	2.97707105e-03
259299	2409.98934364	2593	1.91224189e-04	2593.00000000	3.22183723e+15	3.34926143e+15	2.97707281e-03
259399	2410.90367017	2594	1.91297935e-04	2594.00000000	3.22183932e+15	3.34926352e+15	2.97707456e-03
259499	2411.81639707	2595	1.91371681e-04	2595.00000000	3.22184140e+15	3.34926560e+15	2.97707631e-03
259599	2412.73729513	2596	1.91445428e-04	2596.00000000	3.22184347e+15	3.34926768e+15	2.97707805e-03
259699	2413.65396989	2597	1.91519174e-04	2597.00000000	3.22184554e+15	3.34926975e+15	2.97707978e-03
259799	2414.56686667	2598	1.91592920e-04	2598.00000000	3.22184760e+15	3.34927182e+15	2.97708152e-03
259899	2415.47667581	2599	1.91666667e-04	2599.00000000	3.22184966e+15	3.34927388e+15	2.97708324e-03
259999	2416.38337850	2600	1.91740413e-04	2600.00000000	3.22185171e+15	3.34927594e+15	2.97708497e-03
260099	2417.28972945	2601	1.91814159e-04	2601.00000000	3.22185375e+15	3.34927799e+15	2.97708668e-03
260199	2418.20360306	2602	1.91887906e-04	2602.00000000	3.22185579e+15	3.34928003e+15	2.97708840e-03
260299	2419.11417362	2603	1.91961652e-04	2603.00000000	3.22185783e+15	3.34928207e+15	2.97709011e-03
260399	2420.04266921	2604	1.92035398e-04	2604.00000000	3.22185986e+15	3.34928411e+15	2.97709181e-03
260499	2420.95533841	2605	1.92109145e-04	2605.00000000	3.22186188e+15	3.34928613e+15	2.97709351e-03
260599	2421.85556311	2606	1.92182891e-04	2606.00000000	3.22186390e+15	3.34928816e+15	2.97709521e-03
260699	2422.76204413	2607	1.92256637e-04	2607.00000000	3.22186592e+15	3.34929018e+15	2.97709690e-03
260799	2423.66177368	2608	1.92330383e-04	2608.00000000	3.22186793e+15	3.34929219e+15	2.97709859e-03
260899	2424.55690328	2609	1.92404130e-04	2609.00000000	3.22186993e+15	3.34929420e+15	2.97710027e-03
260999	2425.46101992	2610	1.92477876e-04	2610.00000000	3.22187193e+15	3.34929620e+15	2.97710195e-03
261099	2426.38109128	2611	1.92551622e-04	2611.00000000	3.22187392e+15	3.34929820e+15	2.97710363e-03
261199	2427.28794848	2612	1.92625369e-04	2612.00000000	3.22187591e+15	3.34930019e+15	2.97710530e-03
261299	2428.19853311	2613	1.92699115e-04	2613.00000000	3.22187789e+15	3.34930218e+15	2.97710696e-03
261399	2429.11965597	2614	1.92772861e-04	2614.00000000	3.22187987e+15	3.34930416e+15	2.97710862e-03
261499	2430.02969900	2615	1.92846608e-04	2615.00000000	3.22188184e+15	3.34930614e+15	2.97711028e-03
261599	2430.94268047	2616	1.92920354e-04	2616.00000000	3.22188381e+15	3.34930811e+15	2.97711193e-03
261699	2431.86404008	2617	1.92994100e-04	2617.00000000	3.22188577e+15	3.34931007e+15	2.97711358e-03
261799	2432.78258100	2618	1.93067847e-04	2618.00000000	3.22188773e+15	3.34931203e+15	2.97711523e-03
261899	2433.73710242	2619	1.93141593e-04	2619.00000000	3.22188968e+15	3.34931399e+15	2.97711687e-03
261999	2434.67710643	2620	1.93215339e-04	2620.00000000	3.22189163e+15	3.34931594e+15	2.97711850e-03
262099	2435.60029703	2621	1.93289086e-04	2621.00000000	3.22189357e+15	3.34931789e+15	2.97712013e-03
262199	2436.52758422	2622	1.93362832e-04	2622.00000000	3.22189551e+15	3.34931983e+15	2.97712176e-03
262299	2437.43978035	2623	1.93436578e-04	2623.00000000	3.22189744e+15	3.34932176e+15	2.97712338e-03
262399	2438.35251759	2624	1.93510324e-04	2624.00000000	3.22189937e+15	3.34932370e+15	2.97712500e-03
262499	2439.26540253	2625	1.93584071e-04	2625.00000000	3.22190129e+15	3.34932562e+15	2.97712662e-03
262599	2440.20730546	2626	1.93657817e-04	2626.00000000	3.22190320e+15	3.34932754e+15	2.97712823e-03
262699	2441.14652546	2627	1.93731563e-04	2627.00000000	3.22190512e+15	3.34932946e+15	2.97712983e-03
262799	2442.08409276	2628	1.93805310e-04	2628.00000000	3.22190702e+15	3.34933137e+15	2.97713143e-03
262899	2443.02438234	2629	1.93879056e-04	2629.00000000	3.22190892e+15	3.34933327e+15	2.97713303e-03
262999	2443.94727056	2630	1.93952802e-04	2630.00000000	3.22191082e+15	3.34933518e+15	2.97713462e-03
263099	2444.86996013	2631	1.94026549e-04	2631.00000000	3.22191271e+15	3.34933707e+15	2.97713621e-03
263199	2445.79843931	2632	1.94100295e-04	2632.00000000	3.22191460e+15	3.34933896e+15	2.97713780e-03
263299	2446.70539018	2633	1.94174041e-04	2633.00000000	3.22191648e+15	3.34934085e+15	2.97713938e-03
263399	2447.62107515	2634	1.94247788e-04	2634.00000000	3.22191836e+15	3.34934273e+15	2.97714096e-03
263499	2448.54692708	2635	1.94321534e-04	2635.00000000	3.22192023e+15	3.34934460e+15	2.97714253e-03
263599	2449.46443519	2636	1.94395280e-04	2636.00000000	3.22192210e+15	3.34934648e+15	2.97714410e-03
263699	2450.37837236	2637	1.94469027e-04	2637.00000000	3.22192396e+15	3.34934834e+15	2.97714566e-03
263799	2451.31807402	2638	1.94542773e-04	2638.00000000	3.22192582e+15	3.34935020e+15	2.97714722e-03
263899	2452.26107724	2639	1.94616519e-04	2639.00000000	3.22192767e+15	3.34935206e+15	2.97714878e-03
263999	2453.19965140	2640	1.94690265e-04	2640.00000000	3.22192952e+15	3.34935391e+15	2.97715033e-03
264099	2454.13315658	2641	1.94764012e-04	2641.00000000	3.22193136e+15	3.34935576e+15	2.97715188e-03
264199	2455.03984351	2642	1.94837758e-04	2642.00000000	3.22193320e+15	3.34935760e+15	2.97715342e-03
264299	2455.95462995	2643	1.94911504e-04	2643.00000000	3.22193503e+15	3.34935944e+15	2.97715496e-03
264399	2456.89251993	2644	1.94985251e-04	2644.00000000	3.22193686e+15	3.34936127e+15	2.97715650e-03
264499	2457.84188948	2645	1.95058997e-04	2645.00000000	3.22193869e+15	3.34936310e+15	2.97715803e-03
264599	2458.81224388	2646	1.95132743e-04	2646.00000000	3.22194050e+15	3.34936492e+15	2.97715956e-03
264699	2459.77013845	2647	1.95206490e-04	2647.00000000	3.22194232e+15	3.34936674e+15	2.97716108e-03
264799	2460.74380810	2648	1.95280236e-04	2648.00000000	3.22194413e+15	3.34936855e+15	2.97716260e-03
264899	2461.71381311	2649	1.95353982e-04	2649.00000000	3.22194593e+15	3.34937036e+15	2.97716412e-03
264999	2462.67885892	2650	1.95427729e-04	2650.00000000	3.22194773e+15	3.34937217e+15	2.97716563e-03
265099	2463.62076842	2651	1.95501475e-04	2651.00000000	3.22194953e+15	3.34937397e+15	2.97716714e-03
265199	2464.55596688	2652	1.95575221e-04	2652.00000000	3.22195132e+15	3.34937576e+15	2.97716865e-03
265299	2465.49889131	2653	1.95648968e-04	2653.00000000	3.22195311e+15	3.34937755e+15	2.97717015e-03
265399	2466.43978323	2654	1.95722714e-04	2654.00000000	3.22195489e+15	3.34937934e+15	2.97717164e-03
265499	2467.37683319	2655	1.95796460e-04	2655.00000000	3.22195667e+15	3.34938112e+15	2.97717314e-03
265599	2468.30702006	2656	1.95870206e-04	2656.00000000	3.22195844e+15	3.34938289e+15	2.97717462e-03
265699	2469.25667003	2657	1.95943953e-04	2657.00000000	3.22196021e+15	3.34938466e+15	2.97717611e-03
265799	2470.19496857	2658	1.96017699e-04	2658.00000000	3.22196197e+15	3.34938643e+15	2.97717759e-03
265899	2471.11530160	2659	1.96091445e-04	2659.00000000	3.22196373e+15	3.34938819e+15	2.97717907e-03
265999	2472.04388340	2660	1.96165192e-04	2660.00000000	3.22196548e+15	3.34938995e+15	2.97718054e-03
266099	2472.97730437	2661	1.96238938e-04	2661.00000000	3.22196723e+15	3.34939170e+15	2.97718201e-03
266199	2473.90023357	2662	1.96312684e-04	2662.00000000	3.22196897e+15	3.34939345e+15	2.97718348e-03
266299	2474.83750732	2663	1.96386431e-04	2663.00000000	3.22197071e+15	3.34939520e+15	2.97718494e-03
266399	2475.79705604	2664	1.96460177e-04	2664.00000000	3.22197245e+15	3.34939694e+15	2.97718640e-03
266499	2476.72338398	2665	1.96533923e-04	2665.00000000	3.22197418e+15	3.34939867e+15	2.97718785e-03
266599	2477.68246393	2666	1.96607670e-04	2666.00000000	3.22197591e+15	3.34940040e+15	2.97718930e-03
266699	2478.61365517	2667	1.96681416e-04	2667.00000000	3.22197763e+15	3.34940213e+15	2.97719075e-03
266799	2479.57307187	2668	1.96755162e-04	2668.00000000	3.22197935e+15	3.34940385e+15	2.97719219e-03
266899	2480.54075667	2669	1.96828909e-04	2669.00000000	3.22198106e+15	3.34940557e+15	2.97719363e-03
266999	2481.48110156	2670	1.96902655e-04	2670.00000000	3.22198277e+15	3.34940728e+15	2.97719506e-03
267099	2482.43394366	2671	1.96976401e-04	2671.00000000	3.22198447e+15	3.34940899e+15	2.97719650e-03
267199	2483.36469353	2672	1.97050147e-04	2672.00000000	3.22198617e+15	3.34941069e+15	2.97719792e-03
267299	2484.27031545	2673	1.97123894e-04	2673.00000000	3.22198787e+15	3.34941239e+15	2.97719935e-03
267399	2485.18430473	2674	1.97197640e-04	2674.00000000	3.22198956e+15	3.34941408e+15	2.97720077e-03
267499	2486.11706166	2675	1.97271386e-04	2675.00000000	3.22199125e+15	3.34941577e+15	2.97720218e-03
267599	2487.04369554	2676	1.97345133e-04	2676.00000000	3.22199293e+15	3.34941746e+15	2.97720360e-03
267699	2487.99979361	2677	1.97418879e-04	2677.00000000	3.22199461e+15	3.34941914e+15	2.97720501e-03
267799	2488.94061848	2678	1.97492625e-04	2678.00000000	3.22199628e+15	3.34942082e+15	2.97720641e-03
267899	2489.88793483	2679	1.97566372e-04	2679.00000000	3.22199795e+15	3.34942249e+15	2.97720781e-03
267999	2490.83898905	2680	1.97640118e-04	2680.00000000	3.22199961e+15	3.34942416e+15	2.97720921e-03
268099	2491.77402464	2681	1.97713864e-04	2681.00000000	3.22200127e+15	3.34942582e+15	2.97721061e-03
268199	2492.74127208	2682	1.97787611e-04	2682.00000000	3.22200293e+15	3.34942748e+15	2.97721200e-03
268299	2493.66233044	2683	1.97861357e-04	2683.00000000	3.22200458e+15	3.34942914e+15	2.97721339e-03
268399	2494.62161986	2684	1.97935103e-04	2684.00000000	3.22200623e+15	3.34943079e+15	2.97721477e-03
268499	2495.57718412	2685	1.98008850e-04	2685.00000000	3.22200787e+15	3.34943243e+15	2.97721615e-03
268599	2496.53202275	2686	1.98082596e-04	2686.00000000	3.22200951e+15	3.34943407e+15	2.97721753e-03
268699	2497.50908120	2687	1.98156342e-04	2687.00000000	3.22201114e+15	3.34943571e+15	2.97721890e-03
268799	2498.46731068	2688	1.98230088e-04	2688.00000000	3.22201277e+15	3.34943735e+15	2.97722027e-03
268899	2499.44449931	2689	1.98303835e-04	2689.00000000	3.22201440e+15	3.34943898e+15	2.97722164e-03
268999	2500.41384919	2690	1.98377581e-04	2690.00000000	3.22201602e+15	3.34944060e+15	2.97722300e-03
269099	2501.38794082	2691	1.98451327e-04	2691.00000000	3.22201764e+15	3.34944222e+15	2.97722436e-03
269199	2502.34439859	2692	1.98525074e-04	2692.00000000	3.22201925e+15	3.34944384e+15	2.97722571e-03
269299	2503.31164076	2693	1.98598820e-04	2693.00000000	3.22202086e+15	3.34944545e+15	2.97722706e-03
269399	2504.28616470	2694	1.98672566e-04	2694.00000000	3.22202247e+15	3.34944706e+15	2.97722841e-03
269499	2505.26325201	2695	1.98746313e-04	2695.00000000	3.22202407e+15	3.34944866e+15	2.97722976e-03
269599	2506.22440380	2696	1.98820059e-04	2696.00000000	3.22202566e+15	3.34945026e+15	2.97723110e-03
269699	2507.19069892	2697	1.98893805e-04	2697.00000000	3.22202726e+15	3.34945186e+15	2.97723243e-03
269799	2508.14384803	2698	1.98967552e-04	2698.00000000	3.22202884e+15	3.34945345e+15	2.97723377e-03
269899	2509.09391600	2699	1.99041298e-04	2699.00000000	3.22203043e+15	3.34945504e+15	2.97723510e-03
269999	2510.04936822	2700	1.99115044e-04	2700.00000000	3.22203201e+15	3.34945662e+15	2.97723643e-03
270099	2511.01282276	2701	1.99188791e-04	2701.00000000	3.22203358e+15	3.34945820e+15	2.97723775e-03
270199	2511.98878294	2702	1.99262537e-04	2702.00000000	3.22203516e+15	3.34945978e+15	2.97723907e-03
270299	2512.93426365	2703	1.99336283e-04	2703.00000000	3.22203672e+15	3.34946135e+15	2.97724039e-03
270399	2513.88745636	2704	1.99410029e-04	2704.00000000	3.22203829e+15	3.34946291e+15	2.97724170e-03
270499	2514.84178819	2705	1.99483776e-04	2705.00000000	3.22203985e+15	3.34946448e+15	2.97724301e-03
270599	2515.78617344	2706	1.99557522e-04	2706.00000000	3.22204140e+15	3.34946604e+15	2.97724432e-03
270699	2516.75311494	2707	1.99631268e-04	2707.00000000	3.22204295e+15	3.34946759e+15	2.97724562e-03
270799	2517.67504475	2708	1.99705015e-04	2708.00000000	3.22204450e+15	3.34946914e+15	2.97724692e-03
270899	2518.61858925	2709	1.99778761e-04	2709.00000000	3.22204604e+15	3.34947069e+15	2.97724822e-03
270999	2519.56257270	2710	1.99852507e-04	2710.00000000	3.22204758e+15	3.34947223e+15	2.97724951e-03
271099	2520.49881430	2711	1.99926254e-04	2711.00000000	3.22204912e+15	3.34947377e+15	2.97725080e-03
271199	2521.42571096	2712	2.00000000e-04	2712.00000000	3.22205065e+15	3.34947530e+15	2.97725209e-03
271299	2522.36769209	2713	2.00073746e-04	2713.00000000	3.22205218e+15	3.34947683e+15	2.97725337e-03
271399	2523.29360944	2714	2.00147493e-04	2714.00000000	3.22205370e+15	3.34947836e+15	2.97725465e-03
271499	2524.21731339	2715	2.00221239e-04	2715.00000000	3.22205522e+15	3.34947988e+15	2.97725592e-03
271599	2525.14569610	2716	2.00294985e-04	2716.00000000	3.22205673e+15	3.34948140e+15	2.97725720e-03
271699	2526.09865868	2717	2.00368732e-04	2717.00000000	3.22205825e+15	3.34948291e+15	2.97725847e-03
271799	2527.04889909	2718	2.00442478e-04	2718.00000000	3.22205975e+15	3.34948443e+15	2.97725973e-03
271899	2528.00276699	2719	2.00516224e-04	2719.00000000	3.22206126e+15	3.34948593e+15	2.97726100e-03
271999	2528.95852503	2720	2.00589971e-04	2720.00000000	3.22206276e+15	3.34948744e+15	2.97726226e-03
272099	2529.85483032	2721	2.00663717e-04	2721.00000000	3.22206425e+15	3.34948893e+15	2.97726351e-03
272199	2530.76282052	2722	2.00737463e-04	2722.00000000	3.22206574e+15	3.34949043e+15	2.97726477e-03
272299	2531.67666046	2723	2.00811209e-04	2723.00000000	3.22206723e+15	3.34949192e+15	2.97726602e-03
272399	2532.58147297	2724	2.00884956e-04	2724.00000000	3.22206872e+15	3.34949341e+15	2.97726726e-03
272499	2533.48474349	2725	2.00958702e-04	2725.00000000	3.22207020e+15	3.34949489e+15	2.97726851e-03
272599	2534.39938455	2726	2.01032448e-04	2726.00000000	3.22207167e+15	3.34949637e+15	2.97726975e-03
272699	2535.29823683	2727	2.01106195e-04	2727.00000000	3.22207314e+15	3.34949785e+15	2.97727098e-03
272799	2536.22167665	2728	2.01179941e-04	2728.00000000	3.22207461e+15	3.34949932e+15	2.97727222e-03
272899	2537.17350729	2729	2.01253687e-04	2729.00000000	3.22207608e+15	3.34950078e+15	2.97727345e-03
272999	2538.11468354	2730	2.01327434e-04	2730.00000000	3.22207754e+15	3.34950225e+15	2.97727467e-03
273099	2539.04817144	2731	2.01401180e-04	2731.00000000	3.22207900e+15	3.34950371e+15	2.97727590e-03
273199	2539.98188241	2732	2.01474926e-04	2732.00000000	3.22208045e+15	3.34950517e+15	2.97727712e-03
273299	2540.90567913	2733	2.01548673e-04	2733.00000000	3.22208190e+15	3.34950662e+15	2.97727834e-03
273399	2541.82956094	2734	2.01622419e-04	2734.00000000	3.22208334e+15	3.34950807e+15	2.97727955e-03
273499	2542.77072290	2735	2.01696165e-04	2735.00000000	3.22208479e+15	3.34950951e+15	2.97728076e-03
273599	2543.68638212	2736	2.01769912e-04	2736.00000000	3.22208623e+15	3.34951095e+15	2.97728197e-03
273699	2544.62419525	2737	2.01843658e-04	2737.00000000	3.22208766e+15	3.34951239e+15	2.97728318e-03
273799	2545.53164500	2738	2.01917404e-04	2738.00000000	3.22208909e+15	3.34951383e+15	2.97728438e-03
273899	2546.44380937	2739	2.01991150e-04	2739.00000000	3.22209052e+15	3.34951526e+15	2.97728558e-03
273999	2547.37396687	2740	2.02064897e-04	2740.00000000	3.22209194e+15	3.34951668e+15	2.97728677e-03
274099	2548.30258492	2741	2.02138643e-04	2741.00000000	3.22209336e+15	3.34951810e+15	2.97728796e-03
274199	2549.23592674	2742	2.02212389e-04	2742.00000000	3.22209478e+15	3.34951952e+15	2.97728915e-03
274299	2550.17271350	2743	2.02286136e-04	2743.00000000	3.22209619e+15	3.34952094e+15	2.97729034e-03
274399	2551.11449600	2744	2.02359882e-04	2744.00000000	3.22209760e+15	3.34952235e+15	2.97729152e-03
274499	2552.07696350	2745	2.02433628e-04	2745.00000000	3.22209900e+15	3.34952376e+15	2.97729270e-03
274599	2553.01488463	2746	2.02507375e-04	2746.00000000	3.22210040e+15	3.34952516e+15	2.97729388e-03
274699	2553.94205912	2747	2.02581121e-04	2747.00000000	3.22210180e+15	3.34952656e+15	2.97729505e-03
274799	2554.88357920	2748	2.02654867e-04	2748.00000000	3.22210319e+15	3.34952796e+15	2.97729623e-03
274899	2555.82182712	2749	2.02728614e-04	2749.00000000	3.22210458e+15	3.34952935e+15	2.97729739e-03
274999	2556.77482265	2750	2.02802360e-04	2750.00000000	3.22210597e+15	3.34953074e+15	2.97729856e-03
275099	2557.71327349	2751	2.02876106e-04	2751.00000000	3.22210735e+15	3.34953213e+15	2.97729972e-03
275199	2558.66946959	2752	2.02949853e-04	2752.00000000	3.22210873e+15	3.34953351e+15	2.97730088e-03
275299	2559.64313797	2753	2.03023599e-04	2753.00000000	3.22211011e+15	3.34953489e+15	2.97730203e-03
275399	2560.65650886	2754	2.03097345e-04	2754.00000000	3.22211148e+15	3.34953626e+15	2.97730319e-03
275499	2561.61095442	2755	2.03171091e-04	2755.00000000	3.22211285e+15	3.34953764e+15	2.97730434e-03
275599	2562.56422900	2756	2.03244838e-04	2756.00000000	3.22211422e+15	3.34953900e+15	2.97730548e-03
275699	2563.52484711	2757	2.03318584e-04	2757.00000000	3.22211558e+15	3.34954037e+15	2.97730663e-03
275799	2564.48563198	2758	2.03392330e-04	2758.00000000	3.22211694e+15	3.34954173e+15	2.97730777e-03
275899	2565.43490250	2759	2.03466077e-04	2759.00000000	3.22211829e+15	3.34954309e+15	2.97730891e-03
275999	2566.39174478	2760	2.03539823e-04	2760.00000000	3.22211964e+15	3.34954444e+15	2.97731004e-03
276099	2567.35136552	2761	2.03613569e-04	2761.00000000	3.22212099e+15	3.34954579e+15	2.97731117e-03
276199	2568.31270163	2762	2.03687316e-04	2762.00000000	3.22212233e+15	3.34954714e+15	2.97731230e-03
276299	2569.28779907	2763	2.03761062e-04	2763.00000000	3.22212367e+15	3.34954848e+15	2.97731343e-03
276399	2570.24341038	2764	2.03834808e-04	2764.00000000	3.22212501e+15	3.34954982e+15	2.97731455e-03
276499	2571.21934091	2765	2.03908555e-04	2765.00000000	3.22212634e+15	3.34955116e+15	2.97731567e-03
276599	2572.17868036	2766	2.03982301e-04	2766.00000000	3.22212767e+15	3.34955249e+15	2.97731679e-03
276699	2573.17935516	2767	2.04056047e-04	2767.00000000	3.22212900e+15	3.34955382e+15	2.97731790e-03
276799	2574.18407078	2768	2.04129794e-04	2768.00000000	3.22213032e+15	3.34955515e+15	2.97731901e-03
276899	2575.14894045	2769	2.04203540e-04	2769.00000000	3.22213164e+15	3.34955647e+15	2.97732012e-03
276999	2576.12381937	2770	2.04277286e-04	2770.00000000	3.22213296e+15	3.34955779e+15	2.97732123e-03
277099	2577.12649603	2771	2.04351032e-04	2771.00000000	3.22213427e+15	3.34955910e+15	2.97732233e-03
277199	2578.10235086	2772	2.04424779e-04	2772.00000000	3.22213558e+15	3.34956041e+15	2.97732343e-03
277299	2579.08346186	2773	2.04498525e-04	2773.00000000	3.22213689e+15	3.34956172e+15	2.97732453e-03
277399	2580.04979565	2774	2.04572271e-04	2774.00000000	3.22213819e+15	3.34956303e+15	2.97732562e-03
277499	2581.01214810	2775	2.04646018e-04	2775.00000000	3.22213949e+15	3.34956433e+15	2.97732671e-03
277599	2581.98302738	2776	2.04719764e-04	2776.00000000	3.22214078e+15	3.34956563e+15	2.97732780e-03
277699	2582.94970399	2777	2.04793510e-04	2777.00000000	3.22214208e+15	3.34956692e+15	2.97732889e-03
277799	2583.96127500	2778	2.04867257e-04	2778.00000000	3.22214337e+15	3.34956822e+15	2.97732997e-03
277899	2585.01681446	2779	2.04941003e-04	2779.00000000	3.22214465e+15	3.34956950e+15	2.97733105e-03
277999	2586.05977875	2780	2.05014749e-04	2780.00000000	3.22214593e+15	3.34957079e+15	2.97733213e-03
278099	2587.07446755	2781	2.05088496e-04	2781.00000000	3.22214721e+15	3.34957207e+15	2.97733320e-03
278199	2588.10704199	2782	2.05162242e-04	2782.00000000	3.22214849e+15	3.34957335e+15	2.97733427e-03
278299	2589.08387522	2783	2.05235988e-04	2783.00000000	3.22214976e+15	3.34957462e+15	2.97733534e-03
278399	2590.06153068	2784	2.05309735e-04	2784.00000000	3.22215103e+15	3.34957590e+15	2.97733641e-03
278499	2591.03356219	2785	2.05383481e-04	2785.00000000	3.22215229e+15	3.34957716e+15	2.97733747e-03
278599	2592.00320558	2786	2.05457227e-04	2786.00000000	3.22215356e+15	3.34957843e+15	2.97733853e-03
278699	2592.96419022	2787	2.05530973e-04	2787.00000000	3.22215482e+15	3.34957969e+15	2.97733959e-03
278799	2593.97688813	2788	2.05604720e-04	2788.00000000	3.22215607e+15	3.34958095e+15	2.97734064e-03
278899	2594.94532679	2789	2.05678466e-04	2789.00000000	3.22215732e+15	3.34958220e+15	2.97734170e-03
278999	2595.92017307	2790	2.05752212e-04	2790.00000000	3.22215857e+15	3.34958346e+15	2.97734275e-03
279099	2596.90524737	2791	2.05825959e-04	2791.00000000	3.22215982e+15	3.34958471e+15	2.97734379e-03
279199	2598.14608996	2792	2.05899705e-04	2792.00000000	3.22216106e+15	3.34958595e+15	2.97734484e-03
279299	2599.39148018	2793	2.05973451e-04	2793.00000000	3.22216230e+15	3.34958719e+15	2.97734588e-03
279399	2600.65906670	2794	2.06047198e-04	2794.00000000	3.22216354e+15	3.34958843e+15	2.97734692e-03
279499	2601.84521017	2795	2.06120944e-04	2795.00000000	3.22216477e+15	3.34958967e+15	2.97734795e-03
279599	2602.95440013	2796	2.06194690e-04	2796.00000000	3.22216600e+15	3.34959090e+15	2.97734898e-03
279699	2604.02360929	2797	2.06268437e-04	2797.00000000	3.22216723e+15	3.34959213e+15	2.97735001e-03
279799	2605.02696711	2798	2.06342183e-04	2798.00000000	3.22216845e+15	3.34959336e+15	2.97735104e-03
279899	2606.08859607	2799	2.06415929e-04	2799.00000000	3.22216967e+15	3.34959458e+15	2.97735207e-03
279999	2607.42791952	2800	2.06489676e-04	2800.00000000	3.22217089e+15	3.34959580e+15	2.97735309e-03
280099	2608.69618854	2801	2.06563422e-04	2801.00000000	3.22217210e+15	3.34959701e+15	2.97735411e-03
280199	2609.82405650	2802	2.06637168e-04	2802.00000000	3.22217331e+15	3.34959823e+15	2.97735513e-03
280299	2610.95462698	2803	2.06710914e-04	2803.00000000	3.22217452e+15	3.34959944e+15	2.97735614e-03
280399	2612.24240589	2804	2.06784661e-04	2804.00000000	3.22217573e+15	3.34960064e+15	2.97735715e-03
280499	2613.45036527	2805	2.06858407e-04	2805.00000000	3.22217693e+15	3.34960185e+15	2.97735816e-03
280599	2615.49505884	2806	2.06932153e-04	2806.00000000	3.22217812e+15	3.34960305e+15	2.97735917e-03
280699	2617.76376083	2807	2.07005900e-04	2807.00000000	3.22217932e+15	3.34960425e+15	2.97736017e-03
280799	2619.01827749	2808	2.07079646e-04	2808.00000000	3.22218051e+15	3.34960544e+15	2.97736117e-03
280899	2620.54495209	2809	2.07153392e-04	2809.00000000	3.22218170e+15	3.34960663e+15	2.97736217e-03
280999	2622.15087475	2810	2.07227139e-04	2810.00000000	3.22218289e+15	3.34960782e+15	2.97736317e-03
281099	2623.40965312	2811	2.07300885e-04	2811.00000000	3.22218407e+15	3.34960901e+15	2.97736416e-03
281199	2624.77966544	2812	2.07374631e-04	2812.00000000	3.22218525e+15	3.34961019e+15	2.97736515e-03
281299	2626.09437863	2813	2.07448378e-04	2813.00000000	3.22218643e+15	3.34961137e+15	2.97736614e-03
281399	2627.52008969	2814	2.07522124e-04	2814.00000000	3.22218760e+15	3.34961254e+15	2.97736713e-03
281499	2628.92401997	2815	2.07595870e-04	2815.00000000	3.22218877e+15	3.34961372e+15	2.97736811e-03
281599	2630.23659552	2816	2.07669617e-04	2816.00000000	3.22218994e+15	3.34961489e+15	2.97736909e-03
281699	2631.66297947	2817	2.07743363e-04	2817.00000000	3.22219110e+15	3.34961605e+15	2.97737007e-03
281799	2633.01913392	2818	2.07817109e-04	2818.00000000	3.22219226e+15	3.34961722e+15	2.97737104e-03
281899	2634.26405013	2819	2.07890855e-04	2819.00000000	3.22219342e+15	3.34961838e+15	2.97737202e-03
281999	2635.37288128	2820	2.07964602e-04	2820.00000000	3.22219458e+15	3.34961954e+15	2.97737299e-03
282099	2636.48477161	2821	2.08038348e-04	2821.00000000	3.22219573e+15	3.34962069e+15	2.97737396e-03
282199	2637.44466867	2822	2.08112094e-04	2822.00000000	3.22219688e+15	3.34962184e+15	2.97737492e-03
282299	2638.39344664	2823	2.08185841e-04	2823.00000000	3.22219802e+15	3.34962299e+15	2.97737588e-03
282399	2639.34902159	2824	2.08259587e-04	2824.00000000	3.22219917e+15	3.34962414e+15	2.97737684e-03
282499	2640.30639410	2825	2.08333333e-04	2825.00000000	3.22220031e+15	3.34962528e+15	2.97737780e-03
282599	2641.25435655	2826	2.08407080e-04	2826.00000000	3.22220144e+15	3.34962642e+15	2.97737876e-03
282699	2642.20270428	2827	2.08480826e-04	2827.00000000	3.22220258e+15	3.34962756e+15	2.97737971e-03
282799	2643.14211913	2828	2.08554572e-04	2828.00000000	3.22220371e+15	3.34962869e+15	2.97738066e-03
282899	2644.08466667	2829	2.08628319e-04	2829.00000000	3.22220484e+15	3.34962982e+15	2.97738161e-03
282999	2645.06598979	2830	2.08702065e-04	2830.00000000	3.22220596e+15	3.34963095e+15	2.97738255e-03
283099	2646.01655574	2831	2.08775811e-04	2831.00000000	3.22220709e+15	3.34963207e+15	2.97738350e-03
283199	2646.96636077	2832	2.08849558e-04	2832.00000000	3.22220821e+15	3.34963320e+15	2.97738444e-03
283299	2647.90945094	2833	2.08923304e-04	2833.00000000	3.22220932e+15	3.34963431e+15	2.97738538e-03
283399	2648.85593759	2834	2.08997050e-04	2834.00000000	3.22221044e+15	3.34963543e+15	2.97738631e-03
283499	2649.80996090	2835	2.09070796e-04	2835.00000000	3.22221155e+15	3.34963654e+15	2.97738724e-03
283599	2650.78242463	2836	2.09144543e-04	2836.00000000	3.22221266e+15	3.34963765e+15	2.97738818e-03
283699	2651.74672148	2837	2.09218289e-04	2837.00000000	3.22221376e+15	3.34963876e+15	2.97738910e-03
283799	2652.72542591	2838	2.09292035e-04	2838.00000000	3.22221486e+15	3.34963987e+15	2.97739003e-03
283899	2653.70226755	2839	2.09365782e-04	2839.00000000	3.22221596e+15	3.34964097e+15	2.97739095e-03
283999	2654.64219727	2840	2.09439528e-04	2840.00000000	3.22221706e+15	3.34964207e+15	2.97739187e-03
284099	2655.60134595	2841	2.09513274e-04	2841.00000000	3.22221815e+15	3.34964316e+15	2.97739279e-03
284199	2656.55867185	2842	2.09587021e-04	2842.00000000	3.22221924e+15	3.34964426e+15	2.97739371e-03
284299	2657.50730921	2843	2.09660767e-04	2843.00000000	3.22222033e+15	3.34964535e+15	2.97739462e-03
284399	2658.46076152	2844	2.09734513e-04	2844.00000000	3.22222142e+15	3.34964643e+15	2.97739554e-03
284499	2659.40861048	2845	2.09808260e-04	2845.00000000	3.22222250e+15	3.34964752e+15	2.97739644e-03
284599	2660.37872348	2846	2.09882006e-04	2846.00000000	3.22222358e+15	3.34964860e+15	2.97739735e-03
284699	2661.35819880	2847	2.09955752e-04	2847.00000000	3.22222466e+15	3.34964968e+15	2.97739826e-03
284799	2662.33376474	2848	2.10029499e-04	2848.00000000	3.22222573e+15	3.34965076e+15	2.97739916e-03
284899	2663.29972108	2849	2.10103245e-04	2849.00000000	3.22222680e+15	3.34965183e+15	2.97740006e-03
284999	2664.25935017	2850	2.10176991e-04	2850.00000000	3.22222787e+15	3.34965290e+15	2.97740095e-03
285099	2665.24660394	2851	2.10250737e-04	2851.00000000	3.22222893e+15	3.34965397e+15	2.97740185e-03
285199	2666.23182475	2852	2.10324484e-04	2852.00000000	3.22223000e+15	3.34965503e+15	2.97740274e-03
285299	2667.20233444	2853	2.10398230e-04	2853.00000000	3.22223106e+15	3.34965609e+15	2.97740363e-03
285399	2668.19172097	2854	2.10471976e-04	2854.00000000	3.22223211e+15	3.34965715e+15	2.97740452e-03
285499	2669.16514637	2855	2.10545723e-04	2855.00000000	3.22223317e+15	3.34965821e+15	2.97740541e-03
285599	2670.12582242	2856	2.10619469e-04	2856.00000000	3.22223422e+15	3.34965927e+15	2.97740629e-03
285699	2671.07834971	2857	2.10693215e-04	2857.00000000	3.22223527e+15	3.34966032e+15	2.97740717e-03
285799	2672.03597115	2858	2.10766962e-04	2858.00000000	3.22223632e+15	3.34966136e+15	2.97740805e-03
285899	2673.10519679	2859	2.10840708e-04	2859.00000000	3.22223736e+15	3.34966241e+15	2.97740893e-03
285999	2674.23457735	2860	2.10914454e-04	2860.00000000	3.22223840e+15	3.34966345e+15	2.97740980e-03
286099	2675.86057385	2861	2.10988201e-04	2861.00000000	3.22223944e+15	3.34966449e+15	2.97741067e-03
286199	2677.35596706	2862	2.11061947e-04	2862.00000000	3.22224047e+15	3.34966553e+15	2.97741154e-03
286299	2678.71275184	2863	2.11135693e-04	2863.00000000	3.22224151e+15	3.34966657e+15	2.97741241e-03
286399	2680.14426106	2864	2.11209440e-04	2864.00000000	3.22224254e+15	3.34966760e+15	2.97741328e-03
286499	2681.31936886	2865	2.11283186e-04	2865.00000000	3.22224356e+15	3.34966863e+15	2.97741414e-03
286599	2682.40378530	2866	2.11356932e-04	2866.00000000	3.22224459e+15	3.34966966e+15	2.97741500e-03
286699	2683.53816806	2867	2.11430678e-04	2867.00000000	3.22224561e+15	3.34967068e+15	2.97741586e-03
286799	2684.58409227	2868	2.11504425e-04	2868.00000000	3.22224663e+15	3.34967170e+15	2.97741671e-03
286899	2685.60259012	2869	2.11578171e-04	2869.00000000	3.22224765e+15	3.34967272e+15	2.97741757e-03
286999	2686.68088261	2870	2.11651917e-04	2870.00000000	3.22224866e+15	3.34967374e+15	2.97741842e-03
287099	2687.69745823	2871	2.11725664e-04	2871.00000000	3.22224967e+15	3.34967475e+15	2.97741927e-03
287199	2688.82242488	2872	2.11799410e-04	2872.00000000	3.22225068e+15	3.34967576e+15	2.97742012e-03
287299	2689.79745861	2873	2.11873156e-04	2873.00000000	3.22225169e+15	3.34967677e+15	2.97742096e-03
287399	2690.81167002	2874	2.11946903e-04	2874.00000000	3.22225269e+15	3.34967777e+15	2.97742181e-03
287499	2691.90027749	2875	2.12020649e-04	2875.00000000	3.22225369e+15	3.34967878e+15	2.97742265e-03
287599	2692.99606457	2876	2.12094395e-04	2876.00000000	3.22225469e+15	3.34967978e+15	2.97742348e-03
287699	2694.01352016	2877	2.12168142e-04	2877.00000000	3.22225569e+15	3.34968078e+15	2.97742432e-03
287799	2695.17755023	2878	2.12241888e-04	2878.00000000	3.22225668e+15	3.34968177e+15	2.97742516e-03
287899	2696.23037032	2879	2.12315634e-04	2879.00000000	3.22225767e+15	3.34968276e+15	2.97742599e-03
287999	2697.49571858	2880	2.12389381e-04	2880.00000000	3.22225866e+15	3.34968375e+15	2.97742682e-03
288099	2698.78726070	2881	2.12463127e-04	2881.00000000	3.22225964e+15	3.34968474e+15	2.97742765e-03
288199	2699.97734693	2882	2.12536873e-04	2882.00000000	3.22226062e+15	3.34968573e+15	2.97742847e-03
288299	2701.09057757	2883	2.12610619e-04	2883.00000000	3.22226160e+15	3.34968671e+15	2.97742929e-03
288399	2702.16746790	2884	2.12684366e-04	2884.00000000	3.22226258e+15	3.34968769e+15	2.97743012e-03
288499	2703.25374274	2885	2.12758112e-04	2885.00000000	3.22226356e+15	3.34968866e+15	2.97743093e-03
288599	2704.21891554	2886	2.12831858e-04	2886.00000000	3.22226453e+15	3.34968964e+15	2.97743175e-03
288699	2705.21690196	2887	2.12905605e-04	2887.00000000	3.22226550e+15	3.34969061e+15	2.97743257e-03
288799	2706.22301314	2888	2.12979351e-04	2888.00000000	3.22226647e+15	3.34969158e+15	2.97743338e-03
288899	2707.18473230	2889	2.13053097e-04	2889.00000000	3.22226743e+15	3.34969255e+15	2.97743419e-03
288999	2708.12599900	2890	2.13126844e-04	2890.00000000	3.22226840e+15	3.34969351e+15	2.97743500e-03
289099	2709.06605459	2891	2.13200590e-04	2891.00000000	3.22226936e+15	3.34969447e+15	2.97743580e-03
289199	2710.00884134	2892	2.13274336e-04	2892.00000000	3.22227031e+15	3.34969543e+15	2.97743661e-03
289299	2710.97669730	2893	2.13348083e-04	2893.00000000	3.22227127e+15	3.34969639e+15	2.97743741e-03
289399	2711.93184248	2894	2.13421829e-04	2894.00000000	3.22227222e+15	3.34969735e+15	2.97743821e-03
289499	2712.89663967	2895	2.13495575e-04	2895.00000000	3.22227317e+15	3.34969830e+15	2.97743901e-03
289599	2713.84904422	2896	2.13569322e-04	2896.00000000	3.22227412e+15	3.34969925e+15	2.97743980e-03
289699	2714.81464227	2897	2.13643068e-04	2897.00000000	3.22227506e+15	3.34970019e+15	2.97744060e-03
289799	2715.77027184	2898	2.13716814e-04	2898.00000000	3.22227601e+15	3.34970114e+15	2.97744139e-03
289899	2716.71105643	2899	2.13790560e-04	2899.00000000	3.22227695e+15	3.34970208e+15	2.97744218e-03
289999	2717.64515929	2900	2.13864307e-04	2900.00000000	3.22227788e+15	3.34970302e+15	2.97744297e-03
290099	2718.55613178	2901	2.13938053e-04	2901.00000000	3.22227882e+15	3.34970396e+15	2.97744375e-03
290199	2719.49046496	2902	2.14011799e-04	2902.00000000	3.22227975e+15	3.34970489e+15	2.97744454e-03
290299	2720.45764904	2903	2.14085546e-04	2903.00000000	3.22228068e+15	3.34970583e+15	2.97744532e-03
290399	2721.39857030	2904	2.14159292e-04	2904.00000000	3.22228161e+15	3.34970675e+15	2.97744610e-03
290499	2722.32306225	2905	2.14233038e-04	2905.00000000	3.22228253e+15	3.34970768e+15	2.97744688e-03
290599	2723.24874038	2906	2.14306785e-04	2906.00000000	3.22228346e+15	3.34970861e+15	2.97744765e-03
290699	2724.16827036	2907	2.14380531e-04	2907.00000000	3.22228438e+15	3.34970953e+15	2.97744842e-03
290799	2725.07714683	2908	2.14454277e-04	2908.00000000	3.22228530e+15	3.34971045e+15	2.97744920e-03
290899	2726.00427733	2909	2.14528024e-04	2909.00000000	3.22228621e+15	3.34971137e+15	2.97744997e-03
290999	2726.92849216	2910	2.14601770e-04	2910.00000000	3.22228713e+15	3.34971228e+15	2.97745073e-03
291099	2727.86799843	2911	2.14675516e-04	2911.00000000	3.22228804e+15	3.34971320e+15	2.97745150e-03
291199	2728.80998784	2912	2.14749263e-04	2912.00000000	3.22228895e+15	3.34971411e+15	2.97745226e-03
291299	2729.74770402	2913	2.14823009e-04	2913.00000000	3.22228985e+15	3.34971502e+15	2.97745302e-03
291399	2730.67815657	2914	2.14896755e-04	2914.00000000	3.22229076e+15	3.34971592e+15	2.97745378e-03
291499	2731.62286335	2915	2.14970501e-04	2915.00000000	3.22229166e+15	3.34971683e+15	2.97745454e-03
291599	2732.58265794	2916	2.15044248e-04	2916.00000000	3.22229256e+15	3.34971773e+15	2.97745530e-03
291699	2733.52063572	2917	2.15117994e-04	2917.00000000	3.22229345e+15	3.34971863e+15	2.97745605e-03
291799	2734.47498567	2918	2.15191740e-04	2918.00000000	3.22229435e+15	3.34971952e+15	2.97745680e-03
291899	2735.44338723	2919	2.15265487e-04	2919.00000000	3.22229524e+15	3.34972042e+15	2.97745755e-03
291999	2736.37904248	2920	2.15339233e-04	2920.00000000	3.22229613e+15	3.34972131e+15	2.97745830e-03
292099	2737.30646847	2921	2.15412979e-04	2921.00000000	3.22229702e+15	3.34972220e+15	2.97745904e-03
292199	2738.26057367	2922	2.15486726e-04	2922.00000000	3.22229790e+15	3.34972309e+15	2.97745979e-03
292299	2739.20412818	2923	2.15560472e-04	2923.00000000	3.22229879e+15	3.34972397e+15	2.97746053e-03
292399	2740.13707616	2924	2.15634218e-04	2924.00000000	3.22229967e+15	3.34972485e+15	2.97746127e-03
292499	2741.08210703	2925	2.15707965e-04	2925.00000000	3.22230055e+15	3.34972573e+15	2.97746201e-03
292599	2742.03172948	2926	2.15781711e-04	2926.00000000	3.22230142e+15	3.34972661e+15	2.97746274e-03
292699	2742.98899445	2927	2.15855457e-04	2927.00000000	3.22230230e+15	3.34972749e+15	2.97746348e-03
292799	2743.93528349	2928	2.15929204e-04	2928.00000000	3.22230317e+15	3.34972836e+15	2.97746421e-03
292899	2744.86075684	2929	2.16002950e-04	2929.00000000	3.22230404e+15	3.34972923e+15	2.97746494e-03
292999	2745.80327830	2930	2.16076696e-04	2930.00000000	3.22230490e+15	3.34973010e+15	2.97746567e-03
293099	2746.73701105	2931	2.16150442e-04	2931.00000000	3.22230577e+15	3.34973097e+15	2.97746639e-03
293199	2747.68279463	2932	2.16224189e-04	2932.00000000	3.22230663e+15	3.34973183e+15	2.97746712e-03
293299	2748.64714390	2933	2.16297935e-04	2933.00000000	3.22230749e+15	3.34973269e+15	2.97746784e-03
293399	2749.59366338	2934	2.16371681e-04	2934.00000000	3.22230835e+15	3.34973355e+15	2.97746856e-03
293499	2750.57163854	2935	2.16445428e-04	2935.00000000	3.22230921e+15	3.34973441e+15	2.97746928e-03
293599	2751.52144255	2936	2.16519174e-04	2936.00000000	3.22231006e+15	3.34973527e+15	2.97747000e-03
293699	2752.51068596	2937	2.16592920e-04	2937.00000000	3.22231091e+15	3.34973612e+15	2.97747071e-03
293799	2753.45248430	2938	2.16666667e-04	2938.00000000	3.22231176e+15	3.34973697e+15	2.97747143e-03
293899	2754.40289748	2939	2.16740413e-04	2939.00000000	3.22231261e+15	3.34973782e+15	2.97747214e-03
293999	2755.35498904	2940	2.16814159e-04	2940.00000000	3.22231345e+15	3.34973867e+15	2.97747285e-03
294099	2756.31732041	2941	2.16887906e-04	2941.00000000	3.22231429e+15	3.34973951e+15	2.97747356e-03
294199	2757.27574978	2942	2.16961652e-04	2942.00000000	3.22231514e+15	3.34974035e+15	2.97747426e-03
294299	2758.22828099	2943	2.17035398e-04	2943.00000000	3.22231597e+15	3.34974119e+15	2.97747497e-03
294399	2759.17498353	2944	2.17109145e-04	2944.00000000	3.22231681e+15	3.34974203e+15	2.97747567e-03
294499	2760.14421229	2945	2.17182891e-04	2945.00000000	3.22231764e+15	3.34974287e+15	2.97747637e-03
294599	2761.11374198	2946	2.17256637e-04	2946.00000000	3.22231847e+15	3.34974370e+15	2.97747707e-03
294699	2762.08085960	2947	2.17330383e-04	2947.00000000	3.22231930e+15	3.34974453e+15	2.97747776e-03
294799	2763.04440874	2948	2.17404130e-04	2948.00000000	3.22232013e+15	3.34974536e+15	2.97747846e-03
294899	2764.01181812	2949	2.17477876e-04	2949.00000000	3.22232096e+15	3.34974619e+15	2.97747915e-03
294999	2764.98128949	2950	2.17551622e-04	2950.00000000	3.22232178e+15	3.34974701e+15	2.97747984e-03
295099	2765.93460350	2951	2.17625369e-04	2951.00000000	3.22232260e+15	3.34974783e+15	2.97748053e-03
295199	2766.89115138	2952	2.17699115e-04	2952.00000000	3.22232342e+15	3.34974865e+15	2.97748122e-03
295299	2767.86046573	2953	2.17772861e-04	2953.00000000	3.22232424e+15	3.34974947e+15	2.97748191e-03
295399	2768.83299467	2954	2.17846608e-04	2954.00000000	3.22232505e+15	3.34975029e+15	2.97748259e-03
295499	2769.82302378	2955	2.17920354e-04	2955.00000000	3.22232586e+15	3.34975110e+15	2.97748327e-03
295599	2770.79760782	2956	2.17994100e-04	2956.00000000	3.22232667e+15	3.34975192e+15	2.97748395e-03
295699	2771.76250256	2957	2.18067847e-04	2957.00000000	3.22232748e+15	3.34975272e+15	2.97748463e-03
295799	2772.69832246	2958	2.18141593e-04	2958.00000000	3.22232829e+15	3.34975353e+15	2.97748531e-03
295899	2773.64812183	2959	2.18215339e-04	2959.00000000	3.22232909e+15	3.34975434e+15	2.97748598e-03
295999	2774.58297606	2960	2.18289086e-04	2960.00000000	3.22232989e+15	3.34975514e+15	2.97748666e-03
296099	2775.51911002	2961	2.18362832e-04	2961.00000000	3.22233069e+15	3.34975594e+15	2.97748733e-03
296199	2776.45253681	2962	2.18436578e-04	2962.00000000	3.22233149e+15	3.34975674e+15	2.97748800e-03
296299	2777.38715333	2963	2.18510324e-04	2963.00000000	3.22233229e+15	3.34975754e+15	2.97748867e-03
296399	2778.32317397	2964	2.18584071e-04	2964.00000000	3.22233308e+15	3.34975834e+15	2.97748934e-03
296499	2779.24525336	2965	2.18657817e-04	2965.00000000	3.22233387e+15	3.34975913e+15	2.97749000e-03
296599	2780.17550907	2966	2.18731563e-04	2966.00000000	3.22233466e+15	3.34975992e+15	2.97749066e-03
296699	2781.09829364	2967	2.18805310e-04	2967.00000000	3.22233545e+15	3.34976071e+15	2.97749132e-03
296799	2782.02543672	2968	2.18879056e-04	2968.00000000	3.22233623e+15	3.34976150e+15	2.97749198e-03
296899	2782.95674188	2969	2.18952802e-04	2969.00000000	3.22233702e+15	3.34976228e+15	2.97749264e-03
296999	2783.87952081	2970	2.19026549e-04	2970.00000000	3.22233780e+15	3.34976306e+15	2.97749330e-03
297099	2784.82480437	2971	2.19100295e-04	2971.00000000	3.22233858e+15	3.34976384e+15	2.97749395e-03
297199	2785.76576655	2972	2.19174041e-04	2972.00000000	3.22233935e+15	3.34976462e+15	2.97749461e-03
297299	2786.70433011	2973	2.19247788e-04	2973.00000000	3.22234013e+15	3.34976540e+15	2.97749526e-03
297399	2787.64909302	2974	2.19321534e-04	2974.00000000	3.22234090e+15	3.34976617e+15	2.97749591e-03
297499	2788.58774363	2975	2.19395280e-04	2975.00000000	3.22234167e+15	3.34976695e+15	2.97749655e-03
297599	2789.54647383	2976	2.19469027e-04	2976.00000000	3.22234244e+15	3.34976772e+15	2.97749720e-03
297699	2790.48893259	2977	2.19542773e-04	2977.00000000	3.22234321e+15	3.34976849e+15	2.97749784e-03
297799	2791.43394739	2978	2.19616519e-04	2978.00000000	3.22234397e+15	3.34976925e+15	2.97749849e-03
297899	2792.36882376	2979	2.19690265e-04	2979.00000000	3.22234474e+15	3.34977002e+15	2.97749913e-03
297999	2793.31594560	2980	2.19764012e-04	2980.00000000	3.22234550e+15	3.34977078e+15	2.97749977e-03
298099	2794.25413954	2981	2.19837758e-04	2981.00000000	3.22234626e+15	3.34977154e+15	2.97750041e-03
298199	2795.20013781	2982	2.19911504e-04	2982.00000000	3.22234701e+15	3.34977230e+15	2.97750104e-03
298299	2796.14439025	2983	2.19985251e-04	2983.00000000	3.22234777e+15	3.34977306e+15	2.97750168e-03
298399	2797.07724065	2984	2.20058997e-04	2984.00000000	3.22234852e+15	3.34977381e+15	2.97750231e-03
298499	2798.00752856	2985	2.20132743e-04	2985.00000000	3.22234927e+15	3.34977456e+15	2.97750294e-03
298599	2798.95161660	2986	2.20206490e-04	2986.00000000	3.22235002e+15	3.34977532e+15	2.97750357e-03
298699	2799.90196497	2987	2.20280236e-04	2987.00000000	3.22235077e+15	3.34977606e+15	2.97750420e-03
298799	2800.82479372	2988	2.20353982e-04	2988.00000000	3.22235152e+15	3.34977681e+15	2.97750482e-03
298899	2801.74923312	2989	2.20427729e-04	2989.00000000	3.22235226e+15	3.34977756e+15	2.97750545e-03
298999	2802.66808879	2990	2.20501475e-04	2990.00000000	3.22235300e+15	3.34977830e+15	2.97750607e-03
299099	2803.58603438	2991	2.20575221e-04	2991.00000000	3.22235374e+15	3.34977904e+15	2.97750669e-03
299199	2804.52871227	2992	2.20648968e-04	2992.00000000	3.22235448e+15	3.34977978e+15	2.97750731e-03
299299	2805.44366522	2993	2.20722714e-04	2993.00000000	3.22235521e+15	3.34978052e+15	2.97750793e-03
299399	2806.37306643	2994	2.20796460e-04	2994.00000000	3.22235595e+15	3.34978125e+15	2.97750855e-03
299499	2807.30489648	2995	2.20870206e-04	2995.00000000	3.22235668e+15	3.34978199e+15	2.97750916e-03
299599	2808.22236906	2996	2.20943953e-04	2996.00000000	3.22235741e+15	3.34978272e+15	2.97750977e-03
299699	2809.13161547	2997	2.21017699e-04	2997.00000000	3.22235814e+15	3.34978345e+15	2.97751039e-03
299799	2810.05516288	2998	2.21091445e-04	2998.00000000	3.22235886e+15	3.34978417e+15	2.97751100e-03
299899	2810.97923025	2999	2.21165192e-04	2999.00000000	3.22235959e+15	3.34978490e+15	2.97751160e-03
299999	2811.90256462	3000	2.21238938e-04	3000.00000000	3.22233939e+15	3.34978032e+15	2.97737070e-03
