TITLE = "DT cycle-start spatial average"
VARIABLES = "step", "wallTime", "targetCycle", "runTime", "runCyc", "NeAve", "NiAve", "EeAve"
ZONE T="Average_phase0", F=POINT
0	0.00000000	0	0.00000000e+00	0.00000000	1.00000000e+14	1.00000000e+14	2.40315765e-05
400	3.47387832	1	7.37463127e-08	1.00000000	9.69004142e+13	1.15337243e+14	1.17117532e-04
800	6.96276943	2	1.47492625e-07	2.00000000	1.21400081e+14	1.46521616e+14	1.47518837e-04
1200	10.47394078	3	2.21238938e-07	3.00000000	1.54509017e+14	1.84449684e+14	1.87017151e-04
1600	13.98055530	4	2.94985251e-07	4.00000000	1.94694512e+14	2.28915214e+14	2.33807224e-04
2000	17.48693051	5	3.68731563e-07	5.00000000	2.40556793e+14	2.78980010e+14	2.85967451e-04
2400	20.99827930	6	4.42477876e-07	6.00000000	2.90385442e+14	3.33082532e+14	3.41323835e-04
2800	24.52100211	7	5.16224189e-07	7.00000000	3.42498080e+14	3.89539914e+14	3.97908550e-04
3200	28.04138133	8	5.89970501e-07	8.00000000	3.95386644e+14	4.46781923e+14	4.54467241e-04
3600	31.55897789	9	6.63716814e-07	9.00000000	4.47831681e+14	5.03513408e+14	5.09714788e-04
4000	35.07999253	10	7.37463127e-07	10.00000000	4.99119461e+14	5.58957745e+14	5.62895886e-04
4400	38.60392363	11	8.11209440e-07	11.00000000	5.48860603e+14	6.12681267e+14	6.13646517e-04
4800	42.12617187	12	8.84955752e-07	12.00000000	5.96851315e+14	6.64454359e+14	6.61822994e-04
5200	45.65339161	13	9.58702065e-07	13.00000000	6.43071858e+14	7.14243925e+14	7.07658833e-04
5600	49.19390247	14	1.03244838e-06	14.00000000	6.87662885e+14	7.62186545e+14	7.51439780e-04
6000	52.71277888	15	1.10619469e-06	15.00000000	7.30819972e+14	8.08480220e+14	7.93460721e-04
6400	56.25448433	16	1.17994100e-06	16.00000000	7.72754957e+14	8.53344174e+14	8.34105010e-04
6800	59.79007931	17	1.25368732e-06	17.00000000	8.13669311e+14	8.96988976e+14	8.73670919e-04
7200	63.32822557	18	1.32743363e-06	18.00000000	8.53675851e+14	9.39536563e+14	9.12385586e-04
7600	66.85159046	19	1.40117994e-06	19.00000000	8.92808336e+14	9.81030466e+14	9.50136640e-04
8000	70.38079846	20	1.47492625e-06	20.00000000	9.31036389e+14	1.02144913e+15	9.86945357e-04
8400	73.91237676	21	1.54867257e-06	21.00000000	9.68316968e+14	1.06075877e+15	1.02281614e-03
8800	77.44809033	22	1.62241888e-06	22.00000000	1.00464528e+15	1.09896285e+15	1.05770476e-03
9200	80.97918441	23	1.69616519e-06	23.00000000	1.04001003e+15	1.13606125e+15	1.09159446e-03
9600	84.51169290	24	1.76991150e-06	24.00000000	1.07437100e+15	1.17202430e+15	1.12446610e-03
10000	88.04841157	25	1.84365782e-06	25.00000000	1.10779475e+15	1.20692949e+15	1.15626583e-03
10400	91.57488805	26	1.91740413e-06	26.00000000	1.14042159e+15	1.24092788e+15	1.18708278e-03
10800	95.09992481	27	1.99115044e-06	27.00000000	1.17236812e+15	1.27414744e+15	1.21701573e-03
11200	98.63972243	28	2.06489676e-06	28.00000000	1.20364262e+15	1.30660559e+15	1.24617466e-03
11600	102.17608119	29	2.13864307e-06	29.00000000	1.23421494e+15	1.33828243e+15	1.27456425e-03
12000	105.69801843	30	2.21238938e-06	30.00000000	1.26407318e+15	1.36917083e+15	1.30218670e-03
12400	109.22128167	31	2.28613569e-06	31.00000000	1.29319817e+15	1.39925873e+15	1.32903897e-03
12800	112.75342311	32	2.35988201e-06	32.00000000	1.32157662e+15	1.42853869e+15	1.35511853e-03
13200	116.29326319	33	2.43362832e-06	33.00000000	1.34920449e+15	1.45700957e+15	1.38043000e-03
13600	119.82027684	34	2.50737463e-06	34.00000000	1.37606487e+15	1.48465984e+15	1.40497410e-03
14000	123.34782245	35	2.58112094e-06	35.00000000	1.40213577e+15	1.51147131e+15	1.42874853e-03
14400	126.87700043	36	2.65486726e-06	36.00000000	1.42740355e+15	1.53743126e+15	1.45173733e-03
14800	130.40831775	37	2.72861357e-06	37.00000000	1.45189059e+15	1.56256713e+15	1.47391430e-03
15200	133.94418008	38	2.80235988e-06	38.00000000	1.47562778e+15	1.58691323e+15	1.49530733e-03
15600	137.47856294	39	2.87610619e-06	39.00000000	1.49864478e+15	1.61050192e+15	1.51595899e-03
16000	141.00291018	40	2.94985251e-06	40.00000000	1.52098114e+15	1.63337296e+15	1.53594113e-03
16400	144.52999142	41	3.02359882e-06	41.00000000	1.54266793e+15	1.65556282e+15	1.55528879e-03
16800	148.05103074	42	3.09734513e-06	42.00000000	1.56373590e+15	1.67710470e+15	1.57403695e-03
17200	151.58304454	43	3.17109145e-06	43.00000000	1.58421180e+15	1.69802806e+15	1.59221777e-03
17600	155.10475003	44	3.24483776e-06	44.00000000	1.60412498e+15	1.71836320e+15	1.60986766e-03
18000	158.63567651	45	3.31858407e-06	45.00000000	1.62350451e+15	1.73814059e+15	1.62701509e-03
18400	162.16261036	46	3.39233038e-06	46.00000000	1.64237413e+15	1.75738678e+15	1.64367867e-03
18800	165.68852430	47	3.46607670e-06	47.00000000	1.66075553e+15	1.77612487e+15	1.65988126e-03
19200	169.21487690	48	3.53982301e-06	48.00000000	1.67866804e+15	1.79437640e+15	1.67564123e-03
19600	172.74462626	49	3.61356932e-06	49.00000000	1.69613082e+15	1.81216218e+15	1.69097781e-03
20000	176.29464114	50	3.68731563e-06	50.00000000	1.71316480e+15	1.82950119e+15	1.70591782e-03
20400	179.82699655	51	3.76106195e-06	51.00000000	1.72979142e+15	1.84641717e+15	1.72048877e-03
20800	183.36483472	52	3.83480826e-06	52.00000000	1.74602053e+15	1.86292235e+15	1.73470279e-03
21200	186.90946468	53	3.90855457e-06	53.00000000	1.76186650e+15	1.87903182e+15	1.74857692e-03
21600	190.45388787	54	3.98230088e-06	54.00000000	1.77734484e+15	1.89476197e+15	1.76212483e-03
22000	193.96977216	55	4.05604720e-06	55.00000000	1.79246872e+15	1.91012685e+15	1.77535877e-03
22400	197.49820551	56	4.12979351e-06	56.00000000	1.80725079e+15	1.92513981e+15	1.78829247e-03
22800	201.02756783	57	4.20353982e-06	57.00000000	1.82170660e+15	1.93981596e+15	1.80094508e-03
23200	204.54570666	58	4.27728614e-06	58.00000000	1.83585311e+15	1.95417236e+15	1.81333666e-03
23600	208.05881283	59	4.35103245e-06	59.00000000	1.84970123e+15	1.96822199e+15	1.82547243e-03
24000	211.58318334	60	4.42477876e-06	60.00000000	1.86325545e+15	1.98197052e+15	1.83735918e-03
24400	215.11727979	61	4.49852507e-06	61.00000000	1.87652545e+15	1.99542773e+15	1.84899939e-03
24800	218.64388037	62	4.57227139e-06	62.00000000	1.88952401e+15	2.00860667e+15	1.86040435e-03
25200	222.17097698	63	4.64601770e-06	63.00000000	1.90226193e+15	2.02151843e+15	1.87157923e-03
25600	225.70876516	64	4.71976401e-06	64.00000000	1.91475248e+15	2.03417666e+15	1.88252993e-03
26000	229.24445469	65	4.79351032e-06	65.00000000	1.92700163e+15	2.04658759e+15	1.89326200e-03
26400	232.77267730	66	4.86725664e-06	66.00000000	1.93902022e+15	2.05876195e+15	1.90377586e-03
26800	236.30590597	67	4.94100295e-06	67.00000000	1.95081844e+15	2.07070947e+15	1.91408917e-03
27200	239.84569095	68	5.01474926e-06	68.00000000	1.96240307e+15	2.08243788e+15	1.92420774e-03
27600	243.37055943	69	5.08849558e-06	69.00000000	1.97377609e+15	2.09395057e+15	1.93413070e-03
28000	246.91161024	70	5.16224189e-06	70.00000000	1.98494515e+15	2.10525505e+15	1.94386356e-03
28400	250.44555082	71	5.23598820e-06	71.00000000	1.99591455e+15	2.11635562e+15	1.95341267e-03
28800	253.98744752	72	5.30973451e-06	72.00000000	2.00668908e+15	2.12725725e+15	1.96278500e-03
29200	257.50187991	73	5.38348083e-06	73.00000000	2.01727333e+15	2.13796468e+15	1.97198509e-03
29600	261.02533105	74	5.45722714e-06	74.00000000	2.02767194e+15	2.14848274e+15	1.98101137e-03
30000	264.55241738	75	5.53097345e-06	75.00000000	2.03789028e+15	2.15881653e+15	1.98987180e-03
30400	268.08129277	76	5.60471976e-06	76.00000000	2.04792912e+15	2.16896814e+15	1.99856806e-03
30800	271.61144963	77	5.67846608e-06	77.00000000	2.05779281e+15	2.17894112e+15	2.00710437e-03
31200	275.12831733	78	5.75221239e-06	78.00000000	2.06748496e+15	2.18873916e+15	2.01548544e-03
31600	278.65206847	79	5.82595870e-06	79.00000000	2.07701042e+15	2.19836670e+15	2.02371995e-03
32000	282.17157833	80	5.89970501e-06	80.00000000	2.08637777e+15	2.20783251e+15	2.03181170e-03
32400	285.71345104	81	5.97345133e-06	81.00000000	2.09558936e+15	2.21713901e+15	2.03976301e-03
32800	289.23651419	82	6.04719764e-06	82.00000000	2.10464366e+15	2.22628674e+15	2.04757562e-03
33200	292.75666389	83	6.12094395e-06	83.00000000	2.11354702e+15	2.23528146e+15	2.05524821e-03
33600	296.28664131	84	6.19469027e-06	84.00000000	2.12230244e+15	2.24412591e+15	2.06278865e-03
34000	299.80901027	85	6.26843658e-06	85.00000000	2.13091090e+15	2.25282103e+15	2.07020063e-03
34400	303.33246143	86	6.34218289e-06	86.00000000	2.13937901e+15	2.26137343e+15	2.07747878e-03
34800	306.85932961	87	6.41592920e-06	87.00000000	2.14771195e+15	2.26978839e+15	2.08463315e-03
35200	310.37501182	88	6.48967552e-06	88.00000000	2.15591197e+15	2.27806824e+15	2.09166867e-03
35600	313.88080544	89	6.56342183e-06	89.00000000	2.16398028e+15	2.28621431e+15	2.09858879e-03
36000	317.41008404	90	6.63716814e-06	90.00000000	2.17191890e+15	2.29422866e+15	2.10539441e-03
36400	320.93745169	91	6.71091445e-06	91.00000000	2.17972973e+15	2.30211326e+15	2.11208656e-03
36800	324.47535137	92	6.78466077e-06	92.00000000	2.18741564e+15	2.30987103e+15	2.11866626e-03
37200	328.01215464	93	6.85840708e-06	93.00000000	2.19498141e+15	2.31750680e+15	2.12513489e-03
37600	331.53015859	94	6.93215339e-06	94.00000000	2.20242758e+15	2.32502115e+15	2.13149834e-03
38000	335.05838844	95	7.00589971e-06	95.00000000	2.20975657e+15	2.33241649e+15	2.13775899e-03
38400	338.59636402	96	7.07964602e-06	96.00000000	2.21697211e+15	2.33969653e+15	2.14391793e-03
38800	342.12752243	97	7.15339233e-06	97.00000000	2.22407548e+15	2.34686228e+15	2.14998334e-03
39200	345.66186794	98	7.22713864e-06	98.00000000	2.23106653e+15	2.35391389e+15	2.15595644e-03
39600	349.18867985	99	7.30088496e-06	99.00000000	2.23795061e+15	2.36085685e+15	2.16183303e-03
40000	352.70757179	100	7.37463127e-06	100.00000000	2.24472899e+15	2.36769346e+15	2.16761432e-03
40400	356.23319648	101	7.44837758e-06	101.00000000	2.25140282e+15	2.37442446e+15	2.17330432e-03
40800	359.75822739	102	7.52212389e-06	102.00000000	2.25796862e+15	2.38104620e+15	2.17890787e-03
41200	363.28591222	103	7.59587021e-06	103.00000000	2.26442975e+15	2.38756199e+15	2.18441513e-03
41600	366.80587075	104	7.66961652e-06	104.00000000	2.27078997e+15	2.39397559e+15	2.18983228e-03
42000	370.32353011	105	7.74336283e-06	105.00000000	2.27705327e+15	2.40029106e+15	2.19515800e-03
42400	373.83928261	106	7.81710914e-06	106.00000000	2.28322531e+15	2.40651406e+15	2.20039928e-03
42800	377.36566642	107	7.89085546e-06	107.00000000	2.28930570e+15	2.41264426e+15	2.20556112e-03
43200	380.89474148	108	7.96460177e-06	108.00000000	2.29529721e+15	2.41868445e+15	2.21064456e-03
43600	384.42287258	109	8.03834808e-06	109.00000000	2.30120028e+15	2.42463513e+15	2.21565217e-03
44000	387.95276211	110	8.11209440e-06	110.00000000	2.30701824e+15	2.43049966e+15	2.22058178e-03
44400	391.49071718	111	8.18584071e-06	111.00000000	2.31275500e+15	2.43628200e+15	2.22543648e-03
44800	395.02089235	112	8.25958702e-06	112.00000000	2.31841312e+15	2.44198472e+15	2.23021943e-03
45200	398.54120631	113	8.33333333e-06	113.00000000	2.32399082e+15	2.44760609e+15	2.23493627e-03
45600	402.16428078	114	8.40707965e-06	114.00000000	2.32949031e+15	2.45314832e+15	2.23958258e-03
46000	405.68699869	115	8.48082596e-06	115.00000000	2.33491363e+15	2.45861346e+15	2.24416097e-03
46400	409.22143399	116	8.55457227e-06	116.00000000	2.34026432e+15	2.46400508e+15	2.24867240e-03
46800	412.75072551	117	8.62831858e-06	117.00000000	2.34554074e+15	2.46932156e+15	2.25312383e-03
47200	416.27391102	118	8.70206490e-06	118.00000000	2.35074663e+15	2.47456666e+15	2.25750938e-03
47600	419.80793002	119	8.77581121e-06	119.00000000	2.35588124e+15	2.47973962e+15	2.26183544e-03
48000	423.32954543	120	8.84955752e-06	120.00000000	2.36094474e+15	2.48484064e+15	2.26610060e-03
48400	426.85942678	121	8.92330383e-06	121.00000000	2.36594462e+15	2.48987725e+15	2.27029708e-03
48800	430.38360403	122	8.99705015e-06	122.00000000	2.37089154e+15	2.49486013e+15	2.27443294e-03
49200	433.91846254	123	9.07079646e-06	123.00000000	2.37578662e+15	2.49979042e+15	2.27852240e-03
49600	437.44250140	124	9.14454277e-06	124.00000000	2.38063042e+15	2.50466870e+15	2.28256764e-03
50000	440.96059883	125	9.21828909e-06	125.00000000	2.38542357e+15	2.50949555e+15	2.28656957e-03
50400	444.47733719	126	9.29203540e-06	126.00000000	2.39016776e+15	2.51427257e+15	2.29053046e-03
50800	447.99746124	127	9.36578171e-06	127.00000000	2.39486395e+15	2.51900100e+15	2.29445049e-03
51200	451.51287412	128	9.43952802e-06	128.00000000	2.39951264e+15	2.52368134e+15	2.29833155e-03
51600	455.03343981	129	9.51327434e-06	129.00000000	2.40411625e+15	2.52831530e+15	2.30217647e-03
52000	458.55797464	130	9.58702065e-06	130.00000000	2.40867175e+15	2.53290161e+15	2.30597806e-03
52400	462.08457647	131	9.66076696e-06	131.00000000	2.41317920e+15	2.53743969e+15	2.30973769e-03
52800	465.60463261	132	9.73451327e-06	132.00000000	2.41763915e+15	2.54192981e+15	2.31345644e-03
53200	469.11960172	133	9.80825959e-06	133.00000000	2.42205164e+15	2.54637191e+15	2.31713493e-03
53600	472.64045311	134	9.88200590e-06	134.00000000	2.42641830e+15	2.55076762e+15	2.32077200e-03
54000	476.16969701	135	9.95575221e-06	135.00000000	2.43074143e+15	2.55511828e+15	2.32437015e-03
54400	479.68640566	136	1.00294985e-05	136.00000000	2.43501983e+15	2.55942424e+15	2.32793103e-03
54800	483.21261061	137	1.01032448e-05	137.00000000	2.43925431e+15	2.56368602e+15	2.33145353e-03
55200	486.74834245	138	1.01769912e-05	138.00000000	2.44344563e+15	2.56790427e+15	2.33493878e-03
55600	490.27549922	139	1.02507375e-05	139.00000000	2.44759373e+15	2.57207886e+15	2.33838736e-03
56000	493.79100169	140	1.03244838e-05	140.00000000	2.45169849e+15	2.57620967e+15	2.34180037e-03
56400	497.31860428	141	1.03982301e-05	141.00000000	2.45575944e+15	2.58029624e+15	2.34517797e-03
56800	500.84674794	142	1.04719764e-05	142.00000000	2.45977714e+15	2.58433912e+15	2.34851802e-03
57200	504.36474132	143	1.05457227e-05	143.00000000	2.46375353e+15	2.58834026e+15	2.35182056e-03
57600	507.88586206	144	1.06194690e-05	144.00000000	2.46768926e+15	2.59230031e+15	2.35508861e-03
58000	511.40774394	145	1.06932153e-05	145.00000000	2.47158451e+15	2.59621945e+15	2.35832257e-03
58400	514.92985798	146	1.07669617e-05	146.00000000	2.47543936e+15	2.60009779e+15	2.36152316e-03
58800	518.46846061	147	1.08407080e-05	147.00000000	2.47925358e+15	2.60393509e+15	2.36468987e-03
59200	521.99718125	148	1.09144543e-05	148.00000000	2.48302805e+15	2.60773224e+15	2.36782165e-03
59600	525.52716722	149	1.09882006e-05	149.00000000	2.48676371e+15	2.61149018e+15	2.37091991e-03
60000	529.04663135	150	1.10619469e-05	150.00000000	2.49046095e+15	2.61520934e+15	2.37398573e-03
60400	532.58174347	151	1.11356932e-05	151.00000000	2.49411989e+15	2.61888981e+15	2.37701968e-03
60800	536.10326456	152	1.12094395e-05	152.00000000	2.49774062e+15	2.62253171e+15	2.38002175e-03
61200	539.62460395	153	1.12831858e-05	153.00000000	2.50132341e+15	2.62613530e+15	2.38299204e-03
61600	543.13532610	154	1.13569322e-05	154.00000000	2.50486826e+15	2.62970059e+15	2.38593067e-03
62000	546.65377471	155	1.14306785e-05	155.00000000	2.50837486e+15	2.63322727e+15	2.38883857e-03
62400	550.17445435	156	1.15044248e-05	156.00000000	2.51184337e+15	2.63671549e+15	2.39171483e-03
62800	553.70075973	157	1.15781711e-05	157.00000000	2.51527410e+15	2.64016559e+15	2.39455946e-03
63200	557.23798158	158	1.16519174e-05	158.00000000	2.51866657e+15	2.64357709e+15	2.39737343e-03
63600	560.75188574	159	1.17256637e-05	159.00000000	2.52201952e+15	2.64694875e+15	2.40015704e-03
64000	564.27147444	160	1.17994100e-05	160.00000000	2.52533169e+15	2.65027930e+15	2.40290881e-03
64400	567.79136657	161	1.18731563e-05	161.00000000	2.52860356e+15	2.65356923e+15	2.40562653e-03
64800	571.32136374	162	1.19469027e-05	162.00000000	2.53183833e+15	2.65682175e+15	2.40830818e-03
65200	574.85837480	163	1.20206490e-05	163.00000000	2.53503789e+15	2.66003877e+15	2.41095727e-03
65600	578.40193718	164	1.20943953e-05	164.00000000	2.53820190e+15	2.66321993e+15	2.41357755e-03
66000	581.92006673	165	1.21681416e-05	165.00000000	2.54133073e+15	2.66636561e+15	2.41616816e-03
66400	585.44091376	166	1.22418879e-05	166.00000000	2.54442540e+15	2.66947685e+15	2.41872856e-03
66800	588.95497211	167	1.23156342e-05	167.00000000	2.54748609e+15	2.67255380e+15	2.42126043e-03
67200	592.47729924	168	1.23893805e-05	168.00000000	2.55051374e+15	2.67559742e+15	2.42376292e-03
67600	596.00156292	169	1.24631268e-05	169.00000000	2.55350934e+15	2.67860872e+15	2.42623701e-03
68000	599.53271632	170	1.25368732e-05	170.00000000	2.55647296e+15	2.68158774e+15	2.42868496e-03
68400	603.05164678	171	1.26106195e-05	171.00000000	2.55940394e+15	2.68453387e+15	2.43110675e-03
68800	606.57082910	172	1.26843658e-05	172.00000000	2.56230300e+15	2.68744781e+15	2.43350104e-03
69200	610.09360328	173	1.27581121e-05	173.00000000	2.56517222e+15	2.69033164e+15	2.43586758e-03
69600	613.60456520	174	1.28318584e-05	174.00000000	2.56801221e+15	2.69318601e+15	2.43820899e-03
70000	617.13545090	175	1.29056047e-05	175.00000000	2.57082257e+15	2.69601041e+15	2.44052794e-03
70400	620.65930907	176	1.29793510e-05	176.00000000	2.57360325e+15	2.69880490e+15	2.44282287e-03
70800	624.17821279	177	1.30530973e-05	177.00000000	2.57635517e+15	2.70157030e+15	2.44509410e-03
71200	627.70077470	178	1.31268437e-05	178.00000000	2.57907878e+15	2.70430728e+15	2.44734079e-03
71600	631.22928498	179	1.32005900e-05	179.00000000	2.58177409e+15	2.70701580e+15	2.44956539e-03
72000	634.75872608	180	1.32743363e-05	180.00000000	2.58444113e+15	2.70969593e+15	2.45176598e-03
72400	638.28323594	181	1.33480826e-05	181.00000000	2.58708142e+15	2.71234909e+15	2.45394334e-03
72800	641.80539009	182	1.34218289e-05	182.00000000	2.58969697e+15	2.71497739e+15	2.45609677e-03
73200	645.32899634	183	1.34955752e-05	183.00000000	2.59228842e+15	2.71758128e+15	2.45823253e-03
73600	648.84515592	184	1.35693215e-05	184.00000000	2.59485358e+15	2.72015913e+15	2.46034596e-03
74000	652.37032787	185	1.36430678e-05	185.00000000	2.59739294e+15	2.72271115e+15	2.46243684e-03
74400	655.89874525	186	1.37168142e-05	186.00000000	2.59990678e+15	2.72523746e+15	2.46450585e-03
74800	659.41113403	187	1.37905605e-05	187.00000000	2.60239478e+15	2.72773773e+15	2.46655396e-03
75200	662.93791951	188	1.38643068e-05	188.00000000	2.60485739e+15	2.73021240e+15	2.46857995e-03
75600	666.46353070	189	1.39380531e-05	189.00000000	2.60729570e+15	2.73266255e+15	2.47058383e-03
76000	669.99050961	190	1.40117994e-05	190.00000000	2.60971021e+15	2.73508870e+15	2.47256742e-03
76400	673.51393172	191	1.40855457e-05	191.00000000	2.61210016e+15	2.73749010e+15	2.47453182e-03
76800	677.03190037	192	1.41592920e-05	192.00000000	2.61446609e+15	2.73986731e+15	2.47647565e-03
77200	680.55071150	193	1.42330383e-05	193.00000000	2.61680839e+15	2.74222072e+15	2.47839949e-03
77600	684.07440107	194	1.43067847e-05	194.00000000	2.61912705e+15	2.74455032e+15	2.48030423e-03
78000	687.58355300	195	1.43805310e-05	195.00000000	2.62142288e+15	2.74685692e+15	2.48218843e-03
78400	691.11143490	196	1.44542773e-05	196.00000000	2.62369858e+15	2.74914324e+15	2.48405143e-03
78800	694.62627535	197	1.45280236e-05	197.00000000	2.62595664e+15	2.75141178e+15	2.48589556e-03
79200	698.14866684	198	1.46017699e-05	198.00000000	2.62819837e+15	2.75366385e+15	2.48772396e-03
79600	701.66205776	199	1.46755162e-05	199.00000000	2.63042409e+15	2.75589978e+15	2.48953868e-03
80000	705.17544840	200	1.47492625e-05	200.00000000	2.63263400e+15	2.75811975e+15	2.49134030e-03
80400	708.69744772	201	1.48230088e-05	201.00000000	2.63482815e+15	2.76032384e+15	2.49312879e-03
80800	712.21440442	202	1.48967552e-05	202.00000000	2.63700670e+15	2.76251219e+15	2.49490424e-03
81200	715.72287004	203	1.49705015e-05	203.00000000	2.63916967e+15	2.76468484e+15	2.49666702e-03
81600	719.24592714	204	1.50442478e-05	204.00000000	2.64131697e+15	2.76684169e+15	2.49841725e-03
82000	722.76202723	205	1.51179941e-05	205.00000000	2.64344886e+15	2.76898300e+15	2.50015425e-03
82400	726.27669653	206	1.51917404e-05	206.00000000	2.64556559e+15	2.77110904e+15	2.50187812e-03
82800	729.78592101	207	1.52654867e-05	207.00000000	2.64766762e+15	2.77322024e+15	2.50358923e-03
83200	733.29707345	208	1.53392330e-05	208.00000000	2.64975534e+15	2.77531702e+15	2.50528775e-03
83600	736.81208581	209	1.54129794e-05	209.00000000	2.65182902e+15	2.77739963e+15	2.50697417e-03
84000	740.32861640	210	1.54867257e-05	210.00000000	2.65388893e+15	2.77946836e+15	2.50864890e-03
84400	743.85082402	211	1.55604720e-05	211.00000000	2.65593539e+15	2.78152353e+15	2.51031222e-03
84800	747.36769126	212	1.56342183e-05	212.00000000	2.65796863e+15	2.78356538e+15	2.51196433e-03
85200	750.89827823	213	1.57079646e-05	213.00000000	2.65998874e+15	2.78559397e+15	2.51360556e-03
85600	754.41607878	214	1.57817109e-05	214.00000000	2.66199579e+15	2.78760941e+15	2.51523594e-03
86000	757.93787578	215	1.58554572e-05	215.00000000	2.66398995e+15	2.78961184e+15	2.51685535e-03
86400	761.45807403	216	1.59292035e-05	216.00000000	2.66597130e+15	2.79160136e+15	2.51846402e-03
86800	764.96939402	217	1.60029499e-05	217.00000000	2.66793990e+15	2.79357802e+15	2.52006213e-03
87200	768.48984975	218	1.60766962e-05	218.00000000	2.66989600e+15	2.79554209e+15	2.52164964e-03
87600	772.00699496	219	1.61504425e-05	219.00000000	2.67183989e+15	2.79749383e+15	2.52322662e-03
88000	775.52494010	220	1.62241888e-05	220.00000000	2.67377161e+15	2.79943331e+15	2.52479349e-03
88400	779.04508163	221	1.62979351e-05	221.00000000	2.67569142e+15	2.80136077e+15	2.52635046e-03
88800	782.57182840	222	1.63716814e-05	222.00000000	2.67759936e+15	2.80327627e+15	2.52789749e-03
89200	786.10178024	223	1.64454277e-05	223.00000000	2.67949558e+15	2.80517995e+15	2.52943453e-03
89600	789.62432380	224	1.65191740e-05	224.00000000	2.68138021e+15	2.80707194e+15	2.53096183e-03
90000	793.14167748	225	1.65929204e-05	225.00000000	2.68325335e+15	2.80895235e+15	2.53247951e-03
90400	796.66796250	226	1.66666667e-05	226.00000000	2.68511513e+15	2.81082131e+15	2.53398770e-03
90800	800.19928960	227	1.67404130e-05	227.00000000	2.68696570e+15	2.81267896e+15	2.53548645e-03
91200	803.71826763	228	1.68141593e-05	228.00000000	2.68880523e+15	2.81452550e+15	2.53697612e-03
91600	807.23206802	229	1.68879056e-05	229.00000000	2.69063381e+15	2.81636099e+15	2.53845664e-03
92000	810.74982564	230	1.69616519e-05	230.00000000	2.69245163e+15	2.81818565e+15	2.53992790e-03
92400	814.27816780	231	1.70353982e-05	231.00000000	2.69425868e+15	2.81999946e+15	2.54139037e-03
92800	817.79090416	232	1.71091445e-05	232.00000000	2.69605497e+15	2.82180242e+15	2.54284417e-03
93200	821.32242543	233	1.71828909e-05	233.00000000	2.69784045e+15	2.82359451e+15	2.54428915e-03
93600	824.84404884	234	1.72566372e-05	234.00000000	2.69961529e+15	2.82537587e+15	2.54572543e-03
94000	828.35950681	235	1.73303835e-05	235.00000000	2.70137957e+15	2.82714659e+15	2.54715317e-03
94400	831.87573418	236	1.74041298e-05	236.00000000	2.70313333e+15	2.82890673e+15	2.54857243e-03
94800	835.39510541	237	1.74778761e-05	237.00000000	2.70487662e+15	2.83065633e+15	2.54998345e-03
95200	838.91492045	238	1.75516224e-05	238.00000000	2.70660956e+15	2.83239550e+15	2.55138598e-03
95600	842.42382842	239	1.76253687e-05	239.00000000	2.70833236e+15	2.83412446e+15	2.55278010e-03
96000	845.93514504	240	1.76991150e-05	240.00000000	2.71004502e+15	2.83584321e+15	2.55416604e-03
96400	849.44221023	241	1.77728614e-05	241.00000000	2.71174764e+15	2.83755185e+15	2.55554365e-03
96800	852.95386144	242	1.78466077e-05	242.00000000	2.71344030e+15	2.83925047e+15	2.55691320e-03
97200	856.47087284	243	1.79203540e-05	243.00000000	2.71512314e+15	2.84093919e+15	2.55827476e-03
97600	859.99931992	244	1.79941003e-05	244.00000000	2.71679619e+15	2.84261806e+15	2.55962843e-03
98000	863.51866252	245	1.80678466e-05	245.00000000	2.71845949e+15	2.84428710e+15	2.56097431e-03
98400	867.04158690	246	1.81415929e-05	246.00000000	2.72011313e+15	2.84594641e+15	2.56231232e-03
98800	870.56096782	247	1.82153392e-05	247.00000000	2.72175728e+15	2.84759617e+15	2.56364252e-03
99200	874.08312011	248	1.82890855e-05	248.00000000	2.72339195e+15	2.84923638e+15	2.56496498e-03
99600	877.61172983	249	1.83628319e-05	249.00000000	2.72501720e+15	2.85086711e+15	2.56627986e-03
100000	881.12124222	250	1.84365782e-05	250.00000000	2.72663305e+15	2.85248837e+15	2.56758715e-03
100400	884.63329314	251	1.85103245e-05	251.00000000	2.72823957e+15	2.85410023e+15	2.56888672e-03
100800	888.15286960	252	1.85840708e-05	252.00000000	2.72983687e+15	2.85570282e+15	2.57017870e-03
101200	891.67373648	253	1.86578171e-05	253.00000000	2.73142507e+15	2.85729623e+15	2.57146336e-03
101600	895.20147336	254	1.87315634e-05	254.00000000	2.73300433e+15	2.85888064e+15	2.57274066e-03
102000	898.72591568	255	1.88053097e-05	255.00000000	2.73457468e+15	2.86045609e+15	2.57401068e-03
102400	902.26712587	256	1.88790560e-05	256.00000000	2.73613614e+15	2.86202260e+15	2.57527350e-03
102800	905.78735893	257	1.89528024e-05	257.00000000	2.73768888e+15	2.86358032e+15	2.57652928e-03
103200	909.30706002	258	1.90265487e-05	258.00000000	2.73923301e+15	2.86512937e+15	2.57777798e-03
103600	912.82881915	259	1.91002950e-05	259.00000000	2.74076869e+15	2.86666993e+15	2.57901964e-03
104000	916.35505991	260	1.91740413e-05	260.00000000	2.74229602e+15	2.86820208e+15	2.58025446e-03
104400	919.86620100	261	1.92477876e-05	261.00000000	2.74381509e+15	2.86972591e+15	2.58148258e-03
104800	923.38740077	262	1.93215339e-05	262.00000000	2.74532607e+15	2.87124162e+15	2.58270394e-03
105200	926.89444014	263	1.93952802e-05	263.00000000	2.74682907e+15	2.87274928e+15	2.58391874e-03
105600	930.41549864	264	1.94690265e-05	264.00000000	2.74832414e+15	2.87424897e+15	2.58512723e-03
106000	933.93574431	265	1.95427729e-05	265.00000000	2.74981135e+15	2.87574075e+15	2.58632940e-03
106400	937.44915092	266	1.96165192e-05	266.00000000	2.75129074e+15	2.87722465e+15	2.58752532e-03
106800	940.97928079	267	1.96902655e-05	267.00000000	2.75276241e+15	2.87870079e+15	2.58871491e-03
107200	944.50216218	268	1.97640118e-05	268.00000000	2.75422635e+15	2.88016914e+15	2.58989833e-03
107600	948.01561804	269	1.98377581e-05	269.00000000	2.75568258e+15	2.88162975e+15	2.59107565e-03
108000	951.53311528	270	1.99115044e-05	270.00000000	2.75713114e+15	2.88308264e+15	2.59224693e-03
108400	955.04466536	271	1.99852507e-05	271.00000000	2.75857196e+15	2.88452773e+15	2.59341205e-03
108800	958.55637808	272	2.00589971e-05	272.00000000	2.76000506e+15	2.88596506e+15	2.59457091e-03
109200	962.08658634	273	2.01327434e-05	273.00000000	2.76143057e+15	2.88739476e+15	2.59572348e-03
109600	965.60649853	274	2.02064897e-05	274.00000000	2.76284856e+15	2.88881690e+15	2.59686984e-03
110000	969.13668801	275	2.02802360e-05	275.00000000	2.76425917e+15	2.89023161e+15	2.59801020e-03
110400	972.66083334	276	2.03539823e-05	276.00000000	2.76566252e+15	2.89163902e+15	2.59914465e-03
110800	976.18956063	277	2.04277286e-05	277.00000000	2.76705875e+15	2.89303927e+15	2.60027325e-03
111200	979.71397033	278	2.05014749e-05	278.00000000	2.76844791e+15	2.89443240e+15	2.60139595e-03
111600	983.23508771	279	2.05752212e-05	279.00000000	2.76983012e+15	2.89581856e+15	2.60251280e-03
112000	986.75633564	280	2.06489676e-05	280.00000000	2.77120561e+15	2.89719796e+15	2.60362400e-03
112400	990.27899342	281	2.07227139e-05	281.00000000	2.77257452e+15	2.89857072e+15	2.60472984e-03
112800	993.80390214	282	2.07964602e-05	282.00000000	2.77393690e+15	2.89993692e+15	2.60583038e-03
113200	997.32381158	283	2.08702065e-05	283.00000000	2.77529282e+15	2.90129663e+15	2.60692571e-03
113600	1000.84154752	284	2.09439528e-05	284.00000000	2.77664236e+15	2.90264993e+15	2.60801596e-03
114000	1004.35682672	285	2.10176991e-05	285.00000000	2.77798555e+15	2.90399684e+15	2.60910129e-03
114400	1007.87893956	286	2.10914454e-05	286.00000000	2.77932244e+15	2.90533744e+15	2.61018134e-03
114800	1011.38814583	287	2.11651917e-05	287.00000000	2.78065315e+15	2.90667180e+15	2.61125654e-03
115200	1014.90031592	288	2.12389381e-05	288.00000000	2.78197768e+15	2.90799994e+15	2.61232707e-03
115600	1018.42428963	289	2.13126844e-05	289.00000000	2.78329603e+15	2.90932189e+15	2.61339276e-03
116000	1021.93800560	290	2.13864307e-05	290.00000000	2.78460822e+15	2.91063765e+15	2.61445352e-03
116400	1025.46196102	291	2.14601770e-05	291.00000000	2.78591436e+15	2.91194733e+15	2.61550950e-03
116800	1028.98044408	292	2.15339233e-05	292.00000000	2.78721477e+15	2.91325122e+15	2.61656146e-03
117200	1032.50319705	293	2.16076696e-05	293.00000000	2.78850940e+15	2.91454933e+15	2.61760906e-03
117600	1036.03599728	294	2.16814159e-05	294.00000000	2.78979807e+15	2.91584151e+15	2.61865177e-03
118000	1039.56377489	295	2.17551622e-05	295.00000000	2.79108089e+15	2.91712786e+15	2.61968956e-03
118400	1043.08906682	296	2.18289086e-05	296.00000000	2.79235790e+15	2.91840839e+15	2.62072260e-03
118800	1046.61678946	297	2.19026549e-05	297.00000000	2.79362929e+15	2.91968324e+15	2.62175146e-03
119200	1050.13996220	298	2.19764012e-05	298.00000000	2.79489527e+15	2.92095262e+15	2.62277632e-03
119600	1053.66399501	299	2.20501475e-05	299.00000000	2.79615576e+15	2.92221655e+15	2.62379668e-03
120000	1057.18895806	300	2.21238938e-05	300.00000000	2.79741066e+15	2.92347493e+15	2.62481243e-03
120400	1060.73080148	301	2.21976401e-05	301.00000000	2.79866001e+15	2.92472776e+15	2.62582355e-03
120800	1064.24974455	302	2.22713864e-05	302.00000000	2.79990386e+15	2.92597506e+15	2.62683023e-03
121200	1067.77306170	303	2.23451327e-05	303.00000000	2.80114226e+15	2.92721688e+15	2.62783236e-03
121600	1071.28642625	304	2.24188791e-05	304.00000000	2.80237530e+15	2.92845332e+15	2.62883009e-03
122000	1074.80077915	305	2.24926254e-05	305.00000000	2.80360341e+15	2.92968465e+15	2.62982528e-03
122400	1078.32447850	306	2.25663717e-05	306.00000000	2.80482666e+15	2.93091113e+15	2.63081656e-03
122800	1081.83905385	307	2.26401180e-05	307.00000000	2.80604583e+15	2.93213334e+15	2.63180677e-03
123200	1085.35252893	308	2.27138643e-05	308.00000000	2.80725947e+15	2.93335042e+15	2.63279070e-03
123600	1088.87228432	309	2.27876106e-05	309.00000000	2.80846781e+15	2.93456230e+15	2.63376972e-03
124000	1092.38806996	310	2.28613569e-05	310.00000000	2.80967092e+15	2.93576894e+15	2.63474428e-03
124400	1095.89762145	311	2.29351032e-05	311.00000000	2.81086882e+15	2.93697030e+15	2.63571453e-03
124800	1099.41087123	312	2.30088496e-05	312.00000000	2.81206150e+15	2.93816637e+15	2.63668036e-03
125200	1102.92365151	313	2.30825959e-05	313.00000000	2.81324904e+15	2.93935724e+15	2.63764186e-03
125600	1106.44584375	314	2.31563422e-05	314.00000000	2.81443148e+15	2.94054296e+15	2.63859930e-03
126000	1109.95654046	315	2.32300885e-05	315.00000000	2.81560890e+15	2.94172361e+15	2.63955250e-03
126400	1113.47361224	316	2.33038348e-05	316.00000000	2.81678133e+15	2.94289923e+15	2.64050161e-03
126800	1116.98328029	317	2.33775811e-05	317.00000000	2.81794880e+15	2.94406986e+15	2.64144680e-03
127200	1120.49558807	318	2.34513274e-05	318.00000000	2.81911134e+15	2.94523552e+15	2.64238793e-03
127600	1124.00806129	319	2.35250737e-05	319.00000000	2.82026895e+15	2.94639622e+15	2.64332505e-03
128000	1127.52296455	320	2.35988201e-05	320.00000000	2.82142167e+15	2.94755201e+15	2.64425834e-03
128400	1131.02134491	321	2.36725664e-05	321.00000000	2.82256957e+15	2.94870295e+15	2.64518765e-03
128800	1134.52840633	322	2.37463127e-05	322.00000000	2.82371271e+15	2.94984910e+15	2.64611306e-03
129200	1138.04115450	323	2.38200590e-05	323.00000000	2.82485113e+15	2.95099049e+15	2.64703474e-03
129600	1141.55693697	324	2.38938053e-05	324.00000000	2.82598479e+15	2.95212710e+15	2.64795255e-03
130000	1145.06714029	325	2.39675516e-05	325.00000000	2.82711370e+15	2.95325894e+15	2.64886664e-03
130400	1148.58275993	326	2.40412979e-05	326.00000000	2.82823792e+15	2.95438607e+15	2.64977682e-03
130800	1152.10302580	327	2.41150442e-05	327.00000000	2.82935750e+15	2.95550853e+15	2.65068326e-03
131200	1155.61802255	328	2.41887906e-05	328.00000000	2.83047251e+15	2.95662640e+15	2.65158610e-03
131600	1159.14258676	329	2.42625369e-05	329.00000000	2.83158294e+15	2.95773966e+15	2.65248523e-03
132000	1162.67011882	330	2.43362832e-05	330.00000000	2.83268945e+15	2.95884833e+15	2.65338237e-03
132400	1166.18129964	331	2.44100295e-05	331.00000000	2.83379111e+15	2.95995251e+15	2.65427524e-03
132800	1169.69270337	332	2.44837758e-05	332.00000000	2.83488814e+15	2.96105221e+15	2.65516407e-03
133200	1173.21183347	333	2.45575221e-05	333.00000000	2.83598071e+15	2.96214750e+15	2.65604913e-03
133600	1176.71491657	334	2.46312684e-05	334.00000000	2.83706892e+15	2.96323842e+15	2.65693048e-03
134000	1180.24285258	335	2.47050147e-05	335.00000000	2.83815277e+15	2.96432499e+15	2.65780828e-03
134400	1183.75821601	336	2.47787611e-05	336.00000000	2.83923225e+15	2.96540718e+15	2.65868268e-03
134800	1187.27264003	337	2.48525074e-05	337.00000000	2.84030740e+15	2.96648501e+15	2.65955375e-03
135200	1190.79269675	338	2.49262537e-05	338.00000000	2.84137823e+15	2.96755851e+15	2.66042131e-03
135600	1194.31847292	339	2.50000000e-05	339.00000000	2.84244478e+15	2.96862771e+15	2.66128524e-03
136000	1197.84132882	340	2.50737463e-05	340.00000000	2.84350711e+15	2.96969266e+15	2.66214567e-03
136400	1201.35137600	341	2.51474926e-05	341.00000000	2.84456520e+15	2.97075337e+15	2.66300269e-03
136800	1204.86717402	342	2.52212389e-05	342.00000000	2.84561913e+15	2.97180989e+15	2.66385631e-03
137200	1208.39663688	343	2.52949853e-05	343.00000000	2.84666895e+15	2.97286229e+15	2.66470658e-03
137600	1211.92486133	344	2.53687316e-05	344.00000000	2.84771473e+15	2.97391063e+15	2.66555362e-03
138000	1215.44526563	345	2.54424779e-05	345.00000000	2.84875649e+15	2.97495493e+15	2.66639745e-03
138400	1218.95166759	346	2.55162242e-05	346.00000000	2.84979425e+15	2.97599522e+15	2.66723806e-03
138800	1222.48046518	347	2.55899705e-05	347.00000000	2.85082800e+15	2.97703148e+15	2.66807542e-03
139200	1226.01228730	348	2.56637168e-05	348.00000000	2.85185778e+15	2.97806377e+15	2.66890956e-03
139600	1229.53335059	349	2.57374631e-05	349.00000000	2.85288369e+15	2.97909217e+15	2.66974056e-03
140000	1233.05351374	350	2.58112094e-05	350.00000000	2.85390572e+15	2.98011667e+15	2.67056851e-03
140400	1236.58026911	351	2.58849558e-05	351.00000000	2.85492384e+15	2.98113726e+15	2.67139340e-03
140800	1240.09821803	352	2.59587021e-05	352.00000000	2.85593800e+15	2.98215387e+15	2.67221521e-03
141200	1243.62039704	353	2.60324484e-05	353.00000000	2.85694826e+15	2.98316657e+15	2.67303383e-03
141600	1247.14279958	354	2.61061947e-05	354.00000000	2.85795469e+15	2.98417541e+15	2.67384931e-03
142000	1250.66447653	355	2.61799410e-05	355.00000000	2.85895728e+15	2.98518042e+15	2.67466174e-03
142400	1254.18602327	356	2.62536873e-05	356.00000000	2.85995608e+15	2.98618161e+15	2.67547113e-03
142800	1257.70784122	357	2.63274336e-05	357.00000000	2.86095107e+15	2.98717899e+15	2.67627751e-03
143200	1261.22910898	358	2.64011799e-05	358.00000000	2.86194225e+15	2.98817255e+15	2.67708085e-03
143600	1264.74548652	359	2.64749263e-05	359.00000000	2.86292967e+15	2.98916233e+15	2.67788119e-03
144000	1268.26149752	360	2.65486726e-05	360.00000000	2.86391339e+15	2.99014839e+15	2.67867852e-03
144400	1271.78293407	361	2.66224189e-05	361.00000000	2.86489343e+15	2.99113077e+15	2.67947285e-03
144800	1275.30083673	362	2.66961652e-05	362.00000000	2.86586984e+15	2.99210950e+15	2.68026426e-03
145200	1278.82176063	363	2.67699115e-05	363.00000000	2.86684260e+15	2.99308458e+15	2.68105280e-03
145600	1282.33794602	364	2.68436578e-05	364.00000000	2.86781169e+15	2.99405597e+15	2.68183845e-03
146000	1285.85935884	365	2.69174041e-05	365.00000000	2.86877713e+15	2.99502371e+15	2.68262120e-03
146400	1289.37211158	366	2.69911504e-05	366.00000000	2.86973900e+15	2.99598785e+15	2.68340103e-03
146800	1292.89601257	367	2.70648968e-05	367.00000000	2.87069732e+15	2.99694844e+15	2.68417801e-03
147200	1296.41081270	368	2.71386431e-05	368.00000000	2.87165213e+15	2.99790551e+15	2.68495220e-03
147600	1299.93174221	369	2.72123894e-05	369.00000000	2.87260343e+15	2.99885905e+15	2.68572351e-03
148000	1303.44990100	370	2.72861357e-05	370.00000000	2.87355122e+15	2.99980907e+15	2.68649202e-03
148400	1306.96882153	371	2.73598820e-05	371.00000000	2.87449554e+15	3.00075561e+15	2.68725775e-03
148800	1310.49998366	372	2.74336283e-05	372.00000000	2.87543638e+15	3.00169865e+15	2.68802072e-03
149200	1314.02516226	373	2.75073746e-05	373.00000000	2.87637369e+15	3.00263816e+15	2.68878089e-03
149600	1317.54971490	374	2.75811209e-05	374.00000000	2.87730749e+15	3.00357415e+15	2.68953831e-03
150000	1321.07324218	375	2.76548673e-05	375.00000000	2.87823779e+15	3.00450661e+15	2.69029296e-03
150400	1324.59506201	376	2.77286136e-05	376.00000000	2.87916560e+15	3.00543552e+15	2.69104565e-03
150800	1328.10687616	377	2.78023599e-05	377.00000000	2.88008942e+15	3.00636105e+15	2.69179610e-03
151200	1331.63227815	378	2.78761062e-05	378.00000000	2.88100958e+15	3.00728316e+15	2.69254312e-03
151600	1335.15007317	379	2.79498525e-05	379.00000000	2.88192624e+15	3.00820189e+15	2.69328705e-03
152000	1338.66064594	380	2.80235988e-05	380.00000000	2.88283947e+15	3.00911721e+15	2.69402817e-03
152400	1342.17900497	381	2.80973451e-05	381.00000000	2.88374929e+15	3.01002913e+15	2.69476650e-03
152800	1345.69664321	382	2.81710914e-05	382.00000000	2.88465569e+15	3.01093764e+15	2.69550205e-03
153200	1349.21907467	383	2.82448378e-05	383.00000000	2.88555869e+15	3.01184274e+15	2.69623487e-03
153600	1352.71496415	384	2.83185841e-05	384.00000000	2.88645832e+15	3.01274445e+15	2.69696498e-03
154000	1356.23449810	385	2.83923304e-05	385.00000000	2.88735459e+15	3.01364280e+15	2.69769235e-03
154400	1359.76076401	386	2.84660767e-05	386.00000000	2.88824757e+15	3.01453784e+15	2.69841708e-03
154800	1363.28672426	387	2.85398230e-05	387.00000000	2.88913728e+15	3.01542961e+15	2.69913920e-03
155200	1366.80373977	388	2.86135693e-05	388.00000000	2.89002369e+15	3.01631806e+15	2.69985876e-03
155600	1370.33084248	389	2.86873156e-05	389.00000000	2.89090683e+15	3.01720323e+15	2.70057568e-03
156000	1373.85414724	390	2.87610619e-05	390.00000000	2.89178671e+15	3.01808514e+15	2.70128996e-03
156400	1377.37169360	391	2.88348083e-05	391.00000000	2.89266341e+15	3.01896385e+15	2.70200164e-03
156800	1380.88689592	392	2.89085546e-05	392.00000000	2.89353699e+15	3.01983943e+15	2.70271083e-03
157200	1384.40089906	393	2.89823009e-05	393.00000000	2.89440746e+15	3.02071189e+15	2.70341752e-03
157600	1387.91464222	394	2.90560472e-05	394.00000000	2.89527485e+15	3.02158125e+15	2.70412175e-03
158000	1391.43000570	395	2.91297935e-05	395.00000000	2.89613913e+15	3.02244750e+15	2.70482352e-03
158400	1394.95073093	396	2.92035398e-05	396.00000000	2.89700035e+15	3.02331067e+15	2.70552278e-03
158800	1398.45755526	397	2.92772861e-05	397.00000000	2.89785847e+15	3.02417075e+15	2.70621956e-03
159200	1401.97418775	398	2.93510324e-05	398.00000000	2.89871353e+15	3.02502774e+15	2.70691387e-03
159600	1405.48776019	399	2.94247788e-05	399.00000000	2.89956556e+15	3.02588170e+15	2.70760577e-03
160000	1409.00646117	400	2.94985251e-05	400.00000000	2.90041459e+15	3.02673265e+15	2.70829527e-03
160400	1412.52600250	401	2.95722714e-05	401.00000000	2.90126064e+15	3.02758060e+15	2.70898241e-03
160800	1416.04291322	402	2.96460177e-05	402.00000000	2.90210370e+15	3.02842555e+15	2.70966719e-03
161200	1419.56968811	403	2.97197640e-05	403.00000000	2.90294379e+15	3.02926753e+15	2.71034954e-03
161600	1423.10493195	404	2.97935103e-05	404.00000000	2.90378094e+15	3.03010656e+15	2.71102954e-03
162000	1426.64065416	405	2.98672566e-05	405.00000000	2.90461515e+15	3.03094263e+15	2.71170717e-03
162400	1430.17448270	406	2.99410029e-05	406.00000000	2.90544647e+15	3.03177582e+15	2.71238247e-03
162800	1433.70666792	407	3.00147493e-05	407.00000000	2.90627496e+15	3.03260615e+15	2.71305544e-03
163200	1437.23713417	408	3.00884956e-05	408.00000000	2.90710065e+15	3.03343368e+15	2.71372619e-03
163600	1440.77234677	409	3.01622419e-05	409.00000000	2.90792356e+15	3.03425842e+15	2.71439469e-03
164000	1444.30002450	410	3.02359882e-05	410.00000000	2.90874367e+15	3.03508035e+15	2.71506092e-03
164400	1447.83704204	411	3.03097345e-05	411.00000000	2.90956095e+15	3.03589944e+15	2.71572495e-03
164800	1451.35914213	412	3.03834808e-05	412.00000000	2.91037539e+15	3.03671569e+15	2.71638674e-03
165200	1454.87873690	413	3.04572271e-05	413.00000000	2.91118700e+15	3.03752909e+15	2.71704626e-03
165600	1458.39085774	414	3.05309735e-05	414.00000000	2.91199579e+15	3.03833966e+15	2.71770353e-03
166000	1461.90063802	415	3.06047198e-05	415.00000000	2.91280180e+15	3.03914745e+15	2.71835856e-03
166400	1465.52020875	416	3.06784661e-05	416.00000000	2.91360505e+15	3.03995247e+15	2.71901134e-03
166800	1469.03431651	417	3.07522124e-05	417.00000000	2.91440561e+15	3.04075480e+15	2.71966191e-03
167200	1472.54607890	418	3.08259587e-05	418.00000000	2.91520351e+15	3.04155445e+15	2.72031033e-03
167600	1476.07228206	419	3.08997050e-05	419.00000000	2.91599873e+15	3.04235141e+15	2.72095661e-03
168000	1479.59483619	420	3.09734513e-05	420.00000000	2.91679123e+15	3.04314566e+15	2.72160074e-03
168400	1483.11669886	421	3.10471976e-05	421.00000000	2.91758103e+15	3.04393719e+15	2.72224270e-03
168800	1486.62776144	422	3.11209440e-05	422.00000000	2.91836815e+15	3.04472603e+15	2.72288254e-03
169200	1490.13722250	423	3.11946903e-05	423.00000000	2.91915261e+15	3.04551220e+15	2.72352023e-03
169600	1493.65463217	424	3.12684366e-05	424.00000000	2.91993439e+15	3.04629569e+15	2.72415579e-03
170000	1497.17423462	425	3.13421829e-05	425.00000000	2.92071352e+15	3.04707651e+15	2.72478923e-03
170400	1500.69718877	426	3.14159292e-05	426.00000000	2.92148998e+15	3.04785467e+15	2.72542057e-03
170800	1504.21788783	427	3.14896755e-05	427.00000000	2.92226379e+15	3.04863016e+15	2.72604982e-03
171200	1507.73677021	428	3.15634218e-05	428.00000000	2.92303493e+15	3.04940297e+15	2.72667691e-03
171600	1511.25585465	429	3.16371681e-05	429.00000000	2.92380340e+15	3.05017311e+15	2.72730184e-03
172000	1514.77296383	430	3.17109145e-05	430.00000000	2.92456924e+15	3.05094062e+15	2.72792467e-03
172400	1518.30689115	431	3.17846608e-05	431.00000000	2.92533252e+15	3.05170555e+15	2.72854536e-03
172800	1521.82600427	432	3.18584071e-05	432.00000000	2.92609322e+15	3.05246791e+15	2.72916402e-03
173200	1525.33092976	433	3.19321534e-05	433.00000000	2.92685137e+15	3.05322769e+15	2.72978059e-03
173600	1528.85577812	434	3.20058997e-05	434.00000000	2.92760697e+15	3.05398493e+15	2.73039515e-03
174000	1532.37578060	435	3.20796460e-05	435.00000000	2.92836003e+15	3.05473961e+15	2.73100775e-03
174400	1535.90249817	436	3.21533923e-05	436.00000000	2.92911052e+15	3.05549172e+15	2.73161835e-03
174800	1539.43118111	437	3.22271386e-05	437.00000000	2.92985846e+15	3.05624127e+15	2.73222692e-03
175200	1542.95922118	438	3.23008850e-05	438.00000000	2.93060386e+15	3.05698828e+15	2.73283338e-03
175600	1546.46901889	439	3.23746313e-05	439.00000000	2.93134675e+15	3.05773277e+15	2.73343779e-03
176000	1549.97762201	440	3.24483776e-05	440.00000000	2.93208716e+15	3.05847478e+15	2.73404016e-03
176400	1553.49869356	441	3.25221239e-05	441.00000000	2.93282511e+15	3.05921431e+15	2.73464057e-03
176800	1557.01445105	442	3.25958702e-05	442.00000000	2.93356059e+15	3.05995137e+15	2.73523899e-03
177200	1560.52862710	443	3.26696165e-05	443.00000000	2.93429362e+15	3.06068597e+15	2.73583545e-03
177600	1564.04865634	444	3.27433628e-05	444.00000000	2.93502421e+15	3.06141813e+15	2.73642997e-03
178000	1567.56161991	445	3.28171091e-05	445.00000000	2.93575237e+15	3.06214784e+15	2.73702254e-03
178400	1571.08392906	446	3.28908555e-05	446.00000000	2.93647811e+15	3.06287513e+15	2.73761319e-03
178800	1574.59745053	447	3.29646018e-05	447.00000000	2.93720143e+15	3.06360000e+15	2.73820193e-03
179200	1578.12109099	448	3.30383481e-05	448.00000000	2.93792233e+15	3.06432243e+15	2.73878872e-03
179600	1581.65457035	449	3.31120944e-05	449.00000000	2.93864083e+15	3.06504247e+15	2.73937356e-03
180000	1585.18091871	450	3.31858407e-05	450.00000000	2.93935695e+15	3.06576010e+15	2.73995649e-03
180400	1588.71065959	451	3.32595870e-05	451.00000000	2.94007070e+15	3.06647538e+15	2.74053749e-03
180800	1592.23648519	452	3.33333333e-05	452.00000000	2.94078210e+15	3.06718828e+15	2.74111662e-03
181200	1595.76405732	453	3.34070796e-05	453.00000000	2.94149116e+15	3.06789885e+15	2.74169386e-03
181600	1599.29238395	454	3.34808260e-05	454.00000000	2.94219789e+15	3.06860707e+15	2.74226924e-03
182000	1602.81316805	455	3.35545723e-05	455.00000000	2.94290231e+15	3.06931298e+15	2.74284278e-03
182400	1606.33499201	456	3.36283186e-05	456.00000000	2.94360443e+15	3.07001658e+15	2.74341447e-03
182800	1609.85715444	457	3.37020649e-05	457.00000000	2.94430427e+15	3.07071790e+15	2.74398430e-03
183200	1613.38212540	458	3.37758112e-05	458.00000000	2.94500183e+15	3.07141692e+15	2.74455235e-03
183600	1616.91726248	459	3.38495575e-05	459.00000000	2.94569712e+15	3.07211367e+15	2.74511860e-03
184000	1620.43351419	460	3.39233038e-05	460.00000000	2.94639012e+15	3.07280813e+15	2.74568307e-03
184400	1623.94107002	461	3.39970501e-05	461.00000000	2.94708085e+15	3.07350030e+15	2.74624570e-03
184800	1627.47401498	462	3.40707965e-05	462.00000000	2.94776930e+15	3.07419019e+15	2.74680651e-03
185200	1630.98651313	463	3.41445428e-05	463.00000000	2.94845549e+15	3.07487782e+15	2.74736554e-03
185600	1634.50385148	464	3.42182891e-05	464.00000000	2.94913943e+15	3.07556319e+15	2.74792275e-03
186000	1638.01760684	465	3.42920354e-05	465.00000000	2.94982111e+15	3.07624630e+15	2.74847822e-03
186400	1641.53725743	466	3.43657817e-05	466.00000000	2.95050057e+15	3.07692717e+15	2.74903193e-03
186800	1645.06990785	467	3.44395280e-05	467.00000000	2.95117776e+15	3.07760577e+15	2.74958386e-03
187200	1648.59744357	468	3.45132743e-05	468.00000000	2.95185271e+15	3.07828213e+15	2.75013400e-03
187600	1652.11460517	469	3.45870206e-05	469.00000000	2.95252543e+15	3.07895624e+15	2.75068234e-03
188000	1655.62960416	470	3.46607670e-05	470.00000000	2.95319594e+15	3.07962814e+15	2.75122886e-03
188400	1659.15205506	471	3.47345133e-05	471.00000000	2.95386423e+15	3.08029782e+15	2.75177368e-03
188800	1662.68468575	472	3.48082596e-05	472.00000000	2.95453032e+15	3.08096529e+15	2.75231674e-03
189200	1666.19373200	473	3.48820059e-05	473.00000000	2.95519419e+15	3.08163053e+15	2.75285804e-03
189600	1669.70601544	474	3.49557522e-05	474.00000000	2.95585587e+15	3.08229359e+15	2.75339756e-03
190000	1673.21208889	475	3.50294985e-05	475.00000000	2.95651539e+15	3.08295447e+15	2.75393535e-03
190400	1676.74464241	476	3.51032448e-05	476.00000000	2.95717275e+15	3.08361318e+15	2.75447143e-03
190800	1680.26564623	477	3.51769912e-05	477.00000000	2.95782795e+15	3.08426974e+15	2.75500577e-03
191200	1683.78710305	478	3.52507375e-05	478.00000000	2.95848099e+15	3.08492412e+15	2.75553842e-03
191600	1687.30140763	479	3.53244838e-05	479.00000000	2.95913189e+15	3.08557637e+15	2.75606935e-03
192000	1690.82426429	480	3.53982301e-05	480.00000000	2.95978067e+15	3.08622648e+15	2.75659858e-03
192400	1694.34313121	481	3.54719764e-05	481.00000000	2.96042734e+15	3.08687447e+15	2.75712613e-03
192800	1697.85228549	482	3.55457227e-05	482.00000000	2.96107189e+15	3.08752035e+15	2.75765197e-03
193200	1701.37706543	483	3.56194690e-05	483.00000000	2.96171435e+15	3.08816413e+15	2.75817613e-03
193600	1704.88585466	484	3.56932153e-05	484.00000000	2.96235473e+15	3.08880582e+15	2.75869864e-03
194000	1708.40702724	485	3.57669617e-05	485.00000000	2.96299306e+15	3.08944545e+15	2.75921950e-03
194400	1711.92777024	486	3.58407080e-05	486.00000000	2.96362934e+15	3.09008303e+15	2.75973874e-03
194800	1715.44658156	487	3.59144543e-05	487.00000000	2.96426357e+15	3.09071857e+15	2.76025635e-03
195200	1718.97116537	488	3.59882006e-05	488.00000000	2.96489580e+15	3.09135208e+15	2.76077231e-03
195600	1722.49287747	489	3.60619469e-05	489.00000000	2.96552605e+15	3.09198362e+15	2.76128668e-03
196000	1726.01469070	490	3.61356932e-05	490.00000000	2.96615433e+15	3.09261318e+15	2.76179948e-03
196400	1729.54625503	491	3.62094395e-05	491.00000000	2.96678066e+15	3.09324079e+15	2.76231075e-03
196800	1733.07742114	492	3.62831858e-05	492.00000000	2.96740506e+15	3.09386646e+15	2.76282050e-03
197200	1736.60303356	493	3.63569322e-05	493.00000000	2.96802752e+15	3.09449018e+15	2.76332873e-03
197600	1740.11425948	494	3.64306785e-05	494.00000000	2.96864804e+15	3.09511197e+15	2.76383539e-03
198000	1743.63677287	495	3.65044248e-05	495.00000000	2.96926664e+15	3.09573182e+15	2.76434049e-03
198400	1747.16986767	496	3.65781711e-05	496.00000000	2.96988334e+15	3.09634977e+15	2.76484408e-03
198800	1750.68693209	497	3.66519174e-05	497.00000000	2.97049815e+15	3.09696583e+15	2.76534615e-03
199200	1754.19994976	498	3.67256637e-05	498.00000000	2.97111107e+15	3.09757999e+15	2.76584672e-03
199600	1757.71998041	499	3.67994100e-05	499.00000000	2.97172212e+15	3.09819227e+15	2.76634586e-03
200000	1761.22998199	500	3.68731563e-05	500.00000000	2.97233126e+15	3.09880265e+15	2.76684350e-03
200400	1764.76343726	501	3.69469027e-05	501.00000000	2.97293853e+15	3.09941114e+15	2.76733965e-03
200800	1768.27382860	502	3.70206490e-05	502.00000000	2.97354393e+15	3.10001776e+15	2.76783430e-03
201200	1771.78424246	503	3.70943953e-05	503.00000000	2.97414748e+15	3.10062253e+15	2.76832746e-03
201600	1775.29803763	504	3.71681416e-05	504.00000000	2.97474921e+15	3.10122547e+15	2.76881918e-03
202000	1778.81579301	505	3.72418879e-05	505.00000000	2.97534911e+15	3.10182657e+15	2.76930947e-03
202400	1782.32637570	506	3.73156342e-05	506.00000000	2.97594720e+15	3.10242587e+15	2.76979829e-03
202800	1785.84680667	507	3.73893805e-05	507.00000000	2.97654350e+15	3.10302336e+15	2.77028568e-03
203200	1789.37359229	508	3.74631268e-05	508.00000000	2.97713800e+15	3.10361906e+15	2.77077161e-03
203600	1792.90184641	509	3.75368732e-05	509.00000000	2.97773069e+15	3.10421294e+15	2.77125615e-03
204000	1796.42385798	510	3.76106195e-05	510.00000000	2.97832158e+15	3.10480501e+15	2.77173931e-03
204400	1799.94357346	511	3.76843658e-05	511.00000000	2.97891067e+15	3.10539528e+15	2.77222108e-03
204800	1803.46858839	512	3.77581121e-05	512.00000000	2.97949800e+15	3.10598378e+15	2.77270143e-03
205200	1806.97654558	513	3.78318584e-05	513.00000000	2.98008356e+15	3.10657051e+15	2.77318037e-03
205600	1810.48584612	514	3.79056047e-05	514.00000000	2.98066736e+15	3.10715547e+15	2.77365787e-03
206000	1814.00229155	515	3.79793510e-05	515.00000000	2.98124940e+15	3.10773868e+15	2.77413399e-03
206400	1817.52943620	516	3.80530973e-05	516.00000000	2.98182971e+15	3.10832014e+15	2.77460871e-03
206800	1821.03877000	517	3.81268437e-05	517.00000000	2.98240829e+15	3.10889987e+15	2.77508208e-03
207200	1824.57312264	518	3.82005900e-05	518.00000000	2.98298517e+15	3.10947790e+15	2.77555411e-03
207600	1828.09594358	519	3.82743363e-05	519.00000000	2.98356034e+15	3.11005421e+15	2.77602480e-03
208000	1831.60777333	520	3.83480826e-05	520.00000000	2.98413379e+15	3.11062880e+15	2.77649413e-03
208400	1835.12062575	521	3.84218289e-05	521.00000000	2.98470551e+15	3.11120166e+15	2.77696212e-03
208800	1838.63434129	522	3.84955752e-05	522.00000000	2.98527550e+15	3.11177277e+15	2.77742874e-03
209200	1842.13194786	523	3.85693215e-05	523.00000000	2.98584377e+15	3.11234216e+15	2.77789399e-03
209600	1845.63855487	524	3.86430678e-05	524.00000000	2.98641032e+15	3.11290984e+15	2.77835789e-03
210000	1849.13863174	525	3.87168142e-05	525.00000000	2.98697518e+15	3.11347582e+15	2.77882043e-03
210400	1852.64387867	526	3.87905605e-05	526.00000000	2.98753835e+15	3.11404009e+15	2.77928166e-03
210800	1856.14981351	527	3.88643068e-05	527.00000000	2.98809983e+15	3.11460269e+15	2.77974155e-03
211200	1859.66073039	528	3.89380531e-05	528.00000000	2.98865967e+15	3.11516363e+15	2.78020011e-03
211600	1863.16435750	529	3.90117994e-05	529.00000000	2.98921786e+15	3.11572292e+15	2.78065741e-03
212000	1866.68871128	530	3.90855457e-05	530.00000000	2.98977437e+15	3.11628053e+15	2.78111342e-03
212400	1870.22007067	531	3.91592920e-05	531.00000000	2.99032922e+15	3.11683647e+15	2.78156811e-03
212800	1873.74865625	532	3.92330383e-05	532.00000000	2.99088239e+15	3.11739072e+15	2.78202145e-03
213200	1877.26724482	533	3.93067847e-05	533.00000000	2.99143386e+15	3.11794329e+15	2.78247345e-03
213600	1880.79586879	534	3.93805310e-05	534.00000000	2.99198365e+15	3.11849416e+15	2.78292411e-03
214000	1884.33720768	535	3.94542773e-05	535.00000000	2.99253174e+15	3.11904332e+15	2.78337352e-03
214400	1887.87117924	536	3.95280236e-05	536.00000000	2.99307812e+15	3.11959077e+15	2.78382161e-03
214800	1891.39709265	537	3.96017699e-05	537.00000000	2.99362280e+15	3.12013652e+15	2.78426835e-03
215200	1894.90422895	538	3.96755162e-05	538.00000000	2.99416580e+15	3.12068059e+15	2.78471372e-03
215600	1898.42501528	539	3.97492625e-05	539.00000000	2.99470713e+15	3.12122297e+15	2.78515773e-03
216000	1901.93971201	540	3.98230088e-05	540.00000000	2.99524679e+15	3.12176370e+15	2.78560038e-03
216400	1905.45256584	541	3.98967552e-05	541.00000000	2.99578481e+15	3.12230277e+15	2.78604172e-03
216800	1908.95913830	542	3.99705015e-05	542.00000000	2.99632117e+15	3.12284021e+15	2.78648174e-03
217200	1912.47915304	543	4.00442478e-05	543.00000000	2.99685482e+15	3.12337603e+15	2.78691955e-03
217600	1916.00665929	544	4.01179941e-05	544.00000000	2.99738735e+15	3.12391004e+15	2.78735562e-03
218000	1919.53768930	545	4.01917404e-05	545.00000000	2.99791844e+15	3.12444234e+15	2.78779103e-03
218400	1923.05500399	546	4.02654867e-05	546.00000000	2.99844800e+15	3.12497298e+15	2.78822542e-03
218800	1926.56883183	547	4.03392330e-05	547.00000000	2.99897598e+15	3.12550200e+15	2.78865865e-03
219200	1930.06865823	548	4.04129794e-05	548.00000000	2.99950239e+15	3.12602942e+15	2.78909067e-03
219600	1933.57673323	549	4.04867257e-05	549.00000000	3.00002723e+15	3.12655526e+15	2.78952145e-03
220000	1937.09045358	550	4.05604720e-05	550.00000000	3.00055051e+15	3.12707954e+15	2.78995099e-03
220400	1940.60871835	551	4.06342183e-05	551.00000000	3.00107224e+15	3.12760226e+15	2.79037933e-03
220800	1944.12938190	552	4.07079646e-05	552.00000000	3.00159243e+15	3.12812343e+15	2.79080646e-03
221200	1947.65059633	553	4.07817109e-05	553.00000000	3.00211107e+15	3.12864307e+15	2.79123236e-03
221600	1951.18086536	554	4.08554572e-05	554.00000000	3.00262818e+15	3.12916115e+15	2.79165705e-03
222000	1954.71316515	555	4.09292035e-05	555.00000000	3.00314375e+15	3.12967770e+15	2.79208050e-03
222400	1958.24181625	556	4.10029499e-05	556.00000000	3.00365782e+15	3.13019275e+15	2.79250273e-03
222800	1961.75808509	557	4.10766962e-05	557.00000000	3.00417039e+15	3.13070629e+15	2.79292376e-03
223200	1965.27290577	558	4.11504425e-05	558.00000000	3.00468145e+15	3.13121832e+15	2.79334362e-03
223600	1968.79883383	559	4.12241888e-05	559.00000000	3.00519101e+15	3.13172886e+15	2.79376229e-03
224000	1972.31004284	560	4.12979351e-05	560.00000000	3.00569908e+15	3.13223789e+15	2.79417980e-03
224400	1975.82887953	561	4.13716814e-05	561.00000000	3.00620566e+15	3.13274545e+15	2.79459611e-03
224800	1979.34808783	562	4.14454277e-05	562.00000000	3.00671080e+15	3.13325154e+15	2.79501123e-03
225200	1982.86306117	563	4.15191740e-05	563.00000000	3.00721449e+15	3.13375619e+15	2.79542525e-03
225600	1986.38665847	564	4.15929204e-05	564.00000000	3.00771674e+15	3.13425941e+15	2.79583813e-03
226000	1989.90018122	565	4.16666667e-05	565.00000000	3.00821757e+15	3.13476119e+15	2.79624988e-03
226400	1993.42110103	566	4.17404130e-05	566.00000000	3.00871697e+15	3.13526154e+15	2.79666049e-03
226800	1996.94886812	567	4.18141593e-05	567.00000000	3.00921495e+15	3.13576048e+15	2.79706996e-03
227200	2000.46935778	568	4.18879056e-05	568.00000000	3.00971153e+15	3.13625801e+15	2.79747829e-03
227600	2003.99717852	569	4.19616519e-05	569.00000000	3.01020671e+15	3.13675414e+15	2.79788551e-03
228000	2007.51255491	570	4.20353982e-05	570.00000000	3.01070052e+15	3.13724889e+15	2.79829164e-03
228400	2011.03870960	571	4.21091445e-05	571.00000000	3.01119296e+15	3.13774228e+15	2.79869667e-03
228800	2014.55746048	572	4.21828909e-05	572.00000000	3.01168406e+15	3.13823431e+15	2.79910062e-03
229200	2018.08247717	573	4.22566372e-05	573.00000000	3.01217381e+15	3.13872500e+15	2.79950348e-03
229600	2021.59875232	574	4.23303835e-05	574.00000000	3.01266223e+15	3.13921436e+15	2.79990528e-03
230000	2025.11772249	575	4.24041298e-05	575.00000000	3.01314933e+15	3.13970239e+15	2.80030607e-03
230400	2028.63041211	576	4.24778761e-05	576.00000000	3.01363513e+15	3.14018911e+15	2.80070582e-03
230800	2032.15974237	577	4.25516224e-05	577.00000000	3.01411962e+15	3.14067452e+15	2.80110453e-03
231200	2035.67358317	578	4.26253687e-05	578.00000000	3.01460281e+15	3.14115864e+15	2.80150223e-03
231600	2039.19339529	579	4.26991150e-05	579.00000000	3.01508474e+15	3.14164148e+15	2.80189890e-03
232000	2042.71414029	580	4.27728614e-05	580.00000000	3.01556540e+15	3.14212306e+15	2.80229457e-03
232400	2046.22930757	581	4.28466077e-05	581.00000000	3.01604479e+15	3.14260336e+15	2.80268925e-03
232800	2049.75075444	582	4.29203540e-05	582.00000000	3.01652291e+15	3.14308240e+15	2.80308293e-03
233200	2053.27435718	583	4.29941003e-05	583.00000000	3.01699978e+15	3.14356017e+15	2.80347560e-03
233600	2056.80736688	584	4.30678466e-05	584.00000000	3.01747538e+15	3.14403669e+15	2.80386729e-03
234000	2060.33339409	585	4.31415929e-05	585.00000000	3.01794973e+15	3.14451194e+15	2.80425799e-03
234400	2063.84515941	586	4.32153392e-05	586.00000000	3.01842281e+15	3.14498593e+15	2.80464771e-03
234800	2067.35355256	587	4.32890855e-05	587.00000000	3.01889465e+15	3.14545866e+15	2.80503643e-03
235200	2070.87748983	588	4.33628319e-05	588.00000000	3.01936523e+15	3.14593015e+15	2.80542415e-03
235600	2074.40436372	589	4.34365782e-05	589.00000000	3.01983458e+15	3.14640038e+15	2.80581088e-03
236000	2077.92966730	590	4.35103245e-05	590.00000000	3.02030268e+15	3.14686938e+15	2.80619664e-03
236400	2081.44338915	591	4.35840708e-05	591.00000000	3.02076956e+15	3.14733715e+15	2.80658144e-03
236800	2084.96328805	592	4.36578171e-05	592.00000000	3.02123520e+15	3.14780368e+15	2.80696527e-03
237200	2088.48923362	593	4.37315634e-05	593.00000000	3.02169961e+15	3.14826896e+15	2.80734810e-03
237600	2091.99896054	594	4.38053097e-05	594.00000000	3.02216278e+15	3.14873301e+15	2.80772996e-03
238000	2095.50934133	595	4.38790560e-05	595.00000000	3.02262473e+15	3.14919585e+15	2.80811082e-03
238400	2099.02921608	596	4.39528024e-05	596.00000000	3.02308548e+15	3.14965747e+15	2.80849072e-03
238800	2102.54939766	597	4.40265487e-05	597.00000000	3.02354504e+15	3.15011790e+15	2.80886970e-03
239200	2106.06861571	598	4.41002950e-05	598.00000000	3.02400341e+15	3.15057714e+15	2.80924777e-03
239600	2109.59020374	599	4.41740413e-05	599.00000000	3.02446058e+15	3.15103518e+15	2.80962492e-03
240000	2113.10367287	600	4.42477876e-05	600.00000000	3.02491658e+15	3.15149204e+15	2.81000117e-03
240400	2116.61587064	601	4.43215339e-05	601.00000000	3.02537139e+15	3.15194772e+15	2.81037648e-03
240800	2120.12952996	602	4.43952802e-05	602.00000000	3.02582504e+15	3.15240223e+15	2.81075086e-03
241200	2123.64630979	603	4.44690265e-05	603.00000000	3.02627751e+15	3.15285556e+15	2.81112429e-03
241600	2127.16400338	604	4.45427729e-05	604.00000000	3.02672880e+15	3.15330771e+15	2.81149683e-03
242000	2130.69164721	605	4.46165192e-05	605.00000000	3.02717892e+15	3.15375869e+15	2.81186843e-03
242400	2134.21007649	606	4.46902655e-05	606.00000000	3.02762786e+15	3.15420848e+15	2.81223913e-03
242800	2137.72770506	607	4.47640118e-05	607.00000000	3.02807560e+15	3.15465708e+15	2.81260893e-03
243200	2141.23983516	608	4.48377581e-05	608.00000000	3.02852216e+15	3.15510450e+15	2.81297779e-03
243600	2144.76105229	609	4.49115044e-05	609.00000000	3.02896755e+15	3.15555074e+15	2.81334571e-03
244000	2148.27826787	610	4.49852507e-05	610.00000000	3.02941178e+15	3.15599582e+15	2.81371273e-03
244400	2151.77480346	611	4.50589971e-05	611.00000000	3.02985484e+15	3.15643973e+15	2.81407881e-03
244800	2155.29391808	612	4.51327434e-05	612.00000000	3.03029674e+15	3.15688248e+15	2.81444397e-03
245200	2158.80917526	613	4.52064897e-05	613.00000000	3.03073748e+15	3.15732406e+15	2.81480822e-03
245600	2162.32197823	614	4.52802360e-05	614.00000000	3.03117706e+15	3.15776448e+15	2.81517158e-03
246000	2165.83333201	615	4.53539823e-05	615.00000000	3.03161549e+15	3.15820375e+15	2.81553403e-03
246400	2169.35985813	616	4.54277286e-05	616.00000000	3.03205276e+15	3.15864187e+15	2.81589560e-03
246800	2172.87787400	617	4.55014749e-05	617.00000000	3.03248888e+15	3.15907883e+15	2.81625627e-03
247200	2176.40349365	618	4.55752212e-05	618.00000000	3.03292384e+15	3.15951462e+15	2.81661606e-03
247600	2179.91602583	619	4.56489676e-05	619.00000000	3.03335765e+15	3.15994926e+15	2.81697501e-03
248000	2183.43479513	620	4.57227139e-05	620.00000000	3.03379031e+15	3.16038275e+15	2.81733312e-03
248400	2186.94515801	621	4.57964602e-05	621.00000000	3.03422182e+15	3.16081508e+15	2.81769031e-03
248800	2190.46369612	622	4.58702065e-05	622.00000000	3.03465219e+15	3.16124628e+15	2.81804665e-03
249200	2193.96967765	623	4.59439528e-05	623.00000000	3.03508142e+15	3.16167634e+15	2.81840210e-03
249600	2197.47704459	624	4.60176991e-05	624.00000000	3.03550953e+15	3.16210527e+15	2.81875670e-03
250000	2200.98883333	625	4.60914454e-05	625.00000000	3.03593651e+15	3.16253308e+15	2.81911039e-03
250400	2204.49313260	626	4.61651917e-05	626.00000000	3.03636238e+15	3.16295978e+15	2.81946322e-03
250800	2208.00365925	627	4.62389381e-05	627.00000000	3.03678714e+15	3.16338537e+15	2.81981518e-03
251200	2211.53933003	628	4.63126844e-05	628.00000000	3.03721080e+15	3.16380986e+15	2.82016627e-03
251600	2215.05678275	629	4.63864307e-05	629.00000000	3.03763336e+15	3.16423325e+15	2.82051649e-03
252000	2218.57805009	630	4.64601770e-05	630.00000000	3.03805481e+15	3.16465553e+15	2.82086585e-03
252400	2222.09050753	631	4.65339233e-05	631.00000000	3.03847517e+15	3.16507671e+15	2.82121433e-03
252800	2225.60826375	632	4.66076696e-05	632.00000000	3.03889443e+15	3.16549680e+15	2.82156193e-03
253200	2229.13072399	633	4.66814159e-05	633.00000000	3.03931259e+15	3.16591579e+15	2.82190868e-03
253600	2232.65757432	634	4.67551622e-05	634.00000000	3.03972965e+15	3.16633367e+15	2.82225457e-03
254000	2236.17313407	635	4.68289086e-05	635.00000000	3.04014562e+15	3.16675046e+15	2.82259959e-03
254400	2239.69150578	636	4.69026549e-05	636.00000000	3.04056048e+15	3.16716614e+15	2.82294373e-03
254800	2243.22224396	637	4.69764012e-05	637.00000000	3.04097428e+15	3.16758075e+15	2.82328706e-03
255200	2246.75305090	638	4.70501475e-05	638.00000000	3.04138705e+15	3.16799433e+15	2.82362967e-03
255600	2250.27205910	639	4.71238938e-05	639.00000000	3.04179881e+15	3.16840689e+15	2.82397152e-03
256000	2253.79121410	640	4.71976401e-05	640.00000000	3.04220953e+15	3.16881843e+15	2.82431262e-03
256400	2257.30945984	641	4.72713864e-05	641.00000000	3.04261922e+15	3.16922894e+15	2.82465293e-03
256800	2260.82520987	642	4.73451327e-05	642.00000000	3.04302788e+15	3.16963843e+15	2.82499245e-03
257200	2264.35156103	643	4.74188791e-05	643.00000000	3.04343667e+15	3.17004689e+15	2.82533224e-03
257600	2267.86549736	644	4.74926254e-05	644.00000000	3.04384392e+15	3.17045450e+15	2.82567158e-03
258000	2271.38212154	645	4.75663717e-05	645.00000000	3.04424994e+15	3.17086117e+15	2.82600950e-03
258400	2274.90518144	646	4.76401180e-05	646.00000000	3.04465485e+15	3.17126686e+15	2.82634622e-03
258800	2278.42171780	647	4.77138643e-05	647.00000000	3.04505868e+15	3.17167153e+15	2.82668196e-03
259200	2281.95198633	648	4.77876106e-05	648.00000000	3.04546146e+15	3.17207516e+15	2.82701682e-03
259600	2285.48138521	649	4.78613569e-05	649.00000000	3.04586320e+15	3.17247775e+15	2.82735081e-03
260000	2289.00266164	650	4.79351032e-05	650.00000000	3.04626390e+15	3.17287932e+15	2.82768394e-03
260400	2292.52332647	651	4.80088496e-05	651.00000000	3.04666357e+15	3.17327985e+15	2.82801621e-03
260800	2296.04444317	652	4.80825959e-05	652.00000000	3.04706221e+15	3.17367935e+15	2.82834765e-03
261200	2299.57027390	653	4.81563422e-05	653.00000000	3.04745982e+15	3.17407782e+15	2.82867826e-03
261600	2303.09504394	654	4.82300885e-05	654.00000000	3.04785642e+15	3.17447527e+15	2.82900800e-03
262000	2306.61250246	655	4.83038348e-05	655.00000000	3.04825201e+15	3.17487170e+15	2.82933691e-03
262400	2310.12776602	656	4.83775811e-05	656.00000000	3.04864658e+15	3.17526712e+15	2.82966502e-03
262800	2313.65390575	657	4.84513274e-05	657.00000000	3.04904013e+15	3.17566151e+15	2.82999229e-03
263200	2317.17366995	658	4.85250737e-05	658.00000000	3.04943269e+15	3.17605491e+15	2.83031871e-03
263600	2320.69144933	659	4.85988201e-05	659.00000000	3.04982426e+15	3.17644732e+15	2.83064436e-03
264000	2324.20806680	660	4.86725664e-05	660.00000000	3.05021483e+15	3.17683873e+15	2.83096920e-03
264400	2327.71306350	661	4.87463127e-05	661.00000000	3.05060444e+15	3.17722916e+15	2.83129336e-03
264800	2331.23634533	662	4.88200590e-05	662.00000000	3.05099312e+15	3.17761865e+15	2.83161685e-03
265200	2334.76664687	663	4.88938053e-05	663.00000000	3.05138088e+15	3.17800723e+15	2.83193965e-03
265600	2338.29955975	664	4.89675516e-05	664.00000000	3.05176771e+15	3.17839488e+15	2.83226172e-03
266000	2341.82730387	665	4.90412979e-05	665.00000000	3.05215363e+15	3.17878163e+15	2.83258307e-03
266400	2345.34323581	666	4.91150442e-05	666.00000000	3.05253864e+15	3.17916748e+15	2.83290368e-03
266800	2348.86118340	667	4.91887906e-05	667.00000000	3.05292275e+15	3.17955242e+15	2.83322359e-03
267200	2352.37604270	668	4.92625369e-05	668.00000000	3.05330594e+15	3.17993645e+15	2.83354279e-03
267600	2355.89293045	669	4.93362832e-05	669.00000000	3.05368819e+15	3.18031956e+15	2.83386118e-03
268000	2359.40800730	670	4.94100295e-05	670.00000000	3.05406949e+15	3.18070172e+15	2.83417874e-03
268400	2362.92116957	671	4.94837758e-05	671.00000000	3.05444981e+15	3.18108290e+15	2.83449548e-03
268800	2366.44281822	672	4.95575221e-05	672.00000000	3.05482917e+15	3.18146311e+15	2.83481140e-03
269200	2369.97181161	673	4.96312684e-05	673.00000000	3.05520756e+15	3.18184235e+15	2.83512650e-03
269600	2373.49975560	674	4.97050147e-05	674.00000000	3.05558500e+15	3.18222064e+15	2.83544077e-03
270000	2377.02188835	675	4.97787611e-05	675.00000000	3.05596150e+15	3.18259798e+15	2.83575426e-03
270400	2380.54142351	676	4.98525074e-05	676.00000000	3.05633706e+15	3.18297436e+15	2.83606698e-03
270800	2384.05612065	677	4.99262537e-05	677.00000000	3.05671166e+15	3.18334979e+15	2.83637892e-03
271200	2387.57989735	678	5.00000000e-05	678.00000000	3.05708532e+15	3.18372427e+15	2.83669009e-03
271600	2391.10270875	679	5.00737463e-05	679.00000000	3.05745803e+15	3.18409780e+15	2.83700048e-03
272000	2394.63478980	680	5.01474926e-05	680.00000000	3.05782980e+15	3.18447039e+15	2.83731010e-03
272400	2398.15972272	681	5.02212389e-05	681.00000000	3.05820064e+15	3.18484204e+15	2.83761896e-03
272800	2401.68449754	682	5.02949853e-05	682.00000000	3.05857055e+15	3.18521276e+15	2.83792706e-03
273200	2405.21249124	683	5.03687316e-05	683.00000000	3.05893954e+15	3.18558255e+15	2.83823440e-03
273600	2408.74205373	684	5.04424779e-05	684.00000000	3.05930759e+15	3.18595142e+15	2.83854099e-03
274000	2412.26520481	685	5.05162242e-05	685.00000000	3.05967472e+15	3.18631935e+15	2.83884684e-03
274400	2415.77926643	686	5.05899705e-05	686.00000000	3.06004093e+15	3.18668636e+15	2.83915192e-03
274800	2419.30413521	687	5.06637168e-05	687.00000000	3.06040622e+15	3.18705244e+15	2.83945621e-03
275200	2422.82549729	688	5.07374631e-05	688.00000000	3.06077059e+15	3.18741761e+15	2.83975979e-03
275600	2426.35433170	689	5.08112094e-05	689.00000000	3.06113404e+15	3.18778185e+15	2.84006260e-03
276000	2429.87437433	690	5.08849558e-05	690.00000000	3.06149659e+15	3.18814518e+15	2.84036466e-03
276400	2433.39107219	691	5.09587021e-05	691.00000000	3.06185821e+15	3.18850759e+15	2.84066597e-03
276800	2436.90878830	692	5.10324484e-05	692.00000000	3.06221891e+15	3.18886908e+15	2.84096653e-03
277200	2440.43553053	693	5.11061947e-05	693.00000000	3.06257869e+15	3.18922964e+15	2.84126634e-03
277600	2443.95142792	694	5.11799410e-05	694.00000000	3.06293756e+15	3.18958929e+15	2.84156539e-03
278000	2447.46787258	695	5.12536873e-05	695.00000000	3.06329599e+15	3.18994835e+15	2.84186552e-03
278400	2450.98090990	696	5.13274336e-05	696.00000000	3.06365404e+15	3.19030707e+15	2.84216518e-03
278800	2454.50163137	697	5.14011799e-05	697.00000000	3.06401104e+15	3.19066493e+15	2.84246347e-03
279200	2458.02559089	698	5.14749263e-05	698.00000000	3.06436707e+15	3.19102186e+15	2.84276074e-03
279600	2461.54040322	699	5.15486726e-05	699.00000000	3.06472216e+15	3.19137785e+15	2.84305710e-03
280000	2465.05590838	700	5.16224189e-05	700.00000000	3.06507632e+15	3.19173290e+15	2.84335261e-03
280400	2468.57995479	701	5.16961652e-05	701.00000000	3.06542955e+15	3.19208699e+15	2.84364730e-03
280800	2472.11221296	702	5.17699115e-05	702.00000000	3.06578187e+15	3.19244016e+15	2.84394119e-03
281200	2475.64657979	703	5.18436578e-05	703.00000000	3.06613327e+15	3.19279239e+15	2.84423431e-03
281600	2479.17502562	704	5.19174041e-05	704.00000000	3.06648513e+15	3.19314473e+15	2.84453052e-03
282000	2482.70414454	705	5.19911504e-05	705.00000000	3.06683584e+15	3.19349628e+15	2.84482424e-03
282400	2486.22462925	706	5.20648968e-05	706.00000000	3.06718552e+15	3.19384693e+15	2.84511668e-03
282800	2489.73408935	707	5.21386431e-05	707.00000000	3.06753421e+15	3.19419660e+15	2.84540810e-03
283200	2493.24771721	708	5.22123894e-05	708.00000000	3.06788193e+15	3.19454529e+15	2.84569858e-03
283600	2496.76940135	709	5.22861357e-05	709.00000000	3.06822871e+15	3.19489300e+15	2.84598819e-03
284000	2500.28376960	710	5.23598820e-05	710.00000000	3.06857455e+15	3.19523974e+15	2.84627695e-03
284400	2503.80071564	711	5.24336283e-05	711.00000000	3.06891946e+15	3.19558553e+15	2.84656489e-03
284800	2507.31066812	712	5.25073746e-05	712.00000000	3.06926343e+15	3.19593037e+15	2.84685202e-03
285200	2510.83318106	713	5.25811209e-05	713.00000000	3.06960649e+15	3.19627427e+15	2.84713834e-03
285600	2514.35847523	714	5.26548673e-05	714.00000000	3.06994862e+15	3.19661724e+15	2.84742390e-03
286000	2517.86835084	715	5.27286136e-05	715.00000000	3.07028985e+15	3.19695929e+15	2.84770867e-03
286400	2521.38285822	716	5.28023599e-05	716.00000000	3.07063017e+15	3.19730043e+15	2.84799270e-03
286800	2524.89206026	717	5.28761062e-05	717.00000000	3.07096959e+15	3.19764067e+15	2.84827596e-03
287200	2528.40512628	718	5.29498525e-05	718.00000000	3.07130813e+15	3.19798000e+15	2.84855846e-03
287600	2531.92024527	719	5.30235988e-05	719.00000000	3.07164578e+15	3.19831845e+15	2.84884021e-03
288000	2535.42559862	720	5.30973451e-05	720.00000000	3.07198254e+15	3.19865600e+15	2.84912122e-03
288400	2538.93295473	721	5.31710914e-05	721.00000000	3.07231841e+15	3.19899265e+15	2.84940150e-03
288800	2542.45588361	722	5.32448378e-05	722.00000000	3.07265339e+15	3.19932841e+15	2.84968103e-03
289200	2545.97728684	723	5.33185841e-05	723.00000000	3.07298747e+15	3.19966327e+15	2.84995983e-03
289600	2549.50322590	724	5.33923304e-05	724.00000000	3.07332067e+15	3.19999724e+15	2.85023789e-03
290000	2553.01911585	725	5.34660767e-05	725.00000000	3.07365298e+15	3.20033032e+15	2.85051521e-03
290400	2556.55024317	726	5.35398230e-05	726.00000000	3.07398441e+15	3.20066251e+15	2.85079180e-03
290800	2560.06942728	727	5.36135693e-05	727.00000000	3.07431496e+15	3.20099382e+15	2.85106765e-03
291200	2563.57782877	728	5.36873156e-05	728.00000000	3.07464462e+15	3.20132424e+15	2.85134278e-03
291600	2567.09797368	729	5.37610619e-05	729.00000000	3.07497341e+15	3.20165377e+15	2.85161717e-03
292000	2570.61478099	730	5.38348083e-05	730.00000000	3.07530132e+15	3.20198243e+15	2.85189085e-03
292400	2574.13657621	731	5.39085546e-05	731.00000000	3.07562835e+15	3.20231020e+15	2.85216380e-03
292800	2577.65253772	732	5.39823009e-05	732.00000000	3.07595451e+15	3.20263711e+15	2.85243603e-03
293200	2581.15810531	733	5.40560472e-05	733.00000000	3.07627980e+15	3.20296313e+15	2.85270753e-03
293600	2584.66501145	734	5.41297935e-05	734.00000000	3.07660422e+15	3.20328829e+15	2.85297830e-03
294000	2588.17950158	735	5.42035398e-05	735.00000000	3.07692779e+15	3.20361259e+15	2.85324836e-03
294400	2591.69989247	736	5.42772861e-05	736.00000000	3.07725051e+15	3.20393603e+15	2.85351772e-03
294800	2595.20947527	737	5.43510324e-05	737.00000000	3.07757237e+15	3.20425862e+15	2.85378637e-03
295200	2598.72373171	738	5.44247788e-05	738.00000000	3.07789336e+15	3.20458034e+15	2.85405431e-03
295600	2602.24666213	739	5.44985251e-05	739.00000000	3.07821351e+15	3.20490120e+15	2.85432155e-03
296000	2605.77033868	740	5.45722714e-05	740.00000000	3.07853280e+15	3.20522121e+15	2.85458809e-03
296400	2609.28987106	741	5.46460177e-05	741.00000000	3.07885123e+15	3.20554035e+15	2.85485393e-03
296800	2612.80747837	742	5.47197640e-05	742.00000000	3.07916880e+15	3.20585864e+15	2.85511906e-03
297200	2616.31964162	743	5.47935103e-05	743.00000000	3.07948552e+15	3.20617606e+15	2.85538349e-03
297600	2619.82736871	744	5.48672566e-05	744.00000000	3.07980137e+15	3.20649262e+15	2.85564721e-03
298000	2623.34349312	745	5.49410029e-05	745.00000000	3.08011635e+15	3.20680831e+15	2.85591025e-03
298400	2626.84965522	746	5.50147493e-05	746.00000000	3.08043047e+15	3.20712313e+15	2.85617257e-03
298800	2630.36674289	747	5.50884956e-05	747.00000000	3.08074373e+15	3.20743709e+15	2.85643419e-03
299200	2633.88366132	748	5.51622419e-05	748.00000000	3.08105613e+15	3.20775018e+15	2.85669511e-03
299600	2637.38653378	749	5.52359882e-05	749.00000000	3.08136768e+15	3.20806243e+15	2.85695528e-03
300000	2640.90360200	750	5.53097345e-05	750.00000000	3.08167837e+15	3.20837382e+15	2.85721479e-03
300400	2644.42447330	751	5.53834808e-05	751.00000000	3.08198822e+15	3.20868435e+15	2.85747359e-03
300800	2647.94343362	752	5.54572271e-05	752.00000000	3.08229722e+15	3.20899404e+15	2.85773169e-03
301200	2651.46709617	753	5.55309735e-05	753.00000000	3.08260539e+15	3.20930289e+15	2.85798909e-03
301600	2654.98918438	754	5.56047198e-05	754.00000000	3.08291271e+15	3.20961090e+15	2.85824583e-03
302000	2658.50337211	755	5.56784661e-05	755.00000000	3.08321920e+15	3.20991807e+15	2.85850185e-03
302400	2662.02654641	756	5.57522124e-05	756.00000000	3.08352486e+15	3.21022440e+15	2.85875719e-03
302800	2665.54533525	757	5.58259587e-05	757.00000000	3.08382970e+15	3.21052991e+15	2.85901186e-03
303200	2669.06204415	758	5.58997050e-05	758.00000000	3.08413370e+15	3.21083460e+15	2.85926583e-03
303600	2672.58416648	759	5.59734513e-05	759.00000000	3.08443689e+15	3.21113845e+15	2.85951912e-03
304000	2676.10940521	760	5.60471976e-05	760.00000000	3.08473926e+15	3.21144149e+15	2.85977173e-03
304400	2679.63484894	761	5.61209440e-05	761.00000000	3.08504081e+15	3.21174371e+15	2.86002367e-03
304800	2683.16048551	762	5.61946903e-05	762.00000000	3.08534155e+15	3.21204511e+15	2.86027494e-03
305200	2686.68170210	763	5.62684366e-05	763.00000000	3.08564146e+15	3.21234569e+15	2.86052553e-03
305600	2690.20829282	764	5.63421829e-05	764.00000000	3.08594058e+15	3.21264546e+15	2.86077546e-03
306000	2693.72074359	765	5.64159292e-05	765.00000000	3.08623890e+15	3.21294444e+15	2.86102471e-03
306400	2697.25381553	766	5.64896755e-05	766.00000000	3.08653642e+15	3.21324262e+15	2.86127330e-03
306800	2700.77942850	767	5.65634218e-05	767.00000000	3.08683315e+15	3.21354001e+15	2.86152122e-03
307200	2704.29792342	768	5.66371681e-05	768.00000000	3.08712909e+15	3.21383660e+15	2.86176849e-03
307600	2707.82120555	769	5.67109145e-05	769.00000000	3.08742423e+15	3.21413239e+15	2.86201511e-03
308000	2711.33696424	770	5.67846608e-05	770.00000000	3.08771858e+15	3.21442738e+15	2.86226107e-03
308400	2714.85838331	771	5.68584071e-05	771.00000000	3.08801213e+15	3.21472158e+15	2.86250638e-03
308800	2718.38165519	772	5.69321534e-05	772.00000000	3.08830488e+15	3.21501498e+15	2.86275103e-03
309200	2721.89706283	773	5.70058997e-05	773.00000000	3.08859684e+15	3.21530758e+15	2.86299502e-03
309600	2725.41067947	774	5.70796460e-05	774.00000000	3.08888803e+15	3.21559940e+15	2.86323837e-03
310000	2728.92911223	775	5.71533923e-05	775.00000000	3.08917842e+15	3.21589044e+15	2.86348108e-03
310400	2732.45236972	776	5.72271386e-05	776.00000000	3.08946803e+15	3.21618068e+15	2.86372315e-03
310800	2735.96848572	777	5.73008850e-05	777.00000000	3.08975685e+15	3.21647014e+15	2.86396457e-03
311200	2739.49189841	778	5.73746313e-05	778.00000000	3.09004490e+15	3.21675881e+15	2.86420534e-03
311600	2743.02397925	779	5.74483776e-05	779.00000000	3.09033217e+15	3.21704671e+15	2.86444547e-03
312000	2746.55691620	780	5.75221239e-05	780.00000000	3.09061867e+15	3.21733384e+15	2.86468495e-03
312400	2750.08447014	781	5.75958702e-05	781.00000000	3.09090441e+15	3.21762021e+15	2.86492379e-03
312800	2753.61151319	782	5.76696165e-05	782.00000000	3.09118940e+15	3.21790582e+15	2.86516200e-03
313200	2757.11706228	783	5.77433628e-05	783.00000000	3.09147365e+15	3.21819069e+15	2.86539959e-03
313600	2760.62121871	784	5.78171091e-05	784.00000000	3.09175714e+15	3.21847481e+15	2.86563655e-03
314000	2764.14772511	785	5.78908555e-05	785.00000000	3.09203990e+15	3.21875818e+15	2.86587290e-03
314400	2767.67621680	786	5.79646018e-05	786.00000000	3.09232191e+15	3.21904080e+15	2.86610864e-03
314800	2771.19470467	787	5.80383481e-05	787.00000000	3.09260318e+15	3.21932269e+15	2.86634376e-03
315200	2774.71943966	788	5.81120944e-05	788.00000000	3.09288370e+15	3.21960383e+15	2.86657826e-03
315600	2778.22612984	789	5.81858407e-05	789.00000000	3.09316349e+15	3.21988422e+15	2.86681214e-03
316000	2781.75757921	790	5.82595870e-05	790.00000000	3.09344254e+15	3.22016388e+15	2.86704542e-03
316400	2785.28899476	791	5.83333333e-05	791.00000000	3.09372085e+15	3.22044280e+15	2.86727807e-03
316800	2788.79540783	792	5.84070796e-05	792.00000000	3.09399841e+15	3.22072096e+15	2.86751013e-03
317200	2792.29902223	793	5.84808260e-05	793.00000000	3.09427522e+15	3.22099838e+15	2.86774157e-03
317600	2795.81853917	794	5.85545723e-05	794.00000000	3.09455130e+15	3.22127505e+15	2.86797239e-03
318000	2799.33320654	795	5.86283186e-05	795.00000000	3.09482664e+15	3.22155099e+15	2.86820259e-03
318400	2802.86047647	796	5.87020649e-05	796.00000000	3.09510126e+15	3.22182621e+15	2.86843218e-03
318800	2806.39060503	797	5.87758112e-05	797.00000000	3.09537515e+15	3.22210069e+15	2.86866117e-03
319200	2809.91264597	798	5.88495575e-05	798.00000000	3.09564831e+15	3.22237445e+15	2.86888956e-03
319600	2813.43251282	799	5.89233038e-05	799.00000000	3.09592075e+15	3.22264748e+15	2.86911735e-03
320000	2816.94170669	800	5.89970501e-05	800.00000000	3.09619246e+15	3.22291978e+15	2.86934453e-03
320400	2820.46391940	801	5.90707965e-05	801.00000000	3.09646346e+15	3.22319136e+15	2.86957112e-03
320800	2823.98087347	802	5.91445428e-05	802.00000000	3.09673374e+15	3.22346223e+15	2.86979711e-03
321200	2827.50281786	803	5.92182891e-05	803.00000000	3.09700331e+15	3.22373238e+15	2.87002250e-03
321600	2831.02312701	804	5.92920354e-05	804.00000000	3.09727217e+15	3.22400183e+15	2.87024730e-03
322000	2834.54874781	805	5.93657817e-05	805.00000000	3.09754034e+15	3.22427057e+15	2.87047152e-03
322400	2838.07060735	806	5.94395280e-05	806.00000000	3.09780780e+15	3.22453862e+15	2.87069518e-03
322800	2841.59987050	807	5.95132743e-05	807.00000000	3.09807456e+15	3.22480596e+15	2.87091826e-03
323200	2845.11951450	808	5.95870206e-05	808.00000000	3.09834064e+15	3.22507260e+15	2.87114076e-03
323600	2848.64149982	809	5.96607670e-05	809.00000000	3.09860602e+15	3.22533857e+15	2.87136269e-03
324000	2852.17450669	810	5.97345133e-05	810.00000000	3.09887072e+15	3.22560384e+15	2.87158405e-03
324400	2855.70102496	811	5.98082596e-05	811.00000000	3.09913475e+15	3.22586843e+15	2.87180485e-03
324800	2859.21091487	812	5.98820059e-05	812.00000000	3.09939809e+15	3.22613234e+15	2.87202510e-03
325200	2862.72517848	813	5.99557522e-05	813.00000000	3.09966076e+15	3.22639558e+15	2.87224478e-03
325600	2866.23583396	814	6.00294985e-05	814.00000000	3.09992275e+15	3.22665814e+15	2.87246391e-03
326000	2869.75471990	815	6.01032448e-05	815.00000000	3.10018407e+15	3.22692002e+15	2.87268247e-03
326400	2873.26698153	816	6.01769912e-05	816.00000000	3.10044473e+15	3.22718124e+15	2.87290048e-03
326800	2876.78350998	817	6.02507375e-05	817.00000000	3.10070472e+15	3.22744179e+15	2.87311793e-03
327200	2880.30322605	818	6.03244838e-05	818.00000000	3.10096405e+15	3.22770168e+15	2.87333482e-03
327600	2883.81001274	819	6.03982301e-05	819.00000000	3.10122272e+15	3.22796092e+15	2.87355117e-03
328000	2887.33071630	820	6.04719764e-05	820.00000000	3.10148074e+15	3.22821949e+15	2.87376697e-03
328400	2890.85104010	821	6.05457227e-05	821.00000000	3.10173810e+15	3.22847741e+15	2.87398223e-03
328800	2894.38331200	822	6.06194690e-05	822.00000000	3.10199480e+15	3.22873466e+15	2.87419694e-03
329200	2897.90084500	823	6.06932153e-05	823.00000000	3.10225083e+15	3.22899125e+15	2.87441112e-03
329600	2901.41997218	824	6.07669617e-05	824.00000000	3.10250620e+15	3.22924716e+15	2.87462474e-03
330000	2904.94805936	825	6.08407080e-05	825.00000000	3.10276089e+15	3.22950241e+15	2.87483782e-03
330400	2908.46330620	826	6.09144543e-05	826.00000000	3.10301491e+15	3.22975698e+15	2.87505035e-03
330800	2911.96082477	827	6.09882006e-05	827.00000000	3.10326827e+15	3.23001089e+15	2.87526233e-03
331200	2915.46910674	828	6.10619469e-05	828.00000000	3.10352096e+15	3.23026412e+15	2.87547375e-03
331600	2918.98460931	829	6.11356932e-05	829.00000000	3.10377297e+15	3.23051667e+15	2.87568462e-03
332000	2922.50576145	830	6.12094395e-05	830.00000000	3.10402432e+15	3.23076856e+15	2.87589492e-03
332400	2926.02331970	831	6.12831858e-05	831.00000000	3.10427499e+15	3.23101978e+15	2.87610467e-03
332800	2929.54693232	832	6.13569322e-05	832.00000000	3.10452500e+15	3.23127033e+15	2.87631386e-03
333200	2933.07030616	833	6.14306785e-05	833.00000000	3.10477434e+15	3.23152021e+15	2.87652249e-03
333600	2936.59560684	834	6.15044248e-05	834.00000000	3.10502302e+15	3.23176942e+15	2.87673056e-03
334000	2940.10253457	835	6.15781711e-05	835.00000000	3.10527102e+15	3.23201797e+15	2.87693810e-03
334400	2943.62445640	836	6.16519174e-05	836.00000000	3.10551837e+15	3.23226585e+15	2.87714507e-03
334800	2947.15036001	837	6.17256637e-05	837.00000000	3.10576505e+15	3.23251307e+15	2.87735150e-03
335200	2950.67872436	838	6.17994100e-05	838.00000000	3.10601109e+15	3.23275963e+15	2.87755738e-03
335600	2954.20200512	839	6.18731563e-05	839.00000000	3.10625647e+15	3.23300555e+15	2.87776271e-03
336000	2957.72149426	840	6.19469027e-05	840.00000000	3.10650120e+15	3.23325081e+15	2.87796751e-03
336400	2961.23780926	841	6.20206490e-05	841.00000000	3.10674528e+15	3.23349542e+15	2.87817178e-03
336800	2964.76008797	842	6.20943953e-05	842.00000000	3.10698872e+15	3.23373939e+15	2.87837550e-03
337200	2968.27817056	843	6.21681416e-05	843.00000000	3.10723151e+15	3.23398270e+15	2.87857869e-03
337600	2971.80460793	844	6.22418879e-05	844.00000000	3.10747366e+15	3.23422538e+15	2.87878135e-03
338000	2975.33857000	845	6.23156342e-05	845.00000000	3.10771516e+15	3.23446741e+15	2.87898347e-03
338400	2978.85728231	846	6.23893805e-05	846.00000000	3.10795603e+15	3.23470880e+15	2.87918506e-03
338800	2982.36087007	847	6.24631268e-05	847.00000000	3.10819627e+15	3.23494956e+15	2.87938612e-03
339200	2985.88428724	848	6.25368732e-05	848.00000000	3.10843586e+15	3.23518967e+15	2.87958665e-03
339600	2989.40879200	849	6.26106195e-05	849.00000000	3.10867482e+15	3.23542915e+15	2.87978662e-03
340000	2992.92850386	850	6.26843658e-05	850.00000000	3.10891314e+15	3.23566799e+15	2.87998608e-03
340400	2996.44500709	851	6.27581121e-05	851.00000000	3.10915082e+15	3.23590619e+15	2.88018503e-03
340800	2999.96868354	852	6.28318584e-05	852.00000000	3.10938786e+15	3.23614374e+15	2.88038344e-03
341200	3003.49405565	853	6.29056047e-05	853.00000000	3.10962427e+15	3.23638066e+15	2.88058132e-03
341600	3007.01441726	854	6.29793510e-05	854.00000000	3.10986004e+15	3.23661694e+15	2.88077868e-03
342000	3010.52921979	855	6.30530973e-05	855.00000000	3.11009517e+15	3.23685259e+15	2.88097551e-03
342400	3014.03717539	856	6.31268437e-05	856.00000000	3.11032968e+15	3.23708761e+15	2.88117181e-03
342800	3017.55640113	857	6.32005900e-05	857.00000000	3.11056357e+15	3.23732200e+15	2.88136758e-03
343200	3021.07143649	858	6.32743363e-05	858.00000000	3.11079683e+15	3.23755577e+15	2.88156284e-03
343600	3024.59538831	859	6.33480826e-05	859.00000000	3.11102948e+15	3.23778892e+15	2.88175758e-03
344000	3028.10261276	860	6.34218289e-05	860.00000000	3.11126150e+15	3.23802145e+15	2.88195182e-03
344400	3031.62073108	861	6.34955752e-05	861.00000000	3.11149292e+15	3.23825337e+15	2.88214554e-03
344800	3035.13855942	862	6.35693215e-05	862.00000000	3.11172372e+15	3.23848467e+15	2.88233876e-03
345200	3038.66291327	863	6.36430678e-05	863.00000000	3.11195390e+15	3.23871536e+15	2.88253146e-03
345600	3042.18235038	864	6.37168142e-05	864.00000000	3.11218349e+15	3.23894544e+15	2.88272365e-03
346000	3045.70577116	865	6.37905605e-05	865.00000000	3.11241247e+15	3.23917492e+15	2.88291534e-03
346400	3049.22784371	866	6.38643068e-05	866.00000000	3.11264085e+15	3.23940380e+15	2.88310652e-03
346800	3052.73721211	867	6.39380531e-05	867.00000000	3.11286862e+15	3.23963207e+15	2.88329720e-03
347200	3056.24935678	868	6.40117994e-05	868.00000000	3.11309580e+15	3.23985974e+15	2.88348739e-03
347600	3059.75798378	869	6.40855457e-05	869.00000000	3.11332237e+15	3.24008681e+15	2.88367707e-03
348000	3063.26423203	870	6.41592920e-05	870.00000000	3.11354835e+15	3.24031327e+15	2.88386625e-03
348400	3066.78137796	871	6.42330383e-05	871.00000000	3.11377372e+15	3.24053914e+15	2.88405494e-03
348800	3070.30591186	872	6.43067847e-05	872.00000000	3.11399850e+15	3.24076441e+15	2.88424314e-03
349200	3073.82229836	873	6.43805310e-05	873.00000000	3.11422268e+15	3.24098908e+15	2.88443084e-03
349600	3077.33747589	874	6.44542773e-05	874.00000000	3.11444628e+15	3.24121316e+15	2.88461804e-03
350000	3080.85471854	875	6.45280236e-05	875.00000000	3.11466928e+15	3.24143665e+15	2.88480475e-03
350400	3084.36293710	876	6.46017699e-05	876.00000000	3.11489170e+15	3.24165956e+15	2.88499098e-03
350800	3087.88221059	877	6.46755162e-05	877.00000000	3.11511354e+15	3.24188187e+15	2.88517671e-03
351200	3091.39969279	878	6.47492625e-05	878.00000000	3.11533479e+15	3.24210361e+15	2.88536196e-03
351600	3094.90675495	879	6.48230088e-05	879.00000000	3.11555546e+15	3.24232475e+15	2.88554673e-03
352000	3098.41044551	880	6.48967552e-05	880.00000000	3.11577553e+15	3.24254531e+15	2.88573100e-03
352400	3101.90777805	881	6.49705015e-05	881.00000000	3.11599503e+15	3.24276529e+15	2.88591479e-03
352800	3105.42818565	882	6.50442478e-05	882.00000000	3.11621394e+15	3.24298468e+15	2.88609811e-03
353200	3108.94427215	883	6.51179941e-05	883.00000000	3.11643228e+15	3.24320348e+15	2.88628093e-03
353600	3112.45735213	884	6.51917404e-05	884.00000000	3.11665004e+15	3.24342172e+15	2.88646328e-03
354000	3115.96879220	885	6.52654867e-05	885.00000000	3.11686723e+15	3.24363938e+15	2.88664514e-03
354400	3119.48739692	886	6.53392330e-05	886.00000000	3.11708385e+15	3.24385647e+15	2.88682653e-03
354800	3123.00602115	887	6.54129794e-05	887.00000000	3.11729990e+15	3.24407300e+15	2.88700743e-03
355200	3126.53487635	888	6.54867257e-05	888.00000000	3.11751538e+15	3.24428894e+15	2.88718787e-03
355600	3130.05814650	889	6.55604720e-05	889.00000000	3.11773030e+15	3.24450433e+15	2.88736783e-03
356000	3133.57813823	890	6.56342183e-05	890.00000000	3.11794465e+15	3.24471914e+15	2.88754734e-03
356400	3137.09581917	891	6.57079646e-05	891.00000000	3.11815843e+15	3.24493339e+15	2.88772637e-03
356800	3140.61810400	892	6.57817109e-05	892.00000000	3.11837166e+15	3.24514708e+15	2.88790494e-03
357200	3144.14251451	893	6.58554572e-05	893.00000000	3.11858432e+15	3.24536021e+15	2.88808304e-03
357600	3147.66568600	894	6.59292035e-05	894.00000000	3.11879642e+15	3.24557277e+15	2.88826068e-03
358000	3151.18897665	895	6.60029499e-05	895.00000000	3.11900796e+15	3.24578477e+15	2.88843784e-03
358400	3154.71051135	896	6.60766962e-05	896.00000000	3.11921894e+15	3.24599622e+15	2.88861455e-03
358800	3158.23639474	897	6.61504425e-05	897.00000000	3.11942938e+15	3.24620711e+15	2.88879080e-03
359200	3161.75870934	898	6.62241888e-05	898.00000000	3.11963925e+15	3.24641744e+15	2.88896658e-03
359600	3165.27963388	899	6.62979351e-05	899.00000000	3.11984857e+15	3.24662722e+15	2.88914191e-03
360000	3168.80108844	900	6.63716814e-05	900.00000000	3.12005734e+15	3.24683644e+15	2.88931677e-03
360400	3172.31845706	901	6.64454277e-05	901.00000000	3.12026555e+15	3.24704511e+15	2.88949118e-03
360800	3175.85336707	902	6.65191740e-05	902.00000000	3.12047322e+15	3.24725323e+15	2.88966513e-03
361200	3179.37653332	903	6.65929204e-05	903.00000000	3.12068033e+15	3.24746079e+15	2.88983863e-03
361600	3182.88755620	904	6.66666667e-05	904.00000000	3.12088689e+15	3.24766780e+15	2.89001166e-03
362000	3186.41639552	905	6.67404130e-05	905.00000000	3.12109290e+15	3.24787426e+15	2.89018427e-03
362400	3189.92900462	906	6.68141593e-05	906.00000000	3.12129837e+15	3.24808018e+15	2.89035640e-03
362800	3193.44599284	907	6.68879056e-05	907.00000000	3.12150329e+15	3.24828555e+15	2.89052807e-03
363200	3196.96030261	908	6.69616519e-05	908.00000000	3.12170767e+15	3.24849038e+15	2.89069930e-03
363600	3200.48826895	909	6.70353982e-05	909.00000000	3.12191151e+15	3.24869466e+15	2.89087007e-03
364000	3204.00913269	910	6.71091445e-05	910.00000000	3.12211481e+15	3.24889841e+15	2.89104039e-03
364400	3207.52571650	911	6.71828909e-05	911.00000000	3.12231757e+15	3.24910161e+15	2.89121025e-03
364800	3211.04929476	912	6.72566372e-05	912.00000000	3.12251980e+15	3.24930428e+15	2.89137967e-03
365200	3214.57361652	913	6.73303835e-05	913.00000000	3.12272150e+15	3.24950642e+15	2.89154864e-03
365600	3218.09949961	914	6.74041298e-05	914.00000000	3.12292266e+15	3.24970803e+15	2.89171716e-03
366000	3221.62179241	915	6.74778761e-05	915.00000000	3.12312330e+15	3.24990911e+15	2.89188525e-03
366400	3225.15108721	916	6.75516224e-05	916.00000000	3.12332341e+15	3.25010965e+15	2.89205289e-03
366800	3228.67409664	917	6.76253687e-05	917.00000000	3.12352299e+15	3.25030967e+15	2.89222010e-03
367200	3232.20435543	918	6.76991150e-05	918.00000000	3.12372204e+15	3.25050916e+15	2.89238686e-03
367600	3235.72318219	919	6.77728614e-05	919.00000000	3.12392057e+15	3.25070812e+15	2.89255318e-03
368000	3239.24943381	920	6.78466077e-05	920.00000000	3.12411857e+15	3.25090656e+15	2.89271907e-03
368400	3242.78851529	921	6.79203540e-05	921.00000000	3.12431605e+15	3.25110447e+15	2.89288452e-03
368800	3246.31221434	922	6.79941003e-05	922.00000000	3.12451300e+15	3.25130186e+15	2.89304954e-03
369200	3249.84333404	923	6.80678466e-05	923.00000000	3.12470944e+15	3.25149873e+15	2.89321412e-03
369600	3253.36432429	924	6.81415929e-05	924.00000000	3.12490535e+15	3.25169507e+15	2.89337827e-03
370000	3256.89985402	925	6.82153392e-05	925.00000000	3.12510074e+15	3.25189089e+15	2.89354199e-03
370400	3260.43155978	926	6.82890855e-05	926.00000000	3.12529560e+15	3.25208618e+15	2.89370527e-03
370800	3263.95237296	927	6.83628319e-05	927.00000000	3.12548995e+15	3.25228096e+15	2.89386812e-03
371200	3267.46060389	928	6.84365782e-05	928.00000000	3.12568377e+15	3.25247521e+15	2.89403050e-03
371600	3270.97421020	929	6.85103245e-05	929.00000000	3.12587707e+15	3.25266893e+15	2.89419248e-03
372000	3274.49167945	930	6.85840708e-05	930.00000000	3.12606984e+15	3.25286213e+15	2.89435403e-03
372400	3278.01649639	931	6.86578171e-05	931.00000000	3.12626210e+15	3.25305481e+15	2.89451512e-03
372800	3281.53628551	932	6.87315634e-05	932.00000000	3.12645383e+15	3.25324696e+15	2.89467579e-03
373200	3285.04984889	933	6.88053097e-05	933.00000000	3.12664505e+15	3.25343860e+15	2.89483602e-03
373600	3288.55586179	934	6.88790560e-05	934.00000000	3.12683575e+15	3.25362972e+15	2.89499583e-03
374000	3292.06326851	935	6.89528024e-05	935.00000000	3.12702594e+15	3.25382033e+15	2.89515520e-03
374400	3295.58116448	936	6.90265487e-05	936.00000000	3.12721560e+15	3.25401042e+15	2.89531415e-03
374800	3299.10136646	937	6.91002950e-05	937.00000000	3.12740475e+15	3.25419998e+15	2.89547267e-03
375200	3302.62211610	938	6.91740413e-05	938.00000000	3.12759338e+15	3.25438903e+15	2.89563075e-03
375600	3306.13678724	939	6.92477876e-05	939.00000000	3.12778149e+15	3.25457755e+15	2.89578841e-03
376000	3309.64679595	940	6.93215339e-05	940.00000000	3.12796908e+15	3.25476556e+15	2.89594563e-03
376400	3313.16266176	941	6.93952802e-05	941.00000000	3.12815616e+15	3.25495305e+15	2.89610242e-03
376800	3316.70105588	942	6.94690265e-05	942.00000000	3.12834273e+15	3.25514003e+15	2.89625878e-03
377200	3320.22250216	943	6.95427729e-05	943.00000000	3.12852879e+15	3.25532650e+15	2.89641470e-03
377600	3323.73874652	944	6.96165192e-05	944.00000000	3.12871434e+15	3.25551247e+15	2.89657021e-03
378000	3327.26456283	945	6.96902655e-05	945.00000000	3.12889940e+15	3.25569794e+15	2.89672529e-03
378400	3330.77892106	946	6.97640118e-05	946.00000000	3.12908396e+15	3.25588290e+15	2.89687997e-03
378800	3334.30232815	947	6.98377581e-05	947.00000000	3.12926801e+15	3.25606737e+15	2.89703423e-03
379200	3337.80886188	948	6.99115044e-05	948.00000000	3.12945158e+15	3.25625134e+15	2.89718808e-03
379600	3341.31662163	949	6.99852507e-05	949.00000000	3.12963465e+15	3.25643481e+15	2.89734150e-03
380000	3344.82864458	950	7.00589971e-05	950.00000000	3.12981723e+15	3.25661780e+15	2.89749452e-03
380400	3348.34103005	951	7.01327434e-05	951.00000000	3.12999931e+15	3.25680029e+15	2.89764713e-03
380800	3351.84911663	952	7.02064897e-05	952.00000000	3.13018091e+15	3.25698229e+15	2.89779933e-03
381200	3355.35643026	953	7.02802360e-05	953.00000000	3.13036202e+15	3.25716379e+15	2.89795112e-03
381600	3358.87823974	954	7.03539823e-05	954.00000000	3.13054263e+15	3.25734481e+15	2.89810251e-03
382000	3362.39436714	955	7.04277286e-05	955.00000000	3.13072275e+15	3.25752533e+15	2.89825349e-03
382400	3365.91135253	956	7.05014749e-05	956.00000000	3.13090237e+15	3.25770535e+15	2.89840405e-03
382800	3369.43008806	957	7.05752212e-05	957.00000000	3.13108150e+15	3.25788488e+15	2.89855420e-03
383200	3372.93741675	958	7.06489676e-05	958.00000000	3.13126014e+15	3.25806391e+15	2.89870394e-03
383600	3376.44339180	959	7.07227139e-05	959.00000000	3.13143829e+15	3.25824246e+15	2.89885327e-03
384000	3379.95710321	960	7.07964602e-05	960.00000000	3.13161594e+15	3.25842051e+15	2.89900220e-03
384400	3383.47873742	961	7.08702065e-05	961.00000000	3.13179311e+15	3.25859807e+15	2.89915072e-03
384800	3386.99581239	962	7.09439528e-05	962.00000000	3.13196979e+15	3.25877515e+15	2.89929882e-03
385200	3390.50881297	963	7.10176991e-05	963.00000000	3.13214598e+15	3.25895173e+15	2.89944652e-03
385600	3394.02067999	964	7.10914454e-05	964.00000000	3.13232168e+15	3.25912782e+15	2.89959381e-03
386000	3397.53296717	965	7.11651917e-05	965.00000000	3.13249689e+15	3.25930342e+15	2.89974069e-03
386400	3401.05328721	966	7.12389381e-05	966.00000000	3.13267162e+15	3.25947854e+15	2.89988716e-03
386800	3404.56393309	967	7.13126844e-05	967.00000000	3.13284586e+15	3.25965317e+15	2.90003324e-03
387200	3408.08963308	968	7.13864307e-05	968.00000000	3.13301963e+15	3.25982732e+15	2.90017891e-03
387600	3411.61396917	969	7.14601770e-05	969.00000000	3.13319290e+15	3.26000099e+15	2.90032417e-03
388000	3415.13734631	970	7.15339233e-05	970.00000000	3.13336571e+15	3.26017417e+15	2.90046904e-03
388400	3418.66091828	971	7.16076696e-05	971.00000000	3.13353803e+15	3.26034689e+15	2.90061351e-03
388800	3422.18493245	972	7.16814159e-05	972.00000000	3.13370988e+15	3.26051912e+15	2.90075758e-03
389200	3425.71220767	973	7.17551622e-05	973.00000000	3.13388125e+15	3.26069088e+15	2.90090125e-03
389600	3429.23879534	974	7.18289086e-05	974.00000000	3.13405215e+15	3.26086216e+15	2.90104453e-03
390000	3432.75901303	975	7.19026549e-05	975.00000000	3.13422257e+15	3.26103296e+15	2.90118741e-03
390400	3436.27736839	976	7.19764012e-05	976.00000000	3.13439252e+15	3.26120328e+15	2.90132990e-03
390800	3439.80145012	977	7.20501475e-05	977.00000000	3.13456198e+15	3.26137313e+15	2.90147199e-03
391200	3443.31835812	978	7.21238938e-05	978.00000000	3.13473097e+15	3.26154250e+15	2.90161368e-03
391600	3446.84315857	979	7.21976401e-05	979.00000000	3.13489949e+15	3.26171140e+15	2.90175494e-03
392000	3450.36653906	980	7.22713864e-05	980.00000000	3.13506753e+15	3.26187981e+15	2.90189584e-03
392400	3453.89265120	981	7.23451327e-05	981.00000000	3.13523511e+15	3.26204776e+15	2.90203634e-03
392800	3457.41950535	982	7.24188791e-05	982.00000000	3.13540220e+15	3.26221524e+15	2.90217645e-03
393200	3460.95067017	983	7.24926254e-05	983.00000000	3.13556883e+15	3.26238224e+15	2.90231617e-03
393600	3464.48373542	984	7.25663717e-05	984.00000000	3.13573499e+15	3.26254877e+15	2.90245549e-03
394000	3468.00913894	985	7.26401180e-05	985.00000000	3.13590069e+15	3.26271484e+15	2.90259442e-03
394400	3471.53165341	986	7.27138643e-05	986.00000000	3.13606592e+15	3.26288044e+15	2.90273297e-03
394800	3475.05401480	987	7.27876106e-05	987.00000000	3.13623070e+15	3.26304559e+15	2.90287114e-03
395200	3478.57173371	988	7.28613569e-05	988.00000000	3.13639503e+15	3.26321029e+15	2.90300891e-03
395600	3482.08504508	989	7.29351032e-05	989.00000000	3.13655891e+15	3.26337453e+15	2.90314631e-03
396000	3485.60433905	990	7.30088496e-05	990.00000000	3.13672234e+15	3.26353833e+15	2.90328334e-03
396400	3489.12946466	991	7.30825959e-05	991.00000000	3.13688531e+15	3.26370167e+15	2.90342000e-03
396800	3492.63637182	992	7.31563422e-05	992.00000000	3.13704784e+15	3.26386456e+15	2.90355628e-03
397200	3496.15516252	993	7.32300885e-05	993.00000000	3.13720991e+15	3.26402699e+15	2.90369219e-03
397600	3499.66543687	994	7.33038348e-05	994.00000000	3.13737153e+15	3.26418898e+15	2.90382772e-03
398000	3503.19302729	995	7.33775811e-05	995.00000000	3.13753269e+15	3.26435050e+15	2.90396288e-03
398400	3506.71846619	996	7.34513274e-05	996.00000000	3.13769341e+15	3.26451158e+15	2.90409766e-03
398800	3510.23328942	997	7.35250737e-05	997.00000000	3.13785366e+15	3.26467219e+15	2.90423206e-03
399200	3513.76160061	998	7.35988201e-05	998.00000000	3.13801346e+15	3.26483236e+15	2.90436607e-03
399600	3517.29016516	999	7.36725664e-05	999.00000000	3.13817282e+15	3.26499207e+15	2.90449972e-03
400000	3520.81650081	1000	7.37463127e-05	1000.00000000	3.13833172e+15	3.26515133e+15	2.90463298e-03
400400	3524.35792004	1001	7.38200590e-05	1001.00000000	3.13849016e+15	3.26531013e+15	2.90476588e-03
400800	3527.88758302	1002	7.38938053e-05	1002.00000000	3.13864816e+15	3.26546849e+15	2.90489839e-03
401200	3531.41543644	1003	7.39675516e-05	1003.00000000	3.13880572e+15	3.26562639e+15	2.90503053e-03
401600	3534.94285660	1004	7.40412979e-05	1004.00000000	3.13896282e+15	3.26578385e+15	2.90516230e-03
402000	3538.47084319	1005	7.41150442e-05	1005.00000000	3.13911948e+15	3.26594086e+15	2.90529369e-03
402400	3541.99311290	1006	7.41887906e-05	1006.00000000	3.13927569e+15	3.26609742e+15	2.90542472e-03
402800	3545.52251689	1007	7.42625369e-05	1007.00000000	3.13943145e+15	3.26625354e+15	2.90555537e-03
403200	3549.03631089	1008	7.43362832e-05	1008.00000000	3.13958676e+15	3.26640920e+15	2.90568565e-03
403600	3552.55254198	1009	7.44100295e-05	1009.00000000	3.13974163e+15	3.26656442e+15	2.90581557e-03
404000	3556.07120220	1010	7.44837758e-05	1010.00000000	3.13989606e+15	3.26671920e+15	2.90594511e-03
404400	3559.57907451	1011	7.45575221e-05	1011.00000000	3.14005004e+15	3.26687353e+15	2.90607428e-03
404800	3563.09436242	1012	7.46312684e-05	1012.00000000	3.14020358e+15	3.26702742e+15	2.90620308e-03
405200	3566.61428283	1013	7.47050147e-05	1013.00000000	3.14035668e+15	3.26718086e+15	2.90633151e-03
405600	3570.13640453	1014	7.47787611e-05	1014.00000000	3.14050934e+15	3.26733387e+15	2.90645958e-03
406000	3573.65380151	1015	7.48525074e-05	1015.00000000	3.14066157e+15	3.26748644e+15	2.90658728e-03
406400	3577.18577567	1016	7.49262537e-05	1016.00000000	3.14081335e+15	3.26763857e+15	2.90671461e-03
406800	3580.70812666	1017	7.50000000e-05	1017.00000000	3.14096470e+15	3.26779026e+15	2.90684159e-03
407200	3584.23535231	1018	7.50737463e-05	1018.00000000	3.14111562e+15	3.26794151e+15	2.90696820e-03
407600	3587.76017249	1019	7.51474926e-05	1019.00000000	3.14126610e+15	3.26809234e+15	2.90709445e-03
408000	3591.28731790	1020	7.52212389e-05	1020.00000000	3.14141615e+15	3.26824273e+15	2.90722034e-03
408400	3594.80304885	1021	7.52949853e-05	1021.00000000	3.14156578e+15	3.26839269e+15	2.90734588e-03
408800	3598.33272135	1022	7.53687316e-05	1022.00000000	3.14171497e+15	3.26854222e+15	2.90747105e-03
409200	3601.85557434	1023	7.54424779e-05	1023.00000000	3.14186374e+15	3.26869132e+15	2.90759587e-03
409600	3605.38341095	1024	7.55162242e-05	1024.00000000	3.14201207e+15	3.26883999e+15	2.90772033e-03
410000	3608.90516683	1025	7.55899705e-05	1025.00000000	3.14215999e+15	3.26898824e+15	2.90784444e-03
410400	3612.42705591	1026	7.56637168e-05	1026.00000000	3.14230748e+15	3.26913606e+15	2.90796819e-03
410800	3615.93931683	1027	7.57374631e-05	1027.00000000	3.14245454e+15	3.26928346e+15	2.90809158e-03
411200	3619.46795154	1028	7.58112094e-05	1028.00000000	3.14260119e+15	3.26943044e+15	2.90821463e-03
411600	3622.99232435	1029	7.58849558e-05	1029.00000000	3.14274741e+15	3.26957699e+15	2.90833733e-03
412000	3626.50387637	1030	7.59587021e-05	1030.00000000	3.14289321e+15	3.26972312e+15	2.90845967e-03
412400	3630.01583657	1031	7.60324484e-05	1031.00000000	3.14303859e+15	3.26986883e+15	2.90858167e-03
412800	3633.52203138	1032	7.61061947e-05	1032.00000000	3.14318356e+15	3.27001413e+15	2.90870331e-03
413200	3637.05261246	1033	7.61799410e-05	1033.00000000	3.14332811e+15	3.27015901e+15	2.90882460e-03
413600	3640.57794849	1034	7.62536873e-05	1034.00000000	3.14347225e+15	3.27030347e+15	2.90894555e-03
414000	3644.10081763	1035	7.63274336e-05	1035.00000000	3.14361598e+15	3.27044752e+15	2.90906616e-03
414400	3647.61205753	1036	7.64011799e-05	1036.00000000	3.14375929e+15	3.27059116e+15	2.90918642e-03
414800	3651.12324423	1037	7.64749263e-05	1037.00000000	3.14390219e+15	3.27073438e+15	2.90930634e-03
415200	3654.62474409	1038	7.65486726e-05	1038.00000000	3.14404468e+15	3.27087719e+15	2.90942591e-03
415600	3658.16060001	1039	7.66224189e-05	1039.00000000	3.14418676e+15	3.27101959e+15	2.90954514e-03
416000	3661.67717047	1040	7.66961652e-05	1040.00000000	3.14432843e+15	3.27116158e+15	2.90966403e-03
416400	3665.19674178	1041	7.67699115e-05	1041.00000000	3.14446970e+15	3.27130317e+15	2.90978258e-03
416800	3668.69640917	1042	7.68436578e-05	1042.00000000	3.14461056e+15	3.27144435e+15	2.90990078e-03
417200	3672.22296289	1043	7.69174041e-05	1043.00000000	3.14475101e+15	3.27158512e+15	2.91001865e-03
417600	3675.74602512	1044	7.69911504e-05	1044.00000000	3.14489107e+15	3.27172549e+15	2.91013618e-03
418000	3679.26891848	1045	7.70648968e-05	1045.00000000	3.14503072e+15	3.27186546e+15	2.91025338e-03
418400	3682.79369417	1046	7.71386431e-05	1046.00000000	3.14516998e+15	3.27200503e+15	2.91037024e-03
418800	3686.32710619	1047	7.72123894e-05	1047.00000000	3.14530883e+15	3.27214420e+15	2.91048676e-03
419200	3689.84733299	1048	7.72861357e-05	1048.00000000	3.14544729e+15	3.27228297e+15	2.91060295e-03
419600	3693.37914124	1049	7.73598820e-05	1049.00000000	3.14558534e+15	3.27242134e+15	2.91071881e-03
420000	3696.91205820	1050	7.74336283e-05	1050.00000000	3.14572300e+15	3.27255930e+15	2.91083433e-03
420400	3700.43972138	1051	7.75073746e-05	1051.00000000	3.14586026e+15	3.27269687e+15	2.91094952e-03
420800	3703.95134587	1052	7.75811209e-05	1052.00000000	3.14599712e+15	3.27283405e+15	2.91106438e-03
421200	3707.46575685	1053	7.76548673e-05	1053.00000000	3.14613359e+15	3.27297083e+15	2.91117890e-03
421600	3710.99322901	1054	7.77286136e-05	1054.00000000	3.14626967e+15	3.27310721e+15	2.91129310e-03
422000	3714.52359980	1055	7.78023599e-05	1055.00000000	3.14640536e+15	3.27324320e+15	2.91140697e-03
422400	3718.03577070	1056	7.78761062e-05	1056.00000000	3.14654064e+15	3.27337880e+15	2.91152051e-03
422800	3721.56001216	1057	7.79498525e-05	1057.00000000	3.14667554e+15	3.27351399e+15	2.91163373e-03
423200	3725.09546017	1058	7.80235988e-05	1058.00000000	3.14681003e+15	3.27364879e+15	2.91174661e-03
423600	3728.62644067	1059	7.80973451e-05	1059.00000000	3.14694413e+15	3.27378319e+15	2.91185915e-03
424000	3732.15302280	1060	7.81710914e-05	1060.00000000	3.14707783e+15	3.27391720e+15	2.91197137e-03
424400	3735.67860903	1061	7.82448378e-05	1061.00000000	3.14721113e+15	3.27405081e+15	2.91208326e-03
424800	3739.20057385	1062	7.83185841e-05	1062.00000000	3.14734405e+15	3.27418402e+15	2.91219481e-03
425200	3742.73118721	1063	7.83923304e-05	1063.00000000	3.14747656e+15	3.27431684e+15	2.91230604e-03
425600	3746.26018278	1064	7.84660767e-05	1064.00000000	3.14760869e+15	3.27444926e+15	2.91241694e-03
426000	3749.77531533	1065	7.85398230e-05	1065.00000000	3.14774042e+15	3.27458130e+15	2.91252751e-03
426400	3753.28188791	1066	7.86135693e-05	1066.00000000	3.14787176e+15	3.27471293e+15	2.91263775e-03
426800	3756.80626955	1067	7.86873156e-05	1067.00000000	3.14800271e+15	3.27484417e+15	2.91274766e-03
427200	3760.33900463	1068	7.87610619e-05	1068.00000000	3.14813326e+15	3.27497502e+15	2.91285725e-03
427600	3763.86623448	1069	7.88348083e-05	1069.00000000	3.14826343e+15	3.27510548e+15	2.91296650e-03
428000	3767.39644653	1070	7.89085546e-05	1070.00000000	3.14839320e+15	3.27523555e+15	2.91307542e-03
428400	3770.92188065	1071	7.89823009e-05	1071.00000000	3.14852258e+15	3.27536522e+15	2.91318402e-03
428800	3774.44715153	1072	7.90560472e-05	1072.00000000	3.14865158e+15	3.27549451e+15	2.91329231e-03
429200	3777.97621474	1073	7.91297935e-05	1073.00000000	3.14878018e+15	3.27562341e+15	2.91340026e-03
429600	3781.51326686	1074	7.92035398e-05	1074.00000000	3.14890839e+15	3.27575191e+15	2.91350788e-03
430000	3785.04638294	1075	7.92772861e-05	1075.00000000	3.14903622e+15	3.27588002e+15	2.91361519e-03
430400	3788.56354538	1076	7.93510324e-05	1076.00000000	3.14916365e+15	3.27600775e+15	2.91372217e-03
430800	3792.07888333	1077	7.94247788e-05	1077.00000000	3.14929070e+15	3.27613509e+15	2.91382883e-03
431200	3795.60829867	1078	7.94985251e-05	1078.00000000	3.14941737e+15	3.27626204e+15	2.91393516e-03
431600	3799.13459251	1079	7.95722714e-05	1079.00000000	3.14954365e+15	3.27638861e+15	2.91404118e-03
432000	3802.65220816	1080	7.96460177e-05	1080.00000000	3.14966955e+15	3.27651479e+15	2.91414687e-03
432400	3806.17693495	1081	7.97197640e-05	1081.00000000	3.14979507e+15	3.27664059e+15	2.91425223e-03
432800	3809.68530854	1082	7.97935103e-05	1082.00000000	3.14992020e+15	3.27676601e+15	2.91435728e-03
433200	3813.19601728	1083	7.98672566e-05	1083.00000000	3.15004495e+15	3.27689104e+15	2.91446201e-03
433600	3816.70435937	1084	7.99410029e-05	1084.00000000	3.15016932e+15	3.27701569e+15	2.91456642e-03
434000	3820.23004790	1085	8.00147493e-05	1085.00000000	3.15029331e+15	3.27713997e+15	2.91467051e-03
434400	3823.75575691	1086	8.00884956e-05	1086.00000000	3.15041692e+15	3.27726386e+15	2.91477429e-03
434800	3827.27925551	1087	8.01622419e-05	1087.00000000	3.15054015e+15	3.27738737e+15	2.91487775e-03
435200	3830.79587709	1088	8.02359882e-05	1088.00000000	3.15066300e+15	3.27751050e+15	2.91498089e-03
435600	3834.30861806	1089	8.03097345e-05	1089.00000000	3.15078547e+15	3.27763324e+15	2.91508372e-03
436000	3837.82898926	1090	8.03834808e-05	1090.00000000	3.15090756e+15	3.27775561e+15	2.91518623e-03
436400	3841.35269829	1091	8.04572271e-05	1091.00000000	3.15102927e+15	3.27787759e+15	2.91528842e-03
436800	3844.87086975	1092	8.05309735e-05	1092.00000000	3.15115060e+15	3.27799919e+15	2.91539029e-03
437200	3848.39414004	1093	8.06047198e-05	1093.00000000	3.15127154e+15	3.27812042e+15	2.91549184e-03
437600	3851.91878633	1094	8.06784661e-05	1094.00000000	3.15139211e+15	3.27824125e+15	2.91559308e-03
438000	3855.44069986	1095	8.07522124e-05	1095.00000000	3.15151229e+15	3.27836171e+15	2.91569400e-03
438400	3858.95508117	1096	8.08259587e-05	1096.00000000	3.15163210e+15	3.27848179e+15	2.91579459e-03
438800	3862.48182564	1097	8.08997050e-05	1097.00000000	3.15175154e+15	3.27860150e+15	2.91589487e-03
439200	3865.99598998	1098	8.09734513e-05	1098.00000000	3.15187060e+15	3.27872083e+15	2.91599484e-03
439600	3869.51488299	1099	8.10471976e-05	1099.00000000	3.15198928e+15	3.27883979e+15	2.91609450e-03
440000	3873.02748885	1100	8.11209440e-05	1100.00000000	3.15210760e+15	3.27895837e+15	2.91619384e-03
440400	3876.53914403	1101	8.11946903e-05	1101.00000000	3.15222554e+15	3.27907659e+15	2.91629287e-03
440800	3880.05454520	1102	8.12684366e-05	1102.00000000	3.15234311e+15	3.27919442e+15	2.91639159e-03
441200	3883.57034803	1103	8.13421829e-05	1103.00000000	3.15246032e+15	3.27931190e+15	2.91649000e-03
441600	3887.08378606	1104	8.14159292e-05	1104.00000000	3.15257715e+15	3.27942900e+15	2.91658810e-03
442000	3890.60096612	1105	8.14896755e-05	1105.00000000	3.15269363e+15	3.27954574e+15	2.91668590e-03
442400	3894.12034221	1106	8.15634218e-05	1106.00000000	3.15280974e+15	3.27966212e+15	2.91678339e-03
442800	3897.64504067	1107	8.16371681e-05	1107.00000000	3.15292549e+15	3.27977813e+15	2.91688057e-03
443200	3901.16618035	1108	8.17109145e-05	1108.00000000	3.15304088e+15	3.27989379e+15	2.91697746e-03
443600	3904.68575258	1109	8.17846608e-05	1109.00000000	3.15315591e+15	3.28000908e+15	2.91707403e-03
444000	3908.18942038	1110	8.18584071e-05	1110.00000000	3.15327059e+15	3.28012402e+15	2.91717031e-03
444400	3911.70738107	1111	8.19321534e-05	1111.00000000	3.15338491e+15	3.28023860e+15	2.91726630e-03
444800	3915.23696738	1112	8.20058997e-05	1112.00000000	3.15349888e+15	3.28035283e+15	2.91736198e-03
445200	3918.76342502	1113	8.20796460e-05	1113.00000000	3.15361249e+15	3.28046671e+15	2.91745737e-03
445600	3922.27964517	1114	8.21533923e-05	1114.00000000	3.15372576e+15	3.28058023e+15	2.91755247e-03
446000	3925.78299316	1115	8.22271386e-05	1115.00000000	3.15383867e+15	3.28069340e+15	2.91764727e-03
446400	3929.30956333	1116	8.23008850e-05	1116.00000000	3.15395124e+15	3.28080623e+15	2.91774178e-03
446800	3932.82268855	1117	8.23746313e-05	1117.00000000	3.15406346e+15	3.28091870e+15	2.91783600e-03
447200	3936.33047771	1118	8.24483776e-05	1118.00000000	3.15417532e+15	3.28103082e+15	2.91792993e-03
447600	3939.85276577	1119	8.25221239e-05	1119.00000000	3.15428684e+15	3.28114260e+15	2.91802356e-03
448000	3943.38900465	1120	8.25958702e-05	1120.00000000	3.15439802e+15	3.28125403e+15	2.91811691e-03
448400	3946.89666317	1121	8.26696165e-05	1121.00000000	3.15450885e+15	3.28136511e+15	2.91820997e-03
448800	3950.42411281	1122	8.27433628e-05	1122.00000000	3.15461933e+15	3.28147585e+15	2.91830274e-03
449200	3953.93987347	1123	8.28171091e-05	1123.00000000	3.15472947e+15	3.28158624e+15	2.91839521e-03
449600	3957.46562551	1124	8.28908555e-05	1124.00000000	3.15483926e+15	3.28169629e+15	2.91848741e-03
450000	3960.98799320	1125	8.29646018e-05	1125.00000000	3.15494872e+15	3.28180599e+15	2.91857931e-03
450400	3964.50459799	1126	8.30383481e-05	1126.00000000	3.15505782e+15	3.28191535e+15	2.91867093e-03
450800	3968.03232804	1127	8.31120944e-05	1127.00000000	3.15516659e+15	3.28202436e+15	2.91876226e-03
451200	3971.55631494	1128	8.31858407e-05	1128.00000000	3.15527502e+15	3.28213304e+15	2.91885330e-03
451600	3975.08384235	1129	8.32595870e-05	1129.00000000	3.15538310e+15	3.28224137e+15	2.91894406e-03
452000	3978.60787762	1130	8.33333333e-05	1130.00000000	3.15549084e+15	3.28234936e+15	2.91903454e-03
452400	3982.12842330	1131	8.34070796e-05	1131.00000000	3.15559824e+15	3.28245701e+15	2.91912472e-03
452800	3985.63999156	1132	8.34808260e-05	1132.00000000	3.15570530e+15	3.28256432e+15	2.91921463e-03
453200	3989.16104296	1133	8.35545723e-05	1133.00000000	3.15581203e+15	3.28267128e+15	2.91930424e-03
453600	3992.67899483	1134	8.36283186e-05	1134.00000000	3.15591841e+15	3.28277791e+15	2.91939358e-03
454000	3996.19967272	1135	8.37020649e-05	1135.00000000	3.15602445e+15	3.28288420e+15	2.91948264e-03
454400	3999.72310755	1136	8.37758112e-05	1136.00000000	3.15613016e+15	3.28299015e+15	2.91957141e-03
454800	4003.24905115	1137	8.38495575e-05	1137.00000000	3.15623554e+15	3.28309577e+15	2.91965989e-03
455200	4006.77231370	1138	8.39233038e-05	1138.00000000	3.15634058e+15	3.28320105e+15	2.91974810e-03
455600	4010.29479315	1139	8.39970501e-05	1139.00000000	3.15644528e+15	3.28330600e+15	2.91983603e-03
456000	4013.82028724	1140	8.40707965e-05	1140.00000000	3.15654966e+15	3.28341062e+15	2.91992367e-03
456400	4017.33058583	1141	8.41445428e-05	1141.00000000	3.15665369e+15	3.28351489e+15	2.92001104e-03
456800	4020.85485240	1142	8.42182891e-05	1142.00000000	3.15675740e+15	3.28361884e+15	2.92009814e-03
457200	4024.37754567	1143	8.42920354e-05	1143.00000000	3.15686077e+15	3.28372245e+15	2.92018495e-03
457600	4027.90778149	1144	8.43657817e-05	1144.00000000	3.15696381e+15	3.28382573e+15	2.92027146e-03
458000	4031.44197456	1145	8.44395280e-05	1145.00000000	3.15706651e+15	3.28392867e+15	2.92035771e-03
458400	4034.95148694	1146	8.45132743e-05	1146.00000000	3.15716888e+15	3.28403127e+15	2.92044368e-03
458800	4038.46202484	1147	8.45870206e-05	1147.00000000	3.15727092e+15	3.28413355e+15	2.92052938e-03
459200	4041.98275341	1148	8.46607670e-05	1148.00000000	3.15737263e+15	3.28423549e+15	2.92061480e-03
459600	4045.50417321	1149	8.47345133e-05	1149.00000000	3.15747400e+15	3.28433710e+15	2.92069993e-03
460000	4049.02221192	1150	8.48082596e-05	1150.00000000	3.15757505e+15	3.28443838e+15	2.92078479e-03
460400	4052.54505639	1151	8.48820059e-05	1151.00000000	3.15767577e+15	3.28453934e+15	2.92086938e-03
460800	4056.06878811	1152	8.49557522e-05	1152.00000000	3.15777617e+15	3.28463997e+15	2.92095370e-03
461200	4059.59107276	1153	8.50294985e-05	1153.00000000	3.15787625e+15	3.28474027e+15	2.92103775e-03
461600	4063.10772140	1154	8.51032448e-05	1154.00000000	3.15797600e+15	3.28484026e+15	2.92112152e-03
462000	4066.63010867	1155	8.51769912e-05	1155.00000000	3.15807543e+15	3.28493992e+15	2.92120503e-03
462400	4070.16296069	1156	8.52507375e-05	1156.00000000	3.15817455e+15	3.28503926e+15	2.92128826e-03
462800	4073.69121770	1157	8.53244838e-05	1157.00000000	3.15827334e+15	3.28513829e+15	2.92137123e-03
463200	4077.21122038	1158	8.53982301e-05	1158.00000000	3.15837182e+15	3.28523699e+15	2.92145393e-03
463600	4080.73023357	1159	8.54719764e-05	1159.00000000	3.15846998e+15	3.28533538e+15	2.92153637e-03
464000	4084.24357799	1160	8.55457227e-05	1160.00000000	3.15856783e+15	3.28543346e+15	2.92161855e-03
464400	4087.75821289	1161	8.56194690e-05	1161.00000000	3.15866537e+15	3.28553122e+15	2.92170046e-03
464800	4091.27744734	1162	8.56932153e-05	1162.00000000	3.15876259e+15	3.28562867e+15	2.92178210e-03
465200	4094.79157463	1163	8.57669617e-05	1163.00000000	3.15885950e+15	3.28572581e+15	2.92186349e-03
465600	4098.30799861	1164	8.58407080e-05	1164.00000000	3.15895611e+15	3.28582263e+15	2.92194462e-03
466000	4101.81652604	1165	8.59144543e-05	1165.00000000	3.15905240e+15	3.28591916e+15	2.92202549e-03
466400	4105.33848897	1166	8.59882006e-05	1166.00000000	3.15914839e+15	3.28601537e+15	2.92210610e-03
466800	4108.85702461	1167	8.60619469e-05	1167.00000000	3.15924407e+15	3.28611127e+15	2.92218646e-03
467200	4112.38305945	1168	8.61356932e-05	1168.00000000	3.15933945e+15	3.28620687e+15	2.92226656e-03
467600	4115.88958317	1169	8.62094395e-05	1169.00000000	3.15943453e+15	3.28630217e+15	2.92234640e-03
468000	4119.41217770	1170	8.62831858e-05	1170.00000000	3.15952930e+15	3.28639716e+15	2.92242599e-03
468400	4122.92749905	1171	8.63569322e-05	1171.00000000	3.15962377e+15	3.28649185e+15	2.92250533e-03
468800	4126.43133814	1172	8.64306785e-05	1172.00000000	3.15971794e+15	3.28658624e+15	2.92258441e-03
469200	4129.95206171	1173	8.65044248e-05	1173.00000000	3.15981182e+15	3.28668034e+15	2.92266321e-03
469600	4133.46693522	1174	8.65781711e-05	1174.00000000	3.15990539e+15	3.28677413e+15	2.92274179e-03
470000	4136.98963546	1175	8.66519174e-05	1175.00000000	3.15999866e+15	3.28686762e+15	2.92282012e-03
470400	4140.51966351	1176	8.67256637e-05	1176.00000000	3.16009164e+15	3.28696082e+15	2.92289821e-03
470800	4144.04592736	1177	8.67994100e-05	1177.00000000	3.16018433e+15	3.28705372e+15	2.92297604e-03
471200	4147.57599108	1178	8.68731563e-05	1178.00000000	3.16027672e+15	3.28714633e+15	2.92305363e-03
471600	4151.09116306	1179	8.69469027e-05	1179.00000000	3.16036882e+15	3.28723864e+15	2.92313098e-03
472000	4154.60220368	1180	8.70206490e-05	1180.00000000	3.16046062e+15	3.28733065e+15	2.92320807e-03
472400	4158.12291717	1181	8.70943953e-05	1181.00000000	3.16055214e+15	3.28742238e+15	2.92328493e-03
472800	4161.64767214	1182	8.71681416e-05	1182.00000000	3.16064337e+15	3.28751382e+15	2.92336154e-03
473200	4165.17655228	1183	8.72418879e-05	1183.00000000	3.16073431e+15	3.28760498e+15	2.92343791e-03
473600	4168.69847276	1184	8.73156342e-05	1184.00000000	3.16082496e+15	3.28769585e+15	2.92351404e-03
474000	4172.22045468	1185	8.73893805e-05	1185.00000000	3.16091534e+15	3.28778643e+15	2.92358993e-03
474400	4175.74324783	1186	8.74631268e-05	1186.00000000	3.16100543e+15	3.28787673e+15	2.92366558e-03
474800	4179.26113708	1187	8.75368732e-05	1187.00000000	3.16109524e+15	3.28796675e+15	2.92374101e-03
475200	4182.77662414	1188	8.76106195e-05	1188.00000000	3.16118477e+15	3.28805649e+15	2.92381620e-03
475600	4186.28809133	1189	8.76843658e-05	1189.00000000	3.16127402e+15	3.28814595e+15	2.92389115e-03
476000	4189.81526887	1190	8.77581121e-05	1190.00000000	3.16136300e+15	3.28823514e+15	2.92396587e-03
476400	4193.33491064	1191	8.78318584e-05	1191.00000000	3.16145170e+15	3.28832405e+15	2.92404035e-03
476800	4196.86067702	1192	8.79056047e-05	1192.00000000	3.16154013e+15	3.28841268e+15	2.92411460e-03
477200	4200.38645954	1193	8.79793510e-05	1193.00000000	3.16162827e+15	3.28850103e+15	2.92418862e-03
477600	4203.91387124	1194	8.80530973e-05	1194.00000000	3.16171614e+15	3.28858911e+15	2.92426242e-03
478000	4207.43749815	1195	8.81268437e-05	1195.00000000	3.16180375e+15	3.28867692e+15	2.92433596e-03
478400	4210.95323599	1196	8.82005900e-05	1196.00000000	3.16189109e+15	3.28876446e+15	2.92440930e-03
478800	4214.45540930	1197	8.82743363e-05	1197.00000000	3.16197815e+15	3.28885173e+15	2.92448241e-03
479200	4217.97295489	1198	8.83480826e-05	1198.00000000	3.16206495e+15	3.28893874e+15	2.92455530e-03
479600	4221.49131226	1199	8.84218289e-05	1199.00000000	3.16215148e+15	3.28902547e+15	2.92462796e-03
480000	4225.00922482	1200	8.84955752e-05	1200.00000000	3.16223775e+15	3.28911194e+15	2.92470040e-03
480400	4228.53725499	1201	8.85693215e-05	1201.00000000	3.16232374e+15	3.28919813e+15	2.92477261e-03
480800	4232.05809394	1202	8.86430678e-05	1202.00000000	3.16240947e+15	3.28928406e+15	2.92484460e-03
481200	4235.56297932	1203	8.87168142e-05	1203.00000000	3.16249494e+15	3.28936973e+15	2.92491635e-03
481600	4239.08750183	1204	8.87905605e-05	1204.00000000	3.16258015e+15	3.28945514e+15	2.92498790e-03
482000	4242.61749649	1205	8.88643068e-05	1205.00000000	3.16266509e+15	3.28954028e+15	2.92505923e-03
482400	4246.15415922	1206	8.89380531e-05	1206.00000000	3.16274977e+15	3.28962516e+15	2.92513034e-03
482800	4249.67746512	1207	8.90117994e-05	1207.00000000	3.16283420e+15	3.28970979e+15	2.92520123e-03
483200	4253.20259957	1208	8.90855457e-05	1208.00000000	3.16291836e+15	3.28979415e+15	2.92527192e-03
483600	4256.71764342	1209	8.91592920e-05	1209.00000000	3.16300227e+15	3.28987826e+15	2.92534238e-03
484000	4260.23232359	1210	8.92330383e-05	1210.00000000	3.16308591e+15	3.28996210e+15	2.92541262e-03
484400	4264.83511761	1211	8.93067847e-05	1211.00000000	3.16316929e+15	3.29004568e+15	2.92548264e-03
484800	4268.33109159	1212	8.93805310e-05	1212.00000000	3.16325242e+15	3.29012900e+15	2.92555245e-03
485200	4271.83219547	1213	8.94542773e-05	1213.00000000	3.16333529e+15	3.29021206e+15	2.92562204e-03
485600	4275.33975747	1214	8.95280236e-05	1214.00000000	3.16341790e+15	3.29029487e+15	2.92569141e-03
486000	4278.84883064	1215	8.96017699e-05	1215.00000000	3.16350025e+15	3.29037742e+15	2.92576057e-03
486400	4282.35526168	1216	8.96755162e-05	1216.00000000	3.16358235e+15	3.29045971e+15	2.92582952e-03
486800	4285.86370973	1217	8.97492625e-05	1217.00000000	3.16366420e+15	3.29054175e+15	2.92589825e-03
487200	4289.37576831	1218	8.98230088e-05	1218.00000000	3.16374580e+15	3.29062354e+15	2.92596677e-03
487600	4292.90104473	1219	8.98967552e-05	1219.00000000	3.16382714e+15	3.29070508e+15	2.92603509e-03
488000	4296.41924635	1220	8.99705015e-05	1220.00000000	3.16390824e+15	3.29078637e+15	2.92610319e-03
488400	4299.93406361	1221	9.00442478e-05	1221.00000000	3.16398909e+15	3.29086741e+15	2.92617108e-03
488800	4303.45362431	1222	9.01179941e-05	1222.00000000	3.16406969e+15	3.29094821e+15	2.92623877e-03
489200	4306.98150549	1223	9.01917404e-05	1223.00000000	3.16415005e+15	3.29102875e+15	2.92630625e-03
489600	4310.51099922	1224	9.02654867e-05	1224.00000000	3.16423016e+15	3.29110906e+15	2.92637353e-03
490000	4314.03761683	1225	9.03392330e-05	1225.00000000	3.16431002e+15	3.29118911e+15	2.92644060e-03
490400	4317.55192066	1226	9.04129794e-05	1226.00000000	3.16438964e+15	3.29126892e+15	2.92650747e-03
490800	4321.07323476	1227	9.04867257e-05	1227.00000000	3.16446902e+15	3.29134848e+15	2.92657413e-03
491200	4324.60093553	1228	9.05604720e-05	1228.00000000	3.16454815e+15	3.29142780e+15	2.92664058e-03
491600	4328.11341681	1229	9.06342183e-05	1229.00000000	3.16462704e+15	3.29150688e+15	2.92670683e-03
492000	4331.62396168	1230	9.07079646e-05	1230.00000000	3.16470568e+15	3.29158571e+15	2.92677288e-03
492400	4335.14105908	1231	9.07817109e-05	1231.00000000	3.16478409e+15	3.29166430e+15	2.92683873e-03
492800	4338.66214846	1232	9.08554572e-05	1232.00000000	3.16486226e+15	3.29174266e+15	2.92690437e-03
493200	4342.18502629	1233	9.09292035e-05	1233.00000000	3.16494019e+15	3.29182078e+15	2.92696981e-03
493600	4345.70700196	1234	9.10029499e-05	1234.00000000	3.16501789e+15	3.29189866e+15	2.92703506e-03
494000	4349.21229552	1235	9.10766962e-05	1235.00000000	3.16509534e+15	3.29197630e+15	2.92710010e-03
494400	4352.73278487	1236	9.11504425e-05	1236.00000000	3.16517257e+15	3.29205371e+15	2.92716495e-03
494800	4356.24698399	1237	9.12241888e-05	1237.00000000	3.16524955e+15	3.29213088e+15	2.92722961e-03
495200	4359.76267694	1238	9.12979351e-05	1238.00000000	3.16532631e+15	3.29220781e+15	2.92729406e-03
495600	4363.28211273	1239	9.13716814e-05	1239.00000000	3.16540283e+15	3.29228451e+15	2.92735832e-03
496000	4366.80819211	1240	9.14454277e-05	1240.00000000	3.16547911e+15	3.29236098e+15	2.92742239e-03
496400	4370.33963917	1241	9.15191740e-05	1241.00000000	3.16555516e+15	3.29243721e+15	2.92748626e-03
496800	4373.85167159	1242	9.15929204e-05	1242.00000000	3.16563098e+15	3.29251321e+15	2.92754993e-03
497200	4377.37700379	1243	9.16666667e-05	1243.00000000	3.16570656e+15	3.29258898e+15	2.92761341e-03
497600	4380.91164603	1244	9.17404130e-05	1244.00000000	3.16578192e+15	3.29266451e+15	2.92767670e-03
498000	4384.43213611	1245	9.18141593e-05	1245.00000000	3.16585704e+15	3.29273982e+15	2.92773979e-03
498400	4387.94905088	1246	9.18879056e-05	1246.00000000	3.16593194e+15	3.29281490e+15	2.92780269e-03
498800	4391.47015684	1247	9.19616519e-05	1247.00000000	3.16600661e+15	3.29288974e+15	2.92786540e-03
499200	4394.99826117	1248	9.20353982e-05	1248.00000000	3.16608105e+15	3.29296437e+15	2.92792792e-03
499600	4398.51566592	1249	9.21091445e-05	1249.00000000	3.16615527e+15	3.29303876e+15	2.92799025e-03
500000	4402.03692073	1250	9.21828909e-05	1250.00000000	3.16622926e+15	3.29311293e+15	2.92805240e-03
500400	4405.56983606	1251	9.22566372e-05	1251.00000000	3.16630303e+15	3.29318687e+15	2.92811435e-03
500800	4409.09472718	1252	9.23303835e-05	1252.00000000	3.16637657e+15	3.29326059e+15	2.92817613e-03
501200	4412.61992526	1253	9.24041298e-05	1253.00000000	3.16644989e+15	3.29333409e+15	2.92823771e-03
501600	4416.14186231	1254	9.24778761e-05	1254.00000000	3.16652300e+15	3.29340737e+15	2.92829910e-03
502000	4419.65075888	1255	9.25516224e-05	1255.00000000	3.16659588e+15	3.29348043e+15	2.92836031e-03
502400	4423.16269289	1256	9.26253687e-05	1256.00000000	3.16666855e+15	3.29355327e+15	2.92842134e-03
502800	4426.68356828	1257	9.26991150e-05	1257.00000000	3.16674100e+15	3.29362589e+15	2.92848218e-03
503200	4430.20169099	1258	9.27728614e-05	1258.00000000	3.16681323e+15	3.29369830e+15	2.92854284e-03
503600	4433.71910078	1259	9.28466077e-05	1259.00000000	3.16688524e+15	3.29377049e+15	2.92860332e-03
504000	4437.24464245	1260	9.29203540e-05	1260.00000000	3.16695704e+15	3.29384246e+15	2.92866362e-03
504400	4440.75876825	1261	9.29941003e-05	1261.00000000	3.16702862e+15	3.29391421e+15	2.92872374e-03
504800	4444.27245615	1262	9.30678466e-05	1262.00000000	3.16709999e+15	3.29398575e+15	2.92878368e-03
505200	4447.78020121	1263	9.31415929e-05	1263.00000000	3.16717115e+15	3.29405708e+15	2.92884344e-03
505600	4451.29314379	1264	9.32153392e-05	1264.00000000	3.16724209e+15	3.29412820e+15	2.92890302e-03
506000	4454.82631741	1265	9.32890855e-05	1265.00000000	3.16731282e+15	3.29419910e+15	2.92896243e-03
506400	4458.35477553	1266	9.33628319e-05	1266.00000000	3.16738334e+15	3.29426978e+15	2.92902165e-03
506800	4461.87641683	1267	9.34365782e-05	1267.00000000	3.16745365e+15	3.29434026e+15	2.92908070e-03
507200	4465.39190739	1268	9.35103245e-05	1268.00000000	3.16752375e+15	3.29441053e+15	2.92913958e-03
507600	4468.90900724	1269	9.35840708e-05	1269.00000000	3.16759364e+15	3.29448058e+15	2.92919827e-03
508000	4472.42722348	1270	9.36578171e-05	1270.00000000	3.16766331e+15	3.29455042e+15	2.92925679e-03
508400	4475.94657924	1271	9.37315634e-05	1271.00000000	3.16773277e+15	3.29462005e+15	2.92931514e-03
508800	4479.46176059	1272	9.38053097e-05	1272.00000000	3.16780203e+15	3.29468947e+15	2.92937331e-03
509200	4482.98597777	1273	9.38790560e-05	1273.00000000	3.16787107e+15	3.29475868e+15	2.92943130e-03
509600	4486.50025137	1274	9.39528024e-05	1274.00000000	3.16793990e+15	3.29482768e+15	2.92948911e-03
510000	4490.01989835	1275	9.40265487e-05	1275.00000000	3.16800852e+15	3.29489646e+15	2.92954675e-03
510400	4493.53638428	1276	9.41002950e-05	1276.00000000	3.16807694e+15	3.29496504e+15	2.92960422e-03
510800	4497.05479565	1277	9.41740413e-05	1277.00000000	3.16814515e+15	3.29503342e+15	2.92966151e-03
511200	4500.57599809	1278	9.42477876e-05	1278.00000000	3.16821315e+15	3.29510158e+15	2.92971863e-03
511600	4504.09492190	1279	9.43215339e-05	1279.00000000	3.16828095e+15	3.29516954e+15	2.92977558e-03
512000	4507.61280441	1280	9.43952802e-05	1280.00000000	3.16834854e+15	3.29523729e+15	2.92983235e-03
512400	4511.11308208	1281	9.44690265e-05	1281.00000000	3.16841593e+15	3.29530484e+15	2.92988895e-03
512800	4514.63456719	1282	9.45427729e-05	1282.00000000	3.16848311e+15	3.29537219e+15	2.92994539e-03
513200	4518.14538821	1283	9.46165192e-05	1283.00000000	3.16855010e+15	3.29543933e+15	2.93000165e-03
513600	4521.67103198	1284	9.46902655e-05	1284.00000000	3.16861688e+15	3.29550628e+15	2.93005774e-03
514000	4525.18852850	1285	9.47640118e-05	1285.00000000	3.16868346e+15	3.29557302e+15	2.93011367e-03
514400	4528.68798753	1286	9.48377581e-05	1286.00000000	3.16874984e+15	3.29563955e+15	2.93016942e-03
514800	4532.18442910	1287	9.49115044e-05	1287.00000000	3.16881602e+15	3.29570589e+15	2.93022501e-03
515200	4535.70067012	1288	9.49852507e-05	1288.00000000	3.16888200e+15	3.29577203e+15	2.93028043e-03
515600	4539.21549477	1289	9.50589971e-05	1289.00000000	3.16894778e+15	3.29583797e+15	2.93033569e-03
516000	4542.73131489	1290	9.51327434e-05	1290.00000000	3.16901336e+15	3.29590371e+15	2.93039078e-03
516400	4546.24639298	1291	9.52064897e-05	1291.00000000	3.16907875e+15	3.29596925e+15	2.93044570e-03
516800	4549.75595614	1292	9.52802360e-05	1292.00000000	3.16914394e+15	3.29603460e+15	2.93050046e-03
517200	4553.27679104	1293	9.53539823e-05	1293.00000000	3.16920893e+15	3.29609975e+15	2.93055505e-03
517600	4556.78895700	1294	9.54277286e-05	1294.00000000	3.16927373e+15	3.29616470e+15	2.93060948e-03
518000	4560.29586091	1295	9.55014749e-05	1295.00000000	3.16933834e+15	3.29622946e+15	2.93066375e-03
518400	4563.80415815	1296	9.55752212e-05	1296.00000000	3.16940275e+15	3.29629403e+15	2.93071786e-03
518800	4567.31497131	1297	9.56489676e-05	1297.00000000	3.16946697e+15	3.29635840e+15	2.93077180e-03
519200	4570.83199126	1298	9.57227139e-05	1298.00000000	3.16953100e+15	3.29642258e+15	2.93082559e-03
519600	4574.36377506	1299	9.57964602e-05	1299.00000000	3.16959483e+15	3.29648657e+15	2.93087921e-03
520000	4577.88806480	1300	9.58702065e-05	1300.00000000	3.16965848e+15	3.29655037e+15	2.93093267e-03
520400	4581.41046482	1301	9.59439528e-05	1301.00000000	3.16972194e+15	3.29661398e+15	2.93098597e-03
520800	4584.93006030	1302	9.60176991e-05	1302.00000000	3.16978521e+15	3.29667740e+15	2.93103912e-03
521200	4588.46687943	1303	9.60914454e-05	1303.00000000	3.16984829e+15	3.29674063e+15	2.93109211e-03
521600	4591.98278275	1304	9.61651917e-05	1304.00000000	3.16991119e+15	3.29680368e+15	2.93114494e-03
522000	4595.50845562	1305	9.62389381e-05	1305.00000000	3.16997390e+15	3.29686654e+15	2.93119761e-03
522400	4599.03063291	1306	9.63126844e-05	1306.00000000	3.17003642e+15	3.29692921e+15	2.93125013e-03
522800	4602.55842963	1307	9.63864307e-05	1307.00000000	3.17009876e+15	3.29699169e+15	2.93130249e-03
523200	4606.08744708	1308	9.64601770e-05	1308.00000000	3.17016091e+15	3.29705399e+15	2.93135470e-03
523600	4609.61460267	1309	9.65339233e-05	1309.00000000	3.17022287e+15	3.29711611e+15	2.93140675e-03
524000	4613.13716190	1310	9.66076696e-05	1310.00000000	3.17028466e+15	3.29717804e+15	2.93145865e-03
524400	4616.66607795	1311	9.66814159e-05	1311.00000000	3.17034626e+15	3.29723979e+15	2.93151039e-03
524800	4620.18863141	1312	9.67551622e-05	1312.00000000	3.17040768e+15	3.29730135e+15	2.93156198e-03
525200	4623.70730003	1313	9.68289086e-05	1313.00000000	3.17046891e+15	3.29736273e+15	2.93161342e-03
525600	4627.22504356	1314	9.69026549e-05	1314.00000000	3.17052996e+15	3.29742393e+15	2.93166471e-03
526000	4630.74360422	1315	9.69764012e-05	1315.00000000	3.17059084e+15	3.29748495e+15	2.93171584e-03
526400	4634.25807649	1316	9.70501475e-05	1316.00000000	3.17065153e+15	3.29754578e+15	2.93176682e-03
526800	4637.78243690	1317	9.71238938e-05	1317.00000000	3.17071204e+15	3.29760644e+15	2.93181765e-03
527200	4641.31520925	1318	9.71976401e-05	1318.00000000	3.17077237e+15	3.29766691e+15	2.93186833e-03
527600	4644.83725595	1319	9.72713864e-05	1319.00000000	3.17083252e+15	3.29772721e+15	2.93191886e-03
528000	4648.35464396	1320	9.73451327e-05	1320.00000000	3.17089249e+15	3.29778732e+15	2.93196924e-03
528400	4651.88435932	1321	9.74188791e-05	1321.00000000	3.17095229e+15	3.29784726e+15	2.93201947e-03
528800	4655.40227647	1322	9.74926254e-05	1322.00000000	3.17101191e+15	3.29790702e+15	2.93206955e-03
529200	4658.92642144	1323	9.75663717e-05	1323.00000000	3.17107135e+15	3.29796660e+15	2.93211948e-03
529600	4662.44188341	1324	9.76401180e-05	1324.00000000	3.17113061e+15	3.29802601e+15	2.93216926e-03
530000	4665.95640753	1325	9.77138643e-05	1325.00000000	3.17118970e+15	3.29808524e+15	2.93221890e-03
530400	4669.46073381	1326	9.77876106e-05	1326.00000000	3.17124862e+15	3.29814429e+15	2.93226839e-03
530800	4672.98459678	1327	9.78613569e-05	1327.00000000	3.17130736e+15	3.29820317e+15	2.93231773e-03
531200	4676.49765976	1328	9.79351032e-05	1328.00000000	3.17136593e+15	3.29826188e+15	2.93236693e-03
531600	4680.01637144	1329	9.80088496e-05	1329.00000000	3.17142432e+15	3.29832042e+15	2.93241598e-03
532000	4683.53800235	1330	9.80825959e-05	1330.00000000	3.17148255e+15	3.29837878e+15	2.93246489e-03
532400	4687.06044397	1331	9.81563422e-05	1331.00000000	3.17154060e+15	3.29843697e+15	2.93251366e-03
532800	4690.58549535	1332	9.82300885e-05	1332.00000000	3.17159849e+15	3.29849499e+15	2.93256228e-03
533200	4694.09717072	1333	9.83038348e-05	1333.00000000	3.17165620e+15	3.29855285e+15	2.93261076e-03
533600	4697.62635831	1334	9.83775811e-05	1334.00000000	3.17171375e+15	3.29861053e+15	2.93265910e-03
534000	4701.14398423	1335	9.84513274e-05	1335.00000000	3.17177113e+15	3.29866804e+15	2.93270730e-03
534400	4704.65286477	1336	9.85250737e-05	1336.00000000	3.17182834e+15	3.29872539e+15	2.93275535e-03
534800	4708.16214518	1337	9.85988201e-05	1337.00000000	3.17188538e+15	3.29878257e+15	2.93280327e-03
535200	4711.69373275	1338	9.86725664e-05	1338.00000000	3.17194226e+15	3.29883958e+15	2.93285105e-03
535600	4715.21589709	1339	9.87463127e-05	1339.00000000	3.17199897e+15	3.29889643e+15	2.93289869e-03
536000	4718.73596034	1340	9.88200590e-05	1340.00000000	3.17205552e+15	3.29895311e+15	2.93294619e-03
536400	4722.25715307	1341	9.88938053e-05	1341.00000000	3.17211190e+15	3.29900962e+15	2.93299355e-03
536800	4725.77447953	1342	9.89675516e-05	1342.00000000	3.17216811e+15	3.29906597e+15	2.93304077e-03
537200	4729.30567254	1343	9.90412979e-05	1343.00000000	3.17222417e+15	3.29912216e+15	2.93308785e-03
537600	4732.81336250	1344	9.91150442e-05	1344.00000000	3.17228006e+15	3.29917818e+15	2.93313480e-03
538000	4736.33858843	1345	9.91887906e-05	1345.00000000	3.17233578e+15	3.29923404e+15	2.93318161e-03
538400	4739.87530526	1346	9.92625369e-05	1346.00000000	3.17239135e+15	3.29928973e+15	2.93322828e-03
538800	4743.41285663	1347	9.93362832e-05	1347.00000000	3.17244675e+15	3.29934527e+15	2.93327481e-03
539200	4746.93784377	1348	9.94100295e-05	1348.00000000	3.17250199e+15	3.29940064e+15	2.93332122e-03
539600	4750.45800142	1349	9.94837758e-05	1349.00000000	3.17255707e+15	3.29945585e+15	2.93336748e-03
540000	4753.98089149	1350	9.95575221e-05	1350.00000000	3.17261199e+15	3.29951090e+15	2.93341362e-03
540400	4757.51424166	1351	9.96312684e-05	1351.00000000	3.17266675e+15	3.29956579e+15	2.93345962e-03
540800	4761.03686321	1352	9.97050147e-05	1352.00000000	3.17272135e+15	3.29962052e+15	2.93350548e-03
541200	4764.56997404	1353	9.97787611e-05	1353.00000000	3.17277580e+15	3.29967509e+15	2.93355121e-03
541600	4768.09820471	1354	9.98525074e-05	1354.00000000	3.17283008e+15	3.29972950e+15	2.93359681e-03
542000	4771.61501967	1355	9.99262537e-05	1355.00000000	3.17288421e+15	3.29978375e+15	2.93364228e-03
542400	4775.13615523	1356	1.00000000e-04	1356.00000000	3.17293817e+15	3.29983785e+15	2.93368761e-03
542800	4778.66327667	1357	1.00073746e-04	1357.00000000	3.17299199e+15	3.29989179e+15	2.93373282e-03
543200	4782.17966397	1358	1.00147493e-04	1358.00000000	3.17304564e+15	3.29994557e+15	2.93377790e-03
543600	4785.69463199	1359	1.00221239e-04	1359.00000000	3.17309914e+15	3.29999920e+15	2.93382284e-03
544000	4789.20352930	1360	1.00294985e-04	1360.00000000	3.17315249e+15	3.30005267e+15	2.93386765e-03
544400	4792.71522422	1361	1.00368732e-04	1361.00000000	3.17320569e+15	3.30010599e+15	2.93391233e-03
544800	4796.24263682	1362	1.00442478e-04	1362.00000000	3.17325872e+15	3.30015915e+15	2.93395689e-03
545200	4799.76748356	1363	1.00516224e-04	1363.00000000	3.17331161e+15	3.30021216e+15	2.93400131e-03
545600	4803.27675150	1364	1.00589971e-04	1364.00000000	3.17336434e+15	3.30026502e+15	2.93404560e-03
546000	4806.79030020	1365	1.00663717e-04	1365.00000000	3.17341692e+15	3.30031772e+15	2.93408977e-03
546400	4810.29818844	1366	1.00737463e-04	1366.00000000	3.17346935e+15	3.30037028e+15	2.93413381e-03
546800	4813.81680413	1367	1.00811209e-04	1367.00000000	3.17352163e+15	3.30042268e+15	2.93417772e-03
547200	4817.33807193	1368	1.00884956e-04	1368.00000000	3.17357375e+15	3.30047493e+15	2.93422150e-03
547600	4820.86283522	1369	1.00958702e-04	1369.00000000	3.17362573e+15	3.30052702e+15	2.93426516e-03
548000	4824.38423345	1370	1.01032448e-04	1370.00000000	3.17367756e+15	3.30057897e+15	2.93430869e-03
548400	4827.90649809	1371	1.01106195e-04	1371.00000000	3.17372924e+15	3.30063078e+15	2.93435210e-03
548800	4831.43804984	1372	1.01179941e-04	1372.00000000	3.17378077e+15	3.30068243e+15	2.93439538e-03
549200	4834.95862218	1373	1.01253687e-04	1373.00000000	3.17383216e+15	3.30073393e+15	2.93443854e-03
549600	4838.48420936	1374	1.01327434e-04	1374.00000000	3.17388339e+15	3.30078529e+15	2.93448158e-03
550000	4842.00518785	1375	1.01401180e-04	1375.00000000	3.17393448e+15	3.30083650e+15	2.93452449e-03
550400	4845.52147307	1376	1.01474926e-04	1376.00000000	3.17398542e+15	3.30088756e+15	2.93456728e-03
550800	4849.04469558	1377	1.01548673e-04	1377.00000000	3.17403621e+15	3.30093847e+15	2.93460994e-03
551200	4852.57774376	1378	1.01622419e-04	1378.00000000	3.17408687e+15	3.30098924e+15	2.93465250e-03
551600	4856.09179252	1379	1.01696165e-04	1379.00000000	3.17413737e+15	3.30103986e+15	2.93469492e-03
552000	4859.61720973	1380	1.01769912e-04	1380.00000000	3.17418773e+15	3.30109034e+15	2.93473722e-03
552400	4863.13213505	1381	1.01843658e-04	1381.00000000	3.17423796e+15	3.30114068e+15	2.93477941e-03
552800	4866.64746590	1382	1.01917404e-04	1382.00000000	3.17428803e+15	3.30119088e+15	2.93482147e-03
553200	4870.16422057	1383	1.01991150e-04	1383.00000000	3.17433796e+15	3.30124092e+15	2.93486341e-03
553600	4873.69921666	1384	1.02064897e-04	1384.00000000	3.17438775e+15	3.30129083e+15	2.93490523e-03
554000	4877.21532889	1385	1.02138643e-04	1385.00000000	3.17443740e+15	3.30134059e+15	2.93494694e-03
554400	4880.74249958	1386	1.02212389e-04	1386.00000000	3.17448690e+15	3.30139021e+15	2.93498852e-03
554800	4884.26049602	1387	1.02286136e-04	1387.00000000	3.17453626e+15	3.30143969e+15	2.93502998e-03
555200	4887.77041730	1388	1.02359882e-04	1388.00000000	3.17458548e+15	3.30148902e+15	2.93507132e-03
555600	4891.30010998	1389	1.02433628e-04	1389.00000000	3.17463456e+15	3.30153821e+15	2.93511255e-03
556000	4894.82523443	1390	1.02507375e-04	1390.00000000	3.17468350e+15	3.30158726e+15	2.93515365e-03
556400	4898.35161330	1391	1.02581121e-04	1391.00000000	3.17473229e+15	3.30163618e+15	2.93519464e-03
556800	4901.87391488	1392	1.02654867e-04	1392.00000000	3.17478095e+15	3.30168495e+15	2.93523552e-03
557200	4905.40346352	1393	1.02728614e-04	1393.00000000	3.17482947e+15	3.30173358e+15	2.93527627e-03
557600	4908.91101832	1394	1.02802360e-04	1394.00000000	3.17487785e+15	3.30178208e+15	2.93531691e-03
558000	4912.41484395	1395	1.02876106e-04	1395.00000000	3.17492610e+15	3.30183043e+15	2.93535743e-03
558400	4915.92983443	1396	1.02949853e-04	1396.00000000	3.17497420e+15	3.30187865e+15	2.93539784e-03
558800	4919.44255366	1397	1.03023599e-04	1397.00000000	3.17502217e+15	3.30192673e+15	2.93543813e-03
559200	4922.94403214	1398	1.03097345e-04	1398.00000000	3.17507000e+15	3.30197467e+15	2.93547831e-03
559600	4926.45725095	1399	1.03171091e-04	1399.00000000	3.17511769e+15	3.30202247e+15	2.93551837e-03
560000	4929.97092172	1400	1.03244838e-04	1400.00000000	3.17516525e+15	3.30207014e+15	2.93555832e-03
560400	4933.49901781	1401	1.03318584e-04	1401.00000000	3.17521267e+15	3.30211767e+15	2.93559815e-03
560800	4937.01155103	1402	1.03392330e-04	1402.00000000	3.17525996e+15	3.30216507e+15	2.93563787e-03
561200	4940.52773524	1403	1.03466077e-04	1403.00000000	3.17530711e+15	3.30221233e+15	2.93567748e-03
561600	4944.04550086	1404	1.03539823e-04	1404.00000000	3.17535413e+15	3.30225945e+15	2.93571697e-03
562000	4947.55886804	1405	1.03613569e-04	1405.00000000	3.17540101e+15	3.30230645e+15	2.93575635e-03
562400	4951.07713773	1406	1.03687316e-04	1406.00000000	3.17544776e+15	3.30235330e+15	2.93579562e-03
562800	4954.58740257	1407	1.03761062e-04	1407.00000000	3.17549437e+15	3.30240003e+15	2.93583478e-03
563200	4958.10623643	1408	1.03834808e-04	1408.00000000	3.17554085e+15	3.30244661e+15	2.93587382e-03
563600	4961.63048896	1409	1.03908555e-04	1409.00000000	3.17558720e+15	3.30249307e+15	2.93591275e-03
564000	4965.14112208	1410	1.03982301e-04	1410.00000000	3.17563342e+15	3.30253940e+15	2.93595158e-03
564400	4968.66520680	1411	1.04056047e-04	1411.00000000	3.17567950e+15	3.30258559e+15	2.93599029e-03
564800	4972.17779737	1412	1.04129794e-04	1412.00000000	3.17572546e+15	3.30263165e+15	2.93602889e-03
565200	4975.70133740	1413	1.04203540e-04	1413.00000000	3.17577128e+15	3.30267758e+15	2.93606738e-03
565600	4979.23635005	1414	1.04277286e-04	1414.00000000	3.17581698e+15	3.30272338e+15	2.93610576e-03
566000	4982.75251855	1415	1.04351032e-04	1415.00000000	3.17586255e+15	3.30276906e+15	2.93614404e-03
566400	4986.26255806	1416	1.04424779e-04	1416.00000000	3.17590799e+15	3.30281460e+15	2.93618220e-03
566800	4989.78413526	1417	1.04498525e-04	1417.00000000	3.17595330e+15	3.30286002e+15	2.93622026e-03
567200	4993.30791780	1418	1.04572271e-04	1418.00000000	3.17599849e+15	3.30290531e+15	2.93625822e-03
567600	4996.81472707	1419	1.04646018e-04	1419.00000000	3.17604355e+15	3.30295048e+15	2.93629606e-03
568000	5000.33264935	1420	1.04719764e-04	1420.00000000	3.17608848e+15	3.30299551e+15	2.93633380e-03
568400	5003.85845630	1421	1.04793510e-04	1421.00000000	3.17613329e+15	3.30304042e+15	2.93637144e-03
568800	5007.38812253	1422	1.04867257e-04	1422.00000000	3.17617797e+15	3.30308521e+15	2.93640897e-03
569200	5010.90827681	1423	1.04941003e-04	1423.00000000	3.17622253e+15	3.30312987e+15	2.93644639e-03
569600	5014.42070733	1424	1.05014749e-04	1424.00000000	3.17626696e+15	3.30317440e+15	2.93648371e-03
570000	5017.94567593	1425	1.05088496e-04	1425.00000000	3.17631127e+15	3.30321881e+15	2.93652093e-03
570400	5021.48113444	1426	1.05162242e-04	1426.00000000	3.17635545e+15	3.30326310e+15	2.93655804e-03
570800	5024.99680529	1427	1.05235988e-04	1427.00000000	3.17639951e+15	3.30330726e+15	2.93659504e-03
571200	5028.52167995	1428	1.05309735e-04	1428.00000000	3.17644345e+15	3.30335130e+15	2.93663195e-03
571600	5032.04392032	1429	1.05383481e-04	1429.00000000	3.17648726e+15	3.30339521e+15	2.93666875e-03
572000	5035.56934764	1430	1.05457227e-04	1430.00000000	3.17653095e+15	3.30343900e+15	2.93670545e-03
572400	5039.08056406	1431	1.05530973e-04	1431.00000000	3.17657452e+15	3.30348267e+15	2.93674204e-03
572800	5042.60176909	1432	1.05604720e-04	1432.00000000	3.17661797e+15	3.30352622e+15	2.93677854e-03
573200	5046.12139715	1433	1.05678466e-04	1433.00000000	3.17666129e+15	3.30356964e+15	2.93681493e-03
573600	5049.63497722	1434	1.05752212e-04	1434.00000000	3.17670450e+15	3.30361295e+15	2.93685122e-03
574000	5053.14902596	1435	1.05825959e-04	1435.00000000	3.17674758e+15	3.30365613e+15	2.93688740e-03
574400	5056.67431286	1436	1.05899705e-04	1436.00000000	3.17679054e+15	3.30369919e+15	2.93692349e-03
574800	5060.20317551	1437	1.05973451e-04	1437.00000000	3.17683339e+15	3.30374214e+15	2.93695948e-03
575200	5063.72215848	1438	1.06047198e-04	1438.00000000	3.17687611e+15	3.30378496e+15	2.93699536e-03
575600	5067.24730686	1439	1.06120944e-04	1439.00000000	3.17691872e+15	3.30382766e+15	2.93703115e-03
576000	5070.76944884	1440	1.06194690e-04	1440.00000000	3.17696121e+15	3.30387025e+15	2.93706684e-03
576400	5074.29478985	1441	1.06268437e-04	1441.00000000	3.17700357e+15	3.30391272e+15	2.93710243e-03
576800	5077.81535401	1442	1.06342183e-04	1442.00000000	3.17704583e+15	3.30395506e+15	2.93713792e-03
577200	5081.34517167	1443	1.06415929e-04	1443.00000000	3.17708796e+15	3.30399729e+15	2.93717331e-03
577600	5084.87119677	1444	1.06489676e-04	1444.00000000	3.17712998e+15	3.30403941e+15	2.93720860e-03
578000	5088.38153838	1445	1.06563422e-04	1445.00000000	3.17717187e+15	3.30408140e+15	2.93724379e-03
578400	5091.91000794	1446	1.06637168e-04	1446.00000000	3.17721366e+15	3.30412328e+15	2.93727889e-03
578800	5095.42673844	1447	1.06710914e-04	1447.00000000	3.17725532e+15	3.30416504e+15	2.93731389e-03
579200	5098.96077234	1448	1.06784661e-04	1448.00000000	3.17729687e+15	3.30420669e+15	2.93734879e-03
579600	5102.48129936	1449	1.06858407e-04	1449.00000000	3.17733831e+15	3.30424822e+15	2.93738359e-03
580000	5105.99940787	1450	1.06932153e-04	1450.00000000	3.17737962e+15	3.30428963e+15	2.93741830e-03
580400	5109.52524234	1451	1.07005900e-04	1451.00000000	3.17742083e+15	3.30433093e+15	2.93745291e-03
580800	5113.05187229	1452	1.07079646e-04	1452.00000000	3.17746192e+15	3.30437211e+15	2.93748742e-03
581200	5116.57755715	1453	1.07153392e-04	1453.00000000	3.17750289e+15	3.30441317e+15	2.93752184e-03
581600	5120.09424730	1454	1.07227139e-04	1454.00000000	3.17754375e+15	3.30445413e+15	2.93755616e-03
582000	5123.60373663	1455	1.07300885e-04	1455.00000000	3.17758449e+15	3.30449496e+15	2.93759038e-03
582400	5127.13008747	1456	1.07374631e-04	1456.00000000	3.17762512e+15	3.30453569e+15	2.93762451e-03
582800	5130.64972810	1457	1.07448378e-04	1457.00000000	3.17766564e+15	3.30457630e+15	2.93765855e-03
583200	5134.15928060	1458	1.07522124e-04	1458.00000000	3.17770604e+15	3.30461680e+15	2.93769248e-03
583600	5137.66948332	1459	1.07595870e-04	1459.00000000	3.17774634e+15	3.30465718e+15	2.93772633e-03
584000	5141.19267368	1460	1.07669617e-04	1460.00000000	3.17778652e+15	3.30469745e+15	2.93776008e-03
584400	5144.70324702	1461	1.07743363e-04	1461.00000000	3.17782659e+15	3.30473761e+15	2.93779374e-03
584800	5148.22212501	1462	1.07817109e-04	1462.00000000	3.17786654e+15	3.30477766e+15	2.93782730e-03
585200	5151.74760044	1463	1.07890855e-04	1463.00000000	3.17790638e+15	3.30481760e+15	2.93786077e-03
585600	5155.26788452	1464	1.07964602e-04	1464.00000000	3.17794612e+15	3.30485742e+15	2.93789414e-03
586000	5158.78507351	1465	1.08038348e-04	1465.00000000	3.17798574e+15	3.30489713e+15	2.93792742e-03
586400	5162.30118347	1466	1.08112094e-04	1466.00000000	3.17802525e+15	3.30493673e+15	2.93796061e-03
586800	5165.82774339	1467	1.08185841e-04	1467.00000000	3.17806465e+15	3.30497622e+15	2.93799371e-03
587200	5169.35851251	1468	1.08259587e-04	1468.00000000	3.17810394e+15	3.30501560e+15	2.93802671e-03
587600	5172.87948733	1469	1.08333333e-04	1469.00000000	3.17814311e+15	3.30505487e+15	2.93805962e-03
588000	5176.40828191	1470	1.08407080e-04	1470.00000000	3.17818218e+15	3.30509402e+15	2.93809244e-03
588400	5179.91860825	1471	1.08480826e-04	1471.00000000	3.17822114e+15	3.30513307e+15	2.93812516e-03
588800	5183.44889488	1472	1.08554572e-04	1472.00000000	3.17825999e+15	3.30517201e+15	2.93815780e-03
589200	5186.97385102	1473	1.08628319e-04	1473.00000000	3.17829873e+15	3.30521084e+15	2.93819034e-03
589600	5190.49877489	1474	1.08702065e-04	1474.00000000	3.17833737e+15	3.30524956e+15	2.93822279e-03
590000	5194.02065490	1475	1.08775811e-04	1475.00000000	3.17837589e+15	3.30528817e+15	2.93825515e-03
590400	5197.53041452	1476	1.08849558e-04	1476.00000000	3.17841431e+15	3.30532668e+15	2.93828742e-03
590800	5201.04887830	1477	1.08923304e-04	1477.00000000	3.17845262e+15	3.30536507e+15	2.93831960e-03
591200	5204.69144640	1478	1.08997050e-04	1478.00000000	3.17849082e+15	3.30540336e+15	2.93835169e-03
591600	5208.21831902	1479	1.09070796e-04	1479.00000000	3.17852891e+15	3.30544154e+15	2.93838369e-03
592000	5211.73623691	1480	1.09144543e-04	1480.00000000	3.17856690e+15	3.30547962e+15	2.93841560e-03
592400	5215.25751738	1481	1.09218289e-04	1481.00000000	3.17860478e+15	3.30551759e+15	2.93844742e-03
592800	5218.78720514	1482	1.09292035e-04	1482.00000000	3.17864256e+15	3.30555545e+15	2.93847915e-03
593200	5222.30265063	1483	1.09365782e-04	1483.00000000	3.17868023e+15	3.30559321e+15	2.93851079e-03
593600	5225.82892929	1484	1.09439528e-04	1484.00000000	3.17871780e+15	3.30563086e+15	2.93854235e-03
594000	5229.35573008	1485	1.09513274e-04	1485.00000000	3.17875526e+15	3.30566841e+15	2.93857382e-03
594400	5232.87053637	1486	1.09587021e-04	1486.00000000	3.17879262e+15	3.30570585e+15	2.93860520e-03
594800	5236.40233015	1487	1.09660767e-04	1487.00000000	3.17882988e+15	3.30574319e+15	2.93863649e-03
595200	5239.93160428	1488	1.09734513e-04	1488.00000000	3.17886703e+15	3.30578043e+15	2.93866770e-03
595600	5243.46806369	1489	1.09808260e-04	1489.00000000	3.17890408e+15	3.30581756e+15	2.93869882e-03
596000	5246.98691269	1490	1.09882006e-04	1490.00000000	3.17894103e+15	3.30585460e+15	2.93872985e-03
596400	5250.51698758	1491	1.09955752e-04	1491.00000000	3.17897787e+15	3.30589152e+15	2.93876080e-03
596800	5254.03404965	1492	1.10029499e-04	1492.00000000	3.17901462e+15	3.30592835e+15	2.93879166e-03
597200	5257.55608625	1493	1.10103245e-04	1493.00000000	3.17905126e+15	3.30596507e+15	2.93882244e-03
597600	5261.07280343	1494	1.10176991e-04	1494.00000000	3.17908780e+15	3.30600170e+15	2.93885313e-03
598000	5264.60465249	1495	1.10250737e-04	1495.00000000	3.17912423e+15	3.30603822e+15	2.93888374e-03
598400	5268.12609743	1496	1.10324484e-04	1496.00000000	3.17916057e+15	3.30607464e+15	2.93891426e-03
598800	5271.65501590	1497	1.10398230e-04	1497.00000000	3.17919681e+15	3.30611095e+15	2.93894470e-03
599200	5275.18443128	1498	1.10471976e-04	1498.00000000	3.17923294e+15	3.30614717e+15	2.93897505e-03
599600	5278.69580280	1499	1.10545723e-04	1499.00000000	3.17926898e+15	3.30618329e+15	2.93900532e-03
600000	5282.21099724	1500	1.10619469e-04	1500.00000000	3.17930492e+15	3.30621931e+15	2.93903551e-03
600400	5285.73453793	1501	1.10693215e-04	1501.00000000	3.17934076e+15	3.30625523e+15	2.93906561e-03
600800	5289.25903854	1502	1.10766962e-04	1502.00000000	3.17937649e+15	3.30629105e+15	2.93909563e-03
601200	5292.77457629	1503	1.10840708e-04	1503.00000000	3.17941213e+15	3.30632677e+15	2.93912557e-03
601600	5296.28699357	1504	1.10914454e-04	1504.00000000	3.17944767e+15	3.30636239e+15	2.93915542e-03
602000	5299.80380985	1505	1.10988201e-04	1505.00000000	3.17948312e+15	3.30639791e+15	2.93918518e-03
602400	5303.31973806	1506	1.11061947e-04	1506.00000000	3.17951847e+15	3.30643334e+15	2.93921488e-03
602800	5306.83640577	1507	1.11135693e-04	1507.00000000	3.17955372e+15	3.30646867e+15	2.93924449e-03
603200	5310.34955242	1508	1.11209440e-04	1508.00000000	3.17958888e+15	3.30650391e+15	2.93927401e-03
603600	5313.85974254	1509	1.11283186e-04	1509.00000000	3.17962393e+15	3.30653904e+15	2.93930346e-03
604000	5317.38561082	1510	1.11356932e-04	1510.00000000	3.17965890e+15	3.30657409e+15	2.93933283e-03
604400	5320.91603532	1511	1.11430678e-04	1511.00000000	3.17969377e+15	3.30660904e+15	2.93936211e-03
604800	5324.44238679	1512	1.11504425e-04	1512.00000000	3.17972854e+15	3.30664389e+15	2.93939132e-03
605200	5327.96683208	1513	1.11578171e-04	1513.00000000	3.17976322e+15	3.30667864e+15	2.93942045e-03
605600	5331.48071348	1514	1.11651917e-04	1514.00000000	3.17979780e+15	3.30671331e+15	2.93944950e-03
606000	5334.99378135	1515	1.11725664e-04	1515.00000000	3.17983229e+15	3.30674787e+15	2.93947846e-03
606400	5338.52112416	1516	1.11799410e-04	1516.00000000	3.17986668e+15	3.30678234e+15	2.93950735e-03
606800	5342.04376205	1517	1.11873156e-04	1517.00000000	3.17990098e+15	3.30681672e+15	2.93953616e-03
607200	5345.56434722	1518	1.11946903e-04	1518.00000000	3.17993519e+15	3.30685100e+15	2.93956489e-03
607600	5349.09946740	1519	1.12020649e-04	1519.00000000	3.17996930e+15	3.30688519e+15	2.93959354e-03
608000	5352.62456856	1520	1.12094395e-04	1520.00000000	3.18000331e+15	3.30691928e+15	2.93962211e-03
608400	5356.15877277	1521	1.12168142e-04	1521.00000000	3.18003724e+15	3.30695328e+15	2.93965061e-03
608800	5359.68887090	1522	1.12241888e-04	1522.00000000	3.18007107e+15	3.30698719e+15	2.93967902e-03
609200	5363.20356384	1523	1.12315634e-04	1523.00000000	3.18010480e+15	3.30702100e+15	2.93970736e-03
609600	5366.72305691	1524	1.12389381e-04	1524.00000000	3.18013845e+15	3.30705472e+15	2.93973562e-03
610000	5370.23355455	1525	1.12463127e-04	1525.00000000	3.18017200e+15	3.30708834e+15	2.93976380e-03
610400	5373.76061817	1526	1.12536873e-04	1526.00000000	3.18020545e+15	3.30712188e+15	2.93979189e-03
610800	5377.27952983	1527	1.12610619e-04	1527.00000000	3.18023881e+15	3.30715531e+15	2.93981991e-03
611200	5380.79150540	1528	1.12684366e-04	1528.00000000	3.18027208e+15	3.30718865e+15	2.93984785e-03
611600	5384.30895054	1529	1.12758112e-04	1529.00000000	3.18030525e+15	3.30722190e+15	2.93987572e-03
612000	5387.82814990	1530	1.12831858e-04	1530.00000000	3.18033834e+15	3.30725506e+15	2.93990350e-03
612400	5391.35498887	1531	1.12905605e-04	1531.00000000	3.18037133e+15	3.30728812e+15	2.93993121e-03
612800	5394.86754782	1532	1.12979351e-04	1532.00000000	3.18040423e+15	3.30732110e+15	2.93995885e-03
613200	5398.39541880	1533	1.13053097e-04	1533.00000000	3.18043704e+15	3.30735398e+15	2.93998641e-03
613600	5401.92237272	1534	1.13126844e-04	1534.00000000	3.18046976e+15	3.30738677e+15	2.94001389e-03
614000	5405.44486825	1535	1.13200590e-04	1535.00000000	3.18050239e+15	3.30741948e+15	2.94004129e-03
614400	5408.97234073	1536	1.13274336e-04	1536.00000000	3.18053493e+15	3.30745209e+15	2.94006862e-03
614800	5412.49094160	1537	1.13348083e-04	1537.00000000	3.18056738e+15	3.30748461e+15	2.94009588e-03
615200	5416.01592320	1538	1.13421829e-04	1538.00000000	3.18059974e+15	3.30751704e+15	2.94012306e-03
615600	5419.54064506	1539	1.13495575e-04	1539.00000000	3.18063201e+15	3.30754938e+15	2.94015016e-03
616000	5423.06954866	1540	1.13569322e-04	1540.00000000	3.18066419e+15	3.30758164e+15	2.94017719e-03
616400	5426.58245232	1541	1.13643068e-04	1541.00000000	3.18069628e+15	3.30761380e+15	2.94020414e-03
616800	5430.10727373	1542	1.13716814e-04	1542.00000000	3.18072827e+15	3.30764587e+15	2.94023102e-03
617200	5433.64784309	1543	1.13790560e-04	1543.00000000	3.18076018e+15	3.30767785e+15	2.94025782e-03
617600	5437.17909526	1544	1.13864307e-04	1544.00000000	3.18079201e+15	3.30770974e+15	2.94028454e-03
618000	5440.69549367	1545	1.13938053e-04	1545.00000000	3.18082374e+15	3.30774155e+15	2.94031120e-03
618400	5444.21751842	1546	1.14011799e-04	1546.00000000	3.18085539e+15	3.30777327e+15	2.94033778e-03
618800	5447.73720589	1547	1.14085546e-04	1547.00000000	3.18088695e+15	3.30780490e+15	2.94036429e-03
619200	5451.25917036	1548	1.14159292e-04	1548.00000000	3.18091842e+15	3.30783644e+15	2.94039072e-03
619600	5454.78088268	1549	1.14233038e-04	1549.00000000	3.18094981e+15	3.30786789e+15	2.94041708e-03
620000	5458.30034364	1550	1.14306785e-04	1550.00000000	3.18098111e+15	3.30789926e+15	2.94044337e-03
620400	5461.82105136	1551	1.14380531e-04	1551.00000000	3.18101232e+15	3.30793054e+15	2.94046959e-03
620800	5465.33128657	1552	1.14454277e-04	1552.00000000	3.18104345e+15	3.30796174e+15	2.94049573e-03
621200	5468.84306194	1553	1.14528024e-04	1553.00000000	3.18107449e+15	3.30799285e+15	2.94052180e-03
621600	5472.36479452	1554	1.14601770e-04	1554.00000000	3.18110544e+15	3.30802387e+15	2.94054780e-03
622000	5475.87984088	1555	1.14675516e-04	1555.00000000	3.18113631e+15	3.30805481e+15	2.94057373e-03
622400	5479.39825849	1556	1.14749263e-04	1556.00000000	3.18116710e+15	3.30808567e+15	2.94059959e-03
622800	5482.92470904	1557	1.14823009e-04	1557.00000000	3.18119780e+15	3.30811644e+15	2.94062537e-03
623200	5486.45171156	1558	1.14896755e-04	1558.00000000	3.18122842e+15	3.30814712e+15	2.94065109e-03
623600	5489.97466145	1559	1.14970501e-04	1559.00000000	3.18125895e+15	3.30817772e+15	2.94067673e-03
624000	5493.49673983	1560	1.15044248e-04	1560.00000000	3.18128940e+15	3.30820824e+15	2.94070230e-03
624400	5497.01548809	1561	1.15117994e-04	1561.00000000	3.18131976e+15	3.30823867e+15	2.94072781e-03
624800	5500.53927261	1562	1.15191740e-04	1562.00000000	3.18135005e+15	3.30826902e+15	2.94075324e-03
625200	5504.04026440	1563	1.15265487e-04	1563.00000000	3.18138025e+15	3.30829929e+15	2.94077861e-03
625600	5507.56779844	1564	1.15339233e-04	1564.00000000	3.18141036e+15	3.30832947e+15	2.94080390e-03
626000	5511.08054388	1565	1.15412979e-04	1565.00000000	3.18144040e+15	3.30835957e+15	2.94082913e-03
626400	5514.61270707	1566	1.15486726e-04	1566.00000000	3.18147035e+15	3.30838959e+15	2.94085428e-03
626800	5518.13723451	1567	1.15560472e-04	1567.00000000	3.18150022e+15	3.30841953e+15	2.94087937e-03
627200	5521.65790744	1568	1.15634218e-04	1568.00000000	3.18153001e+15	3.30844938e+15	2.94090439e-03
627600	5525.17987536	1569	1.15707965e-04	1569.00000000	3.18155971e+15	3.30847915e+15	2.94092934e-03
628000	5528.69648621	1570	1.15781711e-04	1570.00000000	3.18158933e+15	3.30850884e+15	2.94095422e-03
628400	5532.20721740	1571	1.15855457e-04	1571.00000000	3.18161887e+15	3.30853845e+15	2.94097903e-03
628800	5535.73027878	1572	1.15929204e-04	1572.00000000	3.18164833e+15	3.30856797e+15	2.94100378e-03
629200	5539.25580906	1573	1.16002950e-04	1573.00000000	3.18167771e+15	3.30859742e+15	2.94102846e-03
629600	5542.77910851	1574	1.16076696e-04	1574.00000000	3.18170701e+15	3.30862678e+15	2.94105306e-03
630000	5546.28770704	1575	1.16150442e-04	1575.00000000	3.18173622e+15	3.30865606e+15	2.94107760e-03
630400	5549.79853772	1576	1.16224189e-04	1576.00000000	3.18176536e+15	3.30868526e+15	2.94110208e-03
630800	5553.32762830	1577	1.16297935e-04	1577.00000000	3.18179441e+15	3.30871438e+15	2.94112648e-03
631200	5556.85167455	1578	1.16371681e-04	1578.00000000	3.18182339e+15	3.30874342e+15	2.94115082e-03
631600	5560.37793845	1579	1.16445428e-04	1579.00000000	3.18185228e+15	3.30877238e+15	2.94117509e-03
632000	5563.89846310	1580	1.16519174e-04	1580.00000000	3.18188110e+15	3.30880126e+15	2.94119929e-03
632400	5567.42742855	1581	1.16592920e-04	1581.00000000	3.18190983e+15	3.30883006e+15	2.94122343e-03
632800	5570.94256541	1582	1.16666667e-04	1582.00000000	3.18193849e+15	3.30885878e+15	2.94124750e-03
633200	5574.45156467	1583	1.16740413e-04	1583.00000000	3.18196707e+15	3.30888742e+15	2.94127150e-03
633600	5577.97092897	1584	1.16814159e-04	1584.00000000	3.18199557e+15	3.30891598e+15	2.94129544e-03
634000	5581.48629311	1585	1.16887906e-04	1585.00000000	3.18202399e+15	3.30894446e+15	2.94131931e-03
634400	5585.00520653	1586	1.16961652e-04	1586.00000000	3.18205233e+15	3.30897287e+15	2.94134312e-03
634800	5588.53166946	1587	1.17035398e-04	1587.00000000	3.18208059e+15	3.30900119e+15	2.94136686e-03
635200	5592.05469076	1588	1.17109145e-04	1588.00000000	3.18210878e+15	3.30902944e+15	2.94139053e-03
635600	5595.58764449	1589	1.17182891e-04	1589.00000000	3.18213689e+15	3.30905761e+15	2.94141414e-03
636000	5599.11504334	1590	1.17256637e-04	1590.00000000	3.18216492e+15	3.30908571e+15	2.94143769e-03
636400	5602.62898877	1591	1.17330383e-04	1591.00000000	3.18219287e+15	3.30911372e+15	2.94146117e-03
636800	5606.14534564	1592	1.17404130e-04	1592.00000000	3.18222075e+15	3.30914166e+15	2.94148458e-03
637200	5609.66654618	1593	1.17477876e-04	1593.00000000	3.18224855e+15	3.30916952e+15	2.94150794e-03
637600	5613.19780963	1594	1.17551622e-04	1594.00000000	3.18227627e+15	3.30919731e+15	2.94153122e-03
638000	5616.71089321	1595	1.17625369e-04	1595.00000000	3.18230391e+15	3.30922501e+15	2.94155444e-03
638400	5620.23485329	1596	1.17699115e-04	1596.00000000	3.18233148e+15	3.30925264e+15	2.94157760e-03
638800	5623.74762591	1597	1.17772861e-04	1597.00000000	3.18235898e+15	3.30928020e+15	2.94160070e-03
639200	5627.26781400	1598	1.17846608e-04	1598.00000000	3.18238639e+15	3.30930768e+15	2.94162373e-03
639600	5630.79012833	1599	1.17920354e-04	1599.00000000	3.18241374e+15	3.30933508e+15	2.94164669e-03
640000	5634.31045965	1600	1.17994100e-04	1600.00000000	3.18244100e+15	3.30936240e+15	2.94166960e-03
640400	5637.82587726	1601	1.18067847e-04	1601.00000000	3.18246819e+15	3.30938966e+15	2.94169244e-03
640800	5641.34843497	1602	1.18141593e-04	1602.00000000	3.18249531e+15	3.30941683e+15	2.94171521e-03
641200	5644.86335179	1603	1.18215339e-04	1603.00000000	3.18252235e+15	3.30944394e+15	2.94173793e-03
641600	5648.39083008	1604	1.18289086e-04	1604.00000000	3.18254932e+15	3.30947097e+15	2.94176058e-03
642000	5651.91234909	1605	1.18362832e-04	1605.00000000	3.18257622e+15	3.30949792e+15	2.94178317e-03
642400	5655.42908880	1606	1.18436578e-04	1606.00000000	3.18260304e+15	3.30952480e+15	2.94180570e-03
642800	5658.94565308	1607	1.18510324e-04	1607.00000000	3.18262979e+15	3.30955161e+15	2.94182817e-03
643200	5662.48456018	1608	1.18584071e-04	1608.00000000	3.18265647e+15	3.30957835e+15	2.94185057e-03
643600	5666.00211765	1609	1.18657817e-04	1609.00000000	3.18268307e+15	3.30960501e+15	2.94187292e-03
644000	5669.51768347	1610	1.18731563e-04	1610.00000000	3.18270960e+15	3.30963160e+15	2.94189521e-03
644400	5673.03339347	1611	1.18805310e-04	1611.00000000	3.18273606e+15	3.30965812e+15	2.94191743e-03
644800	5676.55851475	1612	1.18879056e-04	1612.00000000	3.18276245e+15	3.30968456e+15	2.94193959e-03
645200	5680.08148202	1613	1.18952802e-04	1613.00000000	3.18278876e+15	3.30971094e+15	2.94196170e-03
645600	5683.60570496	1614	1.19026549e-04	1614.00000000	3.18281501e+15	3.30973724e+15	2.94198374e-03
646000	5687.13121291	1615	1.19100295e-04	1615.00000000	3.18284118e+15	3.30976347e+15	2.94200572e-03
646400	5690.66411624	1616	1.19174041e-04	1616.00000000	3.18286728e+15	3.30978963e+15	2.94202765e-03
646800	5694.18365996	1617	1.19247788e-04	1617.00000000	3.18289331e+15	3.30981572e+15	2.94204951e-03
647200	5697.70760528	1618	1.19321534e-04	1618.00000000	3.18291927e+15	3.30984173e+15	2.94207131e-03
647600	5701.22302612	1619	1.19395280e-04	1619.00000000	3.18294516e+15	3.30986768e+15	2.94209306e-03
648000	5704.72686411	1620	1.19469027e-04	1620.00000000	3.18297098e+15	3.30989355e+15	2.94211475e-03
648400	5708.25495723	1621	1.19542773e-04	1621.00000000	3.18299673e+15	3.30991936e+15	2.94213637e-03
648800	5711.78232727	1622	1.19616519e-04	1622.00000000	3.18302240e+15	3.30994509e+15	2.94215794e-03
649200	5715.30657950	1623	1.19690265e-04	1623.00000000	3.18304801e+15	3.30997076e+15	2.94217945e-03
649600	5718.82516845	1624	1.19764012e-04	1624.00000000	3.18307355e+15	3.30999635e+15	2.94220090e-03
650000	5722.34664132	1625	1.19837758e-04	1625.00000000	3.18309902e+15	3.31002187e+15	2.94222229e-03
650400	5725.86493222	1626	1.19911504e-04	1626.00000000	3.18312441e+15	3.31004733e+15	2.94224363e-03
650800	5729.38727736	1627	1.19985251e-04	1627.00000000	3.18314974e+15	3.31007271e+15	2.94226490e-03
651200	5732.90576502	1628	1.20058997e-04	1628.00000000	3.18317500e+15	3.31009803e+15	2.94228612e-03
651600	5736.42160058	1629	1.20132743e-04	1629.00000000	3.18320019e+15	3.31012327e+15	2.94230728e-03
652000	5739.94058918	1630	1.20206490e-04	1630.00000000	3.18322532e+15	3.31014845e+15	2.94232838e-03
652400	5743.45965719	1631	1.20280236e-04	1631.00000000	3.18325037e+15	3.31017356e+15	2.94234943e-03
652800	5746.97484129	1632	1.20353982e-04	1632.00000000	3.18327535e+15	3.31019860e+15	2.94237042e-03
653200	5750.49178473	1633	1.20427729e-04	1633.00000000	3.18330027e+15	3.31022357e+15	2.94239135e-03
653600	5754.01333374	1634	1.20501475e-04	1634.00000000	3.18332512e+15	3.31024848e+15	2.94241222e-03
654000	5757.54978780	1635	1.20575221e-04	1635.00000000	3.18334990e+15	3.31027331e+15	2.94243303e-03
654400	5761.06646987	1636	1.20648968e-04	1636.00000000	3.18337462e+15	3.31029808e+15	2.94245379e-03
654800	5764.59010514	1637	1.20722714e-04	1637.00000000	3.18339926e+15	3.31032278e+15	2.94247450e-03
655200	5768.11257094	1638	1.20796460e-04	1638.00000000	3.18342384e+15	3.31034741e+15	2.94249514e-03
655600	5771.64109618	1639	1.20870206e-04	1639.00000000	3.18344835e+15	3.31037198e+15	2.94251573e-03
656000	5775.15566043	1640	1.20943953e-04	1640.00000000	3.18347280e+15	3.31039648e+15	2.94253626e-03
656400	5778.68051798	1641	1.21017699e-04	1641.00000000	3.18349718e+15	3.31042091e+15	2.94255674e-03
656800	5782.21544080	1642	1.21091445e-04	1642.00000000	3.18352149e+15	3.31044528e+15	2.94257716e-03
657200	5785.74319591	1643	1.21165192e-04	1643.00000000	3.18354573e+15	3.31046958e+15	2.94259753e-03
657600	5789.26800062	1644	1.21238938e-04	1644.00000000	3.18356991e+15	3.31049381e+15	2.94261784e-03
658000	5792.79793566	1645	1.21312684e-04	1645.00000000	3.18359403e+15	3.31051798e+15	2.94263810e-03
658400	5796.33072080	1646	1.21386431e-04	1646.00000000	3.18361807e+15	3.31054208e+15	2.94265830e-03
658800	5799.85438778	1647	1.21460177e-04	1647.00000000	3.18364206e+15	3.31056611e+15	2.94267844e-03
659200	5803.36835566	1648	1.21533923e-04	1648.00000000	3.18366597e+15	3.31059008e+15	2.94269853e-03
659600	5806.89398738	1649	1.21607670e-04	1649.00000000	3.18368983e+15	3.31061399e+15	2.94271857e-03
660000	5810.42264656	1650	1.21681416e-04	1650.00000000	3.18371361e+15	3.31063783e+15	2.94273855e-03
660400	5813.94275548	1651	1.21755162e-04	1651.00000000	3.18373733e+15	3.31066160e+15	2.94275847e-03
660800	5817.46555231	1652	1.21828909e-04	1652.00000000	3.18376099e+15	3.31068531e+15	2.94277834e-03
661200	5820.99020501	1653	1.21902655e-04	1653.00000000	3.18378459e+15	3.31070896e+15	2.94279816e-03
661600	5824.50915061	1654	1.21976401e-04	1654.00000000	3.18380812e+15	3.31073254e+15	2.94281793e-03
662000	5828.03612414	1655	1.22050147e-04	1655.00000000	3.18383158e+15	3.31075605e+15	2.94283764e-03
662400	5831.55391782	1656	1.22123894e-04	1656.00000000	3.18385498e+15	3.31077951e+15	2.94285729e-03
662800	5835.07833591	1657	1.22197640e-04	1657.00000000	3.18387832e+15	3.31080290e+15	2.94287689e-03
663200	5838.63662597	1658	1.22271386e-04	1658.00000000	3.18390159e+15	3.31082622e+15	2.94289644e-03
663600	5842.16369934	1659	1.22345133e-04	1659.00000000	3.18392481e+15	3.31084948e+15	2.94291594e-03
664000	5845.67352866	1660	1.22418879e-04	1660.00000000	3.18394796e+15	3.31087268e+15	2.94293539e-03
664400	5849.18615888	1661	1.22492625e-04	1661.00000000	3.18397104e+15	3.31089582e+15	2.94295478e-03
664800	5852.70950030	1662	1.22566372e-04	1662.00000000	3.18399406e+15	3.31091890e+15	2.94297411e-03
665200	5856.23879183	1663	1.22640118e-04	1663.00000000	3.18401703e+15	3.31094191e+15	2.94299340e-03
665600	5859.76056106	1664	1.22713864e-04	1664.00000000	3.18403993e+15	3.31096486e+15	2.94301260e-03
666000	5863.27980878	1665	1.22787611e-04	1665.00000000	3.18406276e+15	3.31098774e+15	2.94303178e-03
666400	5866.79542047	1666	1.22861357e-04	1666.00000000	3.18408553e+15	3.31101056e+15	2.94305091e-03
666800	5870.31752480	1667	1.22935103e-04	1667.00000000	3.18410824e+15	3.31103332e+15	2.94306998e-03
667200	5873.85214973	1668	1.23008850e-04	1668.00000000	3.18413088e+15	3.31105601e+15	2.94308900e-03
667600	5877.36475743	1669	1.23082596e-04	1669.00000000	3.18415347e+15	3.31107865e+15	2.94310797e-03
668000	5880.89279919	1670	1.23156342e-04	1670.00000000	3.18417600e+15	3.31110122e+15	2.94312689e-03
668400	5884.42563692	1671	1.23230088e-04	1671.00000000	3.18419846e+15	3.31112374e+15	2.94314576e-03
668800	5888.05675218	1672	1.23303835e-04	1672.00000000	3.18422087e+15	3.31114619e+15	2.94316457e-03
669200	5891.58001951	1673	1.23377581e-04	1673.00000000	3.18424321e+15	3.31116858e+15	2.94318334e-03
669600	5895.10366765	1674	1.23451327e-04	1674.00000000	3.18426549e+15	3.31119092e+15	2.94320206e-03
670000	5898.62805344	1675	1.23525074e-04	1675.00000000	3.18428772e+15	3.31121319e+15	2.94322072e-03
670400	5902.14498497	1676	1.23598820e-04	1676.00000000	3.18430988e+15	3.31123540e+15	2.94323934e-03
670800	5905.65692129	1677	1.23672566e-04	1677.00000000	3.18433199e+15	3.31125756e+15	2.94325790e-03
671200	5909.18474143	1678	1.23746313e-04	1678.00000000	3.18435403e+15	3.31127965e+15	2.94327642e-03
671600	5912.70825112	1679	1.23820059e-04	1679.00000000	3.18437602e+15	3.31130169e+15	2.94329489e-03
672000	5916.23668272	1680	1.23893805e-04	1680.00000000	3.18439795e+15	3.31132366e+15	2.94331330e-03
672400	5919.75845416	1681	1.23967552e-04	1681.00000000	3.18441982e+15	3.31134558e+15	2.94333167e-03
672800	5923.27533382	1682	1.24041298e-04	1682.00000000	3.18444163e+15	3.31136744e+15	2.94334999e-03
673200	5926.79774568	1683	1.24115044e-04	1683.00000000	3.18446338e+15	3.31138924e+15	2.94336826e-03
673600	5930.32373230	1684	1.24188791e-04	1684.00000000	3.18448507e+15	3.31141098e+15	2.94338648e-03
674000	5933.84988981	1685	1.24262537e-04	1685.00000000	3.18450671e+15	3.31143266e+15	2.94340465e-03
674400	5937.37444859	1686	1.24336283e-04	1686.00000000	3.18452829e+15	3.31145429e+15	2.94342278e-03
674800	5940.89243753	1687	1.24410029e-04	1687.00000000	3.18454981e+15	3.31147585e+15	2.94344085e-03
675200	5944.41142325	1688	1.24483776e-04	1688.00000000	3.18457127e+15	3.31149736e+15	2.94345888e-03
675600	5947.93725804	1689	1.24557522e-04	1689.00000000	3.18459267e+15	3.31151881e+15	2.94347686e-03
676000	5951.45832726	1690	1.24631268e-04	1690.00000000	3.18461402e+15	3.31154021e+15	2.94349479e-03
676400	5954.98488940	1691	1.24705015e-04	1691.00000000	3.18463531e+15	3.31156154e+15	2.94351267e-03
676800	5958.50842398	1692	1.24778761e-04	1692.00000000	3.18465655e+15	3.31158282e+15	2.94353050e-03
677200	5962.02251484	1693	1.24852507e-04	1693.00000000	3.18467772e+15	3.31160405e+15	2.94354829e-03
677600	5965.53752313	1694	1.24926254e-04	1694.00000000	3.18469884e+15	3.31162521e+15	2.94356602e-03
678000	5969.04737833	1695	1.25000000e-04	1695.00000000	3.18471990e+15	3.31164631e+15	2.94358371e-03
678400	5972.56373112	1696	1.25073746e-04	1696.00000000	3.18474090e+15	3.31166736e+15	2.94360135e-03
678800	5976.06700518	1697	1.25147493e-04	1697.00000000	3.18476185e+15	3.31168835e+15	2.94361894e-03
679200	5979.57974829	1698	1.25221239e-04	1698.00000000	3.18478274e+15	3.31170929e+15	2.94363649e-03
679600	5983.08543583	1699	1.25294985e-04	1699.00000000	3.18480357e+15	3.31173017e+15	2.94365399e-03
680000	5986.59913987	1700	1.25368732e-04	1700.00000000	3.18482435e+15	3.31175100e+15	2.94367144e-03
680400	5990.10545852	1701	1.25442478e-04	1701.00000000	3.18484508e+15	3.31177177e+15	2.94368885e-03
680800	5993.62601650	1702	1.25516224e-04	1702.00000000	3.18486575e+15	3.31179248e+15	2.94370621e-03
681200	5997.13747014	1703	1.25589971e-04	1703.00000000	3.18488637e+15	3.31181314e+15	2.94372352e-03
681600	6000.65302695	1704	1.25663717e-04	1704.00000000	3.18490693e+15	3.31183375e+15	2.94374079e-03
682000	6004.16386385	1705	1.25737463e-04	1705.00000000	3.18492743e+15	3.31185430e+15	2.94375801e-03
682400	6007.68854834	1706	1.25811209e-04	1706.00000000	3.18494789e+15	3.31187480e+15	2.94377519e-03
682800	6011.19153989	1707	1.25884956e-04	1707.00000000	3.18496828e+15	3.31189524e+15	2.94379232e-03
683200	6014.71691558	1708	1.25958702e-04	1708.00000000	3.18498863e+15	3.31191563e+15	2.94380941e-03
683600	6018.23154355	1709	1.26032448e-04	1709.00000000	3.18500892e+15	3.31193596e+15	2.94382645e-03
684000	6021.73772133	1710	1.26106195e-04	1710.00000000	3.18502915e+15	3.31195624e+15	2.94384345e-03
684400	6025.23885011	1711	1.26179941e-04	1711.00000000	3.18504934e+15	3.31197647e+15	2.94386040e-03
684800	6028.75144832	1712	1.26253687e-04	1712.00000000	3.18506946e+15	3.31199664e+15	2.94387730e-03
685200	6032.26089098	1713	1.26327434e-04	1713.00000000	3.18508954e+15	3.31201676e+15	2.94389416e-03
685600	6035.77327526	1714	1.26401180e-04	1714.00000000	3.18510956e+15	3.31203683e+15	2.94391098e-03
686000	6039.28604796	1715	1.26474926e-04	1715.00000000	3.18512953e+15	3.31205684e+15	2.94392775e-03
686400	6042.80489521	1716	1.26548673e-04	1716.00000000	3.18514945e+15	3.31207680e+15	2.94394448e-03
686800	6046.32210276	1717	1.26622419e-04	1717.00000000	3.18516931e+15	3.31209671e+15	2.94396116e-03
687200	6049.83951405	1718	1.26696165e-04	1718.00000000	3.18518912e+15	3.31211656e+15	2.94397780e-03
687600	6053.35825579	1719	1.26769912e-04	1719.00000000	3.18520888e+15	3.31213636e+15	2.94399440e-03
688000	6056.86341927	1720	1.26843658e-04	1720.00000000	3.18522859e+15	3.31215611e+15	2.94401095e-03
688400	6060.39212895	1721	1.26917404e-04	1721.00000000	3.18524824e+15	3.31217581e+15	2.94402745e-03
688800	6063.91205539	1722	1.26991150e-04	1722.00000000	3.18526784e+15	3.31219545e+15	2.94404392e-03
689200	6067.43761985	1723	1.27064897e-04	1723.00000000	3.18528739e+15	3.31221504e+15	2.94406033e-03
689600	6070.95242117	1724	1.27138643e-04	1724.00000000	3.18530688e+15	3.31223457e+15	2.94407671e-03
690000	6074.47697412	1725	1.27212389e-04	1725.00000000	3.18532632e+15	3.31225406e+15	2.94409304e-03
690400	6078.00478507	1726	1.27286136e-04	1726.00000000	3.18534571e+15	3.31227349e+15	2.94410932e-03
690800	6081.52452204	1727	1.27359882e-04	1727.00000000	3.18536505e+15	3.31229287e+15	2.94412557e-03
691200	6085.03659270	1728	1.27433628e-04	1728.00000000	3.18538434e+15	3.31231220e+15	2.94414177e-03
691600	6088.55338564	1729	1.27507375e-04	1729.00000000	3.18540358e+15	3.31233148e+15	2.94415792e-03
692000	6092.08154072	1730	1.27581121e-04	1730.00000000	3.18542276e+15	3.31235071e+15	2.94417404e-03
692400	6095.59645001	1731	1.27654867e-04	1731.00000000	3.18544190e+15	3.31236988e+15	2.94419011e-03
692800	6099.11607230	1732	1.27728614e-04	1732.00000000	3.18546098e+15	3.31238901e+15	2.94420613e-03
693200	6102.63303404	1733	1.27802360e-04	1733.00000000	3.18548001e+15	3.31240808e+15	2.94422212e-03
693600	6106.13673347	1734	1.27876106e-04	1734.00000000	3.18549899e+15	3.31242710e+15	2.94423806e-03
694000	6109.63707320	1735	1.27949853e-04	1735.00000000	3.18551792e+15	3.31244607e+15	2.94425396e-03
694400	6113.14903164	1736	1.28023599e-04	1736.00000000	3.18553680e+15	3.31246499e+15	2.94426981e-03
694800	6116.65472446	1737	1.28097345e-04	1737.00000000	3.18555563e+15	3.31248386e+15	2.94428563e-03
695200	6120.18146614	1738	1.28171091e-04	1738.00000000	3.18557441e+15	3.31250268e+15	2.94430140e-03
695600	6123.70349065	1739	1.28244838e-04	1739.00000000	3.18559314e+15	3.31252145e+15	2.94431713e-03
696000	6127.23156968	1740	1.28318584e-04	1740.00000000	3.18561181e+15	3.31254017e+15	2.94433282e-03
696400	6130.73961290	1741	1.28392330e-04	1741.00000000	3.18563044e+15	3.31255884e+15	2.94434846e-03
696800	6134.24902101	1742	1.28466077e-04	1742.00000000	3.18564902e+15	3.31257746e+15	2.94436407e-03
697200	6137.77300827	1743	1.28539823e-04	1743.00000000	3.18566755e+15	3.31259603e+15	2.94437963e-03
697600	6141.28711078	1744	1.28613569e-04	1744.00000000	3.18568603e+15	3.31261454e+15	2.94439515e-03
698000	6144.81232256	1745	1.28687316e-04	1745.00000000	3.18570446e+15	3.31263301e+15	2.94441063e-03
698400	6148.33774007	1746	1.28761062e-04	1746.00000000	3.18572284e+15	3.31265143e+15	2.94442607e-03
698800	6151.86305974	1747	1.28834808e-04	1747.00000000	3.18574117e+15	3.31266980e+15	2.94444146e-03
699200	6155.39229831	1748	1.28908555e-04	1748.00000000	3.18575945e+15	3.31268812e+15	2.94445682e-03
699600	6158.90411347	1749	1.28982301e-04	1749.00000000	3.18577768e+15	3.31270639e+15	2.94447213e-03
700000	6162.66413455	1750	1.29056047e-04	1750.00000000	3.18579586e+15	3.31272462e+15	2.94448740e-03
700400	6166.18025044	1751	1.29129794e-04	1751.00000000	3.18581399e+15	3.31274279e+15	2.94450263e-03
700800	6169.69149817	1752	1.29203540e-04	1752.00000000	3.18583208e+15	3.31276091e+15	2.94451782e-03
701200	6173.20797620	1753	1.29277286e-04	1753.00000000	3.18585011e+15	3.31277899e+15	2.94453297e-03
701600	6176.72197612	1754	1.29351032e-04	1754.00000000	3.18586810e+15	3.31279702e+15	2.94454808e-03
702000	6180.24100915	1755	1.29424779e-04	1755.00000000	3.18588604e+15	3.31281499e+15	2.94456315e-03
702400	6183.76069132	1756	1.29498525e-04	1756.00000000	3.18590393e+15	3.31283292e+15	2.94457818e-03
702800	6187.27978767	1757	1.29572271e-04	1757.00000000	3.18592178e+15	3.31285081e+15	2.94459316e-03
703200	6190.80228507	1758	1.29646018e-04	1758.00000000	3.18593957e+15	3.31286864e+15	2.94460811e-03
703600	6194.31687159	1759	1.29719764e-04	1759.00000000	3.18595732e+15	3.31288643e+15	2.94462302e-03
704000	6197.84053211	1760	1.29793510e-04	1760.00000000	3.18597502e+15	3.31290416e+15	2.94463788e-03
704400	6201.34603131	1761	1.29867257e-04	1761.00000000	3.18599267e+15	3.31292186e+15	2.94465271e-03
704800	6204.86313448	1762	1.29941003e-04	1762.00000000	3.18601028e+15	3.31293950e+15	2.94466750e-03
705200	6208.38069266	1763	1.30014749e-04	1763.00000000	3.18602783e+15	3.31295709e+15	2.94468224e-03
705600	6211.90676982	1764	1.30088496e-04	1764.00000000	3.18604534e+15	3.31297464e+15	2.94469695e-03
706000	6215.43012420	1765	1.30162242e-04	1765.00000000	3.18606281e+15	3.31299214e+15	2.94471162e-03
706400	6218.95333204	1766	1.30235988e-04	1766.00000000	3.18608022e+15	3.31300960e+15	2.94472625e-03
706800	6222.47272859	1767	1.30309735e-04	1767.00000000	3.18609759e+15	3.31302701e+15	2.94474084e-03
707200	6226.01316694	1768	1.30383481e-04	1768.00000000	3.18611492e+15	3.31304437e+15	2.94475539e-03
707600	6229.52748679	1769	1.30457227e-04	1769.00000000	3.18613219e+15	3.31306168e+15	2.94476990e-03
708000	6233.04683689	1770	1.30530973e-04	1770.00000000	3.18614943e+15	3.31307895e+15	2.94478437e-03
708400	6236.56202863	1771	1.30604720e-04	1771.00000000	3.18616661e+15	3.31309617e+15	2.94479881e-03
708800	6240.07677203	1772	1.30678466e-04	1772.00000000	3.18618375e+15	3.31311335e+15	2.94481320e-03
709200	6243.60341655	1773	1.30752212e-04	1773.00000000	3.18620084e+15	3.31313048e+15	2.94482756e-03
709600	6247.12456131	1774	1.30825959e-04	1774.00000000	3.18621789e+15	3.31314756e+15	2.94484188e-03
710000	6250.65249231	1775	1.30899705e-04	1775.00000000	3.18623489e+15	3.31316460e+15	2.94485616e-03
710400	6254.18032954	1776	1.30973451e-04	1776.00000000	3.18625184e+15	3.31318159e+15	2.94487040e-03
710800	6257.71621919	1777	1.31047198e-04	1777.00000000	3.18626875e+15	3.31319853e+15	2.94488460e-03
711200	6261.24374218	1778	1.31120944e-04	1778.00000000	3.18628561e+15	3.31321543e+15	2.94489876e-03
711600	6264.76978541	1779	1.31194690e-04	1779.00000000	3.18630243e+15	3.31323229e+15	2.94491289e-03
712000	6268.28062898	1780	1.31268437e-04	1780.00000000	3.18631920e+15	3.31324910e+15	2.94492698e-03
712400	6271.80593896	1781	1.31342183e-04	1781.00000000	3.18633593e+15	3.31326586e+15	2.94494103e-03
712800	6275.33647973	1782	1.31415929e-04	1782.00000000	3.18635261e+15	3.31328258e+15	2.94495504e-03
713200	6278.85613006	1783	1.31489676e-04	1783.00000000	3.18636925e+15	3.31329925e+15	2.94496901e-03
713600	6282.37545516	1784	1.31563422e-04	1784.00000000	3.18638584e+15	3.31331588e+15	2.94498295e-03
714000	6285.89385103	1785	1.31637168e-04	1785.00000000	3.18640238e+15	3.31333246e+15	2.94499685e-03
714400	6289.42138209	1786	1.31710914e-04	1786.00000000	3.18641889e+15	3.31334900e+15	2.94501071e-03
714800	6292.93190533	1787	1.31784661e-04	1787.00000000	3.18643535e+15	3.31336549e+15	2.94502453e-03
715200	6296.45503168	1788	1.31858407e-04	1788.00000000	3.18645176e+15	3.31338194e+15	2.94503832e-03
715600	6299.96967030	1789	1.31932153e-04	1789.00000000	3.18646813e+15	3.31339835e+15	2.94505207e-03
716000	6303.49178108	1790	1.32005900e-04	1790.00000000	3.18648445e+15	3.31341471e+15	2.94506578e-03
716400	6307.01635337	1791	1.32079646e-04	1791.00000000	3.18650074e+15	3.31343103e+15	2.94507946e-03
716800	6310.53325608	1792	1.32153392e-04	1792.00000000	3.18651697e+15	3.31344730e+15	2.94509310e-03
717200	6314.04858210	1793	1.32227139e-04	1793.00000000	3.18653317e+15	3.31346353e+15	2.94510670e-03
717600	6317.56705124	1794	1.32300885e-04	1794.00000000	3.18654932e+15	3.31347971e+15	2.94512027e-03
718000	6321.07123904	1795	1.32374631e-04	1795.00000000	3.18656543e+15	3.31349586e+15	2.94513380e-03
718400	6324.58969206	1796	1.32448378e-04	1796.00000000	3.18658149e+15	3.31351196e+15	2.94514729e-03
718800	6328.08977528	1797	1.32522124e-04	1797.00000000	3.18659751e+15	3.31352801e+15	2.94516075e-03
719200	6331.60848730	1798	1.32595870e-04	1798.00000000	3.18661349e+15	3.31354402e+15	2.94517417e-03
719600	6335.11936539	1799	1.32669617e-04	1799.00000000	3.18662942e+15	3.31355999e+15	2.94518755e-03
720000	6338.61915954	1800	1.32743363e-04	1800.00000000	3.18664532e+15	3.31357592e+15	2.94520090e-03
720400	6342.11431099	1801	1.32817109e-04	1801.00000000	3.18666117e+15	3.31359181e+15	2.94521422e-03
720800	6345.62475467	1802	1.32890855e-04	1802.00000000	3.18667698e+15	3.31360765e+15	2.94522749e-03
721200	6349.15090372	1803	1.32964602e-04	1803.00000000	3.18669274e+15	3.31362345e+15	2.94524074e-03
721600	6352.66943510	1804	1.33038348e-04	1804.00000000	3.18670846e+15	3.31363921e+15	2.94525394e-03
722000	6356.18510771	1805	1.33112094e-04	1805.00000000	3.18672415e+15	3.31365492e+15	2.94526711e-03
722400	6359.69342538	1806	1.33185841e-04	1806.00000000	3.18673978e+15	3.31367059e+15	2.94528025e-03
722800	6363.19602887	1807	1.33259587e-04	1807.00000000	3.18675538e+15	3.31368623e+15	2.94529335e-03
723200	6366.71130286	1808	1.33333333e-04	1808.00000000	3.18677094e+15	3.31370182e+15	2.94530642e-03
723600	6370.21767562	1809	1.33407080e-04	1809.00000000	3.18678645e+15	3.31371736e+15	2.94531945e-03
724000	6373.73654104	1810	1.33480826e-04	1810.00000000	3.18680193e+15	3.31373287e+15	2.94533244e-03
724400	6377.24347175	1811	1.33554572e-04	1811.00000000	3.18681736e+15	3.31374833e+15	2.94534541e-03
724800	6380.74522074	1812	1.33628319e-04	1812.00000000	3.18683275e+15	3.31376376e+15	2.94535833e-03
725200	6384.25146758	1813	1.33702065e-04	1813.00000000	3.18684810e+15	3.31377914e+15	2.94537123e-03
725600	6387.77476390	1814	1.33775811e-04	1814.00000000	3.18686340e+15	3.31379448e+15	2.94538408e-03
726000	6391.28617128	1815	1.33849558e-04	1815.00000000	3.18687867e+15	3.31380978e+15	2.94539691e-03
726400	6394.79759884	1816	1.33923304e-04	1816.00000000	3.18689389e+15	3.31382504e+15	2.94540970e-03
726800	6398.31808165	1817	1.33997050e-04	1817.00000000	3.18690908e+15	3.31384026e+15	2.94542245e-03
727200	6401.82679494	1818	1.34070796e-04	1818.00000000	3.18692422e+15	3.31385543e+15	2.94543517e-03
727600	6405.34958149	1819	1.34144543e-04	1819.00000000	3.18693933e+15	3.31387057e+15	2.94544786e-03
728000	6408.86793675	1820	1.34218289e-04	1820.00000000	3.18695439e+15	3.31388567e+15	2.94546051e-03
728400	6412.38689839	1821	1.34292035e-04	1821.00000000	3.18696941e+15	3.31390072e+15	2.94547313e-03
728800	6415.89851097	1822	1.34365782e-04	1822.00000000	3.18698439e+15	3.31391574e+15	2.94548571e-03
729200	6419.41945160	1823	1.34439528e-04	1823.00000000	3.18699934e+15	3.31393071e+15	2.94549826e-03
729600	6422.93083941	1824	1.34513274e-04	1824.00000000	3.18701424e+15	3.31394564e+15	2.94551078e-03
730000	6426.43735731	1825	1.34587021e-04	1825.00000000	3.18702910e+15	3.31396054e+15	2.94552326e-03
730400	6429.94934864	1826	1.34660767e-04	1826.00000000	3.18704392e+15	3.31397539e+15	2.94553571e-03
730800	6433.64390532	1827	1.34734513e-04	1827.00000000	3.18705870e+15	3.31399021e+15	2.94554813e-03
731200	6437.16631502	1828	1.34808260e-04	1828.00000000	3.18707345e+15	3.31400498e+15	2.94556051e-03
731600	6440.69146461	1829	1.34882006e-04	1829.00000000	3.18708815e+15	3.31401972e+15	2.94557286e-03
732000	6444.20589172	1830	1.34955752e-04	1830.00000000	3.18710281e+15	3.31403441e+15	2.94558518e-03
732400	6447.72088047	1831	1.35029499e-04	1831.00000000	3.18711744e+15	3.31404907e+15	2.94559746e-03
732800	6451.24313460	1832	1.35103245e-04	1832.00000000	3.18713202e+15	3.31406368e+15	2.94560971e-03
733200	6454.76867801	1833	1.35176991e-04	1833.00000000	3.18714657e+15	3.31407826e+15	2.94562193e-03
733600	6458.29789917	1834	1.35250737e-04	1834.00000000	3.18716108e+15	3.31409280e+15	2.94563412e-03
734000	6461.82452376	1835	1.35324484e-04	1835.00000000	3.18717554e+15	3.31410730e+15	2.94564627e-03
734400	6465.34460499	1836	1.35398230e-04	1836.00000000	3.18718997e+15	3.31412176e+15	2.94565839e-03
734800	6468.86844482	1837	1.35471976e-04	1837.00000000	3.18720436e+15	3.31413618e+15	2.94567048e-03
735200	6472.39517589	1838	1.35545723e-04	1838.00000000	3.18721872e+15	3.31415057e+15	2.94568253e-03
735600	6475.92230212	1839	1.35619469e-04	1839.00000000	3.18723303e+15	3.31416491e+15	2.94569456e-03
736000	6479.44010591	1840	1.35693215e-04	1840.00000000	3.18724731e+15	3.31417922e+15	2.94570655e-03
736400	6482.95841393	1841	1.35766962e-04	1841.00000000	3.18726154e+15	3.31419349e+15	2.94571851e-03
736800	6486.47592536	1842	1.35840708e-04	1842.00000000	3.18727574e+15	3.31420772e+15	2.94573043e-03
737200	6489.98382275	1843	1.35914454e-04	1843.00000000	3.18728990e+15	3.31422191e+15	2.94574237e-03
737600	6493.49767193	1844	1.35988201e-04	1844.00000000	3.18730402e+15	3.31423606e+15	2.94575417e-03
738000	6497.02265024	1845	1.36061947e-04	1845.00000000	3.18731810e+15	3.31425017e+15	2.94576599e-03
738400	6500.53998990	1846	1.36135693e-04	1846.00000000	3.18733214e+15	3.31426424e+15	2.94577778e-03
738800	6504.04731033	1847	1.36209440e-04	1847.00000000	3.18734615e+15	3.31427827e+15	2.94578954e-03
739200	6507.56335597	1848	1.36283186e-04	1848.00000000	3.18736011e+15	3.31429227e+15	2.94580127e-03
739600	6511.09031765	1849	1.36356932e-04	1849.00000000	3.18737404e+15	3.31430623e+15	2.94581297e-03
740000	6514.59677791	1850	1.36430678e-04	1850.00000000	3.18738793e+15	3.31432015e+15	2.94582464e-03
740400	6518.11309313	1851	1.36504425e-04	1851.00000000	3.18740179e+15	3.31433403e+15	2.94583627e-03
740800	6521.64755351	1852	1.36578171e-04	1852.00000000	3.18741561e+15	3.31434788e+15	2.94584788e-03
741200	6525.16120197	1853	1.36651917e-04	1853.00000000	3.18742939e+15	3.31436169e+15	2.94585945e-03
741600	6528.68257723	1854	1.36725664e-04	1854.00000000	3.18744313e+15	3.31437547e+15	2.94587100e-03
742000	6532.20132426	1855	1.36799410e-04	1855.00000000	3.18745684e+15	3.31438921e+15	2.94588251e-03
742400	6535.71791583	1856	1.36873156e-04	1856.00000000	3.18747052e+15	3.31440291e+15	2.94589399e-03
742800	6539.23120807	1857	1.36946903e-04	1857.00000000	3.18748415e+15	3.31441657e+15	2.94590545e-03
743200	6542.74858182	1858	1.37020649e-04	1858.00000000	3.18749775e+15	3.31443020e+15	2.94591687e-03
743600	6546.26387622	1859	1.37094395e-04	1859.00000000	3.18751132e+15	3.31444380e+15	2.94592826e-03
744000	6549.76379999	1860	1.37168142e-04	1860.00000000	3.18752484e+15	3.31445735e+15	2.94593962e-03
744400	6553.27244271	1861	1.37241888e-04	1861.00000000	3.18753834e+15	3.31447088e+15	2.94595096e-03
744800	6556.78159974	1862	1.37315634e-04	1862.00000000	3.18755179e+15	3.31448436e+15	2.94596226e-03
745200	6560.29198600	1863	1.37389381e-04	1863.00000000	3.18756521e+15	3.31449781e+15	2.94597353e-03
745600	6563.80079823	1864	1.37463127e-04	1864.00000000	3.18757860e+15	3.31451122e+15	2.94598477e-03
746000	6567.31017548	1865	1.37536873e-04	1865.00000000	3.18759195e+15	3.31452460e+15	2.94599598e-03
746400	6570.83563324	1866	1.37610619e-04	1866.00000000	3.18760526e+15	3.31453794e+15	2.94600717e-03
746800	6574.36137883	1867	1.37684366e-04	1867.00000000	3.18761854e+15	3.31455125e+15	2.94601832e-03
747200	6577.88135531	1868	1.37758112e-04	1868.00000000	3.18763179e+15	3.31456452e+15	2.94602944e-03
747600	6581.39185102	1869	1.37831858e-04	1869.00000000	3.18764499e+15	3.31457776e+15	2.94604054e-03
748000	6584.91376334	1870	1.37905605e-04	1870.00000000	3.18765817e+15	3.31459096e+15	2.94605160e-03
748400	6588.43205006	1871	1.37979351e-04	1871.00000000	3.18767131e+15	3.31460413e+15	2.94606264e-03
748800	6591.95685178	1872	1.38053097e-04	1872.00000000	3.18768441e+15	3.31461727e+15	2.94607364e-03
749200	6595.47233901	1873	1.38126844e-04	1873.00000000	3.18769748e+15	3.31463036e+15	2.94608462e-03
749600	6598.98296936	1874	1.38200590e-04	1874.00000000	3.18771052e+15	3.31464343e+15	2.94609557e-03
750000	6602.49898471	1875	1.38274336e-04	1875.00000000	3.18772352e+15	3.31465646e+15	2.94610649e-03
750400	6606.01038706	1876	1.38348083e-04	1876.00000000	3.18773649e+15	3.31466945e+15	2.94611738e-03
750800	6609.53493697	1877	1.38421829e-04	1877.00000000	3.18774942e+15	3.31468242e+15	2.94612824e-03
751200	6613.05317498	1878	1.38495575e-04	1878.00000000	3.18776232e+15	3.31469534e+15	2.94613908e-03
751600	6616.57949389	1879	1.38569322e-04	1879.00000000	3.18777519e+15	3.31470824e+15	2.94614988e-03
752000	6620.09878430	1880	1.38643068e-04	1880.00000000	3.18778802e+15	3.31472110e+15	2.94616066e-03
752400	6623.63032120	1881	1.38716814e-04	1881.00000000	3.18780082e+15	3.31473392e+15	2.94617141e-03
752800	6627.13900404	1882	1.38790560e-04	1882.00000000	3.18781358e+15	3.31474671e+15	2.94618213e-03
753200	6630.65244609	1883	1.38864307e-04	1883.00000000	3.18782631e+15	3.31475947e+15	2.94619282e-03
753600	6634.18330711	1884	1.38938053e-04	1884.00000000	3.18783901e+15	3.31477220e+15	2.94620349e-03
754000	6637.71097858	1885	1.39011799e-04	1885.00000000	3.18785167e+15	3.31478488e+15	2.94621411e-03
754400	6641.23727830	1886	1.39085546e-04	1886.00000000	3.18786429e+15	3.31479753e+15	2.94622471e-03
754800	6644.76517294	1887	1.39159292e-04	1887.00000000	3.18787688e+15	3.31481015e+15	2.94623529e-03
755200	6648.29524388	1888	1.39233038e-04	1888.00000000	3.18788944e+15	3.31482273e+15	2.94624583e-03
755600	6651.82848770	1889	1.39306785e-04	1889.00000000	3.18790196e+15	3.31483528e+15	2.94625635e-03
756000	6655.35469525	1890	1.39380531e-04	1890.00000000	3.18791445e+15	3.31484780e+15	2.94626684e-03
756400	6658.87971100	1891	1.39454277e-04	1891.00000000	3.18792691e+15	3.31486028e+15	2.94627730e-03
756800	6662.40498934	1892	1.39528024e-04	1892.00000000	3.18793933e+15	3.31487273e+15	2.94628774e-03
757200	6665.93873516	1893	1.39601770e-04	1893.00000000	3.18795173e+15	3.31488515e+15	2.94629814e-03
757600	6669.46566160	1894	1.39675516e-04	1894.00000000	3.18796408e+15	3.31489754e+15	2.94630852e-03
758000	6672.98431712	1895	1.39749263e-04	1895.00000000	3.18797641e+15	3.31490989e+15	2.94631888e-03
758400	6676.51183766	1896	1.39823009e-04	1896.00000000	3.18798871e+15	3.31492221e+15	2.94632920e-03
758800	6680.04396021	1897	1.39896755e-04	1897.00000000	3.18800097e+15	3.31493450e+15	2.94633950e-03
759200	6683.56815255	1898	1.39970501e-04	1898.00000000	3.18801320e+15	3.31494675e+15	2.94634977e-03
759600	6687.09116109	1899	1.40044248e-04	1899.00000000	3.18802539e+15	3.31495897e+15	2.94636002e-03
760000	6690.60653944	1900	1.40117994e-04	1900.00000000	3.18803756e+15	3.31497116e+15	2.94637023e-03
760400	6694.12296894	1901	1.40191740e-04	1901.00000000	3.18804969e+15	3.31498332e+15	2.94638042e-03
760800	6697.64083411	1902	1.40265487e-04	1902.00000000	3.18806179e+15	3.31499545e+15	2.94639059e-03
761200	6701.18290515	1903	1.40339233e-04	1903.00000000	3.18807385e+15	3.31500754e+15	2.94640072e-03
761600	6704.70221510	1904	1.40412979e-04	1904.00000000	3.18808589e+15	3.31501960e+15	2.94641083e-03
762000	6708.21993903	1905	1.40486726e-04	1905.00000000	3.18809789e+15	3.31503163e+15	2.94642091e-03
762400	6711.74202392	1906	1.40560472e-04	1906.00000000	3.18810987e+15	3.31504363e+15	2.94643097e-03
762800	6715.26299945	1907	1.40634218e-04	1907.00000000	3.18812181e+15	3.31505559e+15	2.94644100e-03
763200	6718.77758528	1908	1.40707965e-04	1908.00000000	3.18813371e+15	3.31506753e+15	2.94645100e-03
763600	6722.28768568	1909	1.40781711e-04	1909.00000000	3.18814559e+15	3.31507943e+15	2.94646098e-03
764000	6725.80573335	1910	1.40855457e-04	1910.00000000	3.18815744e+15	3.31509130e+15	2.94647093e-03
764400	6729.32286420	1911	1.40929204e-04	1911.00000000	3.18816925e+15	3.31510314e+15	2.94648085e-03
764800	6732.83023559	1912	1.41002950e-04	1912.00000000	3.18818103e+15	3.31511495e+15	2.94649075e-03
765200	6736.35714450	1913	1.41076696e-04	1913.00000000	3.18819279e+15	3.31512672e+15	2.94650062e-03
765600	6739.88826169	1914	1.41150442e-04	1914.00000000	3.18820451e+15	3.31513847e+15	2.94651046e-03
766000	6743.41230417	1915	1.41224189e-04	1915.00000000	3.18821619e+15	3.31515018e+15	2.94652028e-03
766400	6746.92771859	1916	1.41297935e-04	1916.00000000	3.18822785e+15	3.31516187e+15	2.94653007e-03
766800	6750.44517894	1917	1.41371681e-04	1917.00000000	3.18823948e+15	3.31517352e+15	2.94653984e-03
767200	6753.96417346	1918	1.41445428e-04	1918.00000000	3.18825108e+15	3.31518514e+15	2.94654958e-03
767600	6757.49269715	1919	1.41519174e-04	1919.00000000	3.18826264e+15	3.31519673e+15	2.94655929e-03
768000	6761.01584701	1920	1.41592920e-04	1920.00000000	3.18827418e+15	3.31520829e+15	2.94656898e-03
768400	6764.53610160	1921	1.41666667e-04	1921.00000000	3.18828568e+15	3.31521982e+15	2.94657865e-03
768800	6768.05704223	1922	1.41740413e-04	1922.00000000	3.18829716e+15	3.31523132e+15	2.94658828e-03
769200	6771.58556985	1923	1.41814159e-04	1923.00000000	3.18830860e+15	3.31524279e+15	2.94659790e-03
769600	6775.11945139	1924	1.41887906e-04	1924.00000000	3.18832002e+15	3.31525423e+15	2.94660748e-03
770000	6778.64161888	1925	1.41961652e-04	1925.00000000	3.18833140e+15	3.31526564e+15	2.94661705e-03
770400	6782.15704696	1926	1.42035398e-04	1926.00000000	3.18834275e+15	3.31527702e+15	2.94662658e-03
770800	6785.67536161	1927	1.42109145e-04	1927.00000000	3.18835408e+15	3.31528836e+15	2.94663609e-03
771200	6789.20173155	1928	1.42182891e-04	1928.00000000	3.18836537e+15	3.31529968e+15	2.94664558e-03
771600	6792.70841786	1929	1.42256637e-04	1929.00000000	3.18837664e+15	3.31531097e+15	2.94665504e-03
772000	6796.23134528	1930	1.42330383e-04	1930.00000000	3.18838787e+15	3.31532223e+15	2.94666448e-03
772400	6799.74620010	1931	1.42404130e-04	1931.00000000	3.18839908e+15	3.31533346e+15	2.94667389e-03
772800	6803.25551981	1932	1.42477876e-04	1932.00000000	3.18841025e+15	3.31534466e+15	2.94668328e-03
773200	6806.76592779	1933	1.42551622e-04	1933.00000000	3.18842140e+15	3.31535583e+15	2.94669264e-03
773600	6810.26770342	1934	1.42625369e-04	1934.00000000	3.18843252e+15	3.31536697e+15	2.94670198e-03
774000	6813.77878618	1935	1.42699115e-04	1935.00000000	3.18844361e+15	3.31537808e+15	2.94671129e-03
774400	6817.30293184	1936	1.42772861e-04	1936.00000000	3.18845467e+15	3.31538917e+15	2.94672058e-03
774800	6820.82706055	1937	1.42846608e-04	1937.00000000	3.18846570e+15	3.31540022e+15	2.94672984e-03
775200	6824.34457952	1938	1.42920354e-04	1938.00000000	3.18847670e+15	3.31541125e+15	2.94673908e-03
775600	6827.87331988	1939	1.42994100e-04	1939.00000000	3.18848767e+15	3.31542224e+15	2.94674830e-03
776000	6831.39157263	1940	1.43067847e-04	1940.00000000	3.18849861e+15	3.31543321e+15	2.94675749e-03
776400	6834.90310764	1941	1.43141593e-04	1941.00000000	3.18850953e+15	3.31544415e+15	2.94676666e-03
776800	6838.41486385	1942	1.43215339e-04	1942.00000000	3.18852041e+15	3.31545506e+15	2.94677580e-03
777200	6841.93890258	1943	1.43289086e-04	1943.00000000	3.18853127e+15	3.31546594e+15	2.94678492e-03
777600	6845.46290155	1944	1.43362832e-04	1944.00000000	3.18854210e+15	3.31547679e+15	2.94679402e-03
778000	6848.97909278	1945	1.43436578e-04	1945.00000000	3.18855290e+15	3.31548761e+15	2.94680309e-03
778400	6852.49810937	1946	1.43510324e-04	1946.00000000	3.18856367e+15	3.31549841e+15	2.94681214e-03
778800	6856.01744478	1947	1.43584071e-04	1947.00000000	3.18857442e+15	3.31550917e+15	2.94682116e-03
779200	6859.54802313	1948	1.43657817e-04	1948.00000000	3.18858513e+15	3.31551991e+15	2.94683016e-03
779600	6863.06948317	1949	1.43731563e-04	1949.00000000	3.18859582e+15	3.31553062e+15	2.94683914e-03
780000	6866.60473423	1950	1.43805310e-04	1950.00000000	3.18860648e+15	3.31554131e+15	2.94684809e-03
780400	6870.13498794	1951	1.43879056e-04	1951.00000000	3.18861711e+15	3.31555196e+15	2.94685702e-03
780800	6873.65619529	1952	1.43952802e-04	1952.00000000	3.18862771e+15	3.31556258e+15	2.94686593e-03
781200	6877.18497155	1953	1.44026549e-04	1953.00000000	3.18863829e+15	3.31557318e+15	2.94687481e-03
781600	6880.70533765	1954	1.44100295e-04	1954.00000000	3.18864883e+15	3.31558375e+15	2.94688367e-03
782000	6884.22689545	1955	1.44174041e-04	1955.00000000	3.18865935e+15	3.31559429e+15	2.94689250e-03
782400	6887.74426353	1956	1.44247788e-04	1956.00000000	3.18866985e+15	3.31560481e+15	2.94690132e-03
782800	6891.26817170	1957	1.44321534e-04	1957.00000000	3.18868031e+15	3.31561529e+15	2.94691010e-03
783200	6894.78226027	1958	1.44395280e-04	1958.00000000	3.18869075e+15	3.31562575e+15	2.94691887e-03
783600	6898.30245093	1959	1.44469027e-04	1959.00000000	3.18870116e+15	3.31563619e+15	2.94692761e-03
784000	6901.82151764	1960	1.44542773e-04	1960.00000000	3.18871154e+15	3.31564659e+15	2.94693633e-03
784400	6905.34219127	1961	1.44616519e-04	1961.00000000	3.18872189e+15	3.31565697e+15	2.94694503e-03
784800	6908.86018606	1962	1.44690265e-04	1962.00000000	3.18873222e+15	3.31566731e+15	2.94695370e-03
785200	6912.38505751	1963	1.44764012e-04	1963.00000000	3.18874252e+15	3.31567764e+15	2.94696235e-03
785600	6915.91189120	1964	1.44837758e-04	1964.00000000	3.18875279e+15	3.31568793e+15	2.94697098e-03
786000	6919.43846776	1965	1.44911504e-04	1965.00000000	3.18876304e+15	3.31569820e+15	2.94697959e-03
786400	6922.95694438	1966	1.44985251e-04	1966.00000000	3.18877326e+15	3.31570844e+15	2.94698817e-03
786800	6926.49685332	1967	1.45058997e-04	1967.00000000	3.18878345e+15	3.31571865e+15	2.94699673e-03
787200	6930.03132448	1968	1.45132743e-04	1968.00000000	3.18879361e+15	3.31572884e+15	2.94700527e-03
787600	6933.55947541	1969	1.45206490e-04	1969.00000000	3.18880375e+15	3.31573900e+15	2.94701379e-03
788000	6937.08741897	1970	1.45280236e-04	1970.00000000	3.18881386e+15	3.31574913e+15	2.94702228e-03
788400	6940.60872681	1971	1.45353982e-04	1971.00000000	3.18882395e+15	3.31575924e+15	2.94703075e-03
788800	6944.13694384	1972	1.45427729e-04	1972.00000000	3.18883400e+15	3.31576932e+15	2.94703920e-03
789200	6947.66274005	1973	1.45501475e-04	1973.00000000	3.18884403e+15	3.31577937e+15	2.94704762e-03
789600	6951.18556817	1974	1.45575221e-04	1974.00000000	3.18885404e+15	3.31578940e+15	2.94705603e-03
790000	6954.71364789	1975	1.45648968e-04	1975.00000000	3.18886402e+15	3.31579940e+15	2.94706441e-03
790400	6958.24662248	1976	1.45722714e-04	1976.00000000	3.18887397e+15	3.31580937e+15	2.94707277e-03
790800	6961.75495900	1977	1.45796460e-04	1977.00000000	3.18888389e+15	3.31581932e+15	2.94708110e-03
791200	6965.26816597	1978	1.45870206e-04	1978.00000000	3.18889379e+15	3.31582924e+15	2.94708942e-03
791600	6968.79926893	1979	1.45943953e-04	1979.00000000	3.18890367e+15	3.31583913e+15	2.94709771e-03
792000	6972.32386808	1980	1.46017699e-04	1980.00000000	3.18891351e+15	3.31584900e+15	2.94710598e-03
792400	6975.84965806	1981	1.46091445e-04	1981.00000000	3.18892333e+15	3.31585884e+15	2.94711423e-03
792800	6979.36259286	1982	1.46165192e-04	1982.00000000	3.18893313e+15	3.31586866e+15	2.94712246e-03
793200	6982.89512099	1983	1.46238938e-04	1983.00000000	3.18894290e+15	3.31587845e+15	2.94713066e-03
793600	6986.43262801	1984	1.46312684e-04	1984.00000000	3.18895264e+15	3.31588821e+15	2.94713885e-03
794000	6989.94745184	1985	1.46386431e-04	1985.00000000	3.18896236e+15	3.31589795e+15	2.94714701e-03
794400	6993.45045026	1986	1.46460177e-04	1986.00000000	3.18897205e+15	3.31590766e+15	2.94715515e-03
794800	6996.96973366	1987	1.46533923e-04	1987.00000000	3.18898172e+15	3.31591735e+15	2.94716327e-03
795200	7000.48971812	1988	1.46607670e-04	1988.00000000	3.18899136e+15	3.31592701e+15	2.94717137e-03
795600	7004.00250331	1989	1.46681416e-04	1989.00000000	3.18900098e+15	3.31593665e+15	2.94717945e-03
796000	7007.52271380	1990	1.46755162e-04	1990.00000000	3.18901057e+15	3.31594626e+15	2.94718750e-03
796400	7011.04015036	1991	1.46828909e-04	1991.00000000	3.18902013e+15	3.31595585e+15	2.94719554e-03
796800	7014.56663743	1992	1.46902655e-04	1992.00000000	3.18902968e+15	3.31596541e+15	2.94720355e-03
797200	7018.08692734	1993	1.46976401e-04	1993.00000000	3.18903919e+15	3.31597495e+15	2.94721155e-03
797600	7021.61835596	1994	1.47050147e-04	1994.00000000	3.18904868e+15	3.31598446e+15	2.94721952e-03
798000	7025.11945184	1995	1.47123894e-04	1995.00000000	3.18905815e+15	3.31599394e+15	2.94722747e-03
798400	7028.62933811	1996	1.47197640e-04	1996.00000000	3.18906759e+15	3.31600341e+15	2.94723540e-03
798800	7032.14835489	1997	1.47271386e-04	1997.00000000	3.18907701e+15	3.31601284e+15	2.94724331e-03
799200	7035.66963317	1998	1.47345133e-04	1998.00000000	3.18908640e+15	3.31602225e+15	2.94725120e-03
799600	7039.18486700	1999	1.47418879e-04	1999.00000000	3.18909577e+15	3.31603164e+15	2.94725906e-03
800000	7042.68713850	2000	1.47492625e-04	2000.00000000	3.18910511e+15	3.31604101e+15	2.94726691e-03
800400	7046.20504369	2001	1.47566372e-04	2001.00000000	3.18911443e+15	3.31605034e+15	2.94727474e-03
800800	7049.71606040	2002	1.47640118e-04	2002.00000000	3.18912372e+15	3.31605966e+15	2.94728255e-03
801200	7053.21494268	2003	1.47713864e-04	2003.00000000	3.18913299e+15	3.31606895e+15	2.94729033e-03
801600	7056.72593062	2004	1.47787611e-04	2004.00000000	3.18914224e+15	3.31607821e+15	2.94729810e-03
802000	7060.22862395	2005	1.47861357e-04	2005.00000000	3.18915146e+15	3.31608745e+15	2.94730584e-03
802400	7063.73337316	2006	1.47935103e-04	2006.00000000	3.18916065e+15	3.31609667e+15	2.94731357e-03
802800	7067.23936857	2007	1.48008850e-04	2007.00000000	3.18916983e+15	3.31610586e+15	2.94732127e-03
803200	7070.75498508	2008	1.48082596e-04	2008.00000000	3.18917898e+15	3.31611503e+15	2.94732896e-03
803600	7074.27901734	2009	1.48156342e-04	2009.00000000	3.18918810e+15	3.31612418e+15	2.94733662e-03
804000	7077.78457236	2010	1.48230088e-04	2010.00000000	3.18919720e+15	3.31613330e+15	2.94734427e-03
804400	7081.30943710	2011	1.48303835e-04	2011.00000000	3.18920628e+15	3.31614240e+15	2.94735189e-03
804800	7084.82898024	2012	1.48377581e-04	2012.00000000	3.18921533e+15	3.31615147e+15	2.94735950e-03
805200	7088.35345013	2013	1.48451327e-04	2013.00000000	3.18922436e+15	3.31616052e+15	2.94736708e-03
805600	7091.88396361	2014	1.48525074e-04	2014.00000000	3.18923337e+15	3.31616954e+15	2.94737465e-03
806000	7095.38504339	2015	1.48598820e-04	2015.00000000	3.18924235e+15	3.31617855e+15	2.94738219e-03
806400	7098.90314404	2016	1.48672566e-04	2016.00000000	3.18925131e+15	3.31618753e+15	2.94738972e-03
806800	7102.42731150	2017	1.48746313e-04	2017.00000000	3.18926025e+15	3.31619648e+15	2.94739722e-03
807200	7105.93509204	2018	1.48820059e-04	2018.00000000	3.18926916e+15	3.31620541e+15	2.94740471e-03
807600	7109.44940867	2019	1.48893805e-04	2019.00000000	3.18927806e+15	3.31621432e+15	2.94741218e-03
808000	7112.97030111	2020	1.48967552e-04	2020.00000000	3.18928693e+15	3.31622321e+15	2.94741963e-03
808400	7116.50203798	2021	1.49041298e-04	2021.00000000	3.18929577e+15	3.31623208e+15	2.94742706e-03
808800	7120.02192873	2022	1.49115044e-04	2022.00000000	3.18930460e+15	3.31624092e+15	2.94743449e-03
809200	7123.54515783	2023	1.49188791e-04	2023.00000000	3.18931340e+15	3.31624974e+15	2.94744188e-03
809600	7127.07184811	2024	1.49262537e-04	2024.00000000	3.18932218e+15	3.31625854e+15	2.94744926e-03
810000	7130.58921446	2025	1.49336283e-04	2025.00000000	3.18933093e+15	3.31626732e+15	2.94745661e-03
810400	7134.11919553	2026	1.49410029e-04	2026.00000000	3.18933967e+15	3.31627607e+15	2.94746394e-03
810800	7137.64616030	2027	1.49483776e-04	2027.00000000	3.18934838e+15	3.31628479e+15	2.94747126e-03
811200	7141.17397919	2028	1.49557522e-04	2028.00000000	3.18935706e+15	3.31629350e+15	2.94747855e-03
811600	7144.69547642	2029	1.49631268e-04	2029.00000000	3.18936573e+15	3.31630218e+15	2.94748583e-03
812000	7148.22448793	2030	1.49705015e-04	2030.00000000	3.18937437e+15	3.31631084e+15	2.94749309e-03
812400	7151.73179459	2031	1.49778761e-04	2031.00000000	3.18938299e+15	3.31631948e+15	2.94750033e-03
812800	7155.24868642	2032	1.49852507e-04	2032.00000000	3.18939158e+15	3.31632810e+15	2.94750755e-03
813200	7158.77252229	2033	1.49926254e-04	2033.00000000	3.18940016e+15	3.31633669e+15	2.94751475e-03
813600	7162.29520290	2034	1.50000000e-04	2034.00000000	3.18940871e+15	3.31634526e+15	2.94752193e-03
814000	7165.83065449	2035	1.50073746e-04	2035.00000000	3.18941724e+15	3.31635381e+15	2.94752910e-03
814400	7169.35369522	2036	1.50147493e-04	2036.00000000	3.18942575e+15	3.31636234e+15	2.94753625e-03
814800	7172.87097196	2037	1.50221239e-04	2037.00000000	3.18943424e+15	3.31637084e+15	2.94754338e-03
815200	7176.38625684	2038	1.50294985e-04	2038.00000000	3.18944271e+15	3.31637933e+15	2.94755049e-03
815600	7179.91848972	2039	1.50368732e-04	2039.00000000	3.18945115e+15	3.31638779e+15	2.94755758e-03
816000	7183.44832195	2040	1.50442478e-04	2040.00000000	3.18945958e+15	3.31639623e+15	2.94756466e-03
816400	7186.97431839	2041	1.50516224e-04	2041.00000000	3.18946798e+15	3.31640465e+15	2.94757171e-03
816800	7190.49854995	2042	1.50589971e-04	2042.00000000	3.18947636e+15	3.31641305e+15	2.94757875e-03
817200	7194.01355218	2043	1.50663717e-04	2043.00000000	3.18948471e+15	3.31642143e+15	2.94758577e-03
817600	7197.52085819	2044	1.50737463e-04	2044.00000000	3.18949305e+15	3.31642978e+15	2.94759277e-03
818000	7201.04477200	2045	1.50811209e-04	2045.00000000	3.18950136e+15	3.31643811e+15	2.94759975e-03
818400	7204.54201157	2046	1.50884956e-04	2046.00000000	3.18950966e+15	3.31644642e+15	2.94760672e-03
818800	7208.06900054	2047	1.50958702e-04	2047.00000000	3.18951793e+15	3.31645471e+15	2.94761367e-03
819200	7211.59413685	2048	1.51032448e-04	2048.00000000	3.18952617e+15	3.31646298e+15	2.94762059e-03
819600	7215.12314589	2049	1.51106195e-04	2049.00000000	3.18953440e+15	3.31647122e+15	2.94762750e-03
820000	7218.62318822	2050	1.51179941e-04	2050.00000000	3.18954261e+15	3.31647945e+15	2.94763440e-03
820400	7222.13122247	2051	1.51253687e-04	2051.00000000	3.18955079e+15	3.31648765e+15	2.94764127e-03
820800	7225.64718909	2052	1.51327434e-04	2052.00000000	3.18955896e+15	3.31649583e+15	2.94764813e-03
821200	7229.15141407	2053	1.51401180e-04	2053.00000000	3.18956710e+15	3.31650399e+15	2.94765497e-03
821600	7232.67700386	2054	1.51474926e-04	2054.00000000	3.18957522e+15	3.31651213e+15	2.94766179e-03
822000	7236.19946795	2055	1.51548673e-04	2055.00000000	3.18958332e+15	3.31652025e+15	2.94766859e-03
822400	7239.73414516	2056	1.51622419e-04	2056.00000000	3.18959140e+15	3.31652834e+15	2.94767538e-03
822800	7243.25361021	2057	1.51696165e-04	2057.00000000	3.18959946e+15	3.31653642e+15	2.94768215e-03
823200	7246.78986864	2058	1.51769912e-04	2058.00000000	3.18960750e+15	3.31654448e+15	2.94768890e-03
823600	7250.30675571	2059	1.51843658e-04	2059.00000000	3.18961552e+15	3.31655251e+15	2.94769563e-03
824000	7253.82211757	2060	1.51917404e-04	2060.00000000	3.18962351e+15	3.31656052e+15	2.94770235e-03
824400	7257.35194336	2061	1.51991150e-04	2061.00000000	3.18963149e+15	3.31656852e+15	2.94770905e-03
824800	7260.86734263	2062	1.52064897e-04	2062.00000000	3.18963944e+15	3.31657649e+15	2.94771573e-03
825200	7264.36392930	2063	1.52138643e-04	2063.00000000	3.18964738e+15	3.31658444e+15	2.94772240e-03
825600	7267.87344614	2064	1.52212389e-04	2064.00000000	3.18965529e+15	3.31659237e+15	2.94772904e-03
826000	7271.40510676	2065	1.52286136e-04	2065.00000000	3.18966319e+15	3.31660028e+15	2.94773567e-03
826400	7274.93715676	2066	1.52359882e-04	2066.00000000	3.18967106e+15	3.31660817e+15	2.94774229e-03
826800	7278.45878936	2067	1.52433628e-04	2067.00000000	3.18967891e+15	3.31661604e+15	2.94774888e-03
827200	7281.98938642	2068	1.52507375e-04	2068.00000000	3.18968674e+15	3.31662389e+15	2.94775546e-03
827600	7285.51401375	2069	1.52581121e-04	2069.00000000	3.18969456e+15	3.31663172e+15	2.94776202e-03
828000	7289.03243946	2070	1.52654867e-04	2070.00000000	3.18970235e+15	3.31663953e+15	2.94776857e-03
828400	7292.54847483	2071	1.52728614e-04	2071.00000000	3.18971012e+15	3.31664732e+15	2.94777509e-03
828800	7296.07059554	2072	1.52802360e-04	2072.00000000	3.18971787e+15	3.31665508e+15	2.94778160e-03
829200	7299.59698976	2073	1.52876106e-04	2073.00000000	3.18972560e+15	3.31666283e+15	2.94778810e-03
829600	7303.10729752	2074	1.52949853e-04	2074.00000000	3.18973331e+15	3.31667056e+15	2.94779457e-03
830000	7306.62961379	2075	1.53023599e-04	2075.00000000	3.18974100e+15	3.31667827e+15	2.94780103e-03
830400	7310.14951341	2076	1.53097345e-04	2076.00000000	3.18974867e+15	3.31668595e+15	2.94780748e-03
830800	7313.66670442	2077	1.53171091e-04	2077.00000000	3.18975632e+15	3.31669362e+15	2.94781390e-03
831200	7317.18259767	2078	1.53244838e-04	2078.00000000	3.18976395e+15	3.31670127e+15	2.94782031e-03
831600	7320.70236034	2079	1.53318584e-04	2079.00000000	3.18977157e+15	3.31670890e+15	2.94782671e-03
832000	7324.21991528	2080	1.53392330e-04	2080.00000000	3.18977916e+15	3.31671650e+15	2.94783308e-03
832400	7327.74194582	2081	1.53466077e-04	2081.00000000	3.18978673e+15	3.31672409e+15	2.94783944e-03
832800	7331.25414677	2082	1.53539823e-04	2082.00000000	3.18979428e+15	3.31673166e+15	2.94784578e-03
833200	7334.77289337	2083	1.53613569e-04	2083.00000000	3.18980181e+15	3.31673921e+15	2.94785211e-03
833600	7338.29402591	2084	1.53687316e-04	2084.00000000	3.18980933e+15	3.31674674e+15	2.94785842e-03
834000	7341.80979784	2085	1.53761062e-04	2085.00000000	3.18981682e+15	3.31675425e+15	2.94786472e-03
834400	7345.32959918	2086	1.53834808e-04	2086.00000000	3.18982429e+15	3.31676174e+15	2.94787099e-03
834800	7348.83784407	2087	1.53908555e-04	2087.00000000	3.18983175e+15	3.31676921e+15	2.94787726e-03
835200	7352.34821645	2088	1.53982301e-04	2088.00000000	3.18983918e+15	3.31677666e+15	2.94788350e-03
835600	7355.87723528	2089	1.54056047e-04	2089.00000000	3.18984660e+15	3.31678409e+15	2.94788973e-03
836000	7359.38785997	2090	1.54129794e-04	2090.00000000	3.18985400e+15	3.31679150e+15	2.94789594e-03
836400	7362.90637920	2091	1.54203540e-04	2091.00000000	3.18986137e+15	3.31679890e+15	2.94790214e-03
836800	7366.41525229	2092	1.54277286e-04	2092.00000000	3.18986873e+15	3.31680627e+15	2.94790832e-03
837200	7369.94169720	2093	1.54351032e-04	2093.00000000	3.18987607e+15	3.31681363e+15	2.94791448e-03
837600	7373.45960246	2094	1.54424779e-04	2094.00000000	3.18988339e+15	3.31682096e+15	2.94792063e-03
838000	7376.97025698	2095	1.54498525e-04	2095.00000000	3.18989069e+15	3.31682828e+15	2.94792677e-03
838400	7380.48340718	2096	1.54572271e-04	2096.00000000	3.18989798e+15	3.31683558e+15	2.94793288e-03
838800	7384.00065961	2097	1.54646018e-04	2097.00000000	3.18990524e+15	3.31684286e+15	2.94793898e-03
839200	7387.51520779	2098	1.54719764e-04	2098.00000000	3.18991249e+15	3.31685012e+15	2.94794507e-03
839600	7391.03059374	2099	1.54793510e-04	2099.00000000	3.18991971e+15	3.31685736e+15	2.94795114e-03
840000	7394.55672951	2100	1.54867257e-04	2100.00000000	3.18992692e+15	3.31686458e+15	2.94795719e-03
840400	7398.08436151	2101	1.54941003e-04	2101.00000000	3.18993411e+15	3.31687179e+15	2.94796323e-03
840800	7401.59483853	2102	1.55014749e-04	2102.00000000	3.18994128e+15	3.31687898e+15	2.94796925e-03
841200	7405.11952844	2103	1.55088496e-04	2103.00000000	3.18994843e+15	3.31688614e+15	2.94797526e-03
841600	7408.63616905	2104	1.55162242e-04	2104.00000000	3.18995557e+15	3.31689329e+15	2.94798125e-03
842000	7412.15079944	2105	1.55235988e-04	2105.00000000	3.18996268e+15	3.31690042e+15	2.94798723e-03
842400	7415.67493424	2106	1.55309735e-04	2106.00000000	3.18996978e+15	3.31690753e+15	2.94799319e-03
842800	7419.18740784	2107	1.55383481e-04	2107.00000000	3.18997686e+15	3.31691463e+15	2.94799914e-03
843200	7422.70567940	2108	1.55457227e-04	2108.00000000	3.18998392e+15	3.31692170e+15	2.94800507e-03
843600	7426.23346476	2109	1.55530973e-04	2109.00000000	3.18999096e+15	3.31692876e+15	2.94801098e-03
844000	7429.75216124	2110	1.55604720e-04	2110.00000000	3.18999798e+15	3.31693580e+15	2.94801688e-03
844400	7433.27202902	2111	1.55678466e-04	2111.00000000	3.19000499e+15	3.31694282e+15	2.94802277e-03
844800	7436.79467964	2112	1.55752212e-04	2112.00000000	3.19001197e+15	3.31694982e+15	2.94802863e-03
845200	7440.31410293	2113	1.55825959e-04	2113.00000000	3.19001894e+15	3.31695681e+15	2.94803449e-03
845600	7443.84153822	2114	1.55899705e-04	2114.00000000	3.19002590e+15	3.31696377e+15	2.94804033e-03
846000	7447.35756163	2115	1.55973451e-04	2115.00000000	3.19003283e+15	3.31697072e+15	2.94804615e-03
846400	7450.86695927	2116	1.56047198e-04	2116.00000000	3.19003975e+15	3.31697765e+15	2.94805196e-03
846800	7454.38436894	2117	1.56120944e-04	2117.00000000	3.19004664e+15	3.31698456e+15	2.94805775e-03
847200	7457.91491481	2118	1.56194690e-04	2118.00000000	3.19005352e+15	3.31699146e+15	2.94806353e-03
847600	7461.42862315	2119	1.56268437e-04	2119.00000000	3.19006039e+15	3.31699834e+15	2.94806930e-03
848000	7464.94755019	2120	1.56342183e-04	2120.00000000	3.19006723e+15	3.31700520e+15	2.94807505e-03
848400	7468.46655200	2121	1.56415929e-04	2121.00000000	3.19007406e+15	3.31701204e+15	2.94808078e-03
848800	7471.98164712	2122	1.56489676e-04	2122.00000000	3.19008087e+15	3.31701886e+15	2.94808650e-03
849200	7475.50295877	2123	1.56563422e-04	2123.00000000	3.19008766e+15	3.31702567e+15	2.94809220e-03
849600	7479.01542970	2124	1.56637168e-04	2124.00000000	3.19009443e+15	3.31703245e+15	2.94809789e-03
850000	7482.51591670	2125	1.56710914e-04	2125.00000000	3.19010119e+15	3.31703922e+15	2.94810357e-03
850400	7486.03777791	2126	1.56784661e-04	2126.00000000	3.19010792e+15	3.31704598e+15	2.94810923e-03
850800	7489.55181234	2127	1.56858407e-04	2127.00000000	3.19011465e+15	3.31705271e+15	2.94811488e-03
851200	7493.06896358	2128	1.56932153e-04	2128.00000000	3.19012135e+15	3.31705943e+15	2.94812051e-03
851600	7496.57808091	2129	1.57005900e-04	2129.00000000	3.19012803e+15	3.31706613e+15	2.94812612e-03
852000	7500.09324491	2130	1.57079646e-04	2130.00000000	3.19013470e+15	3.31707281e+15	2.94813172e-03
852400	7503.62254501	2131	1.57153392e-04	2131.00000000	3.19014135e+15	3.31707948e+15	2.94813731e-03
852800	7507.15376579	2132	1.57227139e-04	2132.00000000	3.19014799e+15	3.31708613e+15	2.94814288e-03
853200	7510.68035383	2133	1.57300885e-04	2133.00000000	3.19015460e+15	3.31709276e+15	2.94814844e-03
853600	7514.19657949	2134	1.57374631e-04	2134.00000000	3.19016120e+15	3.31709937e+15	2.94815398e-03
854000	7517.71044955	2135	1.57448378e-04	2135.00000000	3.19016779e+15	3.31710597e+15	2.94815951e-03
854400	7521.22189016	2136	1.57522124e-04	2136.00000000	3.19017435e+15	3.31711255e+15	2.94816503e-03
854800	7524.74150869	2137	1.57595870e-04	2137.00000000	3.19018090e+15	3.31711911e+15	2.94817053e-03
855200	7528.26229600	2138	1.57669617e-04	2138.00000000	3.19018743e+15	3.31712565e+15	2.94817601e-03
855600	7531.77893837	2139	1.57743363e-04	2139.00000000	3.19019394e+15	3.31713218e+15	2.94818149e-03
856000	7535.29323402	2140	1.57817109e-04	2140.00000000	3.19020044e+15	3.31713869e+15	2.94818694e-03
856400	7538.81194876	2141	1.57890855e-04	2141.00000000	3.19020692e+15	3.31714519e+15	2.94819239e-03
856800	7542.32287292	2142	1.57964602e-04	2142.00000000	3.19021339e+15	3.31715167e+15	2.94819782e-03
857200	7545.83730659	2143	1.58038348e-04	2143.00000000	3.19021983e+15	3.31715813e+15	2.94820323e-03
857600	7549.35630410	2144	1.58112094e-04	2144.00000000	3.19022626e+15	3.31716457e+15	2.94820863e-03
858000	7552.87510000	2145	1.58185841e-04	2145.00000000	3.19023268e+15	3.31717100e+15	2.94821402e-03
858400	7556.38896521	2146	1.58259587e-04	2146.00000000	3.19023907e+15	3.31717741e+15	2.94821939e-03
858800	7559.91092901	2147	1.58333333e-04	2147.00000000	3.19024545e+15	3.31718380e+15	2.94822475e-03
859200	7563.43003088	2148	1.58407080e-04	2148.00000000	3.19025182e+15	3.31719018e+15	2.94823010e-03
859600	7566.94351122	2149	1.58480826e-04	2149.00000000	3.19025816e+15	3.31719654e+15	2.94823543e-03
860000	7570.46524197	2150	1.58554572e-04	2150.00000000	3.19026449e+15	3.31720288e+15	2.94824075e-03
860400	7573.97932338	2151	1.58628319e-04	2151.00000000	3.19027081e+15	3.31720921e+15	2.94824606e-03
860800	7577.50060450	2152	1.58702065e-04	2152.00000000	3.19027711e+15	3.31721552e+15	2.94825135e-03
861200	7581.02696361	2153	1.58775811e-04	2153.00000000	3.19028339e+15	3.31722182e+15	2.94825662e-03
861600	7584.54586013	2154	1.58849558e-04	2154.00000000	3.19028965e+15	3.31722810e+15	2.94826189e-03
862000	7588.06720836	2155	1.58923304e-04	2155.00000000	3.19029590e+15	3.31723436e+15	2.94826713e-03
862400	7591.58853827	2156	1.58997050e-04	2156.00000000	3.19030214e+15	3.31724061e+15	2.94827237e-03
862800	7595.11509558	2157	1.59070796e-04	2157.00000000	3.19030836e+15	3.31724684e+15	2.94827759e-03
863200	7598.65167541	2158	1.59144543e-04	2158.00000000	3.19031456e+15	3.31725305e+15	2.94828280e-03
863600	7602.16495863	2159	1.59218289e-04	2159.00000000	3.19032074e+15	3.31725925e+15	2.94828800e-03
864000	7605.68117350	2160	1.59292035e-04	2160.00000000	3.19032691e+15	3.31726543e+15	2.94829318e-03
864400	7609.19847343	2161	1.59365782e-04	2161.00000000	3.19033306e+15	3.31727160e+15	2.94829835e-03
864800	7612.72162636	2162	1.59439528e-04	2162.00000000	3.19033920e+15	3.31727775e+15	2.94830350e-03
865200	7616.24183723	2163	1.59513274e-04	2163.00000000	3.19034532e+15	3.31728388e+15	2.94830864e-03
865600	7619.76079901	2164	1.59587021e-04	2164.00000000	3.19035143e+15	3.31729000e+15	2.94831377e-03
866000	7623.29000493	2165	1.59660767e-04	2165.00000000	3.19035752e+15	3.31729611e+15	2.94831889e-03
866400	7626.80631943	2166	1.59734513e-04	2166.00000000	3.19036359e+15	3.31730219e+15	2.94832399e-03
866800	7630.33519502	2167	1.59808260e-04	2167.00000000	3.19036965e+15	3.31730827e+15	2.94832908e-03
867200	7633.85765061	2168	1.59882006e-04	2168.00000000	3.19037570e+15	3.31731432e+15	2.94833415e-03
867600	7637.38600378	2169	1.59955752e-04	2169.00000000	3.19038172e+15	3.31732036e+15	2.94833922e-03
868000	7640.91755156	2170	1.60029499e-04	2170.00000000	3.19038773e+15	3.31732639e+15	2.94834427e-03
868400	7644.44226134	2171	1.60103245e-04	2171.00000000	3.19039373e+15	3.31733239e+15	2.94834930e-03
868800	7647.97628459	2172	1.60176991e-04	2172.00000000	3.19039971e+15	3.31733839e+15	2.94835433e-03
869200	7651.49235782	2173	1.60250737e-04	2173.00000000	3.19040568e+15	3.31734437e+15	2.94835934e-03
869600	7655.00414453	2174	1.60324484e-04	2174.00000000	3.19041163e+15	3.31735033e+15	2.94836433e-03
870000	7658.52873016	2175	1.60398230e-04	2175.00000000	3.19041756e+15	3.31735627e+15	2.94836932e-03
870400	7662.05013109	2176	1.60471976e-04	2176.00000000	3.19042348e+15	3.31736221e+15	2.94837429e-03
870800	7665.55712571	2177	1.60545723e-04	2177.00000000	3.19042938e+15	3.31736812e+15	2.94837925e-03
871200	7669.07777926	2178	1.60619469e-04	2178.00000000	3.19043527e+15	3.31737402e+15	2.94838420e-03
871600	7672.61360684	2179	1.60693215e-04	2179.00000000	3.19044114e+15	3.31737991e+15	2.94838913e-03
872000	7676.14324268	2180	1.60766962e-04	2180.00000000	3.19044700e+15	3.31738578e+15	2.94839405e-03
872400	7679.66934321	2181	1.60840708e-04	2181.00000000	3.19045284e+15	3.31739164e+15	2.94839896e-03
872800	7683.18715730	2182	1.60914454e-04	2182.00000000	3.19045867e+15	3.31739748e+15	2.94840385e-03
873200	7686.71185020	2183	1.60988201e-04	2183.00000000	3.19046449e+15	3.31740330e+15	2.94840873e-03
873600	7690.22202568	2184	1.61061947e-04	2184.00000000	3.19047028e+15	3.31740911e+15	2.94841360e-03
874000	7693.72766809	2185	1.61135693e-04	2185.00000000	3.19047607e+15	3.31741491e+15	2.94841846e-03
874400	7697.25488667	2186	1.61209440e-04	2186.00000000	3.19048183e+15	3.31742069e+15	2.94842331e-03
874800	7700.77313979	2187	1.61283186e-04	2187.00000000	3.19048759e+15	3.31742645e+15	2.94842814e-03
875200	7704.29018027	2188	1.61356932e-04	2188.00000000	3.19049332e+15	3.31743220e+15	2.94843296e-03
875600	7707.81148641	2189	1.61430678e-04	2189.00000000	3.19049905e+15	3.31743794e+15	2.94843776e-03
876000	7711.32324434	2190	1.61504425e-04	2190.00000000	3.19050476e+15	3.31744366e+15	2.94844256e-03
876400	7714.82630318	2191	1.61578171e-04	2191.00000000	3.19051045e+15	3.31744936e+15	2.94844734e-03
876800	7718.33976866	2192	1.61651917e-04	2192.00000000	3.19051613e+15	3.31745505e+15	2.94845211e-03
877200	7721.86023249	2193	1.61725664e-04	2193.00000000	3.19052179e+15	3.31746073e+15	2.94845687e-03
877600	7725.37702802	2194	1.61799410e-04	2194.00000000	3.19052744e+15	3.31746639e+15	2.94846162e-03
878000	7728.89049089	2195	1.61873156e-04	2195.00000000	3.19053308e+15	3.31747204e+15	2.94846635e-03
878400	7732.41881589	2196	1.61946903e-04	2196.00000000	3.19053870e+15	3.31747767e+15	2.94847107e-03
878800	7735.94946705	2197	1.62020649e-04	2197.00000000	3.19054431e+15	3.31748329e+15	2.94847578e-03
879200	7739.46594350	2198	1.62094395e-04	2198.00000000	3.19054990e+15	3.31748890e+15	2.94848048e-03
879600	7742.98672383	2199	1.62168142e-04	2199.00000000	3.19055547e+15	3.31749448e+15	2.94848516e-03
880000	7746.50779783	2200	1.62241888e-04	2200.00000000	3.19056104e+15	3.31750006e+15	2.94848983e-03
880400	7750.02995365	2201	1.62315634e-04	2201.00000000	3.19056659e+15	3.31750562e+15	2.94849449e-03
880800	7753.55835022	2202	1.62389381e-04	2202.00000000	3.19057212e+15	3.31751117e+15	2.94849914e-03
881200	7757.09008738	2203	1.62463127e-04	2203.00000000	3.19057764e+15	3.31751670e+15	2.94850378e-03
881600	7760.59383887	2204	1.62536873e-04	2204.00000000	3.19058315e+15	3.31752221e+15	2.94850840e-03
882000	7764.11326096	2205	1.62610619e-04	2205.00000000	3.19058864e+15	3.31752772e+15	2.94851302e-03
882400	7767.63552698	2206	1.62684366e-04	2206.00000000	3.19059411e+15	3.31753321e+15	2.94851762e-03
882800	7771.15351596	2207	1.62758112e-04	2207.00000000	3.19059958e+15	3.31753868e+15	2.94852221e-03
883200	7774.66605282	2208	1.62831858e-04	2208.00000000	3.19060503e+15	3.31754414e+15	2.94852678e-03
883600	7778.17810227	2209	1.62905605e-04	2209.00000000	3.19061046e+15	3.31754959e+15	2.94853135e-03
884000	7781.68600643	2210	1.62979351e-04	2210.00000000	3.19061588e+15	3.31755502e+15	2.94853590e-03
884400	7785.19607303	2211	1.63053097e-04	2211.00000000	3.19062129e+15	3.31756044e+15	2.94854044e-03
884800	7788.70862018	2212	1.63126844e-04	2212.00000000	3.19062668e+15	3.31756584e+15	2.94854497e-03
885200	7792.23084124	2213	1.63200590e-04	2213.00000000	3.19063206e+15	3.31757123e+15	2.94854949e-03
885600	7795.74588211	2214	1.63274336e-04	2214.00000000	3.19063743e+15	3.31757661e+15	2.94855400e-03
886000	7799.26907973	2215	1.63348083e-04	2215.00000000	3.19064278e+15	3.31758197e+15	2.94855849e-03
886400	7802.80385141	2216	1.63421829e-04	2216.00000000	3.19064812e+15	3.31758732e+15	2.94856298e-03
886800	7806.32116307	2217	1.63495575e-04	2217.00000000	3.19065344e+15	3.31759266e+15	2.94856745e-03
887200	7809.83485126	2218	1.63569322e-04	2218.00000000	3.19065875e+15	3.31759798e+15	2.94857191e-03
887600	7813.36779501	2219	1.63643068e-04	2219.00000000	3.19066405e+15	3.31760329e+15	2.94857636e-03
888000	7816.88825686	2220	1.63716814e-04	2220.00000000	3.19066933e+15	3.31760858e+15	2.94858080e-03
888400	7820.40196153	2221	1.63790560e-04	2221.00000000	3.19067460e+15	3.31761386e+15	2.94858522e-03
888800	7823.91912714	2222	1.63864307e-04	2222.00000000	3.19067985e+15	3.31761913e+15	2.94858964e-03
889200	7827.43987330	2223	1.63938053e-04	2223.00000000	3.19068509e+15	3.31762438e+15	2.94859404e-03
889600	7830.96644597	2224	1.64011799e-04	2224.00000000	3.19069032e+15	3.31762962e+15	2.94859843e-03
890000	7834.48993703	2225	1.64085546e-04	2225.00000000	3.19069554e+15	3.31763485e+15	2.94860281e-03
890400	7838.00509363	2226	1.64159292e-04	2226.00000000	3.19070074e+15	3.31764006e+15	2.94860718e-03
890800	7841.52055169	2227	1.64233038e-04	2227.00000000	3.19070593e+15	3.31764526e+15	2.94861154e-03
891200	7845.05173366	2228	1.64306785e-04	2228.00000000	3.19071110e+15	3.31765044e+15	2.94861588e-03
891600	7848.57731467	2229	1.64380531e-04	2229.00000000	3.19071626e+15	3.31765562e+15	2.94862022e-03
892000	7852.08199505	2230	1.64454277e-04	2230.00000000	3.19072141e+15	3.31766078e+15	2.94862454e-03
892400	7855.60300046	2231	1.64528024e-04	2231.00000000	3.19072655e+15	3.31766592e+15	2.94862886e-03
892800	7859.11190374	2232	1.64601770e-04	2232.00000000	3.19073167e+15	3.31767105e+15	2.94863316e-03
893200	7862.63960525	2233	1.64675516e-04	2233.00000000	3.19073677e+15	3.31767617e+15	2.94863745e-03
893600	7866.15661427	2234	1.64749263e-04	2234.00000000	3.19074187e+15	3.31768128e+15	2.94864173e-03
894000	7869.68104354	2235	1.64823009e-04	2235.00000000	3.19074695e+15	3.31768637e+15	2.94864600e-03
894400	7873.21563281	2236	1.64896755e-04	2236.00000000	3.19075202e+15	3.31769145e+15	2.94865026e-03
894800	7876.74360217	2237	1.64970501e-04	2237.00000000	3.19075708e+15	3.31769652e+15	2.94865450e-03
895200	7880.25887993	2238	1.65044248e-04	2238.00000000	3.19076212e+15	3.31770157e+15	2.94865874e-03
895600	7883.77045585	2239	1.65117994e-04	2239.00000000	3.19076715e+15	3.31770661e+15	2.94866296e-03
896000	7887.28453783	2240	1.65191740e-04	2240.00000000	3.19077216e+15	3.31771164e+15	2.94866718e-03
896400	7890.79582792	2241	1.65265487e-04	2241.00000000	3.19077717e+15	3.31771665e+15	2.94867138e-03
896800	7894.31245564	2242	1.65339233e-04	2242.00000000	3.19078216e+15	3.31772165e+15	2.94867557e-03
897200	7897.83060389	2243	1.65412979e-04	2243.00000000	3.19078713e+15	3.31772664e+15	2.94867975e-03
897600	7901.35151799	2244	1.65486726e-04	2244.00000000	3.19079210e+15	3.31773161e+15	2.94868392e-03
898000	7904.87340169	2245	1.65560472e-04	2245.00000000	3.19079705e+15	3.31773658e+15	2.94868808e-03
898400	7908.39155002	2246	1.65634218e-04	2246.00000000	3.19080199e+15	3.31774153e+15	2.94869223e-03
898800	7911.90386046	2247	1.65707965e-04	2247.00000000	3.19080692e+15	3.31774646e+15	2.94869637e-03
899200	7915.42136268	2248	1.65781711e-04	2248.00000000	3.19081183e+15	3.31775139e+15	2.94870049e-03
899600	7918.93388570	2249	1.65855457e-04	2249.00000000	3.19081673e+15	3.31775630e+15	2.94870461e-03
900000	7922.45679933	2250	1.65929204e-04	2250.00000000	3.19082162e+15	3.31776120e+15	2.94870872e-03
900400	7925.98409078	2251	1.66002950e-04	2251.00000000	3.19082649e+15	3.31776608e+15	2.94871281e-03
900800	7929.51204183	2252	1.66076696e-04	2252.00000000	3.19083136e+15	3.31777096e+15	2.94871690e-03
901200	7933.03957451	2253	1.66150442e-04	2253.00000000	3.19083621e+15	3.31777582e+15	2.94872097e-03
901600	7936.55193326	2254	1.66224189e-04	2254.00000000	3.19084104e+15	3.31778066e+15	2.94872503e-03
902000	7940.07099299	2255	1.66297935e-04	2255.00000000	3.19084587e+15	3.31778550e+15	2.94872909e-03
902400	7943.57854659	2256	1.66371681e-04	2256.00000000	3.19085068e+15	3.31779032e+15	2.94873313e-03
902800	7947.08868678	2257	1.66445428e-04	2257.00000000	3.19085548e+15	3.31779513e+15	2.94873716e-03
903200	7950.61037169	2258	1.66519174e-04	2258.00000000	3.19086027e+15	3.31779993e+15	2.94874118e-03
903600	7954.11928460	2259	1.66592920e-04	2259.00000000	3.19086505e+15	3.31780472e+15	2.94874520e-03
904000	7957.63256685	2260	1.66666667e-04	2260.00000000	3.19086981e+15	3.31780949e+15	2.94874920e-03
904400	7961.14026247	2261	1.66740413e-04	2261.00000000	3.19087456e+15	3.31781425e+15	2.94875319e-03
904800	7964.66828813	2262	1.66814159e-04	2262.00000000	3.19087930e+15	3.31781900e+15	2.94875717e-03
905200	7968.18563357	2263	1.66887906e-04	2263.00000000	3.19088402e+15	3.31782374e+15	2.94876114e-03
905600	7971.70315683	2264	1.66961652e-04	2264.00000000	3.19088874e+15	3.31782846e+15	2.94876510e-03
906000	7975.22427797	2265	1.67035398e-04	2265.00000000	3.19089344e+15	3.31783317e+15	2.94876905e-03
906400	7978.74187486	2266	1.67109145e-04	2266.00000000	3.19089813e+15	3.31783787e+15	2.94877299e-03
906800	7982.25371392	2267	1.67182891e-04	2267.00000000	3.19090281e+15	3.31784256e+15	2.94877692e-03
907200	7985.77491746	2268	1.67256637e-04	2268.00000000	3.19090747e+15	3.31784724e+15	2.94878083e-03
907600	7989.27648711	2269	1.67330383e-04	2269.00000000	3.19091213e+15	3.31785190e+15	2.94878474e-03
908000	7992.80324206	2270	1.67404130e-04	2270.00000000	3.19091677e+15	3.31785655e+15	2.94878864e-03
908400	7996.32715534	2271	1.67477876e-04	2271.00000000	3.19092140e+15	3.31786119e+15	2.94879253e-03
908800	7999.83869695	2272	1.67551622e-04	2272.00000000	3.19092602e+15	3.31786582e+15	2.94879641e-03
909200	8003.35658360	2273	1.67625369e-04	2273.00000000	3.19093062e+15	3.31787043e+15	2.94880028e-03
909600	8006.87787411	2274	1.67699115e-04	2274.00000000	3.19093522e+15	3.31787504e+15	2.94880414e-03
910000	8010.39854756	2275	1.67772861e-04	2275.00000000	3.19093980e+15	3.31787963e+15	2.94880799e-03
910400	8013.92305774	2276	1.67846608e-04	2276.00000000	3.19094437e+15	3.31788421e+15	2.94881182e-03
910800	8017.45590926	2277	1.67920354e-04	2277.00000000	3.19094893e+15	3.31788878e+15	2.94881565e-03
911200	8020.97716831	2278	1.67994100e-04	2278.00000000	3.19095347e+15	3.31789333e+15	2.94881947e-03
911600	8024.50275123	2279	1.68067847e-04	2279.00000000	3.19095801e+15	3.31789788e+15	2.94882328e-03
912000	8028.02388679	2280	1.68141593e-04	2280.00000000	3.19096253e+15	3.31790241e+15	2.94882708e-03
912400	8031.54402288	2281	1.68215339e-04	2281.00000000	3.19096704e+15	3.31790693e+15	2.94883087e-03
912800	8035.06541024	2282	1.68289086e-04	2282.00000000	3.19097154e+15	3.31791144e+15	2.94883465e-03
913200	8038.59835573	2283	1.68362832e-04	2283.00000000	3.19097603e+15	3.31791594e+15	2.94883842e-03
913600	8042.11934266	2284	1.68436578e-04	2284.00000000	3.19098051e+15	3.31792043e+15	2.94884218e-03
914000	8045.64841982	2285	1.68510324e-04	2285.00000000	3.19098497e+15	3.31792490e+15	2.94884593e-03
914400	8049.16312217	2286	1.68584071e-04	2286.00000000	3.19098943e+15	3.31792936e+15	2.94884967e-03
914800	8052.68740076	2287	1.68657817e-04	2287.00000000	3.19099387e+15	3.31793381e+15	2.94885340e-03
915200	8056.20977807	2288	1.68731563e-04	2288.00000000	3.19099830e+15	3.31793825e+15	2.94885712e-03
915600	8059.73156470	2289	1.68805310e-04	2289.00000000	3.19100272e+15	3.31794268e+15	2.94886084e-03
916000	8063.24420021	2290	1.68879056e-04	2290.00000000	3.19100712e+15	3.31794710e+15	2.94886454e-03
916400	8066.75921001	2291	1.68952802e-04	2291.00000000	3.19101152e+15	3.31795151e+15	2.94886823e-03
916800	8070.27964736	2292	1.69026549e-04	2292.00000000	3.19101591e+15	3.31795590e+15	2.94887192e-03
917200	8073.80082425	2293	1.69100295e-04	2293.00000000	3.19102028e+15	3.31796028e+15	2.94887559e-03
917600	8077.33126873	2294	1.69174041e-04	2294.00000000	3.19102464e+15	3.31796466e+15	2.94887925e-03
918000	8080.85711052	2295	1.69247788e-04	2295.00000000	3.19102899e+15	3.31796902e+15	2.94888291e-03
918400	8084.37529728	2296	1.69321534e-04	2296.00000000	3.19103333e+15	3.31797337e+15	2.94888655e-03
918800	8087.88614502	2297	1.69395280e-04	2297.00000000	3.19103766e+15	3.31797770e+15	2.94889019e-03
919200	8091.40061328	2298	1.69469027e-04	2298.00000000	3.19104198e+15	3.31798203e+15	2.94889382e-03
919600	8094.91257294	2299	1.69542773e-04	2299.00000000	3.19104629e+15	3.31798635e+15	2.94889744e-03
920000	8098.43568437	2300	1.69616519e-04	2300.00000000	3.19105058e+15	3.31799065e+15	2.94890104e-03
920400	8101.95715494	2301	1.69690265e-04	2301.00000000	3.19105487e+15	3.31799495e+15	2.94890464e-03
920800	8105.48709706	2302	1.69764012e-04	2302.00000000	3.19105914e+15	3.31799923e+15	2.94890823e-03
921200	8109.00259630	2303	1.69837758e-04	2303.00000000	3.19106340e+15	3.31800350e+15	2.94891181e-03
921600	8112.52918280	2304	1.69911504e-04	2304.00000000	3.19106765e+15	3.31800776e+15	2.94891538e-03
922000	8116.05176124	2305	1.69985251e-04	2305.00000000	3.19107189e+15	3.31801201e+15	2.94891894e-03
922400	8119.57464349	2306	1.70058997e-04	2306.00000000	3.19107612e+15	3.31801625e+15	2.94892250e-03
922800	8123.09632810	2307	1.70132743e-04	2307.00000000	3.19108034e+15	3.31802048e+15	2.94892604e-03
923200	8126.62748798	2308	1.70206490e-04	2308.00000000	3.19108455e+15	3.31802469e+15	2.94892958e-03
923600	8130.15274629	2309	1.70280236e-04	2309.00000000	3.19108875e+15	3.31802890e+15	2.94893310e-03
924000	8133.67261285	2310	1.70353982e-04	2310.00000000	3.19109293e+15	3.31803309e+15	2.94893662e-03
924400	8137.20536887	2311	1.70427729e-04	2311.00000000	3.19109711e+15	3.31803728e+15	2.94894012e-03
924800	8140.72560789	2312	1.70501475e-04	2312.00000000	3.19110127e+15	3.31804145e+15	2.94894362e-03
925200	8144.23744158	2313	1.70575221e-04	2313.00000000	3.19110543e+15	3.31804561e+15	2.94894711e-03
925600	8147.76573761	2314	1.70648968e-04	2314.00000000	3.19110957e+15	3.31804977e+15	2.94895059e-03
926000	8151.28809760	2315	1.70722714e-04	2315.00000000	3.19111370e+15	3.31805391e+15	2.94895406e-03
926400	8154.80479562	2316	1.70796460e-04	2316.00000000	3.19111782e+15	3.31805804e+15	2.94895752e-03
926800	8158.34120063	2317	1.70870206e-04	2317.00000000	3.19112194e+15	3.31806216e+15	2.94896098e-03
927200	8161.86111747	2318	1.70943953e-04	2318.00000000	3.19112604e+15	3.31806627e+15	2.94896442e-03
927600	8165.36869142	2319	1.71017699e-04	2319.00000000	3.19113013e+15	3.31807036e+15	2.94896786e-03
928000	8168.89241641	2320	1.71091445e-04	2320.00000000	3.19113420e+15	3.31807445e+15	2.94897128e-03
928400	8172.40564782	2321	1.71165192e-04	2321.00000000	3.19113827e+15	3.31807853e+15	2.94897470e-03
928800	8175.92200402	2322	1.71238938e-04	2322.00000000	3.19114233e+15	3.31808260e+15	2.94897811e-03
929200	8179.43554889	2323	1.71312684e-04	2323.00000000	3.19114638e+15	3.31808665e+15	2.94898151e-03
929600	8182.95108416	2324	1.71386431e-04	2324.00000000	3.19115042e+15	3.31809070e+15	2.94898490e-03
930000	8186.47094305	2325	1.71460177e-04	2325.00000000	3.19115444e+15	3.31809473e+15	2.94898828e-03
930400	8189.99083368	2326	1.71533923e-04	2326.00000000	3.19115846e+15	3.31809876e+15	2.94899166e-03
930800	8193.50225021	2327	1.71607670e-04	2327.00000000	3.19116247e+15	3.31810277e+15	2.94899502e-03
931200	8197.03489344	2328	1.71681416e-04	2328.00000000	3.19116646e+15	3.31810678e+15	2.94899838e-03
931600	8200.55272601	2329	1.71755162e-04	2329.00000000	3.19117045e+15	3.31811077e+15	2.94900173e-03
932000	8204.06686018	2330	1.71828909e-04	2330.00000000	3.19117442e+15	3.31811476e+15	2.94900506e-03
932400	8207.59423349	2331	1.71902655e-04	2331.00000000	3.19117839e+15	3.31811873e+15	2.94900839e-03
932800	8211.11177095	2332	1.71976401e-04	2332.00000000	3.19118234e+15	3.31812269e+15	2.94901172e-03
933200	8214.63419137	2333	1.72050147e-04	2333.00000000	3.19118629e+15	3.31812664e+15	2.94901503e-03
933600	8218.16070948	2334	1.72123894e-04	2334.00000000	3.19119022e+15	3.31813059e+15	2.94901833e-03
934000	8221.68673307	2335	1.72197640e-04	2335.00000000	3.19119414e+15	3.31813452e+15	2.94902163e-03
934400	8225.20445677	2336	1.72271386e-04	2336.00000000	3.19119806e+15	3.31813844e+15	2.94902492e-03
934800	8228.72201031	2337	1.72345133e-04	2337.00000000	3.19120196e+15	3.31814235e+15	2.94902820e-03
935200	8232.23789370	2338	1.72418879e-04	2338.00000000	3.19120586e+15	3.31814626e+15	2.94903147e-03
935600	8235.76151238	2339	1.72492625e-04	2339.00000000	3.19120974e+15	3.31815015e+15	2.94903473e-03
936000	8239.27230398	2340	1.72566372e-04	2340.00000000	3.19121361e+15	3.31815403e+15	2.94903798e-03
936400	8242.78303952	2341	1.72640118e-04	2341.00000000	3.19121748e+15	3.31815790e+15	2.94904123e-03
936800	8246.29250579	2342	1.72713864e-04	2342.00000000	3.19122133e+15	3.31816176e+15	2.94904447e-03
937200	8249.80968955	2343	1.72787611e-04	2343.00000000	3.19122517e+15	3.31816562e+15	2.94904770e-03
937600	8253.31463943	2344	1.72861357e-04	2344.00000000	3.19122901e+15	3.31816946e+15	2.94905092e-03
938000	8256.84079772	2345	1.72935103e-04	2345.00000000	3.19123283e+15	3.31817329e+15	2.94905413e-03
938400	8260.35308674	2346	1.73008850e-04	2346.00000000	3.19123665e+15	3.31817711e+15	2.94905733e-03
938800	8263.86940323	2347	1.73082596e-04	2347.00000000	3.19124045e+15	3.31818092e+15	2.94906053e-03
939200	8267.38198474	2348	1.73156342e-04	2348.00000000	3.19124424e+15	3.31818473e+15	2.94906371e-03
939600	8270.89895805	2349	1.73230088e-04	2349.00000000	3.19124803e+15	3.31818852e+15	2.94906689e-03
940000	8274.41141806	2350	1.73303835e-04	2350.00000000	3.19125180e+15	3.31819230e+15	2.94907006e-03
940400	8277.92542494	2351	1.73377581e-04	2351.00000000	3.19125557e+15	3.31819608e+15	2.94907323e-03
940800	8281.43457934	2352	1.73451327e-04	2352.00000000	3.19125932e+15	3.31819984e+15	2.94907638e-03
941200	8284.95926981	2353	1.73525074e-04	2353.00000000	3.19126307e+15	3.31820359e+15	2.94907953e-03
941600	8288.47515989	2354	1.73598820e-04	2354.00000000	3.19126681e+15	3.31820734e+15	2.94908266e-03
942000	8291.98101890	2355	1.73672566e-04	2355.00000000	3.19127053e+15	3.31821107e+15	2.94908579e-03
942400	8295.50417483	2356	1.73746313e-04	2356.00000000	3.19127425e+15	3.31821480e+15	2.94908892e-03
942800	8299.02212974	2357	1.73820059e-04	2357.00000000	3.19127796e+15	3.31821851e+15	2.94909203e-03
943200	8302.53543111	2358	1.73893805e-04	2358.00000000	3.19128165e+15	3.31822222e+15	2.94909514e-03
943600	8306.05416805	2359	1.73967552e-04	2359.00000000	3.19128534e+15	3.31822591e+15	2.94909823e-03
944000	8309.57652173	2360	1.74041298e-04	2360.00000000	3.19128902e+15	3.31822960e+15	2.94910132e-03
944400	8313.10125810	2361	1.74115044e-04	2361.00000000	3.19129269e+15	3.31823327e+15	2.94910441e-03
944800	8316.61105587	2362	1.74188791e-04	2362.00000000	3.19129635e+15	3.31823694e+15	2.94910748e-03
945200	8320.13798197	2363	1.74262537e-04	2363.00000000	3.19130000e+15	3.31824060e+15	2.94911055e-03
945600	8323.65247880	2364	1.74336283e-04	2364.00000000	3.19130364e+15	3.31824425e+15	2.94911360e-03
946000	8327.15598854	2365	1.74410029e-04	2365.00000000	3.19130727e+15	3.31824789e+15	2.94911665e-03
946400	8330.66379235	2366	1.74483776e-04	2366.00000000	3.19131089e+15	3.31825152e+15	2.94911970e-03
946800	8334.19493894	2367	1.74557522e-04	2367.00000000	3.19131450e+15	3.31825514e+15	2.94912273e-03
947200	8337.70759371	2368	1.74631268e-04	2368.00000000	3.19131811e+15	3.31825875e+15	2.94912576e-03
947600	8341.22528139	2369	1.74705015e-04	2369.00000000	3.19132170e+15	3.31826235e+15	2.94912878e-03
948000	8344.74068457	2370	1.74778761e-04	2370.00000000	3.19132529e+15	3.31826594e+15	2.94913179e-03
948400	8348.26104045	2371	1.74852507e-04	2371.00000000	3.19132886e+15	3.31826953e+15	2.94913479e-03
948800	8351.78453736	2372	1.74926254e-04	2372.00000000	3.19133243e+15	3.31827310e+15	2.94913779e-03
949200	8355.30295203	2373	1.75000000e-04	2373.00000000	3.19133599e+15	3.31827667e+15	2.94914078e-03
949600	8358.82361170	2374	1.75073746e-04	2374.00000000	3.19133953e+15	3.31828022e+15	2.94914376e-03
950000	8362.35316808	2375	1.75147493e-04	2375.00000000	3.19134307e+15	3.31828377e+15	2.94914673e-03
950400	8365.87974480	2376	1.75221239e-04	2376.00000000	3.19134661e+15	3.31828731e+15	2.94914970e-03
950800	8369.40199707	2377	1.75294985e-04	2377.00000000	3.19135013e+15	3.31829084e+15	2.94915266e-03
951200	8372.91757066	2378	1.75368732e-04	2378.00000000	3.19135364e+15	3.31829436e+15	2.94915561e-03
951600	8376.44201180	2379	1.75442478e-04	2379.00000000	3.19135714e+15	3.31829787e+15	2.94915855e-03
952000	8379.95754107	2380	1.75516224e-04	2380.00000000	3.19136064e+15	3.31830137e+15	2.94916149e-03
952400	8383.48354358	2381	1.75589971e-04	2381.00000000	3.19136412e+15	3.31830486e+15	2.94916441e-03
952800	8387.00728159	2382	1.75663717e-04	2382.00000000	3.19136760e+15	3.31830835e+15	2.94916733e-03
953200	8390.54076444	2383	1.75737463e-04	2383.00000000	3.19137107e+15	3.31831182e+15	2.94917025e-03
953600	8394.05366098	2384	1.75811209e-04	2384.00000000	3.19137453e+15	3.31831529e+15	2.94917315e-03
954000	8397.57509571	2385	1.75884956e-04	2385.00000000	3.19137798e+15	3.31831875e+15	2.94917605e-03
954400	8401.09623972	2386	1.75958702e-04	2386.00000000	3.19138142e+15	3.31832220e+15	2.94917894e-03
954800	8404.61743914	2387	1.76032448e-04	2387.00000000	3.19138485e+15	3.31832564e+15	2.94918182e-03
955200	8408.14980042	2388	1.76106195e-04	2388.00000000	3.19138828e+15	3.31832907e+15	2.94918470e-03
955600	8411.66922782	2389	1.76179941e-04	2389.00000000	3.19139169e+15	3.31833249e+15	2.94918757e-03
956000	8415.17672402	2390	1.76253687e-04	2390.00000000	3.19139510e+15	3.31833590e+15	2.94919043e-03
956400	8418.69844481	2391	1.76327434e-04	2391.00000000	3.19139849e+15	3.31833931e+15	2.94919328e-03
956800	8422.23180043	2392	1.76401180e-04	2392.00000000	3.19140188e+15	3.31834270e+15	2.94919613e-03
957200	8425.75483619	2393	1.76474926e-04	2393.00000000	3.19140526e+15	3.31834609e+15	2.94919897e-03
957600	8429.27370695	2394	1.76548673e-04	2394.00000000	3.19140863e+15	3.31834947e+15	2.94920180e-03
958000	8432.80276486	2395	1.76622419e-04	2395.00000000	3.19141200e+15	3.31835284e+15	2.94920462e-03
958400	8436.33457667	2396	1.76696165e-04	2396.00000000	3.19141535e+15	3.31835620e+15	2.94920744e-03
958800	8439.85510826	2397	1.76769912e-04	2397.00000000	3.19141870e+15	3.31835955e+15	2.94921025e-03
959200	8443.38369059	2398	1.76843658e-04	2398.00000000	3.19142203e+15	3.31836290e+15	2.94921305e-03
959600	8446.88766344	2399	1.76917404e-04	2399.00000000	3.19142536e+15	3.31836623e+15	2.94921585e-03
960000	8450.40389925	2400	1.76991150e-04	2400.00000000	3.19142868e+15	3.31836956e+15	2.94921864e-03
960400	8453.92567100	2401	1.77064897e-04	2401.00000000	3.19143199e+15	3.31837288e+15	2.94922142e-03
960800	8457.45246057	2402	1.77138643e-04	2402.00000000	3.19143529e+15	3.31837619e+15	2.94922419e-03
961200	8460.97005211	2403	1.77212389e-04	2403.00000000	3.19143859e+15	3.31837949e+15	2.94922696e-03
961600	8464.48294143	2404	1.77286136e-04	2404.00000000	3.19144187e+15	3.31838278e+15	2.94922972e-03
962000	8468.00596621	2405	1.77359882e-04	2405.00000000	3.19144515e+15	3.31838606e+15	2.94923247e-03
962400	8471.51427130	2406	1.77433628e-04	2406.00000000	3.19144842e+15	3.31838934e+15	2.94923522e-03
962800	8475.02845739	2407	1.77507375e-04	2407.00000000	3.19145168e+15	3.31839261e+15	2.94923796e-03
963200	8478.54842113	2408	1.77581121e-04	2408.00000000	3.19145493e+15	3.31839587e+15	2.94924069e-03
963600	8482.06180236	2409	1.77654867e-04	2409.00000000	3.19145818e+15	3.31839912e+15	2.94924342e-03
964000	8485.58850310	2410	1.77728614e-04	2410.00000000	3.19146141e+15	3.31840236e+15	2.94924613e-03
964400	8489.09924866	2411	1.77802360e-04	2411.00000000	3.19146464e+15	3.31840560e+15	2.94924885e-03
964800	8492.63172616	2412	1.77876106e-04	2412.00000000	3.19146786e+15	3.31840882e+15	2.94925155e-03
965200	8496.14460945	2413	1.77949853e-04	2413.00000000	3.19147107e+15	3.31841204e+15	2.94925425e-03
965600	8499.65372982	2414	1.78023599e-04	2414.00000000	3.19147428e+15	3.31841525e+15	2.94925694e-03
966000	8503.16554288	2415	1.78097345e-04	2415.00000000	3.19147747e+15	3.31841845e+15	2.94925962e-03
966400	8506.68684257	2416	1.78171091e-04	2416.00000000	3.19148066e+15	3.31842165e+15	2.94926230e-03
966800	8510.21020012	2417	1.78244838e-04	2417.00000000	3.19148384e+15	3.31842483e+15	2.94926497e-03
967200	8513.72869419	2418	1.78318584e-04	2418.00000000	3.19148701e+15	3.31842801e+15	2.94926763e-03
967600	8517.24541407	2419	1.78392330e-04	2419.00000000	3.19149017e+15	3.31843118e+15	2.94927029e-03
968000	8520.76236565	2420	1.78466077e-04	2420.00000000	3.19149332e+15	3.31843434e+15	2.94927294e-03
968400	8524.27420803	2421	1.78539823e-04	2421.00000000	3.19149647e+15	3.31843749e+15	2.94927558e-03
968800	8527.78997584	2422	1.78613569e-04	2422.00000000	3.19149961e+15	3.31844064e+15	2.94927822e-03
969200	8531.30437041	2423	1.78687316e-04	2423.00000000	3.19150274e+15	3.31844377e+15	2.94928085e-03
969600	8534.82545263	2424	1.78761062e-04	2424.00000000	3.19150586e+15	3.31844690e+15	2.94928347e-03
970000	8538.34755832	2425	1.78834808e-04	2425.00000000	3.19150897e+15	3.31845002e+15	2.94928608e-03
970400	8541.86329148	2426	1.78908555e-04	2426.00000000	3.19151208e+15	3.31845314e+15	2.94928869e-03
970800	8545.38570060	2427	1.78982301e-04	2427.00000000	3.19151518e+15	3.31845624e+15	2.94929129e-03
971200	8548.89927769	2428	1.79056047e-04	2428.00000000	3.19151827e+15	3.31845934e+15	2.94929389e-03
971600	8552.41356421	2429	1.79129794e-04	2429.00000000	3.19152135e+15	3.31846243e+15	2.94929648e-03
972000	8555.93945559	2430	1.79203540e-04	2430.00000000	3.19152442e+15	3.31846551e+15	2.94929906e-03
972400	8559.46650910	2431	1.79277286e-04	2431.00000000	3.19152749e+15	3.31846858e+15	2.94930164e-03
972800	8562.98194252	2432	1.79351032e-04	2432.00000000	3.19153055e+15	3.31847164e+15	2.94930421e-03
973200	8566.49669808	2433	1.79424779e-04	2433.00000000	3.19153360e+15	3.31847470e+15	2.94930677e-03
973600	8570.01921315	2434	1.79498525e-04	2434.00000000	3.19153664e+15	3.31847775e+15	2.94930932e-03
974000	8573.54038108	2435	1.79572271e-04	2435.00000000	3.19153968e+15	3.31848079e+15	2.94931187e-03
974400	8577.06362706	2436	1.79646018e-04	2436.00000000	3.19154270e+15	3.31848383e+15	2.94931442e-03
974800	8580.57313729	2437	1.79719764e-04	2437.00000000	3.19154572e+15	3.31848685e+15	2.94931695e-03
975200	8584.08022195	2438	1.79793510e-04	2438.00000000	3.19154874e+15	3.31848987e+15	2.94931948e-03
975600	8587.59897814	2439	1.79867257e-04	2439.00000000	3.19155174e+15	3.31849288e+15	2.94932200e-03
976000	8591.11840473	2440	1.79941003e-04	2440.00000000	3.19155474e+15	3.31849588e+15	2.94932452e-03
976400	8594.65027916	2441	1.80014749e-04	2441.00000000	3.19155772e+15	3.31849888e+15	2.94932703e-03
976800	8598.16443297	2442	1.80088496e-04	2442.00000000	3.19156070e+15	3.31850186e+15	2.94932954e-03
977200	8601.68271043	2443	1.80162242e-04	2443.00000000	3.19156368e+15	3.31850484e+15	2.94933203e-03
977600	8605.20175814	2444	1.80235988e-04	2444.00000000	3.19156664e+15	3.31850782e+15	2.94933452e-03
978000	8608.72726286	2445	1.80309735e-04	2445.00000000	3.19156960e+15	3.31851078e+15	2.94933701e-03
978400	8612.24091181	2446	1.80383481e-04	2446.00000000	3.19157255e+15	3.31851374e+15	2.94933949e-03
978800	8615.74941950	2447	1.80457227e-04	2447.00000000	3.19157549e+15	3.31851669e+15	2.94934196e-03
979200	8619.25886347	2448	1.80530973e-04	2448.00000000	3.19157843e+15	3.31851963e+15	2.94934442e-03
979600	8622.77947051	2449	1.80604720e-04	2449.00000000	3.19158136e+15	3.31852256e+15	2.94934688e-03
980000	8626.29075885	2450	1.80678466e-04	2450.00000000	3.19158428e+15	3.31852549e+15	2.94934934e-03
980400	8629.80579285	2451	1.80752212e-04	2451.00000000	3.19158719e+15	3.31852841e+15	2.94935178e-03
980800	8633.32753296	2452	1.80825959e-04	2452.00000000	3.19159010e+15	3.31853132e+15	2.94935422e-03
981200	8636.85220316	2453	1.80899705e-04	2453.00000000	3.19159299e+15	3.31853422e+15	2.94935666e-03
981600	8640.37903477	2454	1.80973451e-04	2454.00000000	3.19159588e+15	3.31853712e+15	2.94935908e-03
982000	8643.89161894	2455	1.81047198e-04	2455.00000000	3.19159877e+15	3.31854001e+15	2.94936151e-03
982400	8647.40739521	2456	1.81120944e-04	2456.00000000	3.19160164e+15	3.31854289e+15	2.94936392e-03
982800	8650.94113729	2457	1.81194690e-04	2457.00000000	3.19160451e+15	3.31854576e+15	2.94936633e-03
983200	8654.46512970	2458	1.81268437e-04	2458.00000000	3.19160737e+15	3.31854863e+15	2.94936873e-03
983600	8658.00274362	2459	1.81342183e-04	2459.00000000	3.19161022e+15	3.31855149e+15	2.94937113e-03
984000	8661.52897568	2460	1.81415929e-04	2460.00000000	3.19161307e+15	3.31855434e+15	2.94937352e-03
984400	8665.04592136	2461	1.81489676e-04	2461.00000000	3.19161591e+15	3.31855719e+15	2.94937591e-03
984800	8668.56952792	2462	1.81563422e-04	2462.00000000	3.19161874e+15	3.31856003e+15	2.94937828e-03
985200	8672.09342287	2463	1.81637168e-04	2463.00000000	3.19162157e+15	3.31856286e+15	2.94938066e-03
985600	8675.60788125	2464	1.81710914e-04	2464.00000000	3.19162438e+15	3.31856568e+15	2.94938302e-03
986000	8679.12556016	2465	1.81784661e-04	2465.00000000	3.19162719e+15	3.31856850e+15	2.94938538e-03
986400	8682.64634327	2466	1.81858407e-04	2466.00000000	3.19163000e+15	3.31857130e+15	2.94938774e-03
986800	8686.16423025	2467	1.81932153e-04	2467.00000000	3.19163279e+15	3.31857411e+15	2.94939009e-03
987200	8689.68087425	2468	1.82005900e-04	2468.00000000	3.19163558e+15	3.31857690e+15	2.94939243e-03
987600	8693.20155837	2469	1.82079646e-04	2469.00000000	3.19163836e+15	3.31857969e+15	2.94939476e-03
988000	8696.72033320	2470	1.82153392e-04	2470.00000000	3.19164114e+15	3.31858247e+15	2.94939709e-03
988400	8700.23205778	2471	1.82227139e-04	2471.00000000	3.19164390e+15	3.31858524e+15	2.94939942e-03
988800	8703.76348210	2472	1.82300885e-04	2472.00000000	3.19164666e+15	3.31858801e+15	2.94940174e-03
989200	8707.29946227	2473	1.82374631e-04	2473.00000000	3.19164942e+15	3.31859077e+15	2.94940405e-03
989600	8710.82856717	2474	1.82448378e-04	2474.00000000	3.19165216e+15	3.31859352e+15	2.94940636e-03
990000	8714.34868564	2475	1.82522124e-04	2475.00000000	3.19165490e+15	3.31859626e+15	2.94940866e-03
990400	8717.87385018	2476	1.82595870e-04	2476.00000000	3.19165763e+15	3.31859900e+15	2.94941095e-03
990800	8721.38854149	2477	1.82669617e-04	2477.00000000	3.19166036e+15	3.31860173e+15	2.94941324e-03
991200	8724.91965790	2478	1.82743363e-04	2478.00000000	3.19166307e+15	3.31860445e+15	2.94941552e-03
991600	8728.44497656	2479	1.82817109e-04	2479.00000000	3.19166579e+15	3.31860717e+15	2.94941780e-03
992000	8731.95471792	2480	1.82890855e-04	2480.00000000	3.19166849e+15	3.31860988e+15	2.94942007e-03
992400	8735.46401073	2481	1.82964602e-04	2481.00000000	3.19167119e+15	3.31861258e+15	2.94942234e-03
992800	8738.98133666	2482	1.83038348e-04	2482.00000000	3.19167388e+15	3.31861528e+15	2.94942460e-03
993200	8742.50157292	2483	1.83112094e-04	2483.00000000	3.19167656e+15	3.31861797e+15	2.94942685e-03
993600	8746.03071417	2484	1.83185841e-04	2484.00000000	3.19167924e+15	3.31862065e+15	2.94942910e-03
994000	8749.56228042	2485	1.83259587e-04	2485.00000000	3.19168191e+15	3.31862332e+15	2.94943134e-03
994400	8753.08757051	2486	1.83333333e-04	2486.00000000	3.19168457e+15	3.31862599e+15	2.94943358e-03
994800	8756.62197102	2487	1.83407080e-04	2487.00000000	3.19168722e+15	3.31862865e+15	2.94943581e-03
995200	8760.15096722	2488	1.83480826e-04	2488.00000000	3.19168987e+15	3.31863131e+15	2.94943803e-03
995600	8763.66995968	2489	1.83554572e-04	2489.00000000	3.19169251e+15	3.31863396e+15	2.94944025e-03
996000	8767.18838020	2490	1.83628319e-04	2490.00000000	3.19169515e+15	3.31863660e+15	2.94944246e-03
996400	8770.70556991	2491	1.83702065e-04	2491.00000000	3.19169778e+15	3.31863923e+15	2.94944467e-03
996800	8774.22378300	2492	1.83775811e-04	2492.00000000	3.19170040e+15	3.31864186e+15	2.94944687e-03
997200	8777.74111676	2493	1.83849558e-04	2493.00000000	3.19170302e+15	3.31864448e+15	2.94944907e-03
997600	8781.26581311	2494	1.83923304e-04	2494.00000000	3.19170562e+15	3.31864709e+15	2.94945126e-03
998000	8784.78785328	2495	1.83997050e-04	2495.00000000	3.19170823e+15	3.31864970e+15	2.94945345e-03
998400	8788.31169336	2496	1.84070796e-04	2496.00000000	3.19171082e+15	3.31865230e+15	2.94945563e-03
998800	8791.82794268	2497	1.84144543e-04	2497.00000000	3.19171341e+15	3.31865490e+15	2.94945780e-03
999200	8795.34632482	2498	1.84218289e-04	2498.00000000	3.19171599e+15	3.31865748e+15	2.94945997e-03
999600	8798.87273802	2499	1.84292035e-04	2499.00000000	3.19171857e+15	3.31866006e+15	2.94946213e-03
1000000	8802.38854360	2500	1.84365782e-04	2500.00000000	3.19172113e+15	3.31866264e+15	2.94946429e-03
1000400	8805.89746671	2501	1.84439528e-04	2501.00000000	3.19172370e+15	3.31866521e+15	2.94946644e-03
1000800	8809.41550884	2502	1.84513274e-04	2502.00000000	3.19172625e+15	3.31866777e+15	2.94946859e-03
1001200	8812.94490503	2503	1.84587021e-04	2503.00000000	3.19172880e+15	3.31867032e+15	2.94947073e-03
1001600	8816.46962014	2504	1.84660767e-04	2504.00000000	3.19173134e+15	3.31867287e+15	2.94947287e-03
1002000	8819.98818311	2505	1.84734513e-04	2505.00000000	3.19173388e+15	3.31867541e+15	2.94947500e-03
1002400	8823.50908988	2506	1.84808260e-04	2506.00000000	3.19173641e+15	3.31867794e+15	2.94947712e-03
1002800	8827.03120004	2507	1.84882006e-04	2507.00000000	3.19173893e+15	3.31868047e+15	2.94947924e-03
1003200	8830.54200651	2508	1.84955752e-04	2508.00000000	3.19174145e+15	3.31868299e+15	2.94948135e-03
1003600	8834.06229232	2509	1.85029499e-04	2509.00000000	3.19174396e+15	3.31868551e+15	2.94948346e-03
1004000	8837.58352901	2510	1.85103245e-04	2510.00000000	3.19174646e+15	3.31868802e+15	2.94948556e-03
1004400	8841.11123127	2511	1.85176991e-04	2511.00000000	3.19174896e+15	3.31869052e+15	2.94948766e-03
1004800	8844.64223859	2512	1.85250737e-04	2512.00000000	3.19175145e+15	3.31869302e+15	2.94948975e-03
1005200	8848.18004902	2513	1.85324484e-04	2513.00000000	3.19175393e+15	3.31869551e+15	2.94949184e-03
1005600	8851.70370877	2514	1.85398230e-04	2514.00000000	3.19175641e+15	3.31869799e+15	2.94949392e-03
1006000	8855.22146780	2515	1.85471976e-04	2515.00000000	3.19175888e+15	3.31870047e+15	2.94949600e-03
1006400	8858.73348332	2516	1.85545723e-04	2516.00000000	3.19176135e+15	3.31870294e+15	2.94949807e-03
1006800	8862.26041612	2517	1.85619469e-04	2517.00000000	3.19176380e+15	3.31870540e+15	2.94950013e-03
1007200	8865.77909354	2518	1.85693215e-04	2518.00000000	3.19176626e+15	3.31870786e+15	2.94950219e-03
1007600	8869.28714698	2519	1.85766962e-04	2519.00000000	3.19176870e+15	3.31871031e+15	2.94950425e-03
1008000	8872.80389881	2520	1.85840708e-04	2520.00000000	3.19177114e+15	3.31871275e+15	2.94950630e-03
1008400	8876.32247314	2521	1.85914454e-04	2521.00000000	3.19177358e+15	3.31871519e+15	2.94950834e-03
1008800	8879.83348207	2522	1.85988201e-04	2522.00000000	3.19177600e+15	3.31871762e+15	2.94951038e-03
1009200	8883.34377681	2523	1.86061947e-04	2523.00000000	3.19177843e+15	3.31872005e+15	2.94951241e-03
1009600	8886.86358738	2524	1.86135693e-04	2524.00000000	3.19178084e+15	3.31872247e+15	2.94951444e-03
1010000	8890.37352145	2525	1.86209440e-04	2525.00000000	3.19178325e+15	3.31872489e+15	2.94951646e-03
1010400	8893.89545883	2526	1.86283186e-04	2526.00000000	3.19178565e+15	3.31872729e+15	2.94951848e-03
1010800	8897.40808232	2527	1.86356932e-04	2527.00000000	3.19178805e+15	3.31872969e+15	2.94952050e-03
1011200	8900.92579305	2528	1.86430678e-04	2528.00000000	3.19179044e+15	3.31873209e+15	2.94952250e-03
1011600	8904.45316819	2529	1.86504425e-04	2529.00000000	3.19179282e+15	3.31873448e+15	2.94952451e-03
1012000	8907.96582280	2530	1.86578171e-04	2530.00000000	3.19179520e+15	3.31873686e+15	2.94952650e-03
1012400	8911.48269011	2531	1.86651917e-04	2531.00000000	3.19179757e+15	3.31873924e+15	2.94952850e-03
1012800	8915.00691842	2532	1.86725664e-04	2532.00000000	3.19179994e+15	3.31874161e+15	2.94953048e-03
1013200	8918.52501148	2533	1.86799410e-04	2533.00000000	3.19180230e+15	3.31874397e+15	2.94953246e-03
1013600	8922.05498450	2534	1.86873156e-04	2534.00000000	3.19180465e+15	3.31874633e+15	2.94953444e-03
1014000	8925.57009663	2535	1.86946903e-04	2535.00000000	3.19180700e+15	3.31874869e+15	2.94953641e-03
1014400	8929.08708498	2536	1.87020649e-04	2536.00000000	3.19180934e+15	3.31875103e+15	2.94953838e-03
1014800	8932.59271048	2537	1.87094395e-04	2537.00000000	3.19181168e+15	3.31875337e+15	2.94954034e-03
1015200	8936.11805046	2538	1.87168142e-04	2538.00000000	3.19181400e+15	3.31875571e+15	2.94954230e-03
1015600	8939.64828734	2539	1.87241888e-04	2539.00000000	3.19181633e+15	3.31875804e+15	2.94954425e-03
1016000	8943.17071044	2540	1.87315634e-04	2540.00000000	3.19181865e+15	3.31876036e+15	2.94954620e-03
1016400	8946.70087580	2541	1.87389381e-04	2541.00000000	3.19182096e+15	3.31876267e+15	2.94954814e-03
1016800	8950.21636192	2542	1.87463127e-04	2542.00000000	3.19182326e+15	3.31876498e+15	2.94955008e-03
1017200	8953.73710740	2543	1.87536873e-04	2543.00000000	3.19182556e+15	3.31876729e+15	2.94955201e-03
1017600	8957.25229684	2544	1.87610619e-04	2544.00000000	3.19182786e+15	3.31876959e+15	2.94955393e-03
1018000	8960.77661561	2545	1.87684366e-04	2545.00000000	3.19183014e+15	3.31877188e+15	2.94955586e-03
1018400	8964.30144572	2546	1.87758112e-04	2546.00000000	3.19183243e+15	3.31877417e+15	2.94955777e-03
1018800	8967.84184962	2547	1.87831858e-04	2547.00000000	3.19183470e+15	3.31877645e+15	2.94955968e-03
1019200	8971.36673049	2548	1.87905605e-04	2548.00000000	3.19183697e+15	3.31877872e+15	2.94956159e-03
1019600	8974.88359387	2549	1.87979351e-04	2549.00000000	3.19183924e+15	3.31878099e+15	2.94956349e-03
1020000	8978.40841484	2550	1.88053097e-04	2550.00000000	3.19184150e+15	3.31878326e+15	2.94956539e-03
1020400	8981.93439444	2551	1.88126844e-04	2551.00000000	3.19184375e+15	3.31878552e+15	2.94956728e-03
1020800	8985.45930323	2552	1.88200590e-04	2552.00000000	3.19184600e+15	3.31878777e+15	2.94956917e-03
1021200	8988.97015466	2553	1.88274336e-04	2553.00000000	3.19184824e+15	3.31879001e+15	2.94957105e-03
1021600	8992.47798433	2554	1.88348083e-04	2554.00000000	3.19185047e+15	3.31879225e+15	2.94957293e-03
1022000	8995.98856819	2555	1.88421829e-04	2555.00000000	3.19185270e+15	3.31879449e+15	2.94957480e-03
1022400	8999.51805270	2556	1.88495575e-04	2556.00000000	3.19185493e+15	3.31879672e+15	2.94957667e-03
1022800	9003.03087703	2557	1.88569322e-04	2557.00000000	3.19185715e+15	3.31879894e+15	2.94957854e-03
1023200	9006.53587791	2558	1.88643068e-04	2558.00000000	3.19185936e+15	3.31880116e+15	2.94958039e-03
1023600	9010.05260526	2559	1.88716814e-04	2559.00000000	3.19186157e+15	3.31880337e+15	2.94958225e-03
1024000	9013.56702612	2560	1.88790560e-04	2560.00000000	3.19186377e+15	3.31880558e+15	2.94958410e-03
1024400	9017.08158601	2561	1.88864307e-04	2561.00000000	3.19186596e+15	3.31880778e+15	2.94958594e-03
1024800	9020.59382458	2562	1.88938053e-04	2562.00000000	3.19186815e+15	3.31880997e+15	2.94958778e-03
1025200	9024.11367178	2563	1.89011799e-04	2563.00000000	3.19187034e+15	3.31881216e+15	2.94958962e-03
1025600	9027.61985381	2564	1.89085546e-04	2564.00000000	3.19187252e+15	3.31881434e+15	2.94959145e-03
1026000	9031.13002489	2565	1.89159292e-04	2565.00000000	3.19187469e+15	3.31881652e+15	2.94959327e-03
1026400	9034.64907880	2566	1.89233038e-04	2566.00000000	3.19187686e+15	3.31881870e+15	2.94959509e-03
1026800	9038.16792583	2567	1.89306785e-04	2567.00000000	3.19187902e+15	3.31882086e+15	2.94959691e-03
1027200	9041.68574964	2568	1.89380531e-04	2568.00000000	3.19188118e+15	3.31882302e+15	2.94959872e-03
1027600	9045.20040269	2569	1.89454277e-04	2569.00000000	3.19188333e+15	3.31882518e+15	2.94960053e-03
1028000	9048.70968110	2570	1.89528024e-04	2570.00000000	3.19188547e+15	3.31882733e+15	2.94960233e-03
1028400	9052.23443880	2571	1.89601770e-04	2571.00000000	3.19188761e+15	3.31882947e+15	2.94960413e-03
1028800	9055.74665833	2572	1.89675516e-04	2572.00000000	3.19188975e+15	3.31883161e+15	2.94960592e-03
1029200	9059.26529351	2573	1.89749263e-04	2573.00000000	3.19189188e+15	3.31883375e+15	2.94960771e-03
1029600	9062.78090395	2574	1.89823009e-04	2574.00000000	3.19189400e+15	3.31883587e+15	2.94960949e-03
1030000	9066.30011974	2575	1.89896755e-04	2575.00000000	3.19189612e+15	3.31883800e+15	2.94961127e-03
1030400	9069.83404507	2576	1.89970501e-04	2576.00000000	3.19189823e+15	3.31884011e+15	2.94961305e-03
1030800	9073.36365651	2577	1.90044248e-04	2577.00000000	3.19190034e+15	3.31884223e+15	2.94961482e-03
1031200	9076.88228681	2578	1.90117994e-04	2578.00000000	3.19190244e+15	3.31884433e+15	2.94961658e-03
1031600	9080.39771462	2579	1.90191740e-04	2579.00000000	3.19190454e+15	3.31884643e+15	2.94961834e-03
1032000	9083.90549388	2580	1.90265487e-04	2580.00000000	3.19190663e+15	3.31884853e+15	2.94962010e-03
1032400	9087.43410122	2581	1.90339233e-04	2581.00000000	3.19190872e+15	3.31885062e+15	2.94962185e-03
1032800	9090.95836025	2582	1.90412979e-04	2582.00000000	3.19191080e+15	3.31885271e+15	2.94962360e-03
1033200	9094.48821238	2583	1.90486726e-04	2583.00000000	3.19191287e+15	3.31885478e+15	2.94962534e-03
1033600	9098.02715261	2584	1.90560472e-04	2584.00000000	3.19191494e+15	3.31885686e+15	2.94962708e-03
1034000	9101.55322677	2585	1.90634218e-04	2585.00000000	3.19191701e+15	3.31885893e+15	2.94962882e-03
1034400	9105.07765529	2586	1.90707965e-04	2586.00000000	3.19191906e+15	3.31886099e+15	2.94963055e-03
1034800	9108.59194813	2587	1.90781711e-04	2587.00000000	3.19192112e+15	3.31886305e+15	2.94963227e-03
1035200	9112.10764987	2588	1.90855457e-04	2588.00000000	3.19192317e+15	3.31886510e+15	2.94963399e-03
1035600	9115.61914186	2589	1.90929204e-04	2589.00000000	3.19192521e+15	3.31886715e+15	2.94963571e-03
1036000	9119.14198359	2590	1.91002950e-04	2590.00000000	3.19192725e+15	3.31886919e+15	2.94963742e-03
1036400	9122.65794868	2591	1.91076696e-04	2591.00000000	3.19192928e+15	3.31887123e+15	2.94963913e-03
1036800	9126.17817439	2592	1.91150442e-04	2592.00000000	3.19193131e+15	3.31887326e+15	2.94964083e-03
1037200	9129.70496455	2593	1.91224189e-04	2593.00000000	3.19193333e+15	3.31887529e+15	2.94964253e-03
1037600	9133.22015754	2594	1.91297935e-04	2594.00000000	3.19193535e+15	3.31887731e+15	2.94964422e-03
1038000	9136.74060753	2595	1.91371681e-04	2595.00000000	3.19193736e+15	3.31887933e+15	2.94964591e-03
1038400	9140.25276230	2596	1.91445428e-04	2596.00000000	3.19193937e+15	3.31888134e+15	2.94964760e-03
1038800	9143.76772744	2597	1.91519174e-04	2597.00000000	3.19194137e+15	3.31888335e+15	2.94964928e-03
1039200	9147.28308579	2598	1.91592920e-04	2598.00000000	3.19194337e+15	3.31888535e+15	2.94965096e-03
1039600	9150.79230763	2599	1.91666667e-04	2599.00000000	3.19194536e+15	3.31888734e+15	2.94965263e-03
1040000	9154.31253175	2600	1.91740413e-04	2600.00000000	3.19194735e+15	3.31888933e+15	2.94965430e-03
1040400	9157.83974389	2601	1.91814159e-04	2601.00000000	3.19194933e+15	3.31889132e+15	2.94965596e-03
1040800	9161.36624652	2602	1.91887906e-04	2602.00000000	3.19195130e+15	3.31889330e+15	2.94965762e-03
1041200	9164.86889815	2603	1.91961652e-04	2603.00000000	3.19195327e+15	3.31889527e+15	2.94965928e-03
1041600	9168.38619731	2604	1.92035398e-04	2604.00000000	3.19195524e+15	3.31889724e+15	2.94966093e-03
1042000	9171.88936021	2605	1.92109145e-04	2605.00000000	3.19195720e+15	3.31889921e+15	2.94966258e-03
1042400	9175.40689428	2606	1.92182891e-04	2606.00000000	3.19195916e+15	3.31890117e+15	2.94966422e-03
1042800	9178.93500828	2607	1.92256637e-04	2607.00000000	3.19196111e+15	3.31890313e+15	2.94966586e-03
1043200	9182.44628225	2608	1.92330383e-04	2608.00000000	3.19196306e+15	3.31890508e+15	2.94966750e-03
1043600	9185.96992867	2609	1.92404130e-04	2609.00000000	3.19196500e+15	3.31890702e+15	2.94966913e-03
1044000	9189.48720891	2610	1.92477876e-04	2610.00000000	3.19196693e+15	3.31890896e+15	2.94967075e-03
1044400	9193.01515089	2611	1.92551622e-04	2611.00000000	3.19196886e+15	3.31891090e+15	2.94967237e-03
1044800	9196.53968739	2612	1.92625369e-04	2612.00000000	3.19197079e+15	3.31891283e+15	2.94967399e-03
1045200	9200.05728340	2613	1.92699115e-04	2613.00000000	3.19197271e+15	3.31891475e+15	2.94967561e-03
1045600	9203.58014708	2614	1.92772861e-04	2614.00000000	3.19197463e+15	3.31891667e+15	2.94967722e-03
1046000	9207.09395641	2615	1.92846608e-04	2615.00000000	3.19197654e+15	3.31891859e+15	2.94967882e-03
1046400	9210.61460514	2616	1.92920354e-04	2616.00000000	3.19197844e+15	3.31892050e+15	2.94968042e-03
1046800	9214.12658654	2617	1.92994100e-04	2617.00000000	3.19198035e+15	3.31892240e+15	2.94968202e-03
1047200	9217.65217588	2618	1.93067847e-04	2618.00000000	3.19198224e+15	3.31892431e+15	2.94968361e-03
1047600	9221.15993343	2619	1.93141593e-04	2619.00000000	3.19198413e+15	3.31892620e+15	2.94968520e-03
1048000	9224.67945513	2620	1.93215339e-04	2620.00000000	3.19198602e+15	3.31892809e+15	2.94968679e-03
1048400	9228.19635440	2621	1.93289086e-04	2621.00000000	3.19198790e+15	3.31892998e+15	2.94968837e-03
1048800	9231.71817349	2622	1.93362832e-04	2622.00000000	3.19198978e+15	3.31893186e+15	2.94968995e-03
1049200	9235.23204533	2623	1.93436578e-04	2623.00000000	3.19199165e+15	3.31893374e+15	2.94969152e-03
1049600	9238.74564103	2624	1.93510324e-04	2624.00000000	3.19199352e+15	3.31893561e+15	2.94969309e-03
1050000	9242.26121246	2625	1.93584071e-04	2625.00000000	3.19199538e+15	3.31893747e+15	2.94969465e-03
1050400	9245.78178489	2626	1.93657817e-04	2626.00000000	3.19199724e+15	3.31893934e+15	2.94969621e-03
1050800	9249.29675236	2627	1.93731563e-04	2627.00000000	3.19199909e+15	3.31894119e+15	2.94969777e-03
1051200	9252.81279926	2628	1.93805310e-04	2628.00000000	3.19200094e+15	3.31894305e+15	2.94969932e-03
1051600	9256.33557753	2629	1.93879056e-04	2629.00000000	3.19200279e+15	3.31894489e+15	2.94970087e-03
1052000	9259.84512023	2630	1.93952802e-04	2630.00000000	3.19200463e+15	3.31894674e+15	2.94970241e-03
1052400	9263.36450125	2631	1.94026549e-04	2631.00000000	3.19200646e+15	3.31894857e+15	2.94970395e-03
1052800	9266.89502230	2632	1.94100295e-04	2632.00000000	3.19200829e+15	3.31895041e+15	2.94970549e-03
1053200	9270.42000356	2633	1.94174041e-04	2633.00000000	3.19201011e+15	3.31895223e+15	2.94970702e-03
1053600	9273.94890030	2634	1.94247788e-04	2634.00000000	3.19201193e+15	3.31895406e+15	2.94970855e-03
1054000	9277.47946360	2635	1.94321534e-04	2635.00000000	3.19201375e+15	3.31895588e+15	2.94971008e-03
1054400	9281.00816982	2636	1.94395280e-04	2636.00000000	3.19201556e+15	3.31895769e+15	2.94971160e-03
1054800	9284.52197039	2637	1.94469027e-04	2637.00000000	3.19201736e+15	3.31895950e+15	2.94971312e-03
1055200	9288.03278502	2638	1.94542773e-04	2638.00000000	3.19201917e+15	3.31896131e+15	2.94971463e-03
1055600	9291.55944397	2639	1.94616519e-04	2639.00000000	3.19202096e+15	3.31896311e+15	2.94971614e-03
1056000	9295.09284828	2640	1.94690265e-04	2640.00000000	3.19202275e+15	3.31896490e+15	2.94971764e-03
1056400	9298.61308110	2641	1.94764012e-04	2641.00000000	3.19202454e+15	3.31896669e+15	2.94971914e-03
1056800	9302.13525989	2642	1.94837758e-04	2642.00000000	3.19202632e+15	3.31896848e+15	2.94972064e-03
1057200	9305.65864363	2643	1.94911504e-04	2643.00000000	3.19202810e+15	3.31897026e+15	2.94972214e-03
1057600	9309.17376935	2644	1.94985251e-04	2644.00000000	3.19202988e+15	3.31897204e+15	2.94972362e-03
1058000	9312.69915501	2645	1.95058997e-04	2645.00000000	3.19203164e+15	3.31897381e+15	2.94972511e-03
1058400	9316.21834677	2646	1.95132743e-04	2646.00000000	3.19203341e+15	3.31897558e+15	2.94972659e-03
1058800	9319.73550290	2647	1.95206490e-04	2647.00000000	3.19203517e+15	3.31897734e+15	2.94972807e-03
1059200	9323.26059863	2648	1.95280236e-04	2648.00000000	3.19203692e+15	3.31897910e+15	2.94972955e-03
1059600	9326.78483179	2649	1.95353982e-04	2649.00000000	3.19203867e+15	3.31898086e+15	2.94973102e-03
1060000	9330.30241981	2650	1.95427729e-04	2650.00000000	3.19204042e+15	3.31898261e+15	2.94973248e-03
1060400	9333.81760116	2651	1.95501475e-04	2651.00000000	3.19204216e+15	3.31898435e+15	2.94973395e-03
1060800	9337.34265013	2652	1.95575221e-04	2652.00000000	3.19204390e+15	3.31898609e+15	2.94973541e-03
1061200	9340.86833762	2653	1.95648968e-04	2653.00000000	3.19204563e+15	3.31898783e+15	2.94973686e-03
1061600	9344.38903456	2654	1.95722714e-04	2654.00000000	3.19204736e+15	3.31898956e+15	2.94973831e-03
1062000	9347.91164177	2655	1.95796460e-04	2655.00000000	3.19204909e+15	3.31899129e+15	2.94973976e-03
1062400	9351.43909474	2656	1.95870206e-04	2656.00000000	3.19205080e+15	3.31899301e+15	2.94974121e-03
1062800	9354.96798008	2657	1.95943953e-04	2657.00000000	3.19205252e+15	3.31899473e+15	2.94974265e-03
1063200	9358.49346090	2658	1.96017699e-04	2658.00000000	3.19205423e+15	3.31899645e+15	2.94974408e-03
1063600	9362.02425858	2659	1.96091445e-04	2659.00000000	3.19205594e+15	3.31899816e+15	2.94974552e-03
1064000	9365.54507523	2660	1.96165192e-04	2660.00000000	3.19205764e+15	3.31899986e+15	2.94974695e-03
1064400	9369.07220442	2661	1.96238938e-04	2661.00000000	3.19205934e+15	3.31900156e+15	2.94974837e-03
1064800	9372.60247690	2662	1.96312684e-04	2662.00000000	3.19206103e+15	3.31900326e+15	2.94974979e-03
1065200	9376.12203787	2663	1.96386431e-04	2663.00000000	3.19206272e+15	3.31900495e+15	2.94975121e-03
1065600	9379.64001712	2664	1.96460177e-04	2664.00000000	3.19206440e+15	3.31900664e+15	2.94975263e-03
1066000	9383.16217373	2665	1.96533923e-04	2665.00000000	3.19206608e+15	3.31900832e+15	2.94975404e-03
1066400	9386.67703376	2666	1.96607670e-04	2666.00000000	3.19206776e+15	3.31901000e+15	2.94975545e-03
1066800	9390.19805814	2667	1.96681416e-04	2667.00000000	3.19206943e+15	3.31901168e+15	2.94975685e-03
1067200	9393.73405552	2668	1.96755162e-04	2668.00000000	3.19207110e+15	3.31901335e+15	2.94975825e-03
1067600	9397.26669138	2669	1.96828909e-04	2669.00000000	3.19207276e+15	3.31901502e+15	2.94975965e-03
1068000	9400.78716497	2670	1.96902655e-04	2670.00000000	3.19207442e+15	3.31901668e+15	2.94976104e-03
1068400	9404.30626132	2671	1.96976401e-04	2671.00000000	3.19207607e+15	3.31901833e+15	2.94976243e-03
1068800	9407.83599108	2672	1.97050147e-04	2672.00000000	3.19207772e+15	3.31901999e+15	2.94976382e-03
1069200	9411.36357422	2673	1.97123894e-04	2673.00000000	3.19207937e+15	3.31902164e+15	2.94976520e-03
1069600	9414.88821485	2674	1.97197640e-04	2674.00000000	3.19208101e+15	3.31902328e+15	2.94976658e-03
1070000	9418.41714744	2675	1.97271386e-04	2675.00000000	3.19208265e+15	3.31902492e+15	2.94976795e-03
1070400	9421.93856010	2676	1.97345133e-04	2676.00000000	3.19208428e+15	3.31902656e+15	2.94976932e-03
1070800	9425.47076279	2677	1.97418879e-04	2677.00000000	3.19208591e+15	3.31902819e+15	2.94977069e-03
1071200	9428.99461161	2678	1.97492625e-04	2678.00000000	3.19208753e+15	3.31902982e+15	2.94977206e-03
1071600	9432.50873928	2679	1.97566372e-04	2679.00000000	3.19208915e+15	3.31903144e+15	2.94977342e-03
1072000	9436.03331386	2680	1.97640118e-04	2680.00000000	3.19209077e+15	3.31903306e+15	2.94977478e-03
1072400	9439.55106907	2681	1.97713864e-04	2681.00000000	3.19209238e+15	3.31903468e+15	2.94977613e-03
1072800	9443.05990439	2682	1.97787611e-04	2682.00000000	3.19209399e+15	3.31903629e+15	2.94977748e-03
1073200	9446.58077702	2683	1.97861357e-04	2683.00000000	3.19209559e+15	3.31903790e+15	2.94977883e-03
1073600	9450.10233991	2684	1.97935103e-04	2684.00000000	3.19209719e+15	3.31903950e+15	2.94978017e-03
1074000	9453.62095573	2685	1.98008850e-04	2685.00000000	3.19209879e+15	3.31904110e+15	2.94978151e-03
1074400	9457.13315297	2686	1.98082596e-04	2686.00000000	3.19210038e+15	3.31904270e+15	2.94978285e-03
1074800	9460.64557455	2687	1.98156342e-04	2687.00000000	3.19210197e+15	3.31904429e+15	2.94978418e-03
1075200	9464.15592372	2688	1.98230088e-04	2688.00000000	3.19210355e+15	3.31904587e+15	2.94978551e-03
1075600	9467.66604096	2689	1.98303835e-04	2689.00000000	3.19210513e+15	3.31904746e+15	2.94978684e-03
1076000	9471.18026758	2690	1.98377581e-04	2690.00000000	3.19210671e+15	3.31904904e+15	2.94978816e-03
1076400	9474.69807214	2691	1.98451327e-04	2691.00000000	3.19210828e+15	3.31905061e+15	2.94978948e-03
1076800	9478.21454274	2692	1.98525074e-04	2692.00000000	3.19210985e+15	3.31905218e+15	2.94979080e-03
1077200	9481.73816681	2693	1.98598820e-04	2693.00000000	3.19211141e+15	3.31905375e+15	2.94979211e-03
1077600	9485.25742606	2694	1.98672566e-04	2694.00000000	3.19211297e+15	3.31905531e+15	2.94979342e-03
1078000	9488.78845934	2695	1.98746313e-04	2695.00000000	3.19211452e+15	3.31905687e+15	2.94979473e-03
1078400	9492.30442243	2696	1.98820059e-04	2696.00000000	3.19211607e+15	3.31905842e+15	2.94979603e-03
1078800	9495.81542120	2697	1.98893805e-04	2697.00000000	3.19211762e+15	3.31905997e+15	2.94979733e-03
1079200	9499.33897545	2698	1.98967552e-04	2698.00000000	3.19211916e+15	3.31906152e+15	2.94979863e-03
1079600	9502.85877767	2699	1.99041298e-04	2699.00000000	3.19212070e+15	3.31906306e+15	2.94979992e-03
1080000	9506.36783787	2700	1.99115044e-04	2700.00000000	3.19212224e+15	3.31906460e+15	2.94980121e-03
1080400	9509.90078546	2701	1.99188791e-04	2701.00000000	3.19212377e+15	3.31906614e+15	2.94980250e-03
1080800	9513.42481417	2702	1.99262537e-04	2702.00000000	3.19212530e+15	3.31906767e+15	2.94980378e-03
1081200	9516.95319494	2703	1.99336283e-04	2703.00000000	3.19212682e+15	3.31906919e+15	2.94980506e-03
1081600	9520.47065905	2704	1.99410029e-04	2704.00000000	3.19212834e+15	3.31907072e+15	2.94980633e-03
1082000	9523.99838319	2705	1.99483776e-04	2705.00000000	3.19212986e+15	3.31907224e+15	2.94980761e-03
1082400	9527.51340909	2706	1.99557522e-04	2706.00000000	3.19213137e+15	3.31907375e+15	2.94980888e-03
1082800	9531.03220476	2707	1.99631268e-04	2707.00000000	3.19213288e+15	3.31907526e+15	2.94981014e-03
1083200	9534.54567586	2708	1.99705015e-04	2708.00000000	3.19213438e+15	3.31907677e+15	2.94981141e-03
1083600	9538.06184312	2709	1.99778761e-04	2709.00000000	3.19213588e+15	3.31907827e+15	2.94981267e-03
1084000	9541.58023180	2710	1.99852507e-04	2710.00000000	3.19213738e+15	3.31907977e+15	2.94981392e-03
1084400	9545.10278361	2711	1.99926254e-04	2711.00000000	3.19213887e+15	3.31908127e+15	2.94981518e-03
1084800	9548.63046455	2712	2.00000000e-04	2712.00000000	3.19214036e+15	3.31908276e+15	2.94981643e-03
1085200	9552.15303827	2713	2.00073746e-04	2713.00000000	3.19214184e+15	3.31908425e+15	2.94981768e-03
1085600	9555.67880122	2714	2.00147493e-04	2714.00000000	3.19214332e+15	3.31908573e+15	2.94981892e-03
1086000	9559.20765098	2715	2.00221239e-04	2715.00000000	3.19214480e+15	3.31908721e+15	2.94982016e-03
1086400	9562.72655016	2716	2.00294985e-04	2716.00000000	3.19214627e+15	3.31908869e+15	2.94982140e-03
1086800	9566.24744348	2717	2.00368732e-04	2717.00000000	3.19214774e+15	3.31909016e+15	2.94982263e-03
1087200	9569.77826416	2718	2.00442478e-04	2718.00000000	3.19214921e+15	3.31909163e+15	2.94982386e-03
1087600	9573.29546082	2719	2.00516224e-04	2719.00000000	3.19215067e+15	3.31909309e+15	2.94982509e-03
1088000	9576.81069272	2720	2.00589971e-04	2720.00000000	3.19215213e+15	3.31909456e+15	2.94982632e-03
1088400	9580.33202209	2721	2.00663717e-04	2721.00000000	3.19215358e+15	3.31909601e+15	2.94982754e-03
1088800	9583.85844742	2722	2.00737463e-04	2722.00000000	3.19215504e+15	3.31909747e+15	2.94982876e-03
1089200	9587.37686449	2723	2.00811209e-04	2723.00000000	3.19215648e+15	3.31909892e+15	2.94982997e-03
1089600	9590.89466774	2724	2.00884956e-04	2724.00000000	3.19215793e+15	3.31910036e+15	2.94983119e-03
1090000	9594.41149984	2725	2.00958702e-04	2725.00000000	3.19215937e+15	3.31910181e+15	2.94983239e-03
1090400	9597.93513520	2726	2.01032448e-04	2726.00000000	3.19216080e+15	3.31910325e+15	2.94983360e-03
1090800	9601.44266427	2727	2.01106195e-04	2727.00000000	3.19216223e+15	3.31910468e+15	2.94983480e-03
1091200	9604.96409112	2728	2.01179941e-04	2728.00000000	3.19216366e+15	3.31910611e+15	2.94983600e-03
1091600	9608.48605382	2729	2.01253687e-04	2729.00000000	3.19216509e+15	3.31910754e+15	2.94983720e-03
1092000	9611.99786707	2730	2.01327434e-04	2730.00000000	3.19216651e+15	3.31910897e+15	2.94983839e-03
1092400	9615.50849675	2731	2.01401180e-04	2731.00000000	3.19216793e+15	3.31911039e+15	2.94983959e-03
1092800	9619.02281597	2732	2.01474926e-04	2732.00000000	3.19216934e+15	3.31911180e+15	2.94984077e-03
1093200	9622.53280206	2733	2.01548673e-04	2733.00000000	3.19217075e+15	3.31911322e+15	2.94984196e-03
1093600	9626.05577945	2734	2.01622419e-04	2734.00000000	3.19217216e+15	3.31911463e+15	2.94984314e-03
1094000	9629.58655458	2735	2.01696165e-04	2735.00000000	3.19217356e+15	3.31911603e+15	2.94984432e-03
1094400	9633.11849335	2736	2.01769912e-04	2736.00000000	3.19217496e+15	3.31911744e+15	2.94984549e-03
1094800	9636.64108907	2737	2.01843658e-04	2737.00000000	3.19217636e+15	3.31911883e+15	2.94984667e-03
1095200	9640.17242890	2738	2.01917404e-04	2738.00000000	3.19217775e+15	3.31912023e+15	2.94984784e-03
1095600	9643.69487038	2739	2.01991150e-04	2739.00000000	3.19217914e+15	3.31912162e+15	2.94984900e-03
1096000	9647.22133807	2740	2.02064897e-04	2740.00000000	3.19218052e+15	3.31912301e+15	2.94985017e-03
1096400	9650.74149988	2741	2.02138643e-04	2741.00000000	3.19218190e+15	3.31912439e+15	2.94985133e-03
1096800	9654.26514002	2742	2.02212389e-04	2742.00000000	3.19218328e+15	3.31912578e+15	2.94985248e-03
1097200	9657.78701258	2743	2.02286136e-04	2743.00000000	3.19218466e+15	3.31912715e+15	2.94985364e-03
1097600	9661.31897381	2744	2.02359882e-04	2744.00000000	3.19218603e+15	3.31912853e+15	2.94985479e-03
1098000	9664.84415638	2745	2.02433628e-04	2745.00000000	3.19218740e+15	3.31912990e+15	2.94985594e-03
1098400	9668.36711796	2746	2.02507375e-04	2746.00000000	3.19218876e+15	3.31913126e+15	2.94985709e-03
1098800	9671.88838725	2747	2.02581121e-04	2747.00000000	3.19219012e+15	3.31913263e+15	2.94985823e-03
1099200	9675.41150802	2748	2.02654867e-04	2748.00000000	3.19219148e+15	3.31913399e+15	2.94985937e-03
1099600	9678.93793361	2749	2.02728614e-04	2749.00000000	3.19219283e+15	3.31913534e+15	2.94986050e-03
1100000	9682.44952765	2750	2.02802360e-04	2750.00000000	3.19219418e+15	3.31913670e+15	2.94986164e-03
1100400	9685.96575581	2751	2.02876106e-04	2751.00000000	3.19219553e+15	3.31913805e+15	2.94986277e-03
1100800	9689.48429382	2752	2.02949853e-04	2752.00000000	3.19219687e+15	3.31913939e+15	2.94986390e-03
1101200	9693.00782394	2753	2.03023599e-04	2753.00000000	3.19219821e+15	3.31914074e+15	2.94986502e-03
1101600	9696.52808737	2754	2.03097345e-04	2754.00000000	3.19219955e+15	3.31914207e+15	2.94986615e-03
1102000	9700.04877143	2755	2.03171091e-04	2755.00000000	3.19220088e+15	3.31914341e+15	2.94986727e-03
1102400	9703.56928655	2756	2.03244838e-04	2756.00000000	3.19220221e+15	3.31914474e+15	2.94986838e-03
1102800	9707.09587425	2757	2.03318584e-04	2757.00000000	3.19220354e+15	3.31914607e+15	2.94986950e-03
1103200	9710.62105579	2758	2.03392330e-04	2758.00000000	3.19220486e+15	3.31914740e+15	2.94987061e-03
1103600	9714.13438414	2759	2.03466077e-04	2759.00000000	3.19220618e+15	3.31914872e+15	2.94987172e-03
1104000	9717.66189701	2760	2.03539823e-04	2760.00000000	3.19220749e+15	3.31915004e+15	2.94987282e-03
1104400	9721.17909486	2761	2.03613569e-04	2761.00000000	3.19220881e+15	3.31915135e+15	2.94987392e-03
1104800	9724.69271363	2762	2.03687316e-04	2762.00000000	3.19221012e+15	3.31915267e+15	2.94987502e-03
1105200	9728.20829536	2763	2.03761062e-04	2763.00000000	3.19221142e+15	3.31915397e+15	2.94987612e-03
1105600	9731.72805870	2764	2.03834808e-04	2764.00000000	3.19221272e+15	3.31915528e+15	2.94987721e-03
1106000	9735.24818758	2765	2.03908555e-04	2765.00000000	3.19221402e+15	3.31915658e+15	2.94987830e-03
1106400	9738.77893515	2766	2.03982301e-04	2766.00000000	3.19221532e+15	3.31915788e+15	2.94987939e-03
1106800	9742.29198784	2767	2.04056047e-04	2767.00000000	3.19221661e+15	3.31915917e+15	2.94988048e-03
1107200	9745.81222778	2768	2.04129794e-04	2768.00000000	3.19221790e+15	3.31916047e+15	2.94988156e-03
1107600	9749.32340371	2769	2.04203540e-04	2769.00000000	3.19221919e+15	3.31916176e+15	2.94988264e-03
1108000	9752.83915484	2770	2.04277286e-04	2770.00000000	3.19222047e+15	3.31916304e+15	2.94988372e-03
1108400	9756.35073949	2771	2.04351032e-04	2771.00000000	3.19222175e+15	3.31916432e+15	2.94988479e-03
1108800	9759.86991621	2772	2.04424779e-04	2772.00000000	3.19222302e+15	3.31916560e+15	2.94988587e-03
1109200	9763.39556020	2773	2.04498525e-04	2773.00000000	3.19222430e+15	3.31916688e+15	2.94988693e-03
1109600	9766.92611772	2774	2.04572271e-04	2774.00000000	3.19222556e+15	3.31916815e+15	2.94988800e-03
1110000	9770.44347927	2775	2.04646018e-04	2775.00000000	3.19222683e+15	3.31916942e+15	2.94988906e-03
1110400	9773.96946467	2776	2.04719764e-04	2776.00000000	3.19222809e+15	3.31917068e+15	2.94989012e-03
1110800	9777.48810866	2777	2.04793510e-04	2777.00000000	3.19222935e+15	3.31917194e+15	2.94989118e-03
1111200	9781.01857633	2778	2.04867257e-04	2778.00000000	3.19223061e+15	3.31917320e+15	2.94989224e-03
1111600	9784.54709975	2779	2.04941003e-04	2779.00000000	3.19223186e+15	3.31917446e+15	2.94989329e-03
1112000	9788.08160038	2780	2.05014749e-04	2780.00000000	3.19223311e+15	3.31917571e+15	2.94989434e-03
1112400	9791.61056521	2781	2.05088496e-04	2781.00000000	3.19223436e+15	3.31917696e+15	2.94989539e-03
1112800	9795.14312685	2782	2.05162242e-04	2782.00000000	3.19223560e+15	3.31917821e+15	2.94989643e-03
1113200	9798.66428559	2783	2.05235988e-04	2783.00000000	3.19223684e+15	3.31917945e+15	2.94989747e-03
1113600	9802.18331836	2784	2.05309735e-04	2784.00000000	3.19223808e+15	3.31918069e+15	2.94989851e-03
1114000	9805.70609359	2785	2.05383481e-04	2785.00000000	3.19223931e+15	3.31918193e+15	2.94989955e-03
1114400	9809.21721373	2786	2.05457227e-04	2786.00000000	3.19224054e+15	3.31918316e+15	2.94990058e-03
1114800	9812.73603191	2787	2.05530973e-04	2787.00000000	3.19224177e+15	3.31918439e+15	2.94990161e-03
1115200	9816.25542993	2788	2.05604720e-04	2788.00000000	3.19224300e+15	3.31918562e+15	2.94990264e-03
1115600	9819.77427479	2789	2.05678466e-04	2789.00000000	3.19224422e+15	3.31918684e+15	2.94990367e-03
1116000	9823.28136051	2790	2.05752212e-04	2790.00000000	3.19224544e+15	3.31918806e+15	2.94990469e-03
1116400	9826.79824576	2791	2.05825959e-04	2791.00000000	3.19224665e+15	3.31918928e+15	2.94990571e-03
1116800	9830.31544584	2792	2.05899705e-04	2792.00000000	3.19224786e+15	3.31919049e+15	2.94990673e-03
1117200	9833.84339274	2793	2.05973451e-04	2793.00000000	3.19224907e+15	3.31919171e+15	2.94990775e-03
1117600	9837.36647345	2794	2.06047198e-04	2794.00000000	3.19225028e+15	3.31919291e+15	2.94990876e-03
1118000	9840.88322067	2795	2.06120944e-04	2795.00000000	3.19225148e+15	3.31919412e+15	2.94990977e-03
1118400	9844.41037490	2796	2.06194690e-04	2796.00000000	3.19225268e+15	3.31919532e+15	2.94991078e-03
1118800	9847.93134233	2797	2.06268437e-04	2797.00000000	3.19225388e+15	3.31919652e+15	2.94991178e-03
1119200	9851.45078686	2798	2.06342183e-04	2798.00000000	3.19225507e+15	3.31919772e+15	2.94991278e-03
1119600	9854.97342120	2799	2.06415929e-04	2799.00000000	3.19225626e+15	3.31919891e+15	2.94991378e-03
1120000	9858.48999651	2800	2.06489676e-04	2800.00000000	3.19225745e+15	3.31920010e+15	2.94991478e-03
1120400	9862.00519569	2801	2.06563422e-04	2801.00000000	3.19225863e+15	3.31920128e+15	2.94991577e-03
1120800	9865.52372080	2802	2.06637168e-04	2802.00000000	3.19225981e+15	3.31920247e+15	2.94991677e-03
1121200	9869.04345107	2803	2.06710914e-04	2803.00000000	3.19226099e+15	3.31920365e+15	2.94991776e-03
1121600	9872.56680643	2804	2.06784661e-04	2804.00000000	3.19226216e+15	3.31920483e+15	2.94991874e-03
1122000	9876.08658256	2805	2.06858407e-04	2805.00000000	3.19226334e+15	3.31920600e+15	2.94991973e-03
1122400	9879.60600886	2806	2.06932153e-04	2806.00000000	3.19226451e+15	3.31920717e+15	2.94992071e-03
1122800	9883.12188291	2807	2.07005900e-04	2807.00000000	3.19226567e+15	3.31920834e+15	2.94992169e-03
1123200	9886.64815642	2808	2.07079646e-04	2808.00000000	3.19226683e+15	3.31920951e+15	2.94992267e-03
1123600	9890.16727769	2809	2.07153392e-04	2809.00000000	3.19226799e+15	3.31921067e+15	2.94992364e-03
1124000	9893.68273852	2810	2.07227139e-04	2810.00000000	3.19226915e+15	3.31921183e+15	2.94992461e-03
1124400	9897.20367322	2811	2.07300885e-04	2811.00000000	3.19227031e+15	3.31921298e+15	2.94992558e-03
1124800	9900.72049798	2812	2.07374631e-04	2812.00000000	3.19227146e+15	3.31921414e+15	2.94992655e-03
1125200	9904.24089297	2813	2.07448378e-04	2813.00000000	3.19227260e+15	3.31921529e+15	2.94992751e-03
1125600	9907.75439105	2814	2.07522124e-04	2814.00000000	3.19227375e+15	3.31921644e+15	2.94992847e-03
1126000	9911.27332820	2815	2.07595870e-04	2815.00000000	3.19227489e+15	3.31921758e+15	2.94992943e-03
1126400	9914.79105713	2816	2.07669617e-04	2816.00000000	3.19227603e+15	3.31921872e+15	2.94993039e-03
1126800	9918.30930681	2817	2.07743363e-04	2817.00000000	3.19227717e+15	3.31921986e+15	2.94993134e-03
1127200	9921.84468883	2818	2.07817109e-04	2818.00000000	3.19227830e+15	3.31922100e+15	2.94993230e-03
1127600	9925.36915891	2819	2.07890855e-04	2819.00000000	3.19227943e+15	3.31922213e+15	2.94993325e-03
1128000	9928.89353713	2820	2.07964602e-04	2820.00000000	3.19228056e+15	3.31922326e+15	2.94993419e-03
1128400	9932.42548881	2821	2.08038348e-04	2821.00000000	3.19228168e+15	3.31922439e+15	2.94993514e-03
1128800	9935.95319104	2822	2.08112094e-04	2822.00000000	3.19228281e+15	3.31922551e+15	2.94993608e-03
1129200	9939.46642509	2823	2.08185841e-04	2823.00000000	3.19228392e+15	3.31922663e+15	2.94993702e-03
1129600	9942.97889195	2824	2.08259587e-04	2824.00000000	3.19228504e+15	3.31922775e+15	2.94993796e-03
1130000	9946.48400871	2825	2.08333333e-04	2825.00000000	3.19228615e+15	3.31922887e+15	2.94993889e-03
1130400	9949.99540216	2826	2.08407080e-04	2826.00000000	3.19228726e+15	3.31922998e+15	2.94993983e-03
1130800	9953.51814813	2827	2.08480826e-04	2827.00000000	3.19228837e+15	3.31923109e+15	2.94994076e-03
1131200	9957.04816472	2828	2.08554572e-04	2828.00000000	3.19228948e+15	3.31923220e+15	2.94994168e-03
1131600	9960.57113376	2829	2.08628319e-04	2829.00000000	3.19229058e+15	3.31923330e+15	2.94994261e-03
1132000	9964.08503252	2830	2.08702065e-04	2830.00000000	3.19229168e+15	3.31923440e+15	2.94994353e-03
1132400	9967.60609112	2831	2.08775811e-04	2831.00000000	3.19229277e+15	3.31923550e+15	2.94994445e-03
1132800	9971.13346323	2832	2.08849558e-04	2832.00000000	3.19229387e+15	3.31923660e+15	2.94994537e-03
1133200	9974.76924917	2833	2.08923304e-04	2833.00000000	3.19229496e+15	3.31923769e+15	2.94994629e-03
1133600	9978.29235353	2834	2.08997050e-04	2834.00000000	3.19229604e+15	3.31923878e+15	2.94994720e-03
1134000	9981.80734875	2835	2.09070796e-04	2835.00000000	3.19229713e+15	3.31923987e+15	2.94994811e-03
1134400	9985.33153189	2836	2.09144543e-04	2836.00000000	3.19229821e+15	3.31924095e+15	2.94994902e-03
1134800	9988.85569949	2837	2.09218289e-04	2837.00000000	3.19229929e+15	3.31924203e+15	2.94994993e-03
1135200	9992.38280107	2838	2.09292035e-04	2838.00000000	3.19230037e+15	3.31924311e+15	2.94995083e-03
1135600	9995.91114216	2839	2.09365782e-04	2839.00000000	3.19230144e+15	3.31924419e+15	2.94995173e-03
1136000	9999.42471457	2840	2.09439528e-04	2840.00000000	3.19230251e+15	3.31924526e+15	2.94995263e-03
1136400	10002.93825405	2841	2.09513274e-04	2841.00000000	3.19230358e+15	3.31924633e+15	2.94995353e-03
1136800	10006.44804815	2842	2.09587021e-04	2842.00000000	3.19230465e+15	3.31924740e+15	2.94995443e-03
1137200	10009.96554629	2843	2.09660767e-04	2843.00000000	3.19230571e+15	3.31924846e+15	2.94995532e-03
1137600	10013.48274465	2844	2.09734513e-04	2844.00000000	3.19230677e+15	3.31924953e+15	2.94995621e-03
1138000	10017.00044827	2845	2.09808260e-04	2845.00000000	3.19230783e+15	3.31925059e+15	2.94995710e-03
1138400	10020.61640629	2846	2.09882006e-04	2846.00000000	3.19230888e+15	3.31925164e+15	2.94995798e-03
1138800	10024.12249115	2847	2.09955752e-04	2847.00000000	3.19230993e+15	3.31925270e+15	2.94995887e-03
1139200	10027.64802903	2848	2.10029499e-04	2848.00000000	3.19231098e+15	3.31925375e+15	2.94995975e-03
1139600	10031.17536426	2849	2.10103245e-04	2849.00000000	3.19231203e+15	3.31925480e+15	2.94996063e-03
1140000	10034.70248850	2850	2.10176991e-04	2850.00000000	3.19231307e+15	3.31925584e+15	2.94996150e-03
1140400	10038.23311751	2851	2.10250737e-04	2851.00000000	3.19231411e+15	3.31925689e+15	2.94996238e-03
1140800	10041.74680234	2852	2.10324484e-04	2852.00000000	3.19231515e+15	3.31925793e+15	2.94996325e-03
1141200	10045.27017504	2853	2.10398230e-04	2853.00000000	3.19231619e+15	3.31925897e+15	2.94996412e-03
1141600	10048.78810483	2854	2.10471976e-04	2854.00000000	3.19231722e+15	3.31926000e+15	2.94996499e-03
1142000	10052.31883685	2855	2.10545723e-04	2855.00000000	3.19231825e+15	3.31926103e+15	2.94996585e-03
1142400	10055.83952179	2856	2.10619469e-04	2856.00000000	3.19231928e+15	3.31926206e+15	2.94996672e-03
1142800	10059.35112217	2857	2.10693215e-04	2857.00000000	3.19232030e+15	3.31926309e+15	2.94996758e-03
1143200	10062.86602438	2858	2.10766962e-04	2858.00000000	3.19232133e+15	3.31926412e+15	2.94996844e-03
1143600	10066.39294208	2859	2.10840708e-04	2859.00000000	3.19232235e+15	3.31926514e+15	2.94996929e-03
1144000	10069.91058990	2860	2.10914454e-04	2860.00000000	3.19232336e+15	3.31926616e+15	2.94997015e-03
1144400	10073.41704323	2861	2.10988201e-04	2861.00000000	3.19232438e+15	3.31926717e+15	2.94997100e-03
1144800	10076.92386926	2862	2.11061947e-04	2862.00000000	3.19232539e+15	3.31926819e+15	2.94997185e-03
1145200	10080.44685874	2863	2.11135693e-04	2863.00000000	3.19232640e+15	3.31926920e+15	2.94997270e-03
1145600	10083.98034531	2864	2.11209440e-04	2864.00000000	3.19232741e+15	3.31927021e+15	2.94997355e-03
1146000	10087.50924803	2865	2.11283186e-04	2865.00000000	3.19232841e+15	3.31927122e+15	2.94997439e-03
1146400	10091.03034833	2866	2.11356932e-04	2866.00000000	3.19232941e+15	3.31927222e+15	2.94997523e-03
1146800	10094.54677256	2867	2.11430678e-04	2867.00000000	3.19233041e+15	3.31927322e+15	2.94997607e-03
1147200	10098.06662952	2868	2.11504425e-04	2868.00000000	3.19233141e+15	3.31927422e+15	2.94997691e-03
1147600	10101.58512557	2869	2.11578171e-04	2869.00000000	3.19233240e+15	3.31927522e+15	2.94997774e-03
1148000	10105.10448115	2870	2.11651917e-04	2870.00000000	3.19233340e+15	3.31927621e+15	2.94997857e-03
1148400	10108.63240967	2871	2.11725664e-04	2871.00000000	3.19233438e+15	3.31927720e+15	2.94997941e-03
1148800	10112.15347562	2872	2.11799410e-04	2872.00000000	3.19233537e+15	3.31927819e+15	2.94998023e-03
1149200	10115.66525742	2873	2.11873156e-04	2873.00000000	3.19233635e+15	3.31927917e+15	2.94998106e-03
1149600	10119.17645582	2874	2.11946903e-04	2874.00000000	3.19233734e+15	3.31928016e+15	2.94998188e-03
1150000	10122.69856877	2875	2.12020649e-04	2875.00000000	3.19233831e+15	3.31928114e+15	2.94998271e-03
1150400	10126.22346448	2876	2.12094395e-04	2876.00000000	3.19233929e+15	3.31928212e+15	2.94998353e-03
1150800	10129.74316677	2877	2.12168142e-04	2877.00000000	3.19234026e+15	3.31928309e+15	2.94998434e-03
1151200	10133.27588481	2878	2.12241888e-04	2878.00000000	3.19234124e+15	3.31928407e+15	2.94998516e-03
1151600	10136.81093231	2879	2.12315634e-04	2879.00000000	3.19234220e+15	3.31928504e+15	2.94998597e-03
1152000	10140.33047844	2880	2.12389381e-04	2880.00000000	3.19234317e+15	3.31928601e+15	2.94998679e-03
1152400	10143.84480962	2881	2.12463127e-04	2881.00000000	3.19234413e+15	3.31928697e+15	2.94998760e-03
1152800	10147.36233046	2882	2.12536873e-04	2882.00000000	3.19234510e+15	3.31928794e+15	2.94998840e-03
1153200	10150.89256768	2883	2.12610619e-04	2883.00000000	3.19234606e+15	3.31928890e+15	2.94998921e-03
1153600	10154.40923373	2884	2.12684366e-04	2884.00000000	3.19234701e+15	3.31928985e+15	2.94999001e-03
1154000	10157.91662285	2885	2.12758112e-04	2885.00000000	3.19234797e+15	3.31929081e+15	2.94999081e-03
1154400	10161.44175423	2886	2.12831858e-04	2886.00000000	3.19234892e+15	3.31929176e+15	2.94999161e-03
1154800	10164.96317028	2887	2.12905605e-04	2887.00000000	3.19234987e+15	3.31929272e+15	2.94999241e-03
1155200	10168.48309256	2888	2.12979351e-04	2888.00000000	3.19235081e+15	3.31929366e+15	2.94999320e-03
1155600	10171.99606925	2889	2.13053097e-04	2889.00000000	3.19235176e+15	3.31929461e+15	2.94999400e-03
1156000	10175.51285572	2890	2.13126844e-04	2890.00000000	3.19235270e+15	3.31929555e+15	2.94999479e-03
1156400	10179.02944338	2891	2.13200590e-04	2891.00000000	3.19235364e+15	3.31929650e+15	2.94999558e-03
1156800	10182.55165629	2892	2.13274336e-04	2892.00000000	3.19235458e+15	3.31929743e+15	2.94999637e-03
1157200	10186.07206324	2893	2.13348083e-04	2893.00000000	3.19235551e+15	3.31929837e+15	2.94999715e-03
1157600	10189.58565384	2894	2.13421829e-04	2894.00000000	3.19235644e+15	3.31929931e+15	2.94999793e-03
1158000	10193.10789785	2895	2.13495575e-04	2895.00000000	3.19235737e+15	3.31930024e+15	2.94999871e-03
1158400	10196.61633682	2896	2.13569322e-04	2896.00000000	3.19235830e+15	3.31930117e+15	2.94999949e-03
1158800	10200.12869589	2897	2.13643068e-04	2897.00000000	3.19235922e+15	3.31930209e+15	2.95000027e-03
1159200	10203.64623664	2898	2.13716814e-04	2898.00000000	3.19236015e+15	3.31930302e+15	2.95000105e-03
1159600	10207.16620556	2899	2.13790560e-04	2899.00000000	3.19236107e+15	3.31930394e+15	2.95000182e-03
1160000	10210.68350070	2900	2.13864307e-04	2900.00000000	3.19236198e+15	3.31930486e+15	2.95000259e-03
1160400	10214.21251490	2901	2.13938053e-04	2901.00000000	3.19236290e+15	3.31930578e+15	2.95000336e-03
1160800	10217.72967278	2902	2.14011799e-04	2902.00000000	3.19236381e+15	3.31930669e+15	2.95000413e-03
1161200	10221.25658812	2903	2.14085546e-04	2903.00000000	3.19236472e+15	3.31930761e+15	2.95000489e-03
1161600	10224.77661174	2904	2.14159292e-04	2904.00000000	3.19236563e+15	3.31930852e+15	2.95000565e-03
1162000	10228.30495527	2905	2.14233038e-04	2905.00000000	3.19236654e+15	3.31930942e+15	2.95000641e-03
1162400	10231.82139025	2906	2.14306785e-04	2906.00000000	3.19236744e+15	3.31931033e+15	2.95000717e-03
1162800	10235.33273299	2907	2.14380531e-04	2907.00000000	3.19236834e+15	3.31931123e+15	2.95000793e-03
1163200	10238.85237501	2908	2.14454277e-04	2908.00000000	3.19236924e+15	3.31931213e+15	2.95000869e-03
1163600	10242.37540541	2909	2.14528024e-04	2909.00000000	3.19237014e+15	3.31931303e+15	2.95000944e-03
1164000	10245.89986963	2910	2.14601770e-04	2910.00000000	3.19237104e+15	3.31931393e+15	2.95001019e-03
1164400	10249.40929863	2911	2.14675516e-04	2911.00000000	3.19237193e+15	3.31931482e+15	2.95001094e-03
1164800	10252.91738686	2912	2.14749263e-04	2912.00000000	3.19237282e+15	3.31931572e+15	2.95001169e-03
1165200	10256.43264746	2913	2.14823009e-04	2913.00000000	3.19237371e+15	3.31931661e+15	2.95001243e-03
1165600	10259.94054130	2914	2.14896755e-04	2914.00000000	3.19237459e+15	3.31931749e+15	2.95001318e-03
1166000	10263.46946978	2915	2.14970501e-04	2915.00000000	3.19237547e+15	3.31931838e+15	2.95001392e-03
1166400	10266.99527528	2916	2.15044248e-04	2916.00000000	3.19237636e+15	3.31931926e+15	2.95001466e-03
1166800	10270.52041204	2917	2.15117994e-04	2917.00000000	3.19237723e+15	3.31932014e+15	2.95001540e-03
1167200	10274.04727154	2918	2.15191740e-04	2918.00000000	3.19237811e+15	3.31932102e+15	2.95001613e-03
1167600	10277.56900811	2919	2.15265487e-04	2919.00000000	3.19237898e+15	3.31932190e+15	2.95001687e-03
1168000	10281.07488273	2920	2.15339233e-04	2920.00000000	3.19237986e+15	3.31932277e+15	2.95001760e-03
1168400	10284.59565914	2921	2.15412979e-04	2921.00000000	3.19238073e+15	3.31932364e+15	2.95001833e-03
1168800	10288.11234547	2922	2.15486726e-04	2922.00000000	3.19238159e+15	3.31932451e+15	2.95001906e-03
1169200	10291.63329941	2923	2.15560472e-04	2923.00000000	3.19238246e+15	3.31932538e+15	2.95001979e-03
1169600	10295.15834439	2924	2.15634218e-04	2924.00000000	3.19238332e+15	3.31932624e+15	2.95002051e-03
1170000	10298.67037874	2925	2.15707965e-04	2925.00000000	3.19238418e+15	3.31932710e+15	2.95002123e-03
1170400	10302.20496312	2926	2.15781711e-04	2926.00000000	3.19238504e+15	3.31932797e+15	2.95002196e-03
1170800	10305.72427291	2927	2.15855457e-04	2927.00000000	3.19238590e+15	3.31932882e+15	2.95002267e-03
1171200	10309.23758939	2928	2.15929204e-04	2928.00000000	3.19238675e+15	3.31932968e+15	2.95002339e-03
1171600	10312.74824023	2929	2.16002950e-04	2929.00000000	3.19238760e+15	3.31933053e+15	2.95002411e-03
1172000	10316.26121239	2930	2.16076696e-04	2930.00000000	3.19238845e+15	3.31933138e+15	2.95002482e-03
1172400	10319.77752734	2931	2.16150442e-04	2931.00000000	3.19238930e+15	3.31933223e+15	2.95002553e-03
1172800	10323.29056584	2932	2.16224189e-04	2932.00000000	3.19239015e+15	3.31933308e+15	2.95002624e-03
1173200	10326.82239075	2933	2.16297935e-04	2933.00000000	3.19239099e+15	3.31933393e+15	2.95002695e-03
1173600	10330.34378626	2934	2.16371681e-04	2934.00000000	3.19239183e+15	3.31933477e+15	2.95002766e-03
1174000	10333.86395736	2935	2.16445428e-04	2935.00000000	3.19239267e+15	3.31933561e+15	2.95002836e-03
1174400	10337.38722589	2936	2.16519174e-04	2936.00000000	3.19239351e+15	3.31933645e+15	2.95002907e-03
1174800	10340.90662904	2937	2.16592920e-04	2937.00000000	3.19239434e+15	3.31933729e+15	2.95002977e-03
1175200	10344.44502603	2938	2.16666667e-04	2938.00000000	3.19239517e+15	3.31933812e+15	2.95003047e-03
1175600	10347.96327575	2939	2.16740413e-04	2939.00000000	3.19239600e+15	3.31933895e+15	2.95003116e-03
1176000	10351.48105897	2940	2.16814159e-04	2940.00000000	3.19239683e+15	3.31933978e+15	2.95003186e-03
1176400	10355.00122548	2941	2.16887906e-04	2941.00000000	3.19239766e+15	3.31934061e+15	2.95003255e-03
1176800	10358.52411127	2942	2.16961652e-04	2942.00000000	3.19239848e+15	3.31934144e+15	2.95003325e-03
1177200	10362.03524365	2943	2.17035398e-04	2943.00000000	3.19239930e+15	3.31934226e+15	2.95003394e-03
1177600	10365.54926904	2944	2.17109145e-04	2944.00000000	3.19240012e+15	3.31934308e+15	2.95003462e-03
1178000	10369.06534044	2945	2.17182891e-04	2945.00000000	3.19240094e+15	3.31934390e+15	2.95003531e-03
1178400	10372.58287969	2946	2.17256637e-04	2946.00000000	3.19240176e+15	3.31934472e+15	2.95003600e-03
1178800	10376.11418698	2947	2.17330383e-04	2947.00000000	3.19240257e+15	3.31934553e+15	2.95003668e-03
1179200	10379.63006042	2948	2.17404130e-04	2948.00000000	3.19240338e+15	3.31934635e+15	2.95003736e-03
1179600	10383.15163052	2949	2.17477876e-04	2949.00000000	3.19240419e+15	3.31934716e+15	2.95003804e-03
1180000	10386.66256519	2950	2.17551622e-04	2950.00000000	3.19240500e+15	3.31934797e+15	2.95003872e-03
1180400	10390.18111336	2951	2.17625369e-04	2951.00000000	3.19240580e+15	3.31934877e+15	2.95003940e-03
1180800	10393.70258227	2952	2.17699115e-04	2952.00000000	3.19240661e+15	3.31934958e+15	2.95004007e-03
1181200	10397.21871309	2953	2.17772861e-04	2953.00000000	3.19240741e+15	3.31935038e+15	2.95004074e-03
1181600	10400.73526154	2954	2.17846608e-04	2954.00000000	3.19240821e+15	3.31935118e+15	2.95004141e-03
1182000	10404.26638635	2955	2.17920354e-04	2955.00000000	3.19240900e+15	3.31935198e+15	2.95004208e-03
1182400	10407.78455032	2956	2.17994100e-04	2956.00000000	3.19240980e+15	3.31935278e+15	2.95004275e-03
1182800	10411.30586369	2957	2.18067847e-04	2957.00000000	3.19241059e+15	3.31935357e+15	2.95004342e-03
1183200	10414.82636969	2958	2.18141593e-04	2958.00000000	3.19241138e+15	3.31935436e+15	2.95004408e-03
1183600	10418.35322040	2959	2.18215339e-04	2959.00000000	3.19241217e+15	3.31935515e+15	2.95004474e-03
1184000	10421.86067543	2960	2.18289086e-04	2960.00000000	3.19241296e+15	3.31935594e+15	2.95004541e-03
1184400	10425.38337832	2961	2.18362832e-04	2961.00000000	3.19241374e+15	3.31935673e+15	2.95004606e-03
1184800	10428.90488901	2962	2.18436578e-04	2962.00000000	3.19241453e+15	3.31935751e+15	2.95004672e-03
1185200	10432.42825985	2963	2.18510324e-04	2963.00000000	3.19241531e+15	3.31935830e+15	2.95004738e-03
1185600	10435.95711357	2964	2.18584071e-04	2964.00000000	3.19241609e+15	3.31935908e+15	2.95004803e-03
1186000	10439.48396345	2965	2.18657817e-04	2965.00000000	3.19241686e+15	3.31935985e+15	2.95004868e-03
1186400	10442.99123941	2966	2.18731563e-04	2966.00000000	3.19241764e+15	3.31936063e+15	2.95004934e-03
1186800	10446.50041111	2967	2.18805310e-04	2967.00000000	3.19241841e+15	3.31936141e+15	2.95004998e-03
1187200	10450.01908172	2968	2.18879056e-04	2968.00000000	3.19241918e+15	3.31936218e+15	2.95005063e-03
1187600	10453.55128794	2969	2.18952802e-04	2969.00000000	3.19241995e+15	3.31936295e+15	2.95005128e-03
1188000	10457.06870891	2970	2.19026549e-04	2970.00000000	3.19242072e+15	3.31936372e+15	2.95005192e-03
1188400	10460.58725226	2971	2.19100295e-04	2971.00000000	3.19242148e+15	3.31936448e+15	2.95005256e-03
1188800	10464.10681427	2972	2.19174041e-04	2972.00000000	3.19242224e+15	3.31936525e+15	2.95005320e-03
1189200	10467.62969144	2973	2.19247788e-04	2973.00000000	3.19242300e+15	3.31936601e+15	2.95005384e-03
1189600	10471.15256867	2974	2.19321534e-04	2974.00000000	3.19242376e+15	3.31936677e+15	2.95005448e-03
1190000	10474.68178017	2975	2.19395280e-04	2975.00000000	3.19242452e+15	3.31936753e+15	2.95005512e-03
1190400	10478.20114737	2976	2.19469027e-04	2976.00000000	3.19242528e+15	3.31936829e+15	2.95005575e-03
1190800	10481.71310777	2977	2.19542773e-04	2977.00000000	3.19242603e+15	3.31936904e+15	2.95005638e-03
1191200	10485.22731087	2978	2.19616519e-04	2978.00000000	3.19242678e+15	3.31936979e+15	2.95005702e-03
1191600	10488.75956988	2979	2.19690265e-04	2979.00000000	3.19242753e+15	3.31937055e+15	2.95005765e-03
1192000	10492.27514391	2980	2.19764012e-04	2980.00000000	3.19242828e+15	3.31937129e+15	2.95005827e-03
1192400	10495.80216583	2981	2.19837758e-04	2981.00000000	3.19242902e+15	3.31937204e+15	2.95005890e-03
1192800	10499.30906110	2982	2.19911504e-04	2982.00000000	3.19242977e+15	3.31937279e+15	2.95005952e-03
1193200	10502.82546708	2983	2.19985251e-04	2983.00000000	3.19243051e+15	3.31937353e+15	2.95006015e-03
1193600	10506.33494453	2984	2.20058997e-04	2984.00000000	3.19243125e+15	3.31937427e+15	2.95006077e-03
1194000	10509.84824352	2985	2.20132743e-04	2985.00000000	3.19243199e+15	3.31937501e+15	2.95006139e-03
1194400	10513.36732306	2986	2.20206490e-04	2986.00000000	3.19243272e+15	3.31937575e+15	2.95006201e-03
1194800	10516.88345137	2987	2.20280236e-04	2987.00000000	3.19243346e+15	3.31937648e+15	2.95006262e-03
1195200	10520.40576137	2988	2.20353982e-04	2988.00000000	3.19243419e+15	3.31937722e+15	2.95006324e-03
1195600	10523.91970037	2989	2.20427729e-04	2989.00000000	3.19243492e+15	3.31937795e+15	2.95006385e-03
1196000	10527.44402334	2990	2.20501475e-04	2990.00000000	3.19243565e+15	3.31937868e+15	2.95006446e-03
1196400	10530.96718423	2991	2.20575221e-04	2991.00000000	3.19243637e+15	3.31937941e+15	2.95006507e-03
1196800	10534.47887428	2992	2.20648968e-04	2992.00000000	3.19243710e+15	3.31938013e+15	2.95006568e-03
1197200	10537.99676145	2993	2.20722714e-04	2993.00000000	3.19243782e+15	3.31938086e+15	2.95006629e-03
1197600	10541.50527925	2994	2.20796460e-04	2994.00000000	3.19243854e+15	3.31938158e+15	2.95006690e-03
1198000	10545.00966427	2995	2.20870206e-04	2995.00000000	3.19243926e+15	3.31938230e+15	2.95006750e-03
1198400	10548.52269218	2996	2.20943953e-04	2996.00000000	3.19243998e+15	3.31938302e+15	2.95006810e-03
1198800	10552.03944278	2997	2.21017699e-04	2997.00000000	3.19244069e+15	3.31938374e+15	2.95006870e-03
1199200	10555.56285542	2998	2.21091445e-04	2998.00000000	3.19244141e+15	3.31938445e+15	2.95006930e-03
1199600	10559.08059623	2999	2.21165192e-04	2999.00000000	3.19244212e+15	3.31938517e+15	2.95006990e-03
1200000	10562.62732893	3000	2.21238938e-04	3000.00000000	3.19244283e+15	3.31938588e+15	2.95007050e-03
