TITLE = "DT cycle-start spatial average"
VARIABLES = "step", "wallTime", "targetCycle", "runTime", "runCyc", "NeAve", "NiAve", "EeAve"
ZONE T="Average_phase0", F=POINT
0	0.00000000	0	0.00000000e+00	0.00000000	1.00000000e+14	1.00000000e+14	2.40315765e-05
24	0.32228426	1	7.37463127e-08	1.00000000	9.94641881e+13	1.15750056e+14	1.19723713e-04
49	0.64724074	2	1.47492625e-07	2.00000000	1.24014630e+14	1.47595419e+14	1.50568663e-04
74	0.97262378	3	2.21238938e-07	3.00000000	1.57743163e+14	1.86520672e+14	1.91087496e-04
99	1.29894448	4	2.94985251e-07	4.00000000	1.99172019e+14	2.32509244e+14	2.39685196e-04
124	1.62486728	5	3.68731563e-07	5.00000000	2.47071283e+14	2.84842247e+14	2.94596537e-04
149	1.95258613	6	4.42477876e-07	6.00000000	2.99849952e+14	3.42124770e+14	3.53771989e-04
174	2.28101171	7	5.16224189e-07	7.00000000	3.55735086e+14	4.02617633e+14	4.15017707e-04
199	2.60703277	8	5.89970501e-07	8.00000000	4.13031419e+14	4.64572715e+14	4.76778826e-04
224	2.93251015	9	6.63716814e-07	9.00000000	4.70380576e+14	5.26554913e+14	5.37625281e-04
249	3.25438602	10	7.37463127e-07	10.00000000	5.26724596e+14	5.87427303e+14	5.96376251e-04
274	3.57703471	11	8.11209440e-07	11.00000000	5.81570451e+14	6.46644643e+14	6.52584226e-04
299	3.89829492	12	8.84955752e-07	12.00000000	6.34643361e+14	7.03885537e+14	7.06086400e-04
324	4.21970307	13	9.58702065e-07	13.00000000	6.85794628e+14	7.58977872e+14	7.56946264e-04
349	4.54213230	14	1.03244838e-06	14.00000000	7.35117213e+14	8.12005622e+14	8.05429354e-04
374	4.86394683	15	1.10619469e-06	15.00000000	7.82805192e+14	8.63159802e+14	8.51886947e-04
399	5.18558244	16	1.17994100e-06	16.00000000	8.29117235e+14	9.12697046e+14	8.96888832e-04
424	5.50811220	17	1.25368732e-06	17.00000000	8.74254359e+14	9.60820156e+14	9.40528817e-04
449	5.83260293	18	1.32743363e-06	18.00000000	9.18320844e+14	1.00764244e+15	9.83207249e-04
474	6.15693402	19	1.40117994e-06	19.00000000	9.61403817e+14	1.05326167e+15	1.02477926e-03
499	6.48173114	20	1.47492625e-06	20.00000000	1.00347383e+15	1.09766105e+15	1.06530890e-03
524	6.80614435	21	1.54867257e-06	21.00000000	1.04449945e+15	1.14082305e+15	1.10474768e-03
549	7.13092232	22	1.62241888e-06	22.00000000	1.08443610e+15	1.18271854e+15	1.14299497e-03
574	7.45582517	23	1.69616519e-06	23.00000000	1.12328533e+15	1.22336563e+15	1.18012325e-03
599	7.78256393	24	1.76991150e-06	24.00000000	1.16098115e+15	1.26271388e+15	1.21611143e-03
624	8.10840930	25	1.84365782e-06	25.00000000	1.19762580e+15	1.30088035e+15	1.25090558e-03
649	8.43347143	26	1.91740413e-06	26.00000000	1.23337750e+15	1.33803477e+15	1.28454993e-03
674	8.75688097	27	1.99115044e-06	27.00000000	1.26837674e+15	1.37433184e+15	1.31723924e-03
699	9.08232709	28	2.06489676e-06	28.00000000	1.30259618e+15	1.40975605e+15	1.34907531e-03
724	9.40729659	29	2.13864307e-06	29.00000000	1.33602192e+15	1.44430330e+15	1.38004415e-03
749	9.73216739	30	2.21238938e-06	30.00000000	1.36864247e+15	1.47796963e+15	1.41016739e-03
774	10.05899486	31	2.28613569e-06	31.00000000	1.40044009e+15	1.51074373e+15	1.43942338e-03
799	10.38427878	32	2.35988201e-06	32.00000000	1.43140353e+15	1.54261944e+15	1.46778900e-03
824	10.70954598	33	2.43362832e-06	33.00000000	1.46151573e+15	1.57358411e+15	1.49525773e-03
849	11.03520193	34	2.50737463e-06	34.00000000	1.49074801e+15	1.60361327e+15	1.52189679e-03
874	11.36138501	35	2.58112094e-06	35.00000000	1.51909434e+15	1.63270439e+15	1.54767584e-03
899	11.68623017	36	2.65486726e-06	36.00000000	1.54655647e+15	1.66086289e+15	1.57256920e-03
924	12.01166300	37	2.72861357e-06	37.00000000	1.57317622e+15	1.68813383e+15	1.59657764e-03
949	12.33580430	38	2.80235988e-06	38.00000000	1.59898122e+15	1.71454910e+15	1.61975107e-03
974	12.66144833	39	2.87610619e-06	39.00000000	1.62399435e+15	1.74013533e+15	1.64214366e-03
999	12.98695581	40	2.94985251e-06	40.00000000	1.64824881e+15	1.76492821e+15	1.66378946e-03
1024	13.31497628	41	3.02359882e-06	41.00000000	1.67178503e+15	1.78897107e+15	1.68474640e-03
1049	13.63946065	42	3.09734513e-06	42.00000000	1.69462326e+15	1.81228654e+15	1.70505417e-03
1074	13.96323909	43	3.17109145e-06	43.00000000	1.71681631e+15	1.83492970e+15	1.72474227e-03
1099	14.28675967	44	3.24483776e-06	44.00000000	1.73839757e+15	1.85693588e+15	1.74384264e-03
1124	14.61229204	45	3.31858407e-06	45.00000000	1.75940580e+15	1.87834561e+15	1.76239117e-03
1149	14.93849791	46	3.39233038e-06	46.00000000	1.77986203e+15	1.89918173e+15	1.78041412e-03
1174	15.26408812	47	3.46607670e-06	47.00000000	1.79977339e+15	1.91945278e+15	1.79793585e-03
1199	15.58807645	48	3.53982301e-06	48.00000000	1.81918591e+15	1.93920653e+15	1.81499513e-03
1224	15.91190432	49	3.61356932e-06	49.00000000	1.83811970e+15	1.95846407e+15	1.83160714e-03
1249	16.23667839	50	3.68731563e-06	50.00000000	1.85659354e+15	1.97724578e+15	1.84779623e-03
1274	16.56136031	51	3.76106195e-06	51.00000000	1.87460540e+15	1.99555051e+15	1.86359086e-03
1299	16.88671458	52	3.83480826e-06	52.00000000	1.89218269e+15	2.01340688e+15	1.87900489e-03
1324	17.21107857	53	3.90855457e-06	53.00000000	1.90935877e+15	2.03084957e+15	1.89405221e-03
1349	17.53428346	54	3.98230088e-06	54.00000000	1.92614091e+15	2.04788675e+15	1.90874503e-03
1374	17.85943549	55	4.05604720e-06	55.00000000	1.94254489e+15	2.06453479e+15	1.92309278e-03
1399	18.18296315	56	4.12979351e-06	56.00000000	1.95858354e+15	2.08080767e+15	1.93712867e-03
1424	18.50619234	57	4.20353982e-06	57.00000000	1.97427308e+15	2.09672187e+15	1.95086624e-03
1449	18.82998390	58	4.27728614e-06	58.00000000	1.98962471e+15	2.11228948e+15	1.96431090e-03
1474	19.15554715	59	4.35103245e-06	59.00000000	2.00464901e+15	2.12752141e+15	1.97747343e-03
1499	19.47971752	60	4.42477876e-06	60.00000000	2.01937185e+15	2.14244377e+15	1.99038700e-03
1524	19.80510832	61	4.49852507e-06	61.00000000	2.03379861e+15	2.15706279e+15	2.00305175e-03
1549	20.12906368	62	4.57227139e-06	62.00000000	2.04795864e+15	2.17140807e+15	2.01547125e-03
1574	20.45204933	63	4.64601770e-06	63.00000000	2.06185447e+15	2.18548216e+15	2.02765573e-03
1599	20.77649456	64	4.71976401e-06	64.00000000	2.07548679e+15	2.19928654e+15	2.03961639e-03
1624	21.10158139	65	4.79351032e-06	65.00000000	2.08885232e+15	2.21281823e+15	2.05131933e-03
1649	21.42730392	66	4.86725664e-06	66.00000000	2.10195301e+15	2.22607930e+15	2.06277999e-03
1674	21.75302971	67	4.94100295e-06	67.00000000	2.11480204e+15	2.23908350e+15	2.07400756e-03
1699	22.07775595	68	5.01474926e-06	68.00000000	2.12741809e+15	2.25184956e+15	2.08501822e-03
1724	22.40118339	69	5.08849558e-06	69.00000000	2.13979980e+15	2.26437648e+15	2.09581174e-03
1749	22.72430989	70	5.16224189e-06	70.00000000	2.15196779e+15	2.27668510e+15	2.10639405e-03
1774	23.05005117	71	5.23598820e-06	71.00000000	2.16392887e+15	2.28878219e+15	2.11679168e-03
1799	23.37499798	72	5.30973451e-06	72.00000000	2.17567970e+15	2.30066495e+15	2.12699802e-03
1824	23.70007351	73	5.38348083e-06	73.00000000	2.18721919e+15	2.31233239e+15	2.13703401e-03
1849	24.02560308	74	5.45722714e-06	74.00000000	2.19855163e+15	2.32378884e+15	2.14686220e-03
1874	24.35159689	75	5.53097345e-06	75.00000000	2.20967332e+15	2.33503046e+15	2.15650076e-03
1899	24.67526028	76	5.60471976e-06	76.00000000	2.22059032e+15	2.34606382e+15	2.16595341e-03
1924	24.99986548	77	5.67846608e-06	77.00000000	2.23130947e+15	2.35689585e+15	2.17522821e-03
1949	25.32490244	78	5.75221239e-06	78.00000000	2.24184724e+15	2.36754322e+15	2.18433774e-03
1974	25.65069202	79	5.82595870e-06	79.00000000	2.25221107e+15	2.37801356e+15	2.19329658e-03
1999	25.97643050	80	5.89970501e-06	80.00000000	2.26240072e+15	2.38830673e+15	2.20209660e-03
2024	26.30435073	81	5.97345133e-06	81.00000000	2.27242105e+15	2.39842745e+15	2.21073733e-03
2049	26.62905129	82	6.04719764e-06	82.00000000	2.28227045e+15	2.40837441e+15	2.21923356e-03
2074	26.95382783	83	6.12094395e-06	83.00000000	2.29195360e+15	2.41815240e+15	2.22757377e-03
2099	27.27847486	84	6.19469027e-06	84.00000000	2.30147051e+15	2.42776134e+15	2.23577117e-03
2124	27.60487688	85	6.26843658e-06	85.00000000	2.31082347e+15	2.43720384e+15	2.24381900e-03
2149	27.93067306	86	6.34218289e-06	86.00000000	2.32001492e+15	2.44648236e+15	2.25172375e-03
2174	28.25738825	87	6.41592920e-06	87.00000000	2.32906813e+15	2.45561999e+15	2.25947973e-03
2199	28.58216106	88	6.48967552e-06	88.00000000	2.33798120e+15	2.46461529e+15	2.26712780e-03
2224	28.90582774	89	6.56342183e-06	89.00000000	2.34675003e+15	2.47346408e+15	2.27464981e-03
2249	29.22968093	90	6.63716814e-06	90.00000000	2.35538756e+15	2.48217957e+15	2.28203925e-03
2274	29.55439397	91	6.71091445e-06	91.00000000	2.36388908e+15	2.49075698e+15	2.28932638e-03
2299	29.87947884	92	6.78466077e-06	92.00000000	2.37226673e+15	2.49920866e+15	2.29648722e-03
2324	30.20440413	93	6.85840708e-06	93.00000000	2.38051990e+15	2.50753376e+15	2.30353159e-03
2349	30.53008919	94	6.93215339e-06	94.00000000	2.38863477e+15	2.51571877e+15	2.31046884e-03
2374	30.85618100	95	7.00589971e-06	95.00000000	2.39661624e+15	2.52376833e+15	2.31729764e-03
2399	31.18114051	96	7.07964602e-06	96.00000000	2.40446739e+15	2.53168598e+15	2.32401336e-03
2424	31.50518691	97	7.15339233e-06	97.00000000	2.41219495e+15	2.53947847e+15	2.33060215e-03
2449	31.83003126	98	7.22713864e-06	98.00000000	2.41980105e+15	2.54714796e+15	2.33708540e-03
2474	32.15347446	99	7.30088496e-06	99.00000000	2.42728933e+15	2.55469804e+15	2.34346498e-03
2499	32.47685059	100	7.37463127e-06	100.00000000	2.43465945e+15	2.56212864e+15	2.34974797e-03
2524	32.79975986	101	7.44837758e-06	101.00000000	2.44190819e+15	2.56943656e+15	2.35592831e-03
2549	33.12393005	102	7.52212389e-06	102.00000000	2.44904609e+15	2.57663242e+15	2.36199837e-03
2574	33.44672543	103	7.59587021e-06	103.00000000	2.45607459e+15	2.58371746e+15	2.36797834e-03
2599	33.77074710	104	7.66961652e-06	104.00000000	2.46299527e+15	2.59069332e+15	2.37386285e-03
2624	34.09457759	105	7.74336283e-06	105.00000000	2.46980992e+15	2.59756166e+15	2.37964641e-03
2649	34.41722219	106	7.81710914e-06	106.00000000	2.47653045e+15	2.60433478e+15	2.38533994e-03
2674	34.74019495	107	7.89085546e-06	107.00000000	2.48315607e+15	2.61101185e+15	2.39095609e-03
2699	35.06325594	108	7.96460177e-06	108.00000000	2.48968915e+15	2.61759530e+15	2.39649235e-03
2724	35.38582471	109	8.03834808e-06	109.00000000	2.49612639e+15	2.62408202e+15	2.40194641e-03
2749	35.71025429	110	8.11209440e-06	110.00000000	2.50246686e+15	2.63047086e+15	2.40731161e-03
2774	36.03501328	111	8.18584071e-06	111.00000000	2.50871227e+15	2.63676361e+15	2.41260717e-03
2799	36.35897746	112	8.25958702e-06	112.00000000	2.51487078e+15	2.64296860e+15	2.41781683e-03
2824	36.68333195	113	8.33333333e-06	113.00000000	2.52094928e+15	2.64909253e+15	2.42294428e-03
2849	37.00790834	114	8.40707965e-06	114.00000000	2.52694643e+15	2.65513414e+15	2.42799913e-03
2874	37.33366752	115	8.48082596e-06	115.00000000	2.53285557e+15	2.66108691e+15	2.43299941e-03
2899	37.65904992	116	8.55457227e-06	116.00000000	2.53868819e+15	2.66696211e+15	2.43791042e-03
2924	37.98291307	117	8.62831858e-06	117.00000000	2.54444538e+15	2.67276092e+15	2.44275513e-03
2949	38.30591289	118	8.70206490e-06	118.00000000	2.55012204e+15	2.67847816e+15	2.44753283e-03
2974	38.62883442	119	8.77581121e-06	119.00000000	2.55572156e+15	2.68411748e+15	2.45224881e-03
2999	38.95299388	120	8.84955752e-06	120.00000000	2.56126248e+15	2.68969761e+15	2.45688645e-03
3024	39.27944409	121	8.92330383e-06	121.00000000	2.56674239e+15	2.69521601e+15	2.46147529e-03
3049	39.60414785	122	8.99705015e-06	122.00000000	2.57216492e+15	2.70067619e+15	2.46600832e-03
3074	39.92806069	123	9.07079646e-06	123.00000000	2.57752884e+15	2.70607704e+15	2.47049542e-03
3099	40.25146177	124	9.14454277e-06	124.00000000	2.58283559e+15	2.71142011e+15	2.47493099e-03
3124	40.57670024	125	9.21828909e-06	125.00000000	2.58808689e+15	2.71670709e+15	2.47931923e-03
3149	40.90194902	126	9.29203540e-06	126.00000000	2.59328199e+15	2.72193719e+15	2.48365852e-03
3174	41.22495006	127	9.36578171e-06	127.00000000	2.59841819e+15	2.72710757e+15	2.48794456e-03
3199	41.54891580	128	9.43952802e-06	128.00000000	2.60349246e+15	2.73221539e+15	2.49218564e-03
3224	41.87280282	129	9.51327434e-06	129.00000000	2.60851155e+15	2.73726744e+15	2.49637410e-03
3249	42.19684564	130	9.58702065e-06	130.00000000	2.61347894e+15	2.74226714e+15	2.50051249e-03
3274	42.52203750	131	9.66076696e-06	131.00000000	2.61839638e+15	2.74721638e+15	2.50460697e-03
3299	42.84473488	132	9.73451327e-06	132.00000000	2.62326164e+15	2.75211290e+15	2.50865587e-03
3324	43.16699523	133	9.80825959e-06	133.00000000	2.62807719e+15	2.75695912e+15	2.51266196e-03
3349	43.48795355	134	9.88200590e-06	134.00000000	2.63284355e+15	2.76175531e+15	2.51663198e-03
3374	43.80919292	135	9.95575221e-06	135.00000000	2.63755914e+15	2.76650033e+15	2.52055535e-03
3399	44.13093862	136	1.00294985e-05	136.00000000	2.64222215e+15	2.77119232e+15	2.52443174e-03
3424	44.45218566	137	1.01032448e-05	137.00000000	2.64683478e+15	2.77583340e+15	2.52826635e-03
3449	44.77285287	138	1.01769912e-05	138.00000000	2.65139820e+15	2.78042476e+15	2.53206370e-03
3474	45.09499713	139	1.02507375e-05	139.00000000	2.65591691e+15	2.78497090e+15	2.53581995e-03
3499	45.41663920	140	1.03244838e-05	140.00000000	2.66038627e+15	2.78946715e+15	2.53953724e-03
3524	45.73770681	141	1.03982301e-05	141.00000000	2.66480339e+15	2.79391064e+15	2.54321768e-03
3549	46.05856228	142	1.04719764e-05	142.00000000	2.66917866e+15	2.79831177e+15	2.54685079e-03
3574	46.38057056	143	1.05457227e-05	143.00000000	2.67351327e+15	2.80267181e+15	2.55044266e-03
3599	46.70161317	144	1.06194690e-05	144.00000000	2.67780209e+15	2.80698564e+15	2.55400622e-03
3624	47.02385176	145	1.06932153e-05	145.00000000	2.68204533e+15	2.81125345e+15	2.55753346e-03
3649	47.34556984	146	1.07669617e-05	146.00000000	2.68624244e+15	2.81547471e+15	2.56102316e-03
3674	47.66777630	147	1.08407080e-05	147.00000000	2.69039008e+15	2.81964606e+15	2.56447105e-03
3699	47.98872983	148	1.09144543e-05	148.00000000	2.69449108e+15	2.82377035e+15	2.56787529e-03
3724	48.30990396	149	1.09882006e-05	149.00000000	2.69854690e+15	2.82784904e+15	2.57124364e-03
3749	48.63160495	150	1.10619469e-05	150.00000000	2.70256048e+15	2.83188507e+15	2.57457330e-03
3774	48.95278768	151	1.11356932e-05	151.00000000	2.70653219e+15	2.83587882e+15	2.57786688e-03
3799	49.27492423	152	1.12094395e-05	152.00000000	2.71046448e+15	2.83983274e+15	2.58111916e-03
3824	49.59571766	153	1.12831858e-05	153.00000000	2.71435540e+15	2.84374488e+15	2.58434367e-03
3849	49.91731663	154	1.13569322e-05	154.00000000	2.71819709e+15	2.84760741e+15	2.58754448e-03
3874	50.23879103	155	1.14306785e-05	155.00000000	2.72199365e+15	2.85142415e+15	2.59070154e-03
3899	50.56090420	156	1.15044248e-05	156.00000000	2.72574841e+15	2.85519888e+15	2.59381446e-03
3924	50.88216735	157	1.15781711e-05	157.00000000	2.72945939e+15	2.85892955e+15	2.59689093e-03
3949	51.20349260	158	1.16519174e-05	158.00000000	2.73312578e+15	2.86261534e+15	2.59993003e-03
3974	51.52543748	159	1.17256637e-05	159.00000000	2.73674469e+15	2.86625334e+15	2.60293417e-03
3999	51.84654871	160	1.17994100e-05	160.00000000	2.74031713e+15	2.86984457e+15	2.60589355e-03
4024	52.16855749	161	1.18731563e-05	161.00000000	2.74384943e+15	2.87339535e+15	2.60880949e-03
4049	52.48999432	162	1.19469027e-05	162.00000000	2.74734155e+15	2.87690564e+15	2.61170324e-03
4074	52.81407277	163	1.20206490e-05	163.00000000	2.75079350e+15	2.88037545e+15	2.61456507e-03
4099	53.13943288	164	1.20943953e-05	164.00000000	2.75420782e+15	2.88380732e+15	2.61738415e-03
4124	53.46419153	165	1.21681416e-05	165.00000000	2.75758526e+15	2.88720201e+15	2.62017375e-03
4149	53.78770202	166	1.22418879e-05	166.00000000	2.76092590e+15	2.89055962e+15	2.62293867e-03
4174	54.11209155	167	1.23156342e-05	167.00000000	2.76423014e+15	2.89388055e+15	2.62566915e-03
4199	54.43465968	168	1.23893805e-05	168.00000000	2.76749641e+15	2.89716325e+15	2.62836435e-03
4224	54.75803808	169	1.24631268e-05	169.00000000	2.77072661e+15	2.90040961e+15	2.63103188e-03
4249	55.08044051	170	1.25368732e-05	170.00000000	2.77392444e+15	2.90362335e+15	2.63367187e-03
4274	55.40370983	171	1.26106195e-05	171.00000000	2.77708916e+15	2.90680375e+15	2.63628293e-03
4299	55.73005865	172	1.26843658e-05	172.00000000	2.78022121e+15	2.90995122e+15	2.63886522e-03
4324	56.05567193	173	1.27581121e-05	173.00000000	2.78332328e+15	2.91306849e+15	2.64142028e-03
4349	56.37949893	174	1.28318584e-05	174.00000000	2.78639660e+15	2.91615679e+15	2.64395004e-03
4374	56.70407128	175	1.29056047e-05	175.00000000	2.78943603e+15	2.91921095e+15	2.64645675e-03
4399	57.02783806	176	1.29793510e-05	176.00000000	2.79244403e+15	2.92223341e+15	2.64893316e-03
4424	57.35195576	177	1.30530973e-05	177.00000000	2.79542277e+15	2.92522635e+15	2.65138431e-03
4449	57.67604179	178	1.31268437e-05	178.00000000	2.79837041e+15	2.92818799e+15	2.65381333e-03
4474	58.00028587	179	1.32005900e-05	179.00000000	2.80128481e+15	2.93111617e+15	2.65621605e-03
4499	58.32513785	180	1.32743363e-05	180.00000000	2.80416884e+15	2.93401379e+15	2.65858688e-03
4524	58.64867610	181	1.33480826e-05	181.00000000	2.80702345e+15	2.93688179e+15	2.66093039e-03
4549	58.97187459	182	1.34218289e-05	182.00000000	2.80985016e+15	2.93972170e+15	2.66324962e-03
4574	59.29580549	183	1.34955752e-05	183.00000000	2.81264957e+15	2.94253414e+15	2.66554385e-03
4599	59.62005268	184	1.35693215e-05	184.00000000	2.81542161e+15	2.94531902e+15	2.66781603e-03
4624	59.94318484	185	1.36430678e-05	185.00000000	2.81816409e+15	2.94807416e+15	2.67006713e-03
4649	60.27042151	186	1.37168142e-05	186.00000000	2.82087598e+15	2.95079851e+15	2.67229327e-03
4674	60.59592329	187	1.37905605e-05	187.00000000	2.82355730e+15	2.95349211e+15	2.67449642e-03
4699	60.92042517	188	1.38643068e-05	188.00000000	2.82620876e+15	2.95615567e+15	2.67667674e-03
4724	61.24488380	189	1.39380531e-05	189.00000000	2.82883309e+15	2.95879191e+15	2.67882965e-03
4749	61.56812187	190	1.40117994e-05	190.00000000	2.83143228e+15	2.96140258e+15	2.68095816e-03
4774	61.89065447	191	1.40855457e-05	191.00000000	2.83400509e+15	2.96398683e+15	2.68306626e-03
4799	62.21604109	192	1.41592920e-05	192.00000000	2.83655291e+15	2.96654597e+15	2.68515125e-03
4824	62.54105143	193	1.42330383e-05	193.00000000	2.83907854e+15	2.96908279e+15	2.68721258e-03
4849	62.86626406	194	1.43067847e-05	194.00000000	2.84158562e+15	2.97160092e+15	2.68925222e-03
4874	63.19021703	195	1.43805310e-05	195.00000000	2.84407401e+15	2.97410022e+15	2.69127562e-03
4899	63.51445898	196	1.44542773e-05	196.00000000	2.84654302e+15	2.97658000e+15	2.69328458e-03
4924	63.83813938	197	1.45280236e-05	197.00000000	2.84899330e+15	2.97904090e+15	2.69527656e-03
4949	64.16164203	198	1.46017699e-05	198.00000000	2.85142505e+15	2.98148313e+15	2.69725251e-03
4974	64.48648718	199	1.46755162e-05	199.00000000	2.85383865e+15	2.98390706e+15	2.69921300e-03
4999	64.81200077	200	1.47492625e-05	200.00000000	2.85623500e+15	2.98631360e+15	2.70115841e-03
5024	65.13759575	201	1.48230088e-05	201.00000000	2.85861483e+15	2.98870349e+15	2.70308939e-03
5049	65.46341537	202	1.48967552e-05	202.00000000	2.86097748e+15	2.99107605e+15	2.70500742e-03
5074	65.78888580	203	1.49705015e-05	203.00000000	2.86332285e+15	2.99343121e+15	2.70691142e-03
5099	66.11310436	204	1.50442478e-05	204.00000000	2.86565120e+15	2.99576922e+15	2.70880087e-03
5124	66.43798910	205	1.51179941e-05	205.00000000	2.86796292e+15	2.99809046e+15	2.71067598e-03
5149	66.76118793	206	1.51917404e-05	206.00000000	2.87025869e+15	3.00039562e+15	2.71253679e-03
5174	67.08614185	207	1.52654867e-05	207.00000000	2.87253954e+15	3.00268573e+15	2.71438399e-03
5199	67.41200686	208	1.53392330e-05	208.00000000	2.87480550e+15	3.00496084e+15	2.71621897e-03
5224	67.73498876	209	1.54129794e-05	209.00000000	2.87705692e+15	3.00722127e+15	2.71804202e-03
5249	68.05872674	210	1.54867257e-05	210.00000000	2.87929401e+15	3.00946726e+15	2.71985297e-03
5274	68.38256855	211	1.55604720e-05	211.00000000	2.88151701e+15	3.01169904e+15	2.72165174e-03
5299	68.70771998	212	1.56342183e-05	212.00000000	2.88372605e+15	3.01391674e+15	2.72343870e-03
5324	69.03290594	213	1.57079646e-05	213.00000000	2.88592079e+15	3.01612003e+15	2.72521579e-03
5349	69.35758672	214	1.57817109e-05	214.00000000	2.88810098e+15	3.01830865e+15	2.72698201e-03
5374	69.68163973	215	1.58554572e-05	215.00000000	2.89026689e+15	3.02048289e+15	2.72873635e-03
5399	70.00628069	216	1.59292035e-05	216.00000000	2.89241873e+15	3.02264297e+15	2.73047879e-03
5424	70.33111409	217	1.60029499e-05	217.00000000	2.89455646e+15	3.02478883e+15	2.73221041e-03
5449	70.65395299	218	1.60766962e-05	218.00000000	2.89668102e+15	3.02692145e+15	2.73392916e-03
5474	70.97681971	219	1.61504425e-05	219.00000000	2.89879275e+15	3.02904112e+15	2.73563734e-03
5499	71.30093430	220	1.62241888e-05	220.00000000	2.90089171e+15	3.03114796e+15	2.73733518e-03
5524	71.62592727	221	1.62979351e-05	221.00000000	2.90297769e+15	3.03324170e+15	2.73902240e-03
5549	71.94987387	222	1.63716814e-05	222.00000000	2.90505067e+15	3.03532236e+15	2.74069883e-03
5574	72.27523723	223	1.64454277e-05	223.00000000	2.90711097e+15	3.03739024e+15	2.74236440e-03
5599	72.60005874	224	1.65191740e-05	224.00000000	2.90915901e+15	3.03944578e+15	2.74401932e-03
5624	72.92329703	225	1.65929204e-05	225.00000000	2.91119492e+15	3.04148908e+15	2.74566401e-03
5649	73.24592525	226	1.66666667e-05	226.00000000	2.91321824e+15	3.04351971e+15	2.74729925e-03
5674	73.56828028	227	1.67404130e-05	227.00000000	2.91522874e+15	3.04553741e+15	2.74892532e-03
5699	73.89327950	228	1.68141593e-05	228.00000000	2.91722606e+15	3.04754185e+15	2.75054153e-03
5724	74.21652641	229	1.68879056e-05	229.00000000	2.91921027e+15	3.04953308e+15	2.75214672e-03
5749	74.53908953	230	1.69616519e-05	230.00000000	2.92118152e+15	3.05151126e+15	2.75374134e-03
5774	74.86494145	231	1.70353982e-05	231.00000000	2.92314015e+15	3.05347673e+15	2.75532545e-03
5799	75.18945084	232	1.71091445e-05	232.00000000	2.92508645e+15	3.05542979e+15	2.75689833e-03
5824	75.51288316	233	1.71828909e-05	233.00000000	2.92702099e+15	3.05737101e+15	2.75846083e-03
5849	75.83780295	234	1.72566372e-05	234.00000000	2.92894416e+15	3.05930078e+15	2.76001358e-03
5874	76.16120111	235	1.73303835e-05	235.00000000	2.93085627e+15	3.06121942e+15	2.76155723e-03
5899	76.48439732	236	1.74041298e-05	236.00000000	2.93275736e+15	3.06312698e+15	2.76309189e-03
5924	76.80953774	237	1.74778761e-05	237.00000000	2.93464735e+15	3.06502336e+15	2.76461755e-03
5949	77.13521574	238	1.75516224e-05	238.00000000	2.93652670e+15	3.06690903e+15	2.76613453e-03
5974	77.45787406	239	1.76253687e-05	239.00000000	2.93839567e+15	3.06878427e+15	2.76764313e-03
5999	77.78027484	240	1.76991150e-05	240.00000000	2.94025441e+15	3.07064920e+15	2.76914350e-03
6024	78.10481688	241	1.77728614e-05	241.00000000	2.94210251e+15	3.07250343e+15	2.77063646e-03
6049	78.42882653	242	1.78466077e-05	242.00000000	2.94394009e+15	3.07434707e+15	2.77212057e-03
6074	78.75143837	243	1.79203540e-05	243.00000000	2.94576737e+15	3.07618035e+15	2.77359599e-03
6099	79.07453955	244	1.79941003e-05	244.00000000	2.94758456e+15	3.07800347e+15	2.77506318e-03
6124	79.39922074	245	1.80678466e-05	245.00000000	2.94939193e+15	3.07981671e+15	2.77652258e-03
6149	79.72446715	246	1.81415929e-05	246.00000000	2.95118966e+15	3.08162025e+15	2.77797439e-03
6174	80.04790755	247	1.82153392e-05	247.00000000	2.95297770e+15	3.08341404e+15	2.77941831e-03
6199	80.37296711	248	1.82890855e-05	248.00000000	2.95475634e+15	3.08519837e+15	2.78085396e-03
6224	80.69707130	249	1.83628319e-05	249.00000000	2.95652584e+15	3.08697351e+15	2.78228198e-03
6249	81.02202202	250	1.84365782e-05	250.00000000	2.95828627e+15	3.08873951e+15	2.78370260e-03
6274	81.34674343	251	1.85103245e-05	251.00000000	2.96003757e+15	3.09049634e+15	2.78511588e-03
6299	81.67078211	252	1.85840708e-05	252.00000000	2.96178001e+15	3.09224399e+15	2.78652186e-03
6324	81.99530927	253	1.86578171e-05	253.00000000	2.96351327e+15	3.09398256e+15	2.78792128e-03
6349	82.32020326	254	1.87315634e-05	254.00000000	2.96523762e+15	3.09571222e+15	2.78931349e-03
6374	82.64551380	255	1.88053097e-05	255.00000000	2.96695307e+15	3.09743295e+15	2.79069940e-03
6399	82.97093161	256	1.88790560e-05	256.00000000	2.96865968e+15	3.09914481e+15	2.79207793e-03
6424	83.29557269	257	1.89528024e-05	257.00000000	2.97035769e+15	3.10084801e+15	2.79344981e-03
6449	83.62093242	258	1.90265487e-05	258.00000000	2.97204738e+15	3.10254277e+15	2.79481504e-03
6474	83.94701095	259	1.91002950e-05	259.00000000	2.97372865e+15	3.10422910e+15	2.79617342e-03
6499	84.27146916	260	1.91740413e-05	260.00000000	2.97540153e+15	3.10590694e+15	2.79752533e-03
6524	84.59511206	261	1.92477876e-05	261.00000000	2.97706578e+15	3.10757616e+15	2.79887075e-03
6549	84.91839882	262	1.93215339e-05	262.00000000	2.97872160e+15	3.10923693e+15	2.80020943e-03
6574	85.24179897	263	1.93952802e-05	263.00000000	2.98036925e+15	3.11088940e+15	2.80154166e-03
6599	85.56694983	264	1.94690265e-05	264.00000000	2.98200843e+15	3.11253332e+15	2.80286746e-03
6624	85.89047983	265	1.95427729e-05	265.00000000	2.98363879e+15	3.11416845e+15	2.80418626e-03
6649	86.21286989	266	1.96165192e-05	266.00000000	2.98526051e+15	3.11579483e+15	2.80549830e-03
6674	86.53523228	267	1.96902655e-05	267.00000000	2.98687346e+15	3.11741249e+15	2.80680368e-03
6699	86.85864415	268	1.97640118e-05	268.00000000	2.98847803e+15	3.11902164e+15	2.80810199e-03
6724	87.18256549	269	1.98377581e-05	269.00000000	2.99007408e+15	3.12062231e+15	2.80939304e-03
6749	87.50570992	270	1.99115044e-05	270.00000000	2.99166239e+15	3.12221510e+15	2.81067974e-03
6774	87.83079575	271	1.99852507e-05	271.00000000	2.99324285e+15	3.12380008e+15	2.81195628e-03
6799	88.15363088	272	2.00589971e-05	272.00000000	2.99481578e+15	3.12537754e+15	2.81322728e-03
6824	88.47913630	273	2.01327434e-05	273.00000000	2.99638151e+15	3.12694763e+15	2.81449284e-03
6849	88.80493183	274	2.02064897e-05	274.00000000	2.99793981e+15	3.12851034e+15	2.81575275e-03
6874	89.12897958	275	2.02802360e-05	275.00000000	2.99949062e+15	3.13006557e+15	2.81700675e-03
6899	89.45364122	276	2.03539823e-05	276.00000000	3.00103432e+15	3.13161350e+15	2.81825514e-03
6924	89.77849440	277	2.04277286e-05	277.00000000	3.00257075e+15	3.13315422e+15	2.81949730e-03
6949	90.10393792	278	2.05014749e-05	278.00000000	3.00409987e+15	3.13468764e+15	2.82073353e-03
6974	90.42819987	279	2.05752212e-05	279.00000000	3.00562177e+15	3.13621366e+15	2.82196667e-03
6999	90.75137490	280	2.06489676e-05	280.00000000	3.00713625e+15	3.13773232e+15	2.82319150e-03
7024	91.07558660	281	2.07227139e-05	281.00000000	3.00864313e+15	3.13924341e+15	2.82441012e-03
7049	91.40064672	282	2.07964602e-05	282.00000000	3.01014247e+15	3.14074675e+15	2.82562371e-03
7074	91.72428512	283	2.08702065e-05	283.00000000	3.01163413e+15	3.14224250e+15	2.82683093e-03
7099	92.04748548	284	2.09439528e-05	284.00000000	3.01311821e+15	3.14373067e+15	2.82803150e-03
7124	92.37138573	285	2.10176991e-05	285.00000000	3.01459442e+15	3.14521077e+15	2.82922634e-03
7149	92.69452926	286	2.10914454e-05	286.00000000	3.01606231e+15	3.14668264e+15	2.83041481e-03
7174	93.01860477	287	2.11651917e-05	287.00000000	3.01752214e+15	3.14814646e+15	2.83159670e-03
7199	93.34300689	288	2.12389381e-05	288.00000000	3.01897419e+15	3.14960249e+15	2.83277189e-03
7224	93.66572516	289	2.13126844e-05	289.00000000	3.02041897e+15	3.15105102e+15	2.83394139e-03
7249	93.98926573	290	2.13864307e-05	290.00000000	3.02185644e+15	3.15249234e+15	2.83510454e-03
7274	94.31293766	291	2.14601770e-05	291.00000000	3.02328696e+15	3.15392672e+15	2.83626122e-03
7299	94.63522869	292	2.15339233e-05	292.00000000	3.02471060e+15	3.15535421e+15	2.83741221e-03
7324	94.95793715	293	2.16076696e-05	293.00000000	3.02612789e+15	3.15677512e+15	2.83855837e-03
7349	95.28309053	294	2.16814159e-05	294.00000000	3.02753858e+15	3.15818952e+15	2.83969897e-03
7374	95.60683855	295	2.17551622e-05	295.00000000	3.02894299e+15	3.15959768e+15	2.84083405e-03
7399	95.93132598	296	2.18289086e-05	296.00000000	3.03034119e+15	3.16099961e+15	2.84196391e-03
7424	96.25540643	297	2.19026549e-05	297.00000000	3.03173329e+15	3.16239543e+15	2.84308885e-03
7449	96.57953071	298	2.19764012e-05	298.00000000	3.03311941e+15	3.16378502e+15	2.84420919e-03
7474	96.90354047	299	2.20501475e-05	299.00000000	3.03449961e+15	3.16516880e+15	2.84532447e-03
7499	97.22712653	300	2.21238938e-05	300.00000000	3.03587399e+15	3.16654678e+15	2.84643493e-03
7524	97.55019685	301	2.21976401e-05	301.00000000	3.03724251e+15	3.16791890e+15	2.84754072e-03
7549	97.87233071	302	2.22713864e-05	302.00000000	3.03860533e+15	3.16928531e+15	2.84864167e-03
7574	98.19550500	303	2.23451327e-05	303.00000000	3.03996239e+15	3.17064592e+15	2.84973801e-03
7599	98.52121620	304	2.24188791e-05	304.00000000	3.04131413e+15	3.17200098e+15	2.85083032e-03
7624	98.84417223	305	2.24926254e-05	305.00000000	3.04266028e+15	3.17335055e+15	2.85191796e-03
7649	99.16894572	306	2.25663717e-05	306.00000000	3.04400078e+15	3.17469450e+15	2.85300100e-03
7674	99.49340452	307	2.26401180e-05	307.00000000	3.04533566e+15	3.17603284e+15	2.85407943e-03
7699	99.81739755	308	2.27138643e-05	308.00000000	3.04666493e+15	3.17736556e+15	2.85515334e-03
7724	100.14076259	309	2.27876106e-05	309.00000000	3.04798859e+15	3.17869265e+15	2.85622280e-03
7749	100.46456685	310	2.28613569e-05	310.00000000	3.04930697e+15	3.18001420e+15	2.85728855e-03
7774	100.78714534	311	2.29351032e-05	311.00000000	3.05061966e+15	3.18133018e+15	2.85834980e-03
7799	101.10998909	312	2.30088496e-05	312.00000000	3.05192641e+15	3.18264026e+15	2.85940681e-03
7824	101.43418645	313	2.30825959e-05	313.00000000	3.05322717e+15	3.18394434e+15	2.86045905e-03
7849	101.75809219	314	2.31563422e-05	314.00000000	3.05452196e+15	3.18524245e+15	2.86150637e-03
7874	102.08072741	315	2.32300885e-05	315.00000000	3.05581082e+15	3.18653461e+15	2.86254899e-03
7899	102.40430172	316	2.33038348e-05	316.00000000	3.05709393e+15	3.18782100e+15	2.86358704e-03
7924	102.72792513	317	2.33775811e-05	317.00000000	3.05837138e+15	3.18910171e+15	2.86462043e-03
7949	103.05158979	318	2.34513274e-05	318.00000000	3.05964350e+15	3.19037684e+15	2.86564987e-03
7974	103.37708886	319	2.35250737e-05	319.00000000	3.06090980e+15	3.19164627e+15	2.86667480e-03
7999	103.70221699	320	2.35988201e-05	320.00000000	3.06217048e+15	3.19291010e+15	2.86769492e-03
8024	104.02746068	321	2.36725664e-05	321.00000000	3.06342586e+15	3.19416864e+15	2.86871051e-03
8049	104.35287026	322	2.37463127e-05	322.00000000	3.06467608e+15	3.19542201e+15	2.86972188e-03
8074	104.67805441	323	2.38200590e-05	323.00000000	3.06592109e+15	3.19667016e+15	2.87072918e-03
8099	105.00049076	324	2.38938053e-05	324.00000000	3.06716103e+15	3.19791321e+15	2.87173247e-03
8124	105.32476764	325	2.39675516e-05	325.00000000	3.06839611e+15	3.19915139e+15	2.87273174e-03
8149	105.65007667	326	2.40412979e-05	326.00000000	3.06962631e+15	3.20038466e+15	2.87372708e-03
8174	105.97563979	327	2.41150442e-05	327.00000000	3.07085177e+15	3.20161294e+15	2.87471919e-03
8199	106.29948984	328	2.41887906e-05	328.00000000	3.07207206e+15	3.20283617e+15	2.87570742e-03
8224	106.62203169	329	2.42625369e-05	329.00000000	3.07328725e+15	3.20405434e+15	2.87669145e-03
8249	106.94448738	330	2.43362832e-05	330.00000000	3.07449717e+15	3.20526726e+15	2.87767125e-03
8274	107.26690581	331	2.44100295e-05	331.00000000	3.07570187e+15	3.20647494e+15	2.87864676e-03
8299	107.59006237	332	2.44837758e-05	332.00000000	3.07690130e+15	3.20767733e+15	2.87961842e-03
8324	107.91248413	333	2.45575221e-05	333.00000000	3.07809547e+15	3.20887444e+15	2.88058577e-03
8349	108.23588399	334	2.46312684e-05	334.00000000	3.07928472e+15	3.21006637e+15	2.88154956e-03
8374	108.55919188	335	2.47050147e-05	335.00000000	3.08046873e+15	3.21125319e+15	2.88250899e-03
8399	108.88414943	336	2.47787611e-05	336.00000000	3.08164752e+15	3.21243483e+15	2.88346410e-03
8424	109.20827871	337	2.48525074e-05	337.00000000	3.08282111e+15	3.21361126e+15	2.88441485e-03
8449	109.53235205	338	2.49262537e-05	338.00000000	3.08398960e+15	3.21478260e+15	2.88536138e-03
8474	109.85539536	339	2.50000000e-05	339.00000000	3.08515312e+15	3.21594895e+15	2.88630373e-03
8499	110.17988420	340	2.50737463e-05	340.00000000	3.08631174e+15	3.21711038e+15	2.88724215e-03
8524	110.50410114	341	2.51474926e-05	341.00000000	3.08746539e+15	3.21826682e+15	2.88817675e-03
8549	110.82864981	342	2.52212389e-05	342.00000000	3.08861449e+15	3.21941845e+15	2.88910815e-03
8574	111.15193281	343	2.52949853e-05	343.00000000	3.08975875e+15	3.22056537e+15	2.89003569e-03
8599	111.47437251	344	2.53687316e-05	344.00000000	3.09089844e+15	3.22170776e+15	2.89095909e-03
8624	111.79681956	345	2.54424779e-05	345.00000000	3.09203369e+15	3.22284572e+15	2.89187875e-03
8649	112.12004832	346	2.55162242e-05	346.00000000	3.09316441e+15	3.22397913e+15	2.89279491e-03
8674	112.44584079	347	2.55899705e-05	347.00000000	3.09429069e+15	3.22510810e+15	2.89370730e-03
8699	112.77095008	348	2.56637168e-05	348.00000000	3.09541271e+15	3.22623278e+15	2.89461609e-03
8724	113.09440850	349	2.57374631e-05	349.00000000	3.09653054e+15	3.22735326e+15	2.89552142e-03
8749	113.41864929	350	2.58112094e-05	350.00000000	3.09764429e+15	3.22846965e+15	2.89642359e-03
8774	113.74332325	351	2.58849558e-05	351.00000000	3.09875383e+15	3.22958180e+15	2.89732230e-03
8799	114.06791120	352	2.59587021e-05	352.00000000	3.09985939e+15	3.23068971e+15	2.89821821e-03
8824	114.39227377	353	2.60324484e-05	353.00000000	3.10096064e+15	3.23179345e+15	2.89911071e-03
8849	114.71662484	354	2.61061947e-05	354.00000000	3.10205738e+15	3.23289272e+15	2.89999973e-03
8874	115.04102420	355	2.61799410e-05	355.00000000	3.10314945e+15	3.23398733e+15	2.90088536e-03
8899	115.36610319	356	2.62536873e-05	356.00000000	3.10423696e+15	3.23507738e+15	2.90176745e-03
8924	115.69099633	357	2.63274336e-05	357.00000000	3.10532000e+15	3.23616294e+15	2.90264603e-03
8949	116.01461087	358	2.64011799e-05	358.00000000	3.10639855e+15	3.23724401e+15	2.90352109e-03
8974	116.33907197	359	2.64749263e-05	359.00000000	3.10747262e+15	3.23832058e+15	2.90439255e-03
8999	116.66388757	360	2.65486726e-05	360.00000000	3.10854232e+15	3.23939276e+15	2.90526039e-03
9024	116.98943109	361	2.66224189e-05	361.00000000	3.10960780e+15	3.24046072e+15	2.90612483e-03
9049	117.31443642	362	2.66961652e-05	362.00000000	3.11066941e+15	3.24152455e+15	2.90698656e-03
9074	117.63869660	363	2.67699115e-05	363.00000000	3.11172694e+15	3.24258442e+15	2.90784488e-03
9099	117.96330283	364	2.68436578e-05	364.00000000	3.11278058e+15	3.24364046e+15	2.90869995e-03
9124	118.28688127	365	2.69174041e-05	365.00000000	3.11383041e+15	3.24469270e+15	2.90955174e-03
9149	118.60986828	366	2.69911504e-05	366.00000000	3.11487648e+15	3.24574117e+15	2.91040044e-03
9174	118.93307680	367	2.70648968e-05	367.00000000	3.11591878e+15	3.24678588e+15	2.91124612e-03
9199	119.25839108	368	2.71386431e-05	368.00000000	3.11695737e+15	3.24782686e+15	2.91208874e-03
9224	119.58164545	369	2.72123894e-05	369.00000000	3.11799232e+15	3.24886420e+15	2.91292836e-03
9249	119.90578676	370	2.72861357e-05	370.00000000	3.11902350e+15	3.24989775e+15	2.91376511e-03
9274	120.22984195	371	2.73598820e-05	371.00000000	3.12005096e+15	3.25092757e+15	2.91459862e-03
9299	120.55286123	372	2.74336283e-05	372.00000000	3.12107505e+15	3.25195376e+15	2.91542924e-03
9324	120.87489666	373	2.75073746e-05	373.00000000	3.12209570e+15	3.25297640e+15	2.91625805e-03
9349	121.19743160	374	2.75811209e-05	374.00000000	3.12311267e+15	3.25399556e+15	2.91708368e-03
9374	121.52049046	375	2.76548673e-05	375.00000000	3.12412608e+15	3.25501124e+15	2.91790610e-03
9399	121.84267934	376	2.77286136e-05	376.00000000	3.12513602e+15	3.25602346e+15	2.91872554e-03
9424	122.16595080	377	2.78023599e-05	377.00000000	3.12614258e+15	3.25703232e+15	2.91954211e-03
9449	122.48982617	378	2.78761062e-05	378.00000000	3.12714575e+15	3.25803780e+15	2.92035592e-03
9474	122.81345955	379	2.79498525e-05	379.00000000	3.12814557e+15	3.25903990e+15	2.92116702e-03
9499	123.13852652	380	2.80235988e-05	380.00000000	3.12914209e+15	3.26003870e+15	2.92197539e-03
9524	123.46308695	381	2.80973451e-05	381.00000000	3.13013534e+15	3.26103421e+15	2.92278104e-03
9549	123.78800370	382	2.81710914e-05	382.00000000	3.13112529e+15	3.26202641e+15	2.92358409e-03
9574	124.11255888	383	2.82448378e-05	383.00000000	3.13211194e+15	3.26301530e+15	2.92438443e-03
9599	124.43665249	384	2.83185841e-05	384.00000000	3.13309528e+15	3.26400087e+15	2.92518204e-03
9624	124.76119967	385	2.83923304e-05	385.00000000	3.13407559e+15	3.26498315e+15	2.92597763e-03
9649	125.08480335	386	2.84660767e-05	386.00000000	3.13505249e+15	3.26596214e+15	2.92677038e-03
9674	125.41020931	387	2.85398230e-05	387.00000000	3.13602600e+15	3.26693779e+15	2.92756037e-03
9699	125.73325250	388	2.86135693e-05	388.00000000	3.13699622e+15	3.26791017e+15	2.92834770e-03
9724	126.05509921	389	2.86873156e-05	389.00000000	3.13796301e+15	3.26887911e+15	2.92913233e-03
9749	126.37788750	390	2.87610619e-05	390.00000000	3.13892638e+15	3.26984463e+15	2.92991421e-03
9774	126.70025103	391	2.88348083e-05	391.00000000	3.13988637e+15	3.27080675e+15	2.93069330e-03
9799	127.02143720	392	2.89085546e-05	392.00000000	3.14084299e+15	3.27176549e+15	2.93146963e-03
9824	127.34262473	393	2.89823009e-05	393.00000000	3.14179626e+15	3.27272087e+15	2.93224313e-03
9849	127.66417154	394	2.90560472e-05	394.00000000	3.14274626e+15	3.27367296e+15	2.93301389e-03
9874	127.98540291	395	2.91297935e-05	395.00000000	3.14369295e+15	3.27462173e+15	2.93378218e-03
9899	128.30614580	396	2.92035398e-05	396.00000000	3.14463615e+15	3.27556700e+15	2.93454788e-03
9924	128.62755687	397	2.92772861e-05	397.00000000	3.14557579e+15	3.27650870e+15	2.93531082e-03
9949	128.94839047	398	2.93510324e-05	398.00000000	3.14651188e+15	3.27744683e+15	2.93607084e-03
9974	129.26920287	399	2.94247788e-05	399.00000000	3.14744465e+15	3.27838138e+15	2.93682872e-03
9999	129.59042588	400	2.94985251e-05	400.00000000	3.14837370e+15	3.27931235e+15	2.93758350e-03
10024	129.91472091	401	2.95722714e-05	401.00000000	3.14929903e+15	3.28023965e+15	2.93833528e-03
10049	130.23552064	402	2.96460177e-05	402.00000000	3.15022062e+15	3.28116321e+15	2.93908424e-03
10074	130.55785266	403	2.97197640e-05	403.00000000	3.15113850e+15	3.28208306e+15	2.93983018e-03
10099	130.87853113	404	2.97935103e-05	404.00000000	3.15205266e+15	3.28299920e+15	2.94057316e-03
10124	131.20002973	405	2.98672566e-05	405.00000000	3.15296311e+15	3.28391160e+15	2.94131331e-03
10149	131.52200488	406	2.99410029e-05	406.00000000	3.15386985e+15	3.28482029e+15	2.94205056e-03
10174	131.84342692	407	3.00147493e-05	407.00000000	3.15477305e+15	3.28572542e+15	2.94278485e-03
10199	132.16432679	408	3.00884956e-05	408.00000000	3.15567291e+15	3.28662720e+15	2.94351628e-03
10224	132.48518075	409	3.01622419e-05	409.00000000	3.15656952e+15	3.28752572e+15	2.94424506e-03
10249	132.80752894	410	3.02359882e-05	410.00000000	3.15746289e+15	3.28842099e+15	2.94497132e-03
10274	133.12925375	411	3.03097345e-05	411.00000000	3.15835307e+15	3.28931305e+15	2.94569498e-03
10299	133.45178179	412	3.03834808e-05	412.00000000	3.15924010e+15	3.29020195e+15	2.94641610e-03
10324	133.77345228	413	3.04572271e-05	413.00000000	3.16012406e+15	3.29108777e+15	2.94713472e-03
10349	134.09486952	414	3.05309735e-05	414.00000000	3.16100497e+15	3.29197053e+15	2.94785089e-03
10374	134.41673630	415	3.06047198e-05	415.00000000	3.16188316e+15	3.29285032e+15	2.94856533e-03
10399	134.73832814	416	3.06784661e-05	416.00000000	3.16275836e+15	3.29372726e+15	2.94927712e-03
10424	135.05911490	417	3.07522124e-05	417.00000000	3.16363074e+15	3.29460142e+15	2.94998648e-03
10449	135.37991012	418	3.08259587e-05	418.00000000	3.16450036e+15	3.29547284e+15	2.95069353e-03
10474	135.70077227	419	3.08997050e-05	419.00000000	3.16536724e+15	3.29634152e+15	2.95139838e-03
10499	136.02160241	420	3.09734513e-05	420.00000000	3.16623127e+15	3.29720736e+15	2.95210100e-03
10524	136.34399844	421	3.10471976e-05	421.00000000	3.16709249e+15	3.29807037e+15	2.95280132e-03
10549	136.66497502	422	3.11209440e-05	422.00000000	3.16795085e+15	3.29893052e+15	2.95349932e-03
10574	136.98751934	423	3.11946903e-05	423.00000000	3.16880640e+15	3.29978785e+15	2.95419485e-03
10599	137.30831232	424	3.12684366e-05	424.00000000	3.16965916e+15	3.30064239e+15	2.95488782e-03
10624	137.63003344	425	3.13421829e-05	425.00000000	3.17050919e+15	3.30149417e+15	2.95557874e-03
10649	137.95109392	426	3.14159292e-05	426.00000000	3.17135652e+15	3.30234326e+15	2.95626767e-03
10674	138.27181772	427	3.14896755e-05	427.00000000	3.17220129e+15	3.30318978e+15	2.95695438e-03
10699	138.59358081	428	3.15634218e-05	428.00000000	3.17304354e+15	3.30403377e+15	2.95763911e-03
10724	138.91644645	429	3.16371681e-05	429.00000000	3.17388327e+15	3.30487525e+15	2.95832203e-03
10749	139.23767216	430	3.17109145e-05	430.00000000	3.17472055e+15	3.30571426e+15	2.95900291e-03
10774	139.55914894	431	3.17846608e-05	431.00000000	3.17555541e+15	3.30655084e+15	2.95968179e-03
10799	139.88018248	432	3.18584071e-05	432.00000000	3.17638813e+15	3.30738503e+15	2.96035938e-03
10824	140.20112330	433	3.19321534e-05	433.00000000	3.17721833e+15	3.30821685e+15	2.96103482e-03
10849	140.52278191	434	3.20058997e-05	434.00000000	3.17804606e+15	3.30904625e+15	2.96170813e-03
10874	140.84534407	435	3.20796460e-05	435.00000000	3.17887141e+15	3.30987330e+15	2.96237938e-03
10899	141.16711805	436	3.21533923e-05	436.00000000	3.17969438e+15	3.31069796e+15	2.96304880e-03
10924	141.48884113	437	3.22271386e-05	437.00000000	3.18051489e+15	3.31152017e+15	2.96371630e-03
10949	141.81041671	438	3.23008850e-05	438.00000000	3.18133296e+15	3.31233993e+15	2.96438180e-03
10974	142.13227690	439	3.23746313e-05	439.00000000	3.18214861e+15	3.31315726e+15	2.96504624e-03
10999	142.45330498	440	3.24483776e-05	440.00000000	3.18296177e+15	3.31397210e+15	2.96570735e-03
11024	142.77551870	441	3.25221239e-05	441.00000000	3.18377244e+15	3.31478445e+15	2.96636661e-03
11049	143.09807076	442	3.25958702e-05	442.00000000	3.18458064e+15	3.31559430e+15	2.96702411e-03
11074	143.41928265	443	3.26696165e-05	443.00000000	3.18538639e+15	3.31640170e+15	2.96767971e-03
11099	143.74032603	444	3.27433628e-05	444.00000000	3.18618970e+15	3.31720667e+15	2.96833344e-03
11124	144.06111479	445	3.28171091e-05	445.00000000	3.18699061e+15	3.31800921e+15	2.96898519e-03
11149	144.38317302	446	3.28908555e-05	446.00000000	3.18778913e+15	3.31880937e+15	2.96963500e-03
11174	144.70412862	447	3.29646018e-05	447.00000000	3.18858529e+15	3.31960717e+15	2.97028296e-03
11199	145.02483005	448	3.30383481e-05	448.00000000	3.18937913e+15	3.32040264e+15	2.97092910e-03
11224	145.34569847	449	3.31120944e-05	449.00000000	3.19017070e+15	3.32119583e+15	2.97157357e-03
11249	145.66632931	450	3.31858407e-05	450.00000000	3.19096000e+15	3.32198675e+15	2.97221630e-03
11274	145.98804859	451	3.32595870e-05	451.00000000	3.19174705e+15	3.32277541e+15	2.97285728e-03
11299	146.30973436	452	3.33333333e-05	452.00000000	3.19253176e+15	3.32356174e+15	2.97349642e-03
11324	146.63247534	453	3.34070796e-05	453.00000000	3.19331448e+15	3.32434582e+15	2.97413513e-03
11349	146.95472838	454	3.34808260e-05	454.00000000	3.19409476e+15	3.32512760e+15	2.97477108e-03
11374	147.27583766	455	3.35545723e-05	455.00000000	3.19487266e+15	3.32590706e+15	2.97540502e-03
11399	147.59746389	456	3.36283186e-05	456.00000000	3.19564809e+15	3.32668407e+15	2.97603692e-03
11424	147.91882026	457	3.37020649e-05	457.00000000	3.19642111e+15	3.32745867e+15	2.97666680e-03
11449	148.24024513	458	3.37758112e-05	458.00000000	3.19719168e+15	3.32823083e+15	2.97729467e-03
11474	148.56191367	459	3.38495575e-05	459.00000000	3.19795977e+15	3.32900050e+15	2.97792066e-03
11499	148.88304008	460	3.39233038e-05	460.00000000	3.19872554e+15	3.32976785e+15	2.97854496e-03
11524	149.20390740	461	3.39970501e-05	461.00000000	3.19948904e+15	3.33053292e+15	2.97916773e-03
11549	149.52585859	462	3.40707965e-05	462.00000000	3.20025027e+15	3.33129572e+15	2.97978868e-03
11574	149.84724954	463	3.41445428e-05	463.00000000	3.20100918e+15	3.33205619e+15	2.98040777e-03
11599	150.16817438	464	3.42182891e-05	464.00000000	3.20176574e+15	3.33281431e+15	2.98102505e-03
11624	150.48996666	465	3.42920354e-05	465.00000000	3.20251991e+15	3.33357003e+15	2.98164052e-03
11649	150.81253201	466	3.43657817e-05	466.00000000	3.20327164e+15	3.33432331e+15	2.98225433e-03
11674	151.13333117	467	3.44395280e-05	467.00000000	3.20402096e+15	3.33507417e+15	2.98286636e-03
11699	151.45424394	468	3.45132743e-05	468.00000000	3.20476786e+15	3.33582259e+15	2.98347661e-03
11724	151.77530700	469	3.45870206e-05	469.00000000	3.20551247e+15	3.33656873e+15	2.98408492e-03
11749	152.09583607	470	3.46607670e-05	470.00000000	3.20625487e+15	3.33731265e+15	2.98469138e-03
11774	152.41743398	471	3.47345133e-05	471.00000000	3.20699511e+15	3.33805440e+15	2.98529606e-03
11799	152.74023188	472	3.48082596e-05	472.00000000	3.20773324e+15	3.33879405e+15	2.98589905e-03
11824	153.06223494	473	3.48820059e-05	473.00000000	3.20846932e+15	3.33953162e+15	2.98650046e-03
11849	153.38331732	474	3.49557522e-05	474.00000000	3.20920337e+15	3.34026717e+15	2.98710022e-03
11874	153.70420961	475	3.50294985e-05	475.00000000	3.20993534e+15	3.34100063e+15	2.98769845e-03
11899	154.02655073	476	3.51032448e-05	476.00000000	3.21066550e+15	3.34173203e+15	2.98829587e-03
11924	154.34737453	477	3.51769912e-05	477.00000000	3.21139360e+15	3.34246151e+15	2.98889173e-03
11949	154.66854033	478	3.52507375e-05	478.00000000	3.21211965e+15	3.34318901e+15	2.98948588e-03
11974	154.99057461	479	3.53244838e-05	479.00000000	3.21284366e+15	3.34391447e+15	2.99007845e-03
11999	155.31135527	480	3.53982301e-05	480.00000000	3.21356562e+15	3.34463791e+15	2.99067086e-03
12024	155.63372445	481	3.54719764e-05	481.00000000	3.21428560e+15	3.34535936e+15	2.99125988e-03
12049	155.95466391	482	3.55457227e-05	482.00000000	3.21500348e+15	3.34607870e+15	2.99184685e-03
12074	156.27531882	483	3.56194690e-05	483.00000000	3.21571933e+15	3.34679601e+15	2.99243253e-03
12099	156.59647109	484	3.56932153e-05	484.00000000	3.21643323e+15	3.34751136e+15	2.99301688e-03
12124	156.91760054	485	3.57669617e-05	485.00000000	3.21714516e+15	3.34822474e+15	2.99359970e-03
12149	157.23859689	486	3.58407080e-05	486.00000000	3.21785515e+15	3.34893615e+15	2.99418094e-03
12174	157.55968150	487	3.59144543e-05	487.00000000	3.21856315e+15	3.34964559e+15	2.99476061e-03
12199	157.88060469	488	3.59882006e-05	488.00000000	3.21926916e+15	3.35035301e+15	2.99533871e-03
12224	158.20161445	489	3.60619469e-05	489.00000000	3.21997311e+15	3.35105839e+15	2.99591521e-03
12249	158.52398009	490	3.61356932e-05	490.00000000	3.22067496e+15	3.35176164e+15	2.99649014e-03
12274	158.84635125	491	3.62094395e-05	491.00000000	3.22137465e+15	3.35246275e+15	2.99706332e-03
12299	159.16826271	492	3.62831858e-05	492.00000000	3.22207217e+15	3.35316167e+15	2.99763488e-03
12324	159.48960996	493	3.63569322e-05	493.00000000	3.22276751e+15	3.35385841e+15	2.99820475e-03
12349	159.81056994	494	3.64306785e-05	494.00000000	3.22346068e+15	3.35455297e+15	2.99877287e-03
12374	160.13158187	495	3.65044248e-05	495.00000000	3.22415173e+15	3.35524541e+15	2.99933919e-03
12399	160.45447573	496	3.65781711e-05	496.00000000	3.22484065e+15	3.35593573e+15	2.99990368e-03
12424	160.77601370	497	3.66519174e-05	497.00000000	3.22552746e+15	3.35662391e+15	3.00046646e-03
12449	161.09679501	498	3.67256637e-05	498.00000000	3.22621215e+15	3.35730998e+15	3.00102750e-03
12474	161.41918258	499	3.67994100e-05	499.00000000	3.22689473e+15	3.35799394e+15	3.00158679e-03
12499	161.73991645	500	3.68731563e-05	500.00000000	3.22757524e+15	3.35867581e+15	3.00214442e-03
12524	162.06139942	501	3.69469027e-05	501.00000000	3.22825373e+15	3.35935567e+15	3.00270040e-03
12549	162.38251684	502	3.70206490e-05	502.00000000	3.22893026e+15	3.36003355e+15	3.00325483e-03
12574	162.70461351	503	3.70943953e-05	503.00000000	3.22960506e+15	3.36070947e+15	3.00380838e-03
12599	163.02795173	504	3.71681416e-05	504.00000000	3.23027777e+15	3.36138343e+15	3.00436013e-03
12624	163.34917518	505	3.72418879e-05	505.00000000	3.23094845e+15	3.36205543e+15	3.00491014e-03
12649	163.67117404	506	3.73156342e-05	506.00000000	3.23161717e+15	3.36272548e+15	3.00545844e-03
12674	163.99214979	507	3.73893805e-05	507.00000000	3.23228393e+15	3.36339358e+15	3.00600511e-03
12699	164.31507911	508	3.74631268e-05	508.00000000	3.23294869e+15	3.36405969e+15	3.00655015e-03
12724	164.63578977	509	3.75368732e-05	509.00000000	3.23361149e+15	3.36472383e+15	3.00709353e-03
12749	164.95665752	510	3.76106195e-05	510.00000000	3.23427233e+15	3.36538600e+15	3.00763536e-03
12774	165.27769222	511	3.76843658e-05	511.00000000	3.23493120e+15	3.36604622e+15	3.00817567e-03
12799	165.59898995	512	3.77581121e-05	512.00000000	3.23558814e+15	3.36670449e+15	3.00871446e-03
12824	165.92167454	513	3.78318584e-05	513.00000000	3.23624316e+15	3.36736083e+15	3.00925178e-03
12849	166.24350245	514	3.79056047e-05	514.00000000	3.23689626e+15	3.36801526e+15	3.00978751e-03
12874	166.56639366	515	3.79793510e-05	515.00000000	3.23754745e+15	3.36866776e+15	3.01032170e-03
12899	166.88817180	516	3.80530973e-05	516.00000000	3.23819674e+15	3.36931837e+15	3.01085433e-03
12924	167.21083143	517	3.81268437e-05	517.00000000	3.23884418e+15	3.36996711e+15	3.01138547e-03
12949	167.53247558	518	3.82005900e-05	518.00000000	3.23948976e+15	3.37061400e+15	3.01191513e-03
12974	167.85361599	519	3.82743363e-05	519.00000000	3.24013348e+15	3.37125902e+15	3.01244292e-03
12999	168.17517654	520	3.83480826e-05	520.00000000	3.24077537e+15	3.37190221e+15	3.01296952e-03
13024	168.49744305	521	3.84218289e-05	521.00000000	3.24141531e+15	3.37254345e+15	3.01349473e-03
13049	168.81918089	522	3.84955752e-05	522.00000000	3.24205327e+15	3.37318269e+15	3.01401837e-03
13074	169.14002816	523	3.85693215e-05	523.00000000	3.24268928e+15	3.37381999e+15	3.01454041e-03
13099	169.46070945	524	3.86430678e-05	524.00000000	3.24332335e+15	3.37445534e+15	3.01506087e-03
13124	169.78157292	525	3.87168142e-05	525.00000000	3.24395544e+15	3.37508871e+15	3.01557978e-03
13149	170.10229844	526	3.87905605e-05	526.00000000	3.24458554e+15	3.37572008e+15	3.01609714e-03
13174	170.42313956	527	3.88643068e-05	527.00000000	3.24521365e+15	3.37634947e+15	3.01661293e-03
13199	170.74460670	528	3.89380531e-05	528.00000000	3.24583979e+15	3.37697688e+15	3.01712713e-03
13224	171.06558001	529	3.90117994e-05	529.00000000	3.24646396e+15	3.37760231e+15	3.01763980e-03
13249	171.38662812	530	3.90855457e-05	530.00000000	3.24708614e+15	3.37822575e+15	3.01815090e-03
13274	171.70773748	531	3.91592920e-05	531.00000000	3.24770634e+15	3.37884721e+15	3.01866041e-03
13299	172.02876141	532	3.92330383e-05	532.00000000	3.24832459e+15	3.37946671e+15	3.01916829e-03
13324	172.34991866	533	3.93067847e-05	533.00000000	3.24894092e+15	3.38008428e+15	3.01967459e-03
13349	172.67167912	534	3.93805310e-05	534.00000000	3.24955531e+15	3.38069992e+15	3.02017930e-03
13374	172.99397493	535	3.94542773e-05	535.00000000	3.25016774e+15	3.38131359e+15	3.02068249e-03
13399	173.31481648	536	3.95280236e-05	536.00000000	3.25077847e+15	3.38192531e+15	3.02118491e-03
13424	173.63591923	537	3.96017699e-05	537.00000000	3.25138718e+15	3.38253514e+15	3.02168553e-03
13449	173.95871243	538	3.96755162e-05	538.00000000	3.25199398e+15	3.38314313e+15	3.02218441e-03
13474	174.27984233	539	3.97492625e-05	539.00000000	3.25259885e+15	3.38374920e+15	3.02268188e-03
13499	174.60133750	540	3.98230088e-05	540.00000000	3.25320183e+15	3.38435340e+15	3.02317804e-03
13524	174.92238128	541	3.98967552e-05	541.00000000	3.25380298e+15	3.38495576e+15	3.02367266e-03
13549	175.24407728	542	3.99705015e-05	542.00000000	3.25440235e+15	3.38555634e+15	3.02416579e-03
13574	175.56564010	543	4.00442478e-05	543.00000000	3.25499999e+15	3.38615519e+15	3.02465749e-03
13599	175.88687907	544	4.01179941e-05	544.00000000	3.25559594e+15	3.38675235e+15	3.02514778e-03
13624	176.20801320	545	4.01917404e-05	545.00000000	3.25619024e+15	3.38734786e+15	3.02563672e-03
13649	176.52870698	546	4.02654867e-05	546.00000000	3.25678291e+15	3.38794172e+15	3.02612439e-03
13674	176.84980552	547	4.03392330e-05	547.00000000	3.25737396e+15	3.38853397e+15	3.02661080e-03
13699	177.17138902	548	4.04129794e-05	548.00000000	3.25796342e+15	3.38912462e+15	3.02709588e-03
13724	177.49314017	549	4.04867257e-05	549.00000000	3.25855131e+15	3.38971370e+15	3.02757969e-03
13749	177.81613240	550	4.05604720e-05	550.00000000	3.25913766e+15	3.39030123e+15	3.02806223e-03
13774	178.13720709	551	4.06342183e-05	551.00000000	3.25972248e+15	3.39088722e+15	3.02854349e-03
13799	178.45789091	552	4.07079646e-05	552.00000000	3.26030581e+15	3.39147173e+15	3.02902399e-03
13824	178.77880218	553	4.07817109e-05	553.00000000	3.26088768e+15	3.39205477e+15	3.02950288e-03
13849	179.09978011	554	4.08554572e-05	554.00000000	3.26146808e+15	3.39263634e+15	3.02998048e-03
13874	179.42186102	555	4.09292035e-05	555.00000000	3.26204704e+15	3.39321646e+15	3.03045698e-03
13899	179.74335956	556	4.10029499e-05	556.00000000	3.26262458e+15	3.39379516e+15	3.03093231e-03
13924	180.06587110	557	4.10766962e-05	557.00000000	3.26320077e+15	3.39437250e+15	3.03140656e-03
13949	180.38724951	558	4.11504425e-05	558.00000000	3.26377560e+15	3.39494847e+15	3.03188003e-03
13974	180.70861720	559	4.12241888e-05	559.00000000	3.26434913e+15	3.39552314e+15	3.03235243e-03
13999	181.03038751	560	4.12979351e-05	560.00000000	3.26492135e+15	3.39609650e+15	3.03282392e-03
14024	181.35220807	561	4.13716814e-05	561.00000000	3.26549222e+15	3.39666851e+15	3.03329441e-03
14049	181.67291130	562	4.14454277e-05	562.00000000	3.26606176e+15	3.39723918e+15	3.03376381e-03
14074	181.99375597	563	4.15191740e-05	563.00000000	3.26662997e+15	3.39780852e+15	3.03423226e-03
14099	182.31623112	564	4.15929204e-05	564.00000000	3.26719686e+15	3.39837654e+15	3.03469965e-03
14124	182.63719627	565	4.16666667e-05	565.00000000	3.26776245e+15	3.39894325e+15	3.03516598e-03
14149	182.95923699	566	4.17404130e-05	566.00000000	3.26832673e+15	3.39950865e+15	3.03563124e-03
14174	183.28203721	567	4.18141593e-05	567.00000000	3.26888968e+15	3.40007271e+15	3.03609545e-03
14199	183.60585077	568	4.18879056e-05	568.00000000	3.26945129e+15	3.40063545e+15	3.03655857e-03
14224	183.92930018	569	4.19616519e-05	569.00000000	3.27001151e+15	3.40119677e+15	3.03702055e-03
14249	184.25276443	570	4.20353982e-05	570.00000000	3.27057034e+15	3.40175672e+15	3.03748139e-03
14274	184.57577256	571	4.21091445e-05	571.00000000	3.27112781e+15	3.40231529e+15	3.03794119e-03
14299	184.90014225	572	4.21828909e-05	572.00000000	3.27168387e+15	3.40287246e+15	3.03840007e-03
14324	185.22370345	573	4.22566372e-05	573.00000000	3.27223851e+15	3.40342820e+15	3.03885790e-03
14349	185.54766574	574	4.23303835e-05	574.00000000	3.27279198e+15	3.40398254e+15	3.03931523e-03
14374	185.87149567	575	4.24041298e-05	575.00000000	3.27334394e+15	3.40453551e+15	3.03977117e-03
14399	186.19648467	576	4.24778761e-05	576.00000000	3.27389446e+15	3.40508708e+15	3.04022592e-03
14424	186.52039766	577	4.25516224e-05	577.00000000	3.27444355e+15	3.40563726e+15	3.04067949e-03
14449	186.84536571	578	4.26253687e-05	578.00000000	3.27499124e+15	3.40618605e+15	3.04113189e-03
14474	187.16901232	579	4.26991150e-05	579.00000000	3.27553751e+15	3.40673342e+15	3.04158311e-03
14499	187.49139673	580	4.27728614e-05	580.00000000	3.27608237e+15	3.40727938e+15	3.04203315e-03
14524	187.81503320	581	4.28466077e-05	581.00000000	3.27662583e+15	3.40782395e+15	3.04248206e-03
14549	188.13814576	582	4.29203540e-05	582.00000000	3.27716791e+15	3.40836713e+15	3.04292986e-03
14574	188.46057126	583	4.29941003e-05	583.00000000	3.27770864e+15	3.40890895e+15	3.04337679e-03
14599	188.78402643	584	4.30678466e-05	584.00000000	3.27824801e+15	3.40944941e+15	3.04382224e-03
14624	189.10752807	585	4.31415929e-05	585.00000000	3.27878601e+15	3.40998850e+15	3.04426647e-03
14649	189.43075043	586	4.32153392e-05	586.00000000	3.27932265e+15	3.41052623e+15	3.04470975e-03
14674	189.75365645	587	4.32890855e-05	587.00000000	3.27985793e+15	3.41106260e+15	3.04515220e-03
14699	190.07773792	588	4.33628319e-05	588.00000000	3.28039187e+15	3.41159762e+15	3.04559370e-03
14724	190.40227728	589	4.34365782e-05	589.00000000	3.28092448e+15	3.41213130e+15	3.04603414e-03
14749	190.72690335	590	4.35103245e-05	590.00000000	3.28145570e+15	3.41266360e+15	3.04647347e-03
14774	191.05223254	591	4.35840708e-05	591.00000000	3.28198552e+15	3.41319449e+15	3.04691167e-03
14799	191.37601680	592	4.36578171e-05	592.00000000	3.28251395e+15	3.41372398e+15	3.04734874e-03
14824	191.69842165	593	4.37315634e-05	593.00000000	3.28304098e+15	3.41425208e+15	3.04778465e-03
14849	192.02042310	594	4.38053097e-05	594.00000000	3.28356664e+15	3.41477880e+15	3.04821950e-03
14874	192.34237172	595	4.38790560e-05	595.00000000	3.28409095e+15	3.41530418e+15	3.04865330e-03
14899	192.66561218	596	4.39528024e-05	596.00000000	3.28461393e+15	3.41582822e+15	3.04908607e-03
14924	192.98972773	597	4.40265487e-05	597.00000000	3.28513563e+15	3.41635099e+15	3.04951792e-03
14949	193.31383327	598	4.41002950e-05	598.00000000	3.28565609e+15	3.41687250e+15	3.04994872e-03
14974	193.63943192	599	4.41740413e-05	599.00000000	3.28617531e+15	3.41739278e+15	3.05037859e-03
14999	193.96291167	600	4.42477876e-05	600.00000000	3.28669328e+15	3.41791181e+15	3.05080755e-03
15024	194.28902891	601	4.43215339e-05	601.00000000	3.28720998e+15	3.41842956e+15	3.05123557e-03
15049	194.61251448	602	4.43952802e-05	602.00000000	3.28772538e+15	3.41894601e+15	3.05166262e-03
15074	194.93721993	603	4.44690265e-05	603.00000000	3.28823942e+15	3.41946111e+15	3.05208874e-03
15099	195.26196634	604	4.45427729e-05	604.00000000	3.28875212e+15	3.41997485e+15	3.05251383e-03
15124	195.58624948	605	4.46165192e-05	605.00000000	3.28926346e+15	3.42048724e+15	3.05293786e-03
15149	195.90962769	606	4.46902655e-05	606.00000000	3.28977343e+15	3.42099825e+15	3.05336079e-03
15174	196.23386839	607	4.47640118e-05	607.00000000	3.29028202e+15	3.42150788e+15	3.05378257e-03
15199	196.55697390	608	4.48377581e-05	608.00000000	3.29078916e+15	3.42201606e+15	3.05420342e-03
15224	196.88193313	609	4.49115044e-05	609.00000000	3.29129482e+15	3.42252276e+15	3.05462320e-03
15249	197.20655947	610	4.49852507e-05	610.00000000	3.29179900e+15	3.42302797e+15	3.05504180e-03
15274	197.53055171	611	4.50589971e-05	611.00000000	3.29230171e+15	3.42353171e+15	3.05545919e-03
15299	197.85597184	612	4.51327434e-05	612.00000000	3.29280290e+15	3.42403393e+15	3.05587550e-03
15324	198.18089085	613	4.52064897e-05	613.00000000	3.29330257e+15	3.42453463e+15	3.05629037e-03
15349	198.50661595	614	4.52802360e-05	614.00000000	3.29380076e+15	3.42503384e+15	3.05670396e-03
15374	198.83162390	615	4.53539823e-05	615.00000000	3.29429749e+15	3.42553159e+15	3.05711635e-03
15399	199.15544314	616	4.54277286e-05	616.00000000	3.29479278e+15	3.42602789e+15	3.05752756e-03
15424	199.47879188	617	4.55014749e-05	617.00000000	3.29528663e+15	3.42652275e+15	3.05793758e-03
15449	199.80189069	618	4.55752212e-05	618.00000000	3.29577907e+15	3.42701620e+15	3.05834651e-03
15474	200.12478025	619	4.56489676e-05	619.00000000	3.29627008e+15	3.42750821e+15	3.05875434e-03
15499	200.45007017	620	4.57227139e-05	620.00000000	3.29675991e+15	3.42799880e+15	3.05916173e-03
15524	200.77594635	621	4.57964602e-05	621.00000000	3.29724822e+15	3.42848802e+15	3.05956780e-03
15549	201.09969700	622	4.58702065e-05	622.00000000	3.29773508e+15	3.42897584e+15	3.05997260e-03
15574	201.42222802	623	4.59439528e-05	623.00000000	3.29822048e+15	3.42946223e+15	3.06037627e-03
15599	201.74621719	624	4.60176991e-05	624.00000000	3.29870446e+15	3.42994721e+15	3.06078072e-03
15624	202.07023233	625	4.60914454e-05	625.00000000	3.29918701e+15	3.43043076e+15	3.06118142e-03
15649	202.39472824	626	4.61651917e-05	626.00000000	3.29966811e+15	3.43091285e+15	3.06158114e-03
15674	202.71896300	627	4.62389381e-05	627.00000000	3.30014779e+15	3.43139352e+15	3.06197995e-03
15699	203.04178462	628	4.63126844e-05	628.00000000	3.30062608e+15	3.43187281e+15	3.06237785e-03
15724	203.36616228	629	4.63864307e-05	629.00000000	3.30110302e+15	3.43235073e+15	3.06277478e-03
15749	203.69038203	630	4.64601770e-05	630.00000000	3.30157860e+15	3.43282729e+15	3.06317070e-03
15774	204.01460971	631	4.65339233e-05	631.00000000	3.30205281e+15	3.43330249e+15	3.06356558e-03
15799	204.33808879	632	4.66076696e-05	632.00000000	3.30252567e+15	3.43377632e+15	3.06395939e-03
15824	204.66105498	633	4.66814159e-05	633.00000000	3.30299718e+15	3.43424880e+15	3.06435211e-03
15849	204.98430854	634	4.67551622e-05	634.00000000	3.30346737e+15	3.43471997e+15	3.06474367e-03
15874	205.30878197	635	4.68289086e-05	635.00000000	3.30393628e+15	3.43518984e+15	3.06513412e-03
15899	205.63488562	636	4.69026549e-05	636.00000000	3.30440391e+15	3.43565844e+15	3.06552348e-03
15924	205.96048839	637	4.69764012e-05	637.00000000	3.30487029e+15	3.43612579e+15	3.06591175e-03
15949	206.28446396	638	4.70501475e-05	638.00000000	3.30533543e+15	3.43659190e+15	3.06629903e-03
15974	206.60820104	639	4.71238938e-05	639.00000000	3.30579932e+15	3.43705674e+15	3.06668534e-03
15999	206.93149699	640	4.71976401e-05	640.00000000	3.30626193e+15	3.43752031e+15	3.06707058e-03
16024	207.25766755	641	4.72713864e-05	641.00000000	3.30672333e+15	3.43798267e+15	3.06745476e-03
16049	207.58363844	642	4.73451327e-05	642.00000000	3.30718351e+15	3.43844380e+15	3.06783792e-03
16074	207.90811324	643	4.74188791e-05	643.00000000	3.30764246e+15	3.43890370e+15	3.06822009e-03
16099	208.23123385	644	4.74926254e-05	644.00000000	3.30810018e+15	3.43936236e+15	3.06860128e-03
16124	208.55464377	645	4.75663717e-05	645.00000000	3.30855666e+15	3.43981979e+15	3.06898149e-03
16149	208.87954221	646	4.76401180e-05	646.00000000	3.30901191e+15	3.44027597e+15	3.06936071e-03
16174	209.20353057	647	4.77138643e-05	647.00000000	3.30946592e+15	3.44073092e+15	3.06973886e-03
16199	209.52740386	648	4.77876106e-05	648.00000000	3.30991872e+15	3.44118465e+15	3.07011598e-03
16224	209.85328044	649	4.78613569e-05	649.00000000	3.31037027e+15	3.44163713e+15	3.07049212e-03
16249	210.17820437	650	4.79351032e-05	650.00000000	3.31082057e+15	3.44208835e+15	3.07086726e-03
16274	210.50115159	651	4.80088496e-05	651.00000000	3.31126963e+15	3.44253834e+15	3.07124135e-03
16299	210.82549983	652	4.80825959e-05	652.00000000	3.31171744e+15	3.44298707e+15	3.07161444e-03
16324	211.15015053	653	4.81563422e-05	653.00000000	3.31216402e+15	3.44343457e+15	3.07198652e-03
16349	211.47318983	654	4.82300885e-05	654.00000000	3.31260938e+15	3.44388084e+15	3.07235763e-03
16374	211.79564388	655	4.83038348e-05	655.00000000	3.31305353e+15	3.44432591e+15	3.07272772e-03
16399	212.12018732	656	4.83775811e-05	656.00000000	3.31349653e+15	3.44476982e+15	3.07309672e-03
16424	212.44364342	657	4.84513274e-05	657.00000000	3.31393833e+15	3.44521252e+15	3.07346478e-03
16449	212.76785189	658	4.85250737e-05	658.00000000	3.31437895e+15	3.44565404e+15	3.07383189e-03
16474	213.09234156	659	4.85988201e-05	659.00000000	3.31481841e+15	3.44609441e+15	3.07419805e-03
16499	213.41744569	660	4.86725664e-05	660.00000000	3.31525673e+15	3.44653363e+15	3.07456323e-03
16524	213.74248445	661	4.87463127e-05	661.00000000	3.31569392e+15	3.44697172e+15	3.07492747e-03
16549	214.06718853	662	4.88200590e-05	662.00000000	3.31612998e+15	3.44740867e+15	3.07529082e-03
16574	214.38955571	663	4.88938053e-05	663.00000000	3.31656489e+15	3.44784447e+15	3.07565323e-03
16599	214.71275321	664	4.89675516e-05	664.00000000	3.31699865e+15	3.44827911e+15	3.07601469e-03
16624	215.03524013	665	4.90412979e-05	665.00000000	3.31743127e+15	3.44871262e+15	3.07637518e-03
16649	215.35761070	666	4.91150442e-05	666.00000000	3.31786276e+15	3.44914499e+15	3.07673472e-03
16674	215.68208896	667	4.91887906e-05	667.00000000	3.31829313e+15	3.44957624e+15	3.07709333e-03
16699	216.00444677	668	4.92625369e-05	668.00000000	3.31872239e+15	3.45000638e+15	3.07745101e-03
16724	216.32719892	669	4.93362832e-05	669.00000000	3.31915053e+15	3.45043540e+15	3.07780776e-03
16749	216.65109792	670	4.94100295e-05	670.00000000	3.31957752e+15	3.45086325e+15	3.07816366e-03
16774	216.97613698	671	4.94837758e-05	671.00000000	3.32000334e+15	3.45128995e+15	3.07851863e-03
16799	217.30128799	672	4.95575221e-05	672.00000000	3.32042800e+15	3.45171547e+15	3.07887264e-03
16824	217.62678702	673	4.96312684e-05	673.00000000	3.32085152e+15	3.45213986e+15	3.07922567e-03
16849	217.95063763	674	4.97050147e-05	674.00000000	3.32127392e+15	3.45256312e+15	3.07957771e-03
16874	218.27515748	675	4.97787611e-05	675.00000000	3.32169522e+15	3.45298528e+15	3.07992881e-03
16899	218.59938105	676	4.98525074e-05	676.00000000	3.32211545e+15	3.45340636e+15	3.08027899e-03
16924	218.92523765	677	4.99262537e-05	677.00000000	3.32253488e+15	3.45382641e+15	3.08062897e-03
16949	219.24975423	678	5.00000000e-05	678.00000000	3.32295317e+15	3.45424545e+15	3.08097783e-03
16974	219.57515673	679	5.00737463e-05	679.00000000	3.32337034e+15	3.45466344e+15	3.08132564e-03
16999	219.89864529	680	5.01474926e-05	680.00000000	3.32378641e+15	3.45508035e+15	3.08167248e-03
17024	220.22542485	681	5.02212389e-05	681.00000000	3.32420140e+15	3.45549618e+15	3.08201838e-03
17049	220.54902921	682	5.02949853e-05	682.00000000	3.32461527e+15	3.45591090e+15	3.08236345e-03
17074	220.87239513	683	5.03687316e-05	683.00000000	3.32502797e+15	3.45632444e+15	3.08270767e-03
17099	221.19562212	684	5.04424779e-05	684.00000000	3.32543952e+15	3.45673684e+15	3.08305095e-03
17124	221.51955983	685	5.05162242e-05	685.00000000	3.32584992e+15	3.45714808e+15	3.08339340e-03
17149	221.84448151	686	5.05899705e-05	686.00000000	3.32625919e+15	3.45755819e+15	3.08373490e-03
17174	222.16931979	687	5.06637168e-05	687.00000000	3.32666734e+15	3.45796717e+15	3.08407546e-03
17199	222.49347388	688	5.07374631e-05	688.00000000	3.32707436e+15	3.45837503e+15	3.08441508e-03
17224	222.81636884	689	5.08112094e-05	689.00000000	3.32748028e+15	3.45878177e+15	3.08475376e-03
17249	223.14059470	690	5.08849558e-05	690.00000000	3.32788510e+15	3.45918742e+15	3.08509153e-03
17274	223.46636588	691	5.09587021e-05	691.00000000	3.32828884e+15	3.45959199e+15	3.08542838e-03
17299	223.79051360	692	5.10324484e-05	692.00000000	3.32869152e+15	3.45999548e+15	3.08576438e-03
17324	224.11475133	693	5.11061947e-05	693.00000000	3.32909314e+15	3.46039792e+15	3.08609952e-03
17349	224.43942827	694	5.11799410e-05	694.00000000	3.32949368e+15	3.46079927e+15	3.08643377e-03
17374	224.76422486	695	5.12536873e-05	695.00000000	3.32989314e+15	3.46119955e+15	3.08676712e-03
17399	225.08916688	696	5.13274336e-05	696.00000000	3.33029152e+15	3.46159873e+15	3.08709957e-03
17424	225.41415642	697	5.14011799e-05	697.00000000	3.33068880e+15	3.46199682e+15	3.08743111e-03
17449	225.73929718	698	5.14749263e-05	698.00000000	3.33108500e+15	3.46239382e+15	3.08776173e-03
17474	226.06323352	699	5.15486726e-05	699.00000000	3.33148011e+15	3.46278974e+15	3.08809143e-03
17499	226.38736602	700	5.16224189e-05	700.00000000	3.33187416e+15	3.46318459e+15	3.08842024e-03
17524	226.71119140	701	5.16961652e-05	701.00000000	3.33226714e+15	3.46357837e+15	3.08874815e-03
17549	227.03443901	702	5.17699115e-05	702.00000000	3.33265905e+15	3.46397107e+15	3.08907516e-03
17574	227.35929841	703	5.18436578e-05	703.00000000	3.33304989e+15	3.46436271e+15	3.08940128e-03
17599	227.68417152	704	5.19174041e-05	704.00000000	3.33343965e+15	3.46475326e+15	3.08972654e-03
17624	228.00883336	705	5.19911504e-05	705.00000000	3.33382833e+15	3.46514273e+15	3.09005095e-03
17649	228.33271455	706	5.20648968e-05	706.00000000	3.33421590e+15	3.46553109e+15	3.09037445e-03
17674	228.65628982	707	5.21386431e-05	707.00000000	3.33460237e+15	3.46591834e+15	3.09069702e-03
17699	228.97948548	708	5.22123894e-05	708.00000000	3.33498777e+15	3.46630452e+15	3.09101868e-03
17724	229.30208782	709	5.22861357e-05	709.00000000	3.33537211e+15	3.46668965e+15	3.09133942e-03
17749	229.62537132	710	5.23598820e-05	710.00000000	3.33575542e+15	3.46707374e+15	3.09165928e-03
17774	229.94986107	711	5.24336283e-05	711.00000000	3.33613769e+15	3.46745679e+15	3.09197828e-03
17799	230.27306563	712	5.25073746e-05	712.00000000	3.33651891e+15	3.46783877e+15	3.09229647e-03
17824	230.59711138	713	5.25811209e-05	713.00000000	3.33689907e+15	3.46821972e+15	3.09261378e-03
17849	230.92060540	714	5.26548673e-05	714.00000000	3.33727824e+15	3.46859965e+15	3.09293021e-03
17874	231.24393619	715	5.27286136e-05	715.00000000	3.33765642e+15	3.46897860e+15	3.09324580e-03
17899	231.56716692	716	5.28023599e-05	716.00000000	3.33803361e+15	3.46935656e+15	3.09356057e-03
17924	231.88942980	717	5.28761062e-05	717.00000000	3.33840982e+15	3.46973354e+15	3.09387451e-03
17949	232.21181918	718	5.29498525e-05	718.00000000	3.33878507e+15	3.47010955e+15	3.09418764e-03
17974	232.53523933	719	5.30235988e-05	719.00000000	3.33915933e+15	3.47048458e+15	3.09449997e-03
17999	232.85951690	720	5.30973451e-05	720.00000000	3.33953263e+15	3.47085863e+15	3.09481147e-03
18024	233.18479881	721	5.31710914e-05	721.00000000	3.33990495e+15	3.47123171e+15	3.09512220e-03
18049	233.50714020	722	5.32448378e-05	722.00000000	3.34027630e+15	3.47160382e+15	3.09543216e-03
18074	233.82915743	723	5.33185841e-05	723.00000000	3.34064670e+15	3.47197497e+15	3.09574132e-03
18099	234.15254797	724	5.33923304e-05	724.00000000	3.34101616e+15	3.47234519e+15	3.09604970e-03
18124	234.47689268	725	5.34660767e-05	725.00000000	3.34138472e+15	3.47271449e+15	3.09635729e-03
18149	234.80175439	726	5.35398230e-05	726.00000000	3.34175236e+15	3.47308288e+15	3.09666411e-03
18174	235.12455335	727	5.36135693e-05	727.00000000	3.34211909e+15	3.47345036e+15	3.09697017e-03
18199	235.44895012	728	5.36873156e-05	728.00000000	3.34248490e+15	3.47381692e+15	3.09727549e-03
18224	235.77249315	729	5.37610619e-05	729.00000000	3.34284979e+15	3.47418256e+15	3.09758008e-03
18249	236.09775902	730	5.38348083e-05	730.00000000	3.34321376e+15	3.47454727e+15	3.09788390e-03
18274	236.42321246	731	5.39085546e-05	731.00000000	3.34357682e+15	3.47491107e+15	3.09818696e-03
18299	236.74822765	732	5.39823009e-05	732.00000000	3.34393897e+15	3.47527396e+15	3.09848927e-03
18324	237.07133162	733	5.40560472e-05	733.00000000	3.34430023e+15	3.47563596e+15	3.09879084e-03
18349	237.39514661	734	5.41297935e-05	734.00000000	3.34466059e+15	3.47599706e+15	3.09909330e-03
18374	237.71881430	735	5.42035398e-05	735.00000000	3.34502008e+15	3.47635728e+15	3.09939402e-03
18399	238.04312570	736	5.42772861e-05	736.00000000	3.34537869e+15	3.47671662e+15	3.09969350e-03
18424	238.36657728	737	5.43510324e-05	737.00000000	3.34573639e+15	3.47707506e+15	3.09999194e-03
18449	238.69030405	738	5.44247788e-05	738.00000000	3.34609321e+15	3.47743260e+15	3.10028966e-03
18474	239.01519665	739	5.44985251e-05	739.00000000	3.34644909e+15	3.47778921e+15	3.10058662e-03
18499	239.33899077	740	5.45722714e-05	740.00000000	3.34680401e+15	3.47814486e+15	3.10088278e-03
18524	239.66508071	741	5.46460177e-05	741.00000000	3.34715796e+15	3.47849954e+15	3.10117824e-03
18549	239.98834394	742	5.47197640e-05	742.00000000	3.34751098e+15	3.47885328e+15	3.10147291e-03
18574	240.31143083	743	5.47935103e-05	743.00000000	3.34786307e+15	3.47920609e+15	3.10176684e-03
18599	240.63698208	744	5.48672566e-05	744.00000000	3.34821425e+15	3.47955799e+15	3.10205998e-03
18624	240.95996044	745	5.49410029e-05	745.00000000	3.34856454e+15	3.47990900e+15	3.10235237e-03
18649	241.28477165	746	5.50147493e-05	746.00000000	3.34891423e+15	3.48025917e+15	3.10264470e-03
18674	241.60819605	747	5.50884956e-05	747.00000000	3.34926296e+15	3.48060853e+15	3.10293610e-03
18699	241.93161932	748	5.51622419e-05	748.00000000	3.34961079e+15	3.48095704e+15	3.10322658e-03
18724	242.25622491	749	5.52359882e-05	749.00000000	3.34995774e+15	3.48130470e+15	3.10351625e-03
18749	242.58053319	750	5.53097345e-05	750.00000000	3.35030382e+15	3.48165150e+15	3.10380518e-03
18774	242.90467224	751	5.53834808e-05	751.00000000	3.35064904e+15	3.48199744e+15	3.10409339e-03
18799	243.22798657	752	5.54572271e-05	752.00000000	3.35099341e+15	3.48234253e+15	3.10438089e-03
18824	243.55037687	753	5.55309735e-05	753.00000000	3.35133693e+15	3.48268678e+15	3.10466764e-03
18849	243.87427948	754	5.56047198e-05	754.00000000	3.35167963e+15	3.48303020e+15	3.10495371e-03
18874	244.19944036	755	5.56784661e-05	755.00000000	3.35202149e+15	3.48337277e+15	3.10523910e-03
18899	244.52460641	756	5.57522124e-05	756.00000000	3.35236250e+15	3.48371451e+15	3.10552380e-03
18924	244.85009756	757	5.58259587e-05	757.00000000	3.35270268e+15	3.48405540e+15	3.10580781e-03
18949	245.17348172	758	5.58997050e-05	758.00000000	3.35304199e+15	3.48439542e+15	3.10609110e-03
18974	245.49719515	759	5.59734513e-05	759.00000000	3.35338045e+15	3.48473460e+15	3.10637369e-03
18999	245.82046679	760	5.60471976e-05	760.00000000	3.35371807e+15	3.48507292e+15	3.10665557e-03
19024	246.14474150	761	5.61209440e-05	761.00000000	3.35405484e+15	3.48541041e+15	3.10693677e-03
19049	246.46907548	762	5.61946903e-05	762.00000000	3.35439080e+15	3.48574707e+15	3.10721734e-03
19074	246.79148212	763	5.62684366e-05	763.00000000	3.35472593e+15	3.48608290e+15	3.10749721e-03
19099	247.11521397	764	5.63421829e-05	764.00000000	3.35506023e+15	3.48641791e+15	3.10777646e-03
19124	247.44052646	765	5.64159292e-05	765.00000000	3.35539371e+15	3.48675208e+15	3.10805503e-03
19149	247.76530881	766	5.64896755e-05	766.00000000	3.35572636e+15	3.48708544e+15	3.10833288e-03
19174	248.09008988	767	5.65634218e-05	767.00000000	3.35605821e+15	3.48741799e+15	3.10861003e-03
19199	248.41316009	768	5.66371681e-05	768.00000000	3.35638926e+15	3.48774972e+15	3.10888653e-03
19224	248.73562578	769	5.67109145e-05	769.00000000	3.35671949e+15	3.48808065e+15	3.10916235e-03
19249	249.05982698	770	5.67846608e-05	770.00000000	3.35704892e+15	3.48841077e+15	3.10943750e-03
19274	249.38372473	771	5.68584071e-05	771.00000000	3.35737753e+15	3.48874007e+15	3.10971200e-03
19299	249.70918141	772	5.69321534e-05	772.00000000	3.35770533e+15	3.48906856e+15	3.10998582e-03
19324	250.03462961	773	5.70058997e-05	773.00000000	3.35803229e+15	3.48939620e+15	3.11025896e-03
19349	250.35879610	774	5.70796460e-05	774.00000000	3.35835841e+15	3.48972300e+15	3.11053138e-03
19374	250.68292176	775	5.71533923e-05	775.00000000	3.35868370e+15	3.49004898e+15	3.11080313e-03
19399	251.00685030	776	5.72271386e-05	776.00000000	3.35900818e+15	3.49037413e+15	3.11107422e-03
19424	251.33245978	777	5.73008850e-05	777.00000000	3.35933182e+15	3.49069846e+15	3.11134466e-03
19449	251.65797474	778	5.73746313e-05	778.00000000	3.35965464e+15	3.49102195e+15	3.11161441e-03
19474	251.98102278	779	5.74483776e-05	779.00000000	3.35997661e+15	3.49134460e+15	3.11188347e-03
19499	252.30588607	780	5.75221239e-05	780.00000000	3.36029773e+15	3.49166639e+15	3.11215181e-03
19524	252.63019045	781	5.75958702e-05	781.00000000	3.36061802e+15	3.49198735e+15	3.11241945e-03
19549	252.95512265	782	5.76696165e-05	782.00000000	3.36093745e+15	3.49230746e+15	3.11268638e-03
19574	253.27966697	783	5.77433628e-05	783.00000000	3.36125603e+15	3.49262670e+15	3.11295260e-03
19599	253.60307022	784	5.78171091e-05	784.00000000	3.36157374e+15	3.49294508e+15	3.11321813e-03
19624	253.92778798	785	5.78908555e-05	785.00000000	3.36189057e+15	3.49326257e+15	3.11348294e-03
19649	254.25215880	786	5.79646018e-05	786.00000000	3.36220650e+15	3.49357917e+15	3.11374701e-03
19674	254.57673270	787	5.80383481e-05	787.00000000	3.36252155e+15	3.49389488e+15	3.11401033e-03
19699	254.90026294	788	5.81120944e-05	788.00000000	3.36283573e+15	3.49420972e+15	3.11427297e-03
19724	255.22417607	789	5.81858407e-05	789.00000000	3.36314905e+15	3.49452370e+15	3.11453487e-03
19749	255.54737493	790	5.82595870e-05	790.00000000	3.36346150e+15	3.49483681e+15	3.11479606e-03
19774	255.87089739	791	5.83333333e-05	791.00000000	3.36377308e+15	3.49514905e+15	3.11505653e-03
19799	256.19491277	792	5.84070796e-05	792.00000000	3.36408380e+15	3.49546041e+15	3.11531627e-03
19824	256.51914518	793	5.84808260e-05	793.00000000	3.36439362e+15	3.49577089e+15	3.11557527e-03
19849	256.84415819	794	5.85545723e-05	794.00000000	3.36470257e+15	3.49608049e+15	3.11583353e-03
19874	257.16826902	795	5.86283186e-05	795.00000000	3.36501064e+15	3.49638922e+15	3.11609106e-03
19899	257.49172509	796	5.87020649e-05	796.00000000	3.36531786e+15	3.49669709e+15	3.11634784e-03
19924	257.81635679	797	5.87758112e-05	797.00000000	3.36562422e+15	3.49700409e+15	3.11660396e-03
19949	258.13977846	798	5.88495575e-05	798.00000000	3.36592971e+15	3.49731022e+15	3.11685934e-03
19974	258.46398772	799	5.89233038e-05	799.00000000	3.36623432e+15	3.49761548e+15	3.11711398e-03
19999	258.78759743	800	5.89970501e-05	800.00000000	3.36653806e+15	3.49791987e+15	3.11736790e-03
20024	259.11305722	801	5.90707965e-05	801.00000000	3.36684095e+15	3.49822339e+15	3.11762109e-03
20049	259.43891195	802	5.91445428e-05	802.00000000	3.36714299e+15	3.49852607e+15	3.11787360e-03
20074	259.76141154	803	5.92182891e-05	803.00000000	3.36744421e+15	3.49882793e+15	3.11812548e-03
20099	260.08487282	804	5.92920354e-05	804.00000000	3.36774459e+15	3.49912895e+15	3.11837674e-03
20124	260.40792733	805	5.93657817e-05	805.00000000	3.36804411e+15	3.49942911e+15	3.11862734e-03
20149	260.73097604	806	5.94395280e-05	806.00000000	3.36834278e+15	3.49972841e+15	3.11887723e-03
20174	261.05615108	807	5.95132743e-05	807.00000000	3.36864061e+15	3.50002687e+15	3.11912641e-03
20199	261.37937528	808	5.95870206e-05	808.00000000	3.36893759e+15	3.50032449e+15	3.11937489e-03
20224	261.70275381	809	5.96607670e-05	809.00000000	3.36923374e+15	3.50062126e+15	3.11962267e-03
20249	262.02498630	810	5.97345133e-05	810.00000000	3.36952906e+15	3.50091721e+15	3.11986975e-03
20274	262.34765795	811	5.98082596e-05	811.00000000	3.36982353e+15	3.50121231e+15	3.12011613e-03
20299	262.67055531	812	5.98820059e-05	812.00000000	3.37011717e+15	3.50150656e+15	3.12036179e-03
20324	262.99406960	813	5.99557522e-05	813.00000000	3.37040994e+15	3.50179996e+15	3.12060676e-03
20349	263.31673753	814	6.00294985e-05	814.00000000	3.37070185e+15	3.50209248e+15	3.12085104e-03
20374	263.64135540	815	6.01032448e-05	815.00000000	3.37099289e+15	3.50238414e+15	3.12109459e-03
20399	263.96565321	816	6.01769912e-05	816.00000000	3.37128306e+15	3.50267493e+15	3.12133742e-03
20424	264.28909040	817	6.02507375e-05	817.00000000	3.37157238e+15	3.50296486e+15	3.12157954e-03
20449	264.61232593	818	6.03244838e-05	818.00000000	3.37186085e+15	3.50325394e+15	3.12182093e-03
20474	264.93620562	819	6.03982301e-05	819.00000000	3.37214847e+15	3.50354217e+15	3.12206162e-03
20499	265.25982707	820	6.04719764e-05	820.00000000	3.37243527e+15	3.50382958e+15	3.12230160e-03
20524	265.58206775	821	6.05457227e-05	821.00000000	3.37272124e+15	3.50411616e+15	3.12254091e-03
20549	265.90423534	822	6.06194690e-05	822.00000000	3.37300639e+15	3.50440190e+15	3.12277955e-03
20574	266.22711169	823	6.06932153e-05	823.00000000	3.37329069e+15	3.50468681e+15	3.12301754e-03
20599	266.55076047	824	6.07669617e-05	824.00000000	3.37357416e+15	3.50497088e+15	3.12325484e-03
20624	266.87519291	825	6.08407080e-05	825.00000000	3.37385679e+15	3.50525411e+15	3.12349145e-03
20649	267.20007111	826	6.09144543e-05	826.00000000	3.37413860e+15	3.50553651e+15	3.12372736e-03
20674	267.52245249	827	6.09882006e-05	827.00000000	3.37441962e+15	3.50581812e+15	3.12396260e-03
20699	267.84445250	828	6.10619469e-05	828.00000000	3.37469986e+15	3.50609895e+15	3.12419717e-03
20724	268.16833817	829	6.11356932e-05	829.00000000	3.37497932e+15	3.50637901e+15	3.12443109e-03
20749	268.49158407	830	6.12094395e-05	830.00000000	3.37525801e+15	3.50665829e+15	3.12466435e-03
20774	268.81553746	831	6.12831858e-05	831.00000000	3.37553593e+15	3.50693679e+15	3.12489697e-03
20799	269.13941585	832	6.13569322e-05	832.00000000	3.37581308e+15	3.50721453e+15	3.12512894e-03
20824	269.46288502	833	6.14306785e-05	833.00000000	3.37608949e+15	3.50749152e+15	3.12536016e-03
20849	269.78657668	834	6.15044248e-05	834.00000000	3.37636518e+15	3.50776779e+15	3.12559097e-03
20874	270.11148218	835	6.15781711e-05	835.00000000	3.37664013e+15	3.50804332e+15	3.12582112e-03
20899	270.43612096	836	6.16519174e-05	836.00000000	3.37691434e+15	3.50831810e+15	3.12605068e-03
20924	270.76004394	837	6.17256637e-05	837.00000000	3.37718779e+15	3.50859213e+15	3.12627964e-03
20949	271.08438218	838	6.17994100e-05	838.00000000	3.37746077e+15	3.50886543e+15	3.12650821e-03
20974	271.40783088	839	6.18731563e-05	839.00000000	3.37773321e+15	3.50913810e+15	3.12673706e-03
20999	271.73237740	840	6.19469027e-05	840.00000000	3.37800482e+15	3.50941014e+15	3.12696494e-03
21024	272.05586175	841	6.20206490e-05	841.00000000	3.37827565e+15	3.50968150e+15	3.12719198e-03
21049	272.38103750	842	6.20943953e-05	842.00000000	3.37854576e+15	3.50995216e+15	3.12741832e-03
21074	272.70522075	843	6.21681416e-05	843.00000000	3.37881514e+15	3.51022212e+15	3.12764402e-03
21099	273.03021643	844	6.22418879e-05	844.00000000	3.37908382e+15	3.51049137e+15	3.12786911e-03
21124	273.35405022	845	6.23156342e-05	845.00000000	3.37935178e+15	3.51075992e+15	3.12809364e-03
21149	273.67655321	846	6.23893805e-05	846.00000000	3.37961906e+15	3.51102777e+15	3.12831757e-03
21174	274.00192293	847	6.24631268e-05	847.00000000	3.37988564e+15	3.51129493e+15	3.12854092e-03
21199	274.32641073	848	6.25368732e-05	848.00000000	3.38015154e+15	3.51156141e+15	3.12876368e-03
21224	274.65021903	849	6.26106195e-05	849.00000000	3.38041676e+15	3.51182720e+15	3.12898587e-03
21249	274.97457384	850	6.26843658e-05	850.00000000	3.38068130e+15	3.51209231e+15	3.12920747e-03
21274	275.30008753	851	6.27581121e-05	851.00000000	3.38094522e+15	3.51235679e+15	3.12942888e-03
21299	275.62426248	852	6.28318584e-05	852.00000000	3.38120848e+15	3.51262061e+15	3.12964950e-03
21324	275.94738557	853	6.29056047e-05	853.00000000	3.38147105e+15	3.51288374e+15	3.12986945e-03
21349	276.27268738	854	6.29793510e-05	854.00000000	3.38173295e+15	3.51314620e+15	3.13008885e-03
21374	276.59897178	855	6.30530973e-05	855.00000000	3.38199419e+15	3.51340799e+15	3.13030771e-03
21399	276.92269324	856	6.31268437e-05	856.00000000	3.38225477e+15	3.51366912e+15	3.13052604e-03
21424	277.24729401	857	6.32005900e-05	857.00000000	3.38251470e+15	3.51392960e+15	3.13074382e-03
21449	277.57045149	858	6.32743363e-05	858.00000000	3.38277394e+15	3.51418938e+15	3.13096106e-03
21474	277.89398865	859	6.33480826e-05	859.00000000	3.38303249e+15	3.51444847e+15	3.13117771e-03
21499	278.21857544	860	6.34218289e-05	860.00000000	3.38329036e+15	3.51470689e+15	3.13139378e-03
21524	278.54397821	861	6.34955752e-05	861.00000000	3.38354755e+15	3.51496461e+15	3.13160930e-03
21549	278.86720287	862	6.35693215e-05	862.00000000	3.38380405e+15	3.51522165e+15	3.13182423e-03
21574	279.19054484	863	6.36430678e-05	863.00000000	3.38405989e+15	3.51547802e+15	3.13203858e-03
21599	279.51445095	864	6.37168142e-05	864.00000000	3.38431506e+15	3.51573373e+15	3.13225238e-03
21624	279.83738230	865	6.37905605e-05	865.00000000	3.38456957e+15	3.51598877e+15	3.13246562e-03
21649	280.16247377	866	6.38643068e-05	866.00000000	3.38482342e+15	3.51624315e+15	3.13267830e-03
21674	280.48719882	867	6.39380531e-05	867.00000000	3.38507661e+15	3.51649688e+15	3.13289044e-03
21699	280.81323683	868	6.40117994e-05	868.00000000	3.38532916e+15	3.51674996e+15	3.13310202e-03
21724	281.13819258	869	6.40855457e-05	869.00000000	3.38558108e+15	3.51700241e+15	3.13331307e-03
21749	281.46365359	870	6.41592920e-05	870.00000000	3.38583236e+15	3.51725422e+15	3.13352359e-03
21774	281.78828856	871	6.42330383e-05	871.00000000	3.38608301e+15	3.51750539e+15	3.13373358e-03
21799	282.11276318	872	6.43067847e-05	872.00000000	3.38633303e+15	3.51775593e+15	3.13394306e-03
21824	282.43822878	873	6.43805310e-05	873.00000000	3.38658242e+15	3.51800585e+15	3.13415201e-03
21849	282.76188612	874	6.44542773e-05	874.00000000	3.38683119e+15	3.51825513e+15	3.13436044e-03
21874	283.08544770	875	6.45280236e-05	875.00000000	3.38707933e+15	3.51850379e+15	3.13456834e-03
21899	283.40864827	876	6.46017699e-05	876.00000000	3.38732686e+15	3.51875183e+15	3.13477572e-03
21924	283.73387619	877	6.46755162e-05	877.00000000	3.38757376e+15	3.51899926e+15	3.13498259e-03
21949	284.05802815	878	6.47492625e-05	878.00000000	3.38782005e+15	3.51924606e+15	3.13518893e-03
21974	284.38190595	879	6.48230088e-05	879.00000000	3.38806572e+15	3.51949224e+15	3.13539478e-03
21999	284.70607797	880	6.48967552e-05	880.00000000	3.38831077e+15	3.51973780e+15	3.13560012e-03
22024	285.03073584	881	6.49705015e-05	881.00000000	3.38855520e+15	3.51998275e+15	3.13580493e-03
22049	285.35336778	882	6.50442478e-05	882.00000000	3.38879902e+15	3.52022707e+15	3.13600925e-03
22074	285.67822523	883	6.51179941e-05	883.00000000	3.38904222e+15	3.52047078e+15	3.13621306e-03
22099	286.00150968	884	6.51917404e-05	884.00000000	3.38928481e+15	3.52071388e+15	3.13641635e-03
22124	286.32517314	885	6.52654867e-05	885.00000000	3.38952680e+15	3.52095637e+15	3.13661913e-03
22149	286.64734809	886	6.53392330e-05	886.00000000	3.38976817e+15	3.52119825e+15	3.13682140e-03
22174	286.96938066	887	6.54129794e-05	887.00000000	3.39000892e+15	3.52143950e+15	3.13702316e-03
22199	287.29486204	888	6.54867257e-05	888.00000000	3.39024906e+15	3.52168014e+15	3.13722442e-03
22224	287.61779582	889	6.55604720e-05	889.00000000	3.39048856e+15	3.52192014e+15	3.13742517e-03
22249	287.94015766	890	6.56342183e-05	890.00000000	3.39072745e+15	3.52215952e+15	3.13762542e-03
22274	288.26267349	891	6.57079646e-05	891.00000000	3.39096571e+15	3.52239828e+15	3.13782516e-03
22299	288.58752008	892	6.57817109e-05	892.00000000	3.39120334e+15	3.52263640e+15	3.13802437e-03
22324	288.91260137	893	6.58554572e-05	893.00000000	3.39144033e+15	3.52287389e+15	3.13822305e-03
22349	289.23816104	894	6.59292035e-05	894.00000000	3.39167668e+15	3.52311074e+15	3.13842118e-03
22374	289.56367573	895	6.60029499e-05	895.00000000	3.39191239e+15	3.52334693e+15	3.13861878e-03
22399	289.88942633	896	6.60766962e-05	896.00000000	3.39214744e+15	3.52358248e+15	3.13881584e-03
22424	290.21577906	897	6.61504425e-05	897.00000000	3.39238186e+15	3.52381738e+15	3.13901235e-03
22449	290.54000121	898	6.62241888e-05	898.00000000	3.39261563e+15	3.52405164e+15	3.13920832e-03
22474	290.86511264	899	6.62979351e-05	899.00000000	3.39284875e+15	3.52428525e+15	3.13940375e-03
22499	291.18981701	900	6.63716814e-05	900.00000000	3.39308123e+15	3.52451822e+15	3.13959863e-03
22524	291.51592834	901	6.64454277e-05	901.00000000	3.39331305e+15	3.52475052e+15	3.13979298e-03
22549	291.83971698	902	6.65191740e-05	902.00000000	3.39354422e+15	3.52498217e+15	3.13998676e-03
22574	292.16526146	903	6.65929204e-05	903.00000000	3.39377474e+15	3.52521317e+15	3.14018000e-03
22599	292.49064473	904	6.66666667e-05	904.00000000	3.39400460e+15	3.52544350e+15	3.14037272e-03
22624	292.81533593	905	6.67404130e-05	905.00000000	3.39423380e+15	3.52567318e+15	3.14056487e-03
22649	293.13851811	906	6.68141593e-05	906.00000000	3.39446235e+15	3.52590221e+15	3.14075648e-03
22674	293.46104019	907	6.68879056e-05	907.00000000	3.39469025e+15	3.52613058e+15	3.14094754e-03
22699	293.78412603	908	6.69616519e-05	908.00000000	3.39491748e+15	3.52635829e+15	3.14113810e-03
22724	294.10663643	909	6.70353982e-05	909.00000000	3.39514402e+15	3.52658530e+15	3.14132813e-03
22749	294.43173785	910	6.71091445e-05	910.00000000	3.39536985e+15	3.52681160e+15	3.14151760e-03
22774	294.75759953	911	6.71828909e-05	911.00000000	3.39559498e+15	3.52703720e+15	3.14170649e-03
22799	295.08209700	912	6.72566372e-05	912.00000000	3.39581941e+15	3.52726209e+15	3.14189480e-03
22824	295.40748868	913	6.73303835e-05	913.00000000	3.39604313e+15	3.52748628e+15	3.14208250e-03
22849	295.73132616	914	6.74041298e-05	914.00000000	3.39626616e+15	3.52770977e+15	3.14226961e-03
22874	296.05432961	915	6.74778761e-05	915.00000000	3.39648849e+15	3.52793257e+15	3.14245618e-03
22899	296.37735594	916	6.75516224e-05	916.00000000	3.39671012e+15	3.52815466e+15	3.14264218e-03
22924	296.70073070	917	6.76253687e-05	917.00000000	3.39693106e+15	3.52837606e+15	3.14282759e-03
22949	297.02394701	918	6.76991150e-05	918.00000000	3.39715129e+15	3.52859675e+15	3.14301241e-03
22974	297.34757326	919	6.77728614e-05	919.00000000	3.39737083e+15	3.52881675e+15	3.14319665e-03
22999	297.67127165	920	6.78466077e-05	920.00000000	3.39758966e+15	3.52903603e+15	3.14338030e-03
23024	297.99607790	921	6.79203540e-05	921.00000000	3.39780778e+15	3.52925462e+15	3.14356338e-03
23049	298.32046446	922	6.79941003e-05	922.00000000	3.39802522e+15	3.52947250e+15	3.14374586e-03
23074	298.64310436	923	6.80678466e-05	923.00000000	3.39824196e+15	3.52968971e+15	3.14392775e-03
23099	298.96592061	924	6.81415929e-05	924.00000000	3.39845803e+15	3.52990622e+15	3.14410906e-03
23124	299.29198226	925	6.82153392e-05	925.00000000	3.39867341e+15	3.53012206e+15	3.14428980e-03
23149	299.61498471	926	6.82890855e-05	926.00000000	3.39888811e+15	3.53033720e+15	3.14446998e-03
23174	299.93889331	927	6.83628319e-05	927.00000000	3.39910210e+15	3.53055164e+15	3.14464958e-03
23199	300.26358866	928	6.84365782e-05	928.00000000	3.39931540e+15	3.53076538e+15	3.14482860e-03
23224	300.58678335	929	6.85103245e-05	929.00000000	3.39952797e+15	3.53097840e+15	3.14500707e-03
23249	300.91115047	930	6.85840708e-05	930.00000000	3.39973981e+15	3.53119068e+15	3.14518494e-03
23274	301.23453669	931	6.86578171e-05	931.00000000	3.39995092e+15	3.53140224e+15	3.14536220e-03
23299	301.55878946	932	6.87315634e-05	932.00000000	3.40016132e+15	3.53161308e+15	3.14553885e-03
23324	301.88297637	933	6.88053097e-05	933.00000000	3.40037099e+15	3.53182318e+15	3.14571492e-03
23349	302.20722000	934	6.88790560e-05	934.00000000	3.40057991e+15	3.53203254e+15	3.14589038e-03
23374	302.52997909	935	6.89528024e-05	935.00000000	3.40078811e+15	3.53224117e+15	3.14606524e-03
23399	302.85420907	936	6.90265487e-05	936.00000000	3.40099558e+15	3.53244908e+15	3.14623948e-03
23424	303.17875535	937	6.91002950e-05	937.00000000	3.40120234e+15	3.53265627e+15	3.14641311e-03
23449	303.50141051	938	6.91740413e-05	938.00000000	3.40140839e+15	3.53286275e+15	3.14658614e-03
23474	303.82466796	939	6.92477876e-05	939.00000000	3.40161372e+15	3.53306851e+15	3.14675858e-03
23499	304.14945360	940	6.93215339e-05	940.00000000	3.40181833e+15	3.53327355e+15	3.14693042e-03
23524	304.47329868	941	6.93952802e-05	941.00000000	3.40202223e+15	3.53347788e+15	3.14710167e-03
23549	304.79617289	942	6.94690265e-05	942.00000000	3.40222541e+15	3.53368149e+15	3.14727231e-03
23574	305.11861881	943	6.95427729e-05	943.00000000	3.40242789e+15	3.53388439e+15	3.14744236e-03
23599	305.44125799	944	6.96165192e-05	944.00000000	3.40262966e+15	3.53408658e+15	3.14761181e-03
23624	305.76406261	945	6.96902655e-05	945.00000000	3.40283073e+15	3.53428808e+15	3.14778067e-03
23649	306.08853562	946	6.97640118e-05	946.00000000	3.40303111e+15	3.53448888e+15	3.14794895e-03
23674	306.41251443	947	6.98377581e-05	947.00000000	3.40323080e+15	3.53468898e+15	3.14811665e-03
23699	306.73734566	948	6.99115044e-05	948.00000000	3.40342980e+15	3.53488840e+15	3.14828378e-03
23724	307.06233655	949	6.99852507e-05	949.00000000	3.40362811e+15	3.53508713e+15	3.14845035e-03
23749	307.38783884	950	7.00589971e-05	950.00000000	3.40382572e+15	3.53528516e+15	3.14861635e-03
23774	307.71066309	951	7.01327434e-05	951.00000000	3.40402265e+15	3.53548250e+15	3.14878177e-03
23799	308.03318306	952	7.02064897e-05	952.00000000	3.40421889e+15	3.53567916e+15	3.14894661e-03
23824	308.35747195	953	7.02802360e-05	953.00000000	3.40441446e+15	3.53587514e+15	3.14911087e-03
23849	308.68105103	954	7.03539823e-05	954.00000000	3.40460931e+15	3.53607040e+15	3.14927459e-03
23874	309.00585226	955	7.04277286e-05	955.00000000	3.40480346e+15	3.53626496e+15	3.14943773e-03
23899	309.33126867	956	7.05014749e-05	956.00000000	3.40499690e+15	3.53645882e+15	3.14960028e-03
23924	309.65469820	957	7.05752212e-05	957.00000000	3.40518966e+15	3.53665198e+15	3.14976224e-03
23949	309.98007349	958	7.06489676e-05	958.00000000	3.40538172e+15	3.53684445e+15	3.14992360e-03
23974	310.30367014	959	7.07227139e-05	959.00000000	3.40557310e+15	3.53703624e+15	3.15008438e-03
23999	310.62677339	960	7.07964602e-05	960.00000000	3.40576380e+15	3.53722735e+15	3.15024459e-03
24024	310.95301148	961	7.08702065e-05	961.00000000	3.40595383e+15	3.53741779e+15	3.15040426e-03
24049	311.27545484	962	7.09439528e-05	962.00000000	3.40614320e+15	3.53760756e+15	3.15056337e-03
24074	311.59864551	963	7.10176991e-05	963.00000000	3.40633190e+15	3.53779666e+15	3.15072193e-03
24099	311.92408013	964	7.10914454e-05	964.00000000	3.40651992e+15	3.53798508e+15	3.15087992e-03
24124	312.24802555	965	7.11651917e-05	965.00000000	3.40670728e+15	3.53817284e+15	3.15103735e-03
24149	312.57108069	966	7.12389381e-05	966.00000000	3.40689397e+15	3.53835994e+15	3.15119422e-03
24174	312.89366745	967	7.13126844e-05	967.00000000	3.40708001e+15	3.53854637e+15	3.15135054e-03
24199	313.21805634	968	7.13864307e-05	968.00000000	3.40726540e+15	3.53873216e+15	3.15150630e-03
24224	313.54080890	969	7.14601770e-05	969.00000000	3.40745015e+15	3.53891730e+15	3.15166152e-03
24249	313.86624680	970	7.15339233e-05	970.00000000	3.40763427e+15	3.53910183e+15	3.15181620e-03
24274	314.19055629	971	7.16076696e-05	971.00000000	3.40781778e+15	3.53928573e+15	3.15197036e-03
24299	314.51399996	972	7.16814159e-05	972.00000000	3.40800066e+15	3.53946900e+15	3.15212401e-03
24324	314.83879018	973	7.17551622e-05	973.00000000	3.40818291e+15	3.53965165e+15	3.15227714e-03
24349	315.16394037	974	7.18289086e-05	974.00000000	3.40836455e+15	3.53983367e+15	3.15242975e-03
24374	315.48905730	975	7.19026549e-05	975.00000000	3.40854556e+15	3.54001508e+15	3.15258183e-03
24399	315.81418955	976	7.19764012e-05	976.00000000	3.40872597e+15	3.54019587e+15	3.15273340e-03
24424	316.13960409	977	7.20501475e-05	977.00000000	3.40890577e+15	3.54037606e+15	3.15288446e-03
24449	316.46273218	978	7.21238938e-05	978.00000000	3.40908524e+15	3.54055569e+15	3.15303566e-03
24474	316.78613239	979	7.21976401e-05	979.00000000	3.40926403e+15	3.54073477e+15	3.15318614e-03
24499	317.11051171	980	7.22713864e-05	980.00000000	3.40944218e+15	3.54091328e+15	3.15333595e-03
24524	317.43503222	981	7.23451327e-05	981.00000000	3.40961972e+15	3.54109119e+15	3.15348520e-03
24549	317.75908250	982	7.24188791e-05	982.00000000	3.40979664e+15	3.54126850e+15	3.15363391e-03
24574	318.08265490	983	7.24926254e-05	983.00000000	3.40997296e+15	3.54144521e+15	3.15378209e-03
24599	318.40795955	984	7.25663717e-05	984.00000000	3.41014868e+15	3.54162132e+15	3.15392976e-03
24624	318.73138930	985	7.26401180e-05	985.00000000	3.41032381e+15	3.54179684e+15	3.15407694e-03
24649	319.05490903	986	7.27138643e-05	986.00000000	3.41049832e+15	3.54197174e+15	3.15422363e-03
24674	319.37760895	987	7.27876106e-05	987.00000000	3.41067223e+15	3.54214603e+15	3.15436979e-03
24699	319.70080904	988	7.28613569e-05	988.00000000	3.41084552e+15	3.54231972e+15	3.15451545e-03
24724	320.02368763	989	7.29351032e-05	989.00000000	3.41101822e+15	3.54249280e+15	3.15466059e-03
24749	320.34917920	990	7.30088496e-05	990.00000000	3.41119032e+15	3.54266528e+15	3.15480523e-03
24774	320.67316319	991	7.30825959e-05	991.00000000	3.41136183e+15	3.54283717e+15	3.15494937e-03
24799	320.99666140	992	7.31563422e-05	992.00000000	3.41153275e+15	3.54300846e+15	3.15509303e-03
24824	321.31987922	993	7.32300885e-05	993.00000000	3.41170307e+15	3.54317917e+15	3.15523620e-03
24849	321.64280420	994	7.33038348e-05	994.00000000	3.41187281e+15	3.54334928e+15	3.15537887e-03
24874	321.96647932	995	7.33775811e-05	995.00000000	3.41204197e+15	3.54351881e+15	3.15552105e-03
24899	322.29175900	996	7.34513274e-05	996.00000000	3.41221054e+15	3.54368776e+15	3.15566274e-03
24924	322.61552991	997	7.35250737e-05	997.00000000	3.41237852e+15	3.54385611e+15	3.15580395e-03
24949	322.93984919	998	7.35988201e-05	998.00000000	3.41254590e+15	3.54402386e+15	3.15594467e-03
24974	323.26352433	999	7.36725664e-05	999.00000000	3.41271270e+15	3.54419103e+15	3.15608488e-03
24999	323.58585003	1000	7.37463127e-05	1000.00000000	3.41287890e+15	3.54435760e+15	3.15622458e-03
25024	323.91088022	1001	7.38200590e-05	1001.00000000	3.41304453e+15	3.54452359e+15	3.15636381e-03
25049	324.23394146	1002	7.38938053e-05	1002.00000000	3.41320957e+15	3.54468900e+15	3.15650255e-03
25074	324.55660506	1003	7.39675516e-05	1003.00000000	3.41337405e+15	3.54485384e+15	3.15664080e-03
25099	324.88211414	1004	7.40412979e-05	1004.00000000	3.41353795e+15	3.54501811e+15	3.15677857e-03
25124	325.20663881	1005	7.41150442e-05	1005.00000000	3.41370130e+15	3.54518181e+15	3.15691585e-03
25149	325.53217583	1006	7.41887906e-05	1006.00000000	3.41386409e+15	3.54534497e+15	3.15705266e-03
25174	325.85582053	1007	7.42625369e-05	1007.00000000	3.41402633e+15	3.54550756e+15	3.15718902e-03
25199	326.17879257	1008	7.43362832e-05	1008.00000000	3.41418802e+15	3.54566961e+15	3.15732492e-03
25224	326.50212935	1009	7.44100295e-05	1009.00000000	3.41434916e+15	3.54583110e+15	3.15746035e-03
25249	326.82631390	1010	7.44837758e-05	1010.00000000	3.41450976e+15	3.54599206e+15	3.15759531e-03
25274	327.14968695	1011	7.45575221e-05	1011.00000000	3.41466983e+15	3.54615249e+15	3.15772982e-03
25299	327.47524180	1012	7.46312684e-05	1012.00000000	3.41482937e+15	3.54631238e+15	3.15786387e-03
25324	327.79939806	1013	7.47050147e-05	1013.00000000	3.41498840e+15	3.54647176e+15	3.15799749e-03
25349	328.12434557	1014	7.47787611e-05	1014.00000000	3.41514690e+15	3.54663062e+15	3.15813066e-03
25374	328.44921703	1015	7.48525074e-05	1015.00000000	3.41530490e+15	3.54678896e+15	3.15826340e-03
25399	328.77414741	1016	7.49262537e-05	1016.00000000	3.41546239e+15	3.54694681e+15	3.15839571e-03
25424	329.09950754	1017	7.50000000e-05	1017.00000000	3.41561940e+15	3.54710416e+15	3.15852759e-03
25449	329.42274599	1018	7.50737463e-05	1018.00000000	3.41577590e+15	3.54726101e+15	3.15865908e-03
25474	329.74630232	1019	7.51474926e-05	1019.00000000	3.41593190e+15	3.54741735e+15	3.15879015e-03
25499	330.07040623	1020	7.52212389e-05	1020.00000000	3.41608740e+15	3.54757319e+15	3.15892080e-03
25524	330.39510028	1021	7.52949853e-05	1021.00000000	3.41624240e+15	3.54772854e+15	3.15905103e-03
25549	330.71890504	1022	7.53687316e-05	1022.00000000	3.41639692e+15	3.54788340e+15	3.15918084e-03
25574	331.04006759	1023	7.54424779e-05	1023.00000000	3.41655095e+15	3.54803777e+15	3.15931025e-03
25599	331.36239214	1024	7.55162242e-05	1024.00000000	3.41670451e+15	3.54819167e+15	3.15943925e-03
25624	331.68320318	1025	7.55899705e-05	1025.00000000	3.41685758e+15	3.54834508e+15	3.15956785e-03
25649	332.00520199	1026	7.56637168e-05	1026.00000000	3.41701017e+15	3.54849801e+15	3.15969604e-03
25674	332.32587691	1027	7.57374631e-05	1027.00000000	3.41716228e+15	3.54865046e+15	3.15982383e-03
25699	332.64662252	1028	7.58112094e-05	1028.00000000	3.41731392e+15	3.54880243e+15	3.15995121e-03
25724	332.96720250	1029	7.58849558e-05	1029.00000000	3.41746510e+15	3.54895394e+15	3.16007818e-03
25749	333.28784739	1030	7.59587021e-05	1030.00000000	3.41761582e+15	3.54910500e+15	3.16020475e-03
25774	333.60838779	1031	7.60324484e-05	1031.00000000	3.41776609e+15	3.54925561e+15	3.16033093e-03
25799	333.92980261	1032	7.61061947e-05	1032.00000000	3.41791592e+15	3.54940577e+15	3.16045673e-03
25824	334.25245534	1033	7.61799410e-05	1033.00000000	3.41806531e+15	3.54955549e+15	3.16058216e-03
25849	334.57396765	1034	7.62536873e-05	1034.00000000	3.41821427e+15	3.54970478e+15	3.16070722e-03
25874	334.89554843	1035	7.63274336e-05	1035.00000000	3.41836279e+15	3.54985363e+15	3.16083191e-03
25899	335.21728102	1036	7.64011799e-05	1036.00000000	3.41851089e+15	3.55000206e+15	3.16095623e-03
25924	335.53776046	1037	7.64749263e-05	1037.00000000	3.41865857e+15	3.55015007e+15	3.16108020e-03
25949	335.85830514	1038	7.65486726e-05	1038.00000000	3.41880583e+15	3.55029765e+15	3.16120381e-03
25974	336.17906386	1039	7.66224189e-05	1039.00000000	3.41895267e+15	3.55044481e+15	3.16132707e-03
25999	336.49970856	1040	7.66961652e-05	1040.00000000	3.41909909e+15	3.55059156e+15	3.16144997e-03
26024	336.82407895	1041	7.67699115e-05	1041.00000000	3.41924509e+15	3.55073789e+15	3.16157253e-03
26049	337.14637468	1042	7.68436578e-05	1042.00000000	3.41939069e+15	3.55088380e+15	3.16169473e-03
26074	337.46821904	1043	7.69174041e-05	1043.00000000	3.41953587e+15	3.55102931e+15	3.16181659e-03
26099	337.78922352	1044	7.69911504e-05	1044.00000000	3.41968064e+15	3.55117440e+15	3.16193810e-03
26124	338.11236415	1045	7.70648968e-05	1045.00000000	3.41982500e+15	3.55131908e+15	3.16205927e-03
26149	338.43628791	1046	7.71386431e-05	1046.00000000	3.41996895e+15	3.55146335e+15	3.16218010e-03
26174	338.76050069	1047	7.72123894e-05	1047.00000000	3.42011247e+15	3.55160719e+15	3.16230061e-03
26199	339.08499545	1048	7.72861357e-05	1048.00000000	3.42025558e+15	3.55175061e+15	3.16242076e-03
26224	339.41026021	1049	7.73598820e-05	1049.00000000	3.42039826e+15	3.55189361e+15	3.16254056e-03
26249	339.73590843	1050	7.74336283e-05	1050.00000000	3.42054054e+15	3.55203620e+15	3.16266000e-03
26274	340.05955392	1051	7.75073746e-05	1051.00000000	3.42068241e+15	3.55217838e+15	3.16277909e-03
26299	340.38315633	1052	7.75811209e-05	1052.00000000	3.42082388e+15	3.55232017e+15	3.16289783e-03
26324	340.70670162	1053	7.76548673e-05	1053.00000000	3.42096497e+15	3.55246157e+15	3.16301625e-03
26349	341.03072621	1054	7.77286136e-05	1054.00000000	3.42110567e+15	3.55260259e+15	3.16313434e-03
26374	341.35527943	1055	7.78023599e-05	1055.00000000	3.42124599e+15	3.55274322e+15	3.16325211e-03
26399	341.67779792	1056	7.78761062e-05	1056.00000000	3.42138593e+15	3.55288347e+15	3.16336954e-03
26424	342.00237304	1057	7.79498525e-05	1057.00000000	3.42152549e+15	3.55302333e+15	3.16348665e-03
26449	342.32716718	1058	7.80235988e-05	1058.00000000	3.42166466e+15	3.55316281e+15	3.16360344e-03
26474	342.65127257	1059	7.80973451e-05	1059.00000000	3.42180346e+15	3.55330192e+15	3.16371992e-03
26499	342.97410591	1060	7.81710914e-05	1060.00000000	3.42194188e+15	3.55344064e+15	3.16383610e-03
26524	343.29681933	1061	7.82448378e-05	1061.00000000	3.42207992e+15	3.55357899e+15	3.16395195e-03
26549	343.62170297	1062	7.83185841e-05	1062.00000000	3.42221760e+15	3.55371698e+15	3.16406749e-03
26574	343.94554547	1063	7.83923304e-05	1063.00000000	3.42235490e+15	3.55385458e+15	3.16418272e-03
26599	344.26983447	1064	7.84660767e-05	1064.00000000	3.42249182e+15	3.55399181e+15	3.16429764e-03
26624	344.59504485	1065	7.85398230e-05	1065.00000000	3.42262837e+15	3.55412866e+15	3.16441224e-03
26649	344.91830258	1066	7.86135693e-05	1066.00000000	3.42276454e+15	3.55426513e+15	3.16452652e-03
26674	345.24074830	1067	7.86873156e-05	1067.00000000	3.42290034e+15	3.55440123e+15	3.16464049e-03
26699	345.56640526	1068	7.87610619e-05	1068.00000000	3.42303576e+15	3.55453695e+15	3.16475415e-03
26724	345.89218654	1069	7.88348083e-05	1069.00000000	3.42317079e+15	3.55467228e+15	3.16486748e-03
26749	346.21676907	1070	7.89085546e-05	1070.00000000	3.42330545e+15	3.55480724e+15	3.16498049e-03
26774	346.54146568	1071	7.89823009e-05	1071.00000000	3.42343973e+15	3.55494182e+15	3.16509318e-03
26799	346.86542973	1072	7.90560472e-05	1072.00000000	3.42357364e+15	3.55507602e+15	3.16520556e-03
26824	347.18913661	1073	7.91297935e-05	1073.00000000	3.42370716e+15	3.55520984e+15	3.16531763e-03
26849	347.51207060	1074	7.92035398e-05	1074.00000000	3.42384031e+15	3.55534329e+15	3.16542939e-03
26874	347.83498519	1075	7.92772861e-05	1075.00000000	3.42397308e+15	3.55547635e+15	3.16554083e-03
26899	348.15780699	1076	7.93510324e-05	1076.00000000	3.42410547e+15	3.55560904e+15	3.16565196e-03
26924	348.48096173	1077	7.94247788e-05	1077.00000000	3.42423749e+15	3.55574135e+15	3.16576277e-03
26949	348.80357760	1078	7.94985251e-05	1078.00000000	3.42436914e+15	3.55587330e+15	3.16587327e-03
26974	349.12804360	1079	7.95722714e-05	1079.00000000	3.42450042e+15	3.55600487e+15	3.16598346e-03
26999	349.45150660	1080	7.96460177e-05	1080.00000000	3.42463133e+15	3.55613607e+15	3.16609335e-03
27024	349.77782041	1081	7.97197640e-05	1081.00000000	3.42476187e+15	3.55626690e+15	3.16620293e-03
27049	350.10274616	1082	7.97935103e-05	1082.00000000	3.42489203e+15	3.55639735e+15	3.16631221e-03
27074	350.42528084	1083	7.98672566e-05	1083.00000000	3.42502181e+15	3.55652742e+15	3.16642116e-03
27099	350.74894059	1084	7.99410029e-05	1084.00000000	3.42515122e+15	3.55665712e+15	3.16652980e-03
27124	351.07273539	1085	8.00147493e-05	1085.00000000	3.42528026e+15	3.55678644e+15	3.16663813e-03
27149	351.39727680	1086	8.00884956e-05	1086.00000000	3.42540893e+15	3.55691540e+15	3.16674616e-03
27174	351.72108744	1087	8.01622419e-05	1087.00000000	3.42553723e+15	3.55704399e+15	3.16685388e-03
27199	352.04514411	1088	8.02359882e-05	1088.00000000	3.42566517e+15	3.55717221e+15	3.16696129e-03
27224	352.36987506	1089	8.03097345e-05	1089.00000000	3.42579274e+15	3.55730006e+15	3.16706839e-03
27249	352.69252924	1090	8.03834808e-05	1090.00000000	3.42591994e+15	3.55742755e+15	3.16717519e-03
27274	353.01495366	1091	8.04572271e-05	1091.00000000	3.42604679e+15	3.55755468e+15	3.16728168e-03
27299	353.33896515	1092	8.05309735e-05	1092.00000000	3.42617327e+15	3.55768145e+15	3.16738787e-03
27324	353.66342197	1093	8.06047198e-05	1093.00000000	3.42629941e+15	3.55780786e+15	3.16749376e-03
27349	353.98653110	1094	8.06784661e-05	1094.00000000	3.42642519e+15	3.55793393e+15	3.16759933e-03
27374	354.31175044	1095	8.07522124e-05	1095.00000000	3.42655062e+15	3.55805964e+15	3.16770461e-03
27399	354.63709056	1096	8.08259587e-05	1096.00000000	3.42667571e+15	3.55818501e+15	3.16780959e-03
27424	354.96102822	1097	8.08997050e-05	1097.00000000	3.42680044e+15	3.55831002e+15	3.16791428e-03
27449	355.28400478	1098	8.09734513e-05	1098.00000000	3.42692483e+15	3.55843469e+15	3.16801868e-03
27474	355.60663152	1099	8.10471976e-05	1099.00000000	3.42704888e+15	3.55855901e+15	3.16812278e-03
27499	355.92951836	1100	8.11209440e-05	1100.00000000	3.42717259e+15	3.55868300e+15	3.16822659e-03
27524	356.25207861	1101	8.11946903e-05	1101.00000000	3.42729595e+15	3.55880664e+15	3.16833012e-03
27549	356.57532546	1102	8.12684366e-05	1102.00000000	3.42741899e+15	3.55892996e+15	3.16843336e-03
27574	356.89893266	1103	8.13421829e-05	1103.00000000	3.42754170e+15	3.55905294e+15	3.16853633e-03
27599	357.22169500	1104	8.14159292e-05	1104.00000000	3.42766409e+15	3.55917560e+15	3.16863902e-03
27624	357.54692645	1105	8.14896755e-05	1105.00000000	3.42778614e+15	3.55929793e+15	3.16874144e-03
27649	357.87056680	1106	8.15634218e-05	1106.00000000	3.42790787e+15	3.55941993e+15	3.16884358e-03
27674	358.19420256	1107	8.16371681e-05	1107.00000000	3.42802928e+15	3.55954161e+15	3.16894545e-03
27699	358.51684047	1108	8.17109145e-05	1108.00000000	3.42815036e+15	3.55966296e+15	3.16904705e-03
27724	358.83946587	1109	8.17846608e-05	1109.00000000	3.42827111e+15	3.55978398e+15	3.16914837e-03
27749	359.16404169	1110	8.18584071e-05	1110.00000000	3.42839154e+15	3.55990467e+15	3.16924941e-03
27774	359.48742250	1111	8.19321534e-05	1111.00000000	3.42851165e+15	3.56002505e+15	3.16935019e-03
27799	359.81149184	1112	8.20058997e-05	1112.00000000	3.42863144e+15	3.56014511e+15	3.16945070e-03
27824	360.13679208	1113	8.20796460e-05	1113.00000000	3.42875091e+15	3.56026485e+15	3.16955094e-03
27849	360.46026052	1114	8.21533923e-05	1114.00000000	3.42887007e+15	3.56038428e+15	3.16965092e-03
27874	360.78425253	1115	8.22271386e-05	1115.00000000	3.42898891e+15	3.56050339e+15	3.16975063e-03
27899	361.10715255	1116	8.23008850e-05	1116.00000000	3.42910744e+15	3.56062218e+15	3.16985008e-03
27924	361.42976569	1117	8.23746313e-05	1117.00000000	3.42922566e+15	3.56074067e+15	3.16994928e-03
27949	361.75366138	1118	8.24483776e-05	1118.00000000	3.42934358e+15	3.56085884e+15	3.17004821e-03
27974	362.07678960	1119	8.25221239e-05	1119.00000000	3.42946118e+15	3.56097671e+15	3.17014688e-03
27999	362.39941054	1120	8.25958702e-05	1120.00000000	3.42957848e+15	3.56109427e+15	3.17024528e-03
28024	362.72374501	1121	8.26696165e-05	1121.00000000	3.42969548e+15	3.56121153e+15	3.17034343e-03
28049	363.04758404	1122	8.27433628e-05	1122.00000000	3.42981217e+15	3.56132849e+15	3.17044133e-03
28074	363.37279535	1123	8.28171091e-05	1123.00000000	3.42992857e+15	3.56144515e+15	3.17053898e-03
28099	363.69731722	1124	8.28908555e-05	1124.00000000	3.43004467e+15	3.56156151e+15	3.17063637e-03
28124	364.02072198	1125	8.29646018e-05	1125.00000000	3.43016047e+15	3.56167757e+15	3.17073351e-03
28149	364.34419566	1126	8.30383481e-05	1126.00000000	3.43027598e+15	3.56179333e+15	3.17083040e-03
28174	364.66732735	1127	8.31120944e-05	1127.00000000	3.43039119e+15	3.56190880e+15	3.17092704e-03
28199	364.99009211	1128	8.31858407e-05	1128.00000000	3.43050610e+15	3.56202397e+15	3.17102344e-03
28224	365.31279995	1129	8.32595870e-05	1129.00000000	3.43062071e+15	3.56213884e+15	3.17111959e-03
28249	365.63673152	1130	8.33333333e-05	1130.00000000	3.43073503e+15	3.56225342e+15	3.17121549e-03
28274	365.96096309	1131	8.34070796e-05	1131.00000000	3.43084906e+15	3.56236770e+15	3.17131115e-03
28299	366.28506853	1132	8.34808260e-05	1132.00000000	3.43096279e+15	3.56248168e+15	3.17140656e-03
28324	366.60967290	1133	8.35545723e-05	1133.00000000	3.43107623e+15	3.56259538e+15	3.17150172e-03
28349	366.93321418	1134	8.36283186e-05	1134.00000000	3.43118938e+15	3.56270878e+15	3.17159664e-03
28374	367.25565700	1135	8.37020649e-05	1135.00000000	3.43130224e+15	3.56282189e+15	3.17169131e-03
28399	367.57934030	1136	8.37758112e-05	1136.00000000	3.43141481e+15	3.56293471e+15	3.17178574e-03
28424	367.90182551	1137	8.38495575e-05	1137.00000000	3.43152710e+15	3.56304725e+15	3.17187992e-03
28449	368.22432978	1138	8.39233038e-05	1138.00000000	3.43163911e+15	3.56315951e+15	3.17197387e-03
28474	368.54667632	1139	8.39970501e-05	1139.00000000	3.43175083e+15	3.56327148e+15	3.17206757e-03
28499	368.87045847	1140	8.40707965e-05	1140.00000000	3.43186227e+15	3.56338317e+15	3.17216104e-03
28524	369.19375799	1141	8.41445428e-05	1141.00000000	3.43197343e+15	3.56349458e+15	3.17225428e-03
28549	369.51801544	1142	8.42182891e-05	1142.00000000	3.43208432e+15	3.56360571e+15	3.17234728e-03
28574	369.84217781	1143	8.42920354e-05	1143.00000000	3.43219492e+15	3.56371656e+15	3.17244004e-03
28599	370.16621258	1144	8.43657817e-05	1144.00000000	3.43230524e+15	3.56382714e+15	3.17253257e-03
28624	370.48977037	1145	8.44395280e-05	1145.00000000	3.43241529e+15	3.56393743e+15	3.17262487e-03
28649	370.81346068	1146	8.45132743e-05	1146.00000000	3.43252507e+15	3.56404745e+15	3.17271694e-03
28674	371.13692850	1147	8.45870206e-05	1147.00000000	3.43263457e+15	3.56415720e+15	3.17280878e-03
28699	371.46023273	1148	8.46607670e-05	1148.00000000	3.43274379e+15	3.56426667e+15	3.17290040e-03
28724	371.78281810	1149	8.47345133e-05	1149.00000000	3.43285275e+15	3.56437587e+15	3.17299179e-03
28749	372.10636411	1150	8.48082596e-05	1150.00000000	3.43296143e+15	3.56448479e+15	3.17308295e-03
28774	372.42955911	1151	8.48820059e-05	1151.00000000	3.43306983e+15	3.56459343e+15	3.17317390e-03
28799	372.75245372	1152	8.49557522e-05	1152.00000000	3.43317796e+15	3.56470180e+15	3.17326461e-03
28824	373.07566354	1153	8.50294985e-05	1153.00000000	3.43328580e+15	3.56480989e+15	3.17335509e-03
28849	373.39878768	1154	8.51032448e-05	1154.00000000	3.43339338e+15	3.56491770e+15	3.17344534e-03
28874	373.72178924	1155	8.51769912e-05	1155.00000000	3.43350068e+15	3.56502524e+15	3.17353536e-03
28899	374.04451103	1156	8.52507375e-05	1156.00000000	3.43360770e+15	3.56513251e+15	3.17362514e-03
28924	374.36709094	1157	8.53244838e-05	1157.00000000	3.43371446e+15	3.56523950e+15	3.17371470e-03
28949	374.69124717	1158	8.53982301e-05	1158.00000000	3.43382094e+15	3.56534622e+15	3.17380403e-03
28974	375.01518269	1159	8.54719764e-05	1159.00000000	3.43392715e+15	3.56545267e+15	3.17389313e-03
28999	375.33931927	1160	8.55457227e-05	1160.00000000	3.43403309e+15	3.56555885e+15	3.17398201e-03
29024	375.66446034	1161	8.56194690e-05	1161.00000000	3.43413877e+15	3.56566476e+15	3.17407066e-03
29049	375.98786238	1162	8.56932153e-05	1162.00000000	3.43424419e+15	3.56577042e+15	3.17415909e-03
29074	376.31154434	1163	8.57669617e-05	1163.00000000	3.43434933e+15	3.56587580e+15	3.17424731e-03
29099	376.63412628	1164	8.58407080e-05	1164.00000000	3.43445422e+15	3.56598092e+15	3.17433531e-03
29124	376.95722342	1165	8.59144543e-05	1165.00000000	3.43455884e+15	3.56608577e+15	3.17442310e-03
29149	377.28112974	1166	8.59882006e-05	1166.00000000	3.43466320e+15	3.56619037e+15	3.17451067e-03
29174	377.60508441	1167	8.60619469e-05	1167.00000000	3.43476730e+15	3.56629470e+15	3.17459802e-03
29199	377.92943333	1168	8.61356932e-05	1168.00000000	3.43487113e+15	3.56639877e+15	3.17468515e-03
29224	378.25274107	1169	8.62094395e-05	1169.00000000	3.43497471e+15	3.56650257e+15	3.17477206e-03
29249	378.57630259	1170	8.62831858e-05	1170.00000000	3.43507801e+15	3.56660611e+15	3.17485875e-03
29274	378.89969056	1171	8.63569322e-05	1171.00000000	3.43518106e+15	3.56670939e+15	3.17494522e-03
29299	379.22292241	1172	8.64306785e-05	1172.00000000	3.43528384e+15	3.56681240e+15	3.17503147e-03
29324	379.54622600	1173	8.65044248e-05	1173.00000000	3.43538635e+15	3.56691515e+15	3.17511751e-03
29349	379.86830752	1174	8.65781711e-05	1174.00000000	3.43548861e+15	3.56701763e+15	3.17520333e-03
29374	380.19137743	1175	8.66519174e-05	1175.00000000	3.43559061e+15	3.56711986e+15	3.17528893e-03
29399	380.51480011	1176	8.67256637e-05	1176.00000000	3.43569234e+15	3.56722182e+15	3.17537431e-03
29424	380.83782318	1177	8.67994100e-05	1177.00000000	3.43579382e+15	3.56732353e+15	3.17545947e-03
29449	381.16117055	1178	8.68731563e-05	1178.00000000	3.43589504e+15	3.56742498e+15	3.17554442e-03
29474	381.48371637	1179	8.69469027e-05	1179.00000000	3.43599601e+15	3.56752617e+15	3.17562914e-03
29499	381.80597963	1180	8.70206490e-05	1180.00000000	3.43609674e+15	3.56762712e+15	3.17571365e-03
29524	382.12828866	1181	8.70943953e-05	1181.00000000	3.43619720e+15	3.56772781e+15	3.17579795e-03
29549	382.45216687	1182	8.71681416e-05	1182.00000000	3.43629740e+15	3.56782824e+15	3.17588203e-03
29574	382.77503150	1183	8.72418879e-05	1183.00000000	3.43639734e+15	3.56792841e+15	3.17596590e-03
29599	383.09731518	1184	8.73156342e-05	1184.00000000	3.43649703e+15	3.56802831e+15	3.17604955e-03
29624	383.42063309	1185	8.73893805e-05	1185.00000000	3.43659645e+15	3.56812796e+15	3.17613299e-03
29649	383.74613062	1186	8.74631268e-05	1186.00000000	3.43669562e+15	3.56822735e+15	3.17621620e-03
29674	384.06983232	1187	8.75368732e-05	1187.00000000	3.43679453e+15	3.56832649e+15	3.17629921e-03
29699	384.39375181	1188	8.76106195e-05	1188.00000000	3.43689319e+15	3.56842537e+15	3.17638200e-03
29724	384.71490963	1189	8.76843658e-05	1189.00000000	3.43699159e+15	3.56852399e+15	3.17646457e-03
29749	385.03618108	1190	8.77581121e-05	1190.00000000	3.43708974e+15	3.56862236e+15	3.17654694e-03
29774	385.35739439	1191	8.78318584e-05	1191.00000000	3.43718764e+15	3.56872048e+15	3.17662909e-03
29799	385.67803326	1192	8.79056047e-05	1192.00000000	3.43728528e+15	3.56881834e+15	3.17671103e-03
29824	385.99992452	1193	8.79793510e-05	1193.00000000	3.43738267e+15	3.56891596e+15	3.17679277e-03
29849	386.32124387	1194	8.80530973e-05	1194.00000000	3.43747982e+15	3.56901332e+15	3.17687429e-03
29874	386.64325748	1195	8.81268437e-05	1195.00000000	3.43757671e+15	3.56911043e+15	3.17695561e-03
29899	386.96413962	1196	8.82005900e-05	1196.00000000	3.43767337e+15	3.56920730e+15	3.17703667e-03
29924	387.28531749	1197	8.82743363e-05	1197.00000000	3.43776977e+15	3.56930393e+15	3.17711756e-03
29949	387.60767714	1198	8.83480826e-05	1198.00000000	3.43786594e+15	3.56940031e+15	3.17719826e-03
29974	387.92894326	1199	8.84218289e-05	1199.00000000	3.43796186e+15	3.56949645e+15	3.17727876e-03
29999	388.25021061	1200	8.84955752e-05	1200.00000000	3.43805753e+15	3.56959234e+15	3.17735905e-03
30024	388.57348353	1201	8.85693215e-05	1201.00000000	3.43815296e+15	3.56968798e+15	3.17743916e-03
30049	388.89680864	1202	8.86430678e-05	1202.00000000	3.43824814e+15	3.56978338e+15	3.17751905e-03
30074	389.21930044	1203	8.87168142e-05	1203.00000000	3.43834307e+15	3.56987852e+15	3.17759874e-03
30099	389.54215514	1204	8.87905605e-05	1204.00000000	3.43843775e+15	3.56997342e+15	3.17767822e-03
30124	389.86527688	1205	8.88643068e-05	1205.00000000	3.43853218e+15	3.57006806e+15	3.17775749e-03
30149	390.19007700	1206	8.89380531e-05	1206.00000000	3.43862637e+15	3.57016247e+15	3.17783655e-03
30174	390.51384805	1207	8.90117994e-05	1207.00000000	3.43872031e+15	3.57025662e+15	3.17791541e-03
30199	390.83636444	1208	8.90855457e-05	1208.00000000	3.43881400e+15	3.57035053e+15	3.17799406e-03
30224	391.15957484	1209	8.91592920e-05	1209.00000000	3.43890745e+15	3.57044419e+15	3.17807250e-03
30249	391.48348553	1210	8.92330383e-05	1210.00000000	3.43900064e+15	3.57053759e+15	3.17815073e-03
30274	391.80734877	1211	8.93067847e-05	1211.00000000	3.43909358e+15	3.57063074e+15	3.17822875e-03
30299	392.13235380	1212	8.93805310e-05	1212.00000000	3.43918626e+15	3.57072364e+15	3.17830656e-03
30324	392.45573049	1213	8.94542773e-05	1213.00000000	3.43927870e+15	3.57081628e+15	3.17838417e-03
30349	392.78069068	1214	8.95280236e-05	1214.00000000	3.43937087e+15	3.57090866e+15	3.17846158e-03
30374	393.10411699	1215	8.96017699e-05	1215.00000000	3.43946279e+15	3.57100080e+15	3.17853877e-03
30399	393.42639317	1216	8.96755162e-05	1216.00000000	3.43955446e+15	3.57109267e+15	3.17861575e-03
30424	393.75065418	1217	8.97492625e-05	1217.00000000	3.43964588e+15	3.57118430e+15	3.17869252e-03
30449	394.07474491	1218	8.98230088e-05	1218.00000000	3.43973705e+15	3.57127568e+15	3.17876908e-03
30474	394.39958652	1219	8.98967552e-05	1219.00000000	3.43982797e+15	3.57136681e+15	3.17884542e-03
30499	394.72377825	1220	8.99705015e-05	1220.00000000	3.43991865e+15	3.57145769e+15	3.17892157e-03
30524	395.04657044	1221	9.00442478e-05	1221.00000000	3.44000907e+15	3.57154832e+15	3.17899750e-03
30549	395.37166004	1222	9.01179941e-05	1222.00000000	3.44009925e+15	3.57163871e+15	3.17907323e-03
30574	395.69493810	1223	9.01917404e-05	1223.00000000	3.44018919e+15	3.57172885e+15	3.17914875e-03
30599	396.01654783	1224	9.02654867e-05	1224.00000000	3.44027888e+15	3.57181874e+15	3.17922407e-03
30624	396.33832302	1225	9.03392330e-05	1225.00000000	3.44036831e+15	3.57190838e+15	3.17929918e-03
30649	396.66162989	1226	9.04129794e-05	1226.00000000	3.44045751e+15	3.57199778e+15	3.17937408e-03
30674	396.98422749	1227	9.04867257e-05	1227.00000000	3.44054645e+15	3.57208693e+15	3.17944877e-03
30699	397.30554022	1228	9.05604720e-05	1228.00000000	3.44063515e+15	3.57217583e+15	3.17952326e-03
30724	397.62699130	1229	9.06342183e-05	1229.00000000	3.44072361e+15	3.57226449e+15	3.17959754e-03
30749	397.95074170	1230	9.07079646e-05	1230.00000000	3.44081183e+15	3.57235291e+15	3.17967162e-03
30774	398.27616785	1231	9.07817109e-05	1231.00000000	3.44089980e+15	3.57244109e+15	3.17974550e-03
30799	398.60176781	1232	9.08554572e-05	1232.00000000	3.44098754e+15	3.57252902e+15	3.17981917e-03
30824	398.92654472	1233	9.09292035e-05	1233.00000000	3.44107504e+15	3.57261672e+15	3.17989265e-03
30849	399.24917240	1234	9.10029499e-05	1234.00000000	3.44116229e+15	3.57270417e+15	3.17996591e-03
30874	399.57294375	1235	9.10766962e-05	1235.00000000	3.44124932e+15	3.57279140e+15	3.18003898e-03
30899	399.89840431	1236	9.11504425e-05	1236.00000000	3.44133611e+15	3.57287839e+15	3.18011185e-03
30924	400.22303757	1237	9.12241888e-05	1237.00000000	3.44142267e+15	3.57296514e+15	3.18018453e-03
30949	400.54613044	1238	9.12979351e-05	1238.00000000	3.44150900e+15	3.57305167e+15	3.18025702e-03
30974	400.86996828	1239	9.13716814e-05	1239.00000000	3.44159509e+15	3.57313796e+15	3.18032931e-03
30999	401.19330485	1240	9.14454277e-05	1240.00000000	3.44168095e+15	3.57322401e+15	3.18040140e-03
31024	401.51830747	1241	9.15191740e-05	1241.00000000	3.44176658e+15	3.57330984e+15	3.18047331e-03
31049	401.84160757	1242	9.15929204e-05	1242.00000000	3.44185198e+15	3.57339543e+15	3.18054501e-03
31074	402.16636665	1243	9.16666667e-05	1243.00000000	3.44193715e+15	3.57348079e+15	3.18061653e-03
31099	402.49036908	1244	9.17404130e-05	1244.00000000	3.44202209e+15	3.57356592e+15	3.18068785e-03
31124	402.81269508	1245	9.18141593e-05	1245.00000000	3.44210680e+15	3.57365083e+15	3.18075898e-03
31149	403.13620657	1246	9.18879056e-05	1246.00000000	3.44219128e+15	3.57373551e+15	3.18082992e-03
31174	403.46050868	1247	9.19616519e-05	1247.00000000	3.44227554e+15	3.57381996e+15	3.18090067e-03
31199	403.78340735	1248	9.20353982e-05	1248.00000000	3.44235957e+15	3.57390418e+15	3.18097123e-03
31224	404.10541823	1249	9.21091445e-05	1249.00000000	3.44244338e+15	3.57398818e+15	3.18104160e-03
31249	404.42739443	1250	9.21828909e-05	1250.00000000	3.44252697e+15	3.57407195e+15	3.18111179e-03
31274	404.75231734	1251	9.22566372e-05	1251.00000000	3.44261033e+15	3.57415550e+15	3.18118179e-03
31299	405.07588422	1252	9.23303835e-05	1252.00000000	3.44269347e+15	3.57423883e+15	3.18125160e-03
31324	405.40075660	1253	9.24041298e-05	1253.00000000	3.44277639e+15	3.57432194e+15	3.18132123e-03
31349	405.72555030	1254	9.24778761e-05	1254.00000000	3.44285909e+15	3.57440483e+15	3.18139068e-03
31374	406.05050112	1255	9.25516224e-05	1255.00000000	3.44294157e+15	3.57448749e+15	3.18145995e-03
31399	406.37571780	1256	9.26253687e-05	1256.00000000	3.44302383e+15	3.57456994e+15	3.18152903e-03
31424	406.70067202	1257	9.26991150e-05	1257.00000000	3.44310586e+15	3.57465216e+15	3.18159793e-03
31449	407.02565864	1258	9.27728614e-05	1258.00000000	3.44318768e+15	3.57473416e+15	3.18166664e-03
31474	407.35058636	1259	9.28466077e-05	1259.00000000	3.44326927e+15	3.57481594e+15	3.18173516e-03
31499	407.67537365	1260	9.29203540e-05	1260.00000000	3.44335064e+15	3.57489749e+15	3.18180350e-03
31524	407.99888623	1261	9.29941003e-05	1261.00000000	3.44343179e+15	3.57497882e+15	3.18187165e-03
31549	408.32210678	1262	9.30678466e-05	1262.00000000	3.44351271e+15	3.57505993e+15	3.18193962e-03
31574	408.64587965	1263	9.31415929e-05	1263.00000000	3.44359342e+15	3.57514082e+15	3.18200740e-03
31599	408.97190082	1264	9.32153392e-05	1264.00000000	3.44367390e+15	3.57522149e+15	3.18207499e-03
31624	409.29645698	1265	9.32890855e-05	1265.00000000	3.44375417e+15	3.57530193e+15	3.18214240e-03
31649	409.62152016	1266	9.33628319e-05	1266.00000000	3.44383421e+15	3.57538216e+15	3.18220962e-03
31674	409.94448554	1267	9.34365782e-05	1267.00000000	3.44391405e+15	3.57546218e+15	3.18227666e-03
31699	410.27001483	1268	9.35103245e-05	1268.00000000	3.44399367e+15	3.57554197e+15	3.18234352e-03
31724	410.59312682	1269	9.35840708e-05	1269.00000000	3.44407307e+15	3.57562156e+15	3.18241020e-03
31749	410.91796203	1270	9.36578171e-05	1270.00000000	3.44415226e+15	3.57570093e+15	3.18247671e-03
31774	411.24076210	1271	9.37315634e-05	1271.00000000	3.44423124e+15	3.57578009e+15	3.18254303e-03
31799	411.56532087	1272	9.38053097e-05	1272.00000000	3.44431001e+15	3.57585903e+15	3.18260917e-03
31824	411.89050759	1273	9.38790560e-05	1273.00000000	3.44438857e+15	3.57593777e+15	3.18267514e-03
31849	412.21527550	1274	9.39528024e-05	1274.00000000	3.44446691e+15	3.57601629e+15	3.18274093e-03
31874	412.53933226	1275	9.40265487e-05	1275.00000000	3.44454504e+15	3.57609460e+15	3.18280655e-03
31899	412.86370556	1276	9.41002950e-05	1276.00000000	3.44462296e+15	3.57617269e+15	3.18287198e-03
31924	413.18770409	1277	9.41740413e-05	1277.00000000	3.44470067e+15	3.57625058e+15	3.18293724e-03
31949	413.51040736	1278	9.42477876e-05	1278.00000000	3.44477816e+15	3.57632824e+15	3.18300233e-03
31974	413.83374763	1279	9.43215339e-05	1279.00000000	3.44485544e+15	3.57640569e+15	3.18306724e-03
31999	414.15801828	1280	9.43952802e-05	1280.00000000	3.44493251e+15	3.57648293e+15	3.18313196e-03
32024	414.48272141	1281	9.44690265e-05	1281.00000000	3.44500963e+15	3.57656000e+15	3.18319717e-03
32049	414.80711351	1282	9.45427729e-05	1282.00000000	3.44508646e+15	3.57663691e+15	3.18326198e-03
32074	415.13177625	1283	9.46165192e-05	1283.00000000	3.44516305e+15	3.57671364e+15	3.18332644e-03
32099	415.45789430	1284	9.46902655e-05	1284.00000000	3.44523942e+15	3.57679017e+15	3.18339066e-03
32124	415.78088571	1285	9.47640118e-05	1285.00000000	3.44531556e+15	3.57686649e+15	3.18345466e-03
32149	416.10321550	1286	9.48377581e-05	1286.00000000	3.44539150e+15	3.57694260e+15	3.18351847e-03
32174	416.42791586	1287	9.49115044e-05	1287.00000000	3.44546722e+15	3.57701850e+15	3.18358210e-03
32199	416.75217162	1288	9.49852507e-05	1288.00000000	3.44554273e+15	3.57709419e+15	3.18364555e-03
32224	417.07543709	1289	9.50589971e-05	1289.00000000	3.44561803e+15	3.57716967e+15	3.18370882e-03
32249	417.39942633	1290	9.51327434e-05	1290.00000000	3.44569313e+15	3.57724494e+15	3.18377192e-03
32274	417.72412532	1291	9.52064897e-05	1291.00000000	3.44576802e+15	3.57732001e+15	3.18383484e-03
32299	418.04815942	1292	9.52802360e-05	1292.00000000	3.44584270e+15	3.57739487e+15	3.18389758e-03
32324	418.37206313	1293	9.53539823e-05	1293.00000000	3.44591718e+15	3.57746952e+15	3.18396015e-03
32349	418.69664588	1294	9.54277286e-05	1294.00000000	3.44599146e+15	3.57754397e+15	3.18402255e-03
32374	419.02088943	1295	9.55014749e-05	1295.00000000	3.44606553e+15	3.57761822e+15	3.18408477e-03
32399	419.34430348	1296	9.55752212e-05	1296.00000000	3.44613941e+15	3.57769227e+15	3.18414683e-03
32424	419.66640606	1297	9.56489676e-05	1297.00000000	3.44621309e+15	3.57776612e+15	3.18420872e-03
32449	419.99121246	1298	9.57227139e-05	1298.00000000	3.44628657e+15	3.57783977e+15	3.18427044e-03
32474	420.31589529	1299	9.57964602e-05	1299.00000000	3.44635985e+15	3.57791322e+15	3.18433199e-03
32499	420.63913462	1300	9.58702065e-05	1300.00000000	3.44643294e+15	3.57798647e+15	3.18439338e-03
32524	420.96290044	1301	9.59439528e-05	1301.00000000	3.44650583e+15	3.57805953e+15	3.18445460e-03
32549	421.28718129	1302	9.60176991e-05	1302.00000000	3.44657853e+15	3.57813239e+15	3.18451566e-03
32574	421.61338460	1303	9.60914454e-05	1303.00000000	3.44665103e+15	3.57820506e+15	3.18457655e-03
32599	421.93665010	1304	9.61651917e-05	1304.00000000	3.44672334e+15	3.57827753e+15	3.18463728e-03
32624	422.25992953	1305	9.62389381e-05	1305.00000000	3.44679545e+15	3.57834981e+15	3.18469785e-03
32649	422.58220999	1306	9.63126844e-05	1306.00000000	3.44686737e+15	3.57842189e+15	3.18475825e-03
32674	422.90516724	1307	9.63864307e-05	1307.00000000	3.44693910e+15	3.57849378e+15	3.18481849e-03
32699	423.22986590	1308	9.64601770e-05	1308.00000000	3.44701064e+15	3.57856548e+15	3.18487857e-03
32724	423.55347250	1309	9.65339233e-05	1309.00000000	3.44708197e+15	3.57863698e+15	3.18493848e-03
32749	423.87765614	1310	9.66076696e-05	1310.00000000	3.44715312e+15	3.57870829e+15	3.18499824e-03
32774	424.20345160	1311	9.66814159e-05	1311.00000000	3.44722407e+15	3.57877940e+15	3.18505783e-03
32799	424.52696272	1312	9.67551622e-05	1312.00000000	3.44729483e+15	3.57885032e+15	3.18511726e-03
32824	424.85093150	1313	9.68289086e-05	1313.00000000	3.44736540e+15	3.57892104e+15	3.18517654e-03
32849	425.17391148	1314	9.69026549e-05	1314.00000000	3.44743578e+15	3.57899158e+15	3.18523565e-03
32874	425.49693657	1315	9.69764012e-05	1315.00000000	3.44750597e+15	3.57906193e+15	3.18529460e-03
32899	425.81906696	1316	9.70501475e-05	1316.00000000	3.44757597e+15	3.57913208e+15	3.18535340e-03
32924	426.14317021	1317	9.71238938e-05	1317.00000000	3.44764577e+15	3.57920205e+15	3.18541204e-03
32949	426.46693772	1318	9.71976401e-05	1318.00000000	3.44771539e+15	3.57927182e+15	3.18547052e-03
32974	426.78935468	1319	9.72713864e-05	1319.00000000	3.44778482e+15	3.57934141e+15	3.18552884e-03
32999	427.11178656	1320	9.73451327e-05	1320.00000000	3.44785407e+15	3.57941081e+15	3.18558701e-03
33024	427.43754605	1321	9.74188791e-05	1321.00000000	3.44792313e+15	3.57948002e+15	3.18564502e-03
33049	427.76288238	1322	9.74926254e-05	1322.00000000	3.44799200e+15	3.57954905e+15	3.18570287e-03
33074	428.08636781	1323	9.75663717e-05	1323.00000000	3.44806069e+15	3.57961790e+15	3.18576057e-03
33099	428.40932454	1324	9.76401180e-05	1324.00000000	3.44812920e+15	3.57968655e+15	3.18581811e-03
33124	428.73458610	1325	9.77138643e-05	1325.00000000	3.44819752e+15	3.57975503e+15	3.18587550e-03
33149	429.05914700	1326	9.77876106e-05	1326.00000000	3.44826565e+15	3.57982332e+15	3.18593273e-03
33174	429.38397769	1327	9.78613569e-05	1327.00000000	3.44833360e+15	3.57989142e+15	3.18598982e-03
33199	429.70713258	1328	9.79351032e-05	1328.00000000	3.44840137e+15	3.57995933e+15	3.18604675e-03
33224	430.02926602	1329	9.80088496e-05	1329.00000000	3.44846895e+15	3.58002706e+15	3.18610353e-03
33249	430.35178174	1330	9.80825959e-05	1330.00000000	3.44853634e+15	3.58009461e+15	3.18616015e-03
33274	430.67685159	1331	9.81563422e-05	1331.00000000	3.44860356e+15	3.58016197e+15	3.18621662e-03
33299	431.00051995	1332	9.82300885e-05	1332.00000000	3.44867059e+15	3.58022915e+15	3.18627293e-03
33324	431.32413477	1333	9.83038348e-05	1333.00000000	3.44873744e+15	3.58029616e+15	3.18632909e-03
33349	431.65025632	1334	9.83775811e-05	1334.00000000	3.44880412e+15	3.58036298e+15	3.18638509e-03
33374	431.97555974	1335	9.84513274e-05	1335.00000000	3.44887062e+15	3.58042963e+15	3.18644095e-03
33399	432.29915524	1336	9.85250737e-05	1336.00000000	3.44893694e+15	3.58049609e+15	3.18649666e-03
33424	432.62360496	1337	9.85988201e-05	1337.00000000	3.44900308e+15	3.58056239e+15	3.18655222e-03
33449	432.94930058	1338	9.86725664e-05	1338.00000000	3.44906905e+15	3.58062850e+15	3.18660763e-03
33474	433.27348891	1339	9.87463127e-05	1339.00000000	3.44913484e+15	3.58069444e+15	3.18666289e-03
33499	433.59797549	1340	9.88200590e-05	1340.00000000	3.44920046e+15	3.58076020e+15	3.18671801e-03
33524	433.92091992	1341	9.88938053e-05	1341.00000000	3.44926590e+15	3.58082579e+15	3.18677298e-03
33549	434.24393207	1342	9.89675516e-05	1342.00000000	3.44933117e+15	3.58089121e+15	3.18682781e-03
33574	434.56656870	1343	9.90412979e-05	1343.00000000	3.44939627e+15	3.58095645e+15	3.18688249e-03
33599	434.89107423	1344	9.91150442e-05	1344.00000000	3.44946119e+15	3.58102152e+15	3.18693703e-03
33624	435.21539487	1345	9.91887906e-05	1345.00000000	3.44952595e+15	3.58108641e+15	3.18699144e-03
33649	435.53992991	1346	9.92625369e-05	1346.00000000	3.44959053e+15	3.58115114e+15	3.18704570e-03
33674	435.86334940	1347	9.93362832e-05	1347.00000000	3.44965494e+15	3.58121569e+15	3.18709981e-03
33699	436.18679456	1348	9.94100295e-05	1348.00000000	3.44971918e+15	3.58128007e+15	3.18715379e-03
33724	436.50922730	1349	9.94837758e-05	1349.00000000	3.44978324e+15	3.58134428e+15	3.18720761e-03
33749	436.83287458	1350	9.95575221e-05	1350.00000000	3.44984714e+15	3.58140832e+15	3.18726130e-03
33774	437.15686282	1351	9.96312684e-05	1351.00000000	3.44991086e+15	3.58147218e+15	3.18731483e-03
33799	437.47993416	1352	9.97050147e-05	1352.00000000	3.44997440e+15	3.58153587e+15	3.18736823e-03
33824	437.80267469	1353	9.97787611e-05	1353.00000000	3.45003778e+15	3.58159939e+15	3.18742148e-03
33849	438.12537743	1354	9.98525074e-05	1354.00000000	3.45010099e+15	3.58166274e+15	3.18747458e-03
33874	438.44914127	1355	9.99262537e-05	1355.00000000	3.45016403e+15	3.58172591e+15	3.18752755e-03
33899	438.77177652	1356	1.00000000e-04	1356.00000000	3.45022690e+15	3.58178892e+15	3.18758037e-03
33924	439.09619868	1357	1.00073746e-04	1357.00000000	3.45028960e+15	3.58185176e+15	3.18763305e-03
33949	439.42207620	1358	1.00147493e-04	1358.00000000	3.45035213e+15	3.58191443e+15	3.18768558e-03
33974	439.74578487	1359	1.00221239e-04	1359.00000000	3.45041449e+15	3.58197694e+15	3.18773798e-03
33999	440.07100411	1360	1.00294985e-04	1360.00000000	3.45047670e+15	3.58203927e+15	3.18779024e-03
34024	440.39693695	1361	1.00368732e-04	1361.00000000	3.45053873e+15	3.58210145e+15	3.18784236e-03
34049	440.72067654	1362	1.00442478e-04	1362.00000000	3.45060061e+15	3.58216346e+15	3.18789434e-03
34074	441.04385236	1363	1.00516224e-04	1363.00000000	3.45066232e+15	3.58222531e+15	3.18794619e-03
34099	441.36676513	1364	1.00589971e-04	1364.00000000	3.45072387e+15	3.58228699e+15	3.18799790e-03
34124	441.69018675	1365	1.00663717e-04	1365.00000000	3.45078525e+15	3.58234852e+15	3.18804947e-03
34149	442.01496740	1366	1.00737463e-04	1366.00000000	3.45084648e+15	3.58240988e+15	3.18810091e-03
34174	442.33925553	1367	1.00811209e-04	1367.00000000	3.45090755e+15	3.58247108e+15	3.18815221e-03
34199	442.66285615	1368	1.00884956e-04	1368.00000000	3.45096845e+15	3.58253212e+15	3.18820338e-03
34224	442.98568553	1369	1.00958702e-04	1369.00000000	3.45102920e+15	3.58259300e+15	3.18825441e-03
34249	443.31023915	1370	1.01032448e-04	1370.00000000	3.45108979e+15	3.58265373e+15	3.18830531e-03
34274	443.63366266	1371	1.01106195e-04	1371.00000000	3.45115022e+15	3.58271429e+15	3.18835608e-03
34299	443.95766754	1372	1.01179941e-04	1372.00000000	3.45121049e+15	3.58277470e+15	3.18840672e-03
34324	444.28180199	1373	1.01253687e-04	1373.00000000	3.45127061e+15	3.58283495e+15	3.18845722e-03
34349	444.60538852	1374	1.01327434e-04	1374.00000000	3.45133057e+15	3.58289504e+15	3.18850760e-03
34374	444.92910256	1375	1.01401180e-04	1375.00000000	3.45139037e+15	3.58295498e+15	3.18855784e-03
34399	445.25308491	1376	1.01474926e-04	1376.00000000	3.45145002e+15	3.58301476e+15	3.18860795e-03
34424	445.57540499	1377	1.01548673e-04	1377.00000000	3.45150951e+15	3.58307438e+15	3.18865793e-03
34449	445.89778867	1378	1.01622419e-04	1378.00000000	3.45156886e+15	3.58313386e+15	3.18870778e-03
34474	446.22175521	1379	1.01696165e-04	1379.00000000	3.45162805e+15	3.58319318e+15	3.18875751e-03
34499	446.54579974	1380	1.01769912e-04	1380.00000000	3.45168708e+15	3.58325235e+15	3.18880710e-03
34524	446.86926422	1381	1.01843658e-04	1381.00000000	3.45174597e+15	3.58331137e+15	3.18885657e-03
34549	447.19305468	1382	1.01917404e-04	1382.00000000	3.45180471e+15	3.58337023e+15	3.18890592e-03
34574	447.51883561	1383	1.01991150e-04	1383.00000000	3.45186329e+15	3.58342895e+15	3.18895514e-03
34599	447.84357078	1384	1.02064897e-04	1384.00000000	3.45192173e+15	3.58348751e+15	3.18900423e-03
34624	448.16850494	1385	1.02138643e-04	1385.00000000	3.45198002e+15	3.58354593e+15	3.18905319e-03
34649	448.49223958	1386	1.02212389e-04	1386.00000000	3.45203816e+15	3.58360420e+15	3.18910203e-03
34674	448.81684690	1387	1.02286136e-04	1387.00000000	3.45209615e+15	3.58366232e+15	3.18915075e-03
34699	449.14199054	1388	1.02359882e-04	1388.00000000	3.45215399e+15	3.58372029e+15	3.18919934e-03
34724	449.46508330	1389	1.02433628e-04	1389.00000000	3.45221168e+15	3.58377811e+15	3.18924781e-03
34749	449.78754373	1390	1.02507375e-04	1390.00000000	3.45226923e+15	3.58383579e+15	3.18929615e-03
34774	450.11224988	1391	1.02581121e-04	1391.00000000	3.45232663e+15	3.58389331e+15	3.18934438e-03
34799	450.43728565	1392	1.02654867e-04	1392.00000000	3.45238389e+15	3.58395070e+15	3.18939247e-03
34824	450.76273677	1393	1.02728614e-04	1393.00000000	3.45244100e+15	3.58400793e+15	3.18944045e-03
34849	451.08769294	1394	1.02802360e-04	1394.00000000	3.45249796e+15	3.58406502e+15	3.18948830e-03
34874	451.41351165	1395	1.02876106e-04	1395.00000000	3.45255478e+15	3.58412197e+15	3.18953603e-03
34899	451.73675153	1396	1.02949853e-04	1396.00000000	3.45261146e+15	3.58417877e+15	3.18958365e-03
34924	452.06158847	1397	1.03023599e-04	1397.00000000	3.45266799e+15	3.58423543e+15	3.18963113e-03
34949	452.38728821	1398	1.03097345e-04	1398.00000000	3.45272438e+15	3.58429194e+15	3.18967850e-03
34974	452.71247395	1399	1.03171091e-04	1399.00000000	3.45278062e+15	3.58434831e+15	3.18972575e-03
34999	453.03672486	1400	1.03244838e-04	1400.00000000	3.45283672e+15	3.58440454e+15	3.18977288e-03
35024	453.36082536	1401	1.03318584e-04	1401.00000000	3.45289269e+15	3.58446062e+15	3.18981989e-03
35049	453.68501438	1402	1.03392330e-04	1402.00000000	3.45294850e+15	3.58451657e+15	3.18986678e-03
35074	454.01038524	1403	1.03466077e-04	1403.00000000	3.45300418e+15	3.58457237e+15	3.18991356e-03
35099	454.33608702	1404	1.03539823e-04	1404.00000000	3.45305972e+15	3.58462803e+15	3.18996021e-03
35124	454.66174670	1405	1.03613569e-04	1405.00000000	3.45311512e+15	3.58468355e+15	3.19000675e-03
35149	454.98796799	1406	1.03687316e-04	1406.00000000	3.45317037e+15	3.58473893e+15	3.19005316e-03
35174	455.31190584	1407	1.03761062e-04	1407.00000000	3.45322549e+15	3.58479417e+15	3.19009946e-03
35199	455.63619251	1408	1.03834808e-04	1408.00000000	3.45328047e+15	3.58484927e+15	3.19014565e-03
35224	455.96075507	1409	1.03908555e-04	1409.00000000	3.45333531e+15	3.58490423e+15	3.19019171e-03
35249	456.28614550	1410	1.03982301e-04	1410.00000000	3.45339001e+15	3.58495905e+15	3.19023766e-03
35274	456.61146082	1411	1.04056047e-04	1411.00000000	3.45344457e+15	3.58501373e+15	3.19028350e-03
35299	456.93628924	1412	1.04129794e-04	1412.00000000	3.45349900e+15	3.58506828e+15	3.19032922e-03
35324	457.26053689	1413	1.04203540e-04	1413.00000000	3.45355329e+15	3.58512269e+15	3.19037482e-03
35349	457.58623251	1414	1.04277286e-04	1414.00000000	3.45360744e+15	3.58517696e+15	3.19042031e-03
35374	457.91194717	1415	1.04351032e-04	1415.00000000	3.45366145e+15	3.58523110e+15	3.19046569e-03
35399	458.23603718	1416	1.04424779e-04	1416.00000000	3.45371533e+15	3.58528510e+15	3.19051095e-03
35424	458.55870613	1417	1.04498525e-04	1417.00000000	3.45376908e+15	3.58533896e+15	3.19055610e-03
35449	458.88155879	1418	1.04572271e-04	1418.00000000	3.45382269e+15	3.58539269e+15	3.19060113e-03
35474	459.20530964	1419	1.04646018e-04	1419.00000000	3.45387616e+15	3.58544628e+15	3.19064605e-03
35499	459.53036378	1420	1.04719764e-04	1420.00000000	3.45392951e+15	3.58549974e+15	3.19069086e-03
35524	459.85420704	1421	1.04793510e-04	1421.00000000	3.45398271e+15	3.58555307e+15	3.19073555e-03
35549	460.17800434	1422	1.04867257e-04	1422.00000000	3.45403579e+15	3.58560626e+15	3.19078014e-03
35574	460.50219385	1423	1.04941003e-04	1423.00000000	3.45408873e+15	3.58565932e+15	3.19082461e-03
35599	460.82531096	1424	1.05014749e-04	1424.00000000	3.45414154e+15	3.58571225e+15	3.19086898e-03
35624	461.14921084	1425	1.05088496e-04	1425.00000000	3.45419422e+15	3.58576504e+15	3.19091323e-03
35649	461.47257013	1426	1.05162242e-04	1426.00000000	3.45424676e+15	3.58581771e+15	3.19095737e-03
35674	461.79698514	1427	1.05235988e-04	1427.00000000	3.45429918e+15	3.58587024e+15	3.19100140e-03
35699	462.12078931	1428	1.05309735e-04	1428.00000000	3.45435146e+15	3.58592264e+15	3.19104532e-03
35724	462.44339002	1429	1.05383481e-04	1429.00000000	3.45440362e+15	3.58597491e+15	3.19108913e-03
35749	462.76812863	1430	1.05457227e-04	1430.00000000	3.45445564e+15	3.58602705e+15	3.19113284e-03
35774	463.09302372	1431	1.05530973e-04	1431.00000000	3.45450754e+15	3.58607906e+15	3.19117643e-03
35799	463.41635150	1432	1.05604720e-04	1432.00000000	3.45455930e+15	3.58613094e+15	3.19121992e-03
35824	463.74095988	1433	1.05678466e-04	1433.00000000	3.45461094e+15	3.58618269e+15	3.19126329e-03
35849	464.06557280	1434	1.05752212e-04	1434.00000000	3.45466245e+15	3.58623432e+15	3.19130656e-03
35874	464.38978641	1435	1.05825959e-04	1435.00000000	3.45471383e+15	3.58628581e+15	3.19134972e-03
35899	464.71273860	1436	1.05899705e-04	1436.00000000	3.45476509e+15	3.58633718e+15	3.19139278e-03
35924	465.03725372	1437	1.05973451e-04	1437.00000000	3.45481621e+15	3.58638842e+15	3.19143572e-03
35949	465.36004428	1438	1.06047198e-04	1438.00000000	3.45486721e+15	3.58643953e+15	3.19147856e-03
35974	465.68254922	1439	1.06120944e-04	1439.00000000	3.45491809e+15	3.58649052e+15	3.19152130e-03
35999	466.00477223	1440	1.06194690e-04	1440.00000000	3.45496884e+15	3.58654138e+15	3.19156393e-03
36024	466.32995733	1441	1.06268437e-04	1441.00000000	3.45501946e+15	3.58659212e+15	3.19160645e-03
36049	466.65287472	1442	1.06342183e-04	1442.00000000	3.45506997e+15	3.58664274e+15	3.19164888e-03
36074	466.97547157	1443	1.06415929e-04	1443.00000000	3.45512035e+15	3.58669323e+15	3.19169119e-03
36099	467.29884573	1444	1.06489676e-04	1444.00000000	3.45517060e+15	3.58674360e+15	3.19173341e-03
36124	467.62203543	1445	1.06563422e-04	1445.00000000	3.45522074e+15	3.58679385e+15	3.19177552e-03
36149	467.94631132	1446	1.06637168e-04	1446.00000000	3.45527076e+15	3.58684398e+15	3.19181753e-03
36174	468.26978016	1447	1.06710914e-04	1447.00000000	3.45532066e+15	3.58689399e+15	3.19185944e-03
36199	468.59263026	1448	1.06784661e-04	1448.00000000	3.45537044e+15	3.58694388e+15	3.19190125e-03
36224	468.91636390	1449	1.06858407e-04	1449.00000000	3.45542010e+15	3.58699365e+15	3.19194296e-03
36249	469.24182452	1450	1.06932153e-04	1450.00000000	3.45546964e+15	3.58704330e+15	3.19198457e-03
36274	469.56580921	1451	1.07005900e-04	1451.00000000	3.45551906e+15	3.58709283e+15	3.19202608e-03
36299	469.88968001	1452	1.07079646e-04	1452.00000000	3.45556836e+15	3.58714224e+15	3.19206749e-03
36324	470.21423344	1453	1.07153392e-04	1453.00000000	3.45561755e+15	3.58719154e+15	3.19210880e-03
36349	470.53675859	1454	1.07227139e-04	1454.00000000	3.45566662e+15	3.58724071e+15	3.19215002e-03
36374	470.86007893	1455	1.07300885e-04	1455.00000000	3.45571557e+15	3.58728978e+15	3.19219113e-03
36399	471.18499138	1456	1.07374631e-04	1456.00000000	3.45576441e+15	3.58733872e+15	3.19223215e-03
36424	471.50943069	1457	1.07448378e-04	1457.00000000	3.45581313e+15	3.58738755e+15	3.19227307e-03
36449	471.83327170	1458	1.07522124e-04	1458.00000000	3.45586174e+15	3.58743627e+15	3.19231390e-03
36474	472.15626241	1459	1.07595870e-04	1459.00000000	3.45591023e+15	3.58748487e+15	3.19235463e-03
36499	472.47975468	1460	1.07669617e-04	1460.00000000	3.45595861e+15	3.58753336e+15	3.19239526e-03
36524	472.80208537	1461	1.07743363e-04	1461.00000000	3.45600688e+15	3.58758173e+15	3.19243580e-03
36549	473.12412107	1462	1.07817109e-04	1462.00000000	3.45605504e+15	3.58763000e+15	3.19247624e-03
36574	473.44701689	1463	1.07890855e-04	1463.00000000	3.45610308e+15	3.58767815e+15	3.19251659e-03
36599	473.76991641	1464	1.07964602e-04	1464.00000000	3.45615101e+15	3.58772618e+15	3.19255685e-03
36624	474.09224192	1465	1.08038348e-04	1465.00000000	3.45619883e+15	3.58777411e+15	3.19259701e-03
36649	474.41643808	1466	1.08112094e-04	1466.00000000	3.45624653e+15	3.58782192e+15	3.19263709e-03
36674	474.74126673	1467	1.08185841e-04	1467.00000000	3.45629412e+15	3.58786961e+15	3.19267706e-03
36699	475.06352593	1468	1.08259587e-04	1468.00000000	3.45634160e+15	3.58791720e+15	3.19271694e-03
36724	475.38808622	1469	1.08333333e-04	1469.00000000	3.45638897e+15	3.58796467e+15	3.19275672e-03
36749	475.71282279	1470	1.08407080e-04	1470.00000000	3.45643622e+15	3.58801203e+15	3.19279641e-03
36774	476.03777919	1471	1.08480826e-04	1471.00000000	3.45648337e+15	3.58805928e+15	3.19283601e-03
36799	476.36321947	1472	1.08554572e-04	1472.00000000	3.45653040e+15	3.58810642e+15	3.19287551e-03
36824	476.68638712	1473	1.08628319e-04	1473.00000000	3.45657733e+15	3.58815345e+15	3.19291492e-03
36849	477.01103503	1474	1.08702065e-04	1474.00000000	3.45662414e+15	3.58820036e+15	3.19295423e-03
36874	477.33526783	1475	1.08775811e-04	1475.00000000	3.45667085e+15	3.58824717e+15	3.19299345e-03
36899	477.65862572	1476	1.08849558e-04	1476.00000000	3.45671744e+15	3.58829387e+15	3.19303259e-03
36924	477.98330719	1477	1.08923304e-04	1477.00000000	3.45676393e+15	3.58834046e+15	3.19307163e-03
36949	478.30794125	1478	1.08997050e-04	1478.00000000	3.45681031e+15	3.58838694e+15	3.19311058e-03
36974	478.63213376	1479	1.09070796e-04	1479.00000000	3.45685658e+15	3.58843331e+15	3.19314943e-03
36999	478.95755079	1480	1.09144543e-04	1480.00000000	3.45690274e+15	3.58847957e+15	3.19318820e-03
37024	479.28215728	1481	1.09218289e-04	1481.00000000	3.45694879e+15	3.58852573e+15	3.19322688e-03
37049	479.60791427	1482	1.09292035e-04	1482.00000000	3.45699474e+15	3.58857178e+15	3.19326546e-03
37074	479.93389743	1483	1.09365782e-04	1483.00000000	3.45704058e+15	3.58861772e+15	3.19330396e-03
37099	480.25680104	1484	1.09439528e-04	1484.00000000	3.45708631e+15	3.58866355e+15	3.19334237e-03
37124	480.57820508	1485	1.09513274e-04	1485.00000000	3.45713193e+15	3.58870927e+15	3.19338068e-03
37149	480.89912696	1486	1.09587021e-04	1486.00000000	3.45717745e+15	3.58875489e+15	3.19341891e-03
37174	481.21999966	1487	1.09660767e-04	1487.00000000	3.45722286e+15	3.58880040e+15	3.19345704e-03
37199	481.54051490	1488	1.09734513e-04	1488.00000000	3.45726816e+15	3.58884580e+15	3.19349509e-03
37224	481.86143813	1489	1.09808260e-04	1489.00000000	3.45731335e+15	3.58889109e+15	3.19353304e-03
37249	482.18207774	1490	1.09882006e-04	1490.00000000	3.45735844e+15	3.58893628e+15	3.19357091e-03
37274	482.50389484	1491	1.09955752e-04	1491.00000000	3.45740342e+15	3.58898136e+15	3.19360869e-03
37299	482.82506195	1492	1.10029499e-04	1492.00000000	3.45744830e+15	3.58902634e+15	3.19364637e-03
37324	483.14673059	1493	1.10103245e-04	1493.00000000	3.45749307e+15	3.58907121e+15	3.19368397e-03
37349	483.46895112	1494	1.10176991e-04	1494.00000000	3.45753773e+15	3.58911597e+15	3.19372148e-03
37374	483.78970333	1495	1.10250737e-04	1495.00000000	3.45758229e+15	3.58916063e+15	3.19375891e-03
37399	484.11072773	1496	1.10324484e-04	1496.00000000	3.45762675e+15	3.58920518e+15	3.19379624e-03
37424	484.43239591	1497	1.10398230e-04	1497.00000000	3.45767110e+15	3.58924963e+15	3.19383349e-03
37449	484.75386214	1498	1.10471976e-04	1498.00000000	3.45771535e+15	3.58929398e+15	3.19387065e-03
37474	485.07568687	1499	1.10545723e-04	1499.00000000	3.45775949e+15	3.58933822e+15	3.19390772e-03
37499	485.39665394	1500	1.10619469e-04	1500.00000000	3.45780353e+15	3.58938236e+15	3.19394471e-03
37524	485.71804792	1501	1.10693215e-04	1501.00000000	3.45784747e+15	3.58942639e+15	3.19398160e-03
37549	486.03944074	1502	1.10766962e-04	1502.00000000	3.45789131e+15	3.58947033e+15	3.19401842e-03
37574	486.36204472	1503	1.10840708e-04	1503.00000000	3.45793505e+15	3.58951416e+15	3.19405514e-03
37599	486.68296992	1504	1.10914454e-04	1504.00000000	3.45797868e+15	3.58955790e+15	3.19409179e-03
37624	487.00477962	1505	1.10988201e-04	1505.00000000	3.45802222e+15	3.58960153e+15	3.19412835e-03
37649	487.32710617	1506	1.11061947e-04	1506.00000000	3.45806566e+15	3.58964507e+15	3.19416483e-03
37674	487.64848227	1507	1.11135693e-04	1507.00000000	3.45810900e+15	3.58968851e+15	3.19420122e-03
37699	487.96901379	1508	1.11209440e-04	1508.00000000	3.45815224e+15	3.58973184e+15	3.19423753e-03
37724	488.28997447	1509	1.11283186e-04	1509.00000000	3.45819539e+15	3.58977508e+15	3.19427376e-03
37749	488.61096523	1510	1.11356932e-04	1510.00000000	3.45823843e+15	3.58981822e+15	3.19430991e-03
37774	488.93184553	1511	1.11430678e-04	1511.00000000	3.45828138e+15	3.58986126e+15	3.19434598e-03
37799	489.25285301	1512	1.11504425e-04	1512.00000000	3.45832423e+15	3.58990421e+15	3.19438196e-03
37824	489.57443300	1513	1.11578171e-04	1513.00000000	3.45836698e+15	3.58994705e+15	3.19441786e-03
37849	489.89537611	1514	1.11651917e-04	1514.00000000	3.45840963e+15	3.58998980e+15	3.19445368e-03
37874	490.21612905	1515	1.11725664e-04	1515.00000000	3.45845218e+15	3.59003244e+15	3.19448941e-03
37899	490.53850566	1516	1.11799410e-04	1516.00000000	3.45849463e+15	3.59007499e+15	3.19452506e-03
37924	490.85947623	1517	1.11873156e-04	1517.00000000	3.45853698e+15	3.59011743e+15	3.19456063e-03
37949	491.18091731	1518	1.11946903e-04	1518.00000000	3.45857924e+15	3.59015978e+15	3.19459611e-03
37974	491.50354709	1519	1.12020649e-04	1519.00000000	3.45862139e+15	3.59020203e+15	3.19463151e-03
37999	491.82445742	1520	1.12094395e-04	1520.00000000	3.45866345e+15	3.59024418e+15	3.19466683e-03
38024	492.14653192	1521	1.12168142e-04	1521.00000000	3.45870541e+15	3.59028623e+15	3.19470207e-03
38049	492.46751910	1522	1.12241888e-04	1522.00000000	3.45874727e+15	3.59032819e+15	3.19473723e-03
38074	492.79083822	1523	1.12315634e-04	1523.00000000	3.45878904e+15	3.59037005e+15	3.19477230e-03
38099	493.11199248	1524	1.12389381e-04	1524.00000000	3.45883070e+15	3.59041181e+15	3.19480729e-03
38124	493.43350337	1525	1.12463127e-04	1525.00000000	3.45887228e+15	3.59045347e+15	3.19484220e-03
38149	493.75470229	1526	1.12536873e-04	1526.00000000	3.45891375e+15	3.59049504e+15	3.19487703e-03
38174	494.07614732	1527	1.12610619e-04	1527.00000000	3.45895513e+15	3.59053651e+15	3.19491178e-03
38199	494.39720858	1528	1.12684366e-04	1528.00000000	3.45899641e+15	3.59057788e+15	3.19494645e-03
38224	494.71804154	1529	1.12758112e-04	1529.00000000	3.45903760e+15	3.59061916e+15	3.19498104e-03
38249	495.03981427	1530	1.12831858e-04	1530.00000000	3.45907869e+15	3.59066034e+15	3.19501554e-03
38274	495.36155390	1531	1.12905605e-04	1531.00000000	3.45911969e+15	3.59070143e+15	3.19504997e-03
38299	495.68311610	1532	1.12979351e-04	1532.00000000	3.45916059e+15	3.59074242e+15	3.19508432e-03
38324	496.00407855	1533	1.13053097e-04	1533.00000000	3.45920140e+15	3.59078332e+15	3.19511859e-03
38349	496.32492303	1534	1.13126844e-04	1534.00000000	3.45924211e+15	3.59082413e+15	3.19515278e-03
38374	496.64584242	1535	1.13200590e-04	1535.00000000	3.45928273e+15	3.59086483e+15	3.19518689e-03
38399	496.96636408	1536	1.13274336e-04	1536.00000000	3.45932326e+15	3.59090545e+15	3.19522092e-03
38424	497.28717838	1537	1.13348083e-04	1537.00000000	3.45936369e+15	3.59094597e+15	3.19525487e-03
38449	497.60772740	1538	1.13421829e-04	1538.00000000	3.45940403e+15	3.59098640e+15	3.19528875e-03
38474	497.92893140	1539	1.13495575e-04	1539.00000000	3.45944427e+15	3.59102673e+15	3.19532254e-03
38499	498.24973574	1540	1.13569322e-04	1540.00000000	3.45948442e+15	3.59106697e+15	3.19535626e-03
38524	498.57211028	1541	1.13643068e-04	1541.00000000	3.45952448e+15	3.59110712e+15	3.19538990e-03
38549	498.89422113	1542	1.13716814e-04	1542.00000000	3.45956445e+15	3.59114718e+15	3.19542346e-03
38574	499.21589058	1543	1.13790560e-04	1543.00000000	3.45960433e+15	3.59118714e+15	3.19545695e-03
38599	499.53713770	1544	1.13864307e-04	1544.00000000	3.45964411e+15	3.59122701e+15	3.19549036e-03
38624	499.85823952	1545	1.13938053e-04	1545.00000000	3.45968380e+15	3.59126679e+15	3.19552369e-03
38649	500.17930470	1546	1.14011799e-04	1546.00000000	3.45972340e+15	3.59130648e+15	3.19555694e-03
38674	500.49984798	1547	1.14085546e-04	1547.00000000	3.45976291e+15	3.59134608e+15	3.19559012e-03
38699	500.82073278	1548	1.14159292e-04	1548.00000000	3.45980233e+15	3.59138559e+15	3.19562322e-03
38724	501.14146723	1549	1.14233038e-04	1549.00000000	3.45984166e+15	3.59142500e+15	3.19565624e-03
38749	501.46241975	1550	1.14306785e-04	1550.00000000	3.45988090e+15	3.59146433e+15	3.19568919e-03
38774	501.78310584	1551	1.14380531e-04	1551.00000000	3.45992004e+15	3.59150356e+15	3.19572207e-03
38799	502.10378620	1552	1.14454277e-04	1552.00000000	3.45995910e+15	3.59154271e+15	3.19575487e-03
38824	502.42440743	1553	1.14528024e-04	1553.00000000	3.45999807e+15	3.59158176e+15	3.19578759e-03
38849	502.74531544	1554	1.14601770e-04	1554.00000000	3.46003695e+15	3.59162073e+15	3.19582024e-03
38874	503.06622203	1555	1.14675516e-04	1555.00000000	3.46007574e+15	3.59165960e+15	3.19585281e-03
38899	503.38853856	1556	1.14749263e-04	1556.00000000	3.46011444e+15	3.59169839e+15	3.19588531e-03
38924	503.70922937	1557	1.14823009e-04	1557.00000000	3.46015305e+15	3.59173709e+15	3.19591774e-03
38949	504.03029220	1558	1.14896755e-04	1558.00000000	3.46019158e+15	3.59177569e+15	3.19595009e-03
38974	504.35251464	1559	1.14970501e-04	1559.00000000	3.46023001e+15	3.59181421e+15	3.19598237e-03
38999	504.67444921	1560	1.15044248e-04	1560.00000000	3.46026836e+15	3.59185265e+15	3.19601457e-03
39024	504.99673466	1561	1.15117994e-04	1561.00000000	3.46030662e+15	3.59189099e+15	3.19604670e-03
39049	505.31825482	1562	1.15191740e-04	1562.00000000	3.46034480e+15	3.59192926e+15	3.19607876e-03
39074	505.64015422	1563	1.15265487e-04	1563.00000000	3.46038289e+15	3.59196743e+15	3.19611074e-03
39099	505.96129617	1564	1.15339233e-04	1564.00000000	3.46042090e+15	3.59200552e+15	3.19614266e-03
39124	506.28205789	1565	1.15412979e-04	1565.00000000	3.46045882e+15	3.59204353e+15	3.19617450e-03
39149	506.60277960	1566	1.15486726e-04	1566.00000000	3.46049666e+15	3.59208146e+15	3.19620628e-03
39174	506.92364873	1567	1.15560472e-04	1567.00000000	3.46053442e+15	3.59211930e+15	3.19623798e-03
39199	507.24459522	1568	1.15634218e-04	1568.00000000	3.46057210e+15	3.59215705e+15	3.19626962e-03
39224	507.56689293	1569	1.15707965e-04	1569.00000000	3.46060969e+15	3.59219473e+15	3.19630118e-03
39249	507.88967457	1570	1.15781711e-04	1570.00000000	3.46064720e+15	3.59223232e+15	3.19633268e-03
39274	508.21060528	1571	1.15855457e-04	1571.00000000	3.46068463e+15	3.59226983e+15	3.19636410e-03
39299	508.53141329	1572	1.15929204e-04	1572.00000000	3.46072197e+15	3.59230726e+15	3.19639546e-03
39324	508.85275271	1573	1.16002950e-04	1573.00000000	3.46075924e+15	3.59234461e+15	3.19642675e-03
39349	509.17390847	1574	1.16076696e-04	1574.00000000	3.46079642e+15	3.59238187e+15	3.19645797e-03
39374	509.49545648	1575	1.16150442e-04	1575.00000000	3.46083352e+15	3.59241905e+15	3.19648912e-03
39399	509.81715559	1576	1.16224189e-04	1576.00000000	3.46087054e+15	3.59245616e+15	3.19652021e-03
39424	510.13885138	1577	1.16297935e-04	1577.00000000	3.46090748e+15	3.59249318e+15	3.19655122e-03
39449	510.45963018	1578	1.16371681e-04	1578.00000000	3.46094435e+15	3.59253013e+15	3.19658217e-03
39474	510.78059799	1579	1.16445428e-04	1579.00000000	3.46098113e+15	3.59256699e+15	3.19661306e-03
39499	511.10263390	1580	1.16519174e-04	1580.00000000	3.46101784e+15	3.59260377e+15	3.19664387e-03
39524	511.42447579	1581	1.16592920e-04	1581.00000000	3.46105446e+15	3.59264048e+15	3.19667462e-03
39549	511.74552957	1582	1.16666667e-04	1582.00000000	3.46109101e+15	3.59267711e+15	3.19670531e-03
39574	512.06628132	1583	1.16740413e-04	1583.00000000	3.46112747e+15	3.59271365e+15	3.19673592e-03
39599	512.38692375	1584	1.16814159e-04	1584.00000000	3.46116386e+15	3.59275012e+15	3.19676647e-03
39624	512.70858239	1585	1.16887906e-04	1585.00000000	3.46120017e+15	3.59278651e+15	3.19679696e-03
39649	513.03019600	1586	1.16961652e-04	1586.00000000	3.46123640e+15	3.59282282e+15	3.19682738e-03
39674	513.35124350	1587	1.17035398e-04	1587.00000000	3.46127255e+15	3.59285904e+15	3.19685773e-03
39699	513.67272160	1588	1.17109145e-04	1588.00000000	3.46130862e+15	3.59289520e+15	3.19688801e-03
39724	513.99499120	1589	1.17182891e-04	1589.00000000	3.46134461e+15	3.59293127e+15	3.19691823e-03
39749	514.31667646	1590	1.17256637e-04	1590.00000000	3.46138052e+15	3.59296726e+15	3.19694839e-03
39774	514.63756455	1591	1.17330383e-04	1591.00000000	3.46141636e+15	3.59300318e+15	3.19697847e-03
39799	514.95954201	1592	1.17404130e-04	1592.00000000	3.46145212e+15	3.59303901e+15	3.19700850e-03
39824	515.28026574	1593	1.17477876e-04	1593.00000000	3.46148780e+15	3.59307477e+15	3.19703845e-03
39849	515.60107726	1594	1.17551622e-04	1594.00000000	3.46152340e+15	3.59311045e+15	3.19706835e-03
39874	515.92179172	1595	1.17625369e-04	1595.00000000	3.46155893e+15	3.59314606e+15	3.19709817e-03
39899	516.24312801	1596	1.17699115e-04	1596.00000000	3.46159438e+15	3.59318158e+15	3.19712793e-03
39924	516.56418187	1597	1.17772861e-04	1597.00000000	3.46162975e+15	3.59321703e+15	3.19715763e-03
39949	516.88480699	1598	1.17846608e-04	1598.00000000	3.46166504e+15	3.59325240e+15	3.19718726e-03
39974	517.20551842	1599	1.17920354e-04	1599.00000000	3.46170026e+15	3.59328770e+15	3.19721683e-03
39999	517.52608361	1600	1.17994100e-04	1600.00000000	3.46173540e+15	3.59332292e+15	3.19724633e-03
40024	517.84947193	1601	1.18067847e-04	1601.00000000	3.46177046e+15	3.59335806e+15	3.19727577e-03
40049	518.17192562	1602	1.18141593e-04	1602.00000000	3.46180545e+15	3.59339312e+15	3.19730515e-03
40074	518.49280281	1603	1.18215339e-04	1603.00000000	3.46184035e+15	3.59342810e+15	3.19733446e-03
40099	518.81519151	1604	1.18289086e-04	1604.00000000	3.46187518e+15	3.59346300e+15	3.19736371e-03
40124	519.13618954	1605	1.18362832e-04	1605.00000000	3.46190993e+15	3.59349783e+15	3.19739289e-03
40149	519.45769566	1606	1.18436578e-04	1606.00000000	3.46194460e+15	3.59353258e+15	3.19742200e-03
40174	519.77861313	1607	1.18510324e-04	1607.00000000	3.46197920e+15	3.59356725e+15	3.19745105e-03
40199	520.10024198	1608	1.18584071e-04	1608.00000000	3.46201371e+15	3.59360184e+15	3.19748003e-03
40224	520.42115888	1609	1.18657817e-04	1609.00000000	3.46204815e+15	3.59363635e+15	3.19750895e-03
40249	520.74234301	1610	1.18731563e-04	1610.00000000	3.46208251e+15	3.59367079e+15	3.19753780e-03
40274	521.06337159	1611	1.18805310e-04	1611.00000000	3.46211680e+15	3.59370515e+15	3.19756659e-03
40299	521.38558379	1612	1.18879056e-04	1612.00000000	3.46215100e+15	3.59373943e+15	3.19759532e-03
40324	521.70736346	1613	1.18952802e-04	1613.00000000	3.46218514e+15	3.59377364e+15	3.19762398e-03
40349	522.02882420	1614	1.19026549e-04	1614.00000000	3.46221919e+15	3.59380777e+15	3.19765257e-03
40374	522.35143965	1615	1.19100295e-04	1615.00000000	3.46225317e+15	3.59384182e+15	3.19768110e-03
40399	522.67307205	1616	1.19174041e-04	1616.00000000	3.46228707e+15	3.59387579e+15	3.19770957e-03
40424	522.99436686	1617	1.19247788e-04	1617.00000000	3.46232089e+15	3.59390969e+15	3.19773798e-03
40449	523.31630479	1618	1.19321534e-04	1618.00000000	3.46235463e+15	3.59394350e+15	3.19776632e-03
40474	523.63734712	1619	1.19395280e-04	1619.00000000	3.46238829e+15	3.59397724e+15	3.19779459e-03
40499	523.95844959	1620	1.19469027e-04	1620.00000000	3.46242187e+15	3.59401089e+15	3.19782280e-03
40524	524.27991188	1621	1.19542773e-04	1621.00000000	3.46245538e+15	3.59404447e+15	3.19785094e-03
40549	524.60196047	1622	1.19616519e-04	1622.00000000	3.46248880e+15	3.59407797e+15	3.19787902e-03
40574	524.92423517	1623	1.19690265e-04	1623.00000000	3.46252214e+15	3.59411138e+15	3.19790703e-03
40599	525.24573625	1624	1.19764012e-04	1624.00000000	3.46255540e+15	3.59414472e+15	3.19793497e-03
40624	525.56747228	1625	1.19837758e-04	1625.00000000	3.46258858e+15	3.59417797e+15	3.19796284e-03
40649	525.88839429	1626	1.19911504e-04	1626.00000000	3.46262168e+15	3.59421114e+15	3.19799065e-03
40674	526.20928241	1627	1.19985251e-04	1627.00000000	3.46265471e+15	3.59424424e+15	3.19801839e-03
40699	526.53046583	1628	1.20058997e-04	1628.00000000	3.46268765e+15	3.59427726e+15	3.19804607e-03
40724	526.85226404	1629	1.20132743e-04	1629.00000000	3.46272052e+15	3.59431020e+15	3.19807368e-03
40749	527.17485617	1630	1.20206490e-04	1630.00000000	3.46275331e+15	3.59434306e+15	3.19810122e-03
40774	527.49576420	1631	1.20280236e-04	1631.00000000	3.46278602e+15	3.59437584e+15	3.19812870e-03
40799	527.81704066	1632	1.20353982e-04	1632.00000000	3.46281865e+15	3.59440854e+15	3.19815611e-03
40824	528.13912968	1633	1.20427729e-04	1633.00000000	3.46285120e+15	3.59444117e+15	3.19818346e-03
40849	528.46015284	1634	1.20501475e-04	1634.00000000	3.46288368e+15	3.59447371e+15	3.19821074e-03
40874	528.78140628	1635	1.20575221e-04	1635.00000000	3.46291608e+15	3.59450619e+15	3.19823796e-03
40899	529.10315595	1636	1.20648968e-04	1636.00000000	3.46294840e+15	3.59453858e+15	3.19826511e-03
40924	529.42406085	1637	1.20722714e-04	1637.00000000	3.46298064e+15	3.59457090e+15	3.19829220e-03
40949	529.74470522	1638	1.20796460e-04	1638.00000000	3.46301281e+15	3.59460313e+15	3.19831922e-03
40974	530.06553534	1639	1.20870206e-04	1639.00000000	3.46304491e+15	3.59463530e+15	3.19834618e-03
40999	530.38657052	1640	1.20943953e-04	1640.00000000	3.46307692e+15	3.59466738e+15	3.19837307e-03
41024	530.71004420	1641	1.21017699e-04	1641.00000000	3.46310886e+15	3.59469939e+15	3.19839991e-03
41049	531.03238525	1642	1.21091445e-04	1642.00000000	3.46314072e+15	3.59473133e+15	3.19842667e-03
41074	531.35451021	1643	1.21165192e-04	1643.00000000	3.46317251e+15	3.59476319e+15	3.19845338e-03
41099	531.67691174	1644	1.21238938e-04	1644.00000000	3.46320423e+15	3.59479497e+15	3.19848002e-03
41124	531.99903941	1645	1.21312684e-04	1645.00000000	3.46323586e+15	3.59482668e+15	3.19850659e-03
41149	532.32197294	1646	1.21386431e-04	1646.00000000	3.46326742e+15	3.59485831e+15	3.19853311e-03
41174	532.64452514	1647	1.21460177e-04	1647.00000000	3.46329891e+15	3.59488986e+15	3.19855956e-03
41199	532.96557579	1648	1.21533923e-04	1648.00000000	3.46333032e+15	3.59492135e+15	3.19858594e-03
41224	533.28650720	1649	1.21607670e-04	1649.00000000	3.46336166e+15	3.59495275e+15	3.19861227e-03
41249	533.60772431	1650	1.21681416e-04	1650.00000000	3.46339293e+15	3.59498409e+15	3.19863853e-03
41274	533.93023028	1651	1.21755162e-04	1651.00000000	3.46342411e+15	3.59501534e+15	3.19866473e-03
41299	534.25093285	1652	1.21828909e-04	1652.00000000	3.46345523e+15	3.59504653e+15	3.19869087e-03
41324	534.57191955	1653	1.21902655e-04	1653.00000000	3.46348627e+15	3.59507764e+15	3.19871695e-03
41349	534.89297106	1654	1.21976401e-04	1654.00000000	3.46351724e+15	3.59510868e+15	3.19874296e-03
41374	535.21381990	1655	1.22050147e-04	1655.00000000	3.46354813e+15	3.59513964e+15	3.19876891e-03
41399	535.53514866	1656	1.22123894e-04	1656.00000000	3.46357895e+15	3.59517053e+15	3.19879481e-03
41424	535.85596123	1657	1.22197640e-04	1657.00000000	3.46360970e+15	3.59520134e+15	3.19882064e-03
41449	536.17840573	1658	1.22271386e-04	1658.00000000	3.46364037e+15	3.59523208e+15	3.19884641e-03
41474	536.49919099	1659	1.22345133e-04	1659.00000000	3.46367097e+15	3.59526275e+15	3.19887211e-03
41499	536.82245129	1660	1.22418879e-04	1660.00000000	3.46370150e+15	3.59529334e+15	3.19889775e-03
41524	537.14476582	1661	1.22492625e-04	1661.00000000	3.46373195e+15	3.59532386e+15	3.19892333e-03
41549	537.46980510	1662	1.22566372e-04	1662.00000000	3.46376232e+15	3.59535430e+15	3.19894885e-03
41574	537.79426572	1663	1.22640118e-04	1663.00000000	3.46379262e+15	3.59538467e+15	3.19897431e-03
41599	538.11971288	1664	1.22713864e-04	1664.00000000	3.46382285e+15	3.59541497e+15	3.19899970e-03
41624	538.44422081	1665	1.22787611e-04	1665.00000000	3.46385301e+15	3.59544519e+15	3.19902504e-03
41649	538.76744590	1666	1.22861357e-04	1666.00000000	3.46388309e+15	3.59547534e+15	3.19905031e-03
41674	539.09184799	1667	1.22935103e-04	1667.00000000	3.46391311e+15	3.59550542e+15	3.19907552e-03
41699	539.41382201	1668	1.23008850e-04	1668.00000000	3.46394305e+15	3.59553543e+15	3.19910067e-03
41724	539.73840401	1669	1.23082596e-04	1669.00000000	3.46397292e+15	3.59556536e+15	3.19912576e-03
41749	540.06110522	1670	1.23156342e-04	1670.00000000	3.46400271e+15	3.59559523e+15	3.19915080e-03
41774	540.38589032	1671	1.23230088e-04	1671.00000000	3.46403244e+15	3.59562502e+15	3.19917577e-03
41799	540.70893615	1672	1.23303835e-04	1672.00000000	3.46406210e+15	3.59565474e+15	3.19920068e-03
41824	541.03104885	1673	1.23377581e-04	1673.00000000	3.46409168e+15	3.59568439e+15	3.19922553e-03
41849	541.35628067	1674	1.23451327e-04	1674.00000000	3.46412119e+15	3.59571397e+15	3.19925033e-03
41874	541.67904398	1675	1.23525074e-04	1675.00000000	3.46415064e+15	3.59574348e+15	3.19927506e-03
41899	542.00252594	1676	1.23598820e-04	1676.00000000	3.46418001e+15	3.59577292e+15	3.19929974e-03
41924	542.32488824	1677	1.23672566e-04	1677.00000000	3.46420932e+15	3.59580229e+15	3.19932435e-03
41949	542.64724471	1678	1.23746313e-04	1678.00000000	3.46423855e+15	3.59583159e+15	3.19934891e-03
41974	542.97006601	1679	1.23820059e-04	1679.00000000	3.46426771e+15	3.59586082e+15	3.19937341e-03
41999	543.29441478	1680	1.23893805e-04	1680.00000000	3.46429681e+15	3.59588998e+15	3.19939785e-03
42024	543.62039281	1681	1.23967552e-04	1681.00000000	3.46432584e+15	3.59591907e+15	3.19942224e-03
42049	543.94480361	1682	1.24041298e-04	1682.00000000	3.46435479e+15	3.59594809e+15	3.19944656e-03
42074	544.26808458	1683	1.24115044e-04	1683.00000000	3.46438368e+15	3.59597704e+15	3.19947083e-03
42099	544.59114509	1684	1.24188791e-04	1684.00000000	3.46441249e+15	3.59600592e+15	3.19949504e-03
42124	544.91620857	1685	1.24262537e-04	1685.00000000	3.46444124e+15	3.59603473e+15	3.19951919e-03
42149	545.24070365	1686	1.24336283e-04	1686.00000000	3.46446992e+15	3.59606347e+15	3.19954328e-03
42174	545.56446381	1687	1.24410029e-04	1687.00000000	3.46449852e+15	3.59609214e+15	3.19956731e-03
42199	545.88752933	1688	1.24483776e-04	1688.00000000	3.46452706e+15	3.59612074e+15	3.19959128e-03
42224	546.21298872	1689	1.24557522e-04	1689.00000000	3.46455553e+15	3.59614927e+15	3.19961520e-03
42249	546.53776668	1690	1.24631268e-04	1690.00000000	3.46458393e+15	3.59617773e+15	3.19963906e-03
42274	546.86177800	1691	1.24705015e-04	1691.00000000	3.46461225e+15	3.59620612e+15	3.19966287e-03
42299	547.18641039	1692	1.24778761e-04	1692.00000000	3.46464051e+15	3.59623444e+15	3.19968661e-03
42324	547.50988535	1693	1.24852507e-04	1693.00000000	3.46466870e+15	3.59626269e+15	3.19971030e-03
42349	547.83419913	1694	1.24926254e-04	1694.00000000	3.46469682e+15	3.59629088e+15	3.19973392e-03
42374	548.15808893	1695	1.25000000e-04	1695.00000000	3.46472487e+15	3.59631899e+15	3.19975749e-03
42399	548.48207195	1696	1.25073746e-04	1696.00000000	3.46475285e+15	3.59634703e+15	3.19978100e-03
42424	548.80426678	1697	1.25147493e-04	1697.00000000	3.46478076e+15	3.59637500e+15	3.19980446e-03
42449	549.12708302	1698	1.25221239e-04	1698.00000000	3.46480860e+15	3.59640291e+15	3.19982785e-03
42474	549.45125904	1699	1.25294985e-04	1699.00000000	3.46483638e+15	3.59643075e+15	3.19985119e-03
42499	549.77735222	1700	1.25368732e-04	1700.00000000	3.46486408e+15	3.59645852e+15	3.19987447e-03
42524	550.10222336	1701	1.25442478e-04	1701.00000000	3.46489172e+15	3.59648622e+15	3.19989769e-03
42549	550.42614595	1702	1.25516224e-04	1702.00000000	3.46491929e+15	3.59651385e+15	3.19992086e-03
42574	550.75114614	1703	1.25589971e-04	1703.00000000	3.46494680e+15	3.59654141e+15	3.19994397e-03
42599	551.07624059	1704	1.25663717e-04	1704.00000000	3.46497423e+15	3.59656891e+15	3.19996702e-03
42624	551.40035893	1705	1.25737463e-04	1705.00000000	3.46500160e+15	3.59659634e+15	3.19999002e-03
42649	551.72483484	1706	1.25811209e-04	1706.00000000	3.46502891e+15	3.59662370e+15	3.20001296e-03
42674	552.04957370	1707	1.25884956e-04	1707.00000000	3.46505614e+15	3.59665100e+15	3.20003584e-03
42699	552.37329627	1708	1.25958702e-04	1708.00000000	3.46508331e+15	3.59667823e+15	3.20005867e-03
42724	552.69644544	1709	1.26032448e-04	1709.00000000	3.46511041e+15	3.59670539e+15	3.20008145e-03
42749	553.02148860	1710	1.26106195e-04	1710.00000000	3.46513745e+15	3.59673249e+15	3.20010416e-03
42774	553.34752589	1711	1.26179941e-04	1711.00000000	3.46516442e+15	3.59675952e+15	3.20012682e-03
42799	553.67306739	1712	1.26253687e-04	1712.00000000	3.46519132e+15	3.59678648e+15	3.20014943e-03
42824	553.99720211	1713	1.26327434e-04	1713.00000000	3.46521816e+15	3.59681338e+15	3.20017221e-03
42849	554.32191513	1714	1.26401180e-04	1714.00000000	3.46524494e+15	3.59684022e+15	3.20019472e-03
42874	554.64661709	1715	1.26474926e-04	1715.00000000	3.46527165e+15	3.59686699e+15	3.20021717e-03
42899	554.97050244	1716	1.26548673e-04	1716.00000000	3.46529830e+15	3.59689370e+15	3.20023956e-03
42924	555.29533970	1717	1.26622419e-04	1717.00000000	3.46532488e+15	3.59692034e+15	3.20026190e-03
42949	555.62119888	1718	1.26696165e-04	1718.00000000	3.46535140e+15	3.59694692e+15	3.20028418e-03
42974	555.94721230	1719	1.26769912e-04	1719.00000000	3.46537785e+15	3.59697343e+15	3.20030640e-03
42999	556.27067527	1720	1.26843658e-04	1720.00000000	3.46540424e+15	3.59699988e+15	3.20032858e-03
43024	556.59555253	1721	1.26917404e-04	1721.00000000	3.46543057e+15	3.59702626e+15	3.20035070e-03
43049	556.92154862	1722	1.26991150e-04	1722.00000000	3.46545683e+15	3.59705258e+15	3.20037276e-03
43074	557.24564958	1723	1.27064897e-04	1723.00000000	3.46548303e+15	3.59707884e+15	3.20039478e-03
43099	557.57016835	1724	1.27138643e-04	1724.00000000	3.46550916e+15	3.59710503e+15	3.20041686e-03
43124	557.89592507	1725	1.27212389e-04	1725.00000000	3.46553523e+15	3.59713116e+15	3.20043877e-03
43149	558.21949842	1726	1.27286136e-04	1726.00000000	3.46556124e+15	3.59715723e+15	3.20046063e-03
43174	558.54279062	1727	1.27359882e-04	1727.00000000	3.46558719e+15	3.59718323e+15	3.20048243e-03
43199	558.86594650	1728	1.27433628e-04	1728.00000000	3.46561307e+15	3.59720918e+15	3.20050418e-03
43224	559.18897235	1729	1.27507375e-04	1729.00000000	3.46563889e+15	3.59723505e+15	3.20052587e-03
43249	559.51183553	1730	1.27581121e-04	1730.00000000	3.46566465e+15	3.59726087e+15	3.20054751e-03
43274	559.83504843	1731	1.27654867e-04	1731.00000000	3.46569035e+15	3.59728662e+15	3.20056910e-03
43299	560.15825543	1732	1.27728614e-04	1732.00000000	3.46571598e+15	3.59731231e+15	3.20059064e-03
43324	560.48144951	1733	1.27802360e-04	1733.00000000	3.46574155e+15	3.59733794e+15	3.20061213e-03
43349	560.80386622	1734	1.27876106e-04	1734.00000000	3.46576706e+15	3.59736350e+15	3.20063356e-03
43374	561.12692264	1735	1.27949853e-04	1735.00000000	3.46579250e+15	3.59738901e+15	3.20065501e-03
43399	561.45066518	1736	1.28023599e-04	1736.00000000	3.46581789e+15	3.59741445e+15	3.20067634e-03
43424	561.77604518	1737	1.28097345e-04	1737.00000000	3.46584321e+15	3.59743983e+15	3.20069762e-03
43449	562.09915155	1738	1.28171091e-04	1738.00000000	3.46586847e+15	3.59746514e+15	3.20071884e-03
43474	562.42278317	1739	1.28244838e-04	1739.00000000	3.46589367e+15	3.59749040e+15	3.20074002e-03
43499	562.74755740	1740	1.28318584e-04	1740.00000000	3.46591881e+15	3.59751560e+15	3.20076114e-03
43524	563.07217623	1741	1.28392330e-04	1741.00000000	3.46594389e+15	3.59754073e+15	3.20078222e-03
43549	563.39642075	1742	1.28466077e-04	1742.00000000	3.46596891e+15	3.59756581e+15	3.20080324e-03
43574	563.71991887	1743	1.28539823e-04	1743.00000000	3.46599387e+15	3.59759082e+15	3.20082421e-03
43599	564.04226326	1744	1.28613569e-04	1744.00000000	3.46601877e+15	3.59761578e+15	3.20084514e-03
43624	564.36346034	1745	1.28687316e-04	1745.00000000	3.46604361e+15	3.59764068e+15	3.20086601e-03
43649	564.68441530	1746	1.28761062e-04	1746.00000000	3.46606840e+15	3.59766552e+15	3.20088683e-03
43674	565.00541333	1747	1.28834808e-04	1747.00000000	3.46609312e+15	3.59769029e+15	3.20090764e-03
43699	565.32642225	1748	1.28908555e-04	1748.00000000	3.46611778e+15	3.59771501e+15	3.20092836e-03
43724	565.64717936	1749	1.28982301e-04	1749.00000000	3.46614239e+15	3.59773967e+15	3.20094904e-03
43749	565.96826781	1750	1.29056047e-04	1750.00000000	3.46616694e+15	3.59776428e+15	3.20096966e-03
43774	566.28902415	1751	1.29129794e-04	1751.00000000	3.46619143e+15	3.59778882e+15	3.20099024e-03
43799	566.61020152	1752	1.29203540e-04	1752.00000000	3.46621586e+15	3.59781330e+15	3.20101077e-03
43824	566.93166577	1753	1.29277286e-04	1753.00000000	3.46624023e+15	3.59783773e+15	3.20103125e-03
43849	567.25262918	1754	1.29351032e-04	1754.00000000	3.46626454e+15	3.59786210e+15	3.20105168e-03
43874	567.57502631	1755	1.29424779e-04	1755.00000000	3.46628880e+15	3.59788641e+15	3.20107206e-03
43899	567.89672116	1756	1.29498525e-04	1756.00000000	3.46631300e+15	3.59791066e+15	3.20109239e-03
43924	568.21767881	1757	1.29572271e-04	1757.00000000	3.46633714e+15	3.59793486e+15	3.20111268e-03
43949	568.54003815	1758	1.29646018e-04	1758.00000000	3.46636123e+15	3.59795900e+15	3.20113291e-03
43974	568.86140730	1759	1.29719764e-04	1759.00000000	3.46638526e+15	3.59798308e+15	3.20115311e-03
43999	569.18248741	1760	1.29793510e-04	1760.00000000	3.46640923e+15	3.59800710e+15	3.20117325e-03
44024	569.50508061	1761	1.29867257e-04	1761.00000000	3.46643314e+15	3.59803107e+15	3.20119335e-03
44049	569.82700686	1762	1.29941003e-04	1762.00000000	3.46645700e+15	3.59805498e+15	3.20121339e-03
44074	570.14819401	1763	1.30014749e-04	1763.00000000	3.46648080e+15	3.59807883e+15	3.20123339e-03
44099	570.46917274	1764	1.30088496e-04	1764.00000000	3.46650454e+15	3.59810263e+15	3.20125334e-03
44124	570.79092291	1765	1.30162242e-04	1765.00000000	3.46652823e+15	3.59812637e+15	3.20127324e-03
44149	571.11301279	1766	1.30235988e-04	1766.00000000	3.46655186e+15	3.59815006e+15	3.20129310e-03
44174	571.43546204	1767	1.30309735e-04	1767.00000000	3.46657544e+15	3.59817368e+15	3.20131291e-03
44199	571.75714479	1768	1.30383481e-04	1768.00000000	3.46659896e+15	3.59819725e+15	3.20133268e-03
44224	572.07900152	1769	1.30457227e-04	1769.00000000	3.46662242e+15	3.59822077e+15	3.20135239e-03
44249	572.40015891	1770	1.30530973e-04	1770.00000000	3.46664582e+15	3.59824422e+15	3.20137206e-03
44274	572.72096617	1771	1.30604720e-04	1771.00000000	3.46666917e+15	3.59826762e+15	3.20139168e-03
44299	573.04195144	1772	1.30678466e-04	1772.00000000	3.46669246e+15	3.59829096e+15	3.20141125e-03
44324	573.36333550	1773	1.30752212e-04	1773.00000000	3.46671570e+15	3.59831425e+15	3.20143078e-03
44349	573.68533427	1774	1.30825959e-04	1774.00000000	3.46673888e+15	3.59833748e+15	3.20145026e-03
44374	574.00763681	1775	1.30899705e-04	1775.00000000	3.46676200e+15	3.59836066e+15	3.20146969e-03
44399	574.33006624	1776	1.30973451e-04	1776.00000000	3.46678507e+15	3.59838378e+15	3.20148908e-03
44424	574.65151176	1777	1.31047198e-04	1777.00000000	3.46680808e+15	3.59840684e+15	3.20150842e-03
44449	574.97427799	1778	1.31120944e-04	1778.00000000	3.46683104e+15	3.59842985e+15	3.20152772e-03
44474	575.29824912	1779	1.31194690e-04	1779.00000000	3.46685395e+15	3.59845281e+15	3.20154697e-03
44499	575.62153970	1780	1.31268437e-04	1780.00000000	3.46687680e+15	3.59847571e+15	3.20156617e-03
44524	575.94563346	1781	1.31342183e-04	1781.00000000	3.46689960e+15	3.59849856e+15	3.20158533e-03
44549	576.26968173	1782	1.31415929e-04	1782.00000000	3.46692234e+15	3.59852135e+15	3.20160444e-03
44574	576.59357794	1783	1.31489676e-04	1783.00000000	3.46694503e+15	3.59854409e+15	3.20162351e-03
44599	576.91633058	1784	1.31563422e-04	1784.00000000	3.46696766e+15	3.59856678e+15	3.20164253e-03
44624	577.23990287	1785	1.31637168e-04	1785.00000000	3.46699025e+15	3.59858941e+15	3.20166150e-03
44649	577.56188645	1786	1.31710914e-04	1786.00000000	3.46701277e+15	3.59861198e+15	3.20168043e-03
44674	577.88489087	1787	1.31784661e-04	1787.00000000	3.46703525e+15	3.59863451e+15	3.20169931e-03
44699	578.20804996	1788	1.31858407e-04	1788.00000000	3.46705767e+15	3.59865698e+15	3.20171816e-03
44724	578.53239546	1789	1.31932153e-04	1789.00000000	3.46708004e+15	3.59867939e+15	3.20173695e-03
44749	578.85751643	1790	1.32005900e-04	1790.00000000	3.46710235e+15	3.59870176e+15	3.20175571e-03
44774	579.18092715	1791	1.32079646e-04	1791.00000000	3.46712461e+15	3.59872407e+15	3.20177442e-03
44799	579.50535897	1792	1.32153392e-04	1792.00000000	3.46714682e+15	3.59874633e+15	3.20179308e-03
44824	579.83015188	1793	1.32227139e-04	1793.00000000	3.46716898e+15	3.59876853e+15	3.20181170e-03
44849	580.15424947	1794	1.32300885e-04	1794.00000000	3.46719108e+15	3.59879069e+15	3.20183028e-03
44874	580.47736630	1795	1.32374631e-04	1795.00000000	3.46721314e+15	3.59881279e+15	3.20184881e-03
44899	580.80023138	1796	1.32448378e-04	1796.00000000	3.46723514e+15	3.59883484e+15	3.20186730e-03
44924	581.12264948	1797	1.32522124e-04	1797.00000000	3.46725708e+15	3.59885683e+15	3.20188574e-03
44949	581.44573831	1798	1.32595870e-04	1798.00000000	3.46727898e+15	3.59887878e+15	3.20190415e-03
44974	581.76850700	1799	1.32669617e-04	1799.00000000	3.46730083e+15	3.59890067e+15	3.20192249e-03
44999	582.09194848	1800	1.32743363e-04	1800.00000000	3.46732262e+15	3.59892251e+15	3.20194080e-03
45024	582.41542361	1801	1.32817109e-04	1801.00000000	3.46734436e+15	3.59894430e+15	3.20195907e-03
45049	582.73991575	1802	1.32890855e-04	1802.00000000	3.46736605e+15	3.59896604e+15	3.20197730e-03
45074	583.06204749	1803	1.32964602e-04	1803.00000000	3.46738769e+15	3.59898772e+15	3.20199548e-03
45099	583.38547613	1804	1.33038348e-04	1804.00000000	3.46740928e+15	3.59900936e+15	3.20201362e-03
45124	583.70938541	1805	1.33112094e-04	1805.00000000	3.46743081e+15	3.59903094e+15	3.20203172e-03
45149	584.03364570	1806	1.33185841e-04	1806.00000000	3.46745230e+15	3.59905248e+15	3.20204978e-03
45174	584.35766812	1807	1.33259587e-04	1807.00000000	3.46747373e+15	3.59907396e+15	3.20206779e-03
45199	584.68181419	1808	1.33333333e-04	1808.00000000	3.46749512e+15	3.59909539e+15	3.20208577e-03
45224	585.00474328	1809	1.33407080e-04	1809.00000000	3.46751645e+15	3.59911677e+15	3.20210369e-03
45249	585.32721183	1810	1.33480826e-04	1810.00000000	3.46753773e+15	3.59913810e+15	3.20212158e-03
45274	585.65034524	1811	1.33554572e-04	1811.00000000	3.46755897e+15	3.59915938e+15	3.20213942e-03
45299	585.97102887	1812	1.33628319e-04	1812.00000000	3.46758015e+15	3.59918061e+15	3.20215722e-03
45324	586.29251077	1813	1.33702065e-04	1813.00000000	3.46760128e+15	3.59920179e+15	3.20217498e-03
45349	586.61487875	1814	1.33775811e-04	1814.00000000	3.46762236e+15	3.59922292e+15	3.20219268e-03
45374	586.93718878	1815	1.33849558e-04	1815.00000000	3.46764339e+15	3.59924399e+15	3.20221035e-03
45399	587.25870626	1816	1.33923304e-04	1816.00000000	3.46766438e+15	3.59926502e+15	3.20222799e-03
45424	587.58116072	1817	1.33997050e-04	1817.00000000	3.46768531e+15	3.59928600e+15	3.20224558e-03
45449	587.90187423	1818	1.34070796e-04	1818.00000000	3.46770619e+15	3.59930692e+15	3.20226313e-03
45474	588.22353439	1819	1.34144543e-04	1819.00000000	3.46772702e+15	3.59932780e+15	3.20228063e-03
45499	588.54429605	1820	1.34218289e-04	1820.00000000	3.46774780e+15	3.59934863e+15	3.20229810e-03
45524	588.86626623	1821	1.34292035e-04	1821.00000000	3.46776854e+15	3.59936941e+15	3.20231552e-03
45549	589.18723191	1822	1.34365782e-04	1822.00000000	3.46778922e+15	3.59939014e+15	3.20233291e-03
45574	589.50816417	1823	1.34439528e-04	1823.00000000	3.46780986e+15	3.59941082e+15	3.20235025e-03
45599	589.82928081	1824	1.34513274e-04	1824.00000000	3.46783044e+15	3.59943145e+15	3.20236755e-03
45624	590.15023091	1825	1.34587021e-04	1825.00000000	3.46785098e+15	3.59945204e+15	3.20238481e-03
45649	590.47082494	1826	1.34660767e-04	1826.00000000	3.46787147e+15	3.59947257e+15	3.20240203e-03
45674	590.79224607	1827	1.34734513e-04	1827.00000000	3.46789191e+15	3.59949306e+15	3.20241921e-03
45699	591.11335615	1828	1.34808260e-04	1828.00000000	3.46791230e+15	3.59951349e+15	3.20243635e-03
45724	591.43423134	1829	1.34882006e-04	1829.00000000	3.46793265e+15	3.59953388e+15	3.20245342e-03
45749	591.75526557	1830	1.34955752e-04	1830.00000000	3.46795294e+15	3.59955422e+15	3.20247048e-03
45774	592.07616835	1831	1.35029499e-04	1831.00000000	3.46797319e+15	3.59957451e+15	3.20248749e-03
45799	592.39735724	1832	1.35103245e-04	1832.00000000	3.46799339e+15	3.59959475e+15	3.20250447e-03
45824	592.71959621	1833	1.35176991e-04	1833.00000000	3.46801354e+15	3.59961495e+15	3.20252140e-03
45849	593.04122343	1834	1.35250737e-04	1834.00000000	3.46803364e+15	3.59963510e+15	3.20253830e-03
45874	593.36222103	1835	1.35324484e-04	1835.00000000	3.46805370e+15	3.59965520e+15	3.20255515e-03
45899	593.68288914	1836	1.35398230e-04	1836.00000000	3.46807371e+15	3.59967525e+15	3.20257197e-03
45924	594.00409336	1837	1.35471976e-04	1837.00000000	3.46809367e+15	3.59969525e+15	3.20258874e-03
45949	594.32607953	1838	1.35545723e-04	1838.00000000	3.46811358e+15	3.59971521e+15	3.20260548e-03
45974	594.64825260	1839	1.35619469e-04	1839.00000000	3.46813345e+15	3.59973512e+15	3.20262217e-03
45999	594.96902970	1840	1.35693215e-04	1840.00000000	3.46815327e+15	3.59975498e+15	3.20263883e-03
46024	595.29082273	1841	1.35766962e-04	1841.00000000	3.46817304e+15	3.59977480e+15	3.20265545e-03
46049	595.61211770	1842	1.35840708e-04	1842.00000000	3.46819276e+15	3.59979457e+15	3.20267202e-03
46074	595.93286287	1843	1.35914454e-04	1843.00000000	3.46821244e+15	3.59981429e+15	3.20268856e-03
46099	596.25448937	1844	1.35988201e-04	1844.00000000	3.46823208e+15	3.59983396e+15	3.20270506e-03
46124	596.57592215	1845	1.36061947e-04	1845.00000000	3.46825166e+15	3.59985359e+15	3.20272152e-03
46149	596.89658330	1846	1.36135693e-04	1846.00000000	3.46827120e+15	3.59987318e+15	3.20273792e-03
46174	597.21730434	1847	1.36209440e-04	1847.00000000	3.46829070e+15	3.59989271e+15	3.20275430e-03
46199	597.53799485	1848	1.36283186e-04	1848.00000000	3.46831014e+15	3.59991220e+15	3.20277064e-03
46224	597.85851492	1849	1.36356932e-04	1849.00000000	3.46832955e+15	3.59993165e+15	3.20278695e-03
46249	598.17920271	1850	1.36430678e-04	1850.00000000	3.46834890e+15	3.59995104e+15	3.20280321e-03
46274	598.50015697	1851	1.36504425e-04	1851.00000000	3.46836821e+15	3.59997040e+15	3.20281944e-03
46299	598.82082080	1852	1.36578171e-04	1852.00000000	3.46838748e+15	3.59998970e+15	3.20283563e-03
46324	599.14154785	1853	1.36651917e-04	1853.00000000	3.46840670e+15	3.60000896e+15	3.20285178e-03
46349	599.46261669	1854	1.36725664e-04	1854.00000000	3.46842587e+15	3.60002818e+15	3.20286790e-03
46374	599.78336157	1855	1.36799410e-04	1855.00000000	3.46844500e+15	3.60004735e+15	3.20288397e-03
46399	600.10423985	1856	1.36873156e-04	1856.00000000	3.46846408e+15	3.60006648e+15	3.20290001e-03
46424	600.42508340	1857	1.36946903e-04	1857.00000000	3.46848312e+15	3.60008556e+15	3.20291601e-03
46449	600.74612512	1858	1.37020649e-04	1858.00000000	3.46850212e+15	3.60010459e+15	3.20293197e-03
46474	601.07014344	1859	1.37094395e-04	1859.00000000	3.46852106e+15	3.60012358e+15	3.20294790e-03
46499	601.39513259	1860	1.37168142e-04	1860.00000000	3.46853997e+15	3.60014253e+15	3.20296378e-03
46524	601.71999847	1861	1.37241888e-04	1861.00000000	3.46855883e+15	3.60016143e+15	3.20297963e-03
46549	602.04515264	1862	1.37315634e-04	1862.00000000	3.46857765e+15	3.60018029e+15	3.20299545e-03
46574	602.36993292	1863	1.37389381e-04	1863.00000000	3.46859642e+15	3.60019910e+15	3.20301120e-03
46599	602.69452030	1864	1.37463127e-04	1864.00000000	3.46861515e+15	3.60021787e+15	3.20302694e-03
46624	603.02015003	1865	1.37536873e-04	1865.00000000	3.46863383e+15	3.60023659e+15	3.20304264e-03
46649	603.34368110	1866	1.37610619e-04	1866.00000000	3.46865247e+15	3.60025527e+15	3.20305830e-03
46674	603.66659545	1867	1.37684366e-04	1867.00000000	3.46867106e+15	3.60027391e+15	3.20307393e-03
46699	603.99107419	1868	1.37758112e-04	1868.00000000	3.46868962e+15	3.60029250e+15	3.20308952e-03
46724	604.31540817	1869	1.37831858e-04	1869.00000000	3.46870813e+15	3.60031105e+15	3.20310507e-03
46749	604.63901209	1870	1.37905605e-04	1870.00000000	3.46872659e+15	3.60032955e+15	3.20312059e-03
46774	604.96360451	1871	1.37979351e-04	1871.00000000	3.46874501e+15	3.60034802e+15	3.20313607e-03
46799	605.28776551	1872	1.38053097e-04	1872.00000000	3.46876339e+15	3.60036644e+15	3.20315152e-03
46824	605.61109090	1873	1.38126844e-04	1873.00000000	3.46878173e+15	3.60038481e+15	3.20316692e-03
46849	605.93464886	1874	1.38200590e-04	1874.00000000	3.46880002e+15	3.60040314e+15	3.20318230e-03
46874	606.25811411	1875	1.38274336e-04	1875.00000000	3.46881827e+15	3.60042143e+15	3.20319763e-03
46899	606.58028482	1876	1.38348083e-04	1876.00000000	3.46883648e+15	3.60043968e+15	3.20321293e-03
46924	606.90245250	1877	1.38421829e-04	1877.00000000	3.46885465e+15	3.60045789e+15	3.20322820e-03
46949	607.22412390	1878	1.38495575e-04	1878.00000000	3.46887277e+15	3.60047605e+15	3.20324343e-03
46974	607.54657033	1879	1.38569322e-04	1879.00000000	3.46889085e+15	3.60049417e+15	3.20325862e-03
46999	607.86810702	1880	1.38643068e-04	1880.00000000	3.46890889e+15	3.60051225e+15	3.20327378e-03
47024	608.19158654	1881	1.38716814e-04	1881.00000000	3.46892689e+15	3.60053028e+15	3.20328889e-03
47049	608.51323526	1882	1.38790560e-04	1882.00000000	3.46894484e+15	3.60054828e+15	3.20330397e-03
47074	608.83408281	1883	1.38864307e-04	1883.00000000	3.46896275e+15	3.60056623e+15	3.20331902e-03
47099	609.15463669	1884	1.38938053e-04	1884.00000000	3.46898062e+15	3.60058414e+15	3.20333404e-03
47124	609.47697078	1885	1.39011799e-04	1885.00000000	3.46899845e+15	3.60060201e+15	3.20334902e-03
47149	609.79777722	1886	1.39085546e-04	1886.00000000	3.46901624e+15	3.60061983e+15	3.20336397e-03
47174	610.11828738	1887	1.39159292e-04	1887.00000000	3.46903399e+15	3.60063762e+15	3.20337888e-03
47199	610.43919114	1888	1.39233038e-04	1888.00000000	3.46905169e+15	3.60065536e+15	3.20339376e-03
47224	610.76020779	1889	1.39306785e-04	1889.00000000	3.46906936e+15	3.60067306e+15	3.20340860e-03
47249	611.08100797	1890	1.39380531e-04	1890.00000000	3.46908698e+15	3.60069072e+15	3.20342341e-03
47274	611.40354611	1891	1.39454277e-04	1891.00000000	3.46910456e+15	3.60070834e+15	3.20343819e-03
47299	611.72622399	1892	1.39528024e-04	1892.00000000	3.46912210e+15	3.60072592e+15	3.20345293e-03
47324	612.04743208	1893	1.39601770e-04	1893.00000000	3.46913960e+15	3.60074346e+15	3.20346763e-03
47349	612.36813010	1894	1.39675516e-04	1894.00000000	3.46915706e+15	3.60076096e+15	3.20348231e-03
47374	612.68888652	1895	1.39749263e-04	1895.00000000	3.46917448e+15	3.60077842e+15	3.20349694e-03
47399	613.01044450	1896	1.39823009e-04	1896.00000000	3.46919186e+15	3.60079583e+15	3.20351155e-03
47424	613.33130913	1897	1.39896755e-04	1897.00000000	3.46920920e+15	3.60081321e+15	3.20352612e-03
47449	613.65238812	1898	1.39970501e-04	1898.00000000	3.46922650e+15	3.60083055e+15	3.20354065e-03
47474	613.97338079	1899	1.40044248e-04	1899.00000000	3.46924376e+15	3.60084784e+15	3.20355516e-03
47499	614.29405877	1900	1.40117994e-04	1900.00000000	3.46926098e+15	3.60086510e+15	3.20356961e-03
47524	614.61599981	1901	1.40191740e-04	1901.00000000	3.46927815e+15	3.60088231e+15	3.20358404e-03
47549	614.93822500	1902	1.40265487e-04	1902.00000000	3.46929529e+15	3.60089949e+15	3.20359844e-03
47574	615.25949811	1903	1.40339233e-04	1903.00000000	3.46931239e+15	3.60091662e+15	3.20361281e-03
47599	615.58114838	1904	1.40412979e-04	1904.00000000	3.46932945e+15	3.60093372e+15	3.20362714e-03
47624	615.90310501	1905	1.40486726e-04	1905.00000000	3.46934647e+15	3.60095077e+15	3.20364144e-03
47649	616.22440258	1906	1.40560472e-04	1906.00000000	3.46936345e+15	3.60096779e+15	3.20365571e-03
47674	616.54510109	1907	1.40634218e-04	1907.00000000	3.46938039e+15	3.60098477e+15	3.20366995e-03
47699	616.86751556	1908	1.40707965e-04	1908.00000000	3.46939729e+15	3.60100171e+15	3.20368415e-03
47724	617.18892216	1909	1.40781711e-04	1909.00000000	3.46941415e+15	3.60101860e+15	3.20369832e-03
47749	617.50993385	1910	1.40855457e-04	1910.00000000	3.46943097e+15	3.60103546e+15	3.20371245e-03
47774	617.83067100	1911	1.40929204e-04	1911.00000000	3.46944776e+15	3.60105228e+15	3.20372656e-03
47799	618.15197699	1912	1.41002950e-04	1912.00000000	3.46946450e+15	3.60106907e+15	3.20374063e-03
47824	618.47314856	1913	1.41076696e-04	1913.00000000	3.46948121e+15	3.60108581e+15	3.20375467e-03
47849	618.79444881	1914	1.41150442e-04	1914.00000000	3.46949788e+15	3.60110251e+15	3.20376867e-03
47874	619.11599410	1915	1.41224189e-04	1915.00000000	3.46951451e+15	3.60111918e+15	3.20378265e-03
47899	619.43905536	1916	1.41297935e-04	1916.00000000	3.46953110e+15	3.60113580e+15	3.20379659e-03
47924	619.76353681	1917	1.41371681e-04	1917.00000000	3.46954765e+15	3.60115239e+15	3.20381050e-03
47949	620.08730934	1918	1.41445428e-04	1918.00000000	3.46956416e+15	3.60116894e+15	3.20382437e-03
47974	620.41046866	1919	1.41519174e-04	1919.00000000	3.46958064e+15	3.60118545e+15	3.20383822e-03
47999	620.73400471	1920	1.41592920e-04	1920.00000000	3.46959708e+15	3.60120193e+15	3.20385203e-03
48024	621.05744516	1921	1.41666667e-04	1921.00000000	3.46961348e+15	3.60121836e+15	3.20386579e-03
48049	621.38084344	1922	1.41740413e-04	1922.00000000	3.46962984e+15	3.60123476e+15	3.20387954e-03
48074	621.70338965	1923	1.41814159e-04	1923.00000000	3.46964616e+15	3.60125112e+15	3.20389326e-03
48099	622.02750571	1924	1.41887906e-04	1924.00000000	3.46966245e+15	3.60126744e+15	3.20390694e-03
48124	622.34987429	1925	1.41961652e-04	1925.00000000	3.46967870e+15	3.60128372e+15	3.20392060e-03
48149	622.67158051	1926	1.42035398e-04	1926.00000000	3.46969491e+15	3.60129997e+15	3.20393422e-03
48174	622.99219530	1927	1.42109145e-04	1927.00000000	3.46971108e+15	3.60131618e+15	3.20394781e-03
48199	623.31314717	1928	1.42182891e-04	1928.00000000	3.46972722e+15	3.60133235e+15	3.20396137e-03
48224	623.63770510	1929	1.42256637e-04	1929.00000000	3.46974332e+15	3.60134849e+15	3.20397490e-03
48249	623.95943408	1930	1.42330383e-04	1930.00000000	3.46975938e+15	3.60136458e+15	3.20398839e-03
48274	624.28112971	1931	1.42404130e-04	1931.00000000	3.46977541e+15	3.60138064e+15	3.20400186e-03
48299	624.60239038	1932	1.42477876e-04	1932.00000000	3.46979139e+15	3.60139667e+15	3.20401529e-03
48324	624.92411937	1933	1.42551622e-04	1933.00000000	3.46980735e+15	3.60141265e+15	3.20402870e-03
48349	625.24576003	1934	1.42625369e-04	1934.00000000	3.46982326e+15	3.60142860e+15	3.20404207e-03
48374	625.56673845	1935	1.42699115e-04	1935.00000000	3.46983914e+15	3.60144451e+15	3.20405541e-03
48399	625.88821229	1936	1.42772861e-04	1936.00000000	3.46985498e+15	3.60146039e+15	3.20406872e-03
48424	626.21116603	1937	1.42846608e-04	1937.00000000	3.46987079e+15	3.60147623e+15	3.20408200e-03
48449	626.53200326	1938	1.42920354e-04	1938.00000000	3.46988655e+15	3.60149203e+15	3.20409526e-03
48474	626.85334507	1939	1.42994100e-04	1939.00000000	3.46990229e+15	3.60150780e+15	3.20410847e-03
48499	627.17466687	1940	1.43067847e-04	1940.00000000	3.46991798e+15	3.60152353e+15	3.20412166e-03
48524	627.49633922	1941	1.43141593e-04	1941.00000000	3.46993364e+15	3.60153922e+15	3.20413482e-03
48549	627.81929528	1942	1.43215339e-04	1942.00000000	3.46994927e+15	3.60155488e+15	3.20414795e-03
48574	628.14041178	1943	1.43289086e-04	1943.00000000	3.46996485e+15	3.60157050e+15	3.20416103e-03
48599	628.46161571	1944	1.43362832e-04	1944.00000000	3.46998041e+15	3.60158609e+15	3.20417410e-03
48624	628.78225871	1945	1.43436578e-04	1945.00000000	3.46999592e+15	3.60160164e+15	3.20418714e-03
48649	629.10298875	1946	1.43510324e-04	1946.00000000	3.47001140e+15	3.60161715e+15	3.20420015e-03
48674	629.42474083	1947	1.43584071e-04	1947.00000000	3.47002685e+15	3.60163263e+15	3.20421312e-03
48699	629.74548715	1948	1.43657817e-04	1948.00000000	3.47004226e+15	3.60164807e+15	3.20422607e-03
48724	630.06748876	1949	1.43731563e-04	1949.00000000	3.47005763e+15	3.60166348e+15	3.20423899e-03
48749	630.38947213	1950	1.43805310e-04	1950.00000000	3.47007297e+15	3.60167885e+15	3.20425188e-03
48774	630.71218299	1951	1.43879056e-04	1951.00000000	3.47008827e+15	3.60169419e+15	3.20426474e-03
48799	631.03366526	1952	1.43952802e-04	1952.00000000	3.47010354e+15	3.60170949e+15	3.20427757e-03
48824	631.35517335	1953	1.44026549e-04	1953.00000000	3.47011878e+15	3.60172475e+15	3.20429037e-03
48849	631.67827908	1954	1.44100295e-04	1954.00000000	3.47013397e+15	3.60173999e+15	3.20430314e-03
48874	632.00294214	1955	1.44174041e-04	1955.00000000	3.47014914e+15	3.60175518e+15	3.20431588e-03
48899	632.32665728	1956	1.44247788e-04	1956.00000000	3.47016427e+15	3.60177035e+15	3.20432859e-03
48924	632.65175696	1957	1.44321534e-04	1957.00000000	3.47017937e+15	3.60178548e+15	3.20434128e-03
48949	632.97558308	1958	1.44395280e-04	1958.00000000	3.47019443e+15	3.60180057e+15	3.20435393e-03
48974	633.29717112	1959	1.44469027e-04	1959.00000000	3.47020945e+15	3.60181563e+15	3.20436656e-03
48999	633.61816468	1960	1.44542773e-04	1960.00000000	3.47022445e+15	3.60183065e+15	3.20437916e-03
49024	633.94050093	1961	1.44616519e-04	1961.00000000	3.47023941e+15	3.60184565e+15	3.20439173e-03
49049	634.26253745	1962	1.44690265e-04	1962.00000000	3.47025433e+15	3.60186060e+15	3.20440427e-03
49074	634.58666229	1963	1.44764012e-04	1963.00000000	3.47026922e+15	3.60187553e+15	3.20441678e-03
49099	634.91202193	1964	1.44837758e-04	1964.00000000	3.47028408e+15	3.60189042e+15	3.20442927e-03
49124	635.23564053	1965	1.44911504e-04	1965.00000000	3.47029890e+15	3.60190527e+15	3.20444172e-03
49149	635.56052690	1966	1.44985251e-04	1966.00000000	3.47031369e+15	3.60192009e+15	3.20445415e-03
49174	635.88604494	1967	1.45058997e-04	1967.00000000	3.47032845e+15	3.60193488e+15	3.20446654e-03
49199	636.20985106	1968	1.45132743e-04	1968.00000000	3.47034317e+15	3.60194963e+15	3.20447891e-03
49224	636.53361722	1969	1.45206490e-04	1969.00000000	3.47035786e+15	3.60196435e+15	3.20449125e-03
49249	636.85663055	1970	1.45280236e-04	1970.00000000	3.47037251e+15	3.60197904e+15	3.20450356e-03
49274	637.17978060	1971	1.45353982e-04	1971.00000000	3.47038713e+15	3.60199369e+15	3.20451585e-03
49299	637.50308155	1972	1.45427729e-04	1972.00000000	3.47040172e+15	3.60200831e+15	3.20452811e-03
49324	637.82799591	1973	1.45501475e-04	1973.00000000	3.47041627e+15	3.60202290e+15	3.20454034e-03
49349	638.15252307	1974	1.45575221e-04	1974.00000000	3.47043080e+15	3.60203745e+15	3.20455254e-03
49374	638.47619182	1975	1.45648968e-04	1975.00000000	3.47044528e+15	3.60205197e+15	3.20456472e-03
49399	638.79883382	1976	1.45722714e-04	1976.00000000	3.47045974e+15	3.60206646e+15	3.20457686e-03
49424	639.12217339	1977	1.45796460e-04	1977.00000000	3.47047416e+15	3.60208091e+15	3.20458898e-03
49449	639.44656105	1978	1.45870206e-04	1978.00000000	3.47048855e+15	3.60209533e+15	3.20460107e-03
49474	639.77214424	1979	1.45943953e-04	1979.00000000	3.47050291e+15	3.60210972e+15	3.20461314e-03
49499	640.09703691	1980	1.46017699e-04	1980.00000000	3.47051723e+15	3.60212407e+15	3.20462518e-03
49524	640.42075423	1981	1.46091445e-04	1981.00000000	3.47053152e+15	3.60213839e+15	3.20463718e-03
49549	640.74402449	1982	1.46165192e-04	1982.00000000	3.47054578e+15	3.60215268e+15	3.20464917e-03
49574	641.06814257	1983	1.46238938e-04	1983.00000000	3.47056001e+15	3.60216694e+15	3.20466112e-03
49599	641.39147799	1984	1.46312684e-04	1984.00000000	3.47057420e+15	3.60218117e+15	3.20467305e-03
49624	641.71537427	1985	1.46386431e-04	1985.00000000	3.47058836e+15	3.60219536e+15	3.20468495e-03
49649	642.03869704	1986	1.46460177e-04	1986.00000000	3.47060249e+15	3.60220952e+15	3.20469682e-03
49674	642.36095225	1987	1.46533923e-04	1987.00000000	3.47061659e+15	3.60222365e+15	3.20470867e-03
49699	642.68320667	1988	1.46607670e-04	1988.00000000	3.47063066e+15	3.60223774e+15	3.20472049e-03
49724	643.00721813	1989	1.46681416e-04	1989.00000000	3.47064469e+15	3.60225181e+15	3.20473228e-03
49749	643.33033821	1990	1.46755162e-04	1990.00000000	3.47065869e+15	3.60226584e+15	3.20474404e-03
49774	643.65537275	1991	1.46828909e-04	1991.00000000	3.47067266e+15	3.60227984e+15	3.20475578e-03
49799	643.97859901	1992	1.46902655e-04	1992.00000000	3.47068660e+15	3.60229381e+15	3.20476748e-03
49824	644.30426640	1993	1.46976401e-04	1993.00000000	3.47070050e+15	3.60230774e+15	3.20477917e-03
49849	644.62862404	1994	1.47050147e-04	1994.00000000	3.47071438e+15	3.60232165e+15	3.20479082e-03
49874	644.95232795	1995	1.47123894e-04	1995.00000000	3.47072822e+15	3.60233552e+15	3.20480246e-03
49899	645.27774055	1996	1.47197640e-04	1996.00000000	3.47074203e+15	3.60234936e+15	3.20481406e-03
49924	645.60174511	1997	1.47271386e-04	1997.00000000	3.47075581e+15	3.60236317e+15	3.20482564e-03
49949	645.92528225	1998	1.47345133e-04	1998.00000000	3.47076956e+15	3.60237695e+15	3.20483720e-03
49974	646.24796781	1999	1.47418879e-04	1999.00000000	3.47078328e+15	3.60239069e+15	3.20484872e-03
49999	646.57278152	2000	1.47492625e-04	2000.00000000	3.47079696e+15	3.60240441e+15	3.20486022e-03
50024	646.89823108	2001	1.47566372e-04	2001.00000000	3.47081062e+15	3.60241809e+15	3.20487170e-03
50049	647.22272868	2002	1.47640118e-04	2002.00000000	3.47082424e+15	3.60243174e+15	3.20488314e-03
50074	647.54553763	2003	1.47713864e-04	2003.00000000	3.47083783e+15	3.60244537e+15	3.20489457e-03
50099	647.86918507	2004	1.47787611e-04	2004.00000000	3.47085139e+15	3.60245896e+15	3.20490596e-03
50124	648.19219642	2005	1.47861357e-04	2005.00000000	3.47086493e+15	3.60247252e+15	3.20491733e-03
50149	648.51496730	2006	1.47935103e-04	2006.00000000	3.47087843e+15	3.60248605e+15	3.20492868e-03
50174	648.83777773	2007	1.48008850e-04	2007.00000000	3.47089190e+15	3.60249955e+15	3.20494000e-03
50199	649.16339624	2008	1.48082596e-04	2008.00000000	3.47090533e+15	3.60251301e+15	3.20495129e-03
50224	649.48726713	2009	1.48156342e-04	2009.00000000	3.47091874e+15	3.60252645e+15	3.20496256e-03
50249	649.81086770	2010	1.48230088e-04	2010.00000000	3.47093212e+15	3.60253986e+15	3.20497380e-03
50274	650.13305043	2011	1.48303835e-04	2011.00000000	3.47094547e+15	3.60255323e+15	3.20498501e-03
50299	650.45533247	2012	1.48377581e-04	2012.00000000	3.47095878e+15	3.60256658e+15	3.20499620e-03
50324	650.78096534	2013	1.48451327e-04	2013.00000000	3.47097207e+15	3.60257989e+15	3.20500737e-03
50349	651.10342043	2014	1.48525074e-04	2014.00000000	3.47098533e+15	3.60259318e+15	3.20501851e-03
50374	651.42832850	2015	1.48598820e-04	2015.00000000	3.47099855e+15	3.60260643e+15	3.20502962e-03
50399	651.75357173	2016	1.48672566e-04	2016.00000000	3.47101175e+15	3.60261966e+15	3.20504071e-03
50424	652.07906765	2017	1.48746313e-04	2017.00000000	3.47102492e+15	3.60263285e+15	3.20505178e-03
50449	652.40327741	2018	1.48820059e-04	2018.00000000	3.47103805e+15	3.60264602e+15	3.20506282e-03
50474	652.72688746	2019	1.48893805e-04	2019.00000000	3.47105116e+15	3.60265915e+15	3.20507383e-03
50499	653.04965711	2020	1.48967552e-04	2020.00000000	3.47106424e+15	3.60267226e+15	3.20508481e-03
50524	653.37463983	2021	1.49041298e-04	2021.00000000	3.47107728e+15	3.60268533e+15	3.20509577e-03
50549	653.69845170	2022	1.49115044e-04	2022.00000000	3.47109030e+15	3.60269838e+15	3.20510671e-03
50574	654.02434917	2023	1.49188791e-04	2023.00000000	3.47110329e+15	3.60271139e+15	3.20511762e-03
50599	654.34969420	2024	1.49262537e-04	2024.00000000	3.47111625e+15	3.60272438e+15	3.20512851e-03
50624	654.67477676	2025	1.49336283e-04	2025.00000000	3.47112917e+15	3.60273734e+15	3.20513938e-03
50649	655.00028785	2026	1.49410029e-04	2026.00000000	3.47114207e+15	3.60275026e+15	3.20515022e-03
50674	655.32561224	2027	1.49483776e-04	2027.00000000	3.47115494e+15	3.60276316e+15	3.20516103e-03
50699	655.65106793	2028	1.49557522e-04	2028.00000000	3.47116779e+15	3.60277603e+15	3.20517182e-03
50724	655.97470371	2029	1.49631268e-04	2029.00000000	3.47118060e+15	3.60278887e+15	3.20518259e-03
50749	656.29764875	2030	1.49705015e-04	2030.00000000	3.47119338e+15	3.60280168e+15	3.20519333e-03
50774	656.62356685	2031	1.49778761e-04	2031.00000000	3.47120613e+15	3.60281446e+15	3.20520405e-03
50799	656.94707008	2032	1.49852507e-04	2032.00000000	3.47121886e+15	3.60282722e+15	3.20521474e-03
50824	657.27119675	2033	1.49926254e-04	2033.00000000	3.47123155e+15	3.60283994e+15	3.20522541e-03
50849	657.59448426	2034	1.50000000e-04	2034.00000000	3.47124422e+15	3.60285263e+15	3.20523605e-03
50874	657.91909009	2035	1.50073746e-04	2035.00000000	3.47125686e+15	3.60286530e+15	3.20524667e-03
50899	658.24429482	2036	1.50147493e-04	2036.00000000	3.47126947e+15	3.60287794e+15	3.20525727e-03
50924	658.56997529	2037	1.50221239e-04	2037.00000000	3.47128205e+15	3.60289055e+15	3.20526784e-03
50949	658.89353442	2038	1.50294985e-04	2038.00000000	3.47129461e+15	3.60290313e+15	3.20527839e-03
50974	659.21839746	2039	1.50368732e-04	2039.00000000	3.47130713e+15	3.60291568e+15	3.20528891e-03
50999	659.54086728	2040	1.50442478e-04	2040.00000000	3.47131963e+15	3.60292820e+15	3.20529941e-03
51024	659.86748392	2041	1.50516224e-04	2041.00000000	3.47133209e+15	3.60294070e+15	3.20530989e-03
51049	660.19199350	2042	1.50589971e-04	2042.00000000	3.47134453e+15	3.60295316e+15	3.20532034e-03
51074	660.51737185	2043	1.50663717e-04	2043.00000000	3.47135694e+15	3.60296560e+15	3.20533077e-03
51099	660.84094460	2044	1.50737463e-04	2044.00000000	3.47136933e+15	3.60297801e+15	3.20534118e-03
51124	661.16461922	2045	1.50811209e-04	2045.00000000	3.47138168e+15	3.60299039e+15	3.20535156e-03
51149	661.48911212	2046	1.50884956e-04	2046.00000000	3.47139401e+15	3.60300275e+15	3.20536192e-03
51174	661.81302024	2047	1.50958702e-04	2047.00000000	3.47140631e+15	3.60301507e+15	3.20537225e-03
51199	662.13613893	2048	1.51032448e-04	2048.00000000	3.47141858e+15	3.60302737e+15	3.20538257e-03
51224	662.45991903	2049	1.51106195e-04	2049.00000000	3.47143083e+15	3.60303964e+15	3.20539284e-03
51249	662.78340857	2050	1.51179941e-04	2050.00000000	3.47144304e+15	3.60305188e+15	3.20540311e-03
51274	663.10567056	2051	1.51253687e-04	2051.00000000	3.47145523e+15	3.60306410e+15	3.20541335e-03
51299	663.42969534	2052	1.51327434e-04	2052.00000000	3.47146739e+15	3.60307628e+15	3.20542357e-03
51324	663.75473870	2053	1.51401180e-04	2053.00000000	3.47147952e+15	3.60308844e+15	3.20543376e-03
51349	664.07739714	2054	1.51474926e-04	2054.00000000	3.47149163e+15	3.60310058e+15	3.20544394e-03
51374	664.40076783	2055	1.51548673e-04	2055.00000000	3.47150371e+15	3.60311268e+15	3.20545409e-03
51399	664.72454249	2056	1.51622419e-04	2056.00000000	3.47151576e+15	3.60312476e+15	3.20546421e-03
51424	665.04947678	2057	1.51696165e-04	2057.00000000	3.47152778e+15	3.60313681e+15	3.20547432e-03
51449	665.37250918	2058	1.51769912e-04	2058.00000000	3.47153978e+15	3.60314883e+15	3.20548440e-03
51474	665.69614018	2059	1.51843658e-04	2059.00000000	3.47155175e+15	3.60316082e+15	3.20549445e-03
51499	666.02101116	2060	1.51917404e-04	2060.00000000	3.47156369e+15	3.60317279e+15	3.20550449e-03
51524	666.34532585	2061	1.51991150e-04	2061.00000000	3.47157561e+15	3.60318473e+15	3.20551450e-03
51549	666.66837626	2062	1.52064897e-04	2062.00000000	3.47158749e+15	3.60319665e+15	3.20552449e-03
51574	666.99214646	2063	1.52138643e-04	2063.00000000	3.47159936e+15	3.60320853e+15	3.20553446e-03
51599	667.31602994	2064	1.52212389e-04	2064.00000000	3.47161119e+15	3.60322039e+15	3.20554440e-03
51624	667.64111594	2065	1.52286136e-04	2065.00000000	3.47162300e+15	3.60323223e+15	3.20555433e-03
51649	667.96365553	2066	1.52359882e-04	2066.00000000	3.47163478e+15	3.60324404e+15	3.20556423e-03
51674	668.28936101	2067	1.52433628e-04	2067.00000000	3.47164653e+15	3.60325582e+15	3.20557410e-03
51699	668.61286278	2068	1.52507375e-04	2068.00000000	3.47165826e+15	3.60326757e+15	3.20558396e-03
51724	668.93548844	2069	1.52581121e-04	2069.00000000	3.47166996e+15	3.60327930e+15	3.20559379e-03
51749	669.25846732	2070	1.52654867e-04	2070.00000000	3.47168164e+15	3.60329100e+15	3.20560360e-03
51774	669.58172505	2071	1.52728614e-04	2071.00000000	3.47169329e+15	3.60330267e+15	3.20561339e-03
51799	669.90404319	2072	1.52802360e-04	2072.00000000	3.47170491e+15	3.60331432e+15	3.20562316e-03
51824	670.22856506	2073	1.52876106e-04	2073.00000000	3.47171651e+15	3.60332594e+15	3.20563290e-03
51849	670.55330264	2074	1.52949853e-04	2074.00000000	3.47172808e+15	3.60333754e+15	3.20564263e-03
51874	670.87826886	2075	1.53023599e-04	2075.00000000	3.47173962e+15	3.60334910e+15	3.20565233e-03
51899	671.20195861	2076	1.53097345e-04	2076.00000000	3.47175114e+15	3.60336065e+15	3.20566200e-03
51924	671.52509449	2077	1.53171091e-04	2077.00000000	3.47176263e+15	3.60337216e+15	3.20567166e-03
51949	671.84924976	2078	1.53244838e-04	2078.00000000	3.47177409e+15	3.60338365e+15	3.20568129e-03
51974	672.17457390	2079	1.53318584e-04	2079.00000000	3.47178553e+15	3.60339511e+15	3.20569091e-03
51999	672.49790262	2080	1.53392330e-04	2080.00000000	3.47179694e+15	3.60340655e+15	3.20570050e-03
52024	672.82251200	2081	1.53466077e-04	2081.00000000	3.47180833e+15	3.60341796e+15	3.20571006e-03
52049	673.14710069	2082	1.53539823e-04	2082.00000000	3.47181969e+15	3.60342934e+15	3.20571960e-03
52074	673.47426796	2083	1.53613569e-04	2083.00000000	3.47183102e+15	3.60344070e+15	3.20572912e-03
52099	673.79820880	2084	1.53687316e-04	2084.00000000	3.47184232e+15	3.60345203e+15	3.20573862e-03
52124	674.12232363	2085	1.53761062e-04	2085.00000000	3.47185360e+15	3.60346333e+15	3.20574810e-03
52149	674.44806164	2086	1.53834808e-04	2086.00000000	3.47186486e+15	3.60347461e+15	3.20575756e-03
52174	674.77387265	2087	1.53908555e-04	2087.00000000	3.47187608e+15	3.60348586e+15	3.20576699e-03
52199	675.09825550	2088	1.53982301e-04	2088.00000000	3.47188728e+15	3.60349709e+15	3.20577641e-03
52224	675.42261145	2089	1.54056047e-04	2089.00000000	3.47189846e+15	3.60350829e+15	3.20578580e-03
52249	675.74599589	2090	1.54129794e-04	2090.00000000	3.47190961e+15	3.60351946e+15	3.20579517e-03
52274	676.07188910	2091	1.54203540e-04	2091.00000000	3.47192073e+15	3.60353061e+15	3.20580452e-03
52299	676.39650630	2092	1.54277286e-04	2092.00000000	3.47193183e+15	3.60354173e+15	3.20581384e-03
52324	676.71969220	2093	1.54351032e-04	2093.00000000	3.47194290e+15	3.60355283e+15	3.20582315e-03
52349	677.04265818	2094	1.54424779e-04	2094.00000000	3.47195395e+15	3.60356390e+15	3.20583243e-03
52374	677.36774217	2095	1.54498525e-04	2095.00000000	3.47196497e+15	3.60357494e+15	3.20584169e-03
52399	677.69311968	2096	1.54572271e-04	2096.00000000	3.47197597e+15	3.60358596e+15	3.20585093e-03
52424	678.01662296	2097	1.54646018e-04	2097.00000000	3.47198694e+15	3.60359695e+15	3.20586015e-03
52449	678.34102797	2098	1.54719764e-04	2098.00000000	3.47199788e+15	3.60360792e+15	3.20586935e-03
52474	678.66580812	2099	1.54793510e-04	2099.00000000	3.47200880e+15	3.60361887e+15	3.20587853e-03
52499	678.98957598	2100	1.54867257e-04	2100.00000000	3.47201970e+15	3.60362978e+15	3.20588768e-03
52524	679.31322399	2101	1.54941003e-04	2101.00000000	3.47203057e+15	3.60364068e+15	3.20589682e-03
52549	679.63672850	2102	1.55014749e-04	2102.00000000	3.47204141e+15	3.60365155e+15	3.20590593e-03
52574	679.95985321	2103	1.55088496e-04	2103.00000000	3.47205223e+15	3.60366239e+15	3.20591502e-03
52599	680.28251705	2104	1.55162242e-04	2104.00000000	3.47206302e+15	3.60367320e+15	3.20592409e-03
52624	680.60584071	2105	1.55235988e-04	2105.00000000	3.47207379e+15	3.60368400e+15	3.20593314e-03
52649	680.93013125	2106	1.55309735e-04	2106.00000000	3.47208454e+15	3.60369477e+15	3.20594217e-03
52674	681.25336588	2107	1.55383481e-04	2107.00000000	3.47209526e+15	3.60370551e+15	3.20595118e-03
52699	681.57736476	2108	1.55457227e-04	2108.00000000	3.47210595e+15	3.60371623e+15	3.20596017e-03
52724	681.89943769	2109	1.55530973e-04	2109.00000000	3.47211662e+15	3.60372692e+15	3.20596913e-03
52749	682.22326779	2110	1.55604720e-04	2110.00000000	3.47212727e+15	3.60373759e+15	3.20597808e-03
52774	682.54557850	2111	1.55678466e-04	2111.00000000	3.47213789e+15	3.60374823e+15	3.20598701e-03
52799	682.86880303	2112	1.55752212e-04	2112.00000000	3.47214848e+15	3.60375885e+15	3.20599591e-03
52824	683.19166229	2113	1.55825959e-04	2113.00000000	3.47215905e+15	3.60376945e+15	3.20600479e-03
52849	683.51713684	2114	1.55899705e-04	2114.00000000	3.47216960e+15	3.60378002e+15	3.20601366e-03
52874	683.83920642	2115	1.55973451e-04	2115.00000000	3.47218013e+15	3.60379056e+15	3.20602250e-03
52899	684.16012363	2116	1.56047198e-04	2116.00000000	3.47219062e+15	3.60380108e+15	3.20603132e-03
52924	684.48129166	2117	1.56120944e-04	2117.00000000	3.47220110e+15	3.60381158e+15	3.20604012e-03
52949	684.80299037	2118	1.56194690e-04	2118.00000000	3.47221155e+15	3.60382205e+15	3.20604890e-03
52974	685.12440641	2119	1.56268437e-04	2119.00000000	3.47222197e+15	3.60383250e+15	3.20605766e-03
52999	685.44561192	2120	1.56342183e-04	2120.00000000	3.47223238e+15	3.60384293e+15	3.20606640e-03
53024	685.76796374	2121	1.56415929e-04	2121.00000000	3.47224275e+15	3.60385333e+15	3.20607512e-03
53049	686.08944178	2122	1.56489676e-04	2122.00000000	3.47225311e+15	3.60386370e+15	3.20608382e-03
53074	686.41036971	2123	1.56563422e-04	2123.00000000	3.47226344e+15	3.60387406e+15	3.20609251e-03
53099	686.73109449	2124	1.56637168e-04	2124.00000000	3.47227375e+15	3.60388438e+15	3.20610117e-03
53124	687.05275160	2125	1.56710914e-04	2125.00000000	3.47228403e+15	3.60389469e+15	3.20610981e-03
53149	687.37367127	2126	1.56784661e-04	2126.00000000	3.47229429e+15	3.60390497e+15	3.20611843e-03
53174	687.69515198	2127	1.56858407e-04	2127.00000000	3.47230452e+15	3.60391523e+15	3.20612703e-03
53199	688.01619490	2128	1.56932153e-04	2128.00000000	3.47231473e+15	3.60392546e+15	3.20613561e-03
53224	688.33880136	2129	1.57005900e-04	2129.00000000	3.47232492e+15	3.60393567e+15	3.20614417e-03
53249	688.66108155	2130	1.57079646e-04	2130.00000000	3.47233509e+15	3.60394586e+15	3.20615271e-03
53274	688.98221642	2131	1.57153392e-04	2131.00000000	3.47234523e+15	3.60395602e+15	3.20616124e-03
53299	689.30328440	2132	1.57227139e-04	2132.00000000	3.47235535e+15	3.60396616e+15	3.20616974e-03
53324	689.62400963	2133	1.57300885e-04	2133.00000000	3.47236544e+15	3.60397628e+15	3.20617822e-03
53349	689.94589929	2134	1.57374631e-04	2134.00000000	3.47237551e+15	3.60398637e+15	3.20618669e-03
53374	690.26694507	2135	1.57448378e-04	2135.00000000	3.47238556e+15	3.60399644e+15	3.20619513e-03
53399	690.58903739	2136	1.57522124e-04	2136.00000000	3.47239558e+15	3.60400649e+15	3.20620355e-03
53424	690.90986243	2137	1.57595870e-04	2137.00000000	3.47240559e+15	3.60401651e+15	3.20621196e-03
53449	691.23130688	2138	1.57669617e-04	2138.00000000	3.47241557e+15	3.60402651e+15	3.20622034e-03
53474	691.55277933	2139	1.57743363e-04	2139.00000000	3.47242552e+15	3.60403649e+15	3.20622871e-03
53499	691.87655826	2140	1.57817109e-04	2140.00000000	3.47243545e+15	3.60404644e+15	3.20623706e-03
53524	692.19757289	2141	1.57890855e-04	2141.00000000	3.47244536e+15	3.60405638e+15	3.20624539e-03
53549	692.51841580	2142	1.57964602e-04	2142.00000000	3.47245525e+15	3.60406628e+15	3.20625369e-03
53574	692.83939481	2143	1.58038348e-04	2143.00000000	3.47246512e+15	3.60407617e+15	3.20626198e-03
53599	693.16303401	2144	1.58112094e-04	2144.00000000	3.47247496e+15	3.60408603e+15	3.20627025e-03
53624	693.48621348	2145	1.58185841e-04	2145.00000000	3.47248478e+15	3.60409587e+15	3.20627851e-03
53649	693.80920199	2146	1.58259587e-04	2146.00000000	3.47249457e+15	3.60410569e+15	3.20628674e-03
53674	694.13108241	2147	1.58333333e-04	2147.00000000	3.47250435e+15	3.60411549e+15	3.20629495e-03
53699	694.45207883	2148	1.58407080e-04	2148.00000000	3.47251410e+15	3.60412526e+15	3.20630315e-03
53724	694.77303481	2149	1.58480826e-04	2149.00000000	3.47252383e+15	3.60413501e+15	3.20631132e-03
53749	695.09569930	2150	1.58554572e-04	2150.00000000	3.47253353e+15	3.60414473e+15	3.20631948e-03
53774	695.41740442	2151	1.58628319e-04	2151.00000000	3.47254321e+15	3.60415444e+15	3.20632762e-03
53799	695.73809439	2152	1.58702065e-04	2152.00000000	3.47255287e+15	3.60416412e+15	3.20633574e-03
53824	696.05862129	2153	1.58775811e-04	2153.00000000	3.47256251e+15	3.60417378e+15	3.20634384e-03
53849	696.38056579	2154	1.58849558e-04	2154.00000000	3.47257213e+15	3.60418341e+15	3.20635192e-03
53874	696.70329292	2155	1.58923304e-04	2155.00000000	3.47258172e+15	3.60419303e+15	3.20635998e-03
53899	697.02535558	2156	1.58997050e-04	2156.00000000	3.47259129e+15	3.60420262e+15	3.20636802e-03
53924	697.34833393	2157	1.59070796e-04	2157.00000000	3.47260084e+15	3.60421219e+15	3.20637604e-03
53949	697.67091841	2158	1.59144543e-04	2158.00000000	3.47261036e+15	3.60422173e+15	3.20638404e-03
53974	697.99469471	2159	1.59218289e-04	2159.00000000	3.47261986e+15	3.60423125e+15	3.20639203e-03
53999	698.31802252	2160	1.59292035e-04	2160.00000000	3.47262934e+15	3.60424075e+15	3.20640000e-03
54024	698.64337129	2161	1.59365782e-04	2161.00000000	3.47263880e+15	3.60425023e+15	3.20640795e-03
54049	698.96716183	2162	1.59439528e-04	2162.00000000	3.47264824e+15	3.60425969e+15	3.20641588e-03
54074	699.29118320	2163	1.59513274e-04	2163.00000000	3.47265765e+15	3.60426912e+15	3.20642379e-03
54099	699.61421895	2164	1.59587021e-04	2164.00000000	3.47266704e+15	3.60427853e+15	3.20643168e-03
54124	699.93822802	2165	1.59660767e-04	2165.00000000	3.47267641e+15	3.60428792e+15	3.20643956e-03
54149	700.26277617	2166	1.59734513e-04	2166.00000000	3.47268576e+15	3.60429729e+15	3.20644741e-03
54174	700.58592519	2167	1.59808260e-04	2167.00000000	3.47269508e+15	3.60430663e+15	3.20645525e-03
54199	700.91108620	2168	1.59882006e-04	2168.00000000	3.47270438e+15	3.60431596e+15	3.20646307e-03
54224	701.23595382	2169	1.59955752e-04	2169.00000000	3.47271366e+15	3.60432526e+15	3.20647087e-03
54249	701.55978848	2170	1.60029499e-04	2170.00000000	3.47272292e+15	3.60433454e+15	3.20647865e-03
54274	701.88352615	2171	1.60103245e-04	2171.00000000	3.47273216e+15	3.60434379e+15	3.20648641e-03
54299	702.20648232	2172	1.60176991e-04	2172.00000000	3.47274138e+15	3.60435303e+15	3.20649416e-03
54324	702.53131865	2173	1.60250737e-04	2173.00000000	3.47275057e+15	3.60436224e+15	3.20650189e-03
54349	702.85461360	2174	1.60324484e-04	2174.00000000	3.47275974e+15	3.60437144e+15	3.20650960e-03
54374	703.17889917	2175	1.60398230e-04	2175.00000000	3.47276889e+15	3.60438061e+15	3.20651729e-03
54399	703.50337279	2176	1.60471976e-04	2176.00000000	3.47277802e+15	3.60438976e+15	3.20652496e-03
54424	703.82764635	2177	1.60545723e-04	2177.00000000	3.47278713e+15	3.60439888e+15	3.20653262e-03
54449	704.15097446	2178	1.60619469e-04	2178.00000000	3.47279622e+15	3.60440799e+15	3.20654025e-03
54474	704.47295223	2179	1.60693215e-04	2179.00000000	3.47280528e+15	3.60441707e+15	3.20654787e-03
54499	704.79511793	2180	1.60766962e-04	2180.00000000	3.47281432e+15	3.60442614e+15	3.20655547e-03
54524	705.11899135	2181	1.60840708e-04	2181.00000000	3.47282335e+15	3.60443518e+15	3.20656306e-03
54549	705.44300326	2182	1.60914454e-04	2182.00000000	3.47283235e+15	3.60444420e+15	3.20657062e-03
54574	705.76797579	2183	1.60988201e-04	2183.00000000	3.47284133e+15	3.60445320e+15	3.20657817e-03
54599	706.09189746	2184	1.61061947e-04	2184.00000000	3.47285029e+15	3.60446218e+15	3.20658570e-03
54624	706.41562900	2185	1.61135693e-04	2185.00000000	3.47285922e+15	3.60447113e+15	3.20659321e-03
54649	706.73849062	2186	1.61209440e-04	2186.00000000	3.47286814e+15	3.60448007e+15	3.20660070e-03
54674	707.06055554	2187	1.61283186e-04	2187.00000000	3.47287704e+15	3.60448899e+15	3.20660818e-03
54699	707.38476487	2188	1.61356932e-04	2188.00000000	3.47288591e+15	3.60449788e+15	3.20661564e-03
54724	707.70989966	2189	1.61430678e-04	2189.00000000	3.47289476e+15	3.60450675e+15	3.20662308e-03
54749	708.03244030	2190	1.61504425e-04	2190.00000000	3.47290360e+15	3.60451560e+15	3.20663051e-03
54774	708.35596830	2191	1.61578171e-04	2191.00000000	3.47291241e+15	3.60452444e+15	3.20663791e-03
54799	708.67850938	2192	1.61651917e-04	2192.00000000	3.47292120e+15	3.60453325e+15	3.20664530e-03
54824	709.00266041	2193	1.61725664e-04	2193.00000000	3.47292997e+15	3.60454204e+15	3.20665267e-03
54849	709.32660095	2194	1.61799410e-04	2194.00000000	3.47293872e+15	3.60455081e+15	3.20666003e-03
54874	709.65178629	2195	1.61873156e-04	2195.00000000	3.47294745e+15	3.60455955e+15	3.20666736e-03
54899	709.97546690	2196	1.61946903e-04	2196.00000000	3.47295616e+15	3.60456828e+15	3.20667468e-03
54924	710.29826415	2197	1.62020649e-04	2197.00000000	3.47296485e+15	3.60457699e+15	3.20668199e-03
54949	710.62188393	2198	1.62094395e-04	2198.00000000	3.47297352e+15	3.60458568e+15	3.20668927e-03
54974	710.94455685	2199	1.62168142e-04	2199.00000000	3.47298216e+15	3.60459434e+15	3.20669654e-03
54999	711.26768212	2200	1.62241888e-04	2200.00000000	3.47299079e+15	3.60460299e+15	3.20670379e-03
55024	711.59426351	2201	1.62315634e-04	2201.00000000	3.47299940e+15	3.60461161e+15	3.20671102e-03
55049	711.91754685	2202	1.62389381e-04	2202.00000000	3.47300799e+15	3.60462022e+15	3.20671824e-03
55074	712.24209332	2203	1.62463127e-04	2203.00000000	3.47301655e+15	3.60462880e+15	3.20672544e-03
55099	712.56562800	2204	1.62536873e-04	2204.00000000	3.47302510e+15	3.60463737e+15	3.20673262e-03
55124	712.89119573	2205	1.62610619e-04	2205.00000000	3.47303362e+15	3.60464591e+15	3.20673978e-03
55149	713.21623648	2206	1.62684366e-04	2206.00000000	3.47304213e+15	3.60465444e+15	3.20674693e-03
55174	713.54131250	2207	1.62758112e-04	2207.00000000	3.47305062e+15	3.60466294e+15	3.20675407e-03
55199	713.86441284	2208	1.62831858e-04	2208.00000000	3.47305908e+15	3.60467143e+15	3.20676118e-03
55224	714.18917939	2209	1.62905605e-04	2209.00000000	3.47306753e+15	3.60467989e+15	3.20676828e-03
55249	714.51215867	2210	1.62979351e-04	2210.00000000	3.47307595e+15	3.60468834e+15	3.20677536e-03
55274	714.83704658	2211	1.63053097e-04	2211.00000000	3.47308436e+15	3.60469676e+15	3.20678243e-03
55299	715.15949250	2212	1.63126844e-04	2212.00000000	3.47309275e+15	3.60470517e+15	3.20678948e-03
55324	715.48443042	2213	1.63200590e-04	2213.00000000	3.47310112e+15	3.60471355e+15	3.20679651e-03
55349	715.80886823	2214	1.63274336e-04	2214.00000000	3.47310946e+15	3.60472192e+15	3.20680352e-03
55374	716.13478890	2215	1.63348083e-04	2215.00000000	3.47311779e+15	3.60473026e+15	3.20681052e-03
55399	716.45772960	2216	1.63421829e-04	2216.00000000	3.47312610e+15	3.60473859e+15	3.20681751e-03
55424	716.78137396	2217	1.63495575e-04	2217.00000000	3.47313439e+15	3.60474690e+15	3.20682447e-03
55449	717.10675195	2218	1.63569322e-04	2218.00000000	3.47314266e+15	3.60475518e+15	3.20683142e-03
55474	717.42963418	2219	1.63643068e-04	2219.00000000	3.47315091e+15	3.60476345e+15	3.20683836e-03
55499	717.75312031	2220	1.63716814e-04	2220.00000000	3.47315914e+15	3.60477170e+15	3.20684527e-03
55524	718.07696724	2221	1.63790560e-04	2221.00000000	3.47316735e+15	3.60477993e+15	3.20685218e-03
55549	718.40052361	2222	1.63864307e-04	2222.00000000	3.47317554e+15	3.60478814e+15	3.20685906e-03
55574	718.72538781	2223	1.63938053e-04	2223.00000000	3.47318372e+15	3.60479633e+15	3.20686593e-03
55599	719.05116815	2224	1.64011799e-04	2224.00000000	3.47319187e+15	3.60480451e+15	3.20687279e-03
55624	719.37551169	2225	1.64085546e-04	2225.00000000	3.47320001e+15	3.60481266e+15	3.20687962e-03
55649	719.70142144	2226	1.64159292e-04	2226.00000000	3.47320812e+15	3.60482079e+15	3.20688631e-03
55674	720.02645781	2227	1.64233038e-04	2227.00000000	3.47321622e+15	3.60482891e+15	3.20689310e-03
55699	720.35226458	2228	1.64306785e-04	2228.00000000	3.47322429e+15	3.60483700e+15	3.20689989e-03
55724	720.67711117	2229	1.64380531e-04	2229.00000000	3.47323235e+15	3.60484507e+15	3.20690666e-03
55749	721.00272081	2230	1.64454277e-04	2230.00000000	3.47324039e+15	3.60485313e+15	3.20691342e-03
55774	721.32641420	2231	1.64528024e-04	2231.00000000	3.47324841e+15	3.60486117e+15	3.20692016e-03
55799	721.65011843	2232	1.64601770e-04	2232.00000000	3.47325641e+15	3.60486919e+15	3.20692688e-03
55824	721.97501350	2233	1.64675516e-04	2233.00000000	3.47326439e+15	3.60487719e+15	3.20693359e-03
55849	722.29884864	2234	1.64749263e-04	2234.00000000	3.47327236e+15	3.60488517e+15	3.20694028e-03
55874	722.62288134	2235	1.64823009e-04	2235.00000000	3.47328030e+15	3.60489313e+15	3.20694696e-03
55899	722.94828534	2236	1.64896755e-04	2236.00000000	3.47328823e+15	3.60490107e+15	3.20695362e-03
55924	723.27171218	2237	1.64970501e-04	2237.00000000	3.47329614e+15	3.60490900e+15	3.20696027e-03
55949	723.59716847	2238	1.65044248e-04	2238.00000000	3.47330403e+15	3.60491691e+15	3.20696690e-03
55974	723.92144078	2239	1.65117994e-04	2239.00000000	3.47331190e+15	3.60492480e+15	3.20697352e-03
55999	724.24471065	2240	1.65191740e-04	2240.00000000	3.47331975e+15	3.60493267e+15	3.20698012e-03
56024	724.57030931	2241	1.65265487e-04	2241.00000000	3.47332759e+15	3.60494052e+15	3.20698670e-03
56049	724.89374120	2242	1.65339233e-04	2242.00000000	3.47333541e+15	3.60494836e+15	3.20699327e-03
56074	725.21904294	2243	1.65412979e-04	2243.00000000	3.47334321e+15	3.60495617e+15	3.20699983e-03
56099	725.54321979	2244	1.65486726e-04	2244.00000000	3.47335099e+15	3.60496397e+15	3.20700637e-03
56124	725.86698479	2245	1.65560472e-04	2245.00000000	3.47335875e+15	3.60497175e+15	3.20701289e-03
56149	726.19090439	2246	1.65634218e-04	2246.00000000	3.47336650e+15	3.60497951e+15	3.20701940e-03
56174	726.51683054	2247	1.65707965e-04	2247.00000000	3.47337422e+15	3.60498726e+15	3.20702590e-03
56199	726.84275009	2248	1.65781711e-04	2248.00000000	3.47338193e+15	3.60499498e+15	3.20703238e-03
56224	727.16619972	2249	1.65855457e-04	2249.00000000	3.47338962e+15	3.60500269e+15	3.20703884e-03
56249	727.48870435	2250	1.65929204e-04	2250.00000000	3.47339730e+15	3.60501038e+15	3.20704528e-03
56274	727.81313099	2251	1.66002950e-04	2251.00000000	3.47340495e+15	3.60501805e+15	3.20705172e-03
56299	728.13729653	2252	1.66076696e-04	2252.00000000	3.47341259e+15	3.60502571e+15	3.20705814e-03
56324	728.46200193	2253	1.66150442e-04	2253.00000000	3.47342021e+15	3.60503335e+15	3.20706454e-03
56349	728.78627722	2254	1.66224189e-04	2254.00000000	3.47342781e+15	3.60504096e+15	3.20707093e-03
56374	729.11091494	2255	1.66297935e-04	2255.00000000	3.47343540e+15	3.60504856e+15	3.20707723e-03
56399	729.43421769	2256	1.66371681e-04	2256.00000000	3.47344296e+15	3.60505615e+15	3.20708359e-03
56424	729.75800605	2257	1.66445428e-04	2257.00000000	3.47345051e+15	3.60506371e+15	3.20708993e-03
56449	730.08154621	2258	1.66519174e-04	2258.00000000	3.47345804e+15	3.60507126e+15	3.20709626e-03
56474	730.40489380	2259	1.66592920e-04	2259.00000000	3.47346555e+15	3.60507879e+15	3.20710257e-03
56499	730.72850554	2260	1.66666667e-04	2260.00000000	3.47347305e+15	3.60508630e+15	3.20710887e-03
56524	731.05296137	2261	1.66740413e-04	2261.00000000	3.47348053e+15	3.60509379e+15	3.20711516e-03
56549	731.37570497	2262	1.66814159e-04	2262.00000000	3.47348799e+15	3.60510127e+15	3.20712143e-03
56574	731.69978183	2263	1.66887906e-04	2263.00000000	3.47349543e+15	3.60510873e+15	3.20712768e-03
56599	732.02403961	2264	1.66961652e-04	2264.00000000	3.47350285e+15	3.60511617e+15	3.20713392e-03
56624	732.34913757	2265	1.67035398e-04	2265.00000000	3.47351026e+15	3.60512359e+15	3.20714015e-03
56649	732.67302849	2266	1.67109145e-04	2266.00000000	3.47351765e+15	3.60513100e+15	3.20714636e-03
56674	732.99536795	2267	1.67182891e-04	2267.00000000	3.47352503e+15	3.60513839e+15	3.20715256e-03
56699	733.31745853	2268	1.67256637e-04	2268.00000000	3.47353239e+15	3.60514576e+15	3.20715874e-03
56724	733.64046929	2269	1.67330383e-04	2269.00000000	3.47353973e+15	3.60515312e+15	3.20716491e-03
56749	733.96398840	2270	1.67404130e-04	2270.00000000	3.47354705e+15	3.60516046e+15	3.20717106e-03
56774	734.28708410	2271	1.67477876e-04	2271.00000000	3.47355435e+15	3.60516778e+15	3.20717720e-03
56799	734.60938980	2272	1.67551622e-04	2272.00000000	3.47356164e+15	3.60517509e+15	3.20718333e-03
56824	734.93214305	2273	1.67625369e-04	2273.00000000	3.47356891e+15	3.60518237e+15	3.20718944e-03
56849	735.25421728	2274	1.67699115e-04	2274.00000000	3.47357617e+15	3.60518964e+15	3.20719554e-03
56874	735.57646605	2275	1.67772861e-04	2275.00000000	3.47358341e+15	3.60519690e+15	3.20720162e-03
56899	735.90184038	2276	1.67846608e-04	2276.00000000	3.47359063e+15	3.60520413e+15	3.20720769e-03
56924	736.22564190	2277	1.67920354e-04	2277.00000000	3.47359783e+15	3.60521136e+15	3.20721375e-03
56949	736.55103455	2278	1.67994100e-04	2278.00000000	3.47360502e+15	3.60521856e+15	3.20721979e-03
56974	736.87579660	2279	1.68067847e-04	2279.00000000	3.47361219e+15	3.60522575e+15	3.20722581e-03
56999	737.19928114	2280	1.68141593e-04	2280.00000000	3.47361935e+15	3.60523292e+15	3.20723183e-03
57024	737.52388143	2281	1.68215339e-04	2281.00000000	3.47362648e+15	3.60524007e+15	3.20723783e-03
57049	737.84714847	2282	1.68289086e-04	2282.00000000	3.47363360e+15	3.60524721e+15	3.20724381e-03
57074	738.17023595	2283	1.68362832e-04	2283.00000000	3.47364071e+15	3.60525433e+15	3.20724978e-03
57099	738.49416127	2284	1.68436578e-04	2284.00000000	3.47364780e+15	3.60526143e+15	3.20725574e-03
57124	738.81813256	2285	1.68510324e-04	2285.00000000	3.47365487e+15	3.60526852e+15	3.20726168e-03
57149	739.14146115	2286	1.68584071e-04	2286.00000000	3.47366192e+15	3.60527559e+15	3.20726761e-03
57174	739.46717598	2287	1.68657817e-04	2287.00000000	3.47366896e+15	3.60528264e+15	3.20727349e-03
57199	739.79218635	2288	1.68731563e-04	2288.00000000	3.47367598e+15	3.60528968e+15	3.20727939e-03
57224	740.11775480	2289	1.68805310e-04	2289.00000000	3.47368299e+15	3.60529670e+15	3.20728528e-03
57249	740.44224261	2290	1.68879056e-04	2290.00000000	3.47368998e+15	3.60530370e+15	3.20729115e-03
57274	740.76587432	2291	1.68952802e-04	2291.00000000	3.47369695e+15	3.60531069e+15	3.20729701e-03
57299	741.09134194	2292	1.69026549e-04	2292.00000000	3.47370391e+15	3.60531766e+15	3.20730286e-03
57324	741.41441512	2293	1.69100295e-04	2293.00000000	3.47371085e+15	3.60532462e+15	3.20730869e-03
57349	741.74021602	2294	1.69174041e-04	2294.00000000	3.47371777e+15	3.60533156e+15	3.20731451e-03
57374	742.06617769	2295	1.69247788e-04	2295.00000000	3.47372468e+15	3.60533848e+15	3.20732032e-03
57399	742.39106496	2296	1.69321534e-04	2296.00000000	3.47373157e+15	3.60534539e+15	3.20732611e-03
57424	742.71701388	2297	1.69395280e-04	2297.00000000	3.47373845e+15	3.60535228e+15	3.20733189e-03
57449	743.04299568	2298	1.69469027e-04	2298.00000000	3.47374531e+15	3.60535915e+15	3.20733765e-03
57474	743.36595674	2299	1.69542773e-04	2299.00000000	3.47375215e+15	3.60536601e+15	3.20734341e-03
57499	743.68934474	2300	1.69616519e-04	2300.00000000	3.47375898e+15	3.60537286e+15	3.20734914e-03
57524	744.01268616	2301	1.69690265e-04	2301.00000000	3.47376579e+15	3.60537968e+15	3.20735487e-03
57549	744.33636606	2302	1.69764012e-04	2302.00000000	3.47377259e+15	3.60538650e+15	3.20736058e-03
57574	744.65954342	2303	1.69837758e-04	2303.00000000	3.47377937e+15	3.60539329e+15	3.20736628e-03
57599	744.98338363	2304	1.69911504e-04	2304.00000000	3.47378614e+15	3.60540007e+15	3.20737197e-03
57624	745.30539554	2305	1.69985251e-04	2305.00000000	3.47379289e+15	3.60540684e+15	3.20737764e-03
57649	745.62771537	2306	1.70058997e-04	2306.00000000	3.47379963e+15	3.60541359e+15	3.20738330e-03
57674	745.95075114	2307	1.70132743e-04	2307.00000000	3.47380635e+15	3.60542032e+15	3.20738895e-03
57699	746.27302350	2308	1.70206490e-04	2308.00000000	3.47381305e+15	3.60542704e+15	3.20739459e-03
57724	746.59625196	2309	1.70280236e-04	2309.00000000	3.47381974e+15	3.60543375e+15	3.20740020e-03
57749	746.91940077	2310	1.70353982e-04	2310.00000000	3.47382641e+15	3.60544044e+15	3.20740581e-03
57774	747.24305068	2311	1.70427729e-04	2311.00000000	3.47383307e+15	3.60544711e+15	3.20741141e-03
57799	747.56816553	2312	1.70501475e-04	2312.00000000	3.47383971e+15	3.60545377e+15	3.20741699e-03
57824	747.89066845	2313	1.70575221e-04	2313.00000000	3.47384634e+15	3.60546041e+15	3.20742256e-03
57849	748.21493201	2314	1.70648968e-04	2314.00000000	3.47385296e+15	3.60546704e+15	3.20742812e-03
57874	748.54005316	2315	1.70722714e-04	2315.00000000	3.47385955e+15	3.60547365e+15	3.20743366e-03
57899	748.86404244	2316	1.70796460e-04	2316.00000000	3.47386614e+15	3.60548025e+15	3.20743919e-03
57924	749.18755341	2317	1.70870206e-04	2317.00000000	3.47387270e+15	3.60548683e+15	3.20744471e-03
57949	749.51223193	2318	1.70943953e-04	2318.00000000	3.47387926e+15	3.60549340e+15	3.20745022e-03
57974	749.83489100	2319	1.71017699e-04	2319.00000000	3.47388580e+15	3.60549995e+15	3.20745572e-03
57999	750.15883036	2320	1.71091445e-04	2320.00000000	3.47389232e+15	3.60550649e+15	3.20746120e-03
58024	750.48274900	2321	1.71165192e-04	2321.00000000	3.47389883e+15	3.60551301e+15	3.20746667e-03
58049	750.80557866	2322	1.71238938e-04	2322.00000000	3.47390532e+15	3.60551952e+15	3.20747212e-03
58074	751.12798627	2323	1.71312684e-04	2323.00000000	3.47391180e+15	3.60552601e+15	3.20747755e-03
58099	751.45014315	2324	1.71386431e-04	2324.00000000	3.47391826e+15	3.60553249e+15	3.20748299e-03
58124	751.77194519	2325	1.71460177e-04	2325.00000000	3.47392471e+15	3.60553895e+15	3.20748841e-03
58149	752.09400635	2326	1.71533923e-04	2326.00000000	3.47393114e+15	3.60554540e+15	3.20749381e-03
58174	752.41889694	2327	1.71607670e-04	2327.00000000	3.47393756e+15	3.60555183e+15	3.20749921e-03
58199	752.74238913	2328	1.71681416e-04	2328.00000000	3.47394397e+15	3.60555825e+15	3.20750459e-03
58224	753.06700696	2329	1.71755162e-04	2329.00000000	3.47395036e+15	3.60556465e+15	3.20750996e-03
58249	753.39024308	2330	1.71828909e-04	2330.00000000	3.47395673e+15	3.60557104e+15	3.20751532e-03
58274	753.71513777	2331	1.71902655e-04	2331.00000000	3.47396309e+15	3.60557742e+15	3.20752066e-03
58299	754.03959659	2332	1.71976401e-04	2332.00000000	3.47396944e+15	3.60558378e+15	3.20752600e-03
58324	754.36476457	2333	1.72050147e-04	2333.00000000	3.47397577e+15	3.60559012e+15	3.20753132e-03
58349	754.68869778	2334	1.72123894e-04	2334.00000000	3.47398209e+15	3.60559645e+15	3.20753663e-03
58374	755.01395502	2335	1.72197640e-04	2335.00000000	3.47398839e+15	3.60560277e+15	3.20754193e-03
58399	755.33860710	2336	1.72271386e-04	2336.00000000	3.47399468e+15	3.60560907e+15	3.20754721e-03
58424	755.66351479	2337	1.72345133e-04	2337.00000000	3.47400096e+15	3.60561536e+15	3.20755248e-03
58449	755.98819496	2338	1.72418879e-04	2338.00000000	3.47400722e+15	3.60562164e+15	3.20755774e-03
58474	756.31131190	2339	1.72492625e-04	2339.00000000	3.47401346e+15	3.60562790e+15	3.20756299e-03
58499	756.63596461	2340	1.72566372e-04	2340.00000000	3.47401969e+15	3.60563414e+15	3.20756823e-03
58524	756.96059506	2341	1.72640118e-04	2341.00000000	3.47402591e+15	3.60564037e+15	3.20757346e-03
58549	757.28396063	2342	1.72713864e-04	2342.00000000	3.47403212e+15	3.60564659e+15	3.20757867e-03
58574	757.60624265	2343	1.72787611e-04	2343.00000000	3.47403831e+15	3.60565279e+15	3.20758387e-03
58599	757.93002376	2344	1.72861357e-04	2344.00000000	3.47404448e+15	3.60565898e+15	3.20758906e-03
58624	758.25344709	2345	1.72935103e-04	2345.00000000	3.47405064e+15	3.60566516e+15	3.20759424e-03
58649	758.57838539	2346	1.73008850e-04	2346.00000000	3.47405679e+15	3.60567132e+15	3.20759941e-03
58674	758.90220108	2347	1.73082596e-04	2347.00000000	3.47406292e+15	3.60567747e+15	3.20760456e-03
58699	759.22573298	2348	1.73156342e-04	2348.00000000	3.47406904e+15	3.60568360e+15	3.20760971e-03
58724	759.54988972	2349	1.73230088e-04	2349.00000000	3.47407515e+15	3.60568972e+15	3.20761484e-03
58749	759.87404146	2350	1.73303835e-04	2350.00000000	3.47408124e+15	3.60569583e+15	3.20761996e-03
58774	760.19665202	2351	1.73377581e-04	2351.00000000	3.47408732e+15	3.60570192e+15	3.20762507e-03
58799	760.52137164	2352	1.73451327e-04	2352.00000000	3.47409339e+15	3.60570800e+15	3.20763016e-03
58824	760.84422900	2353	1.73525074e-04	2353.00000000	3.47409944e+15	3.60571406e+15	3.20763525e-03
58849	761.16713517	2354	1.73598820e-04	2354.00000000	3.47410548e+15	3.60572011e+15	3.20764032e-03
58874	761.49118282	2355	1.73672566e-04	2355.00000000	3.47411150e+15	3.60572615e+15	3.20764538e-03
58899	761.81474404	2356	1.73746313e-04	2356.00000000	3.47411751e+15	3.60573217e+15	3.20765044e-03
58924	762.13770337	2357	1.73820059e-04	2357.00000000	3.47412351e+15	3.60573818e+15	3.20765548e-03
58949	762.46080884	2358	1.73893805e-04	2358.00000000	3.47412949e+15	3.60574418e+15	3.20766050e-03
58974	762.78468536	2359	1.73967552e-04	2359.00000000	3.47413546e+15	3.60575016e+15	3.20766552e-03
58999	763.10988949	2360	1.74041298e-04	2360.00000000	3.47414142e+15	3.60575613e+15	3.20767053e-03
59024	763.43548560	2361	1.74115044e-04	2361.00000000	3.47414736e+15	3.60576209e+15	3.20767552e-03
59049	763.75980736	2362	1.74188791e-04	2362.00000000	3.47415329e+15	3.60576803e+15	3.20768050e-03
59074	764.08306710	2363	1.74262537e-04	2363.00000000	3.47415921e+15	3.60577396e+15	3.20768548e-03
59099	764.40838530	2364	1.74336283e-04	2364.00000000	3.47416511e+15	3.60577988e+15	3.20769044e-03
59124	764.73291091	2365	1.74410029e-04	2365.00000000	3.47417100e+15	3.60578578e+15	3.20769539e-03
59149	765.05628879	2366	1.74483776e-04	2366.00000000	3.47417688e+15	3.60579167e+15	3.20770033e-03
59174	765.37972385	2367	1.74557522e-04	2367.00000000	3.47418274e+15	3.60579755e+15	3.20770525e-03
59199	765.70259465	2368	1.74631268e-04	2368.00000000	3.47418859e+15	3.60580341e+15	3.20771017e-03
59224	766.02681783	2369	1.74705015e-04	2369.00000000	3.47419443e+15	3.60580926e+15	3.20771507e-03
59249	766.35132753	2370	1.74778761e-04	2370.00000000	3.47420025e+15	3.60581510e+15	3.20771997e-03
59274	766.67623857	2371	1.74852507e-04	2371.00000000	3.47420606e+15	3.60582092e+15	3.20772485e-03
59299	767.00102484	2372	1.74926254e-04	2372.00000000	3.47421186e+15	3.60582673e+15	3.20772972e-03
59324	767.32505600	2373	1.75000000e-04	2373.00000000	3.47421764e+15	3.60583252e+15	3.20773458e-03
59349	767.64812342	2374	1.75073746e-04	2374.00000000	3.47422342e+15	3.60583831e+15	3.20773943e-03
59374	767.97051727	2375	1.75147493e-04	2375.00000000	3.47422917e+15	3.60584408e+15	3.20774427e-03
59399	768.29436192	2376	1.75221239e-04	2376.00000000	3.47423492e+15	3.60584983e+15	3.20774910e-03
59424	768.61913227	2377	1.75294985e-04	2377.00000000	3.47424065e+15	3.60585558e+15	3.20775392e-03
59449	768.94329798	2378	1.75368732e-04	2378.00000000	3.47424636e+15	3.60586131e+15	3.20775872e-03
59474	769.26816437	2379	1.75442478e-04	2379.00000000	3.47425207e+15	3.60586703e+15	3.20776351e-03
59499	769.59365777	2380	1.75516224e-04	2380.00000000	3.47425776e+15	3.60587273e+15	3.20776829e-03
59524	769.91795080	2381	1.75589971e-04	2381.00000000	3.47426344e+15	3.60587842e+15	3.20777306e-03
59549	770.24221869	2382	1.75663717e-04	2382.00000000	3.47426910e+15	3.60588410e+15	3.20777783e-03
59574	770.56604039	2383	1.75737463e-04	2383.00000000	3.47427476e+15	3.60588976e+15	3.20778258e-03
59599	770.88933839	2384	1.75811209e-04	2384.00000000	3.47428040e+15	3.60589541e+15	3.20778731e-03
59624	771.21311204	2385	1.75884956e-04	2385.00000000	3.47428602e+15	3.60590105e+15	3.20779204e-03
59649	771.53872710	2386	1.75958702e-04	2386.00000000	3.47429164e+15	3.60590668e+15	3.20779676e-03
59674	771.86317023	2387	1.76032448e-04	2387.00000000	3.47429724e+15	3.60591229e+15	3.20780147e-03
59699	772.18820091	2388	1.76106195e-04	2388.00000000	3.47430282e+15	3.60591789e+15	3.20780616e-03
59724	772.51170273	2389	1.76179941e-04	2389.00000000	3.47430840e+15	3.60592348e+15	3.20781085e-03
59749	772.83548699	2390	1.76253687e-04	2390.00000000	3.47431396e+15	3.60592905e+15	3.20781552e-03
59774	773.15863633	2391	1.76327434e-04	2391.00000000	3.47431951e+15	3.60593461e+15	3.20782018e-03
59799	773.48130339	2392	1.76401180e-04	2392.00000000	3.47432505e+15	3.60594016e+15	3.20782484e-03
59824	773.80414183	2393	1.76474926e-04	2393.00000000	3.47433057e+15	3.60594570e+15	3.20782948e-03
59849	774.12787549	2394	1.76548673e-04	2394.00000000	3.47433608e+15	3.60595122e+15	3.20783411e-03
59874	774.45197700	2395	1.76622419e-04	2395.00000000	3.47434158e+15	3.60595673e+15	3.20783873e-03
59899	774.77647621	2396	1.76696165e-04	2396.00000000	3.47434707e+15	3.60596223e+15	3.20784334e-03
59924	775.10039699	2397	1.76769912e-04	2397.00000000	3.47435254e+15	3.60596772e+15	3.20784794e-03
59949	775.42605079	2398	1.76843658e-04	2398.00000000	3.47435800e+15	3.60597319e+15	3.20785253e-03
59974	775.75137434	2399	1.76917404e-04	2399.00000000	3.47436345e+15	3.60597865e+15	3.20785711e-03
59999	776.07448453	2400	1.76991150e-04	2400.00000000	3.47436889e+15	3.60598410e+15	3.20786168e-03
60024	776.39901612	2401	1.77064897e-04	2401.00000000	3.47437431e+15	3.60598953e+15	3.20786623e-03
60049	776.72104615	2402	1.77138643e-04	2402.00000000	3.47437972e+15	3.60599495e+15	3.20787078e-03
60074	777.04493533	2403	1.77212389e-04	2403.00000000	3.47438512e+15	3.60600036e+15	3.20787532e-03
60099	777.36910208	2404	1.77286136e-04	2404.00000000	3.47439050e+15	3.60600576e+15	3.20787984e-03
60124	777.69260307	2405	1.77359882e-04	2405.00000000	3.47439588e+15	3.60601115e+15	3.20788436e-03
60149	778.01577954	2406	1.77433628e-04	2406.00000000	3.47440124e+15	3.60601652e+15	3.20788887e-03
60174	778.33824255	2407	1.77507375e-04	2407.00000000	3.47440659e+15	3.60602188e+15	3.20789337e-03
60199	778.66236092	2408	1.77581121e-04	2408.00000000	3.47441193e+15	3.60602723e+15	3.20789785e-03
60224	778.98563629	2409	1.77654867e-04	2409.00000000	3.47441725e+15	3.60603257e+15	3.20790233e-03
60249	779.30990123	2410	1.77728614e-04	2410.00000000	3.47442256e+15	3.60603789e+15	3.20790679e-03
60274	779.63337268	2411	1.77802360e-04	2411.00000000	3.47442787e+15	3.60604321e+15	3.20791125e-03
60299	779.95618035	2412	1.77876106e-04	2412.00000000	3.47443315e+15	3.60604851e+15	3.20791569e-03
60324	780.27892546	2413	1.77949853e-04	2413.00000000	3.47443843e+15	3.60605379e+15	3.20792013e-03
60349	780.60127884	2414	1.78023599e-04	2414.00000000	3.47444369e+15	3.60605907e+15	3.20792455e-03
60374	780.92539406	2415	1.78097345e-04	2415.00000000	3.47444895e+15	3.60606433e+15	3.20792897e-03
60399	781.25083140	2416	1.78171091e-04	2416.00000000	3.47445419e+15	3.60606958e+15	3.20793337e-03
60424	781.57467020	2417	1.78244838e-04	2417.00000000	3.47445941e+15	3.60607482e+15	3.20793776e-03
60449	781.89862782	2418	1.78318584e-04	2418.00000000	3.47446463e+15	3.60608005e+15	3.20794215e-03
60474	782.22430848	2419	1.78392330e-04	2419.00000000	3.47446983e+15	3.60608527e+15	3.20794652e-03
60499	782.54989244	2420	1.78466077e-04	2420.00000000	3.47447503e+15	3.60609047e+15	3.20795088e-03
60524	782.87477785	2421	1.78539823e-04	2421.00000000	3.47448021e+15	3.60609566e+15	3.20795524e-03
60549	783.19934470	2422	1.78613569e-04	2422.00000000	3.47448537e+15	3.60610084e+15	3.20795958e-03
60574	783.52324846	2423	1.78687316e-04	2423.00000000	3.47449053e+15	3.60610601e+15	3.20796391e-03
60599	783.84811349	2424	1.78761062e-04	2424.00000000	3.47449568e+15	3.60611116e+15	3.20796824e-03
60624	784.17128599	2425	1.78834808e-04	2425.00000000	3.47450081e+15	3.60611631e+15	3.20797255e-03
60649	784.49432948	2426	1.78908555e-04	2426.00000000	3.47450593e+15	3.60612144e+15	3.20797685e-03
60674	784.81990233	2427	1.78982301e-04	2427.00000000	3.47451104e+15	3.60612656e+15	3.20798114e-03
60699	785.14343658	2428	1.79056047e-04	2428.00000000	3.47451613e+15	3.60613167e+15	3.20798543e-03
60724	785.46828668	2429	1.79129794e-04	2429.00000000	3.47452122e+15	3.60613676e+15	3.20798970e-03
60749	785.79240157	2430	1.79203540e-04	2430.00000000	3.47452629e+15	3.60614185e+15	3.20799397e-03
60774	786.11799210	2431	1.79277286e-04	2431.00000000	3.47453136e+15	3.60614692e+15	3.20799822e-03
60799	786.44295951	2432	1.79351032e-04	2432.00000000	3.47453641e+15	3.60615198e+15	3.20800246e-03
60824	786.76618159	2433	1.79424779e-04	2433.00000000	3.47454145e+15	3.60615703e+15	3.20800670e-03
60849	787.09016199	2434	1.79498525e-04	2434.00000000	3.47454647e+15	3.60616207e+15	3.20801092e-03
60874	787.41242873	2435	1.79572271e-04	2435.00000000	3.47455149e+15	3.60616710e+15	3.20801514e-03
60899	787.73613906	2436	1.79646018e-04	2436.00000000	3.47455649e+15	3.60617211e+15	3.20801934e-03
60924	788.06015755	2437	1.79719764e-04	2437.00000000	3.47456148e+15	3.60617712e+15	3.20802354e-03
60949	788.38342888	2438	1.79793510e-04	2438.00000000	3.47456647e+15	3.60618211e+15	3.20802772e-03
60974	788.70853077	2439	1.79867257e-04	2439.00000000	3.47457144e+15	3.60618709e+15	3.20803190e-03
60999	789.03326583	2440	1.79941003e-04	2440.00000000	3.47457639e+15	3.60619206e+15	3.20803607e-03
61024	789.35714027	2441	1.80014749e-04	2441.00000000	3.47458134e+15	3.60619702e+15	3.20804023e-03
61049	789.68180194	2442	1.80088496e-04	2442.00000000	3.47458628e+15	3.60620196e+15	3.20804437e-03
61074	790.00516744	2443	1.80162242e-04	2443.00000000	3.47459120e+15	3.60620690e+15	3.20804851e-03
61099	790.33012295	2444	1.80235988e-04	2444.00000000	3.47459611e+15	3.60621182e+15	3.20805264e-03
61124	790.65518268	2445	1.80309735e-04	2445.00000000	3.47460102e+15	3.60621673e+15	3.20805676e-03
61149	790.98016168	2446	1.80383481e-04	2446.00000000	3.47460591e+15	3.60622164e+15	3.20806087e-03
61174	791.30374006	2447	1.80457227e-04	2447.00000000	3.47461078e+15	3.60622653e+15	3.20806497e-03
61199	791.62904279	2448	1.80530973e-04	2448.00000000	3.47461565e+15	3.60623140e+15	3.20806906e-03
61224	791.95197739	2449	1.80604720e-04	2449.00000000	3.47462051e+15	3.60623627e+15	3.20807314e-03
61249	792.27668980	2450	1.80678466e-04	2450.00000000	3.47462536e+15	3.60624113e+15	3.20807721e-03
61274	792.60088207	2451	1.80752212e-04	2451.00000000	3.47463019e+15	3.60624597e+15	3.20808127e-03
61299	792.92338174	2452	1.80825959e-04	2452.00000000	3.47463501e+15	3.60625081e+15	3.20808533e-03
61324	793.24797778	2453	1.80899705e-04	2453.00000000	3.47463983e+15	3.60625563e+15	3.20808937e-03
61349	793.57289660	2454	1.80973451e-04	2454.00000000	3.47464463e+15	3.60626044e+15	3.20809341e-03
61374	793.89646875	2455	1.81047198e-04	2455.00000000	3.47464942e+15	3.60626524e+15	3.20809743e-03
61399	794.22001829	2456	1.81120944e-04	2456.00000000	3.47465420e+15	3.60627003e+15	3.20810145e-03
61424	794.54386166	2457	1.81194690e-04	2457.00000000	3.47465896e+15	3.60627481e+15	3.20810547e-03
61449	794.86916830	2458	1.81268437e-04	2458.00000000	3.47466372e+15	3.60627958e+15	3.20810947e-03
61474	795.19335981	2459	1.81342183e-04	2459.00000000	3.47466847e+15	3.60628434e+15	3.20811346e-03
61499	795.51629699	2460	1.81415929e-04	2460.00000000	3.47467321e+15	3.60628908e+15	3.20811744e-03
61524	795.83985126	2461	1.81489676e-04	2461.00000000	3.47467793e+15	3.60629382e+15	3.20812140e-03
61549	796.16463678	2462	1.81563422e-04	2462.00000000	3.47468264e+15	3.60629854e+15	3.20812536e-03
61574	796.48803183	2463	1.81637168e-04	2463.00000000	3.47468735e+15	3.60630326e+15	3.20812932e-03
61599	796.81044097	2464	1.81710914e-04	2464.00000000	3.47469204e+15	3.60630796e+15	3.20813326e-03
61624	797.13482013	2465	1.81784661e-04	2465.00000000	3.47469672e+15	3.60631265e+15	3.20813719e-03
61649	797.46012231	2466	1.81858407e-04	2466.00000000	3.47470139e+15	3.60631733e+15	3.20814112e-03
61674	797.78471204	2467	1.81932153e-04	2467.00000000	3.47470605e+15	3.60632200e+15	3.20814504e-03
61699	798.10778765	2468	1.82005900e-04	2468.00000000	3.47471070e+15	3.60632666e+15	3.20814894e-03
61724	798.43042529	2469	1.82079646e-04	2469.00000000	3.47471534e+15	3.60633131e+15	3.20815284e-03
61749	798.75393834	2470	1.82153392e-04	2470.00000000	3.47471997e+15	3.60633595e+15	3.20815673e-03
61774	799.07914437	2471	1.82227139e-04	2471.00000000	3.47472459e+15	3.60634058e+15	3.20816061e-03
61799	799.40319834	2472	1.82300885e-04	2472.00000000	3.47472919e+15	3.60634519e+15	3.20816448e-03
61824	799.72621155	2473	1.82374631e-04	2473.00000000	3.47473379e+15	3.60634980e+15	3.20816835e-03
61849	800.05053275	2474	1.82448378e-04	2474.00000000	3.47473838e+15	3.60635440e+15	3.20817220e-03
61874	800.37426854	2475	1.82522124e-04	2475.00000000	3.47474295e+15	3.60635898e+15	3.20817604e-03
61899	800.69662361	2476	1.82595870e-04	2476.00000000	3.47474752e+15	3.60636356e+15	3.20817988e-03
61924	801.02142699	2477	1.82669617e-04	2477.00000000	3.47475207e+15	3.60636812e+15	3.20818371e-03
61949	801.34460169	2478	1.82743363e-04	2478.00000000	3.47475661e+15	3.60637267e+15	3.20818753e-03
61974	801.66850044	2479	1.82817109e-04	2479.00000000	3.47476115e+15	3.60637722e+15	3.20819133e-03
61999	801.99231903	2480	1.82890855e-04	2480.00000000	3.47476567e+15	3.60638175e+15	3.20819514e-03
62024	802.31902813	2481	1.82964602e-04	2481.00000000	3.47477018e+15	3.60638627e+15	3.20819893e-03
62049	802.64343014	2482	1.83038348e-04	2482.00000000	3.47477468e+15	3.60639078e+15	3.20820271e-03
62074	802.96659814	2483	1.83112094e-04	2483.00000000	3.47477918e+15	3.60639528e+15	3.20820649e-03
62099	803.28969780	2484	1.83185841e-04	2484.00000000	3.47478366e+15	3.60639978e+15	3.20821025e-03
62124	803.61526724	2485	1.83259587e-04	2485.00000000	3.47478813e+15	3.60640426e+15	3.20821401e-03
62149	803.93917560	2486	1.83333333e-04	2486.00000000	3.47479259e+15	3.60640873e+15	3.20821776e-03
62174	804.26180656	2487	1.83407080e-04	2487.00000000	3.47479704e+15	3.60641319e+15	3.20822150e-03
62199	804.58438423	2488	1.83480826e-04	2488.00000000	3.47480148e+15	3.60641764e+15	3.20822523e-03
62224	804.90916104	2489	1.83554572e-04	2489.00000000	3.47480591e+15	3.60642208e+15	3.20822895e-03
62249	805.23246534	2490	1.83628319e-04	2490.00000000	3.47481033e+15	3.60642651e+15	3.20823267e-03
62274	805.55468174	2491	1.83702065e-04	2491.00000000	3.47481474e+15	3.60643093e+15	3.20823637e-03
62299	805.87879808	2492	1.83775811e-04	2492.00000000	3.47481914e+15	3.60643534e+15	3.20824007e-03
62324	806.20290291	2493	1.83849558e-04	2493.00000000	3.47482353e+15	3.60643973e+15	3.20824376e-03
62349	806.52725734	2494	1.83923304e-04	2494.00000000	3.47482791e+15	3.60644412e+15	3.20824744e-03
62374	806.85081311	2495	1.83997050e-04	2495.00000000	3.47483228e+15	3.60644850e+15	3.20825111e-03
62399	807.17425413	2496	1.84070796e-04	2496.00000000	3.47483664e+15	3.60645287e+15	3.20825477e-03
62424	807.49939616	2497	1.84144543e-04	2497.00000000	3.47484099e+15	3.60645723e+15	3.20825843e-03
62449	807.82414287	2498	1.84218289e-04	2498.00000000	3.47484533e+15	3.60646158e+15	3.20826207e-03
62474	808.14761761	2499	1.84292035e-04	2499.00000000	3.47484965e+15	3.60646592e+15	3.20826571e-03
62499	808.47111478	2500	1.84365782e-04	2500.00000000	3.47485397e+15	3.60647025e+15	3.20826934e-03
62524	808.79395349	2501	1.84439528e-04	2501.00000000	3.47485828e+15	3.60647457e+15	3.20827296e-03
62549	809.11705506	2502	1.84513274e-04	2502.00000000	3.47486258e+15	3.60647888e+15	3.20827658e-03
62574	809.44067280	2503	1.84587021e-04	2503.00000000	3.47486687e+15	3.60648317e+15	3.20828018e-03
62599	809.76569336	2504	1.84660767e-04	2504.00000000	3.47487115e+15	3.60648746e+15	3.20828378e-03
62624	810.08913997	2505	1.84734513e-04	2505.00000000	3.47487542e+15	3.60649174e+15	3.20828737e-03
62649	810.41319764	2506	1.84808260e-04	2506.00000000	3.47487968e+15	3.60649601e+15	3.20829095e-03
62674	810.73666408	2507	1.84882006e-04	2507.00000000	3.47488393e+15	3.60650027e+15	3.20829452e-03
62699	811.06177173	2508	1.84955752e-04	2508.00000000	3.47488818e+15	3.60650452e+15	3.20829808e-03
62724	811.38709172	2509	1.85029499e-04	2509.00000000	3.47489241e+15	3.60650876e+15	3.20830164e-03
62749	811.71138249	2510	1.85103245e-04	2510.00000000	3.47489663e+15	3.60651299e+15	3.20830519e-03
62774	812.03461628	2511	1.85176991e-04	2511.00000000	3.47490084e+15	3.60651721e+15	3.20830872e-03
62799	812.35892353	2512	1.85250737e-04	2512.00000000	3.47490504e+15	3.60652143e+15	3.20831226e-03
62824	812.68302894	2513	1.85324484e-04	2513.00000000	3.47490923e+15	3.60652563e+15	3.20831578e-03
62849	813.00894816	2514	1.85398230e-04	2514.00000000	3.47491342e+15	3.60652982e+15	3.20831931e-03
62874	813.33317888	2515	1.85471976e-04	2515.00000000	3.47491759e+15	3.60653400e+15	3.20832282e-03
62899	813.65631902	2516	1.85545723e-04	2516.00000000	3.47492175e+15	3.60653818e+15	3.20832632e-03
62924	813.97996226	2517	1.85619469e-04	2517.00000000	3.47492591e+15	3.60654234e+15	3.20832981e-03
62949	814.30439215	2518	1.85693215e-04	2518.00000000	3.47493005e+15	3.60654649e+15	3.20833329e-03
62974	814.62913519	2519	1.85766962e-04	2519.00000000	3.47493419e+15	3.60655064e+15	3.20833677e-03
62999	814.95249343	2520	1.85840708e-04	2520.00000000	3.47493832e+15	3.60655477e+15	3.20834023e-03
63024	815.27645523	2521	1.85914454e-04	2521.00000000	3.47494243e+15	3.60655890e+15	3.20834369e-03
63049	815.60072556	2522	1.85988201e-04	2522.00000000	3.47494654e+15	3.60656301e+15	3.20834714e-03
63074	815.92390063	2523	1.86061947e-04	2523.00000000	3.47495064e+15	3.60656712e+15	3.20835059e-03
63099	816.24726668	2524	1.86135693e-04	2524.00000000	3.47495473e+15	3.60657122e+15	3.20835402e-03
63124	816.56929009	2525	1.86209440e-04	2525.00000000	3.47495880e+15	3.60657531e+15	3.20835745e-03
63149	816.89310796	2526	1.86283186e-04	2526.00000000	3.47496287e+15	3.60657938e+15	3.20836087e-03
63174	817.21538618	2527	1.86356932e-04	2527.00000000	3.47496693e+15	3.60658345e+15	3.20836428e-03
63199	817.53895504	2528	1.86430678e-04	2528.00000000	3.47497098e+15	3.60658751e+15	3.20836769e-03
63224	817.86415979	2529	1.86504425e-04	2529.00000000	3.47497503e+15	3.60659156e+15	3.20837108e-03
63249	818.18986743	2530	1.86578171e-04	2530.00000000	3.47497906e+15	3.60659560e+15	3.20837447e-03
63274	818.51460433	2531	1.86651917e-04	2531.00000000	3.47498308e+15	3.60659964e+15	3.20837785e-03
63299	818.83883882	2532	1.86725664e-04	2532.00000000	3.47498709e+15	3.60660366e+15	3.20838122e-03
63324	819.16255352	2533	1.86799410e-04	2533.00000000	3.47499110e+15	3.60660767e+15	3.20838459e-03
63349	819.48710244	2534	1.86873156e-04	2534.00000000	3.47499509e+15	3.60661168e+15	3.20838795e-03
63374	819.81273805	2535	1.86946903e-04	2535.00000000	3.47499908e+15	3.60661567e+15	3.20839130e-03
63399	820.13653036	2536	1.87020649e-04	2536.00000000	3.47500306e+15	3.60661966e+15	3.20839464e-03
63424	820.45910723	2537	1.87094395e-04	2537.00000000	3.47500703e+15	3.60662363e+15	3.20839797e-03
63449	820.78268396	2538	1.87168142e-04	2538.00000000	3.47501098e+15	3.60662760e+15	3.20840130e-03
63474	821.10589420	2539	1.87241888e-04	2539.00000000	3.47501493e+15	3.60663156e+15	3.20840462e-03
63499	821.42846076	2540	1.87315634e-04	2540.00000000	3.47501887e+15	3.60663551e+15	3.20840793e-03
63524	821.75355652	2541	1.87389381e-04	2541.00000000	3.47502281e+15	3.60663945e+15	3.20841123e-03
63549	822.07931781	2542	1.87463127e-04	2542.00000000	3.47502673e+15	3.60664338e+15	3.20841453e-03
63574	822.40267368	2543	1.87536873e-04	2543.00000000	3.47503064e+15	3.60664730e+15	3.20841782e-03
63599	822.72748898	2544	1.87610619e-04	2544.00000000	3.47503455e+15	3.60665121e+15	3.20842110e-03
63624	823.05102380	2545	1.87684366e-04	2545.00000000	3.47503844e+15	3.60665512e+15	3.20842437e-03
63649	823.37454375	2546	1.87758112e-04	2546.00000000	3.47504233e+15	3.60665901e+15	3.20842764e-03
63674	823.69814677	2547	1.87831858e-04	2547.00000000	3.47504621e+15	3.60666290e+15	3.20843090e-03
63699	824.02325362	2548	1.87905605e-04	2548.00000000	3.47505008e+15	3.60666678e+15	3.20843415e-03
63724	824.34827853	2549	1.87979351e-04	2549.00000000	3.47505394e+15	3.60667065e+15	3.20843739e-03
63749	824.67135520	2550	1.88053097e-04	2550.00000000	3.47505779e+15	3.60667451e+15	3.20844063e-03
63774	824.99369370	2551	1.88126844e-04	2551.00000000	3.47506163e+15	3.60667836e+15	3.20844386e-03
63799	825.31758173	2552	1.88200590e-04	2552.00000000	3.47506546e+15	3.60668220e+15	3.20844708e-03
63824	825.64289095	2553	1.88274336e-04	2553.00000000	3.47506929e+15	3.60668603e+15	3.20845029e-03
63849	825.96724542	2554	1.88348083e-04	2554.00000000	3.47507310e+15	3.60668986e+15	3.20845350e-03
63874	826.29208408	2555	1.88421829e-04	2555.00000000	3.47507691e+15	3.60669367e+15	3.20845670e-03
63899	826.61588162	2556	1.88495575e-04	2556.00000000	3.47508071e+15	3.60669748e+15	3.20845989e-03
63924	826.94115757	2557	1.88569322e-04	2557.00000000	3.47508450e+15	3.60670128e+15	3.20846307e-03
63949	827.26435466	2558	1.88643068e-04	2558.00000000	3.47508828e+15	3.60670506e+15	3.20846625e-03
63974	827.58808803	2559	1.88716814e-04	2559.00000000	3.47509205e+15	3.60670884e+15	3.20846942e-03
63999	827.91274200	2560	1.88790560e-04	2560.00000000	3.47509581e+15	3.60671262e+15	3.20847258e-03
64024	828.23927381	2561	1.88864307e-04	2561.00000000	3.47509957e+15	3.60671638e+15	3.20847574e-03
64049	828.56299432	2562	1.88938053e-04	2562.00000000	3.47510332e+15	3.60672013e+15	3.20847889e-03
64074	828.88654338	2563	1.89011799e-04	2563.00000000	3.47510705e+15	3.60672388e+15	3.20848203e-03
64099	829.21034377	2564	1.89085546e-04	2564.00000000	3.47511078e+15	3.60672762e+15	3.20848516e-03
64124	829.53380949	2565	1.89159292e-04	2565.00000000	3.47511450e+15	3.60673135e+15	3.20848829e-03
64149	829.85624363	2566	1.89233038e-04	2566.00000000	3.47511822e+15	3.60673507e+15	3.20849141e-03
64174	830.18084731	2567	1.89306785e-04	2567.00000000	3.47512192e+15	3.60673878e+15	3.20849452e-03
64199	830.50580389	2568	1.89380531e-04	2568.00000000	3.47512561e+15	3.60674248e+15	3.20849762e-03
64224	830.82990051	2569	1.89454277e-04	2569.00000000	3.47512930e+15	3.60674618e+15	3.20850072e-03
64249	831.15382467	2570	1.89528024e-04	2570.00000000	3.47513298e+15	3.60674986e+15	3.20850381e-03
64274	831.47881731	2571	1.89601770e-04	2571.00000000	3.47513665e+15	3.60675354e+15	3.20850689e-03
64299	831.80306663	2572	1.89675516e-04	2572.00000000	3.47514031e+15	3.60675721e+15	3.20850997e-03
64324	832.12766078	2573	1.89749263e-04	2573.00000000	3.47514396e+15	3.60676087e+15	3.20851304e-03
64349	832.45264907	2574	1.89823009e-04	2574.00000000	3.47514761e+15	3.60676452e+15	3.20851610e-03
64374	832.77749853	2575	1.89896755e-04	2575.00000000	3.47515124e+15	3.60676817e+15	3.20851916e-03
64399	833.10102243	2576	1.89970501e-04	2576.00000000	3.47515487e+15	3.60677180e+15	3.20852221e-03
64424	833.42366061	2577	1.90044248e-04	2577.00000000	3.47515849e+15	3.60677543e+15	3.20852525e-03
64449	833.74696719	2578	1.90117994e-04	2578.00000000	3.47516210e+15	3.60677905e+15	3.20852828e-03
64474	834.06970041	2579	1.90191740e-04	2579.00000000	3.47516571e+15	3.60678266e+15	3.20853131e-03
64499	834.39258955	2580	1.90265487e-04	2580.00000000	3.47516930e+15	3.60678626e+15	3.20853433e-03
64524	834.71602235	2581	1.90339233e-04	2581.00000000	3.47517289e+15	3.60678986e+15	3.20853736e-03
64549	835.03988448	2582	1.90412979e-04	2582.00000000	3.47517647e+15	3.60679344e+15	3.20854037e-03
64574	835.36512889	2583	1.90486726e-04	2583.00000000	3.47518004e+15	3.60679702e+15	3.20854337e-03
64599	835.68993935	2584	1.90560472e-04	2584.00000000	3.47518360e+15	3.60680059e+15	3.20854636e-03
64624	836.01340478	2585	1.90634218e-04	2585.00000000	3.47518715e+15	3.60680416e+15	3.20854935e-03
64649	836.33817239	2586	1.90707965e-04	2586.00000000	3.47519070e+15	3.60680771e+15	3.20855233e-03
64674	836.66110585	2587	1.90781711e-04	2587.00000000	3.47519424e+15	3.60681125e+15	3.20855530e-03
64699	836.98393404	2588	1.90855457e-04	2588.00000000	3.47519777e+15	3.60681479e+15	3.20855827e-03
64724	837.30634145	2589	1.90929204e-04	2589.00000000	3.47520129e+15	3.60681832e+15	3.20856123e-03
64749	837.63090956	2590	1.91002950e-04	2590.00000000	3.47520480e+15	3.60682184e+15	3.20856418e-03
64774	837.95611224	2591	1.91076696e-04	2591.00000000	3.47520831e+15	3.60682536e+15	3.20856713e-03
64799	838.27888577	2592	1.91150442e-04	2592.00000000	3.47521181e+15	3.60682886e+15	3.20857007e-03
64824	838.60239501	2593	1.91224189e-04	2593.00000000	3.47521530e+15	3.60683236e+15	3.20857300e-03
64849	838.92622291	2594	1.91297935e-04	2594.00000000	3.47521878e+15	3.60683585e+15	3.20857592e-03
64874	839.24855816	2595	1.91371681e-04	2595.00000000	3.47522225e+15	3.60683933e+15	3.20857884e-03
64899	839.57115567	2596	1.91445428e-04	2596.00000000	3.47522572e+15	3.60684280e+15	3.20858176e-03
64924	839.89570531	2597	1.91519174e-04	2597.00000000	3.47522917e+15	3.60684627e+15	3.20858466e-03
64949	840.21835881	2598	1.91592920e-04	2598.00000000	3.47523262e+15	3.60684973e+15	3.20858756e-03
64974	840.54368508	2599	1.91666667e-04	2599.00000000	3.47523607e+15	3.60685318e+15	3.20859045e-03
64999	840.86902141	2600	1.91740413e-04	2600.00000000	3.47523950e+15	3.60685662e+15	3.20859334e-03
65024	841.19390179	2601	1.91814159e-04	2601.00000000	3.47524293e+15	3.60686005e+15	3.20859622e-03
65049	841.51811769	2602	1.91887906e-04	2602.00000000	3.47524634e+15	3.60686348e+15	3.20859909e-03
65074	841.84356611	2603	1.91961652e-04	2603.00000000	3.47524975e+15	3.60686689e+15	3.20860195e-03
65099	842.16859326	2604	1.92035398e-04	2604.00000000	3.47525316e+15	3.60687030e+15	3.20860481e-03
65124	842.49415518	2605	1.92109145e-04	2605.00000000	3.47525655e+15	3.60687371e+15	3.20860767e-03
65149	842.81507054	2606	1.92182891e-04	2606.00000000	3.47525994e+15	3.60687710e+15	3.20861051e-03
65174	843.13635104	2607	1.92256637e-04	2607.00000000	3.47526332e+15	3.60688049e+15	3.20861335e-03
65199	843.45834049	2608	1.92330383e-04	2608.00000000	3.47526669e+15	3.60688387e+15	3.20861619e-03
65224	843.77956007	2609	1.92404130e-04	2609.00000000	3.47527005e+15	3.60688724e+15	3.20861901e-03
65249	844.10059118	2610	1.92477876e-04	2610.00000000	3.47527341e+15	3.60689060e+15	3.20862183e-03
65274	844.42128696	2611	1.92551622e-04	2611.00000000	3.47527676e+15	3.60689396e+15	3.20862465e-03
65299	844.74333320	2612	1.92625369e-04	2612.00000000	3.47528010e+15	3.60689730e+15	3.20862745e-03
65324	845.06419395	2613	1.92699115e-04	2613.00000000	3.47528343e+15	3.60690064e+15	3.20863025e-03
65349	845.38472959	2614	1.92772861e-04	2614.00000000	3.47528676e+15	3.60690398e+15	3.20863305e-03
65374	845.70618310	2615	1.92846608e-04	2615.00000000	3.47529007e+15	3.60690730e+15	3.20863584e-03
65399	846.02696592	2616	1.92920354e-04	2616.00000000	3.47529338e+15	3.60691062e+15	3.20863862e-03
65424	846.34774494	2617	1.92994100e-04	2617.00000000	3.47529669e+15	3.60691393e+15	3.20864139e-03
65449	846.66954969	2618	1.93067847e-04	2618.00000000	3.47529998e+15	3.60691723e+15	3.20864416e-03
65474	846.99200561	2619	1.93141593e-04	2619.00000000	3.47530327e+15	3.60692052e+15	3.20864692e-03
65499	847.31401848	2620	1.93215339e-04	2620.00000000	3.47530655e+15	3.60692381e+15	3.20864968e-03
65524	847.63507955	2621	1.93289086e-04	2621.00000000	3.47530982e+15	3.60692709e+15	3.20865243e-03
65549	847.95727537	2622	1.93362832e-04	2622.00000000	3.47531308e+15	3.60693036e+15	3.20865517e-03
65574	848.27828963	2623	1.93436578e-04	2623.00000000	3.47531634e+15	3.60693363e+15	3.20865791e-03
65599	848.59901795	2624	1.93510324e-04	2624.00000000	3.47531959e+15	3.60693688e+15	3.20866064e-03
65624	848.92134483	2625	1.93584071e-04	2625.00000000	3.47532283e+15	3.60694013e+15	3.20866336e-03
65649	849.24227159	2626	1.93657817e-04	2626.00000000	3.47532607e+15	3.60694338e+15	3.20866608e-03
65674	849.56285095	2627	1.93731563e-04	2627.00000000	3.47532930e+15	3.60694661e+15	3.20866879e-03
65699	849.88397109	2628	1.93805310e-04	2628.00000000	3.47533252e+15	3.60694984e+15	3.20867150e-03
65724	850.20597913	2629	1.93879056e-04	2629.00000000	3.47533573e+15	3.60695306e+15	3.20867420e-03
65749	850.52682640	2630	1.93952802e-04	2630.00000000	3.47533894e+15	3.60695627e+15	3.20867689e-03
65774	850.84777969	2631	1.94026549e-04	2631.00000000	3.47534213e+15	3.60695948e+15	3.20867958e-03
65799	851.16894157	2632	1.94100295e-04	2632.00000000	3.47534532e+15	3.60696267e+15	3.20868226e-03
65824	851.48991986	2633	1.94174041e-04	2633.00000000	3.47534851e+15	3.60696586e+15	3.20868494e-03
65849	851.81072026	2634	1.94247788e-04	2634.00000000	3.47535168e+15	3.60696905e+15	3.20868761e-03
65874	852.13181847	2635	1.94321534e-04	2635.00000000	3.47535485e+15	3.60697222e+15	3.20869027e-03
65899	852.45318759	2636	1.94395280e-04	2636.00000000	3.47535801e+15	3.60697539e+15	3.20869293e-03
65924	852.77516601	2637	1.94469027e-04	2637.00000000	3.47536117e+15	3.60697855e+15	3.20869558e-03
65949	853.09635763	2638	1.94542773e-04	2638.00000000	3.47536432e+15	3.60698171e+15	3.20869822e-03
65974	853.41809404	2639	1.94616519e-04	2639.00000000	3.47536746e+15	3.60698485e+15	3.20870086e-03
65999	853.73870624	2640	1.94690265e-04	2640.00000000	3.47537059e+15	3.60698799e+15	3.20870349e-03
66024	854.06101205	2641	1.94764012e-04	2641.00000000	3.47537372e+15	3.60699113e+15	3.20870612e-03
66049	854.38261712	2642	1.94837758e-04	2642.00000000	3.47537683e+15	3.60699425e+15	3.20870874e-03
66074	854.70451493	2643	1.94911504e-04	2643.00000000	3.47537994e+15	3.60699737e+15	3.20871135e-03
66099	855.02534327	2644	1.94985251e-04	2644.00000000	3.47538305e+15	3.60700048e+15	3.20871396e-03
66124	855.34618228	2645	1.95058997e-04	2645.00000000	3.47538615e+15	3.60700358e+15	3.20871656e-03
66149	855.66771538	2646	1.95132743e-04	2646.00000000	3.47538924e+15	3.60700668e+15	3.20871916e-03
66174	855.98861799	2647	1.95206490e-04	2647.00000000	3.47539232e+15	3.60700977e+15	3.20872175e-03
66199	856.30926380	2648	1.95280236e-04	2648.00000000	3.47539540e+15	3.60701285e+15	3.20872434e-03
66224	856.63038745	2649	1.95353982e-04	2649.00000000	3.47539846e+15	3.60701593e+15	3.20872691e-03
66249	856.95205618	2650	1.95427729e-04	2650.00000000	3.47540153e+15	3.60701900e+15	3.20872949e-03
66274	857.27294359	2651	1.95501475e-04	2651.00000000	3.47540458e+15	3.60702206e+15	3.20873205e-03
66299	857.59512156	2652	1.95575221e-04	2652.00000000	3.47540763e+15	3.60702511e+15	3.20873462e-03
66324	857.91710589	2653	1.95648968e-04	2653.00000000	3.47541067e+15	3.60702816e+15	3.20873717e-03
66349	858.23909318	2654	1.95722714e-04	2654.00000000	3.47541370e+15	3.60703120e+15	3.20873972e-03
66374	858.56016048	2655	1.95796460e-04	2655.00000000	3.47541673e+15	3.60703423e+15	3.20874226e-03
66399	858.88138574	2656	1.95870206e-04	2656.00000000	3.47541975e+15	3.60703726e+15	3.20874480e-03
66424	859.20255693	2657	1.95943953e-04	2657.00000000	3.47542276e+15	3.60704028e+15	3.20874733e-03
66449	859.52426065	2658	1.96017699e-04	2658.00000000	3.47542577e+15	3.60704329e+15	3.20874986e-03
66474	859.84580624	2659	1.96091445e-04	2659.00000000	3.47542877e+15	3.60704630e+15	3.20875238e-03
66499	860.16748231	2660	1.96165192e-04	2660.00000000	3.47543176e+15	3.60704930e+15	3.20875489e-03
66524	860.48835915	2661	1.96238938e-04	2661.00000000	3.47543475e+15	3.60705229e+15	3.20875740e-03
66549	860.80922098	2662	1.96312684e-04	2662.00000000	3.47543773e+15	3.60705528e+15	3.20875992e-03
66574	861.13048677	2663	1.96386431e-04	2663.00000000	3.47544070e+15	3.60705826e+15	3.20876242e-03
66599	861.45226613	2664	1.96460177e-04	2664.00000000	3.47544366e+15	3.60706123e+15	3.20876491e-03
66624	861.77319153	2665	1.96533923e-04	2665.00000000	3.47544662e+15	3.60706419e+15	3.20876740e-03
66649	862.09431801	2666	1.96607670e-04	2666.00000000	3.47544958e+15	3.60706715e+15	3.20876988e-03
66674	862.41510011	2667	1.96681416e-04	2667.00000000	3.47545252e+15	3.60707010e+15	3.20877236e-03
66699	862.73765611	2668	1.96755162e-04	2668.00000000	3.47545546e+15	3.60707305e+15	3.20877483e-03
66724	863.05876936	2669	1.96828909e-04	2669.00000000	3.47545839e+15	3.60707599e+15	3.20877729e-03
66749	863.38089248	2670	1.96902655e-04	2670.00000000	3.47546132e+15	3.60707892e+15	3.20877975e-03
66774	863.70260077	2671	1.96976401e-04	2671.00000000	3.47546424e+15	3.60708184e+15	3.20878220e-03
66799	864.02363583	2672	1.97050147e-04	2672.00000000	3.47546715e+15	3.60708476e+15	3.20878465e-03
66824	864.34564252	2673	1.97123894e-04	2673.00000000	3.47547005e+15	3.60708767e+15	3.20878709e-03
66849	864.66835430	2674	1.97197640e-04	2674.00000000	3.47547295e+15	3.60709058e+15	3.20878952e-03
66874	864.98942347	2675	1.97271386e-04	2675.00000000	3.47547584e+15	3.60709348e+15	3.20879195e-03
66899	865.31110759	2676	1.97345133e-04	2676.00000000	3.47547873e+15	3.60709637e+15	3.20879438e-03
66924	865.63281218	2677	1.97418879e-04	2677.00000000	3.47548161e+15	3.60709925e+15	3.20879680e-03
66949	865.95385877	2678	1.97492625e-04	2678.00000000	3.47548448e+15	3.60710213e+15	3.20879921e-03
66974	866.27465656	2679	1.97566372e-04	2679.00000000	3.47548734e+15	3.60710500e+15	3.20880162e-03
66999	866.59597467	2680	1.97640118e-04	2680.00000000	3.47549020e+15	3.60710787e+15	3.20880402e-03
67024	866.91859014	2681	1.97713864e-04	2681.00000000	3.47549306e+15	3.60711073e+15	3.20880642e-03
67049	867.23958755	2682	1.97787611e-04	2682.00000000	3.47549590e+15	3.60711358e+15	3.20880881e-03
67074	867.56066537	2683	1.97861357e-04	2683.00000000	3.47549874e+15	3.60711643e+15	3.20881120e-03
67099	867.88426025	2684	1.97935103e-04	2684.00000000	3.47550157e+15	3.60711926e+15	3.20881358e-03
67124	868.20872731	2685	1.98008850e-04	2685.00000000	3.47550440e+15	3.60712210e+15	3.20881595e-03
67149	868.53497466	2686	1.98082596e-04	2686.00000000	3.47550722e+15	3.60712492e+15	3.20881832e-03
67174	868.85832627	2687	1.98156342e-04	2687.00000000	3.47551003e+15	3.60712774e+15	3.20882068e-03
67199	869.18298677	2688	1.98230088e-04	2688.00000000	3.47551284e+15	3.60713056e+15	3.20882304e-03
67224	869.50663651	2689	1.98303835e-04	2689.00000000	3.47551564e+15	3.60713336e+15	3.20882540e-03
67249	869.83197523	2690	1.98377581e-04	2690.00000000	3.47551843e+15	3.60713616e+15	3.20882774e-03
67274	870.15520259	2691	1.98451327e-04	2691.00000000	3.47552122e+15	3.60713896e+15	3.20883009e-03
67299	870.47800806	2692	1.98525074e-04	2692.00000000	3.47552400e+15	3.60714174e+15	3.20883242e-03
67324	870.80202383	2693	1.98598820e-04	2693.00000000	3.47552678e+15	3.60714452e+15	3.20883476e-03
67349	871.12686212	2694	1.98672566e-04	2694.00000000	3.47552955e+15	3.60714730e+15	3.20883708e-03
67374	871.45118807	2695	1.98746313e-04	2695.00000000	3.47553231e+15	3.60715007e+15	3.20883940e-03
67399	871.77453879	2696	1.98820059e-04	2696.00000000	3.47553507e+15	3.60715283e+15	3.20884172e-03
67424	872.09860687	2697	1.98893805e-04	2697.00000000	3.47553781e+15	3.60715558e+15	3.20884403e-03
67449	872.42346594	2698	1.98967552e-04	2698.00000000	3.47554056e+15	3.60715833e+15	3.20884633e-03
67474	872.74764435	2699	1.99041298e-04	2699.00000000	3.47554330e+15	3.60716108e+15	3.20884863e-03
67499	873.07098404	2700	1.99115044e-04	2700.00000000	3.47554603e+15	3.60716381e+15	3.20885093e-03
67524	873.39680399	2701	1.99188791e-04	2701.00000000	3.47554875e+15	3.60716654e+15	3.20885322e-03
67549	873.71981673	2702	1.99262537e-04	2702.00000000	3.47555147e+15	3.60716927e+15	3.20885550e-03
67574	874.04506331	2703	1.99336283e-04	2703.00000000	3.47555418e+15	3.60717199e+15	3.20885778e-03
67599	874.36804428	2704	1.99410029e-04	2704.00000000	3.47555689e+15	3.60717470e+15	3.20886005e-03
67624	874.69069566	2705	1.99483776e-04	2705.00000000	3.47555959e+15	3.60717740e+15	3.20886232e-03
67649	875.01324010	2706	1.99557522e-04	2706.00000000	3.47556228e+15	3.60718010e+15	3.20886459e-03
67674	875.33597933	2707	1.99631268e-04	2707.00000000	3.47556497e+15	3.60718280e+15	3.20886684e-03
67699	875.66209409	2708	1.99705015e-04	2708.00000000	3.47556765e+15	3.60718548e+15	3.20886910e-03
67724	875.98640186	2709	1.99778761e-04	2709.00000000	3.47557032e+15	3.60718816e+15	3.20887135e-03
67749	876.30932718	2710	1.99852507e-04	2710.00000000	3.47557299e+15	3.60719084e+15	3.20887359e-03
67774	876.63148895	2711	1.99926254e-04	2711.00000000	3.47557565e+15	3.60719351e+15	3.20887583e-03
67799	876.95513833	2712	2.00000000e-04	2712.00000000	3.47557831e+15	3.60719617e+15	3.20887805e-03
67824	877.27992815	2713	2.00073746e-04	2713.00000000	3.47558096e+15	3.60719883e+15	3.20888028e-03
67849	877.60220038	2714	2.00147493e-04	2714.00000000	3.47558361e+15	3.60720148e+15	3.20888250e-03
67874	877.92462856	2715	2.00221239e-04	2715.00000000	3.47558624e+15	3.60720412e+15	3.20888472e-03
67899	878.24996207	2716	2.00294985e-04	2716.00000000	3.47558888e+15	3.60720676e+15	3.20888693e-03
67924	878.57425257	2717	2.00368732e-04	2717.00000000	3.47559150e+15	3.60720939e+15	3.20888914e-03
67949	878.89931945	2718	2.00442478e-04	2718.00000000	3.47559412e+15	3.60721202e+15	3.20889134e-03
67974	879.22221880	2719	2.00516224e-04	2719.00000000	3.47559674e+15	3.60721464e+15	3.20889354e-03
67999	879.54499579	2720	2.00589971e-04	2720.00000000	3.47559935e+15	3.60721725e+15	3.20889573e-03
68024	879.86838628	2721	2.00663717e-04	2721.00000000	3.47560195e+15	3.60721986e+15	3.20889792e-03
68049	880.19264304	2722	2.00737463e-04	2722.00000000	3.47560455e+15	3.60722246e+15	3.20890010e-03
68074	880.51652549	2723	2.00811209e-04	2723.00000000	3.47560714e+15	3.60722506e+15	3.20890228e-03
68099	880.84202803	2724	2.00884956e-04	2724.00000000	3.47560972e+15	3.60722765e+15	3.20890445e-03
68124	881.16482746	2725	2.00958702e-04	2725.00000000	3.47561230e+15	3.60723023e+15	3.20890661e-03
68149	881.48710857	2726	2.01032448e-04	2726.00000000	3.47561487e+15	3.60723281e+15	3.20890878e-03
68174	881.81043542	2727	2.01106195e-04	2727.00000000	3.47561744e+15	3.60723538e+15	3.20891093e-03
68199	882.13428428	2728	2.01179941e-04	2728.00000000	3.47562000e+15	3.60723795e+15	3.20891308e-03
68224	882.45930599	2729	2.01253687e-04	2729.00000000	3.47562256e+15	3.60724051e+15	3.20891523e-03
68249	882.78296278	2730	2.01327434e-04	2730.00000000	3.47562511e+15	3.60724307e+15	3.20891737e-03
68274	883.10779843	2731	2.01401180e-04	2731.00000000	3.47562765e+15	3.60724561e+15	3.20891951e-03
68299	883.43067308	2732	2.01474926e-04	2732.00000000	3.47563019e+15	3.60724816e+15	3.20892164e-03
68324	883.75619836	2733	2.01548673e-04	2733.00000000	3.47563272e+15	3.60725070e+15	3.20892377e-03
68349	884.07982192	2734	2.01622419e-04	2734.00000000	3.47563524e+15	3.60725323e+15	3.20892589e-03
68374	884.40321179	2735	2.01696165e-04	2735.00000000	3.47563776e+15	3.60725575e+15	3.20892801e-03
68399	884.72568659	2736	2.01769912e-04	2736.00000000	3.47564028e+15	3.60725827e+15	3.20893012e-03
68424	885.05044961	2737	2.01843658e-04	2737.00000000	3.47564279e+15	3.60726079e+15	3.20893223e-03
68449	885.37477229	2738	2.01917404e-04	2738.00000000	3.47564529e+15	3.60726330e+15	3.20893434e-03
68474	885.69893964	2739	2.01991150e-04	2739.00000000	3.47564779e+15	3.60726580e+15	3.20893643e-03
68499	886.02181950	2740	2.02064897e-04	2740.00000000	3.47565028e+15	3.60726830e+15	3.20893853e-03
68524	886.34672877	2741	2.02138643e-04	2741.00000000	3.47565277e+15	3.60727079e+15	3.20894062e-03
68549	886.67198463	2742	2.02212389e-04	2742.00000000	3.47565525e+15	3.60727327e+15	3.20894270e-03
68574	886.99448920	2743	2.02286136e-04	2743.00000000	3.47565772e+15	3.60727575e+15	3.20894478e-03
68599	887.31831687	2744	2.02359882e-04	2744.00000000	3.47566019e+15	3.60727823e+15	3.20894686e-03
68624	887.64255232	2745	2.02433628e-04	2745.00000000	3.47566265e+15	3.60728070e+15	3.20894893e-03
68649	887.96772546	2746	2.02507375e-04	2746.00000000	3.47566511e+15	3.60728316e+15	3.20895099e-03
68674	888.29202294	2747	2.02581121e-04	2747.00000000	3.47566756e+15	3.60728562e+15	3.20895305e-03
68699	888.61637500	2748	2.02654867e-04	2748.00000000	3.47567001e+15	3.60728807e+15	3.20895511e-03
68724	888.94157264	2749	2.02728614e-04	2749.00000000	3.47567245e+15	3.60729052e+15	3.20895716e-03
68749	889.26675122	2750	2.02802360e-04	2750.00000000	3.47567489e+15	3.60729296e+15	3.20895920e-03
68774	889.59065511	2751	2.02876106e-04	2751.00000000	3.47567732e+15	3.60729539e+15	3.20896125e-03
68799	889.91583737	2752	2.02949853e-04	2752.00000000	3.47567974e+15	3.60729782e+15	3.20896328e-03
68824	890.23843436	2753	2.03023599e-04	2753.00000000	3.47568216e+15	3.60730024e+15	3.20896531e-03
68849	890.56288428	2754	2.03097345e-04	2754.00000000	3.47568457e+15	3.60730266e+15	3.20896734e-03
68874	890.88600433	2755	2.03171091e-04	2755.00000000	3.47568698e+15	3.60730508e+15	3.20896937e-03
68899	891.20856058	2756	2.03244838e-04	2756.00000000	3.47568938e+15	3.60730748e+15	3.20897138e-03
68924	891.53183927	2757	2.03318584e-04	2757.00000000	3.47569178e+15	3.60730989e+15	3.20897340e-03
68949	891.85599319	2758	2.03392330e-04	2758.00000000	3.47569417e+15	3.60731228e+15	3.20897541e-03
68974	892.17935451	2759	2.03466077e-04	2759.00000000	3.47569656e+15	3.60731467e+15	3.20897741e-03
68999	892.50373802	2760	2.03539823e-04	2760.00000000	3.47569894e+15	3.60731706e+15	3.20897941e-03
69024	892.82936177	2761	2.03613569e-04	2761.00000000	3.47570131e+15	3.60731944e+15	3.20898141e-03
69049	893.15447249	2762	2.03687316e-04	2762.00000000	3.47570368e+15	3.60732181e+15	3.20898341e-03
69074	893.47899210	2763	2.03761062e-04	2763.00000000	3.47570605e+15	3.60732418e+15	3.20898540e-03
69099	893.80464667	2764	2.03834808e-04	2764.00000000	3.47570840e+15	3.60732655e+15	3.20898739e-03
69124	894.12813694	2765	2.03908555e-04	2765.00000000	3.47571076e+15	3.60732891e+15	3.20898936e-03
69149	894.45290665	2766	2.03982301e-04	2766.00000000	3.47571311e+15	3.60733126e+15	3.20899134e-03
69174	894.77793111	2767	2.04056047e-04	2767.00000000	3.47571545e+15	3.60733361e+15	3.20899331e-03
69199	895.10163200	2768	2.04129794e-04	2768.00000000	3.47571779e+15	3.60733595e+15	3.20899527e-03
69224	895.42555422	2769	2.04203540e-04	2769.00000000	3.47572012e+15	3.60733829e+15	3.20899723e-03
69249	895.75026440	2770	2.04277286e-04	2770.00000000	3.47572245e+15	3.60734062e+15	3.20899919e-03
69274	896.07363624	2771	2.04351032e-04	2771.00000000	3.47572477e+15	3.60734295e+15	3.20900114e-03
69299	896.39760572	2772	2.04424779e-04	2772.00000000	3.47572709e+15	3.60734527e+15	3.20900308e-03
69324	896.72028064	2773	2.04498525e-04	2773.00000000	3.47572940e+15	3.60734759e+15	3.20900502e-03
69349	897.04498205	2774	2.04572271e-04	2774.00000000	3.47573170e+15	3.60734990e+15	3.20900696e-03
69374	897.36767385	2775	2.04646018e-04	2775.00000000	3.47573400e+15	3.60735220e+15	3.20900890e-03
69399	897.69059028	2776	2.04719764e-04	2776.00000000	3.47573630e+15	3.60735450e+15	3.20901082e-03
69424	898.01287653	2777	2.04793510e-04	2777.00000000	3.47573859e+15	3.60735680e+15	3.20901275e-03
69449	898.33746991	2778	2.04867257e-04	2778.00000000	3.47574087e+15	3.60735909e+15	3.20901467e-03
69474	898.66089175	2779	2.04941003e-04	2779.00000000	3.47574315e+15	3.60736137e+15	3.20901658e-03
69499	898.98420319	2780	2.05014749e-04	2780.00000000	3.47574543e+15	3.60736365e+15	3.20901849e-03
69524	899.30869112	2781	2.05088496e-04	2781.00000000	3.47574770e+15	3.60736592e+15	3.20902040e-03
69549	899.63182043	2782	2.05162242e-04	2782.00000000	3.47574996e+15	3.60736819e+15	3.20902230e-03
69574	899.95510790	2783	2.05235988e-04	2783.00000000	3.47575222e+15	3.60737046e+15	3.20902420e-03
69599	900.27798985	2784	2.05309735e-04	2784.00000000	3.47575447e+15	3.60737272e+15	3.20902610e-03
69624	900.60038536	2785	2.05383481e-04	2785.00000000	3.47575672e+15	3.60737497e+15	3.20902798e-03
69649	900.92465509	2786	2.05457227e-04	2786.00000000	3.47575896e+15	3.60737722e+15	3.20902987e-03
69674	901.24935298	2787	2.05530973e-04	2787.00000000	3.47576120e+15	3.60737946e+15	3.20903175e-03
69699	901.57309291	2788	2.05604720e-04	2788.00000000	3.47576343e+15	3.60738170e+15	3.20903363e-03
69724	901.89546982	2789	2.05678466e-04	2789.00000000	3.47576566e+15	3.60738393e+15	3.20903550e-03
69749	902.21872398	2790	2.05752212e-04	2790.00000000	3.47576789e+15	3.60738616e+15	3.20903737e-03
69774	902.54325835	2791	2.05825959e-04	2791.00000000	3.47577010e+15	3.60738838e+15	3.20903923e-03
69799	902.86669786	2792	2.05899705e-04	2792.00000000	3.47577232e+15	3.60739060e+15	3.20904109e-03
69824	903.19129881	2793	2.05973451e-04	2793.00000000	3.47577452e+15	3.60739281e+15	3.20904294e-03
69849	903.51644472	2794	2.06047198e-04	2794.00000000	3.47577673e+15	3.60739502e+15	3.20904479e-03
69874	903.83984395	2795	2.06120944e-04	2795.00000000	3.47577892e+15	3.60739722e+15	3.20904664e-03
69899	904.16414149	2796	2.06194690e-04	2796.00000000	3.47578112e+15	3.60739942e+15	3.20904848e-03
69924	904.48998141	2797	2.06268437e-04	2797.00000000	3.47578330e+15	3.60740161e+15	3.20905032e-03
69949	904.81507348	2798	2.06342183e-04	2798.00000000	3.47578549e+15	3.60740380e+15	3.20905216e-03
69974	905.13962792	2799	2.06415929e-04	2799.00000000	3.47578766e+15	3.60740598e+15	3.20905399e-03
69999	905.46530870	2800	2.06489676e-04	2800.00000000	3.47578984e+15	3.60740816e+15	3.20905581e-03
70024	905.79097931	2801	2.06563422e-04	2801.00000000	3.47579200e+15	3.60741033e+15	3.20905763e-03
70049	906.11361201	2802	2.06637168e-04	2802.00000000	3.47579417e+15	3.60741250e+15	3.20905945e-03
70074	906.43599779	2803	2.06710914e-04	2803.00000000	3.47579632e+15	3.60741466e+15	3.20906126e-03
70099	906.75966318	2804	2.06784661e-04	2804.00000000	3.47579848e+15	3.60741682e+15	3.20906307e-03
70124	907.08500410	2805	2.06858407e-04	2805.00000000	3.47580062e+15	3.60741897e+15	3.20906488e-03
70149	907.40934996	2806	2.06932153e-04	2806.00000000	3.47580277e+15	3.60742112e+15	3.20906668e-03
70174	907.73411649	2807	2.07005900e-04	2807.00000000	3.47580490e+15	3.60742326e+15	3.20906847e-03
70199	908.05816741	2808	2.07079646e-04	2808.00000000	3.47580704e+15	3.60742540e+15	3.20907027e-03
70224	908.38257653	2809	2.07153392e-04	2809.00000000	3.47580917e+15	3.60742753e+15	3.20907205e-03
70249	908.70692480	2810	2.07227139e-04	2810.00000000	3.47581129e+15	3.60742966e+15	3.20907384e-03
70274	909.03122218	2811	2.07300885e-04	2811.00000000	3.47581341e+15	3.60743178e+15	3.20907562e-03
70299	909.35378688	2812	2.07374631e-04	2812.00000000	3.47581552e+15	3.60743390e+15	3.20907739e-03
70324	909.67796188	2813	2.07448378e-04	2813.00000000	3.47581763e+15	3.60743601e+15	3.20907917e-03
70349	910.00139240	2814	2.07522124e-04	2814.00000000	3.47581973e+15	3.60743812e+15	3.20908093e-03
70374	910.32592230	2815	2.07595870e-04	2815.00000000	3.47582183e+15	3.60744023e+15	3.20908270e-03
70399	910.64886798	2816	2.07669617e-04	2816.00000000	3.47582393e+15	3.60744232e+15	3.20908446e-03
70424	910.97255471	2817	2.07743363e-04	2817.00000000	3.47582602e+15	3.60744442e+15	3.20908621e-03
70449	911.29682626	2818	2.07817109e-04	2818.00000000	3.47582810e+15	3.60744651e+15	3.20908797e-03
70474	911.62119918	2819	2.07890855e-04	2819.00000000	3.47583018e+15	3.60744859e+15	3.20908971e-03
70499	911.94521399	2820	2.07964602e-04	2820.00000000	3.47583226e+15	3.60745067e+15	3.20909146e-03
70524	912.26844924	2821	2.08038348e-04	2821.00000000	3.47583433e+15	3.60745275e+15	3.20909320e-03
70549	912.59415009	2822	2.08112094e-04	2822.00000000	3.47583640e+15	3.60745482e+15	3.20909493e-03
70574	912.91740728	2823	2.08185841e-04	2823.00000000	3.47583846e+15	3.60745688e+15	3.20909667e-03
70599	913.24085717	2824	2.08259587e-04	2824.00000000	3.47584051e+15	3.60745895e+15	3.20909839e-03
70624	913.56522430	2825	2.08333333e-04	2825.00000000	3.47584256e+15	3.60746100e+15	3.20910012e-03
70649	913.89049607	2826	2.08407080e-04	2826.00000000	3.47584461e+15	3.60746305e+15	3.20910184e-03
70674	914.21384768	2827	2.08480826e-04	2827.00000000	3.47584665e+15	3.60746510e+15	3.20910356e-03
70699	914.53741938	2828	2.08554572e-04	2828.00000000	3.47584869e+15	3.60746714e+15	3.20910527e-03
70724	914.86079974	2829	2.08628319e-04	2829.00000000	3.47585073e+15	3.60746918e+15	3.20910698e-03
70749	915.18578436	2830	2.08702065e-04	2830.00000000	3.47585275e+15	3.60747121e+15	3.20910868e-03
70774	915.50863262	2831	2.08775811e-04	2831.00000000	3.47585478e+15	3.60747324e+15	3.20911038e-03
70799	915.83383016	2832	2.08849558e-04	2832.00000000	3.47585680e+15	3.60747526e+15	3.20911208e-03
70824	916.15753839	2833	2.08923304e-04	2833.00000000	3.47585881e+15	3.60747728e+15	3.20911377e-03
70849	916.48176366	2834	2.08997050e-04	2834.00000000	3.47586082e+15	3.60747930e+15	3.20911546e-03
70874	916.80450582	2835	2.09070796e-04	2835.00000000	3.47586283e+15	3.60748131e+15	3.20911714e-03
70899	917.13030910	2836	2.09144543e-04	2836.00000000	3.47586483e+15	3.60748331e+15	3.20911883e-03
70924	917.45557932	2837	2.09218289e-04	2837.00000000	3.47586682e+15	3.60748531e+15	3.20912050e-03
70949	917.77851476	2838	2.09292035e-04	2838.00000000	3.47586881e+15	3.60748731e+15	3.20912218e-03
70974	918.10247017	2839	2.09365782e-04	2839.00000000	3.47587080e+15	3.60748930e+15	3.20912385e-03
70999	918.42581039	2840	2.09439528e-04	2840.00000000	3.47587278e+15	3.60749129e+15	3.20912551e-03
71024	918.74920830	2841	2.09513274e-04	2841.00000000	3.47587476e+15	3.60749327e+15	3.20912717e-03
71049	919.07146246	2842	2.09587021e-04	2842.00000000	3.47587673e+15	3.60749524e+15	3.20912883e-03
71074	919.39466513	2843	2.09660767e-04	2843.00000000	3.47587870e+15	3.60749722e+15	3.20913048e-03
71099	919.71865633	2844	2.09734513e-04	2844.00000000	3.47588067e+15	3.60749918e+15	3.20913214e-03
71124	920.04319386	2845	2.09808260e-04	2845.00000000	3.47588262e+15	3.60750115e+15	3.20913378e-03
71149	920.36621800	2846	2.09882006e-04	2846.00000000	3.47588458e+15	3.60750311e+15	3.20913542e-03
71174	920.68989096	2847	2.09955752e-04	2847.00000000	3.47588653e+15	3.60750506e+15	3.20913706e-03
71199	921.01487345	2848	2.10029499e-04	2848.00000000	3.47588847e+15	3.60750701e+15	3.20913870e-03
71224	921.33772569	2849	2.10103245e-04	2849.00000000	3.47589041e+15	3.60750896e+15	3.20914033e-03
71249	921.65985627	2850	2.10176991e-04	2850.00000000	3.47589235e+15	3.60751090e+15	3.20914195e-03
71274	921.98213107	2851	2.10250737e-04	2851.00000000	3.47589428e+15	3.60751283e+15	3.20914358e-03
71299	922.30437382	2852	2.10324484e-04	2852.00000000	3.47589621e+15	3.60751476e+15	3.20914520e-03
71324	922.62780694	2853	2.10398230e-04	2853.00000000	3.47589813e+15	3.60751669e+15	3.20914681e-03
71349	922.95236047	2854	2.10471976e-04	2854.00000000	3.47590005e+15	3.60751861e+15	3.20914843e-03
71374	923.27778560	2855	2.10545723e-04	2855.00000000	3.47590196e+15	3.60752053e+15	3.20915003e-03
71399	923.60314252	2856	2.10619469e-04	2856.00000000	3.47590387e+15	3.60752244e+15	3.20915164e-03
71424	923.92627025	2857	2.10693215e-04	2857.00000000	3.47590578e+15	3.60752435e+15	3.20915324e-03
71449	924.25216637	2858	2.10766962e-04	2858.00000000	3.47590768e+15	3.60752625e+15	3.20915483e-03
71474	924.57668719	2859	2.10840708e-04	2859.00000000	3.47590957e+15	3.60752815e+15	3.20915643e-03
71499	924.90081013	2860	2.10914454e-04	2860.00000000	3.47591146e+15	3.60753005e+15	3.20915802e-03
71524	925.22398872	2861	2.10988201e-04	2861.00000000	3.47591335e+15	3.60753194e+15	3.20915960e-03
71549	925.54870282	2862	2.11061947e-04	2862.00000000	3.47591523e+15	3.60753383e+15	3.20916118e-03
71574	925.87513989	2863	2.11135693e-04	2863.00000000	3.47591711e+15	3.60753571e+15	3.20916276e-03
71599	926.19816636	2864	2.11209440e-04	2864.00000000	3.47591898e+15	3.60753759e+15	3.20916434e-03
71624	926.52166070	2865	2.11283186e-04	2865.00000000	3.47592085e+15	3.60753946e+15	3.20916591e-03
71649	926.84703170	2866	2.11356932e-04	2866.00000000	3.47592272e+15	3.60754133e+15	3.20916747e-03
71674	927.17038747	2867	2.11430678e-04	2867.00000000	3.47592458e+15	3.60754319e+15	3.20916904e-03
71699	927.49636585	2868	2.11504425e-04	2868.00000000	3.47592643e+15	3.60754505e+15	3.20917060e-03
71724	927.82025342	2869	2.11578171e-04	2869.00000000	3.47592828e+15	3.60754691e+15	3.20917215e-03
71749	928.14512480	2870	2.11651917e-04	2870.00000000	3.47593013e+15	3.60754876e+15	3.20917371e-03
71774	928.46922683	2871	2.11725664e-04	2871.00000000	3.47593197e+15	3.60755060e+15	3.20917525e-03
71799	928.79315675	2872	2.11799410e-04	2872.00000000	3.47593381e+15	3.60755245e+15	3.20917680e-03
71824	929.11790243	2873	2.11873156e-04	2873.00000000	3.47593564e+15	3.60755429e+15	3.20917834e-03
71849	929.44312981	2874	2.11946903e-04	2874.00000000	3.47593747e+15	3.60755612e+15	3.20917988e-03
71874	929.76636039	2875	2.12020649e-04	2875.00000000	3.47593930e+15	3.60755795e+15	3.20918141e-03
71899	930.08948955	2876	2.12094395e-04	2876.00000000	3.47594112e+15	3.60755977e+15	3.20918294e-03
71924	930.41184667	2877	2.12168142e-04	2877.00000000	3.47594294e+15	3.60756159e+15	3.20918447e-03
71949	930.73503335	2878	2.12241888e-04	2878.00000000	3.47594475e+15	3.60756341e+15	3.20918599e-03
71974	931.05953974	2879	2.12315634e-04	2879.00000000	3.47594656e+15	3.60756522e+15	3.20918751e-03
71999	931.38361783	2880	2.12389381e-04	2880.00000000	3.47594836e+15	3.60756703e+15	3.20918903e-03
72024	931.70965000	2881	2.12463127e-04	2881.00000000	3.47595016e+15	3.60756883e+15	3.20919054e-03
72049	932.03406462	2882	2.12536873e-04	2882.00000000	3.47595196e+15	3.60757063e+15	3.20919205e-03
72074	932.35717835	2883	2.12610619e-04	2883.00000000	3.47595375e+15	3.60757243e+15	3.20919356e-03
72099	932.68042130	2884	2.12684366e-04	2884.00000000	3.47595554e+15	3.60757422e+15	3.20919506e-03
72124	933.00377914	2885	2.12758112e-04	2885.00000000	3.47595732e+15	3.60757601e+15	3.20919656e-03
72149	933.32640826	2886	2.12831858e-04	2886.00000000	3.47595910e+15	3.60757779e+15	3.20919805e-03
72174	933.64966724	2887	2.12905605e-04	2887.00000000	3.47596087e+15	3.60757957e+15	3.20919954e-03
72199	933.97436237	2888	2.12979351e-04	2888.00000000	3.47596264e+15	3.60758134e+15	3.20920103e-03
72224	934.29812907	2889	2.13053097e-04	2889.00000000	3.47596441e+15	3.60758311e+15	3.20920251e-03
72249	934.62159224	2890	2.13126844e-04	2890.00000000	3.47596617e+15	3.60758488e+15	3.20920400e-03
72274	934.94511986	2891	2.13200590e-04	2891.00000000	3.47596793e+15	3.60758664e+15	3.20920547e-03
72299	935.26817922	2892	2.13274336e-04	2892.00000000	3.47596968e+15	3.60758840e+15	3.20920695e-03
72324	935.59032024	2893	2.13348083e-04	2893.00000000	3.47597143e+15	3.60759015e+15	3.20920842e-03
72349	935.91291710	2894	2.13421829e-04	2894.00000000	3.47597318e+15	3.60759190e+15	3.20920988e-03
72374	936.23547155	2895	2.13495575e-04	2895.00000000	3.47597492e+15	3.60759364e+15	3.20921135e-03
72399	936.55819082	2896	2.13569322e-04	2896.00000000	3.47597665e+15	3.60759538e+15	3.20921282e-03
72424	936.88134857	2897	2.13643068e-04	2897.00000000	3.47597839e+15	3.60759712e+15	3.20921428e-03
72449	937.20466214	2898	2.13716814e-04	2898.00000000	3.47598012e+15	3.60759886e+15	3.20921573e-03
72474	937.52766633	2899	2.13790560e-04	2899.00000000	3.47598184e+15	3.60760058e+15	3.20921718e-03
72499	937.85162408	2900	2.13864307e-04	2900.00000000	3.47598356e+15	3.60760231e+15	3.20921863e-03
72524	938.17490612	2901	2.13938053e-04	2901.00000000	3.47598528e+15	3.60760403e+15	3.20922007e-03
72549	938.49965563	2902	2.14011799e-04	2902.00000000	3.47598700e+15	3.60760575e+15	3.20922151e-03
72574	938.82325086	2903	2.14085546e-04	2903.00000000	3.47598871e+15	3.60760746e+15	3.20922295e-03
72599	939.14714550	2904	2.14159292e-04	2904.00000000	3.47599041e+15	3.60760917e+15	3.20922438e-03
72624	939.46971572	2905	2.14233038e-04	2905.00000000	3.47599211e+15	3.60761088e+15	3.20922581e-03
72649	939.79374354	2906	2.14306785e-04	2906.00000000	3.47599381e+15	3.60761258e+15	3.20922724e-03
72674	940.11838373	2907	2.14380531e-04	2907.00000000	3.47599550e+15	3.60761427e+15	3.20922866e-03
72699	940.44296791	2908	2.14454277e-04	2908.00000000	3.47599719e+15	3.60761597e+15	3.20923008e-03
72724	940.76714308	2909	2.14528024e-04	2909.00000000	3.47599888e+15	3.60761766e+15	3.20923150e-03
72749	941.08934128	2910	2.14601770e-04	2910.00000000	3.47600056e+15	3.60761934e+15	3.20923291e-03
72774	941.41179926	2911	2.14675516e-04	2911.00000000	3.47600223e+15	3.60762102e+15	3.20923432e-03
72799	941.73523863	2912	2.14749263e-04	2912.00000000	3.47600391e+15	3.60762270e+15	3.20923573e-03
72824	942.05945932	2913	2.14823009e-04	2913.00000000	3.47600558e+15	3.60762437e+15	3.20923713e-03
72849	942.38428689	2914	2.14896755e-04	2914.00000000	3.47600724e+15	3.60762604e+15	3.20923853e-03
72874	942.70844801	2915	2.14970501e-04	2915.00000000	3.47600890e+15	3.60762771e+15	3.20923993e-03
72899	943.03409906	2916	2.15044248e-04	2916.00000000	3.47601056e+15	3.60762937e+15	3.20924132e-03
72924	943.35756731	2917	2.15117994e-04	2917.00000000	3.47601222e+15	3.60763102e+15	3.20924271e-03
72949	943.68207991	2918	2.15191740e-04	2918.00000000	3.47601387e+15	3.60763268e+15	3.20924410e-03
72974	944.00675824	2919	2.15265487e-04	2919.00000000	3.47601551e+15	3.60763433e+15	3.20924548e-03
72999	944.32985038	2920	2.15339233e-04	2920.00000000	3.47601715e+15	3.60763597e+15	3.20924686e-03
73024	944.65430578	2921	2.15412979e-04	2921.00000000	3.47601879e+15	3.60763761e+15	3.20924824e-03
73049	944.97879773	2922	2.15486726e-04	2922.00000000	3.47602043e+15	3.60763925e+15	3.20924961e-03
73074	945.30241952	2923	2.15560472e-04	2923.00000000	3.47602206e+15	3.60764089e+15	3.20925098e-03
73099	945.62713901	2924	2.15634218e-04	2924.00000000	3.47602368e+15	3.60764252e+15	3.20925235e-03
73124	945.95136573	2925	2.15707965e-04	2925.00000000	3.47602531e+15	3.60764414e+15	3.20925371e-03
73149	946.27602349	2926	2.15781711e-04	2926.00000000	3.47602692e+15	3.60764577e+15	3.20925507e-03
73174	946.59949155	2927	2.15855457e-04	2927.00000000	3.47602854e+15	3.60764738e+15	3.20925643e-03
73199	946.92528423	2928	2.15929204e-04	2928.00000000	3.47603015e+15	3.60764900e+15	3.20925779e-03
73224	947.24910540	2929	2.16002950e-04	2929.00000000	3.47603176e+15	3.60765061e+15	3.20925914e-03
73249	947.57176133	2930	2.16076696e-04	2930.00000000	3.47603336e+15	3.60765222e+15	3.20926049e-03
73274	947.89667264	2931	2.16150442e-04	2931.00000000	3.47603496e+15	3.60765382e+15	3.20926183e-03
73299	948.22111376	2932	2.16224189e-04	2932.00000000	3.47603656e+15	3.60765542e+15	3.20926317e-03
73324	948.54553313	2933	2.16297935e-04	2933.00000000	3.47603815e+15	3.60765702e+15	3.20926451e-03
73349	948.86852959	2934	2.16371681e-04	2934.00000000	3.47603974e+15	3.60765861e+15	3.20926584e-03
73374	949.19204330	2935	2.16445428e-04	2935.00000000	3.47604132e+15	3.60766020e+15	3.20926717e-03
73399	949.51410387	2936	2.16519174e-04	2936.00000000	3.47604291e+15	3.60766178e+15	3.20926850e-03
73424	949.83812519	2937	2.16592920e-04	2937.00000000	3.47604448e+15	3.60766336e+15	3.20926983e-03
73449	950.16136935	2938	2.16666667e-04	2938.00000000	3.47604606e+15	3.60766494e+15	3.20927115e-03
73474	950.48499610	2939	2.16740413e-04	2939.00000000	3.47604763e+15	3.60766651e+15	3.20927247e-03
73499	950.80734054	2940	2.16814159e-04	2940.00000000	3.47604919e+15	3.60766808e+15	3.20927379e-03
73524	951.13110213	2941	2.16887906e-04	2941.00000000	3.47605076e+15	3.60766965e+15	3.20927510e-03
73549	951.45505848	2942	2.16961652e-04	2942.00000000	3.47605231e+15	3.60767121e+15	3.20927641e-03
73574	951.78022985	2943	2.17035398e-04	2943.00000000	3.47605387e+15	3.60767277e+15	3.20927772e-03
73599	952.10536993	2944	2.17109145e-04	2944.00000000	3.47605542e+15	3.60767432e+15	3.20927902e-03
73624	952.43090111	2945	2.17182891e-04	2945.00000000	3.47605697e+15	3.60767588e+15	3.20928032e-03
73649	952.75467027	2946	2.17256637e-04	2946.00000000	3.47605851e+15	3.60767742e+15	3.20928162e-03
73674	953.07870717	2947	2.17330383e-04	2947.00000000	3.47606006e+15	3.60767897e+15	3.20928292e-03
73699	953.40248688	2948	2.17404130e-04	2948.00000000	3.47606159e+15	3.60768051e+15	3.20928421e-03
73724	953.72530607	2949	2.17477876e-04	2949.00000000	3.47606313e+15	3.60768205e+15	3.20928550e-03
73749	954.04796047	2950	2.17551622e-04	2950.00000000	3.47606466e+15	3.60768358e+15	3.20928678e-03
73774	954.37033254	2951	2.17625369e-04	2951.00000000	3.47606618e+15	3.60768511e+15	3.20928807e-03
73799	954.69377212	2952	2.17699115e-04	2952.00000000	3.47606770e+15	3.60768663e+15	3.20928935e-03
73824	955.01729519	2953	2.17772861e-04	2953.00000000	3.47606922e+15	3.60768816e+15	3.20929062e-03
73849	955.34081515	2954	2.17846608e-04	2954.00000000	3.47607074e+15	3.60768968e+15	3.20929190e-03
73874	955.66414652	2955	2.17920354e-04	2955.00000000	3.47607225e+15	3.60769119e+15	3.20929317e-03
73899	955.98656676	2956	2.17994100e-04	2956.00000000	3.47607376e+15	3.60769270e+15	3.20929444e-03
73924	956.31071576	2957	2.18067847e-04	2957.00000000	3.47607526e+15	3.60769421e+15	3.20929570e-03
73949	956.63473121	2958	2.18141593e-04	2958.00000000	3.47607677e+15	3.60769572e+15	3.20929696e-03
73974	956.95923559	2959	2.18215339e-04	2959.00000000	3.47607826e+15	3.60769722e+15	3.20929822e-03
73999	957.28260929	2960	2.18289086e-04	2960.00000000	3.47607976e+15	3.60769871e+15	3.20929948e-03
74024	957.60778908	2961	2.18362832e-04	2961.00000000	3.47608125e+15	3.60770021e+15	3.20930073e-03
74049	957.93227739	2962	2.18436578e-04	2962.00000000	3.47608274e+15	3.60770170e+15	3.20930198e-03
74074	958.25569134	2963	2.18510324e-04	2963.00000000	3.47608422e+15	3.60770319e+15	3.20930323e-03
74099	958.57911606	2964	2.18584071e-04	2964.00000000	3.47608570e+15	3.60770467e+15	3.20930447e-03
74124	958.90147396	2965	2.18657817e-04	2965.00000000	3.47608718e+15	3.60770615e+15	3.20930571e-03
74149	959.22476356	2966	2.18731563e-04	2966.00000000	3.47608865e+15	3.60770763e+15	3.20930695e-03
74174	959.54833390	2967	2.18805310e-04	2967.00000000	3.47609012e+15	3.60770910e+15	3.20930819e-03
74199	959.87170253	2968	2.18879056e-04	2968.00000000	3.47609159e+15	3.60771057e+15	3.20930942e-03
74224	960.19627010	2969	2.18952802e-04	2969.00000000	3.47609305e+15	3.60771204e+15	3.20931065e-03
74249	960.52030407	2970	2.19026549e-04	2970.00000000	3.47609451e+15	3.60771350e+15	3.20931188e-03
74274	960.84344803	2971	2.19100295e-04	2971.00000000	3.47609597e+15	3.60771496e+15	3.20931310e-03
74299	961.16807846	2972	2.19174041e-04	2972.00000000	3.47609742e+15	3.60771641e+15	3.20931432e-03
74324	961.48998951	2973	2.19247788e-04	2973.00000000	3.47609887e+15	3.60771787e+15	3.20931554e-03
74349	961.81060671	2974	2.19321534e-04	2974.00000000	3.47610032e+15	3.60771932e+15	3.20931675e-03
74374	962.13126528	2975	2.19395280e-04	2975.00000000	3.47610176e+15	3.60772076e+15	3.20931797e-03
74399	962.45283304	2976	2.19469027e-04	2976.00000000	3.47610320e+15	3.60772220e+15	3.20931918e-03
74424	962.77502354	2977	2.19542773e-04	2977.00000000	3.47610463e+15	3.60772364e+15	3.20932038e-03
74449	963.09811577	2978	2.19616519e-04	2978.00000000	3.47610607e+15	3.60772508e+15	3.20932159e-03
74474	963.42321220	2979	2.19690265e-04	2979.00000000	3.47610750e+15	3.60772651e+15	3.20932279e-03
74499	963.74580272	2980	2.19764012e-04	2980.00000000	3.47610892e+15	3.60772794e+15	3.20932399e-03
74524	964.06852112	2981	2.19837758e-04	2981.00000000	3.47611034e+15	3.60772937e+15	3.20932518e-03
74549	964.39223133	2982	2.19911504e-04	2982.00000000	3.47611176e+15	3.60773079e+15	3.20932637e-03
74574	964.71681455	2983	2.19985251e-04	2983.00000000	3.47611318e+15	3.60773221e+15	3.20932756e-03
74599	965.04027293	2984	2.20058997e-04	2984.00000000	3.47611459e+15	3.60773362e+15	3.20932875e-03
74624	965.36321883	2985	2.20132743e-04	2985.00000000	3.47611600e+15	3.60773504e+15	3.20932994e-03
74649	965.68746184	2986	2.20206490e-04	2986.00000000	3.47611741e+15	3.60773644e+15	3.20933112e-03
74674	966.01054995	2987	2.20280236e-04	2987.00000000	3.47611881e+15	3.60773785e+15	3.20933230e-03
74699	966.33525115	2988	2.20353982e-04	2988.00000000	3.47612021e+15	3.60773925e+15	3.20933347e-03
74724	966.65896719	2989	2.20427729e-04	2989.00000000	3.47612160e+15	3.60774065e+15	3.20933465e-03
74749	966.98258908	2990	2.20501475e-04	2990.00000000	3.47612300e+15	3.60774205e+15	3.20933582e-03
74774	967.30481714	2991	2.20575221e-04	2991.00000000	3.47612439e+15	3.60774344e+15	3.20933698e-03
74799	967.62973590	2992	2.20648968e-04	2992.00000000	3.47612577e+15	3.60774483e+15	3.20933815e-03
74824	967.95324214	2993	2.20722714e-04	2993.00000000	3.47612716e+15	3.60774621e+15	3.20933931e-03
74849	968.27736950	2994	2.20796460e-04	2994.00000000	3.47612854e+15	3.60774760e+15	3.20934047e-03
74874	968.60169331	2995	2.20870206e-04	2995.00000000	3.47612991e+15	3.60774898e+15	3.20934163e-03
74899	968.92449313	2996	2.20943953e-04	2996.00000000	3.47613128e+15	3.60775035e+15	3.20934278e-03
74924	969.24801369	2997	2.21017699e-04	2997.00000000	3.47613266e+15	3.60775173e+15	3.20934393e-03
74949	969.57134199	2998	2.21091445e-04	2998.00000000	3.47613402e+15	3.60775310e+15	3.20934508e-03
74974	969.89555670	2999	2.21165192e-04	2999.00000000	3.47613539e+15	3.60775446e+15	3.20934623e-03
74999	970.25864763	3000	2.21238938e-04	3000.00000000	3.47584737e+15	3.60768454e+15	3.20798562e-03
