TITLE = "DT cycle-start spatial average"
VARIABLES = "step", "wallTime", "targetCycle", "runTime", "runCyc", "NeAve", "NiAve", "EeAve"
ZONE T="Average_phase0", F=POINT
0	0.00000000	0	0.00000000e+00	0.00000000	1.00000000e+14	1.00000000e+14	2.40315765e-05
49	0.63874737	1	7.37463127e-08	1.00000000	9.80186739e+13	1.15568992e+14	1.18374405e-04
99	1.28122080	2	1.47492625e-07	2.00000000	1.22664271e+14	1.47156566e+14	1.49105214e-04
149	1.92485804	3	2.21238938e-07	3.00000000	1.56164707e+14	1.85642310e+14	1.89174377e-04
199	2.57168407	4	2.94985251e-07	4.00000000	1.97017983e+14	2.30904854e+14	2.36874584e-04
249	3.21710099	5	3.68731563e-07	5.00000000	2.43872049e+14	2.82074069e+14	2.90304581e-04
299	3.86021178	6	4.42477876e-07	6.00000000	2.95025721e+14	3.37615289e+14	3.47303220e-04
349	4.50323400	7	5.16224189e-07	7.00000000	3.48731433e+14	3.95790771e+14	4.05792349e-04
399	5.14902523	8	5.89970501e-07	8.00000000	4.03405451e+14	4.54954670e+14	4.64362561e-04
449	5.79450557	9	6.63716814e-07	9.00000000	4.57725072e+14	5.13705195e+14	5.21693073e-04
499	6.43936398	10	7.37463127e-07	10.00000000	5.10918707e+14	5.71201474e+14	5.76916321e-04
549	7.08179165	11	8.11209440e-07	11.00000000	5.62523052e+14	6.26933621e+14	6.29622007e-04
599	7.72526740	12	8.84955752e-07	12.00000000	6.12346262e+14	6.80674607e+14	6.79677377e-04
649	8.37004733	13	9.58702065e-07	13.00000000	6.60286631e+14	7.32312060e+14	7.27226657e-04
699	9.01292648	14	1.03244838e-06	14.00000000	7.06497794e+14	7.81989454e+14	7.72597484e-04
749	9.65907038	15	1.10619469e-06	15.00000000	7.51185630e+14	8.29915104e+14	8.16135779e-04
799	10.30331003	16	1.17994100e-06	16.00000000	7.94608144e+14	8.76357438e+14	8.58203401e-04
849	10.94816753	17	1.25368732e-06	17.00000000	8.36927237e+14	9.21485573e+14	8.99093819e-04
899	11.59194334	18	1.32743363e-06	18.00000000	8.78279013e+14	9.65442955e+14	9.39093142e-04
949	12.23802752	19	1.40117994e-06	19.00000000	9.18705405e+14	1.00827995e+15	9.78081272e-04
999	12.88331652	20	1.47492625e-06	20.00000000	9.58190079e+14	1.04999259e+15	1.01611437e-03
1049	13.53121219	21	1.54867257e-06	21.00000000	9.96690105e+14	1.09054874e+15	1.05312032e-03
1099	14.17454638	22	1.62241888e-06	22.00000000	1.03419135e+15	1.12994543e+15	1.08907146e-03
1149	14.82199949	23	1.69616519e-06	23.00000000	1.07068083e+15	1.16818189e+15	1.12400151e-03
1199	15.46927226	24	1.76991150e-06	24.00000000	1.10610895e+15	1.20522091e+15	1.15785114e-03
1249	16.11192161	25	1.84365782e-06	25.00000000	1.14054248e+15	1.24114097e+15	1.19058330e-03
1299	16.75711779	26	1.91740413e-06	26.00000000	1.17414581e+15	1.27611700e+15	1.22227263e-03
1349	17.40075999	27	1.99115044e-06	27.00000000	1.20704733e+15	1.31028965e+15	1.25304128e-03
1399	18.04666019	28	2.06489676e-06	28.00000000	1.23923003e+15	1.34365324e+15	1.28301307e-03
1449	18.69369558	29	2.13864307e-06	29.00000000	1.27068740e+15	1.37620996e+15	1.31219147e-03
1499	19.33921806	30	2.21238938e-06	30.00000000	1.30140453e+15	1.40795103e+15	1.34058995e-03
1549	19.98656818	31	2.28613569e-06	31.00000000	1.33136188e+15	1.43886569e+15	1.36817895e-03
1599	20.63308958	32	2.35988201e-06	32.00000000	1.36054531e+15	1.46894542e+15	1.39496577e-03
1649	21.27982298	33	2.43362832e-06	33.00000000	1.38894743e+15	1.49818712e+15	1.42094517e-03
1699	21.92359283	34	2.50737463e-06	34.00000000	1.41655134e+15	1.52657749e+15	1.44614793e-03
1749	22.57038437	35	2.58112094e-06	35.00000000	1.44333644e+15	1.55409921e+15	1.47054707e-03
1799	23.21483814	36	2.65486726e-06	36.00000000	1.46929391e+15	1.58074663e+15	1.49413277e-03
1849	23.86084221	37	2.72861357e-06	37.00000000	1.49444021e+15	1.60653924e+15	1.51687597e-03
1899	24.50535280	38	2.80235988e-06	38.00000000	1.51880436e+15	1.63150905e+15	1.53880922e-03
1949	25.15020252	39	2.87610619e-06	39.00000000	1.54243546e+15	1.65570813e+15	1.55998265e-03
1999	25.79405917	40	2.94985251e-06	40.00000000	1.56535799e+15	1.67916382e+15	1.58046544e-03
2049	26.43979223	41	3.02359882e-06	41.00000000	1.58760742e+15	1.70191434e+15	1.60028750e-03
2099	27.08496428	42	3.09734513e-06	42.00000000	1.60921745e+15	1.72399603e+15	1.61950057e-03
2149	27.73123739	43	3.17109145e-06	43.00000000	1.63022373e+15	1.74544695e+15	1.63813886e-03
2199	28.37561397	44	3.24483776e-06	44.00000000	1.65065368e+15	1.76629678e+15	1.65623214e-03
2249	29.01819357	45	3.31858407e-06	45.00000000	1.67052341e+15	1.78656352e+15	1.67378913e-03
2299	29.66363038	46	3.39233038e-06	46.00000000	1.68986907e+15	1.80628493e+15	1.69084977e-03
2349	30.31103060	47	3.46607670e-06	47.00000000	1.70871009e+15	1.82548185e+15	1.70744202e-03
2399	30.95591791	48	3.53982301e-06	48.00000000	1.72707294e+15	1.84418211e+15	1.72358571e-03
2449	31.60235893	49	3.61356932e-06	49.00000000	1.74497920e+15	1.86240856e+15	1.73929759e-03
2499	32.24847051	50	3.68731563e-06	50.00000000	1.76242809e+15	1.88016150e+15	1.75459608e-03
2549	32.89411658	51	3.76106195e-06	51.00000000	1.77945446e+15	1.89747695e+15	1.76950339e-03
2599	33.54037425	52	3.83480826e-06	52.00000000	1.79607917e+15	1.91437675e+15	1.78405236e-03
2649	34.18517911	53	3.90855457e-06	53.00000000	1.81231113e+15	1.93087079e+15	1.79825460e-03
2699	34.82850037	54	3.98230088e-06	54.00000000	1.82816267e+15	1.94697233e+15	1.81211979e-03
2749	35.47215006	55	4.05604720e-06	55.00000000	1.84365468e+15	1.96270321e+15	1.82566797e-03
2799	36.11643819	56	4.12979351e-06	56.00000000	1.85879424e+15	1.97807119e+15	1.83890966e-03
2849	36.76077068	57	4.20353982e-06	57.00000000	1.87359205e+15	1.99308740e+15	1.85185826e-03
2899	37.40533753	58	4.27728614e-06	58.00000000	1.88807659e+15	2.00778058e+15	1.86454029e-03
2949	38.04975131	59	4.35103245e-06	59.00000000	1.90226429e+15	2.02216995e+15	1.87696181e-03
2999	38.69413216	60	4.42477876e-06	60.00000000	1.91616293e+15	2.03626288e+15	1.88914256e-03
3049	39.34003882	61	4.49852507e-06	61.00000000	1.92977960e+15	2.05006652e+15	1.90108255e-03
3099	39.98708016	62	4.57227139e-06	62.00000000	1.94311741e+15	2.06358425e+15	1.91278231e-03
3149	40.63239114	63	4.64601770e-06	63.00000000	1.95619435e+15	2.07683427e+15	1.92425134e-03
3199	41.27748250	64	4.71976401e-06	64.00000000	1.96901210e+15	2.08981860e+15	1.93549718e-03
3249	41.92065676	65	4.79351032e-06	65.00000000	1.98157699e+15	2.10254380e+15	1.94650684e-03
3299	42.56459102	66	4.86725664e-06	66.00000000	1.99389711e+15	2.11501854e+15	1.95728882e-03
3349	43.20817179	67	4.94100295e-06	67.00000000	2.00600080e+15	2.12727201e+15	1.96785509e-03
3399	43.84998111	68	5.01474926e-06	68.00000000	2.01788968e+15	2.13930613e+15	1.97823631e-03
3449	44.49368242	69	5.08849558e-06	69.00000000	2.02957307e+15	2.15113015e+15	1.98841727e-03
3499	45.13592528	70	5.16224189e-06	70.00000000	2.04105976e+15	2.16275295e+15	1.99841548e-03
3549	45.78054107	71	5.23598820e-06	71.00000000	2.05234562e+15	2.17417062e+15	2.00823876e-03
3599	46.42535035	72	5.30973451e-06	72.00000000	2.06342297e+15	2.18537581e+15	2.01787501e-03
3649	47.07087886	73	5.38348083e-06	73.00000000	2.07428949e+15	2.19636636e+15	2.02732612e-03
3699	47.71650477	74	5.45722714e-06	74.00000000	2.08495908e+15	2.20715626e+15	2.03659223e-03
3749	48.36138401	75	5.53097345e-06	75.00000000	2.09544107e+15	2.21775497e+15	2.04567951e-03
3799	49.00618039	76	5.60471976e-06	76.00000000	2.10574213e+15	2.22816931e+15	2.05460364e-03
3849	49.65039888	77	5.67846608e-06	77.00000000	2.11587106e+15	2.23840816e+15	2.06336584e-03
3899	50.29518023	78	5.75221239e-06	78.00000000	2.12583265e+15	2.24847660e+15	2.07198371e-03
3949	50.93774529	79	5.82595870e-06	79.00000000	2.13563438e+15	2.25838221e+15	2.08044971e-03
3999	51.58266529	80	5.89970501e-06	80.00000000	2.14527032e+15	2.26811910e+15	2.08877563e-03
4049	52.22766988	81	5.97345133e-06	81.00000000	2.15473161e+15	2.27767847e+15	2.09694932e-03
4099	52.87219258	82	6.04719764e-06	82.00000000	2.16402601e+15	2.28706809e+15	2.10496615e-03
4149	53.51717505	83	6.12094395e-06	83.00000000	2.17315547e+15	2.29629001e+15	2.11283710e-03
4199	54.16087754	84	6.19469027e-06	84.00000000	2.18212942e+15	2.30535374e+15	2.12056698e-03
4249	54.80779194	85	6.26843658e-06	85.00000000	2.19095788e+15	2.31426952e+15	2.12816077e-03
4299	55.45131567	86	6.34218289e-06	86.00000000	2.19964158e+15	2.32303819e+15	2.13561950e-03
4349	56.09415352	87	6.41592920e-06	87.00000000	2.20819477e+15	2.33167407e+15	2.14295030e-03
4399	56.74015301	88	6.48967552e-06	88.00000000	2.21660877e+15	2.34016862e+15	2.15018182e-03
4449	57.38598401	89	6.56342183e-06	89.00000000	2.22488529e+15	2.34852359e+15	2.15728869e-03
4499	58.02802401	90	6.63716814e-06	90.00000000	2.23303299e+15	2.35674765e+15	2.16426974e-03
4549	58.67509846	91	6.71091445e-06	91.00000000	2.24105730e+15	2.36484630e+15	2.17113922e-03
4599	59.32039100	92	6.78466077e-06	92.00000000	2.24895688e+15	2.37281825e+15	2.17789890e-03
4649	59.96286352	93	6.85840708e-06	93.00000000	2.25672919e+15	2.38066104e+15	2.18454778e-03
4699	60.60759333	94	6.93215339e-06	94.00000000	2.26437601e+15	2.38837648e+15	2.19109379e-03
4749	61.25098440	95	7.00589971e-06	95.00000000	2.27189572e+15	2.39596306e+15	2.19753158e-03
4799	61.89473712	96	7.07964602e-06	96.00000000	2.27929730e+15	2.40342980e+15	2.20385274e-03
4849	62.53860360	97	7.15339233e-06	97.00000000	2.28659342e+15	2.41078952e+15	2.21007041e-03
4899	63.18090058	98	7.22713864e-06	98.00000000	2.29377992e+15	2.41803807e+15	2.21620042e-03
4949	63.82490848	99	7.30088496e-06	99.00000000	2.30084908e+15	2.42516777e+15	2.22223343e-03
4999	64.46932977	100	7.37463127e-06	100.00000000	2.30780687e+15	2.43218465e+15	2.22816734e-03
5049	65.11453543	101	7.44837758e-06	101.00000000	2.31466179e+15	2.43909723e+15	2.23400333e-03
5099	65.75619899	102	7.52212389e-06	102.00000000	2.32140990e+15	2.44590159e+15	2.23975258e-03
5149	66.40102719	103	7.59587021e-06	103.00000000	2.32805199e+15	2.45259860e+15	2.24540979e-03
5199	67.04438881	104	7.66961652e-06	104.00000000	2.33458568e+15	2.45918593e+15	2.25097681e-03
5249	67.68682422	105	7.74336283e-06	105.00000000	2.34101297e+15	2.46566563e+15	2.25644847e-03
5299	68.33215407	106	7.81710914e-06	106.00000000	2.34735368e+15	2.47205759e+15	2.26182093e-03
5349	68.97783799	107	7.89085546e-06	107.00000000	2.35360351e+15	2.47835760e+15	2.26712420e-03
5399	69.62000570	108	7.96460177e-06	108.00000000	2.35975901e+15	2.48456218e+15	2.27235046e-03
5449	70.26694900	109	8.03834808e-06	109.00000000	2.36582996e+15	2.49068121e+15	2.27749031e-03
5499	70.91219233	110	8.11209440e-06	110.00000000	2.37181115e+15	2.49670948e+15	2.28255677e-03
5549	71.55586593	111	8.18584071e-06	111.00000000	2.37770878e+15	2.50265320e+15	2.28754762e-03
5599	72.19810463	112	8.25958702e-06	112.00000000	2.38352591e+15	2.50851544e+15	2.29246597e-03
5649	72.84345865	113	8.33333333e-06	113.00000000	2.38926300e+15	2.51429669e+15	2.29731576e-03
5699	73.48800902	114	8.40707965e-06	114.00000000	2.39492868e+15	2.52000559e+15	2.30209203e-03
5749	74.13309797	115	8.48082596e-06	115.00000000	2.40052098e+15	2.52564021e+15	2.30680669e-03
5799	74.77487268	116	8.55457227e-06	116.00000000	2.40603135e+15	2.53119205e+15	2.31146395e-03
5849	75.41853887	117	8.62831858e-06	117.00000000	2.41145942e+15	2.53666075e+15	2.31605364e-03
5899	76.06305724	118	8.70206490e-06	118.00000000	2.41681643e+15	2.54205759e+15	2.32056739e-03
5949	76.70566385	119	8.77581121e-06	119.00000000	2.42210589e+15	2.54738613e+15	2.32501756e-03
5999	77.34992669	120	8.84955752e-06	120.00000000	2.42732454e+15	2.55264312e+15	2.32941035e-03
6049	77.99564295	121	8.92330383e-06	121.00000000	2.43248635e+15	2.55784253e+15	2.33373337e-03
6099	78.64199686	122	8.99705015e-06	122.00000000	2.43759625e+15	2.56298934e+15	2.33800713e-03
6149	79.28669368	123	9.07079646e-06	123.00000000	2.44264586e+15	2.56807514e+15	2.34223832e-03
6199	79.92957560	124	9.14454277e-06	124.00000000	2.44763822e+15	2.57310300e+15	2.34641539e-03
6249	80.57528410	125	9.21828909e-06	125.00000000	2.45257497e+15	2.57807458e+15	2.35054436e-03
6299	81.21994431	126	9.29203540e-06	126.00000000	2.45745825e+15	2.58299203e+15	2.35462516e-03
6349	81.86457786	127	9.36578171e-06	127.00000000	2.46229095e+15	2.58785827e+15	2.35866196e-03
6399	82.51047465	128	9.43952802e-06	128.00000000	2.46707263e+15	2.59267287e+15	2.36265615e-03
6449	83.15350691	129	9.51327434e-06	129.00000000	2.47180635e+15	2.59743889e+15	2.36660243e-03
6499	83.79485243	130	9.58702065e-06	130.00000000	2.47649510e+15	2.60215934e+15	2.37050774e-03
6549	84.43909181	131	9.66076696e-06	131.00000000	2.48113615e+15	2.60683151e+15	2.37437491e-03
6599	85.08406783	132	9.73451327e-06	132.00000000	2.48572747e+15	2.61145338e+15	2.37820031e-03
6649	85.72884696	133	9.80825959e-06	133.00000000	2.49027153e+15	2.61602739e+15	2.38198584e-03
6699	86.37410064	134	9.88200590e-06	134.00000000	2.49476585e+15	2.62055115e+15	2.38573407e-03
6749	87.01923510	135	9.95575221e-06	135.00000000	2.49921305e+15	2.62502725e+15	2.38943823e-03
6799	87.66358241	136	1.00294985e-05	136.00000000	2.50361592e+15	2.62945849e+15	2.39309969e-03
6849	88.30838456	137	1.01032448e-05	137.00000000	2.50797224e+15	2.63384265e+15	2.39672541e-03
6899	88.95513903	138	1.01769912e-05	138.00000000	2.51228075e+15	2.63817850e+15	2.40031304e-03
6949	89.60183409	139	1.02507375e-05	139.00000000	2.51654485e+15	2.64246945e+15	2.40385843e-03
6999	90.24743349	140	1.03244838e-05	140.00000000	2.52076117e+15	2.64671215e+15	2.40736815e-03
7049	90.89378294	141	1.03982301e-05	141.00000000	2.52492869e+15	2.65090557e+15	2.41083621e-03
7099	91.53868416	142	1.04719764e-05	142.00000000	2.52905569e+15	2.65505800e+15	2.41426110e-03
7149	92.18171503	143	1.05457227e-05	143.00000000	2.53314413e+15	2.65917142e+15	2.41765082e-03
7199	92.82465487	144	1.06194690e-05	144.00000000	2.53719101e+15	2.66324283e+15	2.42100915e-03
7249	93.46764927	145	1.06932153e-05	145.00000000	2.54120079e+15	2.66727674e+15	2.42433052e-03
7299	94.10938011	146	1.07669617e-05	146.00000000	2.54516950e+15	2.67126918e+15	2.42762530e-03
7349	94.75243022	147	1.08407080e-05	147.00000000	2.54909066e+15	2.67521366e+15	2.43088820e-03
7399	95.39618551	148	1.09144543e-05	148.00000000	2.55296741e+15	2.67911333e+15	2.43411010e-03
7449	96.04164181	149	1.09882006e-05	149.00000000	2.55680250e+15	2.68297094e+15	2.43729421e-03
7499	96.68521706	150	1.10619469e-05	150.00000000	2.56059981e+15	2.68679040e+15	2.44044071e-03
7549	97.32779083	151	1.11356932e-05	151.00000000	2.56436098e+15	2.69057336e+15	2.44355453e-03
7599	97.96873254	152	1.12094395e-05	152.00000000	2.56808643e+15	2.69432024e+15	2.44663781e-03
7649	98.61476203	153	1.12831858e-05	153.00000000	2.57177804e+15	2.69803292e+15	2.44969105e-03
7699	99.25836310	154	1.13569322e-05	154.00000000	2.57542963e+15	2.70170522e+15	2.45272063e-03
7749	99.90200836	155	1.14306785e-05	155.00000000	2.57903453e+15	2.70533047e+15	2.45572183e-03
7799	100.54661678	156	1.15044248e-05	156.00000000	2.58259910e+15	2.70891503e+15	2.45867999e-03
7849	101.19191646	157	1.15781711e-05	157.00000000	2.58612868e+15	2.71246428e+15	2.46160119e-03
7899	101.83408761	158	1.16519174e-05	158.00000000	2.58961567e+15	2.71597062e+15	2.46449917e-03
7949	102.47543731	159	1.17256637e-05	159.00000000	2.59305889e+15	2.71943287e+15	2.46736301e-03
7999	103.12072765	160	1.17994100e-05	160.00000000	2.59645920e+15	2.72285190e+15	2.47019029e-03
8049	103.76721121	161	1.18731563e-05	161.00000000	2.59981993e+15	2.72623107e+15	2.47297924e-03
8099	104.40867755	162	1.19469027e-05	162.00000000	2.60314702e+15	2.72957629e+15	2.47573042e-03
8149	105.05223134	163	1.20206490e-05	163.00000000	2.60643923e+15	2.73288633e+15	2.47845608e-03
8199	105.69617314	164	1.20943953e-05	164.00000000	2.60969531e+15	2.73615992e+15	2.48115271e-03
8249	106.33925844	165	1.21681416e-05	165.00000000	2.61291842e+15	2.73940025e+15	2.48381661e-03
8299	106.98137508	166	1.22418879e-05	166.00000000	2.61610850e+15	2.74260726e+15	2.48645292e-03
8349	107.62735842	167	1.23156342e-05	167.00000000	2.61926248e+15	2.74577792e+15	2.48906444e-03
8399	108.27192492	168	1.23893805e-05	168.00000000	2.62237915e+15	2.74891101e+15	2.49164873e-03
8449	108.91720936	169	1.24631268e-05	169.00000000	2.62545863e+15	2.75200667e+15	2.49420198e-03
8499	109.56287462	170	1.25368732e-05	170.00000000	2.62850354e+15	2.75506752e+15	2.49672132e-03
8549	110.20873310	171	1.26106195e-05	171.00000000	2.63151554e+15	2.75809523e+15	2.49920970e-03
8599	110.85280605	172	1.26843658e-05	172.00000000	2.63449652e+15	2.76109168e+15	2.50166996e-03
8649	111.49480771	173	1.27581121e-05	173.00000000	2.63744607e+15	2.76405644e+15	2.50410635e-03
8699	112.13704041	174	1.28318584e-05	174.00000000	2.64036739e+15	2.76699271e+15	2.50651465e-03
8749	112.78165062	175	1.29056047e-05	175.00000000	2.64326134e+15	2.76990138e+15	2.50889862e-03
8799	113.42671371	176	1.29793510e-05	176.00000000	2.64612558e+15	2.77278011e+15	2.51126160e-03
8849	114.06861181	177	1.30530973e-05	177.00000000	2.64895906e+15	2.77562787e+15	2.51360087e-03
8899	114.70967770	178	1.31268437e-05	178.00000000	2.65176532e+15	2.77844822e+15	2.51591204e-03
8949	115.35516608	179	1.32005900e-05	179.00000000	2.65454068e+15	2.78123748e+15	2.51820272e-03
8999	115.99972637	180	1.32743363e-05	180.00000000	2.65728369e+15	2.78399419e+15	2.52046932e-03
9049	116.64549455	181	1.33480826e-05	181.00000000	2.65999690e+15	2.78672091e+15	2.52270618e-03
9099	117.28903682	182	1.34218289e-05	182.00000000	2.66268187e+15	2.78941919e+15	2.52491746e-03
9149	117.93176161	183	1.34955752e-05	183.00000000	2.66533835e+15	2.79208878e+15	2.52710609e-03
9199	118.57896018	184	1.35693215e-05	184.00000000	2.66796760e+15	2.79473096e+15	2.52926961e-03
9249	119.22255083	185	1.36430678e-05	185.00000000	2.67057169e+15	2.79734777e+15	2.53140915e-03
9299	119.86616197	186	1.37168142e-05	186.00000000	2.67315022e+15	2.79993883e+15	2.53352818e-03
9349	120.50975492	187	1.37905605e-05	187.00000000	2.67570418e+15	2.80250513e+15	2.53562450e-03
9399	121.15302995	188	1.38643068e-05	188.00000000	2.67823236e+15	2.80504545e+15	2.53770320e-03
9449	121.79824267	189	1.39380531e-05	189.00000000	2.68073475e+15	2.80755981e+15	2.53975936e-03
9499	122.44336846	190	1.40117994e-05	190.00000000	2.68321110e+15	2.81004795e+15	2.54179409e-03
9549	123.08676402	191	1.40855457e-05	191.00000000	2.68566446e+15	2.81251293e+15	2.54380466e-03
9599	123.72853182	192	1.41592920e-05	192.00000000	2.68809550e+15	2.81495540e+15	2.54579569e-03
9649	124.37356561	193	1.42330383e-05	193.00000000	2.69050249e+15	2.81737365e+15	2.54777072e-03
9699	125.01974673	194	1.43067847e-05	194.00000000	2.69288494e+15	2.81976719e+15	2.54972626e-03
9749	125.66407610	195	1.43805310e-05	195.00000000	2.69524494e+15	2.82213811e+15	2.55165962e-03
9799	126.30824693	196	1.44542773e-05	196.00000000	2.69758578e+15	2.82448971e+15	2.55357104e-03
9849	126.95196483	197	1.45280236e-05	197.00000000	2.69990877e+15	2.82682331e+15	2.55546519e-03
9899	127.59350022	198	1.46017699e-05	198.00000000	2.70221452e+15	2.82913952e+15	2.55734429e-03
9949	128.23716885	199	1.46755162e-05	199.00000000	2.70450370e+15	2.83143901e+15	2.55920874e-03
9999	128.88026633	200	1.47492625e-05	200.00000000	2.70677641e+15	2.83372188e+15	2.56105927e-03
10049	129.52621466	201	1.48230088e-05	201.00000000	2.70903318e+15	2.83598868e+15	2.56289591e-03
10099	130.16840413	202	1.48967552e-05	202.00000000	2.71127448e+15	2.83823987e+15	2.56471918e-03
10149	130.81150138	203	1.49705015e-05	203.00000000	2.71350023e+15	2.84047537e+15	2.56653013e-03
10199	131.45620442	204	1.50442478e-05	204.00000000	2.71571027e+15	2.84269503e+15	2.56832867e-03
10249	132.09791563	205	1.51179941e-05	205.00000000	2.71790452e+15	2.84489876e+15	2.57011441e-03
10299	132.74248683	206	1.51917404e-05	206.00000000	2.72008267e+15	2.84708626e+15	2.57188650e-03
10349	133.38509241	207	1.52654867e-05	207.00000000	2.72224470e+15	2.84925752e+15	2.57364499e-03
10399	134.02811223	208	1.53392330e-05	208.00000000	2.72439132e+15	2.85141323e+15	2.57538966e-03
10449	134.67239108	209	1.54129794e-05	209.00000000	2.72652267e+15	2.85355356e+15	2.57712224e-03
10499	135.31789793	210	1.54867257e-05	210.00000000	2.72863880e+15	2.85567855e+15	2.57884204e-03
10549	135.96232770	211	1.55604720e-05	211.00000000	2.73073985e+15	2.85778835e+15	2.58054935e-03
10599	136.60498195	212	1.56342183e-05	212.00000000	2.73282625e+15	2.85988339e+15	2.58224421e-03
10649	137.24778500	213	1.57079646e-05	213.00000000	2.73489852e+15	2.86196419e+15	2.58392684e-03
10699	137.89275822	214	1.57817109e-05	214.00000000	2.73695714e+15	2.86403124e+15	2.58559761e-03
10749	138.53620480	215	1.58554572e-05	215.00000000	2.73900268e+15	2.86608511e+15	2.58725708e-03
10799	139.17988929	216	1.59292035e-05	216.00000000	2.74103551e+15	2.86812617e+15	2.58890554e-03
10849	139.82203125	217	1.60029499e-05	217.00000000	2.74305584e+15	2.87015464e+15	2.59054362e-03
10899	140.46545819	218	1.60766962e-05	218.00000000	2.74506382e+15	2.87217064e+15	2.59217115e-03
10949	141.10981352	219	1.61504425e-05	219.00000000	2.74705944e+15	2.87417418e+15	2.59378786e-03
10999	141.75346248	220	1.62241888e-05	220.00000000	2.74904273e+15	2.87616530e+15	2.59539462e-03
11049	142.39557728	221	1.62979351e-05	221.00000000	2.75101359e+15	2.87814388e+15	2.59699134e-03
11099	143.03870797	222	1.63716814e-05	222.00000000	2.75297193e+15	2.88010986e+15	2.59857810e-03
11149	143.68229128	223	1.64454277e-05	223.00000000	2.75491801e+15	2.88206347e+15	2.60015455e-03
11199	144.32561245	224	1.65191740e-05	224.00000000	2.75685200e+15	2.88400491e+15	2.60172088e-03
11249	144.96733293	225	1.65929204e-05	225.00000000	2.75877398e+15	2.88593424e+15	2.60327690e-03
11299	145.61030117	226	1.66666667e-05	226.00000000	2.76068412e+15	2.88785166e+15	2.60482297e-03
11349	146.25515386	227	1.67404130e-05	227.00000000	2.76258277e+15	2.88975747e+15	2.60635957e-03
11399	146.89734432	228	1.68141593e-05	228.00000000	2.76447014e+15	2.89165194e+15	2.60788685e-03
11449	147.53982808	229	1.68879056e-05	229.00000000	2.76634652e+15	2.89353534e+15	2.60940453e-03
11499	148.18215166	230	1.69616519e-05	230.00000000	2.76821190e+15	2.89540767e+15	2.61091313e-03
11549	148.82492190	231	1.70353982e-05	231.00000000	2.77006639e+15	2.89726903e+15	2.61241290e-03
11599	149.46789948	232	1.71091445e-05	232.00000000	2.77191011e+15	2.89911953e+15	2.61390371e-03
11649	150.11333027	233	1.71828909e-05	233.00000000	2.77374341e+15	2.90095953e+15	2.61538594e-03
11699	150.75732212	234	1.72566372e-05	234.00000000	2.77556642e+15	2.90278914e+15	2.61686002e-03
11749	151.40040507	235	1.73303835e-05	235.00000000	2.77737923e+15	2.90460848e+15	2.61832592e-03
11799	152.04260060	236	1.74041298e-05	236.00000000	2.77918158e+15	2.90641728e+15	2.61978381e-03
11849	152.68431145	237	1.74778761e-05	237.00000000	2.78097350e+15	2.90821557e+15	2.62123318e-03
11899	153.32566702	238	1.75516224e-05	238.00000000	2.78275520e+15	2.91000358e+15	2.62267413e-03
11949	153.96792340	239	1.76253687e-05	239.00000000	2.78452680e+15	2.91178140e+15	2.62410693e-03
11999	154.61281463	240	1.76991150e-05	240.00000000	2.78628834e+15	2.91354909e+15	2.62553157e-03
12049	155.25695054	241	1.77728614e-05	241.00000000	2.78803996e+15	2.91530676e+15	2.62694803e-03
12099	155.90247902	242	1.78466077e-05	242.00000000	2.78978168e+15	2.91705448e+15	2.62835676e-03
12149	156.54537056	243	1.79203540e-05	243.00000000	2.79151373e+15	2.91879248e+15	2.62975752e-03
12199	157.18813281	244	1.79941003e-05	244.00000000	2.79323593e+15	2.92052057e+15	2.63115039e-03
12249	157.83035556	245	1.80678466e-05	245.00000000	2.79494813e+15	2.92223860e+15	2.63253522e-03
12299	158.47517865	246	1.81415929e-05	246.00000000	2.79665042e+15	2.92394666e+15	2.63391195e-03
12349	159.11915946	247	1.82153392e-05	247.00000000	2.79834291e+15	2.92564486e+15	2.63528051e-03
12399	159.76060126	248	1.82890855e-05	248.00000000	2.80002575e+15	2.92733339e+15	2.63664111e-03
12449	160.40399350	249	1.83628319e-05	249.00000000	2.80169924e+15	2.92901249e+15	2.63799372e-03
12499	161.04919503	250	1.84365782e-05	250.00000000	2.80336347e+15	2.93068225e+15	2.63933905e-03
12549	161.69411614	251	1.85103245e-05	251.00000000	2.80501868e+15	2.93234289e+15	2.64067761e-03
12599	162.33976351	252	1.85840708e-05	252.00000000	2.80666481e+15	2.93399442e+15	2.64200954e-03
12649	162.98232808	253	1.86578171e-05	253.00000000	2.80830180e+15	2.93563677e+15	2.64333438e-03
12699	163.62605011	254	1.87315634e-05	254.00000000	2.80992958e+15	2.93726987e+15	2.64465208e-03
12749	164.27082449	255	1.88053097e-05	255.00000000	2.81154835e+15	2.93889391e+15	2.64596235e-03
12799	164.91438764	256	1.88790560e-05	256.00000000	2.81315811e+15	2.94050889e+15	2.64726523e-03
12849	165.55731642	257	1.89528024e-05	257.00000000	2.81475878e+15	2.94211474e+15	2.64856094e-03
12899	166.20002251	258	1.90265487e-05	258.00000000	2.81635028e+15	2.94371136e+15	2.64984951e-03
12949	166.84513505	259	1.91002950e-05	259.00000000	2.81793282e+15	2.94529897e+15	2.65113039e-03
12999	167.49040919	260	1.91740413e-05	260.00000000	2.81950658e+15	2.94687775e+15	2.65240393e-03
13049	168.13614452	261	1.92477876e-05	261.00000000	2.82107191e+15	2.94844804e+15	2.65367038e-03
13099	168.78121171	262	1.93215339e-05	262.00000000	2.82262890e+15	2.95000994e+15	2.65492957e-03
13149	169.42242921	263	1.93952802e-05	263.00000000	2.82417757e+15	2.95156347e+15	2.65618199e-03
13199	170.06728572	264	1.94690265e-05	264.00000000	2.82571795e+15	2.95310867e+15	2.65742772e-03
13249	170.71113468	265	1.95427729e-05	265.00000000	2.82725040e+15	2.95464588e+15	2.65866638e-03
13299	171.35763632	266	1.96165192e-05	266.00000000	2.82877515e+15	2.95617534e+15	2.65989858e-03
13349	171.99974124	267	1.96902655e-05	267.00000000	2.83029241e+15	2.95769727e+15	2.66112465e-03
13399	172.64380031	268	1.97640118e-05	268.00000000	2.83180231e+15	2.95921180e+15	2.66234479e-03
13449	173.29066441	269	1.98377581e-05	269.00000000	2.83330492e+15	2.96071898e+15	2.66355893e-03
13499	173.93499727	270	1.99115044e-05	270.00000000	2.83480017e+15	2.96221876e+15	2.66476765e-03
13549	174.57811312	271	1.99852507e-05	271.00000000	2.83628809e+15	2.96371116e+15	2.66597048e-03
13599	175.22063955	272	2.00589971e-05	272.00000000	2.83776873e+15	2.96519626e+15	2.66716724e-03
13649	175.86271001	273	2.01327434e-05	273.00000000	2.83924199e+15	2.96667393e+15	2.66835829e-03
13699	176.50550770	274	2.02064897e-05	274.00000000	2.84070775e+15	2.96814406e+15	2.66954322e-03
13749	177.14881505	275	2.02802360e-05	275.00000000	2.84216579e+15	2.96960644e+15	2.67072228e-03
13799	177.79282092	276	2.03539823e-05	276.00000000	2.84361628e+15	2.97106124e+15	2.67189517e-03
13849	178.43611389	277	2.04277286e-05	277.00000000	2.84505927e+15	2.97250850e+15	2.67306201e-03
13899	179.08063740	278	2.05014749e-05	278.00000000	2.84649487e+15	2.97394834e+15	2.67422248e-03
13949	179.72271602	279	2.05752212e-05	279.00000000	2.84792316e+15	2.97538083e+15	2.67537696e-03
13999	180.36912111	280	2.06489676e-05	280.00000000	2.84934421e+15	2.97680605e+15	2.67652587e-03
14049	181.01356005	281	2.07227139e-05	281.00000000	2.85075825e+15	2.97822423e+15	2.67766989e-03
14099	181.65770567	282	2.07964602e-05	282.00000000	2.85216561e+15	2.97963569e+15	2.67880812e-03
14149	182.29959350	283	2.08702065e-05	283.00000000	2.85356651e+15	2.98104066e+15	2.67994023e-03
14199	182.94526502	284	2.09439528e-05	284.00000000	2.85496121e+15	2.98243939e+15	2.68106743e-03
14249	183.58886254	285	2.10176991e-05	285.00000000	2.85634990e+15	2.98383207e+15	2.68218986e-03
14299	184.23032531	286	2.10914454e-05	286.00000000	2.85773262e+15	2.98521876e+15	2.68330755e-03
14349	184.87597421	287	2.11651917e-05	287.00000000	2.85910929e+15	2.98659936e+15	2.68442047e-03
14399	185.51887431	288	2.12389381e-05	288.00000000	2.86047999e+15	2.98797396e+15	2.68552881e-03
14449	186.16325669	289	2.13126844e-05	289.00000000	2.86184478e+15	2.98934261e+15	2.68663207e-03
14499	186.80939817	290	2.13864307e-05	290.00000000	2.86320375e+15	2.99070542e+15	2.68773042e-03
14549	187.45177422	291	2.14601770e-05	291.00000000	2.86455692e+15	2.99206240e+15	2.68882409e-03
14599	188.09397569	292	2.15339233e-05	292.00000000	2.86590429e+15	2.99341354e+15	2.68991318e-03
14649	188.73912557	293	2.16076696e-05	293.00000000	2.86724584e+15	2.99475883e+15	2.69099779e-03
14699	189.38408710	294	2.16814159e-05	294.00000000	2.86858158e+15	2.99609828e+15	2.69207747e-03
14749	190.03061932	295	2.17551622e-05	295.00000000	2.86991144e+15	2.99743181e+15	2.69315275e-03
14799	190.67561905	296	2.18289086e-05	296.00000000	2.87123547e+15	2.99875949e+15	2.69422329e-03
14849	191.31916876	297	2.19026549e-05	297.00000000	2.87255376e+15	3.00008140e+15	2.69528912e-03
14899	191.96051050	298	2.19764012e-05	298.00000000	2.87386629e+15	3.00139751e+15	2.69635038e-03
14949	192.60522039	299	2.20501475e-05	299.00000000	2.87517304e+15	3.00270783e+15	2.69740694e-03
14999	193.24818578	300	2.21238938e-05	300.00000000	2.87647404e+15	3.00401236e+15	2.69845879e-03
15049	193.89215164	301	2.21976401e-05	301.00000000	2.87776926e+15	3.00531109e+15	2.69950595e-03
15099	194.53715694	302	2.22713864e-05	302.00000000	2.87905879e+15	3.00660410e+15	2.70054852e-03
15149	195.17975060	303	2.23451327e-05	303.00000000	2.88034270e+15	3.00789146e+15	2.70158659e-03
15199	195.82189656	304	2.24188791e-05	304.00000000	2.88162110e+15	3.00917329e+15	2.70262022e-03
15249	196.46323030	305	2.24926254e-05	305.00000000	2.88289406e+15	3.01044964e+15	2.70364937e-03
15299	197.10572828	306	2.25663717e-05	306.00000000	2.88416153e+15	3.01172049e+15	2.70467417e-03
15349	197.74716357	307	2.26401180e-05	307.00000000	2.88542335e+15	3.01298566e+15	2.70569490e-03
15399	198.38792421	308	2.27138643e-05	308.00000000	2.88667945e+15	3.01424509e+15	2.70671112e-03
15449	199.02977956	309	2.27876106e-05	309.00000000	2.88792983e+15	3.01549876e+15	2.70772282e-03
15499	199.67313763	310	2.28613569e-05	310.00000000	2.88917452e+15	3.01674678e+15	2.70873002e-03
15549	200.31564525	311	2.29351032e-05	311.00000000	2.89041374e+15	3.01798927e+15	2.70973269e-03
15599	200.95751828	312	2.30088496e-05	312.00000000	2.89164740e+15	3.01922616e+15	2.71073106e-03
15649	201.59947780	313	2.30825959e-05	313.00000000	2.89287546e+15	3.02045744e+15	2.71172487e-03
15699	202.24086058	314	2.31563422e-05	314.00000000	2.89409793e+15	3.02168309e+15	2.71271412e-03
15749	202.88299925	315	2.32300885e-05	315.00000000	2.89531493e+15	3.02290325e+15	2.71369885e-03
15799	203.52630153	316	2.33038348e-05	316.00000000	2.89652661e+15	3.02411807e+15	2.71467925e-03
15849	204.16907902	317	2.33775811e-05	317.00000000	2.89773322e+15	3.02532779e+15	2.71565541e-03
15899	204.81034490	318	2.34513274e-05	318.00000000	2.89893487e+15	3.02653252e+15	2.71662749e-03
15949	205.45651906	319	2.35250737e-05	319.00000000	2.90013161e+15	3.02773234e+15	2.71759560e-03
15999	206.10048033	320	2.35988201e-05	320.00000000	2.90132345e+15	3.02892722e+15	2.71855986e-03
16049	206.74613725	321	2.36725664e-05	321.00000000	2.90251034e+15	3.03011714e+15	2.71952027e-03
16099	207.38784905	322	2.37463127e-05	322.00000000	2.90369219e+15	3.03130200e+15	2.72047688e-03
16149	208.03358932	323	2.38200590e-05	323.00000000	2.90486899e+15	3.03248179e+15	2.72142946e-03
16199	208.67778809	324	2.38938053e-05	324.00000000	2.90604094e+15	3.03365671e+15	2.72237783e-03
16249	209.32271706	325	2.39675516e-05	325.00000000	2.90720807e+15	3.03482679e+15	2.72332220e-03
16299	209.96683756	326	2.40412979e-05	326.00000000	2.90837030e+15	3.03599194e+15	2.72426274e-03
16349	210.60773016	327	2.41150442e-05	327.00000000	2.90952757e+15	3.03715213e+15	2.72519969e-03
16399	211.25235892	328	2.41887906e-05	328.00000000	2.91067992e+15	3.03830737e+15	2.72613267e-03
16449	211.89615324	329	2.42625369e-05	329.00000000	2.91182740e+15	3.03945772e+15	2.72706165e-03
16499	212.54283200	330	2.43362832e-05	330.00000000	2.91297009e+15	3.04060326e+15	2.72798679e-03
16549	213.18788592	331	2.44100295e-05	331.00000000	2.91410786e+15	3.04174386e+15	2.72890910e-03
16599	213.82986504	332	2.44837758e-05	332.00000000	2.91524082e+15	3.04287963e+15	2.72982571e-03
16649	214.47501568	333	2.45575221e-05	333.00000000	2.91636897e+15	3.04401057e+15	2.73073890e-03
16699	215.12089345	334	2.46312684e-05	334.00000000	2.91749248e+15	3.04513685e+15	2.73164816e-03
16749	215.76403723	335	2.47050147e-05	335.00000000	2.91861146e+15	3.04625858e+15	2.73255366e-03
16799	216.40588376	336	2.47787611e-05	336.00000000	2.91972578e+15	3.04737563e+15	2.73345556e-03
16849	217.04999643	337	2.48525074e-05	337.00000000	2.92083531e+15	3.04848788e+15	2.73435376e-03
16899	217.69474370	338	2.49262537e-05	338.00000000	2.92194011e+15	3.04959537e+15	2.73524829e-03
16949	218.33886330	339	2.50000000e-05	339.00000000	2.92304024e+15	3.05069819e+15	2.73613889e-03
16999	218.98149889	340	2.50737463e-05	340.00000000	2.92413580e+15	3.05179640e+15	2.73702569e-03
17049	219.62719268	341	2.51474926e-05	341.00000000	2.92522679e+15	3.05289003e+15	2.73790893e-03
17099	220.27279537	342	2.52212389e-05	342.00000000	2.92631329e+15	3.05397916e+15	2.73878826e-03
17149	220.91614529	343	2.52949853e-05	343.00000000	2.92739534e+15	3.05506382e+15	2.73966408e-03
17199	221.55968719	344	2.53687316e-05	344.00000000	2.92847293e+15	3.05614400e+15	2.74053643e-03
17249	222.20110104	345	2.54424779e-05	345.00000000	2.92954605e+15	3.05721970e+15	2.74140547e-03
17299	222.84408587	346	2.55162242e-05	346.00000000	2.93061470e+15	3.05829090e+15	2.74227095e-03
17349	223.48735279	347	2.55899705e-05	347.00000000	2.93167880e+15	3.05935755e+15	2.74313296e-03
17399	224.13187084	348	2.56637168e-05	348.00000000	2.93273827e+15	3.06041955e+15	2.74399128e-03
17449	224.77568051	349	2.57374631e-05	349.00000000	2.93379310e+15	3.06147690e+15	2.74484587e-03
17499	225.41965759	350	2.58112094e-05	350.00000000	2.93484334e+15	3.06252963e+15	2.74569672e-03
17549	226.06415302	351	2.58849558e-05	351.00000000	2.93588894e+15	3.06357772e+15	2.74654406e-03
17599	226.71112308	352	2.59587021e-05	352.00000000	2.93693001e+15	3.06462126e+15	2.74738757e-03
17649	227.35600761	353	2.60324484e-05	353.00000000	2.93796671e+15	3.06566042e+15	2.74822750e-03
17699	228.00078264	354	2.61061947e-05	354.00000000	2.93899920e+15	3.06669536e+15	2.74906389e-03
17749	228.64382622	355	2.61799410e-05	355.00000000	2.94002748e+15	3.06772607e+15	2.74989697e-03
17799	229.28855387	356	2.62536873e-05	356.00000000	2.94105178e+15	3.06875278e+15	2.75072661e-03
17849	229.93063465	357	2.63274336e-05	357.00000000	2.94207233e+15	3.06977575e+15	2.75155301e-03
17899	230.57291209	358	2.64011799e-05	358.00000000	2.94308923e+15	3.07079504e+15	2.75237664e-03
17949	231.21820018	359	2.64749263e-05	359.00000000	2.94410252e+15	3.07181071e+15	2.75319751e-03
17999	231.86000949	360	2.65486726e-05	360.00000000	2.94511225e+15	3.07282281e+15	2.75401558e-03
18049	232.50271331	361	2.66224189e-05	361.00000000	2.94611856e+15	3.07383148e+15	2.75483077e-03
18099	233.14526636	362	2.66961652e-05	362.00000000	2.94712145e+15	3.07483672e+15	2.75564322e-03
18149	233.78591708	363	2.67699115e-05	363.00000000	2.94812085e+15	3.07583845e+15	2.75645309e-03
18199	234.42870195	364	2.68436578e-05	364.00000000	2.94911680e+15	3.07683672e+15	2.75726025e-03
18249	235.07063030	365	2.69174041e-05	365.00000000	2.95010939e+15	3.07783162e+15	2.75806475e-03
18299	235.71282994	366	2.69911504e-05	366.00000000	2.95109861e+15	3.07882314e+15	2.75886664e-03
18349	236.35763516	367	2.70648968e-05	367.00000000	2.95208446e+15	3.07981127e+15	2.75966586e-03
18399	237.00103695	368	2.71386431e-05	368.00000000	2.95306697e+15	3.08079606e+15	2.76046240e-03
18449	237.64484078	369	2.72123894e-05	369.00000000	2.95404617e+15	3.08177752e+15	2.76125629e-03
18499	238.28832643	370	2.72861357e-05	370.00000000	2.95502199e+15	3.08275559e+15	2.76204840e-03
18549	238.93309298	371	2.73598820e-05	371.00000000	2.95599437e+15	3.08373020e+15	2.76283685e-03
18599	239.57606452	372	2.74336283e-05	372.00000000	2.95696326e+15	3.08470131e+15	2.76362252e-03
18649	240.22247881	373	2.75073746e-05	373.00000000	2.95792868e+15	3.08566894e+15	2.76440533e-03
18699	240.86406427	374	2.75811209e-05	374.00000000	2.95889057e+15	3.08663302e+15	2.76518528e-03
18749	241.50918212	375	2.76548673e-05	375.00000000	2.95984886e+15	3.08759349e+15	2.76596236e-03
18799	242.15275371	376	2.77286136e-05	376.00000000	2.96080359e+15	3.08855040e+15	2.76673665e-03
18849	242.79625828	377	2.78023599e-05	377.00000000	2.96175484e+15	3.08950381e+15	2.76750812e-03
18899	243.43928024	378	2.78761062e-05	378.00000000	2.96270267e+15	3.09045379e+15	2.76827663e-03
18949	244.08327462	379	2.79498525e-05	379.00000000	2.96364715e+15	3.09140041e+15	2.76904230e-03
18999	244.72523352	380	2.80235988e-05	380.00000000	2.96458833e+15	3.09234372e+15	2.76980521e-03
19049	245.36960857	381	2.80973451e-05	381.00000000	2.96552623e+15	3.09328375e+15	2.77056542e-03
19099	246.01431302	382	2.81710914e-05	382.00000000	2.96646083e+15	3.09422046e+15	2.77132327e-03
19149	246.65836123	383	2.82448378e-05	383.00000000	2.96739204e+15	3.09515377e+15	2.77207820e-03
19199	247.30220566	384	2.83185841e-05	384.00000000	2.96831984e+15	3.09608366e+15	2.77283044e-03
19249	247.94556895	385	2.83923304e-05	385.00000000	2.96924423e+15	3.09701013e+15	2.77358005e-03
19299	248.58690559	386	2.84660767e-05	386.00000000	2.97016522e+15	3.09793318e+15	2.77432793e-03
19349	249.23226236	387	2.85398230e-05	387.00000000	2.97108286e+15	3.09885288e+15	2.77507242e-03
19399	249.87454812	388	2.86135693e-05	388.00000000	2.97199719e+15	3.09976926e+15	2.77581423e-03
19449	250.51752822	389	2.86873156e-05	389.00000000	2.97290824e+15	3.10068235e+15	2.77655335e-03
19499	251.15917171	390	2.87610619e-05	390.00000000	2.97381604e+15	3.10159217e+15	2.77728988e-03
19549	251.80009433	391	2.88348083e-05	391.00000000	2.97472049e+15	3.10249864e+15	2.77802397e-03
19599	252.44348335	392	2.89085546e-05	392.00000000	2.97562163e+15	3.10340180e+15	2.77875546e-03
19649	253.08496131	393	2.89823009e-05	393.00000000	2.97651953e+15	3.10430170e+15	2.77948431e-03
19699	253.72687985	394	2.90560472e-05	394.00000000	2.97741412e+15	3.10519829e+15	2.78021053e-03
19749	254.37006242	395	2.91297935e-05	395.00000000	2.97830533e+15	3.10609148e+15	2.78093411e-03
19799	255.01303907	396	2.92035398e-05	396.00000000	2.97919301e+15	3.10698114e+15	2.78165495e-03
19849	255.65728653	397	2.92772861e-05	397.00000000	2.98007714e+15	3.10786724e+15	2.78237294e-03
19899	256.30141377	398	2.93510324e-05	398.00000000	2.98095765e+15	3.10874970e+15	2.78308800e-03
19949	256.94539631	399	2.94247788e-05	399.00000000	2.98183454e+15	3.10962855e+15	2.78380009e-03
19999	257.58951059	400	2.94985251e-05	400.00000000	2.98270776e+15	3.11050370e+15	2.78450919e-03
20049	258.23554870	401	2.95722714e-05	401.00000000	2.98357729e+15	3.11137516e+15	2.78521577e-03
20099	258.87832866	402	2.96460177e-05	402.00000000	2.98444322e+15	3.11224301e+15	2.78591907e-03
20149	259.52176906	403	2.97197640e-05	403.00000000	2.98530562e+15	3.11310732e+15	2.78661933e-03
20199	260.16506397	404	2.97935103e-05	404.00000000	2.98616453e+15	3.11396813e+15	2.78731681e-03
20249	260.80839043	405	2.98672566e-05	405.00000000	2.98701998e+15	3.11482547e+15	2.78801156e-03
20299	261.45023459	406	2.99410029e-05	406.00000000	2.98787206e+15	3.11567942e+15	2.78870363e-03
20349	262.09244379	407	3.00147493e-05	407.00000000	2.98872077e+15	3.11653000e+15	2.78939312e-03
20399	262.73457713	408	3.00884956e-05	408.00000000	2.98956618e+15	3.11737727e+15	2.79008014e-03
20449	263.37716336	409	3.01622419e-05	409.00000000	2.99040837e+15	3.11822132e+15	2.79076468e-03
20499	264.01926127	410	3.02359882e-05	410.00000000	2.99124744e+15	3.11906223e+15	2.79144662e-03
20549	264.66182173	411	3.03097345e-05	411.00000000	2.99208346e+15	3.11990008e+15	2.79212601e-03
20599	265.30433566	412	3.03834808e-05	412.00000000	2.99291648e+15	3.12073492e+15	2.79280305e-03
20649	265.95060785	413	3.04572271e-05	413.00000000	2.99374658e+15	3.12156684e+15	2.79347774e-03
20699	266.59510619	414	3.05309735e-05	414.00000000	2.99457377e+15	3.12239584e+15	2.79415002e-03
20749	267.23947889	415	3.06047198e-05	415.00000000	2.99539810e+15	3.12322196e+15	2.79481990e-03
20799	267.88456046	416	3.06784661e-05	416.00000000	2.99621963e+15	3.12404528e+15	2.79548742e-03
20849	268.52605714	417	3.07522124e-05	417.00000000	2.99703845e+15	3.12486588e+15	2.79615271e-03
20899	269.16986068	418	3.08259587e-05	418.00000000	2.99785450e+15	3.12568370e+15	2.79681596e-03
20949	269.81308601	419	3.08997050e-05	419.00000000	2.99866779e+15	3.12649875e+15	2.79747718e-03
20999	270.45685226	420	3.09734513e-05	420.00000000	2.99947839e+15	3.12731110e+15	2.79813621e-03
21049	271.10193800	421	3.10471976e-05	421.00000000	3.00028632e+15	3.12812077e+15	2.79879300e-03
21099	271.74433284	422	3.11209440e-05	422.00000000	3.00109158e+15	3.12892777e+15	2.79944765e-03
21149	272.38709293	423	3.11946903e-05	423.00000000	3.00189421e+15	3.12973212e+15	2.80010013e-03
21199	273.02942002	424	3.12684366e-05	424.00000000	3.00269421e+15	3.13053384e+15	2.80075140e-03
21249	273.67173410	425	3.13421829e-05	425.00000000	3.00349160e+15	3.13133294e+15	2.80139964e-03
21299	274.31561683	426	3.14159292e-05	426.00000000	3.00428644e+15	3.13212948e+15	2.80204573e-03
21349	274.95995404	427	3.14896755e-05	427.00000000	3.00507873e+15	3.13292346e+15	2.80268976e-03
21399	275.60434188	428	3.15634218e-05	428.00000000	3.00586854e+15	3.13371495e+15	2.80333171e-03
21449	276.24971621	429	3.16371681e-05	429.00000000	3.00665590e+15	3.13450398e+15	2.80397165e-03
21499	276.89381063	430	3.17109145e-05	430.00000000	3.00744085e+15	3.13529060e+15	2.80460959e-03
21549	277.53783414	431	3.17846608e-05	431.00000000	3.00822343e+15	3.13607483e+15	2.80524563e-03
21599	278.18324376	432	3.18584071e-05	432.00000000	3.00900362e+15	3.13685668e+15	2.80587980e-03
21649	278.82649706	433	3.19321534e-05	433.00000000	3.00978144e+15	3.13763615e+15	2.80651212e-03
21699	279.47044310	434	3.20058997e-05	434.00000000	3.01055693e+15	3.13841328e+15	2.80714255e-03
21749	280.11577529	435	3.20796460e-05	435.00000000	3.01133010e+15	3.13918808e+15	2.80777108e-03
21799	280.75939101	436	3.21533923e-05	436.00000000	3.01210097e+15	3.13996057e+15	2.80839774e-03
21849	281.40190370	437	3.22271386e-05	437.00000000	3.01286960e+15	3.14073082e+15	2.80902256e-03
21899	282.04251462	438	3.23008850e-05	438.00000000	3.01363603e+15	3.14149886e+15	2.80964561e-03
21949	282.68347673	439	3.23746313e-05	439.00000000	3.01440027e+15	3.14226472e+15	2.81026723e-03
21999	283.32572463	440	3.24483776e-05	440.00000000	3.01516239e+15	3.14302843e+15	2.81088682e-03
22049	283.96967155	441	3.25221239e-05	441.00000000	3.01592238e+15	3.14379001e+15	2.81150465e-03
22099	284.61426524	442	3.25958702e-05	442.00000000	3.01668024e+15	3.14454946e+15	2.81212079e-03
22149	285.25882501	443	3.26696165e-05	443.00000000	3.01743598e+15	3.14530678e+15	2.81273525e-03
22199	285.90248875	444	3.27433628e-05	444.00000000	3.01818962e+15	3.14606199e+15	2.81334797e-03
22249	286.54563329	445	3.28171091e-05	445.00000000	3.01894121e+15	3.14681514e+15	2.81395899e-03
22299	287.18701443	446	3.28908555e-05	446.00000000	3.01969076e+15	3.14756626e+15	2.81456845e-03
22349	287.82980074	447	3.29646018e-05	447.00000000	3.02043833e+15	3.14831538e+15	2.81517626e-03
22399	288.47131259	448	3.30383481e-05	448.00000000	3.02118389e+15	3.14906249e+15	2.81578243e-03
22449	289.11617469	449	3.31120944e-05	449.00000000	3.02192746e+15	3.14980761e+15	2.81638696e-03
22499	289.75847207	450	3.31858407e-05	450.00000000	3.02266905e+15	3.15055073e+15	2.81698986e-03
22549	290.40143940	451	3.32595870e-05	451.00000000	3.02340864e+15	3.15129186e+15	2.81759118e-03
22599	291.04539642	452	3.33333333e-05	452.00000000	3.02414623e+15	3.15203098e+15	2.81819097e-03
22649	291.69020746	453	3.34070796e-05	453.00000000	3.02488178e+15	3.15276805e+15	2.81878925e-03
22699	292.33381812	454	3.34808260e-05	454.00000000	3.02561526e+15	3.15350304e+15	2.81938599e-03
22749	292.97697461	455	3.35545723e-05	455.00000000	3.02634657e+15	3.15423587e+15	2.81998126e-03
22799	293.61841826	456	3.36283186e-05	456.00000000	3.02707570e+15	3.15496651e+15	2.82057482e-03
22849	294.26322877	457	3.37020649e-05	457.00000000	3.02780249e+15	3.15569481e+15	2.82116672e-03
22899	294.90468996	458	3.37758112e-05	458.00000000	3.02852688e+15	3.15642070e+15	2.82175675e-03
22949	295.54856265	459	3.38495575e-05	459.00000000	3.02924884e+15	3.15714415e+15	2.82234498e-03
22999	296.19002841	460	3.39233038e-05	460.00000000	3.02996839e+15	3.15786520e+15	2.82293127e-03
23049	296.83397494	461	3.39970501e-05	461.00000000	3.03068549e+15	3.15858378e+15	2.82351555e-03
23099	297.47697938	462	3.40707965e-05	462.00000000	3.03140010e+15	3.15929987e+15	2.82409790e-03
23149	298.11814160	463	3.41445428e-05	463.00000000	3.03211220e+15	3.16001344e+15	2.82467824e-03
23199	298.75974861	464	3.42182891e-05	464.00000000	3.03282180e+15	3.16072451e+15	2.82525661e-03
23249	299.40092716	465	3.42920354e-05	465.00000000	3.03352888e+15	3.16143305e+15	2.82583305e-03
23299	300.04289587	466	3.43657817e-05	466.00000000	3.03423348e+15	3.16213911e+15	2.82640755e-03
23349	300.68517249	467	3.44395280e-05	467.00000000	3.03493561e+15	3.16284269e+15	2.82698011e-03
23399	301.32802077	468	3.45132743e-05	468.00000000	3.03563530e+15	3.16354383e+15	2.82755068e-03
23449	301.97155105	469	3.45870206e-05	469.00000000	3.03633259e+15	3.16424257e+15	2.82811937e-03
23499	302.61611255	470	3.46607670e-05	470.00000000	3.03702758e+15	3.16493899e+15	2.82868613e-03
23549	303.25817176	471	3.47345133e-05	471.00000000	3.03772031e+15	3.16563315e+15	2.82925123e-03
23599	303.90495384	472	3.48082596e-05	472.00000000	3.03841083e+15	3.16632509e+15	2.82981462e-03
23649	304.54726316	473	3.48820059e-05	473.00000000	3.03909919e+15	3.16701488e+15	2.83037628e-03
23699	305.19136695	474	3.49557522e-05	474.00000000	3.03978549e+15	3.16770259e+15	2.83093618e-03
23749	305.83253755	475	3.50294985e-05	475.00000000	3.04046974e+15	3.16838826e+15	2.83149445e-03
23799	306.47620351	476	3.51032448e-05	476.00000000	3.04115202e+15	3.16907195e+15	2.83205131e-03
23849	307.11946731	477	3.51769912e-05	477.00000000	3.04183234e+15	3.16975368e+15	2.83260635e-03
23899	307.76463994	478	3.52507375e-05	478.00000000	3.04251071e+15	3.17043345e+15	2.83315997e-03
23949	308.40977823	479	3.53244838e-05	479.00000000	3.04318709e+15	3.17111123e+15	2.83371207e-03
23999	309.05248776	480	3.53982301e-05	480.00000000	3.04386147e+15	3.17178701e+15	2.83426261e-03
24049	309.70092751	481	3.54719764e-05	481.00000000	3.04453385e+15	3.17246078e+15	2.83481160e-03
24099	310.34605276	482	3.55457227e-05	482.00000000	3.04520422e+15	3.17313253e+15	2.83535906e-03
24149	310.98837067	483	3.56194690e-05	483.00000000	3.04587257e+15	3.17380226e+15	2.83590499e-03
24199	311.63125631	484	3.56932153e-05	484.00000000	3.04653890e+15	3.17446997e+15	2.83644935e-03
24249	312.27266330	485	3.57669617e-05	485.00000000	3.04720323e+15	3.17513568e+15	2.83699200e-03
24299	312.91380517	486	3.58407080e-05	486.00000000	3.04786560e+15	3.17579942e+15	2.83753311e-03
24349	313.55585646	487	3.59144543e-05	487.00000000	3.04852601e+15	3.17646120e+15	2.83807265e-03
24399	314.19855133	488	3.59882006e-05	488.00000000	3.04918443e+15	3.17712099e+15	2.83861064e-03
24449	314.84206506	489	3.60619469e-05	489.00000000	3.04984085e+15	3.17777877e+15	2.83914707e-03
24499	315.48772735	490	3.61356932e-05	490.00000000	3.05049527e+15	3.17843455e+15	2.83968190e-03
24549	316.12937744	491	3.62094395e-05	491.00000000	3.05114770e+15	3.17908834e+15	2.84021513e-03
24599	316.77142861	492	3.62831858e-05	492.00000000	3.05179814e+15	3.17974014e+15	2.84074679e-03
24649	317.41321219	493	3.63569322e-05	493.00000000	3.05244659e+15	3.18038994e+15	2.84127688e-03
24699	318.05833831	494	3.64306785e-05	494.00000000	3.05309306e+15	3.18103775e+15	2.84180535e-03
24749	318.70095623	495	3.65044248e-05	495.00000000	3.05373753e+15	3.18168356e+15	2.84233221e-03
24799	319.34313656	496	3.65781711e-05	496.00000000	3.05437998e+15	3.18232735e+15	2.84285748e-03
24849	319.98424655	497	3.66519174e-05	497.00000000	3.05502041e+15	3.18296912e+15	2.84338116e-03
24899	320.63002166	498	3.67256637e-05	498.00000000	3.05565882e+15	3.18360886e+15	2.84390321e-03
24949	321.27308769	499	3.67994100e-05	499.00000000	3.05629526e+15	3.18424663e+15	2.84442359e-03
24999	321.91731149	500	3.68731563e-05	500.00000000	3.05692979e+15	3.18488248e+15	2.84494238e-03
25049	322.56323776	501	3.69469027e-05	501.00000000	3.05756242e+15	3.18551644e+15	2.84545967e-03
25099	323.20724853	502	3.70206490e-05	502.00000000	3.05819317e+15	3.18614850e+15	2.84597558e-03
25149	323.84924871	503	3.70943953e-05	503.00000000	3.05882204e+15	3.18677868e+15	2.84648983e-03
25199	324.49399403	504	3.71681416e-05	504.00000000	3.05944910e+15	3.18740705e+15	2.84700265e-03
25249	325.13763441	505	3.72418879e-05	505.00000000	3.06007433e+15	3.18803358e+15	2.84751417e-03
25299	325.78284119	506	3.73156342e-05	506.00000000	3.06069774e+15	3.18865830e+15	2.84802433e-03
25349	326.42484705	507	3.73893805e-05	507.00000000	3.06131937e+15	3.18928122e+15	2.84853305e-03
25399	327.07101155	508	3.74631268e-05	508.00000000	3.06193919e+15	3.18990235e+15	2.84904034e-03
25449	327.71407456	509	3.75368732e-05	509.00000000	3.06255721e+15	3.19052165e+15	2.84954616e-03
25499	328.35845986	510	3.76106195e-05	510.00000000	3.06317343e+15	3.19113916e+15	2.85005060e-03
25549	329.00171990	511	3.76843658e-05	511.00000000	3.06378791e+15	3.19175493e+15	2.85055366e-03
25599	329.64712890	512	3.77581121e-05	512.00000000	3.06440066e+15	3.19236896e+15	2.85105532e-03
25649	330.28900946	513	3.78318584e-05	513.00000000	3.06501172e+15	3.19298129e+15	2.85155555e-03
25699	330.93337988	514	3.79056047e-05	514.00000000	3.06562110e+15	3.19359193e+15	2.85205439e-03
25749	331.57598605	515	3.79793510e-05	515.00000000	3.06622882e+15	3.19420092e+15	2.85255184e-03
25799	332.21924800	516	3.80530973e-05	516.00000000	3.06683490e+15	3.19480826e+15	2.85304793e-03
25849	332.86145408	517	3.81268437e-05	517.00000000	3.06743933e+15	3.19541394e+15	2.85354266e-03
25899	333.50570541	518	3.82005900e-05	518.00000000	3.06804208e+15	3.19601794e+15	2.85403612e-03
25949	334.14907704	519	3.82743363e-05	519.00000000	3.06864311e+15	3.19662021e+15	2.85452835e-03
25999	334.79338583	520	3.83480826e-05	520.00000000	3.06924242e+15	3.19722076e+15	2.85501919e-03
26049	335.43771346	521	3.84218289e-05	521.00000000	3.06984000e+15	3.19781957e+15	2.85550862e-03
26099	336.08174406	522	3.84955752e-05	522.00000000	3.07043589e+15	3.19841668e+15	2.85599667e-03
26149	336.72653679	523	3.85693215e-05	523.00000000	3.07103009e+15	3.19901211e+15	2.85648342e-03
26199	337.36937425	524	3.86430678e-05	524.00000000	3.07162263e+15	3.19960586e+15	2.85696885e-03
26249	338.01283239	525	3.87168142e-05	525.00000000	3.07221347e+15	3.20019792e+15	2.85745294e-03
26299	338.65743011	526	3.87905605e-05	526.00000000	3.07280260e+15	3.20078826e+15	2.85793569e-03
26349	339.30044288	527	3.88643068e-05	527.00000000	3.07339000e+15	3.20137686e+15	2.85841711e-03
26399	339.94463681	528	3.89380531e-05	528.00000000	3.07397569e+15	3.20196375e+15	2.85889720e-03
26449	340.58868442	529	3.90117994e-05	529.00000000	3.07455963e+15	3.20254888e+15	2.85937602e-03
26499	341.23318143	530	3.90855457e-05	530.00000000	3.07514180e+15	3.20313225e+15	2.85985348e-03
26549	341.87717477	531	3.91592920e-05	531.00000000	3.07572218e+15	3.20371381e+15	2.86032949e-03
26599	342.52131255	532	3.92330383e-05	532.00000000	3.07630070e+15	3.20429352e+15	2.86080413e-03
26649	343.16593514	533	3.93067847e-05	533.00000000	3.07687739e+15	3.20487138e+15	2.86127733e-03
26699	343.80932392	534	3.93805310e-05	534.00000000	3.07745222e+15	3.20544739e+15	2.86174904e-03
26749	344.45590056	535	3.94542773e-05	535.00000000	3.07802523e+15	3.20602157e+15	2.86221929e-03
26799	345.10030125	536	3.95280236e-05	536.00000000	3.07859640e+15	3.20659391e+15	2.86268802e-03
26849	345.74467238	537	3.96017699e-05	537.00000000	3.07916578e+15	3.20716445e+15	2.86315527e-03
26899	346.38831931	538	3.96755162e-05	538.00000000	3.07973339e+15	3.20773321e+15	2.86362113e-03
26949	347.03036708	539	3.97492625e-05	539.00000000	3.08029923e+15	3.20830020e+15	2.86408562e-03
26999	347.67279788	540	3.98230088e-05	540.00000000	3.08086331e+15	3.20886543e+15	2.86454867e-03
27049	348.31783043	541	3.98967552e-05	541.00000000	3.08142562e+15	3.20942889e+15	2.86501028e-03
27099	348.96177591	542	3.99705015e-05	542.00000000	3.08198618e+15	3.20999058e+15	2.86547040e-03
27149	349.60572153	543	4.00442478e-05	543.00000000	3.08254497e+15	3.21055050e+15	2.86592907e-03
27199	350.24856010	544	4.01179941e-05	544.00000000	3.08310199e+15	3.21110866e+15	2.86638630e-03
27249	350.89220521	545	4.01917404e-05	545.00000000	3.08365724e+15	3.21166503e+15	2.86684208e-03
27299	351.53395356	546	4.02654867e-05	546.00000000	3.08421075e+15	3.21221966e+15	2.86729645e-03
27349	352.17659844	547	4.03392330e-05	547.00000000	3.08476253e+15	3.21277256e+15	2.86774942e-03
27399	352.81819247	548	4.04129794e-05	548.00000000	3.08531261e+15	3.21332376e+15	2.86820105e-03
27449	353.46265140	549	4.04867257e-05	549.00000000	3.08586102e+15	3.21387328e+15	2.86865135e-03
27499	354.10434021	550	4.05604720e-05	550.00000000	3.08640780e+15	3.21442116e+15	2.86910038e-03
27549	354.74848533	551	4.06342183e-05	551.00000000	3.08695297e+15	3.21496744e+15	2.86954816e-03
27599	355.39296800	552	4.07079646e-05	552.00000000	3.08749657e+15	3.21551214e+15	2.86999481e-03
27649	356.03671374	553	4.07817109e-05	553.00000000	3.08803863e+15	3.21605530e+15	2.87044027e-03
27699	356.68280591	554	4.08554572e-05	554.00000000	3.08857919e+15	3.21659696e+15	2.87088458e-03
27749	357.32508237	555	4.09292035e-05	555.00000000	3.08911831e+15	3.21713716e+15	2.87132769e-03
27799	357.96960170	556	4.10029499e-05	556.00000000	3.08965600e+15	3.21767594e+15	2.87176973e-03
27849	358.61312359	557	4.10766962e-05	557.00000000	3.09019228e+15	3.21821331e+15	2.87221068e-03
27899	359.25798256	558	4.11504425e-05	558.00000000	3.09072716e+15	3.21874927e+15	2.87265051e-03
27949	359.90196035	559	4.12241888e-05	559.00000000	3.09126066e+15	3.21928384e+15	2.87308926e-03
27999	360.54687734	560	4.12979351e-05	560.00000000	3.09179278e+15	3.21981704e+15	2.87352698e-03
28049	361.18986758	561	4.13716814e-05	561.00000000	3.09232356e+15	3.22034889e+15	2.87396365e-03
28099	361.83239859	562	4.14454277e-05	562.00000000	3.09285301e+15	3.22087940e+15	2.87439923e-03
28149	362.47614715	563	4.15191740e-05	563.00000000	3.09338114e+15	3.22140860e+15	2.87483374e-03
28199	363.11904839	564	4.15929204e-05	564.00000000	3.09390793e+15	3.22193644e+15	2.87526718e-03
28249	363.76189383	565	4.16666667e-05	565.00000000	3.09443335e+15	3.22246292e+15	2.87569954e-03
28299	364.40512130	566	4.17404130e-05	566.00000000	3.09495742e+15	3.22298804e+15	2.87613080e-03
28349	365.04652967	567	4.18141593e-05	567.00000000	3.09548013e+15	3.22351181e+15	2.87656097e-03
28399	365.69195625	568	4.18879056e-05	568.00000000	3.09600150e+15	3.22403422e+15	2.87699004e-03
28449	366.33366180	569	4.19616519e-05	569.00000000	3.09652153e+15	3.22455529e+15	2.87741803e-03
28499	366.97393530	570	4.20353982e-05	570.00000000	3.09704021e+15	3.22507502e+15	2.87784496e-03
28549	367.61748190	571	4.21091445e-05	571.00000000	3.09755755e+15	3.22559339e+15	2.87827089e-03
28599	368.26187513	572	4.21828909e-05	572.00000000	3.09807355e+15	3.22611043e+15	2.87869570e-03
28649	368.90574830	573	4.22566372e-05	573.00000000	3.09858820e+15	3.22662610e+15	2.87911942e-03
28699	369.54683303	574	4.23303835e-05	574.00000000	3.09910149e+15	3.22714042e+15	2.87954206e-03
28749	370.18817525	575	4.24041298e-05	575.00000000	3.09961341e+15	3.22765336e+15	2.87996384e-03
28799	370.82883124	576	4.24778761e-05	576.00000000	3.10012394e+15	3.22816492e+15	2.88038460e-03
28849	371.46947890	577	4.25516224e-05	577.00000000	3.10063309e+15	3.22867509e+15	2.88080426e-03
28899	372.11305617	578	4.26253687e-05	578.00000000	3.10114085e+15	3.22918386e+15	2.88122282e-03
28949	372.75935376	579	4.26991150e-05	579.00000000	3.10164720e+15	3.22969123e+15	2.88164028e-03
28999	373.40293335	580	4.27728614e-05	580.00000000	3.10215215e+15	3.23019718e+15	2.88205672e-03
29049	374.04843464	581	4.28466077e-05	581.00000000	3.10265570e+15	3.23070174e+15	2.88247204e-03
29099	374.68942128	582	4.29203540e-05	582.00000000	3.10315786e+15	3.23120490e+15	2.88288621e-03
29149	375.33114090	583	4.29941003e-05	583.00000000	3.10365866e+15	3.23170670e+15	2.88329931e-03
29199	375.97342695	584	4.30678466e-05	584.00000000	3.10415806e+15	3.23220710e+15	2.88371129e-03
29249	376.61641873	585	4.31415929e-05	585.00000000	3.10465608e+15	3.23270612e+15	2.88412221e-03
29299	377.25860807	586	4.32153392e-05	586.00000000	3.10515273e+15	3.23320375e+15	2.88453235e-03
29349	377.90392256	587	4.32890855e-05	587.00000000	3.10564802e+15	3.23370003e+15	2.88494100e-03
29399	378.54648308	588	4.33628319e-05	588.00000000	3.10614196e+15	3.23419495e+15	2.88534861e-03
29449	379.18905751	589	4.34365782e-05	589.00000000	3.10663457e+15	3.23468855e+15	2.88575519e-03
29499	379.83309260	590	4.35103245e-05	590.00000000	3.10712587e+15	3.23518082e+15	2.88616079e-03
29549	380.47772574	591	4.35840708e-05	591.00000000	3.10761585e+15	3.23567178e+15	2.88656529e-03
29599	381.12122658	592	4.36578171e-05	592.00000000	3.10810454e+15	3.23616144e+15	2.88696878e-03
29649	381.76412210	593	4.37315634e-05	593.00000000	3.10859195e+15	3.23664982e+15	2.88737126e-03
29699	382.40687914	594	4.38053097e-05	594.00000000	3.10907811e+15	3.23713694e+15	2.88777268e-03
29749	383.05193945	595	4.38790560e-05	595.00000000	3.10956302e+15	3.23762282e+15	2.88817310e-03
29799	383.69462771	596	4.39528024e-05	596.00000000	3.11004671e+15	3.23810746e+15	2.88857252e-03
29849	384.33816854	597	4.40265487e-05	597.00000000	3.11052916e+15	3.23859087e+15	2.88897092e-03
29899	384.98057042	598	4.41002950e-05	598.00000000	3.11101038e+15	3.23907305e+15	2.88936830e-03
29949	385.62339744	599	4.41740413e-05	599.00000000	3.11149037e+15	3.23955399e+15	2.88976469e-03
29999	386.26654211	600	4.42477876e-05	600.00000000	3.11196911e+15	3.24003368e+15	2.89016014e-03
30049	386.91255792	601	4.43215339e-05	601.00000000	3.11244662e+15	3.24051213e+15	2.89055468e-03
30099	387.55721814	602	4.43952802e-05	602.00000000	3.11292290e+15	3.24098935e+15	2.89094827e-03
30149	388.20027017	603	4.44690265e-05	603.00000000	3.11339798e+15	3.24146537e+15	2.89134090e-03
30199	388.84300103	604	4.45427729e-05	604.00000000	3.11387189e+15	3.24194022e+15	2.89173265e-03
30249	389.48870275	605	4.46165192e-05	605.00000000	3.11434462e+15	3.24241389e+15	2.89212351e-03
30299	390.13360785	606	4.46902655e-05	606.00000000	3.11481619e+15	3.24288639e+15	2.89251345e-03
30349	390.77884858	607	4.47640118e-05	607.00000000	3.11528659e+15	3.24335772e+15	2.89290248e-03
30399	391.42250757	608	4.48377581e-05	608.00000000	3.11575582e+15	3.24382788e+15	2.89329055e-03
30449	392.06426122	609	4.49115044e-05	609.00000000	3.11622388e+15	3.24429687e+15	2.89367765e-03
30499	392.70803850	610	4.49852507e-05	610.00000000	3.11669075e+15	3.24476466e+15	2.89406386e-03
30549	393.35006970	611	4.50589971e-05	611.00000000	3.11715639e+15	3.24523122e+15	2.89444919e-03
30599	393.99283816	612	4.51327434e-05	612.00000000	3.11762080e+15	3.24569655e+15	2.89483356e-03
30649	394.63534828	613	4.52064897e-05	613.00000000	3.11808399e+15	3.24616065e+15	2.89521699e-03
30699	395.27767012	614	4.52802360e-05	614.00000000	3.11854595e+15	3.24662353e+15	2.89559954e-03
30749	395.91867180	615	4.53539823e-05	615.00000000	3.11900670e+15	3.24708519e+15	2.89598124e-03
30799	396.55987084	616	4.54277286e-05	616.00000000	3.11946622e+15	3.24754561e+15	2.89636199e-03
30849	397.20221117	617	4.55014749e-05	617.00000000	3.11992447e+15	3.24800478e+15	2.89674180e-03
30899	397.84515688	618	4.55752212e-05	618.00000000	3.12038144e+15	3.24846265e+15	2.89712068e-03
30949	398.48987597	619	4.56489676e-05	619.00000000	3.12083711e+15	3.24891923e+15	2.89749844e-03
30999	399.13387060	620	4.57227139e-05	620.00000000	3.12129150e+15	3.24937452e+15	2.89787511e-03
31049	399.77900793	621	4.57964602e-05	621.00000000	3.12174462e+15	3.24982854e+15	2.89825072e-03
31099	400.42197443	622	4.58702065e-05	622.00000000	3.12219649e+15	3.25028130e+15	2.89862526e-03
31149	401.06433907	623	4.59439528e-05	623.00000000	3.12264711e+15	3.25073282e+15	2.89899877e-03
31199	401.70712375	624	4.60176991e-05	624.00000000	3.12309652e+15	3.25118311e+15	2.89937125e-03
31249	402.34988587	625	4.60914454e-05	625.00000000	3.12354468e+15	3.25163217e+15	2.89974274e-03
31299	402.99377962	626	4.61651917e-05	626.00000000	3.12399161e+15	3.25207998e+15	2.90011327e-03
31349	403.63799664	627	4.62389381e-05	627.00000000	3.12443727e+15	3.25252653e+15	2.90048292e-03
31399	404.28270094	628	4.63126844e-05	628.00000000	3.12488168e+15	3.25297182e+15	2.90085156e-03
31449	404.92506242	629	4.63864307e-05	629.00000000	3.12532484e+15	3.25341587e+15	2.90121925e-03
31499	405.56844587	630	4.64601770e-05	630.00000000	3.12576673e+15	3.25385864e+15	2.90158595e-03
31549	406.21217421	631	4.65339233e-05	631.00000000	3.12620737e+15	3.25430016e+15	2.90195169e-03
31599	406.85454389	632	4.66076696e-05	632.00000000	3.12664674e+15	3.25474042e+15	2.90231644e-03
31649	407.49655577	633	4.66814159e-05	633.00000000	3.12708487e+15	3.25517942e+15	2.90268019e-03
31699	408.13932125	634	4.67551622e-05	634.00000000	3.12752175e+15	3.25561717e+15	2.90304290e-03
31749	408.78042187	635	4.68289086e-05	635.00000000	3.12795736e+15	3.25605366e+15	2.90340459e-03
31799	409.42369148	636	4.69026549e-05	636.00000000	3.12839173e+15	3.25648889e+15	2.90376529e-03
31849	410.06805241	637	4.69764012e-05	637.00000000	3.12882485e+15	3.25692288e+15	2.90412500e-03
31899	410.71306598	638	4.70501475e-05	638.00000000	3.12925675e+15	3.25735565e+15	2.90448370e-03
31949	411.35816253	639	4.71238938e-05	639.00000000	3.12968746e+15	3.25778722e+15	2.90484140e-03
31999	411.99965205	640	4.71976401e-05	640.00000000	3.13011694e+15	3.25821756e+15	2.90519811e-03
32049	412.64638650	641	4.72713864e-05	641.00000000	3.13054516e+15	3.25864664e+15	2.90555394e-03
32099	413.29098340	642	4.73451327e-05	642.00000000	3.13097214e+15	3.25907447e+15	2.90590886e-03
32149	413.93467808	643	4.74188791e-05	643.00000000	3.13139788e+15	3.25950106e+15	2.90626279e-03
32199	414.57898032	644	4.74926254e-05	644.00000000	3.13182239e+15	3.25992642e+15	2.90661570e-03
32249	415.22315337	645	4.75663717e-05	645.00000000	3.13224565e+15	3.26035053e+15	2.90696763e-03
32299	415.86856792	646	4.76401180e-05	646.00000000	3.13266766e+15	3.26077337e+15	2.90731852e-03
32349	416.51169626	647	4.77138643e-05	647.00000000	3.13308838e+15	3.26119494e+15	2.90766840e-03
32399	417.15569416	648	4.77876106e-05	648.00000000	3.13350785e+15	3.26161524e+15	2.90801728e-03
32449	417.79860382	649	4.78613569e-05	649.00000000	3.13392606e+15	3.26203429e+15	2.90836514e-03
32499	418.44030824	650	4.79351032e-05	650.00000000	3.13434305e+15	3.26245211e+15	2.90871196e-03
32549	419.08318461	651	4.80088496e-05	651.00000000	3.13475882e+15	3.26286871e+15	2.90905776e-03
32599	419.72794233	652	4.80825959e-05	652.00000000	3.13517340e+15	3.26328411e+15	2.90940262e-03
32649	420.37072272	653	4.81563422e-05	653.00000000	3.13558681e+15	3.26369835e+15	2.90974645e-03
32699	421.01267506	654	4.82300885e-05	654.00000000	3.13599908e+15	3.26411143e+15	2.91008937e-03
32749	421.65607530	655	4.83038348e-05	655.00000000	3.13641021e+15	3.26452339e+15	2.91043133e-03
32799	422.29863408	656	4.83775811e-05	656.00000000	3.13682023e+15	3.26493422e+15	2.91077236e-03
32849	422.94258157	657	4.84513274e-05	657.00000000	3.13722915e+15	3.26534394e+15	2.91111247e-03
32899	423.58812209	658	4.85250737e-05	658.00000000	3.13763696e+15	3.26575256e+15	2.91145171e-03
32949	424.23286546	659	4.85988201e-05	659.00000000	3.13804368e+15	3.26616010e+15	2.91179002e-03
32999	424.87709139	660	4.86725664e-05	660.00000000	3.13844933e+15	3.26656655e+15	2.91212745e-03
33049	425.52077148	661	4.87463127e-05	661.00000000	3.13885392e+15	3.26697193e+15	2.91246400e-03
33099	426.16470647	662	4.88200590e-05	662.00000000	3.13925743e+15	3.26737624e+15	2.91279969e-03
33149	426.80992100	663	4.88938053e-05	663.00000000	3.13965988e+15	3.26777949e+15	2.91313451e-03
33199	427.45005421	664	4.89675516e-05	664.00000000	3.14006128e+15	3.26818168e+15	2.91346845e-03
33249	428.09483177	665	4.90412979e-05	665.00000000	3.14046163e+15	3.26858282e+15	2.91380151e-03
33299	428.74056546	666	4.91150442e-05	666.00000000	3.14086094e+15	3.26898292e+15	2.91413368e-03
33349	429.38632302	667	4.91887906e-05	667.00000000	3.14125918e+15	3.26938194e+15	2.91446498e-03
33399	430.02967497	668	4.92625369e-05	668.00000000	3.14165636e+15	3.26977991e+15	2.91479541e-03
33449	430.67278340	669	4.93362832e-05	669.00000000	3.14205248e+15	3.27017680e+15	2.91512495e-03
33499	431.31808465	670	4.94100295e-05	670.00000000	3.14244751e+15	3.27057261e+15	2.91545360e-03
33549	431.96214829	671	4.94837758e-05	671.00000000	3.14284150e+15	3.27096737e+15	2.91578138e-03
33599	432.60702307	672	4.95575221e-05	672.00000000	3.14323445e+15	3.27136108e+15	2.91610829e-03
33649	433.24970154	673	4.96312684e-05	673.00000000	3.14362637e+15	3.27175378e+15	2.91643436e-03
33699	433.89323656	674	4.97050147e-05	674.00000000	3.14401729e+15	3.27214546e+15	2.91675956e-03
33749	434.53719230	675	4.97787611e-05	675.00000000	3.14440720e+15	3.27253613e+15	2.91708396e-03
33799	435.18032146	676	4.98525074e-05	676.00000000	3.14479614e+15	3.27292583e+15	2.91740751e-03
33849	435.82618804	677	4.99262537e-05	677.00000000	3.14518411e+15	3.27331456e+15	2.91773027e-03
33899	436.47016659	678	5.00000000e-05	678.00000000	3.14557111e+15	3.27370232e+15	2.91805223e-03
33949	437.11310446	679	5.00737463e-05	679.00000000	3.14595714e+15	3.27408910e+15	2.91837340e-03
33999	437.75868519	680	5.01474926e-05	680.00000000	3.14634221e+15	3.27447492e+15	2.91869380e-03
34049	438.40346380	681	5.02212389e-05	681.00000000	3.14672631e+15	3.27485977e+15	2.91901341e-03
34099	439.04652692	682	5.02949853e-05	682.00000000	3.14710947e+15	3.27524367e+15	2.91933225e-03
34149	439.68926691	683	5.03687316e-05	683.00000000	3.14749166e+15	3.27562661e+15	2.91965030e-03
34199	440.33089826	684	5.04424779e-05	684.00000000	3.14787289e+15	3.27600859e+15	2.91996756e-03
34249	440.97351004	685	5.05162242e-05	685.00000000	3.14825317e+15	3.27638961e+15	2.92028403e-03
34299	441.61715127	686	5.05899705e-05	686.00000000	3.14863250e+15	3.27676967e+15	2.92059973e-03
34349	442.26098176	687	5.06637168e-05	687.00000000	3.14901089e+15	3.27714880e+15	2.92091466e-03
34399	442.90617232	688	5.07374631e-05	688.00000000	3.14938833e+15	3.27752697e+15	2.92122883e-03
34449	443.54858740	689	5.08112094e-05	689.00000000	3.14976481e+15	3.27790418e+15	2.92154223e-03
34499	444.19005837	690	5.08849558e-05	690.00000000	3.15014033e+15	3.27828043e+15	2.92185484e-03
34549	444.83408173	691	5.09587021e-05	691.00000000	3.15051486e+15	3.27865569e+15	2.92216670e-03
34599	445.47605325	692	5.10324484e-05	692.00000000	3.15088842e+15	3.27902998e+15	2.92247775e-03
34649	446.11990823	693	5.11061947e-05	693.00000000	3.15126100e+15	3.27940328e+15	2.92278798e-03
34699	446.76368281	694	5.11799410e-05	694.00000000	3.15163260e+15	3.27977560e+15	2.92309742e-03
34749	447.40666570	695	5.12536873e-05	695.00000000	3.15200319e+15	3.28014691e+15	2.92340606e-03
34799	448.04900629	696	5.13274336e-05	696.00000000	3.15237277e+15	3.28051721e+15	2.92371397e-03
34849	448.69110693	697	5.14011799e-05	697.00000000	3.15274134e+15	3.28088649e+15	2.92402107e-03
34899	449.33561131	698	5.14749263e-05	698.00000000	3.15310890e+15	3.28125476e+15	2.92432736e-03
34949	449.97946333	699	5.15486726e-05	699.00000000	3.15347547e+15	3.28162204e+15	2.92463282e-03
34999	450.62123671	700	5.16224189e-05	700.00000000	3.15384105e+15	3.28198833e+15	2.92493745e-03
35049	451.26499883	701	5.16961652e-05	701.00000000	3.15420565e+15	3.28235363e+15	2.92524125e-03
35099	451.91106353	702	5.17699115e-05	702.00000000	3.15456928e+15	3.28271796e+15	2.92554425e-03
35149	452.55510393	703	5.18436578e-05	703.00000000	3.15493196e+15	3.28308134e+15	2.92584644e-03
35199	453.19849947	704	5.19174041e-05	704.00000000	3.15529372e+15	3.28344381e+15	2.92614784e-03
35249	453.84097928	705	5.19911504e-05	705.00000000	3.15565457e+15	3.28380535e+15	2.92644848e-03
35299	454.48154873	706	5.20648968e-05	706.00000000	3.15601449e+15	3.28416596e+15	2.92674835e-03
35349	455.12486906	707	5.21386431e-05	707.00000000	3.15637348e+15	3.28452565e+15	2.92704745e-03
35399	455.76853772	708	5.22123894e-05	708.00000000	3.15673153e+15	3.28488439e+15	2.92734584e-03
35449	456.41224824	709	5.22861357e-05	709.00000000	3.15708864e+15	3.28524219e+15	2.92764346e-03
35499	457.05507793	710	5.23598820e-05	710.00000000	3.15744483e+15	3.28559907e+15	2.92794031e-03
35549	457.69735058	711	5.24336283e-05	711.00000000	3.15780008e+15	3.28595501e+15	2.92823638e-03
35599	458.34248179	712	5.25073746e-05	712.00000000	3.15815440e+15	3.28631001e+15	2.92853174e-03
35649	458.98552299	713	5.25811209e-05	713.00000000	3.15850778e+15	3.28666407e+15	2.92882638e-03
35699	459.62833022	714	5.26548673e-05	714.00000000	3.15886021e+15	3.28701718e+15	2.92912024e-03
35749	460.26986780	715	5.27286136e-05	715.00000000	3.15921170e+15	3.28736934e+15	2.92941331e-03
35799	460.91178329	716	5.28023599e-05	716.00000000	3.15956222e+15	3.28772054e+15	2.92970561e-03
35849	461.55422156	717	5.28761062e-05	717.00000000	3.15991179e+15	3.28807079e+15	2.92999712e-03
35899	462.19821066	718	5.29498525e-05	718.00000000	3.16026041e+15	3.28842008e+15	2.93028786e-03
35949	462.84136221	719	5.30235988e-05	719.00000000	3.16060808e+15	3.28876842e+15	2.93057783e-03
35999	463.48259706	720	5.30973451e-05	720.00000000	3.16095480e+15	3.28911582e+15	2.93086702e-03
36049	464.12566350	721	5.31710914e-05	721.00000000	3.16130059e+15	3.28946227e+15	2.93115543e-03
36099	464.77027211	722	5.32448378e-05	722.00000000	3.16164544e+15	3.28980779e+15	2.93144305e-03
36149	465.41343368	723	5.33185841e-05	723.00000000	3.16198935e+15	3.29015236e+15	2.93172989e-03
36199	466.05449736	724	5.33923304e-05	724.00000000	3.16233231e+15	3.29049599e+15	2.93201593e-03
36249	466.69567212	725	5.34660767e-05	725.00000000	3.16267432e+15	3.29083866e+15	2.93230119e-03
36299	467.33722370	726	5.35398230e-05	726.00000000	3.16301536e+15	3.29118035e+15	2.93258567e-03
36349	467.98132026	727	5.36135693e-05	727.00000000	3.16335540e+15	3.29152105e+15	2.93286940e-03
36399	468.62344052	728	5.36873156e-05	728.00000000	3.16369445e+15	3.29186076e+15	2.93315232e-03
36449	469.26635262	729	5.37610619e-05	729.00000000	3.16403250e+15	3.29219947e+15	2.93343443e-03
36499	469.91164095	730	5.38348083e-05	730.00000000	3.16436959e+15	3.29253721e+15	2.93371585e-03
36549	470.55512425	731	5.39085546e-05	731.00000000	3.16470565e+15	3.29287393e+15	2.93399599e-03
36599	471.19821063	732	5.39823009e-05	732.00000000	3.16504072e+15	3.29320965e+15	2.93427561e-03
36649	471.84107696	733	5.40560472e-05	733.00000000	3.16537482e+15	3.29354439e+15	2.93455445e-03
36699	472.48426004	734	5.41297935e-05	734.00000000	3.16570795e+15	3.29387817e+15	2.93483250e-03
36749	473.12736211	735	5.42035398e-05	735.00000000	3.16604013e+15	3.29421100e+15	2.93510979e-03
36799	473.77188685	736	5.42772861e-05	736.00000000	3.16637136e+15	3.29454288e+15	2.93538634e-03
36849	474.41499385	737	5.43510324e-05	737.00000000	3.16670165e+15	3.29487380e+15	2.93566212e-03
36899	475.05682531	738	5.44247788e-05	738.00000000	3.16703099e+15	3.29520379e+15	2.93593713e-03
36949	475.69940333	739	5.44985251e-05	739.00000000	3.16735941e+15	3.29553285e+15	2.93621134e-03
36999	476.34068201	740	5.45722714e-05	740.00000000	3.16768692e+15	3.29586100e+15	2.93648478e-03
37049	476.98491096	741	5.46460177e-05	741.00000000	3.16801350e+15	3.29618822e+15	2.93675746e-03
37099	477.63062253	742	5.47197640e-05	742.00000000	3.16833917e+15	3.29651452e+15	2.93702937e-03
37149	478.27480432	743	5.47935103e-05	743.00000000	3.16866391e+15	3.29683990e+15	2.93730054e-03
37199	478.91907354	744	5.48672566e-05	744.00000000	3.16898774e+15	3.29716436e+15	2.93757098e-03
37249	479.56144982	745	5.49410029e-05	745.00000000	3.16931066e+15	3.29748792e+15	2.93784065e-03
37299	480.20713706	746	5.50147493e-05	746.00000000	3.16963270e+15	3.29781060e+15	2.93810958e-03
37349	480.84943654	747	5.50884956e-05	747.00000000	3.16995386e+15	3.29813239e+15	2.93837781e-03
37399	481.49129494	748	5.51622419e-05	748.00000000	3.17027415e+15	3.29845331e+15	2.93864532e-03
37449	482.13454770	749	5.52359882e-05	749.00000000	3.17059358e+15	3.29877336e+15	2.93891211e-03
37499	482.77657411	750	5.53097345e-05	750.00000000	3.17091214e+15	3.29909255e+15	2.93917818e-03
37549	483.42129145	751	5.53834808e-05	751.00000000	3.17122986e+15	3.29941089e+15	2.93944361e-03
37599	484.06414021	752	5.54572271e-05	752.00000000	3.17154674e+15	3.29972840e+15	2.93970823e-03
37649	484.70903804	753	5.55309735e-05	753.00000000	3.17186279e+15	3.30004507e+15	2.93997213e-03
37699	485.35351980	754	5.56047198e-05	754.00000000	3.17217801e+15	3.30036092e+15	2.94023534e-03
37749	485.99926251	755	5.56784661e-05	755.00000000	3.17249241e+15	3.30067594e+15	2.94049787e-03
37799	486.64356852	756	5.57522124e-05	756.00000000	3.17280599e+15	3.30099013e+15	2.94075953e-03
37849	487.28725852	757	5.58259587e-05	757.00000000	3.17311877e+15	3.30130353e+15	2.94102069e-03
37899	487.93106409	758	5.58997050e-05	758.00000000	3.17343073e+15	3.30161611e+15	2.94128121e-03
37949	488.57403144	759	5.59734513e-05	759.00000000	3.17374188e+15	3.30192787e+15	2.94154106e-03
37999	489.21712197	760	5.60471976e-05	760.00000000	3.17405219e+15	3.30223879e+15	2.94180018e-03
38049	489.86290127	761	5.61209440e-05	761.00000000	3.17436166e+15	3.30254888e+15	2.94205861e-03
38099	490.50755160	762	5.61946903e-05	762.00000000	3.17467025e+15	3.30285807e+15	2.94231638e-03
38149	491.15216577	763	5.62684366e-05	763.00000000	3.17497799e+15	3.30316642e+15	2.94257335e-03
38199	491.79435446	764	5.63421829e-05	764.00000000	3.17528490e+15	3.30347392e+15	2.94282965e-03
38249	492.43922403	765	5.64159292e-05	765.00000000	3.17559098e+15	3.30378061e+15	2.94308527e-03
38299	493.08382108	766	5.64896755e-05	766.00000000	3.17589626e+15	3.30408648e+15	2.94334021e-03
38349	493.72733786	767	5.65634218e-05	767.00000000	3.17620074e+15	3.30439156e+15	2.94359452e-03
38399	494.37129386	768	5.66371681e-05	768.00000000	3.17650444e+15	3.30469585e+15	2.94384815e-03
38449	495.01401845	769	5.67109145e-05	769.00000000	3.17680736e+15	3.30499937e+15	2.94410111e-03
38499	495.65508715	770	5.67846608e-05	770.00000000	3.17710952e+15	3.30530212e+15	2.94435342e-03
38549	496.29831488	771	5.68584071e-05	771.00000000	3.17741093e+15	3.30560412e+15	2.94460508e-03
38599	496.94308012	772	5.69321534e-05	772.00000000	3.17771161e+15	3.30590538e+15	2.94485611e-03
38649	497.58877122	773	5.70058997e-05	773.00000000	3.17801155e+15	3.30620592e+15	2.94510651e-03
38699	498.23278616	774	5.70796460e-05	774.00000000	3.17831078e+15	3.30650573e+15	2.94535629e-03
38749	498.87601380	775	5.71533923e-05	775.00000000	3.17860928e+15	3.30680481e+15	2.94560547e-03
38799	499.52264527	776	5.72271386e-05	776.00000000	3.17890707e+15	3.30710318e+15	2.94585405e-03
38849	500.16428977	777	5.73008850e-05	777.00000000	3.17920414e+15	3.30740083e+15	2.94610203e-03
38899	500.81042032	778	5.73746313e-05	778.00000000	3.17950048e+15	3.30769776e+15	2.94634940e-03
38949	501.45298274	779	5.74483776e-05	779.00000000	3.17979611e+15	3.30799396e+15	2.94659616e-03
38999	502.09624860	780	5.75221239e-05	780.00000000	3.18009102e+15	3.30828945e+15	2.94684234e-03
39049	502.73854715	781	5.75958702e-05	781.00000000	3.18038522e+15	3.30858423e+15	2.94708794e-03
39099	503.37955159	782	5.76696165e-05	782.00000000	3.18067871e+15	3.30887829e+15	2.94733295e-03
39149	504.02159680	783	5.77433628e-05	783.00000000	3.18097149e+15	3.30917164e+15	2.94757736e-03
39199	504.66777953	784	5.78171091e-05	784.00000000	3.18126356e+15	3.30946428e+15	2.94782120e-03
39249	505.31200752	785	5.78908555e-05	785.00000000	3.18155490e+15	3.30975619e+15	2.94806445e-03
39299	505.95587394	786	5.79646018e-05	786.00000000	3.18184552e+15	3.31004738e+15	2.94830712e-03
39349	506.60023888	787	5.80383481e-05	787.00000000	3.18213541e+15	3.31033784e+15	2.94854920e-03
39399	507.24398086	788	5.81120944e-05	788.00000000	3.18242458e+15	3.31062757e+15	2.94879069e-03
39449	507.88514731	789	5.81858407e-05	789.00000000	3.18271302e+15	3.31091657e+15	2.94903160e-03
39499	508.52827731	790	5.82595870e-05	790.00000000	3.18300071e+15	3.31120482e+15	2.94927194e-03
39549	509.17064142	791	5.83333333e-05	791.00000000	3.18328762e+15	3.31149230e+15	2.94951168e-03
39599	509.81407797	792	5.84070796e-05	792.00000000	3.18357375e+15	3.31177899e+15	2.94975080e-03
39649	510.45610176	793	5.84808260e-05	793.00000000	3.18385911e+15	3.31206490e+15	2.94998927e-03
39699	511.09924805	794	5.85545723e-05	794.00000000	3.18414367e+15	3.31235003e+15	2.95022714e-03
39749	511.74088179	795	5.86283186e-05	795.00000000	3.18442745e+15	3.31263436e+15	2.95046437e-03
39799	512.38181634	796	5.87020649e-05	796.00000000	3.18471042e+15	3.31291789e+15	2.95070096e-03
39849	513.02320409	797	5.87758112e-05	797.00000000	3.18499260e+15	3.31320062e+15	2.95093689e-03
39899	513.66714407	798	5.88495575e-05	798.00000000	3.18527398e+15	3.31348256e+15	2.95117218e-03
39949	514.30908052	799	5.89233038e-05	799.00000000	3.18555458e+15	3.31376371e+15	2.95140680e-03
39999	514.95227740	800	5.89970501e-05	800.00000000	3.18583439e+15	3.31404407e+15	2.95164077e-03
40049	515.59678497	801	5.90707965e-05	801.00000000	3.18611341e+15	3.31432365e+15	2.95187409e-03
40099	516.24046784	802	5.91445428e-05	802.00000000	3.18639169e+15	3.31460247e+15	2.95210679e-03
40149	516.88282507	803	5.92182891e-05	803.00000000	3.18666922e+15	3.31488056e+15	2.95233889e-03
40199	517.52570882	804	5.92920354e-05	804.00000000	3.18694601e+15	3.31515789e+15	2.95257037e-03
40249	518.16864775	805	5.93657817e-05	805.00000000	3.18722206e+15	3.31543448e+15	2.95280122e-03
40299	518.81127342	806	5.94395280e-05	806.00000000	3.18749736e+15	3.31571033e+15	2.95303144e-03
40349	519.45422246	807	5.95132743e-05	807.00000000	3.18777193e+15	3.31598545e+15	2.95326104e-03
40399	520.09586002	808	5.95870206e-05	808.00000000	3.18804578e+15	3.31625983e+15	2.95349004e-03
40449	520.73751407	809	5.96607670e-05	809.00000000	3.18831890e+15	3.31653350e+15	2.95371844e-03
40499	521.38118527	810	5.97345133e-05	810.00000000	3.18859131e+15	3.31680644e+15	2.95394625e-03
40549	522.02230602	811	5.98082596e-05	811.00000000	3.18886298e+15	3.31707866e+15	2.95417347e-03
40599	522.66400262	812	5.98820059e-05	812.00000000	3.18913394e+15	3.31735015e+15	2.95440009e-03
40649	523.30830944	813	5.99557522e-05	813.00000000	3.18940418e+15	3.31762093e+15	2.95462612e-03
40699	523.95071390	814	6.00294985e-05	814.00000000	3.18967371e+15	3.31789099e+15	2.95485156e-03
40749	524.59363542	815	6.01032448e-05	815.00000000	3.18994252e+15	3.31816034e+15	2.95507643e-03
40799	525.23822135	816	6.01769912e-05	816.00000000	3.19021062e+15	3.31842897e+15	2.95530070e-03
40849	525.88219739	817	6.02507375e-05	817.00000000	3.19047800e+15	3.31869689e+15	2.95552437e-03
40899	526.52380573	818	6.03244838e-05	818.00000000	3.19074467e+15	3.31896409e+15	2.95574745e-03
40949	527.16745758	819	6.03982301e-05	819.00000000	3.19101062e+15	3.31923056e+15	2.95596995e-03
40999	527.81292230	820	6.04719764e-05	820.00000000	3.19127585e+15	3.31949632e+15	2.95619184e-03
41049	528.45844713	821	6.05457227e-05	821.00000000	3.19154036e+15	3.31976136e+15	2.95641313e-03
41099	529.10292821	822	6.06194690e-05	822.00000000	3.19180415e+15	3.32002567e+15	2.95663382e-03
41149	529.74528953	823	6.06932153e-05	823.00000000	3.19206722e+15	3.32028926e+15	2.95685391e-03
41199	530.39108433	824	6.07669617e-05	824.00000000	3.19232957e+15	3.32055213e+15	2.95707340e-03
41249	531.03468201	825	6.08407080e-05	825.00000000	3.19259112e+15	3.32081420e+15	2.95729208e-03
41299	531.67694022	826	6.09144543e-05	826.00000000	3.19285193e+15	3.32107553e+15	2.95751028e-03
41349	532.32009270	827	6.09882006e-05	827.00000000	3.19311200e+15	3.32133611e+15	2.95772790e-03
41399	532.96482067	828	6.10619469e-05	828.00000000	3.19337132e+15	3.32159595e+15	2.95794492e-03
41449	533.60735528	829	6.11356932e-05	829.00000000	3.19362991e+15	3.32185504e+15	2.95816131e-03
41499	534.24965599	830	6.12094395e-05	830.00000000	3.19388776e+15	3.32211339e+15	2.95837708e-03
41549	534.89144112	831	6.12831858e-05	831.00000000	3.19414486e+15	3.32237101e+15	2.95859224e-03
41599	535.53421567	832	6.13569322e-05	832.00000000	3.19440122e+15	3.32262787e+15	2.95880681e-03
41649	536.18016833	833	6.14306785e-05	833.00000000	3.19465685e+15	3.32288401e+15	2.95902078e-03
41699	536.82126441	834	6.15044248e-05	834.00000000	3.19491176e+15	3.32313941e+15	2.95923413e-03
41749	537.46328883	835	6.15781711e-05	835.00000000	3.19516593e+15	3.32339408e+15	2.95944688e-03
41799	538.10494023	836	6.16519174e-05	836.00000000	3.19541940e+15	3.32364805e+15	2.95965899e-03
41849	538.74855901	837	6.17256637e-05	837.00000000	3.19567212e+15	3.32390127e+15	2.95987058e-03
41899	539.39122427	838	6.17994100e-05	838.00000000	3.19592408e+15	3.32415373e+15	2.96008152e-03
41949	540.03461881	839	6.18731563e-05	839.00000000	3.19617529e+15	3.32440543e+15	2.96029183e-03
41999	540.67695068	840	6.19469027e-05	840.00000000	3.19642576e+15	3.32465639e+15	2.96050151e-03
42049	541.32289950	841	6.20206490e-05	841.00000000	3.19667548e+15	3.32490661e+15	2.96071056e-03
42099	541.96401569	842	6.20943953e-05	842.00000000	3.19692447e+15	3.32515609e+15	2.96091899e-03
42149	542.60650362	843	6.21681416e-05	843.00000000	3.19717271e+15	3.32540482e+15	2.96112682e-03
42199	543.24962085	844	6.22418879e-05	844.00000000	3.19742022e+15	3.32565282e+15	2.96133402e-03
42249	543.89144911	845	6.23156342e-05	845.00000000	3.19766700e+15	3.32590008e+15	2.96154064e-03
42299	544.53330901	846	6.23893805e-05	846.00000000	3.19791304e+15	3.32614661e+15	2.96174664e-03
42349	545.17510621	847	6.24631268e-05	847.00000000	3.19815839e+15	3.32639245e+15	2.96195203e-03
42399	545.81921673	848	6.25368732e-05	848.00000000	3.19840303e+15	3.32663757e+15	2.96215685e-03
42449	546.46372644	849	6.26106195e-05	849.00000000	3.19864697e+15	3.32688199e+15	2.96236108e-03
42499	547.10629629	850	6.26843658e-05	850.00000000	3.19889021e+15	3.32712571e+15	2.96256471e-03
42549	547.74852306	851	6.27581121e-05	851.00000000	3.19913275e+15	3.32736872e+15	2.96276776e-03
42599	548.39260915	852	6.28318584e-05	852.00000000	3.19937458e+15	3.32761103e+15	2.96297022e-03
42649	549.03909727	853	6.29056047e-05	853.00000000	3.19961567e+15	3.32785260e+15	2.96317217e-03
42699	549.68231638	854	6.29793510e-05	854.00000000	3.19985602e+15	3.32809342e+15	2.96337329e-03
42749	550.32396525	855	6.30530973e-05	855.00000000	3.20009565e+15	3.32833352e+15	2.96357386e-03
42799	550.96594276	856	6.31268437e-05	856.00000000	3.20033457e+15	3.32857291e+15	2.96377390e-03
42849	551.60935496	857	6.32005900e-05	857.00000000	3.20057278e+15	3.32881159e+15	2.96397335e-03
42899	552.25423953	858	6.32743363e-05	858.00000000	3.20081029e+15	3.32904957e+15	2.96417221e-03
42949	552.89580520	859	6.33480826e-05	859.00000000	3.20104712e+15	3.32928685e+15	2.96437049e-03
42999	553.54135106	860	6.34218289e-05	860.00000000	3.20128325e+15	3.32952345e+15	2.96456819e-03
43049	554.18694665	861	6.34955752e-05	861.00000000	3.20151870e+15	3.32975936e+15	2.96476531e-03
43099	554.83153991	862	6.35693215e-05	862.00000000	3.20175347e+15	3.32999459e+15	2.96496188e-03
43149	555.47208246	863	6.36430678e-05	863.00000000	3.20198758e+15	3.33022916e+15	2.96515789e-03
43199	556.11251843	864	6.37168142e-05	864.00000000	3.20222103e+15	3.33046307e+15	2.96535332e-03
43249	556.75447518	865	6.37905605e-05	865.00000000	3.20245384e+15	3.33069634e+15	2.96554820e-03
43299	557.39877264	866	6.38643068e-05	866.00000000	3.20268601e+15	3.33092896e+15	2.96574254e-03
43349	558.04154248	867	6.39380531e-05	867.00000000	3.20291754e+15	3.33116094e+15	2.96593638e-03
43399	558.68431099	868	6.40117994e-05	868.00000000	3.20314843e+15	3.33139229e+15	2.96612968e-03
43449	559.32484968	869	6.40855457e-05	869.00000000	3.20337869e+15	3.33162301e+15	2.96632245e-03
43499	559.96564984	870	6.41592920e-05	870.00000000	3.20360833e+15	3.33185309e+15	2.96651469e-03
43549	560.60725309	871	6.42330383e-05	871.00000000	3.20383733e+15	3.33208255e+15	2.96670640e-03
43599	561.25069490	872	6.43067847e-05	872.00000000	3.20406572e+15	3.33231138e+15	2.96689760e-03
43649	561.89531912	873	6.43805310e-05	873.00000000	3.20429349e+15	3.33253960e+15	2.96708827e-03
43699	562.53796220	874	6.44542773e-05	874.00000000	3.20452064e+15	3.33276720e+15	2.96727843e-03
43749	563.17983786	875	6.45280236e-05	875.00000000	3.20474719e+15	3.33299419e+15	2.96746807e-03
43799	563.82356409	876	6.46017699e-05	876.00000000	3.20497313e+15	3.33322058e+15	2.96765720e-03
43849	564.46477513	877	6.46755162e-05	877.00000000	3.20519847e+15	3.33344637e+15	2.96784584e-03
43899	565.10601754	878	6.47492625e-05	878.00000000	3.20542322e+15	3.33367157e+15	2.96803398e-03
43949	565.75045554	879	6.48230088e-05	879.00000000	3.20564738e+15	3.33389617e+15	2.96822162e-03
43999	566.39516935	880	6.48967552e-05	880.00000000	3.20587096e+15	3.33412018e+15	2.96840878e-03
44049	567.04128616	881	6.49705015e-05	881.00000000	3.20609396e+15	3.33434362e+15	2.96859544e-03
44099	567.68405067	882	6.50442478e-05	882.00000000	3.20631637e+15	3.33456648e+15	2.96878163e-03
44149	568.32664649	883	6.51179941e-05	883.00000000	3.20653822e+15	3.33478876e+15	2.96896735e-03
44199	568.97117280	884	6.51917404e-05	884.00000000	3.20675949e+15	3.33501047e+15	2.96915259e-03
44249	569.61309267	885	6.52654867e-05	885.00000000	3.20698019e+15	3.33523160e+15	2.96933736e-03
44299	570.25696807	886	6.53392330e-05	886.00000000	3.20720030e+15	3.33545215e+15	2.96952167e-03
44349	570.89927808	887	6.54129794e-05	887.00000000	3.20741982e+15	3.33567211e+15	2.96970549e-03
44399	571.54314548	888	6.54867257e-05	888.00000000	3.20763876e+15	3.33589147e+15	2.96988882e-03
44449	572.18608053	889	6.55604720e-05	889.00000000	3.20785711e+15	3.33611026e+15	2.97007166e-03
44499	572.82945373	890	6.56342183e-05	890.00000000	3.20807488e+15	3.33632846e+15	2.97025401e-03
44549	573.47056982	891	6.57079646e-05	891.00000000	3.20829208e+15	3.33654609e+15	2.97043587e-03
44599	574.11269201	892	6.57817109e-05	892.00000000	3.20850872e+15	3.33676315e+15	2.97061727e-03
44649	574.75359171	893	6.58554572e-05	893.00000000	3.20872478e+15	3.33697965e+15	2.97079820e-03
44699	575.39855948	894	6.59292035e-05	894.00000000	3.20894029e+15	3.33719558e+15	2.97097866e-03
44749	576.04171210	895	6.60029499e-05	895.00000000	3.20915525e+15	3.33741097e+15	2.97115866e-03
44799	576.68410662	896	6.60766962e-05	896.00000000	3.20936967e+15	3.33762581e+15	2.97133819e-03
44849	577.32713879	897	6.61504425e-05	897.00000000	3.20958354e+15	3.33784011e+15	2.97151727e-03
44899	577.97106493	898	6.62241888e-05	898.00000000	3.20979689e+15	3.33805387e+15	2.97169589e-03
44949	578.61616076	899	6.62979351e-05	899.00000000	3.21000971e+15	3.33826712e+15	2.97187407e-03
44999	579.26102780	900	6.63716814e-05	900.00000000	3.21022202e+15	3.33847984e+15	2.97205182e-03
45049	579.90703679	901	6.64454277e-05	901.00000000	3.21043381e+15	3.33869205e+15	2.97222913e-03
45099	580.54983437	902	6.65191740e-05	902.00000000	3.21064508e+15	3.33890374e+15	2.97240600e-03
45149	581.19377502	903	6.65929204e-05	903.00000000	3.21085585e+15	3.33911493e+15	2.97258246e-03
45199	581.83515007	904	6.66666667e-05	904.00000000	3.21106611e+15	3.33932560e+15	2.97275849e-03
45249	582.47839319	905	6.67404130e-05	905.00000000	3.21127586e+15	3.33953578e+15	2.97293409e-03
45299	583.12018875	906	6.68141593e-05	906.00000000	3.21148512e+15	3.33974545e+15	2.97310927e-03
45349	583.76380172	907	6.68879056e-05	907.00000000	3.21169388e+15	3.33995463e+15	2.97328403e-03
45399	584.40467377	908	6.69616519e-05	908.00000000	3.21190216e+15	3.34016331e+15	2.97345838e-03
45449	585.04674748	909	6.70353982e-05	909.00000000	3.21210993e+15	3.34037150e+15	2.97363233e-03
45499	585.69004551	910	6.71091445e-05	910.00000000	3.21231722e+15	3.34057920e+15	2.97380586e-03
45549	586.33331182	911	6.71828909e-05	911.00000000	3.21252401e+15	3.34078640e+15	2.97397897e-03
45599	586.97633405	912	6.72566372e-05	912.00000000	3.21273032e+15	3.34099312e+15	2.97415167e-03
45649	587.62219115	913	6.73303835e-05	913.00000000	3.21293614e+15	3.34119935e+15	2.97432396e-03
45699	588.26425353	914	6.74041298e-05	914.00000000	3.21314148e+15	3.34140510e+15	2.97449584e-03
45749	588.91001848	915	6.74778761e-05	915.00000000	3.21334635e+15	3.34161037e+15	2.97466731e-03
45799	589.55235361	916	6.75516224e-05	916.00000000	3.21355073e+15	3.34181517e+15	2.97483839e-03
45849	590.19597591	917	6.76253687e-05	917.00000000	3.21375465e+15	3.34201949e+15	2.97500908e-03
45899	590.83798570	918	6.76991150e-05	918.00000000	3.21395810e+15	3.34222334e+15	2.97517938e-03
45949	591.47904642	919	6.77728614e-05	919.00000000	3.21416107e+15	3.34242672e+15	2.97534928e-03
45999	592.12214405	920	6.78466077e-05	920.00000000	3.21436359e+15	3.34262964e+15	2.97551878e-03
46049	592.76579028	921	6.79203540e-05	921.00000000	3.21456564e+15	3.34283210e+15	2.97568790e-03
46099	593.40875363	922	6.79941003e-05	922.00000000	3.21476725e+15	3.34303411e+15	2.97585664e-03
46149	594.05225424	923	6.80678466e-05	923.00000000	3.21496843e+15	3.34323569e+15	2.97602502e-03
46199	594.69438356	924	6.81415929e-05	924.00000000	3.21516916e+15	3.34343683e+15	2.97619305e-03
46249	595.33667362	925	6.82153392e-05	925.00000000	3.21536945e+15	3.34363752e+15	2.97636071e-03
46299	595.98123892	926	6.82890855e-05	926.00000000	3.21556931e+15	3.34383778e+15	2.97652800e-03
46349	596.62209086	927	6.83628319e-05	927.00000000	3.21576873e+15	3.34403760e+15	2.97669493e-03
46399	597.26326453	928	6.84365782e-05	928.00000000	3.21596772e+15	3.34423699e+15	2.97686149e-03
46449	597.90473228	929	6.85103245e-05	929.00000000	3.21616628e+15	3.34443594e+15	2.97702768e-03
46499	598.54708494	930	6.85840708e-05	930.00000000	3.21636440e+15	3.34463447e+15	2.97719352e-03
46549	599.18822439	931	6.86578171e-05	931.00000000	3.21656209e+15	3.34483255e+15	2.97735900e-03
46599	599.82961359	932	6.87315634e-05	932.00000000	3.21675935e+15	3.34503021e+15	2.97752413e-03
46649	600.47376764	933	6.88053097e-05	933.00000000	3.21695618e+15	3.34522744e+15	2.97768890e-03
46699	601.11607595	934	6.88790560e-05	934.00000000	3.21715258e+15	3.34542423e+15	2.97785332e-03
46749	601.76007787	935	6.89528024e-05	935.00000000	3.21734855e+15	3.34562060e+15	2.97801738e-03
46799	602.40468919	936	6.90265487e-05	936.00000000	3.21754410e+15	3.34581654e+15	2.97818108e-03
46849	603.04745907	937	6.91002950e-05	937.00000000	3.21773921e+15	3.34601204e+15	2.97834442e-03
46899	603.68904314	938	6.91740413e-05	938.00000000	3.21793387e+15	3.34620710e+15	2.97850740e-03
46949	604.32989297	939	6.92477876e-05	939.00000000	3.21812810e+15	3.34640173e+15	2.97867001e-03
46999	604.97449670	940	6.93215339e-05	940.00000000	3.21832189e+15	3.34659591e+15	2.97883227e-03
47049	605.61870794	941	6.93952802e-05	941.00000000	3.21851524e+15	3.34678964e+15	2.97899416e-03
47099	606.26270217	942	6.94690265e-05	942.00000000	3.21870814e+15	3.34698294e+15	2.97915568e-03
47149	606.90464232	943	6.95427729e-05	943.00000000	3.21890060e+15	3.34717578e+15	2.97931684e-03
47199	607.54700712	944	6.96165192e-05	944.00000000	3.21909261e+15	3.34736818e+15	2.97947763e-03
47249	608.18871295	945	6.96902655e-05	945.00000000	3.21928413e+15	3.34756013e+15	2.97963798e-03
47299	608.83199110	946	6.97640118e-05	946.00000000	3.21947521e+15	3.34775161e+15	2.97979798e-03
47349	609.47725454	947	6.98377581e-05	947.00000000	3.21966584e+15	3.34794262e+15	2.97995763e-03
47399	610.12039683	948	6.99115044e-05	948.00000000	3.21985601e+15	3.34813317e+15	2.98011691e-03
47449	610.76315891	949	6.99852507e-05	949.00000000	3.22004572e+15	3.34832328e+15	2.98027581e-03
47499	611.40520866	950	7.00589971e-05	950.00000000	3.22023499e+15	3.34851293e+15	2.98043433e-03
47549	612.04766196	951	7.01327434e-05	951.00000000	3.22042382e+15	3.34870214e+15	2.98059248e-03
47599	612.68947712	952	7.02064897e-05	952.00000000	3.22061222e+15	3.34889092e+15	2.98075006e-03
47649	613.33130517	953	7.02802360e-05	953.00000000	3.22080019e+15	3.34907928e+15	2.98090754e-03
47699	613.97334817	954	7.03539823e-05	954.00000000	3.22098772e+15	3.34926719e+15	2.98106462e-03
47749	614.61407977	955	7.04277286e-05	955.00000000	3.22117480e+15	3.34945465e+15	2.98122132e-03
47799	615.25709255	956	7.05014749e-05	956.00000000	3.22136143e+15	3.34964166e+15	2.98137765e-03
47849	615.89869230	957	7.05752212e-05	957.00000000	3.22154761e+15	3.34982822e+15	2.98153361e-03
47899	616.54028777	958	7.06489676e-05	958.00000000	3.22173334e+15	3.35001433e+15	2.98168920e-03
47949	617.18411628	959	7.07227139e-05	959.00000000	3.22191861e+15	3.35019998e+15	2.98184443e-03
47999	617.82922491	960	7.07964602e-05	960.00000000	3.22210343e+15	3.35038518e+15	2.98199928e-03
48049	618.47257054	961	7.08702065e-05	961.00000000	3.22228778e+15	3.35056991e+15	2.98215376e-03
48099	619.11676481	962	7.09439528e-05	962.00000000	3.22247167e+15	3.35075417e+15	2.98230784e-03
48149	619.75965390	963	7.10176991e-05	963.00000000	3.22265509e+15	3.35093797e+15	2.98246154e-03
48199	620.40435581	964	7.10914454e-05	964.00000000	3.22283805e+15	3.35112131e+15	2.98261485e-03
48249	621.04860702	965	7.11651917e-05	965.00000000	3.22302054e+15	3.35130417e+15	2.98276778e-03
48299	621.68990023	966	7.12389381e-05	966.00000000	3.22320257e+15	3.35148658e+15	2.98292031e-03
48349	622.33322244	967	7.13126844e-05	967.00000000	3.22338413e+15	3.35166852e+15	2.98307247e-03
48399	622.97557004	968	7.13864307e-05	968.00000000	3.22356522e+15	3.35184998e+15	2.98322423e-03
48449	623.61861680	969	7.14601770e-05	969.00000000	3.22374584e+15	3.35203098e+15	2.98337560e-03
48499	624.26149777	970	7.15339233e-05	970.00000000	3.22392601e+15	3.35221152e+15	2.98352658e-03
48549	624.90712058	971	7.16076696e-05	971.00000000	3.22410570e+15	3.35239159e+15	2.98367717e-03
48599	625.54918161	972	7.16814159e-05	972.00000000	3.22428494e+15	3.35257120e+15	2.98382737e-03
48649	626.19235345	973	7.17551622e-05	973.00000000	3.22446372e+15	3.35275036e+15	2.98397718e-03
48699	626.83512821	974	7.18289086e-05	974.00000000	3.22464205e+15	3.35292905e+15	2.98412661e-03
48749	627.47576292	975	7.19026549e-05	975.00000000	3.22481991e+15	3.35310728e+15	2.98427567e-03
48799	628.11661936	976	7.19764012e-05	976.00000000	3.22499731e+15	3.35328506e+15	2.98442434e-03
48849	628.75768400	977	7.20501475e-05	977.00000000	3.22517426e+15	3.35346237e+15	2.98457262e-03
48899	629.40000667	978	7.21238938e-05	978.00000000	3.22535075e+15	3.35363923e+15	2.98472052e-03
48949	630.04422882	979	7.21976401e-05	979.00000000	3.22552680e+15	3.35381565e+15	2.98486800e-03
48999	630.68745644	980	7.22713864e-05	980.00000000	3.22570240e+15	3.35399162e+15	2.98501516e-03
49049	631.33408150	981	7.23451327e-05	981.00000000	3.22587755e+15	3.35416715e+15	2.98516195e-03
49099	631.97862596	982	7.24188791e-05	982.00000000	3.22605226e+15	3.35434222e+15	2.98530836e-03
49149	632.62062672	983	7.24926254e-05	983.00000000	3.22622652e+15	3.35451685e+15	2.98545439e-03
49199	633.26308610	984	7.25663717e-05	984.00000000	3.22640031e+15	3.35469101e+15	2.98560006e-03
49249	633.90397777	985	7.26401180e-05	985.00000000	3.22657364e+15	3.35486469e+15	2.98574536e-03
49299	634.54555898	986	7.27138643e-05	986.00000000	3.22674649e+15	3.35503791e+15	2.98589027e-03
49349	635.18786785	987	7.27876106e-05	987.00000000	3.22691892e+15	3.35521065e+15	2.98603483e-03
49399	635.83106658	988	7.28613569e-05	988.00000000	3.22709086e+15	3.35538293e+15	2.98617902e-03
49449	636.47369674	989	7.29351032e-05	989.00000000	3.22726231e+15	3.35555474e+15	2.98632277e-03
49499	637.11557338	990	7.30088496e-05	990.00000000	3.22743328e+15	3.35572607e+15	2.98646611e-03
49549	637.75733303	991	7.30825959e-05	991.00000000	3.22760376e+15	3.35589691e+15	2.98660904e-03
49599	638.39774398	992	7.31563422e-05	992.00000000	3.22777375e+15	3.35606726e+15	2.98675157e-03
49649	639.03973930	993	7.32300885e-05	993.00000000	3.22794325e+15	3.35623712e+15	2.98689369e-03
49699	639.68249983	994	7.33038348e-05	994.00000000	3.22811224e+15	3.35640647e+15	2.98703538e-03
49749	640.32710907	995	7.33775811e-05	995.00000000	3.22828073e+15	3.35657531e+15	2.98717666e-03
49799	640.96882054	996	7.34513274e-05	996.00000000	3.22844871e+15	3.35674365e+15	2.98731754e-03
49849	641.61217305	997	7.35250737e-05	997.00000000	3.22861617e+15	3.35691147e+15	2.98745800e-03
49899	642.25520475	998	7.35988201e-05	998.00000000	3.22878312e+15	3.35707878e+15	2.98759805e-03
49949	642.90000048	999	7.36725664e-05	999.00000000	3.22894956e+15	3.35724556e+15	2.98773766e-03
49999	643.54271249	1000	7.37463127e-05	1000.00000000	3.22911547e+15	3.35741183e+15	2.98787683e-03
50049	644.18766780	1001	7.38200590e-05	1001.00000000	3.22928086e+15	3.35757757e+15	2.98801556e-03
50099	644.83186278	1002	7.38938053e-05	1002.00000000	3.22944574e+15	3.35774280e+15	2.98815386e-03
50149	645.47643589	1003	7.39675516e-05	1003.00000000	3.22961010e+15	3.35790751e+15	2.98829172e-03
50199	646.11955682	1004	7.40412979e-05	1004.00000000	3.22977394e+15	3.35807171e+15	2.98842915e-03
50249	646.76247650	1005	7.41150442e-05	1005.00000000	3.22993726e+15	3.35823537e+15	2.98856615e-03
50299	647.40599640	1006	7.41887906e-05	1006.00000000	3.23010004e+15	3.35839850e+15	2.98870272e-03
50349	648.05016303	1007	7.42625369e-05	1007.00000000	3.23026230e+15	3.35856111e+15	2.98883884e-03
50399	648.69289339	1008	7.43362832e-05	1008.00000000	3.23042403e+15	3.35872319e+15	2.98897452e-03
50449	649.33599726	1009	7.44100295e-05	1009.00000000	3.23058524e+15	3.35888474e+15	2.98910975e-03
50499	649.97764208	1010	7.44837758e-05	1010.00000000	3.23074592e+15	3.35904577e+15	2.98924455e-03
50549	650.61886137	1011	7.45575221e-05	1011.00000000	3.23090608e+15	3.35920627e+15	2.98937892e-03
50599	651.26273925	1012	7.46312684e-05	1012.00000000	3.23106572e+15	3.35936625e+15	2.98951286e-03
50649	651.90695435	1013	7.47050147e-05	1013.00000000	3.23122483e+15	3.35952570e+15	2.98964637e-03
50699	652.54885262	1014	7.47787611e-05	1014.00000000	3.23138343e+15	3.35968464e+15	2.98977944e-03
50749	653.19235242	1015	7.48525074e-05	1015.00000000	3.23154151e+15	3.35984306e+15	2.98991208e-03
50799	653.83498137	1016	7.49262537e-05	1016.00000000	3.23169906e+15	3.36000095e+15	2.99004429e-03
50849	654.47735346	1017	7.50000000e-05	1017.00000000	3.23185609e+15	3.36015832e+15	2.99017606e-03
50899	655.12072352	1018	7.50737463e-05	1018.00000000	3.23201259e+15	3.36031516e+15	2.99030739e-03
50949	655.76309451	1019	7.51474926e-05	1019.00000000	3.23216857e+15	3.36047148e+15	2.99043829e-03
50999	656.40599709	1020	7.52212389e-05	1020.00000000	3.23232403e+15	3.36062727e+15	2.99056875e-03
51049	657.05021877	1021	7.52949853e-05	1021.00000000	3.23247896e+15	3.36078253e+15	2.99069877e-03
51099	657.69376849	1022	7.53687316e-05	1022.00000000	3.23263336e+15	3.36093726e+15	2.99082837e-03
51149	658.33618680	1023	7.54424779e-05	1023.00000000	3.23278722e+15	3.36109146e+15	2.99095751e-03
51199	658.98196204	1024	7.55162242e-05	1024.00000000	3.23294057e+15	3.36124514e+15	2.99108622e-03
51249	659.62472167	1025	7.55899705e-05	1025.00000000	3.23309338e+15	3.36139828e+15	2.99121449e-03
51299	660.26618723	1026	7.56637168e-05	1026.00000000	3.23324567e+15	3.36155090e+15	2.99134233e-03
51349	660.90763557	1027	7.57374631e-05	1027.00000000	3.23339743e+15	3.36170299e+15	2.99146972e-03
51399	661.55235754	1028	7.58112094e-05	1028.00000000	3.23354867e+15	3.36185456e+15	2.99159667e-03
51449	662.19613454	1029	7.58849558e-05	1029.00000000	3.23369939e+15	3.36200561e+15	2.99172319e-03
51499	662.83973147	1030	7.59587021e-05	1030.00000000	3.23384960e+15	3.36215614e+15	2.99184928e-03
51549	663.48475416	1031	7.60324484e-05	1031.00000000	3.23399929e+15	3.36230616e+15	2.99197493e-03
51599	664.12809444	1032	7.61061947e-05	1032.00000000	3.23414847e+15	3.36245567e+15	2.99210014e-03
51649	664.77188993	1033	7.61799410e-05	1033.00000000	3.23429715e+15	3.36260467e+15	2.99222494e-03
51699	665.41313938	1034	7.62536873e-05	1034.00000000	3.23444532e+15	3.36275316e+15	2.99234931e-03
51749	666.05444163	1035	7.63274336e-05	1035.00000000	3.23459297e+15	3.36290114e+15	2.99247325e-03
51799	666.69763342	1036	7.64011799e-05	1036.00000000	3.23474013e+15	3.36304861e+15	2.99259677e-03
51849	667.34119709	1037	7.64749263e-05	1037.00000000	3.23488678e+15	3.36319558e+15	2.99271986e-03
51899	667.98503746	1038	7.65486726e-05	1038.00000000	3.23503293e+15	3.36334205e+15	2.99284253e-03
51949	668.62731112	1039	7.66224189e-05	1039.00000000	3.23517858e+15	3.36348802e+15	2.99296479e-03
51999	669.26944502	1040	7.66961652e-05	1040.00000000	3.23532374e+15	3.36363350e+15	2.99308662e-03
52049	669.91205210	1041	7.67699115e-05	1041.00000000	3.23546839e+15	3.36377847e+15	2.99320804e-03
52099	670.55481663	1042	7.68436578e-05	1042.00000000	3.23561256e+15	3.36392295e+15	2.99332903e-03
52149	671.19917461	1043	7.69174041e-05	1043.00000000	3.23575623e+15	3.36406693e+15	2.99344962e-03
52199	671.84190862	1044	7.69911504e-05	1044.00000000	3.23589940e+15	3.36421042e+15	2.99356980e-03
52249	672.48585515	1045	7.70648968e-05	1045.00000000	3.23604207e+15	3.36435340e+15	2.99368956e-03
52299	673.13116172	1046	7.71386431e-05	1046.00000000	3.23618423e+15	3.36449588e+15	2.99380890e-03
52349	673.77196760	1047	7.72123894e-05	1047.00000000	3.23632590e+15	3.36463785e+15	2.99392782e-03
52399	674.41687878	1048	7.72861357e-05	1048.00000000	3.23646707e+15	3.36477933e+15	2.99404633e-03
52449	675.06035975	1049	7.73598820e-05	1049.00000000	3.23660775e+15	3.36492032e+15	2.99416442e-03
52499	675.70179254	1050	7.74336283e-05	1050.00000000	3.23674792e+15	3.36506081e+15	2.99428211e-03
52549	676.34250981	1051	7.75073746e-05	1051.00000000	3.23688761e+15	3.36520080e+15	2.99439938e-03
52599	676.98665091	1052	7.75811209e-05	1052.00000000	3.23702680e+15	3.36534030e+15	2.99451623e-03
52649	677.63000965	1053	7.76548673e-05	1053.00000000	3.23716551e+15	3.36547931e+15	2.99463267e-03
52699	678.27471262	1054	7.77286136e-05	1054.00000000	3.23730373e+15	3.36561783e+15	2.99474869e-03
52749	678.91810758	1055	7.78023599e-05	1055.00000000	3.23744147e+15	3.36575587e+15	2.99486432e-03
52799	679.56224945	1056	7.78761062e-05	1056.00000000	3.23757873e+15	3.36589344e+15	2.99497955e-03
52849	680.20518133	1057	7.79498525e-05	1057.00000000	3.23771551e+15	3.36603052e+15	2.99509438e-03
52899	680.84910617	1058	7.80235988e-05	1058.00000000	3.23785182e+15	3.36616713e+15	2.99520881e-03
52949	681.49242551	1059	7.80973451e-05	1059.00000000	3.23798764e+15	3.36630325e+15	2.99532286e-03
52999	682.13358470	1060	7.81710914e-05	1060.00000000	3.23812298e+15	3.36643890e+15	2.99543649e-03
53049	682.77706284	1061	7.82448378e-05	1061.00000000	3.23825786e+15	3.36657407e+15	2.99554972e-03
53099	683.41890017	1062	7.83185841e-05	1062.00000000	3.23839227e+15	3.36670878e+15	2.99566256e-03
53149	684.06035957	1063	7.83923304e-05	1063.00000000	3.23852622e+15	3.36684303e+15	2.99577500e-03
53199	684.70311226	1064	7.84660767e-05	1064.00000000	3.23865971e+15	3.36697681e+15	2.99588706e-03
53249	685.34472178	1065	7.85398230e-05	1065.00000000	3.23879274e+15	3.36711013e+15	2.99599874e-03
53299	685.98714527	1066	7.86135693e-05	1066.00000000	3.23892531e+15	3.36724300e+15	2.99611003e-03
53349	686.63252269	1067	7.86873156e-05	1067.00000000	3.23905743e+15	3.36737542e+15	2.99622095e-03
53399	687.27393563	1068	7.87610619e-05	1068.00000000	3.23918910e+15	3.36750738e+15	2.99633149e-03
53449	687.91850009	1069	7.88348083e-05	1069.00000000	3.23932033e+15	3.36763889e+15	2.99644165e-03
53499	688.56223369	1070	7.89085546e-05	1070.00000000	3.23945111e+15	3.36776996e+15	2.99655144e-03
53549	689.20318651	1071	7.89823009e-05	1071.00000000	3.23958145e+15	3.36790059e+15	2.99666086e-03
53599	689.84442317	1072	7.90560472e-05	1072.00000000	3.23971135e+15	3.36803078e+15	2.99676991e-03
53649	690.48769766	1073	7.91297935e-05	1073.00000000	3.23984081e+15	3.36816053e+15	2.99687860e-03
53699	691.13058453	1074	7.92035398e-05	1074.00000000	3.23996983e+15	3.36828984e+15	2.99698692e-03
53749	691.77159565	1075	7.92772861e-05	1075.00000000	3.24009841e+15	3.36841870e+15	2.99709488e-03
53799	692.41230445	1076	7.93510324e-05	1076.00000000	3.24022653e+15	3.36854711e+15	2.99720246e-03
53849	693.05473362	1077	7.94247788e-05	1077.00000000	3.24035421e+15	3.36867507e+15	2.99730966e-03
53899	693.69673866	1078	7.94985251e-05	1078.00000000	3.24048144e+15	3.36880259e+15	2.99741649e-03
53949	694.33817159	1079	7.95722714e-05	1079.00000000	3.24060824e+15	3.36892967e+15	2.99752295e-03
53999	694.98146844	1080	7.96460177e-05	1080.00000000	3.24073459e+15	3.36905630e+15	2.99762904e-03
54049	695.62426113	1081	7.97197640e-05	1081.00000000	3.24086050e+15	3.36918250e+15	2.99773476e-03
54099	696.26831541	1082	7.97935103e-05	1082.00000000	3.24098598e+15	3.36930825e+15	2.99784010e-03
54149	696.90961348	1083	7.98672566e-05	1083.00000000	3.24111101e+15	3.36943357e+15	2.99794509e-03
54199	697.55059359	1084	7.99410029e-05	1084.00000000	3.24123562e+15	3.36955845e+15	2.99804970e-03
54249	698.19228507	1085	8.00147493e-05	1085.00000000	3.24135979e+15	3.36968291e+15	2.99815396e-03
54299	698.83728202	1086	8.00884956e-05	1086.00000000	3.24148354e+15	3.36980693e+15	2.99825785e-03
54349	699.47897474	1087	8.01622419e-05	1087.00000000	3.24160685e+15	3.36993052e+15	2.99836140e-03
54399	700.12056880	1088	8.02359882e-05	1088.00000000	3.24172973e+15	3.37005368e+15	2.99846458e-03
54449	700.76256655	1089	8.03097345e-05	1089.00000000	3.24185219e+15	3.37017641e+15	2.99856740e-03
54499	701.40696531	1090	8.03834808e-05	1090.00000000	3.24197422e+15	3.37029871e+15	2.99866986e-03
54549	702.05157865	1091	8.04572271e-05	1091.00000000	3.24209583e+15	3.37042060e+15	2.99877196e-03
54599	702.69569959	1092	8.05309735e-05	1092.00000000	3.24221702e+15	3.37054206e+15	2.99887371e-03
54649	703.33871714	1093	8.06047198e-05	1093.00000000	3.24233779e+15	3.37066310e+15	2.99897511e-03
54699	703.98249547	1094	8.06784661e-05	1094.00000000	3.24245815e+15	3.37078373e+15	2.99907616e-03
54749	704.62720446	1095	8.07522124e-05	1095.00000000	3.24257810e+15	3.37090395e+15	2.99917686e-03
54799	705.26726839	1096	8.08259587e-05	1096.00000000	3.24269763e+15	3.37102375e+15	2.99927721e-03
54849	705.90947607	1097	8.08997050e-05	1097.00000000	3.24281676e+15	3.37114315e+15	2.99937723e-03
54899	706.55201044	1098	8.09734513e-05	1098.00000000	3.24293548e+15	3.37126213e+15	2.99947690e-03
54949	707.19693942	1099	8.10471976e-05	1099.00000000	3.24305379e+15	3.37138072e+15	2.99957623e-03
54999	707.83834147	1100	8.11209440e-05	1100.00000000	3.24317170e+15	3.37149890e+15	2.99967523e-03
55049	708.48225721	1101	8.11946903e-05	1101.00000000	3.24328922e+15	3.37161668e+15	2.99977389e-03
55099	709.12515537	1102	8.12684366e-05	1102.00000000	3.24340634e+15	3.37173406e+15	2.99987222e-03
55149	709.76710691	1103	8.13421829e-05	1103.00000000	3.24352307e+15	3.37185105e+15	2.99997022e-03
55199	710.41121578	1104	8.14159292e-05	1104.00000000	3.24363941e+15	3.37196766e+15	3.00006788e-03
55249	711.05319278	1105	8.14896755e-05	1105.00000000	3.24375537e+15	3.37208388e+15	3.00016521e-03
55299	711.69618803	1106	8.15634218e-05	1106.00000000	3.24387094e+15	3.37219972e+15	3.00026223e-03
55349	712.34001058	1107	8.16371681e-05	1107.00000000	3.24398614e+15	3.37231518e+15	3.00035892e-03
55399	712.98117864	1108	8.17109145e-05	1108.00000000	3.24410097e+15	3.37243027e+15	3.00045530e-03
55449	713.62466756	1109	8.17846608e-05	1109.00000000	3.24421543e+15	3.37254498e+15	3.00055136e-03
55499	714.26831289	1110	8.18584071e-05	1110.00000000	3.24432952e+15	3.37265933e+15	3.00064711e-03
55549	714.90968356	1111	8.19321534e-05	1111.00000000	3.24444324e+15	3.37277331e+15	3.00074255e-03
55599	715.55291278	1112	8.20058997e-05	1112.00000000	3.24455661e+15	3.37288694e+15	3.00083769e-03
55649	716.19726996	1113	8.20796460e-05	1113.00000000	3.24466962e+15	3.37300020e+15	3.00093254e-03
55699	716.83919568	1114	8.21533923e-05	1114.00000000	3.24478228e+15	3.37311312e+15	3.00102709e-03
55749	717.48017006	1115	8.22271386e-05	1115.00000000	3.24489458e+15	3.37322568e+15	3.00112134e-03
55799	718.12371877	1116	8.23008850e-05	1116.00000000	3.24500654e+15	3.37333788e+15	3.00121529e-03
55849	718.76804575	1117	8.23746313e-05	1117.00000000	3.24511813e+15	3.37344973e+15	3.00130895e-03
55899	719.40988547	1118	8.24483776e-05	1118.00000000	3.24522938e+15	3.37356123e+15	3.00140231e-03
55949	720.05081161	1119	8.25221239e-05	1119.00000000	3.24534027e+15	3.37367237e+15	3.00149537e-03
55999	720.69544502	1120	8.25958702e-05	1120.00000000	3.24545082e+15	3.37378317e+15	3.00158813e-03
56049	721.34047929	1121	8.26696165e-05	1121.00000000	3.24556101e+15	3.37389362e+15	3.00168061e-03
56099	721.98208101	1122	8.27433628e-05	1122.00000000	3.24567087e+15	3.37400372e+15	3.00177279e-03
56149	722.62693511	1123	8.28171091e-05	1123.00000000	3.24578038e+15	3.37411347e+15	3.00186469e-03
56199	723.27110308	1124	8.28908555e-05	1124.00000000	3.24588954e+15	3.37422288e+15	3.00195630e-03
56249	723.91634752	1125	8.29646018e-05	1125.00000000	3.24599835e+15	3.37433195e+15	3.00204763e-03
56299	724.55784769	1126	8.30383481e-05	1126.00000000	3.24610683e+15	3.37444066e+15	3.00213867e-03
56349	725.19805525	1127	8.31120944e-05	1127.00000000	3.24621496e+15	3.37454904e+15	3.00222942e-03
56399	725.83993747	1128	8.31858407e-05	1128.00000000	3.24632275e+15	3.37465707e+15	3.00231988e-03
56449	726.48522304	1129	8.32595870e-05	1129.00000000	3.24643020e+15	3.37476477e+15	3.00241006e-03
56499	727.12973288	1130	8.33333333e-05	1130.00000000	3.24653731e+15	3.37487212e+15	3.00249995e-03
56549	727.77344062	1131	8.34070796e-05	1131.00000000	3.24664409e+15	3.37497914e+15	3.00258955e-03
56599	728.41752739	1132	8.34808260e-05	1132.00000000	3.24675053e+15	3.37508582e+15	3.00267888e-03
56649	729.06104878	1133	8.35545723e-05	1133.00000000	3.24685663e+15	3.37519217e+15	3.00276793e-03
56699	729.70327465	1134	8.36283186e-05	1134.00000000	3.24696239e+15	3.37529817e+15	3.00285670e-03
56749	730.34531783	1135	8.37020649e-05	1135.00000000	3.24706782e+15	3.37540383e+15	3.00294519e-03
56799	730.98684931	1136	8.37758112e-05	1136.00000000	3.24717290e+15	3.37550916e+15	3.00303339e-03
56849	731.62786068	1137	8.38495575e-05	1137.00000000	3.24727765e+15	3.37561414e+15	3.00312132e-03
56899	732.27043296	1138	8.39233038e-05	1138.00000000	3.24738207e+15	3.37571880e+15	3.00320897e-03
56949	732.91259463	1139	8.39970501e-05	1139.00000000	3.24748615e+15	3.37582312e+15	3.00329634e-03
56999	733.55785235	1140	8.40707965e-05	1140.00000000	3.24758990e+15	3.37592710e+15	3.00338355e-03
57049	734.20152692	1141	8.41445428e-05	1141.00000000	3.24769329e+15	3.37603072e+15	3.00347031e-03
57099	734.84302575	1142	8.42182891e-05	1142.00000000	3.24779633e+15	3.37613399e+15	3.00355679e-03
57149	735.48524858	1143	8.42920354e-05	1143.00000000	3.24789904e+15	3.37623693e+15	3.00364300e-03
57199	736.13122333	1144	8.43657817e-05	1144.00000000	3.24800141e+15	3.37633953e+15	3.00372894e-03
57249	736.77562123	1145	8.44395280e-05	1145.00000000	3.24810345e+15	3.37644180e+15	3.00381460e-03
57299	737.41888431	1146	8.45132743e-05	1146.00000000	3.24820517e+15	3.37654375e+15	3.00389998e-03
57349	738.06188510	1147	8.45870206e-05	1147.00000000	3.24830656e+15	3.37664537e+15	3.00398509e-03
57399	738.70445400	1148	8.46607670e-05	1148.00000000	3.24840763e+15	3.37674667e+15	3.00406994e-03
57449	739.34640069	1149	8.47345133e-05	1149.00000000	3.24850838e+15	3.37684764e+15	3.00415452e-03
57499	739.99073556	1150	8.48082596e-05	1150.00000000	3.24860881e+15	3.37694830e+15	3.00423883e-03
57549	740.63360634	1151	8.48820059e-05	1151.00000000	3.24870892e+15	3.37704864e+15	3.00432287e-03
57599	741.27791264	1152	8.49557522e-05	1152.00000000	3.24880872e+15	3.37714866e+15	3.00440666e-03
57649	741.92052168	1153	8.50294985e-05	1153.00000000	3.24890820e+15	3.37724836e+15	3.00449018e-03
57699	742.56236184	1154	8.51032448e-05	1154.00000000	3.24900737e+15	3.37734775e+15	3.00457343e-03
57749	743.20632314	1155	8.51769912e-05	1155.00000000	3.24910622e+15	3.37744682e+15	3.00465643e-03
57799	743.84765388	1156	8.52507375e-05	1156.00000000	3.24920476e+15	3.37754558e+15	3.00473916e-03
57849	744.49054851	1157	8.53244838e-05	1157.00000000	3.24930300e+15	3.37764404e+15	3.00482163e-03
57899	745.13446535	1158	8.53982301e-05	1158.00000000	3.24940093e+15	3.37774219e+15	3.00490384e-03
57949	745.77825800	1159	8.54719764e-05	1159.00000000	3.24949855e+15	3.37784003e+15	3.00498579e-03
57999	746.42060130	1160	8.55457227e-05	1160.00000000	3.24959586e+15	3.37793756e+15	3.00506749e-03
58049	747.06242852	1161	8.56194690e-05	1161.00000000	3.24969286e+15	3.37803478e+15	3.00514892e-03
58099	747.70499250	1162	8.56932153e-05	1162.00000000	3.24978956e+15	3.37813169e+15	3.00523010e-03
58149	748.34784272	1163	8.57669617e-05	1163.00000000	3.24988596e+15	3.37822831e+15	3.00531103e-03
58199	748.98987911	1164	8.58407080e-05	1164.00000000	3.24998206e+15	3.37832462e+15	3.00539170e-03
58249	749.63203192	1165	8.59144543e-05	1165.00000000	3.25007786e+15	3.37842064e+15	3.00547212e-03
58299	750.27419895	1166	8.59882006e-05	1166.00000000	3.25017337e+15	3.37851636e+15	3.00555229e-03
58349	750.91503576	1167	8.60619469e-05	1167.00000000	3.25026859e+15	3.37861179e+15	3.00563221e-03
58399	751.55600434	1168	8.61356932e-05	1168.00000000	3.25036351e+15	3.37870692e+15	3.00571188e-03
58449	752.20010963	1169	8.62094395e-05	1169.00000000	3.25045814e+15	3.37880176e+15	3.00579131e-03
58499	752.84227893	1170	8.62831858e-05	1170.00000000	3.25055248e+15	3.37889631e+15	3.00587050e-03
58549	753.48605074	1171	8.63569322e-05	1171.00000000	3.25064653e+15	3.37899057e+15	3.00594952e-03
58599	754.12849886	1172	8.64306785e-05	1172.00000000	3.25074029e+15	3.37908454e+15	3.00602825e-03
58649	754.76986884	1173	8.65044248e-05	1173.00000000	3.25083377e+15	3.37917823e+15	3.00610672e-03
58699	755.41352514	1174	8.65781711e-05	1174.00000000	3.25092696e+15	3.37927162e+15	3.00618494e-03
58749	756.05578488	1175	8.66519174e-05	1175.00000000	3.25101986e+15	3.37936473e+15	3.00626293e-03
58799	756.69981706	1176	8.67256637e-05	1176.00000000	3.25111248e+15	3.37945756e+15	3.00634067e-03
58849	757.34312663	1177	8.67994100e-05	1177.00000000	3.25120482e+15	3.37955010e+15	3.00641818e-03
58899	757.98637960	1178	8.68731563e-05	1178.00000000	3.25129688e+15	3.37964236e+15	3.00649544e-03
58949	758.62938659	1179	8.69469027e-05	1179.00000000	3.25138866e+15	3.37973435e+15	3.00657248e-03
58999	759.27470603	1180	8.70206490e-05	1180.00000000	3.25148016e+15	3.37982605e+15	3.00664928e-03
59049	759.91674420	1181	8.70943953e-05	1181.00000000	3.25157138e+15	3.37991748e+15	3.00672584e-03
59099	760.55807933	1182	8.71681416e-05	1182.00000000	3.25166231e+15	3.38000860e+15	3.00680219e-03
59149	761.19899804	1183	8.72418879e-05	1183.00000000	3.25175295e+15	3.38009945e+15	3.00687825e-03
59199	761.84114660	1184	8.73156342e-05	1184.00000000	3.25184331e+15	3.38019000e+15	3.00695409e-03
59249	762.48419069	1185	8.73893805e-05	1185.00000000	3.25193339e+15	3.38028028e+15	3.00702971e-03
59299	763.12612133	1186	8.74631268e-05	1186.00000000	3.25202318e+15	3.38037027e+15	3.00710509e-03
59349	763.76702099	1187	8.75368732e-05	1187.00000000	3.25211269e+15	3.38045998e+15	3.00718024e-03
59399	764.40893981	1188	8.76106195e-05	1188.00000000	3.25220193e+15	3.38054940e+15	3.00725515e-03
59449	765.05097232	1189	8.76843658e-05	1189.00000000	3.25229089e+15	3.38063856e+15	3.00732983e-03
59499	765.69417582	1190	8.77581121e-05	1190.00000000	3.25237957e+15	3.38072743e+15	3.00740428e-03
59549	766.33895313	1191	8.78318584e-05	1191.00000000	3.25246798e+15	3.38081604e+15	3.00747850e-03
59599	766.98271678	1192	8.79056047e-05	1192.00000000	3.25255612e+15	3.38090437e+15	3.00755249e-03
59649	767.62477538	1193	8.79793510e-05	1193.00000000	3.25264399e+15	3.38099243e+15	3.00762626e-03
59699	768.27014513	1194	8.80530973e-05	1194.00000000	3.25273160e+15	3.38108023e+15	3.00769980e-03
59749	768.91584890	1195	8.81268437e-05	1195.00000000	3.25281894e+15	3.38116777e+15	3.00777311e-03
59799	769.55825989	1196	8.82005900e-05	1196.00000000	3.25290602e+15	3.38125504e+15	3.00784620e-03
59849	770.20252718	1197	8.82743363e-05	1197.00000000	3.25299284e+15	3.38134204e+15	3.00791908e-03
59899	770.84646237	1198	8.83480826e-05	1198.00000000	3.25307939e+15	3.38142878e+15	3.00799174e-03
59949	771.49046922	1199	8.84218289e-05	1199.00000000	3.25316568e+15	3.38151526e+15	3.00806418e-03
59999	772.13308133	1200	8.84955752e-05	1200.00000000	3.25325172e+15	3.38160148e+15	3.00813640e-03
60049	772.77805486	1201	8.85693215e-05	1201.00000000	3.25333749e+15	3.38168744e+15	3.00820840e-03
60099	773.42144387	1202	8.86430678e-05	1202.00000000	3.25342301e+15	3.38177314e+15	3.00828018e-03
60149	774.06389532	1203	8.87168142e-05	1203.00000000	3.25350826e+15	3.38185859e+15	3.00835175e-03
60199	774.70688237	1204	8.87905605e-05	1204.00000000	3.25359327e+15	3.38194378e+15	3.00842310e-03
60249	775.34893905	1205	8.88643068e-05	1205.00000000	3.25367802e+15	3.38202871e+15	3.00849424e-03
60299	775.99068249	1206	8.89380531e-05	1206.00000000	3.25376251e+15	3.38211339e+15	3.00856516e-03
60349	776.63286035	1207	8.90117994e-05	1207.00000000	3.25384676e+15	3.38219782e+15	3.00863589e-03
60399	777.27877092	1208	8.90855457e-05	1208.00000000	3.25393076e+15	3.38228200e+15	3.00870640e-03
60449	777.92244332	1209	8.91592920e-05	1209.00000000	3.25401450e+15	3.38236592e+15	3.00877669e-03
60499	778.56328072	1210	8.92330383e-05	1210.00000000	3.25409800e+15	3.38244960e+15	3.00884678e-03
60549	779.20489981	1211	8.93067847e-05	1211.00000000	3.25418124e+15	3.38253303e+15	3.00891665e-03
60599	779.84835525	1212	8.93805310e-05	1212.00000000	3.25426424e+15	3.38261620e+15	3.00898632e-03
60649	780.49292520	1213	8.94542773e-05	1213.00000000	3.25434699e+15	3.38269913e+15	3.00905577e-03
60699	781.13618222	1214	8.95280236e-05	1214.00000000	3.25442949e+15	3.38278182e+15	3.00912502e-03
60749	781.77877876	1215	8.96017699e-05	1215.00000000	3.25451175e+15	3.38286425e+15	3.00919407e-03
60799	782.42283743	1216	8.96755162e-05	1216.00000000	3.25459377e+15	3.38294645e+15	3.00926290e-03
60849	783.06442042	1217	8.97492625e-05	1217.00000000	3.25467554e+15	3.38302840e+15	3.00933154e-03
60899	783.70947294	1218	8.98230088e-05	1218.00000000	3.25475707e+15	3.38311010e+15	3.00939998e-03
60949	784.35186350	1219	8.98967552e-05	1219.00000000	3.25483836e+15	3.38319156e+15	3.00946822e-03
60999	784.99275773	1220	8.99705015e-05	1220.00000000	3.25491940e+15	3.38327278e+15	3.00953626e-03
61049	785.63828319	1221	9.00442478e-05	1221.00000000	3.25500019e+15	3.38335374e+15	3.00960410e-03
61099	786.28235714	1222	9.01179941e-05	1222.00000000	3.25508073e+15	3.38343446e+15	3.00967173e-03
61149	786.92412726	1223	9.01917404e-05	1223.00000000	3.25516103e+15	3.38351493e+15	3.00973915e-03
61199	787.56587623	1224	9.02654867e-05	1224.00000000	3.25524108e+15	3.38359516e+15	3.00980637e-03
61249	788.20968329	1225	9.03392330e-05	1225.00000000	3.25532090e+15	3.38367515e+15	3.00987338e-03
61299	788.85477146	1226	9.04129794e-05	1226.00000000	3.25540047e+15	3.38375489e+15	3.00994019e-03
61349	789.49714912	1227	9.04867257e-05	1227.00000000	3.25547980e+15	3.38383439e+15	3.01000680e-03
61399	790.13783354	1228	9.05604720e-05	1228.00000000	3.25555889e+15	3.38391365e+15	3.01007320e-03
61449	790.77952006	1229	9.06342183e-05	1229.00000000	3.25563774e+15	3.38399267e+15	3.01013941e-03
61499	791.42451347	1230	9.07079646e-05	1230.00000000	3.25571636e+15	3.38407146e+15	3.01020541e-03
61549	792.07058205	1231	9.07817109e-05	1231.00000000	3.25579474e+15	3.38415000e+15	3.01027122e-03
61599	792.71187708	1232	9.08554572e-05	1232.00000000	3.25587287e+15	3.38422831e+15	3.01033683e-03
61649	793.35383473	1233	9.09292035e-05	1233.00000000	3.25595078e+15	3.38430638e+15	3.01040223e-03
61699	793.99649420	1234	9.10029499e-05	1234.00000000	3.25602844e+15	3.38438421e+15	3.01046745e-03
61749	794.63808099	1235	9.10766962e-05	1235.00000000	3.25610588e+15	3.38446181e+15	3.01053246e-03
61799	795.28033518	1236	9.11504425e-05	1236.00000000	3.25618308e+15	3.38453918e+15	3.01059728e-03
61849	795.92335190	1237	9.12241888e-05	1237.00000000	3.25626005e+15	3.38461632e+15	3.01066190e-03
61899	796.56630945	1238	9.12979351e-05	1238.00000000	3.25633680e+15	3.38469322e+15	3.01072633e-03
61949	797.21132135	1239	9.13716814e-05	1239.00000000	3.25641331e+15	3.38476990e+15	3.01079057e-03
61999	797.85356381	1240	9.14454277e-05	1240.00000000	3.25648959e+15	3.38484635e+15	3.01085461e-03
62049	798.49943260	1241	9.15191740e-05	1241.00000000	3.25656565e+15	3.38492257e+15	3.01091846e-03
62099	799.14199116	1242	9.15929204e-05	1242.00000000	3.25664148e+15	3.38499856e+15	3.01098213e-03
62149	799.78429944	1243	9.16666667e-05	1243.00000000	3.25671708e+15	3.38507433e+15	3.01104560e-03
62199	800.42789349	1244	9.17404130e-05	1244.00000000	3.25679246e+15	3.38514986e+15	3.01110888e-03
62249	801.07363020	1245	9.18141593e-05	1245.00000000	3.25686762e+15	3.38522518e+15	3.01117197e-03
62299	801.71490181	1246	9.18879056e-05	1246.00000000	3.25694255e+15	3.38530027e+15	3.01123487e-03
62349	802.35805526	1247	9.19616519e-05	1247.00000000	3.25701726e+15	3.38537514e+15	3.01129759e-03
62399	803.00052541	1248	9.20353982e-05	1248.00000000	3.25709175e+15	3.38544980e+15	3.01136012e-03
62449	803.64487227	1249	9.21091445e-05	1249.00000000	3.25716603e+15	3.38552423e+15	3.01142247e-03
62499	804.28749162	1250	9.21828909e-05	1250.00000000	3.25724008e+15	3.38559844e+15	3.01148464e-03
62549	804.93034113	1251	9.22566372e-05	1251.00000000	3.25731392e+15	3.38567243e+15	3.01154662e-03
62599	805.57321851	1252	9.23303835e-05	1252.00000000	3.25738754e+15	3.38574621e+15	3.01160842e-03
62649	806.21421568	1253	9.24041298e-05	1253.00000000	3.25746094e+15	3.38581977e+15	3.01167004e-03
62699	806.85705442	1254	9.24778761e-05	1254.00000000	3.25753412e+15	3.38589311e+15	3.01173149e-03
62749	807.50047312	1255	9.25516224e-05	1255.00000000	3.25760709e+15	3.38596623e+15	3.01179275e-03
62799	808.14211844	1256	9.26253687e-05	1256.00000000	3.25767984e+15	3.38603913e+15	3.01185383e-03
62849	808.78526362	1257	9.26991150e-05	1257.00000000	3.25775237e+15	3.38611182e+15	3.01191473e-03
62899	809.42859094	1258	9.27728614e-05	1258.00000000	3.25782468e+15	3.38618428e+15	3.01197544e-03
62949	810.07015014	1259	9.28466077e-05	1259.00000000	3.25789678e+15	3.38625654e+15	3.01203598e-03
62999	810.71135447	1260	9.29203540e-05	1260.00000000	3.25796866e+15	3.38632857e+15	3.01209634e-03
63049	811.35576611	1261	9.29941003e-05	1261.00000000	3.25804033e+15	3.38640039e+15	3.01215652e-03
63099	811.99725435	1262	9.30678466e-05	1262.00000000	3.25811177e+15	3.38647198e+15	3.01221652e-03
63149	812.63924189	1263	9.31415929e-05	1263.00000000	3.25818300e+15	3.38654336e+15	3.01227634e-03
63199	813.28403444	1264	9.32153392e-05	1264.00000000	3.25825400e+15	3.38661451e+15	3.01233597e-03
63249	813.92558064	1265	9.32890855e-05	1265.00000000	3.25832479e+15	3.38668545e+15	3.01239542e-03
63299	814.56901840	1266	9.33628319e-05	1266.00000000	3.25839536e+15	3.38675617e+15	3.01245469e-03
63349	815.21340388	1267	9.34365782e-05	1267.00000000	3.25846571e+15	3.38682667e+15	3.01251378e-03
63399	815.85606085	1268	9.35103245e-05	1268.00000000	3.25853585e+15	3.38689695e+15	3.01257270e-03
63449	816.49897404	1269	9.35840708e-05	1269.00000000	3.25860576e+15	3.38696702e+15	3.01263142e-03
63499	817.14176559	1270	9.36578171e-05	1270.00000000	3.25867546e+15	3.38703686e+15	3.01268997e-03
63549	817.78368814	1271	9.37315634e-05	1271.00000000	3.25874495e+15	3.38710649e+15	3.01274833e-03
63599	818.42685142	1272	9.38053097e-05	1272.00000000	3.25881422e+15	3.38717591e+15	3.01280652e-03
63649	819.06932678	1273	9.38790560e-05	1273.00000000	3.25888327e+15	3.38724511e+15	3.01286452e-03
63699	819.71394397	1274	9.39528024e-05	1274.00000000	3.25895211e+15	3.38731410e+15	3.01292235e-03
63749	820.35720219	1275	9.40265487e-05	1275.00000000	3.25902074e+15	3.38738287e+15	3.01297999e-03
63799	820.99790136	1276	9.41002950e-05	1276.00000000	3.25908916e+15	3.38745143e+15	3.01303746e-03
63849	821.64344955	1277	9.41740413e-05	1277.00000000	3.25915737e+15	3.38751979e+15	3.01309475e-03
63899	822.28626180	1278	9.42477876e-05	1278.00000000	3.25922537e+15	3.38758793e+15	3.01315187e-03
63949	822.93127403	1279	9.43215339e-05	1279.00000000	3.25929317e+15	3.38765587e+15	3.01320881e-03
63999	823.57395649	1280	9.43952802e-05	1280.00000000	3.25936076e+15	3.38772360e+15	3.01326558e-03
64049	824.21752757	1281	9.44690265e-05	1281.00000000	3.25942815e+15	3.38779113e+15	3.01332217e-03
64099	824.85993886	1282	9.45427729e-05	1282.00000000	3.25949532e+15	3.38785844e+15	3.01337860e-03
64149	825.50388324	1283	9.46165192e-05	1283.00000000	3.25956229e+15	3.38792555e+15	3.01343485e-03
64199	826.14670010	1284	9.46902655e-05	1284.00000000	3.25962906e+15	3.38799246e+15	3.01349092e-03
64249	826.79036146	1285	9.47640118e-05	1285.00000000	3.25969562e+15	3.38805915e+15	3.01354682e-03
64299	827.43432814	1286	9.48377581e-05	1286.00000000	3.25976197e+15	3.38812565e+15	3.01360255e-03
64349	828.07696348	1287	9.49115044e-05	1287.00000000	3.25982812e+15	3.38819193e+15	3.01365811e-03
64399	828.71923758	1288	9.49852507e-05	1288.00000000	3.25989406e+15	3.38825802e+15	3.01371350e-03
64449	829.36219802	1289	9.50589971e-05	1289.00000000	3.25995981e+15	3.38832390e+15	3.01376872e-03
64499	830.00621543	1290	9.51327434e-05	1290.00000000	3.26002535e+15	3.38838957e+15	3.01382376e-03
64549	830.65201836	1291	9.52064897e-05	1291.00000000	3.26009069e+15	3.38845505e+15	3.01387864e-03
64599	831.29403009	1292	9.52802360e-05	1292.00000000	3.26015583e+15	3.38852033e+15	3.01393335e-03
64649	831.93512431	1293	9.53539823e-05	1293.00000000	3.26022078e+15	3.38858541e+15	3.01398790e-03
64699	832.58019610	1294	9.54277286e-05	1294.00000000	3.26028552e+15	3.38865029e+15	3.01404227e-03
64749	833.22117582	1295	9.55014749e-05	1295.00000000	3.26035007e+15	3.38871496e+15	3.01409648e-03
64799	833.86417213	1296	9.55752212e-05	1296.00000000	3.26041441e+15	3.38877945e+15	3.01415053e-03
64849	834.50846103	1297	9.56489676e-05	1297.00000000	3.26047856e+15	3.38884373e+15	3.01420441e-03
64899	835.15066154	1298	9.57227139e-05	1298.00000000	3.26054252e+15	3.38890781e+15	3.01425813e-03
64949	835.79310419	1299	9.57964602e-05	1299.00000000	3.26060627e+15	3.38897170e+15	3.01431168e-03
64999	836.43368517	1300	9.58702065e-05	1300.00000000	3.26066983e+15	3.38903539e+15	3.01436506e-03
65049	837.07802782	1301	9.59439528e-05	1301.00000000	3.26073319e+15	3.38909888e+15	3.01441828e-03
65099	837.72089897	1302	9.60176991e-05	1302.00000000	3.26079637e+15	3.38916219e+15	3.01447134e-03
65149	838.36203946	1303	9.60914454e-05	1303.00000000	3.26085935e+15	3.38922529e+15	3.01452424e-03
65199	839.00674813	1304	9.61651917e-05	1304.00000000	3.26092213e+15	3.38928821e+15	3.01457698e-03
65249	839.64821937	1305	9.62389381e-05	1305.00000000	3.26098473e+15	3.38935094e+15	3.01462956e-03
65299	840.29043029	1306	9.63126844e-05	1306.00000000	3.26104715e+15	3.38941348e+15	3.01468199e-03
65349	840.93218040	1307	9.63864307e-05	1307.00000000	3.26110937e+15	3.38947583e+15	3.01473425e-03
65399	841.57416991	1308	9.64601770e-05	1308.00000000	3.26117141e+15	3.38953800e+15	3.01478636e-03
65449	842.21960715	1309	9.65339233e-05	1309.00000000	3.26123326e+15	3.38959998e+15	3.01483831e-03
65499	842.86201758	1310	9.66076696e-05	1310.00000000	3.26129493e+15	3.38966177e+15	3.01489011e-03
65549	843.50578659	1311	9.66814159e-05	1311.00000000	3.26135641e+15	3.38972338e+15	3.01494175e-03
65599	844.14932660	1312	9.67551622e-05	1312.00000000	3.26141771e+15	3.38978480e+15	3.01499323e-03
65649	844.79401644	1313	9.68289086e-05	1313.00000000	3.26147883e+15	3.38984605e+15	3.01504457e-03
65699	845.43778847	1314	9.69026549e-05	1314.00000000	3.26153976e+15	3.38990710e+15	3.01509575e-03
65749	846.08351513	1315	9.69764012e-05	1315.00000000	3.26160051e+15	3.38996798e+15	3.01514677e-03
65799	846.72485549	1316	9.70501475e-05	1316.00000000	3.26166108e+15	3.39002867e+15	3.01519764e-03
65849	847.36986787	1317	9.71238938e-05	1317.00000000	3.26172146e+15	3.39008918e+15	3.01524836e-03
65899	848.01255939	1318	9.71976401e-05	1318.00000000	3.26178167e+15	3.39014951e+15	3.01529892e-03
65949	848.65674721	1319	9.72713864e-05	1319.00000000	3.26184170e+15	3.39020966e+15	3.01534933e-03
65999	849.29801394	1320	9.73451327e-05	1320.00000000	3.26190155e+15	3.39026964e+15	3.01539960e-03
66049	849.94135517	1321	9.74188791e-05	1321.00000000	3.26196123e+15	3.39032944e+15	3.01544971e-03
66099	850.58427287	1322	9.74926254e-05	1322.00000000	3.26202074e+15	3.39038907e+15	3.01549968e-03
66149	851.22741371	1323	9.75663717e-05	1323.00000000	3.26208007e+15	3.39044852e+15	3.01554950e-03
66199	851.86987239	1324	9.76401180e-05	1324.00000000	3.26213923e+15	3.39050780e+15	3.01559918e-03
66249	852.51157358	1325	9.77138643e-05	1325.00000000	3.26219822e+15	3.39056691e+15	3.01564872e-03
66299	853.15476125	1326	9.77876106e-05	1326.00000000	3.26225704e+15	3.39062585e+15	3.01569811e-03
66349	853.79950045	1327	9.78613569e-05	1327.00000000	3.26231569e+15	3.39068462e+15	3.01574736e-03
66399	854.44283652	1328	9.79351032e-05	1328.00000000	3.26237417e+15	3.39074322e+15	3.01579647e-03
66449	855.08630887	1329	9.80088496e-05	1329.00000000	3.26243248e+15	3.39080165e+15	3.01584543e-03
66499	855.73126769	1330	9.80825959e-05	1330.00000000	3.26249063e+15	3.39085992e+15	3.01589425e-03
66549	856.37418414	1331	9.81563422e-05	1331.00000000	3.26254860e+15	3.39091801e+15	3.01594294e-03
66599	857.01844654	1332	9.82300885e-05	1332.00000000	3.26260641e+15	3.39097594e+15	3.01599148e-03
66649	857.66127256	1333	9.83038348e-05	1333.00000000	3.26266405e+15	3.39103370e+15	3.01603988e-03
66699	858.30822008	1334	9.83775811e-05	1334.00000000	3.26272153e+15	3.39109129e+15	3.01608814e-03
66749	858.95018756	1335	9.84513274e-05	1335.00000000	3.26277884e+15	3.39114872e+15	3.01613626e-03
66799	859.59241845	1336	9.85250737e-05	1336.00000000	3.26283598e+15	3.39120598e+15	3.01618425e-03
66849	860.23527932	1337	9.85988201e-05	1337.00000000	3.26289297e+15	3.39126308e+15	3.01623209e-03
66899	860.87857370	1338	9.86725664e-05	1338.00000000	3.26294978e+15	3.39132001e+15	3.01627980e-03
66949	861.52079362	1339	9.87463127e-05	1339.00000000	3.26300644e+15	3.39137678e+15	3.01632737e-03
66999	862.16407651	1340	9.88200590e-05	1340.00000000	3.26306293e+15	3.39143338e+15	3.01637481e-03
67049	862.80640133	1341	9.88938053e-05	1341.00000000	3.26311925e+15	3.39148982e+15	3.01642210e-03
67099	863.44811276	1342	9.89675516e-05	1342.00000000	3.26317542e+15	3.39154610e+15	3.01646927e-03
67149	864.09090277	1343	9.90412979e-05	1343.00000000	3.26323142e+15	3.39160222e+15	3.01651629e-03
67199	864.73261595	1344	9.91150442e-05	1344.00000000	3.26328726e+15	3.39165817e+15	3.01656318e-03
67249	865.37471708	1345	9.91887906e-05	1345.00000000	3.26334294e+15	3.39171396e+15	3.01660994e-03
67299	866.01953455	1346	9.92625369e-05	1346.00000000	3.26339846e+15	3.39176960e+15	3.01665656e-03
67349	866.66205797	1347	9.93362832e-05	1347.00000000	3.26345382e+15	3.39182507e+15	3.01670304e-03
67399	867.30413624	1348	9.94100295e-05	1348.00000000	3.26350903e+15	3.39188039e+15	3.01674940e-03
67449	867.94622353	1349	9.94837758e-05	1349.00000000	3.26356407e+15	3.39193554e+15	3.01679562e-03
67499	868.58795928	1350	9.95575221e-05	1350.00000000	3.26361896e+15	3.39199054e+15	3.01684171e-03
67549	869.23130447	1351	9.96312684e-05	1351.00000000	3.26367369e+15	3.39204538e+15	3.01688766e-03
67599	869.87501348	1352	9.97050147e-05	1352.00000000	3.26372826e+15	3.39210006e+15	3.01693348e-03
67649	870.51653559	1353	9.97787611e-05	1353.00000000	3.26378267e+15	3.39215459e+15	3.01697917e-03
67699	871.15740757	1354	9.98525074e-05	1354.00000000	3.26383693e+15	3.39220895e+15	3.01702473e-03
67749	871.80209125	1355	9.99262537e-05	1355.00000000	3.26389103e+15	3.39226316e+15	3.01707016e-03
67799	872.44483838	1356	1.00000000e-04	1356.00000000	3.26394497e+15	3.39231721e+15	3.01711545e-03
67849	873.08938720	1357	1.00073746e-04	1357.00000000	3.26399876e+15	3.39237111e+15	3.01716062e-03
67899	873.73395666	1358	1.00147493e-04	1358.00000000	3.26405240e+15	3.39242486e+15	3.01720566e-03
67949	874.37540090	1359	1.00221239e-04	1359.00000000	3.26410588e+15	3.39247845e+15	3.01725056e-03
67999	875.01859741	1360	1.00294985e-04	1360.00000000	3.26415921e+15	3.39253188e+15	3.01729534e-03
68049	875.66390232	1361	1.00368732e-04	1361.00000000	3.26421238e+15	3.39258516e+15	3.01733999e-03
68099	876.30645380	1362	1.00442478e-04	1362.00000000	3.26426541e+15	3.39263829e+15	3.01738450e-03
68149	876.95050207	1363	1.00516224e-04	1363.00000000	3.26431828e+15	3.39269127e+15	3.01742890e-03
68199	877.59310771	1364	1.00589971e-04	1364.00000000	3.26437100e+15	3.39274410e+15	3.01747316e-03
68249	878.23496820	1365	1.00663717e-04	1365.00000000	3.26442357e+15	3.39279678e+15	3.01751730e-03
68299	878.87590684	1366	1.00737463e-04	1366.00000000	3.26447599e+15	3.39284931e+15	3.01756132e-03
68349	879.51811515	1367	1.00811209e-04	1367.00000000	3.26452827e+15	3.39290169e+15	3.01760521e-03
68399	880.15930259	1368	1.00884956e-04	1368.00000000	3.26458040e+15	3.39295392e+15	3.01764898e-03
68449	880.80133327	1369	1.00958702e-04	1369.00000000	3.26463238e+15	3.39300601e+15	3.01769262e-03
68499	881.44182975	1370	1.01032448e-04	1370.00000000	3.26468421e+15	3.39305795e+15	3.01773615e-03
68549	882.08257516	1371	1.01106195e-04	1371.00000000	3.26473590e+15	3.39310974e+15	3.01777955e-03
68599	882.72409946	1372	1.01179941e-04	1372.00000000	3.26478745e+15	3.39316139e+15	3.01782283e-03
68649	883.36659266	1373	1.01253687e-04	1373.00000000	3.26483885e+15	3.39321289e+15	3.01786599e-03
68699	884.01041317	1374	1.01327434e-04	1374.00000000	3.26489011e+15	3.39326426e+15	3.01790903e-03
68749	884.65508242	1375	1.01401180e-04	1375.00000000	3.26494123e+15	3.39331548e+15	3.01795195e-03
68799	885.29931070	1376	1.01474926e-04	1376.00000000	3.26499220e+15	3.39336656e+15	3.01799475e-03
68849	885.94300091	1377	1.01548673e-04	1377.00000000	3.26504304e+15	3.39341749e+15	3.01803743e-03
68899	886.58554076	1378	1.01622419e-04	1378.00000000	3.26509374e+15	3.39346829e+15	3.01807999e-03
68949	887.23129089	1379	1.01696165e-04	1379.00000000	3.26514429e+15	3.39351895e+15	3.01812244e-03
68999	887.87232334	1380	1.01769912e-04	1380.00000000	3.26519471e+15	3.39356947e+15	3.01816477e-03
69049	888.51600521	1381	1.01843658e-04	1381.00000000	3.26524499e+15	3.39361985e+15	3.01820698e-03
69099	889.15910133	1382	1.01917404e-04	1382.00000000	3.26529514e+15	3.39367009e+15	3.01824908e-03
69149	889.80206766	1383	1.01991150e-04	1383.00000000	3.26534514e+15	3.39372020e+15	3.01829106e-03
69199	890.44578904	1384	1.02064897e-04	1384.00000000	3.26539501e+15	3.39377017e+15	3.01833293e-03
69249	891.08916969	1385	1.02138643e-04	1385.00000000	3.26544474e+15	3.39382000e+15	3.01837468e-03
69299	891.73128650	1386	1.02212389e-04	1386.00000000	3.26549434e+15	3.39386969e+15	3.01841632e-03
69349	892.37371661	1387	1.02286136e-04	1387.00000000	3.26554380e+15	3.39391925e+15	3.01845785e-03
69399	893.01778304	1388	1.02359882e-04	1388.00000000	3.26559312e+15	3.39396868e+15	3.01849926e-03
69449	893.66323863	1389	1.02433628e-04	1389.00000000	3.26564231e+15	3.39401797e+15	3.01854056e-03
69499	894.30712849	1390	1.02507375e-04	1390.00000000	3.26569137e+15	3.39406712e+15	3.01858175e-03
69549	894.94979110	1391	1.02581121e-04	1391.00000000	3.26574029e+15	3.39411614e+15	3.01862282e-03
69599	895.59114802	1392	1.02654867e-04	1392.00000000	3.26578908e+15	3.39416503e+15	3.01866378e-03
69649	896.23616447	1393	1.02728614e-04	1393.00000000	3.26583774e+15	3.39421379e+15	3.01870463e-03
69699	896.87774896	1394	1.02802360e-04	1394.00000000	3.26588627e+15	3.39426241e+15	3.01874537e-03
69749	897.52308764	1395	1.02876106e-04	1395.00000000	3.26593466e+15	3.39431090e+15	3.01878600e-03
69799	898.16684480	1396	1.02949853e-04	1396.00000000	3.26598293e+15	3.39435926e+15	3.01882652e-03
69849	898.81032269	1397	1.03023599e-04	1397.00000000	3.26603106e+15	3.39440749e+15	3.01886693e-03
69899	899.45426763	1398	1.03097345e-04	1398.00000000	3.26607906e+15	3.39445559e+15	3.01890723e-03
69949	900.09689254	1399	1.03171091e-04	1399.00000000	3.26612693e+15	3.39450356e+15	3.01894743e-03
69999	900.73809968	1400	1.03244838e-04	1400.00000000	3.26617467e+15	3.39455140e+15	3.01898751e-03
70049	901.38265866	1401	1.03318584e-04	1401.00000000	3.26622229e+15	3.39459910e+15	3.01902748e-03
70099	902.02307885	1402	1.03392330e-04	1402.00000000	3.26626977e+15	3.39464668e+15	3.01906734e-03
70149	902.66548257	1403	1.03466077e-04	1403.00000000	3.26631712e+15	3.39469412e+15	3.01910709e-03
70199	903.30947299	1404	1.03539823e-04	1404.00000000	3.26636434e+15	3.39474144e+15	3.01914674e-03
70249	903.95284524	1405	1.03613569e-04	1405.00000000	3.26641144e+15	3.39478863e+15	3.01918628e-03
70299	904.59439993	1406	1.03687316e-04	1406.00000000	3.26645841e+15	3.39483569e+15	3.01922571e-03
70349	905.23898791	1407	1.03761062e-04	1407.00000000	3.26650525e+15	3.39488263e+15	3.01926504e-03
70399	905.88162328	1408	1.03834808e-04	1408.00000000	3.26655196e+15	3.39492944e+15	3.01930426e-03
70449	906.52250832	1409	1.03908555e-04	1409.00000000	3.26659855e+15	3.39497612e+15	3.01934337e-03
70499	907.16430593	1410	1.03982301e-04	1410.00000000	3.26664501e+15	3.39502267e+15	3.01938238e-03
70549	907.81008621	1411	1.04056047e-04	1411.00000000	3.26669135e+15	3.39506910e+15	3.01942128e-03
70599	908.45200894	1412	1.04129794e-04	1412.00000000	3.26673757e+15	3.39511541e+15	3.01946008e-03
70649	909.09429019	1413	1.04203540e-04	1413.00000000	3.26678366e+15	3.39516160e+15	3.01949878e-03
70699	909.73464870	1414	1.04277286e-04	1414.00000000	3.26682963e+15	3.39520766e+15	3.01953737e-03
70749	910.37578970	1415	1.04351032e-04	1415.00000000	3.26687548e+15	3.39525360e+15	3.01957586e-03
70799	911.01781318	1416	1.04424779e-04	1416.00000000	3.26692120e+15	3.39529942e+15	3.01961425e-03
70849	911.66000680	1417	1.04498525e-04	1417.00000000	3.26696681e+15	3.39534511e+15	3.01965254e-03
70899	912.30378325	1418	1.04572271e-04	1418.00000000	3.26701229e+15	3.39539069e+15	3.01969073e-03
70949	912.94403150	1419	1.04646018e-04	1419.00000000	3.26705766e+15	3.39543615e+15	3.01972882e-03
70999	913.58498648	1420	1.04719764e-04	1420.00000000	3.26710291e+15	3.39548148e+15	3.01976680e-03
71049	914.22718215	1421	1.04793510e-04	1421.00000000	3.26714803e+15	3.39552670e+15	3.01980469e-03
71099	914.86885526	1422	1.04867257e-04	1422.00000000	3.26719303e+15	3.39557179e+15	3.01984248e-03
71149	915.51263770	1423	1.04941003e-04	1423.00000000	3.26723792e+15	3.39561676e+15	3.01988016e-03
71199	916.15306914	1424	1.05014749e-04	1424.00000000	3.26728268e+15	3.39566162e+15	3.01991775e-03
71249	916.79470234	1425	1.05088496e-04	1425.00000000	3.26732733e+15	3.39570635e+15	3.01995523e-03
71299	917.43645603	1426	1.05162242e-04	1426.00000000	3.26737185e+15	3.39575097e+15	3.01999262e-03
71349	918.08038531	1427	1.05235988e-04	1427.00000000	3.26741626e+15	3.39579546e+15	3.02002991e-03
71399	918.72243402	1428	1.05309735e-04	1428.00000000	3.26746055e+15	3.39583984e+15	3.02006709e-03
71449	919.36349275	1429	1.05383481e-04	1429.00000000	3.26750472e+15	3.39588410e+15	3.02010418e-03
71499	920.00683230	1430	1.05457227e-04	1430.00000000	3.26754878e+15	3.39592824e+15	3.02014117e-03
71549	920.65058612	1431	1.05530973e-04	1431.00000000	3.26759272e+15	3.39597227e+15	3.02017806e-03
71599	921.29472839	1432	1.05604720e-04	1432.00000000	3.26763654e+15	3.39601618e+15	3.02021485e-03
71649	921.93817182	1433	1.05678466e-04	1433.00000000	3.26768025e+15	3.39605998e+15	3.02025155e-03
71699	922.58043794	1434	1.05752212e-04	1434.00000000	3.26772385e+15	3.39610366e+15	3.02028815e-03
71749	923.22296696	1435	1.05825959e-04	1435.00000000	3.26776732e+15	3.39614722e+15	3.02032465e-03
71799	923.86904434	1436	1.05899705e-04	1436.00000000	3.26781069e+15	3.39619067e+15	3.02036106e-03
71849	924.51344996	1437	1.05973451e-04	1437.00000000	3.26785394e+15	3.39623401e+15	3.02039737e-03
71899	925.15657918	1438	1.06047198e-04	1438.00000000	3.26789708e+15	3.39627724e+15	3.02043359e-03
71949	925.79691901	1439	1.06120944e-04	1439.00000000	3.26794011e+15	3.39632035e+15	3.02046971e-03
71999	926.44063657	1440	1.06194690e-04	1440.00000000	3.26798302e+15	3.39636335e+15	3.02050574e-03
72049	927.08472395	1441	1.06268437e-04	1441.00000000	3.26802582e+15	3.39640624e+15	3.02054168e-03
72099	927.73000342	1442	1.06342183e-04	1442.00000000	3.26806852e+15	3.39644901e+15	3.02057752e-03
72149	928.37170965	1443	1.06415929e-04	1443.00000000	3.26811110e+15	3.39649168e+15	3.02061327e-03
72199	929.01700385	1444	1.06489676e-04	1444.00000000	3.26815357e+15	3.39653423e+15	3.02064892e-03
72249	929.65918080	1445	1.06563422e-04	1445.00000000	3.26819592e+15	3.39657667e+15	3.02068448e-03
72299	930.30248181	1446	1.06637168e-04	1446.00000000	3.26823817e+15	3.39661900e+15	3.02071995e-03
72349	930.94575617	1447	1.06710914e-04	1447.00000000	3.26828031e+15	3.39666123e+15	3.02075533e-03
72399	931.59049864	1448	1.06784661e-04	1448.00000000	3.26832234e+15	3.39670334e+15	3.02079061e-03
72449	932.23294738	1449	1.06858407e-04	1449.00000000	3.26836426e+15	3.39674534e+15	3.02082581e-03
72499	932.87365419	1450	1.06932153e-04	1450.00000000	3.26840606e+15	3.39678723e+15	3.02086091e-03
72549	933.51501647	1451	1.07005900e-04	1451.00000000	3.26844776e+15	3.39682901e+15	3.02089591e-03
72599	934.16086297	1452	1.07079646e-04	1452.00000000	3.26848935e+15	3.39687068e+15	3.02093083e-03
72649	934.80382250	1453	1.07153392e-04	1453.00000000	3.26853084e+15	3.39691225e+15	3.02096565e-03
72699	935.44653938	1454	1.07227139e-04	1454.00000000	3.26857221e+15	3.39695370e+15	3.02100039e-03
72749	936.08814704	1455	1.07300885e-04	1455.00000000	3.26861347e+15	3.39699505e+15	3.02103503e-03
72799	936.73216231	1456	1.07374631e-04	1456.00000000	3.26865463e+15	3.39703629e+15	3.02106958e-03
72849	937.37427956	1457	1.07448378e-04	1457.00000000	3.26869568e+15	3.39707742e+15	3.02110405e-03
72899	938.01606760	1458	1.07522124e-04	1458.00000000	3.26873662e+15	3.39711844e+15	3.02113842e-03
72949	938.66037088	1459	1.07595870e-04	1459.00000000	3.26877746e+15	3.39715936e+15	3.02117271e-03
72999	939.30319480	1460	1.07669617e-04	1460.00000000	3.26881819e+15	3.39720017e+15	3.02120690e-03
73049	939.94825494	1461	1.07743363e-04	1461.00000000	3.26885882e+15	3.39724087e+15	3.02124101e-03
73099	940.59128673	1462	1.07817109e-04	1462.00000000	3.26889934e+15	3.39728147e+15	3.02127503e-03
73149	941.23284381	1463	1.07890855e-04	1463.00000000	3.26893975e+15	3.39732197e+15	3.02130896e-03
73199	941.87697939	1464	1.07964602e-04	1464.00000000	3.26898006e+15	3.39736235e+15	3.02134281e-03
73249	942.52091496	1465	1.08038348e-04	1465.00000000	3.26902026e+15	3.39740264e+15	3.02137656e-03
73299	943.16370388	1466	1.08112094e-04	1466.00000000	3.26906036e+15	3.39744281e+15	3.02141023e-03
73349	943.80554368	1467	1.08185841e-04	1467.00000000	3.26910035e+15	3.39748289e+15	3.02144381e-03
73399	944.44739349	1468	1.08259587e-04	1468.00000000	3.26914025e+15	3.39752286e+15	3.02147730e-03
73449	945.08931264	1469	1.08333333e-04	1469.00000000	3.26918004e+15	3.39756273e+15	3.02151071e-03
73499	945.72997047	1470	1.08407080e-04	1470.00000000	3.26921972e+15	3.39760249e+15	3.02154403e-03
73549	946.37224362	1471	1.08480826e-04	1471.00000000	3.26925930e+15	3.39764215e+15	3.02157726e-03
73599	947.01588257	1472	1.08554572e-04	1472.00000000	3.26929878e+15	3.39768171e+15	3.02161041e-03
73649	947.65847613	1473	1.08628319e-04	1473.00000000	3.26933816e+15	3.39772116e+15	3.02164348e-03
73699	948.30309893	1474	1.08702065e-04	1474.00000000	3.26937743e+15	3.39776051e+15	3.02167645e-03
73749	948.94718230	1475	1.08775811e-04	1475.00000000	3.26941660e+15	3.39779975e+15	3.02170934e-03
73799	949.58961928	1476	1.08849558e-04	1476.00000000	3.26945566e+15	3.39783890e+15	3.02174214e-03
73849	950.23384542	1477	1.08923304e-04	1477.00000000	3.26949462e+15	3.39787793e+15	3.02177486e-03
73899	950.87727802	1478	1.08997050e-04	1478.00000000	3.26953348e+15	3.39791687e+15	3.02180749e-03
73949	951.51982876	1479	1.09070796e-04	1479.00000000	3.26957224e+15	3.39795570e+15	3.02184003e-03
73999	952.16397471	1480	1.09144543e-04	1480.00000000	3.26961090e+15	3.39799443e+15	3.02187249e-03
74049	952.80843088	1481	1.09218289e-04	1481.00000000	3.26964945e+15	3.39803306e+15	3.02190486e-03
74099	953.45441796	1482	1.09292035e-04	1482.00000000	3.26968790e+15	3.39807159e+15	3.02193715e-03
74149	954.09505660	1483	1.09365782e-04	1483.00000000	3.26972625e+15	3.39811002e+15	3.02196935e-03
74199	954.73723524	1484	1.09439528e-04	1484.00000000	3.26976451e+15	3.39814835e+15	3.02200147e-03
74249	955.37932628	1485	1.09513274e-04	1485.00000000	3.26980266e+15	3.39818657e+15	3.02203351e-03
74299	956.02300993	1486	1.09587021e-04	1486.00000000	3.26984070e+15	3.39822469e+15	3.02206545e-03
74349	956.66770165	1487	1.09660767e-04	1487.00000000	3.26987865e+15	3.39826272e+15	3.02209732e-03
74399	957.31330221	1488	1.09734513e-04	1488.00000000	3.26991650e+15	3.39830064e+15	3.02212910e-03
74449	957.95684705	1489	1.09808260e-04	1489.00000000	3.26995424e+15	3.39833846e+15	3.02216080e-03
74499	958.60023026	1490	1.09882006e-04	1490.00000000	3.26999189e+15	3.39837618e+15	3.02219241e-03
74549	959.24169939	1491	1.09955752e-04	1491.00000000	3.27002944e+15	3.39841380e+15	3.02222394e-03
74599	959.88371453	1492	1.10029499e-04	1492.00000000	3.27006689e+15	3.39845132e+15	3.02225539e-03
74649	960.52905317	1493	1.10103245e-04	1493.00000000	3.27010424e+15	3.39848874e+15	3.02228675e-03
74699	961.17322714	1494	1.10176991e-04	1494.00000000	3.27014149e+15	3.39852607e+15	3.02231803e-03
74749	961.81733660	1495	1.10250737e-04	1495.00000000	3.27017864e+15	3.39856329e+15	3.02234923e-03
74799	962.46049901	1496	1.10324484e-04	1496.00000000	3.27021569e+15	3.39860042e+15	3.02238034e-03
74849	963.10489542	1497	1.10398230e-04	1497.00000000	3.27025265e+15	3.39863745e+15	3.02241138e-03
74899	963.74830731	1498	1.10471976e-04	1498.00000000	3.27028951e+15	3.39867438e+15	3.02244233e-03
74949	964.39145835	1499	1.10545723e-04	1499.00000000	3.27032627e+15	3.39871122e+15	3.02247320e-03
74999	965.03389281	1500	1.10619469e-04	1500.00000000	3.27036294e+15	3.39874795e+15	3.02250399e-03
75049	965.67638076	1501	1.10693215e-04	1501.00000000	3.27039951e+15	3.39878460e+15	3.02253470e-03
75099	966.31890840	1502	1.10766962e-04	1502.00000000	3.27043598e+15	3.39882114e+15	3.02256533e-03
75149	966.96354957	1503	1.10840708e-04	1503.00000000	3.27047236e+15	3.39885760e+15	3.02259588e-03
75199	967.60763667	1504	1.10914454e-04	1504.00000000	3.27050865e+15	3.39889395e+15	3.02262635e-03
75249	968.25051011	1505	1.10988201e-04	1505.00000000	3.27054484e+15	3.39893021e+15	3.02265673e-03
75299	968.89174919	1506	1.11061947e-04	1506.00000000	3.27058093e+15	3.39896638e+15	3.02268704e-03
75349	969.53416163	1507	1.11135693e-04	1507.00000000	3.27061693e+15	3.39900245e+15	3.02271727e-03
75399	970.17597620	1508	1.11209440e-04	1508.00000000	3.27065284e+15	3.39903843e+15	3.02274743e-03
75449	970.81794329	1509	1.11283186e-04	1509.00000000	3.27068865e+15	3.39907431e+15	3.02277750e-03
75499	971.45933427	1510	1.11356932e-04	1510.00000000	3.27072437e+15	3.39911010e+15	3.02280749e-03
75549	972.10024683	1511	1.11430678e-04	1511.00000000	3.27076000e+15	3.39914580e+15	3.02283741e-03
75599	972.74386390	1512	1.11504425e-04	1512.00000000	3.27079554e+15	3.39918140e+15	3.02286725e-03
75649	973.38589687	1513	1.11578171e-04	1513.00000000	3.27083098e+15	3.39921691e+15	3.02289701e-03
75699	974.02932389	1514	1.11651917e-04	1514.00000000	3.27086633e+15	3.39925233e+15	3.02292669e-03
75749	974.67418471	1515	1.11725664e-04	1515.00000000	3.27090159e+15	3.39928766e+15	3.02295630e-03
75799	975.31571391	1516	1.11799410e-04	1516.00000000	3.27093675e+15	3.39932289e+15	3.02298582e-03
75849	975.95760357	1517	1.11873156e-04	1517.00000000	3.27097183e+15	3.39935804e+15	3.02301528e-03
75899	976.59915175	1518	1.11946903e-04	1518.00000000	3.27100681e+15	3.39939309e+15	3.02304465e-03
75949	977.24087164	1519	1.12020649e-04	1519.00000000	3.27104170e+15	3.39942805e+15	3.02307395e-03
75999	977.88315585	1520	1.12094395e-04	1520.00000000	3.27107650e+15	3.39946291e+15	3.02310318e-03
76049	978.52799286	1521	1.12168142e-04	1521.00000000	3.27111120e+15	3.39949769e+15	3.02313232e-03
76099	979.17031570	1522	1.12241888e-04	1522.00000000	3.27114582e+15	3.39953237e+15	3.02316139e-03
76149	979.81501408	1523	1.12315634e-04	1523.00000000	3.27118035e+15	3.39956697e+15	3.02319039e-03
76199	980.45859276	1524	1.12389381e-04	1524.00000000	3.27121478e+15	3.39960147e+15	3.02321930e-03
76249	981.09983823	1525	1.12463127e-04	1525.00000000	3.27124912e+15	3.39963588e+15	3.02324814e-03
76299	981.74173900	1526	1.12536873e-04	1526.00000000	3.27128338e+15	3.39967020e+15	3.02327691e-03
76349	982.38415705	1527	1.12610619e-04	1527.00000000	3.27131754e+15	3.39970443e+15	3.02330560e-03
76399	983.02660229	1528	1.12684366e-04	1528.00000000	3.27135162e+15	3.39973858e+15	3.02333421e-03
76449	983.66970228	1529	1.12758112e-04	1529.00000000	3.27138561e+15	3.39977263e+15	3.02336275e-03
76499	984.31352345	1530	1.12831858e-04	1530.00000000	3.27141950e+15	3.39980659e+15	3.02339122e-03
76549	984.95839149	1531	1.12905605e-04	1531.00000000	3.27145331e+15	3.39984047e+15	3.02341961e-03
76599	985.60287948	1532	1.12979351e-04	1532.00000000	3.27148704e+15	3.39987426e+15	3.02344793e-03
76649	986.24603137	1533	1.13053097e-04	1533.00000000	3.27152067e+15	3.39990796e+15	3.02347617e-03
76699	986.88792086	1534	1.13126844e-04	1534.00000000	3.27155422e+15	3.39994157e+15	3.02350434e-03
76749	987.53126099	1535	1.13200590e-04	1535.00000000	3.27158767e+15	3.39997510e+15	3.02353244e-03
76799	988.17411401	1536	1.13274336e-04	1536.00000000	3.27162105e+15	3.40000853e+15	3.02356046e-03
76849	988.81651254	1537	1.13348083e-04	1537.00000000	3.27165433e+15	3.40004189e+15	3.02358842e-03
76899	989.46046381	1538	1.13421829e-04	1538.00000000	3.27168753e+15	3.40007515e+15	3.02361629e-03
76949	990.10244951	1539	1.13495575e-04	1539.00000000	3.27172065e+15	3.40010833e+15	3.02364410e-03
76999	990.74644493	1540	1.13569322e-04	1540.00000000	3.27175368e+15	3.40014143e+15	3.02367184e-03
77049	991.38911018	1541	1.13643068e-04	1541.00000000	3.27178662e+15	3.40017444e+15	3.02369950e-03
77099	992.03015691	1542	1.13716814e-04	1542.00000000	3.27181948e+15	3.40020736e+15	3.02372710e-03
77149	992.67136132	1543	1.13790560e-04	1543.00000000	3.27185225e+15	3.40024019e+15	3.02375462e-03
77199	993.31384421	1544	1.13864307e-04	1544.00000000	3.27188494e+15	3.40027294e+15	3.02378207e-03
77249	993.95703104	1545	1.13938053e-04	1545.00000000	3.27191753e+15	3.40030561e+15	3.02380945e-03
77299	994.60143434	1546	1.14011799e-04	1546.00000000	3.27195005e+15	3.40033818e+15	3.02383675e-03
77349	995.24388085	1547	1.14085546e-04	1547.00000000	3.27198248e+15	3.40037068e+15	3.02386399e-03
77399	995.88560206	1548	1.14159292e-04	1548.00000000	3.27201482e+15	3.40040308e+15	3.02389115e-03
77449	996.53032789	1549	1.14233038e-04	1549.00000000	3.27204708e+15	3.40043540e+15	3.02391824e-03
77499	997.17492295	1550	1.14306785e-04	1550.00000000	3.27207925e+15	3.40046764e+15	3.02394526e-03
77549	997.81791565	1551	1.14380531e-04	1551.00000000	3.27211134e+15	3.40049979e+15	3.02397221e-03
77599	998.46161085	1552	1.14454277e-04	1552.00000000	3.27214335e+15	3.40053186e+15	3.02399909e-03
77649	999.10446665	1553	1.14528024e-04	1553.00000000	3.27217527e+15	3.40056385e+15	3.02402589e-03
77699	999.74501938	1554	1.14601770e-04	1554.00000000	3.27220710e+15	3.40059575e+15	3.02405263e-03
77749	1000.38587765	1555	1.14675516e-04	1555.00000000	3.27223886e+15	3.40062756e+15	3.02407930e-03
77799	1001.02887571	1556	1.14749263e-04	1556.00000000	3.27227053e+15	3.40065930e+15	3.02410590e-03
77849	1001.67139115	1557	1.14823009e-04	1557.00000000	3.27230212e+15	3.40069095e+15	3.02413242e-03
77899	1002.31552854	1558	1.14896755e-04	1558.00000000	3.27233362e+15	3.40072251e+15	3.02415888e-03
77949	1002.95895307	1559	1.14970501e-04	1559.00000000	3.27236504e+15	3.40075400e+15	3.02418527e-03
77999	1003.60326402	1560	1.15044248e-04	1560.00000000	3.27239638e+15	3.40078540e+15	3.02421159e-03
78049	1004.24886405	1561	1.15117994e-04	1561.00000000	3.27242764e+15	3.40081672e+15	3.02423784e-03
78099	1004.89310405	1562	1.15191740e-04	1562.00000000	3.27245882e+15	3.40084796e+15	3.02426402e-03
78149	1005.53662110	1563	1.15265487e-04	1563.00000000	3.27248991e+15	3.40087911e+15	3.02429014e-03
78199	1006.18165509	1564	1.15339233e-04	1564.00000000	3.27252092e+15	3.40091019e+15	3.02431618e-03
78249	1006.82315834	1565	1.15412979e-04	1565.00000000	3.27255186e+15	3.40094118e+15	3.02434216e-03
78299	1007.46477433	1566	1.15486726e-04	1566.00000000	3.27258271e+15	3.40097209e+15	3.02436806e-03
78349	1008.10892251	1567	1.15560472e-04	1567.00000000	3.27261348e+15	3.40100292e+15	3.02439390e-03
78399	1008.75023161	1568	1.15634218e-04	1568.00000000	3.27264417e+15	3.40103367e+15	3.02441967e-03
78449	1009.39065104	1569	1.15707965e-04	1569.00000000	3.27267478e+15	3.40106434e+15	3.02444538e-03
78499	1010.03097662	1570	1.15781711e-04	1570.00000000	3.27270531e+15	3.40109493e+15	3.02447102e-03
78549	1010.67287751	1571	1.15855457e-04	1571.00000000	3.27273576e+15	3.40112545e+15	3.02449659e-03
78599	1011.31872395	1572	1.15929204e-04	1572.00000000	3.27276613e+15	3.40115588e+15	3.02452209e-03
78649	1011.96325677	1573	1.16002950e-04	1573.00000000	3.27279643e+15	3.40118623e+15	3.02454753e-03
78699	1012.60691479	1574	1.16076696e-04	1574.00000000	3.27282664e+15	3.40121651e+15	3.02457290e-03
78749	1013.24847670	1575	1.16150442e-04	1575.00000000	3.27285678e+15	3.40124671e+15	3.02459821e-03
78799	1013.89047251	1576	1.16224189e-04	1576.00000000	3.27288684e+15	3.40127683e+15	3.02462345e-03
78849	1014.53374742	1577	1.16297935e-04	1577.00000000	3.27291682e+15	3.40130687e+15	3.02464862e-03
78899	1015.17452178	1578	1.16371681e-04	1578.00000000	3.27294673e+15	3.40133683e+15	3.02467373e-03
78949	1015.81644931	1579	1.16445428e-04	1579.00000000	3.27297656e+15	3.40136672e+15	3.02469878e-03
78999	1016.45847835	1580	1.16519174e-04	1580.00000000	3.27300631e+15	3.40139653e+15	3.02472376e-03
79049	1017.09808736	1581	1.16592920e-04	1581.00000000	3.27303599e+15	3.40142627e+15	3.02474868e-03
79099	1017.74093211	1582	1.16666667e-04	1582.00000000	3.27306558e+15	3.40145592e+15	3.02477353e-03
79149	1018.37903174	1583	1.16740413e-04	1583.00000000	3.27309511e+15	3.40148550e+15	3.02479832e-03
79199	1019.02129044	1584	1.16814159e-04	1584.00000000	3.27312455e+15	3.40151501e+15	3.02482305e-03
79249	1019.66460672	1585	1.16887906e-04	1585.00000000	3.27315392e+15	3.40154444e+15	3.02484771e-03
79299	1020.30998191	1586	1.16961652e-04	1586.00000000	3.27318322e+15	3.40157379e+15	3.02487231e-03
79349	1020.95476866	1587	1.17035398e-04	1587.00000000	3.27321244e+15	3.40160307e+15	3.02489684e-03
79399	1021.59618669	1588	1.17109145e-04	1588.00000000	3.27324158e+15	3.40163227e+15	3.02492131e-03
79449	1022.23825738	1589	1.17182891e-04	1589.00000000	3.27327065e+15	3.40166140e+15	3.02494572e-03
79499	1022.88035263	1590	1.17256637e-04	1590.00000000	3.27329965e+15	3.40169045e+15	3.02497007e-03
79549	1023.52214896	1591	1.17330383e-04	1591.00000000	3.27332857e+15	3.40171943e+15	3.02499435e-03
79599	1024.16283253	1592	1.17404130e-04	1592.00000000	3.27335741e+15	3.40174833e+15	3.02501857e-03
79649	1024.80546991	1593	1.17477876e-04	1593.00000000	3.27338618e+15	3.40177716e+15	3.02504273e-03
79699	1025.44827026	1594	1.17551622e-04	1594.00000000	3.27341488e+15	3.40180591e+15	3.02506682e-03
79749	1026.09203475	1595	1.17625369e-04	1595.00000000	3.27344350e+15	3.40183459e+15	3.02509086e-03
79799	1026.73612981	1596	1.17699115e-04	1596.00000000	3.27347205e+15	3.40186320e+15	3.02511483e-03
79849	1027.37734904	1597	1.17772861e-04	1597.00000000	3.27350053e+15	3.40189174e+15	3.02513874e-03
79899	1028.01989506	1598	1.17846608e-04	1598.00000000	3.27352894e+15	3.40192020e+15	3.02516259e-03
79949	1028.65854855	1599	1.17920354e-04	1599.00000000	3.27355727e+15	3.40194858e+15	3.02518638e-03
79999	1029.30124251	1600	1.17994100e-04	1600.00000000	3.27358553e+15	3.40197690e+15	3.02521011e-03
80049	1029.94602563	1601	1.18067847e-04	1601.00000000	3.27361371e+15	3.40200514e+15	3.02523378e-03
80099	1030.59030516	1602	1.18141593e-04	1602.00000000	3.27364183e+15	3.40203331e+15	3.02525738e-03
80149	1031.23317818	1603	1.18215339e-04	1603.00000000	3.27366987e+15	3.40206141e+15	3.02528093e-03
80199	1031.87643589	1604	1.18289086e-04	1604.00000000	3.27369784e+15	3.40208944e+15	3.02530442e-03
80249	1032.52309848	1605	1.18362832e-04	1605.00000000	3.27372574e+15	3.40211739e+15	3.02532784e-03
80299	1033.16536223	1606	1.18436578e-04	1606.00000000	3.27375357e+15	3.40214528e+15	3.02535121e-03
80349	1033.80933709	1607	1.18510324e-04	1607.00000000	3.27378133e+15	3.40217309e+15	3.02537452e-03
80399	1034.45100224	1608	1.18584071e-04	1608.00000000	3.27380901e+15	3.40220083e+15	3.02539776e-03
80449	1035.09298366	1609	1.18657817e-04	1609.00000000	3.27383663e+15	3.40222850e+15	3.02542095e-03
80499	1035.73691814	1610	1.18731563e-04	1610.00000000	3.27386417e+15	3.40225610e+15	3.02544408e-03
80549	1036.38047084	1611	1.18805310e-04	1611.00000000	3.27389165e+15	3.40228363e+15	3.02546715e-03
80599	1037.02108524	1612	1.18879056e-04	1612.00000000	3.27391905e+15	3.40231109e+15	3.02549016e-03
80649	1037.66253360	1613	1.18952802e-04	1613.00000000	3.27394638e+15	3.40233847e+15	3.02551311e-03
80699	1038.30415378	1614	1.19026549e-04	1614.00000000	3.27397365e+15	3.40236579e+15	3.02553600e-03
80749	1038.94553836	1615	1.19100295e-04	1615.00000000	3.27400084e+15	3.40239304e+15	3.02555883e-03
80799	1039.58809678	1616	1.19174041e-04	1616.00000000	3.27402796e+15	3.40242021e+15	3.02558161e-03
80849	1040.22935214	1617	1.19247788e-04	1617.00000000	3.27405501e+15	3.40244732e+15	3.02560432e-03
80899	1040.87133495	1618	1.19321534e-04	1618.00000000	3.27408199e+15	3.40247435e+15	3.02562698e-03
80949	1041.51542763	1619	1.19395280e-04	1619.00000000	3.27410891e+15	3.40250132e+15	3.02564958e-03
80999	1042.15866537	1620	1.19469027e-04	1620.00000000	3.27413575e+15	3.40252822e+15	3.02567212e-03
81049	1042.79804844	1621	1.19542773e-04	1621.00000000	3.27416252e+15	3.40255504e+15	3.02569460e-03
81099	1043.43922005	1622	1.19616519e-04	1622.00000000	3.27418923e+15	3.40258180e+15	3.02571702e-03
81149	1044.08285890	1623	1.19690265e-04	1623.00000000	3.27421586e+15	3.40260849e+15	3.02573939e-03
81199	1044.72564923	1624	1.19764012e-04	1624.00000000	3.27424243e+15	3.40263511e+15	3.02576169e-03
81249	1045.36755484	1625	1.19837758e-04	1625.00000000	3.27426893e+15	3.40266166e+15	3.02578394e-03
81299	1046.00819605	1626	1.19911504e-04	1626.00000000	3.27429536e+15	3.40268814e+15	3.02580613e-03
81349	1046.64677702	1627	1.19985251e-04	1627.00000000	3.27432172e+15	3.40271456e+15	3.02582827e-03
81399	1047.29075047	1628	1.20058997e-04	1628.00000000	3.27434801e+15	3.40274090e+15	3.02585035e-03
81449	1047.93371087	1629	1.20132743e-04	1629.00000000	3.27437424e+15	3.40276718e+15	3.02587237e-03
81499	1048.57374486	1630	1.20206490e-04	1630.00000000	3.27440039e+15	3.40279339e+15	3.02589433e-03
81549	1049.21727546	1631	1.20280236e-04	1631.00000000	3.27442649e+15	3.40281953e+15	3.02591624e-03
81599	1049.85974197	1632	1.20353982e-04	1632.00000000	3.27445251e+15	3.40284561e+15	3.02593809e-03
81649	1050.50071493	1633	1.20427729e-04	1633.00000000	3.27447847e+15	3.40287162e+15	3.02595989e-03
81699	1051.13908515	1634	1.20501475e-04	1634.00000000	3.27450436e+15	3.40289756e+15	3.02598162e-03
81749	1051.78122722	1635	1.20575221e-04	1635.00000000	3.27453018e+15	3.40292344e+15	3.02600330e-03
81799	1052.41992315	1636	1.20648968e-04	1636.00000000	3.27455594e+15	3.40294925e+15	3.02602493e-03
81849	1053.06328099	1637	1.20722714e-04	1637.00000000	3.27458164e+15	3.40297500e+15	3.02604650e-03
81899	1053.70723500	1638	1.20796460e-04	1638.00000000	3.27460727e+15	3.40300068e+15	3.02606802e-03
81949	1054.34992156	1639	1.20870206e-04	1639.00000000	3.27463283e+15	3.40302629e+15	3.02608948e-03
81999	1054.99297950	1640	1.20943953e-04	1640.00000000	3.27465834e+15	3.40305185e+15	3.02611089e-03
82049	1055.63588762	1641	1.21017699e-04	1641.00000000	3.27468378e+15	3.40307734e+15	3.02613224e-03
82099	1056.27890774	1642	1.21091445e-04	1642.00000000	3.27470915e+15	3.40310276e+15	3.02615355e-03
82149	1056.92327515	1643	1.21165192e-04	1643.00000000	3.27473446e+15	3.40312813e+15	3.02617480e-03
82199	1057.56541563	1644	1.21238938e-04	1644.00000000	3.27475971e+15	3.40315342e+15	3.02619599e-03
82249	1058.20741797	1645	1.21312684e-04	1645.00000000	3.27478489e+15	3.40317866e+15	3.02621713e-03
82299	1058.84901987	1646	1.21386431e-04	1646.00000000	3.27481002e+15	3.40320383e+15	3.02623822e-03
82349	1059.49125203	1647	1.21460177e-04	1647.00000000	3.27483508e+15	3.40322894e+15	3.02625926e-03
82399	1060.13408118	1648	1.21533923e-04	1648.00000000	3.27486007e+15	3.40325399e+15	3.02628025e-03
82449	1060.77823408	1649	1.21607670e-04	1649.00000000	3.27488501e+15	3.40327897e+15	3.02630118e-03
82499	1061.42059930	1650	1.21681416e-04	1650.00000000	3.27490988e+15	3.40330389e+15	3.02632206e-03
82549	1062.06532906	1651	1.21755162e-04	1651.00000000	3.27493469e+15	3.40332875e+15	3.02634289e-03
82599	1062.70754622	1652	1.21828909e-04	1652.00000000	3.27495943e+15	3.40335355e+15	3.02636366e-03
82649	1063.35007567	1653	1.21902655e-04	1653.00000000	3.27498412e+15	3.40337828e+15	3.02638438e-03
82699	1063.99418185	1654	1.21976401e-04	1654.00000000	3.27500874e+15	3.40340295e+15	3.02640505e-03
82749	1064.63641545	1655	1.22050147e-04	1655.00000000	3.27503330e+15	3.40342756e+15	3.02642567e-03
82799	1065.28142283	1656	1.22123894e-04	1656.00000000	3.27505780e+15	3.40345211e+15	3.02644624e-03
82849	1065.92376532	1657	1.22197640e-04	1657.00000000	3.27508223e+15	3.40347659e+15	3.02646675e-03
82899	1066.56575069	1658	1.22271386e-04	1658.00000000	3.27510661e+15	3.40350102e+15	3.02648722e-03
82949	1067.20817568	1659	1.22345133e-04	1659.00000000	3.27513092e+15	3.40352538e+15	3.02650763e-03
82999	1067.84930636	1660	1.22418879e-04	1660.00000000	3.27515517e+15	3.40354968e+15	3.02652799e-03
83049	1068.48995645	1661	1.22492625e-04	1661.00000000	3.27517936e+15	3.40357392e+15	3.02654829e-03
83099	1069.13277224	1662	1.22566372e-04	1662.00000000	3.27520349e+15	3.40359809e+15	3.02656855e-03
83149	1069.77129799	1663	1.22640118e-04	1663.00000000	3.27522756e+15	3.40362221e+15	3.02658876e-03
83199	1070.41180090	1664	1.22713864e-04	1664.00000000	3.27525156e+15	3.40364626e+15	3.02660891e-03
83249	1071.05429899	1665	1.22787611e-04	1665.00000000	3.27527550e+15	3.40367025e+15	3.02662901e-03
83299	1071.69506835	1666	1.22861357e-04	1666.00000000	3.27529939e+15	3.40369418e+15	3.02664906e-03
83349	1072.33743458	1667	1.22935103e-04	1667.00000000	3.27532321e+15	3.40371805e+15	3.02666906e-03
83399	1072.98176590	1668	1.23008850e-04	1668.00000000	3.27534697e+15	3.40374186e+15	3.02668901e-03
83449	1073.62461641	1669	1.23082596e-04	1669.00000000	3.27537067e+15	3.40376560e+15	3.02670891e-03
83499	1074.26775252	1670	1.23156342e-04	1670.00000000	3.27539430e+15	3.40378929e+15	3.02672876e-03
83549	1074.90932674	1671	1.23230088e-04	1671.00000000	3.27541788e+15	3.40381292e+15	3.02674856e-03
83599	1075.55092474	1672	1.23303835e-04	1672.00000000	3.27544140e+15	3.40383648e+15	3.02676830e-03
83649	1076.18964037	1673	1.23377581e-04	1673.00000000	3.27546486e+15	3.40385999e+15	3.02678800e-03
83699	1076.83170654	1674	1.23451327e-04	1674.00000000	3.27548826e+15	3.40388343e+15	3.02680764e-03
83749	1077.47695956	1675	1.23525074e-04	1675.00000000	3.27551160e+15	3.40390682e+15	3.02682724e-03
83799	1078.11979916	1676	1.23598820e-04	1676.00000000	3.27553488e+15	3.40393014e+15	3.02684678e-03
83849	1078.76354916	1677	1.23672566e-04	1677.00000000	3.27555810e+15	3.40395341e+15	3.02686628e-03
83899	1079.40642434	1678	1.23746313e-04	1678.00000000	3.27558126e+15	3.40397662e+15	3.02688572e-03
83949	1080.04899088	1679	1.23820059e-04	1679.00000000	3.27560436e+15	3.40399976e+15	3.02690512e-03
83999	1080.69206310	1680	1.23893805e-04	1680.00000000	3.27562740e+15	3.40402285e+15	3.02692446e-03
84049	1081.33145240	1681	1.23967552e-04	1681.00000000	3.27565038e+15	3.40404588e+15	3.02694376e-03
84099	1081.97319323	1682	1.24041298e-04	1682.00000000	3.27567331e+15	3.40406886e+15	3.02696301e-03
84149	1082.61765955	1683	1.24115044e-04	1683.00000000	3.27569618e+15	3.40409177e+15	3.02698221e-03
84199	1083.26011521	1684	1.24188791e-04	1684.00000000	3.27571899e+15	3.40411462e+15	3.02700136e-03
84249	1083.90257122	1685	1.24262537e-04	1685.00000000	3.27574174e+15	3.40413742e+15	3.02702046e-03
84299	1084.54928490	1686	1.24336283e-04	1686.00000000	3.27576443e+15	3.40416016e+15	3.02703951e-03
84349	1085.19308772	1687	1.24410029e-04	1687.00000000	3.27578707e+15	3.40418284e+15	3.02705852e-03
84399	1085.83470440	1688	1.24483776e-04	1688.00000000	3.27580964e+15	3.40420546e+15	3.02707747e-03
84449	1086.47947175	1689	1.24557522e-04	1689.00000000	3.27583216e+15	3.40422803e+15	3.02709638e-03
84499	1087.11768933	1690	1.24631268e-04	1690.00000000	3.27585463e+15	3.40425054e+15	3.02711524e-03
84549	1087.76108722	1691	1.24705015e-04	1691.00000000	3.27587703e+15	3.40427299e+15	3.02713405e-03
84599	1088.40015217	1692	1.24778761e-04	1692.00000000	3.27589938e+15	3.40429538e+15	3.02715282e-03
84649	1089.04417719	1693	1.24852507e-04	1693.00000000	3.27592168e+15	3.40431772e+15	3.02717154e-03
84699	1089.68974320	1694	1.24926254e-04	1694.00000000	3.27594391e+15	3.40434000e+15	3.02719021e-03
84749	1090.33227280	1695	1.25000000e-04	1695.00000000	3.27596610e+15	3.40436223e+15	3.02720883e-03
84799	1090.97403807	1696	1.25073746e-04	1696.00000000	3.27598822e+15	3.40438440e+15	3.02722741e-03
84849	1091.61618596	1697	1.25147493e-04	1697.00000000	3.27601029e+15	3.40440651e+15	3.02724593e-03
84899	1092.25880481	1698	1.25221239e-04	1698.00000000	3.27603230e+15	3.40442857e+15	3.02726442e-03
84949	1092.90056754	1699	1.25294985e-04	1699.00000000	3.27605425e+15	3.40445057e+15	3.02728285e-03
84999	1093.54238515	1700	1.25368732e-04	1700.00000000	3.27607615e+15	3.40447251e+15	3.02730124e-03
85049	1094.18385805	1701	1.25442478e-04	1701.00000000	3.27609800e+15	3.40449440e+15	3.02731958e-03
85099	1094.82717958	1702	1.25516224e-04	1702.00000000	3.27611978e+15	3.40451623e+15	3.02733787e-03
85149	1095.47007620	1703	1.25589971e-04	1703.00000000	3.27614151e+15	3.40453800e+15	3.02735612e-03
85199	1096.11188540	1704	1.25663717e-04	1704.00000000	3.27616319e+15	3.40455972e+15	3.02737432e-03
85249	1096.75433540	1705	1.25737463e-04	1705.00000000	3.27618481e+15	3.40458139e+15	3.02739248e-03
85299	1097.39714072	1706	1.25811209e-04	1706.00000000	3.27620637e+15	3.40460299e+15	3.02741058e-03
85349	1098.04012061	1707	1.25884956e-04	1707.00000000	3.27622788e+15	3.40462455e+15	3.02742864e-03
85399	1098.68299667	1708	1.25958702e-04	1708.00000000	3.27624934e+15	3.40464604e+15	3.02744666e-03
85449	1099.32477304	1709	1.26032448e-04	1709.00000000	3.27627073e+15	3.40466748e+15	3.02746463e-03
85499	1099.96542822	1710	1.26106195e-04	1710.00000000	3.27629207e+15	3.40468886e+15	3.02748255e-03
85549	1100.60711619	1711	1.26179941e-04	1711.00000000	3.27631336e+15	3.40471019e+15	3.02750042e-03
85599	1101.24983698	1712	1.26253687e-04	1712.00000000	3.27633459e+15	3.40473147e+15	3.02751825e-03
85649	1101.89192044	1713	1.26327434e-04	1713.00000000	3.27635576e+15	3.40475268e+15	3.02753603e-03
85699	1102.53626279	1714	1.26401180e-04	1714.00000000	3.27637688e+15	3.40477385e+15	3.02755377e-03
85749	1103.17910745	1715	1.26474926e-04	1715.00000000	3.27639795e+15	3.40479495e+15	3.02757146e-03
85799	1103.82300179	1716	1.26548673e-04	1716.00000000	3.27641896e+15	3.40481601e+15	3.02758910e-03
85849	1104.46494683	1717	1.26622419e-04	1717.00000000	3.27643991e+15	3.40483700e+15	3.02760670e-03
85899	1105.10743168	1718	1.26696165e-04	1718.00000000	3.27646081e+15	3.40485795e+15	3.02762425e-03
85949	1105.74929592	1719	1.26769912e-04	1719.00000000	3.27648166e+15	3.40487884e+15	3.02764176e-03
85999	1106.39570193	1720	1.26843658e-04	1720.00000000	3.27650245e+15	3.40489967e+15	3.02765922e-03
86049	1107.04056360	1721	1.26917404e-04	1721.00000000	3.27652319e+15	3.40492045e+15	3.02767664e-03
86099	1107.68470331	1722	1.26991150e-04	1722.00000000	3.27654388e+15	3.40494118e+15	3.02769401e-03
86149	1108.32896628	1723	1.27064897e-04	1723.00000000	3.27656451e+15	3.40496186e+15	3.02771134e-03
86199	1108.97272870	1724	1.27138643e-04	1724.00000000	3.27658509e+15	3.40498248e+15	3.02772862e-03
86249	1109.61709518	1725	1.27212389e-04	1725.00000000	3.27660561e+15	3.40500304e+15	3.02774586e-03
86299	1110.25885687	1726	1.27286136e-04	1726.00000000	3.27662609e+15	3.40502356e+15	3.02776305e-03
86349	1110.89729898	1727	1.27359882e-04	1727.00000000	3.27664651e+15	3.40504402e+15	3.02778020e-03
86399	1111.53879249	1728	1.27433628e-04	1728.00000000	3.27666687e+15	3.40506442e+15	3.02779730e-03
86449	1112.17771598	1729	1.27507375e-04	1729.00000000	3.27668718e+15	3.40508478e+15	3.02781436e-03
86499	1112.82344271	1730	1.27581121e-04	1730.00000000	3.27670745e+15	3.40510508e+15	3.02783138e-03
86549	1113.46727348	1731	1.27654867e-04	1731.00000000	3.27672765e+15	3.40512533e+15	3.02784835e-03
86599	1114.10566907	1732	1.27728614e-04	1732.00000000	3.27674781e+15	3.40514553e+15	3.02786528e-03
86649	1114.74474792	1733	1.27802360e-04	1733.00000000	3.27676791e+15	3.40516567e+15	3.02788216e-03
86699	1115.38573604	1734	1.27876106e-04	1734.00000000	3.27678796e+15	3.40518576e+15	3.02789900e-03
86749	1116.02659702	1735	1.27949853e-04	1735.00000000	3.27680796e+15	3.40520580e+15	3.02791580e-03
86799	1116.66763054	1736	1.28023599e-04	1736.00000000	3.27682791e+15	3.40522579e+15	3.02793255e-03
86849	1117.31187196	1737	1.28097345e-04	1737.00000000	3.27684781e+15	3.40524573e+15	3.02794926e-03
86899	1117.95359345	1738	1.28171091e-04	1738.00000000	3.27686765e+15	3.40526561e+15	3.02796593e-03
86949	1118.59334796	1739	1.28244838e-04	1739.00000000	3.27688745e+15	3.40528545e+15	3.02798256e-03
86999	1119.23621389	1740	1.28318584e-04	1740.00000000	3.27690719e+15	3.40530523e+15	3.02799914e-03
87049	1119.88109827	1741	1.28392330e-04	1741.00000000	3.27692688e+15	3.40532496e+15	3.02801567e-03
87099	1120.52313484	1742	1.28466077e-04	1742.00000000	3.27694652e+15	3.40534464e+15	3.02803217e-03
87149	1121.16777072	1743	1.28539823e-04	1743.00000000	3.27696611e+15	3.40536427e+15	3.02804862e-03
87199	1121.80896559	1744	1.28613569e-04	1744.00000000	3.27698565e+15	3.40538385e+15	3.02806503e-03
87249	1122.45287670	1745	1.28687316e-04	1745.00000000	3.27700514e+15	3.40540338e+15	3.02808140e-03
87299	1123.09643585	1746	1.28761062e-04	1746.00000000	3.27702457e+15	3.40542285e+15	3.02809773e-03
87349	1123.73730514	1747	1.28834808e-04	1747.00000000	3.27704396e+15	3.40544228e+15	3.02811401e-03
87399	1124.37797777	1748	1.28908555e-04	1748.00000000	3.27706330e+15	3.40546166e+15	3.02813025e-03
87449	1125.02032988	1749	1.28982301e-04	1749.00000000	3.27708259e+15	3.40548099e+15	3.02814645e-03
87499	1125.65870597	1750	1.29056047e-04	1750.00000000	3.27710183e+15	3.40550026e+15	3.02816261e-03
87549	1126.30032388	1751	1.29129794e-04	1751.00000000	3.27712101e+15	3.40551949e+15	3.02817872e-03
87599	1126.94092111	1752	1.29203540e-04	1752.00000000	3.27714015e+15	3.40553867e+15	3.02819480e-03
87649	1127.58346781	1753	1.29277286e-04	1753.00000000	3.27715924e+15	3.40555780e+15	3.02821083e-03
87699	1128.22584061	1754	1.29351032e-04	1754.00000000	3.27717828e+15	3.40557688e+15	3.02822682e-03
87749	1128.86584784	1755	1.29424779e-04	1755.00000000	3.27719727e+15	3.40559591e+15	3.02824277e-03
87799	1129.50919350	1756	1.29498525e-04	1756.00000000	3.27721622e+15	3.40561489e+15	3.02825868e-03
87849	1130.15015575	1757	1.29572271e-04	1757.00000000	3.27723511e+15	3.40563382e+15	3.02827455e-03
87899	1130.79191371	1758	1.29646018e-04	1758.00000000	3.27725396e+15	3.40565270e+15	3.02829038e-03
87949	1131.43440660	1759	1.29719764e-04	1759.00000000	3.27727275e+15	3.40567154e+15	3.02830616e-03
87999	1132.07724192	1760	1.29793510e-04	1760.00000000	3.27729150e+15	3.40569032e+15	3.02832191e-03
88049	1132.72316400	1761	1.29867257e-04	1761.00000000	3.27731020e+15	3.40570906e+15	3.02833761e-03
88099	1133.36628639	1762	1.29941003e-04	1762.00000000	3.27732885e+15	3.40572775e+15	3.02835328e-03
88149	1134.00753650	1763	1.30014749e-04	1763.00000000	3.27734746e+15	3.40574639e+15	3.02836890e-03
88199	1134.64810080	1764	1.30088496e-04	1764.00000000	3.27736601e+15	3.40576499e+15	3.02838449e-03
88249	1135.28930998	1765	1.30162242e-04	1765.00000000	3.27738452e+15	3.40578353e+15	3.02840003e-03
88299	1135.93045498	1766	1.30235988e-04	1766.00000000	3.27740298e+15	3.40580203e+15	3.02841553e-03
88349	1136.57208402	1767	1.30309735e-04	1767.00000000	3.27742139e+15	3.40582048e+15	3.02843100e-03
88399	1137.21365050	1768	1.30383481e-04	1768.00000000	3.27743976e+15	3.40583888e+15	3.02844642e-03
88449	1137.85531837	1769	1.30457227e-04	1769.00000000	3.27745808e+15	3.40585724e+15	3.02846181e-03
88499	1138.49310941	1770	1.30530973e-04	1770.00000000	3.27747635e+15	3.40587555e+15	3.02847715e-03
88549	1139.13830848	1771	1.30604720e-04	1771.00000000	3.27749457e+15	3.40589381e+15	3.02849246e-03
88599	1139.78012808	1772	1.30678466e-04	1772.00000000	3.27751275e+15	3.40591202e+15	3.02850773e-03
88649	1140.42155101	1773	1.30752212e-04	1773.00000000	3.27753088e+15	3.40593019e+15	3.02852295e-03
88699	1141.06225657	1774	1.30825959e-04	1774.00000000	3.27754897e+15	3.40594831e+15	3.02853814e-03
88749	1141.70548478	1775	1.30899705e-04	1775.00000000	3.27756701e+15	3.40596639e+15	3.02855329e-03
88799	1142.34639570	1776	1.30973451e-04	1776.00000000	3.27758500e+15	3.40598442e+15	3.02856840e-03
88849	1142.99108946	1777	1.31047198e-04	1777.00000000	3.27760294e+15	3.40600240e+15	3.02858347e-03
88899	1143.63446488	1778	1.31120944e-04	1778.00000000	3.27762084e+15	3.40602033e+15	3.02859850e-03
88949	1144.27912148	1779	1.31194690e-04	1779.00000000	3.27763870e+15	3.40603822e+15	3.02861350e-03
88999	1144.92130919	1780	1.31268437e-04	1780.00000000	3.27765650e+15	3.40605607e+15	3.02862845e-03
89049	1145.56527598	1781	1.31342183e-04	1781.00000000	3.27767427e+15	3.40607387e+15	3.02864337e-03
89099	1146.20585821	1782	1.31415929e-04	1782.00000000	3.27769198e+15	3.40609162e+15	3.02865825e-03
89149	1146.84669370	1783	1.31489676e-04	1783.00000000	3.27770965e+15	3.40610933e+15	3.02867309e-03
89199	1147.49156212	1784	1.31563422e-04	1784.00000000	3.27772728e+15	3.40612699e+15	3.02868789e-03
89249	1148.13605026	1785	1.31637168e-04	1785.00000000	3.27774486e+15	3.40614460e+15	3.02870266e-03
89299	1148.77757431	1786	1.31710914e-04	1786.00000000	3.27776240e+15	3.40616218e+15	3.02871739e-03
89349	1149.41963812	1787	1.31784661e-04	1787.00000000	3.27777989e+15	3.40617970e+15	3.02873208e-03
89399	1150.06127639	1788	1.31858407e-04	1788.00000000	3.27779733e+15	3.40619718e+15	3.02874673e-03
89449	1150.70260862	1789	1.31932153e-04	1789.00000000	3.27781473e+15	3.40621462e+15	3.02876134e-03
89499	1151.34516438	1790	1.32005900e-04	1790.00000000	3.27783209e+15	3.40623201e+15	3.02877592e-03
89549	1151.98635916	1791	1.32079646e-04	1791.00000000	3.27784940e+15	3.40624936e+15	3.02879046e-03
89599	1152.62832235	1792	1.32153392e-04	1792.00000000	3.27786667e+15	3.40626666e+15	3.02880496e-03
89649	1153.27143071	1793	1.32227139e-04	1793.00000000	3.27788389e+15	3.40628392e+15	3.02881943e-03
89699	1153.91361984	1794	1.32300885e-04	1794.00000000	3.27790107e+15	3.40630113e+15	3.02883386e-03
89749	1154.55626113	1795	1.32374631e-04	1795.00000000	3.27791820e+15	3.40631830e+15	3.02884825e-03
89799	1155.19531776	1796	1.32448378e-04	1796.00000000	3.27793530e+15	3.40633543e+15	3.02886260e-03
89849	1155.83771433	1797	1.32522124e-04	1797.00000000	3.27795234e+15	3.40635251e+15	3.02887692e-03
89899	1156.48055590	1798	1.32595870e-04	1798.00000000	3.27796934e+15	3.40636955e+15	3.02889120e-03
89949	1157.12607152	1799	1.32669617e-04	1799.00000000	3.27798630e+15	3.40638654e+15	3.02890545e-03
89999	1157.77174463	1800	1.32743363e-04	1800.00000000	3.27800322e+15	3.40640349e+15	3.02891965e-03
90049	1158.41416977	1801	1.32817109e-04	1801.00000000	3.27802009e+15	3.40642040e+15	3.02893383e-03
90099	1159.05750904	1802	1.32890855e-04	1802.00000000	3.27803692e+15	3.40643726e+15	3.02894796e-03
90149	1159.69844109	1803	1.32964602e-04	1803.00000000	3.27805371e+15	3.40645408e+15	3.02896206e-03
90199	1160.34050998	1804	1.33038348e-04	1804.00000000	3.27807045e+15	3.40647086e+15	3.02897612e-03
90249	1160.97879795	1805	1.33112094e-04	1805.00000000	3.27808716e+15	3.40648760e+15	3.02899015e-03
90299	1161.61923022	1806	1.33185841e-04	1806.00000000	3.27810382e+15	3.40650429e+15	3.02900414e-03
90349	1162.26113783	1807	1.33259587e-04	1807.00000000	3.27812043e+15	3.40652094e+15	3.02901810e-03
90399	1162.90316467	1808	1.33333333e-04	1808.00000000	3.27813701e+15	3.40653755e+15	3.02903202e-03
90449	1163.54407152	1809	1.33407080e-04	1809.00000000	3.27815354e+15	3.40655411e+15	3.02904591e-03
90499	1164.18921479	1810	1.33480826e-04	1810.00000000	3.27817003e+15	3.40657064e+15	3.02905976e-03
90549	1164.83153297	1811	1.33554572e-04	1811.00000000	3.27818648e+15	3.40658712e+15	3.02907357e-03
90599	1165.47348924	1812	1.33628319e-04	1812.00000000	3.27820288e+15	3.40660356e+15	3.02908735e-03
90649	1166.11664274	1813	1.33702065e-04	1813.00000000	3.27821925e+15	3.40661996e+15	3.02910109e-03
90699	1166.75898872	1814	1.33775811e-04	1814.00000000	3.27823557e+15	3.40663631e+15	3.02911480e-03
90749	1167.40038685	1815	1.33849558e-04	1815.00000000	3.27825185e+15	3.40665262e+15	3.02912848e-03
90799	1168.04131022	1816	1.33923304e-04	1816.00000000	3.27826809e+15	3.40666890e+15	3.02914212e-03
90849	1168.68266113	1817	1.33997050e-04	1817.00000000	3.27828429e+15	3.40668513e+15	3.02915572e-03
90899	1169.32693190	1818	1.34070796e-04	1818.00000000	3.27830044e+15	3.40670132e+15	3.02916929e-03
90949	1169.97104850	1819	1.34144543e-04	1819.00000000	3.27831656e+15	3.40671747e+15	3.02918283e-03
90999	1170.61550108	1820	1.34218289e-04	1820.00000000	3.27833264e+15	3.40673357e+15	3.02919633e-03
91049	1171.25433180	1821	1.34292035e-04	1821.00000000	3.27834867e+15	3.40674964e+15	3.02920979e-03
91099	1171.89678361	1822	1.34365782e-04	1822.00000000	3.27836466e+15	3.40676567e+15	3.02922322e-03
91149	1172.53828011	1823	1.34439528e-04	1823.00000000	3.27838061e+15	3.40678165e+15	3.02923662e-03
91199	1173.18026349	1824	1.34513274e-04	1824.00000000	3.27839652e+15	3.40679759e+15	3.02924998e-03
91249	1173.82445551	1825	1.34587021e-04	1825.00000000	3.27841239e+15	3.40681350e+15	3.02926331e-03
91299	1174.46592450	1826	1.34660767e-04	1826.00000000	3.27842822e+15	3.40682936e+15	3.02927661e-03
91349	1175.10984923	1827	1.34734513e-04	1827.00000000	3.27844401e+15	3.40684518e+15	3.02928987e-03
91399	1175.75234629	1828	1.34808260e-04	1828.00000000	3.27845976e+15	3.40686096e+15	3.02930310e-03
91449	1176.39579452	1829	1.34882006e-04	1829.00000000	3.27847547e+15	3.40687670e+15	3.02931629e-03
91499	1177.04030509	1830	1.34955752e-04	1830.00000000	3.27849114e+15	3.40689240e+15	3.02932945e-03
91549	1177.68341952	1831	1.35029499e-04	1831.00000000	3.27850677e+15	3.40690806e+15	3.02934257e-03
91599	1178.32604522	1832	1.35103245e-04	1832.00000000	3.27852235e+15	3.40692368e+15	3.02935566e-03
91649	1178.96742364	1833	1.35176991e-04	1833.00000000	3.27853790e+15	3.40693925e+15	3.02936872e-03
91699	1179.61105567	1834	1.35250737e-04	1834.00000000	3.27855341e+15	3.40695479e+15	3.02938175e-03
91749	1180.25327628	1835	1.35324484e-04	1835.00000000	3.27856887e+15	3.40697029e+15	3.02939474e-03
91799	1180.89440669	1836	1.35398230e-04	1836.00000000	3.27858430e+15	3.40698575e+15	3.02940769e-03
91849	1181.53758747	1837	1.35471976e-04	1837.00000000	3.27859968e+15	3.40700116e+15	3.02942061e-03
91899	1182.18276853	1838	1.35545723e-04	1838.00000000	3.27861503e+15	3.40701654e+15	3.02943350e-03
91949	1182.82877975	1839	1.35619469e-04	1839.00000000	3.27863033e+15	3.40703187e+15	3.02944636e-03
91999	1183.47216037	1840	1.35693215e-04	1840.00000000	3.27864559e+15	3.40704717e+15	3.02945918e-03
92049	1184.11486607	1841	1.35766962e-04	1841.00000000	3.27866082e+15	3.40706242e+15	3.02947196e-03
92099	1184.75613917	1842	1.35840708e-04	1842.00000000	3.27867600e+15	3.40707764e+15	3.02948472e-03
92149	1185.40165334	1843	1.35914454e-04	1843.00000000	3.27869115e+15	3.40709282e+15	3.02949744e-03
92199	1186.04645390	1844	1.35988201e-04	1844.00000000	3.27870625e+15	3.40710795e+15	3.02951013e-03
92249	1186.68998255	1845	1.36061947e-04	1845.00000000	3.27872132e+15	3.40712305e+15	3.02952278e-03
92299	1187.33252857	1846	1.36135693e-04	1846.00000000	3.27873635e+15	3.40713811e+15	3.02953541e-03
92349	1187.97620225	1847	1.36209440e-04	1847.00000000	3.27875133e+15	3.40715312e+15	3.02954800e-03
92399	1188.61889718	1848	1.36283186e-04	1848.00000000	3.27876628e+15	3.40716810e+15	3.02956055e-03
92449	1189.26198373	1849	1.36356932e-04	1849.00000000	3.27878119e+15	3.40718304e+15	3.02957308e-03
92499	1189.90425686	1850	1.36430678e-04	1850.00000000	3.27879606e+15	3.40719794e+15	3.02958557e-03
92549	1190.54687446	1851	1.36504425e-04	1851.00000000	3.27881089e+15	3.40721280e+15	3.02959802e-03
92599	1191.18897429	1852	1.36578171e-04	1852.00000000	3.27882568e+15	3.40722762e+15	3.02961045e-03
92649	1191.83162096	1853	1.36651917e-04	1853.00000000	3.27884044e+15	3.40724241e+15	3.02962284e-03
92699	1192.47482249	1854	1.36725664e-04	1854.00000000	3.27885515e+15	3.40725715e+15	3.02963520e-03
92749	1193.11814112	1855	1.36799410e-04	1855.00000000	3.27886983e+15	3.40727186e+15	3.02964753e-03
92799	1193.76113527	1856	1.36873156e-04	1856.00000000	3.27888447e+15	3.40728653e+15	3.02965983e-03
92849	1194.40413462	1857	1.36946903e-04	1857.00000000	3.27889907e+15	3.40730116e+15	3.02967209e-03
92899	1195.04623296	1858	1.37020649e-04	1858.00000000	3.27891363e+15	3.40731575e+15	3.02968432e-03
92949	1195.68818307	1859	1.37094395e-04	1859.00000000	3.27892815e+15	3.40733030e+15	3.02969652e-03
92999	1196.33298669	1860	1.37168142e-04	1860.00000000	3.27894264e+15	3.40734482e+15	3.02970869e-03
93049	1196.97623116	1861	1.37241888e-04	1861.00000000	3.27895709e+15	3.40735929e+15	3.02972082e-03
93099	1197.61794264	1862	1.37315634e-04	1862.00000000	3.27897150e+15	3.40737373e+15	3.02973293e-03
93149	1198.25866907	1863	1.37389381e-04	1863.00000000	3.27898587e+15	3.40738813e+15	3.02974500e-03
93199	1198.89963999	1864	1.37463127e-04	1864.00000000	3.27900020e+15	3.40740250e+15	3.02975704e-03
93249	1199.54203499	1865	1.37536873e-04	1865.00000000	3.27901450e+15	3.40741682e+15	3.02976905e-03
93299	1200.18402926	1866	1.37610619e-04	1866.00000000	3.27902876e+15	3.40743111e+15	3.02978103e-03
93349	1200.82728873	1867	1.37684366e-04	1867.00000000	3.27904298e+15	3.40744536e+15	3.02979297e-03
93399	1201.47151116	1868	1.37758112e-04	1868.00000000	3.27905717e+15	3.40745958e+15	3.02980489e-03
93449	1202.11091402	1869	1.37831858e-04	1869.00000000	3.27907131e+15	3.40747375e+15	3.02981677e-03
93499	1202.75431776	1870	1.37905605e-04	1870.00000000	3.27908543e+15	3.40748789e+15	3.02982862e-03
93549	1203.39553105	1871	1.37979351e-04	1871.00000000	3.27909950e+15	3.40750200e+15	3.02984044e-03
93599	1204.03716710	1872	1.38053097e-04	1872.00000000	3.27911354e+15	3.40751607e+15	3.02985224e-03
93649	1204.67988876	1873	1.38126844e-04	1873.00000000	3.27912754e+15	3.40753010e+15	3.02986400e-03
93699	1205.32302532	1874	1.38200590e-04	1874.00000000	3.27914151e+15	3.40754409e+15	3.02987573e-03
93749	1205.96486437	1875	1.38274336e-04	1875.00000000	3.27915544e+15	3.40755805e+15	3.02988743e-03
93799	1206.60353943	1876	1.38348083e-04	1876.00000000	3.27916933e+15	3.40757197e+15	3.02989910e-03
93849	1207.24437335	1877	1.38421829e-04	1877.00000000	3.27918319e+15	3.40758586e+15	3.02991074e-03
93899	1207.88962890	1878	1.38495575e-04	1878.00000000	3.27919701e+15	3.40759971e+15	3.02992235e-03
93949	1208.53062263	1879	1.38569322e-04	1879.00000000	3.27921080e+15	3.40761352e+15	3.02993393e-03
93999	1209.17443647	1880	1.38643068e-04	1880.00000000	3.27922455e+15	3.40762730e+15	3.02994547e-03
94049	1209.81313521	1881	1.38716814e-04	1881.00000000	3.27923826e+15	3.40764104e+15	3.02995699e-03
94099	1210.45673762	1882	1.38790560e-04	1882.00000000	3.27925194e+15	3.40765475e+15	3.02996848e-03
94149	1211.09890944	1883	1.38864307e-04	1883.00000000	3.27926558e+15	3.40766842e+15	3.02997994e-03
94199	1211.74397211	1884	1.38938053e-04	1884.00000000	3.27927919e+15	3.40768205e+15	3.02999137e-03
94249	1212.38488048	1885	1.39011799e-04	1885.00000000	3.27929276e+15	3.40769566e+15	3.03000277e-03
94299	1213.02675498	1886	1.39085546e-04	1886.00000000	3.27930630e+15	3.40770922e+15	3.03001415e-03
94349	1213.67073435	1887	1.39159292e-04	1887.00000000	3.27931981e+15	3.40772275e+15	3.03002549e-03
94399	1214.31250831	1888	1.39233038e-04	1888.00000000	3.27933327e+15	3.40773625e+15	3.03003680e-03
94449	1214.95388327	1889	1.39306785e-04	1889.00000000	3.27934671e+15	3.40774971e+15	3.03004808e-03
94499	1215.59604033	1890	1.39380531e-04	1890.00000000	3.27936011e+15	3.40776313e+15	3.03005934e-03
94549	1216.24129906	1891	1.39454277e-04	1891.00000000	3.27937347e+15	3.40777653e+15	3.03007056e-03
94599	1216.88331006	1892	1.39528024e-04	1892.00000000	3.27938680e+15	3.40778988e+15	3.03008176e-03
94649	1217.52629854	1893	1.39601770e-04	1893.00000000	3.27940009e+15	3.40780320e+15	3.03009292e-03
94699	1218.16698815	1894	1.39675516e-04	1894.00000000	3.27941335e+15	3.40781649e+15	3.03010406e-03
94749	1218.80855834	1895	1.39749263e-04	1895.00000000	3.27942658e+15	3.40782974e+15	3.03011517e-03
94799	1219.45505949	1896	1.39823009e-04	1896.00000000	3.27943977e+15	3.40784296e+15	3.03012625e-03
94849	1220.09801178	1897	1.39896755e-04	1897.00000000	3.27945293e+15	3.40785615e+15	3.03013730e-03
94899	1220.74369967	1898	1.39970501e-04	1898.00000000	3.27946605e+15	3.40786930e+15	3.03014833e-03
94949	1221.38675168	1899	1.40044248e-04	1899.00000000	3.27947914e+15	3.40788241e+15	3.03015932e-03
94999	1222.02520618	1900	1.40117994e-04	1900.00000000	3.27949220e+15	3.40789550e+15	3.03017029e-03
95049	1222.66998869	1901	1.40191740e-04	1901.00000000	3.27950522e+15	3.40790855e+15	3.03018122e-03
95099	1223.31477730	1902	1.40265487e-04	1902.00000000	3.27951821e+15	3.40792156e+15	3.03019213e-03
95149	1223.96028123	1903	1.40339233e-04	1903.00000000	3.27953117e+15	3.40793454e+15	3.03020301e-03
95199	1224.60486261	1904	1.40412979e-04	1904.00000000	3.27954409e+15	3.40794749e+15	3.03021387e-03
95249	1225.24897463	1905	1.40486726e-04	1905.00000000	3.27955698e+15	3.40796041e+15	3.03022469e-03
95299	1225.88804319	1906	1.40560472e-04	1906.00000000	3.27956983e+15	3.40797329e+15	3.03023549e-03
95349	1226.53141083	1907	1.40634218e-04	1907.00000000	3.27958266e+15	3.40798614e+15	3.03024626e-03
95399	1227.16947078	1908	1.40707965e-04	1908.00000000	3.27959545e+15	3.40799895e+15	3.03025700e-03
95449	1227.81234864	1909	1.40781711e-04	1909.00000000	3.27960820e+15	3.40801174e+15	3.03026772e-03
95499	1228.45393693	1910	1.40855457e-04	1910.00000000	3.27962093e+15	3.40802449e+15	3.03027841e-03
95549	1229.09993958	1911	1.40929204e-04	1911.00000000	3.27963362e+15	3.40803721e+15	3.03028907e-03
95599	1229.74203059	1912	1.41002950e-04	1912.00000000	3.27964628e+15	3.40804989e+15	3.03029970e-03
95649	1230.38277071	1913	1.41076696e-04	1913.00000000	3.27965891e+15	3.40806254e+15	3.03031030e-03
95699	1231.02360552	1914	1.41150442e-04	1914.00000000	3.27967150e+15	3.40807516e+15	3.03032088e-03
95749	1231.66651959	1915	1.41224189e-04	1915.00000000	3.27968406e+15	3.40808775e+15	3.03033143e-03
95799	1232.30440882	1916	1.41297935e-04	1916.00000000	3.27969659e+15	3.40810031e+15	3.03034196e-03
95849	1232.94694798	1917	1.41371681e-04	1917.00000000	3.27970909e+15	3.40811283e+15	3.03035245e-03
95899	1233.58877232	1918	1.41445428e-04	1918.00000000	3.27972156e+15	3.40812532e+15	3.03036292e-03
95949	1234.23125647	1919	1.41519174e-04	1919.00000000	3.27973399e+15	3.40813778e+15	3.03037337e-03
95999	1234.87456722	1920	1.41592920e-04	1920.00000000	3.27974639e+15	3.40815021e+15	3.03038378e-03
96049	1235.51789319	1921	1.41666667e-04	1921.00000000	3.27975876e+15	3.40816261e+15	3.03039417e-03
96099	1236.16115834	1922	1.41740413e-04	1922.00000000	3.27977110e+15	3.40817497e+15	3.03040454e-03
96149	1236.80599645	1923	1.41814159e-04	1923.00000000	3.27978341e+15	3.40818730e+15	3.03041487e-03
96199	1237.44754171	1924	1.41887906e-04	1924.00000000	3.27979568e+15	3.40819960e+15	3.03042518e-03
96249	1238.09205945	1925	1.41961652e-04	1925.00000000	3.27980793e+15	3.40821187e+15	3.03043547e-03
96299	1238.73769808	1926	1.42035398e-04	1926.00000000	3.27982014e+15	3.40822411e+15	3.03044573e-03
96349	1239.37884927	1927	1.42109145e-04	1927.00000000	3.27983232e+15	3.40823632e+15	3.03045596e-03
96399	1240.02191518	1928	1.42182891e-04	1928.00000000	3.27984447e+15	3.40824849e+15	3.03046616e-03
96449	1240.66506630	1929	1.42256637e-04	1929.00000000	3.27985659e+15	3.40826063e+15	3.03047634e-03
96499	1241.30649256	1930	1.42330383e-04	1930.00000000	3.27986868e+15	3.40827275e+15	3.03048650e-03
96549	1241.94843571	1931	1.42404130e-04	1931.00000000	3.27988074e+15	3.40828483e+15	3.03049663e-03
96599	1242.58902475	1932	1.42477876e-04	1932.00000000	3.27989276e+15	3.40829688e+15	3.03050673e-03
96649	1243.22941949	1933	1.42551622e-04	1933.00000000	3.27990476e+15	3.40830890e+15	3.03051680e-03
96699	1243.87002943	1934	1.42625369e-04	1934.00000000	3.27991672e+15	3.40832088e+15	3.03052685e-03
96749	1244.51096158	1935	1.42699115e-04	1935.00000000	3.27992865e+15	3.40833284e+15	3.03053688e-03
96799	1245.15482610	1936	1.42772861e-04	1936.00000000	3.27994055e+15	3.40834476e+15	3.03054687e-03
96849	1245.79658058	1937	1.42846608e-04	1937.00000000	3.27995242e+15	3.40835666e+15	3.03055685e-03
96899	1246.44053495	1938	1.42920354e-04	1938.00000000	3.27996426e+15	3.40836852e+15	3.03056679e-03
96949	1247.08350156	1939	1.42994100e-04	1939.00000000	3.27997607e+15	3.40838035e+15	3.03057671e-03
96999	1247.72643716	1940	1.43067847e-04	1940.00000000	3.27998784e+15	3.40839215e+15	3.03058661e-03
97049	1248.37303478	1941	1.43141593e-04	1941.00000000	3.27999959e+15	3.40840392e+15	3.03059647e-03
97099	1249.01729406	1942	1.43215339e-04	1942.00000000	3.28001130e+15	3.40841566e+15	3.03060632e-03
97149	1249.66174038	1943	1.43289086e-04	1943.00000000	3.28002299e+15	3.40842737e+15	3.03061613e-03
97199	1250.30376521	1944	1.43362832e-04	1944.00000000	3.28003464e+15	3.40843905e+15	3.03062592e-03
97249	1250.94470275	1945	1.43436578e-04	1945.00000000	3.28004626e+15	3.40845069e+15	3.03063569e-03
97299	1251.58846410	1946	1.43510324e-04	1946.00000000	3.28005786e+15	3.40846231e+15	3.03064543e-03
97349	1252.23067683	1947	1.43584071e-04	1947.00000000	3.28006942e+15	3.40847390e+15	3.03065514e-03
97399	1252.87192985	1948	1.43657817e-04	1948.00000000	3.28008095e+15	3.40848545e+15	3.03066483e-03
97449	1253.51376408	1949	1.43731563e-04	1949.00000000	3.28009245e+15	3.40849698e+15	3.03067449e-03
97499	1254.15524238	1950	1.43805310e-04	1950.00000000	3.28010393e+15	3.40850847e+15	3.03068413e-03
97549	1254.79664128	1951	1.43879056e-04	1951.00000000	3.28011537e+15	3.40851994e+15	3.03069374e-03
97599	1255.43910138	1952	1.43952802e-04	1952.00000000	3.28012678e+15	3.40853137e+15	3.03070333e-03
97649	1256.08613177	1953	1.44026549e-04	1953.00000000	3.28013816e+15	3.40854278e+15	3.03071290e-03
97699	1256.72488263	1954	1.44100295e-04	1954.00000000	3.28014952e+15	3.40855416e+15	3.03072243e-03
97749	1257.36748656	1955	1.44174041e-04	1955.00000000	3.28016084e+15	3.40856550e+15	3.03073195e-03
97799	1258.00910693	1956	1.44247788e-04	1956.00000000	3.28017213e+15	3.40857682e+15	3.03074143e-03
97849	1258.65188912	1957	1.44321534e-04	1957.00000000	3.28018339e+15	3.40858810e+15	3.03075090e-03
97899	1259.29453158	1958	1.44395280e-04	1958.00000000	3.28019463e+15	3.40859936e+15	3.03076033e-03
97949	1259.93567194	1959	1.44469027e-04	1959.00000000	3.28020583e+15	3.40861058e+15	3.03076974e-03
97999	1260.58073568	1960	1.44542773e-04	1960.00000000	3.28021700e+15	3.40862178e+15	3.03077913e-03
98049	1261.22508924	1961	1.44616519e-04	1961.00000000	3.28022815e+15	3.40863295e+15	3.03078849e-03
98099	1261.86731864	1962	1.44690265e-04	1962.00000000	3.28023926e+15	3.40864408e+15	3.03079783e-03
98149	1262.51158044	1963	1.44764012e-04	1963.00000000	3.28025035e+15	3.40865519e+15	3.03080715e-03
98199	1263.15500447	1964	1.44837758e-04	1964.00000000	3.28026140e+15	3.40866627e+15	3.03081643e-03
98249	1263.79775825	1965	1.44911504e-04	1965.00000000	3.28027243e+15	3.40867732e+15	3.03082570e-03
98299	1264.43986503	1966	1.44985251e-04	1966.00000000	3.28028343e+15	3.40868834e+15	3.03083494e-03
98349	1265.08098327	1967	1.45058997e-04	1967.00000000	3.28029440e+15	3.40869933e+15	3.03084415e-03
98399	1265.72423295	1968	1.45132743e-04	1968.00000000	3.28030534e+15	3.40871030e+15	3.03085335e-03
98449	1266.36610167	1969	1.45206490e-04	1969.00000000	3.28031625e+15	3.40872123e+15	3.03086251e-03
98499	1267.00867081	1970	1.45280236e-04	1970.00000000	3.28032713e+15	3.40873214e+15	3.03087166e-03
98549	1267.64948394	1971	1.45353982e-04	1971.00000000	3.28033799e+15	3.40874301e+15	3.03088078e-03
98599	1268.29409788	1972	1.45427729e-04	1972.00000000	3.28034882e+15	3.40875386e+15	3.03088987e-03
98649	1268.93618971	1973	1.45501475e-04	1973.00000000	3.28035961e+15	3.40876468e+15	3.03089894e-03
98699	1269.57875040	1974	1.45575221e-04	1974.00000000	3.28037038e+15	3.40877547e+15	3.03090799e-03
98749	1270.22091262	1975	1.45648968e-04	1975.00000000	3.28038113e+15	3.40878624e+15	3.03091702e-03
98799	1270.86538600	1976	1.45722714e-04	1976.00000000	3.28039184e+15	3.40879697e+15	3.03092602e-03
98849	1271.50663435	1977	1.45796460e-04	1977.00000000	3.28040253e+15	3.40880768e+15	3.03093499e-03
98899	1272.14863359	1978	1.45870206e-04	1978.00000000	3.28041318e+15	3.40881836e+15	3.03094395e-03
98949	1272.78998097	1979	1.45943953e-04	1979.00000000	3.28042381e+15	3.40882901e+15	3.03095288e-03
98999	1273.43372326	1980	1.46017699e-04	1980.00000000	3.28043442e+15	3.40883964e+15	3.03096179e-03
99049	1274.07295541	1981	1.46091445e-04	1981.00000000	3.28044499e+15	3.40885023e+15	3.03097067e-03
99099	1274.71595005	1982	1.46165192e-04	1982.00000000	3.28045554e+15	3.40886080e+15	3.03097953e-03
99149	1275.35665747	1983	1.46238938e-04	1983.00000000	3.28046606e+15	3.40887134e+15	3.03098837e-03
99199	1275.99924166	1984	1.46312684e-04	1984.00000000	3.28047655e+15	3.40888185e+15	3.03099718e-03
99249	1276.64333759	1985	1.46386431e-04	1985.00000000	3.28048701e+15	3.40889234e+15	3.03100597e-03
99299	1277.28704708	1986	1.46460177e-04	1986.00000000	3.28049745e+15	3.40890280e+15	3.03101474e-03
99349	1277.93087695	1987	1.46533923e-04	1987.00000000	3.28050786e+15	3.40891323e+15	3.03102349e-03
99399	1278.57318738	1988	1.46607670e-04	1988.00000000	3.28051824e+15	3.40892363e+15	3.03103221e-03
99449	1279.21477265	1989	1.46681416e-04	1989.00000000	3.28052860e+15	3.40893401e+15	3.03104091e-03
99499	1279.85676967	1990	1.46755162e-04	1990.00000000	3.28053893e+15	3.40894436e+15	3.03104959e-03
99549	1280.50083104	1991	1.46828909e-04	1991.00000000	3.28054923e+15	3.40895468e+15	3.03105824e-03
99599	1281.14210059	1992	1.46902655e-04	1992.00000000	3.28055950e+15	3.40896498e+15	3.03106687e-03
99649	1281.78390796	1993	1.46976401e-04	1993.00000000	3.28056975e+15	3.40897524e+15	3.03107548e-03
99699	1282.42549267	1994	1.47050147e-04	1994.00000000	3.28057997e+15	3.40898549e+15	3.03108407e-03
99749	1283.07017067	1995	1.47123894e-04	1995.00000000	3.28059016e+15	3.40899570e+15	3.03109264e-03
99799	1283.71194131	1996	1.47197640e-04	1996.00000000	3.28060033e+15	3.40900589e+15	3.03110118e-03
99849	1284.35370408	1997	1.47271386e-04	1997.00000000	3.28061047e+15	3.40901605e+15	3.03110970e-03
99899	1284.99709525	1998	1.47345133e-04	1998.00000000	3.28062058e+15	3.40902618e+15	3.03111820e-03
99949	1285.63949122	1999	1.47418879e-04	1999.00000000	3.28063067e+15	3.40903629e+15	3.03112667e-03
99999	1286.28277406	2000	1.47492625e-04	2000.00000000	3.28064073e+15	3.40904637e+15	3.03113512e-03
100049	1286.92724299	2001	1.47566372e-04	2001.00000000	3.28065076e+15	3.40905642e+15	3.03114355e-03
100099	1287.57009543	2002	1.47640118e-04	2002.00000000	3.28066077e+15	3.40906645e+15	3.03115196e-03
100149	1288.21417238	2003	1.47713864e-04	2003.00000000	3.28067075e+15	3.40907645e+15	3.03116035e-03
100199	1288.85618302	2004	1.47787611e-04	2004.00000000	3.28068070e+15	3.40908642e+15	3.03116871e-03
100249	1289.50003337	2005	1.47861357e-04	2005.00000000	3.28069063e+15	3.40909637e+15	3.03117705e-03
100299	1290.14490000	2006	1.47935103e-04	2006.00000000	3.28070053e+15	3.40910629e+15	3.03118537e-03
100349	1290.78679463	2007	1.48008850e-04	2007.00000000	3.28071040e+15	3.40911619e+15	3.03119367e-03
100399	1291.42893374	2008	1.48082596e-04	2008.00000000	3.28072025e+15	3.40912605e+15	3.03120194e-03
100449	1292.07400851	2009	1.48156342e-04	2009.00000000	3.28073007e+15	3.40913590e+15	3.03121020e-03
100499	1292.71797339	2010	1.48230088e-04	2010.00000000	3.28073987e+15	3.40914571e+15	3.03121843e-03
100549	1293.36073383	2011	1.48303835e-04	2011.00000000	3.28074964e+15	3.40915550e+15	3.03122664e-03
100599	1294.00245122	2012	1.48377581e-04	2012.00000000	3.28075938e+15	3.40916527e+15	3.03123482e-03
100649	1294.64423161	2013	1.48451327e-04	2013.00000000	3.28076910e+15	3.40917501e+15	3.03124299e-03
100699	1295.28622751	2014	1.48525074e-04	2014.00000000	3.28077880e+15	3.40918472e+15	3.03125113e-03
100749	1295.92723210	2015	1.48598820e-04	2015.00000000	3.28078846e+15	3.40919440e+15	3.03125926e-03
100799	1296.57072293	2016	1.48672566e-04	2016.00000000	3.28079810e+15	3.40920407e+15	3.03126736e-03
100849	1297.21525659	2017	1.48746313e-04	2017.00000000	3.28080772e+15	3.40921370e+15	3.03127544e-03
100899	1297.85702704	2018	1.48820059e-04	2018.00000000	3.28081731e+15	3.40922331e+15	3.03128350e-03
100949	1298.50020260	2019	1.48893805e-04	2019.00000000	3.28082688e+15	3.40923290e+15	3.03129153e-03
100999	1299.14255670	2020	1.48967552e-04	2020.00000000	3.28083642e+15	3.40924246e+15	3.03129955e-03
101049	1299.78839747	2021	1.49041298e-04	2021.00000000	3.28084593e+15	3.40925199e+15	3.03130754e-03
101099	1300.42920024	2022	1.49115044e-04	2022.00000000	3.28085542e+15	3.40926150e+15	3.03131552e-03
101149	1301.06865543	2023	1.49188791e-04	2023.00000000	3.28086489e+15	3.40927098e+15	3.03132347e-03
101199	1301.71097034	2024	1.49262537e-04	2024.00000000	3.28087433e+15	3.40928044e+15	3.03133140e-03
101249	1302.34936217	2025	1.49336283e-04	2025.00000000	3.28088374e+15	3.40928988e+15	3.03133931e-03
101299	1302.99157004	2026	1.49410029e-04	2026.00000000	3.28089313e+15	3.40929929e+15	3.03134720e-03
101349	1303.63332547	2027	1.49483776e-04	2027.00000000	3.28090249e+15	3.40930867e+15	3.03135507e-03
101399	1304.27389150	2028	1.49557522e-04	2028.00000000	3.28091183e+15	3.40931803e+15	3.03136292e-03
101449	1304.91692779	2029	1.49631268e-04	2029.00000000	3.28092115e+15	3.40932736e+15	3.03137075e-03
101499	1305.55630094	2030	1.49705015e-04	2030.00000000	3.28093044e+15	3.40933667e+15	3.03137855e-03
101549	1306.19783688	2031	1.49778761e-04	2031.00000000	3.28093971e+15	3.40934596e+15	3.03138634e-03
101599	1306.84128194	2032	1.49852507e-04	2032.00000000	3.28094895e+15	3.40935522e+15	3.03139410e-03
101649	1307.48289575	2033	1.49926254e-04	2033.00000000	3.28095817e+15	3.40936446e+15	3.03140185e-03
101699	1308.12140114	2034	1.50000000e-04	2034.00000000	3.28096736e+15	3.40937367e+15	3.03140957e-03
101749	1308.76425474	2035	1.50073746e-04	2035.00000000	3.28097653e+15	3.40938286e+15	3.03141728e-03
101799	1309.40721788	2036	1.50147493e-04	2036.00000000	3.28098567e+15	3.40939202e+15	3.03142496e-03
101849	1310.04891143	2037	1.50221239e-04	2037.00000000	3.28099479e+15	3.40940116e+15	3.03143263e-03
101899	1310.69122277	2038	1.50294985e-04	2038.00000000	3.28100389e+15	3.40941027e+15	3.03144027e-03
101949	1311.33351503	2039	1.50368732e-04	2039.00000000	3.28101296e+15	3.40941936e+15	3.03144789e-03
101999	1311.97513472	2040	1.50442478e-04	2040.00000000	3.28102201e+15	3.40942843e+15	3.03145550e-03
102049	1312.61789257	2041	1.50516224e-04	2041.00000000	3.28103103e+15	3.40943747e+15	3.03146308e-03
102099	1313.26207776	2042	1.50589971e-04	2042.00000000	3.28104003e+15	3.40944649e+15	3.03147064e-03
102149	1313.90666585	2043	1.50663717e-04	2043.00000000	3.28104901e+15	3.40945548e+15	3.03147818e-03
102199	1314.55089283	2044	1.50737463e-04	2044.00000000	3.28105796e+15	3.40946446e+15	3.03148570e-03
102249	1315.19510922	2045	1.50811209e-04	2045.00000000	3.28106689e+15	3.40947340e+15	3.03149321e-03
102299	1315.83433996	2046	1.50884956e-04	2046.00000000	3.28107580e+15	3.40948233e+15	3.03150069e-03
102349	1316.47606088	2047	1.50958702e-04	2047.00000000	3.28108468e+15	3.40949122e+15	3.03150815e-03
102399	1317.11392331	2048	1.51032448e-04	2048.00000000	3.28109353e+15	3.40950010e+15	3.03151560e-03
102449	1317.75911146	2049	1.51106195e-04	2049.00000000	3.28110237e+15	3.40950895e+15	3.03152302e-03
102499	1318.40133058	2050	1.51179941e-04	2050.00000000	3.28111118e+15	3.40951778e+15	3.03153042e-03
102549	1319.04325657	2051	1.51253687e-04	2051.00000000	3.28111997e+15	3.40952659e+15	3.03153781e-03
102599	1319.68413915	2052	1.51327434e-04	2052.00000000	3.28112873e+15	3.40953537e+15	3.03154517e-03
102649	1320.32663193	2053	1.51401180e-04	2053.00000000	3.28113747e+15	3.40954413e+15	3.03155251e-03
102699	1320.96732954	2054	1.51474926e-04	2054.00000000	3.28114619e+15	3.40955286e+15	3.03155984e-03
102749	1321.61071588	2055	1.51548673e-04	2055.00000000	3.28115488e+15	3.40956157e+15	3.03156714e-03
102799	1322.25284294	2056	1.51622419e-04	2056.00000000	3.28116355e+15	3.40957026e+15	3.03157443e-03
102849	1322.89636698	2057	1.51696165e-04	2057.00000000	3.28117220e+15	3.40957893e+15	3.03158170e-03
102899	1323.54003973	2058	1.51769912e-04	2058.00000000	3.28118083e+15	3.40958757e+15	3.03158895e-03
102949	1324.18228631	2059	1.51843658e-04	2059.00000000	3.28118943e+15	3.40959619e+15	3.03159617e-03
102999	1324.82664771	2060	1.51917404e-04	2060.00000000	3.28119801e+15	3.40960479e+15	3.03160338e-03
103049	1325.46954732	2061	1.51991150e-04	2061.00000000	3.28120657e+15	3.40961337e+15	3.03161057e-03
103099	1326.11064922	2062	1.52064897e-04	2062.00000000	3.28121510e+15	3.40962192e+15	3.03161774e-03
103149	1326.75180799	2063	1.52138643e-04	2063.00000000	3.28122361e+15	3.40963045e+15	3.03162490e-03
103199	1327.39416779	2064	1.52212389e-04	2064.00000000	3.28123210e+15	3.40963895e+15	3.03163203e-03
103249	1328.03470090	2065	1.52286136e-04	2065.00000000	3.28124057e+15	3.40964744e+15	3.03163914e-03
103299	1328.67786073	2066	1.52359882e-04	2066.00000000	3.28124901e+15	3.40965590e+15	3.03164624e-03
103349	1329.32055033	2067	1.52433628e-04	2067.00000000	3.28125744e+15	3.40966434e+15	3.03165332e-03
103399	1329.96405825	2068	1.52507375e-04	2068.00000000	3.28126584e+15	3.40967275e+15	3.03166037e-03
103449	1330.60262015	2069	1.52581121e-04	2069.00000000	3.28127421e+15	3.40968115e+15	3.03166741e-03
103499	1331.24624157	2070	1.52654867e-04	2070.00000000	3.28128257e+15	3.40968952e+15	3.03167443e-03
103549	1331.89041610	2071	1.52728614e-04	2071.00000000	3.28129090e+15	3.40969787e+15	3.03168144e-03
103599	1332.53315045	2072	1.52802360e-04	2072.00000000	3.28129921e+15	3.40970620e+15	3.03168842e-03
103649	1333.17676993	2073	1.52876106e-04	2073.00000000	3.28130750e+15	3.40971450e+15	3.03169538e-03
103699	1333.82030590	2074	1.52949853e-04	2074.00000000	3.28131577e+15	3.40972279e+15	3.03170233e-03
103749	1334.46538855	2075	1.53023599e-04	2075.00000000	3.28132401e+15	3.40973105e+15	3.03170926e-03
103799	1335.10829041	2076	1.53097345e-04	2076.00000000	3.28133224e+15	3.40973929e+15	3.03171617e-03
103849	1335.75166553	2077	1.53171091e-04	2077.00000000	3.28134044e+15	3.40974751e+15	3.03172306e-03
103899	1336.39246343	2078	1.53244838e-04	2078.00000000	3.28134862e+15	3.40975570e+15	3.03172993e-03
103949	1337.03328355	2079	1.53318584e-04	2079.00000000	3.28135677e+15	3.40976388e+15	3.03173679e-03
103999	1337.67648857	2080	1.53392330e-04	2080.00000000	3.28136491e+15	3.40977203e+15	3.03174362e-03
104049	1338.31645795	2081	1.53466077e-04	2081.00000000	3.28137303e+15	3.40978016e+15	3.03175044e-03
104099	1338.95935030	2082	1.53539823e-04	2082.00000000	3.28138112e+15	3.40978827e+15	3.03175724e-03
104149	1339.60311092	2083	1.53613569e-04	2083.00000000	3.28138919e+15	3.40979636e+15	3.03176402e-03
104199	1340.24633735	2084	1.53687316e-04	2084.00000000	3.28139724e+15	3.40980443e+15	3.03177079e-03
104249	1340.88805428	2085	1.53761062e-04	2085.00000000	3.28140527e+15	3.40981248e+15	3.03177754e-03
104299	1341.53218668	2086	1.53834808e-04	2086.00000000	3.28141328e+15	3.40982050e+15	3.03178427e-03
104349	1342.17456753	2087	1.53908555e-04	2087.00000000	3.28142127e+15	3.40982851e+15	3.03179098e-03
104399	1342.81555107	2088	1.53982301e-04	2088.00000000	3.28142924e+15	3.40983649e+15	3.03179767e-03
104449	1343.45867113	2089	1.54056047e-04	2089.00000000	3.28143718e+15	3.40984445e+15	3.03180435e-03
104499	1344.10243643	2090	1.54129794e-04	2090.00000000	3.28144511e+15	3.40985240e+15	3.03181101e-03
104549	1344.74453789	2091	1.54203540e-04	2091.00000000	3.28145301e+15	3.40986032e+15	3.03181765e-03
104599	1345.38729082	2092	1.54277286e-04	2092.00000000	3.28146090e+15	3.40986822e+15	3.03182427e-03
104649	1346.02904012	2093	1.54351032e-04	2093.00000000	3.28146876e+15	3.40987610e+15	3.03183088e-03
104699	1346.67343636	2094	1.54424779e-04	2094.00000000	3.28147660e+15	3.40988395e+15	3.03183747e-03
104749	1347.31621251	2095	1.54498525e-04	2095.00000000	3.28148443e+15	3.40989179e+15	3.03184404e-03
104799	1347.95784438	2096	1.54572271e-04	2096.00000000	3.28149223e+15	3.40989961e+15	3.03185059e-03
104849	1348.59825455	2097	1.54646018e-04	2097.00000000	3.28150001e+15	3.40990741e+15	3.03185713e-03
104899	1349.24149746	2098	1.54719764e-04	2098.00000000	3.28150777e+15	3.40991518e+15	3.03186365e-03
104949	1349.88036512	2099	1.54793510e-04	2099.00000000	3.28151551e+15	3.40992294e+15	3.03187016e-03
104999	1350.52394942	2100	1.54867257e-04	2100.00000000	3.28152323e+15	3.40993067e+15	3.03187664e-03
105049	1351.16344761	2101	1.54941003e-04	2101.00000000	3.28153093e+15	3.40993839e+15	3.03188311e-03
105099	1351.80671393	2102	1.55014749e-04	2102.00000000	3.28153861e+15	3.40994609e+15	3.03188956e-03
105149	1352.45212574	2103	1.55088496e-04	2103.00000000	3.28154627e+15	3.40995376e+15	3.03189600e-03
105199	1353.09430410	2104	1.55162242e-04	2104.00000000	3.28155391e+15	3.40996142e+15	3.03190242e-03
105249	1353.73693555	2105	1.55235988e-04	2105.00000000	3.28156153e+15	3.40996905e+15	3.03190882e-03
105299	1354.37776479	2106	1.55309735e-04	2106.00000000	3.28156913e+15	3.40997667e+15	3.03191521e-03
105349	1355.01970983	2107	1.55383481e-04	2107.00000000	3.28157671e+15	3.40998426e+15	3.03192157e-03
105399	1355.66277720	2108	1.55457227e-04	2108.00000000	3.28158426e+15	3.40999184e+15	3.03192793e-03
105449	1356.30732572	2109	1.55530973e-04	2109.00000000	3.28159180e+15	3.40999939e+15	3.03193426e-03
105499	1356.95057832	2110	1.55604720e-04	2110.00000000	3.28159932e+15	3.41000693e+15	3.03194058e-03
105549	1357.59329906	2111	1.55678466e-04	2111.00000000	3.28160683e+15	3.41001444e+15	3.03194688e-03
105599	1358.23622401	2112	1.55752212e-04	2112.00000000	3.28161431e+15	3.41002194e+15	3.03195317e-03
105649	1358.87923031	2113	1.55825959e-04	2113.00000000	3.28162177e+15	3.41002942e+15	3.03195944e-03
105699	1359.52177209	2114	1.55899705e-04	2114.00000000	3.28162921e+15	3.41003687e+15	3.03196569e-03
105749	1360.16273785	2115	1.55973451e-04	2115.00000000	3.28163663e+15	3.41004431e+15	3.03197192e-03
105799	1360.80618944	2116	1.56047198e-04	2116.00000000	3.28164403e+15	3.41005173e+15	3.03197814e-03
105849	1361.45023675	2117	1.56120944e-04	2117.00000000	3.28165142e+15	3.41005913e+15	3.03198435e-03
105899	1362.09241086	2118	1.56194690e-04	2118.00000000	3.28165878e+15	3.41006651e+15	3.03199054e-03
105949	1362.73378164	2119	1.56268437e-04	2119.00000000	3.28166613e+15	3.41007387e+15	3.03199671e-03
105999	1363.37517252	2120	1.56342183e-04	2120.00000000	3.28167345e+15	3.41008121e+15	3.03200286e-03
106049	1364.01832433	2121	1.56415929e-04	2121.00000000	3.28168076e+15	3.41008853e+15	3.03200900e-03
106099	1364.65856823	2122	1.56489676e-04	2122.00000000	3.28168805e+15	3.41009583e+15	3.03201512e-03
106149	1365.29998788	2123	1.56563422e-04	2123.00000000	3.28169531e+15	3.41010311e+15	3.03202123e-03
106199	1365.94286139	2124	1.56637168e-04	2124.00000000	3.28170256e+15	3.41011038e+15	3.03202732e-03
106249	1366.58715434	2125	1.56710914e-04	2125.00000000	3.28170979e+15	3.41011762e+15	3.03203340e-03
106299	1367.22991341	2126	1.56784661e-04	2126.00000000	3.28171701e+15	3.41012485e+15	3.03203946e-03
106349	1367.87166800	2127	1.56858407e-04	2127.00000000	3.28172420e+15	3.41013206e+15	3.03204550e-03
106399	1368.51562448	2128	1.56932153e-04	2128.00000000	3.28173137e+15	3.41013925e+15	3.03205153e-03
106449	1369.15831049	2129	1.57005900e-04	2129.00000000	3.28173853e+15	3.41014641e+15	3.03205754e-03
106499	1369.80370904	2130	1.57079646e-04	2130.00000000	3.28174566e+15	3.41015357e+15	3.03206353e-03
106549	1370.44686618	2131	1.57153392e-04	2131.00000000	3.28175278e+15	3.41016070e+15	3.03206951e-03
106599	1371.08933684	2132	1.57227139e-04	2132.00000000	3.28175988e+15	3.41016781e+15	3.03207548e-03
106649	1371.73040975	2133	1.57300885e-04	2133.00000000	3.28176696e+15	3.41017491e+15	3.03208143e-03
106699	1372.37135009	2134	1.57374631e-04	2134.00000000	3.28177402e+15	3.41018198e+15	3.03208736e-03
106749	1373.01274418	2135	1.57448378e-04	2135.00000000	3.28178107e+15	3.41018904e+15	3.03209328e-03
106799	1373.65381742	2136	1.57522124e-04	2136.00000000	3.28178809e+15	3.41019608e+15	3.03209918e-03
106849	1374.29837550	2137	1.57595870e-04	2137.00000000	3.28179510e+15	3.41020310e+15	3.03210507e-03
106899	1374.94119361	2138	1.57669617e-04	2138.00000000	3.28180209e+15	3.41021011e+15	3.03211094e-03
106949	1375.58681438	2139	1.57743363e-04	2139.00000000	3.28180906e+15	3.41021709e+15	3.03211680e-03
106999	1376.22737556	2140	1.57817109e-04	2140.00000000	3.28181601e+15	3.41022406e+15	3.03212264e-03
107049	1376.87121583	2141	1.57890855e-04	2141.00000000	3.28182294e+15	3.41023100e+15	3.03212847e-03
107099	1377.51374145	2142	1.57964602e-04	2142.00000000	3.28182986e+15	3.41023794e+15	3.03213428e-03
107149	1378.15478581	2143	1.58038348e-04	2143.00000000	3.28183676e+15	3.41024485e+15	3.03214007e-03
107199	1378.79771039	2144	1.58112094e-04	2144.00000000	3.28184364e+15	3.41025174e+15	3.03214585e-03
107249	1379.44197616	2145	1.58185841e-04	2145.00000000	3.28185050e+15	3.41025862e+15	3.03215162e-03
107299	1380.08485552	2146	1.58259587e-04	2146.00000000	3.28185734e+15	3.41026548e+15	3.03215737e-03
107349	1380.72735572	2147	1.58333333e-04	2147.00000000	3.28186417e+15	3.41027232e+15	3.03216310e-03
107399	1381.37199826	2148	1.58407080e-04	2148.00000000	3.28187098e+15	3.41027914e+15	3.03216882e-03
107449	1382.01416405	2149	1.58480826e-04	2149.00000000	3.28187777e+15	3.41028594e+15	3.03217453e-03
107499	1382.65793102	2150	1.58554572e-04	2150.00000000	3.28188454e+15	3.41029273e+15	3.03218022e-03
107549	1383.30053416	2151	1.58628319e-04	2151.00000000	3.28189130e+15	3.41029950e+15	3.03218590e-03
107599	1383.94409636	2152	1.58702065e-04	2152.00000000	3.28189803e+15	3.41030625e+15	3.03219156e-03
107649	1384.58618860	2153	1.58775811e-04	2153.00000000	3.28190475e+15	3.41031298e+15	3.03219720e-03
107699	1385.22896938	2154	1.58849558e-04	2154.00000000	3.28191146e+15	3.41031970e+15	3.03220283e-03
107749	1385.87024119	2155	1.58923304e-04	2155.00000000	3.28191814e+15	3.41032640e+15	3.03220845e-03
107799	1386.51277260	2156	1.58997050e-04	2156.00000000	3.28192481e+15	3.41033308e+15	3.03221405e-03
107849	1387.15665751	2157	1.59070796e-04	2157.00000000	3.28193146e+15	3.41033974e+15	3.03221964e-03
107899	1387.80021124	2158	1.59144543e-04	2158.00000000	3.28193809e+15	3.41034639e+15	3.03222521e-03
107949	1388.44201550	2159	1.59218289e-04	2159.00000000	3.28194471e+15	3.41035302e+15	3.03223077e-03
107999	1389.08705962	2160	1.59292035e-04	2160.00000000	3.28195131e+15	3.41035963e+15	3.03223632e-03
108049	1389.72976724	2161	1.59365782e-04	2161.00000000	3.28195789e+15	3.41036623e+15	3.03224185e-03
108099	1390.37051312	2162	1.59439528e-04	2162.00000000	3.28196445e+15	3.41037280e+15	3.03224736e-03
108149	1391.01210416	2163	1.59513274e-04	2163.00000000	3.28197100e+15	3.41037936e+15	3.03225286e-03
108199	1391.65380411	2164	1.59587021e-04	2164.00000000	3.28197753e+15	3.41038591e+15	3.03225835e-03
108249	1392.29258526	2165	1.59660767e-04	2165.00000000	3.28198404e+15	3.41039243e+15	3.03226382e-03
108299	1392.93430390	2166	1.59734513e-04	2166.00000000	3.28199054e+15	3.41039894e+15	3.03226928e-03
108349	1393.57694664	2167	1.59808260e-04	2167.00000000	3.28199702e+15	3.41040543e+15	3.03227472e-03
108399	1394.22085258	2168	1.59882006e-04	2168.00000000	3.28200348e+15	3.41041191e+15	3.03228015e-03
108449	1394.86629268	2169	1.59955752e-04	2169.00000000	3.28200992e+15	3.41041837e+15	3.03228557e-03
108499	1395.51057482	2170	1.60029499e-04	2170.00000000	3.28201635e+15	3.41042481e+15	3.03229097e-03
108549	1396.15264732	2171	1.60103245e-04	2171.00000000	3.28202276e+15	3.41043123e+15	3.03229635e-03
108599	1396.79604473	2172	1.60176991e-04	2172.00000000	3.28202916e+15	3.41043764e+15	3.03230173e-03
108649	1397.43882129	2173	1.60250737e-04	2173.00000000	3.28203554e+15	3.41044403e+15	3.03230709e-03
108699	1398.07955470	2174	1.60324484e-04	2174.00000000	3.28204190e+15	3.41045041e+15	3.03231243e-03
108749	1398.72112405	2175	1.60398230e-04	2175.00000000	3.28204824e+15	3.41045677e+15	3.03231776e-03
108799	1399.36464765	2176	1.60471976e-04	2176.00000000	3.28205457e+15	3.41046311e+15	3.03232308e-03
108849	1400.00660092	2177	1.60545723e-04	2177.00000000	3.28206088e+15	3.41046943e+15	3.03232838e-03
108899	1400.65175828	2178	1.60619469e-04	2178.00000000	3.28206718e+15	3.41047574e+15	3.03233367e-03
108949	1401.29283054	2179	1.60693215e-04	2179.00000000	3.28207346e+15	3.41048203e+15	3.03233895e-03
108999	1401.93447749	2180	1.60766962e-04	2180.00000000	3.28207972e+15	3.41048831e+15	3.03234421e-03
109049	1402.57889206	2181	1.60840708e-04	2181.00000000	3.28208597e+15	3.41049457e+15	3.03234946e-03
109099	1403.22207893	2182	1.60914454e-04	2182.00000000	3.28209220e+15	3.41050081e+15	3.03235469e-03
109149	1403.86486445	2183	1.60988201e-04	2183.00000000	3.28209841e+15	3.41050704e+15	3.03235991e-03
109199	1404.50903257	2184	1.61061947e-04	2184.00000000	3.28210461e+15	3.41051325e+15	3.03236512e-03
109249	1405.15243846	2185	1.61135693e-04	2185.00000000	3.28211079e+15	3.41051945e+15	3.03237032e-03
109299	1405.79718189	2186	1.61209440e-04	2186.00000000	3.28211696e+15	3.41052562e+15	3.03237550e-03
109349	1406.44097939	2187	1.61283186e-04	2187.00000000	3.28212311e+15	3.41053179e+15	3.03238066e-03
109399	1407.08553906	2188	1.61356932e-04	2188.00000000	3.28212924e+15	3.41053793e+15	3.03238582e-03
109449	1407.72851293	2189	1.61430678e-04	2189.00000000	3.28213536e+15	3.41054406e+15	3.03239096e-03
109499	1408.37185798	2190	1.61504425e-04	2190.00000000	3.28214146e+15	3.41055018e+15	3.03239608e-03
109549	1409.01326588	2191	1.61578171e-04	2191.00000000	3.28214755e+15	3.41055628e+15	3.03240120e-03
109599	1409.65451614	2192	1.61651917e-04	2192.00000000	3.28215362e+15	3.41056236e+15	3.03240630e-03
109649	1410.29671404	2193	1.61725664e-04	2193.00000000	3.28215967e+15	3.41056843e+15	3.03241138e-03
109699	1410.93988909	2194	1.61799410e-04	2194.00000000	3.28216571e+15	3.41057448e+15	3.03241646e-03
109749	1411.58130718	2195	1.61873156e-04	2195.00000000	3.28217174e+15	3.41058051e+15	3.03242152e-03
109799	1412.22657511	2196	1.61946903e-04	2196.00000000	3.28217774e+15	3.41058653e+15	3.03242657e-03
109849	1412.86844060	2197	1.62020649e-04	2197.00000000	3.28218374e+15	3.41059254e+15	3.03243160e-03
109899	1413.51495861	2198	1.62094395e-04	2198.00000000	3.28218971e+15	3.41059852e+15	3.03243662e-03
109949	1414.16021999	2199	1.62168142e-04	2199.00000000	3.28219567e+15	3.41060450e+15	3.03244163e-03
109999	1414.80367828	2200	1.62241888e-04	2200.00000000	3.28220162e+15	3.41061046e+15	3.03244662e-03
110049	1415.44591460	2201	1.62315634e-04	2201.00000000	3.28220755e+15	3.41061640e+15	3.03245161e-03
110099	1416.08762678	2202	1.62389381e-04	2202.00000000	3.28221346e+15	3.41062232e+15	3.03245658e-03
110149	1416.72867062	2203	1.62463127e-04	2203.00000000	3.28221936e+15	3.41062823e+15	3.03246153e-03
110199	1417.37064324	2204	1.62536873e-04	2204.00000000	3.28222524e+15	3.41063413e+15	3.03246648e-03
110249	1418.01244196	2205	1.62610619e-04	2205.00000000	3.28223111e+15	3.41064001e+15	3.03247141e-03
110299	1418.65435636	2206	1.62684366e-04	2206.00000000	3.28223697e+15	3.41064588e+15	3.03247632e-03
110349	1419.29607572	2207	1.62758112e-04	2207.00000000	3.28224280e+15	3.41065173e+15	3.03248123e-03
110399	1419.93888435	2208	1.62831858e-04	2208.00000000	3.28224863e+15	3.41065756e+15	3.03248612e-03
110449	1420.58132415	2209	1.62905605e-04	2209.00000000	3.28225443e+15	3.41066338e+15	3.03249100e-03
110499	1421.22498483	2210	1.62979351e-04	2210.00000000	3.28226023e+15	3.41066918e+15	3.03249587e-03
110549	1421.86732741	2211	1.63053097e-04	2211.00000000	3.28226600e+15	3.41067497e+15	3.03250072e-03
110599	1422.50773674	2212	1.63126844e-04	2212.00000000	3.28227177e+15	3.41068075e+15	3.03250556e-03
110649	1423.15056711	2213	1.63200590e-04	2213.00000000	3.28227751e+15	3.41068651e+15	3.03251039e-03
110699	1423.79236171	2214	1.63274336e-04	2214.00000000	3.28228325e+15	3.41069225e+15	3.03251521e-03
110749	1424.43390383	2215	1.63348083e-04	2215.00000000	3.28228896e+15	3.41069798e+15	3.03252001e-03
110799	1425.07565505	2216	1.63421829e-04	2216.00000000	3.28229467e+15	3.41070370e+15	3.03252480e-03
110849	1425.71688938	2217	1.63495575e-04	2217.00000000	3.28230036e+15	3.41070940e+15	3.03252958e-03
110899	1426.35898627	2218	1.63569322e-04	2218.00000000	3.28230603e+15	3.41071508e+15	3.03253435e-03
110949	1427.00160358	2219	1.63643068e-04	2219.00000000	3.28231169e+15	3.41072075e+15	3.03253910e-03
110999	1427.64396891	2220	1.63716814e-04	2220.00000000	3.28231733e+15	3.41072641e+15	3.03254384e-03
111049	1428.28658981	2221	1.63790560e-04	2221.00000000	3.28232296e+15	3.41073205e+15	3.03254857e-03
111099	1428.92825171	2222	1.63864307e-04	2222.00000000	3.28232858e+15	3.41073767e+15	3.03255329e-03
111149	1429.57044245	2223	1.63938053e-04	2223.00000000	3.28233418e+15	3.41074328e+15	3.03255800e-03
111199	1430.21119136	2224	1.64011799e-04	2224.00000000	3.28233976e+15	3.41074888e+15	3.03256269e-03
111249	1430.85235215	2225	1.64085546e-04	2225.00000000	3.28234533e+15	3.41075446e+15	3.03256737e-03
111299	1431.49395587	2226	1.64159292e-04	2226.00000000	3.28235089e+15	3.41076003e+15	3.03257204e-03
111349	1432.13640000	2227	1.64233038e-04	2227.00000000	3.28235643e+15	3.41076559e+15	3.03257669e-03
111399	1432.77712012	2228	1.64306785e-04	2228.00000000	3.28236196e+15	3.41077112e+15	3.03258134e-03
111449	1433.41928468	2229	1.64380531e-04	2229.00000000	3.28236747e+15	3.41077665e+15	3.03258597e-03
111499	1434.06016441	2230	1.64454277e-04	2230.00000000	3.28237297e+15	3.41078216e+15	3.03259059e-03
111549	1434.70115592	2231	1.64528024e-04	2231.00000000	3.28237846e+15	3.41078766e+15	3.03259520e-03
111599	1435.34380339	2232	1.64601770e-04	2232.00000000	3.28238393e+15	3.41079314e+15	3.03259980e-03
111649	1435.98557370	2233	1.64675516e-04	2233.00000000	3.28238938e+15	3.41079860e+15	3.03260438e-03
111699	1436.63062925	2234	1.64749263e-04	2234.00000000	3.28239483e+15	3.41080406e+15	3.03260895e-03
111749	1437.27553576	2235	1.64823009e-04	2235.00000000	3.28240025e+15	3.41080950e+15	3.03261351e-03
111799	1437.91912383	2236	1.64896755e-04	2236.00000000	3.28240567e+15	3.41081492e+15	3.03261806e-03
111849	1438.55953554	2237	1.64970501e-04	2237.00000000	3.28241107e+15	3.41082033e+15	3.03262260e-03
111899	1439.20315371	2238	1.65044248e-04	2238.00000000	3.28241645e+15	3.41082573e+15	3.03262712e-03
111949	1439.84482880	2239	1.65117994e-04	2239.00000000	3.28242183e+15	3.41083111e+15	3.03263164e-03
111999	1440.48754798	2240	1.65191740e-04	2240.00000000	3.28242718e+15	3.41083648e+15	3.03263614e-03
112049	1441.13280043	2241	1.65265487e-04	2241.00000000	3.28243253e+15	3.41084184e+15	3.03264063e-03
112099	1441.77618382	2242	1.65339233e-04	2242.00000000	3.28243785e+15	3.41084718e+15	3.03264511e-03
112149	1442.42038223	2243	1.65412979e-04	2243.00000000	3.28244317e+15	3.41085250e+15	3.03264957e-03
112199	1443.06261821	2244	1.65486726e-04	2244.00000000	3.28244847e+15	3.41085781e+15	3.03265402e-03
112249	1443.70641385	2245	1.65560472e-04	2245.00000000	3.28245376e+15	3.41086311e+15	3.03265847e-03
112299	1444.35072831	2246	1.65634218e-04	2246.00000000	3.28245903e+15	3.41086840e+15	3.03266290e-03
112349	1444.99262976	2247	1.65707965e-04	2247.00000000	3.28246429e+15	3.41087367e+15	3.03266732e-03
112399	1445.63366913	2248	1.65781711e-04	2248.00000000	3.28246954e+15	3.41087892e+15	3.03267172e-03
112449	1446.27430535	2249	1.65855457e-04	2249.00000000	3.28247477e+15	3.41088417e+15	3.03267612e-03
112499	1446.91743997	2250	1.65929204e-04	2250.00000000	3.28247999e+15	3.41088939e+15	3.03268050e-03
112549	1447.56252967	2251	1.66002950e-04	2251.00000000	3.28248519e+15	3.41089461e+15	3.03268488e-03
112599	1448.20454204	2252	1.66076696e-04	2252.00000000	3.28249038e+15	3.41089981e+15	3.03268924e-03
112649	1448.84625476	2253	1.66150442e-04	2253.00000000	3.28249556e+15	3.41090500e+15	3.03269359e-03
112699	1449.48935183	2254	1.66224189e-04	2254.00000000	3.28250072e+15	3.41091017e+15	3.03269793e-03
112749	1450.13102416	2255	1.66297935e-04	2255.00000000	3.28250587e+15	3.41091533e+15	3.03270225e-03
112799	1450.77219691	2256	1.66371681e-04	2256.00000000	3.28251101e+15	3.41092048e+15	3.03270657e-03
112849	1451.41363072	2257	1.66445428e-04	2257.00000000	3.28251613e+15	3.41092562e+15	3.03271087e-03
112899	1452.05647300	2258	1.66519174e-04	2258.00000000	3.28252124e+15	3.41093074e+15	3.03271517e-03
112949	1452.70003261	2259	1.66592920e-04	2259.00000000	3.28252634e+15	3.41093584e+15	3.03271945e-03
112999	1453.34459930	2260	1.66666667e-04	2260.00000000	3.28253143e+15	3.41094094e+15	3.03272372e-03
113049	1453.99001321	2261	1.66740413e-04	2261.00000000	3.28253650e+15	3.41094602e+15	3.03272798e-03
113099	1454.63183111	2262	1.66814159e-04	2262.00000000	3.28254155e+15	3.41095109e+15	3.03273223e-03
113149	1455.27614318	2263	1.66887906e-04	2263.00000000	3.28254660e+15	3.41095614e+15	3.03273647e-03
113199	1455.92027114	2264	1.66961652e-04	2264.00000000	3.28255163e+15	3.41096118e+15	3.03274069e-03
113249	1456.56322428	2265	1.67035398e-04	2265.00000000	3.28255665e+15	3.41096621e+15	3.03274491e-03
113299	1457.20682317	2266	1.67109145e-04	2266.00000000	3.28256166e+15	3.41097123e+15	3.03274912e-03
113349	1457.85119414	2267	1.67182891e-04	2267.00000000	3.28256665e+15	3.41097623e+15	3.03275331e-03
113399	1458.49311469	2268	1.67256637e-04	2268.00000000	3.28257163e+15	3.41098122e+15	3.03275749e-03
113449	1459.13601900	2269	1.67330383e-04	2269.00000000	3.28257659e+15	3.41098620e+15	3.03276167e-03
113499	1459.78064395	2270	1.67404130e-04	2270.00000000	3.28258155e+15	3.41099116e+15	3.03276583e-03
113549	1460.42516476	2271	1.67477876e-04	2271.00000000	3.28258649e+15	3.41099611e+15	3.03276998e-03
113599	1461.06811832	2272	1.67551622e-04	2272.00000000	3.28259142e+15	3.41100105e+15	3.03277412e-03
113649	1461.71326729	2273	1.67625369e-04	2273.00000000	3.28259633e+15	3.41100598e+15	3.03277825e-03
113699	1462.35489415	2274	1.67699115e-04	2274.00000000	3.28260123e+15	3.41101089e+15	3.03278237e-03
113749	1463.00020045	2275	1.67772861e-04	2275.00000000	3.28260612e+15	3.41101579e+15	3.03278648e-03
113799	1463.64412087	2276	1.67846608e-04	2276.00000000	3.28261100e+15	3.41102068e+15	3.03279057e-03
113849	1464.28989641	2277	1.67920354e-04	2277.00000000	3.28261587e+15	3.41102555e+15	3.03279466e-03
113899	1464.93288737	2278	1.67994100e-04	2278.00000000	3.28262072e+15	3.41103041e+15	3.03279874e-03
113949	1465.57560730	2279	1.68067847e-04	2279.00000000	3.28262556e+15	3.41103526e+15	3.03280280e-03
113999	1466.21602058	2280	1.68141593e-04	2280.00000000	3.28263038e+15	3.41104010e+15	3.03280685e-03
114049	1466.86064272	2281	1.68215339e-04	2281.00000000	3.28263520e+15	3.41104492e+15	3.03281090e-03
114099	1467.50137669	2282	1.68289086e-04	2282.00000000	3.28264000e+15	3.41104973e+15	3.03281493e-03
114149	1468.14357309	2283	1.68362832e-04	2283.00000000	3.28264479e+15	3.41105453e+15	3.03281896e-03
114199	1468.78762751	2284	1.68436578e-04	2284.00000000	3.28264956e+15	3.41105932e+15	3.03282297e-03
114249	1469.42986114	2285	1.68510324e-04	2285.00000000	3.28265433e+15	3.41106409e+15	3.03282697e-03
114299	1470.07054707	2286	1.68584071e-04	2286.00000000	3.28265908e+15	3.41106885e+15	3.03283096e-03
114349	1470.71164793	2287	1.68657817e-04	2287.00000000	3.28266382e+15	3.41107360e+15	3.03283494e-03
114399	1471.35351924	2288	1.68731563e-04	2288.00000000	3.28266854e+15	3.41107834e+15	3.03283891e-03
114449	1471.99881632	2289	1.68805310e-04	2289.00000000	3.28267326e+15	3.41108306e+15	3.03284287e-03
114499	1472.64233392	2290	1.68879056e-04	2290.00000000	3.28267796e+15	3.41108777e+15	3.03284682e-03
114549	1473.28369400	2291	1.68952802e-04	2291.00000000	3.28268265e+15	3.41109247e+15	3.03285076e-03
114599	1473.92480316	2292	1.69026549e-04	2292.00000000	3.28268732e+15	3.41109716e+15	3.03285469e-03
114649	1474.56803040	2293	1.69100295e-04	2293.00000000	3.28269199e+15	3.41110183e+15	3.03285861e-03
114699	1475.20870363	2294	1.69174041e-04	2294.00000000	3.28269664e+15	3.41110649e+15	3.03286252e-03
114749	1475.85035160	2295	1.69247788e-04	2295.00000000	3.28270128e+15	3.41111114e+15	3.03286642e-03
114799	1476.49251016	2296	1.69321534e-04	2296.00000000	3.28270591e+15	3.41111578e+15	3.03287031e-03
114849	1477.13516802	2297	1.69395280e-04	2297.00000000	3.28271053e+15	3.41112041e+15	3.03287419e-03
114899	1477.78079439	2298	1.69469027e-04	2298.00000000	3.28271513e+15	3.41112502e+15	3.03287805e-03
114949	1478.42492535	2299	1.69542773e-04	2299.00000000	3.28271972e+15	3.41112962e+15	3.03288191e-03
114999	1479.06837240	2300	1.69616519e-04	2300.00000000	3.28272431e+15	3.41113421e+15	3.03288576e-03
115049	1479.71385366	2301	1.69690265e-04	2301.00000000	3.28272887e+15	3.41113879e+15	3.03288960e-03
115099	1480.35459500	2302	1.69764012e-04	2302.00000000	3.28273343e+15	3.41114336e+15	3.03289343e-03
115149	1480.99760791	2303	1.69837758e-04	2303.00000000	3.28273797e+15	3.41114791e+15	3.03289724e-03
115199	1481.63984484	2304	1.69911504e-04	2304.00000000	3.28274251e+15	3.41115245e+15	3.03290105e-03
115249	1482.28206165	2305	1.69985251e-04	2305.00000000	3.28274703e+15	3.41115698e+15	3.03290485e-03
115299	1482.92503783	2306	1.70058997e-04	2306.00000000	3.28275154e+15	3.41116150e+15	3.03290864e-03
115349	1483.56999217	2307	1.70132743e-04	2307.00000000	3.28275603e+15	3.41116601e+15	3.03291242e-03
115399	1484.21333525	2308	1.70206490e-04	2308.00000000	3.28276052e+15	3.41117050e+15	3.03291618e-03
115449	1484.85633009	2309	1.70280236e-04	2309.00000000	3.28276499e+15	3.41117498e+15	3.03291994e-03
115499	1485.49882027	2310	1.70353982e-04	2310.00000000	3.28276945e+15	3.41117945e+15	3.03292369e-03
115549	1486.14317649	2311	1.70427729e-04	2311.00000000	3.28277390e+15	3.41118391e+15	3.03292743e-03
115599	1486.78542308	2312	1.70501475e-04	2312.00000000	3.28277834e+15	3.41118836e+15	3.03293116e-03
115649	1487.42811775	2313	1.70575221e-04	2313.00000000	3.28278277e+15	3.41119280e+15	3.03293488e-03
115699	1488.07033206	2314	1.70648968e-04	2314.00000000	3.28278718e+15	3.41119722e+15	3.03293859e-03
115749	1488.71428045	2315	1.70722714e-04	2315.00000000	3.28279159e+15	3.41120163e+15	3.03294228e-03
115799	1489.35837598	2316	1.70796460e-04	2316.00000000	3.28279598e+15	3.41120604e+15	3.03294597e-03
115849	1490.00196715	2317	1.70870206e-04	2317.00000000	3.28280036e+15	3.41121042e+15	3.03294965e-03
115899	1490.64437797	2318	1.70943953e-04	2318.00000000	3.28280473e+15	3.41121480e+15	3.03295333e-03
115949	1491.28696791	2319	1.71017699e-04	2319.00000000	3.28280909e+15	3.41121917e+15	3.03295699e-03
115999	1491.92917185	2320	1.71091445e-04	2320.00000000	3.28281343e+15	3.41122352e+15	3.03296064e-03
116049	1492.57334278	2321	1.71165192e-04	2321.00000000	3.28281777e+15	3.41122787e+15	3.03296428e-03
116099	1493.21907683	2322	1.71238938e-04	2322.00000000	3.28282209e+15	3.41123220e+15	3.03296791e-03
116149	1493.86044874	2323	1.71312684e-04	2323.00000000	3.28282640e+15	3.41123652e+15	3.03297153e-03
116199	1494.50517844	2324	1.71386431e-04	2324.00000000	3.28283070e+15	3.41124083e+15	3.03297515e-03
116249	1495.14949994	2325	1.71460177e-04	2325.00000000	3.28283499e+15	3.41124513e+15	3.03297875e-03
116299	1495.79239833	2326	1.71533923e-04	2326.00000000	3.28283927e+15	3.41124942e+15	3.03298235e-03
116349	1496.43633241	2327	1.71607670e-04	2327.00000000	3.28284354e+15	3.41125369e+15	3.03298593e-03
116399	1497.07815626	2328	1.71681416e-04	2328.00000000	3.28284779e+15	3.41125796e+15	3.03298951e-03
116449	1497.72310455	2329	1.71755162e-04	2329.00000000	3.28285204e+15	3.41126221e+15	3.03299307e-03
116499	1498.36701832	2330	1.71828909e-04	2330.00000000	3.28285627e+15	3.41126645e+15	3.03299663e-03
116549	1499.01013873	2331	1.71902655e-04	2331.00000000	3.28286050e+15	3.41127068e+15	3.03300018e-03
116599	1499.65132350	2332	1.71976401e-04	2332.00000000	3.28286471e+15	3.41127490e+15	3.03300371e-03
116649	1500.29650687	2333	1.72050147e-04	2333.00000000	3.28286891e+15	3.41127911e+15	3.03300724e-03
116699	1500.93862153	2334	1.72123894e-04	2334.00000000	3.28287310e+15	3.41128331e+15	3.03301076e-03
116749	1501.58290368	2335	1.72197640e-04	2335.00000000	3.28287727e+15	3.41128750e+15	3.03301427e-03
116799	1502.22830797	2336	1.72271386e-04	2336.00000000	3.28288144e+15	3.41129167e+15	3.03301777e-03
116849	1502.86944089	2337	1.72345133e-04	2337.00000000	3.28288560e+15	3.41129584e+15	3.03302127e-03
116899	1503.51103502	2338	1.72418879e-04	2338.00000000	3.28288974e+15	3.41129999e+15	3.03302475e-03
116949	1504.15283621	2339	1.72492625e-04	2339.00000000	3.28289388e+15	3.41130414e+15	3.03302822e-03
116999	1504.79729689	2340	1.72566372e-04	2340.00000000	3.28289800e+15	3.41130827e+15	3.03303169e-03
117049	1505.44020282	2341	1.72640118e-04	2341.00000000	3.28290212e+15	3.41131239e+15	3.03303514e-03
117099	1506.08222328	2342	1.72713864e-04	2342.00000000	3.28290622e+15	3.41131650e+15	3.03303859e-03
117149	1506.72560197	2343	1.72787611e-04	2343.00000000	3.28291031e+15	3.41132060e+15	3.03304203e-03
117199	1507.36606542	2344	1.72861357e-04	2344.00000000	3.28291439e+15	3.41132469e+15	3.03304546e-03
117249	1508.00794262	2345	1.72935103e-04	2345.00000000	3.28291846e+15	3.41132877e+15	3.03304887e-03
117299	1508.65213432	2346	1.73008850e-04	2346.00000000	3.28292252e+15	3.41133284e+15	3.03305229e-03
117349	1509.29614659	2347	1.73082596e-04	2347.00000000	3.28292657e+15	3.41133689e+15	3.03305569e-03
117399	1509.93686470	2348	1.73156342e-04	2348.00000000	3.28293061e+15	3.41134094e+15	3.03305908e-03
117449	1510.58015202	2349	1.73230088e-04	2349.00000000	3.28293463e+15	3.41134498e+15	3.03306246e-03
117499	1511.22228526	2350	1.73303835e-04	2350.00000000	3.28293865e+15	3.41134900e+15	3.03306584e-03
117549	1511.86403012	2351	1.73377581e-04	2351.00000000	3.28294266e+15	3.41135302e+15	3.03306921e-03
117599	1512.50449342	2352	1.73451327e-04	2352.00000000	3.28294666e+15	3.41135702e+15	3.03307256e-03
117649	1513.14672149	2353	1.73525074e-04	2353.00000000	3.28295064e+15	3.41136102e+15	3.03307591e-03
117699	1513.78982901	2354	1.73598820e-04	2354.00000000	3.28295462e+15	3.41136500e+15	3.03307925e-03
117749	1514.43114433	2355	1.73672566e-04	2355.00000000	3.28295858e+15	3.41136898e+15	3.03308258e-03
117799	1515.07289707	2356	1.73746313e-04	2356.00000000	3.28296254e+15	3.41137294e+15	3.03308591e-03
117849	1515.71545522	2357	1.73820059e-04	2357.00000000	3.28296648e+15	3.41137689e+15	3.03308922e-03
117899	1516.35776240	2358	1.73893805e-04	2358.00000000	3.28297042e+15	3.41138084e+15	3.03309253e-03
117949	1516.99972811	2359	1.73967552e-04	2359.00000000	3.28297434e+15	3.41138477e+15	3.03309582e-03
117999	1517.64300271	2360	1.74041298e-04	2360.00000000	3.28297826e+15	3.41138869e+15	3.03309911e-03
118049	1518.28600390	2361	1.74115044e-04	2361.00000000	3.28298216e+15	3.41139261e+15	3.03310239e-03
118099	1518.92673605	2362	1.74188791e-04	2362.00000000	3.28298606e+15	3.41139651e+15	3.03310567e-03
118149	1519.56764937	2363	1.74262537e-04	2363.00000000	3.28298994e+15	3.41140040e+15	3.03310893e-03
118199	1520.20960958	2364	1.74336283e-04	2364.00000000	3.28299382e+15	3.41140428e+15	3.03311219e-03
118249	1520.85283575	2365	1.74410029e-04	2365.00000000	3.28299768e+15	3.41140816e+15	3.03311543e-03
118299	1521.49366607	2366	1.74483776e-04	2366.00000000	3.28300154e+15	3.41141202e+15	3.03311867e-03
118349	1522.13585858	2367	1.74557522e-04	2367.00000000	3.28300538e+15	3.41141587e+15	3.03312190e-03
118399	1522.77633309	2368	1.74631268e-04	2368.00000000	3.28300922e+15	3.41141971e+15	3.03312512e-03
118449	1523.41940091	2369	1.74705015e-04	2369.00000000	3.28301304e+15	3.41142355e+15	3.03312834e-03
118499	1524.06115494	2370	1.74778761e-04	2370.00000000	3.28301686e+15	3.41142737e+15	3.03313154e-03
118549	1524.70286350	2371	1.74852507e-04	2371.00000000	3.28302066e+15	3.41143118e+15	3.03313474e-03
118599	1525.34505616	2372	1.74926254e-04	2372.00000000	3.28302446e+15	3.41143499e+15	3.03313793e-03
118649	1525.98877824	2373	1.75000000e-04	2373.00000000	3.28302824e+15	3.41143878e+15	3.03314111e-03
118699	1526.63204628	2374	1.75073746e-04	2374.00000000	3.28303202e+15	3.41144256e+15	3.03314428e-03
118749	1527.27547190	2375	1.75147493e-04	2375.00000000	3.28303579e+15	3.41144634e+15	3.03314744e-03
118799	1527.91855474	2376	1.75221239e-04	2376.00000000	3.28303954e+15	3.41145010e+15	3.03315060e-03
118849	1528.56097431	2377	1.75294985e-04	2377.00000000	3.28304329e+15	3.41145386e+15	3.03315375e-03
118899	1529.20464345	2378	1.75368732e-04	2378.00000000	3.28304703e+15	3.41145760e+15	3.03315689e-03
118949	1529.85017053	2379	1.75442478e-04	2379.00000000	3.28305075e+15	3.41146134e+15	3.03316002e-03
118999	1530.49409017	2380	1.75516224e-04	2380.00000000	3.28305447e+15	3.41146506e+15	3.03316314e-03
119049	1531.13630402	2381	1.75589971e-04	2381.00000000	3.28305818e+15	3.41146878e+15	3.03316626e-03
119099	1531.77771273	2382	1.75663717e-04	2382.00000000	3.28306188e+15	3.41147248e+15	3.03316936e-03
119149	1532.42200967	2383	1.75737463e-04	2383.00000000	3.28306557e+15	3.41147618e+15	3.03317246e-03
119199	1533.06525931	2384	1.75811209e-04	2384.00000000	3.28306925e+15	3.41147987e+15	3.03317555e-03
119249	1533.70936038	2385	1.75884956e-04	2385.00000000	3.28307292e+15	3.41148355e+15	3.03317864e-03
119299	1534.35273732	2386	1.75958702e-04	2386.00000000	3.28307658e+15	3.41148721e+15	3.03318171e-03
119349	1534.99620771	2387	1.76032448e-04	2387.00000000	3.28308023e+15	3.41149087e+15	3.03318478e-03
119399	1535.63842581	2388	1.76106195e-04	2388.00000000	3.28308387e+15	3.41149452e+15	3.03318784e-03
119449	1536.28115299	2389	1.76179941e-04	2389.00000000	3.28308750e+15	3.41149816e+15	3.03319089e-03
119499	1536.92449155	2390	1.76253687e-04	2390.00000000	3.28309113e+15	3.41150179e+15	3.03319393e-03
119549	1537.57119632	2391	1.76327434e-04	2391.00000000	3.28309474e+15	3.41150541e+15	3.03319697e-03
119599	1538.21410608	2392	1.76401180e-04	2392.00000000	3.28309834e+15	3.41150903e+15	3.03320000e-03
119649	1538.85808170	2393	1.76474926e-04	2393.00000000	3.28310194e+15	3.41151263e+15	3.03320302e-03
119699	1539.50313211	2394	1.76548673e-04	2394.00000000	3.28310553e+15	3.41151622e+15	3.03320603e-03
119749	1540.14536836	2395	1.76622419e-04	2395.00000000	3.28310910e+15	3.41151981e+15	3.03320904e-03
119799	1540.78781994	2396	1.76696165e-04	2396.00000000	3.28311267e+15	3.41152338e+15	3.03321203e-03
119849	1541.42997603	2397	1.76769912e-04	2397.00000000	3.28311623e+15	3.41152695e+15	3.03321502e-03
119899	1542.07136500	2398	1.76843658e-04	2398.00000000	3.28311978e+15	3.41153050e+15	3.03321800e-03
119949	1542.71255521	2399	1.76917404e-04	2399.00000000	3.28312332e+15	3.41153405e+15	3.03322098e-03
119999	1543.35602494	2400	1.76991150e-04	2400.00000000	3.28312685e+15	3.41153759e+15	3.03322394e-03
120049	1544.00041052	2401	1.77064897e-04	2401.00000000	3.28313037e+15	3.41154112e+15	3.03322690e-03
120099	1544.64467139	2402	1.77138643e-04	2402.00000000	3.28313388e+15	3.41154464e+15	3.03322985e-03
120149	1545.28598534	2403	1.77212389e-04	2403.00000000	3.28313738e+15	3.41154815e+15	3.03323280e-03
120199	1545.92808439	2404	1.77286136e-04	2404.00000000	3.28314088e+15	3.41155165e+15	3.03323573e-03
120249	1546.57213105	2405	1.77359882e-04	2405.00000000	3.28314436e+15	3.41155514e+15	3.03323866e-03
120299	1547.21909640	2406	1.77433628e-04	2406.00000000	3.28314784e+15	3.41155863e+15	3.03324158e-03
120349	1547.86333625	2407	1.77507375e-04	2407.00000000	3.28315131e+15	3.41156210e+15	3.03324449e-03
120399	1548.50702603	2408	1.77581121e-04	2408.00000000	3.28315477e+15	3.41156557e+15	3.03324740e-03
120449	1549.15042198	2409	1.77654867e-04	2409.00000000	3.28315822e+15	3.41156902e+15	3.03325030e-03
120499	1549.79343278	2410	1.77728614e-04	2410.00000000	3.28316166e+15	3.41157247e+15	3.03325319e-03
120549	1550.43653111	2411	1.77802360e-04	2411.00000000	3.28316509e+15	3.41157591e+15	3.03325607e-03
120599	1551.07840318	2412	1.77876106e-04	2412.00000000	3.28316851e+15	3.41157934e+15	3.03325894e-03
120649	1551.72164239	2413	1.77949853e-04	2413.00000000	3.28317193e+15	3.41158276e+15	3.03326181e-03
120699	1552.36288702	2414	1.78023599e-04	2414.00000000	3.28317533e+15	3.41158617e+15	3.03326467e-03
120749	1553.00608552	2415	1.78097345e-04	2415.00000000	3.28317873e+15	3.41158958e+15	3.03326753e-03
120799	1553.65038607	2416	1.78171091e-04	2416.00000000	3.28318211e+15	3.41159297e+15	3.03327037e-03
120849	1554.29281016	2417	1.78244838e-04	2417.00000000	3.28318549e+15	3.41159636e+15	3.03327321e-03
120899	1554.93379045	2418	1.78318584e-04	2418.00000000	3.28318886e+15	3.41159973e+15	3.03327604e-03
120949	1555.57574301	2419	1.78392330e-04	2419.00000000	3.28319223e+15	3.41160310e+15	3.03327887e-03
120999	1556.21928699	2420	1.78466077e-04	2420.00000000	3.28319558e+15	3.41160646e+15	3.03328168e-03
121049	1556.86253075	2421	1.78539823e-04	2421.00000000	3.28319892e+15	3.41160981e+15	3.03328449e-03
121099	1557.50532230	2422	1.78613569e-04	2422.00000000	3.28320226e+15	3.41161316e+15	3.03328730e-03
121149	1558.14659833	2423	1.78687316e-04	2423.00000000	3.28320559e+15	3.41161649e+15	3.03329009e-03
121199	1558.78729809	2424	1.78761062e-04	2424.00000000	3.28320890e+15	3.41161982e+15	3.03329288e-03
121249	1559.42915805	2425	1.78834808e-04	2425.00000000	3.28321221e+15	3.41162313e+15	3.03329566e-03
121299	1560.07179283	2426	1.78908555e-04	2426.00000000	3.28321551e+15	3.41162644e+15	3.03329843e-03
121349	1560.71717989	2427	1.78982301e-04	2427.00000000	3.28321881e+15	3.41162974e+15	3.03330120e-03
121399	1561.35881144	2428	1.79056047e-04	2428.00000000	3.28322209e+15	3.41163303e+15	3.03330396e-03
121449	1562.00290617	2429	1.79129794e-04	2429.00000000	3.28322537e+15	3.41163631e+15	3.03330671e-03
121499	1562.64790931	2430	1.79203540e-04	2430.00000000	3.28322864e+15	3.41163959e+15	3.03330946e-03
121549	1563.29148652	2431	1.79277286e-04	2431.00000000	3.28323189e+15	3.41164285e+15	3.03331219e-03
121599	1563.93388232	2432	1.79351032e-04	2432.00000000	3.28323514e+15	3.41164611e+15	3.03331492e-03
121649	1564.57477545	2433	1.79424779e-04	2433.00000000	3.28323839e+15	3.41164936e+15	3.03331765e-03
121699	1565.21856422	2434	1.79498525e-04	2434.00000000	3.28324162e+15	3.41165260e+15	3.03332036e-03
121749	1565.86095647	2435	1.79572271e-04	2435.00000000	3.28324485e+15	3.41165583e+15	3.03332307e-03
121799	1566.50278983	2436	1.79646018e-04	2436.00000000	3.28324806e+15	3.41165906e+15	3.03332578e-03
121849	1567.14586801	2437	1.79719764e-04	2437.00000000	3.28325127e+15	3.41166227e+15	3.03332847e-03
121899	1567.78685323	2438	1.79793510e-04	2438.00000000	3.28325447e+15	3.41166548e+15	3.03333116e-03
121949	1568.42996070	2439	1.79867257e-04	2439.00000000	3.28325767e+15	3.41166868e+15	3.03333384e-03
121999	1569.07266306	2440	1.79941003e-04	2440.00000000	3.28326085e+15	3.41167187e+15	3.03333652e-03
122049	1569.71815069	2441	1.80014749e-04	2441.00000000	3.28326403e+15	3.41167505e+15	3.03333919e-03
122099	1570.36019949	2442	1.80088496e-04	2442.00000000	3.28326719e+15	3.41167823e+15	3.03334185e-03
122149	1571.00353852	2443	1.80162242e-04	2443.00000000	3.28327035e+15	3.41168139e+15	3.03334450e-03
122199	1571.64920870	2444	1.80235988e-04	2444.00000000	3.28327350e+15	3.41168455e+15	3.03334715e-03
122249	1572.29216849	2445	1.80309735e-04	2445.00000000	3.28327665e+15	3.41168770e+15	3.03334979e-03
122299	1572.93658442	2446	1.80383481e-04	2446.00000000	3.28327978e+15	3.41169084e+15	3.03335242e-03
122349	1573.57985314	2447	1.80457227e-04	2447.00000000	3.28328291e+15	3.41169398e+15	3.03335505e-03
122399	1574.22335176	2448	1.80530973e-04	2448.00000000	3.28328603e+15	3.41169710e+15	3.03335767e-03
122449	1574.86389728	2449	1.80604720e-04	2449.00000000	3.28328914e+15	3.41170022e+15	3.03336028e-03
122499	1575.50612644	2450	1.80678466e-04	2450.00000000	3.28329224e+15	3.41170333e+15	3.03336289e-03
122549	1576.14893021	2451	1.80752212e-04	2451.00000000	3.28329534e+15	3.41170643e+15	3.03336549e-03
122599	1576.78960311	2452	1.80825959e-04	2452.00000000	3.28329842e+15	3.41170952e+15	3.03336808e-03
122649	1577.43070299	2453	1.80899705e-04	2453.00000000	3.28330150e+15	3.41171261e+15	3.03337067e-03
122699	1578.07555046	2454	1.80973451e-04	2454.00000000	3.28330457e+15	3.41171568e+15	3.03337325e-03
122749	1578.71744354	2455	1.81047198e-04	2455.00000000	3.28330764e+15	3.41171875e+15	3.03337582e-03
122799	1579.35820246	2456	1.81120944e-04	2456.00000000	3.28331069e+15	3.41172182e+15	3.03337839e-03
122849	1579.99907916	2457	1.81194690e-04	2457.00000000	3.28331374e+15	3.41172487e+15	3.03338095e-03
122899	1580.64144075	2458	1.81268437e-04	2458.00000000	3.28331678e+15	3.41172791e+15	3.03338350e-03
122949	1581.28499853	2459	1.81342183e-04	2459.00000000	3.28331981e+15	3.41173095e+15	3.03338605e-03
122999	1581.92818563	2460	1.81415929e-04	2460.00000000	3.28332283e+15	3.41173398e+15	3.03338859e-03
123049	1582.57434076	2461	1.81489676e-04	2461.00000000	3.28332585e+15	3.41173700e+15	3.03339112e-03
123099	1583.21721811	2462	1.81563422e-04	2462.00000000	3.28332885e+15	3.41174002e+15	3.03339365e-03
123149	1583.86070128	2463	1.81637168e-04	2463.00000000	3.28333185e+15	3.41174302e+15	3.03339617e-03
123199	1584.50302796	2464	1.81710914e-04	2464.00000000	3.28333484e+15	3.41174602e+15	3.03339868e-03
123249	1585.14682172	2465	1.81784661e-04	2465.00000000	3.28333783e+15	3.41174901e+15	3.03340119e-03
123299	1585.79025376	2466	1.81858407e-04	2466.00000000	3.28334080e+15	3.41175199e+15	3.03340369e-03
123349	1586.43299506	2467	1.81932153e-04	2467.00000000	3.28334377e+15	3.41175497e+15	3.03340618e-03
123399	1587.07765253	2468	1.82005900e-04	2468.00000000	3.28334673e+15	3.41175793e+15	3.03340867e-03
123449	1587.71986096	2469	1.82079646e-04	2469.00000000	3.28334969e+15	3.41176089e+15	3.03341115e-03
123499	1588.36195146	2470	1.82153392e-04	2470.00000000	3.28335263e+15	3.41176384e+15	3.03341363e-03
123549	1589.00398609	2471	1.82227139e-04	2471.00000000	3.28335557e+15	3.41176679e+15	3.03341609e-03
123599	1589.64795794	2472	1.82300885e-04	2472.00000000	3.28335850e+15	3.41176972e+15	3.03341856e-03
123649	1590.29044239	2473	1.82374631e-04	2473.00000000	3.28336142e+15	3.41177265e+15	3.03342101e-03
123699	1590.93199334	2474	1.82448378e-04	2474.00000000	3.28336433e+15	3.41177557e+15	3.03342346e-03
123749	1591.57533971	2475	1.82522124e-04	2475.00000000	3.28336724e+15	3.41177848e+15	3.03342590e-03
123799	1592.21931986	2476	1.82595870e-04	2476.00000000	3.28337014e+15	3.41178139e+15	3.03342834e-03
123849	1592.86190375	2477	1.82669617e-04	2477.00000000	3.28337303e+15	3.41178429e+15	3.03343077e-03
123899	1593.50451535	2478	1.82743363e-04	2478.00000000	3.28337592e+15	3.41178718e+15	3.03343319e-03
123949	1594.14621233	2479	1.82817109e-04	2479.00000000	3.28337879e+15	3.41179006e+15	3.03343561e-03
123999	1594.78678073	2480	1.82890855e-04	2480.00000000	3.28338166e+15	3.41179294e+15	3.03343802e-03
124049	1595.42985300	2481	1.82964602e-04	2481.00000000	3.28338452e+15	3.41179580e+15	3.03344042e-03
124099	1596.07230408	2482	1.83038348e-04	2482.00000000	3.28338738e+15	3.41179866e+15	3.03344282e-03
124149	1596.71441390	2483	1.83112094e-04	2483.00000000	3.28339022e+15	3.41180152e+15	3.03344521e-03
124199	1597.35601463	2484	1.83185841e-04	2484.00000000	3.28339306e+15	3.41180436e+15	3.03344760e-03
124249	1597.99900870	2485	1.83259587e-04	2485.00000000	3.28339590e+15	3.41180720e+15	3.03344997e-03
124299	1598.64129229	2486	1.83333333e-04	2486.00000000	3.28339872e+15	3.41181003e+15	3.03345235e-03
124349	1599.28355395	2487	1.83407080e-04	2487.00000000	3.28340154e+15	3.41181285e+15	3.03345471e-03
124399	1599.92623726	2488	1.83480826e-04	2488.00000000	3.28340435e+15	3.41181567e+15	3.03345708e-03
124449	1600.57017106	2489	1.83554572e-04	2489.00000000	3.28340715e+15	3.41181848e+15	3.03345943e-03
124499	1601.21059917	2490	1.83628319e-04	2490.00000000	3.28340995e+15	3.41182128e+15	3.03346178e-03
124549	1601.85240924	2491	1.83702065e-04	2491.00000000	3.28341273e+15	3.41182407e+15	3.03346412e-03
124599	1602.49421116	2492	1.83775811e-04	2492.00000000	3.28341551e+15	3.41182686e+15	3.03346646e-03
124649	1603.13499229	2493	1.83849558e-04	2493.00000000	3.28341829e+15	3.41182964e+15	3.03346879e-03
124699	1603.77637910	2494	1.83923304e-04	2494.00000000	3.28342105e+15	3.41183241e+15	3.03347111e-03
124749	1604.41797479	2495	1.83997050e-04	2495.00000000	3.28342381e+15	3.41183517e+15	3.03347343e-03
124799	1605.06056567	2496	1.84070796e-04	2496.00000000	3.28342656e+15	3.41183793e+15	3.03347574e-03
124849	1605.70184260	2497	1.84144543e-04	2497.00000000	3.28342931e+15	3.41184068e+15	3.03347805e-03
124899	1606.34642454	2498	1.84218289e-04	2498.00000000	3.28343205e+15	3.41184342e+15	3.03348035e-03
124949	1606.99020637	2499	1.84292035e-04	2499.00000000	3.28343478e+15	3.41184616e+15	3.03348264e-03
124999	1607.63270132	2500	1.84365782e-04	2500.00000000	3.28343750e+15	3.41184889e+15	3.03348493e-03
125049	1608.27172559	2501	1.84439528e-04	2501.00000000	3.28344022e+15	3.41185161e+15	3.03348721e-03
125099	1608.91363359	2502	1.84513274e-04	2502.00000000	3.28344292e+15	3.41185433e+15	3.03348948e-03
125149	1609.55491177	2503	1.84587021e-04	2503.00000000	3.28344563e+15	3.41185703e+15	3.03349175e-03
125199	1610.19728473	2504	1.84660767e-04	2504.00000000	3.28344832e+15	3.41185973e+15	3.03349402e-03
125249	1610.83895926	2505	1.84734513e-04	2505.00000000	3.28345101e+15	3.41186243e+15	3.03349628e-03
125299	1611.48000575	2506	1.84808260e-04	2506.00000000	3.28345369e+15	3.41186511e+15	3.03349853e-03
125349	1612.12392302	2507	1.84882006e-04	2507.00000000	3.28345636e+15	3.41186779e+15	3.03350078e-03
125399	1612.76620520	2508	1.84955752e-04	2508.00000000	3.28345903e+15	3.41187047e+15	3.03350302e-03
125449	1613.40762508	2509	1.85029499e-04	2509.00000000	3.28346169e+15	3.41187313e+15	3.03350525e-03
125499	1614.04813019	2510	1.85103245e-04	2510.00000000	3.28346434e+15	3.41187579e+15	3.03350748e-03
125549	1614.68851234	2511	1.85176991e-04	2511.00000000	3.28346699e+15	3.41187844e+15	3.03350970e-03
125599	1615.32921109	2512	1.85250737e-04	2512.00000000	3.28346963e+15	3.41188109e+15	3.03351192e-03
125649	1615.97139840	2513	1.85324484e-04	2513.00000000	3.28347226e+15	3.41188372e+15	3.03351413e-03
125699	1616.61385327	2514	1.85398230e-04	2514.00000000	3.28347489e+15	3.41188635e+15	3.03351634e-03
125749	1617.25860059	2515	1.85471976e-04	2515.00000000	3.28347751e+15	3.41188898e+15	3.03351854e-03
125799	1617.90036832	2516	1.85545723e-04	2516.00000000	3.28348012e+15	3.41189160e+15	3.03352073e-03
125849	1618.54462138	2517	1.85619469e-04	2517.00000000	3.28348272e+15	3.41189421e+15	3.03352292e-03
125899	1619.18830018	2518	1.85693215e-04	2518.00000000	3.28348532e+15	3.41189681e+15	3.03352510e-03
125949	1619.83454569	2519	1.85766962e-04	2519.00000000	3.28348791e+15	3.41189941e+15	3.03352728e-03
125999	1620.47829595	2520	1.85840708e-04	2520.00000000	3.28349050e+15	3.41190200e+15	3.03352945e-03
126049	1621.12305498	2521	1.85914454e-04	2521.00000000	3.28349307e+15	3.41190458e+15	3.03353162e-03
126099	1621.76611895	2522	1.85988201e-04	2522.00000000	3.28349565e+15	3.41190716e+15	3.03353378e-03
126149	1622.40862947	2523	1.86061947e-04	2523.00000000	3.28349821e+15	3.41190973e+15	3.03353593e-03
126199	1623.05250049	2524	1.86135693e-04	2524.00000000	3.28350077e+15	3.41191229e+15	3.03353808e-03
126249	1623.69340856	2525	1.86209440e-04	2525.00000000	3.28350332e+15	3.41191485e+15	3.03354022e-03
126299	1624.33710828	2526	1.86283186e-04	2526.00000000	3.28350586e+15	3.41191740e+15	3.03354236e-03
126349	1624.98031849	2527	1.86356932e-04	2527.00000000	3.28350840e+15	3.41191994e+15	3.03354449e-03
126399	1625.62517546	2528	1.86430678e-04	2528.00000000	3.28351093e+15	3.41192248e+15	3.03354662e-03
126449	1626.26754863	2529	1.86504425e-04	2529.00000000	3.28351346e+15	3.41192501e+15	3.03354874e-03
126499	1626.90978237	2530	1.86578171e-04	2530.00000000	3.28351597e+15	3.41192753e+15	3.03355086e-03
126549	1627.55238394	2531	1.86651917e-04	2531.00000000	3.28351849e+15	3.41193005e+15	3.03355297e-03
126599	1628.19762566	2532	1.86725664e-04	2532.00000000	3.28352099e+15	3.41193256e+15	3.03355507e-03
126649	1628.84091747	2533	1.86799410e-04	2533.00000000	3.28352349e+15	3.41193506e+15	3.03355717e-03
126699	1629.48435088	2534	1.86873156e-04	2534.00000000	3.28352598e+15	3.41193756e+15	3.03355926e-03
126749	1630.12727988	2535	1.86946903e-04	2535.00000000	3.28352847e+15	3.41194005e+15	3.03356135e-03
126799	1630.77049156	2536	1.87020649e-04	2536.00000000	3.28353095e+15	3.41194253e+15	3.03356343e-03
126849	1631.41251607	2537	1.87094395e-04	2537.00000000	3.28353342e+15	3.41194501e+15	3.03356551e-03
126899	1632.05364591	2538	1.87168142e-04	2538.00000000	3.28353588e+15	3.41194748e+15	3.03356758e-03
126949	1632.69929787	2539	1.87241888e-04	2539.00000000	3.28353834e+15	3.41194994e+15	3.03356965e-03
126999	1633.34199212	2540	1.87315634e-04	2540.00000000	3.28354080e+15	3.41195240e+15	3.03357171e-03
127049	1633.98466499	2541	1.87389381e-04	2541.00000000	3.28354324e+15	3.41195485e+15	3.03357377e-03
127099	1634.62798529	2542	1.87463127e-04	2542.00000000	3.28354568e+15	3.41195730e+15	3.03357582e-03
127149	1635.27013509	2543	1.87536873e-04	2543.00000000	3.28354812e+15	3.41195974e+15	3.03357786e-03
127199	1635.91373635	2544	1.87610619e-04	2544.00000000	3.28355054e+15	3.41196217e+15	3.03357990e-03
127249	1636.55589063	2545	1.87684366e-04	2545.00000000	3.28355296e+15	3.41196460e+15	3.03358193e-03
127299	1637.19747970	2546	1.87758112e-04	2546.00000000	3.28355538e+15	3.41196702e+15	3.03358396e-03
127349	1637.84061183	2547	1.87831858e-04	2547.00000000	3.28355779e+15	3.41196943e+15	3.03358598e-03
127399	1638.48459626	2548	1.87905605e-04	2548.00000000	3.28356019e+15	3.41197184e+15	3.03358800e-03
127449	1639.12935210	2549	1.87979351e-04	2549.00000000	3.28356258e+15	3.41197424e+15	3.03359001e-03
127499	1639.77164526	2550	1.88053097e-04	2550.00000000	3.28356497e+15	3.41197663e+15	3.03359202e-03
127549	1640.41552133	2551	1.88126844e-04	2551.00000000	3.28356736e+15	3.41197902e+15	3.03359402e-03
127599	1641.06045217	2552	1.88200590e-04	2552.00000000	3.28356973e+15	3.41198140e+15	3.03359602e-03
127649	1641.70084190	2553	1.88274336e-04	2553.00000000	3.28357210e+15	3.41198377e+15	3.03359801e-03
127699	1642.34329983	2554	1.88348083e-04	2554.00000000	3.28357447e+15	3.41198614e+15	3.03360000e-03
127749	1642.98469699	2555	1.88421829e-04	2555.00000000	3.28357682e+15	3.41198851e+15	3.03360198e-03
127799	1643.62843369	2556	1.88495575e-04	2556.00000000	3.28357917e+15	3.41199086e+15	3.03360395e-03
127849	1644.27011774	2557	1.88569322e-04	2557.00000000	3.28358152e+15	3.41199321e+15	3.03360592e-03
127899	1644.91138426	2558	1.88643068e-04	2558.00000000	3.28358386e+15	3.41199556e+15	3.03360789e-03
127949	1645.55562216	2559	1.88716814e-04	2559.00000000	3.28358619e+15	3.41199789e+15	3.03360985e-03
127999	1646.19899882	2560	1.88790560e-04	2560.00000000	3.28358852e+15	3.41200022e+15	3.03361180e-03
128049	1646.84186540	2561	1.88864307e-04	2561.00000000	3.28359084e+15	3.41200255e+15	3.03361375e-03
128099	1647.48611035	2562	1.88938053e-04	2562.00000000	3.28359315e+15	3.41200487e+15	3.03361570e-03
128149	1648.12926661	2563	1.89011799e-04	2563.00000000	3.28359546e+15	3.41200718e+15	3.03361764e-03
128199	1648.77336649	2564	1.89085546e-04	2564.00000000	3.28359776e+15	3.41200949e+15	3.03361957e-03
128249	1649.41800901	2565	1.89159292e-04	2565.00000000	3.28360006e+15	3.41201179e+15	3.03362150e-03
128299	1650.06211323	2566	1.89233038e-04	2566.00000000	3.28360235e+15	3.41201408e+15	3.03362342e-03
128349	1650.70503839	2567	1.89306785e-04	2567.00000000	3.28360463e+15	3.41201637e+15	3.03362534e-03
128399	1651.34724818	2568	1.89380531e-04	2568.00000000	3.28360691e+15	3.41201866e+15	3.03362726e-03
128449	1651.98909677	2569	1.89454277e-04	2569.00000000	3.28360918e+15	3.41202093e+15	3.03362916e-03
128499	1652.63412038	2570	1.89528024e-04	2570.00000000	3.28361145e+15	3.41202320e+15	3.03363107e-03
128549	1653.28075210	2571	1.89601770e-04	2571.00000000	3.28361371e+15	3.41202547e+15	3.03363297e-03
128599	1653.92287255	2572	1.89675516e-04	2572.00000000	3.28361596e+15	3.41202773e+15	3.03363486e-03
128649	1654.56411420	2573	1.89749263e-04	2573.00000000	3.28361821e+15	3.41202998e+15	3.03363675e-03
128699	1655.20877188	2574	1.89823009e-04	2574.00000000	3.28362045e+15	3.41203223e+15	3.03363863e-03
128749	1655.85037497	2575	1.89896755e-04	2575.00000000	3.28362269e+15	3.41203447e+15	3.03364051e-03
128799	1656.49250421	2576	1.89970501e-04	2576.00000000	3.28362492e+15	3.41203670e+15	3.03364238e-03
128849	1657.13542401	2577	1.90044248e-04	2577.00000000	3.28362714e+15	3.41203893e+15	3.03364425e-03
128899	1657.77848353	2578	1.90117994e-04	2578.00000000	3.28362936e+15	3.41204115e+15	3.03364612e-03
128949	1658.42139503	2579	1.90191740e-04	2579.00000000	3.28363157e+15	3.41204337e+15	3.03364798e-03
128999	1659.06507590	2580	1.90265487e-04	2580.00000000	3.28363378e+15	3.41204558e+15	3.03364983e-03
129049	1659.70700314	2581	1.90339233e-04	2581.00000000	3.28363598e+15	3.41204779e+15	3.03365168e-03
129099	1660.34798492	2582	1.90412979e-04	2582.00000000	3.28363818e+15	3.41204999e+15	3.03365352e-03
129149	1660.99131525	2583	1.90486726e-04	2583.00000000	3.28364037e+15	3.41205218e+15	3.03365536e-03
129199	1661.63162989	2584	1.90560472e-04	2584.00000000	3.28364255e+15	3.41205437e+15	3.03365720e-03
129249	1662.27357298	2585	1.90634218e-04	2585.00000000	3.28364473e+15	3.41205655e+15	3.03365903e-03
129299	1662.91542383	2586	1.90707965e-04	2586.00000000	3.28364690e+15	3.41205873e+15	3.03366085e-03
129349	1663.55886711	2587	1.90781711e-04	2587.00000000	3.28364906e+15	3.41206090e+15	3.03366267e-03
129399	1664.20207300	2588	1.90855457e-04	2588.00000000	3.28365122e+15	3.41206306e+15	3.03366449e-03
129449	1664.84545218	2589	1.90929204e-04	2589.00000000	3.28365338e+15	3.41206522e+15	3.03366630e-03
129499	1665.49012716	2590	1.91002950e-04	2590.00000000	3.28365553e+15	3.41206737e+15	3.03366810e-03
129549	1666.13308587	2591	1.91076696e-04	2591.00000000	3.28365767e+15	3.41206952e+15	3.03366990e-03
129599	1666.77620508	2592	1.91150442e-04	2592.00000000	3.28365981e+15	3.41207166e+15	3.03367170e-03
129649	1667.42019047	2593	1.91224189e-04	2593.00000000	3.28366194e+15	3.41207380e+15	3.03367349e-03
129699	1668.06241382	2594	1.91297935e-04	2594.00000000	3.28366406e+15	3.41207593e+15	3.03367527e-03
129749	1668.70636148	2595	1.91371681e-04	2595.00000000	3.28366618e+15	3.41207805e+15	3.03367705e-03
129799	1669.34968869	2596	1.91445428e-04	2596.00000000	3.28366830e+15	3.41208017e+15	3.03367883e-03
129849	1669.99037802	2597	1.91519174e-04	2597.00000000	3.28367040e+15	3.41208228e+15	3.03368060e-03
129899	1670.63133788	2598	1.91592920e-04	2598.00000000	3.28367251e+15	3.41208439e+15	3.03368237e-03
129949	1671.27408185	2599	1.91666667e-04	2599.00000000	3.28367460e+15	3.41208649e+15	3.03368413e-03
129999	1671.91816523	2600	1.91740413e-04	2600.00000000	3.28367670e+15	3.41208859e+15	3.03368589e-03
130049	1672.55996025	2601	1.91814159e-04	2601.00000000	3.28367878e+15	3.41209068e+15	3.03368764e-03
130099	1673.20291869	2602	1.91887906e-04	2602.00000000	3.28368086e+15	3.41209276e+15	3.03368939e-03
130149	1673.84638961	2603	1.91961652e-04	2603.00000000	3.28368294e+15	3.41209484e+15	3.03369113e-03
130199	1674.48909224	2604	1.92035398e-04	2604.00000000	3.28368501e+15	3.41209692e+15	3.03369287e-03
130249	1675.13376220	2605	1.92109145e-04	2605.00000000	3.28368707e+15	3.41209898e+15	3.03369461e-03
130299	1675.77490038	2606	1.92182891e-04	2606.00000000	3.28368913e+15	3.41210105e+15	3.03369634e-03
130349	1676.42088767	2607	1.92256637e-04	2607.00000000	3.28369118e+15	3.41210310e+15	3.03369806e-03
130399	1677.06508711	2608	1.92330383e-04	2608.00000000	3.28369323e+15	3.41210515e+15	3.03369978e-03
130449	1677.70911510	2609	1.92404130e-04	2609.00000000	3.28369527e+15	3.41210720e+15	3.03370150e-03
130499	1678.35204241	2610	1.92477876e-04	2610.00000000	3.28369731e+15	3.41210924e+15	3.03370321e-03
130549	1678.99356739	2611	1.92551622e-04	2611.00000000	3.28369934e+15	3.41211128e+15	3.03370491e-03
130599	1679.63719185	2612	1.92625369e-04	2612.00000000	3.28370136e+15	3.41211331e+15	3.03370662e-03
130649	1680.27974490	2613	1.92699115e-04	2613.00000000	3.28370338e+15	3.41211533e+15	3.03370831e-03
130699	1680.92193832	2614	1.92772861e-04	2614.00000000	3.28370540e+15	3.41211735e+15	3.03371001e-03
130749	1681.56754815	2615	1.92846608e-04	2615.00000000	3.28370741e+15	3.41211936e+15	3.03371169e-03
130799	1682.21113371	2616	1.92920354e-04	2616.00000000	3.28370941e+15	3.41212137e+15	3.03371338e-03
130849	1682.85381311	2617	1.92994100e-04	2617.00000000	3.28371141e+15	3.41212337e+15	3.03371506e-03
130899	1683.49697681	2618	1.93067847e-04	2618.00000000	3.28371340e+15	3.41212537e+15	3.03371673e-03
130949	1684.14287248	2619	1.93141593e-04	2619.00000000	3.28371539e+15	3.41212736e+15	3.03371840e-03
130999	1684.78626864	2620	1.93215339e-04	2620.00000000	3.28371737e+15	3.41212935e+15	3.03372007e-03
131049	1685.43066689	2621	1.93289086e-04	2621.00000000	3.28371935e+15	3.41213133e+15	3.03372173e-03
131099	1686.07648329	2622	1.93362832e-04	2622.00000000	3.28372132e+15	3.41213331e+15	3.03372338e-03
131149	1686.71814507	2623	1.93436578e-04	2623.00000000	3.28372329e+15	3.41213528e+15	3.03372504e-03
131199	1687.36204368	2624	1.93510324e-04	2624.00000000	3.28372525e+15	3.41213724e+15	3.03372669e-03
131249	1688.00383305	2625	1.93584071e-04	2625.00000000	3.28372720e+15	3.41213920e+15	3.03372833e-03
131299	1688.64650719	2626	1.93657817e-04	2626.00000000	3.28372916e+15	3.41214116e+15	3.03372997e-03
131349	1689.29053617	2627	1.93731563e-04	2627.00000000	3.28373110e+15	3.41214311e+15	3.03373160e-03
131399	1689.93511066	2628	1.93805310e-04	2628.00000000	3.28373304e+15	3.41214505e+15	3.03373323e-03
131449	1690.57757082	2629	1.93879056e-04	2629.00000000	3.28373498e+15	3.41214699e+15	3.03373486e-03
131499	1691.22207384	2630	1.93952802e-04	2630.00000000	3.28373691e+15	3.41214892e+15	3.03373648e-03
131549	1691.86593185	2631	1.94026549e-04	2631.00000000	3.28373883e+15	3.41215085e+15	3.03373810e-03
131599	1692.50842914	2632	1.94100295e-04	2632.00000000	3.28374075e+15	3.41215278e+15	3.03373971e-03
131649	1693.15235032	2633	1.94174041e-04	2633.00000000	3.28374266e+15	3.41215469e+15	3.03374132e-03
131699	1693.79491850	2634	1.94247788e-04	2634.00000000	3.28374457e+15	3.41215661e+15	3.03374292e-03
131749	1694.43586473	2635	1.94321534e-04	2635.00000000	3.28374648e+15	3.41215851e+15	3.03374452e-03
131799	1695.07798695	2636	1.94395280e-04	2636.00000000	3.28374837e+15	3.41216042e+15	3.03374612e-03
131849	1695.71979949	2637	1.94469027e-04	2637.00000000	3.28375027e+15	3.41216231e+15	3.03374771e-03
131899	1696.36310493	2638	1.94542773e-04	2638.00000000	3.28375216e+15	3.41216421e+15	3.03374929e-03
131949	1697.00810631	2639	1.94616519e-04	2639.00000000	3.28375404e+15	3.41216609e+15	3.03375088e-03
131999	1697.64952102	2640	1.94690265e-04	2640.00000000	3.28375592e+15	3.41216798e+15	3.03375245e-03
132049	1698.29319806	2641	1.94764012e-04	2641.00000000	3.28375779e+15	3.41216985e+15	3.03375403e-03
132099	1698.93641137	2642	1.94837758e-04	2642.00000000	3.28375966e+15	3.41217172e+15	3.03375560e-03
132149	1699.58161671	2643	1.94911504e-04	2643.00000000	3.28376152e+15	3.41217359e+15	3.03375716e-03
132199	1700.22496843	2644	1.94985251e-04	2644.00000000	3.28376338e+15	3.41217545e+15	3.03375872e-03
132249	1700.86955782	2645	1.95058997e-04	2645.00000000	3.28376523e+15	3.41217731e+15	3.03376028e-03
132299	1701.51303798	2646	1.95132743e-04	2646.00000000	3.28376708e+15	3.41217916e+15	3.03376183e-03
132349	1702.15510729	2647	1.95206490e-04	2647.00000000	3.28376892e+15	3.41218101e+15	3.03376338e-03
132399	1702.79854052	2648	1.95280236e-04	2648.00000000	3.28377076e+15	3.41218285e+15	3.03376493e-03
132449	1703.44112901	2649	1.95353982e-04	2649.00000000	3.28377259e+15	3.41218469e+15	3.03376647e-03
132499	1704.08535967	2650	1.95427729e-04	2650.00000000	3.28377442e+15	3.41218652e+15	3.03376800e-03
132549	1704.72888811	2651	1.95501475e-04	2651.00000000	3.28377624e+15	3.41218835e+15	3.03376953e-03
132599	1705.37357558	2652	1.95575221e-04	2652.00000000	3.28377806e+15	3.41219017e+15	3.03377106e-03
132649	1706.01584218	2653	1.95648968e-04	2653.00000000	3.28377988e+15	3.41219198e+15	3.03377259e-03
132699	1706.65750319	2654	1.95722714e-04	2654.00000000	3.28378168e+15	3.41219380e+15	3.03377411e-03
132749	1707.30015539	2655	1.95796460e-04	2655.00000000	3.28378349e+15	3.41219560e+15	3.03377562e-03
132799	1707.94384286	2656	1.95870206e-04	2656.00000000	3.28378529e+15	3.41219741e+15	3.03377713e-03
132849	1708.58515955	2657	1.95943953e-04	2657.00000000	3.28378708e+15	3.41219920e+15	3.03377864e-03
132899	1709.22586258	2658	1.96017699e-04	2658.00000000	3.28378887e+15	3.41220100e+15	3.03378014e-03
132949	1709.86768191	2659	1.96091445e-04	2659.00000000	3.28379065e+15	3.41220278e+15	3.03378164e-03
132999	1710.51101500	2660	1.96165192e-04	2660.00000000	3.28379243e+15	3.41220457e+15	3.03378314e-03
133049	1711.15427880	2661	1.96238938e-04	2661.00000000	3.28379420e+15	3.41220634e+15	3.03378463e-03
133099	1711.79807316	2662	1.96312684e-04	2662.00000000	3.28379597e+15	3.41220812e+15	3.03378611e-03
133149	1712.43972090	2663	1.96386431e-04	2663.00000000	3.28379774e+15	3.41220989e+15	3.03378760e-03
133199	1713.08287172	2664	1.96460177e-04	2664.00000000	3.28379950e+15	3.41221165e+15	3.03378908e-03
133249	1713.72582338	2665	1.96533923e-04	2665.00000000	3.28380125e+15	3.41221341e+15	3.03379055e-03
133299	1714.37176101	2666	1.96607670e-04	2666.00000000	3.28380300e+15	3.41221516e+15	3.03379202e-03
133349	1715.01417508	2667	1.96681416e-04	2667.00000000	3.28380475e+15	3.41221691e+15	3.03379349e-03
133399	1715.65783867	2668	1.96755162e-04	2668.00000000	3.28380649e+15	3.41221866e+15	3.03379495e-03
133449	1716.29974335	2669	1.96828909e-04	2669.00000000	3.28380823e+15	3.41222040e+15	3.03379641e-03
133499	1716.94374375	2670	1.96902655e-04	2670.00000000	3.28380996e+15	3.41222213e+15	3.03379786e-03
133549	1717.58744164	2671	1.96976401e-04	2671.00000000	3.28381169e+15	3.41222386e+15	3.03379932e-03
133599	1718.23034523	2672	1.97050147e-04	2672.00000000	3.28381341e+15	3.41222559e+15	3.03380076e-03
133649	1718.87436856	2673	1.97123894e-04	2673.00000000	3.28381513e+15	3.41222731e+15	3.03380221e-03
133699	1719.51764185	2674	1.97197640e-04	2674.00000000	3.28381684e+15	3.41222903e+15	3.03380365e-03
133749	1720.16101556	2675	1.97271386e-04	2675.00000000	3.28381855e+15	3.41223074e+15	3.03380508e-03
133799	1720.80485792	2676	1.97345133e-04	2676.00000000	3.28382025e+15	3.41223244e+15	3.03380651e-03
133849	1721.44854467	2677	1.97418879e-04	2677.00000000	3.28382195e+15	3.41223415e+15	3.03380794e-03
133899	1722.09052039	2678	1.97492625e-04	2678.00000000	3.28382364e+15	3.41223585e+15	3.03380936e-03
133949	1722.73248632	2679	1.97566372e-04	2679.00000000	3.28382533e+15	3.41223754e+15	3.03381078e-03
133999	1723.37350755	2680	1.97640118e-04	2680.00000000	3.28382702e+15	3.41223923e+15	3.03381220e-03
134049	1724.01669364	2681	1.97713864e-04	2681.00000000	3.28382870e+15	3.41224091e+15	3.03381361e-03
134099	1724.66162737	2682	1.97787611e-04	2682.00000000	3.28383038e+15	3.41224259e+15	3.03381502e-03
134149	1725.30672569	2683	1.97861357e-04	2683.00000000	3.28383205e+15	3.41224427e+15	3.03381643e-03
134199	1725.95039666	2684	1.97935103e-04	2684.00000000	3.28383371e+15	3.41224594e+15	3.03381783e-03
134249	1726.59295888	2685	1.98008850e-04	2685.00000000	3.28383538e+15	3.41224760e+15	3.03381922e-03
134299	1727.23789479	2686	1.98082596e-04	2686.00000000	3.28383704e+15	3.41224927e+15	3.03382062e-03
134349	1727.88289202	2687	1.98156342e-04	2687.00000000	3.28383869e+15	3.41225092e+15	3.03382201e-03
134399	1728.52630225	2688	1.98230088e-04	2688.00000000	3.28384034e+15	3.41225258e+15	3.03382339e-03
134449	1729.17003084	2689	1.98303835e-04	2689.00000000	3.28384198e+15	3.41225422e+15	3.03382477e-03
134499	1729.81340224	2690	1.98377581e-04	2690.00000000	3.28384362e+15	3.41225587e+15	3.03382615e-03
134549	1730.45657560	2691	1.98451327e-04	2691.00000000	3.28384526e+15	3.41225751e+15	3.03382753e-03
134599	1731.09916809	2692	1.98525074e-04	2692.00000000	3.28384689e+15	3.41225914e+15	3.03382890e-03
134649	1731.74149981	2693	1.98598820e-04	2693.00000000	3.28384852e+15	3.41226077e+15	3.03383026e-03
134699	1732.38449382	2694	1.98672566e-04	2694.00000000	3.28385014e+15	3.41226240e+15	3.03383163e-03
134749	1733.02812365	2695	1.98746313e-04	2695.00000000	3.28385176e+15	3.41226402e+15	3.03383299e-03
134799	1733.67210793	2696	1.98820059e-04	2696.00000000	3.28385337e+15	3.41226564e+15	3.03383434e-03
134849	1734.31604597	2697	1.98893805e-04	2697.00000000	3.28385498e+15	3.41226725e+15	3.03383570e-03
134899	1734.95856063	2698	1.98967552e-04	2698.00000000	3.28385659e+15	3.41226886e+15	3.03383704e-03
134949	1735.60319630	2699	1.99041298e-04	2699.00000000	3.28385819e+15	3.41227046e+15	3.03383839e-03
134999	1736.24603283	2700	1.99115044e-04	2700.00000000	3.28385978e+15	3.41227206e+15	3.03383973e-03
135049	1736.88974073	2701	1.99188791e-04	2701.00000000	3.28386138e+15	3.41227366e+15	3.03384107e-03
135099	1737.53248164	2702	1.99262537e-04	2702.00000000	3.28386296e+15	3.41227525e+15	3.03384240e-03
135149	1738.17325381	2703	1.99336283e-04	2703.00000000	3.28386455e+15	3.41227684e+15	3.03384373e-03
135199	1738.81724066	2704	1.99410029e-04	2704.00000000	3.28386613e+15	3.41227842e+15	3.03384506e-03
135249	1739.46043846	2705	1.99483776e-04	2705.00000000	3.28386770e+15	3.41228000e+15	3.03384638e-03
135299	1740.10389476	2706	1.99557522e-04	2706.00000000	3.28386927e+15	3.41228157e+15	3.03384770e-03
135349	1740.74934532	2707	1.99631268e-04	2707.00000000	3.28387084e+15	3.41228314e+15	3.03384902e-03
135399	1741.39286700	2708	1.99705015e-04	2708.00000000	3.28387240e+15	3.41228471e+15	3.03385033e-03
135449	1742.03437209	2709	1.99778761e-04	2709.00000000	3.28387396e+15	3.41228627e+15	3.03385164e-03
135499	1742.67802036	2710	1.99852507e-04	2710.00000000	3.28387551e+15	3.41228783e+15	3.03385295e-03
135549	1743.32311336	2711	1.99926254e-04	2711.00000000	3.28387706e+15	3.41228938e+15	3.03385425e-03
135599	1743.96834790	2712	2.00000000e-04	2712.00000000	3.28387861e+15	3.41229093e+15	3.03385555e-03
135649	1744.61125836	2713	2.00073746e-04	2713.00000000	3.28388015e+15	3.41229247e+15	3.03385684e-03
135699	1745.25501112	2714	2.00147493e-04	2714.00000000	3.28388169e+15	3.41229401e+15	3.03385814e-03
135749	1745.89629341	2715	2.00221239e-04	2715.00000000	3.28388322e+15	3.41229555e+15	3.03385942e-03
135799	1746.54108330	2716	2.00294985e-04	2716.00000000	3.28388475e+15	3.41229708e+15	3.03386071e-03
135849	1747.18556240	2717	2.00368732e-04	2717.00000000	3.28388627e+15	3.41229861e+15	3.03386199e-03
135899	1747.82826475	2718	2.00442478e-04	2718.00000000	3.28388779e+15	3.41230013e+15	3.03386327e-03
135949	1748.47188713	2719	2.00516224e-04	2719.00000000	3.28388931e+15	3.41230165e+15	3.03386454e-03
135999	1749.11306075	2720	2.00589971e-04	2720.00000000	3.28389082e+15	3.41230317e+15	3.03386581e-03
136049	1749.75915128	2721	2.00663717e-04	2721.00000000	3.28389233e+15	3.41230468e+15	3.03386708e-03
136099	1750.40298352	2722	2.00737463e-04	2722.00000000	3.28389383e+15	3.41230618e+15	3.03386834e-03
136149	1751.04535425	2723	2.00811209e-04	2723.00000000	3.28389533e+15	3.41230769e+15	3.03386960e-03
136199	1751.69015891	2724	2.00884956e-04	2724.00000000	3.28389683e+15	3.41230919e+15	3.03387086e-03
136249	1752.33210970	2725	2.00958702e-04	2725.00000000	3.28389832e+15	3.41231068e+15	3.03387211e-03
136299	1752.97344358	2726	2.01032448e-04	2726.00000000	3.28389981e+15	3.41231217e+15	3.03387336e-03
136349	1753.61717670	2727	2.01106195e-04	2727.00000000	3.28390129e+15	3.41231366e+15	3.03387461e-03
136399	1754.26087920	2728	2.01179941e-04	2728.00000000	3.28390277e+15	3.41231514e+15	3.03387585e-03
136449	1754.90183166	2729	2.01253687e-04	2729.00000000	3.28390425e+15	3.41231662e+15	3.03387709e-03
136499	1755.54445512	2730	2.01327434e-04	2730.00000000	3.28390572e+15	3.41231810e+15	3.03387833e-03
136549	1756.18952498	2731	2.01401180e-04	2731.00000000	3.28390719e+15	3.41231957e+15	3.03387956e-03
136599	1756.83514302	2732	2.01474926e-04	2732.00000000	3.28390865e+15	3.41232103e+15	3.03388079e-03
136649	1757.47717747	2733	2.01548673e-04	2733.00000000	3.28391011e+15	3.41232250e+15	3.03388202e-03
136699	1758.11954917	2734	2.01622419e-04	2734.00000000	3.28391157e+15	3.41232396e+15	3.03388324e-03
136749	1758.76378878	2735	2.01696165e-04	2735.00000000	3.28391302e+15	3.41232541e+15	3.03388446e-03
136799	1759.40727287	2736	2.01769912e-04	2736.00000000	3.28391447e+15	3.41232686e+15	3.03388568e-03
136849	1760.05008191	2737	2.01843658e-04	2737.00000000	3.28391591e+15	3.41232831e+15	3.03388690e-03
136899	1760.69134888	2738	2.01917404e-04	2738.00000000	3.28391735e+15	3.41232975e+15	3.03388811e-03
136949	1761.33613024	2739	2.01991150e-04	2739.00000000	3.28391879e+15	3.41233119e+15	3.03388931e-03
136999	1761.97679874	2740	2.02064897e-04	2740.00000000	3.28392022e+15	3.41233263e+15	3.03389052e-03
137049	1762.61907958	2741	2.02138643e-04	2741.00000000	3.28392165e+15	3.41233406e+15	3.03389172e-03
137099	1763.26085086	2742	2.02212389e-04	2742.00000000	3.28392308e+15	3.41233549e+15	3.03389291e-03
137149	1763.90500118	2743	2.02286136e-04	2743.00000000	3.28392450e+15	3.41233691e+15	3.03389411e-03
137199	1764.54916003	2744	2.02359882e-04	2744.00000000	3.28392591e+15	3.41233833e+15	3.03389530e-03
137249	1765.19113920	2745	2.02433628e-04	2745.00000000	3.28392733e+15	3.41233975e+15	3.03389649e-03
137299	1765.83661113	2746	2.02507375e-04	2746.00000000	3.28392874e+15	3.41234116e+15	3.03389767e-03
137349	1766.47807096	2747	2.02581121e-04	2747.00000000	3.28393014e+15	3.41234257e+15	3.03389885e-03
137399	1767.12107355	2748	2.02654867e-04	2748.00000000	3.28393154e+15	3.41234397e+15	3.03390003e-03
137449	1767.76404873	2749	2.02728614e-04	2749.00000000	3.28393294e+15	3.41234537e+15	3.03390120e-03
137499	1768.40746640	2750	2.02802360e-04	2750.00000000	3.28393433e+15	3.41234677e+15	3.03390237e-03
137549	1769.05118185	2751	2.02876106e-04	2751.00000000	3.28393572e+15	3.41234816e+15	3.03390354e-03
137599	1769.69419771	2752	2.02949853e-04	2752.00000000	3.28393711e+15	3.41234955e+15	3.03390471e-03
137649	1770.33712863	2753	2.03023599e-04	2753.00000000	3.28393849e+15	3.41235094e+15	3.03390587e-03
137699	1770.97959518	2754	2.03097345e-04	2754.00000000	3.28393987e+15	3.41235232e+15	3.03390703e-03
137749	1771.62321088	2755	2.03171091e-04	2755.00000000	3.28394125e+15	3.41235370e+15	3.03390818e-03
137799	1772.26718916	2756	2.03244838e-04	2756.00000000	3.28394262e+15	3.41235507e+15	3.03390934e-03
137849	1772.90870477	2757	2.03318584e-04	2757.00000000	3.28394399e+15	3.41235644e+15	3.03391049e-03
137899	1773.55235117	2758	2.03392330e-04	2758.00000000	3.28394535e+15	3.41235781e+15	3.03391163e-03
137949	1774.19554501	2759	2.03466077e-04	2759.00000000	3.28394671e+15	3.41235917e+15	3.03391278e-03
137999	1774.83812420	2760	2.03539823e-04	2760.00000000	3.28394807e+15	3.41236053e+15	3.03391392e-03
138049	1775.48043090	2761	2.03613569e-04	2761.00000000	3.28394942e+15	3.41236189e+15	3.03391505e-03
138099	1776.12401547	2762	2.03687316e-04	2762.00000000	3.28395077e+15	3.41236324e+15	3.03391619e-03
138149	1776.76576729	2763	2.03761062e-04	2763.00000000	3.28395212e+15	3.41236459e+15	3.03391732e-03
138199	1777.40984151	2764	2.03834808e-04	2764.00000000	3.28395346e+15	3.41236594e+15	3.03391845e-03
138249	1778.05310033	2765	2.03908555e-04	2765.00000000	3.28395480e+15	3.41236728e+15	3.03391957e-03
138299	1778.69713904	2766	2.03982301e-04	2766.00000000	3.28395613e+15	3.41236862e+15	3.03392069e-03
138349	1779.33955332	2767	2.04056047e-04	2767.00000000	3.28395747e+15	3.41236995e+15	3.03392181e-03
138399	1779.98294887	2768	2.04129794e-04	2768.00000000	3.28395879e+15	3.41237128e+15	3.03392293e-03
138449	1780.62778149	2769	2.04203540e-04	2769.00000000	3.28396012e+15	3.41237261e+15	3.03392404e-03
138499	1781.27158147	2770	2.04277286e-04	2770.00000000	3.28396144e+15	3.41237393e+15	3.03392515e-03
138549	1781.91561252	2771	2.04351032e-04	2771.00000000	3.28396275e+15	3.41237525e+15	3.03392626e-03
138599	1782.56053008	2772	2.04424779e-04	2772.00000000	3.28396407e+15	3.41237657e+15	3.03392736e-03
138649	1783.20320569	2773	2.04498525e-04	2773.00000000	3.28396538e+15	3.41237788e+15	3.03392846e-03
138699	1783.84815639	2774	2.04572271e-04	2774.00000000	3.28396668e+15	3.41237919e+15	3.03392956e-03
138749	1784.49243319	2775	2.04646018e-04	2775.00000000	3.28396799e+15	3.41238049e+15	3.03393065e-03
138799	1785.13544336	2776	2.04719764e-04	2776.00000000	3.28396929e+15	3.41238180e+15	3.03393174e-03
138849	1785.77738840	2777	2.04793510e-04	2777.00000000	3.28397058e+15	3.41238309e+15	3.03393283e-03
138899	1786.42083717	2778	2.04867257e-04	2778.00000000	3.28397187e+15	3.41238439e+15	3.03393392e-03
138949	1787.06367679	2779	2.04941003e-04	2779.00000000	3.28397316e+15	3.41238568e+15	3.03393500e-03
138999	1787.70689908	2780	2.05014749e-04	2780.00000000	3.28397445e+15	3.41238697e+15	3.03393608e-03
139049	1788.34948628	2781	2.05088496e-04	2781.00000000	3.28397573e+15	3.41238825e+15	3.03393716e-03
139099	1788.99283435	2782	2.05162242e-04	2782.00000000	3.28397701e+15	3.41238953e+15	3.03393823e-03
139149	1789.63716910	2783	2.05235988e-04	2783.00000000	3.28397828e+15	3.41239081e+15	3.03393930e-03
139199	1790.27947858	2784	2.05309735e-04	2784.00000000	3.28397956e+15	3.41239209e+15	3.03394037e-03
139249	1790.92257831	2785	2.05383481e-04	2785.00000000	3.28398082e+15	3.41239336e+15	3.03394144e-03
139299	1791.56326721	2786	2.05457227e-04	2786.00000000	3.28398209e+15	3.41239462e+15	3.03394250e-03
139349	1792.20510837	2787	2.05530973e-04	2787.00000000	3.28398335e+15	3.41239589e+15	3.03394356e-03
139399	1792.85014641	2788	2.05604720e-04	2788.00000000	3.28398461e+15	3.41239715e+15	3.03394462e-03
139449	1793.49214435	2789	2.05678466e-04	2789.00000000	3.28398586e+15	3.41239841e+15	3.03394567e-03
139499	1794.13486552	2790	2.05752212e-04	2790.00000000	3.28398711e+15	3.41239966e+15	3.03394672e-03
139549	1794.77815415	2791	2.05825959e-04	2791.00000000	3.28398836e+15	3.41240091e+15	3.03394777e-03
139599	1795.41923941	2792	2.05899705e-04	2792.00000000	3.28398960e+15	3.41240216e+15	3.03394882e-03
139649	1796.06118443	2793	2.05973451e-04	2793.00000000	3.28399084e+15	3.41240340e+15	3.03394986e-03
139699	1796.70239861	2794	2.06047198e-04	2794.00000000	3.28399208e+15	3.41240464e+15	3.03395090e-03
139749	1797.34460856	2795	2.06120944e-04	2795.00000000	3.28399332e+15	3.41240588e+15	3.03395194e-03
139799	1797.98934371	2796	2.06194690e-04	2796.00000000	3.28399455e+15	3.41240711e+15	3.03395297e-03
139849	1798.63141220	2797	2.06268437e-04	2797.00000000	3.28399577e+15	3.41240834e+15	3.03395400e-03
139899	1799.27362233	2798	2.06342183e-04	2798.00000000	3.28399700e+15	3.41240957e+15	3.03395503e-03
139949	1799.91601883	2799	2.06415929e-04	2799.00000000	3.28399822e+15	3.41241079e+15	3.03395606e-03
139999	1800.55770227	2800	2.06489676e-04	2800.00000000	3.28399944e+15	3.41241201e+15	3.03395708e-03
140049	1801.20230525	2801	2.06563422e-04	2801.00000000	3.28400065e+15	3.41241323e+15	3.03395810e-03
140099	1801.84698758	2802	2.06637168e-04	2802.00000000	3.28400186e+15	3.41241444e+15	3.03395912e-03
140149	1802.49118252	2803	2.06710914e-04	2803.00000000	3.28400307e+15	3.41241565e+15	3.03396013e-03
140199	1803.13505323	2804	2.06784661e-04	2804.00000000	3.28400427e+15	3.41241686e+15	3.03396114e-03
140249	1803.77702264	2805	2.06858407e-04	2805.00000000	3.28400548e+15	3.41241806e+15	3.03396215e-03
140299	1804.41846332	2806	2.06932153e-04	2806.00000000	3.28400667e+15	3.41241926e+15	3.03396316e-03
140349	1805.05970894	2807	2.07005900e-04	2807.00000000	3.28400787e+15	3.41242046e+15	3.03396416e-03
140399	1805.70255534	2808	2.07079646e-04	2808.00000000	3.28400906e+15	3.41242165e+15	3.03396516e-03
140449	1806.34610751	2809	2.07153392e-04	2809.00000000	3.28401025e+15	3.41242284e+15	3.03396616e-03
140499	1806.98751035	2810	2.07227139e-04	2810.00000000	3.28401143e+15	3.41242403e+15	3.03396716e-03
140549	1807.62835319	2811	2.07300885e-04	2811.00000000	3.28401262e+15	3.41242522e+15	3.03396815e-03
140599	1808.26999099	2812	2.07374631e-04	2812.00000000	3.28401379e+15	3.41242640e+15	3.03396914e-03
140649	1808.91140996	2813	2.07448378e-04	2813.00000000	3.28401497e+15	3.41242758e+15	3.03397013e-03
140699	1809.55457735	2814	2.07522124e-04	2814.00000000	3.28401614e+15	3.41242875e+15	3.03397112e-03
140749	1810.19514038	2815	2.07595870e-04	2815.00000000	3.28401731e+15	3.41242992e+15	3.03397210e-03
140799	1810.83878701	2816	2.07669617e-04	2816.00000000	3.28401848e+15	3.41243109e+15	3.03397308e-03
140849	1811.48164362	2817	2.07743363e-04	2817.00000000	3.28401964e+15	3.41243226e+15	3.03397405e-03
140899	1812.12523587	2818	2.07817109e-04	2818.00000000	3.28402080e+15	3.41243342e+15	3.03397503e-03
140949	1812.76804064	2819	2.07890855e-04	2819.00000000	3.28402196e+15	3.41243458e+15	3.03397600e-03
140999	1813.41362415	2820	2.07964602e-04	2820.00000000	3.28402311e+15	3.41243573e+15	3.03397697e-03
141049	1814.05655055	2821	2.08038348e-04	2821.00000000	3.28402426e+15	3.41243689e+15	3.03397794e-03
141099	1814.70023899	2822	2.08112094e-04	2822.00000000	3.28402541e+15	3.41243804e+15	3.03397890e-03
141149	1815.34139155	2823	2.08185841e-04	2823.00000000	3.28402655e+15	3.41243918e+15	3.03397986e-03
141199	1815.98596038	2824	2.08259587e-04	2824.00000000	3.28402769e+15	3.41244033e+15	3.03398082e-03
141249	1816.62876284	2825	2.08333333e-04	2825.00000000	3.28402883e+15	3.41244147e+15	3.03398178e-03
141299	1817.27143891	2826	2.08407080e-04	2826.00000000	3.28402997e+15	3.41244260e+15	3.03398273e-03
141349	1817.91472906	2827	2.08480826e-04	2827.00000000	3.28403110e+15	3.41244374e+15	3.03398368e-03
141399	1818.55519171	2828	2.08554572e-04	2828.00000000	3.28403223e+15	3.41244487e+15	3.03398463e-03
141449	1819.19702616	2829	2.08628319e-04	2829.00000000	3.28403335e+15	3.41244600e+15	3.03398558e-03
141499	1819.84048611	2830	2.08702065e-04	2830.00000000	3.28403447e+15	3.41244712e+15	3.03398652e-03
141549	1820.48635854	2831	2.08775811e-04	2831.00000000	3.28403559e+15	3.41244824e+15	3.03398746e-03
141599	1821.13198603	2832	2.08849558e-04	2832.00000000	3.28403671e+15	3.41244936e+15	3.03398840e-03
141649	1821.77587725	2833	2.08923304e-04	2833.00000000	3.28403782e+15	3.41245048e+15	3.03398933e-03
141699	1822.41875331	2834	2.08997050e-04	2834.00000000	3.28403894e+15	3.41245159e+15	3.03399027e-03
141749	1823.06358635	2835	2.09070796e-04	2835.00000000	3.28404004e+15	3.41245270e+15	3.03399120e-03
141799	1823.70737591	2836	2.09144543e-04	2836.00000000	3.28404115e+15	3.41245381e+15	3.03399213e-03
141849	1824.34969860	2837	2.09218289e-04	2837.00000000	3.28404225e+15	3.41245491e+15	3.03399305e-03
141899	1824.99081154	2838	2.09292035e-04	2838.00000000	3.28404335e+15	3.41245601e+15	3.03399398e-03
141949	1825.63639660	2839	2.09365782e-04	2839.00000000	3.28404444e+15	3.41245711e+15	3.03399490e-03
141999	1826.28020924	2840	2.09439528e-04	2840.00000000	3.28404554e+15	3.41245821e+15	3.03399581e-03
142049	1826.92317669	2841	2.09513274e-04	2841.00000000	3.28404663e+15	3.41245930e+15	3.03399673e-03
142099	1827.56388290	2842	2.09587021e-04	2842.00000000	3.28404771e+15	3.41246039e+15	3.03399764e-03
142149	1828.20713615	2843	2.09660767e-04	2843.00000000	3.28404880e+15	3.41246147e+15	3.03399855e-03
142199	1828.84929186	2844	2.09734513e-04	2844.00000000	3.28404988e+15	3.41246256e+15	3.03399946e-03
142249	1829.49242323	2845	2.09808260e-04	2845.00000000	3.28405096e+15	3.41246364e+15	3.03400037e-03
142299	1830.13472831	2846	2.09882006e-04	2846.00000000	3.28405203e+15	3.41246472e+15	3.03400127e-03
142349	1830.77602792	2847	2.09955752e-04	2847.00000000	3.28405310e+15	3.41246579e+15	3.03400217e-03
142399	1831.41961636	2848	2.10029499e-04	2848.00000000	3.28405417e+15	3.41246686e+15	3.03400307e-03
142449	1832.06361550	2849	2.10103245e-04	2849.00000000	3.28405524e+15	3.41246793e+15	3.03400397e-03
142499	1832.70768932	2850	2.10176991e-04	2850.00000000	3.28405630e+15	3.41246900e+15	3.03400486e-03
142549	1833.35174018	2851	2.10250737e-04	2851.00000000	3.28405736e+15	3.41247006e+15	3.03400575e-03
142599	1833.99489548	2852	2.10324484e-04	2852.00000000	3.28405842e+15	3.41247112e+15	3.03400664e-03
142649	1834.63883179	2853	2.10398230e-04	2853.00000000	3.28405948e+15	3.41247218e+15	3.03400753e-03
142699	1835.28046150	2854	2.10471976e-04	2854.00000000	3.28406053e+15	3.41247323e+15	3.03400841e-03
142749	1835.92237558	2855	2.10545723e-04	2855.00000000	3.28406158e+15	3.41247428e+15	3.03400929e-03
142799	1836.56540762	2856	2.10619469e-04	2856.00000000	3.28406263e+15	3.41247533e+15	3.03401017e-03
142849	1837.20785723	2857	2.10693215e-04	2857.00000000	3.28406367e+15	3.41247638e+15	3.03401105e-03
142899	1837.85069198	2858	2.10766962e-04	2858.00000000	3.28406471e+15	3.41247742e+15	3.03401193e-03
142949	1838.49424853	2859	2.10840708e-04	2859.00000000	3.28406575e+15	3.41247846e+15	3.03401280e-03
142999	1839.13807983	2860	2.10914454e-04	2860.00000000	3.28406678e+15	3.41247950e+15	3.03401367e-03
143049	1839.78454182	2861	2.10988201e-04	2861.00000000	3.28406782e+15	3.41248053e+15	3.03401454e-03
143099	1840.42722647	2862	2.11061947e-04	2862.00000000	3.28406885e+15	3.41248156e+15	3.03401540e-03
143149	1841.06891200	2863	2.11135693e-04	2863.00000000	3.28406987e+15	3.41248259e+15	3.03401626e-03
143199	1841.71176406	2864	2.11209440e-04	2864.00000000	3.28407090e+15	3.41248362e+15	3.03401712e-03
143249	1842.35373063	2865	2.11283186e-04	2865.00000000	3.28407192e+15	3.41248464e+15	3.03401798e-03
143299	1842.99542141	2866	2.11356932e-04	2866.00000000	3.28407294e+15	3.41248566e+15	3.03401884e-03
143349	1843.63852044	2867	2.11430678e-04	2867.00000000	3.28407395e+15	3.41248668e+15	3.03401969e-03
143399	1844.28153981	2868	2.11504425e-04	2868.00000000	3.28407497e+15	3.41248770e+15	3.03402054e-03
143449	1844.92317600	2869	2.11578171e-04	2869.00000000	3.28407598e+15	3.41248871e+15	3.03402139e-03
143499	1845.56561985	2870	2.11651917e-04	2870.00000000	3.28407698e+15	3.41248972e+15	3.03402224e-03
143549	1846.20899718	2871	2.11725664e-04	2871.00000000	3.28407799e+15	3.41249073e+15	3.03402308e-03
143599	1846.85108101	2872	2.11799410e-04	2872.00000000	3.28407899e+15	3.41249173e+15	3.03402393e-03
143649	1847.49725624	2873	2.11873156e-04	2873.00000000	3.28407999e+15	3.41249273e+15	3.03402477e-03
143699	1848.14001563	2874	2.11946903e-04	2874.00000000	3.28408099e+15	3.41249373e+15	3.03402560e-03
143749	1848.78201606	2875	2.12020649e-04	2875.00000000	3.28408198e+15	3.41249473e+15	3.03402644e-03
143799	1849.42335937	2876	2.12094395e-04	2876.00000000	3.28408297e+15	3.41249572e+15	3.03402727e-03
143849	1850.06574108	2877	2.12168142e-04	2877.00000000	3.28408396e+15	3.41249671e+15	3.03402810e-03
143899	1850.71027879	2878	2.12241888e-04	2878.00000000	3.28408495e+15	3.41249770e+15	3.03402893e-03
143949	1851.35182965	2879	2.12315634e-04	2879.00000000	3.28408593e+15	3.41249869e+15	3.03402976e-03
143999	1851.99673809	2880	2.12389381e-04	2880.00000000	3.28408691e+15	3.41249967e+15	3.03403058e-03
144049	1852.64187446	2881	2.12463127e-04	2881.00000000	3.28408789e+15	3.41250065e+15	3.03403140e-03
144099	1853.28491647	2882	2.12536873e-04	2882.00000000	3.28408887e+15	3.41250163e+15	3.03403222e-03
144149	1853.92842287	2883	2.12610619e-04	2883.00000000	3.28408984e+15	3.41250260e+15	3.03403304e-03
144199	1854.56963822	2884	2.12684366e-04	2884.00000000	3.28409081e+15	3.41250357e+15	3.03403386e-03
144249	1855.21217428	2885	2.12758112e-04	2885.00000000	3.28409178e+15	3.41250454e+15	3.03403467e-03
144299	1855.85624554	2886	2.12831858e-04	2886.00000000	3.28409274e+15	3.41250551e+15	3.03403548e-03
144349	1856.49820211	2887	2.12905605e-04	2887.00000000	3.28409370e+15	3.41250648e+15	3.03403629e-03
144399	1857.14007977	2888	2.12979351e-04	2888.00000000	3.28409466e+15	3.41250744e+15	3.03403710e-03
144449	1857.78113917	2889	2.13053097e-04	2889.00000000	3.28409562e+15	3.41250840e+15	3.03403790e-03
144499	1858.42401379	2890	2.13126844e-04	2890.00000000	3.28409658e+15	3.41250935e+15	3.03403870e-03
144549	1859.06712601	2891	2.13200590e-04	2891.00000000	3.28409753e+15	3.41251031e+15	3.03403950e-03
144599	1859.71021492	2892	2.13274336e-04	2892.00000000	3.28409848e+15	3.41251126e+15	3.03404030e-03
144649	1860.35415522	2893	2.13348083e-04	2893.00000000	3.28409942e+15	3.41251221e+15	3.03404110e-03
144699	1860.99669101	2894	2.13421829e-04	2894.00000000	3.28410037e+15	3.41251316e+15	3.03404189e-03
144749	1861.63941430	2895	2.13495575e-04	2895.00000000	3.28410131e+15	3.41251410e+15	3.03404268e-03
144799	1862.28360161	2896	2.13569322e-04	2896.00000000	3.28410225e+15	3.41251504e+15	3.03404347e-03
144849	1862.92841320	2897	2.13643068e-04	2897.00000000	3.28410319e+15	3.41251598e+15	3.03404426e-03
144899	1863.57268873	2898	2.13716814e-04	2898.00000000	3.28410412e+15	3.41251692e+15	3.03404504e-03
144949	1864.21757815	2899	2.13790560e-04	2899.00000000	3.28410505e+15	3.41251785e+15	3.03404583e-03
144999	1864.86299448	2900	2.13864307e-04	2900.00000000	3.28410598e+15	3.41251878e+15	3.03404661e-03
145049	1865.50693112	2901	2.13938053e-04	2901.00000000	3.28410691e+15	3.41251971e+15	3.03404738e-03
145099	1866.14997838	2902	2.14011799e-04	2902.00000000	3.28410783e+15	3.41252064e+15	3.03404816e-03
145149	1866.79289962	2903	2.14085546e-04	2903.00000000	3.28410876e+15	3.41252156e+15	3.03404894e-03
145199	1867.43437966	2904	2.14159292e-04	2904.00000000	3.28410967e+15	3.41252248e+15	3.03404971e-03
145249	1868.07646392	2905	2.14233038e-04	2905.00000000	3.28411059e+15	3.41252340e+15	3.03405048e-03
145299	1868.72040071	2906	2.14306785e-04	2906.00000000	3.28411151e+15	3.41252432e+15	3.03405125e-03
145349	1869.36295786	2907	2.14380531e-04	2907.00000000	3.28411242e+15	3.41252523e+15	3.03405201e-03
145399	1870.00496132	2908	2.14454277e-04	2908.00000000	3.28411333e+15	3.41252614e+15	3.03405278e-03
145449	1870.64668530	2909	2.14528024e-04	2909.00000000	3.28411423e+15	3.41252705e+15	3.03405354e-03
145499	1871.29032306	2910	2.14601770e-04	2910.00000000	3.28411514e+15	3.41252796e+15	3.03405430e-03
145549	1871.93196947	2911	2.14675516e-04	2911.00000000	3.28411604e+15	3.41252886e+15	3.03405506e-03
145599	1872.57438944	2912	2.14749263e-04	2912.00000000	3.28411694e+15	3.41252976e+15	3.03405581e-03
145649	1873.21806065	2913	2.14823009e-04	2913.00000000	3.28411784e+15	3.41253066e+15	3.03405657e-03
145699	1873.86371014	2914	2.14896755e-04	2914.00000000	3.28411873e+15	3.41253156e+15	3.03405732e-03
145749	1874.50483145	2915	2.14970501e-04	2915.00000000	3.28411962e+15	3.41253245e+15	3.03405807e-03
145799	1875.14933943	2916	2.15044248e-04	2916.00000000	3.28412051e+15	3.41253334e+15	3.03405882e-03
145849	1875.79380942	2917	2.15117994e-04	2917.00000000	3.28412140e+15	3.41253423e+15	3.03405956e-03
145899	1876.43531782	2918	2.15191740e-04	2918.00000000	3.28412229e+15	3.41253512e+15	3.03406031e-03
145949	1877.07784391	2919	2.15265487e-04	2919.00000000	3.28412317e+15	3.41253600e+15	3.03406105e-03
145999	1877.72137224	2920	2.15339233e-04	2920.00000000	3.28412405e+15	3.41253689e+15	3.03406179e-03
146049	1878.36688257	2921	2.15412979e-04	2921.00000000	3.28412493e+15	3.41253777e+15	3.03406253e-03
146099	1879.01064528	2922	2.15486726e-04	2922.00000000	3.28412580e+15	3.41253864e+15	3.03406326e-03
146149	1879.65224974	2923	2.15560472e-04	2923.00000000	3.28412668e+15	3.41253952e+15	3.03406400e-03
146199	1880.29675980	2924	2.15634218e-04	2924.00000000	3.28412755e+15	3.41254039e+15	3.03406473e-03
146249	1880.94002141	2925	2.15707965e-04	2925.00000000	3.28412842e+15	3.41254126e+15	3.03406546e-03
146299	1881.58182002	2926	2.15781711e-04	2926.00000000	3.28412928e+15	3.41254213e+15	3.03406618e-03
146349	1882.22342647	2927	2.15855457e-04	2927.00000000	3.28413015e+15	3.41254300e+15	3.03406691e-03
146399	1882.86480091	2928	2.15929204e-04	2928.00000000	3.28413101e+15	3.41254386e+15	3.03406763e-03
146449	1883.50853981	2929	2.16002950e-04	2929.00000000	3.28413187e+15	3.41254472e+15	3.03406836e-03
146499	1884.15086614	2930	2.16076696e-04	2930.00000000	3.28413273e+15	3.41254558e+15	3.03406908e-03
146549	1884.79193471	2931	2.16150442e-04	2931.00000000	3.28413358e+15	3.41254644e+15	3.03406980e-03
146599	1885.43448643	2932	2.16224189e-04	2932.00000000	3.28413443e+15	3.41254729e+15	3.03407051e-03
146649	1886.07799263	2933	2.16297935e-04	2933.00000000	3.28413528e+15	3.41254814e+15	3.03407123e-03
146699	1886.72020098	2934	2.16371681e-04	2934.00000000	3.28413613e+15	3.41254899e+15	3.03407194e-03
146749	1887.36195548	2935	2.16445428e-04	2935.00000000	3.28413698e+15	3.41254984e+15	3.03407265e-03
146799	1888.00353935	2936	2.16519174e-04	2936.00000000	3.28413782e+15	3.41255068e+15	3.03407336e-03
146849	1888.64609144	2937	2.16592920e-04	2937.00000000	3.28413866e+15	3.41255153e+15	3.03407406e-03
146899	1889.28794167	2938	2.16666667e-04	2938.00000000	3.28413950e+15	3.41255237e+15	3.03407477e-03
146949	1889.92955569	2939	2.16740413e-04	2939.00000000	3.28414033e+15	3.41255321e+15	3.03407547e-03
146999	1890.57243250	2940	2.16814159e-04	2940.00000000	3.28414117e+15	3.41255404e+15	3.03407617e-03
147049	1891.21676988	2941	2.16887906e-04	2941.00000000	3.28414200e+15	3.41255487e+15	3.03407687e-03
147099	1891.85974482	2942	2.16961652e-04	2942.00000000	3.28414283e+15	3.41255571e+15	3.03407757e-03
147149	1892.50370620	2943	2.17035398e-04	2943.00000000	3.28414366e+15	3.41255654e+15	3.03407826e-03
147199	1893.15049017	2944	2.17109145e-04	2944.00000000	3.28414448e+15	3.41255736e+15	3.03407896e-03
147249	1893.79467736	2945	2.17182891e-04	2945.00000000	3.28414531e+15	3.41255819e+15	3.03407965e-03
147299	1894.43775900	2946	2.17256637e-04	2946.00000000	3.28414613e+15	3.41255901e+15	3.03408034e-03
147349	1895.08425082	2947	2.17330383e-04	2947.00000000	3.28414695e+15	3.41255983e+15	3.03408103e-03
147399	1895.72806270	2948	2.17404130e-04	2948.00000000	3.28414776e+15	3.41256065e+15	3.03408171e-03
147449	1896.37164295	2949	2.17477876e-04	2949.00000000	3.28414858e+15	3.41256146e+15	3.03408240e-03
147499	1897.01492250	2950	2.17551622e-04	2950.00000000	3.28414939e+15	3.41256228e+15	3.03408308e-03
147549	1897.65680614	2951	2.17625369e-04	2951.00000000	3.28415020e+15	3.41256309e+15	3.03408376e-03
147599	1898.30085337	2952	2.17699115e-04	2952.00000000	3.28415101e+15	3.41256390e+15	3.03408444e-03
147649	1898.94555563	2953	2.17772861e-04	2953.00000000	3.28415181e+15	3.41256471e+15	3.03408511e-03
147699	1899.58826393	2954	2.17846608e-04	2954.00000000	3.28415261e+15	3.41256551e+15	3.03408579e-03
147749	1900.23034573	2955	2.17920354e-04	2955.00000000	3.28415342e+15	3.41256631e+15	3.03408646e-03
147799	1900.87475441	2956	2.17994100e-04	2956.00000000	3.28415421e+15	3.41256711e+15	3.03408713e-03
147849	1901.51823082	2957	2.18067847e-04	2957.00000000	3.28415501e+15	3.41256791e+15	3.03408780e-03
147899	1902.15919624	2958	2.18141593e-04	2958.00000000	3.28415581e+15	3.41256871e+15	3.03408847e-03
147949	1902.80392692	2959	2.18215339e-04	2959.00000000	3.28415660e+15	3.41256950e+15	3.03408914e-03
147999	1903.44959598	2960	2.18289086e-04	2960.00000000	3.28415739e+15	3.41257029e+15	3.03408980e-03
148049	1904.09529281	2961	2.18362832e-04	2961.00000000	3.28415818e+15	3.41257108e+15	3.03409046e-03
148099	1904.73717055	2962	2.18436578e-04	2962.00000000	3.28415896e+15	3.41257187e+15	3.03409112e-03
148149	1905.38044317	2963	2.18510324e-04	2963.00000000	3.28415975e+15	3.41257266e+15	3.03409178e-03
148199	1906.02636458	2964	2.18584071e-04	2964.00000000	3.28416053e+15	3.41257344e+15	3.03409244e-03
148249	1906.66767701	2965	2.18657817e-04	2965.00000000	3.28416131e+15	3.41257422e+15	3.03409309e-03
148299	1907.31014921	2966	2.18731563e-04	2966.00000000	3.28416209e+15	3.41257500e+15	3.03409375e-03
148349	1907.95163873	2967	2.18805310e-04	2967.00000000	3.28416286e+15	3.41257578e+15	3.03409440e-03
148399	1908.59407625	2968	2.18879056e-04	2968.00000000	3.28416363e+15	3.41257655e+15	3.03409505e-03
148449	1909.23880965	2969	2.18952802e-04	2969.00000000	3.28416441e+15	3.41257733e+15	3.03409570e-03
148499	1909.88086584	2970	2.19026549e-04	2970.00000000	3.28416518e+15	3.41257810e+15	3.03409634e-03
148549	1910.52344666	2971	2.19100295e-04	2971.00000000	3.28416594e+15	3.41257887e+15	3.03409699e-03
148599	1911.16709623	2972	2.19174041e-04	2972.00000000	3.28416671e+15	3.41257963e+15	3.03409763e-03
148649	1911.81209465	2973	2.19247788e-04	2973.00000000	3.28416747e+15	3.41258040e+15	3.03409827e-03
148699	1912.45702122	2974	2.19321534e-04	2974.00000000	3.28416823e+15	3.41258116e+15	3.03409891e-03
148749	1913.10263768	2975	2.19395280e-04	2975.00000000	3.28416899e+15	3.41258192e+15	3.03409955e-03
148799	1913.74546542	2976	2.19469027e-04	2976.00000000	3.28416975e+15	3.41258268e+15	3.03410019e-03
148849	1914.38747414	2977	2.19542773e-04	2977.00000000	3.28417050e+15	3.41258344e+15	3.03410082e-03
148899	1915.02980209	2978	2.19616519e-04	2978.00000000	3.28417126e+15	3.41258419e+15	3.03410145e-03
148949	1915.67426379	2979	2.19690265e-04	2979.00000000	3.28417201e+15	3.41258494e+15	3.03410208e-03
148999	1916.31792132	2980	2.19764012e-04	2980.00000000	3.28417276e+15	3.41258569e+15	3.03410271e-03
149049	1916.96211017	2981	2.19837758e-04	2981.00000000	3.28417350e+15	3.41258644e+15	3.03410334e-03
149099	1917.60478301	2982	2.19911504e-04	2982.00000000	3.28417425e+15	3.41258719e+15	3.03410397e-03
149149	1918.24914803	2983	2.19985251e-04	2983.00000000	3.28417499e+15	3.41258793e+15	3.03410459e-03
149199	1918.89311810	2984	2.20058997e-04	2984.00000000	3.28417573e+15	3.41258868e+15	3.03410521e-03
149249	1919.53777042	2985	2.20132743e-04	2985.00000000	3.28417647e+15	3.41258942e+15	3.03410583e-03
149299	1920.17916050	2986	2.20206490e-04	2986.00000000	3.28417721e+15	3.41259015e+15	3.03410645e-03
149349	1920.82299865	2987	2.20280236e-04	2987.00000000	3.28417794e+15	3.41259089e+15	3.03410707e-03
149399	1921.46541057	2988	2.20353982e-04	2988.00000000	3.28417867e+15	3.41259163e+15	3.03410769e-03
149449	1922.10678349	2989	2.20427729e-04	2989.00000000	3.28417940e+15	3.41259236e+15	3.03410830e-03
149499	1922.74952506	2990	2.20501475e-04	2990.00000000	3.28418013e+15	3.41259309e+15	3.03410891e-03
149549	1923.39508565	2991	2.20575221e-04	2991.00000000	3.28418086e+15	3.41259382e+15	3.03410952e-03
149599	1924.03997570	2992	2.20648968e-04	2992.00000000	3.28418159e+15	3.41259454e+15	3.03411013e-03
149649	1924.68521812	2993	2.20722714e-04	2993.00000000	3.28418231e+15	3.41259527e+15	3.03411074e-03
149699	1925.33066637	2994	2.20796460e-04	2994.00000000	3.28418303e+15	3.41259599e+15	3.03411135e-03
149749	1925.97433617	2995	2.20870206e-04	2995.00000000	3.28418375e+15	3.41259671e+15	3.03411195e-03
149799	1926.61720902	2996	2.20943953e-04	2996.00000000	3.28418447e+15	3.41259743e+15	3.03411255e-03
149849	1927.25890628	2997	2.21017699e-04	2997.00000000	3.28418518e+15	3.41259815e+15	3.03411315e-03
149899	1927.90365132	2998	2.21091445e-04	2998.00000000	3.28418589e+15	3.41259886e+15	3.03411375e-03
149949	1928.54435844	2999	2.21165192e-04	2999.00000000	3.28418661e+15	3.41259957e+15	3.03411435e-03
149999	1929.22183305	3000	2.21238938e-04	3000.00000000	3.28411037e+15	3.41257960e+15	3.03362908e-03
