TITLE = "DT cycle-start spatial average"
VARIABLES = "step", "wallTime", "targetCycle", "runTime", "runCyc", "NeAve", "NiAve", "EeAve"
ZONE T="Average_phase0", F=POINT
0	0.00000000	0	0.00000000e+00	0.00000000	1.00000000e+14	1.00000000e+14	2.40315765e-05
100	0.68598650	1	7.37463127e-08	1.00000000	9.82708781e+13	1.15648143e+14	1.18695966e-04
200	1.36882646	2	1.47492625e-07	2.00000000	1.23022705e+14	1.47374883e+14	1.49571464e-04
300	2.05448409	3	2.21238938e-07	3.00000000	1.56692005e+14	1.86060343e+14	1.89835645e-04
400	2.74050943	4	2.94985251e-07	4.00000000	1.97772447e+14	2.31581117e+14	2.37795333e-04
500	3.42797177	5	3.68731563e-07	5.00000000	2.44910240e+14	2.83066516e+14	2.91540516e-04
600	4.11430167	6	4.42477876e-07	6.00000000	2.96395229e+14	3.38975047e+14	3.48907872e-04
700	4.80032852	7	5.16224189e-07	7.00000000	3.50473126e+14	3.97562797e+14	4.07789846e-04
800	5.48645661	8	5.89970501e-07	8.00000000	4.05557541e+14	4.57179428e+14	4.66795146e-04
900	6.17374383	9	6.63716814e-07	9.00000000	4.60310155e+14	5.16406639e+14	5.24581783e-04
1000	6.86052410	10	7.37463127e-07	10.00000000	5.13923574e+14	5.74366917e+14	5.80265863e-04
1100	7.54836557	11	8.11209440e-07	11.00000000	5.65952111e+14	6.30562149e+14	6.33444437e-04
1200	8.23552400	12	8.84955752e-07	12.00000000	6.16162182e+14	6.84728377e+14	6.83927546e-04
1300	8.92255515	13	9.58702065e-07	13.00000000	6.64504603e+14	7.36800232e+14	7.31913437e-04
1400	9.61040768	14	1.03244838e-06	14.00000000	7.11106369e+14	7.86899976e+14	7.77700024e-04
1500	10.29882514	15	1.10619469e-06	15.00000000	7.56174392e+14	8.35233955e+14	8.21609868e-04
1600	10.98544313	16	1.17994100e-06	16.00000000	7.99928698e+14	8.82030445e+14	8.64022216e-04
1700	11.67274380	17	1.25368732e-06	17.00000000	8.42582446e+14	9.27511030e+14	9.05248684e-04
1800	12.36012743	18	1.32743363e-06	18.00000000	8.84262996e+14	9.71812549e+14	9.45568143e-04
1900	13.04832642	19	1.40117994e-06	19.00000000	9.25018958e+14	1.01499236e+15	9.84876805e-04
2000	13.73548976	20	1.47492625e-06	20.00000000	9.64819768e+14	1.05703074e+15	1.02318140e-03
2100	14.41882395	21	1.54867257e-06	21.00000000	1.00363000e+15	1.09790190e+15	1.06049567e-03
2200	15.10595784	22	1.62241888e-06	22.00000000	1.04143615e+15	1.13760658e+15	1.09676835e-03
2300	15.79178960	23	1.69616519e-06	23.00000000	1.07822663e+15	1.17614484e+15	1.13198385e-03
2400	16.47879452	24	1.76991150e-06	24.00000000	1.11395874e+15	1.21348612e+15	1.16614137e-03
2500	17.16433805	25	1.84365782e-06	25.00000000	1.14868614e+15	1.24969772e+15	1.19917133e-03
2600	17.84976584	26	1.91740413e-06	26.00000000	1.18256314e+15	1.28494585e+15	1.23115967e-03
2700	18.53614235	27	1.99115044e-06	27.00000000	1.21572040e+15	1.31937456e+15	1.26220395e-03
2800	19.22235728	28	2.06489676e-06	28.00000000	1.24816723e+15	1.35300396e+15	1.29243114e-03
2900	19.91019416	29	2.13864307e-06	29.00000000	1.27988338e+15	1.38582232e+15	1.32185632e-03
3000	20.59509778	30	2.21238938e-06	30.00000000	1.31084632e+15	1.41781459e+15	1.35047308e-03
3100	21.28001506	31	2.28613569e-06	31.00000000	1.34104397e+15	1.44897392e+15	1.37828310e-03
3200	21.96718353	32	2.35988201e-06	32.00000000	1.37047131e+15	1.47929866e+15	1.40529328e-03
3300	22.65432797	33	2.43362832e-06	33.00000000	1.39911083e+15	1.50877904e+15	1.43150021e-03
3400	23.34289166	34	2.50737463e-06	34.00000000	1.42695198e+15	1.53740722e+15	1.45691489e-03
3500	24.03043334	35	2.58112094e-06	35.00000000	1.45397566e+15	1.56516728e+15	1.48153539e-03
3600	24.71822795	36	2.65486726e-06	36.00000000	1.48015977e+15	1.59204124e+15	1.50533729e-03
3700	25.40782580	37	2.72861357e-06	37.00000000	1.50552469e+15	1.61805276e+15	1.52828929e-03
3800	26.09612469	38	2.80235988e-06	38.00000000	1.53011072e+15	1.64324514e+15	1.55042634e-03
3900	26.78432384	39	2.87610619e-06	39.00000000	1.55395119e+15	1.66765465e+15	1.57179800e-03
4000	27.47298560	40	2.94985251e-06	40.00000000	1.57707651e+15	1.69131453e+15	1.59246308e-03
4100	28.16164591	41	3.02359882e-06	41.00000000	1.59952960e+15	1.71427045e+15	1.61247178e-03
4200	28.84904920	42	3.09734513e-06	42.00000000	1.62133016e+15	1.73654474e+15	1.63186126e-03
4300	29.53627788	43	3.17109145e-06	43.00000000	1.64252285e+15	1.75818439e+15	1.65066520e-03
4400	30.22426008	44	3.24483776e-06	44.00000000	1.66312883e+15	1.77921246e+15	1.66891753e-03
4500	30.91216965	45	3.31858407e-06	45.00000000	1.68317927e+15	1.79966175e+15	1.68663739e-03
4600	31.60003744	46	3.39233038e-06	46.00000000	1.70270428e+15	1.81956364e+15	1.70386103e-03
4700	32.28796273	47	3.46607670e-06	47.00000000	1.72172023e+15	1.83893597e+15	1.72061317e-03
4800	32.97604169	48	3.53982301e-06	48.00000000	1.74025554e+15	1.85781008e+15	1.73690574e-03
4900	33.66398411	49	3.61356932e-06	49.00000000	1.75833012e+15	1.87620664e+15	1.75276938e-03
5000	34.35089735	50	3.68731563e-06	50.00000000	1.77595511e+15	1.89413765e+15	1.76821963e-03
5100	35.03843689	51	3.76106195e-06	51.00000000	1.79315466e+15	1.91162813e+15	1.78328324e-03
5200	35.72629707	52	3.83480826e-06	52.00000000	1.80994700e+15	1.92869728e+15	1.79798367e-03
5300	36.40920122	53	3.90855457e-06	53.00000000	1.82633944e+15	1.94535293e+15	1.81233634e-03
5400	37.09716112	54	3.98230088e-06	54.00000000	1.84235566e+15	1.96162009e+15	1.82635276e-03
5500	37.78484806	55	4.05604720e-06	55.00000000	1.85801153e+15	1.97751705e+15	1.84005174e-03
5600	38.47203450	56	4.12979351e-06	56.00000000	1.87331527e+15	1.99305218e+15	1.85344227e-03
5700	39.16041891	57	4.20353982e-06	57.00000000	1.88828302e+15	2.00824196e+15	1.86654094e-03
5800	39.84876664	58	4.27728614e-06	58.00000000	1.90292946e+15	2.02310157e+15	1.87936333e-03
5900	40.53695881	59	4.35103245e-06	59.00000000	1.91727173e+15	2.03764859e+15	1.89192839e-03
6000	41.22425884	60	4.42477876e-06	60.00000000	1.93130994e+15	2.05188365e+15	1.90423623e-03
6100	41.91120563	61	4.49852507e-06	61.00000000	1.94505036e+15	2.06581343e+15	1.91629201e-03
6200	42.59910526	62	4.57227139e-06	62.00000000	1.95851104e+15	2.07945641e+15	1.92810016e-03
6300	43.28633802	63	4.64601770e-06	63.00000000	1.97170752e+15	2.09282844e+15	1.93967106e-03
6400	43.97406022	64	4.71976401e-06	64.00000000	1.98465242e+15	2.10594255e+15	1.95102012e-03
6500	44.66199572	65	4.79351032e-06	65.00000000	1.99734936e+15	2.11880254e+15	1.96214240e-03
6600	45.34897040	66	4.86725664e-06	66.00000000	2.00980830e+15	2.13141895e+15	1.97304086e-03
6700	46.03606798	67	4.94100295e-06	67.00000000	2.02204055e+15	2.14380326e+15	1.98372523e-03
6800	46.72108057	68	5.01474926e-06	68.00000000	2.03404777e+15	2.15595736e+15	1.99420898e-03
6900	47.40850665	69	5.08849558e-06	69.00000000	2.04583575e+15	2.16788737e+15	2.00448558e-03
7000	48.09532978	70	5.16224189e-06	70.00000000	2.05741443e+15	2.17960350e+15	2.01456976e-03
7100	48.78332505	71	5.23598820e-06	71.00000000	2.06878252e+15	2.19110464e+15	2.02446522e-03
7200	49.46695134	72	5.30973451e-06	72.00000000	2.07994667e+15	2.20239772e+15	2.03417188e-03
7300	50.15349407	73	5.38348083e-06	73.00000000	2.09091314e+15	2.21348901e+15	2.04369659e-03
7400	50.84041965	74	5.45722714e-06	74.00000000	2.10168724e+15	2.22438407e+15	2.05304805e-03
7500	51.52782956	75	5.53097345e-06	75.00000000	2.11227662e+15	2.23509075e+15	2.06222484e-03
7600	52.21454695	76	5.60471976e-06	76.00000000	2.12267946e+15	2.24560743e+15	2.07123926e-03
7700	52.90094844	77	5.67846608e-06	77.00000000	2.13289831e+15	2.25593680e+15	2.08008461e-03
7800	53.58724165	78	5.75221239e-06	78.00000000	2.14294355e+15	2.26608924e+15	2.08876993e-03
7900	54.27464421	79	5.82595870e-06	79.00000000	2.15281890e+15	2.27606863e+15	2.09730632e-03
8000	54.96232609	80	5.89970501e-06	80.00000000	2.16252595e+15	2.28587670e+15	2.10569137e-03
8100	55.64721502	81	5.97345133e-06	81.00000000	2.17206636e+15	2.29551525e+15	2.11392377e-03
8200	56.33366562	82	6.04719764e-06	82.00000000	2.18144141e+15	2.30498543e+15	2.12201141e-03
8300	57.02104265	83	6.12094395e-06	83.00000000	2.19066598e+15	2.31430223e+15	2.12995424e-03
8400	57.70723021	84	6.19469027e-06	84.00000000	2.19974334e+15	2.32346938e+15	2.13777306e-03
8500	58.39132268	85	6.26843658e-06	85.00000000	2.20867187e+15	2.33248598e+15	2.14545370e-03
8600	59.07904590	86	6.34218289e-06	86.00000000	2.21744858e+15	2.34134873e+15	2.15300132e-03
8700	59.76575518	87	6.41592920e-06	87.00000000	2.22608732e+15	2.35007127e+15	2.16041358e-03
8800	60.45318713	88	6.48967552e-06	88.00000000	2.23458368e+15	2.35864908e+15	2.16770758e-03
8900	61.13922994	89	6.56342183e-06	89.00000000	2.24294240e+15	2.36708708e+15	2.17487785e-03
9000	61.82513617	90	6.63716814e-06	90.00000000	2.25116944e+15	2.37539119e+15	2.18192809e-03
9100	62.51285322	91	6.71091445e-06	91.00000000	2.25927025e+15	2.38356697e+15	2.18886045e-03
9200	63.19948828	92	6.78466077e-06	92.00000000	2.26723979e+15	2.39160943e+15	2.19568352e-03
9300	63.88624286	93	6.85840708e-06	93.00000000	2.27508345e+15	2.39952417e+15	2.20239354e-03
9400	64.57279638	94	6.93215339e-06	94.00000000	2.28280576e+15	2.40731579e+15	2.20899283e-03
9500	65.25917141	95	7.00589971e-06	95.00000000	2.29040850e+15	2.41498612e+15	2.21549020e-03
9600	65.94578809	96	7.07964602e-06	96.00000000	2.29789516e+15	2.42253871e+15	2.22188515e-03
9700	66.63211229	97	7.15339233e-06	97.00000000	2.30527017e+15	2.42997798e+15	2.22817720e-03
9800	67.31921690	98	7.22713864e-06	98.00000000	2.31252807e+15	2.43729854e+15	2.23437575e-03
9900	68.00591156	99	7.30088496e-06	99.00000000	2.31966845e+15	2.44450012e+15	2.24047106e-03
10000	68.69298788	100	7.37463127e-06	100.00000000	2.32670074e+15	2.45159209e+15	2.24646875e-03
10100	69.38027393	101	7.44837758e-06	101.00000000	2.33362564e+15	2.45857530e+15	2.25237397e-03
10200	70.06264529	102	7.52212389e-06	102.00000000	2.34044027e+15	2.46544688e+15	2.25818830e-03
10300	70.74917410	103	7.59587021e-06	103.00000000	2.34715388e+15	2.47221617e+15	2.26390590e-03
10400	71.43585803	104	7.66961652e-06	104.00000000	2.35376162e+15	2.47887854e+15	2.26953920e-03
10500	72.12272402	105	7.74336283e-06	105.00000000	2.36027059e+15	2.48544109e+15	2.27507584e-03
10600	72.80856662	106	7.81710914e-06	106.00000000	2.36668748e+15	2.49191054e+15	2.28052146e-03
10700	73.49465796	107	7.89085546e-06	107.00000000	2.37300811e+15	2.49828260e+15	2.28589153e-03
10800	74.18175239	108	7.96460177e-06	108.00000000	2.37923608e+15	2.50456085e+15	2.29117893e-03
10900	74.86830942	109	8.03834808e-06	109.00000000	2.38537333e+15	2.51074722e+15	2.29638458e-03
11000	75.55489133	110	8.11209440e-06	110.00000000	2.39142496e+15	2.51684689e+15	2.30150883e-03
11100	76.23581049	111	8.18584071e-06	111.00000000	2.39738921e+15	2.52285808e+15	2.30655807e-03
11200	76.92165741	112	8.25958702e-06	112.00000000	2.40327239e+15	2.52878724e+15	2.31153360e-03
11300	77.60804099	113	8.33333333e-06	113.00000000	2.40907190e+15	2.53463180e+15	2.31643884e-03
11400	78.29417053	114	8.40707965e-06	114.00000000	2.41479273e+15	2.54039680e+15	2.32127113e-03
11500	78.98048411	115	8.48082596e-06	115.00000000	2.42043779e+15	2.54608505e+15	2.32603597e-03
11600	79.66626229	116	8.55457227e-06	116.00000000	2.42600564e+15	2.55169528e+15	2.33073701e-03
11700	80.35192659	117	8.62831858e-06	117.00000000	2.43149266e+15	2.55722384e+15	2.33537245e-03
11800	81.03819552	118	8.70206490e-06	118.00000000	2.43690460e+15	2.56267648e+15	2.33993809e-03
11900	81.72446204	119	8.77581121e-06	119.00000000	2.44224717e+15	2.56805893e+15	2.34443787e-03
12000	82.41162535	120	8.84955752e-06	120.00000000	2.44751897e+15	2.57336980e+15	2.34887694e-03
12100	83.09203363	121	8.92330383e-06	121.00000000	2.45272703e+15	2.57861609e+15	2.35325137e-03
12200	83.77745398	122	8.99705015e-06	122.00000000	2.45788071e+15	2.58380725e+15	2.35756588e-03
12300	84.46480736	123	9.07079646e-06	123.00000000	2.46297561e+15	2.58893890e+15	2.36183459e-03
12400	85.15118093	124	9.14454277e-06	124.00000000	2.46801734e+15	2.59401666e+15	2.36604912e-03
12500	85.83803791	125	9.21828909e-06	125.00000000	2.47300722e+15	2.59904187e+15	2.37021906e-03
12600	86.52444448	126	9.29203540e-06	126.00000000	2.47794518e+15	2.60401449e+15	2.37434343e-03
12700	87.20854250	127	9.36578171e-06	127.00000000	2.48283574e+15	2.60893906e+15	2.37842364e-03
12800	87.89490640	128	9.43952802e-06	128.00000000	2.48767674e+15	2.61381344e+15	2.38246444e-03
12900	88.58142075	129	9.51327434e-06	129.00000000	2.49246794e+15	2.61863740e+15	2.38646173e-03
13000	89.26759482	130	9.58702065e-06	130.00000000	2.49721008e+15	2.62341171e+15	2.39041620e-03
13100	89.95525767	131	9.66076696e-06	131.00000000	2.50190226e+15	2.62813546e+15	2.39432812e-03
13200	90.64210858	132	9.73451327e-06	132.00000000	2.50654457e+15	2.63280875e+15	2.39819857e-03
13300	91.32942031	133	9.80825959e-06	133.00000000	2.51113854e+15	2.63743313e+15	2.40202685e-03
13400	92.01599686	134	9.88200590e-06	134.00000000	2.51568400e+15	2.64200841e+15	2.40581471e-03
13500	92.70267239	135	9.95575221e-06	135.00000000	2.52018059e+15	2.64653434e+15	2.40956085e-03
13600	93.38757611	136	1.00294985e-05	136.00000000	2.52462960e+15	2.65101210e+15	2.41326672e-03
13700	94.07427129	137	1.01032448e-05	137.00000000	2.52903495e+15	2.65544573e+15	2.41692909e-03
13800	94.76125158	138	1.01769912e-05	138.00000000	2.53339695e+15	2.65983553e+15	2.42055498e-03
13900	95.44582801	139	1.02507375e-05	139.00000000	2.53771405e+15	2.66417995e+15	2.42414435e-03
14000	96.13248248	140	1.03244838e-05	140.00000000	2.54198535e+15	2.66847813e+15	2.42769688e-03
14100	96.82020377	141	1.03982301e-05	141.00000000	2.54621044e+15	2.67272962e+15	2.43120966e-03
14200	97.50710841	142	1.04719764e-05	142.00000000	2.55039201e+15	2.67693713e+15	2.43468196e-03
14300	98.19391101	143	1.05457227e-05	143.00000000	2.55453315e+15	2.68110378e+15	2.43811738e-03
14400	98.88050521	144	1.06194690e-05	144.00000000	2.55863310e+15	2.68522881e+15	2.44152103e-03
14500	99.56756545	145	1.06932153e-05	145.00000000	2.56269102e+15	2.68931137e+15	2.44489064e-03
14600	100.25443875	146	1.07669617e-05	146.00000000	2.56670850e+15	2.69335307e+15	2.44822332e-03
14700	100.94005165	147	1.08407080e-05	147.00000000	2.57068200e+15	2.69735038e+15	2.45152444e-03
14800	101.62614149	148	1.09144543e-05	148.00000000	2.57460943e+15	2.70130123e+15	2.45478947e-03
14900	102.31261558	149	1.09882006e-05	149.00000000	2.57849545e+15	2.70521027e+15	2.45801402e-03
15000	102.99936281	150	1.10619469e-05	150.00000000	2.58234372e+15	2.70908117e+15	2.46120394e-03
15100	103.68564171	151	1.11356932e-05	151.00000000	2.58615453e+15	2.71291418e+15	2.46436154e-03
15200	104.37203747	152	1.12094395e-05	152.00000000	2.58992650e+15	2.71670800e+15	2.46748784e-03
15300	105.05477730	153	1.12831858e-05	153.00000000	2.59365724e+15	2.72046023e+15	2.47058428e-03
15400	105.74092155	154	1.13569322e-05	154.00000000	2.59734704e+15	2.72417116e+15	2.47364621e-03
15500	106.42837556	155	1.14306785e-05	155.00000000	2.60099492e+15	2.72783982e+15	2.47667575e-03
15600	107.11472733	156	1.15044248e-05	156.00000000	2.60460274e+15	2.73146807e+15	2.47966948e-03
15700	107.79827051	157	1.15781711e-05	157.00000000	2.60817322e+15	2.73505862e+15	2.48262737e-03
15800	108.48465883	158	1.16519174e-05	158.00000000	2.61170494e+15	2.73861009e+15	2.48555664e-03
15900	109.17026939	159	1.17256637e-05	159.00000000	2.61519549e+15	2.74212005e+15	2.48845688e-03
16000	109.85547391	160	1.17994100e-05	160.00000000	2.61864148e+15	2.74558513e+15	2.49132616e-03
16100	110.54224696	161	1.18731563e-05	161.00000000	2.62204363e+15	2.74900606e+15	2.49415719e-03
16200	111.22804667	162	1.19469027e-05	162.00000000	2.62540881e+15	2.75238968e+15	2.49694677e-03
16300	111.91446178	163	1.20206490e-05	163.00000000	2.62873788e+15	2.75573691e+15	2.49970452e-03
16400	112.59778348	164	1.20943953e-05	164.00000000	2.63202622e+15	2.75904311e+15	2.50243637e-03
16500	113.28325353	165	1.21681416e-05	165.00000000	2.63527993e+15	2.76231437e+15	2.50512963e-03
16600	113.96831043	166	1.22418879e-05	166.00000000	2.63850208e+15	2.76555379e+15	2.50779048e-03
16700	114.65432254	167	1.23156342e-05	167.00000000	2.64168792e+15	2.76875662e+15	2.51042915e-03
16800	115.34082499	168	1.23893805e-05	168.00000000	2.64483718e+15	2.77192258e+15	2.51303919e-03
16900	116.02718267	169	1.24631268e-05	169.00000000	2.64795314e+15	2.77505497e+15	2.51561807e-03
17000	116.71308443	170	1.25368732e-05	170.00000000	2.65103784e+15	2.77815584e+15	2.51816664e-03
17100	117.39948055	171	1.26106195e-05	171.00000000	2.65408936e+15	2.78122328e+15	2.52069019e-03
17200	118.08417549	172	1.26843658e-05	172.00000000	2.65710683e+15	2.78425641e+15	2.52318701e-03
17300	118.77073274	173	1.27581121e-05	173.00000000	2.66009319e+15	2.78725819e+15	2.52565357e-03
17400	119.45638670	174	1.28318584e-05	174.00000000	2.66304869e+15	2.79022886e+15	2.52809419e-03
17500	120.14142824	175	1.29056047e-05	175.00000000	2.66597314e+15	2.79316823e+15	2.53051022e-03
17600	120.82533884	176	1.29793510e-05	176.00000000	2.66886699e+15	2.79607676e+15	2.53289943e-03
17700	121.51087375	177	1.30530973e-05	177.00000000	2.67173073e+15	2.79895496e+15	2.53526194e-03
17800	122.19626380	178	1.31268437e-05	178.00000000	2.67456534e+15	2.80180379e+15	2.53759864e-03
17900	122.88223854	179	1.32005900e-05	179.00000000	2.67737098e+15	2.80462344e+15	2.53991072e-03
18000	123.56523767	180	1.32743363e-05	180.00000000	2.68014609e+15	2.80741233e+15	2.54220080e-03
18100	124.25107895	181	1.33480826e-05	181.00000000	2.68289093e+15	2.81017074e+15	2.54446590e-03
18200	124.93684237	182	1.34218289e-05	182.00000000	2.68560765e+15	2.81290081e+15	2.54670379e-03
18300	125.62244365	183	1.34955752e-05	183.00000000	2.68829681e+15	2.81560308e+15	2.54891721e-03
18400	126.30775941	184	1.35693215e-05	184.00000000	2.69095829e+15	2.81827750e+15	2.55110771e-03
18500	126.99323572	185	1.36430678e-05	185.00000000	2.69359390e+15	2.82092584e+15	2.55327442e-03
18600	127.67546765	186	1.37168142e-05	186.00000000	2.69620455e+15	2.82354906e+15	2.55541917e-03
18700	128.36213392	187	1.37905605e-05	187.00000000	2.69878809e+15	2.82614496e+15	2.55754442e-03
18800	129.04855188	188	1.38643068e-05	188.00000000	2.70134619e+15	2.82871525e+15	2.55964602e-03
18900	129.73406581	189	1.39380531e-05	189.00000000	2.70387953e+15	2.83126058e+15	2.56172579e-03
19000	130.42056175	190	1.40117994e-05	190.00000000	2.70638782e+15	2.83378070e+15	2.56378494e-03
19100	131.10736362	191	1.40855457e-05	191.00000000	2.70887059e+15	2.83627511e+15	2.56582372e-03
19200	131.79325145	192	1.41592920e-05	192.00000000	2.71132892e+15	2.83874491e+15	2.56784075e-03
19300	132.47803563	193	1.42330383e-05	193.00000000	2.71376289e+15	2.84119017e+15	2.56983816e-03
19400	133.16419246	194	1.43067847e-05	194.00000000	2.71617230e+15	2.84361071e+15	2.57181567e-03
19500	133.85059526	195	1.43805310e-05	195.00000000	2.71855879e+15	2.84600817e+15	2.57377150e-03
19600	134.53753925	196	1.44542773e-05	196.00000000	2.72092446e+15	2.84838464e+15	2.57570689e-03
19700	135.22343536	197	1.45280236e-05	197.00000000	2.72327165e+15	2.85074248e+15	2.57762251e-03
19800	135.90959414	198	1.46017699e-05	198.00000000	2.72560149e+15	2.85308284e+15	2.57952179e-03
19900	136.59675398	199	1.46755162e-05	199.00000000	2.72791423e+15	2.85540593e+15	2.58140630e-03
20000	137.28292778	200	1.47492625e-05	200.00000000	2.73021049e+15	2.85771241e+15	2.58327591e-03
20100	137.97015745	201	1.48230088e-05	201.00000000	2.73249071e+15	2.86000271e+15	2.58513178e-03
20200	138.65642374	202	1.48967552e-05	202.00000000	2.73475493e+15	2.86227687e+15	2.58697467e-03
20300	139.34293371	203	1.49705015e-05	203.00000000	2.73700340e+15	2.86453513e+15	2.58880457e-03
20400	140.02619909	204	1.50442478e-05	204.00000000	2.73923633e+15	2.86677772e+15	2.59062182e-03
20500	140.71276951	205	1.51179941e-05	205.00000000	2.74145389e+15	2.86900480e+15	2.59242594e-03
20600	141.39893777	206	1.51917404e-05	206.00000000	2.74365632e+15	2.87121665e+15	2.59421693e-03
20700	142.08253619	207	1.52654867e-05	207.00000000	2.74584386e+15	2.87341347e+15	2.59599545e-03
20800	142.76759106	208	1.53392330e-05	208.00000000	2.74801640e+15	2.87559517e+15	2.59776214e-03
20900	143.45324784	209	1.54129794e-05	209.00000000	2.75017412e+15	2.87776194e+15	2.59951552e-03
21000	144.13928715	210	1.54867257e-05	210.00000000	2.75231720e+15	2.87991395e+15	2.60125672e-03
21100	144.82525005	211	1.55604720e-05	211.00000000	2.75444604e+15	2.88205161e+15	2.60298567e-03
21200	145.50970744	212	1.56342183e-05	212.00000000	2.75656078e+15	2.88417515e+15	2.60470257e-03
21300	146.19530848	213	1.57079646e-05	213.00000000	2.75866199e+15	2.88628498e+15	2.60640773e-03
21400	146.88078263	214	1.57817109e-05	214.00000000	2.76075004e+15	2.88838153e+15	2.60810158e-03
21500	147.56631085	215	1.58554572e-05	215.00000000	2.76282517e+15	2.89046503e+15	2.60978440e-03
21600	148.25198321	216	1.59292035e-05	216.00000000	2.76488754e+15	2.89253566e+15	2.61145693e-03
21700	148.93909644	217	1.60029499e-05	217.00000000	2.76693727e+15	2.89459355e+15	2.61311915e-03
21800	149.62429952	218	1.60766962e-05	218.00000000	2.76897461e+15	2.89663894e+15	2.61477041e-03
21900	150.31080169	219	1.61504425e-05	219.00000000	2.77099951e+15	2.89867179e+15	2.61641135e-03
22000	150.99680091	220	1.62241888e-05	220.00000000	2.77301180e+15	2.90069193e+15	2.61804235e-03
22100	151.67892713	221	1.62979351e-05	221.00000000	2.77501122e+15	2.90269909e+15	2.61966306e-03
22200	152.36444263	222	1.63716814e-05	222.00000000	2.77699789e+15	2.90469342e+15	2.62127316e-03
22300	153.04676487	223	1.64454277e-05	223.00000000	2.77897205e+15	2.90667513e+15	2.62287257e-03
22400	153.73261285	224	1.65191740e-05	224.00000000	2.78093374e+15	2.90864430e+15	2.62446154e-03
22500	154.41900749	225	1.65929204e-05	225.00000000	2.78288333e+15	2.91060126e+15	2.62604023e-03
22600	155.10436245	226	1.66666667e-05	226.00000000	2.78482093e+15	2.91254615e+15	2.62760902e-03
22700	155.79013342	227	1.67404130e-05	227.00000000	2.78674671e+15	2.91447913e+15	2.62916798e-03
22800	156.47621274	228	1.68141593e-05	228.00000000	2.78866070e+15	2.91640024e+15	2.63071717e-03
22900	157.15830381	229	1.68879056e-05	229.00000000	2.79056313e+15	2.91830971e+15	2.63225663e-03
23000	157.84357497	230	1.69616519e-05	230.00000000	2.79245426e+15	2.92020780e+15	2.63378661e-03
23100	158.53023212	231	1.70353982e-05	231.00000000	2.79433413e+15	2.92209456e+15	2.63530744e-03
23200	159.21644136	232	1.71091445e-05	232.00000000	2.79620283e+15	2.92397007e+15	2.63681923e-03
23300	159.90324734	233	1.71828909e-05	233.00000000	2.79806039e+15	2.92583437e+15	2.63832205e-03
23400	160.58910893	234	1.72566372e-05	234.00000000	2.79990683e+15	2.92768749e+15	2.63981606e-03
23500	161.27545038	235	1.73303835e-05	235.00000000	2.80174213e+15	2.92952938e+15	2.64130124e-03
23600	161.96004451	236	1.74041298e-05	236.00000000	2.80356650e+15	2.93136028e+15	2.64277738e-03
23700	162.64352619	237	1.74778761e-05	237.00000000	2.80538023e+15	2.93318047e+15	2.64424454e-03
23800	163.32981049	238	1.75516224e-05	238.00000000	2.80718344e+15	2.93499007e+15	2.64570316e-03
23900	164.01639392	239	1.76253687e-05	239.00000000	2.80897630e+15	2.93678924e+15	2.64715330e-03
24000	164.70287093	240	1.76991150e-05	240.00000000	2.81075895e+15	2.93857813e+15	2.64859513e-03
24100	165.38740611	241	1.77728614e-05	241.00000000	2.81253159e+15	2.94035685e+15	2.65002892e-03
24200	166.06721792	242	1.78466077e-05	242.00000000	2.81429414e+15	2.94212546e+15	2.65145495e-03
24300	166.75113479	243	1.79203540e-05	243.00000000	2.81604663e+15	2.94388398e+15	2.65287283e-03
24400	167.43774041	244	1.79941003e-05	244.00000000	2.81778914e+15	2.94563245e+15	2.65428246e-03
24500	168.12445092	245	1.80678466e-05	245.00000000	2.81952181e+15	2.94737103e+15	2.65568409e-03
24600	168.80909612	246	1.81415929e-05	246.00000000	2.82124479e+15	2.94909985e+15	2.65707773e-03
24700	169.49478120	247	1.82153392e-05	247.00000000	2.82295814e+15	2.95081899e+15	2.65846355e-03
24800	170.18037693	248	1.82890855e-05	248.00000000	2.82466185e+15	2.95252842e+15	2.65984158e-03
24900	170.86541923	249	1.83628319e-05	249.00000000	2.82635585e+15	2.95422809e+15	2.66121206e-03
25000	171.55215516	250	1.84365782e-05	250.00000000	2.82804022e+15	2.95591806e+15	2.66257470e-03
25100	172.23590629	251	1.85103245e-05	251.00000000	2.82971497e+15	2.95759837e+15	2.66392967e-03
25200	172.92207946	252	1.85840708e-05	252.00000000	2.83138014e+15	2.95926904e+15	2.66527720e-03
25300	173.60782235	253	1.86578171e-05	253.00000000	2.83303561e+15	2.96092994e+15	2.66661713e-03
25400	174.29342184	254	1.87315634e-05	254.00000000	2.83468143e+15	2.96258114e+15	2.66794925e-03
25500	174.97943511	255	1.88053097e-05	255.00000000	2.83631745e+15	2.96422248e+15	2.66927358e-03
25600	175.66404684	256	1.88790560e-05	256.00000000	2.83794370e+15	2.96585399e+15	2.67058979e-03
25700	176.34414259	257	1.89528024e-05	257.00000000	2.83956040e+15	2.96747591e+15	2.67189835e-03
25800	177.03031673	258	1.90265487e-05	258.00000000	2.84116790e+15	2.96908856e+15	2.67319903e-03
25900	177.71610396	259	1.91002950e-05	259.00000000	2.84276649e+15	2.97069227e+15	2.67449217e-03
26000	178.40160256	260	1.91740413e-05	260.00000000	2.84435635e+15	2.97228719e+15	2.67577780e-03
26100	179.08390627	261	1.92477876e-05	261.00000000	2.84593768e+15	2.97387354e+15	2.67705654e-03
26200	179.76926413	262	1.93215339e-05	262.00000000	2.84751080e+15	2.97545163e+15	2.67832847e-03
26300	180.45557744	263	1.93952802e-05	263.00000000	2.84907588e+15	2.97702163e+15	2.67959359e-03
26400	181.14053357	264	1.94690265e-05	264.00000000	2.85063299e+15	2.97858361e+15	2.68085217e-03
26500	181.82402175	265	1.95427729e-05	265.00000000	2.85218221e+15	2.98013766e+15	2.68210460e-03
26600	182.51067812	266	1.96165192e-05	266.00000000	2.85372358e+15	2.98168381e+15	2.68335090e-03
26700	183.19707983	267	1.96902655e-05	267.00000000	2.85525717e+15	2.98322214e+15	2.68459093e-03
26800	183.88191811	268	1.97640118e-05	268.00000000	2.85678305e+15	2.98475270e+15	2.68582473e-03
26900	184.56825568	269	1.98377581e-05	269.00000000	2.85830118e+15	2.98627548e+15	2.68705251e-03
27000	185.25430734	270	1.99115044e-05	270.00000000	2.85981174e+15	2.98779063e+15	2.68827394e-03
27100	185.94157120	271	1.99852507e-05	271.00000000	2.86131481e+15	2.98929827e+15	2.68948934e-03
27200	186.62846808	272	2.00589971e-05	272.00000000	2.86281048e+15	2.99079846e+15	2.69069840e-03
27300	187.31039730	273	2.01327434e-05	273.00000000	2.86429887e+15	2.99229133e+15	2.69190147e-03
27400	187.99573302	274	2.02064897e-05	274.00000000	2.86578003e+15	2.99377694e+15	2.69309872e-03
27500	188.68210028	275	2.02802360e-05	275.00000000	2.86725391e+15	2.99525523e+15	2.69429027e-03
27600	189.36821004	276	2.03539823e-05	276.00000000	2.86872054e+15	2.99672623e+15	2.69547605e-03
27700	190.05500331	277	2.04277286e-05	277.00000000	2.87017994e+15	2.99818998e+15	2.69665580e-03
27800	190.73931009	278	2.05014749e-05	278.00000000	2.87163234e+15	2.99964669e+15	2.69782968e-03
27900	191.42516568	279	2.05752212e-05	279.00000000	2.87307790e+15	3.00109651e+15	2.69899795e-03
28000	192.11133621	280	2.06489676e-05	280.00000000	2.87451673e+15	3.00253959e+15	2.70016072e-03
28100	192.79697378	281	2.07227139e-05	281.00000000	2.87594897e+15	3.00397603e+15	2.70131817e-03
28200	193.48298105	282	2.07964602e-05	282.00000000	2.87737468e+15	3.00540591e+15	2.70247051e-03
28300	194.16906852	283	2.08702065e-05	283.00000000	2.87879404e+15	3.00682941e+15	2.70361776e-03
28400	194.85469516	284	2.09439528e-05	284.00000000	2.88020714e+15	3.00824660e+15	2.70476019e-03
28500	195.54098848	285	2.10176991e-05	285.00000000	2.88161384e+15	3.00965737e+15	2.70589763e-03
28600	196.22609269	286	2.10914454e-05	286.00000000	2.88301410e+15	3.01106167e+15	2.70702994e-03
28700	196.91224056	287	2.11651917e-05	287.00000000	2.88440781e+15	3.01245938e+15	2.70815745e-03
28800	197.59795023	288	2.12389381e-05	288.00000000	2.88579507e+15	3.01385054e+15	2.70927979e-03
28900	198.28309908	289	2.13126844e-05	289.00000000	2.88717573e+15	3.01523510e+15	2.71039694e-03
29000	198.96933810	290	2.13864307e-05	290.00000000	2.88854972e+15	3.01661300e+15	2.71150868e-03
29100	199.65239647	291	2.14601770e-05	291.00000000	2.88991711e+15	3.01798427e+15	2.71261493e-03
29200	200.33888973	292	2.15339233e-05	292.00000000	2.89127794e+15	3.01934897e+15	2.71371584e-03
29300	201.02317865	293	2.16076696e-05	293.00000000	2.89263223e+15	3.02070710e+15	2.71481150e-03
29400	201.70684300	294	2.16814159e-05	294.00000000	2.89398012e+15	3.02205880e+15	2.71590181e-03
29500	202.39367372	295	2.17551622e-05	295.00000000	2.89532175e+15	3.02340421e+15	2.71698695e-03
29600	203.08003192	296	2.18289086e-05	296.00000000	2.89665715e+15	3.02474336e+15	2.71806717e-03
29700	203.76375414	297	2.19026549e-05	297.00000000	2.89798640e+15	3.02607634e+15	2.71914256e-03
29800	204.44998227	298	2.19764012e-05	298.00000000	2.89930970e+15	3.02740332e+15	2.72021314e-03
29900	205.13534497	299	2.20501475e-05	299.00000000	2.90062711e+15	3.02872440e+15	2.72127902e-03
30000	205.82010504	300	2.21238938e-05	300.00000000	2.90193869e+15	3.03003961e+15	2.72234033e-03
30100	206.50233280	301	2.21976401e-05	301.00000000	2.90324454e+15	3.03134907e+15	2.72339690e-03
30200	207.18879877	302	2.22713864e-05	302.00000000	2.90454481e+15	3.03265293e+15	2.72444887e-03
30300	207.87583081	303	2.23451327e-05	303.00000000	2.90583950e+15	3.03395120e+15	2.72549654e-03
30400	208.56228362	304	2.24188791e-05	304.00000000	2.90712864e+15	3.03524388e+15	2.72654029e-03
30500	209.24870752	305	2.24926254e-05	305.00000000	2.90841203e+15	3.03653079e+15	2.72757933e-03
30600	209.93408968	306	2.25663717e-05	306.00000000	2.90968961e+15	3.03781187e+15	2.72861365e-03
30700	210.62026386	307	2.26401180e-05	307.00000000	2.91096153e+15	3.03908718e+15	2.72964331e-03
30800	211.30629514	308	2.27138643e-05	308.00000000	2.91222783e+15	3.04035689e+15	2.73066841e-03
30900	211.99277011	309	2.27876106e-05	309.00000000	2.91348865e+15	3.04162113e+15	2.73168882e-03
31000	212.67830724	310	2.28613569e-05	310.00000000	2.91474404e+15	3.04287992e+15	2.73270480e-03
31100	213.36035510	311	2.29351032e-05	311.00000000	2.91599403e+15	3.04413329e+15	2.73371654e-03
31200	214.04599150	312	2.30088496e-05	312.00000000	2.91723874e+15	3.04538135e+15	2.73472403e-03
31300	214.73039818	313	2.30825959e-05	313.00000000	2.91847826e+15	3.04662420e+15	2.73572753e-03
31400	215.41519846	314	2.31563422e-05	314.00000000	2.91971269e+15	3.04786195e+15	2.73672678e-03
31500	216.10080865	315	2.32300885e-05	315.00000000	2.92094213e+15	3.04909471e+15	2.73772201e-03
31600	216.78771245	316	2.33038348e-05	316.00000000	2.92216663e+15	3.05032251e+15	2.73871359e-03
31700	217.47403138	317	2.33775811e-05	317.00000000	2.92338619e+15	3.05154534e+15	2.73970133e-03
31800	218.16021641	318	2.34513274e-05	318.00000000	2.92460082e+15	3.05276324e+15	2.74068507e-03
31900	218.84619943	319	2.35250737e-05	319.00000000	2.92581065e+15	3.05397624e+15	2.74166494e-03
32000	219.53213230	320	2.35988201e-05	320.00000000	2.92701557e+15	3.05518436e+15	2.74264101e-03
32100	220.21539409	321	2.36725664e-05	321.00000000	2.92821559e+15	3.05638759e+15	2.74361313e-03
32200	220.90108524	322	2.37463127e-05	322.00000000	2.92941083e+15	3.05758601e+15	2.74458153e-03
32300	221.58728805	323	2.38200590e-05	323.00000000	2.93060123e+15	3.05877956e+15	2.74554643e-03
32400	222.27345342	324	2.38938053e-05	324.00000000	2.93178670e+15	3.05996818e+15	2.74650759e-03
32500	222.95884614	325	2.39675516e-05	325.00000000	2.93296715e+15	3.06115177e+15	2.74746523e-03
32600	223.64418475	326	2.40412979e-05	326.00000000	2.93414260e+15	3.06233036e+15	2.74841863e-03
32700	224.32607414	327	2.41150442e-05	327.00000000	2.93531317e+15	3.06350398e+15	2.74936824e-03
32800	225.01143350	328	2.41887906e-05	328.00000000	2.93647887e+15	3.06467277e+15	2.75031350e-03
32900	225.69735007	329	2.42625369e-05	329.00000000	2.93763983e+15	3.06583682e+15	2.75125495e-03
33000	226.37945394	330	2.43362832e-05	330.00000000	2.93879592e+15	3.06699605e+15	2.75219198e-03
33100	227.06600271	331	2.44100295e-05	331.00000000	2.93994724e+15	3.06815050e+15	2.75312488e-03
33200	227.75207955	332	2.44837758e-05	332.00000000	2.94109388e+15	3.06930024e+15	2.75405379e-03
33300	228.43543587	333	2.45575221e-05	333.00000000	2.94223589e+15	3.07044531e+15	2.75497904e-03
33400	229.12229699	334	2.46312684e-05	334.00000000	2.94337327e+15	3.07158572e+15	2.75590062e-03
33500	229.80912154	335	2.47050147e-05	335.00000000	2.94450614e+15	3.07272157e+15	2.75681834e-03
33600	230.49468861	336	2.47787611e-05	336.00000000	2.94563453e+15	3.07385292e+15	2.75773232e-03
33700	231.18076811	337	2.48525074e-05	337.00000000	2.94675853e+15	3.07497984e+15	2.75864272e-03
33800	231.86735333	338	2.49262537e-05	338.00000000	2.94787815e+15	3.07610236e+15	2.75954960e-03
33900	232.54822781	339	2.50000000e-05	339.00000000	2.94899349e+15	3.07722056e+15	2.76045287e-03
34000	233.23454125	340	2.50737463e-05	340.00000000	2.95010449e+15	3.07833440e+15	2.76135263e-03
34100	233.92126545	341	2.51474926e-05	341.00000000	2.95121118e+15	3.07944391e+15	2.76224896e-03
34200	234.60388902	342	2.52212389e-05	342.00000000	2.95231361e+15	3.08054913e+15	2.76314176e-03
34300	235.29029963	343	2.52949853e-05	343.00000000	2.95341175e+15	3.08165005e+15	2.76403115e-03
34400	235.97619244	344	2.53687316e-05	344.00000000	2.95450565e+15	3.08274669e+15	2.76491712e-03
34500	236.66031322	345	2.54424779e-05	345.00000000	2.95559526e+15	3.08383902e+15	2.76579969e-03
34600	237.34174924	346	2.55162242e-05	346.00000000	2.95668049e+15	3.08492696e+15	2.76667888e-03
34700	238.02677885	347	2.55899705e-05	347.00000000	2.95776139e+15	3.08601054e+15	2.76755456e-03
34800	238.71187133	348	2.56637168e-05	348.00000000	2.95883796e+15	3.08708978e+15	2.76842669e-03
34900	239.39781294	349	2.57374631e-05	349.00000000	2.95991024e+15	3.08816471e+15	2.76929536e-03
35000	240.08440673	350	2.58112094e-05	350.00000000	2.96097824e+15	3.08923533e+15	2.77016059e-03
35100	240.76765654	351	2.58849558e-05	351.00000000	2.96204196e+15	3.09030165e+15	2.77102233e-03
35200	241.45275434	352	2.59587021e-05	352.00000000	2.96310149e+15	3.09136377e+15	2.77188067e-03
35300	242.13806470	353	2.60324484e-05	353.00000000	2.96415678e+15	3.09242164e+15	2.77273567e-03
35400	242.82315475	354	2.61061947e-05	354.00000000	2.96520785e+15	3.09347526e+15	2.77358725e-03
35500	243.50888899	355	2.61799410e-05	355.00000000	2.96625474e+15	3.09452468e+15	2.77443550e-03
35600	244.19459575	356	2.62536873e-05	356.00000000	2.96729751e+15	3.09556998e+15	2.77528041e-03
35700	244.88094468	357	2.63274336e-05	357.00000000	2.96833618e+15	3.09661116e+15	2.77612211e-03
35800	245.56695263	358	2.64011799e-05	358.00000000	2.96937076e+15	3.09764823e+15	2.77696072e-03
35900	246.25365606	359	2.64749263e-05	359.00000000	2.97040130e+15	3.09868125e+15	2.77779654e-03
36000	246.93940789	360	2.65486726e-05	360.00000000	2.97142782e+15	3.09971023e+15	2.77862871e-03
36100	247.62374139	361	2.66224189e-05	361.00000000	2.97245035e+15	3.10073521e+15	2.77945764e-03
36200	248.30944257	362	2.66961652e-05	362.00000000	2.97346894e+15	3.10175623e+15	2.78028356e-03
36300	248.99381190	363	2.67699115e-05	363.00000000	2.97448359e+15	3.10277330e+15	2.78110612e-03
36400	249.68004903	364	2.68436578e-05	364.00000000	2.97549430e+15	3.10378641e+15	2.78192555e-03
36500	250.36639821	365	2.69174041e-05	365.00000000	2.97650098e+15	3.10479548e+15	2.78274196e-03
36600	251.04777101	366	2.69911504e-05	366.00000000	2.97750360e+15	3.10580048e+15	2.78355513e-03
36700	251.73400382	367	2.70648968e-05	367.00000000	2.97850222e+15	3.10680146e+15	2.78436508e-03
36800	252.41932441	368	2.71386431e-05	368.00000000	2.97949688e+15	3.10779847e+15	2.78517183e-03
36900	253.10573521	369	2.72123894e-05	369.00000000	2.98048747e+15	3.10879139e+15	2.78597558e-03
37000	253.79176776	370	2.72861357e-05	370.00000000	2.98147400e+15	3.10978017e+15	2.78677604e-03
37100	254.47923491	371	2.73598820e-05	371.00000000	2.98245649e+15	3.11076494e+15	2.78757311e-03
37200	255.16561937	372	2.74336283e-05	372.00000000	2.98343493e+15	3.11174571e+15	2.78836671e-03
37300	255.85229530	373	2.75073746e-05	373.00000000	2.98440942e+15	3.11272250e+15	2.78915706e-03
37400	256.53805528	374	2.75811209e-05	374.00000000	2.98538003e+15	3.11369538e+15	2.78994414e-03
37500	257.22373655	375	2.76548673e-05	375.00000000	2.98634683e+15	3.11466444e+15	2.79072825e-03
37600	257.91014526	376	2.77286136e-05	376.00000000	2.98730987e+15	3.11562972e+15	2.79150944e-03
37700	258.59494273	377	2.78023599e-05	377.00000000	2.98826920e+15	3.11659127e+15	2.79228769e-03
37800	259.27993672	378	2.78761062e-05	378.00000000	2.98922484e+15	3.11754912e+15	2.79306294e-03
37900	259.96629713	379	2.79498525e-05	379.00000000	2.99017681e+15	3.11850329e+15	2.79383526e-03
38000	260.65214773	380	2.80235988e-05	380.00000000	2.99112527e+15	3.11945394e+15	2.79460458e-03
38100	261.33446913	381	2.80973451e-05	381.00000000	2.99207031e+15	3.12040115e+15	2.79537106e-03
38200	262.02062108	382	2.81710914e-05	382.00000000	2.99301202e+15	3.12134502e+15	2.79613478e-03
38300	262.70711198	383	2.82448378e-05	383.00000000	2.99395042e+15	3.12228556e+15	2.79689582e-03
38400	263.39383553	384	2.83185841e-05	384.00000000	2.99488555e+15	3.12322284e+15	2.79765411e-03
38500	264.08001209	385	2.83923304e-05	385.00000000	2.99581749e+15	3.12415689e+15	2.79840982e-03
38600	264.76707289	386	2.84660767e-05	386.00000000	2.99674618e+15	3.12508770e+15	2.79916306e-03
38700	265.45324490	387	2.85398230e-05	387.00000000	2.99767164e+15	3.12601527e+15	2.79991367e-03
38800	266.13940171	388	2.86135693e-05	388.00000000	2.99859390e+15	3.12693961e+15	2.80066170e-03
38900	266.82574320	389	2.86873156e-05	389.00000000	2.99951298e+15	3.12786078e+15	2.80140714e-03
39000	267.51254312	390	2.87610619e-05	390.00000000	3.00042891e+15	3.12877878e+15	2.80215056e-03
39100	268.19981182	391	2.88348083e-05	391.00000000	3.00134169e+15	3.12969361e+15	2.80289113e-03
39200	268.88617786	392	2.89085546e-05	392.00000000	3.00225135e+15	3.13060533e+15	2.80362921e-03
39300	269.56961655	393	2.89823009e-05	393.00000000	3.00315795e+15	3.13151397e+15	2.80436491e-03
39400	270.25466535	394	2.90560472e-05	394.00000000	3.00406149e+15	3.13241954e+15	2.80509822e-03
39500	270.94008920	395	2.91297935e-05	395.00000000	3.00496196e+15	3.13332204e+15	2.80582913e-03
39600	271.62614671	396	2.92035398e-05	396.00000000	3.00585928e+15	3.13422137e+15	2.80655761e-03
39700	272.31190657	397	2.92772861e-05	397.00000000	3.00675339e+15	3.13511748e+15	2.80728355e-03
39800	272.99769726	398	2.93510324e-05	398.00000000	3.00764427e+15	3.13601036e+15	2.80800687e-03
39900	273.68355600	399	2.94247788e-05	399.00000000	3.00853190e+15	3.13689998e+15	2.80872753e-03
40000	274.36998382	400	2.94985251e-05	400.00000000	3.00941634e+15	3.13778639e+15	2.80944554e-03
40100	275.05699022	401	2.95722714e-05	401.00000000	3.01029759e+15	3.13866962e+15	2.81016096e-03
40200	275.74275618	402	2.96460177e-05	402.00000000	3.01117564e+15	3.13954963e+15	2.81087386e-03
40300	276.42892911	403	2.97197640e-05	403.00000000	3.01205053e+15	3.14042646e+15	2.81158426e-03
40400	277.11506986	404	2.97935103e-05	404.00000000	3.01292231e+15	3.14130018e+15	2.81229223e-03
40500	277.80082137	405	2.98672566e-05	405.00000000	3.01379108e+15	3.14217089e+15	2.81299773e-03
40600	278.48697754	406	2.99410029e-05	406.00000000	3.01465691e+15	3.14303865e+15	2.81370092e-03
40700	279.17338639	407	3.00147493e-05	407.00000000	3.01551986e+15	3.14390351e+15	2.81440165e-03
40800	279.85940537	408	3.00884956e-05	408.00000000	3.01637995e+15	3.14476550e+15	2.81510010e-03
40900	280.54529348	409	3.01622419e-05	409.00000000	3.01723722e+15	3.14562467e+15	2.81579640e-03
41000	281.22923045	410	3.02359882e-05	410.00000000	3.01809175e+15	3.14648109e+15	2.81649044e-03
41100	281.91479459	411	3.03097345e-05	411.00000000	3.01894355e+15	3.14733476e+15	2.81718231e-03
41200	282.59918626	412	3.03834808e-05	412.00000000	3.01979263e+15	3.14818572e+15	2.81787193e-03
41300	283.28567701	413	3.04572271e-05	413.00000000	3.02063906e+15	3.14903401e+15	2.81855979e-03
41400	283.97261285	414	3.05309735e-05	414.00000000	3.02148285e+15	3.14987965e+15	2.81924509e-03
41500	284.65780387	415	3.06047198e-05	415.00000000	3.02232403e+15	3.15072268e+15	2.81992820e-03
41600	285.34310150	416	3.06784661e-05	416.00000000	3.02316261e+15	3.15156309e+15	2.82060919e-03
41700	286.02711017	417	3.07522124e-05	417.00000000	3.02399854e+15	3.15240085e+15	2.82128807e-03
41800	286.71339212	418	3.08259587e-05	418.00000000	3.02483183e+15	3.15323597e+15	2.82196488e-03
41900	287.39942111	419	3.08997050e-05	419.00000000	3.02566249e+15	3.15406844e+15	2.82263964e-03
42000	288.08576190	420	3.09734513e-05	420.00000000	3.02649054e+15	3.15489830e+15	2.82331234e-03
42100	288.77234856	421	3.10471976e-05	421.00000000	3.02731598e+15	3.15572554e+15	2.82398301e-03
42200	289.45786771	422	3.11209440e-05	422.00000000	3.02813878e+15	3.15655013e+15	2.82465164e-03
42300	290.14479025	423	3.11946903e-05	423.00000000	3.02895897e+15	3.15737211e+15	2.82531809e-03
42400	290.83100346	424	3.12684366e-05	424.00000000	3.02977655e+15	3.15819147e+15	2.82598241e-03
42500	291.51691073	425	3.13421829e-05	425.00000000	3.03059144e+15	3.15900813e+15	2.82664472e-03
42600	292.20355763	426	3.14159292e-05	426.00000000	3.03140366e+15	3.15982211e+15	2.82730501e-03
42700	292.88989188	427	3.14896755e-05	427.00000000	3.03221320e+15	3.16063341e+15	2.82796300e-03
42800	293.57604112	428	3.15634218e-05	428.00000000	3.03302006e+15	3.16144202e+15	2.82861885e-03
42900	294.26237997	429	3.16371681e-05	429.00000000	3.03382422e+15	3.16224793e+15	2.82927249e-03
43000	294.94819153	430	3.17109145e-05	430.00000000	3.03462571e+15	3.16305115e+15	2.82992409e-03
43100	295.63548327	431	3.17846608e-05	431.00000000	3.03542455e+15	3.16385172e+15	2.83057355e-03
43200	296.32138163	432	3.18584071e-05	432.00000000	3.03622068e+15	3.16464958e+15	2.83122096e-03
43300	297.00770552	433	3.19321534e-05	433.00000000	3.03701410e+15	3.16544472e+15	2.83186627e-03
43400	297.69306777	434	3.20058997e-05	434.00000000	3.03780485e+15	3.16623717e+15	2.83250943e-03
43500	298.37976666	435	3.20796460e-05	435.00000000	3.03859295e+15	3.16702698e+15	2.83315044e-03
43600	299.06560951	436	3.21533923e-05	436.00000000	3.03937847e+15	3.16781419e+15	2.83378933e-03
43700	299.75194719	437	3.22271386e-05	437.00000000	3.04016146e+15	3.16859887e+15	2.83442618e-03
43800	300.43837450	438	3.23008850e-05	438.00000000	3.04094196e+15	3.16938105e+15	2.83506102e-03
43900	301.12043383	439	3.23746313e-05	439.00000000	3.04171999e+15	3.17016075e+15	2.83569394e-03
44000	301.80586798	440	3.24483776e-05	440.00000000	3.04249555e+15	3.17093799e+15	2.83632498e-03
44100	302.49028318	441	3.25221239e-05	441.00000000	3.04326869e+15	3.17171280e+15	2.83695408e-03
44200	303.17604425	442	3.25958702e-05	442.00000000	3.04403942e+15	3.17248518e+15	2.83758125e-03
44300	303.86257564	443	3.26696165e-05	443.00000000	3.04480775e+15	3.17325516e+15	2.83820648e-03
44400	304.54902116	444	3.27433628e-05	444.00000000	3.04557368e+15	3.17402274e+15	2.83882980e-03
44500	305.23496450	445	3.28171091e-05	445.00000000	3.04633711e+15	3.17478781e+15	2.83945134e-03
44600	305.92114294	446	3.28908555e-05	446.00000000	3.04709809e+15	3.17555042e+15	2.84007088e-03
44700	306.60599349	447	3.29646018e-05	447.00000000	3.04785662e+15	3.17631058e+15	2.84068891e-03
44800	307.29212166	448	3.30383481e-05	448.00000000	3.04861274e+15	3.17706832e+15	2.84130454e-03
44900	307.97822459	449	3.31120944e-05	449.00000000	3.04936642e+15	3.17782362e+15	2.84191822e-03
45000	308.66422487	450	3.31858407e-05	450.00000000	3.05011766e+15	3.17857646e+15	2.84252993e-03
45100	309.34553542	451	3.32595870e-05	451.00000000	3.05086643e+15	3.17932683e+15	2.84313968e-03
45200	310.03144403	452	3.33333333e-05	452.00000000	3.05161265e+15	3.18007465e+15	2.84374750e-03
45300	310.71744131	453	3.34070796e-05	453.00000000	3.05235631e+15	3.18081990e+15	2.84435329e-03
45400	311.40307868	454	3.34808260e-05	454.00000000	3.05309737e+15	3.18156255e+15	2.84495698e-03
45500	312.08907459	455	3.35545723e-05	455.00000000	3.05383587e+15	3.18230263e+15	2.84555862e-03
45600	312.77234390	456	3.36283186e-05	456.00000000	3.05457179e+15	3.18304011e+15	2.84615827e-03
45700	313.45803720	457	3.37020649e-05	457.00000000	3.05530510e+15	3.18377500e+15	2.84675586e-03
45800	314.14337828	458	3.37758112e-05	458.00000000	3.05603582e+15	3.18450728e+15	2.84735172e-03
45900	314.82727669	459	3.38495575e-05	459.00000000	3.05676392e+15	3.18523693e+15	2.84794507e-03
46000	315.51324029	460	3.39233038e-05	460.00000000	3.05748942e+15	3.18596399e+15	2.84853640e-03
46100	316.19807442	461	3.39970501e-05	461.00000000	3.05821234e+15	3.18668845e+15	2.84912570e-03
46200	316.88519323	462	3.40707965e-05	462.00000000	3.05893268e+15	3.18741034e+15	2.84971293e-03
46300	317.57141440	463	3.41445428e-05	463.00000000	3.05965046e+15	3.18812965e+15	2.85029812e-03
46400	318.25590076	464	3.42182891e-05	464.00000000	3.06036571e+15	3.18884643e+15	2.85088124e-03
46500	318.93782292	465	3.42920354e-05	465.00000000	3.06107846e+15	3.18956070e+15	2.85146245e-03
46600	319.62113348	466	3.43657817e-05	466.00000000	3.06178873e+15	3.19027249e+15	2.85204155e-03
46700	320.30470816	467	3.44395280e-05	467.00000000	3.06249655e+15	3.19098182e+15	2.85261868e-03
46800	320.98939492	468	3.45132743e-05	468.00000000	3.06320195e+15	3.19168874e+15	2.85319384e-03
46900	321.67233054	469	3.45870206e-05	469.00000000	3.06390499e+15	3.19239328e+15	2.85376701e-03
47000	322.35559517	470	3.46607670e-05	470.00000000	3.06460569e+15	3.19309548e+15	2.85433827e-03
47100	323.03989021	471	3.47345133e-05	471.00000000	3.06530412e+15	3.19379540e+15	2.85490763e-03
47200	323.72288047	472	3.48082596e-05	472.00000000	3.06600033e+15	3.19449309e+15	2.85547526e-03
47300	324.40594199	473	3.48820059e-05	473.00000000	3.06669435e+15	3.19518859e+15	2.85604120e-03
47400	325.08896683	474	3.49557522e-05	474.00000000	3.06738620e+15	3.19588191e+15	2.85660539e-03
47500	325.77204336	475	3.50294985e-05	475.00000000	3.06807590e+15	3.19657309e+15	2.85716796e-03
47600	326.45607570	476	3.51032448e-05	476.00000000	3.06876351e+15	3.19726216e+15	2.85772877e-03
47700	327.14017908	477	3.51769912e-05	477.00000000	3.06944907e+15	3.19794918e+15	2.85828788e-03
47800	327.82353370	478	3.52507375e-05	478.00000000	3.07013264e+15	3.19863420e+15	2.85884535e-03
47900	328.50747702	479	3.53244838e-05	479.00000000	3.07081420e+15	3.19931721e+15	2.85940126e-03
48000	329.19045040	480	3.53982301e-05	480.00000000	3.07149375e+15	3.19999821e+15	2.85995559e-03
48100	329.87448209	481	3.54719764e-05	481.00000000	3.07217134e+15	3.20067724e+15	2.86050885e-03
48200	330.55774507	482	3.55457227e-05	482.00000000	3.07284699e+15	3.20135432e+15	2.86106022e-03
48300	331.24026628	483	3.56194690e-05	483.00000000	3.07352072e+15	3.20202948e+15	2.86161005e-03
48400	331.92350593	484	3.56932153e-05	484.00000000	3.07419249e+15	3.20270268e+15	2.86215878e-03
48500	332.60598680	485	3.57669617e-05	485.00000000	3.07486229e+15	3.20337390e+15	2.86270556e-03
48600	333.28934500	486	3.58407080e-05	486.00000000	3.07553014e+15	3.20404317e+15	2.86325079e-03
48700	333.97353241	487	3.59144543e-05	487.00000000	3.07619606e+15	3.20471050e+15	2.86379448e-03
48800	334.65690151	488	3.59882006e-05	488.00000000	3.07686002e+15	3.20537587e+15	2.86433664e-03
48900	335.34007964	489	3.60619469e-05	489.00000000	3.07752205e+15	3.20603930e+15	2.86487723e-03
49000	336.02331944	490	3.61356932e-05	490.00000000	3.07818212e+15	3.20670077e+15	2.86541629e-03
49100	336.70762189	491	3.62094395e-05	491.00000000	3.07884023e+15	3.20736027e+15	2.86595378e-03
49200	337.39110684	492	3.62831858e-05	492.00000000	3.07949635e+15	3.20801778e+15	2.86648961e-03
49300	338.07385904	493	3.63569322e-05	493.00000000	3.08015052e+15	3.20867333e+15	2.86702399e-03
49400	338.75666666	494	3.64306785e-05	494.00000000	3.08080279e+15	3.20932692e+15	2.86755711e-03
49500	339.44079748	495	3.65044248e-05	495.00000000	3.08145306e+15	3.20997854e+15	2.86808832e-03
49600	340.12372956	496	3.65781711e-05	496.00000000	3.08210136e+15	3.21062820e+15	2.86861812e-03
49700	340.80666093	497	3.66519174e-05	497.00000000	3.08274772e+15	3.21127592e+15	2.86914632e-03
49800	341.49029990	498	3.67256637e-05	498.00000000	3.08339214e+15	3.21192171e+15	2.86967293e-03
49900	342.17408060	499	3.67994100e-05	499.00000000	3.08403462e+15	3.21256554e+15	2.87019793e-03
50000	342.85701899	500	3.68731563e-05	500.00000000	3.08467518e+15	3.21320745e+15	2.87072150e-03
50100	343.54096051	501	3.69469027e-05	501.00000000	3.08531381e+15	3.21384744e+15	2.87124351e-03
50200	344.22359378	502	3.70206490e-05	502.00000000	3.08595054e+15	3.21448551e+15	2.87176410e-03
50300	344.90669192	503	3.70943953e-05	503.00000000	3.08658536e+15	3.21512167e+15	2.87228308e-03
50400	345.58955837	504	3.71681416e-05	504.00000000	3.08721833e+15	3.21575597e+15	2.87280056e-03
50500	346.27300084	505	3.72418879e-05	505.00000000	3.08784950e+15	3.21638846e+15	2.87331659e-03
50600	346.95665585	506	3.73156342e-05	506.00000000	3.08847889e+15	3.21701918e+15	2.87383132e-03
50700	347.64111715	507	3.73893805e-05	507.00000000	3.08910657e+15	3.21764818e+15	2.87434465e-03
50800	348.32375579	508	3.74631268e-05	508.00000000	3.08973256e+15	3.21827548e+15	2.87485664e-03
50900	349.00676711	509	3.75368732e-05	509.00000000	3.09035684e+15	3.21890107e+15	2.87536732e-03
51000	349.69066729	510	3.76106195e-05	510.00000000	3.09097944e+15	3.21952497e+15	2.87587664e-03
51100	350.37471466	511	3.76843658e-05	511.00000000	3.09160032e+15	3.22014716e+15	2.87638464e-03
51200	351.05816735	512	3.77581121e-05	512.00000000	3.09221951e+15	3.22076765e+15	2.87689132e-03
51300	351.74145430	513	3.78318584e-05	513.00000000	3.09283704e+15	3.22138647e+15	2.87739668e-03
51400	352.42497754	514	3.79056047e-05	514.00000000	3.09345293e+15	3.22200365e+15	2.87790075e-03
51500	353.10841311	515	3.79793510e-05	515.00000000	3.09406719e+15	3.22261920e+15	2.87840354e-03
51600	353.79212612	516	3.80530973e-05	516.00000000	3.09467981e+15	3.22323310e+15	2.87890499e-03
51700	354.47529019	517	3.81268437e-05	517.00000000	3.09529076e+15	3.22384533e+15	2.87940523e-03
51800	355.15913129	518	3.82005900e-05	518.00000000	3.09590004e+15	3.22445589e+15	2.87990417e-03
51900	355.84298001	519	3.82743363e-05	519.00000000	3.09650766e+15	3.22506478e+15	2.88040179e-03
52000	356.52587653	520	3.83480826e-05	520.00000000	3.09711360e+15	3.22567200e+15	2.88089815e-03
52100	357.20872100	521	3.84218289e-05	521.00000000	3.09771788e+15	3.22627754e+15	2.88139316e-03
52200	357.89187501	522	3.84955752e-05	522.00000000	3.09832050e+15	3.22688143e+15	2.88188681e-03
52300	358.57499825	523	3.85693215e-05	523.00000000	3.09892150e+15	3.22748369e+15	2.88237911e-03
52400	359.25808804	524	3.86430678e-05	524.00000000	3.09952089e+15	3.22808433e+15	2.88287010e-03
52500	359.94004601	525	3.87168142e-05	525.00000000	3.10011864e+15	3.22868334e+15	2.88335983e-03
52600	360.62299931	526	3.87905605e-05	526.00000000	3.10071475e+15	3.22928070e+15	2.88384825e-03
52700	361.30511068	527	3.88643068e-05	527.00000000	3.10130918e+15	3.22987637e+15	2.88433542e-03
52800	361.98766969	528	3.89380531e-05	528.00000000	3.10190191e+15	3.23047033e+15	2.88482129e-03
52900	362.67083320	529	3.90117994e-05	529.00000000	3.10249288e+15	3.23106254e+15	2.88530581e-03
53000	363.35377231	530	3.90855457e-05	530.00000000	3.10308210e+15	3.23165300e+15	2.88578902e-03
53100	364.03778754	531	3.91592920e-05	531.00000000	3.10366957e+15	3.23224169e+15	2.88627093e-03
53200	364.72033757	532	3.92330383e-05	532.00000000	3.10425531e+15	3.23282866e+15	2.88675140e-03
53300	365.40367677	533	3.93067847e-05	533.00000000	3.10483928e+15	3.23341385e+15	2.88723052e-03
53400	366.08762263	534	3.93805310e-05	534.00000000	3.10542151e+15	3.23399729e+15	2.88770824e-03
53500	366.77093234	535	3.94542773e-05	535.00000000	3.10600201e+15	3.23457900e+15	2.88818460e-03
53600	367.45423054	536	3.95280236e-05	536.00000000	3.10658077e+15	3.23515897e+15	2.88865966e-03
53700	368.13772265	537	3.96017699e-05	537.00000000	3.10715781e+15	3.23573721e+15	2.88913337e-03
53800	368.82061728	538	3.96755162e-05	538.00000000	3.10773319e+15	3.23631374e+15	2.88960586e-03
53900	369.50445796	539	3.97492625e-05	539.00000000	3.10830686e+15	3.23688858e+15	2.89007691e-03
54000	370.18780135	540	3.98230088e-05	540.00000000	3.10887882e+15	3.23746174e+15	2.89054660e-03
54100	370.87220554	541	3.98967552e-05	541.00000000	3.10944909e+15	3.23803319e+15	2.89101493e-03
54200	371.55577754	542	3.99705015e-05	542.00000000	3.11001767e+15	3.23860296e+15	2.89148215e-03
54300	372.23935391	543	4.00442478e-05	543.00000000	3.11058455e+15	3.23917103e+15	2.89194737e-03
54400	372.92251505	544	4.01179941e-05	544.00000000	3.11114972e+15	3.23973739e+15	2.89241148e-03
54500	373.60521005	545	4.01917404e-05	545.00000000	3.11171323e+15	3.24030207e+15	2.89287423e-03
54600	374.28812135	546	4.02654867e-05	546.00000000	3.11227508e+15	3.24086510e+15	2.89333562e-03
54700	374.97181447	547	4.03392330e-05	547.00000000	3.11283528e+15	3.24142648e+15	2.89379568e-03
54800	375.65611435	548	4.04129794e-05	548.00000000	3.11339387e+15	3.24198624e+15	2.89425442e-03
54900	376.33916951	549	4.04867257e-05	549.00000000	3.11395086e+15	3.24254440e+15	2.89471186e-03
55000	377.02215292	550	4.05604720e-05	550.00000000	3.11450627e+15	3.24310097e+15	2.89516804e-03
55100	377.70494668	551	4.06342183e-05	551.00000000	3.11506012e+15	3.24365599e+15	2.89562295e-03
55200	378.38808857	552	4.07079646e-05	552.00000000	3.11561245e+15	3.24420947e+15	2.89607669e-03
55300	379.07149327	553	4.07817109e-05	553.00000000	3.11616325e+15	3.24476143e+15	2.89652931e-03
55400	379.75549710	554	4.08554572e-05	554.00000000	3.11671254e+15	3.24531187e+15	2.89698076e-03
55500	380.43927079	555	4.09292035e-05	555.00000000	3.11726034e+15	3.24586081e+15	2.89743108e-03
55600	381.12111427	556	4.10029499e-05	556.00000000	3.11780666e+15	3.24640828e+15	2.89788025e-03
55700	381.80453197	557	4.10766962e-05	557.00000000	3.11835151e+15	3.24695427e+15	2.89832827e-03
55800	382.48795489	558	4.11504425e-05	558.00000000	3.11889491e+15	3.24749881e+15	2.89877520e-03
55900	383.17180095	559	4.12241888e-05	559.00000000	3.11943690e+15	3.24804193e+15	2.89922102e-03
56000	383.85579992	560	4.12979351e-05	560.00000000	3.11997747e+15	3.24858363e+15	2.89966575e-03
56100	384.54100157	561	4.13716814e-05	561.00000000	3.12051666e+15	3.24912394e+15	2.90010938e-03
56200	385.22370803	562	4.14454277e-05	562.00000000	3.12105449e+15	3.24966290e+15	2.90055197e-03
56300	385.90641736	563	4.15191740e-05	563.00000000	3.12159097e+15	3.25020049e+15	2.90099349e-03
56400	386.58926673	564	4.15929204e-05	564.00000000	3.12212608e+15	3.25073673e+15	2.90143395e-03
56500	387.27206298	565	4.16666667e-05	565.00000000	3.12265983e+15	3.25127159e+15	2.90187331e-03
56600	387.95593140	566	4.17404130e-05	566.00000000	3.12319220e+15	3.25180507e+15	2.90231155e-03
56700	388.63999335	567	4.18141593e-05	567.00000000	3.12372321e+15	3.25233719e+15	2.90274867e-03
56800	389.32173600	568	4.18879056e-05	568.00000000	3.12425283e+15	3.25286792e+15	2.90318470e-03
56900	390.00435942	569	4.19616519e-05	569.00000000	3.12478110e+15	3.25339728e+15	2.90361961e-03
57000	390.68729094	570	4.20353982e-05	570.00000000	3.12530799e+15	3.25392528e+15	2.90405342e-03
57100	391.37143170	571	4.21091445e-05	571.00000000	3.12583351e+15	3.25445189e+15	2.90448617e-03
57200	392.05385954	572	4.21828909e-05	572.00000000	3.12635763e+15	3.25497711e+15	2.90491791e-03
57300	392.73703632	573	4.22566372e-05	573.00000000	3.12688037e+15	3.25550093e+15	2.90534856e-03
57400	393.41929746	574	4.23303835e-05	574.00000000	3.12740170e+15	3.25602335e+15	2.90577809e-03
57500	394.10173038	575	4.24041298e-05	575.00000000	3.12792163e+15	3.25654437e+15	2.90620654e-03
57600	394.78408647	576	4.24778761e-05	576.00000000	3.12844017e+15	3.25706398e+15	2.90663389e-03
57700	395.46636238	577	4.25516224e-05	577.00000000	3.12895730e+15	3.25758219e+15	2.90706017e-03
57800	396.14947833	578	4.26253687e-05	578.00000000	3.12947300e+15	3.25809897e+15	2.90748540e-03
57900	396.83281224	579	4.26991150e-05	579.00000000	3.12998727e+15	3.25861431e+15	2.90790950e-03
58000	397.51576113	580	4.27728614e-05	580.00000000	3.13050010e+15	3.25912820e+15	2.90833246e-03
58100	398.19839273	581	4.28466077e-05	581.00000000	3.13101147e+15	3.25964064e+15	2.90875427e-03
58200	398.88198639	582	4.29203540e-05	582.00000000	3.13152142e+15	3.26015165e+15	2.90917498e-03
58300	399.56546131	583	4.29941003e-05	583.00000000	3.13202995e+15	3.26066124e+15	2.90959459e-03
58400	400.24885876	584	4.30678466e-05	584.00000000	3.13253710e+15	3.26116943e+15	2.91001312e-03
58500	400.93207813	585	4.31415929e-05	585.00000000	3.13304284e+15	3.26167623e+15	2.91043054e-03
58600	401.61534759	586	4.32153392e-05	586.00000000	3.13354721e+15	3.26218164e+15	2.91084683e-03
58700	402.29870055	587	4.32890855e-05	587.00000000	3.13405019e+15	3.26268568e+15	2.91126198e-03
58800	402.98079546	588	4.33628319e-05	588.00000000	3.13455182e+15	3.26318835e+15	2.91167605e-03
58900	403.66411851	589	4.34365782e-05	589.00000000	3.13505209e+15	3.26368966e+15	2.91208903e-03
59000	404.34617494	590	4.35103245e-05	590.00000000	3.13555101e+15	3.26418963e+15	2.91250093e-03
59100	405.02918182	591	4.35840708e-05	591.00000000	3.13604861e+15	3.26468826e+15	2.91291178e-03
59200	405.71229529	592	4.36578171e-05	592.00000000	3.13654487e+15	3.26518556e+15	2.91332155e-03
59300	406.39543366	593	4.37315634e-05	593.00000000	3.13703982e+15	3.26568154e+15	2.91373029e-03
59400	407.07894631	594	4.38053097e-05	594.00000000	3.13753346e+15	3.26617621e+15	2.91413800e-03
59500	407.76215839	595	4.38790560e-05	595.00000000	3.13802580e+15	3.26666958e+15	2.91454470e-03
59600	408.44477310	596	4.39528024e-05	596.00000000	3.13851686e+15	3.26716167e+15	2.91495039e-03
59700	409.12697389	597	4.40265487e-05	597.00000000	3.13900666e+15	3.26765248e+15	2.91535514e-03
59800	409.81069904	598	4.41002950e-05	598.00000000	3.13949520e+15	3.26814205e+15	2.91575890e-03
59900	410.49473600	599	4.41740413e-05	599.00000000	3.13998250e+15	3.26863036e+15	2.91616165e-03
60000	411.17823462	600	4.42477876e-05	600.00000000	3.14046857e+15	3.26911744e+15	2.91656340e-03
60100	411.86178121	601	4.43215339e-05	601.00000000	3.14095340e+15	3.26960329e+15	2.91696419e-03
60200	412.54475601	602	4.43952802e-05	602.00000000	3.14143700e+15	3.27008789e+15	2.91736403e-03
60300	413.22821849	603	4.44690265e-05	603.00000000	3.14191939e+15	3.27057129e+15	2.91776293e-03
60400	413.91185706	604	4.45427729e-05	604.00000000	3.14240059e+15	3.27105349e+15	2.91816086e-03
60500	414.59527510	605	4.46165192e-05	605.00000000	3.14288060e+15	3.27153451e+15	2.91855784e-03
60600	415.27822194	606	4.46902655e-05	606.00000000	3.14335945e+15	3.27201436e+15	2.91895393e-03
60700	415.96225326	607	4.47640118e-05	607.00000000	3.14383715e+15	3.27249306e+15	2.91934913e-03
60800	416.64514150	608	4.48377581e-05	608.00000000	3.14431372e+15	3.27297061e+15	2.91974344e-03
60900	417.32617262	609	4.49115044e-05	609.00000000	3.14478913e+15	3.27344702e+15	2.92013688e-03
61000	418.00788677	610	4.49852507e-05	610.00000000	3.14526340e+15	3.27392227e+15	2.92052940e-03
61100	418.69176434	611	4.50589971e-05	611.00000000	3.14573651e+15	3.27439637e+15	2.92092103e-03
61200	419.37342793	612	4.51327434e-05	612.00000000	3.14620846e+15	3.27486930e+15	2.92131180e-03
61300	420.05621190	613	4.52064897e-05	613.00000000	3.14667920e+15	3.27534104e+15	2.92170167e-03
61400	420.73929169	614	4.52802360e-05	614.00000000	3.14714875e+15	3.27581156e+15	2.92209060e-03
61500	421.42156831	615	4.53539823e-05	615.00000000	3.14761710e+15	3.27628088e+15	2.92247860e-03
61600	422.10415693	616	4.54277286e-05	616.00000000	3.14808424e+15	3.27674901e+15	2.92286569e-03
61700	422.78712147	617	4.55014749e-05	617.00000000	3.14855019e+15	3.27721593e+15	2.92325186e-03
61800	423.47015435	618	4.55752212e-05	618.00000000	3.14901493e+15	3.27768164e+15	2.92363711e-03
61900	424.15220371	619	4.56489676e-05	619.00000000	3.14947847e+15	3.27814615e+15	2.92402145e-03
62000	424.83637490	620	4.57227139e-05	620.00000000	3.14994080e+15	3.27860945e+15	2.92440484e-03
62100	425.52017048	621	4.57964602e-05	621.00000000	3.15040193e+15	3.27907153e+15	2.92478725e-03
62200	426.20323898	622	4.58702065e-05	622.00000000	3.15086184e+15	3.27953241e+15	2.92516867e-03
62300	426.88704251	623	4.59439528e-05	623.00000000	3.15132055e+15	3.27999208e+15	2.92554914e-03
62400	427.57034962	624	4.60176991e-05	624.00000000	3.15177807e+15	3.28045055e+15	2.92592864e-03
62500	428.25371919	625	4.60914454e-05	625.00000000	3.15223439e+15	3.28090783e+15	2.92630716e-03
62600	428.93609909	626	4.61651917e-05	626.00000000	3.15268952e+15	3.28136391e+15	2.92668473e-03
62700	429.61934031	627	4.62389381e-05	627.00000000	3.15314341e+15	3.28181875e+15	2.92706133e-03
62800	430.30270876	628	4.63126844e-05	628.00000000	3.15359604e+15	3.28227233e+15	2.92743699e-03
62900	430.98518919	629	4.63864307e-05	629.00000000	3.15404742e+15	3.28272465e+15	2.92781164e-03
63000	431.66782132	630	4.64601770e-05	630.00000000	3.15449756e+15	3.28317573e+15	2.92818532e-03
63100	432.35165761	631	4.65339233e-05	631.00000000	3.15494646e+15	3.28362557e+15	2.92855799e-03
63200	433.03581966	632	4.66076696e-05	632.00000000	3.15539415e+15	3.28407420e+15	2.92892966e-03
63300	433.72054507	633	4.66814159e-05	633.00000000	3.15584062e+15	3.28452161e+15	2.92930034e-03
63400	434.40408883	634	4.67551622e-05	634.00000000	3.15628589e+15	3.28496780e+15	2.92967012e-03
63500	435.08673938	635	4.68289086e-05	635.00000000	3.15672992e+15	3.28541277e+15	2.93003896e-03
63600	435.77013316	636	4.69026549e-05	636.00000000	3.15717274e+15	3.28585651e+15	2.93040684e-03
63700	436.45352563	637	4.69764012e-05	637.00000000	3.15761433e+15	3.28629903e+15	2.93077379e-03
63800	437.13692990	638	4.70501475e-05	638.00000000	3.15805469e+15	3.28674031e+15	2.93113976e-03
63900	437.82021328	639	4.71238938e-05	639.00000000	3.15849382e+15	3.28718036e+15	2.93150476e-03
64000	438.50416979	640	4.71976401e-05	640.00000000	3.15893172e+15	3.28761919e+15	2.93186877e-03
64100	439.18935665	641	4.72713864e-05	641.00000000	3.15936841e+15	3.28805680e+15	2.93223178e-03
64200	439.87387708	642	4.73451327e-05	642.00000000	3.15980395e+15	3.28849320e+15	2.93259395e-03
64300	440.55804323	643	4.74188791e-05	643.00000000	3.16023824e+15	3.28892839e+15	2.93295510e-03
64400	441.24163928	644	4.74926254e-05	644.00000000	3.16067132e+15	3.28936238e+15	2.93331525e-03
64500	441.92482631	645	4.75663717e-05	645.00000000	3.16110320e+15	3.28979517e+15	2.93367443e-03
64600	442.60709971	646	4.76401180e-05	646.00000000	3.16153389e+15	3.29022677e+15	2.93403264e-03
64700	443.29031740	647	4.77138643e-05	647.00000000	3.16196339e+15	3.29065717e+15	2.93438988e-03
64800	443.97377460	648	4.77876106e-05	648.00000000	3.16239168e+15	3.29108638e+15	2.93474613e-03
64900	444.65705166	649	4.78613569e-05	649.00000000	3.16281879e+15	3.29151439e+15	2.93510139e-03
65000	445.33986635	650	4.79351032e-05	650.00000000	3.16324471e+15	3.29194121e+15	2.93545570e-03
65100	446.02356773	651	4.80088496e-05	651.00000000	3.16366944e+15	3.29236685e+15	2.93580906e-03
65200	446.70697950	652	4.80825959e-05	652.00000000	3.16409301e+15	3.29279132e+15	2.93616147e-03
65300	447.39056586	653	4.81563422e-05	653.00000000	3.16451541e+15	3.29321462e+15	2.93651293e-03
65400	448.07370260	654	4.82300885e-05	654.00000000	3.16493665e+15	3.29363676e+15	2.93686343e-03
65500	448.75696564	655	4.83038348e-05	655.00000000	3.16535675e+15	3.29405775e+15	2.93721300e-03
65600	449.44010322	656	4.83775811e-05	656.00000000	3.16577570e+15	3.29447759e+15	2.93756165e-03
65700	450.12342963	657	4.84513274e-05	657.00000000	3.16619350e+15	3.29489629e+15	2.93790938e-03
65800	450.80638823	658	4.85250737e-05	658.00000000	3.16661018e+15	3.29531385e+15	2.93825619e-03
65900	451.48913516	659	4.85988201e-05	659.00000000	3.16702574e+15	3.29573030e+15	2.93860209e-03
66000	452.17283932	660	4.86725664e-05	660.00000000	3.16744019e+15	3.29614564e+15	2.93894708e-03
66100	452.85664033	661	4.87463127e-05	661.00000000	3.16785352e+15	3.29655984e+15	2.93929117e-03
66200	453.53992133	662	4.88200590e-05	662.00000000	3.16826572e+15	3.29697292e+15	2.93963436e-03
66300	454.22284006	663	4.88938053e-05	663.00000000	3.16867681e+15	3.29738489e+15	2.93997667e-03
66400	454.90606820	664	4.89675516e-05	664.00000000	3.16908678e+15	3.29779574e+15	2.94031810e-03
66500	455.58961232	665	4.90412979e-05	665.00000000	3.16949565e+15	3.29820548e+15	2.94065863e-03
66600	456.27338817	666	4.91150442e-05	666.00000000	3.16990340e+15	3.29861411e+15	2.94099824e-03
66700	456.95621207	667	4.91887906e-05	667.00000000	3.17031006e+15	3.29902163e+15	2.94133694e-03
66800	457.63950386	668	4.92625369e-05	668.00000000	3.17071562e+15	3.29942806e+15	2.94167474e-03
66900	458.32263547	669	4.93362832e-05	669.00000000	3.17112009e+15	3.29983339e+15	2.94201165e-03
67000	459.00669086	670	4.94100295e-05	670.00000000	3.17152346e+15	3.30023763e+15	2.94234764e-03
67100	459.69145669	671	4.94837758e-05	671.00000000	3.17192575e+15	3.30064077e+15	2.94268274e-03
67200	460.37514455	672	4.95575221e-05	672.00000000	3.17232696e+15	3.30104284e+15	2.94301696e-03
67300	461.05858506	673	4.96312684e-05	673.00000000	3.17272711e+15	3.30144384e+15	2.94335028e-03
67400	461.74301983	674	4.97050147e-05	674.00000000	3.17312621e+15	3.30184380e+15	2.94368271e-03
67500	462.42637899	675	4.97787611e-05	675.00000000	3.17352430e+15	3.30224273e+15	2.94401427e-03
67600	463.10889178	676	4.98525074e-05	676.00000000	3.17392136e+15	3.30264064e+15	2.94434499e-03
67700	463.79193536	677	4.99262537e-05	677.00000000	3.17431743e+15	3.30303755e+15	2.94467488e-03
67800	464.47368858	678	5.00000000e-05	678.00000000	3.17471250e+15	3.30343346e+15	2.94500395e-03
67900	465.15582367	679	5.00737463e-05	679.00000000	3.17510658e+15	3.30382838e+15	2.94533221e-03
68000	465.83810787	680	5.01474926e-05	680.00000000	3.17549966e+15	3.30422231e+15	2.94565965e-03
68100	466.52195405	681	5.02212389e-05	681.00000000	3.17589175e+15	3.30461523e+15	2.94598628e-03
68200	467.20495220	682	5.02949853e-05	682.00000000	3.17628285e+15	3.30500717e+15	2.94631209e-03
68300	467.88831644	683	5.03687316e-05	683.00000000	3.17667296e+15	3.30539811e+15	2.94663710e-03
68400	468.57167357	684	5.04424779e-05	684.00000000	3.17706210e+15	3.30578807e+15	2.94696132e-03
68500	469.25422126	685	5.05162242e-05	685.00000000	3.17745027e+15	3.30617707e+15	2.94728474e-03
68600	469.93690109	686	5.05899705e-05	686.00000000	3.17783749e+15	3.30656511e+15	2.94760739e-03
68700	470.62059055	687	5.06637168e-05	687.00000000	3.17822375e+15	3.30695220e+15	2.94792926e-03
68800	471.30364949	688	5.07374631e-05	688.00000000	3.17860906e+15	3.30733833e+15	2.94825038e-03
68900	471.98681661	689	5.08112094e-05	689.00000000	3.17899342e+15	3.30772350e+15	2.94857075e-03
69000	472.66976656	690	5.08849558e-05	690.00000000	3.17937683e+15	3.30810774e+15	2.94889036e-03
69100	473.35229813	691	5.09587021e-05	691.00000000	3.17975930e+15	3.30849103e+15	2.94920921e-03
69200	474.03436078	692	5.10324484e-05	692.00000000	3.18014084e+15	3.30887339e+15	2.94952730e-03
69300	474.71639897	693	5.11061947e-05	693.00000000	3.18052146e+15	3.30925483e+15	2.94984464e-03
69400	475.39714359	694	5.11799410e-05	694.00000000	3.18090116e+15	3.30963534e+15	2.95016126e-03
69500	476.07919295	695	5.12536873e-05	695.00000000	3.18127994e+15	3.31001494e+15	2.95047713e-03
69600	476.76071057	696	5.13274336e-05	696.00000000	3.18165781e+15	3.31039362e+15	2.95079228e-03
69700	477.44415960	697	5.14011799e-05	697.00000000	3.18203475e+15	3.31077138e+15	2.95110671e-03
69800	478.12573081	698	5.14749263e-05	698.00000000	3.18241082e+15	3.31114821e+15	2.95142052e-03
69900	478.80816763	699	5.15486726e-05	699.00000000	3.18278594e+15	3.31152412e+15	2.95173355e-03
70000	479.49117805	700	5.16224189e-05	700.00000000	3.18316012e+15	3.31189911e+15	2.95204577e-03
70100	480.17414387	701	5.16961652e-05	701.00000000	3.18353339e+15	3.31227317e+15	2.95235722e-03
70200	480.85601579	702	5.17699115e-05	702.00000000	3.18390573e+15	3.31264632e+15	2.95266789e-03
70300	481.53882061	703	5.18436578e-05	703.00000000	3.18427715e+15	3.31301855e+15	2.95297779e-03
70400	482.22149886	704	5.19174041e-05	704.00000000	3.18464767e+15	3.31338988e+15	2.95328693e-03
70500	482.90556661	705	5.19911504e-05	705.00000000	3.18501729e+15	3.31376030e+15	2.95359530e-03
70600	483.58999081	706	5.20648968e-05	706.00000000	3.18538599e+15	3.31412980e+15	2.95390293e-03
70700	484.27206594	707	5.21386431e-05	707.00000000	3.18575378e+15	3.31449838e+15	2.95420978e-03
70800	484.95534653	708	5.22123894e-05	708.00000000	3.18612065e+15	3.31486606e+15	2.95451588e-03
70900	485.63831016	709	5.22861357e-05	709.00000000	3.18648662e+15	3.31523283e+15	2.95482121e-03
71000	486.32138832	710	5.23598820e-05	710.00000000	3.18685167e+15	3.31559867e+15	2.95512580e-03
71100	487.00305033	711	5.24336283e-05	711.00000000	3.18721581e+15	3.31596361e+15	2.95542965e-03
71200	487.68703660	712	5.25073746e-05	712.00000000	3.18757918e+15	3.31632770e+15	2.95573267e-03
71300	488.36966547	713	5.25811209e-05	713.00000000	3.18794162e+15	3.31669091e+15	2.95603517e-03
71400	489.05263740	714	5.26548673e-05	714.00000000	3.18830313e+15	3.31705321e+15	2.95633690e-03
71500	489.73663072	715	5.27286136e-05	715.00000000	3.18866371e+15	3.31741457e+15	2.95663787e-03
71600	490.42002457	716	5.28023599e-05	716.00000000	3.18902335e+15	3.31777499e+15	2.95693806e-03
71700	491.10297002	717	5.28761062e-05	717.00000000	3.18938204e+15	3.31813447e+15	2.95723750e-03
71800	491.78627509	718	5.29498525e-05	718.00000000	3.18973979e+15	3.31849301e+15	2.95753619e-03
71900	492.46966449	719	5.30235988e-05	719.00000000	3.19009660e+15	3.31885061e+15	2.95783413e-03
72000	493.15281403	720	5.30973451e-05	720.00000000	3.19045248e+15	3.31920726e+15	2.95813131e-03
72100	493.83631479	721	5.31710914e-05	721.00000000	3.19080744e+15	3.31956300e+15	2.95842772e-03
72200	494.51926095	722	5.32448378e-05	722.00000000	3.19116148e+15	3.31991783e+15	2.95872337e-03
72300	495.20187690	723	5.33185841e-05	723.00000000	3.19151461e+15	3.32027173e+15	2.95901826e-03
72400	495.88451925	724	5.33923304e-05	724.00000000	3.19186682e+15	3.32062472e+15	2.95931240e-03
72500	496.56774569	725	5.34660767e-05	725.00000000	3.19221811e+15	3.32097678e+15	2.95960578e-03
72600	497.25201618	726	5.35398230e-05	726.00000000	3.19256848e+15	3.32132793e+15	2.95989842e-03
72700	497.93605691	727	5.36135693e-05	727.00000000	3.19291791e+15	3.32167812e+15	2.96019032e-03
72800	498.62211359	728	5.36873156e-05	728.00000000	3.19326639e+15	3.32202737e+15	2.96048147e-03
72900	499.30502871	729	5.37610619e-05	729.00000000	3.19361392e+15	3.32237568e+15	2.96077184e-03
73000	499.98815908	730	5.38348083e-05	730.00000000	3.19396052e+15	3.32272304e+15	2.96106143e-03
73100	500.67129957	731	5.39085546e-05	731.00000000	3.19430618e+15	3.32306947e+15	2.96135024e-03
73200	501.35398345	732	5.39823009e-05	732.00000000	3.19465092e+15	3.32341498e+15	2.96163828e-03
73300	502.03668832	733	5.40560472e-05	733.00000000	3.19499478e+15	3.32375959e+15	2.96192556e-03
73400	502.71986822	734	5.41297935e-05	734.00000000	3.19533773e+15	3.32410330e+15	2.96221216e-03
73500	503.40258747	735	5.42035398e-05	735.00000000	3.19567977e+15	3.32444611e+15	2.96249801e-03
73600	504.08655653	736	5.42772861e-05	736.00000000	3.19602092e+15	3.32478801e+15	2.96278316e-03
73700	504.77016325	737	5.43510324e-05	737.00000000	3.19636118e+15	3.32512903e+15	2.96306759e-03
73800	505.45249088	738	5.44247788e-05	738.00000000	3.19670060e+15	3.32546916e+15	2.96335141e-03
73900	506.13575111	739	5.44985251e-05	739.00000000	3.19703911e+15	3.32580842e+15	2.96363446e-03
74000	506.82031173	740	5.45722714e-05	740.00000000	3.19737674e+15	3.32614679e+15	2.96391676e-03
74100	507.50434514	741	5.46460177e-05	741.00000000	3.19771349e+15	3.32648429e+15	2.96419830e-03
74200	508.18842354	742	5.47197640e-05	742.00000000	3.19804938e+15	3.32682094e+15	2.96447912e-03
74300	508.87279329	743	5.47935103e-05	743.00000000	3.19838449e+15	3.32715681e+15	2.96475915e-03
74400	509.55617098	744	5.48672566e-05	744.00000000	3.19871875e+15	3.32749182e+15	2.96503861e-03
74500	510.23958998	745	5.49410029e-05	745.00000000	3.19905215e+15	3.32782597e+15	2.96531737e-03
74600	510.92321668	746	5.50147493e-05	746.00000000	3.19938469e+15	3.32815926e+15	2.96559543e-03
74700	511.60701183	747	5.50884956e-05	747.00000000	3.19971639e+15	3.32849171e+15	2.96587277e-03
74800	512.29055818	748	5.51622419e-05	748.00000000	3.20004724e+15	3.32882331e+15	2.96614941e-03
74900	512.97398143	749	5.52359882e-05	749.00000000	3.20037726e+15	3.32915407e+15	2.96642536e-03
75000	513.65694780	750	5.53097345e-05	750.00000000	3.20070644e+15	3.32948400e+15	2.96670063e-03
75100	514.33968468	751	5.53834808e-05	751.00000000	3.20103479e+15	3.32981309e+15	2.96697523e-03
75200	515.02382141	752	5.54572271e-05	752.00000000	3.20136232e+15	3.33014137e+15	2.96724914e-03
75300	515.70654601	753	5.55309735e-05	753.00000000	3.20168903e+15	3.33046882e+15	2.96752236e-03
75400	516.38891676	754	5.56047198e-05	754.00000000	3.20201492e+15	3.33079545e+15	2.96779488e-03
75500	517.07104776	755	5.56784661e-05	755.00000000	3.20233999e+15	3.33112127e+15	2.96806673e-03
75600	517.75522564	756	5.57522124e-05	756.00000000	3.20266426e+15	3.33144627e+15	2.96833790e-03
75700	518.43839341	757	5.58259587e-05	757.00000000	3.20298771e+15	3.33177046e+15	2.96860839e-03
75800	519.12194348	758	5.58997050e-05	758.00000000	3.20331037e+15	3.33209386e+15	2.96887821e-03
75900	519.80513799	759	5.59734513e-05	759.00000000	3.20363221e+15	3.33241644e+15	2.96914737e-03
76000	520.48762570	760	5.60471976e-05	760.00000000	3.20395324e+15	3.33273821e+15	2.96941590e-03
76100	521.17098584	761	5.61209440e-05	761.00000000	3.20427347e+15	3.33305917e+15	2.96968372e-03
76200	521.85370243	762	5.61946903e-05	762.00000000	3.20459290e+15	3.33337933e+15	2.96995086e-03
76300	522.53656011	763	5.62684366e-05	763.00000000	3.20491153e+15	3.33369869e+15	2.97021734e-03
76400	523.21993718	764	5.63421829e-05	764.00000000	3.20522938e+15	3.33401727e+15	2.97048319e-03
76500	523.90307698	765	5.64159292e-05	765.00000000	3.20554642e+15	3.33433504e+15	2.97074838e-03
76600	524.58694107	766	5.64896755e-05	766.00000000	3.20586267e+15	3.33465201e+15	2.97101290e-03
76700	525.27092316	767	5.65634218e-05	767.00000000	3.20617811e+15	3.33496818e+15	2.97127677e-03
76800	525.95304090	768	5.66371681e-05	768.00000000	3.20649281e+15	3.33528357e+15	2.97154007e-03
76900	526.63508550	769	5.67109145e-05	769.00000000	3.20680671e+15	3.33559817e+15	2.97180268e-03
77000	527.31768309	770	5.67846608e-05	770.00000000	3.20711982e+15	3.33591199e+15	2.97206462e-03
77100	528.00018818	771	5.68584071e-05	771.00000000	3.20743216e+15	3.33622505e+15	2.97232589e-03
77200	528.68306743	772	5.69321534e-05	772.00000000	3.20774373e+15	3.33653735e+15	2.97258652e-03
77300	529.36523157	773	5.70058997e-05	773.00000000	3.20805455e+15	3.33684888e+15	2.97284650e-03
77400	530.04814320	774	5.70796460e-05	774.00000000	3.20836468e+15	3.33715973e+15	2.97310590e-03
77500	530.73213936	775	5.71533923e-05	775.00000000	3.20867404e+15	3.33746981e+15	2.97336464e-03
77600	531.41602563	776	5.72271386e-05	776.00000000	3.20898263e+15	3.33777912e+15	2.97362271e-03
77700	532.09920356	777	5.73008850e-05	777.00000000	3.20929044e+15	3.33808764e+15	2.97388012e-03
77800	532.78226243	778	5.73746313e-05	778.00000000	3.20959748e+15	3.33839540e+15	2.97413685e-03
77900	533.46585563	779	5.74483776e-05	779.00000000	3.20990376e+15	3.33870238e+15	2.97439293e-03
78000	534.14995552	780	5.75221239e-05	780.00000000	3.21020929e+15	3.33900861e+15	2.97464835e-03
78100	534.83493244	781	5.75958702e-05	781.00000000	3.21051407e+15	3.33931409e+15	2.97490314e-03
78200	535.51810827	782	5.76696165e-05	782.00000000	3.21081812e+15	3.33961882e+15	2.97515731e-03
78300	536.20048521	783	5.77433628e-05	783.00000000	3.21112142e+15	3.33992282e+15	2.97541087e-03
78400	536.88343137	784	5.78171091e-05	784.00000000	3.21142399e+15	3.34022607e+15	2.97566380e-03
78500	537.56677390	785	5.78908555e-05	785.00000000	3.21172582e+15	3.34052858e+15	2.97591613e-03
78600	538.24831267	786	5.79646018e-05	786.00000000	3.21202689e+15	3.34083034e+15	2.97616785e-03
78700	538.93045076	787	5.80383481e-05	787.00000000	3.21232722e+15	3.34113135e+15	2.97641895e-03
78800	539.61350635	788	5.81120944e-05	788.00000000	3.21262679e+15	3.34143160e+15	2.97666944e-03
78900	540.29840125	789	5.81858407e-05	789.00000000	3.21292561e+15	3.34173108e+15	2.97691931e-03
79000	540.98159344	790	5.82595870e-05	790.00000000	3.21322365e+15	3.34202980e+15	2.97716855e-03
79100	541.66491952	791	5.83333333e-05	791.00000000	3.21352095e+15	3.34232776e+15	2.97741716e-03
79200	542.34770051	792	5.84070796e-05	792.00000000	3.21381748e+15	3.34262496e+15	2.97766516e-03
79300	543.03160016	793	5.84808260e-05	793.00000000	3.21411325e+15	3.34292140e+15	2.97791259e-03
79400	543.71459487	794	5.85545723e-05	794.00000000	3.21440827e+15	3.34321708e+15	2.97815935e-03
79500	544.39833397	795	5.86283186e-05	795.00000000	3.21470252e+15	3.34351199e+15	2.97840548e-03
79600	545.08175222	796	5.87020649e-05	796.00000000	3.21499600e+15	3.34380612e+15	2.97865100e-03
79700	545.76484997	797	5.87758112e-05	797.00000000	3.21528869e+15	3.34409947e+15	2.97889589e-03
79800	546.44721177	798	5.88495575e-05	798.00000000	3.21558061e+15	3.34439205e+15	2.97914013e-03
79900	547.13050022	799	5.89233038e-05	799.00000000	3.21587175e+15	3.34468383e+15	2.97938373e-03
80000	547.81392760	800	5.89970501e-05	800.00000000	3.21616211e+15	3.34497484e+15	2.97962668e-03
80100	548.49634347	801	5.90707965e-05	801.00000000	3.21645170e+15	3.34526508e+15	2.97986898e-03
80200	549.17820977	802	5.91445428e-05	802.00000000	3.21674051e+15	3.34555453e+15	2.98011065e-03
80300	549.86119156	803	5.92182891e-05	803.00000000	3.21702854e+15	3.34584321e+15	2.98035167e-03
80400	550.54461793	804	5.92920354e-05	804.00000000	3.21731581e+15	3.34613113e+15	2.98059206e-03
80500	551.22812973	805	5.93657817e-05	805.00000000	3.21760232e+15	3.34641828e+15	2.98083181e-03
80600	551.91197505	806	5.94395280e-05	806.00000000	3.21788807e+15	3.34670467e+15	2.98107092e-03
80700	552.59537540	807	5.95132743e-05	807.00000000	3.21817308e+15	3.34699030e+15	2.98130940e-03
80800	553.27718497	808	5.95870206e-05	808.00000000	3.21845734e+15	3.34727521e+15	2.98154724e-03
80900	553.96140958	809	5.96607670e-05	809.00000000	3.21874088e+15	3.34755938e+15	2.98178447e-03
81000	554.64487795	810	5.97345133e-05	810.00000000	3.21902368e+15	3.34784281e+15	2.98202109e-03
81100	555.32810520	811	5.98082596e-05	811.00000000	3.21930576e+15	3.34812552e+15	2.98225709e-03
81200	556.01025273	812	5.98820059e-05	812.00000000	3.21958711e+15	3.34840751e+15	2.98249248e-03
81300	556.69369894	813	5.99557522e-05	813.00000000	3.21986775e+15	3.34868877e+15	2.98272727e-03
81400	557.37633755	814	6.00294985e-05	814.00000000	3.22014766e+15	3.34896930e+15	2.98296149e-03
81500	558.06003476	815	6.01032448e-05	815.00000000	3.22042685e+15	3.34924911e+15	2.98319511e-03
81600	558.74526792	816	6.01769912e-05	816.00000000	3.22070531e+15	3.34952820e+15	2.98342814e-03
81700	559.42896105	817	6.02507375e-05	817.00000000	3.22098306e+15	3.34980658e+15	2.98366057e-03
81800	560.11225853	818	6.03244838e-05	818.00000000	3.22126010e+15	3.35008423e+15	2.98389241e-03
81900	560.79616820	819	6.03982301e-05	819.00000000	3.22153642e+15	3.35036117e+15	2.98412364e-03
82000	561.47947201	820	6.04719764e-05	820.00000000	3.22181203e+15	3.35063740e+15	2.98435429e-03
82100	562.16267324	821	6.05457227e-05	821.00000000	3.22208694e+15	3.35091292e+15	2.98458435e-03
82200	562.84616946	822	6.06194690e-05	822.00000000	3.22236114e+15	3.35118772e+15	2.98481381e-03
82300	563.52936556	823	6.06932153e-05	823.00000000	3.22263460e+15	3.35146180e+15	2.98504269e-03
82400	564.21314439	824	6.07669617e-05	824.00000000	3.22290736e+15	3.35173517e+15	2.98527097e-03
82500	564.89701385	825	6.08407080e-05	825.00000000	3.22317941e+15	3.35200782e+15	2.98549865e-03
82600	565.57995066	826	6.09144543e-05	826.00000000	3.22345076e+15	3.35227978e+15	2.98572576e-03
82700	566.26243762	827	6.09882006e-05	827.00000000	3.22372137e+15	3.35255099e+15	2.98595223e-03
82800	566.94495062	828	6.10619469e-05	828.00000000	3.22399127e+15	3.35282150e+15	2.98617812e-03
82900	567.62800845	829	6.11356932e-05	829.00000000	3.22426047e+15	3.35309130e+15	2.98640342e-03
83000	568.30972529	830	6.12094395e-05	830.00000000	3.22452897e+15	3.35336039e+15	2.98662813e-03
83100	568.99257874	831	6.12831858e-05	831.00000000	3.22479676e+15	3.35362878e+15	2.98685224e-03
83200	569.67473108	832	6.13569322e-05	832.00000000	3.22506390e+15	3.35389647e+15	2.98707588e-03
83300	570.35850903	833	6.14306785e-05	833.00000000	3.22533031e+15	3.35416346e+15	2.98729888e-03
83400	571.04130547	834	6.15044248e-05	834.00000000	3.22559600e+15	3.35442974e+15	2.98752127e-03
83500	571.72431475	835	6.15781711e-05	835.00000000	3.22586099e+15	3.35469531e+15	2.98774308e-03
83600	572.40722201	836	6.16519174e-05	836.00000000	3.22612526e+15	3.35496017e+15	2.98796430e-03
83700	573.08995687	837	6.17256637e-05	837.00000000	3.22638882e+15	3.35522432e+15	2.98818491e-03
83800	573.77261408	838	6.17994100e-05	838.00000000	3.22665167e+15	3.35548776e+15	2.98840493e-03
83900	574.45621973	839	6.18731563e-05	839.00000000	3.22691382e+15	3.35575049e+15	2.98862435e-03
84000	575.13906655	840	6.19469027e-05	840.00000000	3.22717526e+15	3.35601252e+15	2.98884322e-03
84100	575.82206398	841	6.20206490e-05	841.00000000	3.22743598e+15	3.35627382e+15	2.98906145e-03
84200	576.50444392	842	6.20943953e-05	842.00000000	3.22769605e+15	3.35653442e+15	2.98927924e-03
84300	577.18721338	843	6.21681416e-05	843.00000000	3.22795542e+15	3.35679434e+15	2.98949639e-03
84400	577.86969161	844	6.22418879e-05	844.00000000	3.22821409e+15	3.35705358e+15	2.98971294e-03
84500	578.55325027	845	6.23156342e-05	845.00000000	3.22847206e+15	3.35731213e+15	2.98992890e-03
84600	579.23715825	846	6.23893805e-05	846.00000000	3.22872938e+15	3.35757001e+15	2.99014411e-03
84700	579.92008016	847	6.24631268e-05	847.00000000	3.22898596e+15	3.35782717e+15	2.99035891e-03
84800	580.60276422	848	6.25368732e-05	848.00000000	3.22924184e+15	3.35808362e+15	2.99057313e-03
84900	581.28524840	849	6.26106195e-05	849.00000000	3.22949702e+15	3.35833936e+15	2.99078675e-03
85000	581.96832693	850	6.26843658e-05	850.00000000	3.22975152e+15	3.35859442e+15	2.99099982e-03
85100	582.64915152	851	6.27581121e-05	851.00000000	3.23000533e+15	3.35884880e+15	2.99121230e-03
85200	583.33078440	852	6.28318584e-05	852.00000000	3.23025848e+15	3.35910250e+15	2.99142423e-03
85300	584.01211365	853	6.29056047e-05	853.00000000	3.23051095e+15	3.35935553e+15	2.99163560e-03
85400	584.69356752	854	6.29793510e-05	854.00000000	3.23076276e+15	3.35960789e+15	2.99184641e-03
85500	585.37603752	855	6.30530973e-05	855.00000000	3.23101395e+15	3.35985959e+15	2.99205681e-03
85600	586.05724627	856	6.31268437e-05	856.00000000	3.23126445e+15	3.36011062e+15	2.99226659e-03
85700	586.73940028	857	6.32005900e-05	857.00000000	3.23151428e+15	3.36036099e+15	2.99247578e-03
85800	587.42156283	858	6.32743363e-05	858.00000000	3.23176343e+15	3.36061070e+15	2.99268440e-03
85900	588.10506444	859	6.33480826e-05	859.00000000	3.23201190e+15	3.36085971e+15	2.99289246e-03
86000	588.78700539	860	6.34218289e-05	860.00000000	3.23225970e+15	3.36110806e+15	2.99309995e-03
86100	589.46973440	861	6.34955752e-05	861.00000000	3.23250685e+15	3.36135576e+15	2.99330688e-03
86200	590.15234166	862	6.35693215e-05	862.00000000	3.23275334e+15	3.36160279e+15	2.99351327e-03
86300	590.83387139	863	6.36430678e-05	863.00000000	3.23299917e+15	3.36184917e+15	2.99371913e-03
86400	591.51634557	864	6.37168142e-05	864.00000000	3.23324435e+15	3.36209490e+15	2.99392444e-03
86500	592.20010296	865	6.37905605e-05	865.00000000	3.23348889e+15	3.36233998e+15	2.99412921e-03
86600	592.88364765	866	6.38643068e-05	866.00000000	3.23373279e+15	3.36258442e+15	2.99433341e-03
86700	593.56730734	867	6.39380531e-05	867.00000000	3.23397606e+15	3.36282823e+15	2.99453713e-03
86800	594.25015487	868	6.40117994e-05	868.00000000	3.23421869e+15	3.36307139e+15	2.99474030e-03
86900	594.93348507	869	6.40855457e-05	869.00000000	3.23446068e+15	3.36331391e+15	2.99494294e-03
87000	595.61554180	870	6.41592920e-05	870.00000000	3.23470209e+15	3.36355580e+15	2.99514520e-03
87100	596.29949029	871	6.42330383e-05	871.00000000	3.23494283e+15	3.36379705e+15	2.99534688e-03
87200	596.98379522	872	6.43067847e-05	872.00000000	3.23518293e+15	3.36403767e+15	2.99554801e-03
87300	597.66622255	873	6.43805310e-05	873.00000000	3.23542238e+15	3.36427765e+15	2.99574859e-03
87400	598.34769668	874	6.44542773e-05	874.00000000	3.23566119e+15	3.36451699e+15	2.99594863e-03
87500	599.03040155	875	6.45280236e-05	875.00000000	3.23589935e+15	3.36475568e+15	2.99614813e-03
87600	599.71322638	876	6.46017699e-05	876.00000000	3.23613688e+15	3.36499373e+15	2.99634710e-03
87700	600.39540707	877	6.46755162e-05	877.00000000	3.23637376e+15	3.36523115e+15	2.99654553e-03
87800	601.07798220	878	6.47492625e-05	878.00000000	3.23661001e+15	3.36546792e+15	2.99674343e-03
87900	601.76116839	879	6.48230088e-05	879.00000000	3.23684563e+15	3.36570406e+15	2.99694081e-03
88000	602.44380894	880	6.48967552e-05	880.00000000	3.23708062e+15	3.36593957e+15	2.99713765e-03
88100	603.12812583	881	6.49705015e-05	881.00000000	3.23731498e+15	3.36617446e+15	2.99733397e-03
88200	603.81092787	882	6.50442478e-05	882.00000000	3.23754871e+15	3.36640871e+15	2.99752978e-03
88300	604.49510129	883	6.51179941e-05	883.00000000	3.23778183e+15	3.36664235e+15	2.99772506e-03
88400	605.17841995	884	6.51917404e-05	884.00000000	3.23801434e+15	3.36687537e+15	2.99791987e-03
88500	605.86079205	885	6.52654867e-05	885.00000000	3.23824621e+15	3.36710776e+15	2.99811407e-03
88600	606.54366456	886	6.53392330e-05	886.00000000	3.23847745e+15	3.36733951e+15	2.99830779e-03
88700	607.22740935	887	6.54129794e-05	887.00000000	3.23870805e+15	3.36757062e+15	2.99850099e-03
88800	607.91145987	888	6.54867257e-05	888.00000000	3.23893800e+15	3.36780108e+15	2.99869367e-03
88900	608.59510810	889	6.55604720e-05	889.00000000	3.23916737e+15	3.36803089e+15	2.99888599e-03
89000	609.27767160	890	6.56342183e-05	890.00000000	3.23939605e+15	3.36826005e+15	2.99907771e-03
89100	609.96110618	891	6.57079646e-05	891.00000000	3.23962408e+15	3.36848857e+15	2.99926884e-03
89200	610.64369055	892	6.57817109e-05	892.00000000	3.23985145e+15	3.36871644e+15	2.99945942e-03
89300	611.32744798	893	6.58554572e-05	893.00000000	3.24007817e+15	3.36894367e+15	2.99964947e-03
89400	612.01073249	894	6.59292035e-05	894.00000000	3.24030425e+15	3.36917025e+15	2.99983896e-03
89500	612.69482965	895	6.60029499e-05	895.00000000	3.24052970e+15	3.36939620e+15	3.00002792e-03
89600	613.37725566	896	6.60766962e-05	896.00000000	3.24075452e+15	3.36962152e+15	3.00021633e-03
89700	614.06017926	897	6.61504425e-05	897.00000000	3.24097871e+15	3.36984621e+15	3.00040421e-03
89800	614.74372519	898	6.62241888e-05	898.00000000	3.24120227e+15	3.37007027e+15	3.00059157e-03
89900	615.42661971	899	6.62979351e-05	899.00000000	3.24142522e+15	3.37029371e+15	3.00077840e-03
90000	616.10916144	900	6.63716814e-05	900.00000000	3.24164754e+15	3.37051653e+15	3.00096470e-03
90100	616.79276452	901	6.64454277e-05	901.00000000	3.24186925e+15	3.37073873e+15	3.00115048e-03
90200	617.47602579	902	6.65191740e-05	902.00000000	3.24209034e+15	3.37096031e+15	3.00133576e-03
90300	618.15886980	903	6.65929204e-05	903.00000000	3.24231081e+15	3.37118128e+15	3.00152054e-03
90400	618.84243610	904	6.66666667e-05	904.00000000	3.24253066e+15	3.37140162e+15	3.00170480e-03
90500	619.52592572	905	6.67404130e-05	905.00000000	3.24274989e+15	3.37162134e+15	3.00188854e-03
90600	620.20907308	906	6.68141593e-05	906.00000000	3.24296851e+15	3.37184044e+15	3.00207177e-03
90700	620.89182514	907	6.68879056e-05	907.00000000	3.24318651e+15	3.37205893e+15	3.00225449e-03
90800	621.57482491	908	6.69616519e-05	908.00000000	3.24340391e+15	3.37227681e+15	3.00243670e-03
90900	622.25806524	909	6.70353982e-05	909.00000000	3.24362071e+15	3.37249409e+15	3.00261841e-03
91000	622.94252124	910	6.71091445e-05	910.00000000	3.24383698e+15	3.37271077e+15	3.00279981e-03
91100	623.62592481	911	6.71828909e-05	911.00000000	3.24405264e+15	3.37292688e+15	3.00298064e-03
91200	624.30935477	912	6.72566372e-05	912.00000000	3.24426769e+15	3.37314240e+15	3.00316093e-03
91300	624.99146187	913	6.73303835e-05	913.00000000	3.24448214e+15	3.37335732e+15	3.00334069e-03
91400	625.67468662	914	6.74041298e-05	914.00000000	3.24469600e+15	3.37357165e+15	3.00351995e-03
91500	626.35784233	915	6.74778761e-05	915.00000000	3.24490927e+15	3.37378540e+15	3.00369872e-03
91600	627.04041131	916	6.75516224e-05	916.00000000	3.24512195e+15	3.37399856e+15	3.00387701e-03
91700	627.72402036	917	6.76253687e-05	917.00000000	3.24533404e+15	3.37421113e+15	3.00405482e-03
91800	628.40721052	918	6.76991150e-05	918.00000000	3.24554555e+15	3.37442311e+15	3.00423214e-03
91900	629.09083690	919	6.77728614e-05	919.00000000	3.24575649e+15	3.37463452e+15	3.00440897e-03
92000	629.77384597	920	6.78466077e-05	920.00000000	3.24596685e+15	3.37484535e+15	3.00458532e-03
92100	630.45783391	921	6.79203540e-05	921.00000000	3.24617665e+15	3.37505562e+15	3.00476119e-03
92200	631.14021019	922	6.79941003e-05	922.00000000	3.24638587e+15	3.37526531e+15	3.00493659e-03
92300	631.82343455	923	6.80678466e-05	923.00000000	3.24659453e+15	3.37547444e+15	3.00511150e-03
92400	632.50606574	924	6.81415929e-05	924.00000000	3.24680262e+15	3.37568299e+15	3.00528586e-03
92500	633.18790642	925	6.82153392e-05	925.00000000	3.24701014e+15	3.37589097e+15	3.00545985e-03
92600	633.87142826	926	6.82890855e-05	926.00000000	3.24721710e+15	3.37609840e+15	3.00563338e-03
92700	634.55418499	927	6.83628319e-05	927.00000000	3.24742350e+15	3.37630526e+15	3.00580643e-03
92800	635.23720777	928	6.84365782e-05	928.00000000	3.24762934e+15	3.37651155e+15	3.00597900e-03
92900	635.91988126	929	6.85103245e-05	929.00000000	3.24783460e+15	3.37671728e+15	3.00615110e-03
93000	636.60248476	930	6.85840708e-05	930.00000000	3.24803930e+15	3.37692243e+15	3.00632272e-03
93100	637.28671080	931	6.86578171e-05	931.00000000	3.24824343e+15	3.37712702e+15	3.00649386e-03
93200	637.96948551	932	6.87315634e-05	932.00000000	3.24844701e+15	3.37733105e+15	3.00666453e-03
93300	638.65203737	933	6.88053097e-05	933.00000000	3.24865002e+15	3.37753452e+15	3.00683473e-03
93400	639.33508823	934	6.88790560e-05	934.00000000	3.24885248e+15	3.37773743e+15	3.00700444e-03
93500	640.01902732	935	6.89528024e-05	935.00000000	3.24905445e+15	3.37793977e+15	3.00717381e-03
93600	640.70245749	936	6.90265487e-05	936.00000000	3.24925584e+15	3.37814158e+15	3.00734271e-03
93700	641.38615151	937	6.91002950e-05	937.00000000	3.24945667e+15	3.37834285e+15	3.00751110e-03
93800	642.06907937	938	6.91740413e-05	938.00000000	3.24965696e+15	3.37854358e+15	3.00767903e-03
93900	642.75128532	939	6.92477876e-05	939.00000000	3.24985670e+15	3.37874376e+15	3.00784649e-03
94000	643.43434410	940	6.93215339e-05	940.00000000	3.25005589e+15	3.37894340e+15	3.00801349e-03
94100	644.11756330	941	6.93952802e-05	941.00000000	3.25025455e+15	3.37914250e+15	3.00818003e-03
94200	644.80066989	942	6.94690265e-05	942.00000000	3.25045266e+15	3.37934106e+15	3.00834612e-03
94300	645.48414461	943	6.95427729e-05	943.00000000	3.25065023e+15	3.37953907e+15	3.00851175e-03
94400	646.16757515	944	6.96165192e-05	944.00000000	3.25084727e+15	3.37973655e+15	3.00867699e-03
94500	646.85094154	945	6.96902655e-05	945.00000000	3.25104377e+15	3.37993349e+15	3.00884173e-03
94600	647.53265901	946	6.97640118e-05	946.00000000	3.25123974e+15	3.38012990e+15	3.00900602e-03
94700	648.21574121	947	6.98377581e-05	947.00000000	3.25143517e+15	3.38032577e+15	3.00916987e-03
94800	648.90009390	948	6.99115044e-05	948.00000000	3.25163006e+15	3.38052109e+15	3.00933328e-03
94900	649.58315000	949	6.99852507e-05	949.00000000	3.25182440e+15	3.38071587e+15	3.00949623e-03
95000	650.26501060	950	7.00589971e-05	950.00000000	3.25201820e+15	3.38091010e+15	3.00965874e-03
95100	650.94889459	951	7.01327434e-05	951.00000000	3.25221146e+15	3.38110379e+15	3.00982080e-03
95200	651.63197442	952	7.02064897e-05	952.00000000	3.25240418e+15	3.38129694e+15	3.00998241e-03
95300	652.31504601	953	7.02802360e-05	953.00000000	3.25259635e+15	3.38148954e+15	3.01014357e-03
95400	652.99824583	954	7.03539823e-05	954.00000000	3.25278799e+15	3.38168161e+15	3.01030428e-03
95500	653.68121315	955	7.04277286e-05	955.00000000	3.25297908e+15	3.38187313e+15	3.01046453e-03
95600	654.36484610	956	7.05014749e-05	956.00000000	3.25316964e+15	3.38206411e+15	3.01062433e-03
95700	655.04783740	957	7.05752212e-05	957.00000000	3.25335966e+15	3.38225456e+15	3.01078369e-03
95800	655.73116475	958	7.06489676e-05	958.00000000	3.25354915e+15	3.38244448e+15	3.01094260e-03
95900	656.41421644	959	7.07227139e-05	959.00000000	3.25373812e+15	3.38263386e+15	3.01110107e-03
96000	657.09745867	960	7.07964602e-05	960.00000000	3.25392657e+15	3.38282273e+15	3.01125912e-03
96100	657.78212212	961	7.08702065e-05	961.00000000	3.25411450e+15	3.38301109e+15	3.01141673e-03
96200	658.46527972	962	7.09439528e-05	962.00000000	3.25430192e+15	3.38319893e+15	3.01157392e-03
96300	659.14842967	963	7.10176991e-05	963.00000000	3.25448882e+15	3.38338625e+15	3.01173067e-03
96400	659.83167684	964	7.10914454e-05	964.00000000	3.25467520e+15	3.38357304e+15	3.01188699e-03
96500	660.51552323	965	7.11651917e-05	965.00000000	3.25486106e+15	3.38375932e+15	3.01204287e-03
96600	661.19786282	966	7.12389381e-05	966.00000000	3.25504640e+15	3.38394508e+15	3.01219831e-03
96700	661.88195590	967	7.13126844e-05	967.00000000	3.25523123e+15	3.38413031e+15	3.01235332e-03
96800	662.56557337	968	7.13864307e-05	968.00000000	3.25541554e+15	3.38431504e+15	3.01250789e-03
96900	663.24891411	969	7.14601770e-05	969.00000000	3.25559942e+15	3.38449925e+15	3.01266225e-03
97000	663.93078224	970	7.15339233e-05	970.00000000	3.25578275e+15	3.38468296e+15	3.01281611e-03
97100	664.61508995	971	7.16076696e-05	971.00000000	3.25596555e+15	3.38486616e+15	3.01296948e-03
97200	665.29790637	972	7.16814159e-05	972.00000000	3.25614783e+15	3.38504884e+15	3.01312240e-03
97300	665.98050279	973	7.17551622e-05	973.00000000	3.25632958e+15	3.38523100e+15	3.01327487e-03
97400	666.66342928	974	7.18289086e-05	974.00000000	3.25651080e+15	3.38541263e+15	3.01342695e-03
97500	667.34873688	975	7.19026549e-05	975.00000000	3.25669147e+15	3.38559371e+15	3.01357846e-03
97600	668.03153770	976	7.19764012e-05	976.00000000	3.25687162e+15	3.38577426e+15	3.01372957e-03
97700	668.71445367	977	7.20501475e-05	977.00000000	3.25705125e+15	3.38595429e+15	3.01388026e-03
97800	669.39766427	978	7.21238938e-05	978.00000000	3.25723036e+15	3.38613380e+15	3.01403051e-03
97900	670.08091013	979	7.21976401e-05	979.00000000	3.25740895e+15	3.38631279e+15	3.01418034e-03
98000	670.76314835	980	7.22713864e-05	980.00000000	3.25758703e+15	3.38649126e+15	3.01432974e-03
98100	671.44642984	981	7.23451327e-05	981.00000000	3.25776459e+15	3.38666922e+15	3.01447871e-03
98200	672.12836223	982	7.24188791e-05	982.00000000	3.25794163e+15	3.38684666e+15	3.01462726e-03
98300	672.81064866	983	7.24926254e-05	983.00000000	3.25811816e+15	3.38702359e+15	3.01477538e-03
98400	673.49208493	984	7.25663717e-05	984.00000000	3.25829418e+15	3.38720000e+15	3.01492308e-03
98500	674.17390570	985	7.26401180e-05	985.00000000	3.25846969e+15	3.38737590e+15	3.01507035e-03
98600	674.85600185	986	7.27138643e-05	986.00000000	3.25864468e+15	3.38755129e+15	3.01521719e-03
98700	675.53716025	987	7.27876106e-05	987.00000000	3.25881917e+15	3.38772616e+15	3.01536360e-03
98800	676.22042259	988	7.28613569e-05	988.00000000	3.25899315e+15	3.38790053e+15	3.01550959e-03
98900	676.90213914	989	7.29351032e-05	989.00000000	3.25916662e+15	3.38807439e+15	3.01565515e-03
99000	677.58450125	990	7.30088496e-05	990.00000000	3.25933958e+15	3.38824773e+15	3.01580028e-03
99100	678.26651682	991	7.30825959e-05	991.00000000	3.25951202e+15	3.38842057e+15	3.01594499e-03
99200	678.94791864	992	7.31563422e-05	992.00000000	3.25968396e+15	3.38859289e+15	3.01608928e-03
99300	679.63084008	993	7.32300885e-05	993.00000000	3.25985539e+15	3.38876470e+15	3.01623311e-03
99400	680.31327441	994	7.33038348e-05	994.00000000	3.26002632e+15	3.38893601e+15	3.01637655e-03
99500	680.99517177	995	7.33775811e-05	995.00000000	3.26019674e+15	3.38910681e+15	3.01651957e-03
99600	681.67841149	996	7.34513274e-05	996.00000000	3.26036665e+15	3.38927710e+15	3.01666216e-03
99700	682.36132193	997	7.35250737e-05	997.00000000	3.26053605e+15	3.38944688e+15	3.01680434e-03
99800	683.04450860	998	7.35988201e-05	998.00000000	3.26070494e+15	3.38961614e+15	3.01694611e-03
99900	683.72765728	999	7.36725664e-05	999.00000000	3.26087331e+15	3.38978489e+15	3.01708745e-03
100000	684.41020701	1000	7.37463127e-05	1000.00000000	3.26104117e+15	3.38995313e+15	3.01722837e-03
100100	685.09366910	1001	7.38200590e-05	1001.00000000	3.26120852e+15	3.39012085e+15	3.01736886e-03
100200	685.77765133	1002	7.38938053e-05	1002.00000000	3.26137536e+15	3.39028806e+15	3.01750892e-03
100300	686.46075092	1003	7.39675516e-05	1003.00000000	3.26154169e+15	3.39045477e+15	3.01764855e-03
100400	687.14379173	1004	7.40412979e-05	1004.00000000	3.26170752e+15	3.39062097e+15	3.01778775e-03
100500	687.82645289	1005	7.41150442e-05	1005.00000000	3.26187284e+15	3.39078666e+15	3.01792653e-03
100600	688.50864557	1006	7.41887906e-05	1006.00000000	3.26203766e+15	3.39095184e+15	3.01806489e-03
100700	689.19130877	1007	7.42625369e-05	1007.00000000	3.26220205e+15	3.39111652e+15	3.01820302e-03
100800	689.87442406	1008	7.43362832e-05	1008.00000000	3.26236592e+15	3.39128072e+15	3.01834066e-03
100900	690.55710378	1009	7.44100295e-05	1009.00000000	3.26252927e+15	3.39144442e+15	3.01847783e-03
101000	691.23841277	1010	7.44837758e-05	1010.00000000	3.26269211e+15	3.39160762e+15	3.01861455e-03
101100	691.92225996	1011	7.45575221e-05	1011.00000000	3.26285444e+15	3.39177032e+15	3.01875084e-03
101200	692.60572809	1012	7.46312684e-05	1012.00000000	3.26301628e+15	3.39193252e+15	3.01888671e-03
101300	693.28850031	1013	7.47050147e-05	1013.00000000	3.26317761e+15	3.39209422e+15	3.01902216e-03
101400	693.97206841	1014	7.47787611e-05	1014.00000000	3.26333845e+15	3.39225543e+15	3.01915719e-03
101500	694.65356546	1015	7.48525074e-05	1015.00000000	3.26349880e+15	3.39241613e+15	3.01929181e-03
101600	695.33489665	1016	7.49262537e-05	1016.00000000	3.26365865e+15	3.39257635e+15	3.01942601e-03
101700	696.01642597	1017	7.50000000e-05	1017.00000000	3.26381802e+15	3.39273607e+15	3.01955981e-03
101800	696.69899713	1018	7.50737463e-05	1018.00000000	3.26397688e+15	3.39289530e+15	3.01969319e-03
101900	697.38087438	1019	7.51474926e-05	1019.00000000	3.26413526e+15	3.39305402e+15	3.01982616e-03
102000	698.06527463	1020	7.52212389e-05	1020.00000000	3.26429313e+15	3.39321226e+15	3.01995872e-03
102100	698.74729783	1021	7.52949853e-05	1021.00000000	3.26445052e+15	3.39337000e+15	3.02009086e-03
102200	699.43011984	1022	7.53687316e-05	1022.00000000	3.26460742e+15	3.39352725e+15	3.02022259e-03
102300	700.11390041	1023	7.54424779e-05	1023.00000000	3.26476382e+15	3.39368400e+15	3.02035391e-03
102400	700.79808050	1024	7.55162242e-05	1024.00000000	3.26491973e+15	3.39384026e+15	3.02048482e-03
102500	701.48144604	1025	7.55899705e-05	1025.00000000	3.26507514e+15	3.39399603e+15	3.02061531e-03
102600	702.16380350	1026	7.56637168e-05	1026.00000000	3.26523005e+15	3.39415129e+15	3.02074540e-03
102700	702.84657944	1027	7.57374631e-05	1027.00000000	3.26538448e+15	3.39430606e+15	3.02087507e-03
102800	703.52939035	1028	7.58112094e-05	1028.00000000	3.26553841e+15	3.39446034e+15	3.02100434e-03
102900	704.21347701	1029	7.58849558e-05	1029.00000000	3.26569186e+15	3.39461413e+15	3.02113320e-03
103000	704.89615392	1030	7.59587021e-05	1030.00000000	3.26584481e+15	3.39476743e+15	3.02126164e-03
103100	705.58078152	1031	7.60324484e-05	1031.00000000	3.26599728e+15	3.39492025e+15	3.02138967e-03
103200	706.26349077	1032	7.61061947e-05	1032.00000000	3.26614927e+15	3.39507257e+15	3.02151729e-03
103300	706.94602368	1033	7.61799410e-05	1033.00000000	3.26630077e+15	3.39522442e+15	3.02164450e-03
103400	707.62926641	1034	7.62536873e-05	1034.00000000	3.26645179e+15	3.39537578e+15	3.02177130e-03
103500	708.31355141	1035	7.63274336e-05	1035.00000000	3.26660234e+15	3.39552666e+15	3.02189771e-03
103600	708.99517318	1036	7.64011799e-05	1036.00000000	3.26675241e+15	3.39567707e+15	3.02202371e-03
103700	709.67833317	1037	7.64749263e-05	1037.00000000	3.26690200e+15	3.39582699e+15	3.02214931e-03
103800	710.36119587	1038	7.65486726e-05	1038.00000000	3.26705111e+15	3.39597644e+15	3.02227452e-03
103900	711.04494510	1039	7.66224189e-05	1039.00000000	3.26719974e+15	3.39612541e+15	3.02239933e-03
104000	711.72755981	1040	7.66961652e-05	1040.00000000	3.26734791e+15	3.39627391e+15	3.02252374e-03
104100	712.41162447	1041	7.67699115e-05	1041.00000000	3.26749560e+15	3.39642194e+15	3.02264775e-03
104200	713.09439812	1042	7.68436578e-05	1042.00000000	3.26764282e+15	3.39656949e+15	3.02277137e-03
104300	713.77821897	1043	7.69174041e-05	1043.00000000	3.26778958e+15	3.39671658e+15	3.02289460e-03
104400	714.46117684	1044	7.69911504e-05	1044.00000000	3.26793587e+15	3.39686319e+15	3.02301743e-03
104500	715.14413133	1045	7.70648968e-05	1045.00000000	3.26808169e+15	3.39700935e+15	3.02313987e-03
104600	715.82635543	1046	7.71386431e-05	1046.00000000	3.26822710e+15	3.39715508e+15	3.02326182e-03
104700	716.50919497	1047	7.72123894e-05	1047.00000000	3.26837211e+15	3.39730043e+15	3.02338353e-03
104800	717.19099089	1048	7.72861357e-05	1048.00000000	3.26851667e+15	3.39744531e+15	3.02350490e-03
104900	717.87477041	1049	7.73598820e-05	1049.00000000	3.26866078e+15	3.39758974e+15	3.02362590e-03
105000	718.55827019	1050	7.74336283e-05	1050.00000000	3.26880443e+15	3.39773372e+15	3.02374651e-03
105100	719.24264543	1051	7.75073746e-05	1051.00000000	3.26894762e+15	3.39787723e+15	3.02386675e-03
105200	719.92599162	1052	7.75811209e-05	1052.00000000	3.26909035e+15	3.39802028e+15	3.02398660e-03
105300	720.60905407	1053	7.76548673e-05	1053.00000000	3.26923263e+15	3.39816288e+15	3.02410607e-03
105400	721.29144267	1054	7.77286136e-05	1054.00000000	3.26937445e+15	3.39830502e+15	3.02422515e-03
105500	721.97485120	1055	7.78023599e-05	1055.00000000	3.26951581e+15	3.39844671e+15	3.02434386e-03
105600	722.65728710	1056	7.78761062e-05	1056.00000000	3.26965672e+15	3.39858794e+15	3.02446217e-03
105700	723.34026033	1057	7.79498525e-05	1057.00000000	3.26979719e+15	3.39872872e+15	3.02458012e-03
105800	724.02442509	1058	7.80235988e-05	1058.00000000	3.26993729e+15	3.39886906e+15	3.02469789e-03
105900	724.70804827	1059	7.80973451e-05	1059.00000000	3.27007692e+15	3.39900897e+15	3.02481522e-03
106000	725.39164154	1060	7.81710914e-05	1060.00000000	3.27021609e+15	3.39914845e+15	3.02493211e-03
106100	726.07438875	1061	7.82448378e-05	1061.00000000	3.27035480e+15	3.39928746e+15	3.02504862e-03
106200	726.75823431	1062	7.83185841e-05	1062.00000000	3.27049304e+15	3.39942602e+15	3.02516474e-03
106300	727.44157420	1063	7.83923304e-05	1063.00000000	3.27063083e+15	3.39956413e+15	3.02528048e-03
106400	728.12465272	1064	7.84660767e-05	1064.00000000	3.27076817e+15	3.39970178e+15	3.02539583e-03
106500	728.80696441	1065	7.85398230e-05	1065.00000000	3.27090506e+15	3.39983898e+15	3.02551081e-03
106600	729.48879775	1066	7.86135693e-05	1066.00000000	3.27104150e+15	3.39997574e+15	3.02562541e-03
106700	730.17021764	1067	7.86873156e-05	1067.00000000	3.27117749e+15	3.40011204e+15	3.02573963e-03
106800	730.85393418	1068	7.87610619e-05	1068.00000000	3.27131304e+15	3.40024789e+15	3.02585348e-03
106900	731.53742642	1069	7.88348083e-05	1069.00000000	3.27144814e+15	3.40038330e+15	3.02596696e-03
107000	732.22050520	1070	7.89085546e-05	1070.00000000	3.27158279e+15	3.40051826e+15	3.02608006e-03
107100	732.90448210	1071	7.89823009e-05	1071.00000000	3.27171700e+15	3.40065278e+15	3.02619280e-03
107200	733.58618156	1072	7.90560472e-05	1072.00000000	3.27185076e+15	3.40078685e+15	3.02630516e-03
107300	734.26861617	1073	7.91297935e-05	1073.00000000	3.27198408e+15	3.40092047e+15	3.02641715e-03
107400	734.95167966	1074	7.92035398e-05	1074.00000000	3.27211695e+15	3.40105365e+15	3.02652877e-03
107500	735.63464064	1075	7.92772861e-05	1075.00000000	3.27224938e+15	3.40118639e+15	3.02664002e-03
107600	736.31771432	1076	7.93510324e-05	1076.00000000	3.27238137e+15	3.40131867e+15	3.02675091e-03
107700	737.00111665	1077	7.94247788e-05	1077.00000000	3.27251291e+15	3.40145051e+15	3.02686142e-03
107800	737.68332408	1078	7.94985251e-05	1078.00000000	3.27264401e+15	3.40158191e+15	3.02697156e-03
107900	738.36680093	1079	7.95722714e-05	1079.00000000	3.27277466e+15	3.40171287e+15	3.02708132e-03
108000	739.05009947	1080	7.96460177e-05	1080.00000000	3.27290488e+15	3.40184339e+15	3.02719072e-03
108100	739.73375780	1081	7.97197640e-05	1081.00000000	3.27303466e+15	3.40197347e+15	3.02729975e-03
108200	740.41688651	1082	7.97935103e-05	1082.00000000	3.27316401e+15	3.40210311e+15	3.02740841e-03
108300	741.09946544	1083	7.98672566e-05	1083.00000000	3.27329292e+15	3.40223231e+15	3.02751670e-03
108400	741.78196992	1084	7.99410029e-05	1084.00000000	3.27342140e+15	3.40236109e+15	3.02762463e-03
108500	742.46301283	1085	8.00147493e-05	1085.00000000	3.27354945e+15	3.40248944e+15	3.02773220e-03
108600	743.14480270	1086	8.00884956e-05	1086.00000000	3.27367708e+15	3.40261736e+15	3.02783941e-03
108700	743.82689757	1087	8.01622419e-05	1087.00000000	3.27380429e+15	3.40274486e+15	3.02794625e-03
108800	744.50873457	1088	8.02359882e-05	1088.00000000	3.27393115e+15	3.40287201e+15	3.02805280e-03
108900	745.19035049	1089	8.03097345e-05	1089.00000000	3.27405760e+15	3.40299875e+15	3.02815902e-03
109000	745.87293584	1090	8.03834808e-05	1090.00000000	3.27418363e+15	3.40312508e+15	3.02826490e-03
109100	746.55477532	1091	8.04572271e-05	1091.00000000	3.27430924e+15	3.40325098e+15	3.02837043e-03
109200	747.23743557	1092	8.05309735e-05	1092.00000000	3.27443444e+15	3.40337646e+15	3.02847560e-03
109300	747.92084858	1093	8.06047198e-05	1093.00000000	3.27455921e+15	3.40350152e+15	3.02858042e-03
109400	748.60340771	1094	8.06784661e-05	1094.00000000	3.27468357e+15	3.40362617e+15	3.02868490e-03
109500	749.28592972	1095	8.07522124e-05	1095.00000000	3.27480751e+15	3.40375040e+15	3.02878902e-03
109600	749.96889094	1096	8.08259587e-05	1096.00000000	3.27493105e+15	3.40387422e+15	3.02889280e-03
109700	750.65141499	1097	8.08997050e-05	1097.00000000	3.27505420e+15	3.40399765e+15	3.02899617e-03
109800	751.33415228	1098	8.09734513e-05	1098.00000000	3.27517698e+15	3.40412071e+15	3.02909930e-03
109900	752.01833438	1099	8.10471976e-05	1099.00000000	3.27529936e+15	3.40424338e+15	3.02920210e-03
110000	752.70084063	1100	8.11209440e-05	1100.00000000	3.27542134e+15	3.40436564e+15	3.02930456e-03
110100	753.38372732	1101	8.11946903e-05	1101.00000000	3.27554293e+15	3.40448751e+15	3.02940669e-03
110200	754.06642815	1102	8.12684366e-05	1102.00000000	3.27566413e+15	3.40460899e+15	3.02950849e-03
110300	754.75041930	1103	8.13421829e-05	1103.00000000	3.27578493e+15	3.40473008e+15	3.02960995e-03
110400	755.43422691	1104	8.14159292e-05	1104.00000000	3.27590536e+15	3.40485078e+15	3.02971109e-03
110500	756.11718522	1105	8.14896755e-05	1105.00000000	3.27602540e+15	3.40497110e+15	3.02981190e-03
110600	756.80054790	1106	8.15634218e-05	1106.00000000	3.27614506e+15	3.40509104e+15	3.02991239e-03
110700	757.48233386	1107	8.16371681e-05	1107.00000000	3.27626434e+15	3.40521059e+15	3.03001257e-03
110800	758.16496752	1108	8.17109145e-05	1108.00000000	3.27638324e+15	3.40532978e+15	3.03011242e-03
110900	758.84836162	1109	8.17846608e-05	1109.00000000	3.27650178e+15	3.40544859e+15	3.03021196e-03
111000	759.53119551	1110	8.18584071e-05	1110.00000000	3.27661995e+15	3.40556703e+15	3.03031118e-03
111100	760.21479314	1111	8.19321534e-05	1111.00000000	3.27673775e+15	3.40568511e+15	3.03041010e-03
111200	760.89826617	1112	8.20058997e-05	1112.00000000	3.27685518e+15	3.40580281e+15	3.03050871e-03
111300	761.58056210	1113	8.20796460e-05	1113.00000000	3.27697226e+15	3.40592016e+15	3.03060701e-03
111400	762.26378956	1114	8.21533923e-05	1114.00000000	3.27708897e+15	3.40603715e+15	3.03070501e-03
111500	762.94704591	1115	8.22271386e-05	1115.00000000	3.27720533e+15	3.40615378e+15	3.03080271e-03
111600	763.63076598	1116	8.23008850e-05	1116.00000000	3.27732134e+15	3.40627005e+15	3.03090011e-03
111700	764.31377993	1117	8.23746313e-05	1117.00000000	3.27743699e+15	3.40638598e+15	3.03099722e-03
111800	764.99648949	1118	8.24483776e-05	1118.00000000	3.27755230e+15	3.40650155e+15	3.03109403e-03
111900	765.67950265	1119	8.25221239e-05	1119.00000000	3.27766726e+15	3.40661678e+15	3.03119055e-03
112000	766.36293188	1120	8.25958702e-05	1120.00000000	3.27778188e+15	3.40673167e+15	3.03128678e-03
112100	767.04700675	1121	8.26696165e-05	1121.00000000	3.27789617e+15	3.40684622e+15	3.03138272e-03
112200	767.72911134	1122	8.27433628e-05	1122.00000000	3.27801011e+15	3.40696043e+15	3.03147838e-03
112300	768.41215949	1123	8.28171091e-05	1123.00000000	3.27812372e+15	3.40707430e+15	3.03157376e-03
112400	769.09542598	1124	8.28908555e-05	1124.00000000	3.27823699e+15	3.40718784e+15	3.03166885e-03
112500	769.77738554	1125	8.29646018e-05	1125.00000000	3.27834993e+15	3.40730104e+15	3.03176366e-03
112600	770.45951544	1126	8.30383481e-05	1126.00000000	3.27846254e+15	3.40741392e+15	3.03185819e-03
112700	771.14287808	1127	8.31120944e-05	1127.00000000	3.27857482e+15	3.40752646e+15	3.03195244e-03
112800	771.82487167	1128	8.31858407e-05	1128.00000000	3.27868677e+15	3.40763867e+15	3.03204641e-03
112900	772.50756708	1129	8.32595870e-05	1129.00000000	3.27879848e+15	3.40775056e+15	3.03214032e-03
113000	773.19082571	1130	8.33333333e-05	1130.00000000	3.27890984e+15	3.40786214e+15	3.03223388e-03
113100	773.87532872	1131	8.34070796e-05	1131.00000000	3.27902085e+15	3.40797340e+15	3.03232711e-03
113200	774.55800325	1132	8.34808260e-05	1132.00000000	3.27913154e+15	3.40808434e+15	3.03242004e-03
113300	775.24030606	1133	8.35545723e-05	1133.00000000	3.27924190e+15	3.40819496e+15	3.03251270e-03
113400	775.92355584	1134	8.36283186e-05	1134.00000000	3.27935193e+15	3.40830525e+15	3.03260508e-03
113500	776.60677280	1135	8.37020649e-05	1135.00000000	3.27946163e+15	3.40841521e+15	3.03269718e-03
113600	777.28968920	1136	8.37758112e-05	1136.00000000	3.27957100e+15	3.40852484e+15	3.03278901e-03
113700	777.97110732	1137	8.38495575e-05	1137.00000000	3.27968005e+15	3.40863415e+15	3.03288056e-03
113800	778.65294063	1138	8.39233038e-05	1138.00000000	3.27978877e+15	3.40874313e+15	3.03297184e-03
113900	779.33584218	1139	8.39970501e-05	1139.00000000	3.27989717e+15	3.40885178e+15	3.03306285e-03
114000	780.01932006	1140	8.40707965e-05	1140.00000000	3.28000524e+15	3.40896011e+15	3.03315358e-03
114100	780.70267277	1141	8.41445428e-05	1141.00000000	3.28011300e+15	3.40906812e+15	3.03324405e-03
114200	781.38437214	1142	8.42182891e-05	1142.00000000	3.28022047e+15	3.40917585e+15	3.03333425e-03
114300	782.06558751	1143	8.42920354e-05	1143.00000000	3.28032763e+15	3.40928327e+15	3.03342422e-03
114400	782.74736264	1144	8.43657817e-05	1144.00000000	3.28043448e+15	3.40939036e+15	3.03351391e-03
114500	783.43105207	1145	8.44395280e-05	1145.00000000	3.28054101e+15	3.40949714e+15	3.03360334e-03
114600	784.11291415	1146	8.45132743e-05	1146.00000000	3.28064723e+15	3.40960361e+15	3.03369251e-03
114700	784.79587833	1147	8.45870206e-05	1147.00000000	3.28075313e+15	3.40970977e+15	3.03378141e-03
114800	785.47807583	1148	8.46607670e-05	1148.00000000	3.28085873e+15	3.40981561e+15	3.03387006e-03
114900	786.16051977	1149	8.47345133e-05	1149.00000000	3.28096401e+15	3.40992114e+15	3.03395844e-03
115000	786.84383769	1150	8.48082596e-05	1150.00000000	3.28106898e+15	3.41002636e+15	3.03404656e-03
115100	787.52651592	1151	8.48820059e-05	1151.00000000	3.28117364e+15	3.41013127e+15	3.03413443e-03
115200	788.20907033	1152	8.49557522e-05	1152.00000000	3.28127799e+15	3.41023587e+15	3.03422204e-03
115300	788.89121798	1153	8.50294985e-05	1153.00000000	3.28138204e+15	3.41034016e+15	3.03430940e-03
115400	789.57438174	1154	8.51032448e-05	1154.00000000	3.28148577e+15	3.41044414e+15	3.03439649e-03
115500	790.25686613	1155	8.51769912e-05	1155.00000000	3.28158920e+15	3.41054781e+15	3.03448333e-03
115600	790.93901766	1156	8.52507375e-05	1156.00000000	3.28169232e+15	3.41065118e+15	3.03456991e-03
115700	791.62041761	1157	8.53244838e-05	1157.00000000	3.28179514e+15	3.41075424e+15	3.03465623e-03
115800	792.30266239	1158	8.53982301e-05	1158.00000000	3.28189766e+15	3.41085700e+15	3.03474229e-03
115900	792.98639609	1159	8.54719764e-05	1159.00000000	3.28199988e+15	3.41095947e+15	3.03482811e-03
116000	793.66889308	1160	8.55457227e-05	1160.00000000	3.28210181e+15	3.41106163e+15	3.03491367e-03
116100	794.35285257	1161	8.56194690e-05	1161.00000000	3.28220343e+15	3.41116349e+15	3.03499899e-03
116200	795.03600275	1162	8.56932153e-05	1162.00000000	3.28230476e+15	3.41126506e+15	3.03508406e-03
116300	795.71905034	1163	8.57669617e-05	1163.00000000	3.28240579e+15	3.41136633e+15	3.03516889e-03
116400	796.40204707	1164	8.58407080e-05	1164.00000000	3.28250652e+15	3.41146730e+15	3.03525346e-03
116500	797.08467168	1165	8.59144543e-05	1165.00000000	3.28260696e+15	3.41156798e+15	3.03533779e-03
116600	797.76719560	1166	8.59882006e-05	1166.00000000	3.28270711e+15	3.41166836e+15	3.03542188e-03
116700	798.45011033	1167	8.60619469e-05	1167.00000000	3.28280696e+15	3.41176845e+15	3.03550573e-03
116800	799.13299207	1168	8.61356932e-05	1168.00000000	3.28290652e+15	3.41186825e+15	3.03558932e-03
116900	799.81633922	1169	8.62094395e-05	1169.00000000	3.28300579e+15	3.41196775e+15	3.03567267e-03
117000	800.49900255	1170	8.62831858e-05	1170.00000000	3.28310477e+15	3.41206696e+15	3.03575577e-03
117100	801.18244723	1171	8.63569322e-05	1171.00000000	3.28320345e+15	3.41216588e+15	3.03583863e-03
117200	801.86487500	1172	8.64306785e-05	1172.00000000	3.28330185e+15	3.41226451e+15	3.03592125e-03
117300	802.54773980	1173	8.65044248e-05	1173.00000000	3.28339996e+15	3.41236285e+15	3.03600362e-03
117400	803.22956826	1174	8.65781711e-05	1174.00000000	3.28349778e+15	3.41246091e+15	3.03608576e-03
117500	803.91223505	1175	8.66519174e-05	1175.00000000	3.28359532e+15	3.41255867e+15	3.03616765e-03
117600	804.59518073	1176	8.67256637e-05	1176.00000000	3.28369258e+15	3.41265616e+15	3.03624930e-03
117700	805.27828254	1177	8.67994100e-05	1177.00000000	3.28378955e+15	3.41275336e+15	3.03633072e-03
117800	805.96092618	1178	8.68731563e-05	1178.00000000	3.28388625e+15	3.41285029e+15	3.03641190e-03
117900	806.64478827	1179	8.69469027e-05	1179.00000000	3.28398266e+15	3.41294693e+15	3.03649285e-03
118000	807.32818176	1180	8.70206490e-05	1180.00000000	3.28407879e+15	3.41304329e+15	3.03657356e-03
118100	808.01263824	1181	8.70943953e-05	1181.00000000	3.28417465e+15	3.41313937e+15	3.03665404e-03
118200	808.69593795	1182	8.71681416e-05	1182.00000000	3.28427022e+15	3.41323517e+15	3.03673429e-03
118300	809.37921814	1183	8.72418879e-05	1183.00000000	3.28436552e+15	3.41333069e+15	3.03681431e-03
118400	810.06198753	1184	8.73156342e-05	1184.00000000	3.28446053e+15	3.41342593e+15	3.03689408e-03
118500	810.74464498	1185	8.73893805e-05	1185.00000000	3.28455528e+15	3.41352090e+15	3.03697363e-03
118600	811.42829409	1186	8.74631268e-05	1186.00000000	3.28464974e+15	3.41361559e+15	3.03705295e-03
118700	812.11161686	1187	8.75368732e-05	1187.00000000	3.28474394e+15	3.41371001e+15	3.03713203e-03
118800	812.79538439	1188	8.76106195e-05	1188.00000000	3.28483786e+15	3.41380415e+15	3.03721089e-03
118900	813.47735413	1189	8.76843658e-05	1189.00000000	3.28493151e+15	3.41389802e+15	3.03728952e-03
119000	814.16055517	1190	8.77581121e-05	1190.00000000	3.28502488e+15	3.41399161e+15	3.03736793e-03
119100	814.84612242	1191	8.78318584e-05	1191.00000000	3.28511798e+15	3.41408493e+15	3.03744610e-03
119200	815.52914250	1192	8.79056047e-05	1192.00000000	3.28521081e+15	3.41417798e+15	3.03752405e-03
119300	816.21270704	1193	8.79793510e-05	1193.00000000	3.28530337e+15	3.41427076e+15	3.03760177e-03
119400	816.89578367	1194	8.80530973e-05	1194.00000000	3.28539567e+15	3.41436327e+15	3.03767930e-03
119500	817.57761189	1195	8.81268437e-05	1195.00000000	3.28548770e+15	3.41445552e+15	3.03775658e-03
119600	818.26119331	1196	8.82005900e-05	1196.00000000	3.28557947e+15	3.41454751e+15	3.03783363e-03
119700	818.94420459	1197	8.82743363e-05	1197.00000000	3.28567097e+15	3.41463923e+15	3.03791046e-03
119800	819.62731600	1198	8.83480826e-05	1198.00000000	3.28576221e+15	3.41473068e+15	3.03798707e-03
119900	820.30959860	1199	8.84218289e-05	1199.00000000	3.28585319e+15	3.41482187e+15	3.03806346e-03
120000	820.99344557	1200	8.84955752e-05	1200.00000000	3.28594390e+15	3.41491280e+15	3.03813963e-03
120100	821.67704721	1201	8.85693215e-05	1201.00000000	3.28603436e+15	3.41500346e+15	3.03821558e-03
120200	822.36062832	1202	8.86430678e-05	1202.00000000	3.28612455e+15	3.41509387e+15	3.03829131e-03
120300	823.04296554	1203	8.87168142e-05	1203.00000000	3.28621449e+15	3.41518403e+15	3.03836683e-03
120400	823.72464176	1204	8.87905605e-05	1204.00000000	3.28630418e+15	3.41527392e+15	3.03844214e-03
120500	824.40655482	1205	8.88643068e-05	1205.00000000	3.28639361e+15	3.41536357e+15	3.03851723e-03
120600	825.08848715	1206	8.89380531e-05	1206.00000000	3.28648279e+15	3.41545296e+15	3.03859211e-03
120700	825.76963346	1207	8.90117994e-05	1207.00000000	3.28657172e+15	3.41554209e+15	3.03866678e-03
120800	826.45163418	1208	8.90855457e-05	1208.00000000	3.28666039e+15	3.41563097e+15	3.03874124e-03
120900	827.13406335	1209	8.91592920e-05	1209.00000000	3.28674881e+15	3.41571960e+15	3.03881549e-03
121000	827.81767970	1210	8.92330383e-05	1210.00000000	3.28683699e+15	3.41580798e+15	3.03888953e-03
121100	828.50130187	1211	8.93067847e-05	1211.00000000	3.28692491e+15	3.41589612e+15	3.03896335e-03
121200	829.18211002	1212	8.93805310e-05	1212.00000000	3.28701260e+15	3.41598401e+15	3.03903697e-03
121300	829.86504061	1213	8.94542773e-05	1213.00000000	3.28710003e+15	3.41607165e+15	3.03911038e-03
121400	830.54876331	1214	8.95280236e-05	1214.00000000	3.28718722e+15	3.41615904e+15	3.03918359e-03
121500	831.23138385	1215	8.96017699e-05	1215.00000000	3.28727417e+15	3.41624619e+15	3.03925659e-03
121600	831.91592043	1216	8.96755162e-05	1216.00000000	3.28736087e+15	3.41633310e+15	3.03932939e-03
121700	832.59890082	1217	8.97492625e-05	1217.00000000	3.28744732e+15	3.41641975e+15	3.03940198e-03
121800	833.28182526	1218	8.98230088e-05	1218.00000000	3.28753354e+15	3.41650617e+15	3.03947437e-03
121900	833.96499552	1219	8.98967552e-05	1219.00000000	3.28761951e+15	3.41659234e+15	3.03954656e-03
122000	834.64802284	1220	8.99705015e-05	1220.00000000	3.28770524e+15	3.41667828e+15	3.03961855e-03
122100	835.33067554	1221	9.00442478e-05	1221.00000000	3.28779073e+15	3.41676397e+15	3.03969033e-03
122200	836.01416050	1222	9.01179941e-05	1222.00000000	3.28787599e+15	3.41684942e+15	3.03976191e-03
122300	836.69673480	1223	9.01917404e-05	1223.00000000	3.28796101e+15	3.41693464e+15	3.03983329e-03
122400	837.37886391	1224	9.02654867e-05	1224.00000000	3.28804579e+15	3.41701963e+15	3.03990447e-03
122500	838.06173168	1225	9.03392330e-05	1225.00000000	3.28813034e+15	3.41710437e+15	3.03997546e-03
122600	838.74445960	1226	9.04129794e-05	1226.00000000	3.28821465e+15	3.41718888e+15	3.04004625e-03
122700	839.42721393	1227	9.04867257e-05	1227.00000000	3.28829873e+15	3.41727316e+15	3.04011685e-03
122800	840.11061400	1228	9.05604720e-05	1228.00000000	3.28838257e+15	3.41735720e+15	3.04018724e-03
122900	840.79401109	1229	9.06342183e-05	1229.00000000	3.28846618e+15	3.41744100e+15	3.04025745e-03
123000	841.47698674	1230	9.07079646e-05	1230.00000000	3.28854957e+15	3.41752458e+15	3.04032745e-03
123100	842.16138383	1231	9.07817109e-05	1231.00000000	3.28863272e+15	3.41760793e+15	3.04039727e-03
123200	842.84426306	1232	9.08554572e-05	1232.00000000	3.28871564e+15	3.41769104e+15	3.04046689e-03
123300	843.52610046	1233	9.09292035e-05	1233.00000000	3.28879834e+15	3.41777394e+15	3.04053632e-03
123400	844.21074895	1234	9.10029499e-05	1234.00000000	3.28888082e+15	3.41785660e+15	3.04060556e-03
123500	844.89382987	1235	9.10766962e-05	1235.00000000	3.28896316e+15	3.41793906e+15	3.04067483e-03
123600	845.57650512	1236	9.11504425e-05	1236.00000000	3.28904525e+15	3.41802130e+15	3.04074383e-03
123700	846.26030196	1237	9.12241888e-05	1237.00000000	3.28912710e+15	3.41810334e+15	3.04081259e-03
123800	846.94329984	1238	9.12979351e-05	1238.00000000	3.28920873e+15	3.41818515e+15	3.04088114e-03
123900	847.62649292	1239	9.13716814e-05	1239.00000000	3.28929013e+15	3.41826674e+15	3.04094950e-03
124000	848.30893217	1240	9.14454277e-05	1240.00000000	3.28937131e+15	3.41834811e+15	3.04101766e-03
124100	848.99181417	1241	9.15191740e-05	1241.00000000	3.28945226e+15	3.41842926e+15	3.04108564e-03
124200	849.67468184	1242	9.15929204e-05	1242.00000000	3.28953299e+15	3.41851018e+15	3.04115343e-03
124300	850.35731961	1243	9.16666667e-05	1243.00000000	3.28961351e+15	3.41859089e+15	3.04122103e-03
124400	851.04044139	1244	9.17404130e-05	1244.00000000	3.28969381e+15	3.41867137e+15	3.04128845e-03
124500	851.72317592	1245	9.18141593e-05	1245.00000000	3.28977389e+15	3.41875164e+15	3.04135570e-03
124600	852.40624300	1246	9.18879056e-05	1246.00000000	3.28985375e+15	3.41883170e+15	3.04142275e-03
124700	853.08824789	1247	9.19616519e-05	1247.00000000	3.28993340e+15	3.41891153e+15	3.04148962e-03
124800	853.77143274	1248	9.20353982e-05	1248.00000000	3.29001283e+15	3.41899115e+15	3.04155631e-03
124900	854.45452132	1249	9.21091445e-05	1249.00000000	3.29009203e+15	3.41907054e+15	3.04162282e-03
125000	855.13732454	1250	9.21828909e-05	1250.00000000	3.29017103e+15	3.41914972e+15	3.04168914e-03
125100	855.82035639	1251	9.22566372e-05	1251.00000000	3.29024980e+15	3.41922868e+15	3.04175528e-03
125200	856.50298145	1252	9.23303835e-05	1252.00000000	3.29032836e+15	3.41930742e+15	3.04182123e-03
125300	857.18481479	1253	9.24041298e-05	1253.00000000	3.29040670e+15	3.41938594e+15	3.04188700e-03
125400	857.86846075	1254	9.24778761e-05	1254.00000000	3.29048482e+15	3.41946425e+15	3.04195259e-03
125500	858.55105027	1255	9.25516224e-05	1255.00000000	3.29056273e+15	3.41954235e+15	3.04201799e-03
125600	859.23412165	1256	9.26253687e-05	1256.00000000	3.29064043e+15	3.41962023e+15	3.04208322e-03
125700	859.91707277	1257	9.26991150e-05	1257.00000000	3.29071792e+15	3.41969790e+15	3.04214827e-03
125800	860.59936981	1258	9.27728614e-05	1258.00000000	3.29079520e+15	3.41977535e+15	3.04221315e-03
125900	861.28217729	1259	9.28466077e-05	1259.00000000	3.29087226e+15	3.41985260e+15	3.04227785e-03
126000	861.96594272	1260	9.29203540e-05	1260.00000000	3.29094911e+15	3.41992963e+15	3.04234237e-03
126100	862.64980386	1261	9.29941003e-05	1261.00000000	3.29102575e+15	3.42000645e+15	3.04240671e-03
126200	863.33328922	1262	9.30678466e-05	1262.00000000	3.29110218e+15	3.42008305e+15	3.04247088e-03
126300	864.01591386	1263	9.31415929e-05	1263.00000000	3.29117839e+15	3.42015944e+15	3.04253486e-03
126400	864.69927826	1264	9.32153392e-05	1264.00000000	3.29125439e+15	3.42023562e+15	3.04259867e-03
126500	865.38245064	1265	9.32890855e-05	1265.00000000	3.29133018e+15	3.42031159e+15	3.04266231e-03
126600	866.06516749	1266	9.33628319e-05	1266.00000000	3.29140575e+15	3.42038734e+15	3.04272577e-03
126700	866.74907937	1267	9.34365782e-05	1267.00000000	3.29148112e+15	3.42046288e+15	3.04278905e-03
126800	867.43233358	1268	9.35103245e-05	1268.00000000	3.29155627e+15	3.42053821e+15	3.04285215e-03
126900	868.11528356	1269	9.35840708e-05	1269.00000000	3.29163122e+15	3.42061333e+15	3.04291508e-03
127000	868.79883547	1270	9.36578171e-05	1270.00000000	3.29170595e+15	3.42068824e+15	3.04297784e-03
127100	869.48224299	1271	9.37315634e-05	1271.00000000	3.29178047e+15	3.42076294e+15	3.04304042e-03
127200	870.16655213	1272	9.38053097e-05	1272.00000000	3.29185479e+15	3.42083742e+15	3.04310282e-03
127300	870.84898926	1273	9.38790560e-05	1273.00000000	3.29192889e+15	3.42091170e+15	3.04316505e-03
127400	871.53004535	1274	9.39528024e-05	1274.00000000	3.29200278e+15	3.42098576e+15	3.04322710e-03
127500	872.21319677	1275	9.40265487e-05	1275.00000000	3.29207646e+15	3.42105962e+15	3.04328898e-03
127600	872.89664674	1276	9.41002950e-05	1276.00000000	3.29214993e+15	3.42113326e+15	3.04335069e-03
127700	873.57885286	1277	9.41740413e-05	1277.00000000	3.29222319e+15	3.42120669e+15	3.04341221e-03
127800	874.26144242	1278	9.42477876e-05	1278.00000000	3.29229624e+15	3.42127990e+15	3.04347356e-03
127900	874.94425805	1279	9.43215339e-05	1279.00000000	3.29236907e+15	3.42135291e+15	3.04353473e-03
128000	875.62675609	1280	9.43952802e-05	1280.00000000	3.29244170e+15	3.42142571e+15	3.04359573e-03
128100	876.31082937	1281	9.44690265e-05	1281.00000000	3.29251412e+15	3.42149830e+15	3.04365655e-03
128200	876.99295066	1282	9.45427729e-05	1282.00000000	3.29258633e+15	3.42157068e+15	3.04371720e-03
128300	877.67618819	1283	9.46165192e-05	1283.00000000	3.29265834e+15	3.42164285e+15	3.04377767e-03
128400	878.35871945	1284	9.46902655e-05	1284.00000000	3.29273013e+15	3.42171482e+15	3.04383797e-03
128500	879.04196273	1285	9.47640118e-05	1285.00000000	3.29280172e+15	3.42178657e+15	3.04389809e-03
128600	879.72468713	1286	9.48377581e-05	1286.00000000	3.29287310e+15	3.42185812e+15	3.04395809e-03
128700	880.40790607	1287	9.49115044e-05	1287.00000000	3.29294427e+15	3.42192946e+15	3.04401785e-03
128800	881.09008258	1288	9.49852507e-05	1288.00000000	3.29301523e+15	3.42200058e+15	3.04407742e-03
128900	881.77322884	1289	9.50589971e-05	1289.00000000	3.29308599e+15	3.42207150e+15	3.04413683e-03
129000	882.45709902	1290	9.51327434e-05	1290.00000000	3.29315654e+15	3.42214222e+15	3.04419607e-03
129100	883.14023516	1291	9.52064897e-05	1291.00000000	3.29322688e+15	3.42221273e+15	3.04425515e-03
129200	883.82344560	1292	9.52802360e-05	1292.00000000	3.29329703e+15	3.42228303e+15	3.04431406e-03
129300	884.50637805	1293	9.53539823e-05	1293.00000000	3.29336697e+15	3.42235314e+15	3.04437280e-03
129400	885.18976980	1294	9.54277286e-05	1294.00000000	3.29343671e+15	3.42242304e+15	3.04443137e-03
129500	885.87272602	1295	9.55014749e-05	1295.00000000	3.29350625e+15	3.42249274e+15	3.04448978e-03
129600	886.55583486	1296	9.55752212e-05	1296.00000000	3.29357558e+15	3.42256224e+15	3.04454801e-03
129700	887.23848230	1297	9.56489676e-05	1297.00000000	3.29364472e+15	3.42263154e+15	3.04460608e-03
129800	887.92125303	1298	9.57227139e-05	1298.00000000	3.29371366e+15	3.42270064e+15	3.04466398e-03
129900	888.60492393	1299	9.57964602e-05	1299.00000000	3.29378240e+15	3.42276954e+15	3.04472172e-03
130000	889.28770538	1300	9.58702065e-05	1300.00000000	3.29385094e+15	3.42283824e+15	3.04477929e-03
130100	889.97116096	1301	9.59439528e-05	1301.00000000	3.29391929e+15	3.42290675e+15	3.04483670e-03
130200	890.65425244	1302	9.60176991e-05	1302.00000000	3.29398744e+15	3.42297506e+15	3.04489394e-03
130300	891.33702532	1303	9.60914454e-05	1303.00000000	3.29405540e+15	3.42304317e+15	3.04495102e-03
130400	892.01961048	1304	9.61651917e-05	1304.00000000	3.29412316e+15	3.42311109e+15	3.04500793e-03
130500	892.70234195	1305	9.62389381e-05	1305.00000000	3.29419073e+15	3.42317882e+15	3.04506469e-03
130600	893.38573972	1306	9.63126844e-05	1306.00000000	3.29425810e+15	3.42324635e+15	3.04512128e-03
130700	894.06776131	1307	9.63864307e-05	1307.00000000	3.29432529e+15	3.42331370e+15	3.04517771e-03
130800	894.75088638	1308	9.64601770e-05	1308.00000000	3.29439228e+15	3.42338085e+15	3.04523398e-03
130900	895.43403556	1309	9.65339233e-05	1309.00000000	3.29445909e+15	3.42344781e+15	3.04529009e-03
131000	896.11584819	1310	9.66076696e-05	1310.00000000	3.29452570e+15	3.42351458e+15	3.04534604e-03
131100	896.79913978	1311	9.66814159e-05	1311.00000000	3.29459213e+15	3.42358116e+15	3.04540183e-03
131200	897.48199513	1312	9.67551622e-05	1312.00000000	3.29465837e+15	3.42364755e+15	3.04545747e-03
131300	898.16491992	1313	9.68289086e-05	1313.00000000	3.29472442e+15	3.42371376e+15	3.04551294e-03
131400	898.84860058	1314	9.69026549e-05	1314.00000000	3.29479028e+15	3.42377977e+15	3.04556826e-03
131500	899.53201071	1315	9.69764012e-05	1315.00000000	3.29485596e+15	3.42384561e+15	3.04562342e-03
131600	900.21559504	1316	9.70501475e-05	1316.00000000	3.29492145e+15	3.42391125e+15	3.04567843e-03
131700	900.89851845	1317	9.71238938e-05	1317.00000000	3.29498675e+15	3.42397671e+15	3.04573328e-03
131800	901.58195840	1318	9.71976401e-05	1318.00000000	3.29505187e+15	3.42404198e+15	3.04578798e-03
131900	902.26556640	1319	9.72713864e-05	1319.00000000	3.29511681e+15	3.42410707e+15	3.04584252e-03
132000	902.94950322	1320	9.73451327e-05	1320.00000000	3.29518156e+15	3.42417197e+15	3.04589691e-03
132100	903.63391858	1321	9.74188791e-05	1321.00000000	3.29524613e+15	3.42423669e+15	3.04595115e-03
132200	904.31629408	1322	9.74926254e-05	1322.00000000	3.29531052e+15	3.42430123e+15	3.04600523e-03
132300	904.99894292	1323	9.75663717e-05	1323.00000000	3.29537472e+15	3.42436558e+15	3.04605916e-03
132400	905.68170644	1324	9.76401180e-05	1324.00000000	3.29543875e+15	3.42442976e+15	3.04611294e-03
132500	906.36427915	1325	9.77138643e-05	1325.00000000	3.29550260e+15	3.42449375e+15	3.04616656e-03
132600	907.04721618	1326	9.77876106e-05	1326.00000000	3.29556626e+15	3.42455757e+15	3.04622004e-03
132700	907.73000858	1327	9.78613569e-05	1327.00000000	3.29562975e+15	3.42462120e+15	3.04627336e-03
132800	908.41366482	1328	9.79351032e-05	1328.00000000	3.29569306e+15	3.42468466e+15	3.04632654e-03
132900	909.09666639	1329	9.80088496e-05	1329.00000000	3.29575619e+15	3.42474794e+15	3.04637956e-03
133000	909.77931234	1330	9.80825959e-05	1330.00000000	3.29581915e+15	3.42481104e+15	3.04643244e-03
133100	910.46296409	1331	9.81563422e-05	1331.00000000	3.29588192e+15	3.42487396e+15	3.04648517e-03
133200	911.14629965	1332	9.82300885e-05	1332.00000000	3.29594453e+15	3.42493671e+15	3.04653775e-03
133300	911.82953017	1333	9.83038348e-05	1333.00000000	3.29600695e+15	3.42499928e+15	3.04659018e-03
133400	912.51205094	1334	9.83775811e-05	1334.00000000	3.29606920e+15	3.42506168e+15	3.04664247e-03
133500	913.19520981	1335	9.84513274e-05	1335.00000000	3.29613128e+15	3.42512389e+15	3.04669460e-03
133600	913.87788709	1336	9.85250737e-05	1336.00000000	3.29619318e+15	3.42518594e+15	3.04674659e-03
133700	914.56079651	1337	9.85988201e-05	1337.00000000	3.29625491e+15	3.42524781e+15	3.04679844e-03
133800	915.24382646	1338	9.86725664e-05	1338.00000000	3.29631646e+15	3.42530951e+15	3.04685014e-03
133900	915.92803833	1339	9.87463127e-05	1339.00000000	3.29637784e+15	3.42537103e+15	3.04690169e-03
134000	916.61074866	1340	9.88200590e-05	1340.00000000	3.29643905e+15	3.42543238e+15	3.04695310e-03
134100	917.29445741	1341	9.88938053e-05	1341.00000000	3.29650009e+15	3.42549356e+15	3.04700436e-03
134200	917.97875124	1342	9.89675516e-05	1342.00000000	3.29656096e+15	3.42555457e+15	3.04705548e-03
134300	918.66144205	1343	9.90412979e-05	1343.00000000	3.29662166e+15	3.42561542e+15	3.04710646e-03
134400	919.34587732	1344	9.91150442e-05	1344.00000000	3.29668219e+15	3.42567608e+15	3.04715730e-03
134500	920.02909159	1345	9.91887906e-05	1345.00000000	3.29674254e+15	3.42573657e+15	3.04720798e-03
134600	920.71147794	1346	9.92625369e-05	1346.00000000	3.29680272e+15	3.42579689e+15	3.04725852e-03
134700	921.39375457	1347	9.93362832e-05	1347.00000000	3.29686274e+15	3.42585705e+15	3.04730892e-03
134800	922.07690089	1348	9.94100295e-05	1348.00000000	3.29692260e+15	3.42591704e+15	3.04735919e-03
134900	922.76009033	1349	9.94837758e-05	1349.00000000	3.29698229e+15	3.42597687e+15	3.04740931e-03
135000	923.44279528	1350	9.95575221e-05	1350.00000000	3.29704182e+15	3.42603653e+15	3.04745930e-03
135100	924.12573138	1351	9.96312684e-05	1351.00000000	3.29710118e+15	3.42609603e+15	3.04750915e-03
135200	924.80943466	1352	9.97050147e-05	1352.00000000	3.29716039e+15	3.42615537e+15	3.04755887e-03
135300	925.49313765	1353	9.97787611e-05	1353.00000000	3.29721943e+15	3.42621455e+15	3.04760845e-03
135400	926.17774497	1354	9.98525074e-05	1354.00000000	3.29727831e+15	3.42627357e+15	3.04765790e-03
135500	926.86149000	1355	9.99262537e-05	1355.00000000	3.29733703e+15	3.42633242e+15	3.04770721e-03
135600	927.54529029	1356	1.00000000e-04	1356.00000000	3.29739559e+15	3.42639111e+15	3.04775638e-03
135700	928.22757828	1357	1.00073746e-04	1357.00000000	3.29745399e+15	3.42644964e+15	3.04780542e-03
135800	928.91096124	1358	1.00147493e-04	1358.00000000	3.29751222e+15	3.42650801e+15	3.04785433e-03
135900	929.59518353	1359	1.00221239e-04	1359.00000000	3.29757030e+15	3.42656622e+15	3.04790310e-03
136000	930.27880306	1360	1.00294985e-04	1360.00000000	3.29762821e+15	3.42662427e+15	3.04795174e-03
136100	930.96096188	1361	1.00368732e-04	1361.00000000	3.29768597e+15	3.42668215e+15	3.04800025e-03
136200	931.64435216	1362	1.00442478e-04	1362.00000000	3.29774357e+15	3.42673988e+15	3.04804862e-03
136300	932.32829641	1363	1.00516224e-04	1363.00000000	3.29780101e+15	3.42679746e+15	3.04809686e-03
136400	933.01100947	1364	1.00589971e-04	1364.00000000	3.29785830e+15	3.42685487e+15	3.04814497e-03
136500	933.69360243	1365	1.00663717e-04	1365.00000000	3.29791542e+15	3.42691213e+15	3.04819294e-03
136600	934.37645515	1366	1.00737463e-04	1366.00000000	3.29797240e+15	3.42696923e+15	3.04824079e-03
136700	935.05953549	1367	1.00811209e-04	1367.00000000	3.29802921e+15	3.42702618e+15	3.04828850e-03
136800	935.74260277	1368	1.00884956e-04	1368.00000000	3.29808587e+15	3.42708297e+15	3.04833609e-03
136900	936.42535187	1369	1.00958702e-04	1369.00000000	3.29814238e+15	3.42713961e+15	3.04838354e-03
137000	937.10833597	1370	1.01032448e-04	1370.00000000	3.29819874e+15	3.42719609e+15	3.04843087e-03
137100	937.79161770	1371	1.01106195e-04	1371.00000000	3.29825494e+15	3.42725242e+15	3.04847807e-03
137200	938.47457071	1372	1.01179941e-04	1372.00000000	3.29831100e+15	3.42730860e+15	3.04852514e-03
137300	939.15672679	1373	1.01253687e-04	1373.00000000	3.29836690e+15	3.42736463e+15	3.04857208e-03
137400	939.83978952	1374	1.01327434e-04	1374.00000000	3.29842265e+15	3.42742051e+15	3.04861890e-03
137500	940.52114308	1375	1.01401180e-04	1375.00000000	3.29847825e+15	3.42747624e+15	3.04866559e-03
137600	941.20267521	1376	1.01474926e-04	1376.00000000	3.29853371e+15	3.42753182e+15	3.04871216e-03
137700	941.88598521	1377	1.01548673e-04	1377.00000000	3.29858901e+15	3.42758725e+15	3.04875860e-03
137800	942.56835089	1378	1.01622419e-04	1378.00000000	3.29864417e+15	3.42764253e+15	3.04880492e-03
137900	943.25020960	1379	1.01696165e-04	1379.00000000	3.29869918e+15	3.42769766e+15	3.04885111e-03
138000	943.93354612	1380	1.01769912e-04	1380.00000000	3.29875404e+15	3.42775265e+15	3.04889718e-03
138100	944.61680657	1381	1.01843658e-04	1381.00000000	3.29880875e+15	3.42780749e+15	3.04894312e-03
138200	945.29873891	1382	1.01917404e-04	1382.00000000	3.29886332e+15	3.42786218e+15	3.04898895e-03
138300	945.98195366	1383	1.01991150e-04	1383.00000000	3.29891774e+15	3.42791673e+15	3.04903465e-03
138400	946.66460935	1384	1.02064897e-04	1384.00000000	3.29897202e+15	3.42797112e+15	3.04908023e-03
138500	947.34692719	1385	1.02138643e-04	1385.00000000	3.29902614e+15	3.42802537e+15	3.04912568e-03
138600	948.02866746	1386	1.02212389e-04	1386.00000000	3.29908012e+15	3.42807948e+15	3.04917101e-03
138700	948.71277557	1387	1.02286136e-04	1387.00000000	3.29913396e+15	3.42813343e+15	3.04921622e-03
138800	949.39538835	1388	1.02359882e-04	1388.00000000	3.29918765e+15	3.42818725e+15	3.04926131e-03
138900	950.07756144	1389	1.02433628e-04	1389.00000000	3.29924119e+15	3.42824091e+15	3.04930627e-03
139000	950.76017945	1390	1.02507375e-04	1390.00000000	3.29929459e+15	3.42829443e+15	3.04935111e-03
139100	951.44382029	1391	1.02581121e-04	1391.00000000	3.29934785e+15	3.42834781e+15	3.04939584e-03
139200	952.12597638	1392	1.02654867e-04	1392.00000000	3.29940097e+15	3.42840105e+15	3.04944044e-03
139300	952.80858068	1393	1.02728614e-04	1393.00000000	3.29945394e+15	3.42845414e+15	3.04948492e-03
139400	953.48950958	1394	1.02802360e-04	1394.00000000	3.29950678e+15	3.42850710e+15	3.04952928e-03
139500	954.17246752	1395	1.02876106e-04	1395.00000000	3.29955947e+15	3.42855991e+15	3.04957353e-03
139600	954.85604269	1396	1.02949853e-04	1396.00000000	3.29961202e+15	3.42861258e+15	3.04961765e-03
139700	955.54005915	1397	1.03023599e-04	1397.00000000	3.29966449e+15	3.42866511e+15	3.04966171e-03
139800	956.22204592	1398	1.03097345e-04	1398.00000000	3.29971680e+15	3.42871751e+15	3.04970569e-03
139900	956.90548956	1399	1.03171091e-04	1399.00000000	3.29976896e+15	3.42876978e+15	3.04974951e-03
140000	957.58815951	1400	1.03244838e-04	1400.00000000	3.29982098e+15	3.42882191e+15	3.04979320e-03
140100	958.27225143	1401	1.03318584e-04	1401.00000000	3.29987286e+15	3.42887391e+15	3.04983677e-03
140200	958.95594371	1402	1.03392330e-04	1402.00000000	3.29992460e+15	3.42892577e+15	3.04988023e-03
140300	959.63782783	1403	1.03466077e-04	1403.00000000	3.29997630e+15	3.42897750e+15	3.04992378e-03
140400	960.32081609	1404	1.03539823e-04	1404.00000000	3.30002783e+15	3.42902912e+15	3.04996713e-03
140500	961.00362931	1405	1.03613569e-04	1405.00000000	3.30007921e+15	3.42908060e+15	3.05001032e-03
140600	961.68679440	1406	1.03687316e-04	1406.00000000	3.30013045e+15	3.42913196e+15	3.05005337e-03
140700	962.36894235	1407	1.03761062e-04	1407.00000000	3.30018155e+15	3.42918318e+15	3.05009630e-03
140800	963.05329624	1408	1.03834808e-04	1408.00000000	3.30023252e+15	3.42923426e+15	3.05013910e-03
140900	963.73618403	1409	1.03908555e-04	1409.00000000	3.30028335e+15	3.42928521e+15	3.05018180e-03
141000	964.41950546	1410	1.03982301e-04	1410.00000000	3.30033405e+15	3.42933603e+15	3.05022438e-03
141100	965.10229902	1411	1.04056047e-04	1411.00000000	3.30038461e+15	3.42938671e+15	3.05026684e-03
141200	965.78573378	1412	1.04129794e-04	1412.00000000	3.30043503e+15	3.42943725e+15	3.05030920e-03
141300	966.46863923	1413	1.04203540e-04	1413.00000000	3.30048532e+15	3.42948766e+15	3.05035144e-03
141400	967.15100928	1414	1.04277286e-04	1414.00000000	3.30053548e+15	3.42953793e+15	3.05039357e-03
141500	967.83262280	1415	1.04351032e-04	1415.00000000	3.30058550e+15	3.42958806e+15	3.05043558e-03
141600	968.51496439	1416	1.04424779e-04	1416.00000000	3.30063538e+15	3.42963806e+15	3.05047749e-03
141700	969.19765263	1417	1.04498525e-04	1417.00000000	3.30068514e+15	3.42968793e+15	3.05051928e-03
141800	969.87919849	1418	1.04572271e-04	1418.00000000	3.30073475e+15	3.42973766e+15	3.05056095e-03
141900	970.56189388	1419	1.04646018e-04	1419.00000000	3.30078424e+15	3.42978726e+15	3.05060252e-03
142000	971.24261308	1420	1.04719764e-04	1420.00000000	3.30083359e+15	3.42983673e+15	3.05064397e-03
142100	971.92529318	1421	1.04793510e-04	1421.00000000	3.30088282e+15	3.42988607e+15	3.05068531e-03
142200	972.60721800	1422	1.04867257e-04	1422.00000000	3.30093191e+15	3.42993527e+15	3.05072654e-03
142300	973.28885469	1423	1.04941003e-04	1423.00000000	3.30098086e+15	3.42998434e+15	3.05076766e-03
142400	973.97316706	1424	1.05014749e-04	1424.00000000	3.30102969e+15	3.43003328e+15	3.05080867e-03
142500	974.65882791	1425	1.05088496e-04	1425.00000000	3.30107839e+15	3.43008209e+15	3.05084957e-03
142600	975.34503185	1426	1.05162242e-04	1426.00000000	3.30112696e+15	3.43013077e+15	3.05089036e-03
142700	976.03010291	1427	1.05235988e-04	1427.00000000	3.30117540e+15	3.43017932e+15	3.05093104e-03
142800	976.71536121	1428	1.05309735e-04	1428.00000000	3.30122371e+15	3.43022774e+15	3.05097162e-03
142900	977.40128043	1429	1.05383481e-04	1429.00000000	3.30127190e+15	3.43027603e+15	3.05101208e-03
143000	978.08778642	1430	1.05457227e-04	1430.00000000	3.30131995e+15	3.43032420e+15	3.05105244e-03
143100	978.77304757	1431	1.05530973e-04	1431.00000000	3.30136788e+15	3.43037224e+15	3.05109270e-03
143200	979.45895963	1432	1.05604720e-04	1432.00000000	3.30141568e+15	3.43042015e+15	3.05113284e-03
143300	980.14554675	1433	1.05678466e-04	1433.00000000	3.30146335e+15	3.43046793e+15	3.05117288e-03
143400	980.83007146	1434	1.05752212e-04	1434.00000000	3.30151090e+15	3.43051558e+15	3.05121281e-03
143500	981.51414972	1435	1.05825959e-04	1435.00000000	3.30155832e+15	3.43056311e+15	3.05125263e-03
143600	982.19972375	1436	1.05899705e-04	1436.00000000	3.30160561e+15	3.43061051e+15	3.05129235e-03
143700	982.88417399	1437	1.05973451e-04	1437.00000000	3.30165278e+15	3.43065778e+15	3.05133196e-03
143800	983.56897191	1438	1.06047198e-04	1438.00000000	3.30169982e+15	3.43070493e+15	3.05137147e-03
143900	984.25367890	1439	1.06120944e-04	1439.00000000	3.30174674e+15	3.43075195e+15	3.05141087e-03
144000	984.93900322	1440	1.06194690e-04	1440.00000000	3.30179353e+15	3.43079885e+15	3.05145017e-03
144100	985.62563370	1441	1.06268437e-04	1441.00000000	3.30184019e+15	3.43084562e+15	3.05148937e-03
144200	986.30983033	1442	1.06342183e-04	1442.00000000	3.30188673e+15	3.43089226e+15	3.05152846e-03
144300	986.99587204	1443	1.06415929e-04	1443.00000000	3.30193314e+15	3.43093877e+15	3.05156744e-03
144400	987.68102851	1444	1.06489676e-04	1444.00000000	3.30197942e+15	3.43098516e+15	3.05160632e-03
144500	988.36601371	1445	1.06563422e-04	1445.00000000	3.30202558e+15	3.43103143e+15	3.05164509e-03
144600	989.05115232	1446	1.06637168e-04	1446.00000000	3.30207162e+15	3.43107757e+15	3.05168375e-03
144700	989.73610976	1447	1.06710914e-04	1447.00000000	3.30211753e+15	3.43112358e+15	3.05172232e-03
144800	990.42138696	1448	1.06784661e-04	1448.00000000	3.30216332e+15	3.43116947e+15	3.05176077e-03
144900	991.10674010	1449	1.06858407e-04	1449.00000000	3.30220898e+15	3.43121524e+15	3.05179913e-03
145000	991.79298404	1450	1.06932153e-04	1450.00000000	3.30225452e+15	3.43126088e+15	3.05183738e-03
145100	992.47413390	1451	1.07005900e-04	1451.00000000	3.30229994e+15	3.43130640e+15	3.05187553e-03
145200	993.15974576	1452	1.07079646e-04	1452.00000000	3.30234523e+15	3.43135180e+15	3.05191357e-03
145300	993.84473459	1453	1.07153392e-04	1453.00000000	3.30239041e+15	3.43139708e+15	3.05195151e-03
145400	994.52689713	1454	1.07227139e-04	1454.00000000	3.30243546e+15	3.43144223e+15	3.05198935e-03
145500	995.21303104	1455	1.07300885e-04	1455.00000000	3.30248039e+15	3.43148726e+15	3.05202709e-03
145600	995.89981560	1456	1.07374631e-04	1456.00000000	3.30252521e+15	3.43153218e+15	3.05206473e-03
145700	996.58603106	1457	1.07448378e-04	1457.00000000	3.30256990e+15	3.43157697e+15	3.05210226e-03
145800	997.27104775	1458	1.07522124e-04	1458.00000000	3.30261447e+15	3.43162165e+15	3.05213970e-03
145900	997.95680241	1459	1.07595870e-04	1459.00000000	3.30265893e+15	3.43166620e+15	3.05217704e-03
146000	998.64270604	1460	1.07669617e-04	1460.00000000	3.30270326e+15	3.43171064e+15	3.05221428e-03
146100	999.32943431	1461	1.07743363e-04	1461.00000000	3.30274748e+15	3.43175496e+15	3.05225141e-03
146200	1000.01620389	1462	1.07817109e-04	1462.00000000	3.30279158e+15	3.43179916e+15	3.05228845e-03
146300	1000.69934762	1463	1.07890855e-04	1463.00000000	3.30283557e+15	3.43184324e+15	3.05232539e-03
146400	1001.38455949	1464	1.07964602e-04	1464.00000000	3.30287944e+15	3.43188721e+15	3.05236224e-03
146500	1002.06389402	1465	1.08038348e-04	1465.00000000	3.30292319e+15	3.43193106e+15	3.05239898e-03
146600	1002.74961400	1466	1.08112094e-04	1466.00000000	3.30296683e+15	3.43197479e+15	3.05243563e-03
146700	1003.43599501	1467	1.08185841e-04	1467.00000000	3.30301035e+15	3.43201841e+15	3.05247218e-03
146800	1004.12180723	1468	1.08259587e-04	1468.00000000	3.30305376e+15	3.43206192e+15	3.05250863e-03
146900	1004.80821444	1469	1.08333333e-04	1469.00000000	3.30309705e+15	3.43210531e+15	3.05254499e-03
147000	1005.48881500	1470	1.08407080e-04	1470.00000000	3.30314023e+15	3.43214858e+15	3.05258126e-03
147100	1006.17644816	1471	1.08480826e-04	1471.00000000	3.30318329e+15	3.43219174e+15	3.05261742e-03
147200	1006.86246940	1472	1.08554572e-04	1472.00000000	3.30322624e+15	3.43223479e+15	3.05265349e-03
147300	1007.54835339	1473	1.08628319e-04	1473.00000000	3.30326908e+15	3.43227773e+15	3.05268947e-03
147400	1008.23444584	1474	1.08702065e-04	1474.00000000	3.30331181e+15	3.43232055e+15	3.05272535e-03
147500	1008.92039036	1475	1.08775811e-04	1475.00000000	3.30335442e+15	3.43236325e+15	3.05276114e-03
147600	1009.60611111	1476	1.08849558e-04	1476.00000000	3.30339692e+15	3.43240585e+15	3.05279683e-03
147700	1010.28775813	1477	1.08923304e-04	1477.00000000	3.30343930e+15	3.43244833e+15	3.05283243e-03
147800	1010.97303986	1478	1.08997050e-04	1478.00000000	3.30348158e+15	3.43249070e+15	3.05286794e-03
147900	1011.65855367	1479	1.09070796e-04	1479.00000000	3.30352374e+15	3.43253296e+15	3.05290335e-03
148000	1012.34418676	1480	1.09144543e-04	1480.00000000	3.30356579e+15	3.43257510e+15	3.05293867e-03
148100	1013.02596373	1481	1.09218289e-04	1481.00000000	3.30360773e+15	3.43261714e+15	3.05297389e-03
148200	1013.71238533	1482	1.09292035e-04	1482.00000000	3.30364956e+15	3.43265906e+15	3.05300902e-03
148300	1014.39904063	1483	1.09365782e-04	1483.00000000	3.30369129e+15	3.43270088e+15	3.05304406e-03
148400	1015.08516231	1484	1.09439528e-04	1484.00000000	3.30373290e+15	3.43274258e+15	3.05307901e-03
148500	1015.76987867	1485	1.09513274e-04	1485.00000000	3.30377440e+15	3.43278418e+15	3.05311386e-03
148600	1016.45599334	1486	1.09587021e-04	1486.00000000	3.30381579e+15	3.43282566e+15	3.05314863e-03
148700	1017.14189754	1487	1.09660767e-04	1487.00000000	3.30385707e+15	3.43286703e+15	3.05318330e-03
148800	1017.82800474	1488	1.09734513e-04	1488.00000000	3.30389824e+15	3.43290830e+15	3.05321788e-03
148900	1018.51426003	1489	1.09808260e-04	1489.00000000	3.30393930e+15	3.43294945e+15	3.05325236e-03
149000	1019.19565639	1490	1.09882006e-04	1490.00000000	3.30398026e+15	3.43299050e+15	3.05328676e-03
149100	1019.88183923	1491	1.09955752e-04	1491.00000000	3.30402110e+15	3.43303143e+15	3.05332106e-03
149200	1020.56866006	1492	1.10029499e-04	1492.00000000	3.30406184e+15	3.43307226e+15	3.05335528e-03
149300	1021.25161107	1493	1.10103245e-04	1493.00000000	3.30410247e+15	3.43311298e+15	3.05338940e-03
149400	1021.93740171	1494	1.10176991e-04	1494.00000000	3.30414299e+15	3.43315359e+15	3.05342343e-03
149500	1022.62334452	1495	1.10250737e-04	1495.00000000	3.30418340e+15	3.43319410e+15	3.05345737e-03
149600	1023.30227634	1496	1.10324484e-04	1496.00000000	3.30422371e+15	3.43323449e+15	3.05349123e-03
149700	1023.98556140	1497	1.10398230e-04	1497.00000000	3.30426391e+15	3.43327478e+15	3.05352499e-03
149800	1024.67168740	1498	1.10471976e-04	1498.00000000	3.30430400e+15	3.43331497e+15	3.05355866e-03
149900	1025.35684417	1499	1.10545723e-04	1499.00000000	3.30434399e+15	3.43335505e+15	3.05359225e-03
150000	1026.04254188	1500	1.10619469e-04	1500.00000000	3.30438388e+15	3.43339502e+15	3.05362575e-03
150100	1026.72726170	1501	1.10693215e-04	1501.00000000	3.30442365e+15	3.43343488e+15	3.05365916e-03
150200	1027.40967673	1502	1.10766962e-04	1502.00000000	3.30446333e+15	3.43347465e+15	3.05369248e-03
150300	1028.09521954	1503	1.10840708e-04	1503.00000000	3.30450289e+15	3.43351430e+15	3.05372571e-03
150400	1028.78103799	1504	1.10914454e-04	1504.00000000	3.30454236e+15	3.43355385e+15	3.05375886e-03
150500	1029.46595249	1505	1.10988201e-04	1505.00000000	3.30458172e+15	3.43359330e+15	3.05379191e-03
150600	1030.15107313	1506	1.11061947e-04	1506.00000000	3.30462098e+15	3.43363265e+15	3.05382488e-03
150700	1030.83648300	1507	1.11135693e-04	1507.00000000	3.30466013e+15	3.43367189e+15	3.05385777e-03
150800	1031.52250931	1508	1.11209440e-04	1508.00000000	3.30469918e+15	3.43371103e+15	3.05389057e-03
150900	1032.20827469	1509	1.11283186e-04	1509.00000000	3.30473813e+15	3.43375006e+15	3.05392328e-03
151000	1032.89419621	1510	1.11356932e-04	1510.00000000	3.30477698e+15	3.43378900e+15	3.05395590e-03
151100	1033.58049101	1511	1.11430678e-04	1511.00000000	3.30481572e+15	3.43382783e+15	3.05398845e-03
151200	1034.26581743	1512	1.11504425e-04	1512.00000000	3.30485437e+15	3.43386656e+15	3.05402090e-03
151300	1034.95014899	1513	1.11578171e-04	1513.00000000	3.30489291e+15	3.43390519e+15	3.05405327e-03
151400	1035.63340748	1514	1.11651917e-04	1514.00000000	3.30493135e+15	3.43394372e+15	3.05408556e-03
151500	1036.31800738	1515	1.11725664e-04	1515.00000000	3.30496969e+15	3.43398214e+15	3.05411776e-03
151600	1037.00175223	1516	1.11799410e-04	1516.00000000	3.30500793e+15	3.43402047e+15	3.05414988e-03
151700	1037.68660166	1517	1.11873156e-04	1517.00000000	3.30504608e+15	3.43405870e+15	3.05418191e-03
151800	1038.37125326	1518	1.11946903e-04	1518.00000000	3.30508412e+15	3.43409683e+15	3.05421386e-03
151900	1039.05714461	1519	1.12020649e-04	1519.00000000	3.30512206e+15	3.43413485e+15	3.05424573e-03
152000	1039.74313097	1520	1.12094395e-04	1520.00000000	3.30515990e+15	3.43417277e+15	3.05427750e-03
152100	1040.42507273	1521	1.12168142e-04	1521.00000000	3.30519764e+15	3.43421060e+15	3.05430920e-03
152200	1041.10726425	1522	1.12241888e-04	1522.00000000	3.30523528e+15	3.43424832e+15	3.05434081e-03
152300	1041.79332777	1523	1.12315634e-04	1523.00000000	3.30527282e+15	3.43428595e+15	3.05437234e-03
152400	1042.47908820	1524	1.12389381e-04	1524.00000000	3.30531027e+15	3.43432348e+15	3.05440379e-03
152500	1043.16320075	1525	1.12463127e-04	1525.00000000	3.30534762e+15	3.43436091e+15	3.05443515e-03
152600	1043.84836669	1526	1.12536873e-04	1526.00000000	3.30538487e+15	3.43439824e+15	3.05446644e-03
152700	1044.53426796	1527	1.12610619e-04	1527.00000000	3.30542202e+15	3.43443548e+15	3.05449764e-03
152800	1045.22050709	1528	1.12684366e-04	1528.00000000	3.30545908e+15	3.43447262e+15	3.05452877e-03
152900	1045.90676954	1529	1.12758112e-04	1529.00000000	3.30549605e+15	3.43450967e+15	3.05455981e-03
153000	1046.59304178	1530	1.12831858e-04	1530.00000000	3.30553292e+15	3.43454662e+15	3.05459077e-03
153100	1047.27989551	1531	1.12905605e-04	1531.00000000	3.30556969e+15	3.43458347e+15	3.05462166e-03
153200	1047.96566922	1532	1.12979351e-04	1532.00000000	3.30560637e+15	3.43462023e+15	3.05465246e-03
153300	1048.65215469	1533	1.13053097e-04	1533.00000000	3.30564295e+15	3.43465690e+15	3.05468318e-03
153400	1049.33852556	1534	1.13126844e-04	1534.00000000	3.30567944e+15	3.43469347e+15	3.05471383e-03
153500	1050.02396262	1535	1.13200590e-04	1535.00000000	3.30571584e+15	3.43472995e+15	3.05474440e-03
153600	1050.70910372	1536	1.13274336e-04	1536.00000000	3.30575215e+15	3.43476633e+15	3.05477489e-03
153700	1051.39463462	1537	1.13348083e-04	1537.00000000	3.30578836e+15	3.43480262e+15	3.05480530e-03
153800	1052.07889290	1538	1.13421829e-04	1538.00000000	3.30582448e+15	3.43483882e+15	3.05483563e-03
153900	1052.76372915	1539	1.13495575e-04	1539.00000000	3.30586050e+15	3.43487493e+15	3.05486589e-03
154000	1053.44977016	1540	1.13569322e-04	1540.00000000	3.30589643e+15	3.43491094e+15	3.05489606e-03
154100	1054.13560754	1541	1.13643068e-04	1541.00000000	3.30593227e+15	3.43494686e+15	3.05492616e-03
154200	1054.82172229	1542	1.13716814e-04	1542.00000000	3.30596802e+15	3.43498269e+15	3.05495619e-03
154300	1055.50728598	1543	1.13790560e-04	1543.00000000	3.30600368e+15	3.43501843e+15	3.05498613e-03
154400	1056.19233699	1544	1.13864307e-04	1544.00000000	3.30603925e+15	3.43505407e+15	3.05501600e-03
154500	1056.87812003	1545	1.13938053e-04	1545.00000000	3.30607472e+15	3.43508962e+15	3.05504579e-03
154600	1057.56341264	1546	1.14011799e-04	1546.00000000	3.30611011e+15	3.43512509e+15	3.05507551e-03
154700	1058.24990503	1547	1.14085546e-04	1547.00000000	3.30614540e+15	3.43516046e+15	3.05510515e-03
154800	1058.93659532	1548	1.14159292e-04	1548.00000000	3.30618061e+15	3.43519574e+15	3.05513472e-03
154900	1059.62297849	1549	1.14233038e-04	1549.00000000	3.30621572e+15	3.43523093e+15	3.05516420e-03
155000	1060.30898054	1550	1.14306785e-04	1550.00000000	3.30625074e+15	3.43526603e+15	3.05519362e-03
155100	1060.99176957	1551	1.14380531e-04	1551.00000000	3.30628568e+15	3.43530104e+15	3.05522295e-03
155200	1061.67713944	1552	1.14454277e-04	1552.00000000	3.30632052e+15	3.43533597e+15	3.05525221e-03
155300	1062.36365102	1553	1.14528024e-04	1553.00000000	3.30635528e+15	3.43537080e+15	3.05528140e-03
155400	1063.05002782	1554	1.14601770e-04	1554.00000000	3.30638994e+15	3.43540554e+15	3.05531051e-03
155500	1063.73638638	1555	1.14675516e-04	1555.00000000	3.30642452e+15	3.43544020e+15	3.05533955e-03
155600	1064.42330510	1556	1.14749263e-04	1556.00000000	3.30645901e+15	3.43547476e+15	3.05536851e-03
155700	1065.10671946	1557	1.14823009e-04	1557.00000000	3.30649341e+15	3.43550924e+15	3.05539740e-03
155800	1065.79217179	1558	1.14896755e-04	1558.00000000	3.30652773e+15	3.43554363e+15	3.05542622e-03
155900	1066.47759983	1559	1.14970501e-04	1559.00000000	3.30656195e+15	3.43557793e+15	3.05545496e-03
156000	1067.16274897	1560	1.15044248e-04	1560.00000000	3.30659609e+15	3.43561215e+15	3.05548363e-03
156100	1067.84757084	1561	1.15117994e-04	1561.00000000	3.30663014e+15	3.43564627e+15	3.05551223e-03
156200	1068.53280114	1562	1.15191740e-04	1562.00000000	3.30666411e+15	3.43568031e+15	3.05554075e-03
156300	1069.21801159	1563	1.15265487e-04	1563.00000000	3.30669798e+15	3.43571426e+15	3.05556920e-03
156400	1069.90478458	1564	1.15339233e-04	1564.00000000	3.30673177e+15	3.43574813e+15	3.05559757e-03
156500	1070.58959473	1565	1.15412979e-04	1565.00000000	3.30676548e+15	3.43578190e+15	3.05562587e-03
156600	1071.27474421	1566	1.15486726e-04	1566.00000000	3.30679909e+15	3.43581559e+15	3.05565410e-03
156700	1071.95974761	1567	1.15560472e-04	1567.00000000	3.30683262e+15	3.43584920e+15	3.05568226e-03
156800	1072.64437741	1568	1.15634218e-04	1568.00000000	3.30686606e+15	3.43588271e+15	3.05571034e-03
156900	1073.32751564	1569	1.15707965e-04	1569.00000000	3.30689942e+15	3.43591614e+15	3.05573835e-03
157000	1074.01270923	1570	1.15781711e-04	1570.00000000	3.30693269e+15	3.43594949e+15	3.05576629e-03
157100	1074.69738044	1571	1.15855457e-04	1571.00000000	3.30696587e+15	3.43598275e+15	3.05579415e-03
157200	1075.38341653	1572	1.15929204e-04	1572.00000000	3.30699897e+15	3.43601592e+15	3.05582195e-03
157300	1076.06899980	1573	1.16002950e-04	1573.00000000	3.30703199e+15	3.43604901e+15	3.05584967e-03
157400	1076.75524498	1574	1.16076696e-04	1574.00000000	3.30706492e+15	3.43608201e+15	3.05587732e-03
157500	1077.43959827	1575	1.16150442e-04	1575.00000000	3.30709777e+15	3.43611493e+15	3.05590491e-03
157600	1078.12631049	1576	1.16224189e-04	1576.00000000	3.30713054e+15	3.43614777e+15	3.05593242e-03
157700	1078.80668761	1577	1.16297935e-04	1577.00000000	3.30716322e+15	3.43618052e+15	3.05595986e-03
157800	1079.49298989	1578	1.16371681e-04	1578.00000000	3.30719581e+15	3.43621319e+15	3.05598723e-03
157900	1080.17954585	1579	1.16445428e-04	1579.00000000	3.30722833e+15	3.43624578e+15	3.05601453e-03
158000	1080.86534590	1580	1.16519174e-04	1580.00000000	3.30726076e+15	3.43627829e+15	3.05604177e-03
158100	1081.55179754	1581	1.16592920e-04	1581.00000000	3.30729311e+15	3.43631071e+15	3.05606893e-03
158200	1082.23825407	1582	1.16666667e-04	1582.00000000	3.30732538e+15	3.43634305e+15	3.05609602e-03
158300	1082.92411555	1583	1.16740413e-04	1583.00000000	3.30735757e+15	3.43637530e+15	3.05612305e-03
158400	1083.61006344	1584	1.16814159e-04	1584.00000000	3.30738967e+15	3.43640748e+15	3.05615001e-03
158500	1084.29639883	1585	1.16887906e-04	1585.00000000	3.30742169e+15	3.43643957e+15	3.05617690e-03
158600	1084.98282212	1586	1.16961652e-04	1586.00000000	3.30745363e+15	3.43647158e+15	3.05620372e-03
158700	1085.66843988	1587	1.17035398e-04	1587.00000000	3.30748550e+15	3.43650352e+15	3.05623047e-03
158800	1086.35455728	1588	1.17109145e-04	1588.00000000	3.30751728e+15	3.43653537e+15	3.05625715e-03
158900	1087.04071436	1589	1.17182891e-04	1589.00000000	3.30754898e+15	3.43656714e+15	3.05628377e-03
159000	1087.72742990	1590	1.17256637e-04	1590.00000000	3.30758060e+15	3.43659883e+15	3.05631032e-03
159100	1088.41343693	1591	1.17330383e-04	1591.00000000	3.30761214e+15	3.43663044e+15	3.05633681e-03
159200	1089.09905934	1592	1.17404130e-04	1592.00000000	3.30764360e+15	3.43666197e+15	3.05636322e-03
159300	1089.78540196	1593	1.17477876e-04	1593.00000000	3.30767498e+15	3.43669342e+15	3.05638957e-03
159400	1090.47173241	1594	1.17551622e-04	1594.00000000	3.30770628e+15	3.43672479e+15	3.05641585e-03
159500	1091.15787132	1595	1.17625369e-04	1595.00000000	3.30773750e+15	3.43675608e+15	3.05644207e-03
159600	1091.84328920	1596	1.17699115e-04	1596.00000000	3.30776865e+15	3.43678729e+15	3.05646822e-03
159700	1092.53090263	1597	1.17772861e-04	1597.00000000	3.30779971e+15	3.43681843e+15	3.05649431e-03
159800	1093.21665122	1598	1.17846608e-04	1598.00000000	3.30783070e+15	3.43684948e+15	3.05652032e-03
159900	1093.90266095	1599	1.17920354e-04	1599.00000000	3.30786161e+15	3.43688046e+15	3.05654628e-03
160000	1094.58858002	1600	1.17994100e-04	1600.00000000	3.30789244e+15	3.43691136e+15	3.05657217e-03
160100	1095.27552734	1601	1.18067847e-04	1601.00000000	3.30792320e+15	3.43694219e+15	3.05659799e-03
160200	1095.96169669	1602	1.18141593e-04	1602.00000000	3.30795388e+15	3.43697293e+15	3.05662375e-03
160300	1096.64790024	1603	1.18215339e-04	1603.00000000	3.30798448e+15	3.43700360e+15	3.05664944e-03
160400	1097.33407800	1604	1.18289086e-04	1604.00000000	3.30801500e+15	3.43703419e+15	3.05667507e-03
160500	1098.02036680	1605	1.18362832e-04	1605.00000000	3.30804545e+15	3.43706471e+15	3.05670064e-03
160600	1098.70347588	1606	1.18436578e-04	1606.00000000	3.30807582e+15	3.43709514e+15	3.05672614e-03
160700	1099.38951158	1607	1.18510324e-04	1607.00000000	3.30810611e+15	3.43712550e+15	3.05675158e-03
160800	1100.07610021	1608	1.18584071e-04	1608.00000000	3.30813633e+15	3.43715579e+15	3.05677695e-03
160900	1100.76199264	1609	1.18657817e-04	1609.00000000	3.30816647e+15	3.43718599e+15	3.05680226e-03
161000	1101.44808722	1610	1.18731563e-04	1610.00000000	3.30819653e+15	3.43721612e+15	3.05682751e-03
161100	1102.13239366	1611	1.18805310e-04	1611.00000000	3.30822652e+15	3.43724617e+15	3.05685269e-03
161200	1102.81543829	1612	1.18879056e-04	1612.00000000	3.30825642e+15	3.43727615e+15	3.05687780e-03
161300	1103.49926992	1613	1.18952802e-04	1613.00000000	3.30828626e+15	3.43730605e+15	3.05690285e-03
161400	1104.18143451	1614	1.19026549e-04	1614.00000000	3.30831601e+15	3.43733587e+15	3.05692784e-03
161500	1104.86389411	1615	1.19100295e-04	1615.00000000	3.30834569e+15	3.43736561e+15	3.05695276e-03
161600	1105.54671840	1616	1.19174041e-04	1616.00000000	3.30837530e+15	3.43739528e+15	3.05697762e-03
161700	1106.22921706	1617	1.19247788e-04	1617.00000000	3.30840483e+15	3.43742488e+15	3.05700242e-03
161800	1106.91194955	1618	1.19321534e-04	1618.00000000	3.30843428e+15	3.43745440e+15	3.05702716e-03
161900	1107.59416556	1619	1.19395280e-04	1619.00000000	3.30846366e+15	3.43748384e+15	3.05705183e-03
162000	1108.27769547	1620	1.19469027e-04	1620.00000000	3.30849295e+15	3.43751320e+15	3.05707643e-03
162100	1108.96066440	1621	1.19542773e-04	1621.00000000	3.30852217e+15	3.43754248e+15	3.05710097e-03
162200	1109.64223677	1622	1.19616519e-04	1622.00000000	3.30855132e+15	3.43757169e+15	3.05712545e-03
162300	1110.32467340	1623	1.19690265e-04	1623.00000000	3.30858039e+15	3.43760083e+15	3.05714986e-03
162400	1111.00717441	1624	1.19764012e-04	1624.00000000	3.30860938e+15	3.43762988e+15	3.05717420e-03
162500	1111.69004929	1625	1.19837758e-04	1625.00000000	3.30863830e+15	3.43765887e+15	3.05719849e-03
162600	1112.37231097	1626	1.19911504e-04	1626.00000000	3.30866715e+15	3.43768777e+15	3.05722271e-03
162700	1113.05529450	1627	1.19985251e-04	1627.00000000	3.30869592e+15	3.43771661e+15	3.05724687e-03
162800	1113.73822271	1628	1.20058997e-04	1628.00000000	3.30872461e+15	3.43774537e+15	3.05727097e-03
162900	1114.42097487	1629	1.20132743e-04	1629.00000000	3.30875323e+15	3.43777405e+15	3.05729501e-03
163000	1115.10361909	1630	1.20206490e-04	1630.00000000	3.30878178e+15	3.43780266e+15	3.05731898e-03
163100	1115.78733469	1631	1.20280236e-04	1631.00000000	3.30881025e+15	3.43783119e+15	3.05734290e-03
163200	1116.47039544	1632	1.20353982e-04	1632.00000000	3.30883865e+15	3.43785966e+15	3.05736675e-03
163300	1117.15304803	1633	1.20427729e-04	1633.00000000	3.30886698e+15	3.43788805e+15	3.05739054e-03
163400	1117.83519618	1634	1.20501475e-04	1634.00000000	3.30889523e+15	3.43791636e+15	3.05741426e-03
163500	1118.51829636	1635	1.20575221e-04	1635.00000000	3.30892341e+15	3.43794460e+15	3.05743793e-03
163600	1119.20108703	1636	1.20648968e-04	1636.00000000	3.30895152e+15	3.43797277e+15	3.05746153e-03
163700	1119.88377732	1637	1.20722714e-04	1637.00000000	3.30897955e+15	3.43800086e+15	3.05748508e-03
163800	1120.56670016	1638	1.20796460e-04	1638.00000000	3.30900751e+15	3.43802889e+15	3.05750856e-03
163900	1121.25129786	1639	1.20870206e-04	1639.00000000	3.30903540e+15	3.43805684e+15	3.05753198e-03
164000	1121.93421257	1640	1.20943953e-04	1640.00000000	3.30906322e+15	3.43808472e+15	3.05755534e-03
164100	1122.61733084	1641	1.21017699e-04	1641.00000000	3.30909096e+15	3.43811252e+15	3.05757864e-03
164200	1123.29939292	1642	1.21091445e-04	1642.00000000	3.30911863e+15	3.43814025e+15	3.05760188e-03
164300	1123.98343161	1643	1.21165192e-04	1643.00000000	3.30914624e+15	3.43816791e+15	3.05762506e-03
164400	1124.66632583	1644	1.21238938e-04	1644.00000000	3.30917376e+15	3.43819550e+15	3.05764818e-03
164500	1125.34893902	1645	1.21312684e-04	1645.00000000	3.30920122e+15	3.43822302e+15	3.05767124e-03
164600	1126.03257386	1646	1.21386431e-04	1646.00000000	3.30922861e+15	3.43825047e+15	3.05769424e-03
164700	1126.71542610	1647	1.21460177e-04	1647.00000000	3.30925592e+15	3.43827784e+15	3.05771718e-03
164800	1127.39890188	1648	1.21533923e-04	1648.00000000	3.30928317e+15	3.43830515e+15	3.05774006e-03
164900	1128.08146753	1649	1.21607670e-04	1649.00000000	3.30931034e+15	3.43833238e+15	3.05776288e-03
165000	1128.76346326	1650	1.21681416e-04	1650.00000000	3.30933745e+15	3.43835955e+15	3.05778565e-03
165100	1129.44768776	1651	1.21755162e-04	1651.00000000	3.30936448e+15	3.43838664e+15	3.05780835e-03
165200	1130.13131132	1652	1.21828909e-04	1652.00000000	3.30939145e+15	3.43841367e+15	3.05783100e-03
165300	1130.81594200	1653	1.21902655e-04	1653.00000000	3.30941834e+15	3.43844062e+15	3.05785359e-03
165400	1131.49735145	1654	1.21976401e-04	1654.00000000	3.30944517e+15	3.43846751e+15	3.05787612e-03
165500	1132.18014608	1655	1.22050147e-04	1655.00000000	3.30947192e+15	3.43849432e+15	3.05789859e-03
165600	1132.86267109	1656	1.22123894e-04	1656.00000000	3.30949861e+15	3.43852107e+15	3.05792100e-03
165700	1133.54573992	1657	1.22197640e-04	1657.00000000	3.30952523e+15	3.43854774e+15	3.05794335e-03
165800	1134.22944354	1658	1.22271386e-04	1658.00000000	3.30955178e+15	3.43857435e+15	3.05796565e-03
165900	1134.91292653	1659	1.22345133e-04	1659.00000000	3.30957825e+15	3.43860089e+15	3.05798789e-03
166000	1135.59637899	1660	1.22418879e-04	1660.00000000	3.30960467e+15	3.43862736e+15	3.05801007e-03
166100	1136.27965107	1661	1.22492625e-04	1661.00000000	3.30963101e+15	3.43865376e+15	3.05803220e-03
166200	1136.96314688	1662	1.22566372e-04	1662.00000000	3.30965728e+15	3.43868009e+15	3.05805426e-03
166300	1137.64697687	1663	1.22640118e-04	1663.00000000	3.30968349e+15	3.43870636e+15	3.05807627e-03
166400	1138.32994765	1664	1.22713864e-04	1664.00000000	3.30970963e+15	3.43873255e+15	3.05809823e-03
166500	1139.01116376	1665	1.22787611e-04	1665.00000000	3.30973570e+15	3.43875868e+15	3.05812012e-03
166600	1139.69305465	1666	1.22861357e-04	1666.00000000	3.30976171e+15	3.43878475e+15	3.05814196e-03
166700	1140.37586472	1667	1.22935103e-04	1667.00000000	3.30978765e+15	3.43881074e+15	3.05816375e-03
166800	1141.05905283	1668	1.23008850e-04	1668.00000000	3.30981352e+15	3.43883667e+15	3.05818548e-03
166900	1141.74111923	1669	1.23082596e-04	1669.00000000	3.30983933e+15	3.43886253e+15	3.05820715e-03
167000	1142.42332857	1670	1.23156342e-04	1670.00000000	3.30986507e+15	3.43888833e+15	3.05822877e-03
167100	1143.10709619	1671	1.23230088e-04	1671.00000000	3.30989074e+15	3.43891406e+15	3.05825033e-03
167200	1143.79005790	1672	1.23303835e-04	1672.00000000	3.30991635e+15	3.43893973e+15	3.05827183e-03
167300	1144.47347169	1673	1.23377581e-04	1673.00000000	3.30994189e+15	3.43896532e+15	3.05829328e-03
167400	1145.15640588	1674	1.23451327e-04	1674.00000000	3.30996737e+15	3.43899086e+15	3.05831468e-03
167500	1145.84214041	1675	1.23525074e-04	1675.00000000	3.30999278e+15	3.43901632e+15	3.05833602e-03
167600	1146.52602566	1676	1.23598820e-04	1676.00000000	3.31001812e+15	3.43904172e+15	3.05835731e-03
167700	1147.20461601	1677	1.23672566e-04	1677.00000000	3.31004340e+15	3.43906706e+15	3.05837854e-03
167800	1147.88986735	1678	1.23746313e-04	1678.00000000	3.31006862e+15	3.43909233e+15	3.05839971e-03
167900	1148.57611283	1679	1.23820059e-04	1679.00000000	3.31009377e+15	3.43911753e+15	3.05842084e-03
168000	1149.26174015	1680	1.23893805e-04	1680.00000000	3.31011885e+15	3.43914267e+15	3.05844190e-03
168100	1149.94788876	1681	1.23967552e-04	1681.00000000	3.31014387e+15	3.43916775e+15	3.05846292e-03
168200	1150.63435701	1682	1.24041298e-04	1682.00000000	3.31016883e+15	3.43919276e+15	3.05848388e-03
168300	1151.31916555	1683	1.24115044e-04	1683.00000000	3.31019372e+15	3.43921771e+15	3.05850478e-03
168400	1152.00294529	1684	1.24188791e-04	1684.00000000	3.31021854e+15	3.43924259e+15	3.05852563e-03
168500	1152.68869967	1685	1.24262537e-04	1685.00000000	3.31024331e+15	3.43926741e+15	3.05854643e-03
168600	1153.37406311	1686	1.24336283e-04	1686.00000000	3.31026801e+15	3.43929216e+15	3.05856717e-03
168700	1154.06006474	1687	1.24410029e-04	1687.00000000	3.31029264e+15	3.43931685e+15	3.05858786e-03
168800	1154.74402182	1688	1.24483776e-04	1688.00000000	3.31031721e+15	3.43934148e+15	3.05860850e-03
168900	1155.42886536	1689	1.24557522e-04	1689.00000000	3.31034172e+15	3.43936604e+15	3.05862908e-03
169000	1156.11441250	1690	1.24631268e-04	1690.00000000	3.31036617e+15	3.43939054e+15	3.05864962e-03
169100	1156.80070242	1691	1.24705015e-04	1691.00000000	3.31039055e+15	3.43941497e+15	3.05867009e-03
169200	1157.48580747	1692	1.24778761e-04	1692.00000000	3.31041487e+15	3.43943935e+15	3.05869052e-03
169300	1158.17205927	1693	1.24852507e-04	1693.00000000	3.31043912e+15	3.43946366e+15	3.05871089e-03
169400	1158.85706617	1694	1.24926254e-04	1694.00000000	3.31046332e+15	3.43948790e+15	3.05873121e-03
169500	1159.54310072	1695	1.25000000e-04	1695.00000000	3.31048745e+15	3.43951209e+15	3.05875148e-03
169600	1160.22894082	1696	1.25073746e-04	1696.00000000	3.31051151e+15	3.43953621e+15	3.05877169e-03
169700	1160.91541482	1697	1.25147493e-04	1697.00000000	3.31053552e+15	3.43956026e+15	3.05879185e-03
169800	1161.60201665	1698	1.25221239e-04	1698.00000000	3.31055946e+15	3.43958426e+15	3.05881196e-03
169900	1162.28780013	1699	1.25294985e-04	1699.00000000	3.31058334e+15	3.43960820e+15	3.05883202e-03
170000	1162.97406722	1700	1.25368732e-04	1700.00000000	3.31060716e+15	3.43963207e+15	3.05885203e-03
170100	1163.66071236	1701	1.25442478e-04	1701.00000000	3.31063092e+15	3.43965588e+15	3.05887198e-03
170200	1164.34699131	1702	1.25516224e-04	1702.00000000	3.31065462e+15	3.43967963e+15	3.05889189e-03
170300	1165.03275523	1703	1.25589971e-04	1703.00000000	3.31067825e+15	3.43970331e+15	3.05891174e-03
170400	1165.71831008	1704	1.25663717e-04	1704.00000000	3.31070183e+15	3.43972694e+15	3.05893154e-03
170500	1166.39769714	1705	1.25737463e-04	1705.00000000	3.31072534e+15	3.43975050e+15	3.05895129e-03
170600	1167.08398131	1706	1.25811209e-04	1706.00000000	3.31074879e+15	3.43977400e+15	3.05897099e-03
170700	1167.76977725	1707	1.25884956e-04	1707.00000000	3.31077218e+15	3.43979745e+15	3.05899063e-03
170800	1168.45564322	1708	1.25958702e-04	1708.00000000	3.31079551e+15	3.43982083e+15	3.05901023e-03
170900	1169.14189553	1709	1.26032448e-04	1709.00000000	3.31081877e+15	3.43984415e+15	3.05902977e-03
171000	1169.82758690	1710	1.26106195e-04	1710.00000000	3.31084198e+15	3.43986741e+15	3.05904926e-03
171100	1170.50925603	1711	1.26179941e-04	1711.00000000	3.31086513e+15	3.43989060e+15	3.05906871e-03
171200	1171.19169011	1712	1.26253687e-04	1712.00000000	3.31088822e+15	3.43991374e+15	3.05908810e-03
171300	1171.87750099	1713	1.26327434e-04	1713.00000000	3.31091124e+15	3.43993682e+15	3.05910744e-03
171400	1172.56361013	1714	1.26401180e-04	1714.00000000	3.31093421e+15	3.43995984e+15	3.05912673e-03
171500	1173.24866790	1715	1.26474926e-04	1715.00000000	3.31095712e+15	3.43998280e+15	3.05914597e-03
171600	1173.93427094	1716	1.26548673e-04	1716.00000000	3.31097997e+15	3.44000570e+15	3.05916517e-03
171700	1174.61433021	1717	1.26622419e-04	1717.00000000	3.31100276e+15	3.44002854e+15	3.05918431e-03
171800	1175.29999760	1718	1.26696165e-04	1718.00000000	3.31102549e+15	3.44005132e+15	3.05920340e-03
171900	1175.98622003	1719	1.26769912e-04	1719.00000000	3.31104816e+15	3.44007404e+15	3.05922244e-03
172000	1176.66888094	1720	1.26843658e-04	1720.00000000	3.31107078e+15	3.44009671e+15	3.05924144e-03
172100	1177.35072929	1721	1.26917404e-04	1721.00000000	3.31109333e+15	3.44011931e+15	3.05926038e-03
172200	1178.03697323	1722	1.26991150e-04	1722.00000000	3.31111583e+15	3.44014186e+15	3.05927928e-03
172300	1178.72201765	1723	1.27064897e-04	1723.00000000	3.31113827e+15	3.44016435e+15	3.05929813e-03
172400	1179.40652083	1724	1.27138643e-04	1724.00000000	3.31116065e+15	3.44018678e+15	3.05931693e-03
172500	1180.09119952	1725	1.27212389e-04	1725.00000000	3.31118298e+15	3.44020916e+15	3.05933568e-03
172600	1180.77582130	1726	1.27286136e-04	1726.00000000	3.31120525e+15	3.44023147e+15	3.05935438e-03
172700	1181.46034654	1727	1.27359882e-04	1727.00000000	3.31122745e+15	3.44025373e+15	3.05937303e-03
172800	1182.14489608	1728	1.27433628e-04	1728.00000000	3.31124961e+15	3.44027593e+15	3.05939164e-03
172900	1182.82867661	1729	1.27507375e-04	1729.00000000	3.31127170e+15	3.44029808e+15	3.05941020e-03
173000	1183.51273509	1730	1.27581121e-04	1730.00000000	3.31129374e+15	3.44032016e+15	3.05942871e-03
173100	1184.19778788	1731	1.27654867e-04	1731.00000000	3.31131572e+15	3.44034219e+15	3.05944717e-03
173200	1184.88408030	1732	1.27728614e-04	1732.00000000	3.31133764e+15	3.44036417e+15	3.05946559e-03
173300	1185.57076461	1733	1.27802360e-04	1733.00000000	3.31135951e+15	3.44038608e+15	3.05948395e-03
173400	1186.25718736	1734	1.27876106e-04	1734.00000000	3.31138132e+15	3.44040794e+15	3.05950227e-03
173500	1186.94257635	1735	1.27949853e-04	1735.00000000	3.31140308e+15	3.44042974e+15	3.05952055e-03
173600	1187.62897642	1736	1.28023599e-04	1736.00000000	3.31142478e+15	3.44045149e+15	3.05953877e-03
173700	1188.31550403	1737	1.28097345e-04	1737.00000000	3.31144642e+15	3.44047318e+15	3.05955695e-03
173800	1189.00141042	1738	1.28171091e-04	1738.00000000	3.31146801e+15	3.44049482e+15	3.05957508e-03
173900	1189.68800824	1739	1.28244838e-04	1739.00000000	3.31148954e+15	3.44051639e+15	3.05959317e-03
174000	1190.37341000	1740	1.28318584e-04	1740.00000000	3.31151101e+15	3.44053792e+15	3.05961120e-03
174100	1191.05539523	1741	1.28392330e-04	1741.00000000	3.31153243e+15	3.44055939e+15	3.05962920e-03
174200	1191.74144435	1742	1.28466077e-04	1742.00000000	3.31155380e+15	3.44058080e+15	3.05964714e-03
174300	1192.42789995	1743	1.28539823e-04	1743.00000000	3.31157510e+15	3.44060215e+15	3.05966504e-03
174400	1193.11336420	1744	1.28613569e-04	1744.00000000	3.31159636e+15	3.44062345e+15	3.05968289e-03
174500	1193.79794118	1745	1.28687316e-04	1745.00000000	3.31161755e+15	3.44064470e+15	3.05970070e-03
174600	1194.48239417	1746	1.28761062e-04	1746.00000000	3.31163870e+15	3.44066588e+15	3.05971846e-03
174700	1195.16569611	1747	1.28834808e-04	1747.00000000	3.31165978e+15	3.44068702e+15	3.05973617e-03
174800	1195.85032768	1748	1.28908555e-04	1748.00000000	3.31168082e+15	3.44070810e+15	3.05975384e-03
174900	1196.53654272	1749	1.28982301e-04	1749.00000000	3.31170179e+15	3.44072912e+15	3.05977146e-03
175000	1197.22276678	1750	1.29056047e-04	1750.00000000	3.31172272e+15	3.44075009e+15	3.05978904e-03
175100	1197.90944896	1751	1.29129794e-04	1751.00000000	3.31174359e+15	3.44077101e+15	3.05980657e-03
175200	1198.59525237	1752	1.29203540e-04	1752.00000000	3.31176440e+15	3.44079187e+15	3.05982405e-03
175300	1199.28130191	1753	1.29277286e-04	1753.00000000	3.31178516e+15	3.44081267e+15	3.05984149e-03
175400	1199.96790333	1754	1.29351032e-04	1754.00000000	3.31180587e+15	3.44083342e+15	3.05985888e-03
175500	1200.65248563	1755	1.29424779e-04	1755.00000000	3.31182652e+15	3.44085412e+15	3.05987623e-03
175600	1201.33503836	1756	1.29498525e-04	1756.00000000	3.31184712e+15	3.44087477e+15	3.05989353e-03
175700	1202.02148551	1757	1.29572271e-04	1757.00000000	3.31186766e+15	3.44089536e+15	3.05991079e-03
175800	1202.70736779	1758	1.29646018e-04	1758.00000000	3.31188815e+15	3.44091589e+15	3.05992800e-03
175900	1203.39220748	1759	1.29719764e-04	1759.00000000	3.31190859e+15	3.44093637e+15	3.05994517e-03
176000	1204.07844169	1760	1.29793510e-04	1760.00000000	3.31192897e+15	3.44095680e+15	3.05996229e-03
176100	1204.76547987	1761	1.29867257e-04	1761.00000000	3.31194930e+15	3.44097718e+15	3.05997937e-03
176200	1205.45154781	1762	1.29941003e-04	1762.00000000	3.31196958e+15	3.44099750e+15	3.05999641e-03
176300	1206.13778970	1763	1.30014749e-04	1763.00000000	3.31198981e+15	3.44101777e+15	3.06001339e-03
176400	1206.82334447	1764	1.30088496e-04	1764.00000000	3.31200998e+15	3.44103799e+15	3.06003034e-03
176500	1207.50931183	1765	1.30162242e-04	1765.00000000	3.31203010e+15	3.44105815e+15	3.06004724e-03
176600	1208.19520688	1766	1.30235988e-04	1766.00000000	3.31205017e+15	3.44107826e+15	3.06006410e-03
176700	1208.88113394	1767	1.30309735e-04	1767.00000000	3.31207018e+15	3.44109832e+15	3.06008091e-03
176800	1209.56695853	1768	1.30383481e-04	1768.00000000	3.31209014e+15	3.44111833e+15	3.06009768e-03
176900	1210.25267221	1769	1.30457227e-04	1769.00000000	3.31211005e+15	3.44113829e+15	3.06011441e-03
177000	1210.93909983	1770	1.30530973e-04	1770.00000000	3.31212991e+15	3.44115819e+15	3.06013109e-03
177100	1211.62052297	1771	1.30604720e-04	1771.00000000	3.31214972e+15	3.44117804e+15	3.06014773e-03
177200	1212.30689718	1772	1.30678466e-04	1772.00000000	3.31216947e+15	3.44119784e+15	3.06016432e-03
177300	1212.99303572	1773	1.30752212e-04	1773.00000000	3.31218918e+15	3.44121758e+15	3.06018087e-03
177400	1213.67847896	1774	1.30825959e-04	1774.00000000	3.31220883e+15	3.44123728e+15	3.06019738e-03
177500	1214.36453048	1775	1.30899705e-04	1775.00000000	3.31222843e+15	3.44125692e+15	3.06021385e-03
177600	1215.05084531	1776	1.30973451e-04	1776.00000000	3.31224798e+15	3.44127651e+15	3.06023027e-03
177700	1215.73746574	1777	1.31047198e-04	1777.00000000	3.31226748e+15	3.44129606e+15	3.06024665e-03
177800	1216.42322467	1778	1.31120944e-04	1778.00000000	3.31228692e+15	3.44131555e+15	3.06026299e-03
177900	1217.10628703	1779	1.31194690e-04	1779.00000000	3.31230632e+15	3.44133498e+15	3.06027928e-03
178000	1217.79233288	1780	1.31268437e-04	1780.00000000	3.31232566e+15	3.44135437e+15	3.06029553e-03
178100	1218.47735746	1781	1.31342183e-04	1781.00000000	3.31234496e+15	3.44137371e+15	3.06031174e-03
178200	1219.16262224	1782	1.31415929e-04	1782.00000000	3.31236420e+15	3.44139300e+15	3.06032791e-03
178300	1219.84805093	1783	1.31489676e-04	1783.00000000	3.31238339e+15	3.44141223e+15	3.06034403e-03
178400	1220.53342782	1784	1.31563422e-04	1784.00000000	3.31240254e+15	3.44143142e+15	3.06036012e-03
178500	1221.21899402	1785	1.31637168e-04	1785.00000000	3.31242163e+15	3.44145055e+15	3.06037616e-03
178600	1221.90511019	1786	1.31710914e-04	1786.00000000	3.31244067e+15	3.44146963e+15	3.06039215e-03
178700	1222.59076599	1787	1.31784661e-04	1787.00000000	3.31245966e+15	3.44148867e+15	3.06040811e-03
178800	1223.27709392	1788	1.31858407e-04	1788.00000000	3.31247860e+15	3.44150765e+15	3.06042402e-03
178900	1223.96311373	1789	1.31932153e-04	1789.00000000	3.31249749e+15	3.44152658e+15	3.06043989e-03
179000	1224.64933948	1790	1.32005900e-04	1790.00000000	3.31251634e+15	3.44154547e+15	3.06045572e-03
179100	1225.33519370	1791	1.32079646e-04	1791.00000000	3.31253513e+15	3.44156430e+15	3.06047151e-03
179200	1226.02169407	1792	1.32153392e-04	1792.00000000	3.31255387e+15	3.44158309e+15	3.06048725e-03
179300	1226.70805364	1793	1.32227139e-04	1793.00000000	3.31257257e+15	3.44160182e+15	3.06050296e-03
179400	1227.39445730	1794	1.32300885e-04	1794.00000000	3.31259121e+15	3.44162051e+15	3.06051862e-03
179500	1228.08136869	1795	1.32374631e-04	1795.00000000	3.31260990e+15	3.44163915e+15	3.06053446e-03
179600	1228.76698795	1796	1.32448378e-04	1796.00000000	3.31262850e+15	3.44165777e+15	3.06055018e-03
179700	1229.45274339	1797	1.32522124e-04	1797.00000000	3.31264705e+15	3.44167634e+15	3.06056580e-03
179800	1230.13920790	1798	1.32595870e-04	1798.00000000	3.31266554e+15	3.44169487e+15	3.06058135e-03
179900	1230.82429574	1799	1.32669617e-04	1799.00000000	3.31268397e+15	3.44171334e+15	3.06059685e-03
180000	1231.50729659	1800	1.32743363e-04	1800.00000000	3.31270236e+15	3.44173177e+15	3.06061231e-03
180100	1232.18723411	1801	1.32817109e-04	1801.00000000	3.31272069e+15	3.44175015e+15	3.06062772e-03
180200	1232.87323882	1802	1.32890855e-04	1802.00000000	3.31273898e+15	3.44176848e+15	3.06064309e-03
180300	1233.55690295	1803	1.32964602e-04	1803.00000000	3.31275722e+15	3.44178676e+15	3.06065842e-03
180400	1234.24273365	1804	1.33038348e-04	1804.00000000	3.31277540e+15	3.44180499e+15	3.06067371e-03
180500	1234.92847318	1805	1.33112094e-04	1805.00000000	3.31279354e+15	3.44182317e+15	3.06068896e-03
180600	1235.61086177	1806	1.33185841e-04	1806.00000000	3.31281163e+15	3.44184130e+15	3.06070416e-03
180700	1236.29687810	1807	1.33259587e-04	1807.00000000	3.31282968e+15	3.44185939e+15	3.06071932e-03
180800	1236.98129575	1808	1.33333333e-04	1808.00000000	3.31284767e+15	3.44187742e+15	3.06073445e-03
180900	1237.66581018	1809	1.33407080e-04	1809.00000000	3.31286561e+15	3.44189541e+15	3.06074953e-03
181000	1238.35088543	1810	1.33480826e-04	1810.00000000	3.31288351e+15	3.44191335e+15	3.06076457e-03
181100	1239.03709031	1811	1.33554572e-04	1811.00000000	3.31290136e+15	3.44193124e+15	3.06077957e-03
181200	1239.72341994	1812	1.33628319e-04	1812.00000000	3.31291916e+15	3.44194908e+15	3.06079453e-03
181300	1240.40901969	1813	1.33702065e-04	1813.00000000	3.31293692e+15	3.44196688e+15	3.06080945e-03
181400	1241.09403802	1814	1.33775811e-04	1814.00000000	3.31295463e+15	3.44198463e+15	3.06082433e-03
181500	1241.77934547	1815	1.33849558e-04	1815.00000000	3.31297229e+15	3.44200233e+15	3.06083917e-03
181600	1242.46443798	1816	1.33923304e-04	1816.00000000	3.31298990e+15	3.44201998e+15	3.06085397e-03
181700	1243.14873438	1817	1.33997050e-04	1817.00000000	3.31300747e+15	3.44203759e+15	3.06086873e-03
181800	1243.83327437	1818	1.34070796e-04	1818.00000000	3.31302499e+15	3.44205515e+15	3.06088346e-03
181900	1244.51776671	1819	1.34144543e-04	1819.00000000	3.31304246e+15	3.44207266e+15	3.06089814e-03
182000	1245.20405142	1820	1.34218289e-04	1820.00000000	3.31305989e+15	3.44209013e+15	3.06091278e-03
182100	1245.89093063	1821	1.34292035e-04	1821.00000000	3.31307727e+15	3.44210755e+15	3.06092739e-03
182200	1246.57688282	1822	1.34365782e-04	1822.00000000	3.31309460e+15	3.44212492e+15	3.06094195e-03
182300	1247.26291467	1823	1.34439528e-04	1823.00000000	3.31311189e+15	3.44214225e+15	3.06095648e-03
182400	1247.94883106	1824	1.34513274e-04	1824.00000000	3.31312913e+15	3.44215953e+15	3.06097097e-03
182500	1248.63385205	1825	1.34587021e-04	1825.00000000	3.31314633e+15	3.44217677e+15	3.06098542e-03
182600	1249.31906023	1826	1.34660767e-04	1826.00000000	3.31316348e+15	3.44219396e+15	3.06099983e-03
182700	1250.00445516	1827	1.34734513e-04	1827.00000000	3.31318059e+15	3.44221110e+15	3.06101420e-03
182800	1250.68942614	1828	1.34808260e-04	1828.00000000	3.31319765e+15	3.44222820e+15	3.06102854e-03
182900	1251.37470966	1829	1.34882006e-04	1829.00000000	3.31321466e+15	3.44224525e+15	3.06104284e-03
183000	1252.06025726	1830	1.34955752e-04	1830.00000000	3.31323163e+15	3.44226226e+15	3.06105710e-03
183100	1252.74502851	1831	1.35029499e-04	1831.00000000	3.31324856e+15	3.44227922e+15	3.06107132e-03
183200	1253.42843161	1832	1.35103245e-04	1832.00000000	3.31326544e+15	3.44229614e+15	3.06108550e-03
183300	1254.11318789	1833	1.35176991e-04	1833.00000000	3.31328227e+15	3.44231302e+15	3.06109965e-03
183400	1254.79897657	1834	1.35250737e-04	1834.00000000	3.31329907e+15	3.44232985e+15	3.06111375e-03
183500	1255.48460581	1835	1.35324484e-04	1835.00000000	3.31331581e+15	3.44234663e+15	3.06112782e-03
183600	1256.17079066	1836	1.35398230e-04	1836.00000000	3.31333252e+15	3.44236337e+15	3.06114186e-03
183700	1256.85723345	1837	1.35471976e-04	1837.00000000	3.31334917e+15	3.44238007e+15	3.06115586e-03
183800	1257.54285142	1838	1.35545723e-04	1838.00000000	3.31336579e+15	3.44239672e+15	3.06116982e-03
183900	1258.22504476	1839	1.35619469e-04	1839.00000000	3.31338236e+15	3.44241333e+15	3.06118374e-03
184000	1258.91130560	1840	1.35693215e-04	1840.00000000	3.31339889e+15	3.44242989e+15	3.06119763e-03
184100	1259.59520088	1841	1.35766962e-04	1841.00000000	3.31341537e+15	3.44244641e+15	3.06121148e-03
184200	1260.27886626	1842	1.35840708e-04	1842.00000000	3.31343181e+15	3.44246289e+15	3.06122529e-03
184300	1260.96329090	1843	1.35914454e-04	1843.00000000	3.31344821e+15	3.44247933e+15	3.06123907e-03
184400	1261.64676740	1844	1.35988201e-04	1844.00000000	3.31346457e+15	3.44249572e+15	3.06125281e-03
184500	1262.33310534	1845	1.36061947e-04	1845.00000000	3.31348088e+15	3.44251207e+15	3.06126651e-03
184600	1263.01858746	1846	1.36135693e-04	1846.00000000	3.31349715e+15	3.44252837e+15	3.06128018e-03
184700	1263.70483505	1847	1.36209440e-04	1847.00000000	3.31351338e+15	3.44254464e+15	3.06129382e-03
184800	1264.39089916	1848	1.36283186e-04	1848.00000000	3.31352956e+15	3.44256086e+15	3.06130741e-03
184900	1265.07672925	1849	1.36356932e-04	1849.00000000	3.31354570e+15	3.44257703e+15	3.06132098e-03
185000	1265.76231947	1850	1.36430678e-04	1850.00000000	3.31356180e+15	3.44259317e+15	3.06133450e-03
185100	1266.44971441	1851	1.36504425e-04	1851.00000000	3.31357786e+15	3.44260926e+15	3.06134799e-03
185200	1267.13619052	1852	1.36578171e-04	1852.00000000	3.31359387e+15	3.44262531e+15	3.06136145e-03
185300	1267.82205780	1853	1.36651917e-04	1853.00000000	3.31360984e+15	3.44264132e+15	3.06137487e-03
185400	1268.50835250	1854	1.36725664e-04	1854.00000000	3.31362577e+15	3.44265728e+15	3.06138825e-03
185500	1269.19406386	1855	1.36799410e-04	1855.00000000	3.31364166e+15	3.44267321e+15	3.06140160e-03
185600	1269.88015074	1856	1.36873156e-04	1856.00000000	3.31365751e+15	3.44268909e+15	3.06141491e-03
185700	1270.56545340	1857	1.36946903e-04	1857.00000000	3.31367331e+15	3.44270493e+15	3.06142819e-03
185800	1271.25201396	1858	1.37020649e-04	1858.00000000	3.31368908e+15	3.44272073e+15	3.06144144e-03
185900	1271.93816275	1859	1.37094395e-04	1859.00000000	3.31370480e+15	3.44273648e+15	3.06145465e-03
186000	1272.62091590	1860	1.37168142e-04	1860.00000000	3.31372048e+15	3.44275220e+15	3.06146782e-03
186100	1273.30445780	1861	1.37241888e-04	1861.00000000	3.31373612e+15	3.44276787e+15	3.06148096e-03
186200	1273.99135112	1862	1.37315634e-04	1862.00000000	3.31375172e+15	3.44278351e+15	3.06149407e-03
186300	1274.67787187	1863	1.37389381e-04	1863.00000000	3.31376727e+15	3.44279910e+15	3.06150714e-03
186400	1275.36401354	1864	1.37463127e-04	1864.00000000	3.31378279e+15	3.44281465e+15	3.06152018e-03
186500	1276.04931700	1865	1.37536873e-04	1865.00000000	3.31379827e+15	3.44283016e+15	3.06153318e-03
186600	1276.73606425	1866	1.37610619e-04	1866.00000000	3.31381370e+15	3.44284563e+15	3.06154615e-03
186700	1277.42113001	1867	1.37684366e-04	1867.00000000	3.31382910e+15	3.44286106e+15	3.06155908e-03
186800	1278.10672926	1868	1.37758112e-04	1868.00000000	3.31384446e+15	3.44287645e+15	3.06157199e-03
186900	1278.79239554	1869	1.37831858e-04	1869.00000000	3.31385977e+15	3.44289180e+15	3.06158485e-03
187000	1279.47878361	1870	1.37905605e-04	1870.00000000	3.31387505e+15	3.44290711e+15	3.06159769e-03
187100	1280.16530097	1871	1.37979351e-04	1871.00000000	3.31389028e+15	3.44292238e+15	3.06161049e-03
187200	1280.85101506	1872	1.38053097e-04	1872.00000000	3.31390548e+15	3.44293761e+15	3.06162326e-03
187300	1281.53699124	1873	1.38126844e-04	1873.00000000	3.31392064e+15	3.44295280e+15	3.06163599e-03
187400	1282.22353691	1874	1.38200590e-04	1874.00000000	3.31393576e+15	3.44296795e+15	3.06164869e-03
187500	1282.90943789	1875	1.38274336e-04	1875.00000000	3.31395083e+15	3.44298307e+15	3.06166136e-03
187600	1283.59501997	1876	1.38348083e-04	1876.00000000	3.31396587e+15	3.44299814e+15	3.06167400e-03
187700	1284.28087379	1877	1.38421829e-04	1877.00000000	3.31398087e+15	3.44301317e+15	3.06168660e-03
187800	1284.96653503	1878	1.38495575e-04	1878.00000000	3.31399584e+15	3.44302817e+15	3.06169917e-03
187900	1285.65217945	1879	1.38569322e-04	1879.00000000	3.31401076e+15	3.44304312e+15	3.06171171e-03
188000	1286.33808710	1880	1.38643068e-04	1880.00000000	3.31402564e+15	3.44305804e+15	3.06172421e-03
188100	1287.02479491	1881	1.38716814e-04	1881.00000000	3.31404049e+15	3.44307292e+15	3.06173668e-03
188200	1287.71018366	1882	1.38790560e-04	1882.00000000	3.31405530e+15	3.44308776e+15	3.06174912e-03
188300	1288.39667709	1883	1.38864307e-04	1883.00000000	3.31407006e+15	3.44310256e+15	3.06176153e-03
188400	1289.08277292	1884	1.38938053e-04	1884.00000000	3.31408479e+15	3.44311732e+15	3.06177391e-03
188500	1289.76830180	1885	1.39011799e-04	1885.00000000	3.31409949e+15	3.44313205e+15	3.06178625e-03
188600	1290.45311979	1886	1.39085546e-04	1886.00000000	3.31411414e+15	3.44314673e+15	3.06179856e-03
188700	1291.13888079	1887	1.39159292e-04	1887.00000000	3.31412876e+15	3.44316138e+15	3.06181084e-03
188800	1291.82457337	1888	1.39233038e-04	1888.00000000	3.31414334e+15	3.44317599e+15	3.06182309e-03
188900	1292.51057107	1889	1.39306785e-04	1889.00000000	3.31415788e+15	3.44319057e+15	3.06183531e-03
189000	1293.19467090	1890	1.39380531e-04	1890.00000000	3.31417238e+15	3.44320510e+15	3.06184749e-03
189100	1293.88118865	1891	1.39454277e-04	1891.00000000	3.31418684e+15	3.44321960e+15	3.06185964e-03
189200	1294.56756986	1892	1.39528024e-04	1892.00000000	3.31420127e+15	3.44323406e+15	3.06187177e-03
189300	1295.25400614	1893	1.39601770e-04	1893.00000000	3.31421566e+15	3.44324848e+15	3.06188386e-03
189400	1295.93929385	1894	1.39675516e-04	1894.00000000	3.31423002e+15	3.44326287e+15	3.06189591e-03
189500	1296.62311341	1895	1.39749263e-04	1895.00000000	3.31424433e+15	3.44327721e+15	3.06190794e-03
189600	1297.30778988	1896	1.39823009e-04	1896.00000000	3.31425861e+15	3.44329153e+15	3.06191994e-03
189700	1297.98661823	1897	1.39896755e-04	1897.00000000	3.31427285e+15	3.44330580e+15	3.06193190e-03
189800	1298.67280542	1898	1.39970501e-04	1898.00000000	3.31428706e+15	3.44332004e+15	3.06194384e-03
189900	1299.35864891	1899	1.40044248e-04	1899.00000000	3.31430123e+15	3.44333424e+15	3.06195574e-03
190000	1300.04474893	1900	1.40117994e-04	1900.00000000	3.31431536e+15	3.44334840e+15	3.06196762e-03
190100	1300.73130771	1901	1.40191740e-04	1901.00000000	3.31432946e+15	3.44336253e+15	3.06197946e-03
190200	1301.41726788	1902	1.40265487e-04	1902.00000000	3.31434352e+15	3.44337662e+15	3.06199127e-03
190300	1302.10337799	1903	1.40339233e-04	1903.00000000	3.31435754e+15	3.44339067e+15	3.06200305e-03
190400	1302.78806145	1904	1.40412979e-04	1904.00000000	3.31437153e+15	3.44340469e+15	3.06201480e-03
190500	1303.47409429	1905	1.40486726e-04	1905.00000000	3.31438548e+15	3.44341867e+15	3.06202652e-03
190600	1304.15971348	1906	1.40560472e-04	1906.00000000	3.31439939e+15	3.44343262e+15	3.06203821e-03
190700	1304.84519373	1907	1.40634218e-04	1907.00000000	3.31441327e+15	3.44344653e+15	3.06204988e-03
190800	1305.52945905	1908	1.40707965e-04	1908.00000000	3.31442712e+15	3.44346040e+15	3.06206151e-03
190900	1306.21569404	1909	1.40781711e-04	1909.00000000	3.31444092e+15	3.44347424e+15	3.06207311e-03
191000	1306.90195796	1910	1.40855457e-04	1910.00000000	3.31445470e+15	3.44348804e+15	3.06208468e-03
191100	1307.58876408	1911	1.40929204e-04	1911.00000000	3.31446843e+15	3.44350181e+15	3.06209622e-03
191200	1308.27527150	1912	1.41002950e-04	1912.00000000	3.31448213e+15	3.44351554e+15	3.06210773e-03
191300	1308.96003519	1913	1.41076696e-04	1913.00000000	3.31449580e+15	3.44352924e+15	3.06211921e-03
191400	1309.64501377	1914	1.41150442e-04	1914.00000000	3.31450943e+15	3.44354290e+15	3.06213067e-03
191500	1310.33051275	1915	1.41224189e-04	1915.00000000	3.31452303e+15	3.44355653e+15	3.06214209e-03
191600	1311.01645671	1916	1.41297935e-04	1916.00000000	3.31453659e+15	3.44357012e+15	3.06215348e-03
191700	1311.70189795	1917	1.41371681e-04	1917.00000000	3.31455012e+15	3.44358367e+15	3.06216485e-03
191800	1312.38734181	1918	1.41445428e-04	1918.00000000	3.31456361e+15	3.44359720e+15	3.06217618e-03
191900	1313.07286297	1919	1.41519174e-04	1919.00000000	3.31457707e+15	3.44361068e+15	3.06218749e-03
192000	1313.75834319	1920	1.41592920e-04	1920.00000000	3.31459049e+15	3.44362414e+15	3.06219877e-03
192100	1314.44453257	1921	1.41666667e-04	1921.00000000	3.31460388e+15	3.44363755e+15	3.06221002e-03
192200	1315.13067345	1922	1.41740413e-04	1922.00000000	3.31461723e+15	3.44365094e+15	3.06222124e-03
192300	1315.81229170	1923	1.41814159e-04	1923.00000000	3.31463055e+15	3.44366429e+15	3.06223243e-03
192400	1316.49814689	1924	1.41887906e-04	1924.00000000	3.31464384e+15	3.44367760e+15	3.06224359e-03
192500	1317.18472985	1925	1.41961652e-04	1925.00000000	3.31465709e+15	3.44369088e+15	3.06225472e-03
192600	1317.87036856	1926	1.42035398e-04	1926.00000000	3.31467030e+15	3.44370413e+15	3.06226583e-03
192700	1318.55122720	1927	1.42109145e-04	1927.00000000	3.31468349e+15	3.44371734e+15	3.06227690e-03
192800	1319.23618478	1928	1.42182891e-04	1928.00000000	3.31469664e+15	3.44373052e+15	3.06228795e-03
192900	1319.91667243	1929	1.42256637e-04	1929.00000000	3.31470975e+15	3.44374366e+15	3.06229897e-03
193000	1320.60245522	1930	1.42330383e-04	1930.00000000	3.31472283e+15	3.44375677e+15	3.06230996e-03
193100	1321.28828450	1931	1.42404130e-04	1931.00000000	3.31473588e+15	3.44376985e+15	3.06232092e-03
193200	1321.97025992	1932	1.42477876e-04	1932.00000000	3.31474889e+15	3.44378289e+15	3.06233186e-03
193300	1322.65518552	1933	1.42551622e-04	1933.00000000	3.31476188e+15	3.44379590e+15	3.06234276e-03
193400	1323.34184663	1934	1.42625369e-04	1934.00000000	3.31477482e+15	3.44380888e+15	3.06235364e-03
193500	1324.02788404	1935	1.42699115e-04	1935.00000000	3.31478774e+15	3.44382182e+15	3.06236449e-03
193600	1324.71378519	1936	1.42772861e-04	1936.00000000	3.31480062e+15	3.44383473e+15	3.06237531e-03
193700	1325.39922542	1937	1.42846608e-04	1937.00000000	3.31481347e+15	3.44384761e+15	3.06238611e-03
193800	1326.08339182	1938	1.42920354e-04	1938.00000000	3.31482628e+15	3.44386045e+15	3.06239688e-03
193900	1326.76910922	1939	1.42994100e-04	1939.00000000	3.31483906e+15	3.44387326e+15	3.06240761e-03
194000	1327.45410308	1940	1.43067847e-04	1940.00000000	3.31485181e+15	3.44388604e+15	3.06241833e-03
194100	1328.13752131	1941	1.43141593e-04	1941.00000000	3.31486453e+15	3.44389878e+15	3.06242901e-03
194200	1328.82139717	1942	1.43215339e-04	1942.00000000	3.31487721e+15	3.44391149e+15	3.06243967e-03
194300	1329.50474771	1943	1.43289086e-04	1943.00000000	3.31488986e+15	3.44392417e+15	3.06245030e-03
194400	1330.18872693	1944	1.43362832e-04	1944.00000000	3.31490248e+15	3.44393682e+15	3.06246090e-03
194500	1330.87233294	1945	1.43436578e-04	1945.00000000	3.31491507e+15	3.44394943e+15	3.06247148e-03
194600	1331.55641711	1946	1.43510324e-04	1946.00000000	3.31492762e+15	3.44396202e+15	3.06248202e-03
194700	1332.24092866	1947	1.43584071e-04	1947.00000000	3.31494015e+15	3.44397457e+15	3.06249255e-03
194800	1332.92494576	1948	1.43657817e-04	1948.00000000	3.31495264e+15	3.44398709e+15	3.06250304e-03
194900	1333.60966027	1949	1.43731563e-04	1949.00000000	3.31496510e+15	3.44399957e+15	3.06251351e-03
195000	1334.29444436	1950	1.43805310e-04	1950.00000000	3.31497752e+15	3.44401203e+15	3.06252395e-03
195100	1334.98028591	1951	1.43879056e-04	1951.00000000	3.31498992e+15	3.44402445e+15	3.06253436e-03
195200	1335.66440999	1952	1.43952802e-04	1952.00000000	3.31500228e+15	3.44403684e+15	3.06254475e-03
195300	1336.34909120	1953	1.44026549e-04	1953.00000000	3.31501461e+15	3.44404920e+15	3.06255511e-03
195400	1337.02823499	1954	1.44100295e-04	1954.00000000	3.31502691e+15	3.44406152e+15	3.06256544e-03
195500	1337.71117975	1955	1.44174041e-04	1955.00000000	3.31503918e+15	3.44407382e+15	3.06257575e-03
195600	1338.39397892	1956	1.44247788e-04	1956.00000000	3.31505142e+15	3.44408608e+15	3.06258603e-03
195700	1339.07867754	1957	1.44321534e-04	1957.00000000	3.31506362e+15	3.44409831e+15	3.06259628e-03
195800	1339.76373334	1958	1.44395280e-04	1958.00000000	3.31507579e+15	3.44411051e+15	3.06260651e-03
195900	1340.44723589	1959	1.44469027e-04	1959.00000000	3.31508794e+15	3.44412268e+15	3.06261671e-03
196000	1341.13136191	1960	1.44542773e-04	1960.00000000	3.31510005e+15	3.44413482e+15	3.06262689e-03
196100	1341.81572041	1961	1.44616519e-04	1961.00000000	3.31511213e+15	3.44414693e+15	3.06263704e-03
196200	1342.49912102	1962	1.44690265e-04	1962.00000000	3.31512418e+15	3.44415900e+15	3.06264716e-03
196300	1343.18265733	1963	1.44764012e-04	1963.00000000	3.31513619e+15	3.44417105e+15	3.06265726e-03
196400	1343.86612224	1964	1.44837758e-04	1964.00000000	3.31514818e+15	3.44418306e+15	3.06266733e-03
196500	1344.54989669	1965	1.44911504e-04	1965.00000000	3.31516014e+15	3.44419504e+15	3.06267738e-03
196600	1345.23359886	1966	1.44985251e-04	1966.00000000	3.31517206e+15	3.44420700e+15	3.06268740e-03
196700	1345.91717149	1967	1.45058997e-04	1967.00000000	3.31518396e+15	3.44421892e+15	3.06269739e-03
196800	1346.60077068	1968	1.45132743e-04	1968.00000000	3.31519583e+15	3.44423081e+15	3.06270736e-03
196900	1347.28590510	1969	1.45206490e-04	1969.00000000	3.31520766e+15	3.44424267e+15	3.06271730e-03
197000	1347.97087873	1970	1.45280236e-04	1970.00000000	3.31521947e+15	3.44425450e+15	3.06272722e-03
197100	1348.65382351	1971	1.45353982e-04	1971.00000000	3.31523124e+15	3.44426630e+15	3.06273711e-03
197200	1349.33779190	1972	1.45427729e-04	1972.00000000	3.31524299e+15	3.44427808e+15	3.06274698e-03
197300	1350.02288463	1973	1.45501475e-04	1973.00000000	3.31525470e+15	3.44428982e+15	3.06275682e-03
197400	1350.70787164	1974	1.45575221e-04	1974.00000000	3.31526639e+15	3.44430153e+15	3.06276664e-03
197500	1351.39398238	1975	1.45648968e-04	1975.00000000	3.31527804e+15	3.44431321e+15	3.06277643e-03
197600	1352.07983957	1976	1.45722714e-04	1976.00000000	3.31528967e+15	3.44432486e+15	3.06278620e-03
197700	1352.76612560	1977	1.45796460e-04	1977.00000000	3.31530126e+15	3.44433648e+15	3.06279594e-03
197800	1353.45215838	1978	1.45870206e-04	1978.00000000	3.31531283e+15	3.44434807e+15	3.06280566e-03
197900	1354.13893640	1979	1.45943953e-04	1979.00000000	3.31532437e+15	3.44435964e+15	3.06281535e-03
198000	1354.82423162	1980	1.46017699e-04	1980.00000000	3.31533588e+15	3.44437117e+15	3.06282502e-03
198100	1355.51106939	1981	1.46091445e-04	1981.00000000	3.31534735e+15	3.44438267e+15	3.06283466e-03
198200	1356.19692255	1982	1.46165192e-04	1982.00000000	3.31535880e+15	3.44439415e+15	3.06284428e-03
198300	1356.88263066	1983	1.46238938e-04	1983.00000000	3.31537022e+15	3.44440559e+15	3.06285388e-03
198400	1357.56928713	1984	1.46312684e-04	1984.00000000	3.31538161e+15	3.44441701e+15	3.06286345e-03
198500	1358.25538578	1985	1.46386431e-04	1985.00000000	3.31539298e+15	3.44442840e+15	3.06287299e-03
198600	1358.94203240	1986	1.46460177e-04	1986.00000000	3.31540431e+15	3.44443975e+15	3.06288251e-03
198700	1359.62460692	1987	1.46533923e-04	1987.00000000	3.31541561e+15	3.44445108e+15	3.06289201e-03
198800	1360.31112689	1988	1.46607670e-04	1988.00000000	3.31542689e+15	3.44446238e+15	3.06290148e-03
198900	1360.99655939	1989	1.46681416e-04	1989.00000000	3.31543813e+15	3.44447365e+15	3.06291093e-03
199000	1361.68312791	1990	1.46755162e-04	1990.00000000	3.31544935e+15	3.44448490e+15	3.06292036e-03
199100	1362.37026824	1991	1.46828909e-04	1991.00000000	3.31546054e+15	3.44449611e+15	3.06292976e-03
199200	1363.05639505	1992	1.46902655e-04	1992.00000000	3.31547170e+15	3.44450730e+15	3.06293913e-03
199300	1363.74308446	1993	1.46976401e-04	1993.00000000	3.31548284e+15	3.44451846e+15	3.06294849e-03
199400	1364.42936054	1994	1.47050147e-04	1994.00000000	3.31549394e+15	3.44452958e+15	3.06295782e-03
199500	1365.11579259	1995	1.47123894e-04	1995.00000000	3.31550502e+15	3.44454068e+15	3.06296712e-03
199600	1365.80207371	1996	1.47197640e-04	1996.00000000	3.31551607e+15	3.44455176e+15	3.06297640e-03
199700	1366.48858897	1997	1.47271386e-04	1997.00000000	3.31552709e+15	3.44456280e+15	3.06298566e-03
199800	1367.17505016	1998	1.47345133e-04	1998.00000000	3.31553808e+15	3.44457382e+15	3.06299490e-03
199900	1367.86041931	1999	1.47418879e-04	1999.00000000	3.31554904e+15	3.44458481e+15	3.06300411e-03
200000	1368.54637518	2000	1.47492625e-04	2000.00000000	3.31555998e+15	3.44459577e+15	3.06301330e-03
200100	1369.23826071	2001	1.47566372e-04	2001.00000000	3.31557089e+15	3.44460670e+15	3.06302246e-03
200200	1369.92421777	2002	1.47640118e-04	2002.00000000	3.31558177e+15	3.44461760e+15	3.06303160e-03
200300	1370.61058181	2003	1.47713864e-04	2003.00000000	3.31559262e+15	3.44462848e+15	3.06304072e-03
200400	1371.29636677	2004	1.47787611e-04	2004.00000000	3.31560345e+15	3.44463933e+15	3.06304982e-03
200500	1371.98261599	2005	1.47861357e-04	2005.00000000	3.31561424e+15	3.44465015e+15	3.06305889e-03
200600	1372.66870646	2006	1.47935103e-04	2006.00000000	3.31562501e+15	3.44466095e+15	3.06306794e-03
200700	1373.35460595	2007	1.48008850e-04	2007.00000000	3.31563576e+15	3.44467171e+15	3.06307697e-03
200800	1374.03973636	2008	1.48082596e-04	2008.00000000	3.31564647e+15	3.44468245e+15	3.06308597e-03
200900	1374.72470295	2009	1.48156342e-04	2009.00000000	3.31565716e+15	3.44469317e+15	3.06309495e-03
201000	1375.40975027	2010	1.48230088e-04	2010.00000000	3.31566783e+15	3.44470385e+15	3.06310391e-03
201100	1376.09535730	2011	1.48303835e-04	2011.00000000	3.31567846e+15	3.44471451e+15	3.06311284e-03
201200	1376.78034437	2012	1.48377581e-04	2012.00000000	3.31568907e+15	3.44472514e+15	3.06312176e-03
201300	1377.46399166	2013	1.48451327e-04	2013.00000000	3.31569965e+15	3.44473575e+15	3.06313065e-03
201400	1378.14847994	2014	1.48525074e-04	2014.00000000	3.31571020e+15	3.44474633e+15	3.06313951e-03
201500	1378.83383489	2015	1.48598820e-04	2015.00000000	3.31572073e+15	3.44475688e+15	3.06314836e-03
201600	1379.52002887	2016	1.48672566e-04	2016.00000000	3.31573123e+15	3.44476740e+15	3.06315718e-03
201700	1380.20610805	2017	1.48746313e-04	2017.00000000	3.31574171e+15	3.44477790e+15	3.06316598e-03
201800	1380.89168348	2018	1.48820059e-04	2018.00000000	3.31575216e+15	3.44478837e+15	3.06317476e-03
201900	1381.57735183	2019	1.48893805e-04	2019.00000000	3.31576258e+15	3.44479881e+15	3.06318352e-03
202000	1382.26319027	2020	1.48967552e-04	2020.00000000	3.31577297e+15	3.44480923e+15	3.06319225e-03
202100	1382.95004050	2021	1.49041298e-04	2021.00000000	3.31578334e+15	3.44481962e+15	3.06320096e-03
202200	1383.63622014	2022	1.49115044e-04	2022.00000000	3.31579368e+15	3.44482999e+15	3.06320965e-03
202300	1384.32179141	2023	1.49188791e-04	2023.00000000	3.31580400e+15	3.44484033e+15	3.06321832e-03
202400	1385.00741440	2024	1.49262537e-04	2024.00000000	3.31581429e+15	3.44485064e+15	3.06322696e-03
202500	1385.69354808	2025	1.49336283e-04	2025.00000000	3.31582456e+15	3.44486093e+15	3.06323559e-03
202600	1386.37958304	2026	1.49410029e-04	2026.00000000	3.31583479e+15	3.44487119e+15	3.06324419e-03
202700	1387.06593590	2027	1.49483776e-04	2027.00000000	3.31584500e+15	3.44488142e+15	3.06325277e-03
202800	1387.75177532	2028	1.49557522e-04	2028.00000000	3.31585519e+15	3.44489163e+15	3.06326133e-03
202900	1388.43758139	2029	1.49631268e-04	2029.00000000	3.31586535e+15	3.44490181e+15	3.06326986e-03
203000	1389.12308329	2030	1.49705015e-04	2030.00000000	3.31587548e+15	3.44491197e+15	3.06327838e-03
203100	1389.80913122	2031	1.49778761e-04	2031.00000000	3.31588559e+15	3.44492210e+15	3.06328687e-03
203200	1390.49461345	2032	1.49852507e-04	2032.00000000	3.31589568e+15	3.44493221e+15	3.06329534e-03
203300	1391.18093859	2033	1.49926254e-04	2033.00000000	3.31590573e+15	3.44494228e+15	3.06330379e-03
203400	1391.86661994	2034	1.50000000e-04	2034.00000000	3.31591576e+15	3.44495234e+15	3.06331222e-03
203500	1392.55291427	2035	1.50073746e-04	2035.00000000	3.31592577e+15	3.44496237e+15	3.06332063e-03
203600	1393.23829483	2036	1.50147493e-04	2036.00000000	3.31593575e+15	3.44497237e+15	3.06332901e-03
203700	1393.92498066	2037	1.50221239e-04	2037.00000000	3.31594571e+15	3.44498235e+15	3.06333738e-03
203800	1394.61025330	2038	1.50294985e-04	2038.00000000	3.31595564e+15	3.44499230e+15	3.06334572e-03
203900	1395.29340626	2039	1.50368732e-04	2039.00000000	3.31596554e+15	3.44500223e+15	3.06335404e-03
204000	1395.97789599	2040	1.50442478e-04	2040.00000000	3.31597542e+15	3.44501213e+15	3.06336234e-03
204100	1396.66148271	2041	1.50516224e-04	2041.00000000	3.31598528e+15	3.44502200e+15	3.06337062e-03
204200	1397.34568064	2042	1.50589971e-04	2042.00000000	3.31599511e+15	3.44503186e+15	3.06337888e-03
204300	1398.03186358	2043	1.50663717e-04	2043.00000000	3.31600491e+15	3.44504168e+15	3.06338712e-03
204400	1398.71747422	2044	1.50737463e-04	2044.00000000	3.31601469e+15	3.44505148e+15	3.06339533e-03
204500	1399.40323485	2045	1.50811209e-04	2045.00000000	3.31602445e+15	3.44506126e+15	3.06340353e-03
204600	1400.08918206	2046	1.50884956e-04	2046.00000000	3.31603418e+15	3.44507101e+15	3.06341171e-03
204700	1400.77326228	2047	1.50958702e-04	2047.00000000	3.31604388e+15	3.44508074e+15	3.06341986e-03
204800	1401.45904090	2048	1.51032448e-04	2048.00000000	3.31605356e+15	3.44509044e+15	3.06342800e-03
204900	1402.14526645	2049	1.51106195e-04	2049.00000000	3.31606322e+15	3.44510012e+15	3.06343611e-03
205000	1402.82956777	2050	1.51179941e-04	2050.00000000	3.31607285e+15	3.44510977e+15	3.06344420e-03
205100	1403.51254844	2051	1.51253687e-04	2051.00000000	3.31608246e+15	3.44511940e+15	3.06345227e-03
205200	1404.19842861	2052	1.51327434e-04	2052.00000000	3.31609205e+15	3.44512901e+15	3.06346033e-03
205300	1404.88424793	2053	1.51401180e-04	2053.00000000	3.31610161e+15	3.44513859e+15	3.06346836e-03
205400	1405.57012525	2054	1.51474926e-04	2054.00000000	3.31611114e+15	3.44514815e+15	3.06347637e-03
205500	1406.25559327	2055	1.51548673e-04	2055.00000000	3.31612065e+15	3.44515768e+15	3.06348436e-03
205600	1406.94147032	2056	1.51622419e-04	2056.00000000	3.31613014e+15	3.44516719e+15	3.06349233e-03
205700	1407.62652999	2057	1.51696165e-04	2057.00000000	3.31613960e+15	3.44517667e+15	3.06350028e-03
205800	1408.31075881	2058	1.51769912e-04	2058.00000000	3.31614904e+15	3.44518613e+15	3.06350821e-03
205900	1408.99606346	2059	1.51843658e-04	2059.00000000	3.31615846e+15	3.44519557e+15	3.06351613e-03
206000	1409.68172306	2060	1.51917404e-04	2060.00000000	3.31616785e+15	3.44520498e+15	3.06352402e-03
206100	1410.36742814	2061	1.51991150e-04	2061.00000000	3.31617722e+15	3.44521437e+15	3.06353189e-03
206200	1411.05276012	2062	1.52064897e-04	2062.00000000	3.31618656e+15	3.44522373e+15	3.06353974e-03
206300	1411.73825355	2063	1.52138643e-04	2063.00000000	3.31619588e+15	3.44523308e+15	3.06354757e-03
206400	1412.42360821	2064	1.52212389e-04	2064.00000000	3.31620518e+15	3.44524239e+15	3.06355538e-03
206500	1413.10768108	2065	1.52286136e-04	2065.00000000	3.31621446e+15	3.44525169e+15	3.06356317e-03
206600	1413.79231646	2066	1.52359882e-04	2066.00000000	3.31622371e+15	3.44526096e+15	3.06357094e-03
206700	1414.47777126	2067	1.52433628e-04	2067.00000000	3.31623293e+15	3.44527021e+15	3.06357870e-03
206800	1415.15683497	2068	1.52507375e-04	2068.00000000	3.31624214e+15	3.44527943e+15	3.06358643e-03
206900	1415.84193738	2069	1.52581121e-04	2069.00000000	3.31625132e+15	3.44528863e+15	3.06359414e-03
207000	1416.52791626	2070	1.52654867e-04	2070.00000000	3.31626048e+15	3.44529781e+15	3.06360184e-03
207100	1417.21040958	2071	1.52728614e-04	2071.00000000	3.31626961e+15	3.44530696e+15	3.06360951e-03
207200	1417.89716052	2072	1.52802360e-04	2072.00000000	3.31627872e+15	3.44531610e+15	3.06361717e-03
207300	1418.58322629	2073	1.52876106e-04	2073.00000000	3.31628781e+15	3.44532520e+15	3.06362480e-03
207400	1419.26976135	2074	1.52949853e-04	2074.00000000	3.31629688e+15	3.44533429e+15	3.06363242e-03
207500	1419.95625058	2075	1.53023599e-04	2075.00000000	3.31630592e+15	3.44534335e+15	3.06364002e-03
207600	1420.64147749	2076	1.53097345e-04	2076.00000000	3.31631494e+15	3.44535239e+15	3.06364760e-03
207700	1421.32702659	2077	1.53171091e-04	2077.00000000	3.31632394e+15	3.44536141e+15	3.06365516e-03
207800	1422.01305708	2078	1.53244838e-04	2078.00000000	3.31633291e+15	3.44537040e+15	3.06366270e-03
207900	1422.69945269	2079	1.53318584e-04	2079.00000000	3.31634186e+15	3.44537938e+15	3.06367022e-03
208000	1423.38546962	2080	1.53392330e-04	2080.00000000	3.31635079e+15	3.44538833e+15	3.06367772e-03
208100	1424.07186428	2081	1.53466077e-04	2081.00000000	3.31635970e+15	3.44539725e+15	3.06368520e-03
208200	1424.75806922	2082	1.53539823e-04	2082.00000000	3.31636858e+15	3.44540616e+15	3.06369267e-03
208300	1425.44315823	2083	1.53613569e-04	2083.00000000	3.31637745e+15	3.44541504e+15	3.06370011e-03
208400	1426.12847085	2084	1.53687316e-04	2084.00000000	3.31638629e+15	3.44542390e+15	3.06370754e-03
208500	1426.81473665	2085	1.53761062e-04	2085.00000000	3.31639510e+15	3.44543273e+15	3.06371495e-03
208600	1427.50081771	2086	1.53834808e-04	2086.00000000	3.31640390e+15	3.44544155e+15	3.06372234e-03
208700	1428.18665586	2087	1.53908555e-04	2087.00000000	3.31641267e+15	3.44545034e+15	3.06372971e-03
208800	1428.87192760	2088	1.53982301e-04	2088.00000000	3.31642142e+15	3.44545911e+15	3.06373706e-03
208900	1429.55783752	2089	1.54056047e-04	2089.00000000	3.31643015e+15	3.44546786e+15	3.06374440e-03
209000	1430.24389289	2090	1.54129794e-04	2090.00000000	3.31643886e+15	3.44547659e+15	3.06375171e-03
209100	1430.93043724	2091	1.54203540e-04	2091.00000000	3.31644755e+15	3.44548529e+15	3.06375901e-03
209200	1431.61718792	2092	1.54277286e-04	2092.00000000	3.31645621e+15	3.44549397e+15	3.06376629e-03
209300	1432.30337932	2093	1.54351032e-04	2093.00000000	3.31646485e+15	3.44550263e+15	3.06377355e-03
209400	1432.98840947	2094	1.54424779e-04	2094.00000000	3.31647347e+15	3.44551127e+15	3.06378079e-03
209500	1433.67407574	2095	1.54498525e-04	2095.00000000	3.31648207e+15	3.44551989e+15	3.06378801e-03
209600	1434.36003562	2096	1.54572271e-04	2096.00000000	3.31649065e+15	3.44552849e+15	3.06379522e-03
209700	1435.04505894	2097	1.54646018e-04	2097.00000000	3.31649920e+15	3.44553706e+15	3.06380241e-03
209800	1435.73014247	2098	1.54719764e-04	2098.00000000	3.31650773e+15	3.44554561e+15	3.06380958e-03
209900	1436.41578020	2099	1.54793510e-04	2099.00000000	3.31651625e+15	3.44555414e+15	3.06381673e-03
210000	1437.10096235	2100	1.54867257e-04	2100.00000000	3.31652474e+15	3.44556265e+15	3.06382386e-03
210100	1437.78620308	2101	1.54941003e-04	2101.00000000	3.31653321e+15	3.44557114e+15	3.06383098e-03
210200	1438.47207673	2102	1.55014749e-04	2102.00000000	3.31654165e+15	3.44557961e+15	3.06383807e-03
210300	1439.15772338	2103	1.55088496e-04	2103.00000000	3.31655008e+15	3.44558805e+15	3.06384515e-03
210400	1439.84380782	2104	1.55162242e-04	2104.00000000	3.31655849e+15	3.44559648e+15	3.06385222e-03
210500	1440.52977479	2105	1.55235988e-04	2105.00000000	3.31656687e+15	3.44560488e+15	3.06385926e-03
210600	1441.21552300	2106	1.55309735e-04	2106.00000000	3.31657524e+15	3.44561326e+15	3.06386629e-03
210700	1441.90138288	2107	1.55383481e-04	2107.00000000	3.31658358e+15	3.44562163e+15	3.06387330e-03
210800	1442.58811130	2108	1.55457227e-04	2108.00000000	3.31659190e+15	3.44562997e+15	3.06388029e-03
210900	1443.27420272	2109	1.55530973e-04	2109.00000000	3.31660021e+15	3.44563829e+15	3.06388727e-03
211000	1443.95581872	2110	1.55604720e-04	2110.00000000	3.31660849e+15	3.44564659e+15	3.06389422e-03
211100	1444.63903098	2111	1.55678466e-04	2111.00000000	3.31661675e+15	3.44565487e+15	3.06390116e-03
211200	1445.32369885	2112	1.55752212e-04	2112.00000000	3.31662499e+15	3.44566313e+15	3.06390809e-03
211300	1446.00883957	2113	1.55825959e-04	2113.00000000	3.31663321e+15	3.44567136e+15	3.06391499e-03
211400	1446.69531201	2114	1.55899705e-04	2114.00000000	3.31664141e+15	3.44567958e+15	3.06392188e-03
211500	1447.37726733	2115	1.55973451e-04	2115.00000000	3.31664959e+15	3.44568778e+15	3.06392875e-03
211600	1448.06119182	2116	1.56047198e-04	2116.00000000	3.31665774e+15	3.44569595e+15	3.06393561e-03
211700	1448.74596457	2117	1.56120944e-04	2117.00000000	3.31666588e+15	3.44570411e+15	3.06394244e-03
211800	1449.43187817	2118	1.56194690e-04	2118.00000000	3.31667400e+15	3.44571225e+15	3.06394926e-03
211900	1450.11749830	2119	1.56268437e-04	2119.00000000	3.31668210e+15	3.44572036e+15	3.06395607e-03
212000	1450.80313291	2120	1.56342183e-04	2120.00000000	3.31669018e+15	3.44572846e+15	3.06396285e-03
212100	1451.48944468	2121	1.56415929e-04	2121.00000000	3.31669823e+15	3.44573653e+15	3.06396962e-03
212200	1452.17460261	2122	1.56489676e-04	2122.00000000	3.31670627e+15	3.44574459e+15	3.06397638e-03
212300	1452.85883774	2123	1.56563422e-04	2123.00000000	3.31671429e+15	3.44575262e+15	3.06398311e-03
212400	1453.54298735	2124	1.56637168e-04	2124.00000000	3.31672229e+15	3.44576064e+15	3.06398983e-03
212500	1454.22758510	2125	1.56710914e-04	2125.00000000	3.31673026e+15	3.44576863e+15	3.06399653e-03
212600	1454.91221938	2126	1.56784661e-04	2126.00000000	3.31673822e+15	3.44577661e+15	3.06400322e-03
212700	1455.59694386	2127	1.56858407e-04	2127.00000000	3.31674616e+15	3.44578456e+15	3.06400989e-03
212800	1456.28243365	2128	1.56932153e-04	2128.00000000	3.31675408e+15	3.44579250e+15	3.06401654e-03
212900	1456.96186226	2129	1.57005900e-04	2129.00000000	3.31676198e+15	3.44580042e+15	3.06402318e-03
213000	1457.64615240	2130	1.57079646e-04	2130.00000000	3.31676986e+15	3.44580831e+15	3.06402980e-03
213100	1458.33204739	2131	1.57153392e-04	2131.00000000	3.31677772e+15	3.44581619e+15	3.06403640e-03
213200	1459.01802765	2132	1.57227139e-04	2132.00000000	3.31678556e+15	3.44582405e+15	3.06404299e-03
213300	1459.70369777	2133	1.57300885e-04	2133.00000000	3.31679338e+15	3.44583188e+15	3.06404956e-03
213400	1460.38938659	2134	1.57374631e-04	2134.00000000	3.31680118e+15	3.44583970e+15	3.06405611e-03
213500	1461.07412229	2135	1.57448378e-04	2135.00000000	3.31680896e+15	3.44584750e+15	3.06406265e-03
213600	1461.76005408	2136	1.57522124e-04	2136.00000000	3.31681672e+15	3.44585528e+15	3.06406917e-03
213700	1462.44611156	2137	1.57595870e-04	2137.00000000	3.31682446e+15	3.44586304e+15	3.06407567e-03
213800	1463.13273303	2138	1.57669617e-04	2138.00000000	3.31683218e+15	3.44587077e+15	3.06408216e-03
213900	1463.81891925	2139	1.57743363e-04	2139.00000000	3.31683988e+15	3.44587849e+15	3.06408863e-03
214000	1464.50512120	2140	1.57817109e-04	2140.00000000	3.31684757e+15	3.44588620e+15	3.06409509e-03
214100	1465.18912952	2141	1.57890855e-04	2141.00000000	3.31685523e+15	3.44589388e+15	3.06410153e-03
214200	1465.87303311	2142	1.57964602e-04	2142.00000000	3.31686288e+15	3.44590154e+15	3.06410795e-03
214300	1466.55926038	2143	1.58038348e-04	2143.00000000	3.31687051e+15	3.44590918e+15	3.06411436e-03
214400	1467.24495911	2144	1.58112094e-04	2144.00000000	3.31687811e+15	3.44591681e+15	3.06412075e-03
214500	1467.93199497	2145	1.58185841e-04	2145.00000000	3.31688570e+15	3.44592441e+15	3.06412713e-03
214600	1468.61755795	2146	1.58259587e-04	2146.00000000	3.31689327e+15	3.44593200e+15	3.06413348e-03
214700	1469.30328412	2147	1.58333333e-04	2147.00000000	3.31690082e+15	3.44593956e+15	3.06413983e-03
214800	1469.98489958	2148	1.58407080e-04	2148.00000000	3.31690835e+15	3.44594711e+15	3.06414616e-03
214900	1470.67126972	2149	1.58480826e-04	2149.00000000	3.31691586e+15	3.44595464e+15	3.06415247e-03
215000	1471.35140938	2150	1.58554572e-04	2150.00000000	3.31692335e+15	3.44596215e+15	3.06415876e-03
215100	1472.03833467	2151	1.58628319e-04	2151.00000000	3.31693083e+15	3.44596964e+15	3.06416504e-03
215200	1472.72477992	2152	1.58702065e-04	2152.00000000	3.31693828e+15	3.44597711e+15	3.06417130e-03
215300	1473.41029127	2153	1.58775811e-04	2153.00000000	3.31694572e+15	3.44598456e+15	3.06417755e-03
215400	1474.09608151	2154	1.58849558e-04	2154.00000000	3.31695314e+15	3.44599200e+15	3.06418378e-03
215500	1474.78244540	2155	1.58923304e-04	2155.00000000	3.31696054e+15	3.44599941e+15	3.06419000e-03
215600	1475.46844395	2156	1.58997050e-04	2156.00000000	3.31696792e+15	3.44600681e+15	3.06419620e-03
215700	1476.15472998	2157	1.59070796e-04	2157.00000000	3.31697528e+15	3.44601418e+15	3.06420238e-03
215800	1476.84037371	2158	1.59144543e-04	2158.00000000	3.31698262e+15	3.44602154e+15	3.06420855e-03
215900	1477.52567563	2159	1.59218289e-04	2159.00000000	3.31698994e+15	3.44602888e+15	3.06421471e-03
216000	1478.21155309	2160	1.59292035e-04	2160.00000000	3.31699725e+15	3.44603621e+15	3.06422085e-03
216100	1478.89801708	2161	1.59365782e-04	2161.00000000	3.31700454e+15	3.44604351e+15	3.06422697e-03
216200	1479.58325374	2162	1.59439528e-04	2162.00000000	3.31701181e+15	3.44605079e+15	3.06423308e-03
216300	1480.26585603	2163	1.59513274e-04	2163.00000000	3.31701906e+15	3.44605806e+15	3.06423917e-03
216400	1480.95122006	2164	1.59587021e-04	2164.00000000	3.31702629e+15	3.44606531e+15	3.06424524e-03
216500	1481.63620679	2165	1.59660767e-04	2165.00000000	3.31703350e+15	3.44607254e+15	3.06425130e-03
216600	1482.32285088	2166	1.59734513e-04	2166.00000000	3.31704070e+15	3.44607975e+15	3.06425735e-03
216700	1483.00887552	2167	1.59808260e-04	2167.00000000	3.31704788e+15	3.44608694e+15	3.06426338e-03
216800	1483.69526857	2168	1.59882006e-04	2168.00000000	3.31705504e+15	3.44609412e+15	3.06426940e-03
216900	1484.37888321	2169	1.59955752e-04	2169.00000000	3.31706218e+15	3.44610128e+15	3.06427540e-03
217000	1485.06436867	2170	1.60029499e-04	2170.00000000	3.31706930e+15	3.44610842e+15	3.06428138e-03
217100	1485.75040195	2171	1.60103245e-04	2171.00000000	3.31707641e+15	3.44611554e+15	3.06428735e-03
217200	1486.43641029	2172	1.60176991e-04	2172.00000000	3.31708349e+15	3.44612264e+15	3.06429331e-03
217300	1487.12296057	2173	1.60250737e-04	2173.00000000	3.31709056e+15	3.44612973e+15	3.06429924e-03
217400	1487.80932250	2174	1.60324484e-04	2174.00000000	3.31709762e+15	3.44613679e+15	3.06430517e-03
217500	1488.49526042	2175	1.60398230e-04	2175.00000000	3.31710465e+15	3.44614384e+15	3.06431108e-03
217600	1489.18046936	2176	1.60471976e-04	2176.00000000	3.31711167e+15	3.44615087e+15	3.06431697e-03
217700	1489.86628761	2177	1.60545723e-04	2177.00000000	3.31711866e+15	3.44615789e+15	3.06432285e-03
217800	1490.55262409	2178	1.60619469e-04	2178.00000000	3.31712564e+15	3.44616488e+15	3.06432872e-03
217900	1491.23917858	2179	1.60693215e-04	2179.00000000	3.31713261e+15	3.44617186e+15	3.06433457e-03
218000	1491.92465371	2180	1.60766962e-04	2180.00000000	3.31713955e+15	3.44617882e+15	3.06434040e-03
218100	1492.61147351	2181	1.60840708e-04	2181.00000000	3.31714648e+15	3.44618577e+15	3.06434623e-03
218200	1493.29788489	2182	1.60914454e-04	2182.00000000	3.31715339e+15	3.44619269e+15	3.06435203e-03
218300	1493.98468064	2183	1.60988201e-04	2183.00000000	3.31716028e+15	3.44619960e+15	3.06435782e-03
218400	1494.67031270	2184	1.61061947e-04	2184.00000000	3.31716716e+15	3.44620649e+15	3.06436360e-03
218500	1495.35511600	2185	1.61135693e-04	2185.00000000	3.31717402e+15	3.44621337e+15	3.06436936e-03
218600	1496.04105538	2186	1.61209440e-04	2186.00000000	3.31718086e+15	3.44622022e+15	3.06437511e-03
218700	1496.72704554	2187	1.61283186e-04	2187.00000000	3.31718768e+15	3.44622706e+15	3.06438084e-03
218800	1497.41332148	2188	1.61356932e-04	2188.00000000	3.31719449e+15	3.44623388e+15	3.06438656e-03
218900	1498.09925088	2189	1.61430678e-04	2189.00000000	3.31720128e+15	3.44624069e+15	3.06439227e-03
219000	1498.78517622	2190	1.61504425e-04	2190.00000000	3.31720805e+15	3.44624747e+15	3.06439796e-03
219100	1499.47141329	2191	1.61578171e-04	2191.00000000	3.31721481e+15	3.44625424e+15	3.06440363e-03
219200	1500.15744794	2192	1.61651917e-04	2192.00000000	3.31722155e+15	3.44626100e+15	3.06440929e-03
219300	1500.84351475	2193	1.61725664e-04	2193.00000000	3.31722827e+15	3.44626773e+15	3.06441494e-03
219400	1501.52915218	2194	1.61799410e-04	2194.00000000	3.31723497e+15	3.44627445e+15	3.06442057e-03
219500	1502.21319444	2195	1.61873156e-04	2195.00000000	3.31724166e+15	3.44628115e+15	3.06442619e-03
219600	1502.90005967	2196	1.61946903e-04	2196.00000000	3.31724833e+15	3.44628784e+15	3.06443180e-03
219700	1503.58598534	2197	1.62020649e-04	2197.00000000	3.31725498e+15	3.44629451e+15	3.06443739e-03
219800	1504.27271015	2198	1.62094395e-04	2198.00000000	3.31726162e+15	3.44630116e+15	3.06444296e-03
219900	1504.95906823	2199	1.62168142e-04	2199.00000000	3.31726824e+15	3.44630779e+15	3.06444852e-03
220000	1505.64228280	2200	1.62241888e-04	2200.00000000	3.31727484e+15	3.44631441e+15	3.06445407e-03
220100	1506.32992057	2201	1.62315634e-04	2201.00000000	3.31728143e+15	3.44632101e+15	3.06445960e-03
220200	1507.01533955	2202	1.62389381e-04	2202.00000000	3.31728799e+15	3.44632759e+15	3.06446512e-03
220300	1507.70105514	2203	1.62463127e-04	2203.00000000	3.31729455e+15	3.44633416e+15	3.06447063e-03
220400	1508.38690705	2204	1.62536873e-04	2204.00000000	3.31730108e+15	3.44634071e+15	3.06447612e-03
220500	1509.07270917	2205	1.62610619e-04	2205.00000000	3.31730760e+15	3.44634724e+15	3.06448160e-03
220600	1509.75845689	2206	1.62684366e-04	2206.00000000	3.31731410e+15	3.44635376e+15	3.06448706e-03
220700	1510.44419682	2207	1.62758112e-04	2207.00000000	3.31732059e+15	3.44636026e+15	3.06449251e-03
220800	1511.12710680	2208	1.62831858e-04	2208.00000000	3.31732705e+15	3.44636674e+15	3.06449794e-03
220900	1511.81496723	2209	1.62905605e-04	2209.00000000	3.31733351e+15	3.44637320e+15	3.06450336e-03
221000	1512.49956528	2210	1.62979351e-04	2210.00000000	3.31733994e+15	3.44637965e+15	3.06450877e-03
221100	1513.18512872	2211	1.63053097e-04	2211.00000000	3.31734636e+15	3.44638609e+15	3.06451416e-03
221200	1513.86959338	2212	1.63126844e-04	2212.00000000	3.31735276e+15	3.44639250e+15	3.06451954e-03
221300	1514.55437125	2213	1.63200590e-04	2213.00000000	3.31735915e+15	3.44639890e+15	3.06452491e-03
221400	1515.23918106	2214	1.63274336e-04	2214.00000000	3.31736552e+15	3.44640529e+15	3.06453026e-03
221500	1515.92320801	2215	1.63348083e-04	2215.00000000	3.31737187e+15	3.44641166e+15	3.06453560e-03
221600	1516.60745135	2216	1.63421829e-04	2216.00000000	3.31737821e+15	3.44641801e+15	3.06454093e-03
221700	1517.29094741	2217	1.63495575e-04	2217.00000000	3.31738453e+15	3.44642434e+15	3.06454624e-03
221800	1517.97636324	2218	1.63569322e-04	2218.00000000	3.31739084e+15	3.44643066e+15	3.06455153e-03
221900	1518.66123842	2219	1.63643068e-04	2219.00000000	3.31739713e+15	3.44643697e+15	3.06455682e-03
222000	1519.34647091	2220	1.63716814e-04	2220.00000000	3.31740340e+15	3.44644325e+15	3.06456209e-03
222100	1520.03114230	2221	1.63790560e-04	2221.00000000	3.31740966e+15	3.44644952e+15	3.06456735e-03
222200	1520.71568877	2222	1.63864307e-04	2222.00000000	3.31741590e+15	3.44645578e+15	3.06457259e-03
222300	1521.39912687	2223	1.63938053e-04	2223.00000000	3.31742212e+15	3.44646202e+15	3.06457782e-03
222400	1522.08354084	2224	1.64011799e-04	2224.00000000	3.31742833e+15	3.44646824e+15	3.06458304e-03
222500	1522.76857310	2225	1.64085546e-04	2225.00000000	3.31743453e+15	3.44647445e+15	3.06458824e-03
222600	1523.45320591	2226	1.64159292e-04	2226.00000000	3.31744070e+15	3.44648064e+15	3.06459343e-03
222700	1524.13742381	2227	1.64233038e-04	2227.00000000	3.31744687e+15	3.44648681e+15	3.06459861e-03
222800	1524.82158435	2228	1.64306785e-04	2228.00000000	3.31745301e+15	3.44649297e+15	3.06460377e-03
222900	1525.50605615	2229	1.64380531e-04	2229.00000000	3.31745914e+15	3.44649912e+15	3.06460893e-03
223000	1526.19070445	2230	1.64454277e-04	2230.00000000	3.31746526e+15	3.44650525e+15	3.06461406e-03
223100	1526.87593444	2231	1.64528024e-04	2231.00000000	3.31747136e+15	3.44651136e+15	3.06461919e-03
223200	1527.56114612	2232	1.64601770e-04	2232.00000000	3.31747744e+15	3.44651746e+15	3.06462430e-03
223300	1528.24611498	2233	1.64675516e-04	2233.00000000	3.31748351e+15	3.44652354e+15	3.06462940e-03
223400	1528.93033152	2234	1.64749263e-04	2234.00000000	3.31748956e+15	3.44652960e+15	3.06463448e-03
223500	1529.61408148	2235	1.64823009e-04	2235.00000000	3.31749560e+15	3.44653565e+15	3.06463956e-03
223600	1530.29893044	2236	1.64896755e-04	2236.00000000	3.31750162e+15	3.44654169e+15	3.06464462e-03
223700	1530.98335507	2237	1.64970501e-04	2237.00000000	3.31750763e+15	3.44654771e+15	3.06464966e-03
223800	1531.66795741	2238	1.65044248e-04	2238.00000000	3.31751362e+15	3.44655371e+15	3.06465470e-03
223900	1532.35298634	2239	1.65117994e-04	2239.00000000	3.31751959e+15	3.44655970e+15	3.06465972e-03
224000	1533.03760929	2240	1.65191740e-04	2240.00000000	3.31752555e+15	3.44656568e+15	3.06466473e-03
224100	1533.72274041	2241	1.65265487e-04	2241.00000000	3.31753150e+15	3.44657163e+15	3.06466972e-03
224200	1534.40842270	2242	1.65339233e-04	2242.00000000	3.31753743e+15	3.44657758e+15	3.06467471e-03
224300	1535.09407590	2243	1.65412979e-04	2243.00000000	3.31754334e+15	3.44658351e+15	3.06467968e-03
224400	1535.77959373	2244	1.65486726e-04	2244.00000000	3.31754924e+15	3.44658942e+15	3.06468463e-03
224500	1536.46549268	2245	1.65560472e-04	2245.00000000	3.31755513e+15	3.44659532e+15	3.06468958e-03
224600	1537.15190541	2246	1.65634218e-04	2246.00000000	3.31756100e+15	3.44660120e+15	3.06469451e-03
224700	1537.83779777	2247	1.65707965e-04	2247.00000000	3.31756685e+15	3.44660707e+15	3.06469943e-03
224800	1538.52313189	2248	1.65781711e-04	2248.00000000	3.31757269e+15	3.44661292e+15	3.06470434e-03
224900	1539.20947717	2249	1.65855457e-04	2249.00000000	3.31757852e+15	3.44661876e+15	3.06470923e-03
225000	1539.89487561	2250	1.65929204e-04	2250.00000000	3.31758433e+15	3.44662458e+15	3.06471411e-03
225100	1540.57623163	2251	1.66002950e-04	2251.00000000	3.31759013e+15	3.44663039e+15	3.06471898e-03
225200	1541.25828866	2252	1.66076696e-04	2252.00000000	3.31759591e+15	3.44663618e+15	3.06472384e-03
225300	1541.94403059	2253	1.66150442e-04	2253.00000000	3.31760167e+15	3.44664196e+15	3.06472869e-03
225400	1542.62919476	2254	1.66224189e-04	2254.00000000	3.31760742e+15	3.44664773e+15	3.06473352e-03
225500	1543.31466127	2255	1.66297935e-04	2255.00000000	3.31761316e+15	3.44665348e+15	3.06473834e-03
225600	1543.99660228	2256	1.66371681e-04	2256.00000000	3.31761888e+15	3.44665921e+15	3.06474315e-03
225700	1544.68709560	2257	1.66445428e-04	2257.00000000	3.31762459e+15	3.44666493e+15	3.06474794e-03
225800	1545.37251969	2258	1.66519174e-04	2258.00000000	3.31763028e+15	3.44667064e+15	3.06475273e-03
225900	1546.05893528	2259	1.66592920e-04	2259.00000000	3.31763596e+15	3.44667633e+15	3.06475750e-03
226000	1546.74537301	2260	1.66666667e-04	2260.00000000	3.31764163e+15	3.44668201e+15	3.06476226e-03
226100	1547.42754148	2261	1.66740413e-04	2261.00000000	3.31764728e+15	3.44668767e+15	3.06476700e-03
226200	1548.11176197	2262	1.66814159e-04	2262.00000000	3.31765291e+15	3.44669332e+15	3.06477174e-03
226300	1548.79377079	2263	1.66887906e-04	2263.00000000	3.31765853e+15	3.44669895e+15	3.06477646e-03
226400	1549.47748517	2264	1.66961652e-04	2264.00000000	3.31766414e+15	3.44670457e+15	3.06478117e-03
226500	1550.16328488	2265	1.67035398e-04	2265.00000000	3.31766973e+15	3.44671017e+15	3.06478587e-03
226600	1550.84748966	2266	1.67109145e-04	2266.00000000	3.31767531e+15	3.44671576e+15	3.06479056e-03
226700	1551.53326430	2267	1.67182891e-04	2267.00000000	3.31768087e+15	3.44672134e+15	3.06479524e-03
226800	1552.21925766	2268	1.67256637e-04	2268.00000000	3.31768642e+15	3.44672690e+15	3.06479990e-03
226900	1552.90505074	2269	1.67330383e-04	2269.00000000	3.31769196e+15	3.44673245e+15	3.06480455e-03
227000	1553.59026653	2270	1.67404130e-04	2270.00000000	3.31769748e+15	3.44673798e+15	3.06480919e-03
227100	1554.27054386	2271	1.67477876e-04	2271.00000000	3.31770299e+15	3.44674350e+15	3.06481382e-03
227200	1554.95564370	2272	1.67551622e-04	2272.00000000	3.31770848e+15	3.44674901e+15	3.06481843e-03
227300	1555.64024172	2273	1.67625369e-04	2273.00000000	3.31771396e+15	3.44675450e+15	3.06482304e-03
227400	1556.32718161	2274	1.67699115e-04	2274.00000000	3.31771943e+15	3.44675998e+15	3.06482763e-03
227500	1557.01242471	2275	1.67772861e-04	2275.00000000	3.31772488e+15	3.44676544e+15	3.06483221e-03
227600	1557.69707452	2276	1.67846608e-04	2276.00000000	3.31773031e+15	3.44677089e+15	3.06483678e-03
227700	1558.38330667	2277	1.67920354e-04	2277.00000000	3.31773574e+15	3.44677632e+15	3.06484134e-03
227800	1559.06556962	2278	1.67994100e-04	2278.00000000	3.31774115e+15	3.44678175e+15	3.06484588e-03
227900	1559.75125247	2279	1.68067847e-04	2279.00000000	3.31774654e+15	3.44678715e+15	3.06485041e-03
228000	1560.43058005	2280	1.68141593e-04	2280.00000000	3.31775192e+15	3.44679255e+15	3.06485494e-03
228100	1561.11299104	2281	1.68215339e-04	2281.00000000	3.31775729e+15	3.44679793e+15	3.06485945e-03
228200	1561.79805711	2282	1.68289086e-04	2282.00000000	3.31776265e+15	3.44680329e+15	3.06486395e-03
228300	1562.48385404	2283	1.68362832e-04	2283.00000000	3.31776799e+15	3.44680865e+15	3.06486843e-03
228400	1563.17081558	2284	1.68436578e-04	2284.00000000	3.31777332e+15	3.44681399e+15	3.06487291e-03
228500	1563.85632863	2285	1.68510324e-04	2285.00000000	3.31777863e+15	3.44681931e+15	3.06487738e-03
228600	1564.54094679	2286	1.68584071e-04	2286.00000000	3.31778393e+15	3.44682462e+15	3.06488183e-03
228700	1565.22494503	2287	1.68657817e-04	2287.00000000	3.31778922e+15	3.44682992e+15	3.06488627e-03
228800	1565.91045958	2288	1.68731563e-04	2288.00000000	3.31779449e+15	3.44683521e+15	3.06489070e-03
228900	1566.59654089	2289	1.68805310e-04	2289.00000000	3.31779975e+15	3.44684048e+15	3.06489512e-03
229000	1567.28137919	2290	1.68879056e-04	2290.00000000	3.31780499e+15	3.44684573e+15	3.06489953e-03
229100	1567.96721754	2291	1.68952802e-04	2291.00000000	3.31781023e+15	3.44685098e+15	3.06490393e-03
229200	1568.64953934	2292	1.69026549e-04	2292.00000000	3.31781545e+15	3.44685621e+15	3.06490831e-03
229300	1569.33559542	2293	1.69100295e-04	2293.00000000	3.31782065e+15	3.44686143e+15	3.06491269e-03
229400	1570.02183807	2294	1.69174041e-04	2294.00000000	3.31782585e+15	3.44686663e+15	3.06491705e-03
229500	1570.70799928	2295	1.69247788e-04	2295.00000000	3.31783103e+15	3.44687182e+15	3.06492140e-03
229600	1571.39383282	2296	1.69321534e-04	2296.00000000	3.31783619e+15	3.44687700e+15	3.06492574e-03
229700	1572.08005546	2297	1.69395280e-04	2297.00000000	3.31784134e+15	3.44688216e+15	3.06493007e-03
229800	1572.76560018	2298	1.69469027e-04	2298.00000000	3.31784648e+15	3.44688732e+15	3.06493439e-03
229900	1573.45172331	2299	1.69542773e-04	2299.00000000	3.31785161e+15	3.44689245e+15	3.06493870e-03
230000	1574.13769378	2300	1.69616519e-04	2300.00000000	3.31785673e+15	3.44689758e+15	3.06494300e-03
230100	1574.82455543	2301	1.69690265e-04	2301.00000000	3.31786183e+15	3.44690269e+15	3.06494728e-03
230200	1575.51061872	2302	1.69764012e-04	2302.00000000	3.31786691e+15	3.44690779e+15	3.06495156e-03
230300	1576.19629490	2303	1.69837758e-04	2303.00000000	3.31787199e+15	3.44691288e+15	3.06495582e-03
230400	1576.88177096	2304	1.69911504e-04	2304.00000000	3.31787705e+15	3.44691795e+15	3.06496008e-03
230500	1577.56783331	2305	1.69985251e-04	2305.00000000	3.31788210e+15	3.44692301e+15	3.06496432e-03
230600	1578.25346294	2306	1.70058997e-04	2306.00000000	3.31788714e+15	3.44692806e+15	3.06496855e-03
230700	1578.93976793	2307	1.70132743e-04	2307.00000000	3.31789216e+15	3.44693309e+15	3.06497277e-03
230800	1579.62593931	2308	1.70206490e-04	2308.00000000	3.31789717e+15	3.44693811e+15	3.06497698e-03
230900	1580.31197547	2309	1.70280236e-04	2309.00000000	3.31790217e+15	3.44694312e+15	3.06498118e-03
231000	1580.99622250	2310	1.70353982e-04	2310.00000000	3.31790715e+15	3.44694812e+15	3.06498537e-03
231100	1581.68311602	2311	1.70427729e-04	2311.00000000	3.31791212e+15	3.44695310e+15	3.06498955e-03
231200	1582.36946013	2312	1.70501475e-04	2312.00000000	3.31791708e+15	3.44695807e+15	3.06499371e-03
231300	1583.05063707	2313	1.70575221e-04	2313.00000000	3.31792203e+15	3.44696303e+15	3.06499787e-03
231400	1583.73666371	2314	1.70648968e-04	2314.00000000	3.31792696e+15	3.44696797e+15	3.06500202e-03
231500	1584.42328219	2315	1.70722714e-04	2315.00000000	3.31793189e+15	3.44697291e+15	3.06500615e-03
231600	1585.10735344	2316	1.70796460e-04	2316.00000000	3.31793680e+15	3.44697783e+15	3.06501028e-03
231700	1585.79256510	2317	1.70870206e-04	2317.00000000	3.31794169e+15	3.44698273e+15	3.06501439e-03
231800	1586.47760085	2318	1.70943953e-04	2318.00000000	3.31794658e+15	3.44698763e+15	3.06501849e-03
231900	1587.16171263	2319	1.71017699e-04	2319.00000000	3.31795145e+15	3.44699251e+15	3.06502259e-03
232000	1587.84708637	2320	1.71091445e-04	2320.00000000	3.31795631e+15	3.44699738e+15	3.06502667e-03
232100	1588.53311398	2321	1.71165192e-04	2321.00000000	3.31796115e+15	3.44700224e+15	3.06503074e-03
232200	1589.21813146	2322	1.71238938e-04	2322.00000000	3.31796599e+15	3.44700708e+15	3.06503481e-03
232300	1589.90408542	2323	1.71312684e-04	2323.00000000	3.31797081e+15	3.44701192e+15	3.06503886e-03
232400	1590.59003487	2324	1.71386431e-04	2324.00000000	3.31797562e+15	3.44701674e+15	3.06504290e-03
232500	1591.27652214	2325	1.71460177e-04	2325.00000000	3.31798042e+15	3.44702155e+15	3.06504693e-03
232600	1591.96245030	2326	1.71533923e-04	2326.00000000	3.31798520e+15	3.44702634e+15	3.06505095e-03
232700	1592.64854672	2327	1.71607670e-04	2327.00000000	3.31798998e+15	3.44703113e+15	3.06505496e-03
232800	1593.33376828	2328	1.71681416e-04	2328.00000000	3.31799474e+15	3.44703590e+15	3.06505896e-03
232900	1594.01992250	2329	1.71755162e-04	2329.00000000	3.31799949e+15	3.44704066e+15	3.06506295e-03
233000	1594.70428873	2330	1.71828909e-04	2330.00000000	3.31800422e+15	3.44704540e+15	3.06506693e-03
233100	1595.38896889	2331	1.71902655e-04	2331.00000000	3.31800895e+15	3.44705014e+15	3.06507090e-03
233200	1596.07545489	2332	1.71976401e-04	2332.00000000	3.31801366e+15	3.44705486e+15	3.06507486e-03
233300	1596.75953842	2333	1.72050147e-04	2333.00000000	3.31801836e+15	3.44705957e+15	3.06507881e-03
233400	1597.44596118	2334	1.72123894e-04	2334.00000000	3.31802305e+15	3.44706427e+15	3.06508275e-03
233500	1598.13163784	2335	1.72197640e-04	2335.00000000	3.31802773e+15	3.44706896e+15	3.06508668e-03
233600	1598.81761366	2336	1.72271386e-04	2336.00000000	3.31803239e+15	3.44707364e+15	3.06509060e-03
233700	1599.50311870	2337	1.72345133e-04	2337.00000000	3.31803705e+15	3.44707830e+15	3.06509451e-03
233800	1600.18916487	2338	1.72418879e-04	2338.00000000	3.31804169e+15	3.44708295e+15	3.06509841e-03
233900	1600.87502839	2339	1.72492625e-04	2339.00000000	3.31804632e+15	3.44708759e+15	3.06510230e-03
234000	1601.55985257	2340	1.72566372e-04	2340.00000000	3.31805094e+15	3.44709222e+15	3.06510618e-03
234100	1602.24509729	2341	1.72640118e-04	2341.00000000	3.31805554e+15	3.44709683e+15	3.06511005e-03
234200	1602.93157479	2342	1.72713864e-04	2342.00000000	3.31806014e+15	3.44710144e+15	3.06511391e-03
234300	1603.61760976	2343	1.72787611e-04	2343.00000000	3.31806472e+15	3.44710603e+15	3.06511776e-03
234400	1604.30399372	2344	1.72861357e-04	2344.00000000	3.31806929e+15	3.44711061e+15	3.06512160e-03
234500	1604.99014584	2345	1.72935103e-04	2345.00000000	3.31807385e+15	3.44711518e+15	3.06512543e-03
234600	1605.67608167	2346	1.73008850e-04	2346.00000000	3.31807840e+15	3.44711974e+15	3.06512925e-03
234700	1606.36281528	2347	1.73082596e-04	2347.00000000	3.31808293e+15	3.44712429e+15	3.06513307e-03
234800	1607.04949523	2348	1.73156342e-04	2348.00000000	3.31808746e+15	3.44712882e+15	3.06513687e-03
234900	1607.73368288	2349	1.73230088e-04	2349.00000000	3.31809197e+15	3.44713334e+15	3.06514066e-03
235000	1608.41793941	2350	1.73303835e-04	2350.00000000	3.31809647e+15	3.44713785e+15	3.06514444e-03
235100	1609.10414554	2351	1.73377581e-04	2351.00000000	3.31810096e+15	3.44714235e+15	3.06514821e-03
235200	1609.78773388	2352	1.73451327e-04	2352.00000000	3.31810544e+15	3.44714684e+15	3.06515198e-03
235300	1610.47355465	2353	1.73525074e-04	2353.00000000	3.31810991e+15	3.44715132e+15	3.06515573e-03
235400	1611.15999187	2354	1.73598820e-04	2354.00000000	3.31811436e+15	3.44715579e+15	3.06515948e-03
235500	1611.84602378	2355	1.73672566e-04	2355.00000000	3.31811881e+15	3.44716024e+15	3.06516321e-03
235600	1612.53189383	2356	1.73746313e-04	2356.00000000	3.31812324e+15	3.44716468e+15	3.06516694e-03
235700	1613.21774359	2357	1.73820059e-04	2357.00000000	3.31812766e+15	3.44716912e+15	3.06517065e-03
235800	1613.90322778	2358	1.73893805e-04	2358.00000000	3.31813207e+15	3.44717354e+15	3.06517436e-03
235900	1614.58832501	2359	1.73967552e-04	2359.00000000	3.31813647e+15	3.44717795e+15	3.06517805e-03
236000	1615.27205086	2360	1.74041298e-04	2360.00000000	3.31814086e+15	3.44718234e+15	3.06518174e-03
236100	1615.95270064	2361	1.74115044e-04	2361.00000000	3.31814524e+15	3.44718673e+15	3.06518542e-03
236200	1616.63177393	2362	1.74188791e-04	2362.00000000	3.31814960e+15	3.44719111e+15	3.06518909e-03
236300	1617.31651691	2363	1.74262537e-04	2363.00000000	3.31815396e+15	3.44719547e+15	3.06519275e-03
236400	1618.00368936	2364	1.74336283e-04	2364.00000000	3.31815830e+15	3.44719982e+15	3.06519640e-03
236500	1618.69005802	2365	1.74410029e-04	2365.00000000	3.31816264e+15	3.44720417e+15	3.06520004e-03
236600	1619.37279241	2366	1.74483776e-04	2366.00000000	3.31816696e+15	3.44720850e+15	3.06520367e-03
236700	1620.05887358	2367	1.74557522e-04	2367.00000000	3.31817127e+15	3.44721282e+15	3.06520729e-03
236800	1620.74543892	2368	1.74631268e-04	2368.00000000	3.31817557e+15	3.44721713e+15	3.06521090e-03
236900	1621.43127859	2369	1.74705015e-04	2369.00000000	3.31817986e+15	3.44722143e+15	3.06521451e-03
237000	1622.11054851	2370	1.74778761e-04	2370.00000000	3.31818414e+15	3.44722571e+15	3.06521810e-03
237100	1622.79741090	2371	1.74852507e-04	2371.00000000	3.31818840e+15	3.44722999e+15	3.06522169e-03
237200	1623.48339018	2372	1.74926254e-04	2372.00000000	3.31819266e+15	3.44723426e+15	3.06522526e-03
237300	1624.17024176	2373	1.75000000e-04	2373.00000000	3.31819690e+15	3.44723851e+15	3.06522883e-03
237400	1624.85628988	2374	1.75073746e-04	2374.00000000	3.31820114e+15	3.44724275e+15	3.06523239e-03
237500	1625.54268862	2375	1.75147493e-04	2375.00000000	3.31820536e+15	3.44724699e+15	3.06523594e-03
237600	1626.22908950	2376	1.75221239e-04	2376.00000000	3.31820958e+15	3.44725121e+15	3.06523948e-03
237700	1626.91569987	2377	1.75294985e-04	2377.00000000	3.31821378e+15	3.44725542e+15	3.06524301e-03
237800	1627.60242197	2378	1.75368732e-04	2378.00000000	3.31821797e+15	3.44725962e+15	3.06524653e-03
237900	1628.28872630	2379	1.75442478e-04	2379.00000000	3.31822215e+15	3.44726381e+15	3.06525004e-03
238000	1628.97419495	2380	1.75516224e-04	2380.00000000	3.31822632e+15	3.44726799e+15	3.06525355e-03
238100	1629.66029097	2381	1.75589971e-04	2381.00000000	3.31823048e+15	3.44727216e+15	3.06525704e-03
238200	1630.34630333	2382	1.75663717e-04	2382.00000000	3.31823463e+15	3.44727632e+15	3.06526053e-03
238300	1631.03279362	2383	1.75737463e-04	2383.00000000	3.31823877e+15	3.44728047e+15	3.06526401e-03
238400	1631.71918634	2384	1.75811209e-04	2384.00000000	3.31824290e+15	3.44728461e+15	3.06526748e-03
238500	1632.40135407	2385	1.75884956e-04	2385.00000000	3.31824702e+15	3.44728873e+15	3.06527094e-03
238600	1633.08729545	2386	1.75958702e-04	2386.00000000	3.31825112e+15	3.44729285e+15	3.06527439e-03
238700	1633.77272361	2387	1.76032448e-04	2387.00000000	3.31825522e+15	3.44729696e+15	3.06527783e-03
238800	1634.45902645	2388	1.76106195e-04	2388.00000000	3.31825931e+15	3.44730105e+15	3.06528126e-03
238900	1635.14509562	2389	1.76179941e-04	2389.00000000	3.31826338e+15	3.44730514e+15	3.06528469e-03
239000	1635.83117340	2390	1.76253687e-04	2390.00000000	3.31826745e+15	3.44730921e+15	3.06528810e-03
239100	1636.51258957	2391	1.76327434e-04	2391.00000000	3.31827150e+15	3.44731327e+15	3.06529151e-03
239200	1637.19809256	2392	1.76401180e-04	2392.00000000	3.31827555e+15	3.44731733e+15	3.06529491e-03
239300	1637.88325409	2393	1.76474926e-04	2393.00000000	3.31827958e+15	3.44732137e+15	3.06529830e-03
239400	1638.56530328	2394	1.76548673e-04	2394.00000000	3.31828361e+15	3.44732540e+15	3.06530168e-03
239500	1639.24633615	2395	1.76622419e-04	2395.00000000	3.31828762e+15	3.44732943e+15	3.06530505e-03
239600	1639.93194797	2396	1.76696165e-04	2396.00000000	3.31829162e+15	3.44733344e+15	3.06530842e-03
239700	1640.61798086	2397	1.76769912e-04	2397.00000000	3.31829562e+15	3.44733744e+15	3.06531177e-03
239800	1641.30385428	2398	1.76843658e-04	2398.00000000	3.31829960e+15	3.44734143e+15	3.06531512e-03
239900	1641.98896412	2399	1.76917404e-04	2399.00000000	3.31830357e+15	3.44734541e+15	3.06531846e-03
240000	1642.67485322	2400	1.76991150e-04	2400.00000000	3.31830753e+15	3.44734938e+15	3.06532179e-03
240100	1643.36142049	2401	1.77064897e-04	2401.00000000	3.31831149e+15	3.44735335e+15	3.06532511e-03
240200	1644.04726051	2402	1.77138643e-04	2402.00000000	3.31831543e+15	3.44735730e+15	3.06532842e-03
240300	1644.73295964	2403	1.77212389e-04	2403.00000000	3.31831936e+15	3.44736124e+15	3.06533172e-03
240400	1645.41803591	2404	1.77286136e-04	2404.00000000	3.31832328e+15	3.44736517e+15	3.06533502e-03
240500	1646.10350377	2405	1.77359882e-04	2405.00000000	3.31832719e+15	3.44736909e+15	3.06533831e-03
240600	1646.78830085	2406	1.77433628e-04	2406.00000000	3.31833110e+15	3.44737300e+15	3.06534159e-03
240700	1647.47454575	2407	1.77507375e-04	2407.00000000	3.31833499e+15	3.44737690e+15	3.06534486e-03
240800	1648.16076750	2408	1.77581121e-04	2408.00000000	3.31833887e+15	3.44738079e+15	3.06534812e-03
240900	1648.84713036	2409	1.77654867e-04	2409.00000000	3.31834274e+15	3.44738467e+15	3.06535137e-03
241000	1649.53312839	2410	1.77728614e-04	2410.00000000	3.31834661e+15	3.44738854e+15	3.06535462e-03
241100	1650.21940209	2411	1.77802360e-04	2411.00000000	3.31835046e+15	3.44739240e+15	3.06535786e-03
241200	1650.90507669	2412	1.77876106e-04	2412.00000000	3.31835430e+15	3.44739626e+15	3.06536108e-03
241300	1651.59147478	2413	1.77949853e-04	2413.00000000	3.31835813e+15	3.44740010e+15	3.06536430e-03
241400	1652.27781458	2414	1.78023599e-04	2414.00000000	3.31836196e+15	3.44740393e+15	3.06536752e-03
241500	1652.96324540	2415	1.78097345e-04	2415.00000000	3.31836577e+15	3.44740775e+15	3.06537072e-03
241600	1653.64846421	2416	1.78171091e-04	2416.00000000	3.31836957e+15	3.44741156e+15	3.06537392e-03
241700	1654.33465742	2417	1.78244838e-04	2417.00000000	3.31837337e+15	3.44741536e+15	3.06537711e-03
241800	1655.02064328	2418	1.78318584e-04	2418.00000000	3.31837715e+15	3.44741916e+15	3.06538029e-03
241900	1655.70646318	2419	1.78392330e-04	2419.00000000	3.31838093e+15	3.44742294e+15	3.06538346e-03
242000	1656.39222266	2420	1.78466077e-04	2420.00000000	3.31838469e+15	3.44742671e+15	3.06538662e-03
242100	1657.07629735	2421	1.78539823e-04	2421.00000000	3.31838845e+15	3.44743048e+15	3.06538978e-03
242200	1657.76225572	2422	1.78613569e-04	2422.00000000	3.31839219e+15	3.44743423e+15	3.06539292e-03
242300	1658.44405485	2423	1.78687316e-04	2423.00000000	3.31839593e+15	3.44743798e+15	3.06539606e-03
242400	1659.13070133	2424	1.78761062e-04	2424.00000000	3.31839966e+15	3.44744171e+15	3.06539919e-03
242500	1659.81697380	2425	1.78834808e-04	2425.00000000	3.31840337e+15	3.44744544e+15	3.06540232e-03
242600	1660.50260939	2426	1.78908555e-04	2426.00000000	3.31840708e+15	3.44744915e+15	3.06540543e-03
242700	1661.18846990	2427	1.78982301e-04	2427.00000000	3.31841078e+15	3.44745286e+15	3.06540854e-03
242800	1661.87446987	2428	1.79056047e-04	2428.00000000	3.31841447e+15	3.44745656e+15	3.06541164e-03
242900	1662.55981445	2429	1.79129794e-04	2429.00000000	3.31841815e+15	3.44746024e+15	3.06541473e-03
243000	1663.24538288	2430	1.79203540e-04	2430.00000000	3.31842182e+15	3.44746392e+15	3.06541782e-03
243100	1663.92691013	2431	1.79277286e-04	2431.00000000	3.31842548e+15	3.44746759e+15	3.06542089e-03
243200	1664.61097010	2432	1.79351032e-04	2432.00000000	3.31842913e+15	3.44747125e+15	3.06542396e-03
243300	1665.29510896	2433	1.79424779e-04	2433.00000000	3.31843277e+15	3.44747490e+15	3.06542702e-03
243400	1665.97958865	2434	1.79498525e-04	2434.00000000	3.31843641e+15	3.44747854e+15	3.06543007e-03
243500	1666.66514979	2435	1.79572271e-04	2435.00000000	3.31844003e+15	3.44748217e+15	3.06543312e-03
243600	1667.35175798	2436	1.79646018e-04	2436.00000000	3.31844365e+15	3.44748580e+15	3.06543616e-03
243700	1668.03815548	2437	1.79719764e-04	2437.00000000	3.31844725e+15	3.44748941e+15	3.06543919e-03
243800	1668.72421203	2438	1.79793510e-04	2438.00000000	3.31845085e+15	3.44749301e+15	3.06544221e-03
243900	1669.40899520	2439	1.79867257e-04	2439.00000000	3.31845443e+15	3.44749661e+15	3.06544522e-03
244000	1670.09495455	2440	1.79941003e-04	2440.00000000	3.31845801e+15	3.44750020e+15	3.06544823e-03
244100	1670.78151381	2441	1.80014749e-04	2441.00000000	3.31846158e+15	3.44750377e+15	3.06545123e-03
244200	1671.46767454	2442	1.80088496e-04	2442.00000000	3.31846514e+15	3.44750734e+15	3.06545422e-03
244300	1672.15436783	2443	1.80162242e-04	2443.00000000	3.31846869e+15	3.44751090e+15	3.06545720e-03
244400	1672.83869714	2444	1.80235988e-04	2444.00000000	3.31847223e+15	3.44751445e+15	3.06546018e-03
244500	1673.52407833	2445	1.80309735e-04	2445.00000000	3.31847576e+15	3.44751799e+15	3.06546314e-03
244600	1674.20921481	2446	1.80383481e-04	2446.00000000	3.31847929e+15	3.44752152e+15	3.06546611e-03
244700	1674.89497583	2447	1.80457227e-04	2447.00000000	3.31848280e+15	3.44752504e+15	3.06546906e-03
244800	1675.58035221	2448	1.80530973e-04	2448.00000000	3.31848631e+15	3.44752856e+15	3.06547200e-03
244900	1676.26589544	2449	1.80604720e-04	2449.00000000	3.31848981e+15	3.44753206e+15	3.06547494e-03
245000	1676.95206430	2450	1.80678466e-04	2450.00000000	3.31849329e+15	3.44753556e+15	3.06547787e-03
245100	1677.63837849	2451	1.80752212e-04	2451.00000000	3.31849677e+15	3.44753904e+15	3.06548080e-03
245200	1678.32167633	2452	1.80825959e-04	2452.00000000	3.31850024e+15	3.44754252e+15	3.06548371e-03
245300	1679.00800089	2453	1.80899705e-04	2453.00000000	3.31850370e+15	3.44754599e+15	3.06548662e-03
245400	1679.69169661	2454	1.80973451e-04	2454.00000000	3.31850716e+15	3.44754945e+15	3.06548952e-03
245500	1680.37790504	2455	1.81047198e-04	2455.00000000	3.31851060e+15	3.44755290e+15	3.06549242e-03
245600	1681.06478094	2456	1.81120944e-04	2456.00000000	3.31851404e+15	3.44755634e+15	3.06549530e-03
245700	1681.74362479	2457	1.81194690e-04	2457.00000000	3.31851746e+15	3.44755978e+15	3.06549818e-03
245800	1682.42775228	2458	1.81268437e-04	2458.00000000	3.31852088e+15	3.44756320e+15	3.06550105e-03
245900	1683.11368777	2459	1.81342183e-04	2459.00000000	3.31852429e+15	3.44756662e+15	3.06550392e-03
246000	1683.79961211	2460	1.81415929e-04	2460.00000000	3.31852769e+15	3.44757003e+15	3.06550677e-03
246100	1684.47987892	2461	1.81489676e-04	2461.00000000	3.31853108e+15	3.44757343e+15	3.06550962e-03
246200	1685.16471892	2462	1.81563422e-04	2462.00000000	3.31853446e+15	3.44757682e+15	3.06551247e-03
246300	1685.85107376	2463	1.81637168e-04	2463.00000000	3.31853784e+15	3.44758020e+15	3.06551530e-03
246400	1686.53633164	2464	1.81710914e-04	2464.00000000	3.31854120e+15	3.44758357e+15	3.06551813e-03
246500	1687.22277344	2465	1.81784661e-04	2465.00000000	3.31854456e+15	3.44758694e+15	3.06552095e-03
246600	1687.90898703	2466	1.81858407e-04	2466.00000000	3.31854791e+15	3.44759029e+15	3.06552376e-03
246700	1688.59473289	2467	1.81932153e-04	2467.00000000	3.31855125e+15	3.44759364e+15	3.06552657e-03
246800	1689.28043502	2468	1.82005900e-04	2468.00000000	3.31855458e+15	3.44759698e+15	3.06552937e-03
246900	1689.96675700	2469	1.82079646e-04	2469.00000000	3.31855791e+15	3.44760031e+15	3.06553216e-03
247000	1690.65279855	2470	1.82153392e-04	2470.00000000	3.31856122e+15	3.44760363e+15	3.06553495e-03
247100	1691.33991215	2471	1.82227139e-04	2471.00000000	3.31856453e+15	3.44760695e+15	3.06553773e-03
247200	1692.02575708	2472	1.82300885e-04	2472.00000000	3.31856782e+15	3.44761025e+15	3.06554050e-03
247300	1692.71225413	2473	1.82374631e-04	2473.00000000	3.31857111e+15	3.44761355e+15	3.06554326e-03
247400	1693.39579353	2474	1.82448378e-04	2474.00000000	3.31857440e+15	3.44761684e+15	3.06554602e-03
247500	1694.08195747	2475	1.82522124e-04	2475.00000000	3.31857767e+15	3.44762012e+15	3.06554877e-03
247600	1694.76872224	2476	1.82595870e-04	2476.00000000	3.31858093e+15	3.44762339e+15	3.06555151e-03
247700	1695.45430393	2477	1.82669617e-04	2477.00000000	3.31858419e+15	3.44762665e+15	3.06555425e-03
247800	1696.14042616	2478	1.82743363e-04	2478.00000000	3.31858744e+15	3.44762991e+15	3.06555698e-03
247900	1696.82620775	2479	1.82817109e-04	2479.00000000	3.31859068e+15	3.44763315e+15	3.06555970e-03
248000	1697.51205633	2480	1.82890855e-04	2480.00000000	3.31859391e+15	3.44763639e+15	3.06556242e-03
248100	1698.19746285	2481	1.82964602e-04	2481.00000000	3.31859713e+15	3.44763962e+15	3.06556512e-03
248200	1698.88309023	2482	1.83038348e-04	2482.00000000	3.31860035e+15	3.44764284e+15	3.06556782e-03
248300	1699.56943205	2483	1.83112094e-04	2483.00000000	3.31860355e+15	3.44764606e+15	3.06557052e-03
248400	1700.25502554	2484	1.83185841e-04	2484.00000000	3.31860675e+15	3.44764926e+15	3.06557321e-03
248500	1700.94077657	2485	1.83259587e-04	2485.00000000	3.31860994e+15	3.44765246e+15	3.06557589e-03
248600	1701.62666700	2486	1.83333333e-04	2486.00000000	3.31861312e+15	3.44765565e+15	3.06557856e-03
248700	1702.31278310	2487	1.83407080e-04	2487.00000000	3.31861629e+15	3.44765883e+15	3.06558123e-03
248800	1702.99925069	2488	1.83480826e-04	2488.00000000	3.31861946e+15	3.44766200e+15	3.06558389e-03
248900	1703.68428645	2489	1.83554572e-04	2489.00000000	3.31862262e+15	3.44766517e+15	3.06558654e-03
249000	1704.37084033	2490	1.83628319e-04	2490.00000000	3.31862577e+15	3.44766832e+15	3.06558918e-03
249100	1705.05643671	2491	1.83702065e-04	2491.00000000	3.31862891e+15	3.44767147e+15	3.06559182e-03
249200	1705.74203517	2492	1.83775811e-04	2492.00000000	3.31863204e+15	3.44767461e+15	3.06559446e-03
249300	1706.42872545	2493	1.83849558e-04	2493.00000000	3.31863516e+15	3.44767774e+15	3.06559708e-03
249400	1707.11456914	2494	1.83923304e-04	2494.00000000	3.31863828e+15	3.44768086e+15	3.06559970e-03
249500	1707.80024201	2495	1.83997050e-04	2495.00000000	3.31864139e+15	3.44768398e+15	3.06560231e-03
249600	1708.48609544	2496	1.84070796e-04	2496.00000000	3.31864449e+15	3.44768709e+15	3.06560492e-03
249700	1709.17179720	2497	1.84144543e-04	2497.00000000	3.31864758e+15	3.44769019e+15	3.06560752e-03
249800	1709.85717767	2498	1.84218289e-04	2498.00000000	3.31865067e+15	3.44769328e+15	3.06561011e-03
249900	1710.53958733	2499	1.84292035e-04	2499.00000000	3.31865374e+15	3.44769636e+15	3.06561269e-03
250000	1711.22518592	2500	1.84365782e-04	2500.00000000	3.31865681e+15	3.44769944e+15	3.06561527e-03
250100	1711.91121737	2501	1.84439528e-04	2501.00000000	3.31865987e+15	3.44770251e+15	3.06561784e-03
250200	1712.59578712	2502	1.84513274e-04	2502.00000000	3.31866293e+15	3.44770556e+15	3.06562041e-03
250300	1713.28163638	2503	1.84587021e-04	2503.00000000	3.31866597e+15	3.44770862e+15	3.06562297e-03
250400	1713.96751316	2504	1.84660767e-04	2504.00000000	3.31866901e+15	3.44771166e+15	3.06562552e-03
250500	1714.65309397	2505	1.84734513e-04	2505.00000000	3.31867204e+15	3.44771470e+15	3.06562807e-03
250600	1715.33933338	2506	1.84808260e-04	2506.00000000	3.31867506e+15	3.44771773e+15	3.06563061e-03
250700	1716.01898527	2507	1.84882006e-04	2507.00000000	3.31867807e+15	3.44772075e+15	3.06563314e-03
250800	1716.70304830	2508	1.84955752e-04	2508.00000000	3.31868108e+15	3.44772376e+15	3.06563566e-03
250900	1717.38831193	2509	1.85029499e-04	2509.00000000	3.31868408e+15	3.44772676e+15	3.06563818e-03
251000	1718.07424481	2510	1.85103245e-04	2510.00000000	3.31868707e+15	3.44772976e+15	3.06564070e-03
251100	1718.75717423	2511	1.85176991e-04	2511.00000000	3.31869005e+15	3.44773275e+15	3.06564320e-03
251200	1719.44162638	2512	1.85250737e-04	2512.00000000	3.31869303e+15	3.44773573e+15	3.06564570e-03
251300	1720.12699243	2513	1.85324484e-04	2513.00000000	3.31869599e+15	3.44773870e+15	3.06564820e-03
251400	1720.81213396	2514	1.85398230e-04	2514.00000000	3.31869895e+15	3.44774167e+15	3.06565068e-03
251500	1721.49828138	2515	1.85471976e-04	2515.00000000	3.31870190e+15	3.44774463e+15	3.06565316e-03
251600	1722.18408743	2516	1.85545723e-04	2516.00000000	3.31870485e+15	3.44774758e+15	3.06565564e-03
251700	1722.86985549	2517	1.85619469e-04	2517.00000000	3.31870779e+15	3.44775052e+15	3.06565810e-03
251800	1723.55568224	2518	1.85693215e-04	2518.00000000	3.31871071e+15	3.44775346e+15	3.06566057e-03
251900	1724.24194939	2519	1.85766962e-04	2519.00000000	3.31871364e+15	3.44775639e+15	3.06566302e-03
252000	1724.92765156	2520	1.85840708e-04	2520.00000000	3.31871655e+15	3.44775931e+15	3.06566547e-03
252100	1725.61429526	2521	1.85914454e-04	2521.00000000	3.31871946e+15	3.44776222e+15	3.06566791e-03
252200	1726.30046117	2522	1.85988201e-04	2522.00000000	3.31872236e+15	3.44776513e+15	3.06567035e-03
252300	1726.98568869	2523	1.86061947e-04	2523.00000000	3.31872525e+15	3.44776802e+15	3.06567278e-03
252400	1727.67168698	2524	1.86135693e-04	2524.00000000	3.31872813e+15	3.44777091e+15	3.06567520e-03
252500	1728.35714418	2525	1.86209440e-04	2525.00000000	3.31873101e+15	3.44777380e+15	3.06567762e-03
252600	1729.04317574	2526	1.86283186e-04	2526.00000000	3.31873388e+15	3.44777667e+15	3.06568003e-03
252700	1729.72865346	2527	1.86356932e-04	2527.00000000	3.31873674e+15	3.44777954e+15	3.06568243e-03
252800	1730.41508398	2528	1.86430678e-04	2528.00000000	3.31873959e+15	3.44778240e+15	3.06568483e-03
252900	1731.10025498	2529	1.86504425e-04	2529.00000000	3.31874244e+15	3.44778525e+15	3.06568722e-03
253000	1731.78625520	2530	1.86578171e-04	2530.00000000	3.31874528e+15	3.44778810e+15	3.06568961e-03
253100	1732.46879661	2531	1.86651917e-04	2531.00000000	3.31874811e+15	3.44779094e+15	3.06569199e-03
253200	1733.15540362	2532	1.86725664e-04	2532.00000000	3.31875093e+15	3.44779377e+15	3.06569436e-03
253300	1733.84190388	2533	1.86799410e-04	2533.00000000	3.31875375e+15	3.44779659e+15	3.06569673e-03
253400	1734.52808751	2534	1.86873156e-04	2534.00000000	3.31875656e+15	3.44779941e+15	3.06569909e-03
253500	1735.21443921	2535	1.86946903e-04	2535.00000000	3.31875937e+15	3.44780222e+15	3.06570145e-03
253600	1735.90005932	2536	1.87020649e-04	2536.00000000	3.31876216e+15	3.44780502e+15	3.06570380e-03
253700	1736.58631424	2537	1.87094395e-04	2537.00000000	3.31876495e+15	3.44780781e+15	3.06570614e-03
253800	1737.27136421	2538	1.87168142e-04	2538.00000000	3.31876773e+15	3.44781060e+15	3.06570848e-03
253900	1737.95753519	2539	1.87241888e-04	2539.00000000	3.31877050e+15	3.44781338e+15	3.06571081e-03
254000	1738.64417203	2540	1.87315634e-04	2540.00000000	3.31877327e+15	3.44781615e+15	3.06571313e-03
254100	1739.32450662	2541	1.87389381e-04	2541.00000000	3.31877603e+15	3.44781892e+15	3.06571545e-03
254200	1740.01048219	2542	1.87463127e-04	2542.00000000	3.31877878e+15	3.44782168e+15	3.06571776e-03
254300	1740.69747452	2543	1.87536873e-04	2543.00000000	3.31878153e+15	3.44782443e+15	3.06572007e-03
254400	1741.37984588	2544	1.87610619e-04	2544.00000000	3.31878427e+15	3.44782718e+15	3.06572237e-03
254500	1742.06603879	2545	1.87684366e-04	2545.00000000	3.31878700e+15	3.44782991e+15	3.06572467e-03
254600	1742.75227215	2546	1.87758112e-04	2546.00000000	3.31878972e+15	3.44783264e+15	3.06572696e-03
254700	1743.43445687	2547	1.87831858e-04	2547.00000000	3.31879244e+15	3.44783537e+15	3.06572924e-03
254800	1744.12018553	2548	1.87905605e-04	2548.00000000	3.31879515e+15	3.44783808e+15	3.06573152e-03
254900	1744.80534659	2549	1.87979351e-04	2549.00000000	3.31879785e+15	3.44784079e+15	3.06573379e-03
255000	1745.49098225	2550	1.88053097e-04	2550.00000000	3.31880055e+15	3.44784349e+15	3.06573605e-03
255100	1746.17036244	2551	1.88126844e-04	2551.00000000	3.31880324e+15	3.44784619e+15	3.06573831e-03
255200	1746.85522338	2552	1.88200590e-04	2552.00000000	3.31880592e+15	3.44784888e+15	3.06574057e-03
255300	1747.54121111	2553	1.88274336e-04	2553.00000000	3.31880860e+15	3.44785156e+15	3.06574282e-03
255400	1748.22701350	2554	1.88348083e-04	2554.00000000	3.31881126e+15	3.44785423e+15	3.06574506e-03
255500	1748.91206266	2555	1.88421829e-04	2555.00000000	3.31881393e+15	3.44785690e+15	3.06574729e-03
255600	1749.59563621	2556	1.88495575e-04	2556.00000000	3.31881658e+15	3.44785956e+15	3.06574953e-03
255700	1750.28078097	2557	1.88569322e-04	2557.00000000	3.31881923e+15	3.44786221e+15	3.06575175e-03
255800	1750.96654495	2558	1.88643068e-04	2558.00000000	3.31882187e+15	3.44786486e+15	3.06575397e-03
255900	1751.65119673	2559	1.88716814e-04	2559.00000000	3.31882450e+15	3.44786750e+15	3.06575618e-03
256000	1752.33413502	2560	1.88790560e-04	2560.00000000	3.31882713e+15	3.44787013e+15	3.06575839e-03
256100	1753.01825910	2561	1.88864307e-04	2561.00000000	3.31882975e+15	3.44787276e+15	3.06576059e-03
256200	1753.70216985	2562	1.88938053e-04	2562.00000000	3.31883237e+15	3.44787538e+15	3.06576279e-03
256300	1754.38853164	2563	1.89011799e-04	2563.00000000	3.31883497e+15	3.44787799e+15	3.06576498e-03
256400	1755.07513719	2564	1.89085546e-04	2564.00000000	3.31883757e+15	3.44788060e+15	3.06576717e-03
256500	1755.76105884	2565	1.89159292e-04	2565.00000000	3.31884017e+15	3.44788320e+15	3.06576934e-03
256600	1756.44308902	2566	1.89233038e-04	2566.00000000	3.31884275e+15	3.44788579e+15	3.06577152e-03
256700	1757.12893131	2567	1.89306785e-04	2567.00000000	3.31884533e+15	3.44788838e+15	3.06577369e-03
256800	1757.81459744	2568	1.89380531e-04	2568.00000000	3.31884791e+15	3.44789096e+15	3.06577585e-03
256900	1758.50081851	2569	1.89454277e-04	2569.00000000	3.31885047e+15	3.44789353e+15	3.06577801e-03
257000	1759.18703929	2570	1.89528024e-04	2570.00000000	3.31885303e+15	3.44789609e+15	3.06578016e-03
257100	1759.87263202	2571	1.89601770e-04	2571.00000000	3.31885559e+15	3.44789865e+15	3.06578230e-03
257200	1760.55616951	2572	1.89675516e-04	2572.00000000	3.31885813e+15	3.44790121e+15	3.06578444e-03
257300	1761.24060004	2573	1.89749263e-04	2573.00000000	3.31886067e+15	3.44790375e+15	3.06578658e-03
257400	1761.92600853	2574	1.89823009e-04	2574.00000000	3.31886321e+15	3.44790629e+15	3.06578871e-03
257500	1762.61211492	2575	1.89896755e-04	2575.00000000	3.31886574e+15	3.44790882e+15	3.06579083e-03
257600	1763.29853868	2576	1.89970501e-04	2576.00000000	3.31886826e+15	3.44791135e+15	3.06579295e-03
257700	1763.98492395	2577	1.90044248e-04	2577.00000000	3.31887077e+15	3.44791387e+15	3.06579506e-03
257800	1764.67106244	2578	1.90117994e-04	2578.00000000	3.31887328e+15	3.44791638e+15	3.06579717e-03
257900	1765.35490073	2579	1.90191740e-04	2579.00000000	3.31887578e+15	3.44791889e+15	3.06579927e-03
258000	1766.04110125	2580	1.90265487e-04	2580.00000000	3.31887827e+15	3.44792139e+15	3.06580137e-03
258100	1766.72563458	2581	1.90339233e-04	2581.00000000	3.31888076e+15	3.44792389e+15	3.06580346e-03
258200	1767.41127938	2582	1.90412979e-04	2582.00000000	3.31888325e+15	3.44792637e+15	3.06580554e-03
258300	1768.09696662	2583	1.90486726e-04	2583.00000000	3.31888572e+15	3.44792885e+15	3.06580762e-03
258400	1768.78350762	2584	1.90560472e-04	2584.00000000	3.31888819e+15	3.44793133e+15	3.06580970e-03
258500	1769.46944413	2585	1.90634218e-04	2585.00000000	3.31889065e+15	3.44793380e+15	3.06581177e-03
258600	1770.15625411	2586	1.90707965e-04	2586.00000000	3.31889311e+15	3.44793626e+15	3.06581383e-03
258700	1770.84194071	2587	1.90781711e-04	2587.00000000	3.31889556e+15	3.44793871e+15	3.06581589e-03
258800	1771.52796829	2588	1.90855457e-04	2588.00000000	3.31889800e+15	3.44794116e+15	3.06581795e-03
258900	1772.21391606	2589	1.90929204e-04	2589.00000000	3.31890044e+15	3.44794361e+15	3.06581999e-03
259000	1772.90005590	2590	1.91002950e-04	2590.00000000	3.31890287e+15	3.44794604e+15	3.06582204e-03
259100	1773.58612501	2591	1.91076696e-04	2591.00000000	3.31890530e+15	3.44794847e+15	3.06582407e-03
259200	1774.27234221	2592	1.91150442e-04	2592.00000000	3.31890771e+15	3.44795090e+15	3.06582611e-03
259300	1774.95838683	2593	1.91224189e-04	2593.00000000	3.31891013e+15	3.44795331e+15	3.06582813e-03
259400	1775.63767931	2594	1.91297935e-04	2594.00000000	3.31891253e+15	3.44795573e+15	3.06583016e-03
259500	1776.32247109	2595	1.91371681e-04	2595.00000000	3.31891493e+15	3.44795813e+15	3.06583217e-03
259600	1777.00833920	2596	1.91445428e-04	2596.00000000	3.31891733e+15	3.44796053e+15	3.06583418e-03
259700	1777.69210558	2597	1.91519174e-04	2597.00000000	3.31891971e+15	3.44796292e+15	3.06583619e-03
259800	1778.37820652	2598	1.91592920e-04	2598.00000000	3.31892209e+15	3.44796531e+15	3.06583819e-03
259900	1779.06061344	2599	1.91666667e-04	2599.00000000	3.31892447e+15	3.44796769e+15	3.06584019e-03
260000	1779.74665186	2600	1.91740413e-04	2600.00000000	3.31892684e+15	3.44797006e+15	3.06584218e-03
260100	1780.42832076	2601	1.91814159e-04	2601.00000000	3.31892920e+15	3.44797243e+15	3.06584416e-03
260200	1781.11485228	2602	1.91887906e-04	2602.00000000	3.31893156e+15	3.44797479e+15	3.06584614e-03
260300	1781.80025185	2603	1.91961652e-04	2603.00000000	3.31893391e+15	3.44797715e+15	3.06584812e-03
260400	1782.48417522	2604	1.92035398e-04	2604.00000000	3.31893625e+15	3.44797950e+15	3.06585009e-03
260500	1783.17034960	2605	1.92109145e-04	2605.00000000	3.31893859e+15	3.44798184e+15	3.06585205e-03
260600	1783.85656863	2606	1.92182891e-04	2606.00000000	3.31894092e+15	3.44798418e+15	3.06585401e-03
260700	1784.54287096	2607	1.92256637e-04	2607.00000000	3.31894325e+15	3.44798651e+15	3.06585597e-03
260800	1785.22922560	2608	1.92330383e-04	2608.00000000	3.31894557e+15	3.44798883e+15	3.06585792e-03
260900	1785.91516219	2609	1.92404130e-04	2609.00000000	3.31894788e+15	3.44799115e+15	3.06585986e-03
261000	1786.60114698	2610	1.92477876e-04	2610.00000000	3.31895019e+15	3.44799347e+15	3.06586180e-03
261100	1787.28819476	2611	1.92551622e-04	2611.00000000	3.31895249e+15	3.44799577e+15	3.06586374e-03
261200	1787.97377521	2612	1.92625369e-04	2612.00000000	3.31895479e+15	3.44799807e+15	3.06586567e-03
261300	1788.65945238	2613	1.92699115e-04	2613.00000000	3.31895708e+15	3.44800037e+15	3.06586759e-03
261400	1789.34480602	2614	1.92772861e-04	2614.00000000	3.31895936e+15	3.44800266e+15	3.06586951e-03
261500	1790.03082542	2615	1.92846608e-04	2615.00000000	3.31896164e+15	3.44800494e+15	3.06587143e-03
261600	1790.71674438	2616	1.92920354e-04	2616.00000000	3.31896391e+15	3.44800722e+15	3.06587333e-03
261700	1791.40319299	2617	1.92994100e-04	2617.00000000	3.31896618e+15	3.44800949e+15	3.06587524e-03
261800	1792.08990948	2618	1.93067847e-04	2618.00000000	3.31896844e+15	3.44801176e+15	3.06587714e-03
261900	1792.77659534	2619	1.93141593e-04	2619.00000000	3.31897069e+15	3.44801402e+15	3.06587903e-03
262000	1793.46270147	2620	1.93215339e-04	2620.00000000	3.31897294e+15	3.44801627e+15	3.06588092e-03
262100	1794.14890373	2621	1.93289086e-04	2621.00000000	3.31897518e+15	3.44801852e+15	3.06588281e-03
262200	1794.83289036	2622	1.93362832e-04	2622.00000000	3.31897742e+15	3.44802076e+15	3.06588469e-03
262300	1795.51807530	2623	1.93436578e-04	2623.00000000	3.31897965e+15	3.44802299e+15	3.06588656e-03
262400	1796.20329812	2624	1.93510324e-04	2624.00000000	3.31898188e+15	3.44802523e+15	3.06588843e-03
262500	1796.88892192	2625	1.93584071e-04	2625.00000000	3.31898410e+15	3.44802745e+15	3.06589030e-03
262600	1797.57299231	2626	1.93657817e-04	2626.00000000	3.31898631e+15	3.44802967e+15	3.06589216e-03
262700	1798.25196763	2627	1.93731563e-04	2627.00000000	3.31898852e+15	3.44803188e+15	3.06589402e-03
262800	1798.93778529	2628	1.93805310e-04	2628.00000000	3.31899072e+15	3.44803409e+15	3.06589587e-03
262900	1799.62435033	2629	1.93879056e-04	2629.00000000	3.31899292e+15	3.44803629e+15	3.06589771e-03
263000	1800.31050604	2630	1.93952802e-04	2630.00000000	3.31899511e+15	3.44803849e+15	3.06589955e-03
263100	1800.99661519	2631	1.94026549e-04	2631.00000000	3.31899729e+15	3.44804068e+15	3.06590139e-03
263200	1801.68272418	2632	1.94100295e-04	2632.00000000	3.31899947e+15	3.44804286e+15	3.06590322e-03
263300	1802.36860830	2633	1.94174041e-04	2633.00000000	3.31900165e+15	3.44804504e+15	3.06590505e-03
263400	1803.05437068	2634	1.94247788e-04	2634.00000000	3.31900382e+15	3.44804721e+15	3.06590687e-03
263500	1803.74007780	2635	1.94321534e-04	2635.00000000	3.31900598e+15	3.44804938e+15	3.06590869e-03
263600	1804.42604952	2636	1.94395280e-04	2636.00000000	3.31900813e+15	3.44805154e+15	3.06591050e-03
263700	1805.11139133	2637	1.94469027e-04	2637.00000000	3.31901029e+15	3.44805370e+15	3.06591231e-03
263800	1805.79613986	2638	1.94542773e-04	2638.00000000	3.31901243e+15	3.44805585e+15	3.06591411e-03
263900	1806.48198941	2639	1.94616519e-04	2639.00000000	3.31901457e+15	3.44805799e+15	3.06591591e-03
264000	1807.16857428	2640	1.94690265e-04	2640.00000000	3.31901671e+15	3.44806013e+15	3.06591770e-03
264100	1807.85550716	2641	1.94764012e-04	2641.00000000	3.31901883e+15	3.44806226e+15	3.06591949e-03
264200	1808.54195555	2642	1.94837758e-04	2642.00000000	3.31902096e+15	3.44806439e+15	3.06592128e-03
264300	1809.22752682	2643	1.94911504e-04	2643.00000000	3.31902307e+15	3.44806651e+15	3.06592306e-03
264400	1809.91393429	2644	1.94985251e-04	2644.00000000	3.31902519e+15	3.44806863e+15	3.06592483e-03
264500	1810.59688625	2645	1.95058997e-04	2645.00000000	3.31902729e+15	3.44807074e+15	3.06592660e-03
264600	1811.28300203	2646	1.95132743e-04	2646.00000000	3.31902939e+15	3.44807285e+15	3.06592837e-03
264700	1811.96782156	2647	1.95206490e-04	2647.00000000	3.31903149e+15	3.44807495e+15	3.06593013e-03
264800	1812.65233802	2648	1.95280236e-04	2648.00000000	3.31903358e+15	3.44807704e+15	3.06593189e-03
264900	1813.33698473	2649	1.95353982e-04	2649.00000000	3.31903566e+15	3.44807913e+15	3.06593364e-03
265000	1814.02238393	2650	1.95427729e-04	2650.00000000	3.31903774e+15	3.44808121e+15	3.06593539e-03
265100	1814.70569372	2651	1.95501475e-04	2651.00000000	3.31903982e+15	3.44808329e+15	3.06593713e-03
265200	1815.38589945	2652	1.95575221e-04	2652.00000000	3.31904189e+15	3.44808537e+15	3.06593887e-03
265300	1816.07196062	2653	1.95648968e-04	2653.00000000	3.31904395e+15	3.44808743e+15	3.06594060e-03
265400	1816.75837978	2654	1.95722714e-04	2654.00000000	3.31904601e+15	3.44808950e+15	3.06594233e-03
265500	1817.44426553	2655	1.95796460e-04	2655.00000000	3.31904806e+15	3.44809155e+15	3.06594406e-03
265600	1818.13117472	2656	1.95870206e-04	2656.00000000	3.31905011e+15	3.44809360e+15	3.06594578e-03
265700	1818.81574970	2657	1.95943953e-04	2657.00000000	3.31905215e+15	3.44809565e+15	3.06594749e-03
265800	1819.50139872	2658	1.96017699e-04	2658.00000000	3.31905418e+15	3.44809769e+15	3.06594920e-03
265900	1820.18737707	2659	1.96091445e-04	2659.00000000	3.31905621e+15	3.44809973e+15	3.06595091e-03
266000	1820.87287420	2660	1.96165192e-04	2660.00000000	3.31905824e+15	3.44810176e+15	3.06595261e-03
266100	1821.55889955	2661	1.96238938e-04	2661.00000000	3.31906026e+15	3.44810378e+15	3.06595431e-03
266200	1822.24524172	2662	1.96312684e-04	2662.00000000	3.31906227e+15	3.44810580e+15	3.06595600e-03
266300	1822.93095735	2663	1.96386431e-04	2663.00000000	3.31906428e+15	3.44810781e+15	3.06595769e-03
266400	1823.61582827	2664	1.96460177e-04	2664.00000000	3.31906629e+15	3.44810982e+15	3.06595938e-03
266500	1824.30121061	2665	1.96533923e-04	2665.00000000	3.31906829e+15	3.44811183e+15	3.06596106e-03
266600	1824.98658149	2666	1.96607670e-04	2666.00000000	3.31907028e+15	3.44811383e+15	3.06596273e-03
266700	1825.67101273	2667	1.96681416e-04	2667.00000000	3.31907227e+15	3.44811582e+15	3.06596441e-03
266800	1826.35705931	2668	1.96755162e-04	2668.00000000	3.31907425e+15	3.44811781e+15	3.06596607e-03
266900	1827.04345476	2669	1.96828909e-04	2669.00000000	3.31907623e+15	3.44811979e+15	3.06596774e-03
267000	1827.73010150	2670	1.96902655e-04	2670.00000000	3.31907821e+15	3.44812177e+15	3.06596939e-03
267100	1828.41148869	2671	1.96976401e-04	2671.00000000	3.31908017e+15	3.44812374e+15	3.06597105e-03
267200	1829.09737929	2672	1.97050147e-04	2672.00000000	3.31908214e+15	3.44812571e+15	3.06597270e-03
267300	1829.78180999	2673	1.97123894e-04	2673.00000000	3.31908410e+15	3.44812767e+15	3.06597434e-03
267400	1830.46823103	2674	1.97197640e-04	2674.00000000	3.31908605e+15	3.44812963e+15	3.06597599e-03
267500	1831.15033578	2675	1.97271386e-04	2675.00000000	3.31908800e+15	3.44813158e+15	3.06597762e-03
267600	1831.83527641	2676	1.97345133e-04	2676.00000000	3.31908994e+15	3.44813353e+15	3.06597925e-03
267700	1832.52018643	2677	1.97418879e-04	2677.00000000	3.31909188e+15	3.44813547e+15	3.06598088e-03
267800	1833.20600165	2678	1.97492625e-04	2678.00000000	3.31909381e+15	3.44813740e+15	3.06598251e-03
267900	1833.89152870	2679	1.97566372e-04	2679.00000000	3.31909574e+15	3.44813934e+15	3.06598413e-03
268000	1834.57725458	2680	1.97640118e-04	2680.00000000	3.31909766e+15	3.44814126e+15	3.06598574e-03
268100	1835.26123891	2681	1.97713864e-04	2681.00000000	3.31909958e+15	3.44814318e+15	3.06598735e-03
268200	1835.94791567	2682	1.97787611e-04	2682.00000000	3.31910149e+15	3.44814510e+15	3.06598896e-03
268300	1836.63376315	2683	1.97861357e-04	2683.00000000	3.31910340e+15	3.44814701e+15	3.06599056e-03
268400	1837.31924857	2684	1.97935103e-04	2684.00000000	3.31910530e+15	3.44814892e+15	3.06599216e-03
268500	1838.00555107	2685	1.98008850e-04	2685.00000000	3.31910719e+15	3.44815082e+15	3.06599376e-03
268600	1838.69207004	2686	1.98082596e-04	2686.00000000	3.31910909e+15	3.44815272e+15	3.06599535e-03
268700	1839.37748267	2687	1.98156342e-04	2687.00000000	3.31911097e+15	3.44815461e+15	3.06599694e-03
268800	1840.06317289	2688	1.98230088e-04	2688.00000000	3.31911286e+15	3.44815650e+15	3.06599852e-03
268900	1840.74815218	2689	1.98303835e-04	2689.00000000	3.31911473e+15	3.44815838e+15	3.06600010e-03
269000	1841.43393992	2690	1.98377581e-04	2690.00000000	3.31911661e+15	3.44816025e+15	3.06600167e-03
269100	1842.11402377	2691	1.98451327e-04	2691.00000000	3.31911848e+15	3.44816213e+15	3.06600324e-03
269200	1842.79773321	2692	1.98525074e-04	2692.00000000	3.31912034e+15	3.44816399e+15	3.06600481e-03
269300	1843.48377288	2693	1.98598820e-04	2693.00000000	3.31912220e+15	3.44816586e+15	3.06600637e-03
269400	1844.17002249	2694	1.98672566e-04	2694.00000000	3.31912405e+15	3.44816771e+15	3.06600792e-03
269500	1844.85595791	2695	1.98746313e-04	2695.00000000	3.31912590e+15	3.44816956e+15	3.06600948e-03
269600	1845.54218651	2696	1.98820059e-04	2696.00000000	3.31912774e+15	3.44817141e+15	3.06601103e-03
269700	1846.22786940	2697	1.98893805e-04	2697.00000000	3.31912958e+15	3.44817325e+15	3.06601257e-03
269800	1846.91179964	2698	1.98967552e-04	2698.00000000	3.31913141e+15	3.44817509e+15	3.06601411e-03
269900	1847.59642647	2699	1.99041298e-04	2699.00000000	3.31913324e+15	3.44817693e+15	3.06601565e-03
270000	1848.28225987	2700	1.99115044e-04	2700.00000000	3.31913507e+15	3.44817875e+15	3.06601718e-03
270100	1848.96191060	2701	1.99188791e-04	2701.00000000	3.31913689e+15	3.44818058e+15	3.06601871e-03
270200	1849.64738323	2702	1.99262537e-04	2702.00000000	3.31913870e+15	3.44818240e+15	3.06602024e-03
270300	1850.33295748	2703	1.99336283e-04	2703.00000000	3.31914051e+15	3.44818421e+15	3.06602176e-03
270400	1851.01946998	2704	1.99410029e-04	2704.00000000	3.31914231e+15	3.44818602e+15	3.06602328e-03
270500	1851.70525440	2705	1.99483776e-04	2705.00000000	3.31914411e+15	3.44818782e+15	3.06602479e-03
270600	1852.39196937	2706	1.99557522e-04	2706.00000000	3.31914591e+15	3.44818962e+15	3.06602630e-03
270700	1853.07802686	2707	1.99631268e-04	2707.00000000	3.31914770e+15	3.44819142e+15	3.06602780e-03
270800	1853.76350025	2708	1.99705015e-04	2708.00000000	3.31914949e+15	3.44819321e+15	3.06602930e-03
270900	1854.44886960	2709	1.99778761e-04	2709.00000000	3.31915127e+15	3.44819499e+15	3.06603080e-03
271000	1855.13393916	2710	1.99852507e-04	2710.00000000	3.31915304e+15	3.44819677e+15	3.06603229e-03
271100	1855.81975978	2711	1.99926254e-04	2711.00000000	3.31915482e+15	3.44819855e+15	3.06603378e-03
271200	1856.50487955	2712	2.00000000e-04	2712.00000000	3.31915658e+15	3.44820032e+15	3.06603527e-03
271300	1857.19046979	2713	2.00073746e-04	2713.00000000	3.31915835e+15	3.44820209e+15	3.06603675e-03
271400	1857.87718752	2714	2.00147493e-04	2714.00000000	3.31916010e+15	3.44820385e+15	3.06603823e-03
271500	1858.56327308	2715	2.00221239e-04	2715.00000000	3.31916186e+15	3.44820560e+15	3.06603970e-03
271600	1859.24940343	2716	2.00294985e-04	2716.00000000	3.31916361e+15	3.44820736e+15	3.06604117e-03
271700	1859.93571995	2717	2.00368732e-04	2717.00000000	3.31916535e+15	3.44820911e+15	3.06604264e-03
271800	1860.61985974	2718	2.00442478e-04	2718.00000000	3.31916709e+15	3.44821085e+15	3.06604410e-03
271900	1861.30429244	2719	2.00516224e-04	2719.00000000	3.31916883e+15	3.44821259e+15	3.06604556e-03
272000	1861.98497827	2720	2.00589971e-04	2720.00000000	3.31917056e+15	3.44821432e+15	3.06604701e-03
272100	1862.67228899	2721	2.00663717e-04	2721.00000000	3.31917228e+15	3.44821605e+15	3.06604846e-03
272200	1863.35826180	2722	2.00737463e-04	2722.00000000	3.31917400e+15	3.44821778e+15	3.06604991e-03
272300	1864.04029507	2723	2.00811209e-04	2723.00000000	3.31917572e+15	3.44821950e+15	3.06605135e-03
272400	1864.72663238	2724	2.00884956e-04	2724.00000000	3.31917743e+15	3.44822121e+15	3.06605279e-03
272500	1865.41267192	2725	2.00958702e-04	2725.00000000	3.31917914e+15	3.44822293e+15	3.06605423e-03
272600	1866.09845416	2726	2.01032448e-04	2726.00000000	3.31918084e+15	3.44822463e+15	3.06605566e-03
272700	1866.78398508	2727	2.01106195e-04	2727.00000000	3.31918254e+15	3.44822633e+15	3.06605709e-03
272800	1867.47006267	2728	2.01179941e-04	2728.00000000	3.31918424e+15	3.44822803e+15	3.06605851e-03
272900	1868.15580163	2729	2.01253687e-04	2729.00000000	3.31918593e+15	3.44822973e+15	3.06605993e-03
273000	1868.84141942	2730	2.01327434e-04	2730.00000000	3.31918761e+15	3.44823142e+15	3.06606135e-03
273100	1869.52688242	2731	2.01401180e-04	2731.00000000	3.31918929e+15	3.44823310e+15	3.06606276e-03
273200	1870.21304723	2732	2.01474926e-04	2732.00000000	3.31919097e+15	3.44823478e+15	3.06606417e-03
273300	1870.89902706	2733	2.01548673e-04	2733.00000000	3.31919264e+15	3.44823646e+15	3.06606558e-03
273400	1871.58463675	2734	2.01622419e-04	2734.00000000	3.31919431e+15	3.44823813e+15	3.06606698e-03
273500	1872.27025746	2735	2.01696165e-04	2735.00000000	3.31919597e+15	3.44823980e+15	3.06606838e-03
273600	1872.95590150	2736	2.01769912e-04	2736.00000000	3.31919763e+15	3.44824146e+15	3.06606977e-03
273700	1873.64211208	2737	2.01843658e-04	2737.00000000	3.31919929e+15	3.44824312e+15	3.06607116e-03
273800	1874.32773248	2738	2.01917404e-04	2738.00000000	3.31920094e+15	3.44824477e+15	3.06607255e-03
273900	1875.01392786	2739	2.01991150e-04	2739.00000000	3.31920258e+15	3.44824642e+15	3.06607393e-03
274000	1875.70006753	2740	2.02064897e-04	2740.00000000	3.31920423e+15	3.44824807e+15	3.06607531e-03
274100	1876.38706761	2741	2.02138643e-04	2741.00000000	3.31920586e+15	3.44824971e+15	3.06607669e-03
274200	1877.07279049	2742	2.02212389e-04	2742.00000000	3.31920750e+15	3.44825134e+15	3.06607806e-03
274300	1877.75862355	2743	2.02286136e-04	2743.00000000	3.31920912e+15	3.44825298e+15	3.06607943e-03
274400	1878.44444677	2744	2.02359882e-04	2744.00000000	3.31921075e+15	3.44825460e+15	3.06608080e-03
274500	1879.13077493	2745	2.02433628e-04	2745.00000000	3.31921237e+15	3.44825623e+15	3.06608216e-03
274600	1879.81642643	2746	2.02507375e-04	2746.00000000	3.31921399e+15	3.44825785e+15	3.06608352e-03
274700	1880.50275887	2747	2.02581121e-04	2747.00000000	3.31921560e+15	3.44825946e+15	3.06608487e-03
274800	1881.18903252	2748	2.02654867e-04	2748.00000000	3.31921721e+15	3.44826107e+15	3.06608622e-03
274900	1881.87492503	2749	2.02728614e-04	2749.00000000	3.31921881e+15	3.44826268e+15	3.06608757e-03
275000	1882.56055075	2750	2.02802360e-04	2750.00000000	3.31922041e+15	3.44826428e+15	3.06608891e-03
275100	1883.24692903	2751	2.02876106e-04	2751.00000000	3.31922200e+15	3.44826588e+15	3.06609025e-03
275200	1883.93278447	2752	2.02949853e-04	2752.00000000	3.31922359e+15	3.44826748e+15	3.06609159e-03
275300	1884.61758597	2753	2.03023599e-04	2753.00000000	3.31922518e+15	3.44826907e+15	3.06609293e-03
275400	1885.30167971	2754	2.03097345e-04	2754.00000000	3.31922676e+15	3.44827065e+15	3.06609426e-03
275500	1885.98740013	2755	2.03171091e-04	2755.00000000	3.31922834e+15	3.44827224e+15	3.06609558e-03
275600	1886.67375878	2756	2.03244838e-04	2756.00000000	3.31922992e+15	3.44827381e+15	3.06609691e-03
275700	1887.35811404	2757	2.03318584e-04	2757.00000000	3.31923149e+15	3.44827539e+15	3.06609822e-03
275800	1888.04432655	2758	2.03392330e-04	2758.00000000	3.31923305e+15	3.44827696e+15	3.06609954e-03
275900	1888.72858156	2759	2.03466077e-04	2759.00000000	3.31923461e+15	3.44827852e+15	3.06610085e-03
276000	1889.41390041	2760	2.03539823e-04	2760.00000000	3.31923617e+15	3.44828008e+15	3.06610216e-03
276100	1890.10087091	2761	2.03613569e-04	2761.00000000	3.31923773e+15	3.44828164e+15	3.06610347e-03
276200	1890.78682635	2762	2.03687316e-04	2762.00000000	3.31923927e+15	3.44828319e+15	3.06610477e-03
276300	1891.47280512	2763	2.03761062e-04	2763.00000000	3.31924082e+15	3.44828474e+15	3.06610607e-03
276400	1892.15818340	2764	2.03834808e-04	2764.00000000	3.31924236e+15	3.44828629e+15	3.06610737e-03
276500	1892.84357652	2765	2.03908555e-04	2765.00000000	3.31924390e+15	3.44828783e+15	3.06610866e-03
276600	1893.52945226	2766	2.03982301e-04	2766.00000000	3.31924543e+15	3.44828937e+15	3.06610995e-03
276700	1894.20869227	2767	2.04056047e-04	2767.00000000	3.31924696e+15	3.44829090e+15	3.06611123e-03
276800	1894.89546883	2768	2.04129794e-04	2768.00000000	3.31924849e+15	3.44829243e+15	3.06611251e-03
276900	1895.58109556	2769	2.04203540e-04	2769.00000000	3.31925001e+15	3.44829395e+15	3.06611379e-03
277000	1896.26765439	2770	2.04277286e-04	2770.00000000	3.31925153e+15	3.44829547e+15	3.06611507e-03
277100	1896.94766054	2771	2.04351032e-04	2771.00000000	3.31925304e+15	3.44829699e+15	3.06611634e-03
277200	1897.63321567	2772	2.04424779e-04	2772.00000000	3.31925455e+15	3.44829850e+15	3.06611761e-03
277300	1898.31689545	2773	2.04498525e-04	2773.00000000	3.31925606e+15	3.44830001e+15	3.06611888e-03
277400	1899.00319984	2774	2.04572271e-04	2774.00000000	3.31925756e+15	3.44830152e+15	3.06612014e-03
277500	1899.68965047	2775	2.04646018e-04	2775.00000000	3.31925905e+15	3.44830302e+15	3.06612140e-03
277600	1900.37613458	2776	2.04719764e-04	2776.00000000	3.31926055e+15	3.44830451e+15	3.06612265e-03
277700	1901.06110635	2777	2.04793510e-04	2777.00000000	3.31926204e+15	3.44830601e+15	3.06612390e-03
277800	1901.74705215	2778	2.04867257e-04	2778.00000000	3.31926352e+15	3.44830750e+15	3.06612515e-03
277900	1902.43346246	2779	2.04941003e-04	2779.00000000	3.31926501e+15	3.44830898e+15	3.06612640e-03
278000	1903.11951309	2780	2.05014749e-04	2780.00000000	3.31926648e+15	3.44831046e+15	3.06612764e-03
278100	1903.80654527	2781	2.05088496e-04	2781.00000000	3.31926796e+15	3.44831194e+15	3.06612888e-03
278200	1904.49227239	2782	2.05162242e-04	2782.00000000	3.31926943e+15	3.44831342e+15	3.06613012e-03
278300	1905.17797860	2783	2.05235988e-04	2783.00000000	3.31927090e+15	3.44831488e+15	3.06613135e-03
278400	1905.86414180	2784	2.05309735e-04	2784.00000000	3.31927236e+15	3.44831635e+15	3.06613258e-03
278500	1906.54508981	2785	2.05383481e-04	2785.00000000	3.31927382e+15	3.44831781e+15	3.06613380e-03
278600	1907.23077713	2786	2.05457227e-04	2786.00000000	3.31927527e+15	3.44831927e+15	3.06613503e-03
278700	1907.91707227	2787	2.05530973e-04	2787.00000000	3.31927672e+15	3.44832073e+15	3.06613625e-03
278800	1908.60301986	2788	2.05604720e-04	2788.00000000	3.31927817e+15	3.44832218e+15	3.06613746e-03
278900	1909.28761107	2789	2.05678466e-04	2789.00000000	3.31927962e+15	3.44832362e+15	3.06613868e-03
279000	1909.97410805	2790	2.05752212e-04	2790.00000000	3.31928106e+15	3.44832507e+15	3.06613989e-03
279100	1910.66096817	2791	2.05825959e-04	2791.00000000	3.31928249e+15	3.44832651e+15	3.06614109e-03
279200	1911.34694836	2792	2.05899705e-04	2792.00000000	3.31928392e+15	3.44832794e+15	3.06614230e-03
279300	1912.03279227	2793	2.05973451e-04	2793.00000000	3.31928535e+15	3.44832937e+15	3.06614350e-03
279400	1912.71719893	2794	2.06047198e-04	2794.00000000	3.31928678e+15	3.44833080e+15	3.06614470e-03
279500	1913.39772550	2795	2.06120944e-04	2795.00000000	3.31928820e+15	3.44833223e+15	3.06614589e-03
279600	1914.08447839	2796	2.06194690e-04	2796.00000000	3.31928962e+15	3.44833365e+15	3.06614708e-03
279700	1914.77100129	2797	2.06268437e-04	2797.00000000	3.31929103e+15	3.44833506e+15	3.06614827e-03
279800	1915.45545175	2798	2.06342183e-04	2798.00000000	3.31929244e+15	3.44833648e+15	3.06614946e-03
279900	1916.13980013	2799	2.06415929e-04	2799.00000000	3.31929385e+15	3.44833789e+15	3.06615064e-03
280000	1916.82503190	2800	2.06489676e-04	2800.00000000	3.31929525e+15	3.44833929e+15	3.06615182e-03
280100	1917.51114264	2801	2.06563422e-04	2801.00000000	3.31929665e+15	3.44834069e+15	3.06615299e-03
280200	1918.19674975	2802	2.06637168e-04	2802.00000000	3.31929804e+15	3.44834209e+15	3.06615416e-03
280300	1918.88295518	2803	2.06710914e-04	2803.00000000	3.31929944e+15	3.44834349e+15	3.06615533e-03
280400	1919.57010444	2804	2.06784661e-04	2804.00000000	3.31930082e+15	3.44834488e+15	3.06615650e-03
280500	1920.25359390	2805	2.06858407e-04	2805.00000000	3.31930221e+15	3.44834627e+15	3.06615766e-03
280600	1920.93744841	2806	2.06932153e-04	2806.00000000	3.31930359e+15	3.44834765e+15	3.06615882e-03
280700	1921.62238675	2807	2.07005900e-04	2807.00000000	3.31930497e+15	3.44834903e+15	3.06615998e-03
280800	1922.30867977	2808	2.07079646e-04	2808.00000000	3.31930634e+15	3.44835041e+15	3.06616114e-03
280900	1922.99472964	2809	2.07153392e-04	2809.00000000	3.31930771e+15	3.44835178e+15	3.06616229e-03
281000	1923.68114037	2810	2.07227139e-04	2810.00000000	3.31930908e+15	3.44835315e+15	3.06616344e-03
281100	1924.36241094	2811	2.07300885e-04	2811.00000000	3.31931044e+15	3.44835451e+15	3.06616458e-03
281200	1925.04829702	2812	2.07374631e-04	2812.00000000	3.31931180e+15	3.44835588e+15	3.06616572e-03
281300	1925.73392865	2813	2.07448378e-04	2813.00000000	3.31931315e+15	3.44835724e+15	3.06616686e-03
281400	1926.42005552	2814	2.07522124e-04	2814.00000000	3.31931451e+15	3.44835859e+15	3.06616800e-03
281500	1927.10524472	2815	2.07595870e-04	2815.00000000	3.31931585e+15	3.44835994e+15	3.06616913e-03
281600	1927.79033803	2816	2.07669617e-04	2816.00000000	3.31931720e+15	3.44836129e+15	3.06617026e-03
281700	1928.47459118	2817	2.07743363e-04	2817.00000000	3.31931854e+15	3.44836264e+15	3.06617139e-03
281800	1929.15887005	2818	2.07817109e-04	2818.00000000	3.31931988e+15	3.44836398e+15	3.06617252e-03
281900	1929.84422883	2819	2.07890855e-04	2819.00000000	3.31932121e+15	3.44836531e+15	3.06617364e-03
282000	1930.53016438	2820	2.07964602e-04	2820.00000000	3.31932254e+15	3.44836665e+15	3.06617476e-03
282100	1931.21558985	2821	2.08038348e-04	2821.00000000	3.31932387e+15	3.44836798e+15	3.06617587e-03
282200	1931.90161259	2822	2.08112094e-04	2822.00000000	3.31932520e+15	3.44836931e+15	3.06617699e-03
282300	1932.58824314	2823	2.08185841e-04	2823.00000000	3.31932652e+15	3.44837063e+15	3.06617810e-03
282400	1933.27427756	2824	2.08259587e-04	2824.00000000	3.31932783e+15	3.44837195e+15	3.06617920e-03
282500	1933.96038247	2825	2.08333333e-04	2825.00000000	3.31932915e+15	3.44837327e+15	3.06618031e-03
282600	1934.64694825	2826	2.08407080e-04	2826.00000000	3.31933046e+15	3.44837458e+15	3.06618141e-03
282700	1935.33323749	2827	2.08480826e-04	2827.00000000	3.31933176e+15	3.44837589e+15	3.06618251e-03
282800	1936.01353470	2828	2.08554572e-04	2828.00000000	3.31933307e+15	3.44837720e+15	3.06618360e-03
282900	1936.69909158	2829	2.08628319e-04	2829.00000000	3.31933437e+15	3.44837850e+15	3.06618469e-03
283000	1937.38435063	2830	2.08702065e-04	2830.00000000	3.31933567e+15	3.44837980e+15	3.06618578e-03
283100	1938.07007123	2831	2.08775811e-04	2831.00000000	3.31933696e+15	3.44838109e+15	3.06618687e-03
283200	1938.75601398	2832	2.08849558e-04	2832.00000000	3.31933825e+15	3.44838239e+15	3.06618796e-03
283300	1939.44224215	2833	2.08923304e-04	2833.00000000	3.31933953e+15	3.44838368e+15	3.06618904e-03
283400	1940.12757854	2834	2.08997050e-04	2834.00000000	3.31934082e+15	3.44838496e+15	3.06619012e-03
283500	1940.81273852	2835	2.09070796e-04	2835.00000000	3.31934210e+15	3.44838624e+15	3.06619119e-03
283600	1941.49741611	2836	2.09144543e-04	2836.00000000	3.31934337e+15	3.44838752e+15	3.06619226e-03
283700	1942.18296053	2837	2.09218289e-04	2837.00000000	3.31934465e+15	3.44838880e+15	3.06619333e-03
283800	1942.86822631	2838	2.09292035e-04	2838.00000000	3.31934592e+15	3.44839007e+15	3.06619440e-03
283900	1943.55431309	2839	2.09365782e-04	2839.00000000	3.31934718e+15	3.44839134e+15	3.06619547e-03
284000	1944.23321641	2840	2.09439528e-04	2840.00000000	3.31934845e+15	3.44839261e+15	3.06619653e-03
284100	1944.91898535	2841	2.09513274e-04	2841.00000000	3.31934971e+15	3.44839387e+15	3.06619759e-03
284200	1945.60480037	2842	2.09587021e-04	2842.00000000	3.31935096e+15	3.44839513e+15	3.06619864e-03
284300	1946.29108387	2843	2.09660767e-04	2843.00000000	3.31935222e+15	3.44839639e+15	3.06619970e-03
284400	1946.97703753	2844	2.09734513e-04	2844.00000000	3.31935347e+15	3.44839764e+15	3.06620075e-03
284500	1947.65933560	2845	2.09808260e-04	2845.00000000	3.31935471e+15	3.44839889e+15	3.06620179e-03
284600	1948.34186675	2846	2.09882006e-04	2846.00000000	3.31935596e+15	3.44840013e+15	3.06620284e-03
284700	1949.02773398	2847	2.09955752e-04	2847.00000000	3.31935720e+15	3.44840138e+15	3.06620388e-03
284800	1949.71404182	2848	2.10029499e-04	2848.00000000	3.31935843e+15	3.44840262e+15	3.06620492e-03
284900	1950.39596251	2849	2.10103245e-04	2849.00000000	3.31935967e+15	3.44840385e+15	3.06620596e-03
285000	1951.08180394	2850	2.10176991e-04	2850.00000000	3.31936090e+15	3.44840509e+15	3.06620699e-03
285100	1951.76839857	2851	2.10250737e-04	2851.00000000	3.31936213e+15	3.44840632e+15	3.06620802e-03
285200	1952.45517116	2852	2.10324484e-04	2852.00000000	3.31936335e+15	3.44840754e+15	3.06620905e-03
285300	1953.14087666	2853	2.10398230e-04	2853.00000000	3.31936457e+15	3.44840877e+15	3.06621008e-03
285400	1953.82643754	2854	2.10471976e-04	2854.00000000	3.31936579e+15	3.44840999e+15	3.06621110e-03
285500	1954.51222705	2855	2.10545723e-04	2855.00000000	3.31936700e+15	3.44841121e+15	3.06621212e-03
285600	1955.19492393	2856	2.10619469e-04	2856.00000000	3.31936821e+15	3.44841242e+15	3.06621314e-03
285700	1955.88088797	2857	2.10693215e-04	2857.00000000	3.31936942e+15	3.44841363e+15	3.06621416e-03
285800	1956.56558080	2858	2.10766962e-04	2858.00000000	3.31937063e+15	3.44841484e+15	3.06621517e-03
285900	1957.25115818	2859	2.10840708e-04	2859.00000000	3.31937183e+15	3.44841604e+15	3.06621618e-03
286000	1957.93655836	2860	2.10914454e-04	2860.00000000	3.31937303e+15	3.44841724e+15	3.06621719e-03
286100	1958.62415752	2861	2.10988201e-04	2861.00000000	3.31937422e+15	3.44841844e+15	3.06621819e-03
286200	1959.30989276	2862	2.11061947e-04	2862.00000000	3.31937542e+15	3.44841964e+15	3.06621919e-03
286300	1959.99481837	2863	2.11135693e-04	2863.00000000	3.31937661e+15	3.44842083e+15	3.06622019e-03
286400	1960.68151496	2864	2.11209440e-04	2864.00000000	3.31937779e+15	3.44842202e+15	3.06622119e-03
286500	1961.36699029	2865	2.11283186e-04	2865.00000000	3.31937898e+15	3.44842320e+15	3.06622219e-03
286600	1962.05167955	2866	2.11356932e-04	2866.00000000	3.31938016e+15	3.44842439e+15	3.06622318e-03
286700	1962.73814235	2867	2.11430678e-04	2867.00000000	3.31938133e+15	3.44842557e+15	3.06622417e-03
286800	1963.42342480	2868	2.11504425e-04	2868.00000000	3.31938251e+15	3.44842674e+15	3.06622515e-03
286900	1964.10848969	2869	2.11578171e-04	2869.00000000	3.31938368e+15	3.44842792e+15	3.06622614e-03
287000	1964.79400700	2870	2.11651917e-04	2870.00000000	3.31938485e+15	3.44842909e+15	3.06622712e-03
287100	1965.47891018	2871	2.11725664e-04	2871.00000000	3.31938601e+15	3.44843025e+15	3.06622810e-03
287200	1966.16458864	2872	2.11799410e-04	2872.00000000	3.31938717e+15	3.44843142e+15	3.06622907e-03
287300	1966.84998234	2873	2.11873156e-04	2873.00000000	3.31938833e+15	3.44843258e+15	3.06623005e-03
287400	1967.53647606	2874	2.11946903e-04	2874.00000000	3.31938949e+15	3.44843374e+15	3.06623102e-03
287500	1968.22148248	2875	2.12020649e-04	2875.00000000	3.31939064e+15	3.44843489e+15	3.06623199e-03
287600	1968.90643604	2876	2.12094395e-04	2876.00000000	3.31939179e+15	3.44843605e+15	3.06623295e-03
287700	1969.59094570	2877	2.12168142e-04	2877.00000000	3.31939294e+15	3.44843719e+15	3.06623392e-03
287800	1970.27595343	2878	2.12241888e-04	2878.00000000	3.31939408e+15	3.44843834e+15	3.06623488e-03
287900	1970.96095624	2879	2.12315634e-04	2879.00000000	3.31939522e+15	3.44843948e+15	3.06623584e-03
288000	1971.64538192	2880	2.12389381e-04	2880.00000000	3.31939636e+15	3.44844062e+15	3.06623679e-03
288100	1972.33074756	2881	2.12463127e-04	2881.00000000	3.31939749e+15	3.44844176e+15	3.06623775e-03
288200	1973.01623158	2882	2.12536873e-04	2882.00000000	3.31939862e+15	3.44844290e+15	3.06623870e-03
288300	1973.70131010	2883	2.12610619e-04	2883.00000000	3.31939975e+15	3.44844403e+15	3.06623965e-03
288400	1974.38711245	2884	2.12684366e-04	2884.00000000	3.31940088e+15	3.44844516e+15	3.06624059e-03
288500	1975.07218485	2885	2.12758112e-04	2885.00000000	3.31940200e+15	3.44844628e+15	3.06624154e-03
288600	1975.75784069	2886	2.12831858e-04	2886.00000000	3.31940312e+15	3.44844740e+15	3.06624248e-03
288700	1976.44227386	2887	2.12905605e-04	2887.00000000	3.31940424e+15	3.44844852e+15	3.06624342e-03
288800	1977.12176879	2888	2.12979351e-04	2888.00000000	3.31940535e+15	3.44844964e+15	3.06624435e-03
288900	1977.80741955	2889	2.13053097e-04	2889.00000000	3.31940646e+15	3.44845075e+15	3.06624529e-03
289000	1978.49237117	2890	2.13126844e-04	2890.00000000	3.31940757e+15	3.44845186e+15	3.06624622e-03
289100	1979.17597763	2891	2.13200590e-04	2891.00000000	3.31940868e+15	3.44845297e+15	3.06624715e-03
289200	1979.86170563	2892	2.13274336e-04	2892.00000000	3.31940978e+15	3.44845408e+15	3.06624807e-03
289300	1980.54707828	2893	2.13348083e-04	2893.00000000	3.31941088e+15	3.44845518e+15	3.06624900e-03
289400	1981.23118076	2894	2.13421829e-04	2894.00000000	3.31941198e+15	3.44845628e+15	3.06624992e-03
289500	1981.91713302	2895	2.13495575e-04	2895.00000000	3.31941307e+15	3.44845737e+15	3.06625084e-03
289600	1982.60329852	2896	2.13569322e-04	2896.00000000	3.31941416e+15	3.44845847e+15	3.06625176e-03
289700	1983.28931042	2897	2.13643068e-04	2897.00000000	3.31941525e+15	3.44845956e+15	3.06625267e-03
289800	1983.97523162	2898	2.13716814e-04	2898.00000000	3.31941634e+15	3.44846065e+15	3.06625358e-03
289900	1984.66127733	2899	2.13790560e-04	2899.00000000	3.31941742e+15	3.44846173e+15	3.06625449e-03
290000	1985.34597603	2900	2.13864307e-04	2900.00000000	3.31941850e+15	3.44846281e+15	3.06625540e-03
290100	1986.03250455	2901	2.13938053e-04	2901.00000000	3.31941957e+15	3.44846389e+15	3.06625631e-03
290200	1986.71767767	2902	2.14011799e-04	2902.00000000	3.31942065e+15	3.44846497e+15	3.06625721e-03
290300	1987.40335091	2903	2.14085546e-04	2903.00000000	3.31942172e+15	3.44846604e+15	3.06625811e-03
290400	1988.09009631	2904	2.14159292e-04	2904.00000000	3.31942279e+15	3.44846711e+15	3.06625901e-03
290500	1988.77573979	2905	2.14233038e-04	2905.00000000	3.31942385e+15	3.44846818e+15	3.06625990e-03
290600	1989.46170160	2906	2.14306785e-04	2906.00000000	3.31942492e+15	3.44846925e+15	3.06626080e-03
290700	1990.14824938	2907	2.14380531e-04	2907.00000000	3.31942598e+15	3.44847031e+15	3.06626169e-03
290800	1990.83500506	2908	2.14454277e-04	2908.00000000	3.31942704e+15	3.44847137e+15	3.06626258e-03
290900	1991.52154857	2909	2.14528024e-04	2909.00000000	3.31942809e+15	3.44847243e+15	3.06626346e-03
291000	1992.20712964	2910	2.14601770e-04	2910.00000000	3.31942914e+15	3.44847348e+15	3.06626435e-03
291100	1992.89372683	2911	2.14675516e-04	2911.00000000	3.31943019e+15	3.44847453e+15	3.06626523e-03
291200	1993.57987316	2912	2.14749263e-04	2912.00000000	3.31943124e+15	3.44847558e+15	3.06626611e-03
291300	1994.26555816	2913	2.14823009e-04	2913.00000000	3.31943228e+15	3.44847663e+15	3.06626699e-03
291400	1994.95198419	2914	2.14896755e-04	2914.00000000	3.31943332e+15	3.44847767e+15	3.06626786e-03
291500	1995.63770482	2915	2.14970501e-04	2915.00000000	3.31943436e+15	3.44847871e+15	3.06626873e-03
291600	1996.32402816	2916	2.15044248e-04	2916.00000000	3.31943540e+15	3.44847975e+15	3.06626960e-03
291700	1997.01028372	2917	2.15117994e-04	2917.00000000	3.31943643e+15	3.44848079e+15	3.06627047e-03
291800	1997.69415881	2918	2.15191740e-04	2918.00000000	3.31943746e+15	3.44848182e+15	3.06627134e-03
291900	1998.38004608	2919	2.15265487e-04	2919.00000000	3.31943849e+15	3.44848285e+15	3.06627220e-03
292000	1999.06585682	2920	2.15339233e-04	2920.00000000	3.31943951e+15	3.44848387e+15	3.06627306e-03
292100	1999.75020599	2921	2.15412979e-04	2921.00000000	3.31944053e+15	3.44848490e+15	3.06627392e-03
292200	2000.43499989	2922	2.15486726e-04	2922.00000000	3.31944155e+15	3.44848592e+15	3.06627478e-03
292300	2001.12110658	2923	2.15560472e-04	2923.00000000	3.31944257e+15	3.44848694e+15	3.06627563e-03
292400	2001.80746505	2924	2.15634218e-04	2924.00000000	3.31944359e+15	3.44848796e+15	3.06627649e-03
292500	2002.49384159	2925	2.15707965e-04	2925.00000000	3.31944460e+15	3.44848897e+15	3.06627734e-03
292600	2003.17998521	2926	2.15781711e-04	2926.00000000	3.31944561e+15	3.44848998e+15	3.06627819e-03
292700	2003.86609044	2927	2.15855457e-04	2927.00000000	3.31944661e+15	3.44849099e+15	3.06627903e-03
292800	2004.55226612	2928	2.15929204e-04	2928.00000000	3.31944762e+15	3.44849200e+15	3.06627987e-03
292900	2005.23703540	2929	2.16002950e-04	2929.00000000	3.31944862e+15	3.44849300e+15	3.06628072e-03
293000	2005.92284414	2930	2.16076696e-04	2930.00000000	3.31944962e+15	3.44849400e+15	3.06628156e-03
293100	2006.61037336	2931	2.16150442e-04	2931.00000000	3.31945061e+15	3.44849500e+15	3.06628239e-03
293200	2007.29629189	2932	2.16224189e-04	2932.00000000	3.31945161e+15	3.44849600e+15	3.06628323e-03
293300	2007.98303733	2933	2.16297935e-04	2933.00000000	3.31945260e+15	3.44849699e+15	3.06628406e-03
293400	2008.66942764	2934	2.16371681e-04	2934.00000000	3.31945359e+15	3.44849798e+15	3.06628489e-03
293500	2009.35547215	2935	2.16445428e-04	2935.00000000	3.31945457e+15	3.44849897e+15	3.06628572e-03
293600	2010.04280576	2936	2.16519174e-04	2936.00000000	3.31945555e+15	3.44849995e+15	3.06628655e-03
293700	2010.72902143	2937	2.16592920e-04	2937.00000000	3.31945653e+15	3.44850093e+15	3.06628737e-03
293800	2011.41463218	2938	2.16666667e-04	2938.00000000	3.31945751e+15	3.44850192e+15	3.06628819e-03
293900	2012.10108014	2939	2.16740413e-04	2939.00000000	3.31945849e+15	3.44850289e+15	3.06628901e-03
294000	2012.78560454	2940	2.16814159e-04	2940.00000000	3.31945946e+15	3.44850387e+15	3.06628983e-03
294100	2013.47174998	2941	2.16887906e-04	2941.00000000	3.31946043e+15	3.44850484e+15	3.06629065e-03
294200	2014.15704416	2942	2.16961652e-04	2942.00000000	3.31946140e+15	3.44850581e+15	3.06629146e-03
294300	2014.84267495	2943	2.17035398e-04	2943.00000000	3.31946237e+15	3.44850678e+15	3.06629227e-03
294400	2015.52885333	2944	2.17109145e-04	2944.00000000	3.31946333e+15	3.44850774e+15	3.06629308e-03
294500	2016.21364489	2945	2.17182891e-04	2945.00000000	3.31946429e+15	3.44850871e+15	3.06629389e-03
294600	2016.89900179	2946	2.17256637e-04	2946.00000000	3.31946525e+15	3.44850967e+15	3.06629469e-03
294700	2017.58509953	2947	2.17330383e-04	2947.00000000	3.31946620e+15	3.44851062e+15	3.06629550e-03
294800	2018.27102077	2948	2.17404130e-04	2948.00000000	3.31946715e+15	3.44851158e+15	3.06629630e-03
294900	2018.95707821	2949	2.17477876e-04	2949.00000000	3.31946811e+15	3.44851253e+15	3.06629710e-03
295000	2019.64242362	2950	2.17551622e-04	2950.00000000	3.31946905e+15	3.44851348e+15	3.06629789e-03
295100	2020.32929556	2951	2.17625369e-04	2951.00000000	3.31947000e+15	3.44851443e+15	3.06629869e-03
295200	2021.01539915	2952	2.17699115e-04	2952.00000000	3.31947094e+15	3.44851537e+15	3.06629948e-03
295300	2021.69978797	2953	2.17772861e-04	2953.00000000	3.31947188e+15	3.44851632e+15	3.06630027e-03
295400	2022.38592413	2954	2.17846608e-04	2954.00000000	3.31947282e+15	3.44851726e+15	3.06630106e-03
295500	2023.07270829	2955	2.17920354e-04	2955.00000000	3.31947376e+15	3.44851819e+15	3.06630184e-03
295600	2023.75900746	2956	2.17994100e-04	2956.00000000	3.31947469e+15	3.44851913e+15	3.06630263e-03
295700	2024.44490876	2957	2.18067847e-04	2957.00000000	3.31947562e+15	3.44852006e+15	3.06630341e-03
295800	2025.13079896	2958	2.18141593e-04	2958.00000000	3.31947655e+15	3.44852099e+15	3.06630419e-03
295900	2025.81698520	2959	2.18215339e-04	2959.00000000	3.31947748e+15	3.44852192e+15	3.06630497e-03
296000	2026.50136123	2960	2.18289086e-04	2960.00000000	3.31947840e+15	3.44852285e+15	3.06630575e-03
296100	2027.18715101	2961	2.18362832e-04	2961.00000000	3.31947932e+15	3.44852377e+15	3.06630652e-03
296200	2027.87302661	2962	2.18436578e-04	2962.00000000	3.31948024e+15	3.44852469e+15	3.06630729e-03
296300	2028.55878863	2963	2.18510324e-04	2963.00000000	3.31948116e+15	3.44852561e+15	3.06630806e-03
296400	2029.24480703	2964	2.18584071e-04	2964.00000000	3.31948207e+15	3.44852653e+15	3.06630883e-03
296500	2029.93131184	2965	2.18657817e-04	2965.00000000	3.31948298e+15	3.44852744e+15	3.06630960e-03
296600	2030.61683846	2966	2.18731563e-04	2966.00000000	3.31948389e+15	3.44852835e+15	3.06631036e-03
296700	2031.30292627	2967	2.18805310e-04	2967.00000000	3.31948480e+15	3.44852926e+15	3.06631112e-03
296800	2031.98936430	2968	2.18879056e-04	2968.00000000	3.31948570e+15	3.44853017e+15	3.06631189e-03
296900	2032.67600528	2969	2.18952802e-04	2969.00000000	3.31948660e+15	3.44853107e+15	3.06631264e-03
297000	2033.36214515	2970	2.19026549e-04	2970.00000000	3.31948750e+15	3.44853197e+15	3.06631340e-03
297100	2034.04923201	2971	2.19100295e-04	2971.00000000	3.31948840e+15	3.44853287e+15	3.06631415e-03
297200	2034.73389556	2972	2.19174041e-04	2972.00000000	3.31948930e+15	3.44853377e+15	3.06631491e-03
297300	2035.41987360	2973	2.19247788e-04	2973.00000000	3.31949019e+15	3.44853467e+15	3.06631566e-03
297400	2036.10548649	2974	2.19321534e-04	2974.00000000	3.31949108e+15	3.44853556e+15	3.06631641e-03
297500	2036.79033029	2975	2.19395280e-04	2975.00000000	3.31949197e+15	3.44853645e+15	3.06631715e-03
297600	2037.47579388	2976	2.19469027e-04	2976.00000000	3.31949286e+15	3.44853734e+15	3.06631790e-03
297700	2038.16164216	2977	2.19542773e-04	2977.00000000	3.31949374e+15	3.44853822e+15	3.06631864e-03
297800	2038.84748182	2978	2.19616519e-04	2978.00000000	3.31949462e+15	3.44853911e+15	3.06631938e-03
297900	2039.53345488	2979	2.19690265e-04	2979.00000000	3.31949550e+15	3.44853999e+15	3.06632012e-03
298000	2040.21942034	2980	2.19764012e-04	2980.00000000	3.31949638e+15	3.44854087e+15	3.06632086e-03
298100	2040.90546244	2981	2.19837758e-04	2981.00000000	3.31949725e+15	3.44854174e+15	3.06632159e-03
298200	2041.58909822	2982	2.19911504e-04	2982.00000000	3.31949812e+15	3.44854262e+15	3.06632233e-03
298300	2042.27313763	2983	2.19985251e-04	2983.00000000	3.31949899e+15	3.44854349e+15	3.06632306e-03
298400	2042.95274103	2984	2.20058997e-04	2984.00000000	3.31949986e+15	3.44854436e+15	3.06632379e-03
298500	2043.63793354	2985	2.20132743e-04	2985.00000000	3.31950073e+15	3.44854523e+15	3.06632451e-03
298600	2044.32366600	2986	2.20206490e-04	2986.00000000	3.31950159e+15	3.44854609e+15	3.06632524e-03
298700	2045.00974379	2987	2.20280236e-04	2987.00000000	3.31950245e+15	3.44854695e+15	3.06632596e-03
298800	2045.69520714	2988	2.20353982e-04	2988.00000000	3.31950331e+15	3.44854781e+15	3.06632668e-03
298900	2046.37708514	2989	2.20427729e-04	2989.00000000	3.31950417e+15	3.44854867e+15	3.06632740e-03
299000	2047.06295660	2990	2.20501475e-04	2990.00000000	3.31950502e+15	3.44854953e+15	3.06632812e-03
299100	2047.74569455	2991	2.20575221e-04	2991.00000000	3.31950587e+15	3.44855038e+15	3.06632884e-03
299200	2048.43120723	2992	2.20648968e-04	2992.00000000	3.31950672e+15	3.44855123e+15	3.06632955e-03
299300	2049.11685024	2993	2.20722714e-04	2993.00000000	3.31950757e+15	3.44855208e+15	3.06633027e-03
299400	2049.80327919	2994	2.20796460e-04	2994.00000000	3.31950842e+15	3.44855293e+15	3.06633098e-03
299500	2050.48840769	2995	2.20870206e-04	2995.00000000	3.31950926e+15	3.44855378e+15	3.06633169e-03
299600	2051.17412837	2996	2.20943953e-04	2996.00000000	3.31951010e+15	3.44855462e+15	3.06633239e-03
299700	2051.85890401	2997	2.21017699e-04	2997.00000000	3.31951094e+15	3.44855546e+15	3.06633310e-03
299800	2052.54496021	2998	2.21091445e-04	2998.00000000	3.31951178e+15	3.44855630e+15	3.06633380e-03
299900	2053.23042258	2999	2.21165192e-04	2999.00000000	3.31951261e+15	3.44855714e+15	3.06633450e-03
300000	2053.95250074	3000	2.21238938e-04	3000.00000000	3.31951344e+15	3.44855797e+15	3.06633520e-03
