TITLE = "DT cycle-start spatial average"
VARIABLES = "step", "wallTime", "targetCycle", "runTime", "runCyc", "NeAve", "NiAve", "EeAve"
ZONE T="Average_phase0", F=POINT
0	0.00000000	0	0.00000000e+00	0.00000000	1.00000000e+14	1.00000000e+14	2.40315765e-05
100	1.78799880	1	7.37463127e-08	1.00000000	9.69362509e+13	1.15340194e+14	1.17152247e-04
200	3.56633518	2	1.47492625e-07	2.00000000	1.21431634e+14	1.46530403e+14	1.47558214e-04
300	5.34761202	3	2.21238938e-07	3.00000000	1.54547024e+14	1.84469880e+14	1.87074913e-04
400	7.13051806	4	2.94985251e-07	4.00000000	1.94754312e+14	2.28959713e+14	2.33902028e-04
500	8.91618970	5	3.68731563e-07	5.00000000	2.40656263e+14	2.79065676e+14	2.86121647e-04
600	10.70152682	6	4.42477876e-07	6.00000000	2.90546741e+14	3.33231085e+14	3.41561535e-04
700	12.49705381	7	5.16224189e-07	7.00000000	3.42737569e+14	3.89768977e+14	3.98250762e-04
800	14.28410910	8	5.89970501e-07	8.00000000	3.95719472e+14	4.47106694e+14	4.54916108e-04
900	16.07035028	9	6.63716814e-07	9.00000000	4.48265857e+14	5.03942925e+14	5.10279947e-04
1000	17.86226355	10	7.37463127e-07	10.00000000	4.99655197e+14	5.59492813e+14	5.63566801e-04
1100	19.64933568	11	8.11209440e-07	11.00000000	5.49493512e+14	6.13318483e+14	6.14420669e-04
1200	21.43484859	12	8.84955752e-07	12.00000000	5.97576919e+14	6.65188984e+14	6.62689343e-04
1300	23.22241945	13	9.58702065e-07	13.00000000	6.43888185e+14	7.15073077e+14	7.08611678e-04
1400	25.00799928	14	1.03244838e-06	14.00000000	6.88564871e+14	7.63104979e+14	7.52471141e-04
1500	26.80465412	15	1.10619469e-06	15.00000000	7.31801073e+14	8.09482581e+14	7.94574432e-04
1600	28.59401430	16	1.17994100e-06	16.00000000	7.73815756e+14	8.54429025e+14	8.35293738e-04
1700	30.38455557	17	1.25368732e-06	17.00000000	8.14807250e+14	8.98153851e+14	8.74932528e-04
1800	32.17250580	18	1.32743363e-06	18.00000000	8.54884075e+14	9.40775019e+14	9.13714004e-04
1900	33.96548975	19	1.40117994e-06	19.00000000	8.94083983e+14	9.82337974e+14	9.51537475e-04
2000	35.75738796	20	1.47492625e-06	20.00000000	9.32377995e+14	1.02282368e+15	9.88413343e-04
2100	37.55623152	21	1.54867257e-06	21.00000000	9.69722302e+14	1.06219857e+15	1.02433984e-03
2200	39.35145758	22	1.62241888e-06	22.00000000	1.00610452e+15	1.10045976e+15	1.05926295e-03
2300	41.14874989	23	1.69616519e-06	23.00000000	1.04152130e+15	1.13760946e+15	1.09319322e-03
2400	42.93935627	24	1.76991150e-06	24.00000000	1.07593356e+15	1.17362217e+15	1.12611588e-03
2500	44.72604643	25	1.84365782e-06	25.00000000	1.10941095e+15	1.20857970e+15	1.15796570e-03
2600	46.51859970	26	1.91740413e-06	26.00000000	1.14209294e+15	1.24263275e+15	1.18883174e-03
2700	48.30735316	27	1.99115044e-06	27.00000000	1.17409615e+15	1.27590899e+15	1.21881362e-03
2800	50.09363347	28	2.06489676e-06	28.00000000	1.20542122e+15	1.30841908e+15	1.24801568e-03
2900	51.87874019	29	2.13864307e-06	29.00000000	1.23603983e+15	1.34014314e+15	1.27644258e-03
3000	53.67159022	30	2.21238938e-06	30.00000000	1.26593244e+15	1.37106829e+15	1.30408914e-03
3100	55.46093009	31	2.28613569e-06	31.00000000	1.29508577e+15	1.40118562e+15	1.33096037e-03
3200	57.25135807	32	2.35988201e-06	32.00000000	1.32350024e+15	1.43049875e+15	1.35706584e-03
3300	59.04619028	33	2.43362832e-06	33.00000000	1.35115958e+15	1.45899980e+15	1.38240123e-03
3400	60.83258472	34	2.50737463e-06	34.00000000	1.37805243e+15	1.48667892e+15	1.40697392e-03
3500	62.62398641	35	2.58112094e-06	35.00000000	1.40415574e+15	1.51351995e+15	1.43078054e-03
3600	64.41215988	36	2.65486726e-06	36.00000000	1.42945733e+15	1.53951333e+15	1.45379766e-03
3700	66.20216968	37	2.72861357e-06	37.00000000	1.45397265e+15	1.56467727e+15	1.47599863e-03
3800	67.99038059	38	2.80235988e-06	38.00000000	1.47773868e+15	1.58905154e+15	1.49741696e-03
3900	69.77603161	39	2.87610619e-06	39.00000000	1.50078821e+15	1.61267186e+15	1.51809702e-03
4000	71.56941450	40	2.94985251e-06	40.00000000	1.52314797e+15	1.63556773e+15	1.53809875e-03
4100	73.35871889	41	3.02359882e-06	41.00000000	1.54485929e+15	1.65778309e+15	1.55746380e-03
4200	75.15331130	42	3.09734513e-06	42.00000000	1.56594695e+15	1.67934513e+15	1.57622354e-03
4300	76.94607536	43	3.17109145e-06	43.00000000	1.58644555e+15	1.70029086e+15	1.59442251e-03
4400	78.73932894	44	3.24483776e-06	44.00000000	1.60637504e+15	1.72064238e+15	1.61208470e-03
4500	80.52751323	45	3.31858407e-06	45.00000000	1.62576636e+15	1.74043250e+15	1.62923047e-03
4600	82.31995817	46	3.39233038e-06	46.00000000	1.64464620e+15	1.75968957e+15	1.64589246e-03
4700	84.11112535	47	3.46607670e-06	47.00000000	1.66302776e+15	1.77842807e+15	1.66208767e-03
4800	85.89914585	48	3.53982301e-06	48.00000000	1.68094788e+15	1.79668539e+15	1.67784919e-03
4900	87.68880416	49	3.61356932e-06	49.00000000	1.69842794e+15	1.81448406e+15	1.69320863e-03
5000	89.47540737	50	3.68731563e-06	50.00000000	1.71547554e+15	1.83183482e+15	1.70816948e-03
5100	91.26175913	51	3.76106195e-06	51.00000000	1.73211503e+15	1.84876386e+15	1.72275544e-03
5200	93.04817018	52	3.83480826e-06	52.00000000	1.74836148e+15	1.86528660e+15	1.73698654e-03
5300	94.83453729	53	3.90855457e-06	53.00000000	1.76421843e+15	1.88140716e+15	1.75087529e-03
5400	96.62347535	54	3.98230088e-06	54.00000000	1.77971023e+15	1.89715063e+15	1.76443423e-03
5500	98.40941865	55	4.05604720e-06	55.00000000	1.79485134e+15	1.91253226e+15	1.77768861e-03
5600	100.19679296	56	4.12979351e-06	56.00000000	1.80965072e+15	1.92756179e+15	1.79064382e-03
5700	101.98362197	57	4.20353982e-06	57.00000000	1.82412450e+15	1.94225604e+15	1.80331468e-03
5800	103.77003744	58	4.27728614e-06	58.00000000	1.83828772e+15	1.95663069e+15	1.81572035e-03
5900	105.55772471	59	4.35103245e-06	59.00000000	1.85215348e+15	1.97069946e+15	1.82787211e-03
6000	107.34402482	60	4.42477876e-06	60.00000000	1.86572902e+15	1.98447005e+15	1.83977453e-03
6100	109.13084412	61	4.49852507e-06	61.00000000	1.87901845e+15	1.99794706e+15	1.85143108e-03
6200	110.92493677	62	4.57227139e-06	62.00000000	1.89203463e+15	2.01114376e+15	1.86285384e-03
6300	112.71362017	63	4.64601770e-06	63.00000000	1.90479261e+15	2.02407554e+15	1.87404518e-03
6400	114.50696053	64	4.71976401e-06	64.00000000	1.91730575e+15	2.03675454e+15	1.88502281e-03
6500	116.29039423	65	4.79351032e-06	65.00000000	1.92957510e+15	2.04918465e+15	1.89578052e-03
6600	118.08073088	66	4.86725664e-06	66.00000000	1.94161310e+15	2.06137809e+15	1.90631597e-03
6700	119.86545952	67	4.94100295e-06	67.00000000	1.95343439e+15	2.07334961e+15	1.91664629e-03
6800	121.65399835	68	5.01474926e-06	68.00000000	1.96503527e+15	2.08509566e+15	1.92677915e-03
6900	123.44826770	69	5.08849558e-06	69.00000000	1.97642346e+15	2.09662414e+15	1.93671003e-03
7000	125.23659627	70	5.16224189e-06	70.00000000	1.98760859e+15	2.10794493e+15	1.94645384e-03
7100	127.02571227	71	5.23598820e-06	71.00000000	1.99859245e+15	2.11906003e+15	1.95601388e-03
7200	128.81375334	72	5.30973451e-06	72.00000000	2.00938097e+15	2.12997559e+15	1.96539596e-03
7300	130.60191408	73	5.38348083e-06	73.00000000	2.01997510e+15	2.14069277e+15	1.97460324e-03
7400	132.38857994	74	5.45722714e-06	74.00000000	2.03038859e+15	2.15122550e+15	1.98363691e-03
7500	134.17641608	75	5.53097345e-06	75.00000000	2.04062059e+15	2.16157310e+15	1.99250912e-03
7600	135.96284404	76	5.60471976e-06	76.00000000	2.05067058e+15	2.17173515e+15	2.00121576e-03
7700	137.75808198	77	5.67846608e-06	77.00000000	2.06054248e+15	2.18171570e+15	2.00976050e-03
7800	139.55027206	78	5.75221239e-06	78.00000000	2.07024515e+15	2.19152378e+15	2.01815048e-03
7900	141.33759927	79	5.82595870e-06	79.00000000	2.07978336e+15	2.20116429e+15	2.02639126e-03
8000	143.12528531	80	5.89970501e-06	80.00000000	2.08916136e+15	2.21064164e+15	2.03448509e-03
8100	144.91011378	81	5.97345133e-06	81.00000000	2.09837734e+15	2.21995415e+15	2.04243520e-03
8200	146.69859481	82	6.04719764e-06	82.00000000	2.10742985e+15	2.22910049e+15	2.05024095e-03
8300	148.48643259	83	6.12094395e-06	83.00000000	2.11633523e+15	2.23809698e+15	2.05790733e-03
8400	150.27190817	84	6.19469027e-06	84.00000000	2.12509316e+15	2.24694339e+15	2.06544358e-03
8500	152.05634902	85	6.26843658e-06	85.00000000	2.13370296e+15	2.25563914e+15	2.07285134e-03
8600	153.84205412	86	6.34218289e-06	86.00000000	2.14216816e+15	2.26418783e+15	2.08012052e-03
8700	155.63074418	87	6.41592920e-06	87.00000000	2.15049496e+15	2.27259800e+15	2.08725815e-03
8800	157.41825788	88	6.48967552e-06	88.00000000	2.15868867e+15	2.28087151e+15	2.09428595e-03
8900	159.20166317	89	6.56342183e-06	89.00000000	2.16674873e+15	2.28900862e+15	2.10119854e-03
9000	160.98753260	90	6.63716814e-06	90.00000000	2.17468403e+15	2.29701861e+15	2.10799238e-03
9100	162.77489211	91	6.71091445e-06	91.00000000	2.18249478e+15	2.30490184e+15	2.11468016e-03
9200	164.56556708	92	6.78466077e-06	92.00000000	2.19018492e+15	2.31265610e+15	2.12127248e-03
9300	166.35662167	93	6.85840708e-06	93.00000000	2.19775877e+15	2.32029560e+15	2.12775935e-03
9400	168.14223027	94	6.93215339e-06	94.00000000	2.20521726e+15	2.32782004e+15	2.13414065e-03
9500	169.92762539	95	7.00589971e-06	95.00000000	2.21255398e+15	2.33522225e+15	2.14042336e-03
9600	171.71265807	96	7.07964602e-06	96.00000000	2.21978033e+15	2.34251281e+15	2.14660213e-03
9700	173.49936791	97	7.15339233e-06	97.00000000	2.22689559e+15	2.34969137e+15	2.15268189e-03
9800	175.28536588	98	7.22713864e-06	98.00000000	2.23389627e+15	2.35675398e+15	2.15866254e-03
9900	177.07230787	99	7.30088496e-06	99.00000000	2.24079027e+15	2.36370841e+15	2.16454220e-03
10000	178.85863772	100	7.37463127e-06	100.00000000	2.24757583e+15	2.37055292e+15	2.17033654e-03
10100	180.64441251	101	7.44837758e-06	101.00000000	2.25425888e+15	2.37729350e+15	2.17602950e-03
10200	182.42882908	102	7.52212389e-06	102.00000000	2.26083070e+15	2.38392148e+15	2.18164260e-03
10300	184.21485592	103	7.59587021e-06	103.00000000	2.26730273e+15	2.39044837e+15	2.18715261e-03
10400	186.00154254	104	7.66961652e-06	104.00000000	2.27366908e+15	2.39686830e+15	2.19258211e-03
10500	187.78669205	105	7.74336283e-06	105.00000000	2.27993742e+15	2.40318898e+15	2.19791358e-03
10600	189.57341171	106	7.81710914e-06	106.00000000	2.28611793e+15	2.40942063e+15	2.20315636e-03
10700	191.35821077	107	7.89085546e-06	107.00000000	2.29220607e+15	2.41555872e+15	2.20832823e-03
10800	193.14243050	108	7.96460177e-06	108.00000000	2.29820711e+15	2.42160855e+15	2.21341843e-03
10900	194.92803512	109	8.03834808e-06	109.00000000	2.30411992e+15	2.42756906e+15	2.21843522e-03
11000	196.71284223	110	8.11209440e-06	110.00000000	2.30994644e+15	2.43344225e+15	2.22337210e-03
11100	198.49752096	111	8.18584071e-06	111.00000000	2.31569140e+15	2.43923288e+15	2.22823375e-03
11200	200.28213974	112	8.25958702e-06	112.00000000	2.32135804e+15	2.44494419e+15	2.23302488e-03
11300	202.06351903	113	8.33333333e-06	113.00000000	2.32694469e+15	2.45057455e+15	2.23775097e-03
11400	203.85290834	114	8.40707965e-06	114.00000000	2.33245725e+15	2.45612989e+15	2.24240453e-03
11500	205.64575229	115	8.48082596e-06	115.00000000	2.33789361e+15	2.46160816e+15	2.24699787e-03
11600	207.43284199	116	8.55457227e-06	116.00000000	2.34325302e+15	2.46700861e+15	2.25152362e-03
11700	209.22014092	117	8.62831858e-06	117.00000000	2.34853743e+15	2.47233320e+15	2.25598285e-03
11800	211.00491562	118	8.70206490e-06	118.00000000	2.35375229e+15	2.47758741e+15	2.26037778e-03
11900	212.78927045	119	8.77581121e-06	119.00000000	2.35889460e+15	2.48276826e+15	2.26471546e-03
12000	214.57730691	120	8.84955752e-06	120.00000000	2.36396687e+15	2.48787827e+15	2.26898983e-03
12100	216.36443220	121	8.92330383e-06	121.00000000	2.36898065e+15	2.49292904e+15	2.27319630e-03
12200	218.14916936	122	8.99705015e-06	122.00000000	2.37394379e+15	2.49792844e+15	2.27734953e-03
12300	219.93281475	123	9.07079646e-06	123.00000000	2.37885327e+15	2.50287352e+15	2.28145609e-03
12400	221.71987813	124	9.14454277e-06	124.00000000	2.38371152e+15	2.50776668e+15	2.28551670e-03
12500	223.50490820	125	9.21828909e-06	125.00000000	2.38851495e+15	2.51260436e+15	2.28953483e-03
12600	225.29029872	126	9.29203540e-06	126.00000000	2.39326584e+15	2.51738884e+15	2.29350474e-03
12700	227.07293586	127	9.36578171e-06	127.00000000	2.39796892e+15	2.52212485e+15	2.29743041e-03
12800	228.85856648	128	9.43952802e-06	128.00000000	2.40262279e+15	2.52681101e+15	2.30131587e-03
12900	230.64623295	129	9.51327434e-06	129.00000000	2.40722897e+15	2.53144885e+15	2.30515706e-03
13000	232.43213219	130	9.58702065e-06	130.00000000	2.41178949e+15	2.53604046e+15	2.30895865e-03
13100	234.22377930	131	9.66076696e-06	131.00000000	2.41630226e+15	2.54058375e+15	2.31272246e-03
13200	236.01271123	132	9.73451327e-06	132.00000000	2.42076770e+15	2.54507914e+15	2.31644428e-03
13300	237.79772305	133	9.80825959e-06	133.00000000	2.42518533e+15	2.54952616e+15	2.32012648e-03
13400	239.58350474	134	9.88200590e-06	134.00000000	2.42955672e+15	2.55392639e+15	2.32376660e-03
13500	241.36695714	135	9.95575221e-06	135.00000000	2.43388350e+15	2.55828146e+15	2.32736666e-03
13600	243.15039132	136	1.00294985e-05	136.00000000	2.43816680e+15	2.56259253e+15	2.33092841e-03
13700	244.93554642	137	1.01032448e-05	137.00000000	2.44240789e+15	2.56686089e+15	2.33445456e-03
13800	246.72004528	138	1.01769912e-05	138.00000000	2.44660441e+15	2.57108423e+15	2.33794564e-03
13900	248.50175262	139	1.02507375e-05	139.00000000	2.45075773e+15	2.57526391e+15	2.34139820e-03
14000	250.29547682	140	1.03244838e-05	140.00000000	2.45486671e+15	2.57939880e+15	2.34481704e-03
14100	252.08285221	141	1.03982301e-05	141.00000000	2.45893025e+15	2.58348779e+15	2.34819721e-03
14200	253.86473199	142	1.04719764e-05	142.00000000	2.46295299e+15	2.58753555e+15	2.35153776e-03
14300	255.65462098	143	1.05457227e-05	143.00000000	2.46693456e+15	2.59154169e+15	2.35484450e-03
14400	257.44414262	144	1.06194690e-05	144.00000000	2.47087515e+15	2.59550644e+15	2.35811605e-03
14500	259.23500653	145	1.06932153e-05	145.00000000	2.47477612e+15	2.59943113e+15	2.36135368e-03
14600	261.02337586	146	1.07669617e-05	146.00000000	2.47863709e+15	2.60331542e+15	2.36455913e-03
14700	262.81611465	147	1.08407080e-05	147.00000000	2.48245576e+15	2.60715701e+15	2.36773193e-03
14800	264.60615291	148	1.09144543e-05	148.00000000	2.48623227e+15	2.61095604e+15	2.37086696e-03
14900	266.39804925	149	1.09882006e-05	149.00000000	2.48997005e+15	2.61471597e+15	2.37396669e-03
15000	268.18453612	150	1.10619469e-05	150.00000000	2.49366994e+15	2.61843764e+15	2.37703491e-03
15100	269.97184153	151	1.11356932e-05	151.00000000	2.49733404e+15	2.62212317e+15	2.38006869e-03
15200	271.75755030	152	1.12094395e-05	152.00000000	2.50096148e+15	2.62577167e+15	2.38307483e-03
15300	273.54789085	153	1.12831858e-05	153.00000000	2.50454966e+15	2.62938054e+15	2.38605319e-03
15400	275.33536102	154	1.13569322e-05	154.00000000	2.50809941e+15	2.63295062e+15	2.38899655e-03
15500	277.12212498	155	1.14306785e-05	155.00000000	2.51161149e+15	2.63648266e+15	2.39190832e-03
15600	278.90944055	156	1.15044248e-05	156.00000000	2.51508490e+15	2.63997570e+15	2.39478865e-03
15700	280.69506261	157	1.15781711e-05	157.00000000	2.51852222e+15	2.64343232e+15	2.39763563e-03
15800	282.48364521	158	1.16519174e-05	158.00000000	2.52192103e+15	2.64685011e+15	2.40045579e-03
15900	284.26814443	159	1.17256637e-05	159.00000000	2.52527952e+15	2.65022725e+15	2.40324565e-03
16000	286.05137705	160	1.17994100e-05	160.00000000	2.52859511e+15	2.65356119e+15	2.40600347e-03
16100	287.83932571	161	1.18731563e-05	161.00000000	2.53186908e+15	2.65685319e+15	2.40872519e-03
16200	289.62487892	162	1.19469027e-05	162.00000000	2.53510730e+15	2.66010914e+15	2.41140860e-03
16300	291.40966690	163	1.20206490e-05	163.00000000	2.53831112e+15	2.66333039e+15	2.41406141e-03
16400	293.19552654	164	1.20943953e-05	164.00000000	2.54147920e+15	2.66651562e+15	2.41668626e-03
16500	294.97923452	165	1.21681416e-05	165.00000000	2.54461476e+15	2.66966806e+15	2.41927956e-03
16600	296.76474165	166	1.22418879e-05	166.00000000	2.54771790e+15	2.67278782e+15	2.42184566e-03
16700	298.54869436	167	1.23156342e-05	167.00000000	2.55078563e+15	2.67587191e+15	2.42438783e-03
16800	300.33291422	168	1.23893805e-05	168.00000000	2.55381860e+15	2.67892096e+15	2.42689928e-03
16900	302.12102492	169	1.24631268e-05	169.00000000	2.55682043e+15	2.68193863e+15	2.42937911e-03
17000	303.90759144	170	1.25368732e-05	170.00000000	2.55979168e+15	2.68492546e+15	2.43183245e-03
17100	305.69304850	171	1.26106195e-05	171.00000000	2.56272941e+15	2.68787853e+15	2.43426287e-03
17200	307.48219198	172	1.26843658e-05	172.00000000	2.56563359e+15	2.69079781e+15	2.43666555e-03
17300	309.26950714	173	1.27581121e-05	173.00000000	2.56850889e+15	2.69368797e+15	2.43903690e-03
17400	311.05868341	174	1.28318584e-05	174.00000000	2.57135611e+15	2.69654983e+15	2.44138407e-03
17500	312.84273621	175	1.29056047e-05	175.00000000	2.57417367e+15	2.69938180e+15	2.44371050e-03
17600	314.62780472	176	1.29793510e-05	176.00000000	2.57696130e+15	2.70218361e+15	2.44601227e-03
17700	316.41369148	177	1.30530973e-05	177.00000000	2.57971971e+15	2.70495598e+15	2.44828780e-03
17800	318.20333771	178	1.31268437e-05	178.00000000	2.58244972e+15	2.70769975e+15	2.45053810e-03
17900	319.98818383	179	1.32005900e-05	179.00000000	2.58515054e+15	2.71041410e+15	2.45276608e-03
18000	321.77757114	180	1.32743363e-05	180.00000000	2.58782156e+15	2.71309846e+15	2.45496972e-03
18100	323.56153152	181	1.33480826e-05	181.00000000	2.59046451e+15	2.71575454e+15	2.45714767e-03
18200	325.34695359	182	1.34218289e-05	182.00000000	2.59308176e+15	2.71838471e+15	2.45930019e-03
18300	327.13137314	183	1.34955752e-05	183.00000000	2.59567360e+15	2.72098927e+15	2.46143171e-03
18400	328.91553839	184	1.35693215e-05	184.00000000	2.59824065e+15	2.72356884e+15	2.46354183e-03
18500	330.69815242	185	1.36430678e-05	185.00000000	2.60078328e+15	2.72612379e+15	2.46563140e-03
18600	332.48297228	186	1.37168142e-05	186.00000000	2.60330008e+15	2.72865273e+15	2.46770248e-03
18700	334.26970242	187	1.37905605e-05	187.00000000	2.60578946e+15	2.73115408e+15	2.46975270e-03
18800	336.05514599	188	1.38643068e-05	188.00000000	2.60825277e+15	2.73362916e+15	2.47177875e-03
18900	337.83923222	189	1.39380531e-05	189.00000000	2.61069113e+15	2.73607914e+15	2.47378196e-03
19000	339.62696244	190	1.40117994e-05	190.00000000	2.61310474e+15	2.73850419e+15	2.47576528e-03
19100	341.41056653	191	1.40855457e-05	191.00000000	2.61549381e+15	2.74090453e+15	2.47772730e-03
19200	343.19447767	192	1.41592920e-05	192.00000000	2.61785853e+15	2.74328035e+15	2.47966946e-03
19300	344.97745741	193	1.42330383e-05	193.00000000	2.62019942e+15	2.74563218e+15	2.48159143e-03
19400	346.76034323	194	1.43067847e-05	194.00000000	2.62251610e+15	2.74795964e+15	2.48349436e-03
19500	348.54671114	195	1.43805310e-05	195.00000000	2.62481044e+15	2.75026462e+15	2.48537514e-03
19600	350.33118233	196	1.44542773e-05	196.00000000	2.62708521e+15	2.75254987e+15	2.48723522e-03
19700	352.11797612	197	1.45280236e-05	197.00000000	2.62934296e+15	2.75481795e+15	2.48907661e-03
19800	353.89976517	198	1.46017699e-05	198.00000000	2.63158486e+15	2.75707005e+15	2.49090317e-03
19900	355.68543982	199	1.46755162e-05	199.00000000	2.63381094e+15	2.75930619e+15	2.49271685e-03
20000	357.47066276	200	1.47492625e-05	200.00000000	2.63602125e+15	2.76152642e+15	2.49451728e-03
20100	359.25621615	201	1.48230088e-05	201.00000000	2.63821577e+15	2.76373072e+15	2.49630469e-03
20200	361.04142238	202	1.48967552e-05	202.00000000	2.64039441e+15	2.76591901e+15	2.49807948e-03
20300	362.82476168	203	1.49705015e-05	203.00000000	2.64255744e+15	2.76809157e+15	2.49984125e-03
20400	364.60969560	204	1.50442478e-05	204.00000000	2.64470521e+15	2.77024873e+15	2.50159035e-03
20500	366.39443958	205	1.51179941e-05	205.00000000	2.64683808e+15	2.77239087e+15	2.50332630e-03
20600	368.17703193	206	1.51917404e-05	206.00000000	2.64895624e+15	2.77451817e+15	2.50504936e-03
20700	369.96274708	207	1.52654867e-05	207.00000000	2.65106040e+15	2.77663135e+15	2.50675977e-03
20800	371.75220357	208	1.53392330e-05	208.00000000	2.65315085e+15	2.77873070e+15	2.50845837e-03
20900	373.53673192	209	1.54129794e-05	209.00000000	2.65522779e+15	2.78081641e+15	2.51014561e-03
21000	375.32383735	210	1.54867257e-05	210.00000000	2.65729130e+15	2.78288858e+15	2.51182165e-03
21100	377.11113094	211	1.55604720e-05	211.00000000	2.65934146e+15	2.78494729e+15	2.51348678e-03
21200	378.89429608	212	1.56342183e-05	212.00000000	2.66137812e+15	2.78699239e+15	2.51514080e-03
21300	380.67937038	213	1.57079646e-05	213.00000000	2.66340136e+15	2.78902397e+15	2.51678355e-03
21400	382.46575440	214	1.57817109e-05	214.00000000	2.66541146e+15	2.79104230e+15	2.51841563e-03
21500	384.24927002	215	1.58554572e-05	215.00000000	2.66740853e+15	2.79304749e+15	2.52003687e-03
21600	386.03491688	216	1.59292035e-05	216.00000000	2.66939263e+15	2.79503962e+15	2.52164720e-03
21700	387.82052064	217	1.60029499e-05	217.00000000	2.67136382e+15	2.79701874e+15	2.52324695e-03
21800	389.59971147	218	1.60766962e-05	218.00000000	2.67332234e+15	2.79898507e+15	2.52483562e-03
21900	391.38251327	219	1.61504425e-05	219.00000000	2.67526850e+15	2.80093895e+15	2.52641373e-03
22000	393.17048415	220	1.62241888e-05	220.00000000	2.67720239e+15	2.80288046e+15	2.52798146e-03
22100	394.95973897	221	1.62979351e-05	221.00000000	2.67912413e+15	2.80480973e+15	2.52953923e-03
22200	396.75461182	222	1.63716814e-05	222.00000000	2.68103373e+15	2.80672675e+15	2.53108704e-03
22300	398.54880803	223	1.64454277e-05	223.00000000	2.68293117e+15	2.80863153e+15	2.53262480e-03
22400	400.33611722	224	1.65191740e-05	224.00000000	2.68481668e+15	2.81052427e+15	2.53415238e-03
22500	402.11900288	225	1.65929204e-05	225.00000000	2.68669050e+15	2.81240523e+15	2.53567014e-03
22600	403.90319631	226	1.66666667e-05	226.00000000	2.68855280e+15	2.81427459e+15	2.53717834e-03
22700	405.68917385	227	1.67404130e-05	227.00000000	2.69040396e+15	2.81613271e+15	2.53867703e-03
22800	407.47425027	228	1.68141593e-05	228.00000000	2.69224439e+15	2.81798002e+15	2.54016601e-03
22900	409.26058257	229	1.68879056e-05	229.00000000	2.69407423e+15	2.81981664e+15	2.54164587e-03
23000	411.04833452	230	1.69616519e-05	230.00000000	2.69589352e+15	2.82164263e+15	2.54311722e-03
23100	412.83903178	231	1.70353982e-05	231.00000000	2.69770218e+15	2.82345792e+15	2.54458005e-03
23200	414.62287920	232	1.71091445e-05	232.00000000	2.69950008e+15	2.82526236e+15	2.54603434e-03
23300	416.40865366	233	1.71828909e-05	233.00000000	2.70128718e+15	2.82705593e+15	2.54747984e-03
23400	418.19261211	234	1.72566372e-05	234.00000000	2.70306355e+15	2.82883869e+15	2.54891655e-03
23500	419.97357301	235	1.73303835e-05	235.00000000	2.70482926e+15	2.83061073e+15	2.55034460e-03
23600	421.76012161	236	1.74041298e-05	236.00000000	2.70658456e+15	2.83237228e+15	2.55176407e-03
23700	423.54408648	237	1.74778761e-05	237.00000000	2.70832943e+15	2.83412333e+15	2.55317538e-03
23800	425.32796158	238	1.75516224e-05	238.00000000	2.71006379e+15	2.83586380e+15	2.55457837e-03
23900	427.10854195	239	1.76253687e-05	239.00000000	2.71178788e+15	2.83759393e+15	2.55597302e-03
24000	428.89361273	240	1.76991150e-05	240.00000000	2.71350171e+15	2.83931375e+15	2.55735958e-03
24100	430.67880487	241	1.77728614e-05	241.00000000	2.71520510e+15	2.84102306e+15	2.55873793e-03
24200	432.46404298	242	1.78466077e-05	242.00000000	2.71689821e+15	2.84272202e+15	2.56010791e-03
24300	434.24699199	243	1.79203540e-05	243.00000000	2.71858108e+15	2.84441067e+15	2.56146958e-03
24400	436.02640045	244	1.79941003e-05	244.00000000	2.72025382e+15	2.84608913e+15	2.56282342e-03
24500	437.81170205	245	1.80678466e-05	245.00000000	2.72191641e+15	2.84775738e+15	2.56416900e-03
24600	439.59872669	246	1.81415929e-05	246.00000000	2.72356876e+15	2.84941532e+15	2.56550624e-03
24700	441.38585256	247	1.82153392e-05	247.00000000	2.72521106e+15	2.85106314e+15	2.56683508e-03
24800	443.16953506	248	1.82890855e-05	248.00000000	2.72684365e+15	2.85270118e+15	2.56815570e-03
24900	444.95429262	249	1.83628319e-05	249.00000000	2.72846659e+15	2.85432951e+15	2.56946870e-03
25000	446.73755675	250	1.84365782e-05	250.00000000	2.73008005e+15	2.85594831e+15	2.57077387e-03
25100	448.52017297	251	1.85103245e-05	251.00000000	2.73168416e+15	2.85755769e+15	2.57207142e-03
25200	450.30287641	252	1.85840708e-05	252.00000000	2.73327903e+15	2.85915778e+15	2.57336130e-03
25300	452.08598882	253	1.86578171e-05	253.00000000	2.73486485e+15	2.86074875e+15	2.57464362e-03
25400	453.86942723	254	1.87315634e-05	254.00000000	2.73644173e+15	2.86233073e+15	2.57591856e-03
25500	455.65914755	255	1.88053097e-05	255.00000000	2.73800972e+15	2.86390376e+15	2.57718632e-03
25600	457.44383360	256	1.88790560e-05	256.00000000	2.73956874e+15	2.86546776e+15	2.57844706e-03
25700	459.22950125	257	1.89528024e-05	257.00000000	2.74111893e+15	2.86702287e+15	2.57970075e-03
25800	461.01084955	258	1.90265487e-05	258.00000000	2.74266044e+15	2.86856925e+15	2.58094744e-03
25900	462.79503362	259	1.91002950e-05	259.00000000	2.74419349e+15	2.87010711e+15	2.58218704e-03
26000	464.57773226	260	1.91740413e-05	260.00000000	2.74571837e+15	2.87163675e+15	2.58341979e-03
26100	466.36064511	261	1.92477876e-05	261.00000000	2.74723509e+15	2.87315817e+15	2.58464604e-03
26200	468.14459971	262	1.93215339e-05	262.00000000	2.74874364e+15	2.87467138e+15	2.58586560e-03
26300	469.92537180	263	1.93952802e-05	263.00000000	2.75024429e+15	2.87617664e+15	2.58707853e-03
26400	471.71414767	264	1.94690265e-05	264.00000000	2.75173720e+15	2.87767410e+15	2.58828525e-03
26500	473.49892141	265	1.95427729e-05	265.00000000	2.75322237e+15	2.87916378e+15	2.58948593e-03
26600	475.28261627	266	1.96165192e-05	266.00000000	2.75469980e+15	2.88064565e+15	2.59068087e-03
26700	477.06933557	267	1.96902655e-05	267.00000000	2.75616951e+15	2.88211977e+15	2.59186917e-03
26800	478.85327508	268	1.97640118e-05	268.00000000	2.75763174e+15	2.88358636e+15	2.59305126e-03
26900	480.63780167	269	1.98377581e-05	269.00000000	2.75908651e+15	2.88504544e+15	2.59422747e-03
27000	482.42335709	270	1.99115044e-05	270.00000000	2.76053380e+15	2.88649699e+15	2.59539787e-03
27100	484.21720153	271	1.99852507e-05	271.00000000	2.76197357e+15	2.88794098e+15	2.59656223e-03
27200	485.99954940	272	2.00589971e-05	272.00000000	2.76340584e+15	2.88937743e+15	2.59772037e-03
27300	487.78647592	273	2.01327434e-05	273.00000000	2.76483076e+15	2.89080649e+15	2.59887242e-03
27400	489.56877483	274	2.02064897e-05	274.00000000	2.76624856e+15	2.89222838e+15	2.60001831e-03
27500	491.35464395	275	2.02802360e-05	275.00000000	2.76765922e+15	2.89364309e+15	2.60115859e-03
27600	493.13603097	276	2.03539823e-05	276.00000000	2.76906250e+15	2.89505040e+15	2.60229311e-03
27700	494.92534929	277	2.04277286e-05	277.00000000	2.77045853e+15	2.89645041e+15	2.60342199e-03
27800	496.71048707	278	2.05014749e-05	278.00000000	2.77184762e+15	2.89784345e+15	2.60454456e-03
27900	498.49430420	279	2.05752212e-05	279.00000000	2.77322999e+15	2.89922973e+15	2.60566131e-03
28000	500.27875337	280	2.06489676e-05	280.00000000	2.77460578e+15	2.90060939e+15	2.60677275e-03
28100	502.06181804	281	2.07227139e-05	281.00000000	2.77597512e+15	2.90198257e+15	2.60787885e-03
28200	503.84575386	282	2.07964602e-05	282.00000000	2.77733816e+15	2.90334941e+15	2.60897980e-03
28300	505.63917314	283	2.08702065e-05	283.00000000	2.77869482e+15	2.90470984e+15	2.61007561e-03
28400	507.42607710	284	2.09439528e-05	284.00000000	2.78004528e+15	2.90606404e+15	2.61116645e-03
28500	509.21280436	285	2.10176991e-05	285.00000000	2.78138964e+15	2.90741210e+15	2.61225240e-03
28600	510.99775757	286	2.10914454e-05	286.00000000	2.78272790e+15	2.90875405e+15	2.61333333e-03
28700	512.78825651	287	2.11651917e-05	287.00000000	2.78406017e+15	2.91008995e+15	2.61440981e-03
28800	514.57690450	288	2.12389381e-05	288.00000000	2.78538644e+15	2.91141984e+15	2.61548142e-03
28900	516.36813939	289	2.13126844e-05	289.00000000	2.78670661e+15	2.91274359e+15	2.61654811e-03
29000	518.15190655	290	2.13864307e-05	290.00000000	2.78802059e+15	2.91406113e+15	2.61760989e-03
29100	519.93549375	291	2.14601770e-05	291.00000000	2.78932833e+15	2.91537239e+15	2.61866668e-03
29200	521.71907915	292	2.15339233e-05	292.00000000	2.79062980e+15	2.91667736e+15	2.61971839e-03
29300	523.50593255	293	2.16076696e-05	293.00000000	2.79192499e+15	2.91797602e+15	2.62076522e-03
29400	525.28768130	294	2.16814159e-05	294.00000000	2.79321393e+15	2.91926839e+15	2.62180697e-03
29500	527.07683036	295	2.17551622e-05	295.00000000	2.79449682e+15	2.92055470e+15	2.62284363e-03
29600	528.86126657	296	2.18289086e-05	296.00000000	2.79577380e+15	2.92183506e+15	2.62387543e-03
29700	530.64690997	297	2.19026549e-05	297.00000000	2.79704495e+15	2.92310956e+15	2.62490256e-03
29800	532.43264497	298	2.19764012e-05	298.00000000	2.79831037e+15	2.92437831e+15	2.62592503e-03
29900	534.22177706	299	2.20501475e-05	299.00000000	2.79957009e+15	2.92564133e+15	2.62694297e-03
30000	536.00739075	300	2.21238938e-05	300.00000000	2.80082413e+15	2.92689865e+15	2.62795628e-03
30100	537.79143208	301	2.21976401e-05	301.00000000	2.80207263e+15	2.92815039e+15	2.62896511e-03
30200	539.57362952	302	2.22713864e-05	302.00000000	2.80331562e+15	2.92939660e+15	2.62996995e-03
30300	541.35822022	303	2.23451327e-05	303.00000000	2.80455313e+15	2.93063731e+15	2.63096992e-03
30400	543.14182842	304	2.24188791e-05	304.00000000	2.80578524e+15	2.93187260e+15	2.63196572e-03
30500	544.92921695	305	2.24926254e-05	305.00000000	2.80701195e+15	2.93310245e+15	2.63295718e-03
30600	546.71543833	306	2.25663717e-05	306.00000000	2.80823317e+15	2.93432679e+15	2.63394416e-03
30700	548.49978419	307	2.26401180e-05	307.00000000	2.80944898e+15	2.93554570e+15	2.63492724e-03
30800	550.28172615	308	2.27138643e-05	308.00000000	2.81065945e+15	2.93675924e+15	2.63590561e-03
30900	552.07401645	309	2.27876106e-05	309.00000000	2.81186463e+15	2.93796746e+15	2.63687982e-03
31000	553.86246230	310	2.28613569e-05	310.00000000	2.81306461e+15	2.93917047e+15	2.63784966e-03
31100	555.65229342	311	2.29351032e-05	311.00000000	2.81425942e+15	2.94036827e+15	2.63881528e-03
31200	557.44354683	312	2.30088496e-05	312.00000000	2.81544908e+15	2.94156090e+15	2.63977671e-03
31300	559.22938845	313	2.30825959e-05	313.00000000	2.81663364e+15	2.94274841e+15	2.64073403e-03
31400	561.01317119	314	2.31563422e-05	314.00000000	2.81781315e+15	2.94393086e+15	2.64168737e-03
31500	562.80009393	315	2.32300885e-05	315.00000000	2.81898766e+15	2.94510826e+15	2.64263677e-03
31600	564.58569260	316	2.33038348e-05	316.00000000	2.82015711e+15	2.94628059e+15	2.64358231e-03
31700	566.37126159	317	2.33775811e-05	317.00000000	2.82132149e+15	2.94744784e+15	2.64452383e-03
31800	568.16057864	318	2.34513274e-05	318.00000000	2.82248092e+15	2.94861011e+15	2.64546129e-03
31900	569.94618527	319	2.35250737e-05	319.00000000	2.82363536e+15	2.94976738e+15	2.64639480e-03
32000	571.73250157	320	2.35988201e-05	320.00000000	2.82478477e+15	2.95091959e+15	2.64732438e-03
32100	573.51924772	321	2.36725664e-05	321.00000000	2.82592916e+15	2.95206676e+15	2.64825004e-03
32200	575.30297474	322	2.37463127e-05	322.00000000	2.82706854e+15	2.95320891e+15	2.64917170e-03
32300	577.08689243	323	2.38200590e-05	323.00000000	2.82820297e+15	2.95434609e+15	2.65008928e-03
32400	578.86771492	324	2.38938053e-05	324.00000000	2.82933240e+15	2.95547825e+15	2.65100276e-03
32500	580.65070126	325	2.39675516e-05	325.00000000	2.83045675e+15	2.95660532e+15	2.65191228e-03
32600	582.43718159	326	2.40412979e-05	326.00000000	2.83157610e+15	2.95772736e+15	2.65281777e-03
32700	584.22026407	327	2.41150442e-05	327.00000000	2.83269057e+15	2.95884451e+15	2.65371925e-03
32800	586.00986901	328	2.41887906e-05	328.00000000	2.83380034e+15	2.95995693e+15	2.65461724e-03
32900	587.79743676	329	2.42625369e-05	329.00000000	2.83490544e+15	2.96106466e+15	2.65551156e-03
33000	589.58278437	330	2.43362832e-05	330.00000000	2.83600592e+15	2.96216776e+15	2.65640194e-03
33100	591.36637838	331	2.44100295e-05	331.00000000	2.83710184e+15	2.96326628e+15	2.65728862e-03
33200	593.15007674	332	2.44837758e-05	332.00000000	2.83819330e+15	2.96436032e+15	2.65817153e-03
33300	594.93477179	333	2.45575221e-05	333.00000000	2.83928045e+15	2.96545003e+15	2.65905085e-03
33400	596.71726558	334	2.46312684e-05	334.00000000	2.84036343e+15	2.96653555e+15	2.65992668e-03
33500	598.50759171	335	2.47050147e-05	335.00000000	2.84144229e+15	2.96761693e+15	2.66079912e-03
33600	600.29286875	336	2.47787611e-05	336.00000000	2.84251698e+15	2.96869413e+15	2.66166827e-03
33700	602.07917994	337	2.48525074e-05	337.00000000	2.84358748e+15	2.96976712e+15	2.66253462e-03
33800	603.86536031	338	2.49262537e-05	338.00000000	2.84465381e+15	2.97083593e+15	2.66339719e-03
33900	605.65157948	339	2.50000000e-05	339.00000000	2.84571605e+15	2.97190062e+15	2.66425654e-03
34000	607.44382096	340	2.50737463e-05	340.00000000	2.84677423e+15	2.97296124e+15	2.66511248e-03
34100	609.22636840	341	2.51474926e-05	341.00000000	2.84782832e+15	2.97401777e+15	2.66596519e-03
34200	611.01014036	342	2.52212389e-05	342.00000000	2.84887842e+15	2.97507027e+15	2.66681461e-03
34300	612.79713013	343	2.52949853e-05	343.00000000	2.84992461e+15	2.97611886e+15	2.66766074e-03
34400	614.58723700	344	2.53687316e-05	344.00000000	2.85096700e+15	2.97716363e+15	2.66850383e-03
34500	616.37330693	345	2.54424779e-05	345.00000000	2.85200549e+15	2.97820449e+15	2.66934390e-03
34600	618.16034730	346	2.55162242e-05	346.00000000	2.85303997e+15	2.97924131e+15	2.67018085e-03
34700	619.95381686	347	2.55899705e-05	347.00000000	2.85407042e+15	2.98027411e+15	2.67101456e-03
34800	621.74000392	348	2.56637168e-05	348.00000000	2.85509689e+15	2.98130290e+15	2.67184505e-03
34900	623.52869572	349	2.57374631e-05	349.00000000	2.85611942e+15	2.98232773e+15	2.67267237e-03
35000	625.31825844	350	2.58112094e-05	350.00000000	2.85713806e+15	2.98334866e+15	2.67349648e-03
35100	627.11014200	351	2.58849558e-05	351.00000000	2.85815287e+15	2.98436575e+15	2.67431763e-03
35200	628.89980741	352	2.59587021e-05	352.00000000	2.85916386e+15	2.98537901e+15	2.67513571e-03
35300	630.69041315	353	2.60324484e-05	353.00000000	2.86017108e+15	2.98638848e+15	2.67595071e-03
35400	632.48382887	354	2.61061947e-05	354.00000000	2.86117460e+15	2.98739424e+15	2.67676270e-03
35500	634.27354740	355	2.61799410e-05	355.00000000	2.86217447e+15	2.98839633e+15	2.67757174e-03
35600	636.05592160	356	2.62536873e-05	356.00000000	2.86317075e+15	2.98939483e+15	2.67837793e-03
35700	637.84244719	357	2.63274336e-05	357.00000000	2.86416345e+15	2.99038974e+15	2.67918133e-03
35800	639.63172780	358	2.64011799e-05	358.00000000	2.86515252e+15	2.99138100e+15	2.67998202e-03
35900	641.41715014	359	2.64749263e-05	359.00000000	2.86613787e+15	2.99236854e+15	2.68077992e-03
36000	643.20303784	360	2.65486726e-05	360.00000000	2.86711942e+15	2.99335226e+15	2.68157490e-03
36100	644.98829143	361	2.66224189e-05	361.00000000	2.86809717e+15	2.99433217e+15	2.68236682e-03
36200	646.77422237	362	2.66961652e-05	362.00000000	2.86907119e+15	2.99530836e+15	2.68315582e-03
36300	648.56222808	363	2.67699115e-05	363.00000000	2.87004148e+15	2.99628079e+15	2.68394195e-03
36400	650.34876002	364	2.68436578e-05	364.00000000	2.87100805e+15	2.99724950e+15	2.68472508e-03
36500	652.13818820	365	2.69174041e-05	365.00000000	2.87197095e+15	2.99821452e+15	2.68550529e-03
36600	653.92347414	366	2.69911504e-05	366.00000000	2.87293023e+15	2.99917593e+15	2.68628258e-03
36700	655.71427153	367	2.70648968e-05	367.00000000	2.87388594e+15	3.00013374e+15	2.68705693e-03
36800	657.50068714	368	2.71386431e-05	368.00000000	2.87483803e+15	3.00108793e+15	2.68782848e-03
36900	659.28537747	369	2.72123894e-05	369.00000000	2.87578641e+15	3.00203839e+15	2.68859710e-03
37000	661.06892155	370	2.72861357e-05	370.00000000	2.87673100e+15	3.00298507e+15	2.68936272e-03
37100	662.85364685	371	2.73598820e-05	371.00000000	2.87767184e+15	3.00392797e+15	2.69012524e-03
37200	664.63648900	372	2.74336283e-05	372.00000000	2.87860898e+15	3.00486717e+15	2.69088462e-03
37300	666.42096256	373	2.75073746e-05	373.00000000	2.87954250e+15	3.00580274e+15	2.69164097e-03
37400	668.20931657	374	2.75811209e-05	374.00000000	2.88047244e+15	3.00673471e+15	2.69239434e-03
37500	669.99774277	375	2.76548673e-05	375.00000000	2.88139886e+15	3.00766316e+15	2.69314476e-03
37600	671.78391539	376	2.77286136e-05	376.00000000	2.88232183e+15	3.00858815e+15	2.69389245e-03
37700	673.57235495	377	2.78023599e-05	377.00000000	2.88324140e+15	3.00950972e+15	2.69463752e-03
37800	675.36007453	378	2.78761062e-05	378.00000000	2.88415763e+15	3.01042795e+15	2.69537986e-03
37900	677.14364209	379	2.79498525e-05	379.00000000	2.88507055e+15	3.01134286e+15	2.69611962e-03
38000	678.92661779	380	2.80235988e-05	380.00000000	2.88598011e+15	3.01225440e+15	2.69685685e-03
38100	680.70986169	381	2.80973451e-05	381.00000000	2.88688627e+15	3.01316253e+15	2.69759142e-03
38200	682.49360790	382	2.81710914e-05	382.00000000	2.88778906e+15	3.01406729e+15	2.69832330e-03
38300	684.27959135	383	2.82448378e-05	383.00000000	2.88868860e+15	3.01496878e+15	2.69905251e-03
38400	686.06640297	384	2.83185841e-05	384.00000000	2.88958493e+15	3.01586706e+15	2.69977910e-03
38500	687.85239486	385	2.83923304e-05	385.00000000	2.89047811e+15	3.01676219e+15	2.70050320e-03
38600	689.63512043	386	2.84660767e-05	386.00000000	2.89136815e+15	3.01765416e+15	2.70122487e-03
38700	691.42333466	387	2.85398230e-05	387.00000000	2.89225501e+15	3.01854294e+15	2.70194408e-03
38800	693.20931746	388	2.86135693e-05	388.00000000	2.89313875e+15	3.01942859e+15	2.70266075e-03
38900	694.99566136	389	2.86873156e-05	389.00000000	2.89401936e+15	3.02031110e+15	2.70337495e-03
39000	696.78233090	390	2.87610619e-05	390.00000000	2.89489684e+15	3.02119049e+15	2.70408669e-03
39100	698.56623428	391	2.88348083e-05	391.00000000	2.89577120e+15	3.02206673e+15	2.70479606e-03
39200	700.34863469	392	2.89085546e-05	392.00000000	2.89664249e+15	3.02293990e+15	2.70550294e-03
39300	702.13123256	393	2.89823009e-05	393.00000000	2.89751075e+15	3.02381002e+15	2.70620739e-03
39400	703.91589586	394	2.90560472e-05	394.00000000	2.89837597e+15	3.02467710e+15	2.70690942e-03
39500	705.70680381	395	2.91297935e-05	395.00000000	2.89923808e+15	3.02554105e+15	2.70760894e-03
39600	707.48975456	396	2.92035398e-05	396.00000000	2.90009705e+15	3.02640186e+15	2.70830592e-03
39700	709.27741471	397	2.92772861e-05	397.00000000	2.90095283e+15	3.02725947e+15	2.70900037e-03
39800	711.06190654	398	2.93510324e-05	398.00000000	2.90180543e+15	3.02811389e+15	2.70969224e-03
39900	712.84700044	399	2.94247788e-05	399.00000000	2.90265490e+15	3.02896517e+15	2.71038169e-03
40000	714.63049430	400	2.94985251e-05	400.00000000	2.90350123e+15	3.02981330e+15	2.71106851e-03
40100	716.41919515	401	2.95722714e-05	401.00000000	2.90434446e+15	3.03065831e+15	2.71175291e-03
40200	718.20091801	402	2.96460177e-05	402.00000000	2.90518463e+15	3.03150026e+15	2.71243474e-03
40300	719.98618895	403	2.97197640e-05	403.00000000	2.90602181e+15	3.03233921e+15	2.71311407e-03
40400	721.77254454	404	2.97935103e-05	404.00000000	2.90685604e+15	3.03317520e+15	2.71379121e-03
40500	723.55808431	405	2.98672566e-05	405.00000000	2.90768738e+15	3.03400830e+15	2.71446567e-03
40600	725.34294023	406	2.99410029e-05	406.00000000	2.90851587e+15	3.03483853e+15	2.71513792e-03
40700	727.12875543	407	3.00147493e-05	407.00000000	2.90934146e+15	3.03566586e+15	2.71580813e-03
40800	728.91498360	408	3.00884956e-05	408.00000000	2.91016414e+15	3.03649027e+15	2.71647602e-03
40900	730.70025281	409	3.01622419e-05	409.00000000	2.91098393e+15	3.03731179e+15	2.71714159e-03
41000	732.48722183	410	3.02359882e-05	410.00000000	2.91180086e+15	3.03813043e+15	2.71780492e-03
41100	734.27610849	411	3.03097345e-05	411.00000000	2.91261493e+15	3.03894620e+15	2.71846595e-03
41200	736.06159801	412	3.03834808e-05	412.00000000	2.91342617e+15	3.03975914e+15	2.71912467e-03
41300	737.84993708	413	3.04572271e-05	413.00000000	2.91423458e+15	3.04056925e+15	2.71978117e-03
41400	739.63151667	414	3.05309735e-05	414.00000000	2.91504023e+15	3.04137659e+15	2.72043546e-03
41500	741.41833574	415	3.06047198e-05	415.00000000	2.91584316e+15	3.04218120e+15	2.72108751e-03
41600	743.20105592	416	3.06784661e-05	416.00000000	2.91664340e+15	3.04298311e+15	2.72173738e-03
41700	744.99111418	417	3.07522124e-05	417.00000000	2.91744100e+15	3.04378237e+15	2.72238508e-03
41800	746.77376207	418	3.08259587e-05	418.00000000	2.91823591e+15	3.04457894e+15	2.72303066e-03
41900	748.56047134	419	3.08997050e-05	419.00000000	2.91902811e+15	3.04537280e+15	2.72367412e-03
42000	750.34566210	420	3.09734513e-05	420.00000000	2.91981762e+15	3.04616395e+15	2.72431543e-03
42100	752.13125430	421	3.10471976e-05	421.00000000	2.92060443e+15	3.04695240e+15	2.72495466e-03
42200	753.92022787	422	3.11209440e-05	422.00000000	2.92138853e+15	3.04773813e+15	2.72559179e-03
42300	755.70669751	423	3.11946903e-05	423.00000000	2.92216991e+15	3.04852113e+15	2.72622679e-03
42400	757.49245090	424	3.12684366e-05	424.00000000	2.92294856e+15	3.04930141e+15	2.72685964e-03
42500	759.28037710	425	3.13421829e-05	425.00000000	2.92372451e+15	3.05007897e+15	2.72749028e-03
42600	761.06570834	426	3.14159292e-05	426.00000000	2.92449776e+15	3.05085383e+15	2.72811877e-03
42700	762.85113785	427	3.14896755e-05	427.00000000	2.92526831e+15	3.05162597e+15	2.72874505e-03
42800	764.63746859	428	3.15634218e-05	428.00000000	2.92603613e+15	3.05239539e+15	2.72936911e-03
42900	766.42376512	429	3.16371681e-05	429.00000000	2.92680120e+15	3.05316204e+15	2.72999099e-03
43000	768.21137201	430	3.17109145e-05	430.00000000	2.92756361e+15	3.05392604e+15	2.73061063e-03
43100	769.99673895	431	3.17846608e-05	431.00000000	2.92832339e+15	3.05468740e+15	2.73122813e-03
43200	771.78497329	432	3.18584071e-05	432.00000000	2.92908058e+15	3.05544616e+15	2.73184358e-03
43300	773.57039892	433	3.19321534e-05	433.00000000	2.92983515e+15	3.05620230e+15	2.73245698e-03
43400	775.35305688	434	3.20058997e-05	434.00000000	2.93058714e+15	3.05695585e+15	2.73306837e-03
43500	777.13631999	435	3.20796460e-05	435.00000000	2.93133652e+15	3.05770680e+15	2.73367780e-03
43600	778.92049778	436	3.21533923e-05	436.00000000	2.93208334e+15	3.05845516e+15	2.73428516e-03
43700	780.70536838	437	3.22271386e-05	437.00000000	2.93282770e+15	3.05920107e+15	2.73489035e-03
43800	782.49379899	438	3.23008850e-05	438.00000000	2.93356963e+15	3.05994454e+15	2.73549366e-03
43900	784.27779357	439	3.23746313e-05	439.00000000	2.93430913e+15	3.06068558e+15	2.73609503e-03
44000	786.06286817	440	3.24483776e-05	440.00000000	2.93504627e+15	3.06142425e+15	2.73669432e-03
44100	787.84663362	441	3.25221239e-05	441.00000000	2.93578110e+15	3.06216061e+15	2.73729180e-03
44200	789.63329151	442	3.25958702e-05	442.00000000	2.93651363e+15	3.06289466e+15	2.73788745e-03
44300	791.42012216	443	3.26696165e-05	443.00000000	2.93724387e+15	3.06362641e+15	2.73848131e-03
44400	793.20899974	444	3.27433628e-05	444.00000000	2.93797180e+15	3.06435585e+15	2.73907343e-03
44500	794.99395699	445	3.28171091e-05	445.00000000	2.93869742e+15	3.06508297e+15	2.73966379e-03
44600	796.77709407	446	3.28908555e-05	446.00000000	2.93942072e+15	3.06580777e+15	2.74025235e-03
44700	798.56039348	447	3.29646018e-05	447.00000000	2.94014172e+15	3.06653025e+15	2.74083904e-03
44800	800.34597926	448	3.30383481e-05	448.00000000	2.94086043e+15	3.06725045e+15	2.74142389e-03
44900	802.13037537	449	3.31120944e-05	449.00000000	2.94157687e+15	3.06796837e+15	2.74200687e-03
45000	803.91546323	450	3.31858407e-05	450.00000000	2.94229110e+15	3.06868407e+15	2.74258807e-03
45100	805.69920794	451	3.32595870e-05	451.00000000	2.94300312e+15	3.06939757e+15	2.74316760e-03
45200	807.48406449	452	3.33333333e-05	452.00000000	2.94371295e+15	3.07010887e+15	2.74374545e-03
45300	809.26681851	453	3.34070796e-05	453.00000000	2.94442052e+15	3.07081790e+15	2.74432166e-03
45400	811.05124002	454	3.34808260e-05	454.00000000	2.94512573e+15	3.07152456e+15	2.74489619e-03
45500	812.83524822	455	3.35545723e-05	455.00000000	2.94582852e+15	3.07222881e+15	2.74546881e-03
45600	814.62544152	456	3.36283186e-05	456.00000000	2.94652886e+15	3.07293060e+15	2.74603948e-03
45700	816.41197172	457	3.37020649e-05	457.00000000	2.94722675e+15	3.07362994e+15	2.74660821e-03
45800	818.19288002	458	3.37758112e-05	458.00000000	2.94792218e+15	3.07432682e+15	2.74717505e-03
45900	819.98156406	459	3.38495575e-05	459.00000000	2.94861514e+15	3.07502122e+15	2.74773988e-03
46000	821.76896240	460	3.39233038e-05	460.00000000	2.94930563e+15	3.07571315e+15	2.74830269e-03
46100	823.55607673	461	3.39970501e-05	461.00000000	2.94999369e+15	3.07640264e+15	2.74886355e-03
46200	825.34584872	462	3.40707965e-05	462.00000000	2.95067929e+15	3.07708967e+15	2.74942253e-03
46300	827.13587649	463	3.41445428e-05	463.00000000	2.95136241e+15	3.07777422e+15	2.74997963e-03
46400	828.92067258	464	3.42182891e-05	464.00000000	2.95204309e+15	3.07845632e+15	2.75053475e-03
46500	830.70740671	465	3.42920354e-05	465.00000000	2.95272134e+15	3.07913598e+15	2.75108795e-03
46600	832.49111214	466	3.43657817e-05	466.00000000	2.95339722e+15	3.07981328e+15	2.75163919e-03
46700	834.27652297	467	3.44395280e-05	467.00000000	2.95407077e+15	3.08048824e+15	2.75218854e-03
46800	836.06099320	468	3.45132743e-05	468.00000000	2.95474201e+15	3.08116088e+15	2.75273603e-03
46900	837.85154355	469	3.45870206e-05	469.00000000	2.95541094e+15	3.08183121e+15	2.75328168e-03
47000	839.63662038	470	3.46607670e-05	470.00000000	2.95607761e+15	3.08249927e+15	2.75382550e-03
47100	841.42596903	471	3.47345133e-05	471.00000000	2.95674210e+15	3.08316514e+15	2.75436753e-03
47200	843.21239314	472	3.48082596e-05	472.00000000	2.95740446e+15	3.08382888e+15	2.75490780e-03
47300	844.99618178	473	3.48820059e-05	473.00000000	2.95806471e+15	3.08449051e+15	2.75544639e-03
47400	846.78371469	474	3.49557522e-05	474.00000000	2.95872289e+15	3.08515006e+15	2.75598335e-03
47500	848.56853621	475	3.50294985e-05	475.00000000	2.95937905e+15	3.08580760e+15	2.75651873e-03
47600	850.35496824	476	3.51032448e-05	476.00000000	2.96003328e+15	3.08646319e+15	2.75705256e-03
47700	852.14093323	477	3.51769912e-05	477.00000000	2.96068559e+15	3.08711686e+15	2.75758490e-03
47800	853.92920250	478	3.52507375e-05	478.00000000	2.96133602e+15	3.08776864e+15	2.75811572e-03
47900	855.71807408	479	3.53244838e-05	479.00000000	2.96198459e+15	3.08841857e+15	2.75864507e-03
48000	857.50309694	480	3.53982301e-05	480.00000000	2.96263131e+15	3.08906665e+15	2.75917307e-03
48100	859.28739788	481	3.54719764e-05	481.00000000	2.96327616e+15	3.08971286e+15	2.75969958e-03
48200	861.07011695	482	3.55457227e-05	482.00000000	2.96391919e+15	3.09035724e+15	2.76022458e-03
48300	862.85537266	483	3.56194690e-05	483.00000000	2.96456038e+15	3.09099979e+15	2.76074810e-03
48400	864.63726890	484	3.56932153e-05	484.00000000	2.96519973e+15	3.09164050e+15	2.76127034e-03
48500	866.42363296	485	3.57669617e-05	485.00000000	2.96583724e+15	3.09227935e+15	2.76179115e-03
48600	868.21024300	486	3.58407080e-05	486.00000000	2.96647290e+15	3.09291636e+15	2.76231043e-03
48700	869.99553891	487	3.59144543e-05	487.00000000	2.96710675e+15	3.09355156e+15	2.76282817e-03
48800	871.78248514	488	3.59882006e-05	488.00000000	2.96773882e+15	3.09418497e+15	2.76334447e-03
48900	873.56793837	489	3.60619469e-05	489.00000000	2.96836913e+15	3.09481663e+15	2.76385934e-03
49000	875.35300690	490	3.61356932e-05	490.00000000	2.96899768e+15	3.09544652e+15	2.76437289e-03
49100	877.13780677	491	3.62094395e-05	491.00000000	2.96962448e+15	3.09607465e+15	2.76488504e-03
49200	878.92611625	492	3.62831858e-05	492.00000000	2.97024949e+15	3.09670099e+15	2.76539579e-03
49300	880.71608047	493	3.63569322e-05	493.00000000	2.97087269e+15	3.09732553e+15	2.76590510e-03
49400	882.50256402	494	3.64306785e-05	494.00000000	2.97149405e+15	3.09794821e+15	2.76641308e-03
49500	884.29366079	495	3.65044248e-05	495.00000000	2.97211352e+15	3.09856900e+15	2.76691975e-03
49600	886.08430027	496	3.65781711e-05	496.00000000	2.97273105e+15	3.09918785e+15	2.76742496e-03
49700	887.87347773	497	3.66519174e-05	497.00000000	2.97334665e+15	3.09980476e+15	2.76792864e-03
49800	889.65894782	498	3.67256637e-05	498.00000000	2.97396034e+15	3.10041976e+15	2.76843092e-03
49900	891.44787910	499	3.67994100e-05	499.00000000	2.97457210e+15	3.10103282e+15	2.76893173e-03
50000	893.23199403	500	3.68731563e-05	500.00000000	2.97518191e+15	3.10164395e+15	2.76943101e-03
50100	895.01861981	501	3.69469027e-05	501.00000000	2.97578982e+15	3.10225318e+15	2.76992871e-03
50200	896.80405893	502	3.70206490e-05	502.00000000	2.97639587e+15	3.10286055e+15	2.77042488e-03
50300	898.58943595	503	3.70943953e-05	503.00000000	2.97700009e+15	3.10346610e+15	2.77091957e-03
50400	900.37584212	504	3.71681416e-05	504.00000000	2.97760253e+15	3.10406986e+15	2.77141280e-03
50500	902.15779527	505	3.72418879e-05	505.00000000	2.97820321e+15	3.10467187e+15	2.77190465e-03
50600	903.94361848	506	3.73156342e-05	506.00000000	2.97880215e+15	3.10527213e+15	2.77239515e-03
50700	905.72704406	507	3.73893805e-05	507.00000000	2.97939937e+15	3.10587069e+15	2.77288428e-03
50800	907.51070158	508	3.74631268e-05	508.00000000	2.97999489e+15	3.10646753e+15	2.77337210e-03
50900	909.29340185	509	3.75368732e-05	509.00000000	2.98058871e+15	3.10706268e+15	2.77385869e-03
51000	911.07984484	510	3.76106195e-05	510.00000000	2.98118087e+15	3.10765616e+15	2.77434411e-03
51100	912.86531304	511	3.76843658e-05	511.00000000	2.98177136e+15	3.10824798e+15	2.77482821e-03
51200	914.65088779	512	3.77581121e-05	512.00000000	2.98236023e+15	3.10883818e+15	2.77531094e-03
51300	916.43817266	513	3.78318584e-05	513.00000000	2.98294757e+15	3.10942684e+15	2.77579245e-03
51400	918.22495268	514	3.79056047e-05	514.00000000	2.98353353e+15	3.11001407e+15	2.77627315e-03
51500	920.00836687	515	3.79793510e-05	515.00000000	2.98411810e+15	3.11059993e+15	2.77675293e-03
51600	921.79552198	516	3.80530973e-05	516.00000000	2.98470131e+15	3.11118444e+15	2.77723178e-03
51700	923.57931529	517	3.81268437e-05	517.00000000	2.98528315e+15	3.11176761e+15	2.77770966e-03
51800	925.36417630	518	3.82005900e-05	518.00000000	2.98586354e+15	3.11234937e+15	2.77818631e-03
51900	927.14923068	519	3.82743363e-05	519.00000000	2.98644239e+15	3.11292961e+15	2.77866151e-03
52000	928.93606015	520	3.83480826e-05	520.00000000	2.98701969e+15	3.11350832e+15	2.77913541e-03
52100	930.72343888	521	3.84218289e-05	521.00000000	2.98759544e+15	3.11408548e+15	2.77960805e-03
52200	932.51110002	522	3.84955752e-05	522.00000000	2.98816962e+15	3.11466103e+15	2.78007948e-03
52300	934.29720041	523	3.85693215e-05	523.00000000	2.98874218e+15	3.11523497e+15	2.78054970e-03
52400	936.08265156	524	3.86430678e-05	524.00000000	2.98931313e+15	3.11580727e+15	2.78101857e-03
52500	937.86759027	525	3.87168142e-05	525.00000000	2.98988245e+15	3.11637795e+15	2.78148608e-03
52600	939.65150661	526	3.87905605e-05	526.00000000	2.99045019e+15	3.11694703e+15	2.78195226e-03
52700	941.43764629	527	3.88643068e-05	527.00000000	2.99101637e+15	3.11751454e+15	2.78241716e-03
52800	943.22192330	528	3.89380531e-05	528.00000000	2.99158104e+15	3.11808054e+15	2.78288102e-03
52900	945.00719213	529	3.90117994e-05	529.00000000	2.99214429e+15	3.11864507e+15	2.78334396e-03
53000	946.79407847	530	3.90855457e-05	530.00000000	2.99270609e+15	3.11920817e+15	2.78380586e-03
53100	948.57770184	531	3.91592920e-05	531.00000000	2.99326646e+15	3.11976984e+15	2.78426670e-03
53200	950.36790166	532	3.92330383e-05	532.00000000	2.99382534e+15	3.12033005e+15	2.78472650e-03
53300	952.15538399	533	3.93067847e-05	533.00000000	2.99438265e+15	3.12088872e+15	2.78518493e-03
53400	953.94240425	534	3.93805310e-05	534.00000000	2.99493822e+15	3.12144568e+15	2.78564186e-03
53500	955.72753594	535	3.94542773e-05	535.00000000	2.99549202e+15	3.12200087e+15	2.78609739e-03
53600	957.51669800	536	3.95280236e-05	536.00000000	2.99604404e+15	3.12255427e+15	2.78655143e-03
53700	959.30667467	537	3.96017699e-05	537.00000000	2.99659430e+15	3.12310588e+15	2.78700398e-03
53800	961.09438153	538	3.96755162e-05	538.00000000	2.99714280e+15	3.12365571e+15	2.78745502e-03
53900	962.88252873	539	3.97492625e-05	539.00000000	2.99768952e+15	3.12420375e+15	2.78790459e-03
54000	964.66880186	540	3.98230088e-05	540.00000000	2.99823446e+15	3.12475000e+15	2.78835270e-03
54100	966.45627462	541	3.98967552e-05	541.00000000	2.99877764e+15	3.12529447e+15	2.78879942e-03
54200	968.24076203	542	3.99705015e-05	542.00000000	2.99931904e+15	3.12583715e+15	2.78924480e-03
54300	970.02403050	543	4.00442478e-05	543.00000000	2.99985868e+15	3.12637805e+15	2.78968877e-03
54400	971.80967132	544	4.01179941e-05	544.00000000	3.00039657e+15	3.12691720e+15	2.79013133e-03
54500	973.59750478	545	4.01917404e-05	545.00000000	3.00093273e+15	3.12745462e+15	2.79057246e-03
54600	975.38678670	546	4.02654867e-05	546.00000000	3.00146718e+15	3.12799031e+15	2.79101218e-03
54700	977.17045782	547	4.03392330e-05	547.00000000	3.00199994e+15	3.12852431e+15	2.79145048e-03
54800	978.95569618	548	4.04129794e-05	548.00000000	3.00253104e+15	3.12905665e+15	2.79188738e-03
54900	980.73677660	549	4.04867257e-05	549.00000000	3.00306050e+15	3.12958732e+15	2.79232292e-03
55000	982.52366458	550	4.05604720e-05	550.00000000	3.00358831e+15	3.13011635e+15	2.79275713e-03
55100	984.30998205	551	4.06342183e-05	551.00000000	3.00411450e+15	3.13064375e+15	2.79319010e-03
55200	986.09460627	552	4.07079646e-05	552.00000000	3.00463906e+15	3.13116952e+15	2.79362177e-03
55300	987.88465959	553	4.07817109e-05	553.00000000	3.00516203e+15	3.13169369e+15	2.79405212e-03
55400	989.67083725	554	4.08554572e-05	554.00000000	3.00568342e+15	3.13221627e+15	2.79448116e-03
55500	991.46066561	555	4.09292035e-05	555.00000000	3.00620325e+15	3.13273729e+15	2.79490893e-03
55600	993.25989116	556	4.10029499e-05	556.00000000	3.00672158e+15	3.13325680e+15	2.79533541e-03
55700	995.05175007	557	4.10766962e-05	557.00000000	3.00723843e+15	3.13377483e+15	2.79576072e-03
55800	996.83761617	558	4.11504425e-05	558.00000000	3.00775384e+15	3.13429141e+15	2.79618479e-03
55900	998.62445988	559	4.12241888e-05	559.00000000	3.00826785e+15	3.13480658e+15	2.79660784e-03
56000	1000.40965201	560	4.12979351e-05	560.00000000	3.00878047e+15	3.13532037e+15	2.79702973e-03
56100	1002.19827651	561	4.13716814e-05	561.00000000	3.00929174e+15	3.13583279e+15	2.79745053e-03
56200	1003.98210058	562	4.14454277e-05	562.00000000	3.00980166e+15	3.13634387e+15	2.79787035e-03
56300	1005.76537537	563	4.15191740e-05	563.00000000	3.01030973e+15	3.13685326e+15	2.79828701e-03
56400	1007.55063617	564	4.15929204e-05	564.00000000	3.01081587e+15	3.13736067e+15	2.79870223e-03
56500	1009.33522390	565	4.16666667e-05	565.00000000	3.01132084e+15	3.13786669e+15	2.79911718e-03
56600	1011.11773852	566	4.17404130e-05	566.00000000	3.01182456e+15	3.13837140e+15	2.79953145e-03
56700	1012.90186601	567	4.18141593e-05	567.00000000	3.01232701e+15	3.13887483e+15	2.79994484e-03
56800	1014.68659576	568	4.18879056e-05	568.00000000	3.01282818e+15	3.13937699e+15	2.80035728e-03
56900	1016.47206960	569	4.19616519e-05	569.00000000	3.01332805e+15	3.13987787e+15	2.80076873e-03
57000	1018.25666736	570	4.20353982e-05	570.00000000	3.01382768e+15	3.14037819e+15	2.80118351e-03
57100	1020.04205061	571	4.21091445e-05	571.00000000	3.01432726e+15	3.14087854e+15	2.80159804e-03
57200	1021.82593072	572	4.21828909e-05	572.00000000	3.01482517e+15	3.14137767e+15	2.80200999e-03
57300	1023.60623874	573	4.22566372e-05	573.00000000	3.01532157e+15	3.14187543e+15	2.80242020e-03
57400	1025.39176662	574	4.23303835e-05	574.00000000	3.01581656e+15	3.14237177e+15	2.80282892e-03
57500	1027.18431654	575	4.24041298e-05	575.00000000	3.01631013e+15	3.14286667e+15	2.80323640e-03
57600	1028.96842224	576	4.24778761e-05	576.00000000	3.01680229e+15	3.14336011e+15	2.80364261e-03
57700	1030.75680974	577	4.25516224e-05	577.00000000	3.01729307e+15	3.14385212e+15	2.80404761e-03
57800	1032.54440963	578	4.26253687e-05	578.00000000	3.01778244e+15	3.14434270e+15	2.80445144e-03
57900	1034.33073766	579	4.26991150e-05	579.00000000	3.01827042e+15	3.14483186e+15	2.80485410e-03
58000	1036.11388294	580	4.27728614e-05	580.00000000	3.01875703e+15	3.14531964e+15	2.80525563e-03
58100	1037.89945242	581	4.28466077e-05	581.00000000	3.01924228e+15	3.14580605e+15	2.80565605e-03
58200	1039.68168914	582	4.29203540e-05	582.00000000	3.01972614e+15	3.14629105e+15	2.80605538e-03
58300	1041.46823642	583	4.29941003e-05	583.00000000	3.02020865e+15	3.14677469e+15	2.80645358e-03
58400	1043.25472841	584	4.30678466e-05	584.00000000	3.02068981e+15	3.14725697e+15	2.80685067e-03
58500	1045.03434299	585	4.31415929e-05	585.00000000	3.02116962e+15	3.14773789e+15	2.80724668e-03
58600	1046.81911697	586	4.32153392e-05	586.00000000	3.02164661e+15	3.14821637e+15	2.80763739e-03
58700	1048.60267881	587	4.32890855e-05	587.00000000	3.02212250e+15	3.14869332e+15	2.80802888e-03
58800	1050.38853116	588	4.33628319e-05	588.00000000	3.02259715e+15	3.14916889e+15	2.80841986e-03
58900	1052.17380842	589	4.34365782e-05	589.00000000	3.02307052e+15	3.14964314e+15	2.80881007e-03
59000	1053.95983749	590	4.35103245e-05	590.00000000	3.02354258e+15	3.15011609e+15	2.80919936e-03
59100	1055.74260015	591	4.35840708e-05	591.00000000	3.02401334e+15	3.15058778e+15	2.80958770e-03
59200	1057.52527457	592	4.36578171e-05	592.00000000	3.02448282e+15	3.15105819e+15	2.80997504e-03
59300	1059.30830681	593	4.37315634e-05	593.00000000	3.02495099e+15	3.15152730e+15	2.81036133e-03
59400	1061.09983706	594	4.38053097e-05	594.00000000	3.02541791e+15	3.15199518e+15	2.81074649e-03
59500	1062.88580195	595	4.38790560e-05	595.00000000	3.02588357e+15	3.15246179e+15	2.81113072e-03
59600	1064.66970466	596	4.39528024e-05	596.00000000	3.02634801e+15	3.15292720e+15	2.81151391e-03
59700	1066.45761608	597	4.40265487e-05	597.00000000	3.02681124e+15	3.15339140e+15	2.81189630e-03
59800	1068.24795948	598	4.41002950e-05	598.00000000	3.02727325e+15	3.15385437e+15	2.81227774e-03
59900	1070.03561378	599	4.41740413e-05	599.00000000	3.02773403e+15	3.15431611e+15	2.81265824e-03
60000	1071.81654177	600	4.42477876e-05	600.00000000	3.02819361e+15	3.15477665e+15	2.81303773e-03
60100	1073.60629882	601	4.43215339e-05	601.00000000	3.02865199e+15	3.15523600e+15	2.81341630e-03
60200	1075.38860735	602	4.43952802e-05	602.00000000	3.02911241e+15	3.15569657e+15	2.81380315e-03
60300	1077.17330251	603	4.44690265e-05	603.00000000	3.02957111e+15	3.15615631e+15	2.81418508e-03
60400	1078.95608154	604	4.45427729e-05	604.00000000	3.03002840e+15	3.15661494e+15	2.81456488e-03
60500	1080.73839193	605	4.46165192e-05	605.00000000	3.03048441e+15	3.15707234e+15	2.81494318e-03
60600	1082.52313604	606	4.46902655e-05	606.00000000	3.03093918e+15	3.15752846e+15	2.81532019e-03
60700	1084.31123088	607	4.47640118e-05	607.00000000	3.03139273e+15	3.15798330e+15	2.81569602e-03
60800	1086.10024828	608	4.48377581e-05	608.00000000	3.03184508e+15	3.15843688e+15	2.81607077e-03
60900	1087.88505047	609	4.49115044e-05	609.00000000	3.03229626e+15	3.15888924e+15	2.81644451e-03
61000	1089.66704227	610	4.49852507e-05	610.00000000	3.03274628e+15	3.15934042e+15	2.81681725e-03
61100	1091.45625501	611	4.50589971e-05	611.00000000	3.03319517e+15	3.15979044e+15	2.81718900e-03
61200	1093.23911375	612	4.51327434e-05	612.00000000	3.03364293e+15	3.16023931e+15	2.81755983e-03
61300	1095.02538383	613	4.52064897e-05	613.00000000	3.03408957e+15	3.16068704e+15	2.81792972e-03
61400	1096.81094354	614	4.52802360e-05	614.00000000	3.03453511e+15	3.16113367e+15	2.81829870e-03
61500	1098.60343897	615	4.53539823e-05	615.00000000	3.03497958e+15	3.16157920e+15	2.81866685e-03
61600	1100.39021141	616	4.54277286e-05	616.00000000	3.03542297e+15	3.16202365e+15	2.81903417e-03
61700	1102.17412367	617	4.55014749e-05	617.00000000	3.03586526e+15	3.16246698e+15	2.81940067e-03
61800	1103.95759178	618	4.55752212e-05	618.00000000	3.03630645e+15	3.16290920e+15	2.81976625e-03
61900	1105.74087441	619	4.56489676e-05	619.00000000	3.03674654e+15	3.16335032e+15	2.82013096e-03
62000	1107.52451683	620	4.57227139e-05	620.00000000	3.03718552e+15	3.16379032e+15	2.82049479e-03
62100	1109.31086107	621	4.57964602e-05	621.00000000	3.03762337e+15	3.16422919e+15	2.82085770e-03
62200	1111.09835036	622	4.58702065e-05	622.00000000	3.03806010e+15	3.16466692e+15	2.82121976e-03
62300	1112.88452003	623	4.59439528e-05	623.00000000	3.03849568e+15	3.16510350e+15	2.82158093e-03
62400	1114.66697717	624	4.60176991e-05	624.00000000	3.03893012e+15	3.16553894e+15	2.82194119e-03
62500	1116.45037917	625	4.60914454e-05	625.00000000	3.03936342e+15	3.16597322e+15	2.82230061e-03
62600	1118.23224367	626	4.61651917e-05	626.00000000	3.03979556e+15	3.16640635e+15	2.82265913e-03
62700	1120.01762628	627	4.62389381e-05	627.00000000	3.04022656e+15	3.16683833e+15	2.82301673e-03
62800	1121.80239838	628	4.63126844e-05	628.00000000	3.04065645e+15	3.16726918e+15	2.82337340e-03
62900	1123.58478532	629	4.63864307e-05	629.00000000	3.04108522e+15	3.16769892e+15	2.82372914e-03
63000	1125.36877346	630	4.64601770e-05	630.00000000	3.04151288e+15	3.16812754e+15	2.82408395e-03
63100	1127.15529303	631	4.65339233e-05	631.00000000	3.04193941e+15	3.16855503e+15	2.82443786e-03
63200	1128.93800141	632	4.66076696e-05	632.00000000	3.04236480e+15	3.16898138e+15	2.82479088e-03
63300	1130.72185502	633	4.66814159e-05	633.00000000	3.04278905e+15	3.16940658e+15	2.82514297e-03
63400	1132.50948033	634	4.67551622e-05	634.00000000	3.04321215e+15	3.16983062e+15	2.82549419e-03
63500	1134.29571757	635	4.68289086e-05	635.00000000	3.04363410e+15	3.17025351e+15	2.82584449e-03
63600	1136.08272839	636	4.69026549e-05	636.00000000	3.04405491e+15	3.17067526e+15	2.82619386e-03
63700	1137.86410260	637	4.69764012e-05	637.00000000	3.04447458e+15	3.17109586e+15	2.82654234e-03
63800	1139.64922688	638	4.70501475e-05	638.00000000	3.04489312e+15	3.17151533e+15	2.82688992e-03
63900	1141.43519218	639	4.71238938e-05	639.00000000	3.04531053e+15	3.17193367e+15	2.82723658e-03
64000	1143.21901373	640	4.71976401e-05	640.00000000	3.04572682e+15	3.17235087e+15	2.82758233e-03
64100	1145.00431906	641	4.72713864e-05	641.00000000	3.04614196e+15	3.17276693e+15	2.82792718e-03
64200	1146.78735727	642	4.73451327e-05	642.00000000	3.04655595e+15	3.17318184e+15	2.82827110e-03
64300	1148.57239096	643	4.74188791e-05	643.00000000	3.04696880e+15	3.17359560e+15	2.82861413e-03
64400	1150.35479604	644	4.74926254e-05	644.00000000	3.04738051e+15	3.17400822e+15	2.82895624e-03
64500	1152.14052414	645	4.75663717e-05	645.00000000	3.04779108e+15	3.17441969e+15	2.82929743e-03
64600	1153.92480382	646	4.76401180e-05	646.00000000	3.04820052e+15	3.17483003e+15	2.82963770e-03
64700	1155.70758985	647	4.77138643e-05	647.00000000	3.04860883e+15	3.17523925e+15	2.82997708e-03
64800	1157.49497354	648	4.77876106e-05	648.00000000	3.04901602e+15	3.17564733e+15	2.83031558e-03
64900	1159.28040862	649	4.78613569e-05	649.00000000	3.04942208e+15	3.17605428e+15	2.83065317e-03
65000	1161.06207564	650	4.79351032e-05	650.00000000	3.04982701e+15	3.17646010e+15	2.83098983e-03
65100	1162.85328055	651	4.80088496e-05	651.00000000	3.05023084e+15	3.17686482e+15	2.83132556e-03
65200	1164.64122212	652	4.80825959e-05	652.00000000	3.05063355e+15	3.17726842e+15	2.83166060e-03
65300	1166.42272692	653	4.81563422e-05	653.00000000	3.05103514e+15	3.17767088e+15	2.83199431e-03
65400	1168.20763609	654	4.82300885e-05	654.00000000	3.05143558e+15	3.17807220e+15	2.83232728e-03
65500	1169.99347120	655	4.83038348e-05	655.00000000	3.05183488e+15	3.17847238e+15	2.83265937e-03
65600	1171.77773368	656	4.83775811e-05	656.00000000	3.05223307e+15	3.17887144e+15	2.83299055e-03
65700	1173.56589575	657	4.84513274e-05	657.00000000	3.05263015e+15	3.17926937e+15	2.83332078e-03
65800	1175.35264069	658	4.85250737e-05	658.00000000	3.05302611e+15	3.17966620e+15	2.83365009e-03
65900	1177.13726457	659	4.85988201e-05	659.00000000	3.05342097e+15	3.18006192e+15	2.83397849e-03
66000	1178.92654048	660	4.86725664e-05	660.00000000	3.05381476e+15	3.18045656e+15	2.83430601e-03
66100	1180.71235853	661	4.87463127e-05	661.00000000	3.05420748e+15	3.18085014e+15	2.83463267e-03
66200	1182.49563146	662	4.88200590e-05	662.00000000	3.05459914e+15	3.18124265e+15	2.83495846e-03
66300	1184.28025959	663	4.88938053e-05	663.00000000	3.05498976e+15	3.18163412e+15	2.83528340e-03
66400	1186.06843125	664	4.89675516e-05	664.00000000	3.05537935e+15	3.18202455e+15	2.83560747e-03
66500	1187.85512378	665	4.90412979e-05	665.00000000	3.05576791e+15	3.18241396e+15	2.83593068e-03
66600	1189.64060361	666	4.91150442e-05	666.00000000	3.05615545e+15	3.18280235e+15	2.83625304e-03
66700	1191.42567630	667	4.91887906e-05	667.00000000	3.05654201e+15	3.18318974e+15	2.83657458e-03
66800	1193.21198120	668	4.92625369e-05	668.00000000	3.05692757e+15	3.18357614e+15	2.83689534e-03
66900	1194.99829436	669	4.93362832e-05	669.00000000	3.05731214e+15	3.18396155e+15	2.83721529e-03
67000	1196.78999268	670	4.94100295e-05	670.00000000	3.05769573e+15	3.18434596e+15	2.83753448e-03
67100	1198.57509633	671	4.94837758e-05	671.00000000	3.05807831e+15	3.18472938e+15	2.83785284e-03
67200	1200.35892653	672	4.95575221e-05	672.00000000	3.05845991e+15	3.18511180e+15	2.83817040e-03
67300	1202.14697205	673	4.96312684e-05	673.00000000	3.05884054e+15	3.18549325e+15	2.83848715e-03
67400	1203.93428678	674	4.97050147e-05	674.00000000	3.05922018e+15	3.18587372e+15	2.83880310e-03
67500	1205.71688595	675	4.97787611e-05	675.00000000	3.05959885e+15	3.18625319e+15	2.83911828e-03
67600	1207.49904339	676	4.98525074e-05	676.00000000	3.05997652e+15	3.18663169e+15	2.83943267e-03
67700	1209.28247463	677	4.99262537e-05	677.00000000	3.06035321e+15	3.18700918e+15	2.83974625e-03
67800	1211.06699362	678	5.00000000e-05	678.00000000	3.06072889e+15	3.18738568e+15	2.84005900e-03
67900	1212.85887084	679	5.00737463e-05	679.00000000	3.06110358e+15	3.18776117e+15	2.84037093e-03
68000	1214.64333103	680	5.01474926e-05	680.00000000	3.06147729e+15	3.18813569e+15	2.84068205e-03
68100	1216.42531894	681	5.02212389e-05	681.00000000	3.06185003e+15	3.18850924e+15	2.84099239e-03
68200	1218.20503173	682	5.02949853e-05	682.00000000	3.06222183e+15	3.18888184e+15	2.84130196e-03
68300	1219.98901744	683	5.03687316e-05	683.00000000	3.06259269e+15	3.18925349e+15	2.84161076e-03
68400	1221.77293659	684	5.04424779e-05	684.00000000	3.06296261e+15	3.18962421e+15	2.84191879e-03
68500	1223.56266760	685	5.05162242e-05	685.00000000	3.06333161e+15	3.18999400e+15	2.84222593e-03
68600	1225.35239176	686	5.05899705e-05	686.00000000	3.06369964e+15	3.19036283e+15	2.84253240e-03
68700	1227.14212151	687	5.06637168e-05	687.00000000	3.06406675e+15	3.19073072e+15	2.84283813e-03
68800	1228.92985292	688	5.07374631e-05	688.00000000	3.06443291e+15	3.19109767e+15	2.84314306e-03
68900	1230.71188280	689	5.08112094e-05	689.00000000	3.06479813e+15	3.19146368e+15	2.84344724e-03
69000	1232.49601264	690	5.08849558e-05	690.00000000	3.06516243e+15	3.19182875e+15	2.84375065e-03
69100	1234.27990245	691	5.09587021e-05	691.00000000	3.06552578e+15	3.19219288e+15	2.84405333e-03
69200	1236.05995673	692	5.10324484e-05	692.00000000	3.06588820e+15	3.19255608e+15	2.84435523e-03
69300	1237.84132030	693	5.11061947e-05	693.00000000	3.06624968e+15	3.19291833e+15	2.84465636e-03
69400	1239.62670288	694	5.11799410e-05	694.00000000	3.06661022e+15	3.19327964e+15	2.84495671e-03
69500	1241.41342464	695	5.12536873e-05	695.00000000	3.06696981e+15	3.19364001e+15	2.84525629e-03
69600	1243.19699612	696	5.13274336e-05	696.00000000	3.06732848e+15	3.19399944e+15	2.84555512e-03
69700	1244.98519627	697	5.14011799e-05	697.00000000	3.06768623e+15	3.19435796e+15	2.84585323e-03
69800	1246.77435404	698	5.14749263e-05	698.00000000	3.06804308e+15	3.19471557e+15	2.84615062e-03
69900	1248.55769437	699	5.15486726e-05	699.00000000	3.06839903e+15	3.19507228e+15	2.84644725e-03
70000	1250.34020323	700	5.16224189e-05	700.00000000	3.06875409e+15	3.19542810e+15	2.84674314e-03
70100	1252.12419363	701	5.16961652e-05	701.00000000	3.06910826e+15	3.19578303e+15	2.84703832e-03
70200	1253.90617623	702	5.17699115e-05	702.00000000	3.06946153e+15	3.19613706e+15	2.84733279e-03
70300	1255.69920495	703	5.18436578e-05	703.00000000	3.06981390e+15	3.19649019e+15	2.84762653e-03
70400	1257.49488472	704	5.19174041e-05	704.00000000	3.07016537e+15	3.19684241e+15	2.84791954e-03
70500	1259.28204357	705	5.19911504e-05	705.00000000	3.07051593e+15	3.19719372e+15	2.84821181e-03
70600	1261.07162807	706	5.20648968e-05	706.00000000	3.07086558e+15	3.19754412e+15	2.84850331e-03
70700	1262.85983220	707	5.21386431e-05	707.00000000	3.07121430e+15	3.19789359e+15	2.84879407e-03
70800	1264.64492882	708	5.22123894e-05	708.00000000	3.07156208e+15	3.19824212e+15	2.84908407e-03
70900	1266.43438543	709	5.22861357e-05	709.00000000	3.07190891e+15	3.19858969e+15	2.84937329e-03
71000	1268.21937458	710	5.23598820e-05	710.00000000	3.07225478e+15	3.19893631e+15	2.84966173e-03
71100	1270.00135614	711	5.24336283e-05	711.00000000	3.07259970e+15	3.19928198e+15	2.84994938e-03
71200	1271.78207941	712	5.25073746e-05	712.00000000	3.07294369e+15	3.19962670e+15	2.85023625e-03
71300	1273.56595131	713	5.25811209e-05	713.00000000	3.07328675e+15	3.19997051e+15	2.85052233e-03
71400	1275.34607026	714	5.26548673e-05	714.00000000	3.07362891e+15	3.20031341e+15	2.85080766e-03
71500	1277.12883754	715	5.27286136e-05	715.00000000	3.07397014e+15	3.20065538e+15	2.85109224e-03
71600	1278.91126423	716	5.28023599e-05	716.00000000	3.07431045e+15	3.20099643e+15	2.85137607e-03
71700	1280.69609852	717	5.28761062e-05	717.00000000	3.07464985e+15	3.20133655e+15	2.85165914e-03
71800	1282.48345642	718	5.29498525e-05	718.00000000	3.07498833e+15	3.20167577e+15	2.85194145e-03
71900	1284.27102869	719	5.30235988e-05	719.00000000	3.07532589e+15	3.20201406e+15	2.85222301e-03
72000	1286.05314241	720	5.30973451e-05	720.00000000	3.07566253e+15	3.20235143e+15	2.85250382e-03
72100	1287.83681125	721	5.31710914e-05	721.00000000	3.07599824e+15	3.20268786e+15	2.85278390e-03
72200	1289.62147320	722	5.32448378e-05	722.00000000	3.07633300e+15	3.20302335e+15	2.85306322e-03
72300	1291.40291154	723	5.33185841e-05	723.00000000	3.07666682e+15	3.20335790e+15	2.85334178e-03
72400	1293.18425507	724	5.33923304e-05	724.00000000	3.07699973e+15	3.20369153e+15	2.85361958e-03
72500	1294.96540622	725	5.34660767e-05	725.00000000	3.07733173e+15	3.20402425e+15	2.85389662e-03
72600	1296.74645283	726	5.35398230e-05	726.00000000	3.07766282e+15	3.20435605e+15	2.85417290e-03
72700	1298.53200171	727	5.36135693e-05	727.00000000	3.07799301e+15	3.20468695e+15	2.85444846e-03
72800	1300.31596749	728	5.36873156e-05	728.00000000	3.07832229e+15	3.20501695e+15	2.85472327e-03
72900	1302.10396457	729	5.37610619e-05	729.00000000	3.07865066e+15	3.20534603e+15	2.85499738e-03
73000	1303.90109224	730	5.38348083e-05	730.00000000	3.07897811e+15	3.20567419e+15	2.85527073e-03
73100	1305.68938207	731	5.39085546e-05	731.00000000	3.07930465e+15	3.20600143e+15	2.85554335e-03
73200	1307.47540414	732	5.39823009e-05	732.00000000	3.07963028e+15	3.20632777e+15	2.85581519e-03
73300	1309.26083257	733	5.40560472e-05	733.00000000	3.07995499e+15	3.20665318e+15	2.85608628e-03
73400	1311.04211099	734	5.41297935e-05	734.00000000	3.08027881e+15	3.20697770e+15	2.85635659e-03
73500	1312.82993857	735	5.42035398e-05	735.00000000	3.08060173e+15	3.20730132e+15	2.85662616e-03
73600	1314.61264564	736	5.42772861e-05	736.00000000	3.08092375e+15	3.20762403e+15	2.85689498e-03
73700	1316.39653534	737	5.43510324e-05	737.00000000	3.08124486e+15	3.20794583e+15	2.85716307e-03
73800	1318.17891830	738	5.44247788e-05	738.00000000	3.08156506e+15	3.20826673e+15	2.85743042e-03
73900	1319.96001758	739	5.44985251e-05	739.00000000	3.08188436e+15	3.20858671e+15	2.85769702e-03
74000	1321.74194691	740	5.45722714e-05	740.00000000	3.08220277e+15	3.20890581e+15	2.85796286e-03
74100	1323.52522928	741	5.46460177e-05	741.00000000	3.08252029e+15	3.20922400e+15	2.85822796e-03
74200	1325.31354584	742	5.47197640e-05	742.00000000	3.08283691e+15	3.20954131e+15	2.85849232e-03
74300	1327.10112315	743	5.47935103e-05	743.00000000	3.08315264e+15	3.20985772e+15	2.85875595e-03
74400	1328.88599388	744	5.48672566e-05	744.00000000	3.08346749e+15	3.21017324e+15	2.85901883e-03
74500	1330.67887013	745	5.49410029e-05	745.00000000	3.08378147e+15	3.21048790e+15	2.85928097e-03
74600	1332.47245209	746	5.50147493e-05	746.00000000	3.08409458e+15	3.21080168e+15	2.85954242e-03
74700	1334.26170435	747	5.50884956e-05	747.00000000	3.08440684e+15	3.21111460e+15	2.85980315e-03
74800	1336.04630345	748	5.51622419e-05	748.00000000	3.08471823e+15	3.21142667e+15	2.86006318e-03
74900	1337.83701191	749	5.52359882e-05	749.00000000	3.08502876e+15	3.21173786e+15	2.86032258e-03
75000	1339.62214358	750	5.53097345e-05	750.00000000	3.08533842e+15	3.21204819e+15	2.86058121e-03
75100	1341.40886451	751	5.53834808e-05	751.00000000	3.08564721e+15	3.21235764e+15	2.86083911e-03
75200	1343.19231527	752	5.54572271e-05	752.00000000	3.08595514e+15	3.21266623e+15	2.86109628e-03
75300	1344.97376214	753	5.55309735e-05	753.00000000	3.08626221e+15	3.21297395e+15	2.86135275e-03
75400	1346.75782214	754	5.56047198e-05	754.00000000	3.08656841e+15	3.21328080e+15	2.86160853e-03
75500	1348.53818390	755	5.56784661e-05	755.00000000	3.08687375e+15	3.21358679e+15	2.86186359e-03
75600	1350.32614801	756	5.57522124e-05	756.00000000	3.08717823e+15	3.21389193e+15	2.86211794e-03
75700	1352.11584848	757	5.58259587e-05	757.00000000	3.08748187e+15	3.21419621e+15	2.86237157e-03
75800	1353.90112361	758	5.58997050e-05	758.00000000	3.08778466e+15	3.21449965e+15	2.86262451e-03
75900	1355.68396412	759	5.59734513e-05	759.00000000	3.08808662e+15	3.21480225e+15	2.86287673e-03
76000	1357.47464522	760	5.60471976e-05	760.00000000	3.08838777e+15	3.21510405e+15	2.86312826e-03
76100	1359.26704436	761	5.61209440e-05	761.00000000	3.08868811e+15	3.21540503e+15	2.86337913e-03
76200	1361.05292886	762	5.61946903e-05	762.00000000	3.08898764e+15	3.21570519e+15	2.86362938e-03
76300	1362.84675914	763	5.62684366e-05	763.00000000	3.08928636e+15	3.21600455e+15	2.86387890e-03
76400	1364.63178490	764	5.63421829e-05	764.00000000	3.08958427e+15	3.21630309e+15	2.86412775e-03
76500	1366.42531979	765	5.64159292e-05	765.00000000	3.08988138e+15	3.21660084e+15	2.86437591e-03
76600	1368.20884940	766	5.64896755e-05	766.00000000	3.09017770e+15	3.21689779e+15	2.86462342e-03
76700	1369.99562724	767	5.65634218e-05	767.00000000	3.09047324e+15	3.21719395e+15	2.86487029e-03
76800	1371.78072396	768	5.66371681e-05	768.00000000	3.09076799e+15	3.21748933e+15	2.86511651e-03
76900	1373.56991642	769	5.67109145e-05	769.00000000	3.09106197e+15	3.21778394e+15	2.86536208e-03
77000	1375.36060392	770	5.67846608e-05	770.00000000	3.09135519e+15	3.21807778e+15	2.86560701e-03
77100	1377.14660227	771	5.68584071e-05	771.00000000	3.09164765e+15	3.21837086e+15	2.86585131e-03
77200	1378.93586462	772	5.69321534e-05	772.00000000	3.09193937e+15	3.21866320e+15	2.86609499e-03
77300	1380.71401830	773	5.70058997e-05	773.00000000	3.09223033e+15	3.21895478e+15	2.86633803e-03
77400	1382.49746406	774	5.70796460e-05	774.00000000	3.09252055e+15	3.21924562e+15	2.86658047e-03
77500	1384.27788246	775	5.71533923e-05	775.00000000	3.09281003e+15	3.21953571e+15	2.86682228e-03
77600	1386.05821963	776	5.72271386e-05	776.00000000	3.09309877e+15	3.21982506e+15	2.86706347e-03
77700	1387.84071944	777	5.73008850e-05	777.00000000	3.09338678e+15	3.22011368e+15	2.86730404e-03
77800	1389.62440721	778	5.73746313e-05	778.00000000	3.09367406e+15	3.22040157e+15	2.86754402e-03
77900	1391.41841726	779	5.74483776e-05	779.00000000	3.09396060e+15	3.22068872e+15	2.86778340e-03
78000	1393.20741117	780	5.75221239e-05	780.00000000	3.09424641e+15	3.22097514e+15	2.86802218e-03
78100	1395.00476470	781	5.75958702e-05	781.00000000	3.09453151e+15	3.22126084e+15	2.86826036e-03
78200	1396.79090907	782	5.76696165e-05	782.00000000	3.09481591e+15	3.22154584e+15	2.86849795e-03
78300	1398.57405525	783	5.77433628e-05	783.00000000	3.09509960e+15	3.22183014e+15	2.86873496e-03
78400	1400.36099000	784	5.78171091e-05	784.00000000	3.09538259e+15	3.22211373e+15	2.86897138e-03
78500	1402.15331854	785	5.78908555e-05	785.00000000	3.09566489e+15	3.22239662e+15	2.86920723e-03
78600	1403.94562097	786	5.79646018e-05	786.00000000	3.09594649e+15	3.22267882e+15	2.86944252e-03
78700	1405.72884993	787	5.80383481e-05	787.00000000	3.09622742e+15	3.22296034e+15	2.86967725e-03
78800	1407.51878731	788	5.81120944e-05	788.00000000	3.09650765e+15	3.22324117e+15	2.86991140e-03
78900	1409.30214617	789	5.81858407e-05	789.00000000	3.09678721e+15	3.22352133e+15	2.87014499e-03
79000	1411.08473226	790	5.82595870e-05	790.00000000	3.09706609e+15	3.22380080e+15	2.87037804e-03
79100	1412.87122056	791	5.83333333e-05	791.00000000	3.09734429e+15	3.22407959e+15	2.87061053e-03
79200	1414.65836082	792	5.84070796e-05	792.00000000	3.09762180e+15	3.22435768e+15	2.87084246e-03
79300	1416.44444535	793	5.84808260e-05	793.00000000	3.09789861e+15	3.22463508e+15	2.87107380e-03
79400	1418.23635534	794	5.85545723e-05	794.00000000	3.09817474e+15	3.22491179e+15	2.87130457e-03
79500	1420.02847463	795	5.86283186e-05	795.00000000	3.09845017e+15	3.22518781e+15	2.87153476e-03
79600	1421.82519431	796	5.87020649e-05	796.00000000	3.09872491e+15	3.22546313e+15	2.87176438e-03
79700	1423.61526714	797	5.87758112e-05	797.00000000	3.09899894e+15	3.22573775e+15	2.87199342e-03
79800	1425.40041542	798	5.88495575e-05	798.00000000	3.09927229e+15	3.22601168e+15	2.87222189e-03
79900	1427.18758742	799	5.89233038e-05	799.00000000	3.09954494e+15	3.22628491e+15	2.87244980e-03
80000	1428.97068681	800	5.89970501e-05	800.00000000	3.09981690e+15	3.22655744e+15	2.87267715e-03
80100	1430.75462242	801	5.90707965e-05	801.00000000	3.10008815e+15	3.22682927e+15	2.87290392e-03
80200	1432.53762541	802	5.91445428e-05	802.00000000	3.10035870e+15	3.22710040e+15	2.87313011e-03
80300	1434.32072745	803	5.92182891e-05	803.00000000	3.10062856e+15	3.22737084e+15	2.87335573e-03
80400	1436.10893609	804	5.92920354e-05	804.00000000	3.10089772e+15	3.22764057e+15	2.87358079e-03
80500	1437.89622183	805	5.93657817e-05	805.00000000	3.10116616e+15	3.22790958e+15	2.87380529e-03
80600	1439.68281960	806	5.94395280e-05	806.00000000	3.10143387e+15	3.22817786e+15	2.87402920e-03
80700	1441.47035828	807	5.95132743e-05	807.00000000	3.10170085e+15	3.22844542e+15	2.87425251e-03
80800	1443.25623290	808	5.95870206e-05	808.00000000	3.10196711e+15	3.22871224e+15	2.87447521e-03
80900	1445.04005102	809	5.96607670e-05	809.00000000	3.10223265e+15	3.22897835e+15	2.87469731e-03
81000	1446.82999013	810	5.97345133e-05	810.00000000	3.10249746e+15	3.22924373e+15	2.87491881e-03
81100	1448.62342066	811	5.98082596e-05	811.00000000	3.10276156e+15	3.22950839e+15	2.87513974e-03
81200	1450.40836519	812	5.98820059e-05	812.00000000	3.10302495e+15	3.22977234e+15	2.87536007e-03
81300	1452.19536906	813	5.99557522e-05	813.00000000	3.10328762e+15	3.23003558e+15	2.87557980e-03
81400	1453.98162929	814	6.00294985e-05	814.00000000	3.10354959e+15	3.23029811e+15	2.87579895e-03
81500	1455.76451320	815	6.01032448e-05	815.00000000	3.10381085e+15	3.23055992e+15	2.87601750e-03
81600	1457.55140241	816	6.01769912e-05	816.00000000	3.10407140e+15	3.23082103e+15	2.87623546e-03
81700	1459.34002998	817	6.02507375e-05	817.00000000	3.10433127e+15	3.23108146e+15	2.87645282e-03
81800	1461.12222517	818	6.03244838e-05	818.00000000	3.10459043e+15	3.23134118e+15	2.87666963e-03
81900	1462.90232981	819	6.03982301e-05	819.00000000	3.10484892e+15	3.23160022e+15	2.87688588e-03
82000	1464.69106972	820	6.04719764e-05	820.00000000	3.10510670e+15	3.23185856e+15	2.87710156e-03
82100	1466.48007391	821	6.05457227e-05	821.00000000	3.10536379e+15	3.23211620e+15	2.87731667e-03
82200	1468.26982593	822	6.06194690e-05	822.00000000	3.10562017e+15	3.23237313e+15	2.87753118e-03
82300	1470.06048590	823	6.06932153e-05	823.00000000	3.10587584e+15	3.23262935e+15	2.87774512e-03
82400	1471.84644343	824	6.07669617e-05	824.00000000	3.10613080e+15	3.23288486e+15	2.87795847e-03
82500	1473.63008244	825	6.08407080e-05	825.00000000	3.10638504e+15	3.23313965e+15	2.87817124e-03
82600	1475.41285011	826	6.09144543e-05	826.00000000	3.10663856e+15	3.23339371e+15	2.87838342e-03
82700	1477.19258412	827	6.09882006e-05	827.00000000	3.10689136e+15	3.23364706e+15	2.87859500e-03
82800	1478.97231003	828	6.10619469e-05	828.00000000	3.10714344e+15	3.23389968e+15	2.87880599e-03
82900	1480.75390399	829	6.11356932e-05	829.00000000	3.10739481e+15	3.23415159e+15	2.87901639e-03
83000	1482.54041936	830	6.12094395e-05	830.00000000	3.10764547e+15	3.23440279e+15	2.87922618e-03
83100	1484.32383068	831	6.12831858e-05	831.00000000	3.10789540e+15	3.23465326e+15	2.87943539e-03
83200	1486.11254230	832	6.13569322e-05	832.00000000	3.10814461e+15	3.23490301e+15	2.87964399e-03
83300	1487.89438755	833	6.14306785e-05	833.00000000	3.10839312e+15	3.23515205e+15	2.87985200e-03
83400	1489.67727105	834	6.15044248e-05	834.00000000	3.10864091e+15	3.23540038e+15	2.88005941e-03
83500	1491.46087782	835	6.15781711e-05	835.00000000	3.10888800e+15	3.23564801e+15	2.88026623e-03
83600	1493.24704654	836	6.16519174e-05	836.00000000	3.10913441e+15	3.23589494e+15	2.88047246e-03
83700	1495.03268917	837	6.17256637e-05	837.00000000	3.10938014e+15	3.23614120e+15	2.88067811e-03
83800	1496.81517528	838	6.17994100e-05	838.00000000	3.10962519e+15	3.23638678e+15	2.88088320e-03
83900	1498.60415604	839	6.18731563e-05	839.00000000	3.10986958e+15	3.23663170e+15	2.88108772e-03
84000	1500.39160526	840	6.19469027e-05	840.00000000	3.11011332e+15	3.23687597e+15	2.88129168e-03
84100	1502.17953769	841	6.20206490e-05	841.00000000	3.11035641e+15	3.23711958e+15	2.88149512e-03
84200	1503.96107881	842	6.20943953e-05	842.00000000	3.11059885e+15	3.23736255e+15	2.88169800e-03
84300	1505.74180776	843	6.21681416e-05	843.00000000	3.11084065e+15	3.23760487e+15	2.88190036e-03
84400	1507.53284953	844	6.22418879e-05	844.00000000	3.11108181e+15	3.23784655e+15	2.88210217e-03
84500	1509.31783179	845	6.23156342e-05	845.00000000	3.11132233e+15	3.23808759e+15	2.88230344e-03
84600	1511.09960209	846	6.23893805e-05	846.00000000	3.11156222e+15	3.23832799e+15	2.88250418e-03
84700	1512.88124558	847	6.24631268e-05	847.00000000	3.11180148e+15	3.23856776e+15	2.88270439e-03
84800	1514.66566135	848	6.25368732e-05	848.00000000	3.11204009e+15	3.23880689e+15	2.88290410e-03
84900	1516.44771107	849	6.26106195e-05	849.00000000	3.11227807e+15	3.23904538e+15	2.88310328e-03
85000	1518.22877029	850	6.26843658e-05	850.00000000	3.11251540e+15	3.23928322e+15	2.88330193e-03
85100	1520.01208655	851	6.27581121e-05	851.00000000	3.11275211e+15	3.23952044e+15	2.88350006e-03
85200	1521.79244227	852	6.28318584e-05	852.00000000	3.11298818e+15	3.23975702e+15	2.88369768e-03
85300	1523.57554047	853	6.29056047e-05	853.00000000	3.11322363e+15	3.23999297e+15	2.88389477e-03
85400	1525.35843929	854	6.29793510e-05	854.00000000	3.11345844e+15	3.24022829e+15	2.88409134e-03
85500	1527.14390334	855	6.30530973e-05	855.00000000	3.11369263e+15	3.24046298e+15	2.88428738e-03
85600	1528.93304203	856	6.31268437e-05	856.00000000	3.11392621e+15	3.24069706e+15	2.88448290e-03
85700	1530.71830528	857	6.32005900e-05	857.00000000	3.11415917e+15	3.24093052e+15	2.88467791e-03
85800	1532.50121341	858	6.32743363e-05	858.00000000	3.11439151e+15	3.24116336e+15	2.88487242e-03
85900	1534.29074031	859	6.33480826e-05	859.00000000	3.11462323e+15	3.24139557e+15	2.88506643e-03
86000	1536.08676876	860	6.34218289e-05	860.00000000	3.11485432e+15	3.24162716e+15	2.88525991e-03
86100	1537.87028403	861	6.34955752e-05	861.00000000	3.11508481e+15	3.24185814e+15	2.88545288e-03
86200	1539.65488051	862	6.35693215e-05	862.00000000	3.11531469e+15	3.24208852e+15	2.88564533e-03
86300	1541.44100291	863	6.36430678e-05	863.00000000	3.11554397e+15	3.24231829e+15	2.88583727e-03
86400	1543.22225620	864	6.37168142e-05	864.00000000	3.11577267e+15	3.24254747e+15	2.88602870e-03
86500	1545.00836870	865	6.37905605e-05	865.00000000	3.11600076e+15	3.24277606e+15	2.88621965e-03
86600	1546.79173971	866	6.38643068e-05	866.00000000	3.11622826e+15	3.24300404e+15	2.88641010e-03
86700	1548.57793735	867	6.39380531e-05	867.00000000	3.11645516e+15	3.24323143e+15	2.88660005e-03
86800	1550.36307286	868	6.40117994e-05	868.00000000	3.11668146e+15	3.24345821e+15	2.88678950e-03
86900	1552.14837915	869	6.40855457e-05	869.00000000	3.11690717e+15	3.24368440e+15	2.88697845e-03
87000	1553.93226133	870	6.41592920e-05	870.00000000	3.11713228e+15	3.24391000e+15	2.88716693e-03
87100	1555.71786201	871	6.42330383e-05	871.00000000	3.11735680e+15	3.24413499e+15	2.88735490e-03
87200	1557.50442114	872	6.43067847e-05	872.00000000	3.11758074e+15	3.24435941e+15	2.88754237e-03
87300	1559.29191086	873	6.43805310e-05	873.00000000	3.11780411e+15	3.24458326e+15	2.88772936e-03
87400	1561.07979910	874	6.44542773e-05	874.00000000	3.11802691e+15	3.24480653e+15	2.88791587e-03
87500	1562.86557554	875	6.45280236e-05	875.00000000	3.11824915e+15	3.24502925e+15	2.88810191e-03
87600	1564.64650605	876	6.46017699e-05	876.00000000	3.11847082e+15	3.24525139e+15	2.88828748e-03
87700	1566.43369244	877	6.46755162e-05	877.00000000	3.11869191e+15	3.24547295e+15	2.88847258e-03
87800	1568.22129935	878	6.47492625e-05	878.00000000	3.11891243e+15	3.24569394e+15	2.88865720e-03
87900	1570.00730297	879	6.48230088e-05	879.00000000	3.11913237e+15	3.24591434e+15	2.88884134e-03
88000	1571.80185884	880	6.48967552e-05	880.00000000	3.11935173e+15	3.24613417e+15	2.88902499e-03
88100	1573.58646070	881	6.49705015e-05	881.00000000	3.11957050e+15	3.24635340e+15	2.88920817e-03
88200	1575.36930267	882	6.50442478e-05	882.00000000	3.11978869e+15	3.24657206e+15	2.88939086e-03
88300	1577.15388536	883	6.51179941e-05	883.00000000	3.12000630e+15	3.24679013e+15	2.88957308e-03
88400	1578.93547577	884	6.51917404e-05	884.00000000	3.12022334e+15	3.24700763e+15	2.88975483e-03
88500	1580.71665642	885	6.52654867e-05	885.00000000	3.12043980e+15	3.24722455e+15	2.88993609e-03
88600	1582.50046551	886	6.53392330e-05	886.00000000	3.12065568e+15	3.24744089e+15	2.89011689e-03
88700	1584.28153074	887	6.54129794e-05	887.00000000	3.12087100e+15	3.24765667e+15	2.89029720e-03
88800	1586.06704819	888	6.54867257e-05	888.00000000	3.12108577e+15	3.24787189e+15	2.89047697e-03
88900	1587.85086289	889	6.55604720e-05	889.00000000	3.12129998e+15	3.24808656e+15	2.89065634e-03
89000	1589.63335397	890	6.56342183e-05	890.00000000	3.12151365e+15	3.24830068e+15	2.89083525e-03
89100	1591.41909069	891	6.57079646e-05	891.00000000	3.12172675e+15	3.24851423e+15	2.89101370e-03
89200	1593.20590140	892	6.57817109e-05	892.00000000	3.12193928e+15	3.24872721e+15	2.89119168e-03
89300	1594.99494557	893	6.58554572e-05	893.00000000	3.12215125e+15	3.24893963e+15	2.89136919e-03
89400	1596.77784791	894	6.59292035e-05	894.00000000	3.12236265e+15	3.24915148e+15	2.89154622e-03
89500	1598.55720619	895	6.60029499e-05	895.00000000	3.12257350e+15	3.24936278e+15	2.89172277e-03
89600	1600.34233780	896	6.60766962e-05	896.00000000	3.12278380e+15	3.24957352e+15	2.89189886e-03
89700	1602.12583553	897	6.61504425e-05	897.00000000	3.12299355e+15	3.24978372e+15	2.89207450e-03
89800	1603.91666195	898	6.62241888e-05	898.00000000	3.12320276e+15	3.24999337e+15	2.89224969e-03
89900	1605.70897705	899	6.62979351e-05	899.00000000	3.12341143e+15	3.25020249e+15	2.89242444e-03
90000	1607.50008413	900	6.63716814e-05	900.00000000	3.12361957e+15	3.25041106e+15	2.89259875e-03
90100	1609.28679374	901	6.64454277e-05	901.00000000	3.12382718e+15	3.25061912e+15	2.89277262e-03
90200	1611.07198827	902	6.65191740e-05	902.00000000	3.12403427e+15	3.25082664e+15	2.89294606e-03
90300	1612.85926035	903	6.65929204e-05	903.00000000	3.12424084e+15	3.25103365e+15	2.89311907e-03
90400	1614.65346720	904	6.66666667e-05	904.00000000	3.12444689e+15	3.25124013e+15	2.89329163e-03
90500	1616.44328286	905	6.67404130e-05	905.00000000	3.12465242e+15	3.25144610e+15	2.89346376e-03
90600	1618.22747970	906	6.68141593e-05	906.00000000	3.12485742e+15	3.25165154e+15	2.89363547e-03
90700	1620.01107880	907	6.68879056e-05	907.00000000	3.12506190e+15	3.25185646e+15	2.89380674e-03
90800	1621.79092553	908	6.69616519e-05	908.00000000	3.12526586e+15	3.25206085e+15	2.89397758e-03
90900	1623.57431451	909	6.70353982e-05	909.00000000	3.12546931e+15	3.25226473e+15	2.89414797e-03
91000	1625.35636873	910	6.71091445e-05	910.00000000	3.12567224e+15	3.25246809e+15	2.89431794e-03
91100	1627.13930218	911	6.71828909e-05	911.00000000	3.12587467e+15	3.25267095e+15	2.89448747e-03
91200	1628.92434321	912	6.72566372e-05	912.00000000	3.12607659e+15	3.25287330e+15	2.89465657e-03
91300	1630.70689705	913	6.73303835e-05	913.00000000	3.12627798e+15	3.25307512e+15	2.89482527e-03
91400	1632.49231624	914	6.74041298e-05	914.00000000	3.12647886e+15	3.25327642e+15	2.89499353e-03
91500	1634.28002280	915	6.74778761e-05	915.00000000	3.12667920e+15	3.25347719e+15	2.89516137e-03
91600	1636.07650220	916	6.75516224e-05	916.00000000	3.12687903e+15	3.25367745e+15	2.89532878e-03
91700	1637.86378130	917	6.76253687e-05	917.00000000	3.12707833e+15	3.25387717e+15	2.89549576e-03
91800	1639.65256985	918	6.76991150e-05	918.00000000	3.12727711e+15	3.25407638e+15	2.89566230e-03
91900	1641.44320298	919	6.77728614e-05	919.00000000	3.12747537e+15	3.25427506e+15	2.89582841e-03
92000	1643.22948558	920	6.78466077e-05	920.00000000	3.12767310e+15	3.25447321e+15	2.89599409e-03
92100	1645.01692002	921	6.79203540e-05	921.00000000	3.12787029e+15	3.25467082e+15	2.89615934e-03
92200	1646.80468212	922	6.79941003e-05	922.00000000	3.12806695e+15	3.25486790e+15	2.89632414e-03
92300	1648.59141077	923	6.80678466e-05	923.00000000	3.12826308e+15	3.25506444e+15	2.89648849e-03
92400	1650.37631465	924	6.81415929e-05	924.00000000	3.12845867e+15	3.25526045e+15	2.89665239e-03
92500	1652.16172693	925	6.82153392e-05	925.00000000	3.12865373e+15	3.25545593e+15	2.89681585e-03
92600	1653.94375779	926	6.82890855e-05	926.00000000	3.12884826e+15	3.25565088e+15	2.89697891e-03
92700	1655.73133707	927	6.83628319e-05	927.00000000	3.12904227e+15	3.25584530e+15	2.89714149e-03
92800	1657.51517779	928	6.84365782e-05	928.00000000	3.12923576e+15	3.25603920e+15	2.89730364e-03
92900	1659.29669949	929	6.85103245e-05	929.00000000	3.12942871e+15	3.25623257e+15	2.89746534e-03
93000	1661.08113734	930	6.85840708e-05	930.00000000	3.12962114e+15	3.25642541e+15	2.89762659e-03
93100	1662.87071184	931	6.86578171e-05	931.00000000	3.12981305e+15	3.25661773e+15	2.89778740e-03
93200	1664.65500414	932	6.87315634e-05	932.00000000	3.13000443e+15	3.25680952e+15	2.89794778e-03
93300	1666.44442353	933	6.88053097e-05	933.00000000	3.13019530e+15	3.25700080e+15	2.89810771e-03
93400	1668.22946050	934	6.88790560e-05	934.00000000	3.13038565e+15	3.25719156e+15	2.89826722e-03
93500	1670.00986177	935	6.89528024e-05	935.00000000	3.13057548e+15	3.25738179e+15	2.89842629e-03
93600	1671.79147634	936	6.90265487e-05	936.00000000	3.13076478e+15	3.25757150e+15	2.89858492e-03
93700	1673.57371161	937	6.91002950e-05	937.00000000	3.13095356e+15	3.25776069e+15	2.89874312e-03
93800	1675.35773182	938	6.91740413e-05	938.00000000	3.13114182e+15	3.25794936e+15	2.89890089e-03
93900	1677.14004992	939	6.92477876e-05	939.00000000	3.13132957e+15	3.25813751e+15	2.89905821e-03
94000	1678.92751465	940	6.93215339e-05	940.00000000	3.13151681e+15	3.25832515e+15	2.89921511e-03
94100	1680.71246992	941	6.93952802e-05	941.00000000	3.13170354e+15	3.25851229e+15	2.89937158e-03
94200	1682.49797072	942	6.94690265e-05	942.00000000	3.13188978e+15	3.25869892e+15	2.89952764e-03
94300	1684.28567370	943	6.95427729e-05	943.00000000	3.13207551e+15	3.25888506e+15	2.89968327e-03
94400	1686.07856176	944	6.96165192e-05	944.00000000	3.13226075e+15	3.25907070e+15	2.89983848e-03
94500	1687.86596927	945	6.96902655e-05	945.00000000	3.13244550e+15	3.25925585e+15	2.89999329e-03
94600	1689.64840904	946	6.97640118e-05	946.00000000	3.13262975e+15	3.25944049e+15	2.90014769e-03
94700	1691.43374506	947	6.98377581e-05	947.00000000	3.13281351e+15	3.25962465e+15	2.90030167e-03
94800	1693.22295148	948	6.99115044e-05	948.00000000	3.13299679e+15	3.25980832e+15	2.90045524e-03
94900	1695.01439337	949	6.99852507e-05	949.00000000	3.13317958e+15	3.25999150e+15	2.90060840e-03
95000	1696.79876845	950	7.00589971e-05	950.00000000	3.13336189e+15	3.26017421e+15	2.90076116e-03
95100	1698.58606524	951	7.01327434e-05	951.00000000	3.13354373e+15	3.26035645e+15	2.90091353e-03
95200	1700.36833214	952	7.02064897e-05	952.00000000	3.13372510e+15	3.26053820e+15	2.90106550e-03
95300	1702.15679050	953	7.02802360e-05	953.00000000	3.13390597e+15	3.26071947e+15	2.90121708e-03
95400	1703.94513841	954	7.03539823e-05	954.00000000	3.13408635e+15	3.26090024e+15	2.90136825e-03
95500	1705.73070218	955	7.04277286e-05	955.00000000	3.13426623e+15	3.26108051e+15	2.90151901e-03
95600	1707.51248400	956	7.05014749e-05	956.00000000	3.13444562e+15	3.26126029e+15	2.90166936e-03
95700	1709.29526371	957	7.05752212e-05	957.00000000	3.13462452e+15	3.26143957e+15	2.90181930e-03
95800	1711.08216821	958	7.06489676e-05	958.00000000	3.13480293e+15	3.26161837e+15	2.90196882e-03
95900	1712.86652607	959	7.07227139e-05	959.00000000	3.13498085e+15	3.26179668e+15	2.90211794e-03
96000	1714.65112157	960	7.07964602e-05	960.00000000	3.13515828e+15	3.26197450e+15	2.90226664e-03
96100	1716.43549973	961	7.08702065e-05	961.00000000	3.13533523e+15	3.26215183e+15	2.90241495e-03
96200	1718.22041256	962	7.09439528e-05	962.00000000	3.13551169e+15	3.26232867e+15	2.90256284e-03
96300	1720.00409385	963	7.10176991e-05	963.00000000	3.13568766e+15	3.26250502e+15	2.90271033e-03
96400	1721.78620562	964	7.10914454e-05	964.00000000	3.13586315e+15	3.26268089e+15	2.90285741e-03
96500	1723.57055161	965	7.11651917e-05	965.00000000	3.13603815e+15	3.26285628e+15	2.90300408e-03
96600	1725.35514929	966	7.12389381e-05	966.00000000	3.13621267e+15	3.26303118e+15	2.90315036e-03
96700	1727.13808023	967	7.13126844e-05	967.00000000	3.13638671e+15	3.26320560e+15	2.90329625e-03
96800	1728.92262566	968	7.13864307e-05	968.00000000	3.13656027e+15	3.26337954e+15	2.90344173e-03
96900	1730.70573415	969	7.14601770e-05	969.00000000	3.13673336e+15	3.26355300e+15	2.90358682e-03
97000	1732.49100292	970	7.15339233e-05	970.00000000	3.13690597e+15	3.26372599e+15	2.90373151e-03
97100	1734.27558175	971	7.16076696e-05	971.00000000	3.13707811e+15	3.26389851e+15	2.90387581e-03
97200	1736.05719645	972	7.16814159e-05	972.00000000	3.13724978e+15	3.26407055e+15	2.90401971e-03
97300	1737.84200851	973	7.17551622e-05	973.00000000	3.13742098e+15	3.26424213e+15	2.90416323e-03
97400	1739.62136267	974	7.18289086e-05	974.00000000	3.13759172e+15	3.26441324e+15	2.90430635e-03
97500	1741.40259428	975	7.19026549e-05	975.00000000	3.13776198e+15	3.26458388e+15	2.90444908e-03
97600	1743.18784778	976	7.19764012e-05	976.00000000	3.13793180e+15	3.26475407e+15	2.90459129e-03
97700	1744.97879588	977	7.20501475e-05	977.00000000	3.13810113e+15	3.26492377e+15	2.90473322e-03
97800	1746.76054959	978	7.21238938e-05	978.00000000	3.13826999e+15	3.26509300e+15	2.90487477e-03
97900	1748.54508385	979	7.21976401e-05	979.00000000	3.13843840e+15	3.26526178e+15	2.90501594e-03
98000	1750.32836615	980	7.22713864e-05	980.00000000	3.13860634e+15	3.26543009e+15	2.90515672e-03
98100	1752.11443601	981	7.23451327e-05	981.00000000	3.13877383e+15	3.26559795e+15	2.90529712e-03
98200	1753.89707052	982	7.24188791e-05	982.00000000	3.13894085e+15	3.26576533e+15	2.90543710e-03
98300	1755.67963400	983	7.24926254e-05	983.00000000	3.13910742e+15	3.26593226e+15	2.90557672e-03
98400	1757.46224512	984	7.25663717e-05	984.00000000	3.13927353e+15	3.26609874e+15	2.90571596e-03
98500	1759.24421237	985	7.26401180e-05	985.00000000	3.13943922e+15	3.26626479e+15	2.90585479e-03
98600	1761.02758817	986	7.27138643e-05	986.00000000	3.13960447e+15	3.26643039e+15	2.90599329e-03
98700	1762.81269555	987	7.27876106e-05	987.00000000	3.13976929e+15	3.26659558e+15	2.90613145e-03
98800	1764.59819679	988	7.28613569e-05	988.00000000	3.13993367e+15	3.26676032e+15	2.90626925e-03
98900	1766.38102124	989	7.29351032e-05	989.00000000	3.14009761e+15	3.26692461e+15	2.90640668e-03
99000	1768.16440269	990	7.30088496e-05	990.00000000	3.14026111e+15	3.26708847e+15	2.90654375e-03
99100	1769.94829762	991	7.30825959e-05	991.00000000	3.14042416e+15	3.26725187e+15	2.90668045e-03
99200	1771.73698934	992	7.31563422e-05	992.00000000	3.14058675e+15	3.26741482e+15	2.90681679e-03
99300	1773.52433339	993	7.32300885e-05	993.00000000	3.14074888e+15	3.26757731e+15	2.90695275e-03
99400	1775.30780822	994	7.33038348e-05	994.00000000	3.14091056e+15	3.26773935e+15	2.90708833e-03
99500	1777.09334651	995	7.33775811e-05	995.00000000	3.14107179e+15	3.26790093e+15	2.90722353e-03
99600	1778.88164841	996	7.34513274e-05	996.00000000	3.14123257e+15	3.26806206e+15	2.90735836e-03
99700	1780.66867413	997	7.35250737e-05	997.00000000	3.14139291e+15	3.26822275e+15	2.90749281e-03
99800	1782.45307309	998	7.35988201e-05	998.00000000	3.14155279e+15	3.26838299e+15	2.90762688e-03
99900	1784.23414125	999	7.36725664e-05	999.00000000	3.14171225e+15	3.26854279e+15	2.90776058e-03
100000	1786.01895765	1000	7.37463127e-05	1000.00000000	3.14187126e+15	3.26870215e+15	2.90789392e-03
100100	1787.80504499	1001	7.38200590e-05	1001.00000000	3.14202983e+15	3.26886108e+15	2.90802690e-03
100200	1789.59158508	1002	7.38938053e-05	1002.00000000	3.14218796e+15	3.26901955e+15	2.90815953e-03
100300	1791.37841776	1003	7.39675516e-05	1003.00000000	3.14234564e+15	3.26917758e+15	2.90829178e-03
100400	1793.16700209	1004	7.40412979e-05	1004.00000000	3.14250287e+15	3.26933516e+15	2.90842366e-03
100500	1794.95401397	1005	7.41150442e-05	1005.00000000	3.14265965e+15	3.26949229e+15	2.90855517e-03
100600	1796.73860831	1006	7.41887906e-05	1006.00000000	3.14281599e+15	3.26964898e+15	2.90868629e-03
100700	1798.52288176	1007	7.42625369e-05	1007.00000000	3.14297189e+15	3.26980522e+15	2.90881705e-03
100800	1800.30717116	1008	7.43362832e-05	1008.00000000	3.14312736e+15	3.26996103e+15	2.90894743e-03
100900	1802.09078505	1009	7.44100295e-05	1009.00000000	3.14328239e+15	3.27011641e+15	2.90907744e-03
101000	1803.87681196	1010	7.44837758e-05	1010.00000000	3.14343700e+15	3.27027137e+15	2.90920710e-03
101100	1805.66324907	1011	7.45575221e-05	1011.00000000	3.14359119e+15	3.27042589e+15	2.90933640e-03
101200	1807.44615180	1012	7.46312684e-05	1012.00000000	3.14374495e+15	3.27058000e+15	2.90946534e-03
101300	1809.22861088	1013	7.47050147e-05	1013.00000000	3.14389830e+15	3.27073369e+15	2.90959395e-03
101400	1811.01321785	1014	7.47787611e-05	1014.00000000	3.14405123e+15	3.27088696e+15	2.90972220e-03
101500	1812.79488510	1015	7.48525074e-05	1015.00000000	3.14420374e+15	3.27103981e+15	2.90985011e-03
101600	1814.57955530	1016	7.49262537e-05	1016.00000000	3.14435585e+15	3.27119225e+15	2.90997767e-03
101700	1816.36996215	1017	7.50000000e-05	1017.00000000	3.14450755e+15	3.27134429e+15	2.91010489e-03
101800	1818.15181216	1018	7.50737463e-05	1018.00000000	3.14465883e+15	3.27149591e+15	2.91023176e-03
101900	1819.94414844	1019	7.51474926e-05	1019.00000000	3.14480972e+15	3.27164713e+15	2.91035830e-03
102000	1821.73513949	1020	7.52212389e-05	1020.00000000	3.14496020e+15	3.27179795e+15	2.91048449e-03
102100	1823.52613968	1021	7.52949853e-05	1021.00000000	3.14511028e+15	3.27194836e+15	2.91061035e-03
102200	1825.31193302	1022	7.53687316e-05	1022.00000000	3.14525997e+15	3.27209839e+15	2.91073587e-03
102300	1827.09783194	1023	7.54424779e-05	1023.00000000	3.14540927e+15	3.27224802e+15	2.91086106e-03
102400	1828.89066405	1024	7.55162242e-05	1024.00000000	3.14555818e+15	3.27239726e+15	2.91098592e-03
102500	1830.67834856	1025	7.55899705e-05	1025.00000000	3.14570670e+15	3.27254611e+15	2.91111046e-03
102600	1832.46371617	1026	7.56637168e-05	1026.00000000	3.14585484e+15	3.27269458e+15	2.91123467e-03
102700	1834.24786736	1027	7.57374631e-05	1027.00000000	3.14600259e+15	3.27284266e+15	2.91135857e-03
102800	1836.03879346	1028	7.58112094e-05	1028.00000000	3.14614996e+15	3.27299036e+15	2.91148215e-03
102900	1837.82137236	1029	7.58849558e-05	1029.00000000	3.14629695e+15	3.27313768e+15	2.91160541e-03
103000	1839.60608521	1030	7.59587021e-05	1030.00000000	3.14644355e+15	3.27328461e+15	2.91172836e-03
103100	1841.39109874	1031	7.60324484e-05	1031.00000000	3.14658977e+15	3.27343115e+15	2.91185101e-03
103200	1843.17296730	1032	7.61061947e-05	1032.00000000	3.14673560e+15	3.27357730e+15	2.91197333e-03
103300	1844.95961526	1033	7.61799410e-05	1033.00000000	3.14688103e+15	3.27372306e+15	2.91209533e-03
103400	1846.74243288	1034	7.62536873e-05	1034.00000000	3.14702607e+15	3.27386842e+15	2.91221700e-03
103500	1848.52755983	1035	7.63274336e-05	1035.00000000	3.14717072e+15	3.27401339e+15	2.91233835e-03
103600	1850.31230142	1036	7.64011799e-05	1036.00000000	3.14731496e+15	3.27415796e+15	2.91245938e-03
103700	1852.09601014	1037	7.64749263e-05	1037.00000000	3.14745881e+15	3.27430213e+15	2.91258008e-03
103800	1853.87976381	1038	7.65486726e-05	1038.00000000	3.14760224e+15	3.27444588e+15	2.91270045e-03
103900	1855.66163451	1039	7.66224189e-05	1039.00000000	3.14774527e+15	3.27458923e+15	2.91282047e-03
104000	1857.44459419	1040	7.66961652e-05	1040.00000000	3.14788790e+15	3.27473218e+15	2.91294015e-03
104100	1859.22877186	1041	7.67699115e-05	1041.00000000	3.14803014e+15	3.27487473e+15	2.91305950e-03
104200	1861.01384824	1042	7.68436578e-05	1042.00000000	3.14817197e+15	3.27501688e+15	2.91317852e-03
104300	1862.80400697	1043	7.69174041e-05	1043.00000000	3.14831339e+15	3.27515862e+15	2.91329720e-03
104400	1864.59608213	1044	7.69911504e-05	1044.00000000	3.14845440e+15	3.27529995e+15	2.91341555e-03
104500	1866.38430288	1045	7.70648968e-05	1045.00000000	3.14859500e+15	3.27544087e+15	2.91353355e-03
104600	1868.17032030	1046	7.71386431e-05	1046.00000000	3.14873520e+15	3.27558137e+15	2.91365121e-03
104700	1869.95614397	1047	7.72123894e-05	1047.00000000	3.14887498e+15	3.27572147e+15	2.91376853e-03
104800	1871.74018912	1048	7.72861357e-05	1048.00000000	3.14901436e+15	3.27586116e+15	2.91388551e-03
104900	1873.52417391	1049	7.73598820e-05	1049.00000000	3.14915332e+15	3.27600043e+15	2.91400214e-03
105000	1875.30627969	1050	7.74336283e-05	1050.00000000	3.14929188e+15	3.27613930e+15	2.91411843e-03
105100	1877.09021201	1051	7.75073746e-05	1051.00000000	3.14943003e+15	3.27627776e+15	2.91423438e-03
105200	1878.87126553	1052	7.75811209e-05	1052.00000000	3.14956777e+15	3.27641581e+15	2.91434999e-03
105300	1880.65302279	1053	7.76548673e-05	1053.00000000	3.14970510e+15	3.27655345e+15	2.91446525e-03
105400	1882.43777211	1054	7.77286136e-05	1054.00000000	3.14984203e+15	3.27669068e+15	2.91458019e-03
105500	1884.22752519	1055	7.78023599e-05	1055.00000000	3.14997854e+15	3.27682750e+15	2.91469478e-03
105600	1886.01123338	1056	7.78761062e-05	1056.00000000	3.15011464e+15	3.27696390e+15	2.91480902e-03
105700	1887.80454630	1057	7.79498525e-05	1057.00000000	3.15025032e+15	3.27709989e+15	2.91492293e-03
105800	1889.59971634	1058	7.80235988e-05	1058.00000000	3.15038559e+15	3.27723547e+15	2.91503649e-03
105900	1891.38547295	1059	7.80973451e-05	1059.00000000	3.15052045e+15	3.27737063e+15	2.91514972e-03
106000	1893.17185356	1060	7.81710914e-05	1060.00000000	3.15065490e+15	3.27750538e+15	2.91526260e-03
106100	1894.96068894	1061	7.82448378e-05	1061.00000000	3.15078894e+15	3.27763972e+15	2.91537513e-03
106200	1896.75018090	1062	7.83185841e-05	1062.00000000	3.15092257e+15	3.27777366e+15	2.91548733e-03
106300	1898.53899851	1063	7.83923304e-05	1063.00000000	3.15105580e+15	3.27790718e+15	2.91559919e-03
106400	1900.32217141	1064	7.84660767e-05	1064.00000000	3.15118861e+15	3.27804030e+15	2.91571070e-03
106500	1902.11385768	1065	7.85398230e-05	1065.00000000	3.15132102e+15	3.27817301e+15	2.91582187e-03
106600	1903.90988711	1066	7.86135693e-05	1066.00000000	3.15145303e+15	3.27830531e+15	2.91593270e-03
106700	1905.70628876	1067	7.86873156e-05	1067.00000000	3.15158462e+15	3.27843720e+15	2.91604320e-03
106800	1907.49528693	1068	7.87610619e-05	1068.00000000	3.15171581e+15	3.27856869e+15	2.91615335e-03
106900	1909.28465578	1069	7.88348083e-05	1069.00000000	3.15184660e+15	3.27869977e+15	2.91626316e-03
107000	1911.07360102	1070	7.89085546e-05	1070.00000000	3.15197697e+15	3.27883044e+15	2.91637264e-03
107100	1912.86331075	1071	7.89823009e-05	1071.00000000	3.15210693e+15	3.27896069e+15	2.91648177e-03
107200	1914.64838247	1072	7.90560472e-05	1072.00000000	3.15223649e+15	3.27909054e+15	2.91659056e-03
107300	1916.43301160	1073	7.91297935e-05	1073.00000000	3.15236564e+15	3.27921998e+15	2.91669901e-03
107400	1918.21777033	1074	7.92035398e-05	1074.00000000	3.15249438e+15	3.27934902e+15	2.91680712e-03
107500	1920.00046822	1075	7.92772861e-05	1075.00000000	3.15262271e+15	3.27947764e+15	2.91691489e-03
107600	1921.79128277	1076	7.93510324e-05	1076.00000000	3.15275063e+15	3.27960585e+15	2.91702231e-03
107700	1923.58221107	1077	7.94247788e-05	1077.00000000	3.15287815e+15	3.27973366e+15	2.91712939e-03
107800	1925.36726909	1078	7.94985251e-05	1078.00000000	3.15300527e+15	3.27986106e+15	2.91723614e-03
107900	1927.15090770	1079	7.95722714e-05	1079.00000000	3.15313198e+15	3.27998807e+15	2.91734254e-03
108000	1928.93561125	1080	7.96460177e-05	1080.00000000	3.15325830e+15	3.28011467e+15	2.91744861e-03
108100	1930.72235288	1081	7.97197640e-05	1081.00000000	3.15338422e+15	3.28024087e+15	2.91755435e-03
108200	1932.50778320	1082	7.97935103e-05	1082.00000000	3.15350974e+15	3.28036668e+15	2.91765975e-03
108300	1934.29896749	1083	7.98672566e-05	1083.00000000	3.15363486e+15	3.28049209e+15	2.91776481e-03
108400	1936.08735305	1084	7.99410029e-05	1084.00000000	3.15375959e+15	3.28061710e+15	2.91786955e-03
108500	1937.87662507	1085	8.00147493e-05	1085.00000000	3.15388392e+15	3.28074171e+15	2.91797396e-03
108600	1939.66769635	1086	8.00884956e-05	1086.00000000	3.15400785e+15	3.28086593e+15	2.91807803e-03
108700	1941.45403317	1087	8.01622419e-05	1087.00000000	3.15413139e+15	3.28098974e+15	2.91818177e-03
108800	1943.24443938	1088	8.02359882e-05	1088.00000000	3.15425452e+15	3.28111316e+15	2.91828518e-03
108900	1945.02945005	1089	8.03097345e-05	1089.00000000	3.15437727e+15	3.28123619e+15	2.91838826e-03
109000	1946.81711542	1090	8.03834808e-05	1090.00000000	3.15449962e+15	3.28135882e+15	2.91849100e-03
109100	1948.60411047	1091	8.04572271e-05	1091.00000000	3.15462159e+15	3.28148106e+15	2.91859342e-03
109200	1950.38913608	1092	8.05309735e-05	1092.00000000	3.15474317e+15	3.28160292e+15	2.91869552e-03
109300	1952.17516437	1093	8.06047198e-05	1093.00000000	3.15486437e+15	3.28172439e+15	2.91879729e-03
109400	1953.96613767	1094	8.06784661e-05	1094.00000000	3.15498518e+15	3.28184549e+15	2.91889873e-03
109500	1955.75619373	1095	8.07522124e-05	1095.00000000	3.15510562e+15	3.28196620e+15	2.91899986e-03
109600	1957.53894772	1096	8.08259587e-05	1096.00000000	3.15522568e+15	3.28208653e+15	2.91910067e-03
109700	1959.32283336	1097	8.08997050e-05	1097.00000000	3.15534536e+15	3.28220649e+15	2.91920116e-03
109800	1961.10984788	1098	8.09734513e-05	1098.00000000	3.15546467e+15	3.28232607e+15	2.91930135e-03
109900	1962.89695219	1099	8.10471976e-05	1099.00000000	3.15558361e+15	3.28244528e+15	2.91940122e-03
110000	1964.67935732	1100	8.11209440e-05	1100.00000000	3.15570219e+15	3.28256413e+15	2.91950079e-03
110100	1966.46506142	1101	8.11946903e-05	1101.00000000	3.15582039e+15	3.28268260e+15	2.91960005e-03
110200	1968.24724057	1102	8.12684366e-05	1102.00000000	3.15593823e+15	3.28280071e+15	2.91969900e-03
110300	1970.03086896	1103	8.13421829e-05	1103.00000000	3.15605570e+15	3.28291846e+15	2.91979764e-03
110400	1971.81400162	1104	8.14159292e-05	1104.00000000	3.15617282e+15	3.28303584e+15	2.91989597e-03
110500	1973.59742279	1105	8.14896755e-05	1105.00000000	3.15628958e+15	3.28315286e+15	2.91999400e-03
110600	1975.38331226	1106	8.15634218e-05	1106.00000000	3.15640597e+15	3.28326953e+15	2.92009174e-03
110700	1977.17451446	1107	8.16371681e-05	1107.00000000	3.15652201e+15	3.28338583e+15	2.92018917e-03
110800	1978.95782650	1108	8.17109145e-05	1108.00000000	3.15663768e+15	3.28350176e+15	2.92028630e-03
110900	1980.74454494	1109	8.17846608e-05	1109.00000000	3.15675299e+15	3.28361734e+15	2.92038312e-03
111000	1982.53107854	1110	8.18584071e-05	1110.00000000	3.15686795e+15	3.28373257e+15	2.92047965e-03
111100	1984.31670953	1111	8.19321534e-05	1111.00000000	3.15698255e+15	3.28384742e+15	2.92057588e-03
111200	1986.10749084	1112	8.20058997e-05	1112.00000000	3.15709679e+15	3.28396192e+15	2.92067181e-03
111300	1987.89660465	1113	8.20796460e-05	1113.00000000	3.15721066e+15	3.28407606e+15	2.92076744e-03
111400	1989.68755891	1114	8.21533923e-05	1114.00000000	3.15732418e+15	3.28418984e+15	2.92086277e-03
111500	1991.47314727	1115	8.22271386e-05	1115.00000000	3.15743734e+15	3.28430326e+15	2.92095780e-03
111600	1993.26438853	1116	8.23008850e-05	1116.00000000	3.15755014e+15	3.28441632e+15	2.92105254e-03
111700	1995.05191975	1117	8.23746313e-05	1117.00000000	3.15766259e+15	3.28452903e+15	2.92114697e-03
111800	1996.83630094	1118	8.24483776e-05	1118.00000000	3.15777469e+15	3.28464138e+15	2.92124111e-03
111900	1998.61755340	1119	8.25221239e-05	1119.00000000	3.15788643e+15	3.28475338e+15	2.92133495e-03
112000	2000.40164594	1120	8.25958702e-05	1120.00000000	3.15799782e+15	3.28486503e+15	2.92142849e-03
112100	2002.18722122	1121	8.26696165e-05	1121.00000000	3.15810887e+15	3.28497633e+15	2.92152174e-03
112200	2003.97355820	1122	8.27433628e-05	1122.00000000	3.15821956e+15	3.28508728e+15	2.92161470e-03
112300	2005.75875136	1123	8.28171091e-05	1123.00000000	3.15832991e+15	3.28519788e+15	2.92170737e-03
112400	2007.54175851	1124	8.28908555e-05	1124.00000000	3.15843991e+15	3.28530813e+15	2.92179974e-03
112500	2009.32563104	1125	8.29646018e-05	1125.00000000	3.15854957e+15	3.28541804e+15	2.92189183e-03
112600	2011.10878584	1126	8.30383481e-05	1126.00000000	3.15865889e+15	3.28552761e+15	2.92198362e-03
112700	2012.89354959	1127	8.31120944e-05	1127.00000000	3.15876786e+15	3.28563684e+15	2.92207513e-03
112800	2014.67975099	1128	8.31858407e-05	1128.00000000	3.15887650e+15	3.28574573e+15	2.92216636e-03
112900	2016.46752287	1129	8.32595870e-05	1129.00000000	3.15898480e+15	3.28585428e+15	2.92225730e-03
113000	2018.25136105	1130	8.33333333e-05	1130.00000000	3.15909276e+15	3.28596249e+15	2.92234797e-03
113100	2020.03206957	1131	8.34070796e-05	1131.00000000	3.15920038e+15	3.28607036e+15	2.92243835e-03
113200	2021.81563663	1132	8.34808260e-05	1132.00000000	3.15930767e+15	3.28617790e+15	2.92252845e-03
113300	2023.60548774	1133	8.35545723e-05	1133.00000000	3.15941463e+15	3.28628510e+15	2.92261827e-03
113400	2025.39042249	1134	8.36283186e-05	1134.00000000	3.15952124e+15	3.28639196e+15	2.92270781e-03
113500	2027.17786823	1135	8.37020649e-05	1135.00000000	3.15962752e+15	3.28649848e+15	2.92279707e-03
113600	2028.96351841	1136	8.37758112e-05	1136.00000000	3.15973345e+15	3.28660466e+15	2.92288604e-03
113700	2030.74855802	1137	8.38495575e-05	1137.00000000	3.15983904e+15	3.28671049e+15	2.92297473e-03
113800	2032.53494074	1138	8.39233038e-05	1138.00000000	3.15994427e+15	3.28681597e+15	2.92306314e-03
113900	2034.32319370	1139	8.39970501e-05	1139.00000000	3.16004915e+15	3.28692110e+15	2.92315126e-03
114000	2036.10843143	1140	8.40707965e-05	1140.00000000	3.16015368e+15	3.28702587e+15	2.92323908e-03
114100	2037.89810938	1141	8.41445428e-05	1141.00000000	3.16025786e+15	3.28713029e+15	2.92332660e-03
114200	2039.68248010	1142	8.42182891e-05	1142.00000000	3.16036169e+15	3.28723437e+15	2.92341383e-03
114300	2041.47216095	1143	8.42920354e-05	1143.00000000	3.16046518e+15	3.28733809e+15	2.92350078e-03
114400	2043.26193715	1144	8.43657817e-05	1144.00000000	3.16056832e+15	3.28744147e+15	2.92358743e-03
114500	2045.04813370	1145	8.44395280e-05	1145.00000000	3.16067111e+15	3.28754450e+15	2.92367378e-03
114600	2046.83163085	1146	8.45132743e-05	1146.00000000	3.16077355e+15	3.28764719e+15	2.92375985e-03
114700	2048.61965719	1147	8.45870206e-05	1147.00000000	3.16087566e+15	3.28774953e+15	2.92384562e-03
114800	2050.40519367	1148	8.46607670e-05	1148.00000000	3.16097742e+15	3.28785153e+15	2.92393111e-03
114900	2052.19292223	1149	8.47345133e-05	1149.00000000	3.16107885e+15	3.28795319e+15	2.92401631e-03
115000	2053.97654775	1150	8.48082596e-05	1150.00000000	3.16117994e+15	3.28805452e+15	2.92410123e-03
115100	2055.76524918	1151	8.48820059e-05	1151.00000000	3.16128069e+15	3.28815551e+15	2.92418586e-03
115200	2057.55113680	1152	8.49557522e-05	1152.00000000	3.16138112e+15	3.28825617e+15	2.92427022e-03
115300	2059.33545640	1153	8.50294985e-05	1153.00000000	3.16148122e+15	3.28835651e+15	2.92435429e-03
115400	2061.11893256	1154	8.51032448e-05	1154.00000000	3.16158099e+15	3.28845651e+15	2.92443810e-03
115500	2062.90653789	1155	8.51769912e-05	1155.00000000	3.16168043e+15	3.28855619e+15	2.92452162e-03
115600	2064.69148151	1156	8.52507375e-05	1156.00000000	3.16177956e+15	3.28865555e+15	2.92460488e-03
115700	2066.47780598	1157	8.53244838e-05	1157.00000000	3.16187836e+15	3.28875458e+15	2.92468786e-03
115800	2068.26459724	1158	8.53982301e-05	1158.00000000	3.16197684e+15	3.28885329e+15	2.92477057e-03
115900	2070.05045931	1159	8.54719764e-05	1159.00000000	3.16207500e+15	3.28895169e+15	2.92485301e-03
116000	2071.83360030	1160	8.55457227e-05	1160.00000000	3.16217285e+15	3.28904977e+15	2.92493518e-03
116100	2073.62332310	1161	8.56194690e-05	1161.00000000	3.16227039e+15	3.28914753e+15	2.92501710e-03
116200	2075.41294450	1162	8.56932153e-05	1162.00000000	3.16236761e+15	3.28924499e+15	2.92509875e-03
116300	2077.19674929	1163	8.57669617e-05	1163.00000000	3.16246452e+15	3.28934212e+15	2.92518013e-03
116400	2078.97950076	1164	8.58407080e-05	1164.00000000	3.16256112e+15	3.28943895e+15	2.92526126e-03
116500	2080.76511352	1165	8.59144543e-05	1165.00000000	3.16265741e+15	3.28953547e+15	2.92534212e-03
116600	2082.55432528	1166	8.59882006e-05	1166.00000000	3.16275340e+15	3.28963168e+15	2.92542273e-03
116700	2084.33809859	1167	8.60619469e-05	1167.00000000	3.16284908e+15	3.28972759e+15	2.92550308e-03
116800	2086.12245028	1168	8.61356932e-05	1168.00000000	3.16294446e+15	3.28982319e+15	2.92558317e-03
116900	2087.90511973	1169	8.62094395e-05	1169.00000000	3.16303953e+15	3.28991849e+15	2.92566301e-03
117000	2089.69067875	1170	8.62831858e-05	1170.00000000	3.16313430e+15	3.29001348e+15	2.92574260e-03
117100	2091.48061990	1171	8.63569322e-05	1171.00000000	3.16322877e+15	3.29010818e+15	2.92582194e-03
117200	2093.26345132	1172	8.64306785e-05	1172.00000000	3.16332294e+15	3.29020256e+15	2.92590102e-03
117300	2095.04894550	1173	8.65044248e-05	1173.00000000	3.16341680e+15	3.29029665e+15	2.92597985e-03
117400	2096.83426884	1174	8.65781711e-05	1174.00000000	3.16351037e+15	3.29039044e+15	2.92605843e-03
117500	2098.61682638	1175	8.66519174e-05	1175.00000000	3.16360363e+15	3.29048392e+15	2.92613676e-03
117600	2100.40046770	1176	8.67256637e-05	1176.00000000	3.16369659e+15	3.29057710e+15	2.92621483e-03
117700	2102.18460073	1177	8.67994100e-05	1177.00000000	3.16378925e+15	3.29066998e+15	2.92629266e-03
117800	2103.97608162	1178	8.68731563e-05	1178.00000000	3.16388162e+15	3.29076257e+15	2.92637023e-03
117900	2105.75956735	1179	8.69469027e-05	1179.00000000	3.16397370e+15	3.29085486e+15	2.92644756e-03
118000	2107.55023446	1180	8.70206490e-05	1180.00000000	3.16406548e+15	3.29094686e+15	2.92652464e-03
118100	2109.33903370	1181	8.70943953e-05	1181.00000000	3.16415697e+15	3.29103857e+15	2.92660147e-03
118200	2111.12334984	1182	8.71681416e-05	1182.00000000	3.16424817e+15	3.29112998e+15	2.92667806e-03
118300	2112.90901429	1183	8.72418879e-05	1183.00000000	3.16433908e+15	3.29122111e+15	2.92675440e-03
118400	2114.69507885	1184	8.73156342e-05	1184.00000000	3.16442971e+15	3.29131196e+15	2.92683051e-03
118500	2116.48425245	1185	8.73893805e-05	1185.00000000	3.16452005e+15	3.29140251e+15	2.92690637e-03
118600	2118.26928871	1186	8.74631268e-05	1186.00000000	3.16461011e+15	3.29149279e+15	2.92698200e-03
118700	2120.05556163	1187	8.75368732e-05	1187.00000000	3.16469989e+15	3.29158278e+15	2.92705739e-03
118800	2121.84154783	1188	8.76106195e-05	1188.00000000	3.16478939e+15	3.29167249e+15	2.92713254e-03
118900	2123.62435721	1189	8.76843658e-05	1189.00000000	3.16487860e+15	3.29176192e+15	2.92720746e-03
119000	2125.41044018	1190	8.77581121e-05	1190.00000000	3.16496753e+15	3.29185106e+15	2.92728214e-03
119100	2127.19567521	1191	8.78318584e-05	1191.00000000	3.16505618e+15	3.29193992e+15	2.92735658e-03
119200	2128.98015102	1192	8.79056047e-05	1192.00000000	3.16514456e+15	3.29202850e+15	2.92743080e-03
119300	2130.76875419	1193	8.79793510e-05	1193.00000000	3.16523265e+15	3.29211681e+15	2.92750478e-03
119400	2132.55374438	1194	8.80530973e-05	1194.00000000	3.16532048e+15	3.29220485e+15	2.92757853e-03
119500	2134.34421381	1195	8.81268437e-05	1195.00000000	3.16540803e+15	3.29229261e+15	2.92765205e-03
119600	2136.12992713	1196	8.82005900e-05	1196.00000000	3.16549531e+15	3.29238010e+15	2.92772534e-03
119700	2137.91428654	1197	8.82743363e-05	1197.00000000	3.16558233e+15	3.29246732e+15	2.92779840e-03
119800	2139.70027502	1198	8.83480826e-05	1198.00000000	3.16566907e+15	3.29255427e+15	2.92787124e-03
119900	2141.48551570	1199	8.84218289e-05	1199.00000000	3.16575554e+15	3.29264094e+15	2.92794386e-03
120000	2143.27292210	1200	8.84955752e-05	1200.00000000	3.16584174e+15	3.29272735e+15	2.92801624e-03
120100	2145.06161480	1201	8.85693215e-05	1201.00000000	3.16592766e+15	3.29281348e+15	2.92808841e-03
120200	2146.84562834	1202	8.86430678e-05	1202.00000000	3.16601332e+15	3.29289934e+15	2.92816034e-03
120300	2148.63251701	1203	8.87168142e-05	1203.00000000	3.16609871e+15	3.29298494e+15	2.92823205e-03
120400	2150.42162998	1204	8.87905605e-05	1204.00000000	3.16618384e+15	3.29307026e+15	2.92830353e-03
120500	2152.20971530	1205	8.88643068e-05	1205.00000000	3.16626870e+15	3.29315533e+15	2.92837478e-03
120600	2153.99574461	1206	8.89380531e-05	1206.00000000	3.16635331e+15	3.29324014e+15	2.92844582e-03
120700	2155.78650583	1207	8.90117994e-05	1207.00000000	3.16643766e+15	3.29332469e+15	2.92851664e-03
120800	2157.57358749	1208	8.90855457e-05	1208.00000000	3.16652175e+15	3.29340898e+15	2.92858724e-03
120900	2159.36901125	1209	8.91592920e-05	1209.00000000	3.16660559e+15	3.29349302e+15	2.92865763e-03
121000	2161.15734982	1210	8.92330383e-05	1210.00000000	3.16668917e+15	3.29357680e+15	2.92872781e-03
121100	2162.94194844	1211	8.93067847e-05	1211.00000000	3.16677250e+15	3.29366033e+15	2.92879777e-03
121200	2164.73373936	1212	8.93805310e-05	1212.00000000	3.16685559e+15	3.29374361e+15	2.92886753e-03
121300	2166.52286654	1213	8.94542773e-05	1213.00000000	3.16693842e+15	3.29382665e+15	2.92893708e-03
121400	2168.31105800	1214	8.95280236e-05	1214.00000000	3.16702101e+15	3.29390943e+15	2.92900642e-03
121500	2170.09747616	1215	8.96017699e-05	1215.00000000	3.16710335e+15	3.29399197e+15	2.92907555e-03
121600	2171.87896914	1216	8.96755162e-05	1216.00000000	3.16718545e+15	3.29407426e+15	2.92914447e-03
121700	2173.66501972	1217	8.97492625e-05	1217.00000000	3.16726730e+15	3.29415631e+15	2.92921319e-03
121800	2175.45072157	1218	8.98230088e-05	1218.00000000	3.16734891e+15	3.29423811e+15	2.92928171e-03
121900	2177.23682590	1219	8.98967552e-05	1219.00000000	3.16743027e+15	3.29431967e+15	2.92935003e-03
122000	2179.02420420	1220	8.99705015e-05	1220.00000000	3.16751140e+15	3.29440099e+15	2.92941814e-03
122100	2180.81097142	1221	9.00442478e-05	1221.00000000	3.16759229e+15	3.29448207e+15	2.92948605e-03
122200	2182.59564550	1222	9.01179941e-05	1222.00000000	3.16767294e+15	3.29456292e+15	2.92955375e-03
122300	2184.38536860	1223	9.01917404e-05	1223.00000000	3.16775335e+15	3.29464352e+15	2.92962126e-03
122400	2186.17373236	1224	9.02654867e-05	1224.00000000	3.16783352e+15	3.29472388e+15	2.92968857e-03
122500	2187.95686303	1225	9.03392330e-05	1225.00000000	3.16791346e+15	3.29480401e+15	2.92975568e-03
122600	2189.73969071	1226	9.04129794e-05	1226.00000000	3.16799316e+15	3.29488391e+15	2.92982260e-03
122700	2191.52816037	1227	9.04867257e-05	1227.00000000	3.16807263e+15	3.29496356e+15	2.92988931e-03
122800	2193.31316445	1228	9.05604720e-05	1228.00000000	3.16815186e+15	3.29504298e+15	2.92995583e-03
122900	2195.10242510	1229	9.06342183e-05	1229.00000000	3.16823086e+15	3.29512217e+15	2.93002216e-03
123000	2196.88552658	1230	9.07079646e-05	1230.00000000	3.16830962e+15	3.29520112e+15	2.93008829e-03
123100	2198.66775015	1231	9.07817109e-05	1231.00000000	3.16838815e+15	3.29527984e+15	2.93015422e-03
123200	2200.45327358	1232	9.08554572e-05	1232.00000000	3.16846645e+15	3.29535832e+15	2.93021996e-03
123300	2202.23471472	1233	9.09292035e-05	1233.00000000	3.16854452e+15	3.29543658e+15	2.93028552e-03
123400	2204.01747616	1234	9.10029499e-05	1234.00000000	3.16862236e+15	3.29551460e+15	2.93035087e-03
123500	2205.79917110	1235	9.10766962e-05	1235.00000000	3.16869996e+15	3.29559239e+15	2.93041604e-03
123600	2207.58961264	1236	9.11504425e-05	1236.00000000	3.16877734e+15	3.29566995e+15	2.93048101e-03
123700	2209.37722833	1237	9.12241888e-05	1237.00000000	3.16885449e+15	3.29574728e+15	2.93054579e-03
123800	2211.15902769	1238	9.12979351e-05	1238.00000000	3.16893140e+15	3.29582438e+15	2.93061038e-03
123900	2212.94027238	1239	9.13716814e-05	1239.00000000	3.16900809e+15	3.29590125e+15	2.93067478e-03
124000	2214.72407672	1240	9.14454277e-05	1240.00000000	3.16908454e+15	3.29597789e+15	2.93073898e-03
124100	2216.50521808	1241	9.15191740e-05	1241.00000000	3.16916076e+15	3.29605429e+15	2.93080299e-03
124200	2218.28597747	1242	9.15929204e-05	1242.00000000	3.16923676e+15	3.29613047e+15	2.93086681e-03
124300	2220.06868227	1243	9.16666667e-05	1243.00000000	3.16931252e+15	3.29620641e+15	2.93093043e-03
124400	2221.85205067	1244	9.17404130e-05	1244.00000000	3.16938806e+15	3.29628213e+15	2.93099386e-03
124500	2223.63686729	1245	9.18141593e-05	1245.00000000	3.16946337e+15	3.29635762e+15	2.93105711e-03
124600	2225.42287636	1246	9.18879056e-05	1246.00000000	3.16953845e+15	3.29643288e+15	2.93112016e-03
124700	2227.20851361	1247	9.19616519e-05	1247.00000000	3.16961330e+15	3.29650791e+15	2.93118307e-03
124800	2228.99904159	1248	9.20353982e-05	1248.00000000	3.16968793e+15	3.29658271e+15	2.93124574e-03
124900	2230.78457427	1249	9.21091445e-05	1249.00000000	3.16976233e+15	3.29665729e+15	2.93130822e-03
125000	2232.57230529	1250	9.21828909e-05	1250.00000000	3.16983650e+15	3.29673164e+15	2.93137051e-03
125100	2234.36384266	1251	9.22566372e-05	1251.00000000	3.16991044e+15	3.29680576e+15	2.93143261e-03
125200	2236.15524655	1252	9.23303835e-05	1252.00000000	3.16998416e+15	3.29687966e+15	2.93149453e-03
125300	2237.94346407	1253	9.24041298e-05	1253.00000000	3.17005766e+15	3.29695333e+15	2.93155626e-03
125400	2239.73304540	1254	9.24778761e-05	1254.00000000	3.17013094e+15	3.29702678e+15	2.93161780e-03
125500	2241.52414942	1255	9.25516224e-05	1255.00000000	3.17020399e+15	3.29710000e+15	2.93167915e-03
125600	2243.31369263	1256	9.26253687e-05	1256.00000000	3.17027682e+15	3.29717301e+15	2.93174031e-03
125700	2245.09640720	1257	9.26991150e-05	1257.00000000	3.17034943e+15	3.29724580e+15	2.93180129e-03
125800	2246.88546799	1258	9.27728614e-05	1258.00000000	3.17042182e+15	3.29731836e+15	2.93186208e-03
125900	2248.67082378	1259	9.28466077e-05	1259.00000000	3.17049400e+15	3.29739071e+15	2.93192269e-03
126000	2250.45781744	1260	9.29203540e-05	1260.00000000	3.17056596e+15	3.29746284e+15	2.93198312e-03
126100	2252.24681714	1261	9.29941003e-05	1261.00000000	3.17063770e+15	3.29753475e+15	2.93204337e-03
126200	2254.03468079	1262	9.30678466e-05	1262.00000000	3.17070922e+15	3.29760645e+15	2.93210343e-03
126300	2255.81824781	1263	9.31415929e-05	1263.00000000	3.17078053e+15	3.29767792e+15	2.93216331e-03
126400	2257.60175668	1264	9.32153392e-05	1264.00000000	3.17085161e+15	3.29774918e+15	2.93222301e-03
126500	2259.38262974	1265	9.32890855e-05	1265.00000000	3.17092248e+15	3.29782021e+15	2.93228253e-03
126600	2261.16825452	1266	9.33628319e-05	1266.00000000	3.17099312e+15	3.29789103e+15	2.93234186e-03
126700	2262.95618783	1267	9.34365782e-05	1267.00000000	3.17106355e+15	3.29796162e+15	2.93240101e-03
126800	2264.74221856	1268	9.35103245e-05	1268.00000000	3.17113376e+15	3.29803200e+15	2.93245998e-03
126900	2266.52976840	1269	9.35840708e-05	1269.00000000	3.17120375e+15	3.29810216e+15	2.93251876e-03
127000	2268.31741986	1270	9.36578171e-05	1270.00000000	3.17127353e+15	3.29817210e+15	2.93257736e-03
127100	2270.10753410	1271	9.37315634e-05	1271.00000000	3.17134308e+15	3.29824182e+15	2.93263578e-03
127200	2271.89220720	1272	9.38053097e-05	1272.00000000	3.17141242e+15	3.29831133e+15	2.93269402e-03
127300	2273.67674792	1273	9.38790560e-05	1273.00000000	3.17148155e+15	3.29838062e+15	2.93275208e-03
127400	2275.46082937	1274	9.39528024e-05	1274.00000000	3.17155046e+15	3.29844970e+15	2.93280996e-03
127500	2277.24292570	1275	9.40265487e-05	1275.00000000	3.17161915e+15	3.29851856e+15	2.93286766e-03
127600	2279.02689583	1276	9.41002950e-05	1276.00000000	3.17168763e+15	3.29858720e+15	2.93292518e-03
127700	2280.81120073	1277	9.41740413e-05	1277.00000000	3.17175590e+15	3.29865563e+15	2.93298252e-03
127800	2282.59689973	1278	9.42477876e-05	1278.00000000	3.17182396e+15	3.29872385e+15	2.93303968e-03
127900	2284.37843837	1279	9.43215339e-05	1279.00000000	3.17189180e+15	3.29879185e+15	2.93309667e-03
128000	2286.16076864	1280	9.43952802e-05	1280.00000000	3.17195943e+15	3.29885964e+15	2.93315348e-03
128100	2287.94299065	1281	9.44690265e-05	1281.00000000	3.17202685e+15	3.29892722e+15	2.93321011e-03
128200	2289.72257845	1282	9.45427729e-05	1282.00000000	3.17209406e+15	3.29899459e+15	2.93326657e-03
128300	2291.50715862	1283	9.46165192e-05	1283.00000000	3.17216105e+15	3.29906175e+15	2.93332285e-03
128400	2293.29179579	1284	9.46902655e-05	1284.00000000	3.17222784e+15	3.29912869e+15	2.93337895e-03
128500	2295.07729536	1285	9.47640118e-05	1285.00000000	3.17229442e+15	3.29919543e+15	2.93343488e-03
128600	2296.87246466	1286	9.48377581e-05	1286.00000000	3.17236079e+15	3.29926196e+15	2.93349063e-03
128700	2298.66074407	1287	9.49115044e-05	1287.00000000	3.17242695e+15	3.29932828e+15	2.93354621e-03
128800	2300.44922369	1288	9.49852507e-05	1288.00000000	3.17249291e+15	3.29939440e+15	2.93360161e-03
128900	2302.23093830	1289	9.50589971e-05	1289.00000000	3.17255866e+15	3.29946030e+15	2.93365684e-03
129000	2304.01659991	1290	9.51327434e-05	1290.00000000	3.17262421e+15	3.29952601e+15	2.93371190e-03
129100	2305.79842345	1291	9.52064897e-05	1291.00000000	3.17268955e+15	3.29959151e+15	2.93376679e-03
129200	2307.59126008	1292	9.52802360e-05	1292.00000000	3.17275469e+15	3.29965680e+15	2.93382151e-03
129300	2309.37722504	1293	9.53539823e-05	1293.00000000	3.17281963e+15	3.29972189e+15	2.93387606e-03
129400	2311.16669114	1294	9.54277286e-05	1294.00000000	3.17288436e+15	3.29978678e+15	2.93393044e-03
129500	2312.95226191	1295	9.55014749e-05	1295.00000000	3.17294888e+15	3.29985146e+15	2.93398465e-03
129600	2314.73708447	1296	9.55752212e-05	1296.00000000	3.17301321e+15	3.29991594e+15	2.93403869e-03
129700	2316.52690312	1297	9.56489676e-05	1297.00000000	3.17307734e+15	3.29998022e+15	2.93409257e-03
129800	2318.31354707	1298	9.57227139e-05	1298.00000000	3.17314127e+15	3.30004430e+15	2.93414627e-03
129900	2320.09556749	1299	9.57964602e-05	1299.00000000	3.17320499e+15	3.30010818e+15	2.93419981e-03
130000	2321.88181726	1300	9.58702065e-05	1300.00000000	3.17326853e+15	3.30017186e+15	2.93425318e-03
130100	2323.67284991	1301	9.59439528e-05	1301.00000000	3.17333186e+15	3.30023535e+15	2.93430639e-03
130200	2325.46178811	1302	9.60176991e-05	1302.00000000	3.17339499e+15	3.30029863e+15	2.93435943e-03
130300	2327.24790700	1303	9.60914454e-05	1303.00000000	3.17345793e+15	3.30036172e+15	2.93441231e-03
130400	2329.03460575	1304	9.61651917e-05	1304.00000000	3.17352068e+15	3.30042462e+15	2.93446502e-03
130500	2330.81708839	1305	9.62389381e-05	1305.00000000	3.17358323e+15	3.30048731e+15	2.93451757e-03
130600	2332.60261153	1306	9.63126844e-05	1306.00000000	3.17364559e+15	3.30054982e+15	2.93456996e-03
130700	2334.38478787	1307	9.63864307e-05	1307.00000000	3.17370775e+15	3.30061213e+15	2.93462219e-03
130800	2336.17133450	1308	9.64601770e-05	1308.00000000	3.17376973e+15	3.30067425e+15	2.93467425e-03
130900	2337.96394987	1309	9.65339233e-05	1309.00000000	3.17383151e+15	3.30073618e+15	2.93472616e-03
131000	2339.74731725	1310	9.66076696e-05	1310.00000000	3.17389310e+15	3.30079792e+15	2.93477791e-03
131100	2341.53605883	1311	9.66814159e-05	1311.00000000	3.17395450e+15	3.30085947e+15	2.93482950e-03
131200	2343.32478956	1312	9.67551622e-05	1312.00000000	3.17401572e+15	3.30092083e+15	2.93488093e-03
131300	2345.11153471	1313	9.68289086e-05	1313.00000000	3.17407674e+15	3.30098199e+15	2.93493221e-03
131400	2346.89718642	1314	9.69026549e-05	1314.00000000	3.17413757e+15	3.30104297e+15	2.93498333e-03
131500	2348.68259989	1315	9.69764012e-05	1315.00000000	3.17419822e+15	3.30110376e+15	2.93503428e-03
131600	2350.47113727	1316	9.70501475e-05	1316.00000000	3.17425867e+15	3.30116436e+15	2.93508508e-03
131700	2352.25945205	1317	9.71238938e-05	1317.00000000	3.17431894e+15	3.30122476e+15	2.93513573e-03
131800	2354.04839519	1318	9.71976401e-05	1318.00000000	3.17437902e+15	3.30128498e+15	2.93518621e-03
131900	2355.82958839	1319	9.72713864e-05	1319.00000000	3.17443891e+15	3.30134502e+15	2.93523654e-03
132000	2357.61744188	1320	9.73451327e-05	1320.00000000	3.17449861e+15	3.30140486e+15	2.93528671e-03
132100	2359.40951671	1321	9.74188791e-05	1321.00000000	3.17455814e+15	3.30146452e+15	2.93533673e-03
132200	2361.19592774	1322	9.74926254e-05	1322.00000000	3.17461747e+15	3.30152400e+15	2.93538659e-03
132300	2362.98010708	1323	9.75663717e-05	1323.00000000	3.17467663e+15	3.30158329e+15	2.93543629e-03
132400	2364.76458560	1324	9.76401180e-05	1324.00000000	3.17473560e+15	3.30164240e+15	2.93548585e-03
132500	2366.55268334	1325	9.77138643e-05	1325.00000000	3.17479439e+15	3.30170133e+15	2.93553525e-03
132600	2368.33873587	1326	9.77876106e-05	1326.00000000	3.17485300e+15	3.30176008e+15	2.93558450e-03
132700	2370.11759733	1327	9.78613569e-05	1327.00000000	3.17491143e+15	3.30181865e+15	2.93563359e-03
132800	2371.90285180	1328	9.79351032e-05	1328.00000000	3.17496969e+15	3.30187704e+15	2.93568254e-03
132900	2373.69110843	1329	9.80088496e-05	1329.00000000	3.17502776e+15	3.30193525e+15	2.93573134e-03
133000	2375.47961665	1330	9.80825959e-05	1330.00000000	3.17508566e+15	3.30199328e+15	2.93577998e-03
133100	2377.26623671	1331	9.81563422e-05	1331.00000000	3.17514338e+15	3.30205114e+15	2.93582848e-03
133200	2379.04725571	1332	9.82300885e-05	1332.00000000	3.17520093e+15	3.30210882e+15	2.93587683e-03
133300	2380.83094013	1333	9.83038348e-05	1333.00000000	3.17525830e+15	3.30216632e+15	2.93592503e-03
133400	2382.62618286	1334	9.83775811e-05	1334.00000000	3.17531549e+15	3.30222365e+15	2.93597309e-03
133500	2384.41242257	1335	9.84513274e-05	1335.00000000	3.17537252e+15	3.30228080e+15	2.93602100e-03
133600	2386.19581953	1336	9.85250737e-05	1336.00000000	3.17542937e+15	3.30233779e+15	2.93606876e-03
133700	2387.97858122	1337	9.85988201e-05	1337.00000000	3.17548604e+15	3.30239459e+15	2.93611638e-03
133800	2389.76836085	1338	9.86725664e-05	1338.00000000	3.17554255e+15	3.30245123e+15	2.93616386e-03
133900	2391.56671749	1339	9.87463127e-05	1339.00000000	3.17559888e+15	3.30250770e+15	2.93621119e-03
134000	2393.35769050	1340	9.88200590e-05	1340.00000000	3.17565505e+15	3.30256399e+15	2.93625838e-03
134100	2395.14981271	1341	9.88938053e-05	1341.00000000	3.17571104e+15	3.30262011e+15	2.93630543e-03
134200	2396.93316681	1342	9.89675516e-05	1342.00000000	3.17576687e+15	3.30267606e+15	2.93635233e-03
134300	2398.72070444	1343	9.90412979e-05	1343.00000000	3.17582252e+15	3.30273185e+15	2.93639909e-03
134400	2400.51065986	1344	9.91150442e-05	1344.00000000	3.17587800e+15	3.30278746e+15	2.93644571e-03
134500	2402.30095762	1345	9.91887906e-05	1345.00000000	3.17593332e+15	3.30284290e+15	2.93649219e-03
134600	2404.08937758	1346	9.92625369e-05	1346.00000000	3.17598847e+15	3.30289818e+15	2.93653852e-03
134700	2405.87611462	1347	9.93362832e-05	1347.00000000	3.17604345e+15	3.30295328e+15	2.93658472e-03
134800	2407.66970952	1348	9.94100295e-05	1348.00000000	3.17609827e+15	3.30300823e+15	2.93663077e-03
134900	2409.45636225	1349	9.94837758e-05	1349.00000000	3.17615292e+15	3.30306300e+15	2.93667669e-03
135000	2411.25072717	1350	9.95575221e-05	1350.00000000	3.17620741e+15	3.30311762e+15	2.93672247e-03
135100	2413.03481748	1351	9.96312684e-05	1351.00000000	3.17626173e+15	3.30317207e+15	2.93676811e-03
135200	2414.81654677	1352	9.97050147e-05	1352.00000000	3.17631589e+15	3.30322635e+15	2.93681361e-03
135300	2416.60020987	1353	9.97787611e-05	1353.00000000	3.17636989e+15	3.30328047e+15	2.93685898e-03
135400	2418.38358819	1354	9.98525074e-05	1354.00000000	3.17642373e+15	3.30333443e+15	2.93690421e-03
135500	2420.16305928	1355	9.99262537e-05	1355.00000000	3.17647740e+15	3.30338823e+15	2.93694931e-03
135600	2421.94643121	1356	1.00000000e-04	1356.00000000	3.17653092e+15	3.30344187e+15	2.93699427e-03
135700	2423.72658892	1357	1.00073746e-04	1357.00000000	3.17658427e+15	3.30349534e+15	2.93703909e-03
135800	2425.50684222	1358	1.00147493e-04	1358.00000000	3.17663747e+15	3.30354866e+15	2.93708378e-03
135900	2427.28990351	1359	1.00221239e-04	1359.00000000	3.17669051e+15	3.30360182e+15	2.93712834e-03
136000	2429.07365015	1360	1.00294985e-04	1360.00000000	3.17674339e+15	3.30365482e+15	2.93717277e-03
136100	2430.85860091	1361	1.00368732e-04	1361.00000000	3.17679611e+15	3.30370767e+15	2.93721706e-03
136200	2432.63765052	1362	1.00442478e-04	1362.00000000	3.17684868e+15	3.30376035e+15	2.93726122e-03
136300	2434.41873456	1363	1.00516224e-04	1363.00000000	3.17690109e+15	3.30381288e+15	2.93730526e-03
136400	2436.20013786	1364	1.00589971e-04	1364.00000000	3.17695335e+15	3.30386526e+15	2.93734916e-03
136500	2437.97981866	1365	1.00663717e-04	1365.00000000	3.17700545e+15	3.30391748e+15	2.93739293e-03
136600	2439.75929079	1366	1.00737463e-04	1366.00000000	3.17705740e+15	3.30396955e+15	2.93743657e-03
136700	2441.54006191	1367	1.00811209e-04	1367.00000000	3.17710920e+15	3.30402146e+15	2.93748009e-03
136800	2443.32195650	1368	1.00884956e-04	1368.00000000	3.17716084e+15	3.30407322e+15	2.93752347e-03
136900	2445.10263560	1369	1.00958702e-04	1369.00000000	3.17721233e+15	3.30412482e+15	2.93756673e-03
137000	2446.88505662	1370	1.01032448e-04	1370.00000000	3.17726367e+15	3.30417628e+15	2.93760985e-03
137100	2448.67190454	1371	1.01106195e-04	1371.00000000	3.17731485e+15	3.30422758e+15	2.93765286e-03
137200	2450.45489255	1372	1.01179941e-04	1372.00000000	3.17736589e+15	3.30427873e+15	2.93769573e-03
137300	2452.24710412	1373	1.01253687e-04	1373.00000000	3.17741677e+15	3.30432972e+15	2.93773848e-03
137400	2454.02985792	1374	1.01327434e-04	1374.00000000	3.17746750e+15	3.30438057e+15	2.93778111e-03
137500	2455.81257635	1375	1.01401180e-04	1375.00000000	3.17751809e+15	3.30443127e+15	2.93782361e-03
137600	2457.59451425	1376	1.01474926e-04	1376.00000000	3.17756852e+15	3.30448181e+15	2.93786598e-03
137700	2459.38394635	1377	1.01548673e-04	1377.00000000	3.17761881e+15	3.30453221e+15	2.93790823e-03
137800	2461.17345297	1378	1.01622419e-04	1378.00000000	3.17766894e+15	3.30458246e+15	2.93795035e-03
137900	2462.96076056	1379	1.01696165e-04	1379.00000000	3.17771893e+15	3.30463256e+15	2.93799235e-03
138000	2464.74964052	1380	1.01769912e-04	1380.00000000	3.17776877e+15	3.30468251e+15	2.93803423e-03
138100	2466.53562015	1381	1.01843658e-04	1381.00000000	3.17781846e+15	3.30473231e+15	2.93807598e-03
138200	2468.31802191	1382	1.01917404e-04	1382.00000000	3.17786800e+15	3.30478197e+15	2.93811761e-03
138300	2470.10108734	1383	1.01991150e-04	1383.00000000	3.17791740e+15	3.30483147e+15	2.93815911e-03
138400	2471.89177692	1384	1.02064897e-04	1384.00000000	3.17796665e+15	3.30488084e+15	2.93820049e-03
138500	2473.67685136	1385	1.02138643e-04	1385.00000000	3.17801576e+15	3.30493005e+15	2.93824175e-03
138600	2475.46529010	1386	1.02212389e-04	1386.00000000	3.17806472e+15	3.30497912e+15	2.93828289e-03
138700	2477.25357129	1387	1.02286136e-04	1387.00000000	3.17811353e+15	3.30502805e+15	2.93832390e-03
138800	2479.03797175	1388	1.02359882e-04	1388.00000000	3.17816221e+15	3.30507683e+15	2.93836480e-03
138900	2480.82372122	1389	1.02433628e-04	1389.00000000	3.17821074e+15	3.30512547e+15	2.93840557e-03
139000	2482.61071189	1390	1.02507375e-04	1390.00000000	3.17825912e+15	3.30517396e+15	2.93844622e-03
139100	2484.39478728	1391	1.02581121e-04	1391.00000000	3.17830737e+15	3.30522232e+15	2.93848676e-03
139200	2486.17666034	1392	1.02654867e-04	1392.00000000	3.17835547e+15	3.30527053e+15	2.93852717e-03
139300	2487.96401655	1393	1.02728614e-04	1393.00000000	3.17840344e+15	3.30531860e+15	2.93856747e-03
139400	2489.74945512	1394	1.02802360e-04	1394.00000000	3.17845126e+15	3.30536653e+15	2.93860765e-03
139500	2491.53167915	1395	1.02876106e-04	1395.00000000	3.17849895e+15	3.30541432e+15	2.93864771e-03
139600	2493.31550510	1396	1.02949853e-04	1396.00000000	3.17854649e+15	3.30546197e+15	2.93868766e-03
139700	2495.09953038	1397	1.03023599e-04	1397.00000000	3.17859390e+15	3.30550948e+15	2.93872749e-03
139800	2496.88025423	1398	1.03097345e-04	1398.00000000	3.17864117e+15	3.30555685e+15	2.93876720e-03
139900	2498.66182584	1399	1.03171091e-04	1399.00000000	3.17868830e+15	3.30560409e+15	2.93880679e-03
140000	2500.44951533	1400	1.03244838e-04	1400.00000000	3.17873529e+15	3.30565119e+15	2.93884628e-03
140100	2502.23721935	1401	1.03318584e-04	1401.00000000	3.17878215e+15	3.30569816e+15	2.93888564e-03
140200	2504.02130414	1402	1.03392330e-04	1402.00000000	3.17882888e+15	3.30574498e+15	2.93892490e-03
140300	2505.80346930	1403	1.03466077e-04	1403.00000000	3.17887547e+15	3.30579168e+15	2.93896404e-03
140400	2507.58460613	1404	1.03539823e-04	1404.00000000	3.17892193e+15	3.30583824e+15	2.93900307e-03
140500	2509.36090096	1405	1.03613569e-04	1405.00000000	3.17896826e+15	3.30588467e+15	2.93904199e-03
140600	2511.14338389	1406	1.03687316e-04	1406.00000000	3.17901445e+15	3.30593096e+15	2.93908080e-03
140700	2512.93411654	1407	1.03761062e-04	1407.00000000	3.17906051e+15	3.30597713e+15	2.93911950e-03
140800	2514.72117964	1408	1.03834808e-04	1408.00000000	3.17910644e+15	3.30602316e+15	2.93915808e-03
140900	2516.50137769	1409	1.03908555e-04	1409.00000000	3.17915224e+15	3.30606906e+15	2.93919656e-03
141000	2518.28749052	1410	1.03982301e-04	1410.00000000	3.17919790e+15	3.30611483e+15	2.93923492e-03
141100	2520.07075478	1411	1.04056047e-04	1411.00000000	3.17924344e+15	3.30616046e+15	2.93927318e-03
141200	2521.85146483	1412	1.04129794e-04	1412.00000000	3.17928885e+15	3.30620597e+15	2.93931133e-03
141300	2523.63418251	1413	1.04203540e-04	1413.00000000	3.17933412e+15	3.30625134e+15	2.93934937e-03
141400	2525.42008154	1414	1.04277286e-04	1414.00000000	3.17937927e+15	3.30629659e+15	2.93938730e-03
141500	2527.20292647	1415	1.04351032e-04	1415.00000000	3.17942428e+15	3.30634170e+15	2.93942513e-03
141600	2528.98139712	1416	1.04424779e-04	1416.00000000	3.17946917e+15	3.30638669e+15	2.93946284e-03
141700	2530.76405759	1417	1.04498525e-04	1417.00000000	3.17951393e+15	3.30643155e+15	2.93950045e-03
141800	2532.54899385	1418	1.04572271e-04	1418.00000000	3.17955856e+15	3.30647627e+15	2.93953795e-03
141900	2534.33263259	1419	1.04646018e-04	1419.00000000	3.17960306e+15	3.30652088e+15	2.93957534e-03
142000	2536.12093329	1420	1.04719764e-04	1420.00000000	3.17964744e+15	3.30656535e+15	2.93961262e-03
142100	2537.90678905	1421	1.04793510e-04	1421.00000000	3.17969168e+15	3.30660970e+15	2.93964980e-03
142200	2539.69362067	1422	1.04867257e-04	1422.00000000	3.17973581e+15	3.30665392e+15	2.93968687e-03
142300	2541.48061700	1423	1.04941003e-04	1423.00000000	3.17977980e+15	3.30669801e+15	2.93972384e-03
142400	2543.26749127	1424	1.05014749e-04	1424.00000000	3.17982368e+15	3.30674198e+15	2.93976070e-03
142500	2545.05175979	1425	1.05088496e-04	1425.00000000	3.17986742e+15	3.30678582e+15	2.93979746e-03
142600	2546.83762719	1426	1.05162242e-04	1426.00000000	3.17991105e+15	3.30682954e+15	2.93983411e-03
142700	2548.62518774	1427	1.05235988e-04	1427.00000000	3.17995454e+15	3.30687314e+15	2.93987066e-03
142800	2550.41133345	1428	1.05309735e-04	1428.00000000	3.17999792e+15	3.30691660e+15	2.93990710e-03
142900	2552.20025786	1429	1.05383481e-04	1429.00000000	3.18004117e+15	3.30695995e+15	2.93994344e-03
143000	2553.98256857	1430	1.05457227e-04	1430.00000000	3.18008429e+15	3.30700317e+15	2.93997967e-03
143100	2555.76535078	1431	1.05530973e-04	1431.00000000	3.18012729e+15	3.30704626e+15	2.94001581e-03
143200	2557.54798081	1432	1.05604720e-04	1432.00000000	3.18017017e+15	3.30708923e+15	2.94005183e-03
143300	2559.33318087	1433	1.05678466e-04	1433.00000000	3.18021292e+15	3.30713208e+15	2.94008776e-03
143400	2561.11988247	1434	1.05752212e-04	1434.00000000	3.18025555e+15	3.30717480e+15	2.94012357e-03
143500	2562.90679889	1435	1.05825959e-04	1435.00000000	3.18029805e+15	3.30721740e+15	2.94015929e-03
143600	2564.70077608	1436	1.05899705e-04	1436.00000000	3.18034044e+15	3.30725988e+15	2.94019490e-03
143700	2566.48664837	1437	1.05973451e-04	1437.00000000	3.18038270e+15	3.30730223e+15	2.94023041e-03
143800	2568.27440465	1438	1.06047198e-04	1438.00000000	3.18042484e+15	3.30734446e+15	2.94026582e-03
143900	2570.05962290	1439	1.06120944e-04	1439.00000000	3.18046686e+15	3.30738658e+15	2.94030113e-03
144000	2571.84210625	1440	1.06194690e-04	1440.00000000	3.18050876e+15	3.30742857e+15	2.94033633e-03
144100	2573.62784461	1441	1.06268437e-04	1441.00000000	3.18055053e+15	3.30747043e+15	2.94037143e-03
144200	2575.41391389	1442	1.06342183e-04	1442.00000000	3.18059219e+15	3.30751218e+15	2.94040644e-03
144300	2577.20438528	1443	1.06415929e-04	1443.00000000	3.18063373e+15	3.30755382e+15	2.94044134e-03
144400	2578.98860308	1444	1.06489676e-04	1444.00000000	3.18067515e+15	3.30759533e+15	2.94047614e-03
144500	2580.77152523	1445	1.06563422e-04	1445.00000000	3.18071646e+15	3.30763672e+15	2.94051084e-03
144600	2582.55538606	1446	1.06637168e-04	1446.00000000	3.18075764e+15	3.30767800e+15	2.94054545e-03
144700	2584.34226183	1447	1.06710914e-04	1447.00000000	3.18079871e+15	3.30771916e+15	2.94057996e-03
144800	2586.12820528	1448	1.06784661e-04	1448.00000000	3.18083966e+15	3.30776020e+15	2.94061436e-03
144900	2587.91454699	1449	1.06858407e-04	1449.00000000	3.18088050e+15	3.30780112e+15	2.94064867e-03
145000	2589.70652059	1450	1.06932153e-04	1450.00000000	3.18092122e+15	3.30784193e+15	2.94068289e-03
145100	2591.49489775	1451	1.07005900e-04	1451.00000000	3.18096182e+15	3.30788262e+15	2.94071700e-03
145200	2593.27785991	1452	1.07079646e-04	1452.00000000	3.18100230e+15	3.30792320e+15	2.94075102e-03
145300	2595.06401598	1453	1.07153392e-04	1453.00000000	3.18104268e+15	3.30796366e+15	2.94078494e-03
145400	2596.84741868	1454	1.07227139e-04	1454.00000000	3.18108293e+15	3.30800400e+15	2.94081876e-03
145500	2598.63014782	1455	1.07300885e-04	1455.00000000	3.18112307e+15	3.30804423e+15	2.94085249e-03
145600	2600.41382854	1456	1.07374631e-04	1456.00000000	3.18116310e+15	3.30808435e+15	2.94088612e-03
145700	2602.19713934	1457	1.07448378e-04	1457.00000000	3.18120302e+15	3.30812435e+15	2.94091965e-03
145800	2603.98768474	1458	1.07522124e-04	1458.00000000	3.18124282e+15	3.30816424e+15	2.94095310e-03
145900	2605.77075402	1459	1.07595870e-04	1459.00000000	3.18128251e+15	3.30820402e+15	2.94098644e-03
146000	2607.56247642	1460	1.07669617e-04	1460.00000000	3.18132208e+15	3.30824368e+15	2.94101969e-03
146100	2609.35748148	1461	1.07743363e-04	1461.00000000	3.18136155e+15	3.30828323e+15	2.94105285e-03
146200	2611.14710003	1462	1.07817109e-04	1462.00000000	3.18140090e+15	3.30832267e+15	2.94108591e-03
146300	2612.93357634	1463	1.07890855e-04	1463.00000000	3.18144014e+15	3.30836199e+15	2.94111888e-03
146400	2614.72045303	1464	1.07964602e-04	1464.00000000	3.18147927e+15	3.30840121e+15	2.94115176e-03
146500	2616.50725151	1465	1.08038348e-04	1465.00000000	3.18151828e+15	3.30844031e+15	2.94118454e-03
146600	2618.29042842	1466	1.08112094e-04	1466.00000000	3.18155719e+15	3.30847930e+15	2.94121723e-03
146700	2620.07397138	1467	1.08185841e-04	1467.00000000	3.18159599e+15	3.30851818e+15	2.94124982e-03
146800	2621.85907189	1468	1.08259587e-04	1468.00000000	3.18163467e+15	3.30855695e+15	2.94128233e-03
146900	2623.64514454	1469	1.08333333e-04	1469.00000000	3.18167325e+15	3.30859561e+15	2.94131474e-03
147000	2625.43051744	1470	1.08407080e-04	1470.00000000	3.18171171e+15	3.30863416e+15	2.94134706e-03
147100	2627.22003539	1471	1.08480826e-04	1471.00000000	3.18175007e+15	3.30867260e+15	2.94137929e-03
147200	2629.01135594	1472	1.08554572e-04	1472.00000000	3.18178832e+15	3.30871094e+15	2.94141143e-03
147300	2630.79776191	1473	1.08628319e-04	1473.00000000	3.18182646e+15	3.30874916e+15	2.94144347e-03
147400	2632.58340280	1474	1.08702065e-04	1474.00000000	3.18186449e+15	3.30878727e+15	2.94147543e-03
147500	2634.36738996	1475	1.08775811e-04	1475.00000000	3.18190241e+15	3.30882528e+15	2.94150729e-03
147600	2636.15220559	1476	1.08849558e-04	1476.00000000	3.18194023e+15	3.30886318e+15	2.94153907e-03
147700	2637.93349061	1477	1.08923304e-04	1477.00000000	3.18197794e+15	3.30890097e+15	2.94157075e-03
147800	2639.71398441	1478	1.08997050e-04	1478.00000000	3.18201554e+15	3.30893865e+15	2.94160235e-03
147900	2641.49961845	1479	1.09070796e-04	1479.00000000	3.18205303e+15	3.30897623e+15	2.94163385e-03
148000	2643.28767515	1480	1.09144543e-04	1480.00000000	3.18209042e+15	3.30901370e+15	2.94166527e-03
148100	2645.07396226	1481	1.09218289e-04	1481.00000000	3.18212770e+15	3.30905106e+15	2.94169659e-03
148200	2646.86074528	1482	1.09292035e-04	1482.00000000	3.18216488e+15	3.30908831e+15	2.94172783e-03
148300	2648.64676786	1483	1.09365782e-04	1483.00000000	3.18220194e+15	3.30912546e+15	2.94175897e-03
148400	2650.43400848	1484	1.09439528e-04	1484.00000000	3.18223890e+15	3.30916250e+15	2.94179003e-03
148500	2652.22170920	1485	1.09513274e-04	1485.00000000	3.18227576e+15	3.30919944e+15	2.94182100e-03
148600	2654.01353045	1486	1.09587021e-04	1486.00000000	3.18231251e+15	3.30923627e+15	2.94185188e-03
148700	2655.80434848	1487	1.09660767e-04	1487.00000000	3.18234915e+15	3.30927299e+15	2.94188267e-03
148800	2657.59262787	1488	1.09734513e-04	1488.00000000	3.18238568e+15	3.30930961e+15	2.94191337e-03
148900	2659.37839823	1489	1.09808260e-04	1489.00000000	3.18242211e+15	3.30934612e+15	2.94194399e-03
149000	2661.16511748	1490	1.09882006e-04	1490.00000000	3.18245844e+15	3.30938252e+15	2.94197451e-03
149100	2662.94932346	1491	1.09955752e-04	1491.00000000	3.18249466e+15	3.30941882e+15	2.94200495e-03
149200	2664.73428740	1492	1.10029499e-04	1492.00000000	3.18253077e+15	3.30945501e+15	2.94203530e-03
149300	2666.51831189	1493	1.10103245e-04	1493.00000000	3.18256678e+15	3.30949110e+15	2.94206556e-03
149400	2668.30991289	1494	1.10176991e-04	1494.00000000	3.18260269e+15	3.30952708e+15	2.94209573e-03
149500	2670.09288576	1495	1.10250737e-04	1495.00000000	3.18263849e+15	3.30956296e+15	2.94212581e-03
149600	2671.87359914	1496	1.10324484e-04	1496.00000000	3.18267418e+15	3.30959874e+15	2.94215581e-03
149700	2673.66204738	1497	1.10398230e-04	1497.00000000	3.18270978e+15	3.30963441e+15	2.94218572e-03
149800	2675.44327019	1498	1.10471976e-04	1498.00000000	3.18274527e+15	3.30966998e+15	2.94221554e-03
149900	2677.22650599	1499	1.10545723e-04	1499.00000000	3.18278066e+15	3.30970544e+15	2.94224549e-03
150000	2679.01423404	1500	1.10619469e-04	1500.00000000	3.18281594e+15	3.30974080e+15	2.94227492e-03
150100	2680.80129430	1501	1.10693215e-04	1501.00000000	3.18285110e+15	3.30977604e+15	2.94230445e-03
150200	2682.59186064	1502	1.10766962e-04	1502.00000000	3.18288616e+15	3.30981117e+15	2.94233390e-03
150300	2684.37963154	1503	1.10840708e-04	1503.00000000	3.18292112e+15	3.30984620e+15	2.94236327e-03
150400	2686.16305066	1504	1.10914454e-04	1504.00000000	3.18295598e+15	3.30988114e+15	2.94239256e-03
150500	2687.94601347	1505	1.10988201e-04	1505.00000000	3.18299074e+15	3.30991597e+15	2.94242177e-03
150600	2689.72974444	1506	1.11061947e-04	1506.00000000	3.18302540e+15	3.30995071e+15	2.94245089e-03
150700	2691.52102540	1507	1.11135693e-04	1507.00000000	3.18305996e+15	3.30998534e+15	2.94247993e-03
150800	2693.30597029	1508	1.11209440e-04	1508.00000000	3.18309443e+15	3.31001988e+15	2.94250888e-03
150900	2695.08897116	1509	1.11283186e-04	1509.00000000	3.18312880e+15	3.31005432e+15	2.94253776e-03
151000	2696.87192124	1510	1.11356932e-04	1510.00000000	3.18316307e+15	3.31008867e+15	2.94256655e-03
151100	2698.65470457	1511	1.11430678e-04	1511.00000000	3.18319724e+15	3.31012291e+15	2.94259526e-03
151200	2700.43947936	1512	1.11504425e-04	1512.00000000	3.18323132e+15	3.31015707e+15	2.94262389e-03
151300	2702.22192235	1513	1.11578171e-04	1513.00000000	3.18326530e+15	3.31019112e+15	2.94265244e-03
151400	2704.00523459	1514	1.11651917e-04	1514.00000000	3.18329919e+15	3.31022508e+15	2.94268091e-03
151500	2705.78781726	1515	1.11725664e-04	1515.00000000	3.18333298e+15	3.31025894e+15	2.94270930e-03
151600	2707.56926641	1516	1.11799410e-04	1516.00000000	3.18336668e+15	3.31029271e+15	2.94273761e-03
151700	2709.35058502	1517	1.11873156e-04	1517.00000000	3.18340028e+15	3.31032639e+15	2.94276584e-03
151800	2711.13346686	1518	1.11946903e-04	1518.00000000	3.18343379e+15	3.31035997e+15	2.94279399e-03
151900	2712.91644059	1519	1.12020649e-04	1519.00000000	3.18346718e+15	3.31039344e+15	2.94282204e-03
152000	2714.70105069	1520	1.12094395e-04	1520.00000000	3.18350048e+15	3.31042680e+15	2.94285000e-03
152100	2716.48696584	1521	1.12168142e-04	1521.00000000	3.18353368e+15	3.31046008e+15	2.94287789e-03
152200	2718.26921039	1522	1.12241888e-04	1522.00000000	3.18356680e+15	3.31049326e+15	2.94290571e-03
152300	2720.05185889	1523	1.12315634e-04	1523.00000000	3.18359982e+15	3.31052635e+15	2.94293345e-03
152400	2721.83300774	1524	1.12389381e-04	1524.00000000	3.18363275e+15	3.31055935e+15	2.94296111e-03
152500	2723.62029152	1525	1.12463127e-04	1525.00000000	3.18366559e+15	3.31059226e+15	2.94298869e-03
152600	2725.40771821	1526	1.12536873e-04	1526.00000000	3.18369833e+15	3.31062507e+15	2.94301620e-03
152700	2727.19216021	1527	1.12610619e-04	1527.00000000	3.18373099e+15	3.31065780e+15	2.94304363e-03
152800	2728.97753570	1528	1.12684366e-04	1528.00000000	3.18376355e+15	3.31069043e+15	2.94307099e-03
152900	2730.76342852	1529	1.12758112e-04	1529.00000000	3.18379603e+15	3.31072297e+15	2.94309826e-03
153000	2732.54560874	1530	1.12831858e-04	1530.00000000	3.18382841e+15	3.31075543e+15	2.94312547e-03
153100	2734.33322357	1531	1.12905605e-04	1531.00000000	3.18386070e+15	3.31078779e+15	2.94315260e-03
153200	2736.12260681	1532	1.12979351e-04	1532.00000000	3.18389291e+15	3.31082006e+15	2.94317965e-03
153300	2737.91383790	1533	1.13053097e-04	1533.00000000	3.18392502e+15	3.31085224e+15	2.94320663e-03
153400	2739.69590306	1534	1.13126844e-04	1534.00000000	3.18395705e+15	3.31088434e+15	2.94323353e-03
153500	2741.48338435	1535	1.13200590e-04	1535.00000000	3.18398899e+15	3.31091635e+15	2.94326036e-03
153600	2743.27070549	1536	1.13274336e-04	1536.00000000	3.18402084e+15	3.31094826e+15	2.94328711e-03
153700	2745.06009300	1537	1.13348083e-04	1537.00000000	3.18405260e+15	3.31098010e+15	2.94331380e-03
153800	2746.84961862	1538	1.13421829e-04	1538.00000000	3.18408428e+15	3.31101184e+15	2.94334040e-03
153900	2748.63135015	1539	1.13495575e-04	1539.00000000	3.18411587e+15	3.31104350e+15	2.94336694e-03
154000	2750.41854279	1540	1.13569322e-04	1540.00000000	3.18414738e+15	3.31107507e+15	2.94339340e-03
154100	2752.20956825	1541	1.13643068e-04	1541.00000000	3.18417880e+15	3.31110656e+15	2.94341980e-03
154200	2753.99512432	1542	1.13716814e-04	1542.00000000	3.18421013e+15	3.31113796e+15	2.94344612e-03
154300	2755.78209536	1543	1.13790560e-04	1543.00000000	3.18424138e+15	3.31116927e+15	2.94347236e-03
154400	2757.56654260	1544	1.13864307e-04	1544.00000000	3.18427254e+15	3.31120050e+15	2.94349854e-03
154500	2759.34981559	1545	1.13938053e-04	1545.00000000	3.18430362e+15	3.31123165e+15	2.94352465e-03
154600	2761.14247991	1546	1.14011799e-04	1546.00000000	3.18433462e+15	3.31126271e+15	2.94355068e-03
154700	2762.92802632	1547	1.14085546e-04	1547.00000000	3.18436553e+15	3.31129369e+15	2.94357665e-03
154800	2764.71196069	1548	1.14159292e-04	1548.00000000	3.18439636e+15	3.31132458e+15	2.94360254e-03
154900	2766.49483113	1549	1.14233038e-04	1549.00000000	3.18442710e+15	3.31135539e+15	2.94362837e-03
155000	2768.27684324	1550	1.14306785e-04	1550.00000000	3.18445776e+15	3.31138612e+15	2.94365412e-03
155100	2770.05918607	1551	1.14380531e-04	1551.00000000	3.18448834e+15	3.31141676e+15	2.94367980e-03
155200	2771.84736682	1552	1.14454277e-04	1552.00000000	3.18451883e+15	3.31144732e+15	2.94370542e-03
155300	2773.63041966	1553	1.14528024e-04	1553.00000000	3.18454925e+15	3.31147780e+15	2.94373097e-03
155400	2775.41183984	1554	1.14601770e-04	1554.00000000	3.18457958e+15	3.31150820e+15	2.94375644e-03
155500	2777.19979093	1555	1.14675516e-04	1555.00000000	3.18460982e+15	3.31153851e+15	2.94378185e-03
155600	2778.98696032	1556	1.14749263e-04	1556.00000000	3.18463999e+15	3.31156874e+15	2.94380719e-03
155700	2780.77129454	1557	1.14823009e-04	1557.00000000	3.18467008e+15	3.31159889e+15	2.94383246e-03
155800	2782.55807058	1558	1.14896755e-04	1558.00000000	3.18470008e+15	3.31162896e+15	2.94385767e-03
155900	2784.34235935	1559	1.14970501e-04	1559.00000000	3.18473000e+15	3.31165894e+15	2.94388280e-03
156000	2786.12533511	1560	1.15044248e-04	1560.00000000	3.18475984e+15	3.31168885e+15	2.94390787e-03
156100	2787.90756326	1561	1.15117994e-04	1561.00000000	3.18478960e+15	3.31171867e+15	2.94393287e-03
156200	2789.69063087	1562	1.15191740e-04	1562.00000000	3.18481928e+15	3.31174842e+15	2.94395780e-03
156300	2791.47253971	1563	1.15265487e-04	1563.00000000	3.18484888e+15	3.31177808e+15	2.94398266e-03
156400	2793.25905624	1564	1.15339233e-04	1564.00000000	3.18487840e+15	3.31180766e+15	2.94400746e-03
156500	2795.04483810	1565	1.15412979e-04	1565.00000000	3.18490784e+15	3.31183717e+15	2.94403219e-03
156600	2796.83008921	1566	1.15486726e-04	1566.00000000	3.18493720e+15	3.31186659e+15	2.94405685e-03
156700	2798.61376487	1567	1.15560472e-04	1567.00000000	3.18496648e+15	3.31189593e+15	2.94408145e-03
156800	2800.40183179	1568	1.15634218e-04	1568.00000000	3.18499568e+15	3.31192519e+15	2.94410598e-03
156900	2802.18589129	1569	1.15707965e-04	1569.00000000	3.18502479e+15	3.31195437e+15	2.94413044e-03
157000	2803.97570678	1570	1.15781711e-04	1570.00000000	3.18505383e+15	3.31198347e+15	2.94415483e-03
157100	2805.76103918	1571	1.15855457e-04	1571.00000000	3.18508279e+15	3.31201249e+15	2.94417916e-03
157200	2807.54588311	1572	1.15929204e-04	1572.00000000	3.18511167e+15	3.31204143e+15	2.94420342e-03
157300	2809.33040440	1573	1.16002950e-04	1573.00000000	3.18514046e+15	3.31207029e+15	2.94422762e-03
157400	2811.11666174	1574	1.16076696e-04	1574.00000000	3.18516918e+15	3.31209906e+15	2.94425174e-03
157500	2812.90334073	1575	1.16150442e-04	1575.00000000	3.18519782e+15	3.31212776e+15	2.94427580e-03
157600	2814.69096677	1576	1.16224189e-04	1576.00000000	3.18522638e+15	3.31215639e+15	2.94429980e-03
157700	2816.47602564	1577	1.16297935e-04	1577.00000000	3.18525486e+15	3.31218493e+15	2.94432372e-03
157800	2818.25969016	1578	1.16371681e-04	1578.00000000	3.18528326e+15	3.31221339e+15	2.94434759e-03
157900	2820.03813721	1579	1.16445428e-04	1579.00000000	3.18531159e+15	3.31224178e+15	2.94437138e-03
158000	2821.82378655	1580	1.16519174e-04	1580.00000000	3.18533984e+15	3.31227009e+15	2.94439511e-03
158100	2823.60770626	1581	1.16592920e-04	1581.00000000	3.18536801e+15	3.31229832e+15	2.94441878e-03
158200	2825.39862566	1582	1.16666667e-04	1582.00000000	3.18539611e+15	3.31232648e+15	2.94444238e-03
158300	2827.18545288	1583	1.16740413e-04	1583.00000000	3.18542413e+15	3.31235456e+15	2.94446592e-03
158400	2828.96911691	1584	1.16814159e-04	1584.00000000	3.18545207e+15	3.31238256e+15	2.94448939e-03
158500	2830.75268942	1585	1.16887906e-04	1585.00000000	3.18547994e+15	3.31241049e+15	2.94451280e-03
158600	2832.53651808	1586	1.16961652e-04	1586.00000000	3.18550774e+15	3.31243835e+15	2.94453615e-03
158700	2834.32005185	1587	1.17035398e-04	1587.00000000	3.18553546e+15	3.31246613e+15	2.94455944e-03
158800	2836.10328440	1588	1.17109145e-04	1588.00000000	3.18556310e+15	3.31249384e+15	2.94458266e-03
158900	2837.88892085	1589	1.17182891e-04	1589.00000000	3.18559068e+15	3.31252147e+15	2.94460582e-03
159000	2839.67440620	1590	1.17256637e-04	1590.00000000	3.18561818e+15	3.31254903e+15	2.94462892e-03
159100	2841.46933259	1591	1.17330383e-04	1591.00000000	3.18564560e+15	3.31257651e+15	2.94465196e-03
159200	2843.25675583	1592	1.17404130e-04	1592.00000000	3.18567296e+15	3.31260392e+15	2.94467494e-03
159300	2845.04182294	1593	1.17477876e-04	1593.00000000	3.18570024e+15	3.31263126e+15	2.94469785e-03
159400	2846.83177273	1594	1.17551622e-04	1594.00000000	3.18572744e+15	3.31265853e+15	2.94472070e-03
159500	2848.61695511	1595	1.17625369e-04	1595.00000000	3.18575458e+15	3.31268572e+15	2.94474350e-03
159600	2850.40143743	1596	1.17699115e-04	1596.00000000	3.18578164e+15	3.31271284e+15	2.94476623e-03
159700	2852.18334735	1597	1.17772861e-04	1597.00000000	3.18580863e+15	3.31273989e+15	2.94478890e-03
159800	2853.97200384	1598	1.17846608e-04	1598.00000000	3.18583555e+15	3.31276687e+15	2.94481151e-03
159900	2855.75624780	1599	1.17920354e-04	1599.00000000	3.18586240e+15	3.31279377e+15	2.94483406e-03
160000	2857.53964629	1600	1.17994100e-04	1600.00000000	3.18588917e+15	3.31282061e+15	2.94485655e-03
160100	2859.32888546	1601	1.18067847e-04	1601.00000000	3.18591588e+15	3.31284737e+15	2.94487898e-03
160200	2861.11431405	1602	1.18141593e-04	1602.00000000	3.18594251e+15	3.31287406e+15	2.94490135e-03
160300	2862.89712209	1603	1.18215339e-04	1603.00000000	3.18596908e+15	3.31290068e+15	2.94492367e-03
160400	2864.67942877	1604	1.18289086e-04	1604.00000000	3.18599557e+15	3.31292723e+15	2.94494592e-03
160500	2866.46337312	1605	1.18362832e-04	1605.00000000	3.18602199e+15	3.31295371e+15	2.94496811e-03
160600	2868.24767408	1606	1.18436578e-04	1606.00000000	3.18604834e+15	3.31298012e+15	2.94499025e-03
160700	2870.02684285	1607	1.18510324e-04	1607.00000000	3.18607463e+15	3.31300646e+15	2.94501232e-03
160800	2871.81181113	1608	1.18584071e-04	1608.00000000	3.18610084e+15	3.31303273e+15	2.94503434e-03
160900	2873.59629456	1609	1.18657817e-04	1609.00000000	3.18612698e+15	3.31305892e+15	2.94505630e-03
161000	2875.38203035	1610	1.18731563e-04	1610.00000000	3.18615306e+15	3.31308505e+15	2.94507820e-03
161100	2877.16460817	1611	1.18805310e-04	1611.00000000	3.18617906e+15	3.31311112e+15	2.94510005e-03
161200	2878.95322089	1612	1.18879056e-04	1612.00000000	3.18620500e+15	3.31313711e+15	2.94512183e-03
161300	2880.73943660	1613	1.18952802e-04	1613.00000000	3.18623086e+15	3.31316303e+15	2.94514356e-03
161400	2882.52522531	1614	1.19026549e-04	1614.00000000	3.18625666e+15	3.31318889e+15	2.94516523e-03
161500	2884.31208829	1615	1.19100295e-04	1615.00000000	3.18628239e+15	3.31321467e+15	2.94518685e-03
161600	2886.09832695	1616	1.19174041e-04	1616.00000000	3.18630806e+15	3.31324039e+15	2.94520840e-03
161700	2887.88436641	1617	1.19247788e-04	1617.00000000	3.18633365e+15	3.31326604e+15	2.94522990e-03
161800	2889.67283556	1618	1.19321534e-04	1618.00000000	3.18635918e+15	3.31329162e+15	2.94525134e-03
161900	2891.45811509	1619	1.19395280e-04	1619.00000000	3.18638464e+15	3.31331714e+15	2.94527273e-03
162000	2893.24204369	1620	1.19469027e-04	1620.00000000	3.18641003e+15	3.31334259e+15	2.94529406e-03
162100	2895.02817141	1621	1.19542773e-04	1621.00000000	3.18643536e+15	3.31336797e+15	2.94531533e-03
162200	2896.81506710	1622	1.19616519e-04	1622.00000000	3.18646062e+15	3.31339328e+15	2.94533655e-03
162300	2898.60226921	1623	1.19690265e-04	1623.00000000	3.18648581e+15	3.31341852e+15	2.94535771e-03
162400	2900.38933604	1624	1.19764012e-04	1624.00000000	3.18651093e+15	3.31344370e+15	2.94537881e-03
162500	2902.18260914	1625	1.19837758e-04	1625.00000000	3.18653599e+15	3.31346881e+15	2.94539986e-03
162600	2903.97110339	1626	1.19911504e-04	1626.00000000	3.18656098e+15	3.31349386e+15	2.94542085e-03
162700	2905.76036588	1627	1.19985251e-04	1627.00000000	3.18658591e+15	3.31351884e+15	2.94544179e-03
162800	2907.54325673	1628	1.20058997e-04	1628.00000000	3.18661077e+15	3.31354375e+15	2.94546267e-03
162900	2909.32835432	1629	1.20132743e-04	1629.00000000	3.18663557e+15	3.31356860e+15	2.94548349e-03
163000	2911.11505643	1630	1.20206490e-04	1630.00000000	3.18666030e+15	3.31359339e+15	2.94550426e-03
163100	2912.89880091	1631	1.20280236e-04	1631.00000000	3.18668496e+15	3.31361810e+15	2.94552498e-03
163200	2914.68312720	1632	1.20353982e-04	1632.00000000	3.18670956e+15	3.31364275e+15	2.94554564e-03
163300	2916.46753640	1633	1.20427729e-04	1633.00000000	3.18673409e+15	3.31366734e+15	2.94556625e-03
163400	2918.25312767	1634	1.20501475e-04	1634.00000000	3.18675856e+15	3.31369186e+15	2.94558680e-03
163500	2920.03461630	1635	1.20575221e-04	1635.00000000	3.18678296e+15	3.31371632e+15	2.94560730e-03
163600	2921.81683646	1636	1.20648968e-04	1636.00000000	3.18680730e+15	3.31374071e+15	2.94562774e-03
163700	2923.59974793	1637	1.20722714e-04	1637.00000000	3.18683158e+15	3.31376504e+15	2.94564813e-03
163800	2925.38410003	1638	1.20796460e-04	1638.00000000	3.18685579e+15	3.31378930e+15	2.94566847e-03
163900	2927.16796134	1639	1.20870206e-04	1639.00000000	3.18687994e+15	3.31381350e+15	2.94568875e-03
164000	2928.94952325	1640	1.20943953e-04	1640.00000000	3.18690403e+15	3.31383764e+15	2.94570898e-03
164100	2930.73335977	1641	1.21017699e-04	1641.00000000	3.18692805e+15	3.31386171e+15	2.94572916e-03
164200	2932.51806932	1642	1.21091445e-04	1642.00000000	3.18695201e+15	3.31388572e+15	2.94574928e-03
164300	2934.29990639	1643	1.21165192e-04	1643.00000000	3.18697590e+15	3.31390967e+15	2.94576935e-03
164400	2936.08511058	1644	1.21238938e-04	1644.00000000	3.18699974e+15	3.31393356e+15	2.94578937e-03
164500	2937.87481136	1645	1.21312684e-04	1645.00000000	3.18702351e+15	3.31395738e+15	2.94580933e-03
164600	2939.65833056	1646	1.21386431e-04	1646.00000000	3.18704722e+15	3.31398114e+15	2.94582925e-03
164700	2941.44180653	1647	1.21460177e-04	1647.00000000	3.18707086e+15	3.31400483e+15	2.94584911e-03
164800	2943.22489301	1648	1.21533923e-04	1648.00000000	3.18709445e+15	3.31402847e+15	2.94586891e-03
164900	2945.01049661	1649	1.21607670e-04	1649.00000000	3.18711797e+15	3.31405204e+15	2.94588867e-03
165000	2946.80014833	1650	1.21681416e-04	1650.00000000	3.18714143e+15	3.31407556e+15	2.94590838e-03
165100	2948.58751860	1651	1.21755162e-04	1651.00000000	3.18716483e+15	3.31409901e+15	2.94592803e-03
165200	2950.37470830	1652	1.21828909e-04	1652.00000000	3.18718817e+15	3.31412239e+15	2.94594763e-03
165300	2952.16504983	1653	1.21902655e-04	1653.00000000	3.18721145e+15	3.31414572e+15	2.94596718e-03
165400	2953.95056664	1654	1.21976401e-04	1654.00000000	3.18723466e+15	3.31416899e+15	2.94598668e-03
165500	2955.74059545	1655	1.22050147e-04	1655.00000000	3.18725782e+15	3.31419220e+15	2.94600613e-03
165600	2957.52781740	1656	1.22123894e-04	1656.00000000	3.18728092e+15	3.31421534e+15	2.94602553e-03
165700	2959.31157131	1657	1.22197640e-04	1657.00000000	3.18730395e+15	3.31423843e+15	2.94604487e-03
165800	2961.09370299	1658	1.22271386e-04	1658.00000000	3.18732693e+15	3.31426145e+15	2.94606417e-03
165900	2962.88016154	1659	1.22345133e-04	1659.00000000	3.18734984e+15	3.31428441e+15	2.94608342e-03
166000	2964.66579833	1660	1.22418879e-04	1660.00000000	3.18737270e+15	3.31430732e+15	2.94610261e-03
166100	2966.45177225	1661	1.22492625e-04	1661.00000000	3.18739549e+15	3.31433016e+15	2.94612176e-03
166200	2968.23612031	1662	1.22566372e-04	1662.00000000	3.18741823e+15	3.31435295e+15	2.94614085e-03
166300	2970.01893570	1663	1.22640118e-04	1663.00000000	3.18744090e+15	3.31437567e+15	2.94615990e-03
166400	2971.80348499	1664	1.22713864e-04	1664.00000000	3.18746352e+15	3.31439834e+15	2.94617890e-03
166500	2973.58807525	1665	1.22787611e-04	1665.00000000	3.18748608e+15	3.31442094e+15	2.94619784e-03
166600	2975.37070743	1666	1.22861357e-04	1666.00000000	3.18750857e+15	3.31444349e+15	2.94621674e-03
166700	2977.15634207	1667	1.22935103e-04	1667.00000000	3.18753101e+15	3.31446597e+15	2.94623559e-03
166800	2978.93944428	1668	1.23008850e-04	1668.00000000	3.18755338e+15	3.31448840e+15	2.94625438e-03
166900	2980.72672031	1669	1.23082596e-04	1669.00000000	3.18757570e+15	3.31451076e+15	2.94627313e-03
167000	2982.51232496	1670	1.23156342e-04	1670.00000000	3.18759796e+15	3.31453307e+15	2.94629183e-03
167100	2984.29920153	1671	1.23230088e-04	1671.00000000	3.18762016e+15	3.31455531e+15	2.94631047e-03
167200	2986.08883759	1672	1.23303835e-04	1672.00000000	3.18764230e+15	3.31457750e+15	2.94632907e-03
167300	2987.87178369	1673	1.23377581e-04	1673.00000000	3.18766438e+15	3.31459963e+15	2.94634762e-03
167400	2989.66270215	1674	1.23451327e-04	1674.00000000	3.18768640e+15	3.31462170e+15	2.94636612e-03
167500	2991.44826004	1675	1.23525074e-04	1675.00000000	3.18770837e+15	3.31464371e+15	2.94638457e-03
167600	2993.23302864	1676	1.23598820e-04	1676.00000000	3.18773027e+15	3.31466566e+15	2.94640297e-03
167700	2995.01912527	1677	1.23672566e-04	1677.00000000	3.18775212e+15	3.31468755e+15	2.94642132e-03
167800	2996.80603762	1678	1.23746313e-04	1678.00000000	3.18777390e+15	3.31470939e+15	2.94643962e-03
167900	2998.59224436	1679	1.23820059e-04	1679.00000000	3.18779563e+15	3.31473117e+15	2.94645788e-03
168000	3000.37614430	1680	1.23893805e-04	1680.00000000	3.18781731e+15	3.31475288e+15	2.94647608e-03
168100	3002.16238543	1681	1.23967552e-04	1681.00000000	3.18783892e+15	3.31477455e+15	2.94649424e-03
168200	3003.95489943	1682	1.24041298e-04	1682.00000000	3.18786048e+15	3.31479615e+15	2.94651235e-03
168300	3005.74008034	1683	1.24115044e-04	1683.00000000	3.18788198e+15	3.31481769e+15	2.94653041e-03
168400	3007.52614567	1684	1.24188791e-04	1684.00000000	3.18790342e+15	3.31483918e+15	2.94654842e-03
168500	3009.31125491	1685	1.24262537e-04	1685.00000000	3.18792480e+15	3.31486061e+15	2.94656638e-03
168600	3011.09898682	1686	1.24336283e-04	1686.00000000	3.18794613e+15	3.31488199e+15	2.94658430e-03
168700	3012.88334423	1687	1.24410029e-04	1687.00000000	3.18796740e+15	3.31490330e+15	2.94660217e-03
168800	3014.66496303	1688	1.24483776e-04	1688.00000000	3.18798862e+15	3.31492456e+15	2.94661999e-03
168900	3016.44673864	1689	1.24557522e-04	1689.00000000	3.18800978e+15	3.31494577e+15	2.94663776e-03
169000	3018.23230859	1690	1.24631268e-04	1690.00000000	3.18803088e+15	3.31496692e+15	2.94665549e-03
169100	3020.01625985	1691	1.24705015e-04	1691.00000000	3.18805192e+15	3.31498801e+15	2.94667317e-03
169200	3021.80443502	1692	1.24778761e-04	1692.00000000	3.18807291e+15	3.31500904e+15	2.94669080e-03
169300	3023.59167782	1693	1.24852507e-04	1693.00000000	3.18809385e+15	3.31503002e+15	2.94670838e-03
169400	3025.37846075	1694	1.24926254e-04	1694.00000000	3.18811473e+15	3.31505095e+15	2.94672592e-03
169500	3027.16485663	1695	1.25000000e-04	1695.00000000	3.18813555e+15	3.31507181e+15	2.94674342e-03
169600	3028.95368663	1696	1.25073746e-04	1696.00000000	3.18815632e+15	3.31509263e+15	2.94676086e-03
169700	3030.73738214	1697	1.25147493e-04	1697.00000000	3.18817703e+15	3.31511339e+15	2.94677826e-03
169800	3032.51894648	1698	1.25221239e-04	1698.00000000	3.18819769e+15	3.31513409e+15	2.94679561e-03
169900	3034.29910364	1699	1.25294985e-04	1699.00000000	3.18821830e+15	3.31515474e+15	2.94681292e-03
170000	3036.08082968	1700	1.25368732e-04	1700.00000000	3.18823884e+15	3.31517533e+15	2.94683018e-03
170100	3037.86286087	1701	1.25442478e-04	1701.00000000	3.18825934e+15	3.31519587e+15	2.94684740e-03
170200	3039.64789260	1702	1.25516224e-04	1702.00000000	3.18827978e+15	3.31521635e+15	2.94686457e-03
170300	3041.42818040	1703	1.25589971e-04	1703.00000000	3.18830016e+15	3.31523678e+15	2.94688169e-03
170400	3043.21184892	1704	1.25663717e-04	1704.00000000	3.18832049e+15	3.31525715e+15	2.94689877e-03
170500	3044.99375155	1705	1.25737463e-04	1705.00000000	3.18834077e+15	3.31527747e+15	2.94691580e-03
170600	3046.77597051	1706	1.25811209e-04	1706.00000000	3.18836099e+15	3.31529774e+15	2.94693279e-03
170700	3048.55938190	1707	1.25884956e-04	1707.00000000	3.18838116e+15	3.31531795e+15	2.94694973e-03
170800	3050.34291358	1708	1.25958702e-04	1708.00000000	3.18840128e+15	3.31533811e+15	2.94696663e-03
170900	3052.12581163	1709	1.26032448e-04	1709.00000000	3.18842134e+15	3.31535822e+15	2.94698348e-03
171000	3053.90398862	1710	1.26106195e-04	1710.00000000	3.18844135e+15	3.31537827e+15	2.94700029e-03
171100	3055.69143025	1711	1.26179941e-04	1711.00000000	3.18846131e+15	3.31539827e+15	2.94701706e-03
171200	3057.47562624	1712	1.26253687e-04	1712.00000000	3.18848121e+15	3.31541822e+15	2.94703378e-03
171300	3059.26145082	1713	1.26327434e-04	1713.00000000	3.18850106e+15	3.31543811e+15	2.94705045e-03
171400	3061.04691779	1714	1.26401180e-04	1714.00000000	3.18852086e+15	3.31545795e+15	2.94706708e-03
171500	3062.83266328	1715	1.26474926e-04	1715.00000000	3.18854060e+15	3.31547773e+15	2.94708367e-03
171600	3064.61938986	1716	1.26548673e-04	1716.00000000	3.18856029e+15	3.31549747e+15	2.94710021e-03
171700	3066.40042248	1717	1.26622419e-04	1717.00000000	3.18857993e+15	3.31551715e+15	2.94711671e-03
171800	3068.18063692	1718	1.26696165e-04	1718.00000000	3.18859952e+15	3.31553677e+15	2.94713316e-03
171900	3069.96785305	1719	1.26769912e-04	1719.00000000	3.18861905e+15	3.31555635e+15	2.94714957e-03
172000	3071.75292877	1720	1.26843658e-04	1720.00000000	3.18863853e+15	3.31557587e+15	2.94716593e-03
172100	3073.53335510	1721	1.26917404e-04	1721.00000000	3.18865795e+15	3.31559534e+15	2.94718225e-03
172200	3075.31832053	1722	1.26991150e-04	1722.00000000	3.18867733e+15	3.31561475e+15	2.94719853e-03
172300	3077.10273595	1723	1.27064897e-04	1723.00000000	3.18869665e+15	3.31563412e+15	2.94721476e-03
172400	3078.88354805	1724	1.27138643e-04	1724.00000000	3.18871592e+15	3.31565343e+15	2.94723095e-03
172500	3080.66155417	1725	1.27212389e-04	1725.00000000	3.18873515e+15	3.31567269e+15	2.94724710e-03
172600	3082.44714794	1726	1.27286136e-04	1726.00000000	3.18875432e+15	3.31569190e+15	2.94726320e-03
172700	3084.23522066	1727	1.27359882e-04	1727.00000000	3.18877343e+15	3.31571106e+15	2.94727926e-03
172800	3086.02184230	1728	1.27433628e-04	1728.00000000	3.18879250e+15	3.31573017e+15	2.94729528e-03
172900	3087.80556058	1729	1.27507375e-04	1729.00000000	3.18881152e+15	3.31574923e+15	2.94731126e-03
173000	3089.58797235	1730	1.27581121e-04	1730.00000000	3.18883049e+15	3.31576824e+15	2.94732719e-03
173100	3091.37684628	1731	1.27654867e-04	1731.00000000	3.18884940e+15	3.31578720e+15	2.94734308e-03
173200	3093.16875800	1732	1.27728614e-04	1732.00000000	3.18886827e+15	3.31580610e+15	2.94735893e-03
173300	3094.95688273	1733	1.27802360e-04	1733.00000000	3.18888709e+15	3.31582496e+15	2.94737473e-03
173400	3096.74857407	1734	1.27876106e-04	1734.00000000	3.18890585e+15	3.31584376e+15	2.94739050e-03
173500	3098.53627637	1735	1.27949853e-04	1735.00000000	3.18892457e+15	3.31586252e+15	2.94740622e-03
173600	3100.32740165	1736	1.28023599e-04	1736.00000000	3.18894323e+15	3.31588123e+15	2.94742190e-03
173700	3102.11422907	1737	1.28097345e-04	1737.00000000	3.18896185e+15	3.31589988e+15	2.94743754e-03
173800	3103.90723801	1738	1.28171091e-04	1738.00000000	3.18898042e+15	3.31591849e+15	2.94745314e-03
173900	3105.69575783	1739	1.28244838e-04	1739.00000000	3.18899894e+15	3.31593705e+15	2.94746869e-03
174000	3107.48742849	1740	1.28318584e-04	1740.00000000	3.18901741e+15	3.31595556e+15	2.94748421e-03
174100	3109.27707290	1741	1.28392330e-04	1741.00000000	3.18903583e+15	3.31597402e+15	2.94749968e-03
174200	3111.06232847	1742	1.28466077e-04	1742.00000000	3.18905420e+15	3.31599243e+15	2.94751511e-03
174300	3112.85000454	1743	1.28539823e-04	1743.00000000	3.18907252e+15	3.31601079e+15	2.94753050e-03
174400	3114.63202196	1744	1.28613569e-04	1744.00000000	3.18909080e+15	3.31602910e+15	2.94754586e-03
174500	3116.41995392	1745	1.28687316e-04	1745.00000000	3.18910902e+15	3.31604737e+15	2.94756117e-03
174600	3118.20877646	1746	1.28761062e-04	1746.00000000	3.18912720e+15	3.31606559e+15	2.94757644e-03
174700	3119.99992112	1747	1.28834808e-04	1747.00000000	3.18914533e+15	3.31608375e+15	2.94759166e-03
174800	3121.78636978	1748	1.28908555e-04	1748.00000000	3.18916341e+15	3.31610187e+15	2.94760685e-03
174900	3123.56992879	1749	1.28982301e-04	1749.00000000	3.18918144e+15	3.31611994e+15	2.94762200e-03
175000	3125.36029313	1750	1.29056047e-04	1750.00000000	3.18919943e+15	3.31613797e+15	2.94763711e-03
175100	3127.14727298	1751	1.29129794e-04	1751.00000000	3.18921736e+15	3.31615594e+15	2.94765218e-03
175200	3128.92928650	1752	1.29203540e-04	1752.00000000	3.18923525e+15	3.31617387e+15	2.94766720e-03
175300	3130.71120071	1753	1.29277286e-04	1753.00000000	3.18925309e+15	3.31619174e+15	2.94768219e-03
175400	3132.49915539	1754	1.29351032e-04	1754.00000000	3.18927088e+15	3.31620957e+15	2.94769713e-03
175500	3134.28656015	1755	1.29424779e-04	1755.00000000	3.18928862e+15	3.31622735e+15	2.94771204e-03
175600	3136.07375510	1756	1.29498525e-04	1756.00000000	3.18930632e+15	3.31624509e+15	2.94772691e-03
175700	3137.85671341	1757	1.29572271e-04	1757.00000000	3.18932397e+15	3.31626277e+15	2.94774173e-03
175800	3139.64774708	1758	1.29646018e-04	1758.00000000	3.18934157e+15	3.31628041e+15	2.94775652e-03
175900	3141.42873429	1759	1.29719764e-04	1759.00000000	3.18935912e+15	3.31629800e+15	2.94777126e-03
176000	3143.21417902	1760	1.29793510e-04	1760.00000000	3.18937663e+15	3.31631555e+15	2.94778597e-03
176100	3145.00158301	1761	1.29867257e-04	1761.00000000	3.18939409e+15	3.31633304e+15	2.94780064e-03
176200	3146.78484203	1762	1.29941003e-04	1762.00000000	3.18941150e+15	3.31635049e+15	2.94781526e-03
176300	3148.56877425	1763	1.30014749e-04	1763.00000000	3.18942886e+15	3.31636789e+15	2.94782985e-03
176400	3150.35710066	1764	1.30088496e-04	1764.00000000	3.18944618e+15	3.31638525e+15	2.94784440e-03
176500	3152.14344220	1765	1.30162242e-04	1765.00000000	3.18946346e+15	3.31640256e+15	2.94785891e-03
176600	3153.92372713	1766	1.30235988e-04	1766.00000000	3.18948068e+15	3.31641982e+15	2.94787338e-03
176700	3155.70892970	1767	1.30309735e-04	1767.00000000	3.18949786e+15	3.31643704e+15	2.94788781e-03
176800	3157.49500708	1768	1.30383481e-04	1768.00000000	3.18951499e+15	3.31645420e+15	2.94790220e-03
176900	3159.27522384	1769	1.30457227e-04	1769.00000000	3.18953208e+15	3.31647133e+15	2.94791656e-03
177000	3161.05817124	1770	1.30530973e-04	1770.00000000	3.18954912e+15	3.31648841e+15	2.94793087e-03
177100	3162.84983593	1771	1.30604720e-04	1771.00000000	3.18956612e+15	3.31650544e+15	2.94794515e-03
177200	3164.63795104	1772	1.30678466e-04	1772.00000000	3.18958307e+15	3.31652242e+15	2.94795939e-03
177300	3166.42183339	1773	1.30752212e-04	1773.00000000	3.18959997e+15	3.31653937e+15	2.94797359e-03
177400	3168.20758309	1774	1.30825959e-04	1774.00000000	3.18961683e+15	3.31655626e+15	2.94798775e-03
177500	3169.99551746	1775	1.30899705e-04	1775.00000000	3.18963365e+15	3.31657311e+15	2.94800188e-03
177600	3171.78392958	1776	1.30973451e-04	1776.00000000	3.18965042e+15	3.31658992e+15	2.94801596e-03
177700	3173.56954942	1777	1.31047198e-04	1777.00000000	3.18966714e+15	3.31660668e+15	2.94803001e-03
177800	3175.35927628	1778	1.31120944e-04	1778.00000000	3.18968382e+15	3.31662339e+15	2.94804402e-03
177900	3177.14729956	1779	1.31194690e-04	1779.00000000	3.18970046e+15	3.31664006e+15	2.94805800e-03
178000	3178.93387115	1780	1.31268437e-04	1780.00000000	3.18971705e+15	3.31665669e+15	2.94807194e-03
178100	3180.72441477	1781	1.31342183e-04	1781.00000000	3.18973360e+15	3.31667327e+15	2.94808584e-03
178200	3182.50892838	1782	1.31415929e-04	1782.00000000	3.18975010e+15	3.31668981e+15	2.94809970e-03
178300	3184.29581559	1783	1.31489676e-04	1783.00000000	3.18976656e+15	3.31670631e+15	2.94811353e-03
178400	3186.07915526	1784	1.31563422e-04	1784.00000000	3.18978298e+15	3.31672276e+15	2.94812732e-03
178500	3187.86331206	1785	1.31637168e-04	1785.00000000	3.18979935e+15	3.31673917e+15	2.94814107e-03
178600	3189.65090723	1786	1.31710914e-04	1786.00000000	3.18981568e+15	3.31675553e+15	2.94815479e-03
178700	3191.43758543	1787	1.31784661e-04	1787.00000000	3.18983197e+15	3.31677185e+15	2.94816847e-03
178800	3193.22306524	1788	1.31858407e-04	1788.00000000	3.18984821e+15	3.31678813e+15	2.94818211e-03
178900	3195.00873424	1789	1.31932153e-04	1789.00000000	3.18986441e+15	3.31680436e+15	2.94819572e-03
179000	3196.79451119	1790	1.32005900e-04	1790.00000000	3.18988057e+15	3.31682056e+15	2.94820929e-03
179100	3198.57676542	1791	1.32079646e-04	1791.00000000	3.18989668e+15	3.31683670e+15	2.94822283e-03
179200	3200.36246751	1792	1.32153392e-04	1792.00000000	3.18991276e+15	3.31685281e+15	2.94823633e-03
179300	3202.14795049	1793	1.32227139e-04	1793.00000000	3.18992879e+15	3.31686887e+15	2.94824979e-03
179400	3203.94198568	1794	1.32300885e-04	1794.00000000	3.18994477e+15	3.31688489e+15	2.94826322e-03
179500	3205.73414631	1795	1.32374631e-04	1795.00000000	3.18996072e+15	3.31690087e+15	2.94827661e-03
179600	3207.51816637	1796	1.32448378e-04	1796.00000000	3.18997662e+15	3.31691681e+15	2.94828997e-03
179700	3209.30664658	1797	1.32522124e-04	1797.00000000	3.18999248e+15	3.31693270e+15	2.94830329e-03
179800	3211.09220842	1798	1.32595870e-04	1798.00000000	3.19000830e+15	3.31694855e+15	2.94831658e-03
179900	3212.87479501	1799	1.32669617e-04	1799.00000000	3.19002407e+15	3.31696436e+15	2.94832983e-03
180000	3214.66031931	1800	1.32743363e-04	1800.00000000	3.19003981e+15	3.31698013e+15	2.94834305e-03
180100	3216.44812639	1801	1.32817109e-04	1801.00000000	3.19005550e+15	3.31699585e+15	2.94835623e-03
180200	3218.23758618	1802	1.32890855e-04	1802.00000000	3.19007115e+15	3.31701154e+15	2.94836937e-03
180300	3220.02498443	1803	1.32964602e-04	1803.00000000	3.19008676e+15	3.31702718e+15	2.94838248e-03
180400	3221.80689119	1804	1.33038348e-04	1804.00000000	3.19010233e+15	3.31704278e+15	2.94839556e-03
180500	3223.59141433	1805	1.33112094e-04	1805.00000000	3.19011786e+15	3.31705834e+15	2.94840860e-03
180600	3225.37324962	1806	1.33185841e-04	1806.00000000	3.19013334e+15	3.31707386e+15	2.94842161e-03
180700	3227.15841118	1807	1.33259587e-04	1807.00000000	3.19014879e+15	3.31708934e+15	2.94843458e-03
180800	3228.94457709	1808	1.33333333e-04	1808.00000000	3.19016419e+15	3.31710478e+15	2.94844759e-03
180900	3230.73125462	1809	1.33407080e-04	1809.00000000	3.19017953e+15	3.31712015e+15	2.94846031e-03
181000	3232.51263175	1810	1.33480826e-04	1810.00000000	3.19019483e+15	3.31713547e+15	2.94847314e-03
181100	3234.29793991	1811	1.33554572e-04	1811.00000000	3.19021008e+15	3.31715076e+15	2.94848595e-03
181200	3236.08477612	1812	1.33628319e-04	1812.00000000	3.19022530e+15	3.31716600e+15	2.94849872e-03
181300	3237.86730733	1813	1.33702065e-04	1813.00000000	3.19024047e+15	3.31718121e+15	2.94851146e-03
181400	3239.65826099	1814	1.33775811e-04	1814.00000000	3.19025561e+15	3.31719637e+15	2.94852417e-03
181500	3241.44517984	1815	1.33849558e-04	1815.00000000	3.19027070e+15	3.31721150e+15	2.94853685e-03
181600	3243.23156781	1816	1.33923304e-04	1816.00000000	3.19028576e+15	3.31722659e+15	2.94854949e-03
181700	3245.01894829	1817	1.33997050e-04	1817.00000000	3.19030078e+15	3.31724164e+15	2.94856210e-03
181800	3246.80524533	1818	1.34070796e-04	1818.00000000	3.19031576e+15	3.31725664e+15	2.94857468e-03
181900	3248.58515495	1819	1.34144543e-04	1819.00000000	3.19033070e+15	3.31727162e+15	2.94858722e-03
182000	3250.37218486	1820	1.34218289e-04	1820.00000000	3.19034560e+15	3.31728655e+15	2.94859974e-03
182100	3252.15992184	1821	1.34292035e-04	1821.00000000	3.19036047e+15	3.31730144e+15	2.94861222e-03
182200	3253.94490509	1822	1.34365782e-04	1822.00000000	3.19037529e+15	3.31731630e+15	2.94862467e-03
182300	3255.72702020	1823	1.34439528e-04	1823.00000000	3.19039008e+15	3.31733111e+15	2.94863708e-03
182400	3257.51058552	1824	1.34513274e-04	1824.00000000	3.19040483e+15	3.31734589e+15	2.94864947e-03
182500	3259.29389750	1825	1.34587021e-04	1825.00000000	3.19041954e+15	3.31736063e+15	2.94866182e-03
182600	3261.07901764	1826	1.34660767e-04	1826.00000000	3.19043421e+15	3.31737533e+15	2.94867414e-03
182700	3262.86285678	1827	1.34734513e-04	1827.00000000	3.19044885e+15	3.31739000e+15	2.94868643e-03
182800	3264.64908158	1828	1.34808260e-04	1828.00000000	3.19046345e+15	3.31740463e+15	2.94869869e-03
182900	3266.43412897	1829	1.34882006e-04	1829.00000000	3.19047801e+15	3.31741922e+15	2.94871092e-03
183000	3268.21960801	1830	1.34955752e-04	1830.00000000	3.19049253e+15	3.31743377e+15	2.94872311e-03
183100	3270.00398321	1831	1.35029499e-04	1831.00000000	3.19050702e+15	3.31744829e+15	2.94873528e-03
183200	3271.79202715	1832	1.35103245e-04	1832.00000000	3.19052147e+15	3.31746277e+15	2.94874741e-03
183300	3273.57723524	1833	1.35176991e-04	1833.00000000	3.19053588e+15	3.31747721e+15	2.94875951e-03
183400	3275.36408244	1834	1.35250737e-04	1834.00000000	3.19055026e+15	3.31749162e+15	2.94877159e-03
183500	3277.14742184	1835	1.35324484e-04	1835.00000000	3.19056460e+15	3.31750599e+15	2.94878363e-03
183600	3278.93162444	1836	1.35398230e-04	1836.00000000	3.19057891e+15	3.31752033e+15	2.94879564e-03
183700	3280.71818812	1837	1.35471976e-04	1837.00000000	3.19059317e+15	3.31753462e+15	2.94880762e-03
183800	3282.50516557	1838	1.35545723e-04	1838.00000000	3.19060741e+15	3.31754888e+15	2.94881957e-03
183900	3284.28907269	1839	1.35619469e-04	1839.00000000	3.19062160e+15	3.31756311e+15	2.94883149e-03
184000	3286.07387342	1840	1.35693215e-04	1840.00000000	3.19063576e+15	3.31757730e+15	2.94884338e-03
184100	3287.85887028	1841	1.35766962e-04	1841.00000000	3.19064989e+15	3.31759145e+15	2.94885524e-03
184200	3289.64183504	1842	1.35840708e-04	1842.00000000	3.19066397e+15	3.31760557e+15	2.94886707e-03
184300	3291.42397370	1843	1.35914454e-04	1843.00000000	3.19067803e+15	3.31761965e+15	2.94887887e-03
184400	3293.21813366	1844	1.35988201e-04	1844.00000000	3.19069204e+15	3.31763369e+15	2.94889064e-03
184500	3295.00528117	1845	1.36061947e-04	1845.00000000	3.19070602e+15	3.31764770e+15	2.94890238e-03
184600	3296.79097925	1846	1.36135693e-04	1846.00000000	3.19071996e+15	3.31766167e+15	2.94891409e-03
184700	3298.57753677	1847	1.36209440e-04	1847.00000000	3.19073387e+15	3.31767561e+15	2.94892577e-03
184800	3300.35895118	1848	1.36283186e-04	1848.00000000	3.19074774e+15	3.31768951e+15	2.94893742e-03
184900	3302.14388312	1849	1.36356932e-04	1849.00000000	3.19076158e+15	3.31770338e+15	2.94894904e-03
185000	3303.92695851	1850	1.36430678e-04	1850.00000000	3.19077538e+15	3.31771720e+15	2.94896063e-03
185100	3305.71130600	1851	1.36504425e-04	1851.00000000	3.19078914e+15	3.31773100e+15	2.94897219e-03
185200	3307.49946864	1852	1.36578171e-04	1852.00000000	3.19080287e+15	3.31774475e+15	2.94898372e-03
185300	3309.28255386	1853	1.36651917e-04	1853.00000000	3.19081656e+15	3.31775847e+15	2.94899522e-03
185400	3311.07003788	1854	1.36725664e-04	1854.00000000	3.19083022e+15	3.31777216e+15	2.94900669e-03
185500	3312.85952374	1855	1.36799410e-04	1855.00000000	3.19084384e+15	3.31778581e+15	2.94901813e-03
185600	3314.64356604	1856	1.36873156e-04	1856.00000000	3.19085743e+15	3.31779942e+15	2.94902954e-03
185700	3316.43178108	1857	1.36946903e-04	1857.00000000	3.19087098e+15	3.31781300e+15	2.94904092e-03
185800	3318.21638195	1858	1.37020649e-04	1858.00000000	3.19088449e+15	3.31782655e+15	2.94905227e-03
185900	3320.00077218	1859	1.37094395e-04	1859.00000000	3.19089797e+15	3.31784005e+15	2.94906359e-03
186000	3321.79794232	1860	1.37168142e-04	1860.00000000	3.19091142e+15	3.31785353e+15	2.94907488e-03
186100	3323.59148568	1861	1.37241888e-04	1861.00000000	3.19092483e+15	3.31786696e+15	2.94908615e-03
186200	3325.38087063	1862	1.37315634e-04	1862.00000000	3.19093820e+15	3.31788037e+15	2.94909738e-03
186300	3327.16839373	1863	1.37389381e-04	1863.00000000	3.19095154e+15	3.31789373e+15	2.94910858e-03
186400	3328.95992027	1864	1.37463127e-04	1864.00000000	3.19096482e+15	3.31790704e+15	2.94911973e-03
186500	3330.74440057	1865	1.37536873e-04	1865.00000000	3.19097806e+15	3.31792031e+15	2.94913084e-03
186600	3332.52725715	1866	1.37610619e-04	1866.00000000	3.19099127e+15	3.31793354e+15	2.94914192e-03
186700	3334.31536091	1867	1.37684366e-04	1867.00000000	3.19100444e+15	3.31794674e+15	2.94915298e-03
186800	3336.11055104	1868	1.37758112e-04	1868.00000000	3.19101758e+15	3.31795991e+15	2.94916401e-03
186900	3337.89733160	1869	1.37831858e-04	1869.00000000	3.19103069e+15	3.31797304e+15	2.94917501e-03
187000	3339.68412130	1870	1.37905605e-04	1870.00000000	3.19104376e+15	3.31798614e+15	2.94918599e-03
187100	3341.47669632	1871	1.37979351e-04	1871.00000000	3.19105680e+15	3.31799920e+15	2.94919693e-03
187200	3343.26040843	1872	1.38053097e-04	1872.00000000	3.19106981e+15	3.31801223e+15	2.94920785e-03
187300	3345.04606589	1873	1.38126844e-04	1873.00000000	3.19108278e+15	3.31802523e+15	2.94921874e-03
187400	3346.83137269	1874	1.38200590e-04	1874.00000000	3.19109572e+15	3.31803819e+15	2.94922961e-03
187500	3348.61873504	1875	1.38274336e-04	1875.00000000	3.19110862e+15	3.31805112e+15	2.94924044e-03
187600	3350.40696316	1876	1.38348083e-04	1876.00000000	3.19112149e+15	3.31806402e+15	2.94925125e-03
187700	3352.19495692	1877	1.38421829e-04	1877.00000000	3.19113433e+15	3.31807688e+15	2.94926203e-03
187800	3353.98239350	1878	1.38495575e-04	1878.00000000	3.19114713e+15	3.31808971e+15	2.94927278e-03
187900	3355.77028373	1879	1.38569322e-04	1879.00000000	3.19115990e+15	3.31810251e+15	2.94928350e-03
188000	3357.56000036	1880	1.38643068e-04	1880.00000000	3.19117264e+15	3.31811527e+15	2.94929420e-03
188100	3359.34828016	1881	1.38716814e-04	1881.00000000	3.19118535e+15	3.31812800e+15	2.94930487e-03
188200	3361.13211232	1882	1.38790560e-04	1882.00000000	3.19119802e+15	3.31814070e+15	2.94931551e-03
188300	3362.91440612	1883	1.38864307e-04	1883.00000000	3.19121066e+15	3.31815336e+15	2.94932612e-03
188400	3364.70025963	1884	1.38938053e-04	1884.00000000	3.19122326e+15	3.31816599e+15	2.94933671e-03
188500	3366.48434516	1885	1.39011799e-04	1885.00000000	3.19123583e+15	3.31817859e+15	2.94934727e-03
188600	3368.26763918	1886	1.39085546e-04	1886.00000000	3.19124837e+15	3.31819116e+15	2.94935780e-03
188700	3370.04948226	1887	1.39159292e-04	1887.00000000	3.19126088e+15	3.31820369e+15	2.94936830e-03
188800	3371.84151433	1888	1.39233038e-04	1888.00000000	3.19127335e+15	3.31821619e+15	2.94937878e-03
188900	3373.62804025	1889	1.39306785e-04	1889.00000000	3.19128580e+15	3.31822865e+15	2.94938923e-03
189000	3375.42195422	1890	1.39380531e-04	1890.00000000	3.19129821e+15	3.31824109e+15	2.94939965e-03
189100	3377.21579323	1891	1.39454277e-04	1891.00000000	3.19131058e+15	3.31825349e+15	2.94941004e-03
189200	3379.00249475	1892	1.39528024e-04	1892.00000000	3.19132293e+15	3.31826586e+15	2.94942041e-03
189300	3380.79174505	1893	1.39601770e-04	1893.00000000	3.19133524e+15	3.31827820e+15	2.94943075e-03
189400	3382.57530275	1894	1.39675516e-04	1894.00000000	3.19134752e+15	3.31829051e+15	2.94944106e-03
189500	3384.35503346	1895	1.39749263e-04	1895.00000000	3.19135977e+15	3.31830278e+15	2.94945135e-03
189600	3386.14191571	1896	1.39823009e-04	1896.00000000	3.19137199e+15	3.31831502e+15	2.94946161e-03
189700	3387.92748631	1897	1.39896755e-04	1897.00000000	3.19138418e+15	3.31832724e+15	2.94947185e-03
189800	3389.71040830	1898	1.39970501e-04	1898.00000000	3.19139633e+15	3.31833941e+15	2.94948205e-03
189900	3391.49511020	1899	1.40044248e-04	1899.00000000	3.19140845e+15	3.31835156e+15	2.94949224e-03
190000	3393.28087326	1900	1.40117994e-04	1900.00000000	3.19142054e+15	3.31836368e+15	2.94950239e-03
190100	3395.07218661	1901	1.40191740e-04	1901.00000000	3.19143260e+15	3.31837576e+15	2.94951252e-03
190200	3396.85792048	1902	1.40265487e-04	1902.00000000	3.19144463e+15	3.31838782e+15	2.94952262e-03
190300	3398.64602839	1903	1.40339233e-04	1903.00000000	3.19145663e+15	3.31839984e+15	2.94953270e-03
190400	3400.43739878	1904	1.40412979e-04	1904.00000000	3.19146860e+15	3.31841183e+15	2.94954275e-03
190500	3402.23111283	1905	1.40486726e-04	1905.00000000	3.19148054e+15	3.31842379e+15	2.94955277e-03
190600	3404.02572198	1906	1.40560472e-04	1906.00000000	3.19149244e+15	3.31843572e+15	2.94956277e-03
190700	3405.81125694	1907	1.40634218e-04	1907.00000000	3.19150432e+15	3.31844762e+15	2.94957274e-03
190800	3407.59734340	1908	1.40707965e-04	1908.00000000	3.19151616e+15	3.31845949e+15	2.94958269e-03
190900	3409.38168442	1909	1.40781711e-04	1909.00000000	3.19152797e+15	3.31847133e+15	2.94959261e-03
191000	3411.16961261	1910	1.40855457e-04	1910.00000000	3.19153975e+15	3.31848314e+15	2.94960251e-03
191100	3412.95238049	1911	1.40929204e-04	1911.00000000	3.19155151e+15	3.31849491e+15	2.94961238e-03
191200	3414.73675879	1912	1.41002950e-04	1912.00000000	3.19156323e+15	3.31850666e+15	2.94962222e-03
191300	3416.52602623	1913	1.41076696e-04	1913.00000000	3.19157492e+15	3.31851837e+15	2.94963204e-03
191400	3418.30911566	1914	1.41150442e-04	1914.00000000	3.19158657e+15	3.31853005e+15	2.94964183e-03
191500	3420.09084936	1915	1.41224189e-04	1915.00000000	3.19159820e+15	3.31854171e+15	2.94965160e-03
191600	3421.87429560	1916	1.41297935e-04	1916.00000000	3.19160980e+15	3.31855333e+15	2.94966134e-03
191700	3423.65627984	1917	1.41371681e-04	1917.00000000	3.19162137e+15	3.31856492e+15	2.94967106e-03
191800	3425.43903728	1918	1.41445428e-04	1918.00000000	3.19163291e+15	3.31857648e+15	2.94968075e-03
191900	3427.22169620	1919	1.41519174e-04	1919.00000000	3.19164441e+15	3.31858801e+15	2.94969041e-03
192000	3429.00630948	1920	1.41592920e-04	1920.00000000	3.19165589e+15	3.31859951e+15	2.94970005e-03
192100	3430.79471317	1921	1.41666667e-04	1921.00000000	3.19166734e+15	3.31861098e+15	2.94970967e-03
192200	3432.58258155	1922	1.41740413e-04	1922.00000000	3.19167875e+15	3.31862242e+15	2.94971926e-03
192300	3434.36633018	1923	1.41814159e-04	1923.00000000	3.19169014e+15	3.31863383e+15	2.94972882e-03
192400	3436.15393125	1924	1.41887906e-04	1924.00000000	3.19170149e+15	3.31864521e+15	2.94973836e-03
192500	3437.94194732	1925	1.41961652e-04	1925.00000000	3.19171282e+15	3.31865656e+15	2.94974787e-03
192600	3439.72507819	1926	1.42035398e-04	1926.00000000	3.19172411e+15	3.31866788e+15	2.94975736e-03
192700	3441.51449363	1927	1.42109145e-04	1927.00000000	3.19173538e+15	3.31867917e+15	2.94976682e-03
192800	3443.30084825	1928	1.42182891e-04	1928.00000000	3.19174662e+15	3.31869043e+15	2.94977626e-03
192900	3445.08323886	1929	1.42256637e-04	1929.00000000	3.19175782e+15	3.31870166e+15	2.94978568e-03
193000	3446.86770286	1930	1.42330383e-04	1930.00000000	3.19176900e+15	3.31871286e+15	2.94979506e-03
193100	3448.65352809	1931	1.42404130e-04	1931.00000000	3.19178015e+15	3.31872403e+15	2.94980443e-03
193200	3450.43651105	1932	1.42477876e-04	1932.00000000	3.19179127e+15	3.31873517e+15	2.94981377e-03
193300	3452.22365607	1933	1.42551622e-04	1933.00000000	3.19180235e+15	3.31874628e+15	2.94982308e-03
193400	3454.00917378	1934	1.42625369e-04	1934.00000000	3.19181341e+15	3.31875736e+15	2.94983237e-03
193500	3455.79605231	1935	1.42699115e-04	1935.00000000	3.19182444e+15	3.31876842e+15	2.94984163e-03
193600	3457.58360029	1936	1.42772861e-04	1936.00000000	3.19183544e+15	3.31877944e+15	2.94985088e-03
193700	3459.37387500	1937	1.42846608e-04	1937.00000000	3.19184642e+15	3.31879044e+15	2.94986009e-03
193800	3461.16449820	1938	1.42920354e-04	1938.00000000	3.19185736e+15	3.31880140e+15	2.94986928e-03
193900	3462.95591144	1939	1.42994100e-04	1939.00000000	3.19186827e+15	3.31881234e+15	2.94987845e-03
194000	3464.74168034	1940	1.43067847e-04	1940.00000000	3.19187916e+15	3.31882325e+15	2.94988759e-03
194100	3466.52847563	1941	1.43141593e-04	1941.00000000	3.19189002e+15	3.31883413e+15	2.94989671e-03
194200	3468.31243120	1942	1.43215339e-04	1942.00000000	3.19190085e+15	3.31884498e+15	2.94990581e-03
194300	3470.10200976	1943	1.43289086e-04	1943.00000000	3.19191165e+15	3.31885580e+15	2.94991488e-03
194400	3471.88840212	1944	1.43362832e-04	1944.00000000	3.19192242e+15	3.31886660e+15	2.94992393e-03
194500	3473.67214031	1945	1.43436578e-04	1945.00000000	3.19193316e+15	3.31887736e+15	2.94993295e-03
194600	3475.45694209	1946	1.43510324e-04	1946.00000000	3.19194388e+15	3.31888810e+15	2.94994195e-03
194700	3477.24376514	1947	1.43584071e-04	1947.00000000	3.19195456e+15	3.31889881e+15	2.94995093e-03
194800	3479.03188933	1948	1.43657817e-04	1948.00000000	3.19196522e+15	3.31890949e+15	2.94995988e-03
194900	3480.81919806	1949	1.43731563e-04	1949.00000000	3.19197585e+15	3.31892014e+15	2.94996881e-03
195000	3482.60255397	1950	1.43805310e-04	1950.00000000	3.19198646e+15	3.31893077e+15	2.94997772e-03
195100	3484.39428620	1951	1.43879056e-04	1951.00000000	3.19199703e+15	3.31894136e+15	2.94998660e-03
195200	3486.17856106	1952	1.43952802e-04	1952.00000000	3.19200758e+15	3.31895193e+15	2.94999546e-03
195300	3487.96216078	1953	1.44026549e-04	1953.00000000	3.19201810e+15	3.31896248e+15	2.95000430e-03
195400	3489.74349072	1954	1.44100295e-04	1954.00000000	3.19202859e+15	3.31897299e+15	2.95001311e-03
195500	3491.53033895	1955	1.44174041e-04	1955.00000000	3.19203906e+15	3.31898348e+15	2.95002190e-03
195600	3493.31561974	1956	1.44247788e-04	1956.00000000	3.19204949e+15	3.31899394e+15	2.95003067e-03
195700	3495.10629341	1957	1.44321534e-04	1957.00000000	3.19205990e+15	3.31900437e+15	2.95003941e-03
195800	3496.88834637	1958	1.44395280e-04	1958.00000000	3.19207029e+15	3.31901477e+15	2.95004813e-03
195900	3498.67237956	1959	1.44469027e-04	1959.00000000	3.19208064e+15	3.31902515e+15	2.95005683e-03
196000	3500.45904058	1960	1.44542773e-04	1960.00000000	3.19209097e+15	3.31903550e+15	2.95006551e-03
196100	3502.24776647	1961	1.44616519e-04	1961.00000000	3.19210127e+15	3.31904583e+15	2.95007416e-03
196200	3504.03248517	1962	1.44690265e-04	1962.00000000	3.19211155e+15	3.31905612e+15	2.95008279e-03
196300	3505.81823389	1963	1.44764012e-04	1963.00000000	3.19212180e+15	3.31906639e+15	2.95009140e-03
196400	3507.60476642	1964	1.44837758e-04	1964.00000000	3.19213202e+15	3.31907663e+15	2.95009998e-03
196500	3509.38964945	1965	1.44911504e-04	1965.00000000	3.19214221e+15	3.31908685e+15	2.95010854e-03
196600	3511.17674249	1966	1.44985251e-04	1966.00000000	3.19215238e+15	3.31909704e+15	2.95011709e-03
196700	3512.96327723	1967	1.45058997e-04	1967.00000000	3.19216252e+15	3.31910720e+15	2.95012560e-03
196800	3514.74779716	1968	1.45132743e-04	1968.00000000	3.19217264e+15	3.31911734e+15	2.95013410e-03
196900	3516.53581488	1969	1.45206490e-04	1969.00000000	3.19218273e+15	3.31912745e+15	2.95014257e-03
197000	3518.31697283	1970	1.45280236e-04	1970.00000000	3.19219279e+15	3.31913754e+15	2.95015103e-03
197100	3520.10243977	1971	1.45353982e-04	1971.00000000	3.19220283e+15	3.31914759e+15	2.95015946e-03
197200	3521.88953393	1972	1.45427729e-04	1972.00000000	3.19221284e+15	3.31915763e+15	2.95016787e-03
197300	3523.67872559	1973	1.45501475e-04	1973.00000000	3.19222283e+15	3.31916763e+15	2.95017625e-03
197400	3525.46341910	1974	1.45575221e-04	1974.00000000	3.19223279e+15	3.31917761e+15	2.95018462e-03
197500	3527.25480545	1975	1.45648968e-04	1975.00000000	3.19224272e+15	3.31918757e+15	2.95019296e-03
197600	3529.03821294	1976	1.45722714e-04	1976.00000000	3.19225263e+15	3.31919750e+15	2.95020128e-03
197700	3530.82454916	1977	1.45796460e-04	1977.00000000	3.19226251e+15	3.31920740e+15	2.95020958e-03
197800	3532.60829908	1978	1.45870206e-04	1978.00000000	3.19227237e+15	3.31921728e+15	2.95021786e-03
197900	3534.39608901	1979	1.45943953e-04	1979.00000000	3.19228220e+15	3.31922713e+15	2.95022612e-03
198000	3536.17996284	1980	1.46017699e-04	1980.00000000	3.19229201e+15	3.31923696e+15	2.95023436e-03
198100	3537.96687893	1981	1.46091445e-04	1981.00000000	3.19230179e+15	3.31924676e+15	2.95024257e-03
198200	3539.75278323	1982	1.46165192e-04	1982.00000000	3.19231154e+15	3.31925653e+15	2.95025076e-03
198300	3541.54090642	1983	1.46238938e-04	1983.00000000	3.19232127e+15	3.31926628e+15	2.95025894e-03
198400	3543.32870488	1984	1.46312684e-04	1984.00000000	3.19233098e+15	3.31927601e+15	2.95026709e-03
198500	3545.11319866	1985	1.46386431e-04	1985.00000000	3.19234066e+15	3.31928571e+15	2.95027522e-03
198600	3546.89913003	1986	1.46460177e-04	1986.00000000	3.19235031e+15	3.31929538e+15	2.95028332e-03
198700	3548.68911292	1987	1.46533923e-04	1987.00000000	3.19235994e+15	3.31930503e+15	2.95029141e-03
198800	3550.47194894	1988	1.46607670e-04	1988.00000000	3.19236954e+15	3.31931465e+15	2.95029948e-03
198900	3552.25724518	1989	1.46681416e-04	1989.00000000	3.19237912e+15	3.31932425e+15	2.95030752e-03
199000	3554.04354390	1990	1.46755162e-04	1990.00000000	3.19238868e+15	3.31933383e+15	2.95031555e-03
199100	3555.83246508	1991	1.46828909e-04	1991.00000000	3.19239820e+15	3.31934337e+15	2.95032355e-03
199200	3557.62111277	1992	1.46902655e-04	1992.00000000	3.19240771e+15	3.31935290e+15	2.95033153e-03
199300	3559.40627798	1993	1.46976401e-04	1993.00000000	3.19241719e+15	3.31936240e+15	2.95033950e-03
199400	3561.18918164	1994	1.47050147e-04	1994.00000000	3.19242664e+15	3.31937187e+15	2.95034744e-03
199500	3562.97260126	1995	1.47123894e-04	1995.00000000	3.19243607e+15	3.31938132e+15	2.95035536e-03
199600	3564.75906945	1996	1.47197640e-04	1996.00000000	3.19244548e+15	3.31939075e+15	2.95036326e-03
199700	3566.55034294	1997	1.47271386e-04	1997.00000000	3.19245486e+15	3.31940015e+15	2.95037114e-03
199800	3568.33636135	1998	1.47345133e-04	1998.00000000	3.19246422e+15	3.31940952e+15	2.95037899e-03
199900	3570.12024460	1999	1.47418879e-04	1999.00000000	3.19247355e+15	3.31941888e+15	2.95038683e-03
200000	3571.90451959	2000	1.47492625e-04	2000.00000000	3.19248286e+15	3.31942820e+15	2.95039465e-03
200100	3573.69334991	2001	1.47566372e-04	2001.00000000	3.19249214e+15	3.31943751e+15	2.95040245e-03
200200	3575.47562334	2002	1.47640118e-04	2002.00000000	3.19250140e+15	3.31944678e+15	2.95041022e-03
200300	3577.26248618	2003	1.47713864e-04	2003.00000000	3.19251063e+15	3.31945604e+15	2.95041798e-03
200400	3579.04870457	2004	1.47787611e-04	2004.00000000	3.19251984e+15	3.31946527e+15	2.95042572e-03
200500	3580.83229773	2005	1.47861357e-04	2005.00000000	3.19252903e+15	3.31947447e+15	2.95043343e-03
200600	3582.61772637	2006	1.47935103e-04	2006.00000000	3.19253819e+15	3.31948365e+15	2.95044113e-03
200700	3584.39976258	2007	1.48008850e-04	2007.00000000	3.19254733e+15	3.31949281e+15	2.95044881e-03
200800	3586.18802598	2008	1.48082596e-04	2008.00000000	3.19255645e+15	3.31950195e+15	2.95045646e-03
200900	3587.97701766	2009	1.48156342e-04	2009.00000000	3.19256554e+15	3.31951106e+15	2.95046410e-03
201000	3589.76086908	2010	1.48230088e-04	2010.00000000	3.19257460e+15	3.31952014e+15	2.95047171e-03
201100	3591.54884193	2011	1.48303835e-04	2011.00000000	3.19258365e+15	3.31952920e+15	2.95047931e-03
201200	3593.33650975	2012	1.48377581e-04	2012.00000000	3.19259267e+15	3.31953824e+15	2.95048688e-03
201300	3595.12646951	2013	1.48451327e-04	2013.00000000	3.19260166e+15	3.31954726e+15	2.95049444e-03
201400	3596.91458198	2014	1.48525074e-04	2014.00000000	3.19261063e+15	3.31955625e+15	2.95050198e-03
201500	3598.69750169	2015	1.48598820e-04	2015.00000000	3.19261958e+15	3.31956521e+15	2.95050949e-03
201600	3600.48180587	2016	1.48672566e-04	2016.00000000	3.19262851e+15	3.31957416e+15	2.95051699e-03
201700	3602.26443900	2017	1.48746313e-04	2017.00000000	3.19263741e+15	3.31958308e+15	2.95052447e-03
201800	3604.04752778	2018	1.48820059e-04	2018.00000000	3.19264629e+15	3.31959198e+15	2.95053192e-03
201900	3605.83283574	2019	1.48893805e-04	2019.00000000	3.19265514e+15	3.31960085e+15	2.95053936e-03
202000	3607.61782049	2020	1.48967552e-04	2020.00000000	3.19266398e+15	3.31960970e+15	2.95054678e-03
202100	3609.40596928	2021	1.49041298e-04	2021.00000000	3.19267279e+15	3.31961853e+15	2.95055418e-03
202200	3611.19832286	2022	1.49115044e-04	2022.00000000	3.19268157e+15	3.31962733e+15	2.95056156e-03
202300	3612.98387404	2023	1.49188791e-04	2023.00000000	3.19269033e+15	3.31963611e+15	2.95056892e-03
202400	3614.77075746	2024	1.49262537e-04	2024.00000000	3.19269907e+15	3.31964487e+15	2.95057626e-03
202500	3616.55809455	2025	1.49336283e-04	2025.00000000	3.19270779e+15	3.31965361e+15	2.95058359e-03
202600	3618.34131335	2026	1.49410029e-04	2026.00000000	3.19271649e+15	3.31966232e+15	2.95059089e-03
202700	3620.12870769	2027	1.49483776e-04	2027.00000000	3.19272516e+15	3.31967101e+15	2.95059817e-03
202800	3621.92194921	2028	1.49557522e-04	2028.00000000	3.19273381e+15	3.31967968e+15	2.95060544e-03
202900	3623.71602026	2029	1.49631268e-04	2029.00000000	3.19274243e+15	3.31968832e+15	2.95061268e-03
203000	3625.50258155	2030	1.49705015e-04	2030.00000000	3.19275104e+15	3.31969694e+15	2.95061991e-03
203100	3627.28522698	2031	1.49778761e-04	2031.00000000	3.19275962e+15	3.31970554e+15	2.95062712e-03
203200	3629.06957526	2032	1.49852507e-04	2032.00000000	3.19276818e+15	3.31971412e+15	2.95063431e-03
203300	3630.85756708	2033	1.49926254e-04	2033.00000000	3.19277672e+15	3.31972268e+15	2.95064148e-03
203400	3632.64114110	2034	1.50000000e-04	2034.00000000	3.19278523e+15	3.31973121e+15	2.95064863e-03
203500	3634.42592810	2035	1.50073746e-04	2035.00000000	3.19279373e+15	3.31973972e+15	2.95065577e-03
203600	3636.21338041	2036	1.50147493e-04	2036.00000000	3.19280220e+15	3.31974821e+15	2.95066288e-03
203700	3638.00240728	2037	1.50221239e-04	2037.00000000	3.19281064e+15	3.31975667e+15	2.95066998e-03
203800	3639.78348459	2038	1.50294985e-04	2038.00000000	3.19281907e+15	3.31976512e+15	2.95067706e-03
203900	3641.56623044	2039	1.50368732e-04	2039.00000000	3.19282748e+15	3.31977354e+15	2.95068411e-03
204000	3643.34813681	2040	1.50442478e-04	2040.00000000	3.19283586e+15	3.31978194e+15	2.95069116e-03
204100	3645.13644833	2041	1.50516224e-04	2041.00000000	3.19284422e+15	3.31979032e+15	2.95069818e-03
204200	3646.92313154	2042	1.50589971e-04	2042.00000000	3.19285256e+15	3.31979867e+15	2.95070518e-03
204300	3648.70837867	2043	1.50663717e-04	2043.00000000	3.19286088e+15	3.31980701e+15	2.95071217e-03
204400	3650.49160221	2044	1.50737463e-04	2044.00000000	3.19286917e+15	3.31981532e+15	2.95071914e-03
204500	3652.28218103	2045	1.50811209e-04	2045.00000000	3.19287745e+15	3.31982361e+15	2.95072609e-03
204600	3654.06685661	2046	1.50884956e-04	2046.00000000	3.19288570e+15	3.31983188e+15	2.95073302e-03
204700	3655.85240279	2047	1.50958702e-04	2047.00000000	3.19289393e+15	3.31984013e+15	2.95073993e-03
204800	3657.63571020	2048	1.51032448e-04	2048.00000000	3.19290214e+15	3.31984836e+15	2.95074683e-03
204900	3659.41922569	2049	1.51106195e-04	2049.00000000	3.19291033e+15	3.31985656e+15	2.95075371e-03
205000	3661.20127050	2050	1.51179941e-04	2050.00000000	3.19291849e+15	3.31986475e+15	2.95076057e-03
205100	3662.98440250	2051	1.51253687e-04	2051.00000000	3.19292664e+15	3.31987291e+15	2.95076741e-03
205200	3664.76442849	2052	1.51327434e-04	2052.00000000	3.19293476e+15	3.31988105e+15	2.95077423e-03
205300	3666.54786062	2053	1.51401180e-04	2053.00000000	3.19294287e+15	3.31988917e+15	2.95078104e-03
205400	3668.33354707	2054	1.51474926e-04	2054.00000000	3.19295095e+15	3.31989727e+15	2.95078783e-03
205500	3670.12551503	2055	1.51548673e-04	2055.00000000	3.19295901e+15	3.31990535e+15	2.95079460e-03
205600	3671.91081696	2056	1.51622419e-04	2056.00000000	3.19296705e+15	3.31991341e+15	2.95080136e-03
205700	3673.70046967	2057	1.51696165e-04	2057.00000000	3.19297507e+15	3.31992144e+15	2.95080809e-03
205800	3675.48220189	2058	1.51769912e-04	2058.00000000	3.19298307e+15	3.31992946e+15	2.95081481e-03
205900	3677.26313434	2059	1.51843658e-04	2059.00000000	3.19299105e+15	3.31993745e+15	2.95082151e-03
206000	3679.04478433	2060	1.51917404e-04	2060.00000000	3.19299901e+15	3.31994543e+15	2.95082820e-03
206100	3680.82850148	2061	1.51991150e-04	2061.00000000	3.19300694e+15	3.31995338e+15	2.95083486e-03
206200	3682.60884989	2062	1.52064897e-04	2062.00000000	3.19301486e+15	3.31996131e+15	2.95084151e-03
206300	3684.39331308	2063	1.52138643e-04	2063.00000000	3.19302276e+15	3.31996923e+15	2.95084815e-03
206400	3686.17482044	2064	1.52212389e-04	2064.00000000	3.19303063e+15	3.31997712e+15	2.95085476e-03
206500	3687.96109753	2065	1.52286136e-04	2065.00000000	3.19303849e+15	3.31998499e+15	2.95086136e-03
206600	3689.75118908	2066	1.52359882e-04	2066.00000000	3.19304632e+15	3.31999284e+15	2.95086794e-03
206700	3691.54202244	2067	1.52433628e-04	2067.00000000	3.19305414e+15	3.32000067e+15	2.95087450e-03
206800	3693.32434027	2068	1.52507375e-04	2068.00000000	3.19306193e+15	3.32000848e+15	2.95088105e-03
206900	3695.10816955	2069	1.52581121e-04	2069.00000000	3.19306970e+15	3.32001627e+15	2.95088758e-03
207000	3696.89074472	2070	1.52654867e-04	2070.00000000	3.19307746e+15	3.32002404e+15	2.95089409e-03
207100	3698.67342617	2071	1.52728614e-04	2071.00000000	3.19308519e+15	3.32003179e+15	2.95090059e-03
207200	3700.45936851	2072	1.52802360e-04	2072.00000000	3.19309291e+15	3.32003952e+15	2.95090707e-03
207300	3702.24317117	2073	1.52876106e-04	2073.00000000	3.19310060e+15	3.32004723e+15	2.95091353e-03
207400	3704.03100532	2074	1.52949853e-04	2074.00000000	3.19310827e+15	3.32005492e+15	2.95091998e-03
207500	3705.82229416	2075	1.53023599e-04	2075.00000000	3.19311593e+15	3.32006259e+15	2.95092641e-03
207600	3707.60630595	2076	1.53097345e-04	2076.00000000	3.19312356e+15	3.32007024e+15	2.95093282e-03
207700	3709.38904045	2077	1.53171091e-04	2077.00000000	3.19313117e+15	3.32007787e+15	2.95093921e-03
207800	3711.18539183	2078	1.53244838e-04	2078.00000000	3.19313877e+15	3.32008548e+15	2.95094559e-03
207900	3712.97130046	2079	1.53318584e-04	2079.00000000	3.19314634e+15	3.32009307e+15	2.95095195e-03
208000	3714.76285504	2080	1.53392330e-04	2080.00000000	3.19315390e+15	3.32010064e+15	2.95095830e-03
208100	3716.54970152	2081	1.53466077e-04	2081.00000000	3.19316143e+15	3.32010819e+15	2.95096463e-03
208200	3718.33552604	2082	1.53539823e-04	2082.00000000	3.19316895e+15	3.32011572e+15	2.95097094e-03
208300	3720.12734598	2083	1.53613569e-04	2083.00000000	3.19317644e+15	3.32012323e+15	2.95097724e-03
208400	3721.91529631	2084	1.53687316e-04	2084.00000000	3.19318392e+15	3.32013073e+15	2.95098352e-03
208500	3723.70355121	2085	1.53761062e-04	2085.00000000	3.19319138e+15	3.32013820e+15	2.95098978e-03
208600	3725.48794967	2086	1.53834808e-04	2086.00000000	3.19319882e+15	3.32014565e+15	2.95099603e-03
208700	3727.27582125	2087	1.53908555e-04	2087.00000000	3.19320624e+15	3.32015309e+15	2.95100226e-03
208800	3729.06014288	2088	1.53982301e-04	2088.00000000	3.19321364e+15	3.32016050e+15	2.95100848e-03
208900	3730.84560052	2089	1.54056047e-04	2089.00000000	3.19322102e+15	3.32016790e+15	2.95101468e-03
209000	3732.62993171	2090	1.54129794e-04	2090.00000000	3.19322838e+15	3.32017528e+15	2.95102086e-03
209100	3734.42234692	2091	1.54203540e-04	2091.00000000	3.19323572e+15	3.32018263e+15	2.95102703e-03
209200	3736.21008322	2092	1.54277286e-04	2092.00000000	3.19324304e+15	3.32018997e+15	2.95103318e-03
209300	3737.99672488	2093	1.54351032e-04	2093.00000000	3.19325035e+15	3.32019729e+15	2.95103932e-03
209400	3739.77930887	2094	1.54424779e-04	2094.00000000	3.19325763e+15	3.32020459e+15	2.95104543e-03
209500	3741.56311657	2095	1.54498525e-04	2095.00000000	3.19326490e+15	3.32021187e+15	2.95105154e-03
209600	3743.34771019	2096	1.54572271e-04	2096.00000000	3.19327215e+15	3.32021914e+15	2.95105763e-03
209700	3745.13407163	2097	1.54646018e-04	2097.00000000	3.19327938e+15	3.32022638e+15	2.95106370e-03
209800	3746.91694441	2098	1.54719764e-04	2098.00000000	3.19328659e+15	3.32023361e+15	2.95106975e-03
209900	3748.70077490	2099	1.54793510e-04	2099.00000000	3.19329378e+15	3.32024081e+15	2.95107580e-03
210000	3750.48700173	2100	1.54867257e-04	2100.00000000	3.19330095e+15	3.32024800e+15	2.95108182e-03
210100	3752.27485684	2101	1.54941003e-04	2101.00000000	3.19330811e+15	3.32025517e+15	2.95108783e-03
210200	3754.05591538	2102	1.55014749e-04	2102.00000000	3.19331524e+15	3.32026232e+15	2.95109382e-03
210300	3755.84061735	2103	1.55088496e-04	2103.00000000	3.19332236e+15	3.32026945e+15	2.95109980e-03
210400	3757.62447329	2104	1.55162242e-04	2104.00000000	3.19332946e+15	3.32027657e+15	2.95110577e-03
210500	3759.40860196	2105	1.55235988e-04	2105.00000000	3.19333654e+15	3.32028366e+15	2.95111171e-03
210600	3761.19211686	2106	1.55309735e-04	2106.00000000	3.19334360e+15	3.32029074e+15	2.95111765e-03
210700	3762.97970497	2107	1.55383481e-04	2107.00000000	3.19335065e+15	3.32029780e+15	2.95112356e-03
210800	3764.76413467	2108	1.55457227e-04	2108.00000000	3.19335767e+15	3.32030484e+15	2.95112946e-03
210900	3766.54802647	2109	1.55530973e-04	2109.00000000	3.19336468e+15	3.32031186e+15	2.95113535e-03
211000	3768.33335699	2110	1.55604720e-04	2110.00000000	3.19337167e+15	3.32031887e+15	2.95114122e-03
211100	3770.11987099	2111	1.55678466e-04	2111.00000000	3.19337864e+15	3.32032585e+15	2.95114708e-03
211200	3771.90493195	2112	1.55752212e-04	2112.00000000	3.19338560e+15	3.32033282e+15	2.95115292e-03
211300	3773.69154800	2113	1.55825959e-04	2113.00000000	3.19339253e+15	3.32033977e+15	2.95115874e-03
211400	3775.47363416	2114	1.55899705e-04	2114.00000000	3.19339945e+15	3.32034670e+15	2.95116455e-03
211500	3777.26413922	2115	1.55973451e-04	2115.00000000	3.19340635e+15	3.32035362e+15	2.95117035e-03
211600	3779.05165625	2116	1.56047198e-04	2116.00000000	3.19341323e+15	3.32036051e+15	2.95117613e-03
211700	3780.84309118	2117	1.56120944e-04	2117.00000000	3.19342010e+15	3.32036739e+15	2.95118190e-03
211800	3782.63058589	2118	1.56194690e-04	2118.00000000	3.19342694e+15	3.32037425e+15	2.95118765e-03
211900	3784.41448045	2119	1.56268437e-04	2119.00000000	3.19343377e+15	3.32038110e+15	2.95119338e-03
212000	3786.20311116	2120	1.56342183e-04	2120.00000000	3.19344058e+15	3.32038792e+15	2.95119910e-03
212100	3787.99599621	2121	1.56415929e-04	2121.00000000	3.19344738e+15	3.32039473e+15	2.95120481e-03
212200	3789.78156529	2122	1.56489676e-04	2122.00000000	3.19345415e+15	3.32040152e+15	2.95121050e-03
212300	3791.56620088	2123	1.56563422e-04	2123.00000000	3.19346091e+15	3.32040829e+15	2.95121618e-03
212400	3793.35268395	2124	1.56637168e-04	2124.00000000	3.19346765e+15	3.32041505e+15	2.95122184e-03
212500	3795.13724857	2125	1.56710914e-04	2125.00000000	3.19347438e+15	3.32042179e+15	2.95122749e-03
212600	3796.92205212	2126	1.56784661e-04	2126.00000000	3.19348108e+15	3.32042851e+15	2.95123312e-03
212700	3798.71274389	2127	1.56858407e-04	2127.00000000	3.19348777e+15	3.32043521e+15	2.95123874e-03
212800	3800.49619666	2128	1.56932153e-04	2128.00000000	3.19349444e+15	3.32044189e+15	2.95124434e-03
212900	3802.28008359	2129	1.57005900e-04	2129.00000000	3.19350110e+15	3.32044856e+15	2.95124993e-03
213000	3804.06221850	2130	1.57079646e-04	2130.00000000	3.19350773e+15	3.32045521e+15	2.95125550e-03
213100	3805.84680420	2131	1.57153392e-04	2131.00000000	3.19351435e+15	3.32046184e+15	2.95126106e-03
213200	3807.63190135	2132	1.57227139e-04	2132.00000000	3.19352095e+15	3.32046846e+15	2.95126661e-03
213300	3809.41723020	2133	1.57300885e-04	2133.00000000	3.19352754e+15	3.32047505e+15	2.95127214e-03
213400	3811.20275277	2134	1.57374631e-04	2134.00000000	3.19353410e+15	3.32048163e+15	2.95127766e-03
213500	3812.98726579	2135	1.57448378e-04	2135.00000000	3.19354065e+15	3.32048820e+15	2.95128316e-03
213600	3814.77521309	2136	1.57522124e-04	2136.00000000	3.19354718e+15	3.32049474e+15	2.95128864e-03
213700	3816.56474226	2137	1.57595870e-04	2137.00000000	3.19355370e+15	3.32050127e+15	2.95129412e-03
213800	3818.35064418	2138	1.57669617e-04	2138.00000000	3.19356020e+15	3.32050778e+15	2.95129958e-03
213900	3820.13723056	2139	1.57743363e-04	2139.00000000	3.19356668e+15	3.32051428e+15	2.95130502e-03
214000	3821.92073594	2140	1.57817109e-04	2140.00000000	3.19357314e+15	3.32052076e+15	2.95131045e-03
214100	3823.70463733	2141	1.57890855e-04	2141.00000000	3.19357959e+15	3.32052722e+15	2.95131586e-03
214200	3825.49124335	2142	1.57964602e-04	2142.00000000	3.19358602e+15	3.32053366e+15	2.95132127e-03
214300	3827.28130371	2143	1.58038348e-04	2143.00000000	3.19359243e+15	3.32054009e+15	2.95132665e-03
214400	3829.06586926	2144	1.58112094e-04	2144.00000000	3.19359883e+15	3.32054650e+15	2.95133203e-03
214500	3830.85294309	2145	1.58185841e-04	2145.00000000	3.19360521e+15	3.32055289e+15	2.95133739e-03
214600	3832.63634050	2146	1.58259587e-04	2146.00000000	3.19361157e+15	3.32055927e+15	2.95134273e-03
214700	3834.42302865	2147	1.58333333e-04	2147.00000000	3.19361792e+15	3.32056563e+15	2.95134806e-03
214800	3836.20950311	2148	1.58407080e-04	2148.00000000	3.19362425e+15	3.32057197e+15	2.95135338e-03
214900	3837.99448173	2149	1.58480826e-04	2149.00000000	3.19363056e+15	3.32057830e+15	2.95135868e-03
215000	3839.77815088	2150	1.58554572e-04	2150.00000000	3.19363686e+15	3.32058461e+15	2.95136397e-03
215100	3841.56040259	2151	1.58628319e-04	2151.00000000	3.19364314e+15	3.32059090e+15	2.95136925e-03
215200	3843.34628209	2152	1.58702065e-04	2152.00000000	3.19364940e+15	3.32059717e+15	2.95137451e-03
215300	3845.13102223	2153	1.58775811e-04	2153.00000000	3.19365565e+15	3.32060343e+15	2.95137976e-03
215400	3846.91497437	2154	1.58849558e-04	2154.00000000	3.19366188e+15	3.32060968e+15	2.95138499e-03
215500	3848.69948314	2155	1.58923304e-04	2155.00000000	3.19366809e+15	3.32061591e+15	2.95139021e-03
215600	3850.48360579	2156	1.58997050e-04	2156.00000000	3.19367429e+15	3.32062212e+15	2.95139542e-03
215700	3852.26748136	2157	1.59070796e-04	2157.00000000	3.19368047e+15	3.32062831e+15	2.95140061e-03
215800	3854.05316989	2158	1.59144543e-04	2158.00000000	3.19368664e+15	3.32063449e+15	2.95140579e-03
215900	3855.84050114	2159	1.59218289e-04	2159.00000000	3.19369279e+15	3.32064065e+15	2.95141095e-03
216000	3857.62602354	2160	1.59292035e-04	2160.00000000	3.19369892e+15	3.32064680e+15	2.95141611e-03
216100	3859.41263858	2161	1.59365782e-04	2161.00000000	3.19370504e+15	3.32065293e+15	2.95142124e-03
216200	3861.19807138	2162	1.59439528e-04	2162.00000000	3.19371114e+15	3.32065904e+15	2.95142637e-03
216300	3862.98031018	2163	1.59513274e-04	2163.00000000	3.19371723e+15	3.32066514e+15	2.95143148e-03
216400	3864.76113580	2164	1.59587021e-04	2164.00000000	3.19372329e+15	3.32067122e+15	2.95143658e-03
216500	3866.54721797	2165	1.59660767e-04	2165.00000000	3.19372935e+15	3.32067729e+15	2.95144166e-03
216600	3868.33130385	2166	1.59734513e-04	2166.00000000	3.19373539e+15	3.32068334e+15	2.95144673e-03
216700	3870.11383211	2167	1.59808260e-04	2167.00000000	3.19374141e+15	3.32068937e+15	2.95145179e-03
216800	3871.89432647	2168	1.59882006e-04	2168.00000000	3.19374741e+15	3.32069539e+15	2.95145684e-03
216900	3873.67979236	2169	1.59955752e-04	2169.00000000	3.19375340e+15	3.32070139e+15	2.95146187e-03
217000	3875.46297914	2170	1.60029499e-04	2170.00000000	3.19375938e+15	3.32070738e+15	2.95146689e-03
217100	3877.25252647	2171	1.60103245e-04	2171.00000000	3.19376533e+15	3.32071335e+15	2.95147189e-03
217200	3879.04249413	2172	1.60176991e-04	2172.00000000	3.19377128e+15	3.32071930e+15	2.95147688e-03
217300	3880.82609979	2173	1.60250737e-04	2173.00000000	3.19377720e+15	3.32072524e+15	2.95148186e-03
217400	3882.61157543	2174	1.60324484e-04	2174.00000000	3.19378312e+15	3.32073117e+15	2.95148683e-03
217500	3884.39726908	2175	1.60398230e-04	2175.00000000	3.19378901e+15	3.32073708e+15	2.95149178e-03
217600	3886.18132163	2176	1.60471976e-04	2176.00000000	3.19379489e+15	3.32074297e+15	2.95149672e-03
217700	3887.97028994	2177	1.60545723e-04	2177.00000000	3.19380076e+15	3.32074885e+15	2.95150165e-03
217800	3889.75971710	2178	1.60619469e-04	2178.00000000	3.19380661e+15	3.32075471e+15	2.95150656e-03
217900	3891.54644438	2179	1.60693215e-04	2179.00000000	3.19381244e+15	3.32076055e+15	2.95151146e-03
218000	3893.34131587	2180	1.60766962e-04	2180.00000000	3.19381826e+15	3.32076638e+15	2.95151635e-03
218100	3895.13333113	2181	1.60840708e-04	2181.00000000	3.19382406e+15	3.32077220e+15	2.95152123e-03
218200	3896.92076450	2182	1.60914454e-04	2182.00000000	3.19382985e+15	3.32077800e+15	2.95152609e-03
218300	3898.70565824	2183	1.60988201e-04	2183.00000000	3.19383562e+15	3.32078379e+15	2.95153094e-03
218400	3900.49049459	2184	1.61061947e-04	2184.00000000	3.19384138e+15	3.32078956e+15	2.95153577e-03
218500	3902.27837941	2185	1.61135693e-04	2185.00000000	3.19384712e+15	3.32079531e+15	2.95154060e-03
218600	3904.06721512	2186	1.61209440e-04	2186.00000000	3.19385285e+15	3.32080105e+15	2.95154541e-03
218700	3905.85333872	2187	1.61283186e-04	2187.00000000	3.19385856e+15	3.32080677e+15	2.95155021e-03
218800	3907.63947270	2188	1.61356932e-04	2188.00000000	3.19386426e+15	3.32081248e+15	2.95155499e-03
218900	3909.42275262	2189	1.61430678e-04	2189.00000000	3.19386994e+15	3.32081818e+15	2.95155977e-03
219000	3911.20909640	2190	1.61504425e-04	2190.00000000	3.19387561e+15	3.32082386e+15	2.95156453e-03
219100	3912.99952030	2191	1.61578171e-04	2191.00000000	3.19388126e+15	3.32082952e+15	2.95156928e-03
219200	3914.78479778	2192	1.61651917e-04	2192.00000000	3.19388690e+15	3.32083517e+15	2.95157401e-03
219300	3916.57052417	2193	1.61725664e-04	2193.00000000	3.19389252e+15	3.32084080e+15	2.95157874e-03
219400	3918.35235927	2194	1.61799410e-04	2194.00000000	3.19389813e+15	3.32084642e+15	2.95158345e-03
219500	3920.13731900	2195	1.61873156e-04	2195.00000000	3.19390373e+15	3.32085203e+15	2.95158815e-03
219600	3921.92293022	2196	1.61946903e-04	2196.00000000	3.19390930e+15	3.32085762e+15	2.95159283e-03
219700	3923.70419151	2197	1.62020649e-04	2197.00000000	3.19391487e+15	3.32086319e+15	2.95159751e-03
219800	3925.49120156	2198	1.62094395e-04	2198.00000000	3.19392042e+15	3.32086876e+15	2.95160217e-03
219900	3927.28051149	2199	1.62168142e-04	2199.00000000	3.19392595e+15	3.32087430e+15	2.95160682e-03
220000	3929.06484870	2200	1.62241888e-04	2200.00000000	3.19393147e+15	3.32087983e+15	2.95161146e-03
220100	3930.85402562	2201	1.62315634e-04	2201.00000000	3.19393698e+15	3.32088535e+15	2.95161608e-03
220200	3932.64180987	2202	1.62389381e-04	2202.00000000	3.19394247e+15	3.32089085e+15	2.95162069e-03
220300	3934.43034506	2203	1.62463127e-04	2203.00000000	3.19394794e+15	3.32089634e+15	2.95162529e-03
220400	3936.22130115	2204	1.62536873e-04	2204.00000000	3.19395341e+15	3.32090181e+15	2.95162988e-03
220500	3938.00675059	2205	1.62610619e-04	2205.00000000	3.19395885e+15	3.32090727e+15	2.95163446e-03
220600	3939.79311798	2206	1.62684366e-04	2206.00000000	3.19396429e+15	3.32091272e+15	2.95163902e-03
220700	3941.57788050	2207	1.62758112e-04	2207.00000000	3.19396971e+15	3.32091815e+15	2.95164358e-03
220800	3943.36897252	2208	1.62831858e-04	2208.00000000	3.19397511e+15	3.32092356e+15	2.95164812e-03
220900	3945.15368733	2209	1.62905605e-04	2209.00000000	3.19398050e+15	3.32092897e+15	2.95165264e-03
221000	3946.93847738	2210	1.62979351e-04	2210.00000000	3.19398588e+15	3.32093435e+15	2.95165716e-03
221100	3948.72666940	2211	1.63053097e-04	2211.00000000	3.19399124e+15	3.32093973e+15	2.95166166e-03
221200	3950.51817589	2212	1.63126844e-04	2212.00000000	3.19399659e+15	3.32094508e+15	2.95166616e-03
221300	3952.30624525	2213	1.63200590e-04	2213.00000000	3.19400192e+15	3.32095043e+15	2.95167064e-03
221400	3954.09713327	2214	1.63274336e-04	2214.00000000	3.19400724e+15	3.32095576e+15	2.95167511e-03
221500	3955.88160575	2215	1.63348083e-04	2215.00000000	3.19401255e+15	3.32096108e+15	2.95167956e-03
221600	3957.67200783	2216	1.63421829e-04	2216.00000000	3.19401784e+15	3.32096638e+15	2.95168401e-03
221700	3959.45695921	2217	1.63495575e-04	2217.00000000	3.19402312e+15	3.32097167e+15	2.95168844e-03
221800	3961.24203895	2218	1.63569322e-04	2218.00000000	3.19402838e+15	3.32097694e+15	2.95169287e-03
221900	3963.02820020	2219	1.63643068e-04	2219.00000000	3.19403363e+15	3.32098221e+15	2.95169728e-03
222000	3964.81385350	2220	1.63716814e-04	2220.00000000	3.19403887e+15	3.32098745e+15	2.95170168e-03
222100	3966.59734641	2221	1.63790560e-04	2221.00000000	3.19404409e+15	3.32099269e+15	2.95170606e-03
222200	3968.38381720	2222	1.63864307e-04	2222.00000000	3.19404930e+15	3.32099791e+15	2.95171044e-03
222300	3970.16673383	2223	1.63938053e-04	2223.00000000	3.19405449e+15	3.32100311e+15	2.95171480e-03
222400	3971.95158145	2224	1.64011799e-04	2224.00000000	3.19405967e+15	3.32100830e+15	2.95171915e-03
222500	3973.73814816	2225	1.64085546e-04	2225.00000000	3.19406484e+15	3.32101348e+15	2.95172350e-03
222600	3975.52820007	2226	1.64159292e-04	2226.00000000	3.19406999e+15	3.32101865e+15	2.95172783e-03
222700	3977.31718387	2227	1.64233038e-04	2227.00000000	3.19407513e+15	3.32102380e+15	2.95173214e-03
222800	3979.10705691	2228	1.64306785e-04	2228.00000000	3.19408026e+15	3.32102893e+15	2.95173645e-03
222900	3980.89256120	2229	1.64380531e-04	2229.00000000	3.19408538e+15	3.32103406e+15	2.95174075e-03
223000	3982.67948850	2230	1.64454277e-04	2230.00000000	3.19409048e+15	3.32103917e+15	2.95174503e-03
223100	3984.46671906	2231	1.64528024e-04	2231.00000000	3.19409556e+15	3.32104427e+15	2.95174930e-03
223200	3986.25275747	2232	1.64601770e-04	2232.00000000	3.19410063e+15	3.32104935e+15	2.95175357e-03
223300	3988.03631466	2233	1.64675516e-04	2233.00000000	3.19410569e+15	3.32105442e+15	2.95175782e-03
223400	3989.82068715	2234	1.64749263e-04	2234.00000000	3.19411074e+15	3.32105948e+15	2.95176206e-03
223500	3991.60671098	2235	1.64823009e-04	2235.00000000	3.19411577e+15	3.32106452e+15	2.95176628e-03
223600	3993.39082427	2236	1.64896755e-04	2236.00000000	3.19412079e+15	3.32106955e+15	2.95177050e-03
223700	3995.17541399	2237	1.64970501e-04	2237.00000000	3.19412580e+15	3.32107457e+15	2.95177471e-03
223800	3996.96188442	2238	1.65044248e-04	2238.00000000	3.19413079e+15	3.32107957e+15	2.95177890e-03
223900	3998.74818310	2239	1.65117994e-04	2239.00000000	3.19413577e+15	3.32108456e+15	2.95178309e-03
224000	4000.53363528	2240	1.65191740e-04	2240.00000000	3.19414074e+15	3.32108954e+15	2.95178726e-03
224100	4002.32063343	2241	1.65265487e-04	2241.00000000	3.19414570e+15	3.32109451e+15	2.95179142e-03
224200	4004.10457323	2242	1.65339233e-04	2242.00000000	3.19415064e+15	3.32109946e+15	2.95179557e-03
224300	4005.88941817	2243	1.65412979e-04	2243.00000000	3.19415556e+15	3.32110440e+15	2.95179971e-03
224400	4007.67698233	2244	1.65486726e-04	2244.00000000	3.19416048e+15	3.32110932e+15	2.95180384e-03
224500	4009.46874744	2245	1.65560472e-04	2245.00000000	3.19416538e+15	3.32111423e+15	2.95180796e-03
224600	4011.26202015	2246	1.65634218e-04	2246.00000000	3.19417027e+15	3.32111913e+15	2.95181207e-03
224700	4013.04941775	2247	1.65707965e-04	2247.00000000	3.19417515e+15	3.32112402e+15	2.95181616e-03
224800	4014.83521791	2248	1.65781711e-04	2248.00000000	3.19418001e+15	3.32112889e+15	2.95182025e-03
224900	4016.61879723	2249	1.65855457e-04	2249.00000000	3.19418486e+15	3.32113375e+15	2.95182432e-03
225000	4018.40457252	2250	1.65929204e-04	2250.00000000	3.19418970e+15	3.32113860e+15	2.95182839e-03
225100	4020.19108796	2251	1.66002950e-04	2251.00000000	3.19419453e+15	3.32114344e+15	2.95183244e-03
225200	4021.97531648	2252	1.66076696e-04	2252.00000000	3.19419934e+15	3.32114826e+15	2.95183649e-03
225300	4023.76331243	2253	1.66150442e-04	2253.00000000	3.19420414e+15	3.32115307e+15	2.95184052e-03
225400	4025.55134978	2254	1.66224189e-04	2254.00000000	3.19420893e+15	3.32115787e+15	2.95184454e-03
225500	4027.33930716	2255	1.66297935e-04	2255.00000000	3.19421370e+15	3.32116265e+15	2.95184855e-03
225600	4029.12665009	2256	1.66371681e-04	2256.00000000	3.19421846e+15	3.32116743e+15	2.95185255e-03
225700	4030.91229974	2257	1.66445428e-04	2257.00000000	3.19422321e+15	3.32117219e+15	2.95185654e-03
225800	4032.70065369	2258	1.66519174e-04	2258.00000000	3.19422795e+15	3.32117693e+15	2.95186052e-03
225900	4034.48843184	2259	1.66592920e-04	2259.00000000	3.19423268e+15	3.32118167e+15	2.95186449e-03
226000	4036.27328776	2260	1.66666667e-04	2260.00000000	3.19423739e+15	3.32118639e+15	2.95186845e-03
226100	4038.06236572	2261	1.66740413e-04	2261.00000000	3.19424209e+15	3.32119110e+15	2.95187240e-03
226200	4039.84940881	2262	1.66814159e-04	2262.00000000	3.19424678e+15	3.32119580e+15	2.95187634e-03
226300	4041.63498737	2263	1.66887906e-04	2263.00000000	3.19425145e+15	3.32120048e+15	2.95188026e-03
226400	4043.42311642	2264	1.66961652e-04	2264.00000000	3.19425612e+15	3.32120516e+15	2.95188418e-03
226500	4045.20866519	2265	1.67035398e-04	2265.00000000	3.19426077e+15	3.32120982e+15	2.95188809e-03
226600	4046.99768941	2266	1.67109145e-04	2266.00000000	3.19426541e+15	3.32121447e+15	2.95189199e-03
226700	4048.78397407	2267	1.67182891e-04	2267.00000000	3.19427003e+15	3.32121910e+15	2.95189587e-03
226800	4050.56680202	2268	1.67256637e-04	2268.00000000	3.19427465e+15	3.32122373e+15	2.95189975e-03
226900	4052.35229431	2269	1.67330383e-04	2269.00000000	3.19427925e+15	3.32122834e+15	2.95190362e-03
227000	4054.13670554	2270	1.67404130e-04	2270.00000000	3.19428384e+15	3.32123294e+15	2.95190747e-03
227100	4055.92512386	2271	1.67477876e-04	2271.00000000	3.19428842e+15	3.32123753e+15	2.95191132e-03
227200	4057.71128872	2272	1.67551622e-04	2272.00000000	3.19429299e+15	3.32124210e+15	2.95191515e-03
227300	4059.49895261	2273	1.67625369e-04	2273.00000000	3.19429754e+15	3.32124667e+15	2.95191898e-03
227400	4061.28558779	2274	1.67699115e-04	2274.00000000	3.19430208e+15	3.32125122e+15	2.95192280e-03
227500	4063.07186137	2275	1.67772861e-04	2275.00000000	3.19430661e+15	3.32125576e+15	2.95192660e-03
227600	4064.86228344	2276	1.67846608e-04	2276.00000000	3.19431113e+15	3.32126029e+15	2.95193040e-03
227700	4066.65278703	2277	1.67920354e-04	2277.00000000	3.19431564e+15	3.32126481e+15	2.95193418e-03
227800	4068.43877761	2278	1.67994100e-04	2278.00000000	3.19432013e+15	3.32126931e+15	2.95193796e-03
227900	4070.22245368	2279	1.68067847e-04	2279.00000000	3.19432462e+15	3.32127380e+15	2.95194173e-03
228000	4072.01177347	2280	1.68141593e-04	2280.00000000	3.19432909e+15	3.32127828e+15	2.95194548e-03
228100	4073.79851406	2281	1.68215339e-04	2281.00000000	3.19433355e+15	3.32128275e+15	2.95194923e-03
228200	4075.57745958	2282	1.68289086e-04	2282.00000000	3.19433800e+15	3.32128721e+15	2.95195297e-03
228300	4077.36598989	2283	1.68362832e-04	2283.00000000	3.19434243e+15	3.32129166e+15	2.95195669e-03
228400	4079.16080002	2284	1.68436578e-04	2284.00000000	3.19434686e+15	3.32129609e+15	2.95196041e-03
228500	4080.95165250	2285	1.68510324e-04	2285.00000000	3.19435127e+15	3.32130051e+15	2.95196412e-03
228600	4082.74059799	2286	1.68584071e-04	2286.00000000	3.19435567e+15	3.32130492e+15	2.95196782e-03
228700	4084.52980288	2287	1.68657817e-04	2287.00000000	3.19436006e+15	3.32130932e+15	2.95197150e-03
228800	4086.31547274	2288	1.68731563e-04	2288.00000000	3.19436444e+15	3.32131371e+15	2.95197518e-03
228900	4088.10352472	2289	1.68805310e-04	2289.00000000	3.19436881e+15	3.32131809e+15	2.95197885e-03
229000	4089.88693041	2290	1.68879056e-04	2290.00000000	3.19437316e+15	3.32132245e+15	2.95198251e-03
229100	4091.67629981	2291	1.68952802e-04	2291.00000000	3.19437751e+15	3.32132680e+15	2.95198616e-03
229200	4093.46340166	2292	1.69026549e-04	2292.00000000	3.19438184e+15	3.32133115e+15	2.95198980e-03
229300	4095.24889328	2293	1.69100295e-04	2293.00000000	3.19438616e+15	3.32133548e+15	2.95199343e-03
229400	4097.03313167	2294	1.69174041e-04	2294.00000000	3.19439047e+15	3.32133979e+15	2.95199705e-03
229500	4098.81685649	2295	1.69247788e-04	2295.00000000	3.19439477e+15	3.32134410e+15	2.95200066e-03
229600	4100.59860149	2296	1.69321534e-04	2296.00000000	3.19439906e+15	3.32134840e+15	2.95200426e-03
229700	4102.38442284	2297	1.69395280e-04	2297.00000000	3.19440333e+15	3.32135268e+15	2.95200785e-03
229800	4104.16788136	2298	1.69469027e-04	2298.00000000	3.19440760e+15	3.32135696e+15	2.95201144e-03
229900	4105.95240923	2299	1.69542773e-04	2299.00000000	3.19441185e+15	3.32136122e+15	2.95201501e-03
230000	4107.73711647	2300	1.69616519e-04	2300.00000000	3.19441610e+15	3.32136547e+15	2.95201857e-03
230100	4109.51818506	2301	1.69690265e-04	2301.00000000	3.19442033e+15	3.32136971e+15	2.95202213e-03
230200	4111.29998236	2302	1.69764012e-04	2302.00000000	3.19442455e+15	3.32137394e+15	2.95202567e-03
230300	4113.08279483	2303	1.69837758e-04	2303.00000000	3.19442876e+15	3.32137816e+15	2.95202921e-03
230400	4114.86835632	2304	1.69911504e-04	2304.00000000	3.19443295e+15	3.32138237e+15	2.95203274e-03
230500	4116.65217749	2305	1.69985251e-04	2305.00000000	3.19443714e+15	3.32138656e+15	2.95203625e-03
230600	4118.43659865	2306	1.70058997e-04	2306.00000000	3.19444132e+15	3.32139075e+15	2.95203976e-03
230700	4120.22102696	2307	1.70132743e-04	2307.00000000	3.19444548e+15	3.32139492e+15	2.95204326e-03
230800	4122.00888770	2308	1.70206490e-04	2308.00000000	3.19444964e+15	3.32139908e+15	2.95204675e-03
230900	4123.79547233	2309	1.70280236e-04	2309.00000000	3.19445378e+15	3.32140324e+15	2.95205023e-03
231000	4125.58311440	2310	1.70353982e-04	2310.00000000	3.19445791e+15	3.32140738e+15	2.95205370e-03
231100	4127.36977068	2311	1.70427729e-04	2311.00000000	3.19446204e+15	3.32141151e+15	2.95205717e-03
231200	4129.15592632	2312	1.70501475e-04	2312.00000000	3.19446615e+15	3.32141563e+15	2.95206062e-03
231300	4130.94405847	2313	1.70575221e-04	2313.00000000	3.19447025e+15	3.32141974e+15	2.95206406e-03
231400	4132.73293676	2314	1.70648968e-04	2314.00000000	3.19447434e+15	3.32142383e+15	2.95206750e-03
231500	4134.52066441	2315	1.70722714e-04	2315.00000000	3.19447841e+15	3.32142792e+15	2.95207093e-03
231600	4136.30683407	2316	1.70796460e-04	2316.00000000	3.19448248e+15	3.32143200e+15	2.95207434e-03
231700	4138.09145729	2317	1.70870206e-04	2317.00000000	3.19448654e+15	3.32143606e+15	2.95207775e-03
231800	4139.87965332	2318	1.70943953e-04	2318.00000000	3.19449059e+15	3.32144012e+15	2.95208115e-03
231900	4141.66277619	2319	1.71017699e-04	2319.00000000	3.19449462e+15	3.32144416e+15	2.95208454e-03
232000	4143.45124636	2320	1.71091445e-04	2320.00000000	3.19449865e+15	3.32144820e+15	2.95208792e-03
232100	4145.23403125	2321	1.71165192e-04	2321.00000000	3.19450266e+15	3.32145222e+15	2.95209130e-03
232200	4147.02360413	2322	1.71238938e-04	2322.00000000	3.19450667e+15	3.32145623e+15	2.95209466e-03
232300	4148.81561588	2323	1.71312684e-04	2323.00000000	3.19451066e+15	3.32146024e+15	2.95209802e-03
232400	4150.60710335	2324	1.71386431e-04	2324.00000000	3.19451465e+15	3.32146423e+15	2.95210136e-03
232500	4152.38989110	2325	1.71460177e-04	2325.00000000	3.19451862e+15	3.32146821e+15	2.95210470e-03
232600	4154.17446491	2326	1.71533923e-04	2326.00000000	3.19452258e+15	3.32147218e+15	2.95210803e-03
232700	4155.95384603	2327	1.71607670e-04	2327.00000000	3.19452653e+15	3.32147614e+15	2.95211135e-03
232800	4157.73659164	2328	1.71681416e-04	2328.00000000	3.19453048e+15	3.32148009e+15	2.95211466e-03
232900	4159.52241083	2329	1.71755162e-04	2329.00000000	3.19453441e+15	3.32148403e+15	2.95211796e-03
233000	4161.30560662	2330	1.71828909e-04	2330.00000000	3.19453833e+15	3.32148796e+15	2.95212126e-03
233100	4163.09512310	2331	1.71902655e-04	2331.00000000	3.19454224e+15	3.32149188e+15	2.95212454e-03
233200	4164.88409443	2332	1.71976401e-04	2332.00000000	3.19454614e+15	3.32149579e+15	2.95212782e-03
233300	4166.67148159	2333	1.72050147e-04	2333.00000000	3.19455003e+15	3.32149969e+15	2.95213109e-03
233400	4168.45584000	2334	1.72123894e-04	2334.00000000	3.19455391e+15	3.32150358e+15	2.95213435e-03
233500	4170.24357973	2335	1.72197640e-04	2335.00000000	3.19455778e+15	3.32150746e+15	2.95213760e-03
233600	4172.03401452	2336	1.72271386e-04	2336.00000000	3.19456164e+15	3.32151133e+15	2.95214084e-03
233700	4173.82197757	2337	1.72345133e-04	2337.00000000	3.19456549e+15	3.32151518e+15	2.95214408e-03
233800	4175.61020167	2338	1.72418879e-04	2338.00000000	3.19456933e+15	3.32151903e+15	2.95214730e-03
233900	4177.39213764	2339	1.72492625e-04	2339.00000000	3.19457316e+15	3.32152287e+15	2.95215052e-03
234000	4179.17789031	2340	1.72566372e-04	2340.00000000	3.19457698e+15	3.32152670e+15	2.95215373e-03
234100	4180.96267495	2341	1.72640118e-04	2341.00000000	3.19458079e+15	3.32153052e+15	2.95215693e-03
234200	4182.74844364	2342	1.72713864e-04	2342.00000000	3.19458459e+15	3.32153432e+15	2.95216012e-03
234300	4184.53040318	2343	1.72787611e-04	2343.00000000	3.19458838e+15	3.32153812e+15	2.95216330e-03
234400	4186.31630114	2344	1.72861357e-04	2344.00000000	3.19459216e+15	3.32154191e+15	2.95216648e-03
234500	4188.09963422	2345	1.72935103e-04	2345.00000000	3.19459593e+15	3.32154569e+15	2.95216965e-03
234600	4189.88545134	2346	1.73008850e-04	2346.00000000	3.19459969e+15	3.32154946e+15	2.95217281e-03
234700	4191.66802320	2347	1.73082596e-04	2347.00000000	3.19460345e+15	3.32155321e+15	2.95217596e-03
234800	4193.45244062	2348	1.73156342e-04	2348.00000000	3.19460719e+15	3.32155696e+15	2.95217910e-03
234900	4195.23626180	2349	1.73230088e-04	2349.00000000	3.19461092e+15	3.32156070e+15	2.95218223e-03
235000	4197.01673755	2350	1.73303835e-04	2350.00000000	3.19461464e+15	3.32156443e+15	2.95218536e-03
235100	4198.80401091	2351	1.73377581e-04	2351.00000000	3.19461835e+15	3.32156815e+15	2.95218848e-03
235200	4200.58884596	2352	1.73451327e-04	2352.00000000	3.19462205e+15	3.32157186e+15	2.95219159e-03
235300	4202.37346081	2353	1.73525074e-04	2353.00000000	3.19462574e+15	3.32157556e+15	2.95219469e-03
235400	4204.15670755	2354	1.73598820e-04	2354.00000000	3.19462943e+15	3.32157925e+15	2.95219778e-03
235500	4205.94352930	2355	1.73672566e-04	2355.00000000	3.19463310e+15	3.32158293e+15	2.95220087e-03
235600	4207.72991205	2356	1.73746313e-04	2356.00000000	3.19463676e+15	3.32158660e+15	2.95220394e-03
235700	4209.51838974	2357	1.73820059e-04	2357.00000000	3.19464042e+15	3.32159026e+15	2.95220701e-03
235800	4211.30365136	2358	1.73893805e-04	2358.00000000	3.19464406e+15	3.32159391e+15	2.95221007e-03
235900	4213.09183300	2359	1.73967552e-04	2359.00000000	3.19464769e+15	3.32159756e+15	2.95221313e-03
236000	4214.88271756	2360	1.74041298e-04	2360.00000000	3.19465132e+15	3.32160119e+15	2.95221617e-03
236100	4216.67650477	2361	1.74115044e-04	2361.00000000	3.19465493e+15	3.32160481e+15	2.95221921e-03
236200	4218.47133514	2362	1.74188791e-04	2362.00000000	3.19465854e+15	3.32160842e+15	2.95222224e-03
236300	4220.25740318	2363	1.74262537e-04	2363.00000000	3.19466214e+15	3.32161203e+15	2.95222526e-03
236400	4222.05090449	2364	1.74336283e-04	2364.00000000	3.19466572e+15	3.32161562e+15	2.95222827e-03
236500	4223.83954765	2365	1.74410029e-04	2365.00000000	3.19466930e+15	3.32161921e+15	2.95223128e-03
236600	4225.62998254	2366	1.74483776e-04	2366.00000000	3.19467287e+15	3.32162278e+15	2.95223428e-03
236700	4227.41706855	2367	1.74557522e-04	2367.00000000	3.19467643e+15	3.32162635e+15	2.95223727e-03
236800	4229.20784606	2368	1.74631268e-04	2368.00000000	3.19467998e+15	3.32162991e+15	2.95224025e-03
236900	4230.99377762	2369	1.74705015e-04	2369.00000000	3.19468352e+15	3.32163346e+15	2.95224322e-03
237000	4232.78399485	2370	1.74778761e-04	2370.00000000	3.19468705e+15	3.32163700e+15	2.95224619e-03
237100	4234.57301766	2371	1.74852507e-04	2371.00000000	3.19469057e+15	3.32164052e+15	2.95224915e-03
237200	4236.35994818	2372	1.74926254e-04	2372.00000000	3.19469409e+15	3.32164405e+15	2.95225210e-03
237300	4238.14367989	2373	1.75000000e-04	2373.00000000	3.19469759e+15	3.32164756e+15	2.95225504e-03
237400	4239.92823299	2374	1.75073746e-04	2374.00000000	3.19470108e+15	3.32165106e+15	2.95225798e-03
237500	4241.71364494	2375	1.75147493e-04	2375.00000000	3.19470457e+15	3.32165455e+15	2.95226091e-03
237600	4243.49738859	2376	1.75221239e-04	2376.00000000	3.19470805e+15	3.32165803e+15	2.95226383e-03
237700	4245.28627743	2377	1.75294985e-04	2377.00000000	3.19471151e+15	3.32166151e+15	2.95226674e-03
237800	4247.07104945	2378	1.75368732e-04	2378.00000000	3.19471497e+15	3.32166497e+15	2.95226964e-03
237900	4248.85575996	2379	1.75442478e-04	2379.00000000	3.19471842e+15	3.32166843e+15	2.95227254e-03
238000	4250.64290019	2380	1.75516224e-04	2380.00000000	3.19472186e+15	3.32167188e+15	2.95227543e-03
238100	4252.43222826	2381	1.75589971e-04	2381.00000000	3.19472529e+15	3.32167532e+15	2.95227831e-03
238200	4254.22343031	2382	1.75663717e-04	2382.00000000	3.19472871e+15	3.32167875e+15	2.95228119e-03
238300	4256.01273202	2383	1.75737463e-04	2383.00000000	3.19473213e+15	3.32168217e+15	2.95228406e-03
238400	4257.80383442	2384	1.75811209e-04	2384.00000000	3.19473553e+15	3.32168558e+15	2.95228691e-03
238500	4259.58781143	2385	1.75884956e-04	2385.00000000	3.19473893e+15	3.32168898e+15	2.95228977e-03
238600	4261.37353945	2386	1.75958702e-04	2386.00000000	3.19474231e+15	3.32169237e+15	2.95229261e-03
238700	4263.15769713	2387	1.76032448e-04	2387.00000000	3.19474569e+15	3.32169576e+15	2.95229545e-03
238800	4264.93924725	2388	1.76106195e-04	2388.00000000	3.19474906e+15	3.32169913e+15	2.95229828e-03
238900	4266.72555133	2389	1.76179941e-04	2389.00000000	3.19475242e+15	3.32170250e+15	2.95230110e-03
239000	4268.50913168	2390	1.76253687e-04	2390.00000000	3.19475577e+15	3.32170586e+15	2.95230392e-03
239100	4270.29323520	2391	1.76327434e-04	2391.00000000	3.19475911e+15	3.32170921e+15	2.95230673e-03
239200	4272.07661786	2392	1.76401180e-04	2392.00000000	3.19476245e+15	3.32171255e+15	2.95230953e-03
239300	4273.86049310	2393	1.76474926e-04	2393.00000000	3.19476577e+15	3.32171588e+15	2.95231232e-03
239400	4275.65081803	2394	1.76548673e-04	2394.00000000	3.19476909e+15	3.32171921e+15	2.95231511e-03
239500	4277.43637799	2395	1.76622419e-04	2395.00000000	3.19477240e+15	3.32172252e+15	2.95231788e-03
239600	4279.22448061	2396	1.76696165e-04	2396.00000000	3.19477570e+15	3.32172583e+15	2.95232066e-03
239700	4281.00812889	2397	1.76769912e-04	2397.00000000	3.19477899e+15	3.32172912e+15	2.95232342e-03
239800	4282.79563430	2398	1.76843658e-04	2398.00000000	3.19478227e+15	3.32173241e+15	2.95232618e-03
239900	4284.58411096	2399	1.76917404e-04	2399.00000000	3.19478554e+15	3.32173569e+15	2.95232893e-03
240000	4286.37072748	2400	1.76991150e-04	2400.00000000	3.19478881e+15	3.32173897e+15	2.95233167e-03
240100	4288.15591604	2401	1.77064897e-04	2401.00000000	3.19479206e+15	3.32174223e+15	2.95233440e-03
240200	4289.93950622	2402	1.77138643e-04	2402.00000000	3.19479531e+15	3.32174548e+15	2.95233713e-03
240300	4291.72530925	2403	1.77212389e-04	2403.00000000	3.19479855e+15	3.32174873e+15	2.95233985e-03
240400	4293.51134684	2404	1.77286136e-04	2404.00000000	3.19480178e+15	3.32175197e+15	2.95234257e-03
240500	4295.29729507	2405	1.77359882e-04	2405.00000000	3.19480501e+15	3.32175520e+15	2.95234528e-03
240600	4297.08109801	2406	1.77433628e-04	2406.00000000	3.19480822e+15	3.32175842e+15	2.95234798e-03
240700	4298.86548635	2407	1.77507375e-04	2407.00000000	3.19481142e+15	3.32176163e+15	2.95235067e-03
240800	4300.65234790	2408	1.77581121e-04	2408.00000000	3.19481462e+15	3.32176483e+15	2.95235335e-03
240900	4302.44365996	2409	1.77654867e-04	2409.00000000	3.19481781e+15	3.32176803e+15	2.95235603e-03
241000	4304.23388670	2410	1.77728614e-04	2410.00000000	3.19482099e+15	3.32177122e+15	2.95235870e-03
241100	4306.02397581	2411	1.77802360e-04	2411.00000000	3.19482416e+15	3.32177440e+15	2.95236137e-03
241200	4307.80788216	2412	1.77876106e-04	2412.00000000	3.19482733e+15	3.32177757e+15	2.95236403e-03
241300	4309.59524993	2413	1.77949853e-04	2413.00000000	3.19483048e+15	3.32178073e+15	2.95236668e-03
241400	4311.38355186	2414	1.78023599e-04	2414.00000000	3.19483363e+15	3.32178388e+15	2.95236932e-03
241500	4313.16775816	2415	1.78097345e-04	2415.00000000	3.19483677e+15	3.32178703e+15	2.95237196e-03
241600	4314.95687109	2416	1.78171091e-04	2416.00000000	3.19483990e+15	3.32179017e+15	2.95237459e-03
241700	4316.74593726	2417	1.78244838e-04	2417.00000000	3.19484303e+15	3.32179330e+15	2.95237721e-03
241800	4318.53221979	2418	1.78318584e-04	2418.00000000	3.19484614e+15	3.32179642e+15	2.95237983e-03
241900	4320.32058657	2419	1.78392330e-04	2419.00000000	3.19484925e+15	3.32179953e+15	2.95238244e-03
242000	4322.11188649	2420	1.78466077e-04	2420.00000000	3.19485235e+15	3.32180264e+15	2.95238504e-03
242100	4323.89756833	2421	1.78539823e-04	2421.00000000	3.19485544e+15	3.32180573e+15	2.95238764e-03
242200	4325.68402725	2422	1.78613569e-04	2422.00000000	3.19485852e+15	3.32180882e+15	2.95239023e-03
242300	4327.47588527	2423	1.78687316e-04	2423.00000000	3.19486159e+15	3.32181190e+15	2.95239281e-03
242400	4329.26999063	2424	1.78761062e-04	2424.00000000	3.19486466e+15	3.32181498e+15	2.95239539e-03
242500	4331.06203606	2425	1.78834808e-04	2425.00000000	3.19486772e+15	3.32181804e+15	2.95239796e-03
242600	4332.85191510	2426	1.78908555e-04	2426.00000000	3.19487077e+15	3.32182110e+15	2.95240052e-03
242700	4334.63697606	2427	1.78982301e-04	2427.00000000	3.19487381e+15	3.32182415e+15	2.95240307e-03
242800	4336.42111786	2428	1.79056047e-04	2428.00000000	3.19487684e+15	3.32182719e+15	2.95240562e-03
242900	4338.20478707	2429	1.79129794e-04	2429.00000000	3.19487987e+15	3.32183022e+15	2.95240817e-03
243000	4339.98813092	2430	1.79203540e-04	2430.00000000	3.19488289e+15	3.32183324e+15	2.95241070e-03
243100	4341.77222981	2431	1.79277286e-04	2431.00000000	3.19488590e+15	3.32183626e+15	2.95241323e-03
243200	4343.55739938	2432	1.79351032e-04	2432.00000000	3.19488890e+15	3.32183927e+15	2.95241575e-03
243300	4345.34156877	2433	1.79424779e-04	2433.00000000	3.19489190e+15	3.32184227e+15	2.95241827e-03
243400	4347.12802391	2434	1.79498525e-04	2434.00000000	3.19489489e+15	3.32184527e+15	2.95242078e-03
243500	4348.91510221	2435	1.79572271e-04	2435.00000000	3.19489787e+15	3.32184825e+15	2.95242328e-03
243600	4350.70157299	2436	1.79646018e-04	2436.00000000	3.19490084e+15	3.32185123e+15	2.95242578e-03
243700	4352.48735108	2437	1.79719764e-04	2437.00000000	3.19490380e+15	3.32185420e+15	2.95242827e-03
243800	4354.26664668	2438	1.79793510e-04	2438.00000000	3.19490676e+15	3.32185716e+15	2.95243075e-03
243900	4356.05139690	2439	1.79867257e-04	2439.00000000	3.19490971e+15	3.32186012e+15	2.95243323e-03
244000	4357.83548806	2440	1.79941003e-04	2440.00000000	3.19491265e+15	3.32186306e+15	2.95243570e-03
244100	4359.61811105	2441	1.80014749e-04	2441.00000000	3.19491558e+15	3.32186600e+15	2.95243816e-03
244200	4361.40103175	2442	1.80088496e-04	2442.00000000	3.19491851e+15	3.32186894e+15	2.95244062e-03
244300	4363.18794641	2443	1.80162242e-04	2443.00000000	3.19492142e+15	3.32187186e+15	2.95244307e-03
244400	4364.97023783	2444	1.80235988e-04	2444.00000000	3.19492433e+15	3.32187478e+15	2.95244552e-03
244500	4366.75776080	2445	1.80309735e-04	2445.00000000	3.19492724e+15	3.32187768e+15	2.95244795e-03
244600	4368.55090963	2446	1.80383481e-04	2446.00000000	3.19493013e+15	3.32188059e+15	2.95245039e-03
244700	4370.33751242	2447	1.80457227e-04	2447.00000000	3.19493302e+15	3.32188348e+15	2.95245281e-03
244800	4372.12773601	2448	1.80530973e-04	2448.00000000	3.19493590e+15	3.32188637e+15	2.95245523e-03
244900	4373.91460676	2449	1.80604720e-04	2449.00000000	3.19493877e+15	3.32188924e+15	2.95245765e-03
245000	4375.70021285	2450	1.80678466e-04	2450.00000000	3.19494164e+15	3.32189212e+15	2.95246005e-03
245100	4377.48675607	2451	1.80752212e-04	2451.00000000	3.19494450e+15	3.32189498e+15	2.95246245e-03
245200	4379.27189229	2452	1.80825959e-04	2452.00000000	3.19494735e+15	3.32189784e+15	2.95246485e-03
245300	4381.05605394	2453	1.80899705e-04	2453.00000000	3.19495019e+15	3.32190069e+15	2.95246724e-03
245400	4382.84581292	2454	1.80973451e-04	2454.00000000	3.19495303e+15	3.32190353e+15	2.95246962e-03
245500	4384.63902649	2455	1.81047198e-04	2455.00000000	3.19495585e+15	3.32190636e+15	2.95247199e-03
245600	4386.42573411	2456	1.81120944e-04	2456.00000000	3.19495868e+15	3.32190919e+15	2.95247436e-03
245700	4388.21827449	2457	1.81194690e-04	2457.00000000	3.19496149e+15	3.32191201e+15	2.95247673e-03
245800	4390.00893625	2458	1.81268437e-04	2458.00000000	3.19496430e+15	3.32191482e+15	2.95247909e-03
245900	4391.79448311	2459	1.81342183e-04	2459.00000000	3.19496710e+15	3.32191763e+15	2.95248144e-03
246000	4393.58257475	2460	1.81415929e-04	2460.00000000	3.19496989e+15	3.32192042e+15	2.95248378e-03
246100	4395.36858429	2461	1.81489676e-04	2461.00000000	3.19497267e+15	3.32192322e+15	2.95248612e-03
246200	4397.15606330	2462	1.81563422e-04	2462.00000000	3.19497545e+15	3.32192600e+15	2.95248845e-03
246300	4398.94083058	2463	1.81637168e-04	2463.00000000	3.19497822e+15	3.32192877e+15	2.95249078e-03
246400	4400.72801353	2464	1.81710914e-04	2464.00000000	3.19498098e+15	3.32193154e+15	2.95249310e-03
246500	4402.51466808	2465	1.81784661e-04	2465.00000000	3.19498374e+15	3.32193431e+15	2.95249542e-03
246600	4404.30143942	2466	1.81858407e-04	2466.00000000	3.19498649e+15	3.32193706e+15	2.95249773e-03
246700	4406.08745979	2467	1.81932153e-04	2467.00000000	3.19498923e+15	3.32193981e+15	2.95250003e-03
246800	4407.87564479	2468	1.82005900e-04	2468.00000000	3.19499197e+15	3.32194255e+15	2.95250233e-03
246900	4409.66087718	2469	1.82079646e-04	2469.00000000	3.19499469e+15	3.32194528e+15	2.95250462e-03
247000	4411.45143469	2470	1.82153392e-04	2470.00000000	3.19499741e+15	3.32194801e+15	2.95250690e-03
247100	4413.24077043	2471	1.82227139e-04	2471.00000000	3.19500013e+15	3.32195073e+15	2.95250918e-03
247200	4415.02783694	2472	1.82300885e-04	2472.00000000	3.19500283e+15	3.32195344e+15	2.95251146e-03
247300	4416.81447408	2473	1.82374631e-04	2473.00000000	3.19500553e+15	3.32195615e+15	2.95251373e-03
247400	4418.59911172	2474	1.82448378e-04	2474.00000000	3.19500823e+15	3.32195884e+15	2.95251599e-03
247500	4420.38587664	2475	1.82522124e-04	2475.00000000	3.19501091e+15	3.32196154e+15	2.95251824e-03
247600	4422.17008726	2476	1.82595870e-04	2476.00000000	3.19501359e+15	3.32196422e+15	2.95252049e-03
247700	4423.95772309	2477	1.82669617e-04	2477.00000000	3.19501626e+15	3.32196690e+15	2.95252274e-03
247800	4425.74599309	2478	1.82743363e-04	2478.00000000	3.19501893e+15	3.32196957e+15	2.95252498e-03
247900	4427.53536253	2479	1.82817109e-04	2479.00000000	3.19502159e+15	3.32197223e+15	2.95252721e-03
248000	4429.31750313	2480	1.82890855e-04	2480.00000000	3.19502424e+15	3.32197489e+15	2.95252944e-03
248100	4431.10771829	2481	1.82964602e-04	2481.00000000	3.19502688e+15	3.32197754e+15	2.95253166e-03
248200	4432.89305850	2482	1.83038348e-04	2482.00000000	3.19502952e+15	3.32198018e+15	2.95253387e-03
248300	4434.67870640	2483	1.83112094e-04	2483.00000000	3.19503215e+15	3.32198282e+15	2.95253608e-03
248400	4436.46427154	2484	1.83185841e-04	2484.00000000	3.19503477e+15	3.32198545e+15	2.95253829e-03
248500	4438.25251799	2485	1.83259587e-04	2485.00000000	3.19503739e+15	3.32198807e+15	2.95254049e-03
248600	4440.04715716	2486	1.83333333e-04	2486.00000000	3.19504000e+15	3.32199068e+15	2.95254268e-03
248700	4441.83373226	2487	1.83407080e-04	2487.00000000	3.19504260e+15	3.32199329e+15	2.95254486e-03
248800	4443.62145314	2488	1.83480826e-04	2488.00000000	3.19504520e+15	3.32199590e+15	2.95254705e-03
248900	4445.40660661	2489	1.83554572e-04	2489.00000000	3.19504779e+15	3.32199849e+15	2.95254922e-03
249000	4447.19166330	2490	1.83628319e-04	2490.00000000	3.19505037e+15	3.32200108e+15	2.95255139e-03
249100	4448.97655246	2491	1.83702065e-04	2491.00000000	3.19505295e+15	3.32200366e+15	2.95255356e-03
249200	4450.76327796	2492	1.83775811e-04	2492.00000000	3.19505552e+15	3.32200624e+15	2.95255571e-03
249300	4452.54691248	2493	1.83849558e-04	2493.00000000	3.19505808e+15	3.32200881e+15	2.95255787e-03
249400	4454.33370301	2494	1.83923304e-04	2494.00000000	3.19506064e+15	3.32201137e+15	2.95256002e-03
249500	4456.11559281	2495	1.83997050e-04	2495.00000000	3.19506319e+15	3.32201392e+15	2.95256216e-03
249600	4457.90130197	2496	1.84070796e-04	2496.00000000	3.19506573e+15	3.32201647e+15	2.95256429e-03
249700	4459.68835122	2497	1.84144543e-04	2497.00000000	3.19506827e+15	3.32201901e+15	2.95256643e-03
249800	4461.47215326	2498	1.84218289e-04	2498.00000000	3.19507080e+15	3.32202155e+15	2.95256855e-03
249900	4463.25820872	2499	1.84292035e-04	2499.00000000	3.19507333e+15	3.32202408e+15	2.95257067e-03
250000	4465.04461574	2500	1.84365782e-04	2500.00000000	3.19507584e+15	3.32202660e+15	2.95257279e-03
250100	4466.83222224	2501	1.84439528e-04	2501.00000000	3.19507835e+15	3.32202912e+15	2.95257489e-03
250200	4468.61769204	2502	1.84513274e-04	2502.00000000	3.19508086e+15	3.32203163e+15	2.95257700e-03
250300	4470.40125020	2503	1.84587021e-04	2503.00000000	3.19508336e+15	3.32203413e+15	2.95257910e-03
250400	4472.18750640	2504	1.84660767e-04	2504.00000000	3.19508585e+15	3.32203663e+15	2.95258119e-03
250500	4473.97294867	2505	1.84734513e-04	2505.00000000	3.19508833e+15	3.32203912e+15	2.95258328e-03
250600	4475.75691469	2506	1.84808260e-04	2506.00000000	3.19509081e+15	3.32204160e+15	2.95258536e-03
250700	4477.54440931	2507	1.84882006e-04	2507.00000000	3.19509328e+15	3.32204408e+15	2.95258744e-03
250800	4479.32779893	2508	1.84955752e-04	2508.00000000	3.19509575e+15	3.32204655e+15	2.95258951e-03
250900	4481.10913210	2509	1.85029499e-04	2509.00000000	3.19509821e+15	3.32204901e+15	2.95259157e-03
251000	4482.89222257	2510	1.85103245e-04	2510.00000000	3.19510066e+15	3.32205147e+15	2.95259363e-03
251100	4484.67966753	2511	1.85176991e-04	2511.00000000	3.19510311e+15	3.32205392e+15	2.95259569e-03
251200	4486.46289218	2512	1.85250737e-04	2512.00000000	3.19510555e+15	3.32205637e+15	2.95259774e-03
251300	4488.24810278	2513	1.85324484e-04	2513.00000000	3.19510798e+15	3.32205881e+15	2.95259978e-03
251400	4490.03533406	2514	1.85398230e-04	2514.00000000	3.19511041e+15	3.32206124e+15	2.95260182e-03
251500	4491.81917283	2515	1.85471976e-04	2515.00000000	3.19511283e+15	3.32206367e+15	2.95260386e-03
251600	4493.60637462	2516	1.85545723e-04	2516.00000000	3.19511525e+15	3.32206609e+15	2.95260588e-03
251700	4495.39279999	2517	1.85619469e-04	2517.00000000	3.19511765e+15	3.32206850e+15	2.95260791e-03
251800	4497.17722443	2518	1.85693215e-04	2518.00000000	3.19512006e+15	3.32207091e+15	2.95260993e-03
251900	4498.96141020	2519	1.85766962e-04	2519.00000000	3.19512245e+15	3.32207331e+15	2.95261194e-03
252000	4500.74565002	2520	1.85840708e-04	2520.00000000	3.19512484e+15	3.32207571e+15	2.95261395e-03
252100	4502.52955714	2521	1.85914454e-04	2521.00000000	3.19512723e+15	3.32207810e+15	2.95261595e-03
252200	4504.31468040	2522	1.85988201e-04	2522.00000000	3.19512961e+15	3.32208048e+15	2.95261795e-03
252300	4506.09807451	2523	1.86061947e-04	2523.00000000	3.19513198e+15	3.32208286e+15	2.95261994e-03
252400	4507.88251415	2524	1.86135693e-04	2524.00000000	3.19513434e+15	3.32208523e+15	2.95262193e-03
252500	4509.66899261	2525	1.86209440e-04	2525.00000000	3.19513670e+15	3.32208759e+15	2.95262391e-03
252600	4511.45419791	2526	1.86283186e-04	2526.00000000	3.19513906e+15	3.32208995e+15	2.95262589e-03
252700	4513.24141651	2527	1.86356932e-04	2527.00000000	3.19514140e+15	3.32209230e+15	2.95262786e-03
252800	4515.03058149	2528	1.86430678e-04	2528.00000000	3.19514375e+15	3.32209465e+15	2.95262982e-03
252900	4516.81691500	2529	1.86504425e-04	2529.00000000	3.19514608e+15	3.32209699e+15	2.95263179e-03
253000	4518.60215257	2530	1.86578171e-04	2530.00000000	3.19514841e+15	3.32209932e+15	2.95263374e-03
253100	4520.38641241	2531	1.86651917e-04	2531.00000000	3.19515073e+15	3.32210165e+15	2.95263569e-03
253200	4522.17096198	2532	1.86725664e-04	2532.00000000	3.19515305e+15	3.32210397e+15	2.95263764e-03
253300	4523.95651023	2533	1.86799410e-04	2533.00000000	3.19515536e+15	3.32210629e+15	2.95263958e-03
253400	4525.74208856	2534	1.86873156e-04	2534.00000000	3.19515767e+15	3.32210860e+15	2.95264152e-03
253500	4527.52368076	2535	1.86946903e-04	2535.00000000	3.19515997e+15	3.32211090e+15	2.95264345e-03
253600	4529.30782315	2536	1.87020649e-04	2536.00000000	3.19516226e+15	3.32211320e+15	2.95264538e-03
253700	4531.09349419	2537	1.87094395e-04	2537.00000000	3.19516455e+15	3.32211549e+15	2.95264730e-03
253800	4532.98190681	2538	1.87168142e-04	2538.00000000	3.19516683e+15	3.32211778e+15	2.95264921e-03
253900	4534.77079265	2539	1.87241888e-04	2539.00000000	3.19516910e+15	3.32212006e+15	2.95265113e-03
254000	4536.55683937	2540	1.87315634e-04	2540.00000000	3.19517137e+15	3.32212233e+15	2.95265303e-03
254100	4538.33956193	2541	1.87389381e-04	2541.00000000	3.19517364e+15	3.32212460e+15	2.95265493e-03
254200	4540.13353598	2542	1.87463127e-04	2542.00000000	3.19517590e+15	3.32212686e+15	2.95265683e-03
254300	4541.92690096	2543	1.87536873e-04	2543.00000000	3.19517815e+15	3.32212912e+15	2.95265872e-03
254400	4543.70932199	2544	1.87610619e-04	2544.00000000	3.19518039e+15	3.32213137e+15	2.95266061e-03
254500	4545.49922671	2545	1.87684366e-04	2545.00000000	3.19518263e+15	3.32213362e+15	2.95266249e-03
254600	4547.28858621	2546	1.87758112e-04	2546.00000000	3.19518487e+15	3.32213586e+15	2.95266437e-03
254700	4549.07852326	2547	1.87831858e-04	2547.00000000	3.19518710e+15	3.32213809e+15	2.95266624e-03
254800	4550.86963674	2548	1.87905605e-04	2548.00000000	3.19518932e+15	3.32214032e+15	2.95266811e-03
254900	4552.65755031	2549	1.87979351e-04	2549.00000000	3.19519154e+15	3.32214254e+15	2.95266997e-03
255000	4554.44325700	2550	1.88053097e-04	2550.00000000	3.19519375e+15	3.32214476e+15	2.95267183e-03
255100	4556.22825504	2551	1.88126844e-04	2551.00000000	3.19519596e+15	3.32214697e+15	2.95267368e-03
255200	4558.01270665	2552	1.88200590e-04	2552.00000000	3.19519816e+15	3.32214917e+15	2.95267553e-03
255300	4559.79535469	2553	1.88274336e-04	2553.00000000	3.19520035e+15	3.32215137e+15	2.95267737e-03
255400	4561.58140774	2554	1.88348083e-04	2554.00000000	3.19520254e+15	3.32215357e+15	2.95267921e-03
255500	4563.36651938	2555	1.88421829e-04	2555.00000000	3.19520472e+15	3.32215575e+15	2.95268105e-03
255600	4565.14909670	2556	1.88495575e-04	2556.00000000	3.19520690e+15	3.32215794e+15	2.95268288e-03
255700	4566.93482737	2557	1.88569322e-04	2557.00000000	3.19520907e+15	3.32216011e+15	2.95268470e-03
255800	4568.72250141	2558	1.88643068e-04	2558.00000000	3.19521124e+15	3.32216228e+15	2.95268652e-03
255900	4570.50771511	2559	1.88716814e-04	2559.00000000	3.19521340e+15	3.32216445e+15	2.95268834e-03
256000	4572.29153209	2560	1.88790560e-04	2560.00000000	3.19521556e+15	3.32216661e+15	2.95269015e-03
256100	4574.07857882	2561	1.88864307e-04	2561.00000000	3.19521771e+15	3.32216876e+15	2.95269195e-03
256200	4575.86115480	2562	1.88938053e-04	2562.00000000	3.19521985e+15	3.32217091e+15	2.95269375e-03
256300	4577.64717641	2563	1.89011799e-04	2563.00000000	3.19522199e+15	3.32217305e+15	2.95269555e-03
256400	4579.43759749	2564	1.89085546e-04	2564.00000000	3.19522412e+15	3.32217519e+15	2.95269734e-03
256500	4581.22833918	2565	1.89159292e-04	2565.00000000	3.19522625e+15	3.32217732e+15	2.95269913e-03
256600	4583.01629441	2566	1.89233038e-04	2566.00000000	3.19522837e+15	3.32217945e+15	2.95270091e-03
256700	4584.80314699	2567	1.89306785e-04	2567.00000000	3.19523049e+15	3.32218157e+15	2.95270269e-03
256800	4586.58671434	2568	1.89380531e-04	2568.00000000	3.19523260e+15	3.32218369e+15	2.95270446e-03
256900	4588.37474586	2569	1.89454277e-04	2569.00000000	3.19523470e+15	3.32218580e+15	2.95270623e-03
257000	4590.15692483	2570	1.89528024e-04	2570.00000000	3.19523680e+15	3.32218790e+15	2.95270799e-03
257100	4591.94211014	2571	1.89601770e-04	2571.00000000	3.19523890e+15	3.32219000e+15	2.95270975e-03
257200	4593.72493190	2572	1.89675516e-04	2572.00000000	3.19524099e+15	3.32219209e+15	2.95271151e-03
257300	4595.51197953	2573	1.89749263e-04	2573.00000000	3.19524307e+15	3.32219418e+15	2.95271326e-03
257400	4597.30338709	2574	1.89823009e-04	2574.00000000	3.19524515e+15	3.32219626e+15	2.95271501e-03
257500	4599.10071276	2575	1.89896755e-04	2575.00000000	3.19524722e+15	3.32219834e+15	2.95271675e-03
257600	4600.89150989	2576	1.89970501e-04	2576.00000000	3.19524929e+15	3.32220041e+15	2.95271848e-03
257700	4602.67884107	2577	1.90044248e-04	2577.00000000	3.19525135e+15	3.32220248e+15	2.95272022e-03
257800	4604.46220566	2578	1.90117994e-04	2578.00000000	3.19525341e+15	3.32220454e+15	2.95272194e-03
257900	4606.25646008	2579	1.90191740e-04	2579.00000000	3.19525546e+15	3.32220660e+15	2.95272367e-03
258000	4608.04582821	2580	1.90265487e-04	2580.00000000	3.19525751e+15	3.32220865e+15	2.95272539e-03
258100	4609.83265666	2581	1.90339233e-04	2581.00000000	3.19525955e+15	3.32221069e+15	2.95272710e-03
258200	4611.61703424	2582	1.90412979e-04	2582.00000000	3.19526159e+15	3.32221273e+15	2.95272881e-03
258300	4613.39904405	2583	1.90486726e-04	2583.00000000	3.19526362e+15	3.32221477e+15	2.95273052e-03
258400	4615.18268888	2584	1.90560472e-04	2584.00000000	3.19526564e+15	3.32221680e+15	2.95273222e-03
258500	4616.96898605	2585	1.90634218e-04	2585.00000000	3.19526766e+15	3.32221882e+15	2.95273392e-03
258600	4618.75282570	2586	1.90707965e-04	2586.00000000	3.19526968e+15	3.32222084e+15	2.95273561e-03
258700	4620.53855172	2587	1.90781711e-04	2587.00000000	3.19527169e+15	3.32222286e+15	2.95273730e-03
258800	4622.32181680	2588	1.90855457e-04	2588.00000000	3.19527369e+15	3.32222487e+15	2.95273898e-03
258900	4624.10853814	2589	1.90929204e-04	2589.00000000	3.19527569e+15	3.32222687e+15	2.95274066e-03
259000	4625.89939336	2590	1.91002950e-04	2590.00000000	3.19527769e+15	3.32222887e+15	2.95274233e-03
259100	4627.68795864	2591	1.91076696e-04	2591.00000000	3.19527967e+15	3.32223086e+15	2.95274401e-03
259200	4629.47077122	2592	1.91150442e-04	2592.00000000	3.19528166e+15	3.32223285e+15	2.95274567e-03
259300	4631.25997908	2593	1.91224189e-04	2593.00000000	3.19528364e+15	3.32223483e+15	2.95274733e-03
259400	4633.05122218	2594	1.91297935e-04	2594.00000000	3.19528561e+15	3.32223681e+15	2.95274899e-03
259500	4634.83471016	2595	1.91371681e-04	2595.00000000	3.19528758e+15	3.32223878e+15	2.95275065e-03
259600	4636.61924973	2596	1.91445428e-04	2596.00000000	3.19528954e+15	3.32224075e+15	2.95275230e-03
259700	4638.39969915	2597	1.91519174e-04	2597.00000000	3.19529150e+15	3.32224271e+15	2.95275394e-03
259800	4640.18452184	2598	1.91592920e-04	2598.00000000	3.19529345e+15	3.32224467e+15	2.95275558e-03
259900	4641.96572720	2599	1.91666667e-04	2599.00000000	3.19529540e+15	3.32224662e+15	2.95275722e-03
260000	4643.74867177	2600	1.91740413e-04	2600.00000000	3.19529735e+15	3.32224857e+15	2.95275885e-03
260100	4645.54048285	2601	1.91814159e-04	2601.00000000	3.19529928e+15	3.32225051e+15	2.95276048e-03
260200	4647.33016801	2602	1.91887906e-04	2602.00000000	3.19530122e+15	3.32225245e+15	2.95276210e-03
260300	4649.11925078	2603	1.91961652e-04	2603.00000000	3.19530315e+15	3.32225438e+15	2.95276372e-03
260400	4650.90383690	2604	1.92035398e-04	2604.00000000	3.19530507e+15	3.32225631e+15	2.95276534e-03
260500	4652.69089653	2605	1.92109145e-04	2605.00000000	3.19530699e+15	3.32225823e+15	2.95276695e-03
260600	4654.47504077	2606	1.92182891e-04	2606.00000000	3.19530890e+15	3.32226015e+15	2.95276856e-03
260700	4656.26291677	2607	1.92256637e-04	2607.00000000	3.19531081e+15	3.32226206e+15	2.95277016e-03
260800	4658.04721502	2608	1.92330383e-04	2608.00000000	3.19531271e+15	3.32226397e+15	2.95277176e-03
260900	4659.83449083	2609	1.92404130e-04	2609.00000000	3.19531461e+15	3.32226587e+15	2.95277335e-03
261000	4661.61738174	2610	1.92477876e-04	2610.00000000	3.19531650e+15	3.32226777e+15	2.95277494e-03
261100	4663.40939458	2611	1.92551622e-04	2611.00000000	3.19531839e+15	3.32226966e+15	2.95277653e-03
261200	4665.20104815	2612	1.92625369e-04	2612.00000000	3.19532028e+15	3.32227155e+15	2.95277811e-03
261300	4666.99561445	2613	1.92699115e-04	2613.00000000	3.19532215e+15	3.32227343e+15	2.95277969e-03
261400	4668.78746404	2614	1.92772861e-04	2614.00000000	3.19532403e+15	3.32227531e+15	2.95278126e-03
261500	4670.57476128	2615	1.92846608e-04	2615.00000000	3.19532590e+15	3.32227718e+15	2.95278283e-03
261600	4672.36292570	2616	1.92920354e-04	2616.00000000	3.19532776e+15	3.32227905e+15	2.95278440e-03
261700	4674.15079600	2617	1.92994100e-04	2617.00000000	3.19532962e+15	3.32228091e+15	2.95278596e-03
261800	4675.93761345	2618	1.93067847e-04	2618.00000000	3.19533148e+15	3.32228277e+15	2.95278752e-03
261900	4677.72421383	2619	1.93141593e-04	2619.00000000	3.19533333e+15	3.32228463e+15	2.95278907e-03
262000	4679.50923346	2620	1.93215339e-04	2620.00000000	3.19533517e+15	3.32228647e+15	2.95279062e-03
262100	4681.29714618	2621	1.93289086e-04	2621.00000000	3.19533701e+15	3.32228832e+15	2.95279217e-03
262200	4683.08991698	2622	1.93362832e-04	2622.00000000	3.19533885e+15	3.32229016e+15	2.95279371e-03
262300	4684.87872949	2623	1.93436578e-04	2623.00000000	3.19534068e+15	3.32229199e+15	2.95279525e-03
262400	4686.67113995	2624	1.93510324e-04	2624.00000000	3.19534250e+15	3.32229382e+15	2.95279678e-03
262500	4688.46213874	2625	1.93584071e-04	2625.00000000	3.19534433e+15	3.32229565e+15	2.95279831e-03
262600	4690.25025339	2626	1.93657817e-04	2626.00000000	3.19534614e+15	3.32229747e+15	2.95279984e-03
262700	4692.04502877	2627	1.93731563e-04	2627.00000000	3.19534795e+15	3.32229928e+15	2.95280136e-03
262800	4693.83675164	2628	1.93805310e-04	2628.00000000	3.19534976e+15	3.32230110e+15	2.95280288e-03
262900	4695.63057363	2629	1.93879056e-04	2629.00000000	3.19535156e+15	3.32230290e+15	2.95280439e-03
263000	4697.41813401	2630	1.93952802e-04	2630.00000000	3.19535336e+15	3.32230470e+15	2.95280590e-03
263100	4699.20621068	2631	1.94026549e-04	2631.00000000	3.19535516e+15	3.32230650e+15	2.95280741e-03
263200	4700.99760880	2632	1.94100295e-04	2632.00000000	3.19535694e+15	3.32230829e+15	2.95280891e-03
263300	4702.79010303	2633	1.94174041e-04	2633.00000000	3.19535873e+15	3.32231008e+15	2.95281041e-03
263400	4704.57881013	2634	1.94247788e-04	2634.00000000	3.19536051e+15	3.32231186e+15	2.95281191e-03
263500	4706.36609120	2635	1.94321534e-04	2635.00000000	3.19536228e+15	3.32231364e+15	2.95281340e-03
263600	4708.15529006	2636	1.94395280e-04	2636.00000000	3.19536405e+15	3.32231542e+15	2.95281488e-03
263700	4709.94500152	2637	1.94469027e-04	2637.00000000	3.19536582e+15	3.32231719e+15	2.95281637e-03
263800	4711.73906354	2638	1.94542773e-04	2638.00000000	3.19536758e+15	3.32231895e+15	2.95281785e-03
263900	4713.52384979	2639	1.94616519e-04	2639.00000000	3.19536934e+15	3.32232071e+15	2.95281932e-03
264000	4715.30953678	2640	1.94690265e-04	2640.00000000	3.19537109e+15	3.32232247e+15	2.95282079e-03
264100	4717.09527392	2641	1.94764012e-04	2641.00000000	3.19537284e+15	3.32232422e+15	2.95282226e-03
264200	4718.87976011	2642	1.94837758e-04	2642.00000000	3.19537458e+15	3.32232596e+15	2.95282373e-03
264300	4720.66545765	2643	1.94911504e-04	2643.00000000	3.19537632e+15	3.32232771e+15	2.95282519e-03
264400	4722.45034823	2644	1.94985251e-04	2644.00000000	3.19537805e+15	3.32232944e+15	2.95282664e-03
264500	4724.23829724	2645	1.95058997e-04	2645.00000000	3.19537978e+15	3.32233118e+15	2.95282810e-03
264600	4726.02731892	2646	1.95132743e-04	2646.00000000	3.19538151e+15	3.32233291e+15	2.95282954e-03
264700	4727.81002428	2647	1.95206490e-04	2647.00000000	3.19538323e+15	3.32233463e+15	2.95283099e-03
264800	4729.59554087	2648	1.95280236e-04	2648.00000000	3.19538494e+15	3.32233635e+15	2.95283243e-03
264900	4731.38016090	2649	1.95353982e-04	2649.00000000	3.19538665e+15	3.32233807e+15	2.95283387e-03
265000	4733.16264440	2650	1.95427729e-04	2650.00000000	3.19538836e+15	3.32233978e+15	2.95283530e-03
265100	4734.94702390	2651	1.95501475e-04	2651.00000000	3.19539006e+15	3.32234148e+15	2.95283673e-03
265200	4736.73321512	2652	1.95575221e-04	2652.00000000	3.19539176e+15	3.32234318e+15	2.95283816e-03
265300	4738.52171771	2653	1.95648968e-04	2653.00000000	3.19539346e+15	3.32234488e+15	2.95283958e-03
265400	4740.30790414	2654	1.95722714e-04	2654.00000000	3.19539515e+15	3.32234658e+15	2.95284100e-03
265500	4742.09733842	2655	1.95796460e-04	2655.00000000	3.19539683e+15	3.32234826e+15	2.95284242e-03
265600	4743.88347529	2656	1.95870206e-04	2656.00000000	3.19539851e+15	3.32234995e+15	2.95284383e-03
265700	4745.67035936	2657	1.95943953e-04	2657.00000000	3.19540019e+15	3.32235163e+15	2.95284524e-03
265800	4747.45563286	2658	1.96017699e-04	2658.00000000	3.19540186e+15	3.32235330e+15	2.95284664e-03
265900	4749.24176275	2659	1.96091445e-04	2659.00000000	3.19540353e+15	3.32235498e+15	2.95284804e-03
266000	4751.02704750	2660	1.96165192e-04	2660.00000000	3.19540519e+15	3.32235664e+15	2.95284944e-03
266100	4752.81378600	2661	1.96238938e-04	2661.00000000	3.19540685e+15	3.32235831e+15	2.95285084e-03
266200	4754.60035684	2662	1.96312684e-04	2662.00000000	3.19540851e+15	3.32235996e+15	2.95285223e-03
266300	4756.38597091	2663	1.96386431e-04	2663.00000000	3.19541016e+15	3.32236162e+15	2.95285361e-03
266400	4758.16937120	2664	1.96460177e-04	2664.00000000	3.19541180e+15	3.32236327e+15	2.95285500e-03
266500	4759.95158242	2665	1.96533923e-04	2665.00000000	3.19541345e+15	3.32236491e+15	2.95285637e-03
266600	4761.73931800	2666	1.96607670e-04	2666.00000000	3.19541508e+15	3.32236656e+15	2.95285775e-03
266700	4763.53310971	2667	1.96681416e-04	2667.00000000	3.19541672e+15	3.32236819e+15	2.95285912e-03
266800	4765.32228439	2668	1.96755162e-04	2668.00000000	3.19541835e+15	3.32236983e+15	2.95286049e-03
266900	4767.10789626	2669	1.96828909e-04	2669.00000000	3.19541997e+15	3.32237145e+15	2.95286186e-03
267000	4768.89420859	2670	1.96902655e-04	2670.00000000	3.19542159e+15	3.32237308e+15	2.95286322e-03
267100	4770.68580266	2671	1.96976401e-04	2671.00000000	3.19542321e+15	3.32237470e+15	2.95286458e-03
267200	4772.47115884	2672	1.97050147e-04	2672.00000000	3.19542482e+15	3.32237632e+15	2.95286593e-03
267300	4774.25550623	2673	1.97123894e-04	2673.00000000	3.19542643e+15	3.32237793e+15	2.95286728e-03
267400	4776.03916539	2674	1.97197640e-04	2674.00000000	3.19542804e+15	3.32237954e+15	2.95286863e-03
267500	4777.82795875	2675	1.97271386e-04	2675.00000000	3.19542964e+15	3.32238114e+15	2.95286997e-03
267600	4779.61763112	2676	1.97345133e-04	2676.00000000	3.19543123e+15	3.32238274e+15	2.95287132e-03
267700	4781.40382016	2677	1.97418879e-04	2677.00000000	3.19543282e+15	3.32238433e+15	2.95287265e-03
267800	4783.19033165	2678	1.97492625e-04	2678.00000000	3.19543441e+15	3.32238592e+15	2.95287399e-03
267900	4784.98005582	2679	1.97566372e-04	2679.00000000	3.19543600e+15	3.32238751e+15	2.95287532e-03
268000	4786.76729636	2680	1.97640118e-04	2680.00000000	3.19543758e+15	3.32238910e+15	2.95287664e-03
268100	4788.55203561	2681	1.97713864e-04	2681.00000000	3.19543915e+15	3.32239067e+15	2.95287797e-03
268200	4790.34168232	2682	1.97787611e-04	2682.00000000	3.19544072e+15	3.32239225e+15	2.95287929e-03
268300	4792.12489581	2683	1.97861357e-04	2683.00000000	3.19544229e+15	3.32239382e+15	2.95288060e-03
268400	4793.91040573	2684	1.97935103e-04	2684.00000000	3.19544385e+15	3.32239539e+15	2.95288192e-03
268500	4795.69953992	2685	1.98008850e-04	2685.00000000	3.19544541e+15	3.32239695e+15	2.95288323e-03
268600	4797.48358340	2686	1.98082596e-04	2686.00000000	3.19544697e+15	3.32239851e+15	2.95288453e-03
268700	4799.26672229	2687	1.98156342e-04	2687.00000000	3.19544852e+15	3.32240006e+15	2.95288584e-03
268800	4801.04877512	2688	1.98230088e-04	2688.00000000	3.19545007e+15	3.32240161e+15	2.95288714e-03
268900	4802.83312785	2689	1.98303835e-04	2689.00000000	3.19545161e+15	3.32240316e+15	2.95288843e-03
269000	4804.62084315	2690	1.98377581e-04	2690.00000000	3.19545315e+15	3.32240470e+15	2.95288973e-03
269100	4806.40990133	2691	1.98451327e-04	2691.00000000	3.19545469e+15	3.32240624e+15	2.95289102e-03
269200	4808.19484324	2692	1.98525074e-04	2692.00000000	3.19545622e+15	3.32240778e+15	2.95289230e-03
269300	4809.97575449	2693	1.98598820e-04	2693.00000000	3.19545775e+15	3.32240931e+15	2.95289359e-03
269400	4811.76377895	2694	1.98672566e-04	2694.00000000	3.19545927e+15	3.32241083e+15	2.95289487e-03
269500	4813.55401913	2695	1.98746313e-04	2695.00000000	3.19546079e+15	3.32241236e+15	2.95289614e-03
269600	4815.34257479	2696	1.98820059e-04	2696.00000000	3.19546230e+15	3.32241387e+15	2.95289742e-03
269700	4817.13186051	2697	1.98893805e-04	2697.00000000	3.19546382e+15	3.32241539e+15	2.95289869e-03
269800	4818.92632916	2698	1.98967552e-04	2698.00000000	3.19546532e+15	3.32241690e+15	2.95289995e-03
269900	4820.71444083	2699	1.99041298e-04	2699.00000000	3.19546683e+15	3.32241841e+15	2.95290122e-03
270000	4822.50056263	2700	1.99115044e-04	2700.00000000	3.19546833e+15	3.32241991e+15	2.95290248e-03
270100	4824.29082559	2701	1.99188791e-04	2701.00000000	3.19546982e+15	3.32242141e+15	2.95290373e-03
270200	4826.07706153	2702	1.99262537e-04	2702.00000000	3.19547132e+15	3.32242291e+15	2.95290499e-03
270300	4827.86352294	2703	1.99336283e-04	2703.00000000	3.19547280e+15	3.32242440e+15	2.95290624e-03
270400	4829.65019121	2704	1.99410029e-04	2704.00000000	3.19547429e+15	3.32242589e+15	2.95290748e-03
270500	4831.43500665	2705	1.99483776e-04	2705.00000000	3.19547577e+15	3.32242737e+15	2.95290873e-03
270600	4833.22113044	2706	1.99557522e-04	2706.00000000	3.19547725e+15	3.32242885e+15	2.95290997e-03
270700	4835.00591461	2707	1.99631268e-04	2707.00000000	3.19547872e+15	3.32243033e+15	2.95291120e-03
270800	4836.79352820	2708	1.99705015e-04	2708.00000000	3.19548019e+15	3.32243180e+15	2.95291244e-03
270900	4838.57933379	2709	1.99778761e-04	2709.00000000	3.19548166e+15	3.32243327e+15	2.95291367e-03
271000	4840.37081405	2710	1.99852507e-04	2710.00000000	3.19548312e+15	3.32243473e+15	2.95291490e-03
271100	4842.15835777	2711	1.99926254e-04	2711.00000000	3.19548458e+15	3.32243619e+15	2.95291612e-03
271200	4843.94692593	2712	2.00000000e-04	2712.00000000	3.19548603e+15	3.32243765e+15	2.95291734e-03
271300	4845.73489507	2713	2.00073746e-04	2713.00000000	3.19548748e+15	3.32243910e+15	2.95291856e-03
271400	4847.52163376	2714	2.00147493e-04	2714.00000000	3.19548893e+15	3.32244055e+15	2.95291978e-03
271500	4849.31228414	2715	2.00221239e-04	2715.00000000	3.19549037e+15	3.32244200e+15	2.95292099e-03
271600	4851.09912198	2716	2.00294985e-04	2716.00000000	3.19549181e+15	3.32244344e+15	2.95292220e-03
271700	4852.88459081	2717	2.00368732e-04	2717.00000000	3.19549324e+15	3.32244488e+15	2.95292341e-03
271800	4854.67188724	2718	2.00442478e-04	2718.00000000	3.19549468e+15	3.32244632e+15	2.95292461e-03
271900	4856.46160566	2719	2.00516224e-04	2719.00000000	3.19549610e+15	3.32244775e+15	2.95292581e-03
272000	4858.24827345	2720	2.00589971e-04	2720.00000000	3.19549753e+15	3.32244917e+15	2.95292700e-03
272100	4860.03652042	2721	2.00663717e-04	2721.00000000	3.19549895e+15	3.32245060e+15	2.95292820e-03
272200	4861.82438526	2722	2.00737463e-04	2722.00000000	3.19550037e+15	3.32245202e+15	2.95292939e-03
272300	4863.61504992	2723	2.00811209e-04	2723.00000000	3.19550178e+15	3.32245343e+15	2.95293058e-03
272400	4865.40418550	2724	2.00884956e-04	2724.00000000	3.19550319e+15	3.32245485e+15	2.95293176e-03
272500	4867.19164939	2725	2.00958702e-04	2725.00000000	3.19550460e+15	3.32245626e+15	2.95293294e-03
272600	4868.97788811	2726	2.01032448e-04	2726.00000000	3.19550600e+15	3.32245766e+15	2.95293412e-03
272700	4870.76229955	2727	2.01106195e-04	2727.00000000	3.19550740e+15	3.32245906e+15	2.95293529e-03
272800	4872.54698774	2728	2.01179941e-04	2728.00000000	3.19550879e+15	3.32246046e+15	2.95293647e-03
272900	4874.33253643	2729	2.01253687e-04	2729.00000000	3.19551019e+15	3.32246186e+15	2.95293764e-03
273000	4876.12120941	2730	2.01327434e-04	2730.00000000	3.19551157e+15	3.32246325e+15	2.95293880e-03
273100	4877.90598836	2731	2.01401180e-04	2731.00000000	3.19551296e+15	3.32246463e+15	2.95293996e-03
273200	4879.68986602	2732	2.01474926e-04	2732.00000000	3.19551434e+15	3.32246602e+15	2.95294112e-03
273300	4881.47755777	2733	2.01548673e-04	2733.00000000	3.19551572e+15	3.32246740e+15	2.95294228e-03
273400	4883.26453483	2734	2.01622419e-04	2734.00000000	3.19551709e+15	3.32246878e+15	2.95294344e-03
273500	4885.04949075	2735	2.01696165e-04	2735.00000000	3.19551846e+15	3.32247015e+15	2.95294459e-03
273600	4886.83616117	2736	2.01769912e-04	2736.00000000	3.19551983e+15	3.32247152e+15	2.95294573e-03
273700	4888.62085847	2737	2.01843658e-04	2737.00000000	3.19552119e+15	3.32247288e+15	2.95294688e-03
273800	4890.40320328	2738	2.01917404e-04	2738.00000000	3.19552255e+15	3.32247425e+15	2.95294802e-03
273900	4892.19224704	2739	2.01991150e-04	2739.00000000	3.19552391e+15	3.32247561e+15	2.95294916e-03
274000	4893.97704169	2740	2.02064897e-04	2740.00000000	3.19552526e+15	3.32247696e+15	2.95295030e-03
274100	4895.76451268	2741	2.02138643e-04	2741.00000000	3.19552661e+15	3.32247831e+15	2.95295143e-03
274200	4897.54971069	2742	2.02212389e-04	2742.00000000	3.19552795e+15	3.32247966e+15	2.95295256e-03
274300	4899.33483270	2743	2.02286136e-04	2743.00000000	3.19552930e+15	3.32248101e+15	2.95295369e-03
274400	4901.12249822	2744	2.02359882e-04	2744.00000000	3.19553063e+15	3.32248235e+15	2.95295481e-03
274500	4902.91645727	2745	2.02433628e-04	2745.00000000	3.19553197e+15	3.32248369e+15	2.95295593e-03
274600	4904.70588106	2746	2.02507375e-04	2746.00000000	3.19553330e+15	3.32248502e+15	2.95295705e-03
274700	4906.49433467	2747	2.02581121e-04	2747.00000000	3.19553463e+15	3.32248635e+15	2.95295817e-03
274800	4908.28010649	2748	2.02654867e-04	2748.00000000	3.19553596e+15	3.32248768e+15	2.95295928e-03
274900	4910.06962770	2749	2.02728614e-04	2749.00000000	3.19553728e+15	3.32248901e+15	2.95296039e-03
275000	4911.86193331	2750	2.02802360e-04	2750.00000000	3.19553860e+15	3.32249033e+15	2.95296150e-03
275100	4913.65363385	2751	2.02876106e-04	2751.00000000	3.19553991e+15	3.32249164e+15	2.95296260e-03
275200	4915.44169664	2752	2.02949853e-04	2752.00000000	3.19554122e+15	3.32249296e+15	2.95296371e-03
275300	4917.23116549	2753	2.03023599e-04	2753.00000000	3.19554253e+15	3.32249427e+15	2.95296480e-03
275400	4919.01790834	2754	2.03097345e-04	2754.00000000	3.19554383e+15	3.32249558e+15	2.95296590e-03
275500	4920.80301894	2755	2.03171091e-04	2755.00000000	3.19554514e+15	3.32249688e+15	2.95296699e-03
275600	4922.59355212	2756	2.03244838e-04	2756.00000000	3.19554643e+15	3.32249818e+15	2.95296808e-03
275700	4924.38127244	2757	2.03318584e-04	2757.00000000	3.19554773e+15	3.32249948e+15	2.95296917e-03
275800	4926.16537405	2758	2.03392330e-04	2758.00000000	3.19554902e+15	3.32250077e+15	2.95297026e-03
275900	4927.95038760	2759	2.03466077e-04	2759.00000000	3.19555031e+15	3.32250206e+15	2.95297134e-03
276000	4929.74104696	2760	2.03539823e-04	2760.00000000	3.19555159e+15	3.32250335e+15	2.95297242e-03
276100	4931.53115022	2761	2.03613569e-04	2761.00000000	3.19555287e+15	3.32250463e+15	2.95297349e-03
276200	4933.31764267	2762	2.03687316e-04	2762.00000000	3.19555415e+15	3.32250591e+15	2.95297457e-03
276300	4935.10360876	2763	2.03761062e-04	2763.00000000	3.19555543e+15	3.32250719e+15	2.95297564e-03
276400	4936.89264969	2764	2.03834808e-04	2764.00000000	3.19555670e+15	3.32250847e+15	2.95297670e-03
276500	4938.68184846	2765	2.03908555e-04	2765.00000000	3.19555796e+15	3.32250974e+15	2.95297777e-03
276600	4940.46327220	2766	2.03982301e-04	2766.00000000	3.19555923e+15	3.32251100e+15	2.95297883e-03
276700	4942.25553043	2767	2.04056047e-04	2767.00000000	3.19556049e+15	3.32251227e+15	2.95297989e-03
276800	4944.04701425	2768	2.04129794e-04	2768.00000000	3.19556175e+15	3.32251353e+15	2.95298095e-03
276900	4945.83331677	2769	2.04203540e-04	2769.00000000	3.19556300e+15	3.32251479e+15	2.95298200e-03
277000	4947.61835617	2770	2.04277286e-04	2770.00000000	3.19556426e+15	3.32251604e+15	2.95298305e-03
277100	4949.40341635	2771	2.04351032e-04	2771.00000000	3.19556550e+15	3.32251729e+15	2.95298410e-03
277200	4951.19043903	2772	2.04424779e-04	2772.00000000	3.19556675e+15	3.32251854e+15	2.95298515e-03
277300	4952.97792485	2773	2.04498525e-04	2773.00000000	3.19556799e+15	3.32251979e+15	2.95298619e-03
277400	4954.76213360	2774	2.04572271e-04	2774.00000000	3.19556923e+15	3.32252103e+15	2.95298723e-03
277500	4956.54646530	2775	2.04646018e-04	2775.00000000	3.19557047e+15	3.32252227e+15	2.95298827e-03
277600	4958.33379397	2776	2.04719764e-04	2776.00000000	3.19557170e+15	3.32252350e+15	2.95298931e-03
277700	4960.11922886	2777	2.04793510e-04	2777.00000000	3.19557293e+15	3.32252473e+15	2.95299034e-03
277800	4961.90749298	2778	2.04867257e-04	2778.00000000	3.19557416e+15	3.32252596e+15	2.95299137e-03
277900	4963.69437823	2779	2.04941003e-04	2779.00000000	3.19557538e+15	3.32252719e+15	2.95299240e-03
278000	4965.48444290	2780	2.05014749e-04	2780.00000000	3.19557660e+15	3.32252841e+15	2.95299342e-03
278100	4967.27507948	2781	2.05088496e-04	2781.00000000	3.19557781e+15	3.32252963e+15	2.95299444e-03
278200	4969.06241539	2782	2.05162242e-04	2782.00000000	3.19557903e+15	3.32253084e+15	2.95299546e-03
278300	4970.85037393	2783	2.05235988e-04	2783.00000000	3.19558024e+15	3.32253206e+15	2.95299648e-03
278400	4972.63913296	2784	2.05309735e-04	2784.00000000	3.19558145e+15	3.32253327e+15	2.95299749e-03
278500	4974.42576400	2785	2.05383481e-04	2785.00000000	3.19558265e+15	3.32253447e+15	2.95299851e-03
278600	4976.21095689	2786	2.05457227e-04	2786.00000000	3.19558385e+15	3.32253568e+15	2.95299951e-03
278700	4978.00119248	2787	2.05530973e-04	2787.00000000	3.19558505e+15	3.32253688e+15	2.95300052e-03
278800	4979.79069866	2788	2.05604720e-04	2788.00000000	3.19558624e+15	3.32253808e+15	2.95300152e-03
278900	4981.58044951	2789	2.05678466e-04	2789.00000000	3.19558744e+15	3.32253927e+15	2.95300252e-03
279000	4983.36473244	2790	2.05752212e-04	2790.00000000	3.19558862e+15	3.32254046e+15	2.95300352e-03
279100	4985.15019537	2791	2.05825959e-04	2791.00000000	3.19558981e+15	3.32254165e+15	2.95300452e-03
279200	4986.93866570	2792	2.05899705e-04	2792.00000000	3.19559099e+15	3.32254283e+15	2.95300551e-03
279300	4988.72420696	2793	2.05973451e-04	2793.00000000	3.19559217e+15	3.32254402e+15	2.95300650e-03
279400	4990.51308097	2794	2.06047198e-04	2794.00000000	3.19559335e+15	3.32254519e+15	2.95300749e-03
279500	4992.30249154	2795	2.06120944e-04	2795.00000000	3.19559452e+15	3.32254637e+15	2.95300848e-03
279600	4994.09064444	2796	2.06194690e-04	2796.00000000	3.19559569e+15	3.32254754e+15	2.95300946e-03
279700	4995.87918522	2797	2.06268437e-04	2797.00000000	3.19559686e+15	3.32254871e+15	2.95301044e-03
279800	4997.66512847	2798	2.06342183e-04	2798.00000000	3.19559802e+15	3.32254988e+15	2.95301142e-03
279900	4999.45896652	2799	2.06415929e-04	2799.00000000	3.19559919e+15	3.32255104e+15	2.95301239e-03
280000	5001.24862618	2800	2.06489676e-04	2800.00000000	3.19560034e+15	3.32255220e+15	2.95301337e-03
280100	5003.03353839	2801	2.06563422e-04	2801.00000000	3.19560150e+15	3.32255336e+15	2.95301434e-03
280200	5004.81421177	2802	2.06637168e-04	2802.00000000	3.19560265e+15	3.32255452e+15	2.95301531e-03
280300	5006.59792095	2803	2.06710914e-04	2803.00000000	3.19560380e+15	3.32255567e+15	2.95301627e-03
280400	5008.38304103	2804	2.06784661e-04	2804.00000000	3.19560495e+15	3.32255682e+15	2.95301723e-03
280500	5010.17017400	2805	2.06858407e-04	2805.00000000	3.19560609e+15	3.32255796e+15	2.95301820e-03
280600	5011.95525810	2806	2.06932153e-04	2806.00000000	3.19560723e+15	3.32255911e+15	2.95301915e-03
280700	5013.74469031	2807	2.07005900e-04	2807.00000000	3.19560837e+15	3.32256025e+15	2.95302011e-03
280800	5015.53309316	2808	2.07079646e-04	2808.00000000	3.19560950e+15	3.32256138e+15	2.95302106e-03
280900	5017.32017770	2809	2.07153392e-04	2809.00000000	3.19561064e+15	3.32256252e+15	2.95302201e-03
281000	5019.10612113	2810	2.07227139e-04	2810.00000000	3.19561176e+15	3.32256365e+15	2.95302296e-03
281100	5020.89451632	2811	2.07300885e-04	2811.00000000	3.19561289e+15	3.32256478e+15	2.95302391e-03
281200	5022.68080114	2812	2.07374631e-04	2812.00000000	3.19561401e+15	3.32256590e+15	2.95302485e-03
281300	5024.46642801	2813	2.07448378e-04	2813.00000000	3.19561513e+15	3.32256702e+15	2.95302579e-03
281400	5026.25510970	2814	2.07522124e-04	2814.00000000	3.19561625e+15	3.32256814e+15	2.95302673e-03
281500	5028.04546868	2815	2.07595870e-04	2815.00000000	3.19561736e+15	3.32256926e+15	2.95302766e-03
281600	5029.82909288	2816	2.07669617e-04	2816.00000000	3.19561848e+15	3.32257037e+15	2.95302860e-03
281700	5031.61940368	2817	2.07743363e-04	2817.00000000	3.19561958e+15	3.32257149e+15	2.95302953e-03
281800	5033.40711778	2818	2.07817109e-04	2818.00000000	3.19562069e+15	3.32257259e+15	2.95303046e-03
281900	5035.19478994	2819	2.07890855e-04	2819.00000000	3.19562179e+15	3.32257370e+15	2.95303138e-03
282000	5036.98252290	2820	2.07964602e-04	2820.00000000	3.19562289e+15	3.32257480e+15	2.95303231e-03
282100	5038.77084162	2821	2.08038348e-04	2821.00000000	3.19562399e+15	3.32257590e+15	2.95303323e-03
282200	5040.55778603	2822	2.08112094e-04	2822.00000000	3.19562508e+15	3.32257700e+15	2.95303415e-03
282300	5042.34507982	2823	2.08185841e-04	2823.00000000	3.19562618e+15	3.32257809e+15	2.95303507e-03
282400	5044.13383209	2824	2.08259587e-04	2824.00000000	3.19562726e+15	3.32257918e+15	2.95303598e-03
282500	5045.92272927	2825	2.08333333e-04	2825.00000000	3.19562835e+15	3.32258027e+15	2.95303689e-03
282600	5047.70984365	2826	2.08407080e-04	2826.00000000	3.19562943e+15	3.32258136e+15	2.95303780e-03
282700	5049.49733826	2827	2.08480826e-04	2827.00000000	3.19563051e+15	3.32258244e+15	2.95303871e-03
282800	5051.28208407	2828	2.08554572e-04	2828.00000000	3.19563159e+15	3.32258352e+15	2.95303961e-03
282900	5053.06861532	2829	2.08628319e-04	2829.00000000	3.19563267e+15	3.32258459e+15	2.95304052e-03
283000	5054.85624483	2830	2.08702065e-04	2830.00000000	3.19563374e+15	3.32258567e+15	2.95304142e-03
283100	5056.64133148	2831	2.08775811e-04	2831.00000000	3.19563481e+15	3.32258674e+15	2.95304232e-03
283200	5058.42528869	2832	2.08849558e-04	2832.00000000	3.19563587e+15	3.32258781e+15	2.95304321e-03
283300	5060.21151599	2833	2.08923304e-04	2833.00000000	3.19563694e+15	3.32258887e+15	2.95304411e-03
283400	5061.99730417	2834	2.08997050e-04	2834.00000000	3.19563800e+15	3.32258994e+15	2.95304500e-03
283500	5063.78642219	2835	2.09070796e-04	2835.00000000	3.19563906e+15	3.32259100e+15	2.95304589e-03
283600	5065.57771844	2836	2.09144543e-04	2836.00000000	3.19564011e+15	3.32259206e+15	2.95304677e-03
283700	5067.36115836	2837	2.09218289e-04	2837.00000000	3.19564116e+15	3.32259311e+15	2.95304766e-03
283800	5069.14699081	2838	2.09292035e-04	2838.00000000	3.19564221e+15	3.32259416e+15	2.95304854e-03
283900	5070.93290699	2839	2.09365782e-04	2839.00000000	3.19564326e+15	3.32259521e+15	2.95304942e-03
284000	5072.72242891	2840	2.09439528e-04	2840.00000000	3.19564431e+15	3.32259626e+15	2.95305029e-03
284100	5074.50862946	2841	2.09513274e-04	2841.00000000	3.19564535e+15	3.32259730e+15	2.95305117e-03
284200	5076.29621041	2842	2.09587021e-04	2842.00000000	3.19564639e+15	3.32259834e+15	2.95305204e-03
284300	5078.08597694	2843	2.09660767e-04	2843.00000000	3.19564742e+15	3.32259938e+15	2.95305291e-03
284400	5079.87470771	2844	2.09734513e-04	2844.00000000	3.19564846e+15	3.32260042e+15	2.95305378e-03
284500	5081.65957684	2845	2.09808260e-04	2845.00000000	3.19564949e+15	3.32260145e+15	2.95305465e-03
284600	5083.44648732	2846	2.09882006e-04	2846.00000000	3.19565052e+15	3.32260248e+15	2.95305551e-03
284700	5085.23533522	2847	2.09955752e-04	2847.00000000	3.19565154e+15	3.32260351e+15	2.95305637e-03
284800	5087.02254834	2848	2.10029499e-04	2848.00000000	3.19565257e+15	3.32260454e+15	2.95305723e-03
284900	5088.81177258	2849	2.10103245e-04	2849.00000000	3.19565359e+15	3.32260556e+15	2.95305809e-03
285000	5090.60198510	2850	2.10176991e-04	2850.00000000	3.19565460e+15	3.32260658e+15	2.95305895e-03
285100	5092.39260525	2851	2.10250737e-04	2851.00000000	3.19565562e+15	3.32260760e+15	2.95305980e-03
285200	5094.18870331	2852	2.10324484e-04	2852.00000000	3.19565663e+15	3.32260861e+15	2.95306065e-03
285300	5095.97890948	2853	2.10398230e-04	2853.00000000	3.19565764e+15	3.32260962e+15	2.95306150e-03
285400	5097.77242236	2854	2.10471976e-04	2854.00000000	3.19565865e+15	3.32261063e+15	2.95306234e-03
285500	5099.55869106	2855	2.10545723e-04	2855.00000000	3.19565965e+15	3.32261164e+15	2.95306319e-03
285600	5101.34787006	2856	2.10619469e-04	2856.00000000	3.19566066e+15	3.32261264e+15	2.95306403e-03
285700	5103.13493606	2857	2.10693215e-04	2857.00000000	3.19566166e+15	3.32261365e+15	2.95306487e-03
285800	5104.92156719	2858	2.10766962e-04	2858.00000000	3.19566265e+15	3.32261464e+15	2.95306571e-03
285900	5106.70644858	2859	2.10840708e-04	2859.00000000	3.19566365e+15	3.32261564e+15	2.95306654e-03
286000	5108.49341776	2860	2.10914454e-04	2860.00000000	3.19566464e+15	3.32261664e+15	2.95306738e-03
286100	5110.27669493	2861	2.10988201e-04	2861.00000000	3.19566563e+15	3.32261763e+15	2.95306821e-03
286200	5112.06282197	2862	2.11061947e-04	2862.00000000	3.19566662e+15	3.32261862e+15	2.95306904e-03
286300	5113.84990758	2863	2.11135693e-04	2863.00000000	3.19566760e+15	3.32261960e+15	2.95306986e-03
286400	5115.63492092	2864	2.11209440e-04	2864.00000000	3.19566858e+15	3.32262059e+15	2.95307069e-03
286500	5117.42260186	2865	2.11283186e-04	2865.00000000	3.19566956e+15	3.32262157e+15	2.95307151e-03
286600	5119.20891517	2866	2.11356932e-04	2866.00000000	3.19567054e+15	3.32262255e+15	2.95307233e-03
286700	5120.99082615	2867	2.11430678e-04	2867.00000000	3.19567151e+15	3.32262352e+15	2.95307315e-03
286800	5122.77651124	2868	2.11504425e-04	2868.00000000	3.19567248e+15	3.32262450e+15	2.95307396e-03
286900	5124.56614547	2869	2.11578171e-04	2869.00000000	3.19567345e+15	3.32262547e+15	2.95307478e-03
287000	5126.35855748	2870	2.11651917e-04	2870.00000000	3.19567442e+15	3.32262644e+15	2.95307559e-03
287100	5128.14760864	2871	2.11725664e-04	2871.00000000	3.19567538e+15	3.32262740e+15	2.95307640e-03
287200	5129.93119855	2872	2.11799410e-04	2872.00000000	3.19567635e+15	3.32262837e+15	2.95307721e-03
287300	5131.71966583	2873	2.11873156e-04	2873.00000000	3.19567730e+15	3.32262933e+15	2.95307801e-03
287400	5133.50650752	2874	2.11946903e-04	2874.00000000	3.19567826e+15	3.32263029e+15	2.95307882e-03
287500	5135.29082397	2875	2.12020649e-04	2875.00000000	3.19567922e+15	3.32263124e+15	2.95307962e-03
287600	5137.07743632	2876	2.12094395e-04	2876.00000000	3.19568017e+15	3.32263220e+15	2.95308042e-03
287700	5138.86457028	2877	2.12168142e-04	2877.00000000	3.19568112e+15	3.32263315e+15	2.95308122e-03
287800	5140.65157013	2878	2.12241888e-04	2878.00000000	3.19568206e+15	3.32263410e+15	2.95308201e-03
287900	5142.43747025	2879	2.12315634e-04	2879.00000000	3.19568301e+15	3.32263504e+15	2.95308280e-03
288000	5144.22795037	2880	2.12389381e-04	2880.00000000	3.19568395e+15	3.32263599e+15	2.95308360e-03
288100	5146.01971545	2881	2.12463127e-04	2881.00000000	3.19568489e+15	3.32263693e+15	2.95308438e-03
288200	5147.80789348	2882	2.12536873e-04	2882.00000000	3.19568583e+15	3.32263787e+15	2.95308517e-03
288300	5149.59826573	2883	2.12610619e-04	2883.00000000	3.19568676e+15	3.32263880e+15	2.95308596e-03
288400	5151.38378169	2884	2.12684366e-04	2884.00000000	3.19568769e+15	3.32263974e+15	2.95308674e-03
288500	5153.17221690	2885	2.12758112e-04	2885.00000000	3.19568862e+15	3.32264067e+15	2.95308752e-03
288600	5154.96000352	2886	2.12831858e-04	2886.00000000	3.19568955e+15	3.32264160e+15	2.95308830e-03
288700	5156.74926350	2887	2.12905605e-04	2887.00000000	3.19569048e+15	3.32264253e+15	2.95308908e-03
288800	5158.53700896	2888	2.12979351e-04	2888.00000000	3.19569140e+15	3.32264345e+15	2.95308985e-03
288900	5160.32328753	2889	2.13053097e-04	2889.00000000	3.19569232e+15	3.32264437e+15	2.95309063e-03
289000	5162.11463786	2890	2.13126844e-04	2890.00000000	3.19569324e+15	3.32264529e+15	2.95309140e-03
289100	5163.90494809	2891	2.13200590e-04	2891.00000000	3.19569415e+15	3.32264621e+15	2.95309217e-03
289200	5165.69771650	2892	2.13274336e-04	2892.00000000	3.19569507e+15	3.32264713e+15	2.95309293e-03
289300	5167.48256244	2893	2.13348083e-04	2893.00000000	3.19569598e+15	3.32264804e+15	2.95309370e-03
289400	5169.27015948	2894	2.13421829e-04	2894.00000000	3.19569689e+15	3.32264895e+15	2.95309446e-03
289500	5171.06025378	2895	2.13495575e-04	2895.00000000	3.19569779e+15	3.32264986e+15	2.95309522e-03
289600	5172.84934255	2896	2.13569322e-04	2896.00000000	3.19569870e+15	3.32265076e+15	2.95309598e-03
289700	5174.63604091	2897	2.13643068e-04	2897.00000000	3.19569960e+15	3.32265167e+15	2.95309674e-03
289800	5176.42337146	2898	2.13716814e-04	2898.00000000	3.19570050e+15	3.32265257e+15	2.95309749e-03
289900	5178.21309591	2899	2.13790560e-04	2899.00000000	3.19570139e+15	3.32265347e+15	2.95309825e-03
290000	5179.99984354	2900	2.13864307e-04	2900.00000000	3.19570229e+15	3.32265436e+15	2.95309900e-03
290100	5181.79563470	2901	2.13938053e-04	2901.00000000	3.19570318e+15	3.32265526e+15	2.95309975e-03
290200	5183.59081117	2902	2.14011799e-04	2902.00000000	3.19570407e+15	3.32265615e+15	2.95310050e-03
290300	5185.37756810	2903	2.14085546e-04	2903.00000000	3.19570496e+15	3.32265704e+15	2.95310124e-03
290400	5187.16439639	2904	2.14159292e-04	2904.00000000	3.19570584e+15	3.32265793e+15	2.95310199e-03
290500	5188.95590057	2905	2.14233038e-04	2905.00000000	3.19570673e+15	3.32265881e+15	2.95310273e-03
290600	5190.74715845	2906	2.14306785e-04	2906.00000000	3.19570761e+15	3.32265969e+15	2.95310347e-03
290700	5192.53343720	2907	2.14380531e-04	2907.00000000	3.19570849e+15	3.32266057e+15	2.95310421e-03
290800	5194.32422229	2908	2.14454277e-04	2908.00000000	3.19570936e+15	3.32266145e+15	2.95310494e-03
290900	5196.11523818	2909	2.14528024e-04	2909.00000000	3.19571024e+15	3.32266233e+15	2.95310568e-03
291000	5197.90479639	2910	2.14601770e-04	2910.00000000	3.19571111e+15	3.32266320e+15	2.95310641e-03
291100	5199.69373488	2911	2.14675516e-04	2911.00000000	3.19571198e+15	3.32266407e+15	2.95310714e-03
291200	5201.47995861	2912	2.14749263e-04	2912.00000000	3.19571285e+15	3.32266494e+15	2.95310787e-03
291300	5203.26861059	2913	2.14823009e-04	2913.00000000	3.19571371e+15	3.32266581e+15	2.95310859e-03
291400	5205.05764809	2914	2.14896755e-04	2914.00000000	3.19571457e+15	3.32266667e+15	2.95310932e-03
291500	5206.84549323	2915	2.14970501e-04	2915.00000000	3.19571543e+15	3.32266754e+15	2.95311004e-03
291600	5208.63168616	2916	2.15044248e-04	2916.00000000	3.19571629e+15	3.32266840e+15	2.95311076e-03
291700	5210.41689844	2917	2.15117994e-04	2917.00000000	3.19571715e+15	3.32266925e+15	2.95311148e-03
291800	5212.20779642	2918	2.15191740e-04	2918.00000000	3.19571800e+15	3.32267011e+15	2.95311220e-03
291900	5213.99773527	2919	2.15265487e-04	2919.00000000	3.19571885e+15	3.32267096e+15	2.95311291e-03
292000	5215.78470650	2920	2.15339233e-04	2920.00000000	3.19571970e+15	3.32267181e+15	2.95311363e-03
292100	5217.56986516	2921	2.15412979e-04	2921.00000000	3.19572055e+15	3.32267266e+15	2.95311434e-03
292200	5219.35675905	2922	2.15486726e-04	2922.00000000	3.19572140e+15	3.32267351e+15	2.95311505e-03
292300	5221.14512210	2923	2.15560472e-04	2923.00000000	3.19572224e+15	3.32267436e+15	2.95311576e-03
292400	5222.93207547	2924	2.15634218e-04	2924.00000000	3.19572308e+15	3.32267520e+15	2.95311646e-03
292500	5224.71723731	2925	2.15707965e-04	2925.00000000	3.19572392e+15	3.32267604e+15	2.95311717e-03
292600	5226.50162944	2926	2.15781711e-04	2926.00000000	3.19572476e+15	3.32267688e+15	2.95311787e-03
292700	5228.28973097	2927	2.15855457e-04	2927.00000000	3.19572559e+15	3.32267771e+15	2.95311857e-03
292800	5230.07772020	2928	2.15929204e-04	2928.00000000	3.19572642e+15	3.32267855e+15	2.95311927e-03
292900	5231.86814443	2929	2.16002950e-04	2929.00000000	3.19572725e+15	3.32267938e+15	2.95311997e-03
293000	5233.65838075	2930	2.16076696e-04	2930.00000000	3.19572808e+15	3.32268021e+15	2.95312066e-03
293100	5235.45243677	2931	2.16150442e-04	2931.00000000	3.19572891e+15	3.32268104e+15	2.95312136e-03
293200	5237.23670104	2932	2.16224189e-04	2932.00000000	3.19572973e+15	3.32268186e+15	2.95312205e-03
293300	5239.02115497	2933	2.16297935e-04	2933.00000000	3.19573055e+15	3.32268268e+15	2.95312274e-03
293400	5240.80886133	2934	2.16371681e-04	2934.00000000	3.19573137e+15	3.32268351e+15	2.95312343e-03
293500	5242.60786943	2935	2.16445428e-04	2935.00000000	3.19573219e+15	3.32268433e+15	2.95312411e-03
293600	5244.39352712	2936	2.16519174e-04	2936.00000000	3.19573300e+15	3.32268514e+15	2.95312480e-03
293700	5246.17972470	2937	2.16592920e-04	2937.00000000	3.19573382e+15	3.32268596e+15	2.95312548e-03
293800	5247.96965094	2938	2.16666667e-04	2938.00000000	3.19573463e+15	3.32268677e+15	2.95312616e-03
293900	5249.75831741	2939	2.16740413e-04	2939.00000000	3.19573544e+15	3.32268758e+15	2.95312684e-03
294000	5251.54757529	2940	2.16814159e-04	2940.00000000	3.19573624e+15	3.32268839e+15	2.95312752e-03
294100	5253.33453889	2941	2.16887906e-04	2941.00000000	3.19573705e+15	3.32268920e+15	2.95312820e-03
294200	5255.12981055	2942	2.16961652e-04	2942.00000000	3.19573785e+15	3.32269000e+15	2.95312887e-03
294300	5256.92122176	2943	2.17035398e-04	2943.00000000	3.19573865e+15	3.32269080e+15	2.95312954e-03
294400	5258.71378484	2944	2.17109145e-04	2944.00000000	3.19573945e+15	3.32269160e+15	2.95313021e-03
294500	5260.49713097	2945	2.17182891e-04	2945.00000000	3.19574025e+15	3.32269240e+15	2.95313088e-03
294600	5262.28161271	2946	2.17256637e-04	2946.00000000	3.19574104e+15	3.32269320e+15	2.95313155e-03
294700	5264.07145097	2947	2.17330383e-04	2947.00000000	3.19574183e+15	3.32269399e+15	2.95313222e-03
294800	5265.85301588	2948	2.17404130e-04	2948.00000000	3.19574262e+15	3.32269478e+15	2.95313288e-03
294900	5267.63457553	2949	2.17477876e-04	2949.00000000	3.19574341e+15	3.32269557e+15	2.95313354e-03
295000	5269.41872049	2950	2.17551622e-04	2950.00000000	3.19574420e+15	3.32269636e+15	2.95313420e-03
295100	5271.19945536	2951	2.17625369e-04	2951.00000000	3.19574498e+15	3.32269715e+15	2.95313486e-03
295200	5272.98503769	2952	2.17699115e-04	2952.00000000	3.19574576e+15	3.32269793e+15	2.95313552e-03
295300	5274.77323283	2953	2.17772861e-04	2953.00000000	3.19574654e+15	3.32269871e+15	2.95313617e-03
295400	5276.55990848	2954	2.17846608e-04	2954.00000000	3.19574732e+15	3.32269949e+15	2.95313683e-03
295500	5278.34932897	2955	2.17920354e-04	2955.00000000	3.19574810e+15	3.32270027e+15	2.95313748e-03
295600	5280.13400478	2956	2.17994100e-04	2956.00000000	3.19574887e+15	3.32270105e+15	2.95313813e-03
295700	5281.91972777	2957	2.18067847e-04	2957.00000000	3.19574964e+15	3.32270182e+15	2.95313878e-03
295800	5283.70624725	2958	2.18141593e-04	2958.00000000	3.19575041e+15	3.32270259e+15	2.95313943e-03
295900	5285.49191654	2959	2.18215339e-04	2959.00000000	3.19575118e+15	3.32270336e+15	2.95314007e-03
296000	5287.27871680	2960	2.18289086e-04	2960.00000000	3.19575195e+15	3.32270413e+15	2.95314071e-03
296100	5289.06468174	2961	2.18362832e-04	2961.00000000	3.19575271e+15	3.32270489e+15	2.95314136e-03
296200	5290.84838621	2962	2.18436578e-04	2962.00000000	3.19575348e+15	3.32270566e+15	2.95314200e-03
296300	5292.63527930	2963	2.18510324e-04	2963.00000000	3.19575424e+15	3.32270642e+15	2.95314264e-03
296400	5294.41735801	2964	2.18584071e-04	2964.00000000	3.19575499e+15	3.32270718e+15	2.95314327e-03
296500	5296.20699551	2965	2.18657817e-04	2965.00000000	3.19575575e+15	3.32270794e+15	2.95314391e-03
296600	5297.99412807	2966	2.18731563e-04	2966.00000000	3.19575651e+15	3.32270869e+15	2.95314454e-03
296700	5299.77791241	2967	2.18805310e-04	2967.00000000	3.19575726e+15	3.32270945e+15	2.95314517e-03
296800	5301.56297573	2968	2.18879056e-04	2968.00000000	3.19575801e+15	3.32271020e+15	2.95314580e-03
296900	5303.34652693	2969	2.18952802e-04	2969.00000000	3.19575876e+15	3.32271095e+15	2.95314643e-03
297000	5305.13127493	2970	2.19026549e-04	2970.00000000	3.19575950e+15	3.32271170e+15	2.95314706e-03
297100	5306.91597145	2971	2.19100295e-04	2971.00000000	3.19576025e+15	3.32271245e+15	2.95314769e-03
297200	5308.70266620	2972	2.19174041e-04	2972.00000000	3.19576099e+15	3.32271319e+15	2.95314831e-03
297300	5310.48786255	2973	2.19247788e-04	2973.00000000	3.19576173e+15	3.32271393e+15	2.95314893e-03
297400	5312.27345714	2974	2.19321534e-04	2974.00000000	3.19576247e+15	3.32271467e+15	2.95314955e-03
297500	5314.05743369	2975	2.19395280e-04	2975.00000000	3.19576321e+15	3.32271541e+15	2.95315017e-03
297600	5315.84280822	2976	2.19469027e-04	2976.00000000	3.19576394e+15	3.32271615e+15	2.95315079e-03
297700	5317.62846516	2977	2.19542773e-04	2977.00000000	3.19576468e+15	3.32271688e+15	2.95315141e-03
297800	5319.41006016	2978	2.19616519e-04	2978.00000000	3.19576541e+15	3.32271762e+15	2.95315202e-03
297900	5321.19432282	2979	2.19690265e-04	2979.00000000	3.19576614e+15	3.32271835e+15	2.95315263e-03
298000	5322.97933693	2980	2.19764012e-04	2980.00000000	3.19576687e+15	3.32271908e+15	2.95315324e-03
298100	5324.76637798	2981	2.19837758e-04	2981.00000000	3.19576759e+15	3.32271980e+15	2.95315385e-03
298200	5326.55220796	2982	2.19911504e-04	2982.00000000	3.19576832e+15	3.32272053e+15	2.95315446e-03
298300	5328.34356757	2983	2.19985251e-04	2983.00000000	3.19576904e+15	3.32272125e+15	2.95315507e-03
298400	5330.12877424	2984	2.20058997e-04	2984.00000000	3.19576976e+15	3.32272198e+15	2.95315567e-03
298500	5331.91585360	2985	2.20132743e-04	2985.00000000	3.19577048e+15	3.32272270e+15	2.95315628e-03
298600	5333.70328431	2986	2.20206490e-04	2986.00000000	3.19577119e+15	3.32272341e+15	2.95315688e-03
298700	5335.49085432	2987	2.20280236e-04	2987.00000000	3.19577191e+15	3.32272413e+15	2.95315748e-03
298800	5337.27980925	2988	2.20353982e-04	2988.00000000	3.19577262e+15	3.32272484e+15	2.95315808e-03
298900	5339.06541100	2989	2.20427729e-04	2989.00000000	3.19577333e+15	3.32272556e+15	2.95315868e-03
299000	5340.85379290	2990	2.20501475e-04	2990.00000000	3.19577404e+15	3.32272627e+15	2.95315927e-03
299100	5342.64259621	2991	2.20575221e-04	2991.00000000	3.19577475e+15	3.32272698e+15	2.95315987e-03
299200	5344.42904008	2992	2.20648968e-04	2992.00000000	3.19577545e+15	3.32272768e+15	2.95316046e-03
299300	5346.21158583	2993	2.20722714e-04	2993.00000000	3.19577616e+15	3.32272839e+15	2.95316105e-03
299400	5347.99634254	2994	2.20796460e-04	2994.00000000	3.19577686e+15	3.32272909e+15	2.95316164e-03
299500	5349.78080003	2995	2.20870206e-04	2995.00000000	3.19577756e+15	3.32272979e+15	2.95316223e-03
299600	5351.56510814	2996	2.20943953e-04	2996.00000000	3.19577826e+15	3.32273049e+15	2.95316281e-03
299700	5353.34513193	2997	2.21017699e-04	2997.00000000	3.19577896e+15	3.32273119e+15	2.95316340e-03
299800	5355.12926733	2998	2.21091445e-04	2998.00000000	3.19577965e+15	3.32273189e+15	2.95316398e-03
299900	5356.91515182	2999	2.21165192e-04	2999.00000000	3.19578034e+15	3.32273258e+15	2.95316456e-03
300000	5358.73338160	3000	2.21238938e-04	3000.00000000	3.19578103e+15	3.32273327e+15	2.95316515e-03
