TITLE = "DT pseudo-time residual history"
VARIABLES = "step", "physicalStep", "inner", "runTime", "runCyc", "pseudoCFL", "dtPhys", "dtau", "Gfluid", "GNe", "GNi", "GEe", "GPhi", "logRelFluid", "logRelNe", "logRelNi", "logRelEe", "logRelPhi"
ZONE T="step_0_phys_0", I=160, SOLUTIONTIME=1.00000000e-02, F=POINT
0	0	0	7.37463127e-10	1.00000000e-02	1.50000000e+04	7.37463127e-10	1.17830193e-09	8.11722442e-01	7.34449013e-03	1.75933529e-05	1.40592533e+00	6.83575775e-14	0.00000000e+00	0.00000000e+00	0.00000000e+00	0.00000000e+00	0.00000000e+00
0	0	1	7.37463127e-10	1.00000000e-02	1.50000000e+04	7.37463127e-10	1.17829837e-09	3.22069372e-01	7.21445244e-03	1.19516529e-05	5.57793862e-01	3.64628977e-04	-4.01458127e-01	-7.75827667e-03	-1.67920642e-01	-4.01488523e-01	9.72706452e+00
0	0	2	7.37463127e-10	1.00000000e-02	1.50000000e+04	7.37463127e-10	1.17828570e-09	3.60963008e-02	6.73474145e-03	6.01500084e-06	6.21568340e-02	1.32192261e-03	-1.35194486e+00	-3.76407238e-02	-4.66112922e-01	-1.35447337e+00	1.02864194e+01
0	0	3	7.37463127e-10	1.00000000e-02	1.50000000e+04	7.37463127e-10	1.17827915e-09	1.24183339e-02	6.50705189e-03	3.03620910e-06	2.05013004e-02	1.78432671e-03	-1.81534422e+00	-5.25773813e-02	-7.63016937e-01	-1.83618085e+00	1.04166877e+01
0	0	4	7.37463127e-10	1.00000000e-02	1.50000000e+04	7.37463127e-10	1.17827449e-09	7.67110615e-03	6.35998976e-03	1.53629060e-06	1.16656820e-02	2.03778391e-03	-2.02454956e+00	-6.25052353e-02	-1.05887524e+00	-2.08105212e+00	1.04743715e+01
0	0	5	7.37463127e-10	1.00000000e-02	1.50000000e+04	7.37463127e-10	1.17827055e-09	6.03783944e-03	6.24635756e-03	7.79455243e-07	8.38746277e-03	2.21166186e-03	-2.12852599e+00	-7.03348103e-02	-1.35355743e+00	-2.22433165e+00	1.05099321e+01
0	0	6	7.37463127e-10	1.00000000e-02	1.50000000e+04	7.37463127e-10	1.17826691e-09	5.31610888e-03	6.14973158e-03	3.97307437e-07	6.85301701e-03	2.34801358e-03	-2.18381369e+00	-7.71054912e-02	-1.64622192e+00	-2.31208044e+00	1.05359139e+01
0	0	7	7.37463127e-10	1.00000000e-02	1.50000000e+04	7.37463127e-10	1.17826341e-09	4.94539439e-03	6.06311536e-03	2.04812221e-07	6.05057098e-03	2.46357470e-03	-2.21520662e+00	-8.32658199e-02	-1.93399275e+00	-2.36616589e+00	1.05567791e+01
0	0	8	7.37463127e-10	1.00000000e-02	1.50000000e+04	7.37463127e-10	1.17826000e-09	4.72931838e-03	5.98299976e-03	1.08923040e-07	5.59491474e-03	2.56631299e-03	-2.23460900e+00	-8.90426659e-02	-2.20822886e+00	-2.40016878e+00	1.05745230e+01
0	0	9	7.37463127e-10	1.00000000e-02	1.50000000e+04	7.37463127e-10	1.17825664e-09	4.58770201e-03	5.90740381e-03	6.27801543e-08	5.31447169e-03	2.66055994e-03	-2.24781235e+00	-9.45649925e-02	-2.44752624e+00	-2.42250216e+00	1.05901864e+01
0	0	10	7.37463127e-10	1.00000000e-02	1.50000000e+04	7.37463127e-10	1.17825332e-09	4.48457777e-03	5.83511474e-03	4.22101995e-08	5.12696298e-03	2.74889379e-03	-2.25768599e+00	-9.99122511e-02	-2.61993121e+00	-2.43810207e+00	1.06043713e+01
0	0	11	7.37463127e-10	1.00000000e-02	1.50000000e+04	7.37463127e-10	1.17825003e-09	4.40264362e-03	5.76534758e-03	3.38098434e-08	4.99104997e-03	2.83294594e-03	-2.26569402e+00	-1.05136157e-01	-2.71630545e+00	-2.44977034e+00	1.06174516e+01
0	0	12	7.37463127e-10	1.00000000e-02	1.50000000e+04	7.37463127e-10	1.17824676e-09	4.33307689e-03	5.69757389e-03	3.03251938e-08	4.88511185e-03	2.91379283e-03	-2.27261116e+00	-1.10271685e-01	-2.76354503e+00	-2.45908774e+00	1.06296720e+01
0	0	13	7.37463127e-10	1.00000000e-02	1.50000000e+04	7.37463127e-10	1.17824352e-09	4.27114001e-03	5.63142756e-03	2.86040946e-08	4.79738830e-03	2.99216603e-03	-2.27886375e+00	-1.15343150e-01	-2.78892041e+00	-2.46695738e+00	1.06411990e+01
0	0	14	7.37463127e-10	1.00000000e-02	1.50000000e+04	7.37463127e-10	1.17824031e-09	4.21416593e-03	5.56664923e-03	2.75374313e-08	4.72122863e-03	3.06857349e-03	-2.28469592e+00	-1.20367795e-01	-2.80542519e+00	-2.47390722e+00	1.06521499e+01
0	0	15	7.37463127e-10	1.00000000e-02	1.50000000e+04	7.37463127e-10	1.17823712e-09	4.16058644e-03	5.50305194e-03	2.67586478e-08	4.65272586e-03	3.14337353e-03	-2.29025300e+00	-1.25358040e-01	-2.81788445e+00	-2.48025479e+00	1.06626093e+01
0	0	16	7.37463127e-10	1.00000000e-02	1.50000000e+04	7.37463127e-10	1.17823397e-09	4.10944180e-03	5.44049886e-03	2.61359722e-08	4.58949973e-03	3.21682196e-03	-2.29562472e+00	-1.30322928e-01	-2.82810995e+00	-2.48619691e+00	1.06726404e+01
0	0	17	7.37463127e-10	1.00000000e-02	1.50000000e+04	7.37463127e-10	1.17823084e-09	4.06012294e-03	5.37888855e-03	2.56122310e-08	4.53004999e-03	3.28910310e-03	-2.30086837e+00	-1.35269106e-01	-2.83690120e+00	-2.49185926e+00	1.06822908e+01
0	0	18	7.37463127e-10	1.00000000e-02	1.50000000e+04	7.37463127e-10	1.17822774e-09	4.01223059e-03	5.31814482e-03	2.51568461e-08	4.47340123e-03	3.36035076e-03	-2.30602167e+00	-1.40201492e-01	-2.84469242e+00	-2.49732440e+00	1.06915979e+01
0	0	19	7.37463127e-10	1.00000000e-02	1.50000000e+04	7.37463127e-10	1.17822468e-09	3.96549530e-03	5.25820976e-03	2.47507872e-08	4.41890134e-03	3.43066269e-03	-2.31111011e+00	-1.45123745e-01	-2.85175960e+00	-2.50264795e+00	1.07005914e+01
0	0	20	7.37463127e-10	1.00000000e-02	1.50000000e+04	7.37463127e-10	1.17822164e-09	3.91973057e-03	5.19903876e-03	2.43811892e-08	4.36610343e-03	3.50011068e-03	-2.31615134e+00	-1.50038596e-01	-2.85829373e+00	-2.50786824e+00	1.07092951e+01
0	0	21	7.37463127e-10	1.00000000e-02	1.50000000e+04	7.37463127e-10	1.17821864e-09	3.87480429e-03	5.14059700e-03	2.40389994e-08	4.31469436e-03	3.56874779e-03	-2.32115778e+00	-1.54948093e-01	-2.86443223e+00	-2.51301222e+00	1.07177292e+01
0	0	22	7.37463127e-10	1.00000000e-02	1.50000000e+04	7.37463127e-10	1.17821566e-09	3.83062097e-03	5.08285683e-03	2.37177195e-08	4.26445043e-03	3.63661346e-03	-2.32613837e+00	-1.59853775e-01	-2.87027569e+00	-2.51809918e+00	1.07259105e+01
0	0	23	7.37463127e-10	1.00000000e-02	1.50000000e+04	7.37463127e-10	1.17821272e-09	3.78711020e-03	5.02579597e-03	2.34126307e-08	4.21520889e-03	3.70373725e-03	-2.33109961e+00	-1.64756798e-01	-2.87589840e+00	-2.52314315e+00	1.07338535e+01
0	0	24	7.37463127e-10	1.00000000e-02	1.50000000e+04	7.37463127e-10	1.17820981e-09	3.74421919e-03	4.96939612e-03	2.31202799e-08	4.16684945e-03	3.77014155e-03	-2.33604629e+00	-1.69658035e-01	-2.88135553e+00	-2.52815445e+00	1.07415710e+01
0	0	25	7.37463127e-10	1.00000000e-02	1.50000000e+04	7.37463127e-10	1.17820693e-09	3.70190761e-03	4.91364198e-03	2.28381243e-08	4.11928179e-03	3.83584350e-03	-2.34098198e+00	-1.74558142e-01	-2.88668818e+00	-2.53314075e+00	1.07490742e+01
0	0	26	7.37463127e-10	1.00000000e-02	1.50000000e+04	7.37463127e-10	1.17820407e-09	3.66014413e-03	4.85852045e-03	2.25642810e-08	4.07243712e-03	3.90085650e-03	-2.34590937e+00	-1.79457616e-01	-2.89192712e+00	-2.53810787e+00	1.07563733e+01
0	0	27	7.37463127e-10	1.00000000e-02	1.50000000e+04	7.37463127e-10	1.17820125e-09	3.61890397e-03	4.80402015e-03	2.22973492e-08	4.02626231e-03	3.96519120e-03	-2.35083049e+00	-1.84356831e-01	-2.89709538e+00	-2.54306019e+00	1.07634775e+01
0	0	28	7.37463127e-10	1.00000000e-02	1.50000000e+04	7.37463127e-10	1.17819846e-09	3.57816723e-03	4.75013098e-03	2.20362815e-08	3.98071574e-03	4.02885634e-03	-2.35574692e+00	-1.89256066e-01	-2.90221030e+00	-2.54800109e+00	1.07703951e+01
0	0	29	7.37463127e-10	1.00000000e-02	1.50000000e+04	7.37463127e-10	1.17819570e-09	3.53791759e-03	4.69684380e-03	2.17802908e-08	3.93576433e-03	4.09185923e-03	-2.36065984e+00	-1.94155534e-01	-2.90728494e+00	-2.55293317e+00	1.07771340e+01
0	0	30	7.37463127e-10	1.00000000e-02	1.50000000e+04	7.37463127e-10	1.17819297e-09	3.49814146e-03	4.64415023e-03	2.15287826e-08	3.89138145e-03	4.15420626e-03	-2.36557019e+00	-1.99055392e-01	-2.91232914e+00	-2.55785845e+00	1.07837014e+01
0	0	31	7.37463127e-10	1.00000000e-02	1.50000000e+04	7.37463127e-10	1.17819027e-09	3.45882730e-03	4.59204243e-03	2.12813055e-08	3.84754534e-03	4.21590314e-03	-2.37047867e+00	-2.03955759e-01	-2.91735035e+00	-2.56277851e+00	1.07901040e+01
0	0	32	7.37463127e-10	1.00000000e-02	1.50000000e+04	7.37463127e-10	1.17818760e-09	3.41996517e-03	4.54051306e-03	2.10375142e-08	3.80423795e-03	4.27695514e-03	-2.37538587e+00	-2.08856722e-01	-2.92235419e+00	-2.56769458e+00	1.07963480e+01
0	0	33	7.37463127e-10	1.00000000e-02	1.50000000e+04	7.37463127e-10	1.17818496e-09	3.38154633e-03	4.48955510e-03	2.07971428e-08	3.76144410e-03	4.33736723e-03	-2.38029221e+00	-2.13758345e-01	-2.92734494e+00	-2.57260764e+00	1.08024395e+01
0	0	34	7.37463127e-10	1.00000000e-02	1.50000000e+04	7.37463127e-10	1.17818234e-09	3.34356298e-03	4.43916181e-03	2.05599847e-08	3.71915081e-03	4.39714422e-03	-2.38519804e+00	-2.18660676e-01	-2.93232583e+00	-2.57751847e+00	1.08083840e+01
0	0	35	7.37463127e-10	1.00000000e-02	1.50000000e+04	7.37463127e-10	1.17817976e-09	3.30600809e-03	4.38932667e-03	2.03258778e-08	3.67734686e-03	4.45629085e-03	-2.39010364e+00	-2.23563748e-01	-2.93729930e+00	-2.58242766e+00	1.08141869e+01
0	0	36	7.37463127e-10	1.00000000e-02	1.50000000e+04	7.37463127e-10	1.17817720e-09	3.26887518e-03	4.34004335e-03	2.00946931e-08	3.63602236e-03	4.51481178e-03	-2.39500922e+00	-2.28467584e-01	-2.94226724e+00	-2.58733571e+00	1.08198530e+01
0	0	37	7.37463127e-10	1.00000000e-02	1.50000000e+04	7.37463127e-10	1.17817467e-09	3.23215826e-03	4.29130569e-03	1.98663268e-08	3.59516851e-03	4.57271170e-03	-2.39991494e+00	-2.33372199e-01	-2.94723104e+00	-2.59224300e+00	1.08253872e+01
0	0	38	7.37463127e-10	1.00000000e-02	1.50000000e+04	7.37463127e-10	1.17817217e-09	3.19585170e-03	4.24310762e-03	1.96406941e-08	3.55477736e-03	4.62999532e-03	-2.40482093e+00	-2.38277604e-01	-2.95219178e+00	-2.59714985e+00	1.08307939e+01
0	0	39	7.37463127e-10	1.00000000e-02	1.50000000e+04	7.37463127e-10	1.17816969e-09	3.15995018e-03	4.19544321e-03	1.94177241e-08	3.51484163e-03	4.68666740e-03	-2.40972732e+00	-2.43183804e-01	-2.95715029e+00	-2.60205649e+00	1.08360775e+01
0	0	40	7.37463127e-10	1.00000000e-02	1.50000000e+04	7.37463127e-10	1.17816724e-09	3.12444862e-03	4.14830663e-03	1.91973571e-08	3.47535461e-03	4.74273274e-03	-2.41463417e+00	-2.48090801e-01	-2.96210717e+00	-2.60696313e+00	1.08412420e+01
0	0	41	7.37463127e-10	1.00000000e-02	1.50000000e+04	7.37463127e-10	1.17816482e-09	3.08934214e-03	4.10169211e-03	1.89795412e-08	3.43631000e-03	4.79819618e-03	-2.41954154e+00	-2.52998595e-01	-2.96706291e+00	-2.61186992e+00	1.08462913e+01
0	0	42	7.37463127e-10	1.00000000e-02	1.50000000e+04	7.37463127e-10	1.17816243e-09	3.05462604e-03	4.05559398e-03	1.87642308e-08	3.39770189e-03	4.85306264e-03	-2.42444950e+00	-2.57907182e-01	-2.97201785e+00	-2.61677698e+00	1.08512292e+01
0	0	43	7.37463127e-10	1.00000000e-02	1.50000000e+04	7.37463127e-10	1.17816006e-09	3.02029575e-03	4.01000664e-03	1.85513853e-08	3.35952466e-03	4.90733708e-03	-2.42935808e+00	-2.62816559e-01	-2.97697227e+00	-2.62168442e+00	1.08560592e+01
0	0	44	7.37463127e-10	1.00000000e-02	1.50000000e+04	7.37463127e-10	1.17815772e-09	2.98634683e-03	3.96492457e-03	1.83409675e-08	3.32177292e-03	4.96102450e-03	-2.43426731e+00	-2.67726722e-01	-2.98192637e+00	-2.62659231e+00	1.08607847e+01
0	0	45	7.37463127e-10	1.00000000e-02	1.50000000e+04	7.37463127e-10	1.17815540e-09	2.95277495e-03	3.92034229e-03	1.81329430e-08	3.28444151e-03	5.01412995e-03	-2.43917721e+00	-2.72637664e-01	-2.98688032e+00	-2.63150072e+00	1.08654089e+01
0	0	46	7.37463127e-10	1.00000000e-02	1.50000000e+04	7.37463127e-10	1.17815311e-09	2.91957586e-03	3.87625440e-03	1.79272797e-08	3.24752542e-03	5.06665852e-03	-2.44408779e+00	-2.77549379e-01	-2.99183422e+00	-2.63640969e+00	1.08699350e+01
0	0	47	7.37463127e-10	1.00000000e-02	1.50000000e+04	7.37463127e-10	1.17815084e-09	2.88674539e-03	3.83265556e-03	1.77239472e-08	3.21101980e-03	5.11861534e-03	-2.44899907e+00	-2.82461861e-01	-2.99678817e+00	-2.64131927e+00	1.08743658e+01
0	0	48	7.37463127e-10	1.00000000e-02	1.50000000e+04	7.37463127e-10	1.17814860e-09	2.85427945e-03	3.78954047e-03	1.75229163e-08	3.17491992e-03	5.17000555e-03	-2.45391106e+00	-2.87375102e-01	-3.00174223e+00	-2.64622948e+00	1.08787043e+01
0	0	49	7.37463127e-10	1.00000000e-02	1.50000000e+04	7.37463127e-10	1.17814638e-09	2.82217401e-03	3.74690392e-03	1.73241592e-08	3.13922116e-03	5.22083432e-03	-2.45882376e+00	-2.92289095e-01	-3.00669645e+00	-2.65114034e+00	1.08829532e+01
0	0	50	7.37463127e-10	1.00000000e-02	1.50000000e+04	7.37463127e-10	1.17814418e-09	2.79042512e-03	3.70474072e-03	1.71276486e-08	3.10391900e-03	5.27110684e-03	-2.46373718e+00	-2.97203833e-01	-3.01165087e+00	-2.65605187e+00	1.08871152e+01
0	0	51	7.37463127e-10	1.00000000e-02	1.50000000e+04	7.37463127e-10	1.17814201e-09	2.75902884e-03	3.66304576e-03	1.69333583e-08	3.06900900e-03	5.32082831e-03	-2.46865131e+00	-3.02119308e-01	-3.01660552e+00	-2.66096409e+00	1.08911926e+01
0	0	52	7.37463127e-10	1.00000000e-02	1.50000000e+04	7.37463127e-10	1.17813987e-09	2.72798134e-03	3.62181396e-03	1.67412626e-08	3.03448680e-03	5.37000394e-03	-2.47356616e+00	-3.07035513e-01	-3.02156041e+00	-2.66587700e+00	1.08951879e+01
0	0	53	7.37463127e-10	1.00000000e-02	1.50000000e+04	7.37463127e-10	1.17813775e-09	2.69727879e-03	3.58104032e-03	1.65513361e-08	3.00034812e-03	5.41863892e-03	-2.47848172e+00	-3.11952440e-01	-3.02651556e+00	-2.67079061e+00	1.08991035e+01
0	0	54	7.37463127e-10	1.00000000e-02	1.50000000e+04	7.37463127e-10	1.17813565e-09	2.66691744e-03	3.54071988e-03	1.63635541e-08	2.96658871e-03	5.46673848e-03	-2.48339798e+00	-3.16870082e-01	-3.03147098e+00	-2.67570491e+00	1.09029416e+01
0	0	55	7.37463127e-10	1.00000000e-02	1.50000000e+04	7.37463127e-10	1.17813357e-09	2.63689357e-03	3.50084773e-03	1.61778923e-08	2.93320443e-03	5.51430781e-03	-2.48831495e+00	-3.21788430e-01	-3.03642667e+00	-2.68061992e+00	1.09067043e+01
0	0	56	7.37463127e-10	1.00000000e-02	1.50000000e+04	7.37463127e-10	1.17813152e-09	2.60720349e-03	3.46141900e-03	1.59943267e-08	2.90019115e-03	5.56135211e-03	-2.49323262e+00	-3.26707479e-01	-3.04138265e+00	-2.68553563e+00	1.09103937e+01
0	0	57	7.37463127e-10	1.00000000e-02	1.50000000e+04	7.37463127e-10	1.17812949e-09	2.57784359e-03	3.42242888e-03	1.58128337e-08	2.86754483e-03	5.60787657e-03	-2.49815099e+00	-3.31627219e-01	-3.04633891e+00	-2.69045204e+00	1.09140118e+01
0	0	58	7.37463127e-10	1.00000000e-02	1.50000000e+04	7.37463127e-10	1.17812748e-09	2.54881027e-03	3.38387263e-03	1.56333899e-08	2.83526145e-03	5.65388634e-03	-2.50307004e+00	-3.36547644e-01	-3.05129545e+00	-2.69536914e+00	1.09175604e+01
0	0	59	7.37463127e-10	1.00000000e-02	1.50000000e+04	7.37463127e-10	1.17812549e-09	2.52009998e-03	3.34574552e-03	1.54559725e-08	2.80333705e-03	5.69938659e-03	-2.50798978e+00	-3.41468747e-01	-3.05625228e+00	-2.70028694e+00	1.09210415e+01
0	0	60	7.37463127e-10	1.00000000e-02	1.50000000e+04	7.37463127e-10	1.17812353e-09	2.49170919e-03	3.30804289e-03	1.52805585e-08	2.77176772e-03	5.74438243e-03	-2.51291020e+00	-3.46390519e-01	-3.06120939e+00	-2.70520542e+00	1.09244567e+01
0	0	61	7.37463127e-10	1.00000000e-02	1.50000000e+04	7.37463127e-10	1.17812158e-09	2.46363444e-03	3.27076014e-03	1.51071256e-08	2.74054959e-03	5.78887899e-03	-2.51783129e+00	-3.51312955e-01	-3.06616678e+00	-2.71012459e+00	1.09278078e+01
0	0	62	7.37463127e-10	1.00000000e-02	1.50000000e+04	7.37463127e-10	1.17811966e-09	2.43587229e-03	3.23389270e-03	1.49356515e-08	2.70967884e-03	5.83288135e-03	-2.52275304e+00	-3.56236046e-01	-3.07112444e+00	-2.71504443e+00	1.09310965e+01
0	0	63	7.37463127e-10	1.00000000e-02	1.50000000e+04	7.37463127e-10	1.17811776e-09	2.40841933e-03	3.19743604e-03	1.47661144e-08	2.67915169e-03	5.87639456e-03	-2.52767545e+00	-3.61159785e-01	-3.07608238e+00	-2.71996495e+00	1.09343243e+01
0	0	64	7.37463127e-10	1.00000000e-02	1.50000000e+04	7.37463127e-10	1.17811588e-09	2.38127220e-03	3.16138570e-03	1.45984926e-08	2.64896439e-03	5.91942365e-03	-2.53259851e+00	-3.66084167e-01	-3.08104060e+00	-2.72488613e+00	1.09374928e+01
0	0	65	7.37463127e-10	1.00000000e-02	1.50000000e+04	7.37463127e-10	1.17811402e-09	2.35442757e-03	3.12573725e-03	1.44327645e-08	2.61911324e-03	5.96197364e-03	-2.53752222e+00	-3.71009182e-01	-3.08599909e+00	-2.72980798e+00	1.09406034e+01
0	0	66	7.37463127e-10	1.00000000e-02	1.50000000e+04	7.37463127e-10	1.17811218e-09	2.32788214e-03	3.09048632e-03	1.42689091e-08	2.58959458e-03	6.00404949e-03	-2.54244656e+00	-3.75934826e-01	-3.09095784e+00	-2.73473048e+00	1.09436576e+01
0	0	67	7.37463127e-10	1.00000000e-02	1.50000000e+04	7.37463127e-10	1.17811036e-09	2.30163265e-03	3.05562856e-03	1.41069053e-08	2.56040480e-03	6.04565614e-03	-2.54737154e+00	-3.80861090e-01	-3.09591686e+00	-2.73965362e+00	1.09466568e+01
0	0	68	7.37463127e-10	1.00000000e-02	1.50000000e+04	7.37463127e-10	1.17810857e-09	2.27567588e-03	3.02115970e-03	1.39467325e-08	2.53154029e-03	6.08679850e-03	-2.55229715e+00	-3.85787969e-01	-3.10087614e+00	-2.74457741e+00	1.09496023e+01
0	0	69	7.37463127e-10	1.00000000e-02	1.50000000e+04	7.37463127e-10	1.17810679e-09	2.25000863e-03	2.98707548e-03	1.37883701e-08	2.50299753e-03	6.12748143e-03	-2.55722337e+00	-3.90715455e-01	-3.10583568e+00	-2.74950183e+00	1.09524953e+01
0	0	70	7.37463127e-10	1.00000000e-02	1.50000000e+04	7.37463127e-10	1.17810503e-09	2.22462775e-03	2.95337170e-03	1.36317978e-08	2.47477301e-03	6.16770979e-03	-2.56215020e+00	-3.95643542e-01	-3.11079548e+00	-2.75442688e+00	1.09553373e+01
0	0	71	7.37463127e-10	1.00000000e-02	1.50000000e+04	7.37463127e-10	1.17810329e-09	2.19953010e-03	2.92004422e-03	1.34769956e-08	2.44686324e-03	6.20748837e-03	-2.56707764e+00	-4.00572223e-01	-3.11575553e+00	-2.75935256e+00	1.09581293e+01
0	0	72	7.37463127e-10	1.00000000e-02	1.50000000e+04	7.37463127e-10	1.17810157e-09	2.17471259e-03	2.88708891e-03	1.33239437e-08	2.41926481e-03	6.24682194e-03	-2.57200568e+00	-4.05501492e-01	-3.12071582e+00	-2.76427885e+00	1.09608725e+01
0	0	73	7.37463127e-10	1.00000000e-02	1.50000000e+04	7.37463127e-10	1.17809987e-09	2.15017217e-03	2.85450172e-03	1.31726225e-08	2.39197430e-03	6.28571523e-03	-2.57693432e+00	-4.10431343e-01	-3.12567637e+00	-2.76920575e+00	1.09635680e+01
0	0	74	7.37463127e-10	1.00000000e-02	1.50000000e+04	7.37463127e-10	1.17809819e-09	2.12590580e-03	2.82227860e-03	1.30230126e-08	2.36498836e-03	6.32417292e-03	-2.58186354e+00	-4.15361769e-01	-3.13063715e+00	-2.77413325e+00	1.09662171e+01
0	0	75	7.37463127e-10	1.00000000e-02	1.50000000e+04	7.37463127e-10	1.17809652e-09	2.10191049e-03	2.79041558e-03	1.28750947e-08	2.33830366e-03	6.36219968e-03	-2.58679334e+00	-4.20292763e-01	-3.13559818e+00	-2.77906135e+00	1.09688206e+01
0	0	76	7.37463127e-10	1.00000000e-02	1.50000000e+04	7.37463127e-10	1.17809488e-09	2.07818327e-03	2.75890872e-03	1.27288500e-08	2.31191690e-03	6.39980012e-03	-2.59172371e+00	-4.25224320e-01	-3.14055945e+00	-2.78399003e+00	1.09713797e+01
0	0	77	7.37463127e-10	1.00000000e-02	1.50000000e+04	7.37463127e-10	1.17809325e-09	2.05472120e-03	2.72775411e-03	1.25842596e-08	2.28582484e-03	6.43697881e-03	-2.59665465e+00	-4.30156433e-01	-3.14552095e+00	-2.78891931e+00	1.09738954e+01
0	0	78	7.37463127e-10	1.00000000e-02	1.50000000e+04	7.37463127e-10	1.17809164e-09	2.03152139e-03	2.69694788e-03	1.24413050e-08	2.26002424e-03	6.47374029e-03	-2.60158615e+00	-4.35089097e-01	-3.15048268e+00	-2.79384916e+00	1.09763686e+01
0	0	79	7.37463127e-10	1.00000000e-02	1.50000000e+04	7.37463127e-10	1.17809005e-09	2.00858095e-03	2.66648624e-03	1.22999679e-08	2.23451191e-03	6.51008907e-03	-2.60651821e+00	-4.40022305e-01	-3.15544464e+00	-2.79877958e+00	1.09788003e+01
0	0	80	7.37463127e-10	1.00000000e-02	1.50000000e+04	7.37463127e-10	1.17808848e-09	1.98589705e-03	2.63636538e-03	1.21602301e-08	2.20928471e-03	6.54602959e-03	-2.61145082e+00	-4.44956052e-01	-3.16040682e+00	-2.80371057e+00	1.09811913e+01
0	0	81	7.37463127e-10	1.00000000e-02	1.50000000e+04	7.37463127e-10	1.17808692e-09	1.96346688e-03	2.60658157e-03	1.20220737e-08	2.18433950e-03	6.58156628e-03	-2.61638397e+00	-4.49890331e-01	-3.16536923e+00	-2.80864211e+00	1.09835426e+01
0	0	82	7.37463127e-10	1.00000000e-02	1.50000000e+04	7.37463127e-10	1.17808538e-09	1.94128764e-03	2.57713112e-03	1.18854809e-08	2.15967320e-03	6.61670351e-03	-2.62131766e+00	-4.54825136e-01	-3.17033186e+00	-2.81357422e+00	1.09858550e+01
0	0	83	7.37463127e-10	1.00000000e-02	1.50000000e+04	7.37463127e-10	1.17808386e-09	1.91935659e-03	2.54801035e-03	1.17504341e-08	2.13528275e-03	6.65144563e-03	-2.62625188e+00	-4.59760463e-01	-3.17529470e+00	-2.81850686e+00	1.09881294e+01
0	0	84	7.37463127e-10	1.00000000e-02	1.50000000e+04	7.37463127e-10	1.17808235e-09	1.89767100e-03	2.51921566e-03	1.16169161e-08	2.11116512e-03	6.68579693e-03	-2.63118663e+00	-4.64696305e-01	-3.18025776e+00	-2.82344005e+00	1.09903665e+01
0	0	85	7.37463127e-10	1.00000000e-02	1.50000000e+04	7.37463127e-10	1.17808087e-09	1.87622818e-03	2.49074344e-03	1.14849095e-08	2.08731732e-03	6.71976167e-03	-2.63612190e+00	-4.69632656e-01	-3.18522104e+00	-2.82837378e+00	1.09925672e+01
0	0	86	7.37463127e-10	1.00000000e-02	1.50000000e+04	7.37463127e-10	1.17807939e-09	1.85502545e-03	2.46259016e-03	1.13543976e-08	2.06373639e-03	6.75334407e-03	-2.64105768e+00	-4.74569511e-01	-3.19018452e+00	-2.83330803e+00	1.09947322e+01
0	0	87	7.37463127e-10	1.00000000e-02	1.50000000e+04	7.37463127e-10	1.17807794e-09	1.83406017e-03	2.43475231e-03	1.12253634e-08	2.04041940e-03	6.78654831e-03	-2.64599397e+00	-4.79506864e-01	-3.19514821e+00	-2.83824281e+00	1.09968623e+01
0	0	88	7.37463127e-10	1.00000000e-02	1.50000000e+04	7.37463127e-10	1.17807650e-09	1.81332975e-03	2.40722642e-03	1.10977903e-08	2.01736345e-03	6.81937853e-03	-2.65093077e+00	-4.84444711e-01	-3.20011210e+00	-2.84317811e+00	1.09989581e+01
0	0	89	7.37463127e-10	1.00000000e-02	1.50000000e+04	7.37463127e-10	1.17807507e-09	1.79283158e-03	2.38000904e-03	1.09716620e-08	1.99456566e-03	6.85183882e-03	-2.65586806e+00	-4.89383045e-01	-3.20507619e+00	-2.84811392e+00	1.10010205e+01
0	0	90	7.37463127e-10	1.00000000e-02	1.50000000e+04	7.37463127e-10	1.17807367e-09	1.77256312e-03	2.35309679e-03	1.08469622e-08	1.97202320e-03	6.88393325e-03	-2.66080584e+00	-4.94321861e-01	-3.21004049e+00	-2.85305023e+00	1.10030500e+01
0	0	91	7.37463127e-10	1.00000000e-02	1.50000000e+04	7.37463127e-10	1.17807228e-09	1.75252183e-03	2.32648629e-03	1.07236748e-08	1.94973327e-03	6.91566582e-03	-2.66574412e+00	-4.99261153e-01	-3.21500498e+00	-2.85798705e+00	1.10050473e+01
0	0	92	7.37463127e-10	1.00000000e-02	1.50000000e+04	7.37463127e-10	1.17807090e-09	1.73270521e-03	2.30017423e-03	1.06017840e-08	1.92769308e-03	6.94704054e-03	-2.67068287e+00	-5.04200918e-01	-3.21996966e+00	-2.86292437e+00	1.10070132e+01
0	0	93	7.37463127e-10	1.00000000e-02	1.50000000e+04	7.37463127e-10	1.17806954e-09	1.71311080e-03	2.27415731e-03	1.04812740e-08	1.90589988e-03	6.97806132e-03	-2.67562210e+00	-5.09141149e-01	-3.22493454e+00	-2.86786217e+00	1.10089481e+01
0	0	94	7.37463127e-10	1.00000000e-02	1.50000000e+04	7.37463127e-10	1.17806819e-09	1.69373613e-03	2.24843227e-03	1.03621293e-08	1.88435095e-03	7.00873208e-03	-2.68056180e+00	-5.14081841e-01	-3.22989961e+00	-2.87280046e+00	1.10108528e+01
0	0	95	7.37463127e-10	1.00000000e-02	1.50000000e+04	7.37463127e-10	1.17806686e-09	1.67457878e-03	2.22299590e-03	1.02443345e-08	1.86304360e-03	7.03905667e-03	-2.68550197e+00	-5.19022989e-01	-3.23486486e+00	-2.87773923e+00	1.10127278e+01
0	0	96	7.37463127e-10	1.00000000e-02	1.50000000e+04	7.37463127e-10	1.17806554e-09	1.65563636e-03	2.19784501e-03	1.01278745e-08	1.84197518e-03	7.06903893e-03	-2.69044260e+00	-5.23964588e-01	-3.23983030e+00	-2.88267848e+00	1.10145737e+01
0	0	97	7.37463127e-10	1.00000000e-02	1.50000000e+04	7.37463127e-10	1.17806424e-09	1.63690649e-03	2.17297644e-03	1.00127343e-08	1.82114304e-03	7.09868262e-03	-2.69538368e+00	-5.28906634e-01	-3.24479592e+00	-2.88761820e+00	1.10163911e+01
0	0	98	7.37463127e-10	1.00000000e-02	1.50000000e+04	7.37463127e-10	1.17806296e-09	1.61838683e-03	2.14838707e-03	9.89889890e-09	1.80054458e-03	7.12799151e-03	-2.70032522e+00	-5.33849121e-01	-3.24976173e+00	-2.89255838e+00	1.10181805e+01
0	0	99	7.37463127e-10	1.00000000e-02	1.50000000e+04	7.37463127e-10	1.17806168e-09	1.60007505e-03	2.12407383e-03	9.78635371e-09	1.78017721e-03	7.15696929e-03	-2.70526720e+00	-5.38792044e-01	-3.25472771e+00	-2.89749902e+00	1.10199425e+01
0	0	100	7.37463127e-10	1.00000000e-02	1.50000000e+04	7.37463127e-10	1.17806042e-09	1.58196887e-03	2.10003365e-03	9.67508418e-09	1.76003840e-03	7.18561964e-03	-2.71020962e+00	-5.43735399e-01	-3.25969386e+00	-2.90244011e+00	1.10216776e+01
0	0	101	7.37463127e-10	1.00000000e-02	1.50000000e+04	7.37463127e-10	1.17805918e-09	1.56406599e-03	2.07626351e-03	9.56507594e-09	1.74012561e-03	7.21394619e-03	-2.71515248e+00	-5.48679180e-01	-3.26466019e+00	-2.90738166e+00	1.10233862e+01
0	0	102	7.37463127e-10	1.00000000e-02	1.50000000e+04	7.37463127e-10	1.17805795e-09	1.54636419e-03	2.05276043e-03	9.45631478e-09	1.72043635e-03	7.24195253e-03	-2.72009577e+00	-5.53623384e-01	-3.26962669e+00	-2.91232364e+00	1.10250690e+01
0	0	103	7.37463127e-10	1.00000000e-02	1.50000000e+04	7.37463127e-10	1.17805673e-09	1.52886123e-03	2.02952145e-03	9.34878666e-09	1.70096815e-03	7.26964223e-03	-2.72503949e+00	-5.58568005e-01	-3.27459337e+00	-2.91726607e+00	1.10267264e+01
0	0	104	7.37463127e-10	1.00000000e-02	1.50000000e+04	7.37463127e-10	1.17805553e-09	1.51155492e-03	2.00654365e-03	9.24247768e-09	1.68171857e-03	7.29701879e-03	-2.72998362e+00	-5.63513039e-01	-3.27956020e+00	-2.92220893e+00	1.10283588e+01
0	0	105	7.37463127e-10	1.00000000e-02	1.50000000e+04	7.37463127e-10	1.17805434e-09	1.49444307e-03	1.98382414e-03	9.13737410e-09	1.66268518e-03	7.32408571e-03	-2.73492818e+00	-5.68458481e-01	-3.28452721e+00	-2.92715223e+00	1.10299668e+01
0	0	106	7.37463127e-10	1.00000000e-02	1.50000000e+04	7.37463127e-10	1.17805316e-09	1.47752353e-03	1.96136005e-03	9.03346234e-09	1.64386560e-03	7.35084643e-03	-2.73987315e+00	-5.73404326e-01	-3.28949438e+00	-2.93209595e+00	1.10315507e+01
0	0	107	7.37463127e-10	1.00000000e-02	1.50000000e+04	7.37463127e-10	1.17805200e-09	1.46079418e-03	1.93914855e-03	8.93072896e-09	1.62525746e-03	7.37730436e-03	-2.74481852e+00	-5.78350571e-01	-3.29446170e+00	-2.93704009e+00	1.10331110e+01
0	0	108	7.37463127e-10	1.00000000e-02	1.50000000e+04	7.37463127e-10	1.17805085e-09	1.44425291e-03	1.91718684e-03	8.82916069e-09	1.60685842e-03	7.40346288e-03	-2.74976430e+00	-5.83297211e-01	-3.29942919e+00	-2.94198464e+00	1.10346482e+01
0	0	109	7.37463127e-10	1.00000000e-02	1.50000000e+04	7.37463127e-10	1.17804971e-09	1.42789762e-03	1.89547216e-03	8.72874437e-09	1.58866616e-03	7.42932533e-03	-2.75471048e+00	-5.88244241e-01	-3.30439684e+00	-2.94692961e+00	1.10361627e+01
0	0	110	7.37463127e-10	1.00000000e-02	1.50000000e+04	7.37463127e-10	1.17804858e-09	1.41172627e-03	1.87400176e-03	8.62946702e-09	1.57067840e-03	7.45489501e-03	-2.75965706e+00	-5.93191658e-01	-3.30936464e+00	-2.95187498e+00	1.10376549e+01
0	0	111	7.37463127e-10	1.00000000e-02	1.50000000e+04	7.37463127e-10	1.17804747e-09	1.39573681e-03	1.85277292e-03	8.53131580e-09	1.55289286e-03	7.48017518e-03	-2.76460402e+00	-5.98139456e-01	-3.31433260e+00	-2.95682076e+00	1.10391251e+01
0	0	112	7.37463127e-10	1.00000000e-02	1.50000000e+04	7.37463127e-10	1.17804637e-09	1.37992722e-03	1.83178298e-03	8.43427799e-09	1.53530731e-03	7.50516910e-03	-2.76955137e+00	-6.03087632e-01	-3.31930070e+00	-2.96176694e+00	1.10405738e+01
0	0	113	7.37463127e-10	1.00000000e-02	1.50000000e+04	7.37463127e-10	1.17804528e-09	1.36429551e-03	1.81102927e-03	8.33834105e-09	1.51791953e-03	7.52987994e-03	-2.77449910e+00	-6.08036181e-01	-3.32426896e+00	-2.96671350e+00	1.10420014e+01
0	0	114	7.37463127e-10	1.00000000e-02	1.50000000e+04	7.37463127e-10	1.17804421e-09	1.34883970e-03	1.79050918e-03	8.24349254e-09	1.50072733e-03	7.55431089e-03	-2.77944721e+00	-6.12985100e-01	-3.32923736e+00	-2.97166046e+00	1.10434082e+01
0	0	115	7.37463127e-10	1.00000000e-02	1.50000000e+04	7.37463127e-10	1.17804314e-09	1.33355784e-03	1.77022010e-03	8.14972019e-09	1.48372853e-03	7.57846507e-03	-2.78439569e+00	-6.17934383e-01	-3.33420592e+00	-2.97660781e+00	1.10447946e+01
0	0	116	7.37463127e-10	1.00000000e-02	1.50000000e+04	7.37463127e-10	1.17804209e-09	1.31844800e-03	1.75015947e-03	8.05701185e-09	1.46692099e-03	7.60234557e-03	-2.78934455e+00	-6.22884028e-01	-3.33917461e+00	-2.98155553e+00	1.10461609e+01
0	0	117	7.37463127e-10	1.00000000e-02	1.50000000e+04	7.37463127e-10	1.17804105e-09	1.30350826e-03	1.73032476e-03	7.96535551e-09	1.45030259e-03	7.62595548e-03	-2.79429376e+00	-6.27834030e-01	-3.34414345e+00	-2.98650363e+00	1.10475076e+01
0	0	118	7.37463127e-10	1.00000000e-02	1.50000000e+04	7.37463127e-10	1.17804002e-09	1.28873674e-03	1.71071344e-03	7.87473930e-09	1.43387122e-03	7.64929781e-03	-2.79924334e+00	-6.32784385e-01	-3.34911243e+00	-2.99145211e+00	1.10488349e+01
0	0	119	7.37463127e-10	1.00000000e-02	1.50000000e+04	7.37463127e-10	1.17803901e-09	1.27413156e-03	1.69132303e-03	7.78515146e-09	1.41762481e-03	7.67237556e-03	-2.80419328e+00	-6.37735089e-01	-3.35408155e+00	-2.99640095e+00	1.10501432e+01
0	0	120	7.37463127e-10	1.00000000e-02	1.50000000e+04	7.37463127e-10	1.17803800e-09	1.25969088e-03	1.67215107e-03	7.69658039e-09	1.40156131e-03	7.69519171e-03	-2.80914357e+00	-6.42686139e-01	-3.35905080e+00	-3.00135015e+00	1.10514328e+01
0	0	121	7.37463127e-10	1.00000000e-02	1.50000000e+04	7.37463127e-10	1.17803701e-09	1.24541286e-03	1.65319515e-03	7.60901460e-09	1.38567867e-03	7.71774919e-03	-2.81409421e+00	-6.47637530e-01	-3.36402020e+00	-3.00629972e+00	1.10527040e+01
0	0	122	7.37463127e-10	1.00000000e-02	1.50000000e+04	7.37463127e-10	1.17803603e-09	1.23129570e-03	1.63445283e-03	7.52244275e-09	1.36997490e-03	7.74005090e-03	-2.81904519e+00	-6.52589259e-01	-3.36898972e+00	-3.01124965e+00	1.10539572e+01
0	0	123	7.37463127e-10	1.00000000e-02	1.50000000e+04	7.37463127e-10	1.17803505e-09	1.21733760e-03	1.61592176e-03	7.43685360e-09	1.35444799e-03	7.76209971e-03	-2.82399652e+00	-6.57541322e-01	-3.37395938e+00	-3.01619992e+00	1.10551926e+01
0	0	124	7.37463127e-10	1.00000000e-02	1.50000000e+04	7.37463127e-10	1.17803409e-09	1.20353680e-03	1.59759958e-03	7.35223605e-09	1.33909598e-03	7.78389846e-03	-2.82894818e+00	-6.62493715e-01	-3.37892917e+00	-3.02115055e+00	1.10564105e+01
0	0	125	7.37463127e-10	1.00000000e-02	1.50000000e+04	7.37463127e-10	1.17803314e-09	1.18989154e-03	1.57948395e-03	7.26857913e-09	1.32391694e-03	7.80544996e-03	-2.83390018e+00	-6.67446434e-01	-3.38389909e+00	-3.02610152e+00	1.10576113e+01
0	0	126	7.37463127e-10	1.00000000e-02	1.50000000e+04	7.37463127e-10	1.17803220e-09	1.17640009e-03	1.56157258e-03	7.18587198e-09	1.30890892e-03	7.82675700e-03	-2.83885251e+00	-6.72399477e-01	-3.38886914e+00	-3.03105283e+00	1.10587952e+01
0	0	127	7.37463127e-10	1.00000000e-02	1.50000000e+04	7.37463127e-10	1.17803127e-09	1.16306073e-03	1.54386319e-03	7.10410386e-09	1.29407003e-03	7.84782231e-03	-2.84380516e+00	-6.77352838e-01	-3.39383931e+00	-3.03600447e+00	1.10599625e+01
0	0	128	7.37463127e-10	1.00000000e-02	1.50000000e+04	7.37463127e-10	1.17803035e-09	1.14987178e-03	1.52635353e-03	7.02326416e-09	1.27939839e-03	7.86864862e-03	-2.84875814e+00	-6.82306516e-01	-3.39880961e+00	-3.04095646e+00	1.10611135e+01
0	0	129	7.37463127e-10	1.00000000e-02	1.50000000e+04	7.37463127e-10	1.17802945e-09	1.13683155e-03	1.50904137e-03	6.94334239e-09	1.26489212e-03	7.88923862e-03	-2.85371143e+00	-6.87260506e-01	-3.40378003e+00	-3.04590877e+00	1.10622484e+01
0	0	130	7.37463127e-10	1.00000000e-02	1.50000000e+04	7.37463127e-10	1.17802855e-09	1.12393839e-03	1.49192450e-03	6.86432818e-09	1.25054940e-03	7.90959497e-03	-2.85866505e+00	-6.92214804e-01	-3.40875058e+00	-3.05086140e+00	1.10633676e+01
0	0	131	7.37463127e-10	1.00000000e-02	1.50000000e+04	7.37463127e-10	1.17802766e-09	1.11119066e-03	1.47500076e-03	6.78621125e-09	1.23636838e-03	7.92972029e-03	-2.86361897e+00	-6.97169408e-01	-3.41372124e+00	-3.05581436e+00	1.10644712e+01
0	0	132	7.37463127e-10	1.00000000e-02	1.50000000e+04	7.37463127e-10	1.17802678e-09	1.09858672e-03	1.45826797e-03	6.70898147e-09	1.22234729e-03	7.94961718e-03	-2.86857321e+00	-7.02124314e-01	-3.41869202e+00	-3.06076764e+00	1.10655596e+01
0	0	133	7.37463127e-10	1.00000000e-02	1.50000000e+04	7.37463127e-10	1.17802591e-09	1.08612499e-03	1.44172402e-03	6.63262881e-09	1.20848432e-03	7.96928823e-03	-2.87352775e+00	-7.07079518e-01	-3.42366292e+00	-3.06572124e+00	1.10666329e+01
0	0	134	7.37463127e-10	1.00000000e-02	1.50000000e+04	7.37463127e-10	1.17802505e-09	1.07380387e-03	1.42536678e-03	6.55714333e-09	1.19477771e-03	7.98873597e-03	-2.87848259e+00	-7.12035017e-01	-3.42863394e+00	-3.07067514e+00	1.10676914e+01
0	0	135	7.37463127e-10	1.00000000e-02	1.50000000e+04	7.37463127e-10	1.17802421e-09	1.06162179e-03	1.40919419e-03	6.48251524e-09	1.18122573e-03	8.00796292e-03	-2.88343773e+00	-7.16990809e-01	-3.43360507e+00	-3.07562936e+00	1.10687354e+01
0	0	136	7.37463127e-10	1.00000000e-02	1.50000000e+04	7.37463127e-10	1.17802337e-09	1.04957720e-03	1.39320416e-03	6.40873484e-09	1.16782664e-03	8.02697157e-03	-2.88839317e+00	-7.21946889e-01	-3.43857631e+00	-3.08058388e+00	1.10697651e+01
0	0	137	7.37463127e-10	1.00000000e-02	1.50000000e+04	7.37463127e-10	1.17802254e-09	1.03766856e-03	1.37739467e-03	6.33579253e-09	1.15457874e-03	8.04576438e-03	-2.89334889e+00	-7.26903254e-01	-3.44354767e+00	-3.08553870e+00	1.10707806e+01
0	0	138	7.37463127e-10	1.00000000e-02	1.50000000e+04	7.37463127e-10	1.17802171e-09	1.02589436e-03	1.36176369e-03	6.26367884e-09	1.14148034e-03	8.06434379e-03	-2.89830491e+00	-7.31859902e-01	-3.44851913e+00	-3.09049382e+00	1.10717824e+01
0	0	139	7.37463127e-10	1.00000000e-02	1.50000000e+04	7.37463127e-10	1.17802090e-09	1.01425309e-03	1.34630923e-03	6.19238439e-09	1.12852978e-03	8.08271219e-03	-2.90326121e+00	-7.36816828e-01	-3.45349071e+00	-3.09544923e+00	1.10727705e+01
0	0	140	7.37463127e-10	1.00000000e-02	1.50000000e+04	7.37463127e-10	1.17802010e-09	1.00274327e-03	1.33102931e-03	6.12189990e-09	1.11572539e-03	8.10087198e-03	-2.90821780e+00	-7.41774031e-01	-3.45846239e+00	-3.10040494e+00	1.10737451e+01
0	0	141	7.37463127e-10	1.00000000e-02	1.50000000e+04	7.37463127e-10	1.17801931e-09	9.91363421e-04	1.31592199e-03	6.05221622e-09	1.10306555e-03	8.11882551e-03	-2.91317466e+00	-7.46731507e-01	-3.46343418e+00	-3.10536093e+00	1.10747065e+01
0	0	142	7.37463127e-10	1.00000000e-02	1.50000000e+04	7.37463127e-10	1.17801852e-09	9.80112097e-04	1.30098533e-03	5.98332428e-09	1.09054864e-03	8.13657510e-03	-2.91813180e+00	-7.51689252e-01	-3.46840607e+00	-3.11031721e+00	1.10756550e+01
0	0	143	7.37463127e-10	1.00000000e-02	1.50000000e+04	7.37463127e-10	1.17801775e-09	9.68987859e-04	1.28621742e-03	5.91521511e-09	1.07817307e-03	8.15412306e-03	-2.92308922e+00	-7.56647264e-01	-3.47337807e+00	-3.11527378e+00	1.10765906e+01
0	0	144	7.37463127e-10	1.00000000e-02	1.50000000e+04	7.37463127e-10	1.17801698e-09	9.57989285e-04	1.27161637e-03	5.84787985e-09	1.06593725e-03	8.17147166e-03	-2.92804690e+00	-7.61605540e-01	-3.47835017e+00	-3.12023062e+00	1.10775136e+01
0	0	145	7.37463127e-10	1.00000000e-02	1.50000000e+04	7.37463127e-10	1.17801622e-09	9.47114969e-04	1.25718032e-03	5.78130975e-09	1.05383961e-03	8.18862316e-03	-2.93300485e+00	-7.66564077e-01	-3.48332238e+00	-3.12518773e+00	1.10784242e+01
0	0	146	7.37463127e-10	1.00000000e-02	1.50000000e+04	7.37463127e-10	1.17801547e-09	9.36363520e-04	1.24290742e-03	5.71549614e-09	1.04187863e-03	8.20557978e-03	-2.93796307e+00	-7.71522872e-01	-3.48829468e+00	-3.13014512e+00	1.10793226e+01
0	0	147	7.37463127e-10	1.00000000e-02	1.50000000e+04	7.37463127e-10	1.17801473e-09	9.25733562e-04	1.22879583e-03	5.65043046e-09	1.03005276e-03	8.22234373e-03	-2.94292154e+00	-7.76481922e-01	-3.49326708e+00	-3.13510278e+00	1.10802090e+01
0	0	148	7.37463127e-10	1.00000000e-02	1.50000000e+04	7.37463127e-10	1.17801400e-09	9.15223736e-04	1.21484376e-03	5.58610422e-09	1.01836049e-03	8.23891718e-03	-2.94788028e+00	-7.81441224e-01	-3.49823958e+00	-3.14006071e+00	1.10810835e+01
0	0	149	7.37463127e-10	1.00000000e-02	1.50000000e+04	7.37463127e-10	1.17801327e-09	9.04832695e-04	1.20104942e-03	5.52250907e-09	1.00680034e-03	8.25530228e-03	-2.95283927e+00	-7.86400775e-01	-3.50321218e+00	-3.14501890e+00	1.10819463e+01
0	0	150	7.37463127e-10	1.00000000e-02	1.50000000e+04	7.37463127e-10	1.17801256e-09	8.94559110e-04	1.18741103e-03	5.45963672e-09	9.95370810e-04	8.27150117e-03	-2.95779851e+00	-7.91360573e-01	-3.50818487e+00	-3.14997735e+00	1.10827977e+01
0	0	151	7.37463127e-10	1.00000000e-02	1.50000000e+04	7.37463127e-10	1.17801185e-09	8.84401663e-04	1.17392685e-03	5.39747898e-09	9.84070451e-04	8.28751594e-03	-2.96275800e+00	-7.96320615e-01	-3.51315765e+00	-3.15493606e+00	1.10836377e+01
0	0	152	7.37463127e-10	1.00000000e-02	1.50000000e+04	7.37463127e-10	1.17801115e-09	8.74359054e-04	1.16059516e-03	5.33602776e-09	9.72897811e-04	8.30334869e-03	-2.96771774e+00	-8.01280898e-01	-3.51813053e+00	-3.15989503e+00	1.10844666e+01
0	0	153	7.37463127e-10	1.00000000e-02	1.50000000e+04	7.37463127e-10	1.17801046e-09	8.64429996e-04	1.14741423e-03	5.27527506e-09	9.61851462e-04	8.31900147e-03	-2.97267772e+00	-8.06241419e-01	-3.52310351e+00	-3.16485425e+00	1.10852845e+01
0	0	154	7.37463127e-10	1.00000000e-02	1.50000000e+04	7.37463127e-10	1.17800977e-09	8.54613215e-04	1.13438239e-03	5.21521295e-09	9.50929987e-04	8.33447632e-03	-2.97763795e+00	-8.11202176e-01	-3.52807657e+00	-3.16981371e+00	1.10860917e+01
0	0	155	7.37463127e-10	1.00000000e-02	1.50000000e+04	7.37463127e-10	1.17800909e-09	8.44907453e-04	1.12149795e-03	5.15583362e-09	9.40131987e-04	8.34977525e-03	-2.98259841e+00	-8.16163166e-01	-3.53304972e+00	-3.17477343e+00	1.10868881e+01
0	0	156	7.37463127e-10	1.00000000e-02	1.50000000e+04	7.37463127e-10	1.17800842e-09	8.35311465e-04	1.10875927e-03	5.09712933e-09	9.29456079e-04	8.36490024e-03	-2.98755911e+00	-8.21124386e-01	-3.53802296e+00	-3.17973338e+00	1.10876741e+01
0	0	157	7.37463127e-10	1.00000000e-02	1.50000000e+04	7.37463127e-10	1.17800776e-09	8.25824018e-04	1.09616471e-03	5.03909243e-09	9.18900893e-04	8.37985328e-03	-2.99252004e+00	-8.26085834e-01	-3.54299629e+00	-3.18469358e+00	1.10884498e+01
0	0	158	7.37463127e-10	1.00000000e-02	1.50000000e+04	7.37463127e-10	1.17800711e-09	8.16443896e-04	1.08371265e-03	4.98171535e-09	9.08465076e-04	8.39463630e-03	-2.99748121e+00	-8.31047508e-01	-3.54796971e+00	-3.18965402e+00	1.10892152e+01
0	0	159	7.37463127e-10	1.00000000e-02	1.50000000e+04	7.37463127e-10	1.17800646e-09	8.07169894e-04	1.07140149e-03	4.92499061e-09	8.98147289e-04	8.40925123e-03	-3.00244260e+00	-8.36009404e-01	-3.55294321e+00	-3.19461469e+00	1.10899707e+01
ZONE T="step_20000_phys_20000", I=501, SOLUTIONTIME=2.00010000e+02, F=POINT
20000	20000	0	1.47500000e-05	2.00010000e+02	1.50000000e+04	7.37463127e-10	1.14560053e-09	3.34875778e-02	8.36004511e-03	3.72182187e-04	5.73953372e-02	2.89588137e-02	0.00000000e+00	0.00000000e+00	0.00000000e+00	0.00000000e+00	0.00000000e+00
20000	20000	1	1.47500000e-05	2.00010000e+02	1.50000000e+04	7.37463127e-10	1.14547251e-09	1.65683365e-02	4.23219541e-03	1.41135180e-04	2.83830571e-02	2.93125575e-02	-3.05604828e-01	-2.95642909e-01	-4.21120302e-01	-3.05817441e-01	5.27294538e-03
20000	20000	2	1.47500000e-05	2.00010000e+02	1.50000000e+04	7.37463127e-10	1.14541653e-09	8.76779175e-03	2.34835531e-03	5.64643509e-05	1.50034848e-02	2.94445881e-02	-5.81993510e-01	-5.51444814e-01	-8.18981243e-01	-5.82684470e-01	7.22471678e-03
20000	20000	3	1.47500000e-05	2.00010000e+02	1.50000000e+04	7.37463127e-10	1.14539155e-09	4.99692407e-03	1.51893032e-03	2.46223443e-05	8.52056306e-03	2.95338803e-02	-8.26180986e-01	-7.40670770e-01	-1.17942618e+00	-8.28408317e-01	8.53974376e-03
20000	20000	4	1.47500000e-05	2.00010000e+02	1.50000000e+04	7.37463127e-10	1.14538029e-09	3.08067248e-03	1.20489854e-03	1.28764390e-05	5.19804603e-03	2.96157603e-02	-1.03623821e+00	-8.41258141e-01	-1.46095981e+00	-1.04303649e+00	9.74211984e-03
20000	20000	5	1.47500000e-05	2.00010000e+02	1.50000000e+04	7.37463127e-10	1.14537523e-09	2.07214159e-03	1.11872557e-03	8.71975440e-06	3.41023304e-03	2.96912414e-02	-1.20846431e+00	-8.73485054e-01	-1.63025133e+00	-1.22609255e+00	1.08475901e-02
20000	20000	6	1.47500000e-05	2.00010000e+02	1.50000000e+04	7.37463127e-10	1.14537299e-09	1.53613469e-03	1.11406701e-03	7.29125992e-06	2.41618105e-03	2.97565543e-02	-1.33845444e+00	-8.75297305e-01	-1.70795300e+00	-1.37574714e+00	1.18018736e-02
20000	20000	7	1.47500000e-05	2.00010000e+02	1.50000000e+04	7.37463127e-10	1.14537204e-09	1.25487111e-03	1.13117143e-03	6.76331147e-06	1.85593910e-03	2.98096591e-02	-1.42628462e+00	-8.68680193e-01	-1.74059619e+00	-1.49031289e+00	1.25762436e-02
20000	20000	8	1.47500000e-05	2.00010000e+02	1.50000000e+04	7.37463127e-10	1.14537167e-09	1.10901061e-03	1.14932721e-03	6.55581291e-06	1.53906386e-03	2.98505984e-02	-1.47994804e+00	-8.61764933e-01	-1.75412903e+00	-1.57161997e+00	1.31722760e-02
20000	20000	9	1.47500000e-05	2.00010000e+02	1.50000000e+04	7.37463127e-10	1.14537157e-09	1.03211577e-03	1.16229559e-03	6.46077917e-06	1.35824009e-03	2.98806303e-02	-1.51115532e+00	-8.56892030e-01	-1.76047069e+00	-1.62590007e+00	1.36089874e-02
20000	20000	10	1.47500000e-05	2.00010000e+02	1.50000000e+04	7.37463127e-10	1.14537157e-09	9.88811860e-04	1.16892048e-03	6.41264906e-06	1.25173099e-03	2.99015073e-02	-1.52977007e+00	-8.54423652e-01	-1.76371811e+00	-1.66136561e+00	1.39123149e-02
20000	20000	11	1.47500000e-05	2.00010000e+02	1.50000000e+04	7.37463127e-10	1.14537161e-09	9.61382078e-04	1.16975494e-03	6.38704286e-06	1.18507345e-03	2.99150314e-02	-1.54198771e+00	-8.54113733e-01	-1.76545575e+00	-1.68513134e+00	1.41086967e-02
20000	20000	12	1.47500000e-05	2.00010000e+02	1.50000000e+04	7.37463127e-10	1.14537167e-09	9.41300311e-04	1.16582876e-03	6.37385675e-06	1.13971115e-03	2.99228273e-02	-1.55115553e+00	-8.55573858e-01	-1.76635328e+00	-1.70208181e+00	1.42218592e-02
20000	20000	13	1.47500000e-05	2.00010000e+02	1.50000000e+04	7.37463127e-10	1.14537173e-09	9.24577188e-04	1.15819435e-03	6.36647793e-06	1.10592687e-03	2.99262601e-02	-1.55894056e+00	-8.58427177e-01	-1.76685635e+00	-1.71515020e+00	1.42716796e-02
20000	20000	14	1.47500000e-05	2.00010000e+02	1.50000000e+04	7.37463127e-10	1.14537178e-09	9.09363085e-04	1.14777120e-03	6.36202806e-06	1.07861228e-03	2.99264278e-02	-1.56614642e+00	-8.62353296e-01	-1.76716000e+00	-1.72601125e+00	1.42741143e-02
20000	20000	15	1.47500000e-05	2.00010000e+02	1.50000000e+04	7.37463127e-10	1.14537183e-09	8.94821308e-04	1.13530856e-03	6.35948960e-06	1.05505903e-03	2.99241885e-02	-1.57314742e+00	-8.67094708e-01	-1.76733332e+00	-1.73559985e+00	1.42416148e-02
20000	20000	16	1.47500000e-05	2.00010000e+02	1.50000000e+04	7.37463127e-10	1.14537188e-09	8.80593963e-04	1.12139399e-03	6.35808411e-06	1.03381444e-03	2.99201993e-02	-1.58010803e+00	-8.72450398e-01	-1.76742931e+00	-1.74443402e+00	1.41837151e-02
20000	20000	17	1.47500000e-05	2.00010000e+02	1.50000000e+04	7.37463127e-10	1.14537192e-09	8.66543137e-04	1.10647734e-03	6.35731494e-06	1.01408013e-03	2.99149569e-02	-1.58709355e+00	-8.78266097e-01	-1.76748186e+00	-1.75280434e+00	1.41076146e-02
20000	20000	18	1.47500000e-05	2.00010000e+02	1.50000000e+04	7.37463127e-10	1.14537196e-09	8.52628707e-04	1.09089745e-03	6.35689437e-06	9.95404182e-04	2.99088324e-02	-1.59412379e+00	-8.84424695e-01	-1.76751059e+00	-1.76087715e+00	1.40186934e-02
20000	20000	19	1.47500000e-05	2.00010000e+02	1.50000000e+04	7.37463127e-10	1.14537200e-09	8.38851008e-04	1.07490647e-03	6.35666300e-06	9.77521716e-04	2.99021011e-02	-1.60119891e+00	-8.90837942e-01	-1.76752640e+00	-1.76875020e+00	1.39209394e-02
20000	20000	20	1.47500000e-05	2.00010000e+02	1.50000000e+04	7.37463127e-10	1.14537203e-09	8.25224435e-04	1.05869030e-03	6.35653362e-06	9.60271080e-04	2.98949654e-02	-1.60831166e+00	-8.97439687e-01	-1.76753524e+00	-1.77648276e+00	1.38172885e-02
20000	20000	21	1.47500000e-05	2.00010000e+02	1.50000000e+04	7.37463127e-10	1.14537206e-09	8.11765835e-04	1.04238485e-03	6.35645953e-06	9.43549013e-04	2.98875734e-02	-1.61545297e+00	-9.04180531e-01	-1.76754030e+00	-1.78411215e+00	1.37098892e-02
20000	20000	22	1.47500000e-05	2.00010000e+02	1.50000000e+04	7.37463127e-10	1.14537210e-09	7.98489885e-04	1.02608874e-03	6.35641553e-06	9.27286243e-04	2.98800330e-02	-1.62261432e+00	-9.11023697e-01	-1.76754330e+00	-1.79166279e+00	1.36003064e-02
20000	20000	23	1.47500000e-05	2.00010000e+02	1.50000000e+04	7.37463127e-10	1.14537213e-09	7.85407683e-04	1.00987300e-03	6.35638796e-06	9.11433924e-04	2.98724223e-02	-1.62978859e+00	-9.17941859e-01	-1.76754519e+00	-1.79915142e+00	1.34896742e-02
20000	20000	24	1.47500000e-05	2.00010000e+02	1.50000000e+04	7.37463127e-10	1.14537216e-09	7.72526720e-04	9.93788286e-04	6.35636940e-06	8.95955935e-04	2.98647977e-02	-1.63697023e+00	-9.24914748e-01	-1.76754645e+00	-1.80658996e+00	1.33788107e-02
20000	20000	25	1.47500000e-05	2.00010000e+02	1.50000000e+04	7.37463127e-10	1.14537218e-09	7.59851399e-04	9.77870340e-04	6.35635583e-06	8.80824410e-04	2.98571994e-02	-1.64415507e+00	-9.31927347e-01	-1.76754738e+00	-1.81398727e+00	1.32683021e-02
20000	20000	26	1.47500000e-05	2.00010000e+02	1.50000000e+04	7.37463127e-10	1.14537221e-09	7.47383676e-04	9.62144013e-04	6.35634506e-06	8.66017073e-04	2.98496561e-02	-1.65134013e+00	-9.38968539e-01	-1.76754812e+00	-1.82135016e+00	1.31585655e-02
20000	20000	27	1.47500000e-05	2.00010000e+02	1.50000000e+04	7.37463127e-10	1.14537224e-09	7.35123664e-04	9.46626215e-04	6.35633588e-06	8.51515597e-04	2.98421879e-02	-1.65852333e+00	-9.46030093e-01	-1.76754875e+00	-1.82868400e+00	1.30498949e-02
20000	20000	28	1.47500000e-05	2.00010000e+02	1.50000000e+04	7.37463127e-10	1.14537227e-09	7.23070153e-04	9.31328090e-04	6.35632763e-06	8.37304558e-04	2.98348089e-02	-1.66570330e+00	-9.53105919e-01	-1.76754931e+00	-1.83599316e+00	1.29424948e-02
20000	20000	29	1.47500000e-05	2.00010000e+02	1.50000000e+04	7.37463127e-10	1.14537229e-09	7.11221004e-04	9.16256604e-04	6.35631996e-06	8.23370744e-04	2.98275286e-02	-1.67287916e+00	-9.60191503e-01	-1.76754983e+00	-1.84328118e+00	1.28365047e-02
20000	20000	30	1.47500000e-05	2.00010000e+02	1.50000000e+04	7.37463127e-10	1.14537232e-09	6.99573467e-04	9.01415711e-04	6.35631266e-06	8.09702674e-04	2.98203532e-02	-1.68005041e+00	-9.67283498e-01	-1.76755033e+00	-1.85055104e+00	1.27320172e-02
20000	20000	31	1.47500000e-05	2.00010000e+02	1.50000000e+04	7.37463127e-10	1.14537234e-09	6.88124399e-04	8.86807188e-04	6.35630563e-06	7.96290257e-04	2.98132867e-02	-1.68721678e+00	-9.74379416e-01	-1.76755081e+00	-1.85780521e+00	1.26290909e-02
20000	20000	32	1.47500000e-05	2.00010000e+02	1.50000000e+04	7.37463127e-10	1.14537237e-09	6.76870433e-04	8.72431259e-04	6.35629880e-06	7.83124539e-04	2.98063314e-02	-1.69437819e+00	-9.81477403e-01	-1.76755128e+00	-1.86504578e+00	1.25277598e-02
20000	20000	33	1.47500000e-05	2.00010000e+02	1.50000000e+04	7.37463127e-10	1.14537239e-09	6.65808086e-04	8.58287033e-04	6.35629213e-06	7.70197500e-04	2.97994883e-02	-1.70153467e+00	-9.88576069e-01	-1.76755173e+00	-1.87227451e+00	1.24280404e-02
20000	20000	34	1.47500000e-05	2.00010000e+02	1.50000000e+04	7.37463127e-10	1.14537242e-09	6.54933845e-04	8.44372834e-04	6.35628562e-06	7.57501907e-04	2.97927576e-02	-1.70868630e+00	-9.95674369e-01	-1.76755218e+00	-1.87949288e+00	1.23299368e-02
20000	20000	35	1.47500000e-05	2.00010000e+02	1.50000000e+04	7.37463127e-10	1.14537244e-09	6.44244212e-04	8.30686429e-04	6.35627923e-06	7.45031186e-04	2.97861389e-02	-1.71583321e+00	-1.00277151e+00	-1.76755262e+00	-1.88670216e+00	1.22334439e-02
20000	20000	36	1.47500000e-05	2.00010000e+02	1.50000000e+04	7.37463127e-10	1.14537246e-09	6.33735741e-04	8.17225204e-04	6.35627298e-06	7.32779321e-04	2.97796313e-02	-1.72297553e+00	-1.00986687e+00	-1.76755304e+00	-1.89390341e+00	1.21385503e-02
20000	20000	37	1.47500000e-05	2.00010000e+02	1.50000000e+04	7.37463127e-10	1.14537249e-09	6.23405060e-04	8.03986283e-04	6.35626684e-06	7.20740772e-04	2.97732337e-02	-1.73011341e+00	-1.01695998e+00	-1.76755346e+00	-1.90109752e+00	1.20452401e-02
20000	20000	38	1.47500000e-05	2.00010000e+02	1.50000000e+04	7.37463127e-10	1.14537251e-09	6.13248877e-04	7.90966617e-04	6.35626082e-06	7.08910405e-04	2.97669447e-02	-1.73724697e+00	-1.02405047e+00	-1.76755387e+00	-1.90828526e+00	1.19534945e-02
20000	20000	39	1.47500000e-05	2.00010000e+02	1.50000000e+04	7.37463127e-10	1.14537253e-09	6.03263989e-04	7.78163049e-04	6.35625492e-06	6.97283435e-04	2.97607628e-02	-1.74437633e+00	-1.03113802e+00	-1.76755428e+00	-1.91546726e+00	1.18632924e-02
20000	20000	40	1.47500000e-05	2.00010000e+02	1.50000000e+04	7.37463127e-10	1.14537255e-09	5.93447284e-04	7.65572359e-04	6.35624912e-06	6.85855375e-04	2.97546864e-02	-1.75150159e+00	-1.03822238e+00	-1.76755467e+00	-1.92264407e+00	1.17746115e-02
20000	20000	41	1.47500000e-05	2.00010000e+02	1.50000000e+04	7.37463127e-10	1.14537258e-09	5.83795734e-04	7.53191299e-04	6.35624344e-06	6.74621999e-04	2.97487139e-02	-1.75862282e+00	-1.04530333e+00	-1.76755506e+00	-1.92981611e+00	1.16874284e-02
20000	20000	42	1.47500000e-05	2.00010000e+02	1.50000000e+04	7.37463127e-10	1.14537260e-09	5.74306397e-04	7.41016612e-04	6.35623786e-06	6.63579305e-04	2.97428435e-02	-1.76574008e+00	-1.05238068e+00	-1.76755544e+00	-1.93698378e+00	1.16017194e-02
20000	20000	43	1.47500000e-05	2.00010000e+02	1.50000000e+04	7.37463127e-10	1.14537262e-09	5.64976414e-04	7.29045055e-04	6.35623238e-06	6.52723487e-04	2.97370735e-02	-1.77285342e+00	-1.05945425e+00	-1.76755582e+00	-1.94414737e+00	1.15174605e-02
20000	20000	44	1.47500000e-05	2.00010000e+02	1.50000000e+04	7.37463127e-10	1.14537264e-09	5.55802997e-04	7.17273406e-04	6.35622701e-06	6.42050912e-04	2.97314023e-02	-1.77996285e+00	-1.06652389e+00	-1.76755618e+00	-1.95130714e+00	1.14346276e-02
20000	20000	45	1.47500000e-05	2.00010000e+02	1.50000000e+04	7.37463127e-10	1.14537266e-09	5.46783434e-04	7.05698475e-04	6.35622173e-06	6.31558099e-04	2.97258282e-02	-1.78706839e+00	-1.07358944e+00	-1.76755654e+00	-1.95846330e+00	1.13531968e-02
20000	20000	46	1.47500000e-05	2.00010000e+02	1.50000000e+04	7.37463127e-10	1.14537268e-09	5.37915079e-04	6.94317110e-04	6.35621655e-06	6.21241698e-04	2.97203494e-02	-1.79417002e+00	-1.08065075e+00	-1.76755690e+00	-1.96561601e+00	1.12731443e-02
20000	20000	47	1.47500000e-05	2.00010000e+02	1.50000000e+04	7.37463127e-10	1.14537270e-09	5.29195351e-04	6.83126199e-04	6.35621147e-06	6.11098482e-04	2.97149643e-02	-1.80126772e+00	-1.08770768e+00	-1.76755725e+00	-1.97276541e+00	1.11944466e-02
20000	20000	48	1.47500000e-05	2.00010000e+02	1.50000000e+04	7.37463127e-10	1.14537272e-09	5.20621728e-04	6.72122674e-04	6.35620648e-06	6.01125329e-04	2.97096713e-02	-1.80836145e+00	-1.09476007e+00	-1.76755759e+00	-1.97991158e+00	1.11170805e-02
20000	20000	49	1.47500000e-05	2.00010000e+02	1.50000000e+04	7.37463127e-10	1.14537273e-09	5.12191745e-04	6.61303512e-04	6.35620158e-06	5.91319215e-04	2.97044687e-02	-1.81545116e+00	-1.10180779e+00	-1.76755792e+00	-1.98705462e+00	1.10410229e-02
20000	20000	50	1.47500000e-05	2.00010000e+02	1.50000000e+04	7.37463127e-10	1.14537275e-09	5.03902991e-04	6.50665738e-04	6.35619678e-06	5.81677203e-04	2.96993550e-02	-1.82253680e+00	-1.10885068e+00	-1.76755825e+00	-1.99419457e+00	1.09662515e-02
20000	20000	51	1.47500000e-05	2.00010000e+02	1.50000000e+04	7.37463127e-10	1.14537277e-09	4.95753106e-04	6.40206421e-04	6.35619206e-06	5.72196438e-04	2.96943286e-02	-1.82961829e+00	-1.11588859e+00	-1.76755857e+00	-2.00133146e+00	1.08927439e-02
20000	20000	52	1.47500000e-05	2.00010000e+02	1.50000000e+04	7.37463127e-10	1.14537279e-09	4.87739779e-04	6.29922680e-04	6.35618743e-06	5.62874136e-04	2.96893879e-02	-1.83669556e+00	-1.12292138e+00	-1.76755889e+00	-2.00846532e+00	1.08204784e-02
20000	20000	53	1.47500000e-05	2.00010000e+02	1.50000000e+04	7.37463127e-10	1.14537281e-09	4.79860746e-04	6.19811680e-04	6.35618288e-06	5.53707583e-04	2.96845315e-02	-1.84376851e+00	-1.12994886e+00	-1.76755920e+00	-2.01559614e+00	1.07494334e-02
20000	20000	54	1.47500000e-05	2.00010000e+02	1.50000000e+04	7.37463127e-10	1.14537282e-09	4.72113787e-04	6.09870632e-04	6.35617841e-06	5.44694129e-04	2.96797579e-02	-1.85083705e+00	-1.13697090e+00	-1.76755950e+00	-2.02272392e+00	1.06795879e-02
20000	20000	55	1.47500000e-05	2.00010000e+02	1.50000000e+04	7.37463127e-10	1.14537284e-09	4.64496724e-04	6.00096793e-04	6.35617403e-06	5.35831184e-04	2.96750656e-02	-1.85790108e+00	-1.14398732e+00	-1.76755980e+00	-2.02984863e+00	1.06109212e-02
20000	20000	56	1.47500000e-05	2.00010000e+02	1.50000000e+04	7.37463127e-10	1.14537286e-09	4.57007421e-04	5.90487465e-04	6.35616973e-06	5.27116213e-04	2.96704531e-02	-1.86496048e+00	-1.15099794e+00	-1.76756010e+00	-2.03697024e+00	1.05434129e-02
20000	20000	57	1.47500000e-05	2.00010000e+02	1.50000000e+04	7.37463127e-10	1.14537287e-09	4.49643784e-04	5.81039998e-04	6.35616550e-06	5.18546735e-04	2.96659192e-02	-1.87201514e+00	-1.15800259e+00	-1.76756039e+00	-2.04408871e+00	1.04770429e-02
20000	20000	58	1.47500000e-05	2.00010000e+02	1.50000000e+04	7.37463127e-10	1.14537289e-09	4.42403753e-04	5.71751784e-04	6.35616135e-06	5.10120318e-04	2.96614623e-02	-1.87906493e+00	-1.16500109e+00	-1.76756067e+00	-2.05120399e+00	1.04117917e-02
20000	20000	59	1.47500000e-05	2.00010000e+02	1.50000000e+04	7.37463127e-10	1.14537291e-09	4.35285309e-04	5.62620258e-04	6.35615728e-06	5.01834581e-04	2.96570812e-02	-1.88610973e+00	-1.17199326e+00	-1.76756095e+00	-2.05831603e+00	1.03476398e-02
20000	20000	60	1.47500000e-05	2.00010000e+02	1.50000000e+04	7.37463127e-10	1.14537292e-09	4.28286470e-04	5.53642900e-04	6.35615328e-06	4.93687187e-04	2.96527745e-02	-1.89314938e+00	-1.17897889e+00	-1.76756122e+00	-2.06542476e+00	1.02845685e-02
20000	20000	61	1.47500000e-05	2.00010000e+02	1.50000000e+04	7.37463127e-10	1.14537294e-09	4.21405285e-04	5.44817232e-04	6.35614935e-06	4.85675845e-04	2.96485409e-02	-1.90018376e+00	-1.18595779e+00	-1.76756149e+00	-2.07253011e+00	1.02225590e-02
20000	20000	62	1.47500000e-05	2.00010000e+02	1.50000000e+04	7.37463127e-10	1.14537295e-09	4.14639843e-04	5.36140817e-04	6.35614549e-06	4.77798306e-04	2.96443792e-02	-1.90721270e+00	-1.19292975e+00	-1.76756175e+00	-2.07963201e+00	1.01615930e-02
20000	20000	63	1.47500000e-05	2.00010000e+02	1.50000000e+04	7.37463127e-10	1.14537297e-09	4.07988262e-04	5.27611260e-04	6.35614170e-06	4.70052363e-04	2.96402880e-02	-1.91423607e+00	-1.19989456e+00	-1.76756201e+00	-2.08673037e+00	1.01016527e-02
20000	20000	64	1.47500000e-05	2.00010000e+02	1.50000000e+04	7.37463127e-10	1.14537298e-09	4.01448696e-04	5.19226206e-04	6.35613798e-06	4.62435848e-04	2.96362662e-02	-1.92125368e+00	-1.20685202e+00	-1.76756227e+00	-2.09382512e+00	1.00427203e-02
20000	20000	65	1.47500000e-05	2.00010000e+02	1.50000000e+04	7.37463127e-10	1.14537300e-09	3.95019330e-04	5.10983339e-04	6.35613433e-06	4.54946635e-04	2.96323125e-02	-1.92826539e+00	-1.21380188e+00	-1.76756252e+00	-2.10091615e+00	9.98477853e-03
20000	20000	66	1.47500000e-05	2.00010000e+02	1.50000000e+04	7.37463127e-10	1.14537301e-09	3.88698381e-04	5.02880384e-04	6.35613074e-06	4.47582632e-04	2.96284257e-02	-1.93527100e+00	-1.22074393e+00	-1.76756276e+00	-2.10800339e+00	9.92781037e-03
20000	20000	67	1.47500000e-05	2.00010000e+02	1.50000000e+04	7.37463127e-10	1.14537302e-09	3.82484095e-04	4.94915101e-04	6.35612722e-06	4.40341787e-04	2.96246048e-02	-1.94227036e+00	-1.22767791e+00	-1.76756300e+00	-2.11508671e+00	9.87179911e-03
20000	20000	68	1.47500000e-05	2.00010000e+02	1.50000000e+04	7.37463127e-10	1.14537304e-09	3.76374750e-04	4.87085293e-04	6.35612376e-06	4.33222084e-04	2.96208485e-02	-1.94926326e+00	-1.23460360e+00	-1.76756324e+00	-2.12216602e+00	9.81672832e-03
20000	20000	69	1.47500000e-05	2.00010000e+02	1.50000000e+04	7.37463127e-10	1.14537305e-09	3.70368653e-04	4.79388794e-04	6.35612036e-06	4.26221541e-04	2.96171557e-02	-1.95624951e+00	-1.24152074e+00	-1.76756347e+00	-2.12924122e+00	9.76258188e-03
20000	20000	70	1.47500000e-05	2.00010000e+02	1.50000000e+04	7.37463127e-10	1.14537306e-09	3.64464141e-04	4.71823480e-04	6.35611702e-06	4.19338210e-04	2.96135253e-02	-1.96322893e+00	-1.24842907e+00	-1.76756370e+00	-2.13631217e+00	9.70934395e-03
20000	20000	71	1.47500000e-05	2.00010000e+02	1.50000000e+04	7.37463127e-10	1.14537308e-09	3.58659578e-04	4.64387260e-04	6.35611374e-06	4.12570179e-04	2.96099562e-02	-1.97020130e+00	-1.25532832e+00	-1.76756392e+00	-2.14337878e+00	9.65699897e-03
20000	20000	72	1.47500000e-05	2.00010000e+02	1.50000000e+04	7.37463127e-10	1.14537309e-09	3.52953357e-04	4.57078078e-04	6.35611052e-06	4.05915567e-04	2.96064474e-02	-1.97716642e+00	-1.26221823e+00	-1.76756414e+00	-2.15044090e+00	9.60553166e-03
20000	20000	73	1.47500000e-05	2.00010000e+02	1.50000000e+04	7.37463127e-10	1.14537310e-09	3.47343898e-04	4.49893915e-04	6.35610736e-06	3.99372527e-04	2.96029978e-02	-1.98412406e+00	-1.26909850e+00	-1.76756436e+00	-2.15749843e+00	9.55492701e-03
20000	20000	74	1.47500000e-05	2.00010000e+02	1.50000000e+04	7.37463127e-10	1.14537311e-09	3.41829647e-04	4.42832784e-04	6.35610425e-06	3.92939243e-04	2.95996064e-02	-1.99107401e+00	-1.27596886e+00	-1.76756457e+00	-2.16455121e+00	9.50517027e-03
20000	20000	75	1.47500000e-05	2.00010000e+02	1.50000000e+04	7.37463127e-10	1.14537313e-09	3.36409078e-04	4.35892732e-04	6.35610120e-06	3.86613929e-04	2.95962722e-02	-1.99801603e+00	-1.28282899e+00	-1.76756478e+00	-2.17159912e+00	9.45624696e-03
20000	20000	76	1.47500000e-05	2.00010000e+02	1.50000000e+04	7.37463127e-10	1.14537314e-09	3.31080691e-04	4.29071840e-04	6.35609820e-06	3.80394831e-04	2.95929942e-02	-2.00494988e+00	-1.28967861e+00	-1.76756498e+00	-2.17864200e+00	9.40814284e-03
20000	20000	77	1.47500000e-05	2.00010000e+02	1.50000000e+04	7.37463127e-10	1.14537315e-09	3.25843010e-04	4.22368221e-04	6.35609526e-06	3.74280226e-04	2.95897714e-02	-2.01187533e+00	-1.29651739e+00	-1.76756519e+00	-2.18567973e+00	9.36084394e-03
20000	20000	78	1.47500000e-05	2.00010000e+02	1.50000000e+04	7.37463127e-10	1.14537316e-09	3.20694585e-04	4.15780019e-04	6.35609237e-06	3.68268417e-04	2.95866029e-02	-2.01879211e+00	-1.30334501e+00	-1.76756538e+00	-2.19271214e+00	9.31433652e-03
20000	20000	79	1.47500000e-05	2.00010000e+02	1.50000000e+04	7.37463127e-10	1.14537317e-09	3.15633991e-04	4.09305410e-04	6.35608952e-06	3.62357738e-04	2.95834877e-02	-2.02569997e+00	-1.31016114e+00	-1.76756558e+00	-2.19973907e+00	9.26860710e-03
20000	20000	80	1.47500000e-05	2.00010000e+02	1.50000000e+04	7.37463127e-10	1.14537318e-09	3.10659827e-04	4.02942601e-04	6.35608673e-06	3.56546553e-04	2.95804249e-02	-2.03259864e+00	-1.31696544e+00	-1.76756577e+00	-2.20676037e+00	9.22364242e-03
20000	20000	81	1.47500000e-05	2.00010000e+02	1.50000000e+04	7.37463127e-10	1.14537320e-09	3.05770715e-04	3.96689828e-04	6.35608399e-06	3.50833251e-04	2.95774137e-02	-2.03948785e+00	-1.32375756e+00	-1.76756596e+00	-2.21377586e+00	9.17942947e-03
20000	20000	82	1.47500000e-05	2.00010000e+02	1.50000000e+04	7.37463127e-10	1.14537321e-09	3.00965300e-04	3.90545359e-04	6.35608130e-06	3.45216249e-04	2.95744531e-02	-2.04636731e+00	-1.33053714e+00	-1.76756614e+00	-2.22078538e+00	9.13595544e-03
20000	20000	83	1.47500000e-05	2.00010000e+02	1.50000000e+04	7.37463127e-10	1.14537322e-09	2.96242253e-04	3.84507490e-04	6.35607865e-06	3.39693992e-04	2.95715422e-02	-2.05323673e+00	-1.33730382e+00	-1.76756632e+00	-2.22778875e+00	9.09320777e-03
20000	20000	84	1.47500000e-05	2.00010000e+02	1.50000000e+04	7.37463127e-10	1.14537323e-09	2.91600265e-04	3.78574544e-04	6.35607605e-06	3.34264951e-04	2.95686802e-02	-2.06009582e+00	-1.34405721e+00	-1.76756650e+00	-2.23478577e+00	9.05117413e-03
20000	20000	85	1.47500000e-05	2.00010000e+02	1.50000000e+04	7.37463127e-10	1.14537324e-09	2.87038048e-04	3.72744875e-04	6.35607350e-06	3.28927623e-04	2.95658663e-02	-2.06694427e+00	-1.35079694e+00	-1.76756667e+00	-2.24177627e+00	9.00984237e-03
20000	20000	86	1.47500000e-05	2.00010000e+02	1.50000000e+04	7.37463127e-10	1.14537325e-09	2.82554339e-04	3.67016864e-04	6.35607099e-06	3.23680529e-04	2.95630996e-02	-2.07378176e+00	-1.35752260e+00	-1.76756684e+00	-2.24876004e+00	8.96920058e-03
20000	20000	87	1.47500000e-05	2.00010000e+02	1.50000000e+04	7.37463127e-10	1.14537326e-09	2.78147894e-04	3.61388918e-04	6.35606852e-06	3.18522218e-04	2.95603794e-02	-2.08060796e+00	-1.36423379e+00	-1.76756701e+00	-2.25573688e+00	8.92923705e-03
20000	20000	88	1.47500000e-05	2.00010000e+02	1.50000000e+04	7.37463127e-10	1.14537327e-09	2.73817491e-04	3.55859472e-04	6.35606610e-06	3.13451260e-04	2.95577047e-02	-2.08742255e+00	-1.37093009e+00	-1.76756718e+00	-2.26270659e+00	8.88994027e-03
20000	20000	89	1.47500000e-05	2.00010000e+02	1.50000000e+04	7.37463127e-10	1.14537328e-09	2.69561930e-04	3.50426987e-04	6.35606372e-06	3.08466253e-04	2.95550750e-02	-2.09422518e+00	-1.37761108e+00	-1.76756734e+00	-2.26966895e+00	8.85129895e-03
20000	20000	90	1.47500000e-05	2.00010000e+02	1.50000000e+04	7.37463127e-10	1.14537329e-09	2.65380028e-04	3.45089949e-04	6.35606138e-06	3.03565816e-04	2.95524893e-02	-2.10101550e+00	-1.38427631e+00	-1.76756750e+00	-2.27662375e+00	8.81330196e-03
20000	20000	91	1.47500000e-05	2.00010000e+02	1.50000000e+04	7.37463127e-10	1.14537330e-09	2.61270624e-04	3.39846871e-04	6.35605908e-06	2.98748593e-04	2.95499469e-02	-2.10779315e+00	-1.39092535e+00	-1.76756766e+00	-2.28357074e+00	8.77593841e-03
20000	20000	92	1.47500000e-05	2.00010000e+02	1.50000000e+04	7.37463127e-10	1.14537331e-09	2.57232578e-04	3.34696289e-04	6.35605682e-06	2.94013251e-04	2.95474471e-02	-2.11455777e+00	-1.39755772e+00	-1.76756781e+00	-2.29050971e+00	8.73919756e-03
20000	20000	93	1.47500000e-05	2.00010000e+02	1.50000000e+04	7.37463127e-10	1.14537331e-09	2.53264766e-04	3.29636765e-04	6.35605461e-06	2.89358478e-04	2.95449892e-02	-2.12130896e+00	-1.40417298e+00	-1.76756796e+00	-2.29744040e+00	8.70306889e-03
20000	20000	94	1.47500000e-05	2.00010000e+02	1.50000000e+04	7.37463127e-10	1.14537332e-09	2.49366086e-04	3.24666885e-04	6.35605243e-06	2.84782986e-04	2.95425724e-02	-2.12804635e+00	-1.41077063e+00	-1.76756811e+00	-2.30436257e+00	8.66754203e-03
20000	20000	95	1.47500000e-05	2.00010000e+02	1.50000000e+04	7.37463127e-10	1.14537333e-09	2.45535453e-04	3.19785257e-04	6.35605028e-06	2.80285507e-04	2.95401960e-02	-2.13476953e+00	-1.41735018e+00	-1.76756826e+00	-2.31127597e+00	8.63260681e-03
20000	20000	96	1.47500000e-05	2.00010000e+02	1.50000000e+04	7.37463127e-10	1.14537334e-09	2.41771800e-04	3.14990513e-04	6.35604818e-06	2.75864797e-04	2.95378594e-02	-2.14147809e+00	-1.42391115e+00	-1.76756840e+00	-2.31818033e+00	8.59825324e-03
20000	20000	97	1.47500000e-05	2.00010000e+02	1.50000000e+04	7.37463127e-10	1.14537335e-09	2.38074078e-04	3.10281309e-04	6.35604611e-06	2.71519631e-04	2.95355619e-02	-2.14817162e+00	-1.43045301e+00	-1.76756854e+00	-2.32507538e+00	8.56447149e-03
20000	20000	98	1.47500000e-05	2.00010000e+02	1.50000000e+04	7.37463127e-10	1.14537336e-09	2.34441258e-04	3.05656322e-04	6.35604408e-06	2.67248806e-04	2.95333028e-02	-2.15484969e+00	-1.43697524e+00	-1.76756868e+00	-2.33196084e+00	8.53125191e-03
20000	20000	99	1.47500000e-05	2.00010000e+02	1.50000000e+04	7.37463127e-10	1.14537337e-09	2.30872326e-04	3.01114250e-04	6.35604208e-06	2.63051138e-04	2.95310814e-02	-2.16151186e+00	-1.44347731e+00	-1.76756882e+00	-2.33883643e+00	8.49858501e-03
20000	20000	100	1.47500000e-05	2.00010000e+02	1.50000000e+04	7.37463127e-10	1.14537337e-09	2.27366284e-04	2.96653814e-04	6.35604012e-06	2.58925465e-04	2.95288972e-02	-2.16815767e+00	-1.44995868e+00	-1.76756895e+00	-2.34570185e+00	8.46646147e-03
20000	20000	101	1.47500000e-05	2.00010000e+02	1.50000000e+04	7.37463127e-10	1.14537338e-09	2.23922154e-04	2.92273756e-04	6.35603819e-06	2.54870643e-04	2.95267494e-02	-2.17478667e+00	-1.45641880e+00	-1.76756909e+00	-2.35255680e+00	8.43487213e-03
20000	20000	102	1.47500000e-05	2.00010000e+02	1.50000000e+04	7.37463127e-10	1.14537339e-09	2.20538971e-04	2.87972839e-04	6.35603629e-06	2.50885548e-04	2.95246375e-02	-2.18139839e+00	-1.46285709e+00	-1.76756921e+00	-2.35940097e+00	8.40380798e-03
20000	20000	103	1.47500000e-05	2.00010000e+02	1.50000000e+04	7.37463127e-10	1.14537340e-09	2.17215789e-04	2.83749843e-04	6.35603443e-06	2.46969076e-04	2.95225609e-02	-2.18799235e+00	-1.46927299e+00	-1.76756934e+00	-2.36623404e+00	8.37326019e-03
20000	20000	104	1.47500000e-05	2.00010000e+02	1.50000000e+04	7.37463127e-10	1.14537341e-09	2.13951676e-04	2.79603573e-04	6.35603260e-06	2.43120139e-04	2.95205188e-02	-2.19456804e+00	-1.47566590e+00	-1.76756947e+00	-2.37305568e+00	8.34322004e-03
20000	20000	105	1.47500000e-05	2.00010000e+02	1.50000000e+04	7.37463127e-10	1.14537341e-09	2.10745716e-04	2.75532850e-04	6.35603080e-06	2.39337670e-04	2.95185109e-02	-2.20112498e+00	-1.48203524e+00	-1.76756959e+00	-2.37986555e+00	8.31367900e-03
20000	20000	106	1.47500000e-05	2.00010000e+02	1.50000000e+04	7.37463127e-10	1.14537342e-09	2.07597009e-04	2.71536515e-04	6.35602903e-06	2.35620619e-04	2.95165365e-02	-2.20766264e+00	-1.48838038e+00	-1.76756971e+00	-2.38666332e+00	8.28462868e-03
20000	20000	107	1.47500000e-05	2.00010000e+02	1.50000000e+04	7.37463127e-10	1.14537343e-09	2.04504668e-04	2.67613427e-04	6.35602730e-06	2.31967954e-04	2.95145949e-02	-2.21418051e+00	-1.49470072e+00	-1.76756983e+00	-2.39344862e+00	8.25606081e-03
20000	20000	108	1.47500000e-05	2.00010000e+02	1.50000000e+04	7.37463127e-10	1.14537343e-09	2.01467822e-04	2.63762465e-04	6.35602559e-06	2.28378661e-04	2.95126858e-02	-2.22067804e+00	-1.50099563e+00	-1.76756995e+00	-2.40022109e+00	8.22796729e-03
20000	20000	109	1.47500000e-05	2.00010000e+02	1.50000000e+04	7.37463127e-10	1.14537344e-09	1.98485615e-04	2.59982525e-04	6.35602391e-06	2.24851742e-04	2.95108084e-02	-2.22715470e+00	-1.50726446e+00	-1.76757006e+00	-2.40698036e+00	8.20034015e-03
20000	20000	110	1.47500000e-05	2.00010000e+02	1.50000000e+04	7.37463127e-10	1.14537345e-09	1.95557204e-04	2.56272521e-04	6.35602226e-06	2.21386216e-04	2.95089623e-02	-2.23360992e+00	-1.51350658e+00	-1.76757017e+00	-2.41372603e+00	8.17317154e-03
20000	20000	111	1.47500000e-05	2.00010000e+02	1.50000000e+04	7.37463127e-10	1.14537345e-09	1.92681761e-04	2.52631382e-04	6.35602064e-06	2.17981119e-04	2.95071470e-02	-2.24004313e+00	-1.51972132e+00	-1.76757028e+00	-2.42045773e+00	8.14645378e-03
20000	20000	112	1.47500000e-05	2.00010000e+02	1.50000000e+04	7.37463127e-10	1.14537346e-09	1.89858469e-04	2.49058058e-04	6.35601904e-06	2.14635504e-04	2.95053619e-02	-2.24645376e+00	-1.52590802e+00	-1.76757039e+00	-2.42717505e+00	8.12017928e-03
20000	20000	113	1.47500000e-05	2.00010000e+02	1.50000000e+04	7.37463127e-10	1.14537347e-09	1.87086528e-04	2.45551513e-04	6.35601748e-06	2.11348438e-04	2.95036065e-02	-2.25284122e+00	-1.53206601e+00	-1.76757050e+00	-2.43387757e+00	8.09434062e-03
20000	20000	114	1.47500000e-05	2.00010000e+02	1.50000000e+04	7.37463127e-10	1.14537347e-09	1.84365148e-04	2.42110727e-04	6.35601594e-06	2.08119006e-04	2.95018803e-02	-2.25920491e+00	-1.53819459e+00	-1.76757061e+00	-2.44056487e+00	8.06893049e-03
20000	20000	115	1.47500000e-05	2.00010000e+02	1.50000000e+04	7.37463127e-10	1.14537348e-09	1.81693554e-04	2.38734696e-04	6.35601443e-06	2.04946306e-04	2.95001829e-02	-2.26554422e+00	-1.54429308e+00	-1.76757071e+00	-2.44723652e+00	8.04394169e-03
20000	20000	116	1.47500000e-05	2.00010000e+02	1.50000000e+04	7.37463127e-10	1.14537349e-09	1.79070981e-04	2.35422433e-04	6.35601294e-06	2.01829454e-04	2.94985136e-02	-2.27185852e+00	-1.55036078e+00	-1.76757081e+00	-2.45389207e+00	8.01936716e-03
20000	20000	117	1.47500000e-05	2.00010000e+02	1.50000000e+04	7.37463127e-10	1.14537349e-09	1.76496680e-04	2.32172964e-04	6.35601148e-06	1.98767577e-04	2.94968722e-02	-2.27814720e+00	-1.55639697e+00	-1.76757091e+00	-2.46053107e+00	7.99519997e-03
20000	20000	118	1.47500000e-05	2.00010000e+02	1.50000000e+04	7.37463127e-10	1.14537350e-09	1.73969910e-04	2.28985332e-04	6.35601004e-06	1.95759821e-04	2.94952580e-02	-2.28440960e+00	-1.56240096e+00	-1.76757101e+00	-2.46715305e+00	7.97143328e-03
20000	20000	119	1.47500000e-05	2.00010000e+02	1.50000000e+04	7.37463127e-10	1.14537350e-09	1.71489944e-04	2.25858592e-04	6.35600863e-06	1.92805342e-04	2.94936707e-02	-2.29064508e+00	-1.56837200e+00	-1.76757111e+00	-2.47375755e+00	7.94806040e-03
20000	20000	120	1.47500000e-05	2.00010000e+02	1.50000000e+04	7.37463127e-10	1.14537351e-09	1.69056066e-04	2.22791815e-04	6.35600724e-06	1.89903314e-04	2.94921097e-02	-2.29685298e+00	-1.57430939e+00	-1.76757120e+00	-2.48034407e+00	7.92507473e-03
20000	20000	121	1.47500000e-05	2.00010000e+02	1.50000000e+04	7.37463127e-10	1.14537352e-09	1.66667573e-04	2.19784086e-04	6.35600588e-06	1.87052923e-04	2.94905747e-02	-2.30303263e+00	-1.58021238e+00	-1.76757129e+00	-2.48691211e+00	7.90246979e-03
20000	20000	122	1.47500000e-05	2.00010000e+02	1.50000000e+04	7.37463127e-10	1.14537352e-09	1.64323770e-04	2.16834503e-04	6.35600453e-06	1.84253367e-04	2.94890652e-02	-2.30918335e+00	-1.58608023e+00	-1.76757138e+00	-2.49346118e+00	7.88023921e-03
20000	20000	123	1.47500000e-05	2.00010000e+02	1.50000000e+04	7.37463127e-10	1.14537353e-09	1.62023974e-04	2.13942176e-04	6.35600322e-06	1.81503860e-04	2.94875807e-02	-2.31530445e+00	-1.59191221e+00	-1.76757147e+00	-2.49999075e+00	7.85837672e-03
20000	20000	124	1.47500000e-05	2.00010000e+02	1.50000000e+04	7.37463127e-10	1.14537353e-09	1.59767515e-04	2.11106231e-04	6.35600192e-06	1.78803628e-04	2.94861209e-02	-2.32139526e+00	-1.59770757e+00	-1.76757156e+00	-2.50650029e+00	7.83687619e-03
20000	20000	125	1.47500000e-05	2.00010000e+02	1.50000000e+04	7.37463127e-10	1.14537354e-09	1.57553730e-04	2.08325802e-04	6.35600065e-06	1.76151909e-04	2.94846854e-02	-2.32745505e+00	-1.60346556e+00	-1.76757165e+00	-2.51298926e+00	7.81573155e-03
20000	20000	126	1.47500000e-05	2.00010000e+02	1.50000000e+04	7.37463127e-10	1.14537354e-09	1.55381968e-04	2.05600040e-04	6.35599939e-06	1.73547955e-04	2.94832736e-02	-2.33348312e+00	-1.60918543e+00	-1.76757174e+00	-2.51945711e+00	7.79493685e-03
20000	20000	127	1.47500000e-05	2.00010000e+02	1.50000000e+04	7.37463127e-10	1.14537355e-09	1.53251587e-04	2.02928105e-04	6.35599816e-06	1.70991029e-04	2.94818853e-02	-2.33947876e+00	-1.61486642e+00	-1.76757182e+00	-2.52590329e+00	7.77448627e-03
20000	20000	128	1.47500000e-05	2.00010000e+02	1.50000000e+04	7.37463127e-10	1.14537355e-09	1.51161955e-04	2.00309170e-04	6.35599695e-06	1.68480408e-04	2.94805200e-02	-2.34544123e+00	-1.62050779e+00	-1.76757190e+00	-2.53232721e+00	7.75437404e-03
20000	20000	129	1.47500000e-05	2.00010000e+02	1.50000000e+04	7.37463127e-10	1.14537356e-09	1.49112451e-04	1.97742420e-04	6.35599576e-06	1.66015378e-04	2.94791774e-02	-2.35136983e+00	-1.62610878e+00	-1.76757198e+00	-2.53872829e+00	7.73459452e-03
20000	20000	130	1.47500000e-05	2.00010000e+02	1.50000000e+04	7.37463127e-10	1.14537356e-09	1.47102460e-04	1.95227049e-04	6.35599459e-06	1.63595239e-04	2.94778570e-02	-2.35726380e+00	-1.63166863e+00	-1.76757206e+00	-2.54510595e+00	7.71514216e-03
20000	20000	131	1.47500000e-05	2.00010000e+02	1.50000000e+04	7.37463127e-10	1.14537357e-09	1.45131379e-04	1.92762264e-04	6.35599344e-06	1.61219301e-04	2.94765586e-02	-2.36312241e+00	-1.63718660e+00	-1.76757214e+00	-2.55145958e+00	7.69601149e-03
20000	20000	132	1.47500000e-05	2.00010000e+02	1.50000000e+04	7.37463127e-10	1.14537357e-09	1.43198613e-04	1.90347281e-04	6.35599231e-06	1.58886886e-04	2.94752816e-02	-2.36894492e+00	-1.64266194e+00	-1.76757222e+00	-2.55778856e+00	7.67719716e-03
20000	20000	133	1.47500000e-05	2.00010000e+02	1.50000000e+04	7.37463127e-10	1.14537358e-09	1.41303575e-04	1.87981327e-04	6.35599120e-06	1.56597328e-04	2.94740259e-02	-2.37473059e+00	-1.64809391e+00	-1.76757230e+00	-2.56409227e+00	7.65869389e-03
20000	20000	134	1.47500000e-05	2.00010000e+02	1.50000000e+04	7.37463127e-10	1.14537358e-09	1.39445687e-04	1.85663641e-04	6.35599011e-06	1.54349968e-04	2.94727909e-02	-2.38047865e+00	-1.65348176e+00	-1.76757237e+00	-2.57037007e+00	7.64049649e-03
20000	20000	135	1.47500000e-05	2.00010000e+02	1.50000000e+04	7.37463127e-10	1.14537359e-09	1.37624379e-04	1.83393468e-04	6.35598904e-06	1.52144162e-04	2.94715764e-02	-2.38618836e+00	-1.65882476e+00	-1.76757244e+00	-2.57662132e+00	7.62259986e-03
20000	20000	136	1.47500000e-05	2.00010000e+02	1.50000000e+04	7.37463127e-10	1.14537359e-09	1.35839088e-04	1.81170066e-04	6.35598798e-06	1.49979274e-04	2.94703820e-02	-2.39185898e+00	-1.66412218e+00	-1.76757252e+00	-2.58284537e+00	7.60499900e-03
20000	20000	137	1.47500000e-05	2.00010000e+02	1.50000000e+04	7.37463127e-10	1.14537360e-09	1.34089262e-04	1.78992700e-04	6.35598694e-06	1.47854677e-04	2.94692074e-02	-2.39748974e+00	-1.66937330e+00	-1.76757259e+00	-2.58904155e+00	7.58768897e-03
20000	20000	138	1.47500000e-05	2.00010000e+02	1.50000000e+04	7.37463127e-10	1.14537360e-09	1.32374353e-04	1.76860646e-04	6.35598592e-06	1.45769756e-04	2.94680522e-02	-2.40307988e+00	-1.67457741e+00	-1.76757266e+00	-2.59520919e+00	7.57066494e-03
20000	20000	139	1.47500000e-05	2.00010000e+02	1.50000000e+04	7.37463127e-10	1.14537360e-09	1.30693823e-04	1.74773188e-04	6.35598492e-06	1.43723904e-04	2.94669162e-02	-2.40862867e+00	-1.67973381e+00	-1.76757272e+00	-2.60134761e+00	7.55392214e-03
20000	20000	140	1.47500000e-05	2.00010000e+02	1.50000000e+04	7.37463127e-10	1.14537361e-09	1.29047140e-04	1.72729618e-04	6.35598393e-06	1.41716526e-04	2.94657990e-02	-2.41413535e+00	-1.68484181e+00	-1.76757279e+00	-2.60745611e+00	7.53745588e-03
20000	20000	141	1.47500000e-05	2.00010000e+02	1.50000000e+04	7.37463127e-10	1.14537361e-09	1.27433779e-04	1.70729237e-04	6.35598296e-06	1.39747033e-04	2.94647003e-02	-2.41959917e+00	-1.68990072e+00	-1.76757286e+00	-2.61353401e+00	7.52126158e-03
20000	20000	142	1.47500000e-05	2.00010000e+02	1.50000000e+04	7.37463127e-10	1.14537362e-09	1.25853223e-04	1.68771356e-04	6.35598201e-06	1.37814848e-04	2.94636197e-02	-2.42501939e+00	-1.69490988e+00	-1.76757292e+00	-2.61958060e+00	7.50533470e-03
20000	20000	143	1.47500000e-05	2.00010000e+02	1.50000000e+04	7.37463127e-10	1.14537362e-09	1.24304960e-04	1.66855291e-04	6.35598107e-06	1.35919399e-04	2.94625571e-02	-2.43039528e+00	-1.69986864e+00	-1.76757299e+00	-2.62559517e+00	7.48967080e-03
20000	20000	144	1.47500000e-05	2.00010000e+02	1.50000000e+04	7.37463127e-10	1.14537362e-09	1.22788487e-04	1.64980367e-04	6.35598015e-06	1.34060128e-04	2.94615120e-02	-2.43572609e+00	-1.70477636e+00	-1.76757305e+00	-2.63157698e+00	7.47426549e-03
20000	20000	145	1.47500000e-05	2.00010000e+02	1.50000000e+04	7.37463127e-10	1.14537363e-09	1.21303305e-04	1.63145918e-04	6.35597925e-06	1.32236480e-04	2.94604842e-02	-2.44101110e+00	-1.70963241e+00	-1.76757311e+00	-2.63752533e+00	7.45911449e-03
20000	20000	146	1.47500000e-05	2.00010000e+02	1.50000000e+04	7.37463127e-10	1.14537363e-09	1.19848923e-04	1.61351284e-04	6.35597836e-06	1.30447912e-04	2.94594734e-02	-2.44624960e+00	-1.71443619e+00	-1.76757317e+00	-2.64343948e+00	7.44421357e-03
20000	20000	147	1.47500000e-05	2.00010000e+02	1.50000000e+04	7.37463127e-10	1.14537363e-09	1.18424855e-04	1.59595814e-04	6.35597748e-06	1.28693888e-04	2.94584794e-02	-2.45144087e+00	-1.71918713e+00	-1.76757323e+00	-2.64931869e+00	7.42955857e-03
20000	20000	148	1.47500000e-05	2.00010000e+02	1.50000000e+04	7.37463127e-10	1.14537364e-09	1.17030622e-04	1.57878861e-04	6.35597662e-06	1.26973879e-04	2.94575017e-02	-2.45658422e+00	-1.72388464e+00	-1.76757329e+00	-2.65516222e+00	7.41514540e-03
20000	20000	149	1.47500000e-05	2.00010000e+02	1.50000000e+04	7.37463127e-10	1.14537364e-09	1.15665748e-04	1.56199788e-04	6.35597577e-06	1.25287365e-04	2.94565402e-02	-2.46167896e+00	-1.72852818e+00	-1.76757335e+00	-2.66096933e+00	7.40097005e-03
20000	20000	150	1.47500000e-05	2.00010000e+02	1.50000000e+04	7.37463127e-10	1.14537365e-09	1.14329768e-04	1.54557964e-04	6.35597494e-06	1.23633833e-04	2.94555947e-02	-2.46672441e+00	-1.73311723e+00	-1.76757341e+00	-2.66673928e+00	7.38702857e-03
20000	20000	151	1.47500000e-05	2.00010000e+02	1.50000000e+04	7.37463127e-10	1.14537365e-09	1.13022216e-04	1.52952764e-04	6.35597412e-06	1.22012777e-04	2.94546647e-02	-2.47171992e+00	-1.73765129e+00	-1.76757346e+00	-2.67247130e+00	7.37331708e-03
20000	20000	152	1.47500000e-05	2.00010000e+02	1.50000000e+04	7.37463127e-10	1.14537365e-09	1.11742638e-04	1.51383571e-04	6.35597332e-06	1.20423699e-04	2.94537501e-02	-2.47666482e+00	-1.74212988e+00	-1.76757352e+00	-2.67816465e+00	7.35983175e-03
20000	20000	153	1.47500000e-05	2.00010000e+02	1.50000000e+04	7.37463127e-10	1.14537366e-09	1.10490579e-04	1.49849773e-04	6.35597253e-06	1.18866107e-04	2.94528506e-02	-2.48155849e+00	-1.74655253e+00	-1.76757357e+00	-2.68381857e+00	7.34656883e-03
20000	20000	154	1.47500000e-05	2.00010000e+02	1.50000000e+04	7.37463127e-10	1.14537366e-09	1.09265593e-04	1.48350765e-04	6.35597175e-06	1.17339516e-04	2.94519660e-02	-2.48640031e+00	-1.75091883e+00	-1.76757362e+00	-2.68943232e+00	7.33352464e-03
20000	20000	155	1.47500000e-05	2.00010000e+02	1.50000000e+04	7.37463127e-10	1.14537366e-09	1.08067239e-04	1.46885949e-04	6.35597099e-06	1.15843448e-04	2.94510960e-02	-2.49118968e+00	-1.75522837e+00	-1.76757368e+00	-2.69500514e+00	7.32069554e-03
20000	20000	156	1.47500000e-05	2.00010000e+02	1.50000000e+04	7.37463127e-10	1.14537367e-09	1.06895080e-04	1.45454731e-04	6.35597023e-06	1.14377432e-04	2.94502404e-02	-2.49592602e+00	-1.75948077e+00	-1.76757373e+00	-2.70053627e+00	7.30807797e-03
20000	20000	157	1.47500000e-05	2.00010000e+02	1.50000000e+04	7.37463127e-10	1.14537367e-09	1.05748682e-04	1.44056527e-04	6.35596950e-06	1.12941002e-04	2.94493989e-02	-2.50060877e+00	-1.76367568e+00	-1.76757378e+00	-2.70602497e+00	7.29566841e-03
20000	20000	158	1.47500000e-05	2.00010000e+02	1.50000000e+04	7.37463127e-10	1.14537367e-09	1.04627619e-04	1.42690754e-04	6.35596877e-06	1.11533700e-04	2.94485713e-02	-2.50523739e+00	-1.76781279e+00	-1.76757383e+00	-2.71147050e+00	7.28346342e-03
20000	20000	159	1.47500000e-05	2.00010000e+02	1.50000000e+04	7.37463127e-10	1.14537367e-09	1.03531467e-04	1.41356838e-04	6.35596805e-06	1.10155073e-04	2.94477574e-02	-2.50981137e+00	-1.77189180e+00	-1.76757388e+00	-2.71687211e+00	7.27145962e-03
20000	20000	160	1.47500000e-05	2.00010000e+02	1.50000000e+04	7.37463127e-10	1.14537368e-09	1.02459809e-04	1.40054212e-04	6.35596735e-06	1.08804673e-04	2.94469568e-02	-2.51433019e+00	-1.77591245e+00	-1.76757393e+00	-2.72222907e+00	7.25965365e-03
20000	20000	161	1.47500000e-05	2.00010000e+02	1.50000000e+04	7.37463127e-10	1.14537368e-09	1.01412230e-04	1.38782311e-04	6.35596666e-06	1.07482058e-04	2.94461696e-02	-2.51879340e+00	-1.77987451e+00	-1.76757397e+00	-2.72754064e+00	7.24804225e-03
20000	20000	162	1.47500000e-05	2.00010000e+02	1.50000000e+04	7.37463127e-10	1.14537368e-09	1.00388320e-04	1.37540579e-04	6.35596598e-06	1.06186794e-04	2.94453953e-02	-2.52320055e+00	-1.78377777e+00	-1.76757402e+00	-2.73280610e+00	7.23662219e-03
20000	20000	163	1.47500000e-05	2.00010000e+02	1.50000000e+04	7.37463127e-10	1.14537369e-09	9.93876740e-05	1.36328463e-04	6.35596531e-06	1.04918449e-04	2.94446337e-02	-2.52755121e+00	-1.78762208e+00	-1.76757406e+00	-2.73802475e+00	7.22539031e-03
20000	20000	164	1.47500000e-05	2.00010000e+02	1.50000000e+04	7.37463127e-10	1.14537369e-09	9.84098908e-05	1.35145419e-04	6.35596466e-06	1.03676599e-04	2.94438848e-02	-2.53184499e+00	-1.79140729e+00	-1.76757411e+00	-2.74319587e+00	7.21434347e-03
20000	20000	165	1.47500000e-05	2.00010000e+02	1.50000000e+04	7.37463127e-10	1.14537369e-09	9.74545733e-05	1.33990906e-04	6.35596401e-06	1.02460824e-04	2.94431482e-02	-2.53608151e+00	-1.79513330e+00	-1.76757415e+00	-2.74831877e+00	7.20347863e-03
20000	20000	166	1.47500000e-05	2.00010000e+02	1.50000000e+04	7.37463127e-10	1.14537369e-09	9.65213284e-05	1.32864389e-04	6.35596338e-06	1.01270708e-04	2.94424238e-02	-2.54026045e+00	-1.79880003e+00	-1.76757420e+00	-2.75339277e+00	7.19279276e-03
20000	20000	167	1.47500000e-05	2.00010000e+02	1.50000000e+04	7.37463127e-10	1.14537370e-09	9.56097671e-05	1.31765340e-04	6.35596275e-06	1.00105842e-04	2.94417113e-02	-2.54438148e+00	-1.80240743e+00	-1.76757424e+00	-2.75841719e+00	7.18228291e-03
20000	20000	168	1.47500000e-05	2.00010000e+02	1.50000000e+04	7.37463127e-10	1.14537370e-09	9.47195042e-05	1.30693234e-04	6.35596214e-06	9.89658210e-05	2.94410105e-02	-2.54844432e+00	-1.80595552e+00	-1.76757428e+00	-2.76339138e+00	7.17194616e-03
20000	20000	169	1.47500000e-05	2.00010000e+02	1.50000000e+04	7.37463127e-10	1.14537370e-09	9.38501586e-05	1.29647554e-04	6.35596153e-06	9.78502439e-05	2.94403213e-02	-2.55244872e+00	-1.80944429e+00	-1.76757432e+00	-2.76831470e+00	7.16177964e-03
20000	20000	170	1.47500000e-05	2.00010000e+02	1.50000000e+04	7.37463127e-10	1.14537371e-09	9.30013532e-05	1.28627788e-04	6.35596094e-06	9.67587152e-05	2.94396435e-02	-2.55639447e+00	-1.81287382e+00	-1.76757436e+00	-2.77318652e+00	7.15178054e-03
20000	20000	171	1.47500000e-05	2.00010000e+02	1.50000000e+04	7.37463127e-10	1.14537371e-09	9.21727144e-05	1.27633429e-04	6.35596036e-06	9.56908434e-05	2.94389769e-02	-2.56028136e+00	-1.81624418e+00	-1.76757440e+00	-2.77800623e+00	7.14194609e-03
20000	20000	172	1.47500000e-05	2.00010000e+02	1.50000000e+04	7.37463127e-10	1.14537371e-09	9.13638728e-05	1.26663975e-04	6.35595978e-06	9.46462414e-05	2.94383212e-02	-2.56410924e+00	-1.81955551e+00	-1.76757444e+00	-2.78277324e+00	7.13227357e-03
20000	20000	173	1.47500000e-05	2.00010000e+02	1.50000000e+04	7.37463127e-10	1.14537371e-09	9.05744624e-05	1.25718931e-04	6.35595922e-06	9.36245265e-05	2.94376764e-02	-2.56787797e+00	-1.82280794e+00	-1.76757448e+00	-2.78748698e+00	7.12276029e-03
20000	20000	174	1.47500000e-05	2.00010000e+02	1.50000000e+04	7.37463127e-10	1.14537371e-09	8.98041213e-05	1.24797806e-04	6.35595866e-06	9.26253201e-05	2.94370422e-02	-2.57158747e+00	-1.82600167e+00	-1.76757452e+00	-2.79214689e+00	7.11340362e-03
20000	20000	175	1.47500000e-05	2.00010000e+02	1.50000000e+04	7.37463127e-10	1.14537372e-09	8.90524913e-05	1.23900117e-04	6.35595812e-06	9.16482477e-05	2.94364184e-02	-2.57523766e+00	-1.82913690e+00	-1.76757456e+00	-2.79675245e+00	7.10420098e-03
20000	20000	176	1.47500000e-05	2.00010000e+02	1.50000000e+04	7.37463127e-10	1.14537372e-09	8.83192178e-05	1.23025385e-04	6.35595758e-06	9.06929389e-05	2.94358049e-02	-2.57882852e+00	-1.83221389e+00	-1.76757459e+00	-2.80130314e+00	7.09514982e-03
20000	20000	177	1.47500000e-05	2.00010000e+02	1.50000000e+04	7.37463127e-10	1.14537372e-09	8.76039502e-05	1.22173136e-04	6.35595705e-06	8.97590270e-05	2.94352016e-02	-2.58236005e+00	-1.83523290e+00	-1.76757463e+00	-2.80579848e+00	7.08624763e-03
20000	20000	178	1.47500000e-05	2.00010000e+02	1.50000000e+04	7.37463127e-10	1.14537372e-09	8.69063413e-05	1.21342903e-04	6.35595653e-06	8.88461493e-05	2.94346081e-02	-2.58583227e+00	-1.83819424e+00	-1.76757466e+00	-2.81023800e+00	7.07749195e-03
20000	20000	179	1.47500000e-05	2.00010000e+02	1.50000000e+04	7.37463127e-10	1.14537373e-09	8.62260479e-05	1.20534224e-04	6.35595602e-06	8.79539469e-05	2.94340245e-02	-2.58924525e+00	-1.84109825e+00	-1.76757470e+00	-2.81462128e+00	7.06888036e-03
20000	20000	180	1.47500000e-05	2.00010000e+02	1.50000000e+04	7.37463127e-10	1.14537373e-09	8.55627305e-05	1.19746643e-04	6.35595552e-06	8.70820647e-05	2.94334504e-02	-2.59259910e+00	-1.84394528e+00	-1.76757473e+00	-2.81894789e+00	7.06041048e-03
20000	20000	181	1.47500000e-05	2.00010000e+02	1.50000000e+04	7.37463127e-10	1.14537373e-09	8.49160533e-05	1.18979709e-04	6.35595503e-06	8.62301511e-05	2.94328859e-02	-2.59589393e+00	-1.84673572e+00	-1.76757477e+00	-2.82321746e+00	7.05207997e-03
20000	20000	182	1.47500000e-05	2.00010000e+02	1.50000000e+04	7.37463127e-10	1.14537373e-09	8.42856843e-05	1.18232979e-04	6.35595454e-06	8.53978582e-05	2.94323306e-02	-2.59912992e+00	-1.84946999e+00	-1.76757480e+00	-2.82742963e+00	7.04388653e-03
20000	20000	183	1.47500000e-05	2.00010000e+02	1.50000000e+04	7.37463127e-10	1.14537373e-09	8.36712951e-05	1.17506014e-04	6.35595406e-06	8.45848417e-05	2.94317844e-02	-2.60230724e+00	-1.85214853e+00	-1.76757483e+00	-2.83158407e+00	7.03582788e-03
20000	20000	184	1.47500000e-05	2.00010000e+02	1.50000000e+04	7.37463127e-10	1.14537374e-09	8.30725613e-05	1.16798380e-04	6.35595360e-06	8.37907606e-05	2.94312473e-02	-2.60542614e+00	-1.85477180e+00	-1.76757487e+00	-2.83568048e+00	7.02790181e-03
20000	20000	185	1.47500000e-05	2.00010000e+02	1.50000000e+04	7.37463127e-10	1.14537374e-09	8.24891621e-05	1.16109651e-04	6.35595313e-06	8.30152776e-05	2.94307190e-02	-2.60848684e+00	-1.85734030e+00	-1.76757490e+00	-2.83971859e+00	7.02010613e-03
20000	20000	186	1.47500000e-05	2.00010000e+02	1.50000000e+04	7.37463127e-10	1.14537374e-09	8.19207807e-05	1.15439407e-04	6.35595268e-06	8.22580588e-05	2.94301994e-02	-2.61148965e+00	-1.85985454e+00	-1.76757493e+00	-2.84369816e+00	7.01243869e-03
20000	20000	187	1.47500000e-05	2.00010000e+02	1.50000000e+04	7.37463127e-10	1.14537374e-09	8.13671041e-05	1.14787230e-04	6.35595223e-06	8.15187737e-05	2.94296884e-02	-2.61443488e+00	-1.86231504e+00	-1.76757496e+00	-2.84761897e+00	7.00489735e-03
20000	20000	188	1.47500000e-05	2.00010000e+02	1.50000000e+04	7.37463127e-10	1.14537374e-09	8.08278228e-05	1.14152714e-04	6.35595179e-06	8.07970950e-05	2.94291858e-02	-2.61732286e+00	-1.86472238e+00	-1.76757499e+00	-2.85148087e+00	6.99748006e-03
20000	20000	189	1.47500000e-05	2.00010000e+02	1.50000000e+04	7.37463127e-10	1.14537375e-09	8.03026317e-05	1.13535454e-04	6.35595136e-06	8.00926991e-05	2.94286914e-02	-2.62015396e+00	-1.86707712e+00	-1.76757502e+00	-2.85528368e+00	6.99018475e-03
20000	20000	190	1.47500000e-05	2.00010000e+02	1.50000000e+04	7.37463127e-10	1.14537375e-09	7.97912291e-05	1.12935054e-04	6.35595094e-06	7.94052655e-05	2.94282052e-02	-2.62292858e+00	-1.86937986e+00	-1.76757505e+00	-2.85902731e+00	6.98300942e-03
20000	20000	191	1.47500000e-05	2.00010000e+02	1.50000000e+04	7.37463127e-10	1.14537375e-09	7.92933176e-05	1.12351122e-04	6.35595052e-06	7.87344769e-05	2.94277270e-02	-2.62564715e+00	-1.87163121e+00	-1.76757508e+00	-2.86271167e+00	6.97595208e-03
20000	20000	192	1.47500000e-05	2.00010000e+02	1.50000000e+04	7.37463127e-10	1.14537375e-09	7.88086034e-05	1.11783274e-04	6.35595011e-06	7.80800197e-05	2.94272567e-02	-2.62831010e+00	-1.87383180e+00	-1.76757510e+00	-2.86633670e+00	6.96901079e-03
20000	20000	193	1.47500000e-05	2.00010000e+02	1.50000000e+04	7.37463127e-10	1.14537375e-09	7.83367967e-05	1.11231130e-04	6.35594971e-06	7.74415831e-05	2.94267941e-02	-2.63091793e+00	-1.87598227e+00	-1.76757513e+00	-2.86990239e+00	6.96218363e-03
20000	20000	194	1.47500000e-05	2.00010000e+02	1.50000000e+04	7.37463127e-10	1.14537375e-09	7.78776120e-05	1.10694318e-04	6.35594931e-06	7.68188601e-05	2.94263391e-02	-2.63347111e+00	-1.87808329e+00	-1.76757516e+00	-2.87340875e+00	6.95546872e-03
20000	20000	195	1.47500000e-05	2.00010000e+02	1.50000000e+04	7.37463127e-10	1.14537376e-09	7.74307672e-05	1.10172470e-04	6.35594892e-06	7.62115466e-05	2.94258916e-02	-2.63597017e+00	-1.88013553e+00	-1.76757518e+00	-2.87685584e+00	6.94886422e-03
20000	20000	196	1.47500000e-05	2.00010000e+02	1.50000000e+04	7.37463127e-10	1.14537376e-09	7.69959848e-05	1.09665227e-04	6.35594854e-06	7.56193419e-05	2.94254514e-02	-2.63841566e+00	-1.88213968e+00	-1.76757521e+00	-2.88024372e+00	6.94236829e-03
20000	20000	197	1.47500000e-05	2.00010000e+02	1.50000000e+04	7.37463127e-10	1.14537376e-09	7.65729908e-05	1.09172234e-04	6.35594816e-06	7.50419488e-05	2.94250186e-02	-2.64080813e+00	-1.88409642e+00	-1.76757524e+00	-2.88357251e+00	6.93597915e-03
20000	20000	198	1.47500000e-05	2.00010000e+02	1.50000000e+04	7.37463127e-10	1.14537376e-09	7.61615156e-05	1.08693141e-04	6.35594779e-06	7.44790731e-05	2.94245928e-02	-2.64314816e+00	-1.88600648e+00	-1.76757526e+00	-2.88684235e+00	6.92969503e-03
20000	20000	199	1.47500000e-05	2.00010000e+02	1.50000000e+04	7.37463127e-10	1.14537376e-09	7.57612934e-05	1.08227608e-04	6.35594742e-06	7.39304240e-05	2.94241740e-02	-2.64543636e+00	-1.88787056e+00	-1.76757529e+00	-2.89005341e+00	6.92351421e-03
20000	20000	200	1.47500000e-05	2.00010000e+02	1.50000000e+04	7.37463127e-10	1.14537376e-09	7.53720627e-05	1.07775297e-04	6.35594706e-06	7.33957141e-05	2.94237622e-02	-2.64767333e+00	-1.88968939e+00	-1.76757531e+00	-2.89320591e+00	6.91743499e-03
20000	20000	201	1.47500000e-05	2.00010000e+02	1.50000000e+04	7.37463127e-10	1.14537377e-09	7.49935659e-05	1.07335878e-04	6.35594671e-06	7.28746593e-05	2.94233571e-02	-2.64985973e+00	-1.89146371e+00	-1.76757534e+00	-2.89630007e+00	6.91145568e-03
20000	20000	202	1.47500000e-05	2.00010000e+02	1.50000000e+04	7.37463127e-10	1.14537377e-09	7.46255495e-05	1.06909028e-04	6.35594636e-06	7.23669788e-05	2.94229586e-02	-2.65199619e+00	-1.89319424e+00	-1.76757536e+00	-2.89933617e+00	6.90557464e-03
20000	20000	203	1.47500000e-05	2.00010000e+02	1.50000000e+04	7.37463127e-10	1.14537377e-09	7.42677641e-05	1.06494428e-04	6.35594602e-06	7.18723951e-05	2.94225667e-02	-2.65408339e+00	-1.89488174e+00	-1.76757538e+00	-2.90231449e+00	6.89979026e-03
20000	20000	204	1.47500000e-05	2.00010000e+02	1.50000000e+04	7.37463127e-10	1.14537377e-09	7.39199644e-05	1.06091765e-04	6.35594569e-06	7.13906343e-05	2.94221813e-02	-2.65612199e+00	-1.89652694e+00	-1.76757541e+00	-2.90523537e+00	6.89410093e-03
20000	20000	205	1.47500000e-05	2.00010000e+02	1.50000000e+04	7.37463127e-10	1.14537377e-09	7.35819092e-05	1.05700735e-04	6.35594536e-06	7.09214256e-05	2.94218022e-02	-2.65811268e+00	-1.89813061e+00	-1.76757543e+00	-2.90809915e+00	6.88850510e-03
20000	20000	206	1.47500000e-05	2.00010000e+02	1.50000000e+04	7.37463127e-10	1.14537377e-09	7.32533615e-05	1.05321037e-04	6.35594503e-06	7.04645018e-05	2.94214293e-02	-2.66005618e+00	-1.89969349e+00	-1.76757545e+00	-2.91090623e+00	6.88300122e-03
20000	20000	207	1.47500000e-05	2.00010000e+02	1.50000000e+04	7.37463127e-10	1.14537377e-09	7.29340883e-05	1.04952377e-04	6.35594471e-06	7.00195991e-05	2.94210626e-02	-2.66195318e+00	-1.90121634e+00	-1.76757547e+00	-2.91365699e+00	6.87758777e-03
20000	20000	208	1.47500000e-05	2.00010000e+02	1.50000000e+04	7.37463127e-10	1.14537378e-09	7.26238606e-05	1.04594466e-04	6.35594440e-06	6.95864570e-05	2.94207019e-02	-2.66380440e+00	-1.90269991e+00	-1.76757549e+00	-2.91635189e+00	6.87226327e-03
20000	20000	209	1.47500000e-05	2.00010000e+02	1.50000000e+04	7.37463127e-10	1.14537378e-09	7.23224536e-05	1.04247023e-04	6.35594409e-06	6.91648186e-05	2.94203471e-02	-2.66561058e+00	-1.90414496e+00	-1.76757551e+00	-2.91899137e+00	6.86702625e-03
20000	20000	210	1.47500000e-05	2.00010000e+02	1.50000000e+04	7.37463127e-10	1.14537378e-09	7.20296467e-05	1.03909770e-04	6.35594378e-06	6.87544305e-05	2.94199982e-02	-2.66737245e+00	-1.90555224e+00	-1.76757554e+00	-2.92157592e+00	6.86187528e-03
20000	20000	211	1.47500000e-05	2.00010000e+02	1.50000000e+04	7.37463127e-10	1.14537378e-09	7.17452232e-05	1.03582437e-04	6.35594349e-06	6.83550427e-05	2.94196550e-02	-2.66909074e+00	-1.90692250e+00	-1.76757556e+00	-2.92410605e+00	6.85680893e-03
20000	20000	212	1.47500000e-05	2.00010000e+02	1.50000000e+04	7.37463127e-10	1.14537378e-09	7.14689705e-05	1.03264759e-04	6.35594319e-06	6.79664087e-05	2.94193174e-02	-2.67076621e+00	-1.90825648e+00	-1.76757558e+00	-2.92658229e+00	6.85182580e-03
20000	20000	213	1.47500000e-05	2.00010000e+02	1.50000000e+04	7.37463127e-10	1.14537378e-09	7.12006801e-05	1.02956477e-04	6.35594290e-06	6.75882856e-05	2.94189854e-02	-2.67239959e+00	-1.90955495e+00	-1.76757560e+00	-2.92900518e+00	6.84692454e-03
20000	20000	214	1.47500000e-05	2.00010000e+02	1.50000000e+04	7.37463127e-10	1.14537378e-09	7.09401475e-05	1.02657337e-04	6.35594262e-06	6.72204340e-05	2.94186589e-02	-2.67399165e+00	-1.91081863e+00	-1.76757562e+00	-2.93137530e+00	6.84210379e-03
20000	20000	215	1.47500000e-05	2.00010000e+02	1.50000000e+04	7.37463127e-10	1.14537378e-09	7.06871721e-05	1.02367090e-04	6.35594234e-06	6.68626181e-05	2.94183377e-02	-2.67554313e+00	-1.91204826e+00	-1.76757563e+00	-2.93369323e+00	6.83736223e-03
20000	20000	216	1.47500000e-05	2.00010000e+02	1.50000000e+04	7.37463127e-10	1.14537379e-09	7.04415575e-05	1.02085495e-04	6.35594206e-06	6.65146055e-05	2.94180218e-02	-2.67705479e+00	-1.91324458e+00	-1.76757565e+00	-2.93595959e+00	6.83269854e-03
20000	20000	217	1.47500000e-05	2.00010000e+02	1.50000000e+04	7.37463127e-10	1.14537379e-09	7.02031112e-05	1.01812314e-04	6.35594179e-06	6.61761676e-05	2.94177110e-02	-2.67852738e+00	-1.91440831e+00	-1.76757567e+00	-2.93817500e+00	6.82811146e-03
20000	20000	218	1.47500000e-05	2.00010000e+02	1.50000000e+04	7.37463127e-10	1.14537379e-09	6.99716444e-05	1.01547315e-04	6.35594153e-06	6.58470794e-05	2.94174054e-02	-2.67996166e+00	-1.91554018e+00	-1.76757569e+00	-2.94034009e+00	6.82359972e-03
20000	20000	219	1.47500000e-05	2.00010000e+02	1.50000000e+04	7.37463127e-10	1.14537379e-09	6.97469726e-05	1.01290272e-04	6.35594127e-06	6.55271192e-05	2.94171048e-02	-2.68135837e+00	-1.91664088e+00	-1.76757571e+00	-2.94245554e+00	6.81916208e-03
20000	20000	220	1.47500000e-05	2.00010000e+02	1.50000000e+04	7.37463127e-10	1.14537379e-09	6.95289148e-05	1.01040964e-04	6.35594101e-06	6.52160691e-05	2.94168092e-02	-2.68271828e+00	-1.91771114e+00	-1.76757573e+00	-2.94452199e+00	6.81479731e-03
20000	20000	221	1.47500000e-05	2.00010000e+02	1.50000000e+04	7.37463127e-10	1.14537379e-09	6.93172942e-05	1.00799174e-04	6.35594076e-06	6.49137150e-05	2.94165184e-02	-2.68404213e+00	-1.91875165e+00	-1.76757574e+00	-2.94654015e+00	6.81050423e-03
20000	20000	222	1.47500000e-05	2.00010000e+02	1.50000000e+04	7.37463127e-10	1.14537379e-09	6.91119375e-05	1.00564692e-04	6.35594051e-06	6.46198460e-05	2.94162324e-02	-2.68533067e+00	-1.91976309e+00	-1.76757576e+00	-2.94851069e+00	6.80628165e-03
20000	20000	223	1.47500000e-05	2.00010000e+02	1.50000000e+04	7.37463127e-10	1.14537379e-09	6.89126753e-05	1.00337312e-04	6.35594026e-06	6.43342550e-05	2.94159511e-02	-2.68658463e+00	-1.92074616e+00	-1.76757578e+00	-2.95043434e+00	6.80212841e-03
20000	20000	224	1.47500000e-05	2.00010000e+02	1.50000000e+04	7.37463127e-10	1.14537379e-09	6.87193420e-05	1.00116833e-04	6.35594002e-06	6.40567387e-05	2.94156744e-02	-2.68780474e+00	-1.92170152e+00	-1.76757579e+00	-2.95231179e+00	6.79804337e-03
20000	20000	225	1.47500000e-05	2.00010000e+02	1.50000000e+04	7.37463127e-10	1.14537380e-09	6.85317756e-05	9.99030585e-05	6.35593978e-06	6.37870970e-05	2.94154023e-02	-2.68899175e+00	-1.92262984e+00	-1.76757581e+00	-2.95414377e+00	6.79402541e-03
20000	20000	226	1.47500000e-05	2.00010000e+02	1.50000000e+04	7.37463127e-10	1.14537380e-09	6.83498178e-05	9.96957982e-05	6.35593955e-06	6.35251338e-05	2.94151346e-02	-2.69014637e+00	-1.92353177e+00	-1.76757582e+00	-2.95593102e+00	6.79007342e-03
20000	20000	227	1.47500000e-05	2.00010000e+02	1.50000000e+04	7.37463127e-10	1.14537380e-09	6.81733138e-05	9.94948654e-05	6.35593932e-06	6.32706564e-05	2.94148713e-02	-2.69126933e+00	-1.92440795e+00	-1.76757584e+00	-2.95767427e+00	6.78618632e-03
20000	20000	228	1.47500000e-05	2.00010000e+02	1.50000000e+04	7.37463127e-10	1.14537380e-09	6.80021126e-05	9.93000782e-05	6.35593910e-06	6.30234755e-05	2.94146124e-02	-2.69236133e+00	-1.92525903e+00	-1.76757586e+00	-2.95937426e+00	6.78236304e-03
20000	20000	229	1.47500000e-05	2.00010000e+02	1.50000000e+04	7.37463127e-10	1.14537380e-09	6.78360665e-05	9.91112595e-05	6.35593888e-06	6.27834058e-05	2.94143577e-02	-2.69342308e+00	-1.92608563e+00	-1.76757587e+00	-2.96103174e+00	6.77860253e-03
20000	20000	230	1.47500000e-05	2.00010000e+02	1.50000000e+04	7.37463127e-10	1.14537380e-09	6.76750313e-05	9.89282365e-05	6.35593866e-06	6.25502652e-05	2.94141071e-02	-2.69445527e+00	-1.92688835e+00	-1.76757589e+00	-2.96264746e+00	6.77490376e-03
20000	20000	231	1.47500000e-05	2.00010000e+02	1.50000000e+04	7.37463127e-10	1.14537380e-09	6.75188664e-05	9.87508409e-05	6.35593844e-06	6.23238753e-05	2.94138607e-02	-2.69545859e+00	-1.92766782e+00	-1.76757590e+00	-2.96422216e+00	6.77126572e-03
20000	20000	232	1.47500000e-05	2.00010000e+02	1.50000000e+04	7.37463127e-10	1.14537380e-09	6.73674343e-05	9.85789088e-05	6.35593823e-06	6.21040610e-05	2.94136184e-02	-2.69643373e+00	-1.92842461e+00	-1.76757591e+00	-2.96575661e+00	6.76768740e-03
20000	20000	233	1.47500000e-05	2.00010000e+02	1.50000000e+04	7.37463127e-10	1.14537380e-09	6.72206010e-05	9.84122806e-05	6.35593803e-06	6.18906511e-05	2.94133800e-02	-2.69738134e+00	-1.92915932e+00	-1.76757593e+00	-2.96725156e+00	6.76416782e-03
20000	20000	234	1.47500000e-05	2.00010000e+02	1.50000000e+04	7.37463127e-10	1.14537380e-09	6.70782358e-05	9.82508006e-05	6.35593782e-06	6.16834776e-05	2.94131456e-02	-2.69830210e+00	-1.92987252e+00	-1.76757594e+00	-2.96870776e+00	6.76070602e-03
20000	20000	235	1.47500000e-05	2.00010000e+02	1.50000000e+04	7.37463127e-10	1.14537380e-09	6.69402112e-05	9.80943175e-05	6.35593762e-06	6.14823759e-05	2.94129150e-02	-2.69919666e+00	-1.93056477e+00	-1.76757596e+00	-2.97012597e+00	6.75730105e-03
20000	20000	236	1.47500000e-05	2.00010000e+02	1.50000000e+04	7.37463127e-10	1.14537381e-09	6.68064026e-05	9.79426839e-05	6.35593743e-06	6.12871850e-05	2.94126881e-02	-2.70006565e+00	-1.93123662e+00	-1.76757597e+00	-2.97150694e+00	6.75395197e-03
20000	20000	237	1.47500000e-05	2.00010000e+02	1.50000000e+04	7.37463127e-10	1.14537381e-09	6.66766890e-05	9.77957562e-05	6.35593723e-06	6.10977472e-05	2.94124651e-02	-2.70090971e+00	-1.93188861e+00	-1.76757598e+00	-2.97285141e+00	6.75065786e-03
20000	20000	238	1.47500000e-05	2.00010000e+02	1.50000000e+04	7.37463127e-10	1.14537381e-09	6.65509521e-05	9.76533948e-05	6.35593704e-06	6.09139082e-05	2.94122456e-02	-2.70172946e+00	-1.93252128e+00	-1.76757600e+00	-2.97416015e+00	6.74741782e-03
20000	20000	239	1.47500000e-05	2.00010000e+02	1.50000000e+04	7.37463127e-10	1.14537381e-09	6.64290766e-05	9.75154639e-05	6.35593685e-06	6.07355171e-05	2.94120298e-02	-2.70252552e+00	-1.93313513e+00	-1.76757601e+00	-2.97543388e+00	6.74423097e-03
20000	20000	240	1.47500000e-05	2.00010000e+02	1.50000000e+04	7.37463127e-10	1.14537381e-09	6.63109505e-05	9.73818312e-05	6.35593667e-06	6.05624262e-05	2.94118175e-02	-2.70329848e+00	-1.93373068e+00	-1.76757602e+00	-2.97667335e+00	6.74109642e-03
20000	20000	241	1.47500000e-05	2.00010000e+02	1.50000000e+04	7.37463127e-10	1.14537381e-09	6.61964642e-05	9.72523683e-05	6.35593649e-06	6.03944911e-05	2.94116087e-02	-2.70404894e+00	-1.93430843e+00	-1.76757603e+00	-2.97787929e+00	6.73801331e-03
20000	20000	242	1.47500000e-05	2.00010000e+02	1.50000000e+04	7.37463127e-10	1.14537381e-09	6.60855114e-05	9.71269500e-05	6.35593631e-06	6.02315707e-05	2.94114033e-02	-2.70477748e+00	-1.93486887e+00	-1.76757605e+00	-2.97905242e+00	6.73498081e-03
20000	20000	243	1.47500000e-05	2.00010000e+02	1.50000000e+04	7.37463127e-10	1.14537381e-09	6.59779883e-05	9.70054548e-05	6.35593613e-06	6.00735270e-05	2.94112014e-02	-2.70548467e+00	-1.93541246e+00	-1.76757606e+00	-2.98019348e+00	6.73199808e-03
20000	20000	244	1.47500000e-05	2.00010000e+02	1.50000000e+04	7.37463127e-10	1.14537381e-09	6.58737940e-05	9.68877644e-05	6.35593596e-06	5.99202253e-05	2.94110027e-02	-2.70617106e+00	-1.93593969e+00	-1.76757607e+00	-2.98130317e+00	6.72906430e-03
20000	20000	245	1.47500000e-05	2.00010000e+02	1.50000000e+04	7.37463127e-10	1.14537381e-09	6.57728302e-05	9.67737640e-05	6.35593579e-06	5.97715338e-05	2.94108073e-02	-2.70683721e+00	-1.93645099e+00	-1.76757608e+00	-2.98238221e+00	6.72617867e-03
20000	20000	246	1.47500000e-05	2.00010000e+02	1.50000000e+04	7.37463127e-10	1.14537381e-09	6.56750011e-05	9.66633417e-05	6.35593563e-06	5.96273239e-05	2.94106150e-02	-2.70748365e+00	-1.93694682e+00	-1.76757609e+00	-2.98343129e+00	6.72334039e-03
20000	20000	247	1.47500000e-05	2.00010000e+02	1.50000000e+04	7.37463127e-10	1.14537381e-09	6.55802138e-05	9.65563892e-05	6.35593546e-06	5.94874701e-05	2.94104260e-02	-2.70811091e+00	-1.93742760e+00	-1.76757610e+00	-2.98445111e+00	6.72054869e-03
20000	20000	248	1.47500000e-05	2.00010000e+02	1.50000000e+04	7.37463127e-10	1.14537381e-09	6.54883775e-05	9.64528008e-05	6.35593530e-06	5.93518499e-05	2.94102400e-02	-2.70871950e+00	-1.93789378e+00	-1.76757612e+00	-2.98544235e+00	6.71780280e-03
20000	20000	249	1.47500000e-05	2.00010000e+02	1.50000000e+04	7.37463127e-10	1.14537382e-09	6.53994043e-05	9.63524740e-05	6.35593514e-06	5.92203436e-05	2.94100571e-02	-2.70930994e+00	-1.93834575e+00	-1.76757613e+00	-2.98640569e+00	6.71510197e-03
20000	20000	250	1.47500000e-05	2.00010000e+02	1.50000000e+04	7.37463127e-10	1.14537382e-09	6.53132085e-05	9.62553094e-05	6.35593498e-06	5.90928345e-05	2.94098772e-02	-2.70988272e+00	-1.93878393e+00	-1.76757614e+00	-2.98734179e+00	6.71244546e-03
20000	20000	251	1.47500000e-05	2.00010000e+02	1.50000000e+04	7.37463127e-10	1.14537382e-09	6.52297065e-05	9.61612102e-05	6.35593483e-06	5.89692088e-05	2.94097003e-02	-2.71043831e+00	-1.93920870e+00	-1.76757615e+00	-2.98825131e+00	6.70983254e-03
20000	20000	252	1.47500000e-05	2.00010000e+02	1.50000000e+04	7.37463127e-10	1.14537382e-09	6.51488175e-05	9.60700823e-05	6.35593468e-06	5.88493554e-05	2.94095263e-02	-2.71097720e+00	-1.93962046e+00	-1.76757616e+00	-2.98913490e+00	6.70726250e-03
20000	20000	253	1.47500000e-05	2.00010000e+02	1.50000000e+04	7.37463127e-10	1.14537382e-09	6.50704626e-05	9.59818347e-05	6.35593453e-06	5.87331661e-05	2.94093551e-02	-2.71149984e+00	-1.94001957e+00	-1.76757617e+00	-2.98999320e+00	6.70473462e-03
20000	20000	254	1.47500000e-05	2.00010000e+02	1.50000000e+04	7.37463127e-10	1.14537382e-09	6.49945652e-05	9.58963787e-05	6.35593439e-06	5.86205353e-05	2.94091867e-02	-2.71200669e+00	-1.94040641e+00	-1.76757618e+00	-2.99082683e+00	6.70224823e-03
20000	20000	255	1.47500000e-05	2.00010000e+02	1.50000000e+04	7.37463127e-10	1.14537382e-09	6.49210509e-05	9.58136283e-05	6.35593424e-06	5.85113601e-05	2.94090211e-02	-2.71249819e+00	-1.94078133e+00	-1.76757619e+00	-2.99163642e+00	6.69980262e-03
20000	20000	256	1.47500000e-05	2.00010000e+02	1.50000000e+04	7.37463127e-10	1.14537382e-09	6.48498473e-05	9.57335000e-05	6.35593410e-06	5.84055404e-05	2.94088582e-02	-2.71297478e+00	-1.94114468e+00	-1.76757620e+00	-2.99242257e+00	6.69739715e-03
20000	20000	257	1.47500000e-05	2.00010000e+02	1.50000000e+04	7.37463127e-10	1.14537382e-09	6.47808841e-05	9.56559128e-05	6.35593396e-06	5.83029784e-05	2.94086980e-02	-2.71343687e+00	-1.94149680e+00	-1.76757621e+00	-2.99318587e+00	6.69503114e-03
20000	20000	258	1.47500000e-05	2.00010000e+02	1.50000000e+04	7.37463127e-10	1.14537382e-09	6.47140931e-05	9.55807880e-05	6.35593382e-06	5.82035789e-05	2.94085404e-02	-2.71388487e+00	-1.94183801e+00	-1.76757622e+00	-2.99392692e+00	6.69270395e-03
20000	20000	259	1.47500000e-05	2.00010000e+02	1.50000000e+04	7.37463127e-10	1.14537382e-09	6.46494078e-05	9.55080492e-05	6.35593369e-06	5.81072494e-05	2.94083854e-02	-2.71431918e+00	-1.94216865e+00	-1.76757623e+00	-2.99464629e+00	6.69041494e-03
20000	20000	260	1.47500000e-05	2.00010000e+02	1.50000000e+04	7.37463127e-10	1.14537382e-09	6.45867639e-05	9.54376223e-05	6.35593356e-06	5.80138997e-05	2.94082329e-02	-2.71474021e+00	-1.94248901e+00	-1.76757623e+00	-2.99534455e+00	6.68816349e-03
20000	20000	261	1.47500000e-05	2.00010000e+02	1.50000000e+04	7.37463127e-10	1.14537382e-09	6.45260986e-05	9.53694355e-05	6.35593343e-06	5.79234418e-05	2.94080830e-02	-2.71514833e+00	-1.94279941e+00	-1.76757624e+00	-2.99602225e+00	6.68594897e-03
20000	20000	262	1.47500000e-05	2.00010000e+02	1.50000000e+04	7.37463127e-10	1.14537382e-09	6.44673514e-05	9.53034189e-05	6.35593330e-06	5.78357902e-05	2.94079355e-02	-2.71554391e+00	-1.94310014e+00	-1.76757625e+00	-2.99667994e+00	6.68377078e-03
20000	20000	263	1.47500000e-05	2.00010000e+02	1.50000000e+04	7.37463127e-10	1.14537382e-09	6.44104630e-05	9.52395050e-05	6.35593317e-06	5.77508619e-05	2.94077904e-02	-2.71592731e+00	-1.94339149e+00	-1.76757626e+00	-2.99731814e+00	6.68162833e-03
20000	20000	264	1.47500000e-05	2.00010000e+02	1.50000000e+04	7.37463127e-10	1.14537382e-09	6.43553763e-05	9.51776280e-05	6.35593305e-06	5.76685758e-05	2.94076477e-02	-2.71629890e+00	-1.94367374e+00	-1.76757627e+00	-2.99793739e+00	6.67952102e-03
20000	20000	265	1.47500000e-05	2.00010000e+02	1.50000000e+04	7.37463127e-10	1.14537383e-09	6.43020356e-05	9.51177243e-05	6.35593293e-06	5.75888531e-05	2.94075074e-02	-2.71665901e+00	-1.94394717e+00	-1.76757628e+00	-2.99853818e+00	6.67744829e-03
20000	20000	266	1.47500000e-05	2.00010000e+02	1.50000000e+04	7.37463127e-10	1.14537383e-09	6.42503869e-05	9.50597320e-05	6.35593281e-06	5.75116172e-05	2.94073693e-02	-2.71700799e+00	-1.94421203e+00	-1.76757629e+00	-2.99912103e+00	6.67540955e-03
20000	20000	267	1.47500000e-05	2.00010000e+02	1.50000000e+04	7.37463127e-10	1.14537383e-09	6.42003777e-05	9.50035914e-05	6.35593269e-06	5.74367935e-05	2.94072335e-02	-2.71734615e+00	-1.94446860e+00	-1.76757629e+00	-2.99968642e+00	6.67340426e-03
20000	20000	268	1.47500000e-05	2.00010000e+02	1.50000000e+04	7.37463127e-10	1.14537383e-09	6.41519573e-05	9.49492442e-05	6.35593257e-06	5.73643097e-05	2.94071000e-02	-2.71767382e+00	-1.94471711e+00	-1.76757630e+00	-3.00023484e+00	6.67143186e-03
20000	20000	269	1.47500000e-05	2.00010000e+02	1.50000000e+04	7.37463127e-10	1.14537383e-09	6.41050763e-05	9.48966342e-05	6.35593246e-06	5.72940952e-05	2.94069686e-02	-2.71799131e+00	-1.94495781e+00	-1.76757631e+00	-3.00076675e+00	6.66949182e-03
20000	20000	270	1.47500000e-05	2.00010000e+02	1.50000000e+04	7.37463127e-10	1.14537383e-09	6.40596867e-05	9.48457067e-05	6.35593235e-06	5.72260816e-05	2.94068394e-02	-2.71829893e+00	-1.94519094e+00	-1.76757632e+00	-3.00128260e+00	6.66758360e-03
20000	20000	271	1.47500000e-05	2.00010000e+02	1.50000000e+04	7.37463127e-10	1.14537383e-09	6.40157421e-05	9.47964088e-05	6.35593224e-06	5.71602022e-05	2.94067123e-02	-2.71859695e+00	-1.94541674e+00	-1.76757632e+00	-3.00178286e+00	6.66570668e-03
20000	20000	272	1.47500000e-05	2.00010000e+02	1.50000000e+04	7.37463127e-10	1.14537383e-09	6.39731975e-05	9.47486891e-05	6.35593213e-06	5.70963924e-05	2.94065873e-02	-2.71888568e+00	-1.94563541e+00	-1.76757633e+00	-3.00226794e+00	6.66386055e-03
20000	20000	273	1.47500000e-05	2.00010000e+02	1.50000000e+04	7.37463127e-10	1.14537383e-09	6.39320090e-05	9.47024978e-05	6.35593202e-06	5.70345892e-05	2.94064644e-02	-2.71916538e+00	-1.94584719e+00	-1.76757634e+00	-3.00273829e+00	6.66204470e-03
20000	20000	274	1.47500000e-05	2.00010000e+02	1.50000000e+04	7.37463127e-10	1.14537383e-09	6.38921343e-05	9.46577867e-05	6.35593192e-06	5.69747315e-05	2.94063434e-02	-2.71943634e+00	-1.94605227e+00	-1.76757635e+00	-3.00319432e+00	6.66025863e-03
20000	20000	275	1.47500000e-05	2.00010000e+02	1.50000000e+04	7.37463127e-10	1.14537383e-09	6.38535323e-05	9.46145090e-05	6.35593182e-06	5.69167600e-05	2.94062245e-02	-2.71969881e+00	-1.94625088e+00	-1.76757635e+00	-3.00363644e+00	6.65850186e-03
20000	20000	276	1.47500000e-05	2.00010000e+02	1.50000000e+04	7.37463127e-10	1.14537383e-09	6.38161630e-05	9.45726194e-05	6.35593171e-06	5.68606171e-05	2.94061075e-02	-2.71995305e+00	-1.94644320e+00	-1.76757636e+00	-3.00406504e+00	6.65677391e-03
20000	20000	277	1.47500000e-05	2.00010000e+02	1.50000000e+04	7.37463127e-10	1.14537383e-09	6.37799877e-05	9.45320738e-05	6.35593161e-06	5.68062466e-05	2.94059924e-02	-2.72019930e+00	-1.94662944e+00	-1.76757637e+00	-3.00448052e+00	6.65507429e-03
20000	20000	278	1.47500000e-05	2.00010000e+02	1.50000000e+04	7.37463127e-10	1.14537383e-09	6.37449690e-05	9.44928298e-05	6.35593152e-06	5.67535943e-05	2.94058792e-02	-2.72043782e+00	-1.94680977e+00	-1.76757637e+00	-3.00488324e+00	6.65340255e-03
20000	20000	279	1.47500000e-05	2.00010000e+02	1.50000000e+04	7.37463127e-10	1.14537383e-09	6.37110704e-05	9.44548461e-05	6.35593142e-06	5.67026072e-05	2.94057679e-02	-2.72066883e+00	-1.94698438e+00	-1.76757638e+00	-3.00527358e+00	6.65175823e-03
20000	20000	280	1.47500000e-05	2.00010000e+02	1.50000000e+04	7.37463127e-10	1.14537383e-09	6.36782567e-05	9.44180826e-05	6.35593132e-06	5.66532342e-05	2.94056584e-02	-2.72089257e+00	-1.94715344e+00	-1.76757639e+00	-3.00565190e+00	6.65014088e-03
20000	20000	281	1.47500000e-05	2.00010000e+02	1.50000000e+04	7.37463127e-10	1.14537383e-09	6.36464936e-05	9.43825006e-05	6.35593123e-06	5.66054254e-05	2.94055506e-02	-2.72110925e+00	-1.94731714e+00	-1.76757639e+00	-3.00601855e+00	6.64855006e-03
20000	20000	282	1.47500000e-05	2.00010000e+02	1.50000000e+04	7.37463127e-10	1.14537383e-09	6.36157481e-05	9.43480625e-05	6.35593114e-06	5.65591324e-05	2.94054447e-02	-2.72131910e+00	-1.94747563e+00	-1.76757640e+00	-3.00637387e+00	6.64698532e-03
20000	20000	283	1.47500000e-05	2.00010000e+02	1.50000000e+04	7.37463127e-10	1.14537383e-09	6.35859880e-05	9.43147320e-05	6.35593105e-06	5.65143085e-05	2.94053405e-02	-2.72152231e+00	-1.94762909e+00	-1.76757641e+00	-3.00671819e+00	6.64544625e-03
20000	20000	284	1.47500000e-05	2.00010000e+02	1.50000000e+04	7.37463127e-10	1.14537383e-09	6.35571821e-05	9.42824738e-05	6.35593096e-06	5.64709079e-05	2.94052380e-02	-2.72171910e+00	-1.94777765e+00	-1.76757641e+00	-3.00705184e+00	6.64393241e-03
20000	20000	285	1.47500000e-05	2.00010000e+02	1.50000000e+04	7.37463127e-10	1.14537383e-09	6.35293002e-05	9.42512538e-05	6.35593087e-06	5.64288867e-05	2.94051372e-02	-2.72190966e+00	-1.94792148e+00	-1.76757642e+00	-3.00737513e+00	6.64244341e-03
20000	20000	286	1.47500000e-05	2.00010000e+02	1.50000000e+04	7.37463127e-10	1.14537383e-09	6.35023131e-05	9.42210389e-05	6.35593079e-06	5.63882018e-05	2.94050380e-02	-2.72209419e+00	-1.94806073e+00	-1.76757642e+00	-3.00768837e+00	6.64097883e-03
20000	20000	287	1.47500000e-05	2.00010000e+02	1.50000000e+04	7.37463127e-10	1.14537383e-09	6.34761925e-05	9.41917969e-05	6.35593070e-06	5.63488116e-05	2.94049405e-02	-2.72227287e+00	-1.94819554e+00	-1.76757643e+00	-3.00799185e+00	6.63953826e-03
20000	20000	288	1.47500000e-05	2.00010000e+02	1.50000000e+04	7.37463127e-10	1.14537384e-09	6.34509108e-05	9.41634969e-05	6.35593062e-06	5.63106759e-05	2.94048445e-02	-2.72244588e+00	-1.94832604e+00	-1.76757644e+00	-3.00828587e+00	6.63812131e-03
20000	20000	289	1.47500000e-05	2.00010000e+02	1.50000000e+04	7.37463127e-10	1.14537384e-09	6.34264414e-05	9.41361088e-05	6.35593054e-06	5.62737555e-05	2.94047502e-02	-2.72261339e+00	-1.94845238e+00	-1.76757644e+00	-3.00857071e+00	6.63672761e-03
20000	20000	290	1.47500000e-05	2.00010000e+02	1.50000000e+04	7.37463127e-10	1.14537384e-09	6.34027585e-05	9.41096035e-05	6.35593046e-06	5.62380123e-05	2.94046574e-02	-2.72277558e+00	-1.94857468e+00	-1.76757645e+00	-3.00884665e+00	6.63535676e-03
20000	20000	291	1.47500000e-05	2.00010000e+02	1.50000000e+04	7.37463127e-10	1.14537384e-09	6.33798371e-05	9.40839527e-05	6.35593038e-06	5.62034095e-05	2.94045661e-02	-2.72293262e+00	-1.94869307e+00	-1.76757645e+00	-3.00911395e+00	6.63400839e-03
20000	20000	292	1.47500000e-05	2.00010000e+02	1.50000000e+04	7.37463127e-10	1.14537384e-09	6.33576530e-05	9.40591291e-05	6.35593030e-06	5.61699114e-05	2.94044763e-02	-2.72308466e+00	-1.94880767e+00	-1.76757646e+00	-3.00937287e+00	6.63268213e-03
20000	20000	293	1.47500000e-05	2.00010000e+02	1.50000000e+04	7.37463127e-10	1.14537384e-09	6.33361826e-05	9.40351062e-05	6.35593022e-06	5.61374834e-05	2.94043879e-02	-2.72323185e+00	-1.94891860e+00	-1.76757646e+00	-3.00962367e+00	6.63137762e-03
20000	20000	294	1.47500000e-05	2.00010000e+02	1.50000000e+04	7.37463127e-10	1.14537384e-09	6.33154034e-05	9.40118585e-05	6.35593015e-06	5.61060918e-05	2.94043011e-02	-2.72337436e+00	-1.94902598e+00	-1.76757647e+00	-3.00986659e+00	6.63009450e-03
20000	20000	295	1.47500000e-05	2.00010000e+02	1.50000000e+04	7.37463127e-10	1.14537384e-09	6.32952932e-05	9.39893610e-05	6.35593007e-06	5.60757041e-05	2.94042156e-02	-2.72351232e+00	-1.94912992e+00	-1.76757647e+00	-3.01010188e+00	6.62883242e-03
20000	20000	296	1.47500000e-05	2.00010000e+02	1.50000000e+04	7.37463127e-10	1.14537384e-09	6.32758306e-05	9.39675897e-05	6.35593000e-06	5.60462886e-05	2.94041316e-02	-2.72364588e+00	-1.94923053e+00	-1.76757648e+00	-3.01032975e+00	6.62759104e-03
20000	20000	297	1.47500000e-05	2.00010000e+02	1.50000000e+04	7.37463127e-10	1.14537384e-09	6.32569951e-05	9.39465214e-05	6.35592993e-06	5.60178148e-05	2.94040489e-02	-2.72377518e+00	-1.94932792e+00	-1.76757648e+00	-3.01055045e+00	6.62637002e-03
20000	20000	298	1.47500000e-05	2.00010000e+02	1.50000000e+04	7.37463127e-10	1.14537384e-09	6.32387666e-05	9.39261334e-05	6.35592986e-06	5.59902529e-05	2.94039676e-02	-2.72390035e+00	-1.94942218e+00	-1.76757649e+00	-3.01076418e+00	6.62516901e-03
20000	20000	299	1.47500000e-05	2.00010000e+02	1.50000000e+04	7.37463127e-10	1.14537384e-09	6.32211257e-05	9.39064040e-05	6.35592979e-06	5.59635741e-05	2.94038876e-02	-2.72402151e+00	-1.94951341e+00	-1.76757649e+00	-3.01097117e+00	6.62398770e-03
20000	20000	300	1.47500000e-05	2.00010000e+02	1.50000000e+04	7.37463127e-10	1.14537384e-09	6.32040535e-05	9.38873120e-05	6.35592972e-06	5.59377507e-05	2.94038089e-02	-2.72413880e+00	-1.94960172e+00	-1.76757650e+00	-3.01117161e+00	6.62282576e-03
20000	20000	301	1.47500000e-05	2.00010000e+02	1.50000000e+04	7.37463127e-10	1.14537384e-09	6.31875320e-05	9.38688370e-05	6.35592965e-06	5.59127554e-05	2.94037316e-02	-2.72425234e+00	-1.94968718e+00	-1.76757650e+00	-3.01136572e+00	6.62168287e-03
20000	20000	302	1.47500000e-05	2.00010000e+02	1.50000000e+04	7.37463127e-10	1.14537384e-09	6.31715435e-05	9.38509591e-05	6.35592959e-06	5.58885621e-05	2.94036554e-02	-2.72436225e+00	-1.94976991e+00	-1.76757651e+00	-3.01155368e+00	6.62055872e-03
20000	20000	303	1.47500000e-05	2.00010000e+02	1.50000000e+04	7.37463127e-10	1.14537384e-09	6.31560709e-05	9.38336591e-05	6.35592952e-06	5.58651453e-05	2.94035806e-02	-2.72446863e+00	-1.94984997e+00	-1.76757651e+00	-3.01173568e+00	6.61945301e-03
20000	20000	304	1.47500000e-05	2.00010000e+02	1.50000000e+04	7.37463127e-10	1.14537384e-09	6.31410978e-05	9.38169185e-05	6.35592946e-06	5.58424806e-05	2.94035069e-02	-2.72457161e+00	-1.94992746e+00	-1.76757651e+00	-3.01191191e+00	6.61836542e-03
20000	20000	305	1.47500000e-05	2.00010000e+02	1.50000000e+04	7.37463127e-10	1.14537384e-09	6.31266079e-05	9.38007192e-05	6.35592940e-06	5.58205439e-05	2.94034345e-02	-2.72467128e+00	-1.95000245e+00	-1.76757652e+00	-3.01208255e+00	6.61729567e-03
20000	20000	306	1.47500000e-05	2.00010000e+02	1.50000000e+04	7.37463127e-10	1.14537384e-09	6.31125860e-05	9.37850439e-05	6.35592934e-06	5.57993122e-05	2.94033633e-02	-2.72476776e+00	-1.95007503e+00	-1.76757652e+00	-3.01224777e+00	6.61624346e-03
20000	20000	307	1.47500000e-05	2.00010000e+02	1.50000000e+04	7.37463127e-10	1.14537384e-09	6.30990170e-05	9.37698757e-05	6.35592927e-06	5.57787631e-05	2.94032932e-02	-2.72486114e+00	-1.95014528e+00	-1.76757653e+00	-3.01240773e+00	6.61520850e-03
20000	20000	308	1.47500000e-05	2.00010000e+02	1.50000000e+04	7.37463127e-10	1.14537384e-09	6.30858863e-05	9.37551982e-05	6.35592921e-06	5.57588749e-05	2.94032243e-02	-2.72495153e+00	-1.95021326e+00	-1.76757653e+00	-3.01256261e+00	6.61419051e-03
20000	20000	309	1.47500000e-05	2.00010000e+02	1.50000000e+04	7.37463127e-10	1.14537384e-09	6.30731799e-05	9.37409956e-05	6.35592916e-06	5.57396265e-05	2.94031565e-02	-2.72503901e+00	-1.95027906e+00	-1.76757654e+00	-3.01271256e+00	6.61318921e-03
20000	20000	310	1.47500000e-05	2.00010000e+02	1.50000000e+04	7.37463127e-10	1.14537384e-09	6.30608841e-05	9.37272527e-05	6.35592910e-06	5.57209975e-05	2.94030898e-02	-2.72512368e+00	-1.95034273e+00	-1.76757654e+00	-3.01285773e+00	6.61220433e-03
20000	20000	311	1.47500000e-05	2.00010000e+02	1.50000000e+04	7.37463127e-10	1.14537384e-09	6.30489857e-05	9.37139546e-05	6.35592904e-06	5.57029683e-05	2.94030242e-02	-2.72520563e+00	-1.95040436e+00	-1.76757654e+00	-3.01299827e+00	6.61123559e-03
20000	20000	312	1.47500000e-05	2.00010000e+02	1.50000000e+04	7.37463127e-10	1.14537384e-09	6.30374720e-05	9.37010870e-05	6.35592899e-06	5.56855197e-05	2.94029597e-02	-2.72528495e+00	-1.95046399e+00	-1.76757655e+00	-3.01313433e+00	6.61028274e-03
20000	20000	313	1.47500000e-05	2.00010000e+02	1.50000000e+04	7.37463127e-10	1.14537384e-09	6.30263306e-05	9.36886360e-05	6.35592893e-06	5.56686331e-05	2.94028963e-02	-2.72536171e+00	-1.95052170e+00	-1.76757655e+00	-3.01326605e+00	6.60934551e-03
20000	20000	314	1.47500000e-05	2.00010000e+02	1.50000000e+04	7.37463127e-10	1.14537384e-09	6.30155496e-05	9.36765882e-05	6.35592888e-06	5.56522907e-05	2.94028339e-02	-2.72543601e+00	-1.95057756e+00	-1.76757655e+00	-3.01339357e+00	6.60842364e-03
20000	20000	315	1.47500000e-05	2.00010000e+02	1.50000000e+04	7.37463127e-10	1.14537384e-09	6.30051172e-05	9.36649306e-05	6.35592882e-06	5.56364750e-05	2.94027725e-02	-2.72550791e+00	-1.95063161e+00	-1.76757656e+00	-3.01351701e+00	6.60751690e-03
20000	20000	316	1.47500000e-05	2.00010000e+02	1.50000000e+04	7.37463127e-10	1.14537384e-09	6.29950224e-05	9.36536505e-05	6.35592877e-06	5.56211692e-05	2.94027121e-02	-2.72557750e+00	-1.95068391e+00	-1.76757656e+00	-3.01363650e+00	6.60662502e-03
20000	20000	317	1.47500000e-05	2.00010000e+02	1.50000000e+04	7.37463127e-10	1.14537384e-09	6.29852542e-05	9.36427358e-05	6.35592872e-06	5.56063570e-05	2.94026527e-02	-2.72564485e+00	-1.95073453e+00	-1.76757657e+00	-3.01375217e+00	6.60574776e-03
20000	20000	318	1.47500000e-05	2.00010000e+02	1.50000000e+04	7.37463127e-10	1.14537384e-09	6.29758021e-05	9.36321748e-05	6.35592867e-06	5.55920226e-05	2.94025943e-02	-2.72571003e+00	-1.95078351e+00	-1.76757657e+00	-3.01386414e+00	6.60488488e-03
20000	20000	319	1.47500000e-05	2.00010000e+02	1.50000000e+04	7.37463127e-10	1.14537384e-09	6.29666560e-05	9.36219559e-05	6.35592862e-06	5.55781507e-05	2.94025368e-02	-2.72577311e+00	-1.95083091e+00	-1.76757657e+00	-3.01397252e+00	6.60403615e-03
20000	20000	320	1.47500000e-05	2.00010000e+02	1.50000000e+04	7.37463127e-10	1.14537384e-09	6.29578059e-05	9.36120681e-05	6.35592857e-06	5.55647265e-05	2.94024803e-02	-2.72583415e+00	-1.95087678e+00	-1.76757658e+00	-3.01407743e+00	6.60320133e-03
20000	20000	321	1.47500000e-05	2.00010000e+02	1.50000000e+04	7.37463127e-10	1.14537384e-09	6.29492423e-05	9.36025008e-05	6.35592852e-06	5.55517357e-05	2.94024247e-02	-2.72589323e+00	-1.95092117e+00	-1.76757658e+00	-3.01417898e+00	6.60238020e-03
20000	20000	322	1.47500000e-05	2.00010000e+02	1.50000000e+04	7.37463127e-10	1.14537384e-09	6.29409560e-05	9.35932435e-05	6.35592847e-06	5.55391643e-05	2.94023700e-02	-2.72595040e+00	-1.95096412e+00	-1.76757658e+00	-3.01427727e+00	6.60157254e-03
20000	20000	323	1.47500000e-05	2.00010000e+02	1.50000000e+04	7.37463127e-10	1.14537384e-09	6.29329381e-05	9.35842863e-05	6.35592843e-06	5.55269989e-05	2.94023162e-02	-2.72600573e+00	-1.95100569e+00	-1.76757658e+00	-3.01437241e+00	6.60077811e-03
20000	20000	324	1.47500000e-05	2.00010000e+02	1.50000000e+04	7.37463127e-10	1.14537384e-09	6.29251798e-05	9.35756195e-05	6.35592838e-06	5.55152265e-05	2.94022633e-02	-2.72605927e+00	-1.95104591e+00	-1.76757659e+00	-3.01446450e+00	6.59999671e-03
20000	20000	325	1.47500000e-05	2.00010000e+02	1.50000000e+04	7.37463127e-10	1.14537384e-09	6.29176728e-05	9.35672336e-05	6.35592834e-06	5.55038345e-05	2.94022113e-02	-2.72611109e+00	-1.95108483e+00	-1.76757659e+00	-3.01455362e+00	6.59922811e-03
20000	20000	326	1.47500000e-05	2.00010000e+02	1.50000000e+04	7.37463127e-10	1.14537385e-09	6.29104091e-05	9.35591196e-05	6.35592829e-06	5.54928106e-05	2.94021601e-02	-2.72616123e+00	-1.95112249e+00	-1.76757659e+00	-3.01463989e+00	6.59847212e-03
20000	20000	327	1.47500000e-05	2.00010000e+02	1.50000000e+04	7.37463127e-10	1.14537385e-09	6.29033806e-05	9.35512687e-05	6.35592825e-06	5.54821430e-05	2.94021098e-02	-2.72620975e+00	-1.95115894e+00	-1.76757660e+00	-3.01472338e+00	6.59772852e-03
20000	20000	328	1.47500000e-05	2.00010000e+02	1.50000000e+04	7.37463127e-10	1.14537385e-09	6.28965800e-05	9.35436724e-05	6.35592821e-06	5.54718203e-05	2.94020603e-02	-2.72625670e+00	-1.95119420e+00	-1.76757660e+00	-3.01480419e+00	6.59699712e-03
20000	20000	329	1.47500000e-05	2.00010000e+02	1.50000000e+04	7.37463127e-10	1.14537385e-09	6.28899996e-05	9.35363224e-05	6.35592816e-06	5.54618313e-05	2.94020116e-02	-2.72630214e+00	-1.95122833e+00	-1.76757660e+00	-3.01488241e+00	6.59627770e-03
20000	20000	330	1.47500000e-05	2.00010000e+02	1.50000000e+04	7.37463127e-10	1.14537385e-09	6.28836326e-05	9.35292108e-05	6.35592812e-06	5.54521654e-05	2.94019637e-02	-2.72634611e+00	-1.95126135e+00	-1.76757661e+00	-3.01495810e+00	6.59557008e-03
20000	20000	331	1.47500000e-05	2.00010000e+02	1.50000000e+04	7.37463127e-10	1.14537385e-09	6.28774719e-05	9.35223299e-05	6.35592808e-06	5.54428121e-05	2.94019165e-02	-2.72638866e+00	-1.95129330e+00	-1.76757661e+00	-3.01503136e+00	6.59487406e-03
20000	20000	332	1.47500000e-05	2.00010000e+02	1.50000000e+04	7.37463127e-10	1.14537385e-09	6.28715110e-05	9.35156722e-05	6.35592804e-06	5.54337614e-05	2.94018702e-02	-2.72642984e+00	-1.95132422e+00	-1.76757661e+00	-3.01510226e+00	6.59418944e-03
20000	20000	333	1.47500000e-05	2.00010000e+02	1.50000000e+04	7.37463127e-10	1.14537385e-09	6.28657432e-05	9.35092304e-05	6.35592800e-06	5.54250036e-05	2.94018246e-02	-2.72646968e+00	-1.95135414e+00	-1.76757661e+00	-3.01517088e+00	6.59351606e-03
20000	20000	334	1.47500000e-05	2.00010000e+02	1.50000000e+04	7.37463127e-10	1.14537385e-09	6.28601625e-05	9.35029976e-05	6.35592796e-06	5.54165292e-05	2.94017798e-02	-2.72650824e+00	-1.95138309e+00	-1.76757662e+00	-3.01523729e+00	6.59285370e-03
20000	20000	335	1.47500000e-05	2.00010000e+02	1.50000000e+04	7.37463127e-10	1.14537385e-09	6.28547627e-05	9.34969671e-05	6.35592793e-06	5.54083290e-05	2.94017356e-02	-2.72654554e+00	-1.95141110e+00	-1.76757662e+00	-3.01530156e+00	6.59220221e-03
20000	20000	336	1.47500000e-05	2.00010000e+02	1.50000000e+04	7.37463127e-10	1.14537385e-09	6.28495381e-05	9.34911322e-05	6.35592789e-06	5.54003943e-05	2.94016923e-02	-2.72658165e+00	-1.95143820e+00	-1.76757662e+00	-3.01536376e+00	6.59156140e-03
20000	20000	337	1.47500000e-05	2.00010000e+02	1.50000000e+04	7.37463127e-10	1.14537385e-09	6.28444828e-05	9.34854866e-05	6.35592785e-06	5.53927165e-05	2.94016496e-02	-2.72661658e+00	-1.95146443e+00	-1.76757662e+00	-3.01542395e+00	6.59093109e-03
20000	20000	338	1.47500000e-05	2.00010000e+02	1.50000000e+04	7.37463127e-10	1.14537385e-09	6.28395915e-05	9.34800242e-05	6.35592781e-06	5.53852873e-05	2.94016076e-02	-2.72665038e+00	-1.95148980e+00	-1.76757663e+00	-3.01548220e+00	6.59031112e-03
20000	20000	339	1.47500000e-05	2.00010000e+02	1.50000000e+04	7.37463127e-10	1.14537385e-09	6.28348589e-05	9.34747391e-05	6.35592778e-06	5.53780987e-05	2.94015663e-02	-2.72668309e+00	-1.95151436e+00	-1.76757663e+00	-3.01553857e+00	6.58970131e-03
20000	20000	340	1.47500000e-05	2.00010000e+02	1.50000000e+04	7.37463127e-10	1.14537385e-09	6.28302798e-05	9.34696255e-05	6.35592774e-06	5.53711428e-05	2.94015257e-02	-2.72671474e+00	-1.95153812e+00	-1.76757663e+00	-3.01559312e+00	6.58910149e-03
20000	20000	341	1.47500000e-05	2.00010000e+02	1.50000000e+04	7.37463127e-10	1.14537385e-09	6.28258492e-05	9.34646778e-05	6.35592771e-06	5.53644124e-05	2.94014858e-02	-2.72674537e+00	-1.95156111e+00	-1.76757663e+00	-3.01564592e+00	6.58851151e-03
20000	20000	342	1.47500000e-05	2.00010000e+02	1.50000000e+04	7.37463127e-10	1.14537385e-09	6.28215623e-05	9.34598908e-05	6.35592768e-06	5.53578999e-05	2.94014465e-02	-2.72677500e+00	-1.95158335e+00	-1.76757664e+00	-3.01569701e+00	6.58793120e-03
20000	20000	343	1.47500000e-05	2.00010000e+02	1.50000000e+04	7.37463127e-10	1.14537385e-09	6.28174146e-05	9.34552591e-05	6.35592764e-06	5.53515984e-05	2.94014079e-02	-2.72680368e+00	-1.95160487e+00	-1.76757664e+00	-3.01574644e+00	6.58736040e-03
20000	20000	344	1.47500000e-05	2.00010000e+02	1.50000000e+04	7.37463127e-10	1.14537385e-09	6.28134014e-05	9.34507777e-05	6.35592761e-06	5.53455012e-05	2.94013698e-02	-2.72683142e+00	-1.95162570e+00	-1.76757664e+00	-3.01579429e+00	6.58679896e-03
20000	20000	345	1.47500000e-05	2.00010000e+02	1.50000000e+04	7.37463127e-10	1.14537385e-09	6.28095184e-05	9.34464419e-05	6.35592758e-06	5.53396015e-05	2.94013325e-02	-2.72685827e+00	-1.95164585e+00	-1.76757664e+00	-3.01584058e+00	6.58624672e-03
20000	20000	346	1.47500000e-05	2.00010000e+02	1.50000000e+04	7.37463127e-10	1.14537385e-09	6.28057614e-05	9.34422467e-05	6.35592754e-06	5.53338930e-05	2.94012957e-02	-2.72688425e+00	-1.95166535e+00	-1.76757665e+00	-3.01588539e+00	6.58570353e-03
20000	20000	347	1.47500000e-05	2.00010000e+02	1.50000000e+04	7.37463127e-10	1.14537385e-09	6.28021264e-05	9.34381878e-05	6.35592751e-06	5.53283696e-05	2.94012595e-02	-2.72690939e+00	-1.95168421e+00	-1.76757665e+00	-3.01592874e+00	6.58516925e-03
20000	20000	348	1.47500000e-05	2.00010000e+02	1.50000000e+04	7.37463127e-10	1.14537385e-09	6.27986093e-05	9.34342606e-05	6.35592748e-06	5.53230252e-05	2.94012239e-02	-2.72693371e+00	-1.95170247e+00	-1.76757665e+00	-3.01597069e+00	6.58464373e-03
20000	20000	349	1.47500000e-05	2.00010000e+02	1.50000000e+04	7.37463127e-10	1.14537385e-09	6.27952064e-05	9.34304610e-05	6.35592745e-06	5.53178541e-05	2.94011889e-02	-2.72695724e+00	-1.95172013e+00	-1.76757665e+00	-3.01601129e+00	6.58412682e-03
20000	20000	350	1.47500000e-05	2.00010000e+02	1.50000000e+04	7.37463127e-10	1.14537385e-09	6.27919139e-05	9.34267847e-05	6.35592742e-06	5.53128506e-05	2.94011545e-02	-2.72698002e+00	-1.95173722e+00	-1.76757665e+00	-3.01605057e+00	6.58361838e-03
20000	20000	351	1.47500000e-05	2.00010000e+02	1.50000000e+04	7.37463127e-10	1.14537385e-09	6.27887283e-05	9.34232278e-05	6.35592739e-06	5.53080094e-05	2.94011207e-02	-2.72700205e+00	-1.95175375e+00	-1.76757666e+00	-3.01608858e+00	6.58311828e-03
20000	20000	352	1.47500000e-05	2.00010000e+02	1.50000000e+04	7.37463127e-10	1.14537385e-09	6.27856461e-05	9.34197863e-05	6.35592736e-06	5.53033252e-05	2.94010874e-02	-2.72702337e+00	-1.95176975e+00	-1.76757666e+00	-3.01612537e+00	6.58262638e-03
20000	20000	353	1.47500000e-05	2.00010000e+02	1.50000000e+04	7.37463127e-10	1.14537385e-09	6.27826640e-05	9.34164567e-05	6.35592734e-06	5.52987929e-05	2.94010546e-02	-2.72704400e+00	-1.95178523e+00	-1.76757666e+00	-3.01616096e+00	6.58214254e-03
20000	20000	354	1.47500000e-05	2.00010000e+02	1.50000000e+04	7.37463127e-10	1.14537385e-09	6.27797786e-05	9.34132351e-05	6.35592731e-06	5.52944076e-05	2.94010224e-02	-2.72706396e+00	-1.95180021e+00	-1.76757666e+00	-3.01619540e+00	6.58166663e-03
20000	20000	355	1.47500000e-05	2.00010000e+02	1.50000000e+04	7.37463127e-10	1.14537385e-09	6.27769870e-05	9.34101181e-05	6.35592728e-06	5.52901645e-05	2.94009907e-02	-2.72708327e+00	-1.95181470e+00	-1.76757666e+00	-3.01622873e+00	6.58119852e-03
20000	20000	356	1.47500000e-05	2.00010000e+02	1.50000000e+04	7.37463127e-10	1.14537385e-09	6.27742859e-05	9.34071024e-05	6.35592725e-06	5.52860591e-05	2.94009595e-02	-2.72710195e+00	-1.95182872e+00	-1.76757667e+00	-3.01626098e+00	6.58073808e-03
20000	20000	357	1.47500000e-05	2.00010000e+02	1.50000000e+04	7.37463127e-10	1.14537385e-09	6.27716726e-05	9.34041846e-05	6.35592723e-06	5.52820869e-05	2.94009289e-02	-2.72712004e+00	-1.95184229e+00	-1.76757667e+00	-3.01629218e+00	6.58028519e-03
20000	20000	358	1.47500000e-05	2.00010000e+02	1.50000000e+04	7.37463127e-10	1.14537385e-09	6.27691441e-05	9.34013616e-05	6.35592720e-06	5.52782435e-05	2.94008987e-02	-2.72713753e+00	-1.95185541e+00	-1.76757667e+00	-3.01632238e+00	6.57983973e-03
20000	20000	359	1.47500000e-05	2.00010000e+02	1.50000000e+04	7.37463127e-10	1.14537385e-09	6.27666977e-05	9.33986303e-05	6.35592718e-06	5.52745248e-05	2.94008691e-02	-2.72715446e+00	-1.95186811e+00	-1.76757667e+00	-3.01635159e+00	6.57940156e-03
20000	20000	360	1.47500000e-05	2.00010000e+02	1.50000000e+04	7.37463127e-10	1.14537385e-09	6.27643308e-05	9.33959876e-05	6.35592715e-06	5.52709268e-05	2.94008399e-02	-2.72717083e+00	-1.95188040e+00	-1.76757667e+00	-3.01637986e+00	6.57897058e-03
20000	20000	361	1.47500000e-05	2.00010000e+02	1.50000000e+04	7.37463127e-10	1.14537385e-09	6.27620407e-05	9.33934308e-05	6.35592712e-06	5.52674456e-05	2.94008112e-02	-2.72718668e+00	-1.95189229e+00	-1.76757667e+00	-3.01640722e+00	6.57854667e-03
20000	20000	362	1.47500000e-05	2.00010000e+02	1.50000000e+04	7.37463127e-10	1.14537385e-09	6.27598250e-05	9.33909571e-05	6.35592710e-06	5.52640773e-05	2.94007830e-02	-2.72720201e+00	-1.95190379e+00	-1.76757668e+00	-3.01643369e+00	6.57812970e-03
20000	20000	363	1.47500000e-05	2.00010000e+02	1.50000000e+04	7.37463127e-10	1.14537385e-09	6.27576813e-05	9.33885636e-05	6.35592708e-06	5.52608184e-05	2.94007552e-02	-2.72721685e+00	-1.95191492e+00	-1.76757668e+00	-3.01645930e+00	6.57771956e-03
20000	20000	364	1.47500000e-05	2.00010000e+02	1.50000000e+04	7.37463127e-10	1.14537385e-09	6.27556071e-05	9.33862480e-05	6.35592705e-06	5.52576652e-05	2.94007279e-02	-2.72723120e+00	-1.95192569e+00	-1.76757668e+00	-3.01648408e+00	6.57731615e-03
20000	20000	365	1.47500000e-05	2.00010000e+02	1.50000000e+04	7.37463127e-10	1.14537385e-09	6.27536004e-05	9.33840075e-05	6.35592703e-06	5.52546143e-05	2.94007010e-02	-2.72724509e+00	-1.95193611e+00	-1.76757668e+00	-3.01650806e+00	6.57691935e-03
20000	20000	366	1.47500000e-05	2.00010000e+02	1.50000000e+04	7.37463127e-10	1.14537385e-09	6.27516588e-05	9.33818398e-05	6.35592701e-06	5.52516625e-05	2.94006746e-02	-2.72725853e+00	-1.95194619e+00	-1.76757668e+00	-3.01653126e+00	6.57652906e-03
20000	20000	367	1.47500000e-05	2.00010000e+02	1.50000000e+04	7.37463127e-10	1.14537385e-09	6.27497802e-05	9.33797426e-05	6.35592698e-06	5.52488066e-05	2.94006486e-02	-2.72727153e+00	-1.95195595e+00	-1.76757668e+00	-3.01655371e+00	6.57614516e-03
20000	20000	368	1.47500000e-05	2.00010000e+02	1.50000000e+04	7.37463127e-10	1.14537385e-09	6.27479627e-05	9.33777135e-05	6.35592696e-06	5.52460433e-05	2.94006230e-02	-2.72728411e+00	-1.95196539e+00	-1.76757669e+00	-3.01657543e+00	6.57576756e-03
20000	20000	369	1.47500000e-05	2.00010000e+02	1.50000000e+04	7.37463127e-10	1.14537385e-09	6.27462042e-05	9.33757502e-05	6.35592694e-06	5.52433697e-05	2.94005979e-02	-2.72729628e+00	-1.95197452e+00	-1.76757669e+00	-3.01659645e+00	6.57539614e-03
20000	20000	370	1.47500000e-05	2.00010000e+02	1.50000000e+04	7.37463127e-10	1.14537385e-09	6.27445029e-05	9.33738508e-05	6.35592692e-06	5.52407830e-05	2.94005732e-02	-2.72730805e+00	-1.95198335e+00	-1.76757669e+00	-3.01661679e+00	6.57503081e-03
20000	20000	371	1.47500000e-05	2.00010000e+02	1.50000000e+04	7.37463127e-10	1.14537385e-09	6.27428568e-05	9.33720131e-05	6.35592690e-06	5.52382802e-05	2.94005488e-02	-2.72731945e+00	-1.95199190e+00	-1.76757669e+00	-3.01663646e+00	6.57467148e-03
20000	20000	372	1.47500000e-05	2.00010000e+02	1.50000000e+04	7.37463127e-10	1.14537385e-09	6.27412641e-05	9.33702350e-05	6.35592688e-06	5.52358587e-05	2.94005249e-02	-2.72733047e+00	-1.95200017e+00	-1.76757669e+00	-3.01665550e+00	6.57431803e-03
20000	20000	373	1.47500000e-05	2.00010000e+02	1.50000000e+04	7.37463127e-10	1.14537385e-09	6.27397233e-05	9.33685148e-05	6.35592686e-06	5.52335158e-05	2.94005014e-02	-2.72734114e+00	-1.95200817e+00	-1.76757669e+00	-3.01667392e+00	6.57397037e-03
20000	20000	374	1.47500000e-05	2.00010000e+02	1.50000000e+04	7.37463127e-10	1.14537385e-09	6.27382324e-05	9.33668504e-05	6.35592684e-06	5.52312490e-05	2.94004782e-02	-2.72735146e+00	-1.95201591e+00	-1.76757669e+00	-3.01669175e+00	6.57362841e-03
20000	20000	375	1.47500000e-05	2.00010000e+02	1.50000000e+04	7.37463127e-10	1.14537385e-09	6.27367900e-05	9.33652401e-05	6.35592682e-06	5.52290558e-05	2.94004555e-02	-2.72736144e+00	-1.95202340e+00	-1.76757670e+00	-3.01670899e+00	6.57329206e-03
20000	20000	376	1.47500000e-05	2.00010000e+02	1.50000000e+04	7.37463127e-10	1.14537385e-09	6.27353945e-05	9.33636821e-05	6.35592680e-06	5.52269339e-05	2.94004331e-02	-2.72737110e+00	-1.95203065e+00	-1.76757670e+00	-3.01672568e+00	6.57296122e-03
20000	20000	377	1.47500000e-05	2.00010000e+02	1.50000000e+04	7.37463127e-10	1.14537385e-09	6.27340443e-05	9.33621747e-05	6.35592678e-06	5.52248808e-05	2.94004110e-02	-2.72738045e+00	-1.95203766e+00	-1.76757670e+00	-3.01674182e+00	6.57263580e-03
20000	20000	378	1.47500000e-05	2.00010000e+02	1.50000000e+04	7.37463127e-10	1.14537385e-09	6.27327379e-05	9.33607163e-05	6.35592676e-06	5.52228945e-05	2.94003894e-02	-2.72738949e+00	-1.95204445e+00	-1.76757670e+00	-3.01675745e+00	6.57231571e-03
20000	20000	379	1.47500000e-05	2.00010000e+02	1.50000000e+04	7.37463127e-10	1.14537385e-09	6.27314740e-05	9.33593053e-05	6.35592674e-06	5.52209726e-05	2.94003680e-02	-2.72739824e+00	-1.95205101e+00	-1.76757670e+00	-3.01677256e+00	6.57200088e-03
20000	20000	380	1.47500000e-05	2.00010000e+02	1.50000000e+04	7.37463127e-10	1.14537385e-09	6.27302512e-05	9.33579401e-05	6.35592672e-06	5.52191132e-05	2.94003471e-02	-2.72740671e+00	-1.95205736e+00	-1.76757670e+00	-3.01678718e+00	6.57169120e-03
20000	20000	381	1.47500000e-05	2.00010000e+02	1.50000000e+04	7.37463127e-10	1.14537385e-09	6.27290681e-05	9.33566193e-05	6.35592671e-06	5.52173141e-05	2.94003265e-02	-2.72741490e+00	-1.95206350e+00	-1.76757670e+00	-3.01680133e+00	6.57138660e-03
20000	20000	382	1.47500000e-05	2.00010000e+02	1.50000000e+04	7.37463127e-10	1.14537385e-09	6.27279234e-05	9.33553414e-05	6.35592669e-06	5.52155735e-05	2.94003062e-02	-2.72742283e+00	-1.95206945e+00	-1.76757670e+00	-3.01681502e+00	6.57108699e-03
20000	20000	383	1.47500000e-05	2.00010000e+02	1.50000000e+04	7.37463127e-10	1.14537385e-09	6.27268160e-05	9.33541050e-05	6.35592667e-06	5.52138895e-05	2.94002862e-02	-2.72743049e+00	-1.95207520e+00	-1.76757671e+00	-3.01682827e+00	6.57079229e-03
20000	20000	384	1.47500000e-05	2.00010000e+02	1.50000000e+04	7.37463127e-10	1.14537385e-09	6.27257445e-05	9.33529088e-05	6.35592665e-06	5.52122601e-05	2.94002666e-02	-2.72743791e+00	-1.95208077e+00	-1.76757671e+00	-3.01684109e+00	6.57050242e-03
20000	20000	385	1.47500000e-05	2.00010000e+02	1.50000000e+04	7.37463127e-10	1.14537385e-09	6.27247078e-05	9.33517515e-05	6.35592664e-06	5.52106837e-05	2.94002473e-02	-2.72744509e+00	-1.95208615e+00	-1.76757671e+00	-3.01685349e+00	6.57021731e-03
20000	20000	386	1.47500000e-05	2.00010000e+02	1.50000000e+04	7.37463127e-10	1.14537385e-09	6.27237048e-05	9.33506318e-05	6.35592662e-06	5.52091585e-05	2.94002283e-02	-2.72745203e+00	-1.95209136e+00	-1.76757671e+00	-3.01686548e+00	6.56993686e-03
20000	20000	387	1.47500000e-05	2.00010000e+02	1.50000000e+04	7.37463127e-10	1.14537385e-09	6.27227344e-05	9.33495484e-05	6.35592660e-06	5.52076829e-05	2.94002096e-02	-2.72745875e+00	-1.95209640e+00	-1.76757671e+00	-3.01687709e+00	6.56966101e-03
20000	20000	388	1.47500000e-05	2.00010000e+02	1.50000000e+04	7.37463127e-10	1.14537385e-09	6.27217956e-05	9.33485003e-05	6.35592659e-06	5.52062552e-05	2.94001913e-02	-2.72746525e+00	-1.95210128e+00	-1.76757671e+00	-3.01688832e+00	6.56938969e-03
20000	20000	389	1.47500000e-05	2.00010000e+02	1.50000000e+04	7.37463127e-10	1.14537385e-09	6.27208872e-05	9.33474862e-05	6.35592657e-06	5.52048738e-05	2.94001732e-02	-2.72747154e+00	-1.95210599e+00	-1.76757671e+00	-3.01689919e+00	6.56912281e-03
20000	20000	390	1.47500000e-05	2.00010000e+02	1.50000000e+04	7.37463127e-10	1.14537385e-09	6.27200084e-05	9.33465051e-05	6.35592656e-06	5.52035374e-05	2.94001554e-02	-2.72747763e+00	-1.95211056e+00	-1.76757671e+00	-3.01690970e+00	6.56886030e-03
20000	20000	391	1.47500000e-05	2.00010000e+02	1.50000000e+04	7.37463127e-10	1.14537385e-09	6.27191581e-05	9.33455558e-05	6.35592654e-06	5.52022444e-05	2.94001380e-02	-2.72748352e+00	-1.95211497e+00	-1.76757671e+00	-3.01691988e+00	6.56860210e-03
20000	20000	392	1.47500000e-05	2.00010000e+02	1.50000000e+04	7.37463127e-10	1.14537385e-09	6.27183354e-05	9.33446374e-05	6.35592653e-06	5.52009933e-05	2.94001208e-02	-2.72748921e+00	-1.95211925e+00	-1.76757671e+00	-3.01692972e+00	6.56834813e-03
20000	20000	393	1.47500000e-05	2.00010000e+02	1.50000000e+04	7.37463127e-10	1.14537385e-09	6.27175395e-05	9.33437489e-05	6.35592651e-06	5.51997830e-05	2.94001039e-02	-2.72749472e+00	-1.95212338e+00	-1.76757672e+00	-3.01693924e+00	6.56809832e-03
20000	20000	394	1.47500000e-05	2.00010000e+02	1.50000000e+04	7.37463127e-10	1.14537385e-09	6.27167695e-05	9.33428892e-05	6.35592650e-06	5.51986120e-05	2.94000872e-02	-2.72750006e+00	-1.95212738e+00	-1.76757672e+00	-3.01694845e+00	6.56785261e-03
20000	20000	395	1.47500000e-05	2.00010000e+02	1.50000000e+04	7.37463127e-10	1.14537385e-09	6.27160245e-05	9.33420574e-05	6.35592648e-06	5.51974790e-05	2.94000709e-02	-2.72750522e+00	-1.95213125e+00	-1.76757672e+00	-3.01695737e+00	6.56761092e-03
20000	20000	396	1.47500000e-05	2.00010000e+02	1.50000000e+04	7.37463127e-10	1.14537385e-09	6.27153036e-05	9.33412527e-05	6.35592647e-06	5.51963828e-05	2.94000548e-02	-2.72751021e+00	-1.95213500e+00	-1.76757672e+00	-3.01696599e+00	6.56737320e-03
20000	20000	397	1.47500000e-05	2.00010000e+02	1.50000000e+04	7.37463127e-10	1.14537385e-09	6.27146063e-05	9.33404741e-05	6.35592646e-06	5.51953223e-05	2.94000389e-02	-2.72751504e+00	-1.95213862e+00	-1.76757672e+00	-3.01697434e+00	6.56713937e-03
20000	20000	398	1.47500000e-05	2.00010000e+02	1.50000000e+04	7.37463127e-10	1.14537385e-09	6.27139315e-05	9.33397209e-05	6.35592644e-06	5.51942962e-05	2.94000234e-02	-2.72751971e+00	-1.95214212e+00	-1.76757672e+00	-3.01698241e+00	6.56690937e-03
20000	20000	399	1.47500000e-05	2.00010000e+02	1.50000000e+04	7.37463127e-10	1.14537385e-09	6.27132787e-05	9.33389921e-05	6.35592643e-06	5.51933035e-05	2.94000081e-02	-2.72752423e+00	-1.95214551e+00	-1.76757672e+00	-3.01699022e+00	6.56668315e-03
20000	20000	400	1.47500000e-05	2.00010000e+02	1.50000000e+04	7.37463127e-10	1.14537385e-09	6.27126472e-05	9.33382870e-05	6.35592642e-06	5.51923430e-05	2.93999930e-02	-2.72752860e+00	-1.95214879e+00	-1.76757672e+00	-3.01699778e+00	6.56646062e-03
20000	20000	401	1.47500000e-05	2.00010000e+02	1.50000000e+04	7.37463127e-10	1.14537385e-09	6.27120361e-05	9.33376048e-05	6.35592640e-06	5.51914137e-05	2.93999782e-02	-2.72753283e+00	-1.95215197e+00	-1.76757672e+00	-3.01700509e+00	6.56624175e-03
20000	20000	402	1.47500000e-05	2.00010000e+02	1.50000000e+04	7.37463127e-10	1.14537385e-09	6.27114449e-05	9.33369447e-05	6.35592639e-06	5.51905147e-05	2.93999636e-02	-2.72753693e+00	-1.95215504e+00	-1.76757672e+00	-3.01701217e+00	6.56602646e-03
20000	20000	403	1.47500000e-05	2.00010000e+02	1.50000000e+04	7.37463127e-10	1.14537385e-09	6.27108729e-05	9.33363062e-05	6.35592638e-06	5.51896448e-05	2.93999493e-02	-2.72754089e+00	-1.95215801e+00	-1.76757672e+00	-3.01701901e+00	6.56581471e-03
20000	20000	404	1.47500000e-05	2.00010000e+02	1.50000000e+04	7.37463127e-10	1.14537385e-09	6.27103195e-05	9.33356883e-05	6.35592637e-06	5.51888033e-05	2.93999352e-02	-2.72754472e+00	-1.95216089e+00	-1.76757673e+00	-3.01702563e+00	6.56560642e-03
20000	20000	405	1.47500000e-05	2.00010000e+02	1.50000000e+04	7.37463127e-10	1.14537385e-09	6.27097841e-05	9.33350906e-05	6.35592635e-06	5.51879891e-05	2.93999213e-02	-2.72754843e+00	-1.95216367e+00	-1.76757673e+00	-3.01703204e+00	6.56540155e-03
20000	20000	406	1.47500000e-05	2.00010000e+02	1.50000000e+04	7.37463127e-10	1.14537385e-09	6.27092661e-05	9.33345123e-05	6.35592634e-06	5.51872013e-05	2.93999077e-02	-2.72755202e+00	-1.95216636e+00	-1.76757673e+00	-3.01703824e+00	6.56520004e-03
20000	20000	407	1.47500000e-05	2.00010000e+02	1.50000000e+04	7.37463127e-10	1.14537385e-09	6.27087649e-05	9.33339527e-05	6.35592633e-06	5.51864392e-05	2.93998942e-02	-2.72755549e+00	-1.95216896e+00	-1.76757673e+00	-3.01704424e+00	6.56500183e-03
20000	20000	408	1.47500000e-05	2.00010000e+02	1.50000000e+04	7.37463127e-10	1.14537385e-09	6.27082801e-05	9.33334114e-05	6.35592632e-06	5.51857018e-05	2.93998810e-02	-2.72755885e+00	-1.95217148e+00	-1.76757673e+00	-3.01705004e+00	6.56480686e-03
20000	20000	409	1.47500000e-05	2.00010000e+02	1.50000000e+04	7.37463127e-10	1.14537385e-09	6.27078109e-05	9.33328877e-05	6.35592631e-06	5.51849884e-05	2.93998681e-02	-2.72756210e+00	-1.95217392e+00	-1.76757673e+00	-3.01705566e+00	6.56461510e-03
20000	20000	410	1.47500000e-05	2.00010000e+02	1.50000000e+04	7.37463127e-10	1.14537385e-09	6.27073571e-05	9.33323809e-05	6.35592630e-06	5.51842982e-05	2.93998553e-02	-2.72756524e+00	-1.95217628e+00	-1.76757673e+00	-3.01706109e+00	6.56442647e-03
20000	20000	411	1.47500000e-05	2.00010000e+02	1.50000000e+04	7.37463127e-10	1.14537385e-09	6.27069180e-05	9.33318907e-05	6.35592629e-06	5.51836304e-05	2.93998427e-02	-2.72756828e+00	-1.95217856e+00	-1.76757673e+00	-3.01706634e+00	6.56424094e-03
20000	20000	412	1.47500000e-05	2.00010000e+02	1.50000000e+04	7.37463127e-10	1.14537385e-09	6.27064931e-05	9.33314163e-05	6.35592628e-06	5.51829843e-05	2.93998304e-02	-2.72757122e+00	-1.95218076e+00	-1.76757673e+00	-3.01707143e+00	6.56405844e-03
20000	20000	413	1.47500000e-05	2.00010000e+02	1.50000000e+04	7.37463127e-10	1.14537385e-09	6.27060821e-05	9.33309574e-05	6.35592627e-06	5.51823593e-05	2.93998182e-02	-2.72757407e+00	-1.95218290e+00	-1.76757673e+00	-3.01707635e+00	6.56387894e-03
20000	20000	414	1.47500000e-05	2.00010000e+02	1.50000000e+04	7.37463127e-10	1.14537385e-09	6.27056844e-05	9.33305134e-05	6.35592626e-06	5.51817545e-05	2.93998063e-02	-2.72757682e+00	-1.95218497e+00	-1.76757673e+00	-3.01708111e+00	6.56370238e-03
20000	20000	415	1.47500000e-05	2.00010000e+02	1.50000000e+04	7.37463127e-10	1.14537385e-09	6.27052996e-05	9.33300838e-05	6.35592624e-06	5.51811694e-05	2.93997945e-02	-2.72757949e+00	-1.95218696e+00	-1.76757673e+00	-3.01708571e+00	6.56352872e-03
20000	20000	416	1.47500000e-05	2.00010000e+02	1.50000000e+04	7.37463127e-10	1.14537385e-09	6.27049274e-05	9.33296682e-05	6.35592623e-06	5.51806033e-05	2.93997830e-02	-2.72758207e+00	-1.95218890e+00	-1.76757673e+00	-3.01709017e+00	6.56335790e-03
20000	20000	417	1.47500000e-05	2.00010000e+02	1.50000000e+04	7.37463127e-10	1.14537385e-09	6.27045672e-05	9.33292661e-05	6.35592623e-06	5.51800557e-05	2.93997716e-02	-2.72758456e+00	-1.95219077e+00	-1.76757674e+00	-3.01709448e+00	6.56318988e-03
20000	20000	418	1.47500000e-05	2.00010000e+02	1.50000000e+04	7.37463127e-10	1.14537385e-09	6.27042188e-05	9.33288771e-05	6.35592622e-06	5.51795258e-05	2.93997604e-02	-2.72758697e+00	-1.95219258e+00	-1.76757674e+00	-3.01709865e+00	6.56302461e-03
20000	20000	419	1.47500000e-05	2.00010000e+02	1.50000000e+04	7.37463127e-10	1.14537385e-09	6.27038817e-05	9.33285007e-05	6.35592621e-06	5.51790131e-05	2.93997494e-02	-2.72758931e+00	-1.95219433e+00	-1.76757674e+00	-3.01710268e+00	6.56286205e-03
20000	20000	420	1.47500000e-05	2.00010000e+02	1.50000000e+04	7.37463127e-10	1.14537385e-09	6.27035555e-05	9.33281365e-05	6.35592620e-06	5.51785172e-05	2.93997386e-02	-2.72759157e+00	-1.95219603e+00	-1.76757674e+00	-3.01710659e+00	6.56270216e-03
20000	20000	421	1.47500000e-05	2.00010000e+02	1.50000000e+04	7.37463127e-10	1.14537385e-09	6.27032400e-05	9.33277842e-05	6.35592619e-06	5.51780373e-05	2.93997279e-02	-2.72759375e+00	-1.95219767e+00	-1.76757674e+00	-3.01711036e+00	6.56254488e-03
20000	20000	422	1.47500000e-05	2.00010000e+02	1.50000000e+04	7.37463127e-10	1.14537385e-09	6.27029347e-05	9.33274433e-05	6.35592618e-06	5.51775731e-05	2.93997174e-02	-2.72759587e+00	-1.95219925e+00	-1.76757674e+00	-3.01711402e+00	6.56239019e-03
20000	20000	423	1.47500000e-05	2.00010000e+02	1.50000000e+04	7.37463127e-10	1.14537385e-09	6.27026393e-05	9.33271136e-05	6.35592617e-06	5.51771239e-05	2.93997071e-02	-2.72759791e+00	-1.95220079e+00	-1.76757674e+00	-3.01711755e+00	6.56223803e-03
20000	20000	424	1.47500000e-05	2.00010000e+02	1.50000000e+04	7.37463127e-10	1.14537385e-09	6.27023535e-05	9.33267945e-05	6.35592616e-06	5.51766893e-05	2.93996970e-02	-2.72759989e+00	-1.95220227e+00	-1.76757674e+00	-3.01712097e+00	6.56208836e-03
20000	20000	425	1.47500000e-05	2.00010000e+02	1.50000000e+04	7.37463127e-10	1.14537385e-09	6.27020770e-05	9.33264858e-05	6.35592615e-06	5.51762689e-05	2.93996870e-02	-2.72760181e+00	-1.95220371e+00	-1.76757674e+00	-3.01712428e+00	6.56194115e-03
20000	20000	426	1.47500000e-05	2.00010000e+02	1.50000000e+04	7.37463127e-10	1.14537385e-09	6.27018095e-05	9.33261871e-05	6.35592614e-06	5.51758621e-05	2.93996772e-02	-2.72760366e+00	-1.95220510e+00	-1.76757674e+00	-3.01712748e+00	6.56179635e-03
20000	20000	427	1.47500000e-05	2.00010000e+02	1.50000000e+04	7.37463127e-10	1.14537385e-09	6.27015507e-05	9.33258981e-05	6.35592614e-06	5.51754686e-05	2.93996676e-02	-2.72760545e+00	-1.95220644e+00	-1.76757674e+00	-3.01713058e+00	6.56165392e-03
20000	20000	428	1.47500000e-05	2.00010000e+02	1.50000000e+04	7.37463127e-10	1.14537385e-09	6.27013003e-05	9.33256185e-05	6.35592613e-06	5.51750879e-05	2.93996581e-02	-2.72760719e+00	-1.95220774e+00	-1.76757674e+00	-3.01713358e+00	6.56151383e-03
20000	20000	429	1.47500000e-05	2.00010000e+02	1.50000000e+04	7.37463127e-10	1.14537385e-09	6.27010581e-05	9.33253481e-05	6.35592612e-06	5.51747195e-05	2.93996488e-02	-2.72760887e+00	-1.95220900e+00	-1.76757674e+00	-3.01713648e+00	6.56137603e-03
20000	20000	430	1.47500000e-05	2.00010000e+02	1.50000000e+04	7.37463127e-10	1.14537385e-09	6.27008237e-05	9.33250863e-05	6.35592611e-06	5.51743631e-05	2.93996396e-02	-2.72761049e+00	-1.95221022e+00	-1.76757674e+00	-3.01713928e+00	6.56124049e-03
20000	20000	431	1.47500000e-05	2.00010000e+02	1.50000000e+04	7.37463127e-10	1.14537385e-09	6.27005970e-05	9.33248332e-05	6.35592610e-06	5.51740183e-05	2.93996306e-02	-2.72761206e+00	-1.95221140e+00	-1.76757674e+00	-3.01714200e+00	6.56110717e-03
20000	20000	432	1.47500000e-05	2.00010000e+02	1.50000000e+04	7.37463127e-10	1.14537385e-09	6.27003776e-05	9.33245882e-05	6.35592610e-06	5.51736847e-05	2.93996217e-02	-2.72761358e+00	-1.95221254e+00	-1.76757674e+00	-3.01714462e+00	6.56097604e-03
20000	20000	433	1.47500000e-05	2.00010000e+02	1.50000000e+04	7.37463127e-10	1.14537385e-09	6.27001653e-05	9.33243512e-05	6.35592609e-06	5.51733620e-05	2.93996130e-02	-2.72761505e+00	-1.95221364e+00	-1.76757674e+00	-3.01714716e+00	6.56084705e-03
20000	20000	434	1.47500000e-05	2.00010000e+02	1.50000000e+04	7.37463127e-10	1.14537385e-09	6.26999600e-05	9.33241219e-05	6.35592608e-06	5.51730498e-05	2.93996044e-02	-2.72761647e+00	-1.95221471e+00	-1.76757675e+00	-3.01714962e+00	6.56072018e-03
20000	20000	435	1.47500000e-05	2.00010000e+02	1.50000000e+04	7.37463127e-10	1.14537385e-09	6.26997613e-05	9.33239000e-05	6.35592607e-06	5.51727477e-05	2.93995959e-02	-2.72761785e+00	-1.95221574e+00	-1.76757675e+00	-3.01715200e+00	6.56059540e-03
20000	20000	436	1.47500000e-05	2.00010000e+02	1.50000000e+04	7.37463127e-10	1.14537385e-09	6.26995691e-05	9.33236854e-05	6.35592607e-06	5.51724554e-05	2.93995876e-02	-2.72761918e+00	-1.95221674e+00	-1.76757675e+00	-3.01715430e+00	6.56047265e-03
20000	20000	437	1.47500000e-05	2.00010000e+02	1.50000000e+04	7.37463127e-10	1.14537385e-09	6.26993831e-05	9.33234777e-05	6.35592606e-06	5.51721726e-05	2.93995795e-02	-2.72762047e+00	-1.95221771e+00	-1.76757675e+00	-3.01715653e+00	6.56035192e-03
20000	20000	438	1.47500000e-05	2.00010000e+02	1.50000000e+04	7.37463127e-10	1.14537385e-09	6.26992032e-05	9.33232768e-05	6.35592605e-06	5.51718991e-05	2.93995714e-02	-2.72762171e+00	-1.95221864e+00	-1.76757675e+00	-3.01715868e+00	6.56023316e-03
20000	20000	439	1.47500000e-05	2.00010000e+02	1.50000000e+04	7.37463127e-10	1.14537385e-09	6.26990291e-05	9.33230824e-05	6.35592605e-06	5.51716344e-05	2.93995635e-02	-2.72762292e+00	-1.95221955e+00	-1.76757675e+00	-3.01716076e+00	6.56011635e-03
20000	20000	440	1.47500000e-05	2.00010000e+02	1.50000000e+04	7.37463127e-10	1.14537385e-09	6.26988607e-05	9.33228943e-05	6.35592604e-06	5.51713783e-05	2.93995557e-02	-2.72762409e+00	-1.95222042e+00	-1.76757675e+00	-3.01716278e+00	6.56000146e-03
20000	20000	441	1.47500000e-05	2.00010000e+02	1.50000000e+04	7.37463127e-10	1.14537385e-09	6.26986977e-05	9.33227124e-05	6.35592603e-06	5.51711306e-05	2.93995481e-02	-2.72762522e+00	-1.95222127e+00	-1.76757675e+00	-3.01716473e+00	6.55988844e-03
20000	20000	442	1.47500000e-05	2.00010000e+02	1.50000000e+04	7.37463127e-10	1.14537386e-09	6.26985401e-05	9.33225363e-05	6.35592603e-06	5.51708909e-05	2.93995406e-02	-2.72762631e+00	-1.95222209e+00	-1.76757675e+00	-3.01716661e+00	6.55977729e-03
20000	20000	443	1.47500000e-05	2.00010000e+02	1.50000000e+04	7.37463127e-10	1.14537386e-09	6.26983876e-05	9.33223660e-05	6.35592602e-06	5.51706590e-05	2.93995332e-02	-2.72762736e+00	-1.95222288e+00	-1.76757675e+00	-3.01716844e+00	6.55966795e-03
20000	20000	444	1.47500000e-05	2.00010000e+02	1.50000000e+04	7.37463127e-10	1.14537386e-09	6.26982400e-05	9.33222012e-05	6.35592601e-06	5.51704347e-05	2.93995259e-02	-2.72762839e+00	-1.95222365e+00	-1.76757675e+00	-3.01717021e+00	6.55956040e-03
20000	20000	445	1.47500000e-05	2.00010000e+02	1.50000000e+04	7.37463127e-10	1.14537386e-09	6.26980972e-05	9.33220418e-05	6.35592601e-06	5.51702176e-05	2.93995187e-02	-2.72762937e+00	-1.95222439e+00	-1.76757675e+00	-3.01717191e+00	6.55945462e-03
20000	20000	446	1.47500000e-05	2.00010000e+02	1.50000000e+04	7.37463127e-10	1.14537386e-09	6.26979591e-05	9.33218876e-05	6.35592600e-06	5.51700076e-05	2.93995117e-02	-2.72763033e+00	-1.95222511e+00	-1.76757675e+00	-3.01717357e+00	6.55935057e-03
20000	20000	447	1.47500000e-05	2.00010000e+02	1.50000000e+04	7.37463127e-10	1.14537386e-09	6.26978255e-05	9.33217383e-05	6.35592599e-06	5.51698044e-05	2.93995047e-02	-2.72763126e+00	-1.95222580e+00	-1.76757675e+00	-3.01717517e+00	6.55924823e-03
20000	20000	448	1.47500000e-05	2.00010000e+02	1.50000000e+04	7.37463127e-10	1.14537386e-09	6.26976962e-05	9.33215939e-05	6.35592599e-06	5.51696079e-05	2.93994979e-02	-2.72763215e+00	-1.95222647e+00	-1.76757675e+00	-3.01717671e+00	6.55914756e-03
20000	20000	449	1.47500000e-05	2.00010000e+02	1.50000000e+04	7.37463127e-10	1.14537386e-09	6.26975711e-05	9.33214542e-05	6.35592598e-06	5.51694177e-05	2.93994912e-02	-2.72763302e+00	-1.95222712e+00	-1.76757675e+00	-3.01717821e+00	6.55904854e-03
20000	20000	450	1.47500000e-05	2.00010000e+02	1.50000000e+04	7.37463127e-10	1.14537386e-09	6.26974501e-05	9.33213191e-05	6.35592598e-06	5.51692337e-05	2.93994846e-02	-2.72763386e+00	-1.95222775e+00	-1.76757675e+00	-3.01717966e+00	6.55895115e-03
20000	20000	451	1.47500000e-05	2.00010000e+02	1.50000000e+04	7.37463127e-10	1.14537386e-09	6.26973330e-05	9.33211883e-05	6.35592597e-06	5.51690557e-05	2.93994782e-02	-2.72763467e+00	-1.95222836e+00	-1.76757675e+00	-3.01718106e+00	6.55885535e-03
20000	20000	452	1.47500000e-05	2.00010000e+02	1.50000000e+04	7.37463127e-10	1.14537386e-09	6.26972197e-05	9.33210618e-05	6.35592597e-06	5.51688835e-05	2.93994718e-02	-2.72763545e+00	-1.95222895e+00	-1.76757675e+00	-3.01718242e+00	6.55876112e-03
20000	20000	453	1.47500000e-05	2.00010000e+02	1.50000000e+04	7.37463127e-10	1.14537386e-09	6.26971101e-05	9.33209394e-05	6.35592596e-06	5.51687169e-05	2.93994655e-02	-2.72763621e+00	-1.95222952e+00	-1.76757675e+00	-3.01718373e+00	6.55866844e-03
20000	20000	454	1.47500000e-05	2.00010000e+02	1.50000000e+04	7.37463127e-10	1.14537386e-09	6.26970041e-05	9.33208210e-05	6.35592595e-06	5.51685557e-05	2.93994593e-02	-2.72763695e+00	-1.95223007e+00	-1.76757675e+00	-3.01718500e+00	6.55857727e-03
20000	20000	455	1.47500000e-05	2.00010000e+02	1.50000000e+04	7.37463127e-10	1.14537386e-09	6.26969015e-05	9.33207064e-05	6.35592595e-06	5.51683998e-05	2.93994533e-02	-2.72763766e+00	-1.95223060e+00	-1.76757675e+00	-3.01718622e+00	6.55848760e-03
20000	20000	456	1.47500000e-05	2.00010000e+02	1.50000000e+04	7.37463127e-10	1.14537386e-09	6.26968022e-05	9.33205955e-05	6.35592594e-06	5.51682489e-05	2.93994473e-02	-2.72763835e+00	-1.95223112e+00	-1.76757675e+00	-3.01718741e+00	6.55839940e-03
20000	20000	457	1.47500000e-05	2.00010000e+02	1.50000000e+04	7.37463127e-10	1.14537386e-09	6.26967062e-05	9.33204883e-05	6.35592594e-06	5.51681029e-05	2.93994414e-02	-2.72763901e+00	-1.95223162e+00	-1.76757675e+00	-3.01718856e+00	6.55831265e-03
20000	20000	458	1.47500000e-05	2.00010000e+02	1.50000000e+04	7.37463127e-10	1.14537386e-09	6.26966133e-05	9.33203845e-05	6.35592593e-06	5.51679617e-05	2.93994356e-02	-2.72763965e+00	-1.95223210e+00	-1.76757676e+00	-3.01718967e+00	6.55822731e-03
20000	20000	459	1.47500000e-05	2.00010000e+02	1.50000000e+04	7.37463127e-10	1.14537386e-09	6.26965234e-05	9.33202841e-05	6.35592593e-06	5.51678251e-05	2.93994300e-02	-2.72764028e+00	-1.95223257e+00	-1.76757676e+00	-3.01719075e+00	6.55814338e-03
20000	20000	460	1.47500000e-05	2.00010000e+02	1.50000000e+04	7.37463127e-10	1.14537386e-09	6.26964365e-05	9.33201870e-05	6.35592592e-06	5.51676929e-05	2.93994244e-02	-2.72764088e+00	-1.95223302e+00	-1.76757676e+00	-3.01719179e+00	6.55806081e-03
20000	20000	461	1.47500000e-05	2.00010000e+02	1.50000000e+04	7.37463127e-10	1.14537386e-09	6.26963523e-05	9.33200930e-05	6.35592592e-06	5.51675650e-05	2.93994189e-02	-2.72764146e+00	-1.95223346e+00	-1.76757676e+00	-3.01719280e+00	6.55797961e-03
20000	20000	462	1.47500000e-05	2.00010000e+02	1.50000000e+04	7.37463127e-10	1.14537386e-09	6.26962709e-05	9.33200021e-05	6.35592592e-06	5.51674413e-05	2.93994135e-02	-2.72764203e+00	-1.95223388e+00	-1.76757676e+00	-3.01719377e+00	6.55789973e-03
20000	20000	463	1.47500000e-05	2.00010000e+02	1.50000000e+04	7.37463127e-10	1.14537386e-09	6.26961922e-05	9.33199142e-05	6.35592591e-06	5.51673216e-05	2.93994081e-02	-2.72764257e+00	-1.95223429e+00	-1.76757676e+00	-3.01719471e+00	6.55782117e-03
20000	20000	464	1.47500000e-05	2.00010000e+02	1.50000000e+04	7.37463127e-10	1.14537386e-09	6.26961160e-05	9.33198290e-05	6.35592591e-06	5.51672058e-05	2.93994029e-02	-2.72764310e+00	-1.95223469e+00	-1.76757676e+00	-3.01719562e+00	6.55774389e-03
20000	20000	465	1.47500000e-05	2.00010000e+02	1.50000000e+04	7.37463127e-10	1.14537386e-09	6.26960423e-05	9.33197467e-05	6.35592590e-06	5.51670937e-05	2.93993978e-02	-2.72764361e+00	-1.95223507e+00	-1.76757676e+00	-3.01719651e+00	6.55766787e-03
20000	20000	466	1.47500000e-05	2.00010000e+02	1.50000000e+04	7.37463127e-10	1.14537386e-09	6.26959710e-05	9.33196670e-05	6.35592590e-06	5.51669854e-05	2.93993927e-02	-2.72764410e+00	-1.95223544e+00	-1.76757676e+00	-3.01719736e+00	6.55759311e-03
20000	20000	467	1.47500000e-05	2.00010000e+02	1.50000000e+04	7.37463127e-10	1.14537386e-09	6.26959020e-05	9.33195900e-05	6.35592589e-06	5.51668805e-05	2.93993877e-02	-2.72764458e+00	-1.95223580e+00	-1.76757676e+00	-3.01719819e+00	6.55751956e-03
20000	20000	468	1.47500000e-05	2.00010000e+02	1.50000000e+04	7.37463127e-10	1.14537386e-09	6.26958352e-05	9.33195154e-05	6.35592589e-06	5.51667790e-05	2.93993828e-02	-2.72764504e+00	-1.95223615e+00	-1.76757676e+00	-3.01719898e+00	6.55744723e-03
20000	20000	469	1.47500000e-05	2.00010000e+02	1.50000000e+04	7.37463127e-10	1.14537386e-09	6.26957706e-05	9.33194432e-05	6.35592588e-06	5.51666809e-05	2.93993780e-02	-2.72764549e+00	-1.95223648e+00	-1.76757676e+00	-3.01719976e+00	6.55737608e-03
20000	20000	470	1.47500000e-05	2.00010000e+02	1.50000000e+04	7.37463127e-10	1.14537386e-09	6.26957081e-05	9.33193734e-05	6.35592588e-06	5.51665859e-05	2.93993733e-02	-2.72764592e+00	-1.95223681e+00	-1.76757676e+00	-3.01720050e+00	6.55730609e-03
20000	20000	471	1.47500000e-05	2.00010000e+02	1.50000000e+04	7.37463127e-10	1.14537386e-09	6.26956477e-05	9.33193059e-05	6.35592588e-06	5.51664940e-05	2.93993686e-02	-2.72764634e+00	-1.95223712e+00	-1.76757676e+00	-3.01720123e+00	6.55723725e-03
20000	20000	472	1.47500000e-05	2.00010000e+02	1.50000000e+04	7.37463127e-10	1.14537386e-09	6.26955892e-05	9.33192406e-05	6.35592587e-06	5.51664051e-05	2.93993640e-02	-2.72764675e+00	-1.95223742e+00	-1.76757676e+00	-3.01720193e+00	6.55716954e-03
20000	20000	473	1.47500000e-05	2.00010000e+02	1.50000000e+04	7.37463127e-10	1.14537386e-09	6.26955326e-05	9.33191773e-05	6.35592587e-06	5.51663191e-05	2.93993595e-02	-2.72764714e+00	-1.95223772e+00	-1.76757676e+00	-3.01720260e+00	6.55710294e-03
20000	20000	474	1.47500000e-05	2.00010000e+02	1.50000000e+04	7.37463127e-10	1.14537386e-09	6.26954778e-05	9.33191162e-05	6.35592586e-06	5.51662360e-05	2.93993551e-02	-2.72764752e+00	-1.95223800e+00	-1.76757676e+00	-3.01720326e+00	6.55703743e-03
20000	20000	475	1.47500000e-05	2.00010000e+02	1.50000000e+04	7.37463127e-10	1.14537386e-09	6.26954249e-05	9.33190570e-05	6.35592586e-06	5.51661555e-05	2.93993507e-02	-2.72764789e+00	-1.95223828e+00	-1.76757676e+00	-3.01720389e+00	6.55697300e-03
20000	20000	476	1.47500000e-05	2.00010000e+02	1.50000000e+04	7.37463127e-10	1.14537386e-09	6.26953736e-05	9.33189998e-05	6.35592586e-06	5.51660776e-05	2.93993464e-02	-2.72764824e+00	-1.95223855e+00	-1.76757676e+00	-3.01720451e+00	6.55690962e-03
20000	20000	477	1.47500000e-05	2.00010000e+02	1.50000000e+04	7.37463127e-10	1.14537386e-09	6.26953241e-05	9.33189444e-05	6.35592585e-06	5.51660023e-05	2.93993422e-02	-2.72764858e+00	-1.95223880e+00	-1.76757676e+00	-3.01720510e+00	6.55684728e-03
20000	20000	478	1.47500000e-05	2.00010000e+02	1.50000000e+04	7.37463127e-10	1.14537386e-09	6.26952761e-05	9.33188908e-05	6.35592585e-06	5.51659294e-05	2.93993381e-02	-2.72764892e+00	-1.95223905e+00	-1.76757676e+00	-3.01720567e+00	6.55678596e-03
20000	20000	479	1.47500000e-05	2.00010000e+02	1.50000000e+04	7.37463127e-10	1.14537386e-09	6.26952297e-05	9.33188389e-05	6.35592585e-06	5.51658588e-05	2.93993340e-02	-2.72764924e+00	-1.95223929e+00	-1.76757676e+00	-3.01720623e+00	6.55672565e-03
20000	20000	480	1.47500000e-05	2.00010000e+02	1.50000000e+04	7.37463127e-10	1.14537386e-09	6.26951848e-05	9.33187888e-05	6.35592584e-06	5.51657906e-05	2.93993300e-02	-2.72764955e+00	-1.95223953e+00	-1.76757676e+00	-3.01720676e+00	6.55666632e-03
20000	20000	481	1.47500000e-05	2.00010000e+02	1.50000000e+04	7.37463127e-10	1.14537386e-09	6.26951413e-05	9.33187402e-05	6.35592584e-06	5.51657246e-05	2.93993260e-02	-2.72764985e+00	-1.95223975e+00	-1.76757676e+00	-3.01720728e+00	6.55660797e-03
20000	20000	482	1.47500000e-05	2.00010000e+02	1.50000000e+04	7.37463127e-10	1.14537386e-09	6.26950993e-05	9.33186933e-05	6.35592584e-06	5.51656608e-05	2.93993221e-02	-2.72765014e+00	-1.95223997e+00	-1.76757676e+00	-3.01720779e+00	6.55655057e-03
20000	20000	483	1.47500000e-05	2.00010000e+02	1.50000000e+04	7.37463127e-10	1.14537386e-09	6.26950587e-05	9.33186478e-05	6.35592583e-06	5.51655990e-05	2.93993183e-02	-2.72765042e+00	-1.95224018e+00	-1.76757676e+00	-3.01720827e+00	6.55649411e-03
20000	20000	484	1.47500000e-05	2.00010000e+02	1.50000000e+04	7.37463127e-10	1.14537386e-09	6.26950193e-05	9.33186039e-05	6.35592583e-06	5.51655392e-05	2.93993145e-02	-2.72765070e+00	-1.95224039e+00	-1.76757676e+00	-3.01720874e+00	6.55643858e-03
20000	20000	485	1.47500000e-05	2.00010000e+02	1.50000000e+04	7.37463127e-10	1.14537386e-09	6.26949813e-05	9.33185613e-05	6.35592583e-06	5.51654814e-05	2.93993109e-02	-2.72765096e+00	-1.95224059e+00	-1.76757676e+00	-3.01720920e+00	6.55638396e-03
20000	20000	486	1.47500000e-05	2.00010000e+02	1.50000000e+04	7.37463127e-10	1.14537386e-09	6.26949444e-05	9.33185202e-05	6.35592582e-06	5.51654255e-05	2.93993072e-02	-2.72765121e+00	-1.95224078e+00	-1.76757676e+00	-3.01720964e+00	6.55633023e-03
20000	20000	487	1.47500000e-05	2.00010000e+02	1.50000000e+04	7.37463127e-10	1.14537386e-09	6.26949088e-05	9.33184804e-05	6.35592582e-06	5.51653713e-05	2.93993036e-02	-2.72765146e+00	-1.95224096e+00	-1.76757676e+00	-3.01721007e+00	6.55627739e-03
20000	20000	488	1.47500000e-05	2.00010000e+02	1.50000000e+04	7.37463127e-10	1.14537386e-09	6.26948743e-05	9.33184419e-05	6.35592582e-06	5.51653190e-05	2.93993001e-02	-2.72765170e+00	-1.95224114e+00	-1.76757676e+00	-3.01721048e+00	6.55622541e-03
20000	20000	489	1.47500000e-05	2.00010000e+02	1.50000000e+04	7.37463127e-10	1.14537386e-09	6.26948410e-05	9.33184046e-05	6.35592581e-06	5.51652683e-05	2.93992967e-02	-2.72765193e+00	-1.95224132e+00	-1.76757676e+00	-3.01721088e+00	6.55617428e-03
20000	20000	490	1.47500000e-05	2.00010000e+02	1.50000000e+04	7.37463127e-10	1.14537386e-09	6.26948087e-05	9.33183686e-05	6.35592581e-06	5.51652193e-05	2.93992933e-02	-2.72765215e+00	-1.95224148e+00	-1.76757676e+00	-3.01721126e+00	6.55612399e-03
20000	20000	491	1.47500000e-05	2.00010000e+02	1.50000000e+04	7.37463127e-10	1.14537386e-09	6.26947775e-05	9.33183337e-05	6.35592581e-06	5.51651719e-05	2.93992899e-02	-2.72765237e+00	-1.95224165e+00	-1.76757676e+00	-3.01721164e+00	6.55607453e-03
20000	20000	492	1.47500000e-05	2.00010000e+02	1.50000000e+04	7.37463127e-10	1.14537386e-09	6.26947473e-05	9.33182999e-05	6.35592581e-06	5.51651260e-05	2.93992866e-02	-2.72765258e+00	-1.95224180e+00	-1.76757676e+00	-3.01721200e+00	6.55602587e-03
20000	20000	493	1.47500000e-05	2.00010000e+02	1.50000000e+04	7.37463127e-10	1.14537386e-09	6.26947181e-05	9.33182673e-05	6.35592580e-06	5.51650817e-05	2.93992834e-02	-2.72765278e+00	-1.95224195e+00	-1.76757676e+00	-3.01721235e+00	6.55597802e-03
20000	20000	494	1.47500000e-05	2.00010000e+02	1.50000000e+04	7.37463127e-10	1.14537386e-09	6.26946898e-05	9.33182357e-05	6.35592580e-06	5.51650387e-05	2.93992802e-02	-2.72765298e+00	-1.95224210e+00	-1.76757676e+00	-3.01721268e+00	6.55593094e-03
20000	20000	495	1.47500000e-05	2.00010000e+02	1.50000000e+04	7.37463127e-10	1.14537386e-09	6.26946625e-05	9.33182051e-05	6.35592580e-06	5.51649972e-05	2.93992771e-02	-2.72765317e+00	-1.95224224e+00	-1.76757676e+00	-3.01721301e+00	6.55588464e-03
20000	20000	496	1.47500000e-05	2.00010000e+02	1.50000000e+04	7.37463127e-10	1.14537386e-09	6.26946360e-05	9.33181755e-05	6.35592579e-06	5.51649570e-05	2.93992740e-02	-2.72765335e+00	-1.95224238e+00	-1.76757676e+00	-3.01721333e+00	6.55583910e-03
20000	20000	497	1.47500000e-05	2.00010000e+02	1.50000000e+04	7.37463127e-10	1.14537386e-09	6.26946104e-05	9.33181469e-05	6.35592579e-06	5.51649181e-05	2.93992709e-02	-2.72765353e+00	-1.95224251e+00	-1.76757677e+00	-3.01721363e+00	6.55579430e-03
20000	20000	498	1.47500000e-05	2.00010000e+02	1.50000000e+04	7.37463127e-10	1.14537386e-09	6.26945857e-05	9.33181193e-05	6.35592579e-06	5.51648805e-05	2.93992680e-02	-2.72765370e+00	-1.95224264e+00	-1.76757677e+00	-3.01721393e+00	6.55575024e-03
20000	20000	499	1.47500000e-05	2.00010000e+02	1.50000000e+04	7.37463127e-10	1.14537386e-09	6.26945617e-05	9.33180925e-05	6.35592579e-06	5.51648441e-05	2.93992650e-02	-2.72765387e+00	-1.95224277e+00	-1.76757677e+00	-3.01721422e+00	6.55570690e-03
20000	20000	500	1.47500000e-05	2.00010000e+02	1.50000000e+04	7.37463127e-10	1.14537386e-09	6.26945385e-05	9.33180666e-05	6.35592578e-06	5.51648089e-05	2.93992621e-02	-2.72765403e+00	-1.95224289e+00	-1.76757677e+00	-3.01721449e+00	6.55566427e-03
