TITLE = "DT pseudo-time residual history"
VARIABLES = "step", "physicalStep", "inner", "runTime", "runCyc", "pseudoCFL", "dtPhys", "dtau", "Gfluid", "GNe", "GNi", "GEe", "GPhi", "logRelFluid", "logRelNe", "logRelNi", "logRelEe", "logRelPhi"
ZONE T="step_0_phys_0", I=410, SOLUTIONTIME=1.00000000e-02, F=POINT
0	0	0	7.37463127e-10	1.00000000e-02	1.00000000e+02	7.37463127e-10	7.85534618e-12	8.11722442e-01	7.34449013e-03	1.75933529e-05	1.40592533e+00	6.61428851e-14	0.00000000e+00	0.00000000e+00	0.00000000e+00	0.00000000e+00	0.00000000e+00
0	0	1	7.37463127e-10	1.00000000e-02	1.00000000e+02	7.37463127e-10	7.85534518e-12	3.06711110e-01	7.01520036e-03	1.74946147e-05	5.31192904e-01	5.02910347e-06	-4.22678045e-01	-1.99215718e-02	-2.44423112e-03	-4.22709990e-01	7.88100744e+00
0	0	2	7.37463127e-10	1.00000000e-02	1.00000000e+02	7.37463127e-10	7.85534342e-12	4.31509690e-02	6.43297177e-03	1.73490965e-05	7.44623056e-02	1.40905245e-05	-1.27441700e+00	-5.75500055e-02	-6.07175112e-03	-1.27602578e+00	8.32844402e+00
0	0	3	7.37463127e-10	1.00000000e-02	1.00000000e+02	7.37463127e-10	7.85534153e-12	2.55680274e-02	6.10755804e-03	1.72048067e-05	4.38619370e-02	1.88524328e-05	-1.50171033e+00	-8.00940485e-02	-9.69881701e-03	-1.50587445e+00	8.45488427e+00
0	0	4	7.37463127e-10	1.00000000e-02	1.00000000e+02	7.37463127e-10	7.85533943e-12	2.18858457e-02	5.87720963e-03	1.70617333e-05	3.74490166e-02	2.19651002e-05	-1.56924422e+00	-9.67904698e-02	-1.33254652e-02	-1.57452184e+00	8.52125005e+00
0	0	5	7.37463127e-10	1.00000000e-02	1.00000000e+02	7.37463127e-10	7.85533715e-12	2.02233204e-02	5.69344832e-03	1.69198657e-05	3.45620083e-02	2.43256245e-05	-1.60355509e+00	-1.10586268e-01	-1.69517033e-02	-1.60936328e+00	8.56558086e+00
0	0	6	7.37463127e-10	1.00000000e-02	1.00000000e+02	7.37463127e-10	7.85533468e-12	1.92303136e-02	5.53765923e-03	1.67791935e-05	3.28443135e-02	2.62563425e-05	-1.62542119e+00	-1.22635424e-01	-2.05775318e-02	-1.63150207e+00	8.59875109e+00
0	0	7	7.37463127e-10	1.00000000e-02	1.00000000e+02	7.37463127e-10	7.85533207e-12	1.85502181e-02	5.40097842e-03	1.66397066e-05	3.16727158e-02	2.79024678e-05	-1.64105853e+00	-1.33489210e-01	-2.42029491e-02	-1.64727695e+00	8.62515948e+00
0	0	8	7.37463127e-10	1.00000000e-02	1.00000000e+02	7.37463127e-10	7.85532930e-12	1.80427176e-02	5.27842219e-03	1.65013950e-05	3.08018987e-02	2.93426624e-05	-1.65310560e+00	-1.43457527e-01	-2.78279536e-02	-1.65938477e+00	8.64701638e+00
0	0	9	7.37463127e-10	1.00000000e-02	1.00000000e+02	7.37463127e-10	7.85532641e-12	1.76404523e-02	5.16685084e-03	1.63642487e-05	3.01141173e-02	3.06252670e-05	-1.66289784e+00	-1.52735727e-01	-3.14525432e-02	-1.66919212e+00	8.66559675e+00
0	0	10	7.37463127e-10	1.00000000e-02	1.00000000e+02	7.37463127e-10	7.85532341e-12	1.73069734e-02	5.06412986e-03	1.62282578e-05	2.95456986e-02	3.17825736e-05	-1.67118643e+00	-1.61456817e-01	-3.50767161e-02	-1.67746799e+00	8.68170593e+00
0	0	11	7.37463127e-10	1.00000000e-02	1.00000000e+02	7.37463127e-10	7.85532030e-12	1.70208741e-02	4.96872873e-03	1.60934125e-05	2.90592832e-02	3.28374327e-05	-1.67842569e+00	-1.69716365e-01	-3.87004706e-02	-1.68467736e+00	8.69588606e+00
0	0	12	7.37463127e-10	1.00000000e-02	1.00000000e+02	7.37463127e-10	7.85531708e-12	1.67687909e-02	4.87950574e-03	1.59597031e-05	2.86315772e-02	3.38067102e-05	-1.68490580e+00	-1.77585818e-01	-4.23238051e-02	-1.69111698e+00	8.70851978e+00
0	0	13	7.37463127e-10	1.00000000e-02	1.00000000e+02	7.37463127e-10	7.85531378e-12	1.65419721e-02	4.79558273e-03	1.58271200e-05	2.82473479e-02	3.47032659e-05	-1.69082027e+00	-1.85120263e-01	-4.59467179e-02	-1.69698458e+00	8.71988721e+00
0	0	14	7.37463127e-10	1.00000000e-02	1.00000000e+02	7.37463127e-10	7.85531040e-12	1.63344594e-02	4.71626741e-03	1.56956536e-05	2.78962411e-02	3.55371615e-05	-1.69630279e+00	-1.92363230e-01	-4.95692077e-02	-1.70241657e+00	8.73019960e+00
0	0	15	7.37463127e-10	1.00000000e-02	1.00000000e+02	7.37463127e-10	7.85530694e-12	1.61420630e-02	4.64100288e-03	1.55652945e-05	2.75709891e-02	3.63164374e-05	-1.70144852e+00	-1.99349814e-01	-5.31912730e-02	-1.70750991e+00	8.73962010e+00
0	0	16	7.37463127e-10	1.00000000e-02	1.00000000e+02	7.37463127e-10	7.85530340e-12	1.59617553e-02	4.56933350e-03	1.54360331e-05	2.72663502e-02	3.70476327e-05	-1.70632690e+00	-2.06108795e-01	-5.68129124e-02	-1.71233525e+00	8.74827733e+00
0	0	17	7.37463127e-10	1.00000000e-02	1.00000000e+02	7.37463127e-10	7.85529980e-12	1.57912968e-02	4.50088107e-03	1.53078603e-05	2.69784544e-02	3.77361456e-05	-1.71098976e+00	-2.12664114e-01	-6.04341247e-02	-1.71694519e+00	8.75627441e+00
0	0	18	7.37463127e-10	1.00000000e-02	1.00000000e+02	7.37463127e-10	7.85529614e-12	1.56289968e-02	4.43532776e-03	1.51807667e-05	2.67043865e-02	3.83864897e-05	-1.71547645e+00	-2.19035933e-01	-6.40549086e-02	-1.72137965e+00	8.76369527e+00
0	0	19	7.37463127e-10	1.00000000e-02	1.00000000e+02	7.37463127e-10	7.85529242e-12	1.54735556e-02	4.37240354e-03	1.50547432e-05	2.64419105e-02	3.90024813e-05	-1.71981743e+00	-2.25241414e-01	-6.76752630e-02	-1.72566942e+00	8.77060910e+00
0	0	20	7.37463127e-10	1.00000000e-02	1.00000000e+02	7.37463127e-10	7.85528865e-12	1.53239588e-02	4.31187680e-03	1.49297807e-05	2.61892847e-02	3.95873791e-05	-1.72403658e+00	-2.31295308e-01	-7.12951866e-02	-1.72983862e+00	8.77707362e+00
0	0	21	7.37463127e-10	1.00000000e-02	1.00000000e+02	7.37463127e-10	7.85528483e-12	1.51794027e-02	4.25354719e-03	1.48058701e-05	2.59451328e-02	4.01439897e-05	-1.72815287e+00	-2.37210396e-01	-7.49146784e-02	-1.73390636e+00	8.78313740e+00
0	0	22	7.37463127e-10	1.00000000e-02	1.00000000e+02	7.37463127e-10	7.85528095e-12	1.50392428e-02	4.19724010e-03	1.46830026e-05	2.57083534e-02	4.06747490e-05	-1.73218158e+00	-2.42997838e-01	-7.85337372e-02	-1.73788799e+00	8.78884175e+00
0	0	23	7.37463127e-10	1.00000000e-02	1.00000000e+02	7.37463127e-10	7.85527704e-12	1.49029563e-02	4.14280230e-03	1.45611693e-05	2.54780552e-02	4.11817860e-05	-1.73613512e+00	-2.48667442e-01	-8.21523620e-02	-1.74179598e+00	8.79422204e+00
0	0	24	7.37463127e-10	1.00000000e-02	1.00000000e+02	7.37463127e-10	7.85527308e-12	1.47701143e-02	4.09009850e-03	1.44403614e-05	2.52535090e-02	4.16669734e-05	-1.74002370e+00	-2.54227884e-01	-8.57705518e-02	-1.74564052e+00	8.79930882e+00
0	0	25	7.37463127e-10	1.00000000e-02	1.00000000e+02	7.37463127e-10	7.85526909e-12	1.46403620e-02	4.03900857e-03	1.43205701e-05	2.50341127e-02	4.21319673e-05	-1.74385574e+00	-2.59686877e-01	-8.93883055e-02	-1.74943005e+00	8.80412860e+00
0	0	26	7.37463127e-10	1.00000000e-02	1.00000000e+02	7.37463127e-10	7.85526505e-12	1.45134028e-02	3.98942530e-03	1.42017869e-05	2.48193648e-02	4.25782405e-05	-1.74763830e+00	-2.65051314e-01	-9.30056222e-02	-1.75317159e+00	8.80870458e+00
0	0	27	7.37463127e-10	1.00000000e-02	1.00000000e+02	7.37463127e-10	7.85526099e-12	1.43889872e-02	3.94125257e-03	1.40840031e-05	2.46088437e-02	4.30071084e-05	-1.75137733e+00	-2.70327384e-01	-9.66225009e-02	-1.75687105e+00	8.81305711e+00
0	0	28	7.37463127e-10	1.00000000e-02	1.00000000e+02	7.37463127e-10	7.85525689e-12	1.42669034e-02	3.89440383e-03	1.39672103e-05	2.44021929e-02	4.34197514e-05	-1.75507783e+00	-2.75520668e-01	-1.00238941e-01	-1.76053340e+00	8.81720420e+00
0	0	29	7.37463127e-10	1.00000000e-02	1.00000000e+02	7.37463127e-10	7.85525277e-12	1.41469704e-02	3.84880082e-03	1.38514001e-05	2.41991085e-02	4.38172330e-05	-1.75874411e+00	-2.80636215e-01	-1.03854940e-01	-1.76416289e+00	8.82116181e+00
0	0	30	7.37463127e-10	1.00000000e-02	1.00000000e+02	7.37463127e-10	7.85524861e-12	1.40290326e-02	3.80437252e-03	1.37365640e-05	2.39993297e-02	4.42005147e-05	-1.76237983e+00	-2.85678615e-01	-1.07470499e-01	-1.76776314e+00	8.82494419e+00
0	0	31	7.37463127e-10	1.00000000e-02	1.00000000e+02	7.37463127e-10	7.85524443e-12	1.39129552e-02	3.76105429e-03	1.36226939e-05	2.38026312e-02	4.45704691e-05	-1.76598817e+00	-2.90652049e-01	-1.11085616e-01	-1.77133729e+00	8.82856407e+00
0	0	32	7.37463127e-10	1.00000000e-02	1.00000000e+02	7.37463127e-10	7.85524023e-12	1.37986210e-02	3.71878706e-03	1.35097814e-05	2.36088175e-02	4.49278903e-05	-1.76957187e+00	-2.95560341e-01	-1.14700291e-01	-1.77488802e+00	8.83203289e+00
0	0	33	7.37463127e-10	1.00000000e-02	1.00000000e+02	7.37463127e-10	7.85523600e-12	1.36859273e-02	3.67751672e-03	1.33978186e-05	2.34177179e-02	4.52735035e-05	-1.77313332e+00	-3.00406996e-01	-1.18314522e-01	-1.77841768e+00	8.83536097e+00
0	0	34	7.37463127e-10	1.00000000e-02	1.00000000e+02	7.37463127e-10	7.85523175e-12	1.35747838e-02	3.63719355e-03	1.32867972e-05	2.32291823e-02	4.56079728e-05	-1.77667463e+00	-3.05195239e-01	-1.21928309e-01	-1.78192833e+00	8.83855763e+00
0	0	35	7.37463127e-10	1.00000000e-02	1.00000000e+02	7.37463127e-10	7.85522749e-12	1.34651105e-02	3.59777178e-03	1.31767093e-05	2.30430785e-02	4.59319077e-05	-1.78019763e+00	-3.09928041e-01	-1.25541650e-01	-1.78542176e+00	8.84163135e+00
0	0	36	7.37463127e-10	1.00000000e-02	1.00000000e+02	7.37463127e-10	7.85522320e-12	1.33568364e-02	3.55920911e-03	1.30675469e-05	2.28592891e-02	4.62458692e-05	-1.78370395e+00	-3.14608148e-01	-1.29154546e-01	-1.78889953e+00	8.84458981e+00
0	0	37	7.37463127e-10	1.00000000e-02	1.00000000e+02	7.37463127e-10	7.85521890e-12	1.32498982e-02	3.52146640e-03	1.29593023e-05	2.26777096e-02	4.65503748e-05	-1.78719501e+00	-3.19238102e-01	-1.32766994e-01	-1.79236306e+00	8.84744005e+00
0	0	38	7.37463127e-10	1.00000000e-02	1.00000000e+02	7.37463127e-10	7.85521458e-12	1.31442390e-02	3.48450736e-03	1.28519675e-05	2.24982467e-02	4.68459029e-05	-1.79067210e+00	-3.23820265e-01	-1.36378995e-01	-1.79581358e+00	8.85018848e+00
0	0	39	7.37463127e-10	1.00000000e-02	1.00000000e+02	7.37463127e-10	7.85521025e-12	1.30398077e-02	3.44829824e-03	1.27455349e-05	2.23208162e-02	4.71328967e-05	-1.79413636e+00	-3.28356831e-01	-1.39990547e-01	-1.79925218e+00	8.85284100e+00
0	0	40	7.37463127e-10	1.00000000e-02	1.00000000e+02	7.37463127e-10	7.85520591e-12	1.29365581e-02	3.41280762e-03	1.26399968e-05	2.21453424e-02	4.74117677e-05	-1.79758881e+00	-3.32849843e-01	-1.43601650e-01	-1.80267985e+00	8.85540301e+00
0	0	41	7.37463127e-10	1.00000000e-02	1.00000000e+02	7.37463127e-10	7.85520155e-12	1.28344482e-02	3.37800618e-03	1.25353456e-05	2.19717568e-02	4.76828984e-05	-1.80103035e+00	-3.37301212e-01	-1.47212303e-01	-1.80609747e+00	8.85787951e+00
0	0	42	7.37463127e-10	1.00000000e-02	1.00000000e+02	7.37463127e-10	7.85519718e-12	1.27334398e-02	3.34386650e-03	1.24315737e-05	2.17999970e-02	4.79466453e-05	-1.80446181e+00	-3.41712721e-01	-1.50822505e-01	-1.80950582e+00	8.86027509e+00
0	0	43	7.37463127e-10	1.00000000e-02	1.00000000e+02	7.37463127e-10	7.85519281e-12	1.26334980e-02	3.31036293e-03	1.23286737e-05	2.16300061e-02	4.82033410e-05	-1.80788394e+00	-3.46086042e-01	-1.54432255e-01	-1.81290561e+00	8.86259401e+00
0	0	44	7.37463127e-10	1.00000000e-02	1.00000000e+02	7.37463127e-10	7.85518842e-12	1.25345909e-02	3.27747140e-03	1.22266382e-05	2.14617320e-02	4.84532964e-05	-1.81129739e+00	-3.50422741e-01	-1.58041553e-01	-1.81629749e+00	8.86484019e+00
0	0	45	7.37463127e-10	1.00000000e-02	1.00000000e+02	7.37463127e-10	7.85518403e-12	1.24366890e-02	3.24516931e-03	1.21254598e-05	2.12951269e-02	4.86968025e-05	-1.81470278e+00	-3.54724291e-01	-1.61650398e-01	-1.81968202e+00	8.86701731e+00
0	0	46	7.37463127e-10	1.00000000e-02	1.00000000e+02	7.37463127e-10	7.85517963e-12	1.23397652e-02	3.21343541e-03	1.20251313e-05	2.11301468e-02	4.89341322e-05	-1.81810066e+00	-3.58992076e-01	-1.65258788e-01	-1.82305974e+00	8.86912876e+00
0	0	47	7.37463127e-10	1.00000000e-02	1.00000000e+02	7.37463127e-10	7.85517522e-12	1.22437943e-02	3.18224967e-03	1.19256454e-05	2.09667509e-02	4.91655415e-05	-1.82149153e+00	-3.63227402e-01	-1.68866724e-01	-1.82643112e+00	8.87117769e+00
0	0	48	7.37463127e-10	1.00000000e-02	1.00000000e+02	7.37463127e-10	7.85517081e-12	1.21487530e-02	3.15159320e-03	1.18269949e-05	2.08049014e-02	4.93912713e-05	-1.82487585e+00	-3.67431496e-01	-1.72474204e-01	-1.82979659e+00	8.87316707e+00
0	0	49	7.37463127e-10	1.00000000e-02	1.00000000e+02	7.37463127e-10	7.85516639e-12	1.20546197e-02	3.12144818e-03	1.17291728e-05	2.06445632e-02	4.96115481e-05	-1.82825404e+00	-3.71605522e-01	-1.76081228e-01	-1.83315656e+00	8.87509964e+00
0	0	50	7.37463127e-10	1.00000000e-02	1.00000000e+02	7.37463127e-10	7.85516197e-12	1.19613739e-02	3.09179774e-03	1.16321721e-05	2.04857035e-02	4.98265855e-05	-1.83162649e+00	-3.75750576e-01	-1.79687795e-01	-1.83651137e+00	8.87697799e+00
0	0	51	7.37463127e-10	1.00000000e-02	1.00000000e+02	7.37463127e-10	7.85515754e-12	1.18689968e-02	3.06262592e-03	1.15359857e-05	2.03282918e-02	5.00365850e-05	-1.83499354e+00	-3.79867698e-01	-1.83293904e-01	-1.83986137e+00	8.87880453e+00
0	0	52	7.37463127e-10	1.00000000e-02	1.00000000e+02	7.37463127e-10	7.85515312e-12	1.17774707e-02	3.03391759e-03	1.14406068e-05	2.01722993e-02	5.02417368e-05	-1.83835552e+00	-3.83957871e-01	-1.86899555e-01	-1.84320685e+00	8.88058151e+00
0	0	53	7.37463127e-10	1.00000000e-02	1.00000000e+02	7.37463127e-10	7.85514869e-12	1.16867786e-02	3.00565841e-03	1.13460284e-05	2.00176990e-02	5.04422208e-05	-1.84171274e+00	-3.88022030e-01	-1.90504747e-01	-1.84654810e+00	8.88231106e+00
0	0	54	7.37463127e-10	1.00000000e-02	1.00000000e+02	7.37463127e-10	7.85514426e-12	1.15969050e-02	2.97783474e-03	1.12522439e-05	1.98644655e-02	5.06382075e-05	-1.84506545e+00	-3.92061059e-01	-1.94109479e-01	-1.84988537e+00	8.88399519e+00
0	0	55	7.37463127e-10	1.00000000e-02	1.00000000e+02	7.37463127e-10	7.85513983e-12	1.15078348e-02	2.95043363e-03	1.11592463e-05	1.97125747e-02	5.08298581e-05	-1.84841393e+00	-3.96075802e-01	-1.97713750e-01	-1.85321890e+00	8.88563576e+00
0	0	56	7.37463127e-10	1.00000000e-02	1.00000000e+02	7.37463127e-10	7.85513539e-12	1.14195540e-02	2.92344275e-03	1.10670292e-05	1.95620041e-02	5.10173256e-05	-1.85175841e+00	-4.00067058e-01	-2.01317560e-01	-1.85654891e+00	8.88723455e+00
0	0	57	7.37463127e-10	1.00000000e-02	1.00000000e+02	7.37463127e-10	7.85513096e-12	1.13320493e-02	2.89685036e-03	1.09755857e-05	1.94127319e-02	5.12007554e-05	-1.85509910e+00	-4.04035590e-01	-2.04920908e-01	-1.85987560e+00	8.88879323e+00
0	0	58	7.37463127e-10	1.00000000e-02	1.00000000e+02	7.37463127e-10	7.85512654e-12	1.12453078e-02	2.87064526e-03	1.08849094e-05	1.92647377e-02	5.13802854e-05	-1.85843621e+00	-4.07982123e-01	-2.08523794e-01	-1.86319916e+00	8.89031338e+00
0	0	59	7.37463127e-10	1.00000000e-02	1.00000000e+02	7.37463127e-10	7.85512211e-12	1.11593174e-02	2.84481677e-03	1.07949938e-05	1.91180019e-02	5.15560468e-05	-1.86176992e+00	-4.11907351e-01	-2.12126216e-01	-1.86651975e+00	8.89179648e+00
0	0	60	7.37463127e-10	1.00000000e-02	1.00000000e+02	7.37463127e-10	7.85511768e-12	1.10740667e-02	2.81935470e-03	1.07058324e-05	1.89725060e-02	5.17281646e-05	-1.86510042e+00	-4.15811934e-01	-2.15728174e-01	-1.86983756e+00	8.89324393e+00
0	0	61	7.37463127e-10	1.00000000e-02	1.00000000e+02	7.37463127e-10	7.85511326e-12	1.09895445e-02	2.79424929e-03	1.06174188e-05	1.88282322e-02	5.18967576e-05	-1.86842786e+00	-4.19696503e-01	-2.19329667e-01	-1.87315271e+00	8.89465709e+00
0	0	62	7.37463127e-10	1.00000000e-02	1.00000000e+02	7.37463127e-10	7.85510884e-12	1.09057404e-02	2.76949121e-03	1.05297466e-05	1.86851633e-02	5.20619393e-05	-1.87175240e+00	-4.23561660e-01	-2.22930695e-01	-1.87646536e+00	8.89603721e+00
0	0	63	7.37463127e-10	1.00000000e-02	1.00000000e+02	7.37463127e-10	7.85510442e-12	1.08226440e-02	2.74507155e-03	1.04428095e-05	1.85432830e-02	5.22238178e-05	-1.87507418e+00	-4.27407982e-01	-2.26531257e-01	-1.87977563e+00	8.89738548e+00
0	0	64	7.37463127e-10	1.00000000e-02	1.00000000e+02	7.37463127e-10	7.85510001e-12	1.07402458e-02	2.72098176e-03	1.03566014e-05	1.84025756e-02	5.23824965e-05	-1.87839333e+00	-4.31236021e-01	-2.30131352e-01	-1.88308364e+00	8.89870306e+00
0	0	65	7.37463127e-10	1.00000000e-02	1.00000000e+02	7.37463127e-10	7.85509561e-12	1.06585363e-02	2.69721363e-03	1.02711160e-05	1.82630260e-02	5.25380738e-05	-1.88170999e+00	-4.35046306e-01	-2.33730980e-01	-1.88638952e+00	8.89999101e+00
0	0	66	7.37463127e-10	1.00000000e-02	1.00000000e+02	7.37463127e-10	7.85509120e-12	1.05775064e-02	2.67375931e-03	1.01863472e-05	1.81246196e-02	5.26906441e-05	-1.88502425e+00	-4.38839342e-01	-2.37330140e-01	-1.88969335e+00	8.90125037e+00
0	0	67	7.37463127e-10	1.00000000e-02	1.00000000e+02	7.37463127e-10	7.85508681e-12	1.04971476e-02	2.65061125e-03	1.01022889e-05	1.79873422e-02	5.28402975e-05	-1.88833625e+00	-4.42615615e-01	-2.40928831e-01	-1.89299526e+00	8.90248212e+00
0	0	68	7.37463127e-10	1.00000000e-02	1.00000000e+02	7.37463127e-10	7.85508241e-12	1.04174513e-02	2.62776220e-03	1.00189351e-05	1.78511804e-02	5.29871205e-05	-1.89164607e+00	-4.46375590e-01	-2.44527052e-01	-1.89629532e+00	8.90368719e+00
0	0	69	7.37463127e-10	1.00000000e-02	1.00000000e+02	7.37463127e-10	7.85507803e-12	1.03384095e-02	2.60520519e-03	9.93627975e-06	1.77161209e-02	5.31311957e-05	-1.89495382e+00	-4.50119716e-01	-2.48124804e-01	-1.89959362e+00	8.90486646e+00
0	0	70	7.37463127e-10	1.00000000e-02	1.00000000e+02	7.37463127e-10	7.85507365e-12	1.02600142e-02	2.58293353e-03	9.85431701e-06	1.75821510e-02	5.32726022e-05	-1.89825959e+00	-4.53848421e-01	-2.51722085e-01	-1.90289025e+00	8.90602078e+00
0	0	71	7.37463127e-10	1.00000000e-02	1.00000000e+02	7.37463127e-10	7.85506928e-12	1.01822579e-02	2.56094076e-03	9.77304097e-06	1.74492583e-02	5.34114162e-05	-1.90156346e+00	-4.57562119e-01	-2.55318895e-01	-1.90618528e+00	8.90715096e+00
0	0	72	7.37463127e-10	1.00000000e-02	1.00000000e+02	7.37463127e-10	7.85506491e-12	1.01051331e-02	2.53922068e-03	9.69244581e-06	1.73174309e-02	5.35477104e-05	-1.90486551e+00	-4.61261205e-01	-2.58915233e-01	-1.90947879e+00	8.90825777e+00
0	0	73	7.37463127e-10	1.00000000e-02	1.00000000e+02	7.37463127e-10	7.85506055e-12	1.00286327e-02	2.51776730e-03	9.61252576e-06	1.71866569e-02	5.36815548e-05	-1.90816583e+00	-4.64946062e-01	-2.62511098e-01	-1.91277085e+00	8.90934195e+00
0	0	74	7.37463127e-10	1.00000000e-02	1.00000000e+02	7.37463127e-10	7.85505620e-12	9.95274961e-03	2.49657486e-03	9.53327508e-06	1.70569252e-02	5.38130167e-05	-1.91146447e+00	-4.68617058e-01	-2.66106490e-01	-1.91606151e+00	8.91040420e+00
0	0	75	7.37463127e-10	1.00000000e-02	1.00000000e+02	7.37463127e-10	7.85505186e-12	9.87747706e-03	2.47563780e-03	9.45468810e-06	1.69282246e-02	5.39421607e-05	-1.91476152e+00	-4.72274546e-01	-2.69701408e-01	-1.91935084e+00	8.91144520e+00
0	0	76	7.37463127e-10	1.00000000e-02	1.00000000e+02	7.37463127e-10	7.85504752e-12	9.80280842e-03	2.45495075e-03	9.37675919e-06	1.68005443e-02	5.40690489e-05	-1.91805704e+00	-4.75918867e-01	-2.73295852e-01	-1.92263890e+00	8.91246560e+00
0	0	77	7.37463127e-10	1.00000000e-02	1.00000000e+02	7.37463127e-10	7.85504320e-12	9.72873725e-03	2.43450853e-03	9.29948277e-06	1.66738738e-02	5.41937409e-05	-1.92135108e+00	-4.79550350e-01	-2.76889820e-01	-1.92592574e+00	8.91346600e+00
0	0	78	7.37463127e-10	1.00000000e-02	1.00000000e+02	7.37463127e-10	7.85503888e-12	9.65525723e-03	2.41430614e-03	9.22285331e-06	1.65482028e-02	5.43162944e-05	-1.92464370e+00	-4.83169313e-01	-2.80483313e-01	-1.92921142e+00	8.91444700e+00
0	0	79	7.37463127e-10	1.00000000e-02	1.00000000e+02	7.37463127e-10	7.85503457e-12	9.58236221e-03	2.39433873e-03	9.14686532e-06	1.64235214e-02	5.44367646e-05	-1.92793497e+00	-4.86776060e-01	-2.84076330e-01	-1.93249597e+00	8.91540917e+00
0	0	80	7.37463127e-10	1.00000000e-02	1.00000000e+02	7.37463127e-10	7.85503027e-12	9.51004618e-03	2.37460164e-03	9.07151337e-06	1.62998196e-02	5.45552049e-05	-1.93122493e+00	-4.90370888e-01	-2.87668869e-01	-1.93577946e+00	8.91635306e+00
0	0	81	7.37463127e-10	1.00000000e-02	1.00000000e+02	7.37463127e-10	7.85502598e-12	9.43830326e-03	2.35509034e-03	8.99679206e-06	1.61770879e-02	5.46716667e-05	-1.93451363e+00	-4.93954080e-01	-2.91260932e-01	-1.93906191e+00	8.91727918e+00
0	0	82	7.37463127e-10	1.00000000e-02	1.00000000e+02	7.37463127e-10	7.85502170e-12	9.36712770e-03	2.33580045e-03	8.92269604e-06	1.60553169e-02	5.47861996e-05	-1.93780111e+00	-4.97525914e-01	-2.94852516e-01	-1.94234337e+00	8.91818804e+00
0	0	83	7.37463127e-10	1.00000000e-02	1.00000000e+02	7.37463127e-10	7.85501743e-12	9.29651387e-03	2.31672774e-03	8.84922002e-06	1.59344973e-02	5.48988513e-05	-1.94108743e+00	-5.01086653e-01	-2.98443621e-01	-1.94562389e+00	8.91908012e+00
0	0	84	7.37463127e-10	1.00000000e-02	1.00000000e+02	7.37463127e-10	7.85501317e-12	9.22645626e-03	2.29786809e-03	8.77635875e-06	1.58146202e-02	5.50096680e-05	-1.94437263e+00	-5.04636557e-01	-3.02034247e-01	-1.94890349e+00	8.91995589e+00
0	0	85	7.37463127e-10	1.00000000e-02	1.00000000e+02	7.37463127e-10	7.85500892e-12	9.15694945e-03	2.27921754e-03	8.70410700e-06	1.56956765e-02	5.51186942e-05	-1.94765674e+00	-5.08175874e-01	-3.05624393e-01	-1.95218221e+00	8.92081579e+00
0	0	86	7.37463127e-10	1.00000000e-02	1.00000000e+02	7.37463127e-10	7.85500469e-12	9.08798815e-03	2.26077222e-03	8.63245962e-06	1.55776577e-02	5.52259730e-05	-1.95093980e+00	-5.11704844e-01	-3.09214059e-01	-1.95546010e+00	8.92166024e+00
0	0	87	7.37463127e-10	1.00000000e-02	1.00000000e+02	7.37463127e-10	7.85500046e-12	9.01956716e-03	2.24252840e-03	8.56141149e-06	1.54605552e-02	5.53315458e-05	-1.95422186e+00	-5.15223701e-01	-3.12803243e-01	-1.95873717e+00	8.92248967e+00
0	0	88	7.37463127e-10	1.00000000e-02	1.00000000e+02	7.37463127e-10	7.85499624e-12	8.95168137e-03	2.22448244e-03	8.49095753e-06	1.53443606e-02	5.54354528e-05	-1.95750294e+00	-5.18732669e-01	-3.16391946e-01	-1.96201346e+00	8.92330447e+00
0	0	89	7.37463127e-10	1.00000000e-02	1.00000000e+02	7.37463127e-10	7.85499204e-12	8.88432576e-03	2.20663084e-03	8.42109270e-06	1.52290657e-02	5.55377330e-05	-1.96078308e+00	-5.22231968e-01	-3.19980166e-01	-1.96528899e+00	8.92410501e+00
0	0	90	7.37463127e-10	1.00000000e-02	1.00000000e+02	7.37463127e-10	7.85498784e-12	8.81749541e-03	2.18897016e-03	8.35181202e-06	1.51146623e-02	5.56384237e-05	-1.96406231e+00	-5.25721809e-01	-3.23567904e-01	-1.96856381e+00	8.92489168e+00
0	0	91	7.37463127e-10	1.00000000e-02	1.00000000e+02	7.37463127e-10	7.85498366e-12	8.75118547e-03	2.17149710e-03	8.28311053e-06	1.50011424e-02	5.57375614e-05	-1.96734066e+00	-5.29202398e-01	-3.27155158e-01	-1.97183792e+00	8.92566483e+00
0	0	92	7.37463127e-10	1.00000000e-02	1.00000000e+02	7.37463127e-10	7.85497949e-12	8.68539119e-03	2.15420842e-03	8.21498333e-06	1.48884982e-02	5.58351812e-05	-1.97061817e+00	-5.32673932e-01	-3.30741928e-01	-1.97511136e+00	8.92642480e+00
0	0	93	7.37463127e-10	1.00000000e-02	1.00000000e+02	7.37463127e-10	7.85497533e-12	8.62010786e-03	2.13710099e-03	8.14742555e-06	1.47767220e-02	5.59313172e-05	-1.97389485e+00	-5.36136605e-01	-3.34328213e-01	-1.97838415e+00	8.92717191e+00
0	0	94	7.37463127e-10	1.00000000e-02	1.00000000e+02	7.37463127e-10	7.85497118e-12	8.55533090e-03	2.12017176e-03	8.08043238e-06	1.46658060e-02	5.60260023e-05	-1.97717074e+00	-5.39590605e-01	-3.37914014e-01	-1.98165632e+00	8.92790650e+00
0	0	95	7.37463127e-10	1.00000000e-02	1.00000000e+02	7.37463127e-10	7.85496704e-12	8.49105575e-03	2.10341777e-03	8.01399904e-06	1.45557429e-02	5.61192686e-05	-1.98044586e+00	-5.43036112e-01	-3.41499328e-01	-1.98492788e+00	8.92862887e+00
0	0	96	7.37463127e-10	1.00000000e-02	1.00000000e+02	7.37463127e-10	7.85496292e-12	8.42727794e-03	2.08683614e-03	7.94812077e-06	1.44465253e-02	5.62111469e-05	-1.98372024e+00	-5.46473302e-01	-3.45084157e-01	-1.98819885e+00	8.92933931e+00
0	0	97	7.37463127e-10	1.00000000e-02	1.00000000e+02	7.37463127e-10	7.85495881e-12	8.36399307e-03	2.07042405e-03	7.88279289e-06	1.43381457e-02	5.63016673e-05	-1.98699389e+00	-5.49902348e-01	-3.48668498e-01	-1.99146927e+00	8.93003812e+00
0	0	98	7.37463127e-10	1.00000000e-02	1.00000000e+02	7.37463127e-10	7.85495471e-12	8.30119680e-03	2.05417877e-03	7.81801072e-06	1.42305971e-02	5.63908589e-05	-1.99026684e+00	-5.53323414e-01	-3.52252352e-01	-1.99473913e+00	8.93072558e+00
0	0	99	7.37463127e-10	1.00000000e-02	1.00000000e+02	7.37463127e-10	7.85495063e-12	8.23888486e-03	2.03809765e-03	7.75376967e-06	1.41238723e-02	5.64787500e-05	-1.99353912e+00	-5.56736663e-01	-3.55835719e-01	-1.99800847e+00	8.93140194e+00
0	0	100	7.37463127e-10	1.00000000e-02	1.00000000e+02	7.37463127e-10	7.85494655e-12	8.17705302e-03	2.02217809e-03	7.69006513e-06	1.40179644e-02	5.65653679e-05	-1.99681074e+00	-5.60142251e-01	-3.59418596e-01	-2.00127730e+00	8.93206748e+00
0	0	101	7.37463127e-10	1.00000000e-02	1.00000000e+02	7.37463127e-10	7.85494249e-12	8.11569713e-03	2.00641756e-03	7.62689258e-06	1.39128663e-02	5.66507392e-05	-2.00008172e+00	-5.63540331e-01	-3.63000985e-01	-2.00454564e+00	8.93272245e+00
0	0	102	7.37463127e-10	1.00000000e-02	1.00000000e+02	7.37463127e-10	7.85493845e-12	8.05481308e-03	1.99081361e-03	7.56424750e-06	1.38085714e-02	5.67348898e-05	-2.00335209e+00	-5.66931050e-01	-3.66582884e-01	-2.00781350e+00	8.93336708e+00
0	0	103	7.37463127e-10	1.00000000e-02	1.00000000e+02	7.37463127e-10	7.85493441e-12	7.99439683e-03	1.97536383e-03	7.50212545e-06	1.37050729e-02	5.68178448e-05	-2.00662185e+00	-5.70314553e-01	-3.70164292e-01	-2.01108090e+00	8.93400162e+00
0	0	104	7.37463127e-10	1.00000000e-02	1.00000000e+02	7.37463127e-10	7.85493039e-12	7.93444437e-03	1.96006589e-03	7.44052198e-06	1.36023641e-02	5.68996284e-05	-2.00989103e+00	-5.73690980e-01	-3.73745210e-01	-2.01434786e+00	8.93462630e+00
0	0	105	7.37463127e-10	1.00000000e-02	1.00000000e+02	7.37463127e-10	7.85492638e-12	7.87495177e-03	1.94491750e-03	7.37943271e-06	1.35004384e-02	5.69802644e-05	-2.01315965e+00	-5.77060468e-01	-3.77325637e-01	-2.01761438e+00	8.93524133e+00
0	0	106	7.37463127e-10	1.00000000e-02	1.00000000e+02	7.37463127e-10	7.85492239e-12	7.81591514e-03	1.92991642e-03	7.31885330e-06	1.33992894e-02	5.70597758e-05	-2.01642772e+00	-5.80423150e-01	-3.80905572e-01	-2.02088049e+00	8.93584693e+00
0	0	107	7.37463127e-10	1.00000000e-02	1.00000000e+02	7.37463127e-10	7.85491841e-12	7.75733061e-03	1.91506050e-03	7.25877942e-06	1.32989107e-02	5.71381849e-05	-2.01969525e+00	-5.83779153e-01	-3.84485015e-01	-2.02414619e+00	8.93644331e+00
0	0	108	7.37463127e-10	1.00000000e-02	1.00000000e+02	7.37463127e-10	7.85491444e-12	7.69919441e-03	1.90034760e-03	7.19920681e-06	1.31992958e-02	5.72155134e-05	-2.02296227e+00	-5.87128605e-01	-3.88063965e-01	-2.02741149e+00	8.93703067e+00
0	0	109	7.37463127e-10	1.00000000e-02	1.00000000e+02	7.37463127e-10	7.85491049e-12	7.64150277e-03	1.88577565e-03	7.14013121e-06	1.31004386e-02	5.72917826e-05	-2.02622878e+00	-5.90471628e-01	-3.91642421e-01	-2.03067642e+00	8.93760920e+00
0	0	110	7.37463127e-10	1.00000000e-02	1.00000000e+02	7.37463127e-10	7.85490655e-12	7.58425198e-03	1.87134263e-03	7.08154844e-06	1.30023329e-02	5.73670130e-05	-2.02949480e+00	-5.93808341e-01	-3.95220384e-01	-2.03394097e+00	8.93817910e+00
0	0	111	7.37463127e-10	1.00000000e-02	1.00000000e+02	7.37463127e-10	7.85490262e-12	7.52743839e-03	1.85704655e-03	7.02345432e-06	1.29049725e-02	5.74412246e-05	-2.03276034e+00	-5.97138860e-01	-3.98797852e-01	-2.03720517e+00	8.93874056e+00
0	0	112	7.37463127e-10	1.00000000e-02	1.00000000e+02	7.37463127e-10	7.85489871e-12	7.47105836e-03	1.84288550e-03	6.96584472e-06	1.28083513e-02	5.75144369e-05	-2.03602542e+00	-6.00463299e-01	-4.02374825e-01	-2.04046902e+00	8.93929374e+00
0	0	113	7.37463127e-10	1.00000000e-02	1.00000000e+02	7.37463127e-10	7.85489481e-12	7.41510833e-03	1.82885757e-03	6.90871553e-06	1.27124634e-02	5.75866689e-05	-2.03929005e+00	-6.03781768e-01	-4.05951303e-01	-2.04373254e+00	8.93983882e+00
0	0	114	7.37463127e-10	1.00000000e-02	1.00000000e+02	7.37463127e-10	7.85489093e-12	7.35958475e-03	1.81496091e-03	6.85206271e-06	1.26173029e-02	5.76579390e-05	-2.04255424e+00	-6.07094375e-01	-4.09527285e-01	-2.04699572e+00	8.94037598e+00
0	0	115	7.37463127e-10	1.00000000e-02	1.00000000e+02	7.37463127e-10	7.85488706e-12	7.30448411e-03	1.80119373e-03	6.79588223e-06	1.25228639e-02	5.77282653e-05	-2.04581800e+00	-6.10401225e-01	-4.13102770e-01	-2.05025859e+00	8.94090537e+00
0	0	116	7.37463127e-10	1.00000000e-02	1.00000000e+02	7.37463127e-10	7.85488320e-12	7.24980297e-03	1.78755425e-03	6.74017008e-06	1.24291405e-02	5.77976653e-05	-2.04908135e+00	-6.13702420e-01	-4.16677759e-01	-2.05352116e+00	8.94142716e+00
0	0	117	7.37463127e-10	1.00000000e-02	1.00000000e+02	7.37463127e-10	7.85487936e-12	7.19553789e-03	1.77404075e-03	6.68492232e-06	1.23361271e-02	5.78661560e-05	-2.05234429e+00	-6.16998060e-01	-4.20252250e-01	-2.05678342e+00	8.94194150e+00
0	0	118	7.37463127e-10	1.00000000e-02	1.00000000e+02	7.37463127e-10	7.85487553e-12	7.14168548e-03	1.76065153e-03	6.63013501e-06	1.22438179e-02	5.79337542e-05	-2.05560683e+00	-6.20288243e-01	-4.23826242e-01	-2.06004539e+00	8.94244854e+00
0	0	119	7.37463127e-10	1.00000000e-02	1.00000000e+02	7.37463127e-10	7.85487172e-12	7.08824240e-03	1.74738494e-03	6.57580427e-06	1.21522074e-02	5.80004759e-05	-2.05886899e+00	-6.23573063e-01	-4.27399737e-01	-2.06330708e+00	8.94294842e+00
0	0	120	7.37463127e-10	1.00000000e-02	1.00000000e+02	7.37463127e-10	7.85486792e-12	7.03520533e-03	1.73423936e-03	6.52192623e-06	1.20612899e-02	5.80663372e-05	-2.06213078e+00	-6.26852613e-01	-4.30972732e-01	-2.06656850e+00	8.94344130e+00
0	0	121	7.37463127e-10	1.00000000e-02	1.00000000e+02	7.37463127e-10	7.85486413e-12	6.98257100e-03	1.72121319e-03	6.46849708e-06	1.19710600e-02	5.81313533e-05	-2.06539219e+00	-6.30126985e-01	-4.34545228e-01	-2.06982965e+00	8.94392730e+00
0	0	122	7.37463127e-10	1.00000000e-02	1.00000000e+02	7.37463127e-10	7.85486036e-12	6.93033614e-03	1.70830489e-03	6.41551302e-06	1.18815121e-02	5.81955394e-05	-2.06865325e+00	-6.33396266e-01	-4.38117223e-01	-2.07309054e+00	8.94440656e+00
0	0	123	7.37463127e-10	1.00000000e-02	1.00000000e+02	7.37463127e-10	7.85485660e-12	6.87849755e-03	1.69551294e-03	6.36297029e-06	1.17926410e-02	5.82589100e-05	-2.07191397e+00	-6.36660543e-01	-4.41688719e-01	-2.07635118e+00	8.94487922e+00
0	0	124	7.37463127e-10	1.00000000e-02	1.00000000e+02	7.37463127e-10	7.85485286e-12	6.82705205e-03	1.68283583e-03	6.31086516e-06	1.17044412e-02	5.83214796e-05	-2.07517434e+00	-6.39919901e-01	-4.45259713e-01	-2.07961157e+00	8.94534540e+00
0	0	125	7.37463127e-10	1.00000000e-02	1.00000000e+02	7.37463127e-10	7.85484914e-12	6.77599650e-03	1.67027212e-03	6.25919394e-06	1.16169074e-02	5.83832622e-05	-2.07843438e+00	-6.43174421e-01	-4.48830206e-01	-2.08287173e+00	8.94580522e+00
0	0	126	7.37463127e-10	1.00000000e-02	1.00000000e+02	7.37463127e-10	7.85484542e-12	6.72532776e-03	1.65782035e-03	6.20795296e-06	1.15300344e-02	5.84442713e-05	-2.08169410e+00	-6.46424184e-01	-4.52400197e-01	-2.08613165e+00	8.94625881e+00
0	0	127	7.37463127e-10	1.00000000e-02	1.00000000e+02	7.37463127e-10	7.85484172e-12	6.67504276e-03	1.64547915e-03	6.15713859e-06	1.14438170e-02	5.85045203e-05	-2.08495350e+00	-6.49669269e-01	-4.55969685e-01	-2.08939135e+00	8.94670629e+00
0	0	128	7.37463127e-10	1.00000000e-02	1.00000000e+02	7.37463127e-10	7.85483804e-12	6.62513843e-03	1.63324711e-03	6.10674722e-06	1.13582501e-02	5.85640222e-05	-2.08821260e+00	-6.52909753e-01	-4.59538671e-01	-2.09265083e+00	8.94714776e+00
0	0	129	7.37463127e-10	1.00000000e-02	1.00000000e+02	7.37463127e-10	7.85483437e-12	6.57561176e-03	1.62112290e-03	6.05677529e-06	1.12733284e-02	5.86227897e-05	-2.09147139e+00	-6.56145711e-01	-4.63107153e-01	-2.09591009e+00	8.94758335e+00
0	0	130	7.37463127e-10	1.00000000e-02	1.00000000e+02	7.37463127e-10	7.85483072e-12	6.52645975e-03	1.60910519e-03	6.00721925e-06	1.11890471e-02	5.86808353e-05	-2.09472989e+00	-6.59377217e-01	-4.66675131e-01	-2.09916915e+00	8.94801315e+00
0	0	131	7.37463127e-10	1.00000000e-02	1.00000000e+02	7.37463127e-10	7.85482708e-12	6.47767942e-03	1.59719267e-03	5.95807560e-06	1.11054010e-02	5.87381710e-05	-2.09798810e+00	-6.62604342e-01	-4.70242605e-01	-2.10242801e+00	8.94843728e+00
0	0	132	7.37463127e-10	1.00000000e-02	1.00000000e+02	7.37463127e-10	7.85482345e-12	6.42926784e-03	1.58538409e-03	5.90934084e-06	1.10223853e-02	5.87948086e-05	-2.10124603e+00	-6.65827157e-01	-4.73809574e-01	-2.10568667e+00	8.94885585e+00
0	0	133	7.37463127e-10	1.00000000e-02	1.00000000e+02	7.37463127e-10	7.85481984e-12	6.38122210e-03	1.57367817e-03	5.86101154e-06	1.09399949e-02	5.88507599e-05	-2.10450369e+00	-6.69045730e-01	-4.77376038e-01	-2.10894513e+00	8.94926894e+00
0	0	134	7.37463127e-10	1.00000000e-02	1.00000000e+02	7.37463127e-10	7.85481625e-12	6.33353930e-03	1.56207371e-03	5.81308427e-06	1.08582251e-02	5.89060360e-05	-2.10776108e+00	-6.72260129e-01	-4.80941996e-01	-2.11220341e+00	8.94967666e+00
0	0	135	7.37463127e-10	1.00000000e-02	1.00000000e+02	7.37463127e-10	7.85481266e-12	6.28621660e-03	1.55056948e-03	5.76555563e-06	1.07770710e-02	5.89606481e-05	-2.11101821e+00	-6.75470420e-01	-4.84507448e-01	-2.11546151e+00	8.95007911e+00
0	0	136	7.37463127e-10	1.00000000e-02	1.00000000e+02	7.37463127e-10	7.85480910e-12	6.23925116e-03	1.53916431e-03	5.71842226e-06	1.06965277e-02	5.90146070e-05	-2.11427508e+00	-6.78676667e-01	-4.88072393e-01	-2.11871943e+00	8.95047638e+00
0	0	137	7.37463127e-10	1.00000000e-02	1.00000000e+02	7.37463127e-10	7.85480555e-12	6.19264017e-03	1.52785704e-03	5.67168083e-06	1.06165907e-02	5.90679232e-05	-2.11753171e+00	-6.81878933e-01	-4.91636831e-01	-2.12197718e+00	8.95086857e+00
0	0	138	7.37463127e-10	1.00000000e-02	1.00000000e+02	7.37463127e-10	7.85480201e-12	6.14638086e-03	1.51664652e-03	5.62532803e-06	1.05372551e-02	5.91206071e-05	-2.12078809e+00	-6.85077279e-01	-4.95200762e-01	-2.12523476e+00	8.95125575e+00
0	0	139	7.37463127e-10	1.00000000e-02	1.00000000e+02	7.37463127e-10	7.85479849e-12	6.10047047e-03	1.50553163e-03	5.57936059e-06	1.04585163e-02	5.91726688e-05	-2.12404422e+00	-6.88271767e-01	-4.98764184e-01	-2.12849218e+00	8.95163802e+00
0	0	140	7.37463127e-10	1.00000000e-02	1.00000000e+02	7.37463127e-10	7.85479498e-12	6.05490627e-03	1.49451128e-03	5.53377524e-06	1.03803697e-02	5.92241182e-05	-2.12730013e+00	-6.91462455e-01	-5.02327098e-01	-2.13174943e+00	8.95201547e+00
0	0	141	7.37463127e-10	1.00000000e-02	1.00000000e+02	7.37463127e-10	7.85479149e-12	6.00968556e-03	1.48358437e-03	5.48856878e-06	1.03028107e-02	5.92749651e-05	-2.13055580e+00	-6.94649402e-01	-5.05889503e-01	-2.13500653e+00	8.95238817e+00
0	0	142	7.37463127e-10	1.00000000e-02	1.00000000e+02	7.37463127e-10	7.85478801e-12	5.96480566e-03	1.47274985e-03	5.44373800e-06	1.02258348e-02	5.93252188e-05	-2.13381125e+00	-6.97832663e-01	-5.09451399e-01	-2.13826348e+00	8.95275621e+00
0	0	143	7.37463127e-10	1.00000000e-02	1.00000000e+02	7.37463127e-10	7.85478455e-12	5.92026391e-03	1.46200668e-03	5.39927974e-06	1.01494375e-02	5.93748887e-05	-2.13706649e+00	-7.01012295e-01	-5.13012785e-01	-2.14152028e+00	8.95311967e+00
0	0	144	7.37463127e-10	1.00000000e-02	1.00000000e+02	7.37463127e-10	7.85478110e-12	5.87605767e-03	1.45135382e-03	5.35519086e-06	1.00736143e-02	5.94239838e-05	-2.14032150e+00	-7.04188351e-01	-5.16573661e-01	-2.14477694e+00	8.95347863e+00
0	0	145	7.37463127e-10	1.00000000e-02	1.00000000e+02	7.37463127e-10	7.85477766e-12	5.83218435e-03	1.44079026e-03	5.31146823e-06	9.99836077e-03	5.94725131e-05	-2.14357631e+00	-7.07360886e-01	-5.20134026e-01	-2.14803345e+00	8.95383316e+00
0	0	146	7.37463127e-10	1.00000000e-02	1.00000000e+02	7.37463127e-10	7.85477425e-12	5.78864135e-03	1.43031502e-03	5.26810878e-06	9.92367257e-03	5.95204853e-05	-2.14683091e+00	-7.10529952e-01	-5.23693880e-01	-2.15128983e+00	8.95418333e+00
0	0	147	7.37463127e-10	1.00000000e-02	1.00000000e+02	7.37463127e-10	7.85477084e-12	5.74542611e-03	1.41992712e-03	5.22510945e-06	9.84954534e-03	5.95679088e-05	-2.15008531e+00	-7.13695599e-01	-5.27253222e-01	-2.15454607e+00	8.95452922e+00
0	0	148	7.37463127e-10	1.00000000e-02	1.00000000e+02	7.37463127e-10	7.85476745e-12	5.70253609e-03	1.40962559e-03	5.18246719e-06	9.77597476e-03	5.96147920e-05	-2.15333951e+00	-7.16857878e-01	-5.30812053e-01	-2.15780218e+00	8.95487090e+00
0	0	149	7.37463127e-10	1.00000000e-02	1.00000000e+02	7.37463127e-10	7.85476408e-12	5.65996877e-03	1.39940949e-03	5.14017900e-06	9.70295656e-03	5.96611432e-05	-2.15659352e+00	-7.20016838e-01	-5.34370371e-01	-2.16105817e+00	8.95520844e+00
0	0	150	7.37463127e-10	1.00000000e-02	1.00000000e+02	7.37463127e-10	7.85476072e-12	5.61772164e-03	1.38927789e-03	5.09824190e-06	9.63048651e-03	5.97069703e-05	-2.15984734e+00	-7.23172527e-01	-5.37928176e-01	-2.16431403e+00	8.95554190e+00
0	0	151	7.37463127e-10	1.00000000e-02	1.00000000e+02	7.37463127e-10	7.85475737e-12	5.57579225e-03	1.37922989e-03	5.05665292e-06	9.55856040e-03	5.97522812e-05	-2.16310097e+00	-7.26324993e-01	-5.41485468e-01	-2.16756977e+00	8.95587136e+00
0	0	152	7.37463127e-10	1.00000000e-02	1.00000000e+02	7.37463127e-10	7.85475404e-12	5.53417812e-03	1.36926457e-03	5.01540914e-06	9.48717407e-03	5.97970836e-05	-2.16635442e+00	-7.29474281e-01	-5.45042247e-01	-2.17082539e+00	8.95619687e+00
0	0	153	7.37463127e-10	1.00000000e-02	1.00000000e+02	7.37463127e-10	7.85475073e-12	5.49287684e-03	1.35938106e-03	4.97450765e-06	9.41632339e-03	5.98413850e-05	-2.16960769e+00	-7.32620438e-01	-5.48598511e-01	-2.17408089e+00	8.95651850e+00
0	0	154	7.37463127e-10	1.00000000e-02	1.00000000e+02	7.37463127e-10	7.85474743e-12	5.45188597e-03	1.34957848e-03	4.93394556e-06	9.34600426e-03	5.98851928e-05	-2.17286079e+00	-7.35763508e-01	-5.52154261e-01	-2.17733628e+00	8.95683632e+00
0	0	155	7.37463127e-10	1.00000000e-02	1.00000000e+02	7.37463127e-10	7.85474414e-12	5.41120314e-03	1.33985597e-03	4.89372001e-06	9.27621261e-03	5.99285143e-05	-2.17611371e+00	-7.38903534e-01	-5.55709496e-01	-2.18059156e+00	8.95715038e+00
0	0	156	7.37463127e-10	1.00000000e-02	1.00000000e+02	7.37463127e-10	7.85474087e-12	5.37082597e-03	1.33021270e-03	4.85382817e-06	9.20694442e-03	5.99713565e-05	-2.17936647e+00	-7.42040561e-01	-5.59264216e-01	-2.18384673e+00	8.95746074e+00
0	0	157	7.37463127e-10	1.00000000e-02	1.00000000e+02	7.37463127e-10	7.85473761e-12	5.33075211e-03	1.32064783e-03	4.81426724e-06	9.13819569e-03	6.00137265e-05	-2.18261907e+00	-7.45174628e-01	-5.62818420e-01	-2.18710180e+00	8.95776746e+00
0	0	158	7.37463127e-10	1.00000000e-02	1.00000000e+02	7.37463127e-10	7.85473437e-12	5.29097923e-03	1.31116055e-03	4.77503442e-06	9.06996245e-03	6.00556310e-05	-2.18587150e+00	-7.48305779e-01	-5.66372108e-01	-2.19035677e+00	8.95807060e+00
0	0	159	7.37463127e-10	1.00000000e-02	1.00000000e+02	7.37463127e-10	7.85473114e-12	5.25150501e-03	1.30175004e-03	4.73612695e-06	9.00224078e-03	6.00970769e-05	-2.18912377e+00	-7.51434053e-01	-5.69925279e-01	-2.19361163e+00	8.95837021e+00
0	0	160	7.37463127e-10	1.00000000e-02	1.00000000e+02	7.37463127e-10	7.85472793e-12	5.21232716e-03	1.29241551e-03	4.69754209e-06	8.93502677e-03	6.01380705e-05	-2.19237589e+00	-7.54559491e-01	-5.73477934e-01	-2.19686640e+00	8.95866636e+00
0	0	161	7.37463127e-10	1.00000000e-02	1.00000000e+02	7.37463127e-10	7.85472473e-12	5.17344341e-03	1.28315618e-03	4.65927713e-06	8.86831656e-03	6.01786185e-05	-2.19562785e+00	-7.57682130e-01	-5.77030071e-01	-2.20012107e+00	8.95895908e+00
0	0	162	7.37463127e-10	1.00000000e-02	1.00000000e+02	7.37463127e-10	7.85472154e-12	5.13485150e-03	1.27397129e-03	4.62132938e-06	8.80210631e-03	6.02187270e-05	-2.19887967e+00	-7.60802011e-01	-5.80581691e-01	-2.20337565e+00	8.95924844e+00
0	0	163	7.37463127e-10	1.00000000e-02	1.00000000e+02	7.37463127e-10	7.85471837e-12	5.09654919e-03	1.26486007e-03	4.58369616e-06	8.73639222e-03	6.02584024e-05	-2.20213133e+00	-7.63919169e-01	-5.84132792e-01	-2.20663013e+00	8.95953448e+00
0	0	164	7.37463127e-10	1.00000000e-02	1.00000000e+02	7.37463127e-10	7.85471522e-12	5.05853427e-03	1.25582177e-03	4.54637483e-06	8.67117051e-03	6.02976507e-05	-2.20538286e+00	-7.67033643e-01	-5.87683376e-01	-2.20988453e+00	8.95981726e+00
0	0	165	7.37463127e-10	1.00000000e-02	1.00000000e+02	7.37463127e-10	7.85471208e-12	5.02080454e-03	1.24685567e-03	4.50936277e-06	8.60643744e-03	6.03364778e-05	-2.20863424e+00	-7.70145468e-01	-5.91233440e-01	-2.21313884e+00	8.96009682e+00
0	0	166	7.37463127e-10	1.00000000e-02	1.00000000e+02	7.37463127e-10	7.85470895e-12	4.98335782e-03	1.23796102e-03	4.47265736e-06	8.54218930e-03	6.03748897e-05	-2.21188548e+00	-7.73254680e-01	-5.94782985e-01	-2.21639306e+00	8.96037322e+00
0	0	167	7.37463127e-10	1.00000000e-02	1.00000000e+02	7.37463127e-10	7.85470584e-12	4.94619194e-03	1.22913713e-03	4.43625604e-06	8.47842240e-03	6.04128921e-05	-2.21513659e+00	-7.76361314e-01	-5.98332010e-01	-2.21964720e+00	8.96064649e+00
0	0	168	7.37463127e-10	1.00000000e-02	1.00000000e+02	7.37463127e-10	7.85470274e-12	4.90930476e-03	1.22038327e-03	4.40015625e-06	8.41513309e-03	6.04504907e-05	-2.21838756e+00	-7.79465405e-01	-6.01880516e-01	-2.22290127e+00	8.96091670e+00
0	0	169	7.37463127e-10	1.00000000e-02	1.00000000e+02	7.37463127e-10	7.85469966e-12	4.87269415e-03	1.21169877e-03	4.36435544e-06	8.35231775e-03	6.04876910e-05	-2.22163840e+00	-7.82566985e-01	-6.05428501e-01	-2.22615525e+00	8.96118387e+00
0	0	170	7.37463127e-10	1.00000000e-02	1.00000000e+02	7.37463127e-10	7.85469659e-12	4.83635799e-03	1.20308292e-03	4.32885111e-06	8.28997277e-03	6.05244984e-05	-2.22488911e+00	-7.85666089e-01	-6.08975965e-01	-2.22940915e+00	8.96144806e+00
0	0	171	7.37463127e-10	1.00000000e-02	1.00000000e+02	7.37463127e-10	7.85469354e-12	4.80029420e-03	1.19453506e-03	4.29364077e-06	8.22809460e-03	6.05609183e-05	-2.22813970e+00	-7.88762749e-01	-6.12522909e-01	-2.23266298e+00	8.96170932e+00
0	0	172	7.37463127e-10	1.00000000e-02	1.00000000e+02	7.37463127e-10	7.85469050e-12	4.76450070e-03	1.18605453e-03	4.25872193e-06	8.16667970e-03	6.05969560e-05	-2.23139016e+00	-7.91856996e-01	-6.16069330e-01	-2.23591673e+00	8.96196767e+00
0	0	173	7.37463127e-10	1.00000000e-02	1.00000000e+02	7.37463127e-10	7.85468747e-12	4.72897543e-03	1.17764065e-03	4.22409215e-06	8.10572455e-03	6.06326165e-05	-2.23464050e+00	-7.94948863e-01	-6.19615230e-01	-2.23917041e+00	8.96222318e+00
0	0	174	7.37463127e-10	1.00000000e-02	1.00000000e+02	7.37463127e-10	7.85468446e-12	4.69371634e-03	1.16929279e-03	4.18974900e-06	8.04522567e-03	6.06679051e-05	-2.23789071e+00	-7.98038380e-01	-6.23160608e-01	-2.24242402e+00	8.96247586e+00
0	0	175	7.37463127e-10	1.00000000e-02	1.00000000e+02	7.37463127e-10	7.85468146e-12	4.65872141e-03	1.16101030e-03	4.15569007e-06	7.98517960e-03	6.07028266e-05	-2.24114081e+00	-8.01125577e-01	-6.26705464e-01	-2.24567757e+00	8.96272578e+00
0	0	176	7.37463127e-10	1.00000000e-02	1.00000000e+02	7.37463127e-10	7.85467848e-12	4.62398863e-03	1.15279257e-03	4.12191297e-06	7.92558293e-03	6.07373860e-05	-2.24439080e+00	-8.04210485e-01	-6.30249796e-01	-2.24893104e+00	8.96297296e+00
0	0	177	7.37463127e-10	1.00000000e-02	1.00000000e+02	7.37463127e-10	7.85467551e-12	4.58951600e-03	1.14463895e-03	4.08841534e-06	7.86643225e-03	6.07715881e-05	-2.24764066e+00	-8.07293132e-01	-6.33793605e-01	-2.25218445e+00	8.96321745e+00
0	0	178	7.37463127e-10	1.00000000e-02	1.00000000e+02	7.37463127e-10	7.85467255e-12	4.55530155e-03	1.13654884e-03	4.05519482e-06	7.80772419e-03	6.08054375e-05	-2.25089042e+00	-8.10373547e-01	-6.37336891e-01	-2.25543779e+00	8.96345928e+00
0	0	179	7.37463127e-10	1.00000000e-02	1.00000000e+02	7.37463127e-10	7.85466961e-12	4.52134332e-03	1.12852164e-03	4.02224909e-06	7.74945539e-03	6.08389390e-05	-2.25414007e+00	-8.13451760e-01	-6.40879653e-01	-2.25869107e+00	8.96369850e+00
0	0	180	7.37463127e-10	1.00000000e-02	1.00000000e+02	7.37463127e-10	7.85466669e-12	4.48763935e-03	1.12055675e-03	3.98957583e-06	7.69162255e-03	6.08720970e-05	-2.25738961e+00	-8.16527797e-01	-6.44421890e-01	-2.26194429e+00	8.96393513e+00
0	0	181	7.37463127e-10	1.00000000e-02	1.00000000e+02	7.37463127e-10	7.85466377e-12	4.45418772e-03	1.11265357e-03	3.95717277e-06	7.63422236e-03	6.09049161e-05	-2.26063904e+00	-8.19601687e-01	-6.47963603e-01	-2.26519745e+00	8.96416921e+00
0	0	182	7.37463127e-10	1.00000000e-02	1.00000000e+02	7.37463127e-10	7.85466087e-12	4.42098651e-03	1.10481153e-03	3.92503762e-06	7.57725156e-03	6.09374007e-05	-2.26388836e+00	-8.22673455e-01	-6.51504791e-01	-2.26845055e+00	8.96440079e+00
0	0	183	7.37463127e-10	1.00000000e-02	1.00000000e+02	7.37463127e-10	7.85465799e-12	4.38803382e-03	1.09703005e-03	3.89316815e-06	7.52070690e-03	6.09695550e-05	-2.26713759e+00	-8.25743129e-01	-6.55045453e-01	-2.27170359e+00	8.96462989e+00
0	0	184	7.37463127e-10	1.00000000e-02	1.00000000e+02	7.37463127e-10	7.85465512e-12	4.35532777e-03	1.08930856e-03	3.86156211e-06	7.46458518e-03	6.10013835e-05	-2.27038671e+00	-8.28810734e-01	-6.58585590e-01	-2.27495658e+00	8.96485655e+00
0	0	185	7.37463127e-10	1.00000000e-02	1.00000000e+02	7.37463127e-10	7.85465226e-12	4.32286648e-03	1.08164651e-03	3.83021730e-06	7.40888318e-03	6.10328902e-05	-2.27363573e+00	-8.31876297e-01	-6.62125201e-01	-2.27820951e+00	8.96508080e+00
0	0	186	7.37463127e-10	1.00000000e-02	1.00000000e+02	7.37463127e-10	7.85464942e-12	4.29064811e-03	1.07404335e-03	3.79913153e-06	7.35359776e-03	6.10640792e-05	-2.27688466e+00	-8.34939843e-01	-6.65664285e-01	-2.28146238e+00	8.96530268e+00
0	0	187	7.37463127e-10	1.00000000e-02	1.00000000e+02	7.37463127e-10	7.85464659e-12	4.25867080e-03	1.06649852e-03	3.76830261e-06	7.29872576e-03	6.10949547e-05	-2.28013348e+00	-8.38001395e-01	-6.69202843e-01	-2.28471521e+00	8.96552221e+00
0	0	188	7.37463127e-10	1.00000000e-02	1.00000000e+02	7.37463127e-10	7.85464377e-12	4.22693274e-03	1.05901149e-03	3.73772840e-06	7.24426407e-03	6.11255205e-05	-2.28338222e+00	-8.41060980e-01	-6.72740874e-01	-2.28796798e+00	8.96573944e+00
0	0	189	7.37463127e-10	1.00000000e-02	1.00000000e+02	7.37463127e-10	7.85464097e-12	4.19543211e-03	1.05158173e-03	3.70740675e-06	7.19020959e-03	6.11557807e-05	-2.28663085e+00	-8.44118620e-01	-6.76278378e-01	-2.29122070e+00	8.96595438e+00
0	0	190	7.37463127e-10	1.00000000e-02	1.00000000e+02	7.37463127e-10	7.85463818e-12	4.16416712e-03	1.04420871e-03	3.67733555e-06	7.13655926e-03	6.11857391e-05	-2.28987940e+00	-8.47174339e-01	-6.79815354e-01	-2.29447338e+00	8.96616708e+00
0	0	191	7.37463127e-10	1.00000000e-02	1.00000000e+02	7.37463127e-10	7.85463540e-12	4.13313598e-03	1.03689192e-03	3.64751269e-06	7.08331003e-03	6.12153993e-05	-2.29312786e+00	-8.50228161e-01	-6.83351802e-01	-2.29772600e+00	8.96637755e+00
0	0	192	7.37463127e-10	1.00000000e-02	1.00000000e+02	7.37463127e-10	7.85463264e-12	4.10233692e-03	1.02963084e-03	3.61793610e-06	7.03045887e-03	6.12447653e-05	-2.29637623e+00	-8.53280108e-01	-6.86887722e-01	-2.30097858e+00	8.96658584e+00
0	0	193	7.37463127e-10	1.00000000e-02	1.00000000e+02	7.37463127e-10	7.85462989e-12	4.07176819e-03	1.02242497e-03	3.58860370e-06	6.97800279e-03	6.12738406e-05	-2.29962451e+00	-8.56330203e-01	-6.90423114e-01	-2.30423112e+00	8.96679197e+00
0	0	194	7.37463127e-10	1.00000000e-02	1.00000000e+02	7.37463127e-10	7.85462716e-12	4.04142805e-03	1.01527381e-03	3.55951345e-06	6.92593882e-03	6.13026289e-05	-2.30287270e+00	-8.59378469e-01	-6.93957976e-01	-2.30748360e+00	8.96699596e+00
0	0	195	7.37463127e-10	1.00000000e-02	1.00000000e+02	7.37463127e-10	7.85462444e-12	4.01131477e-03	1.00817686e-03	3.53066331e-06	6.87426400e-03	6.13311337e-05	-2.30612081e+00	-8.62424926e-01	-6.97492310e-01	-2.31073605e+00	8.96719786e+00
0	0	196	7.37463127e-10	1.00000000e-02	1.00000000e+02	7.37463127e-10	7.85462173e-12	3.98142663e-03	1.00113364e-03	3.50205128e-06	6.82297540e-03	6.13593584e-05	-2.30936884e+00	-8.65469597e-01	-7.01026114e-01	-2.31398845e+00	8.96739768e+00
0	0	197	7.37463127e-10	1.00000000e-02	1.00000000e+02	7.37463127e-10	7.85461904e-12	3.95176194e-03	9.94143663e-04	3.47367535e-06	6.77207011e-03	6.13873066e-05	-2.31261678e+00	-8.68512503e-01	-7.04559388e-01	-2.31724081e+00	8.96759544e+00
0	0	198	7.37463127e-10	1.00000000e-02	1.00000000e+02	7.37463127e-10	7.85461635e-12	3.92231900e-03	9.87206458e-04	3.44553354e-06	6.72154525e-03	6.14149816e-05	-2.31586464e+00	-8.71553664e-01	-7.08092132e-01	-2.32049313e+00	8.96779119e+00
0	0	199	7.37463127e-10	1.00000000e-02	1.00000000e+02	7.37463127e-10	7.85461369e-12	3.89309615e-03	9.80321553e-04	3.41762390e-06	6.67139797e-03	6.14423868e-05	-2.31911242e+00	-8.74593100e-01	-7.11624346e-01	-2.32374541e+00	8.96798494e+00
0	0	200	7.37463127e-10	1.00000000e-02	1.00000000e+02	7.37463127e-10	7.85461103e-12	3.86409172e-03	9.73488484e-04	3.38994448e-06	6.62162541e-03	6.14695253e-05	-2.32236013e+00	-8.77630833e-01	-7.15156029e-01	-2.32699765e+00	8.96817673e+00
0	0	201	7.37463127e-10	1.00000000e-02	1.00000000e+02	7.37463127e-10	7.85460839e-12	3.83530406e-03	9.66706792e-04	3.36249334e-06	6.57222476e-03	6.14964006e-05	-2.32560775e+00	-8.80666882e-01	-7.18687181e-01	-2.33024985e+00	8.96836656e+00
0	0	202	7.37463127e-10	1.00000000e-02	1.00000000e+02	7.37463127e-10	7.85460576e-12	3.80673154e-03	9.59976022e-04	3.33526858e-06	6.52319323e-03	6.15230156e-05	-2.32885530e+00	-8.83701266e-01	-7.22217802e-01	-2.33350201e+00	8.96855448e+00
0	0	203	7.37463127e-10	1.00000000e-02	1.00000000e+02	7.37463127e-10	7.85460315e-12	3.77837253e-03	9.53295728e-04	3.30826829e-06	6.47452803e-03	6.15493736e-05	-2.33210278e+00	-8.86734005e-01	-7.25747892e-01	-2.33675414e+00	8.96874050e+00
0	0	204	7.37463127e-10	1.00000000e-02	1.00000000e+02	7.37463127e-10	7.85460055e-12	3.75022543e-03	9.46665465e-04	3.28149060e-06	6.42622643e-03	6.15754777e-05	-2.33535018e+00	-8.89765117e-01	-7.29277450e-01	-2.34000623e+00	8.96892466e+00
0	0	205	7.37463127e-10	1.00000000e-02	1.00000000e+02	7.37463127e-10	7.85459796e-12	3.72228864e-03	9.40084796e-04	3.25493364e-06	6.37828567e-03	6.16013308e-05	-2.33859751e+00	-8.92794622e-01	-7.32806475e-01	-2.34325829e+00	8.96910696e+00
0	0	206	7.37463127e-10	1.00000000e-02	1.00000000e+02	7.37463127e-10	7.85459538e-12	3.69456057e-03	9.33553289e-04	3.22859556e-06	6.33070306e-03	6.16269359e-05	-2.34184476e+00	-8.95822538e-01	-7.36334969e-01	-2.34651031e+00	8.96928744e+00
0	0	207	7.37463127e-10	1.00000000e-02	1.00000000e+02	7.37463127e-10	7.85459282e-12	3.66703965e-03	9.27070514e-04	3.20247453e-06	6.28347590e-03	6.16522961e-05	-2.34509195e+00	-8.98848883e-01	-7.39862930e-01	-2.34976230e+00	8.96946612e+00
0	0	208	7.37463127e-10	1.00000000e-02	1.00000000e+02	7.37463127e-10	7.85459027e-12	3.63972432e-03	9.20636050e-04	3.17656873e-06	6.23660152e-03	6.16774141e-05	-2.34833906e+00	-9.01873675e-01	-7.43390357e-01	-2.35301426e+00	8.96964302e+00
0	0	209	7.37463127e-10	1.00000000e-02	1.00000000e+02	7.37463127e-10	7.85458773e-12	3.61261303e-03	9.14249477e-04	3.15087636e-06	6.19007727e-03	6.17022929e-05	-2.35158611e+00	-9.04896931e-01	-7.46917252e-01	-2.35626618e+00	8.96981817e+00
0	0	210	7.37463127e-10	1.00000000e-02	1.00000000e+02	7.37463127e-10	7.85458521e-12	3.58570424e-03	9.07910383e-04	3.12539563e-06	6.14390053e-03	6.17269352e-05	-2.35483309e+00	-9.07918668e-01	-7.50443614e-01	-2.35951808e+00	8.96999158e+00
0	0	211	7.37463127e-10	1.00000000e-02	1.00000000e+02	7.37463127e-10	7.85458270e-12	3.55899644e-03	9.01618359e-04	3.10012477e-06	6.09806868e-03	6.17513438e-05	-2.35808000e+00	-9.10938905e-01	-7.53969441e-01	-2.36276994e+00	8.97016328e+00
0	0	212	7.37463127e-10	1.00000000e-02	1.00000000e+02	7.37463127e-10	7.85458020e-12	3.53248810e-03	8.95373000e-04	3.07506202e-06	6.05257914e-03	6.17755214e-05	-2.36132685e+00	-9.13957657e-01	-7.57494735e-01	-2.36602178e+00	8.97033329e+00
0	0	213	7.37463127e-10	1.00000000e-02	1.00000000e+02	7.37463127e-10	7.85457771e-12	3.50617772e-03	8.89173906e-04	3.05020564e-06	6.00742933e-03	6.17994708e-05	-2.36457363e+00	-9.16974942e-01	-7.61019494e-01	-2.36927358e+00	8.97050162e+00
0	0	214	7.37463127e-10	1.00000000e-02	1.00000000e+02	7.37463127e-10	7.85457524e-12	3.48006382e-03	8.83020683e-04	3.02555391e-06	5.96261671e-03	6.18231946e-05	-2.36782034e+00	-9.19990775e-01	-7.64543719e-01	-2.37252536e+00	8.97066831e+00
0	0	215	7.37463127e-10	1.00000000e-02	1.00000000e+02	7.37463127e-10	7.85457278e-12	3.45414492e-03	8.76912939e-04	3.00110510e-06	5.91813874e-03	6.18466953e-05	-2.37106700e+00	-9.23005173e-01	-7.68067410e-01	-2.37577711e+00	8.97083336e+00
0	0	216	7.37463127e-10	1.00000000e-02	1.00000000e+02	7.37463127e-10	7.85457033e-12	3.42841955e-03	8.70850287e-04	2.97685752e-06	5.87399292e-03	6.18699755e-05	-2.37431359e+00	-9.26018152e-01	-7.71590565e-01	-2.37902884e+00	8.97099681e+00
0	0	217	7.37463127e-10	1.00000000e-02	1.00000000e+02	7.37463127e-10	7.85456789e-12	3.40288626e-03	8.64832346e-04	2.95280950e-06	5.83017676e-03	6.18930379e-05	-2.37756012e+00	-9.29029727e-01	-7.75113185e-01	-2.38228053e+00	8.97115867e+00
0	0	218	7.37463127e-10	1.00000000e-02	1.00000000e+02	7.37463127e-10	7.85456547e-12	3.37754360e-03	8.58858737e-04	2.92895935e-06	5.78668777e-03	6.19158848e-05	-2.38080659e+00	-9.32039914e-01	-7.78635270e-01	-2.38553220e+00	8.97131895e+00
0	0	219	7.37463127e-10	1.00000000e-02	1.00000000e+02	7.37463127e-10	7.85456306e-12	3.35239013e-03	8.52929085e-04	2.90530543e-06	5.74352352e-03	6.19385187e-05	-2.38405300e+00	-9.35048727e-01	-7.82156819e-01	-2.38878385e+00	8.97147768e+00
0	0	220	7.37463127e-10	1.00000000e-02	1.00000000e+02	7.37463127e-10	7.85456066e-12	3.32742445e-03	8.47043022e-04	2.88184609e-06	5.70068155e-03	6.19609421e-05	-2.38729935e+00	-9.38056183e-01	-7.85677832e-01	-2.39203547e+00	8.97163488e+00
0	0	221	7.37463127e-10	1.00000000e-02	1.00000000e+02	7.37463127e-10	7.85455828e-12	3.30264512e-03	8.41200179e-04	2.85857970e-06	5.65815946e-03	6.19831573e-05	-2.39054564e+00	-9.41062295e-01	-7.89198308e-01	-2.39528707e+00	8.97179056e+00
0	0	222	7.37463127e-10	1.00000000e-02	1.00000000e+02	7.37463127e-10	7.85455590e-12	3.27805077e-03	8.35400197e-04	2.83550466e-06	5.61595485e-03	6.20051667e-05	-2.39379188e+00	-9.44067078e-01	-7.92718249e-01	-2.39853865e+00	8.97194475e+00
0	0	223	7.37463127e-10	1.00000000e-02	1.00000000e+02	7.37463127e-10	7.85455354e-12	3.25363998e-03	8.29642715e-04	2.81261936e-06	5.57406534e-03	6.20269726e-05	-2.39703806e+00	-9.47070547e-01	-7.96237653e-01	-2.40179020e+00	8.97209745e+00
0	0	224	7.37463127e-10	1.00000000e-02	1.00000000e+02	7.37463127e-10	7.85455119e-12	3.22941139e-03	8.23927380e-04	2.78992221e-06	5.53248857e-03	6.20485773e-05	-2.40028418e+00	-9.50072716e-01	-7.99756520e-01	-2.40504173e+00	8.97224869e+00
0	0	225	7.37463127e-10	1.00000000e-02	1.00000000e+02	7.37463127e-10	7.85454885e-12	3.20536363e-03	8.18253841e-04	2.76741165e-06	5.49122218e-03	6.20699830e-05	-2.40353025e+00	-9.53073599e-01	-8.03274850e-01	-2.40829324e+00	8.97239849e+00
0	0	226	7.37463127e-10	1.00000000e-02	1.00000000e+02	7.37463127e-10	7.85454653e-12	3.18149534e-03	8.12621750e-04	2.74508611e-06	5.45026387e-03	6.20911921e-05	-2.40677626e+00	-9.56073209e-01	-8.06792642e-01	-2.41154473e+00	8.97254686e+00
0	0	227	7.37463127e-10	1.00000000e-02	1.00000000e+02	7.37463127e-10	7.85454422e-12	3.15780518e-03	8.07030765e-04	2.72294405e-06	5.40961131e-03	6.21122065e-05	-2.41002222e+00	-9.59071560e-01	-8.10309897e-01	-2.41479619e+00	8.97269382e+00
0	0	228	7.37463127e-10	1.00000000e-02	1.00000000e+02	7.37463127e-10	7.85454191e-12	3.13429179e-03	8.01480545e-04	2.70098393e-06	5.36926222e-03	6.21330286e-05	-2.41326813e+00	-9.62068666e-01	-8.13826614e-01	-2.41804764e+00	8.97283939e+00
0	0	229	7.37463127e-10	1.00000000e-02	1.00000000e+02	7.37463127e-10	7.85453963e-12	3.11095387e-03	7.95970755e-04	2.67920423e-06	5.32921432e-03	6.21536605e-05	-2.41651398e+00	-9.65064540e-01	-8.17342793e-01	-2.42129907e+00	8.97298358e+00
0	0	230	7.37463127e-10	1.00000000e-02	1.00000000e+02	7.37463127e-10	7.85453735e-12	3.08779008e-03	7.90501060e-04	2.65760346e-06	5.28946536e-03	6.21741042e-05	-2.41975979e+00	-9.68059195e-01	-8.20858435e-01	-2.42455048e+00	8.97312640e+00
0	0	231	7.37463127e-10	1.00000000e-02	1.00000000e+02	7.37463127e-10	7.85453508e-12	3.06479913e-03	7.85071133e-04	2.63618010e-06	5.25001310e-03	6.21943618e-05	-2.42300554e+00	-9.71052643e-01	-8.24373537e-01	-2.42780187e+00	8.97326788e+00
0	0	232	7.37463127e-10	1.00000000e-02	1.00000000e+02	7.37463127e-10	7.85453283e-12	3.04197972e-03	7.79680646e-04	2.61493268e-06	5.21085531e-03	6.22144354e-05	-2.42625124e+00	-9.74044897e-01	-8.27888101e-01	-2.43105324e+00	8.97340803e+00
0	0	233	7.37463127e-10	1.00000000e-02	1.00000000e+02	7.37463127e-10	7.85453059e-12	3.01933056e-03	7.74329278e-04	2.59385974e-06	5.17198980e-03	6.22343270e-05	-2.42949689e+00	-9.77035971e-01	-8.31402126e-01	-2.43430459e+00	8.97354686e+00
0	0	234	7.37463127e-10	1.00000000e-02	1.00000000e+02	7.37463127e-10	7.85452836e-12	2.99685037e-03	7.69016709e-04	2.57295980e-06	5.13341437e-03	6.22540385e-05	-2.43274249e+00	-9.80025875e-01	-8.34915613e-01	-2.43755593e+00	8.97368440e+00
0	0	235	7.37463127e-10	1.00000000e-02	1.00000000e+02	7.37463127e-10	7.85452614e-12	2.97453789e-03	7.63742622e-04	2.55223144e-06	5.09512685e-03	6.22735720e-05	-2.43598805e+00	-9.83014623e-01	-8.38428560e-01	-2.44080725e+00	8.97382064e+00
0	0	236	7.37463127e-10	1.00000000e-02	1.00000000e+02	7.37463127e-10	7.85452393e-12	2.95239186e-03	7.58506706e-04	2.53167322e-06	5.05712509e-03	6.22929293e-05	-2.43923355e+00	-9.86002227e-01	-8.41940967e-01	-2.44405856e+00	8.97395562e+00
0	0	237	7.37463127e-10	1.00000000e-02	1.00000000e+02	7.37463127e-10	7.85452174e-12	2.93041102e-03	7.53308650e-04	2.51128371e-06	5.01940695e-03	6.23121124e-05	-2.44247901e+00	-9.88988697e-01	-8.45452835e-01	-2.44730985e+00	8.97408934e+00
0	0	238	7.37463127e-10	1.00000000e-02	1.00000000e+02	7.37463127e-10	7.85451955e-12	2.90859415e-03	7.48148147e-04	2.49106151e-06	4.98197029e-03	6.23311232e-05	-2.44572443e+00	-9.91974047e-01	-8.48964164e-01	-2.45056112e+00	8.97422182e+00
0	0	239	7.37463127e-10	1.00000000e-02	1.00000000e+02	7.37463127e-10	7.85451738e-12	2.88694002e-03	7.43024894e-04	2.47100522e-06	4.94481303e-03	6.23499635e-05	-2.44896979e+00	-9.94958287e-01	-8.52474952e-01	-2.45381238e+00	8.97435307e+00
0	0	240	7.37463127e-10	1.00000000e-02	1.00000000e+02	7.37463127e-10	7.85451522e-12	2.86544739e-03	7.37938591e-04	2.45111346e-06	4.90793306e-03	6.23686351e-05	-2.45221511e+00	-9.97941429e-01	-8.55985200e-01	-2.45706362e+00	8.97448311e+00
0	0	241	7.37463127e-10	1.00000000e-02	1.00000000e+02	7.37463127e-10	7.85451307e-12	2.84411507e-03	7.32888940e-04	2.43138485e-06	4.87132831e-03	6.23871398e-05	-2.45546039e+00	-1.00092348e+00	-8.59494907e-01	-2.46031485e+00	8.97461194e+00
0	0	242	7.37463127e-10	1.00000000e-02	1.00000000e+02	7.37463127e-10	7.85451093e-12	2.82294185e-03	7.27875646e-04	2.41181804e-06	4.83499672e-03	6.24054795e-05	-2.45870562e+00	-1.00390446e+00	-8.63004075e-01	-2.46356607e+00	8.97473959e+00
0	0	243	7.37463127e-10	1.00000000e-02	1.00000000e+02	7.37463127e-10	7.85450881e-12	2.80192654e-03	7.22898418e-04	2.39241168e-06	4.79893625e-03	6.24236558e-05	-2.46195081e+00	-1.00688438e+00	-8.66512701e-01	-2.46681727e+00	8.97486607e+00
0	0	244	7.37463127e-10	1.00000000e-02	1.00000000e+02	7.37463127e-10	7.85450669e-12	2.78106795e-03	7.17956966e-04	2.37316442e-06	4.76314487e-03	6.24416706e-05	-2.46519595e+00	-1.00986324e+00	-8.70020787e-01	-2.47006846e+00	8.97499138e+00
0	0	245	7.37463127e-10	1.00000000e-02	1.00000000e+02	7.37463127e-10	7.85450459e-12	2.76036492e-03	7.13051006e-04	2.35407494e-06	4.72762056e-03	6.24595255e-05	-2.46844105e+00	-1.01284105e+00	-8.73528331e-01	-2.47331964e+00	8.97511555e+00
0	0	246	7.37463127e-10	1.00000000e-02	1.00000000e+02	7.37463127e-10	7.85450249e-12	2.73981627e-03	7.08180253e-04	2.33514192e-06	4.69236133e-03	6.24772223e-05	-2.47168611e+00	-1.01581784e+00	-8.77035334e-01	-2.47657081e+00	8.97523858e+00
0	0	247	7.37463127e-10	1.00000000e-02	1.00000000e+02	7.37463127e-10	7.85450041e-12	2.71942086e-03	7.03344428e-04	2.31636406e-06	4.65736520e-03	6.24947625e-05	-2.47493113e+00	-1.01879360e+00	-8.80541796e-01	-2.47982196e+00	8.97536049e+00
0	0	248	7.37463127e-10	1.00000000e-02	1.00000000e+02	7.37463127e-10	7.85449834e-12	2.69917752e-03	6.98543252e-04	2.29774007e-06	4.62263019e-03	6.25121479e-05	-2.47817610e+00	-1.02176835e+00	-8.84047716e-01	-2.48307310e+00	8.97548129e+00
0	0	249	7.37463127e-10	1.00000000e-02	1.00000000e+02	7.37463127e-10	7.85449628e-12	2.67908513e-03	6.93776451e-04	2.27926866e-06	4.58815436e-03	6.25293800e-05	-2.48142104e+00	-1.02474210e+00	-8.87553095e-01	-2.48632423e+00	8.97560099e+00
0	0	250	7.37463127e-10	1.00000000e-02	1.00000000e+02	7.37463127e-10	7.85449423e-12	2.65914255e-03	6.89043752e-04	2.26094857e-06	4.55393577e-03	6.25464605e-05	-2.48466593e+00	-1.02771485e+00	-8.91057932e-01	-2.48957535e+00	8.97571960e+00
0	0	251	7.37463127e-10	1.00000000e-02	1.00000000e+02	7.37463127e-10	7.85449219e-12	2.63934867e-03	6.84344885e-04	2.24277852e-06	4.51997248e-03	6.25633910e-05	-2.48791079e+00	-1.03068663e+00	-8.94562226e-01	-2.49282646e+00	8.97583715e+00
0	0	252	7.37463127e-10	1.00000000e-02	1.00000000e+02	7.37463127e-10	7.85449017e-12	2.61970236e-03	6.79679585e-04	2.22475728e-06	4.48626260e-03	6.25801730e-05	-2.49115560e+00	-1.03365743e+00	-8.98065979e-01	-2.49607756e+00	8.97595362e+00
0	0	253	7.37463127e-10	1.00000000e-02	1.00000000e+02	7.37463127e-10	7.85448815e-12	2.60020253e-03	6.75047584e-04	2.20688359e-06	4.45280423e-03	6.25968080e-05	-2.49440038e+00	-1.03662726e+00	-9.01569189e-01	-2.49932865e+00	8.97606905e+00
0	0	254	7.37463127e-10	1.00000000e-02	1.00000000e+02	7.37463127e-10	7.85448614e-12	2.58084808e-03	6.70448623e-04	2.18915624e-06	4.41959548e-03	6.26132976e-05	-2.49764511e+00	-1.03959615e+00	-9.05071856e-01	-2.50257973e+00	8.97618344e+00
0	0	255	7.37463127e-10	1.00000000e-02	1.00000000e+02	7.37463127e-10	7.85448415e-12	2.56163791e-03	6.65882441e-04	2.17157400e-06	4.38663450e-03	6.26296433e-05	-2.50088981e+00	-1.04256409e+00	-9.08573981e-01	-2.50583080e+00	8.97629680e+00
0	0	256	7.37463127e-10	1.00000000e-02	1.00000000e+02	7.37463127e-10	7.85448217e-12	2.54257096e-03	6.61348780e-04	2.15413566e-06	4.35391942e-03	6.26458466e-05	-2.50413447e+00	-1.04553109e+00	-9.12075563e-01	-2.50908187e+00	8.97640915e+00
0	0	257	7.37463127e-10	1.00000000e-02	1.00000000e+02	7.37463127e-10	7.85448019e-12	2.52364614e-03	6.56847387e-04	2.13684003e-06	4.32144842e-03	6.26619088e-05	-2.50737909e+00	-1.04849717e+00	-9.15576602e-01	-2.51233292e+00	8.97652049e+00
0	0	258	7.37463127e-10	1.00000000e-02	1.00000000e+02	7.37463127e-10	7.85447823e-12	2.50486240e-03	6.52378009e-04	2.11968592e-06	4.28921966e-03	6.26778316e-05	-2.51062368e+00	-1.05146234e+00	-9.19077099e-01	-2.51558397e+00	8.97663083e+00
0	0	259	7.37463127e-10	1.00000000e-02	1.00000000e+02	7.37463127e-10	7.85447628e-12	2.48621867e-03	6.47940396e-04	2.10267215e-06	4.25723134e-03	6.26936163e-05	-2.51386823e+00	-1.05442659e+00	-9.22577051e-01	-2.51883500e+00	8.97674019e+00
0	0	260	7.37463127e-10	1.00000000e-02	1.00000000e+02	7.37463127e-10	7.85447434e-12	2.46771392e-03	6.43534300e-04	2.08579755e-06	4.22548166e-03	6.27092643e-05	-2.51711274e+00	-1.05738995e+00	-9.26076461e-01	-2.52208603e+00	8.97684857e+00
0	0	261	7.37463127e-10	1.00000000e-02	1.00000000e+02	7.37463127e-10	7.85447240e-12	2.44934710e-03	6.39159477e-04	2.06906096e-06	4.19396883e-03	6.27247770e-05	-2.52035722e+00	-1.06035242e+00	-9.29575327e-01	-2.52533706e+00	8.97695599e+00
0	0	262	7.37463127e-10	1.00000000e-02	1.00000000e+02	7.37463127e-10	7.85447048e-12	2.43111718e-03	6.34815682e-04	2.05246124e-06	4.16269109e-03	6.27401558e-05	-2.52360166e+00	-1.06331400e+00	-9.33073650e-01	-2.52858807e+00	8.97706246e+00
0	0	263	7.37463127e-10	1.00000000e-02	1.00000000e+02	7.37463127e-10	7.85446857e-12	2.41302314e-03	6.30502676e-04	2.03599724e-06	4.13164667e-03	6.27554020e-05	-2.52684607e+00	-1.06627472e+00	-9.36571428e-01	-2.53183908e+00	8.97716798e+00
0	0	264	7.37463127e-10	1.00000000e-02	1.00000000e+02	7.37463127e-10	7.85446667e-12	2.39506395e-03	6.26220219e-04	2.01966784e-06	4.10083384e-03	6.27705170e-05	-2.53009044e+00	-1.06923457e+00	-9.40068663e-01	-2.53509008e+00	8.97727257e+00
0	0	265	7.37463127e-10	1.00000000e-02	1.00000000e+02	7.37463127e-10	7.85446478e-12	2.37723862e-03	6.21968076e-04	2.00347192e-06	4.07025086e-03	6.27855022e-05	-2.53333478e+00	-1.07219356e+00	-9.43565354e-01	-2.53834108e+00	8.97737624e+00
0	0	266	7.37463127e-10	1.00000000e-02	1.00000000e+02	7.37463127e-10	7.85446290e-12	2.35954614e-03	6.17746012e-04	1.98740836e-06	4.03989602e-03	6.28003587e-05	-2.53657908e+00	-1.07515170e+00	-9.47061501e-01	-2.54159207e+00	8.97747899e+00
0	0	267	7.37463127e-10	1.00000000e-02	1.00000000e+02	7.37463127e-10	7.85446103e-12	2.34198552e-03	6.13553795e-04	1.97147607e-06	4.00976762e-03	6.28150880e-05	-2.53982335e+00	-1.07810900e+00	-9.50557104e-01	-2.54484305e+00	8.97758084e+00
0	0	268	7.37463127e-10	1.00000000e-02	1.00000000e+02	7.37463127e-10	7.85445917e-12	2.32455576e-03	6.09391196e-04	1.95567395e-06	3.97986395e-03	6.28296912e-05	-2.54306758e+00	-1.08106548e+00	-9.54052162e-01	-2.54809403e+00	8.97768179e+00
0	0	269	7.37463127e-10	1.00000000e-02	1.00000000e+02	7.37463127e-10	7.85445732e-12	2.30725590e-03	6.05257986e-04	1.94000093e-06	3.95018334e-03	6.28441697e-05	-2.54631179e+00	-1.08402112e+00	-9.57546676e-01	-2.55134500e+00	8.97778186e+00
0	0	270	7.37463127e-10	1.00000000e-02	1.00000000e+02	7.37463127e-10	7.85445549e-12	2.29008497e-03	6.01153939e-04	1.92445592e-06	3.92072413e-03	6.28585247e-05	-2.54955596e+00	-1.08697595e+00	-9.61040646e-01	-2.55459597e+00	8.97788105e+00
0	0	271	7.37463127e-10	1.00000000e-02	1.00000000e+02	7.37463127e-10	7.85445366e-12	2.27304199e-03	5.97078833e-04	1.90903787e-06	3.89148466e-03	6.28727574e-05	-2.55280010e+00	-1.08992998e+00	-9.64534071e-01	-2.55784693e+00	8.97797937e+00
0	0	272	7.37463127e-10	1.00000000e-02	1.00000000e+02	7.37463127e-10	7.85445184e-12	2.25612601e-03	5.93032444e-04	1.89374572e-06	3.86246328e-03	6.28868691e-05	-2.55604420e+00	-1.09288320e+00	-9.68026951e-01	-2.56109789e+00	8.97807684e+00
0	0	273	7.37463127e-10	1.00000000e-02	1.00000000e+02	7.37463127e-10	7.85445003e-12	2.23933608e-03	5.89014555e-04	1.87857842e-06	3.83365838e-03	6.29008609e-05	-2.55928828e+00	-1.09583563e+00	-9.71519286e-01	-2.56434884e+00	8.97817346e+00
0	0	274	7.37463127e-10	1.00000000e-02	1.00000000e+02	7.37463127e-10	7.85444823e-12	2.22267127e-03	5.85024946e-04	1.86353493e-06	3.80506833e-03	6.29147341e-05	-2.56253232e+00	-1.09878727e+00	-9.75011076e-01	-2.56759979e+00	8.97826923e+00
0	0	275	7.37463127e-10	1.00000000e-02	1.00000000e+02	7.37463127e-10	7.85444644e-12	2.20613063e-03	5.81063402e-04	1.84861423e-06	3.77669153e-03	6.29284897e-05	-2.56577633e+00	-1.10173813e+00	-9.78502321e-01	-2.57085074e+00	8.97836417e+00
0	0	276	7.37463127e-10	1.00000000e-02	1.00000000e+02	7.37463127e-10	7.85444466e-12	2.18971323e-03	5.77129709e-04	1.83381530e-06	3.74852639e-03	6.29421290e-05	-2.56902031e+00	-1.10468822e+00	-9.81993022e-01	-2.57410168e+00	8.97845829e+00
0	0	277	7.37463127e-10	1.00000000e-02	1.00000000e+02	7.37463127e-10	7.85444289e-12	2.17341817e-03	5.73223655e-04	1.81913713e-06	3.72057132e-03	6.29556531e-05	-2.57226426e+00	-1.10763755e+00	-9.85483177e-01	-2.57735262e+00	8.97855160e+00
0	0	278	7.37463127e-10	1.00000000e-02	1.00000000e+02	7.37463127e-10	7.85444113e-12	2.15724452e-03	5.69345031e-04	1.80457870e-06	3.69282476e-03	6.29690631e-05	-2.57550818e+00	-1.11058612e+00	-9.88972786e-01	-2.58060356e+00	8.97864410e+00
0	0	279	7.37463127e-10	1.00000000e-02	1.00000000e+02	7.37463127e-10	7.85443938e-12	2.14119137e-03	5.65493628e-04	1.79013904e-06	3.66528514e-03	6.29823602e-05	-2.57875207e+00	-1.11353394e+00	-9.92461851e-01	-2.58385449e+00	8.97873580e+00
0	0	280	7.37463127e-10	1.00000000e-02	1.00000000e+02	7.37463127e-10	7.85443763e-12	2.12525782e-03	5.61669239e-04	1.77581714e-06	3.63795093e-03	6.29955454e-05	-2.58199593e+00	-1.11648101e+00	-9.95950370e-01	-2.58710542e+00	8.97882671e+00
0	0	281	7.37463127e-10	1.00000000e-02	1.00000000e+02	7.37463127e-10	7.85443590e-12	2.10944299e-03	5.57871660e-04	1.76161204e-06	3.61082059e-03	6.30086199e-05	-2.58523976e+00	-1.11942735e+00	-9.99438343e-01	-2.59035634e+00	8.97891683e+00
0	0	282	7.37463127e-10	1.00000000e-02	1.00000000e+02	7.37463127e-10	7.85443418e-12	2.09374599e-03	5.54100689e-04	1.74752277e-06	3.58389260e-03	6.30215847e-05	-2.58848356e+00	-1.12237296e+00	-1.00292577e+00	-2.59360727e+00	8.97900619e+00
0	0	283	7.37463127e-10	1.00000000e-02	1.00000000e+02	7.37463127e-10	7.85443247e-12	2.07816592e-03	5.50356124e-04	1.73354836e-06	3.55716544e-03	6.30344409e-05	-2.59172733e+00	-1.12531785e+00	-1.00641265e+00	-2.59685819e+00	8.97909477e+00
0	0	284	7.37463127e-10	1.00000000e-02	1.00000000e+02	7.37463127e-10	7.85443076e-12	2.06270193e-03	5.46637766e-04	1.71968786e-06	3.53063762e-03	6.30471896e-05	-2.59497108e+00	-1.12826202e+00	-1.00989899e+00	-2.60010911e+00	8.97918260e+00
0	0	285	7.37463127e-10	1.00000000e-02	1.00000000e+02	7.37463127e-10	7.85442907e-12	2.04735315e-03	5.42945418e-04	1.70594032e-06	3.50430765e-03	6.30598317e-05	-2.59821479e+00	-1.13120548e+00	-1.01338478e+00	-2.60336003e+00	8.97926967e+00
0	0	286	7.37463127e-10	1.00000000e-02	1.00000000e+02	7.37463127e-10	7.85442739e-12	2.03211871e-03	5.39278884e-04	1.69230481e-06	3.47817405e-03	6.30723683e-05	-2.60145848e+00	-1.13414824e+00	-1.01687002e+00	-2.60661094e+00	8.97935600e+00
0	0	287	7.37463127e-10	1.00000000e-02	1.00000000e+02	7.37463127e-10	7.85442571e-12	2.01699775e-03	5.35637970e-04	1.67878040e-06	3.45223535e-03	6.30848005e-05	-2.60470214e+00	-1.13709030e+00	-1.02035472e+00	-2.60986186e+00	8.97944160e+00
0	0	288	7.37463127e-10	1.00000000e-02	1.00000000e+02	7.37463127e-10	7.85442404e-12	2.00198944e-03	5.32022484e-04	1.66536617e-06	3.42649011e-03	6.30971292e-05	-2.60794577e+00	-1.14003166e+00	-1.02383888e+00	-2.61311277e+00	8.97952647e+00
0	0	289	7.37463127e-10	1.00000000e-02	1.00000000e+02	7.37463127e-10	7.85442239e-12	1.98709293e-03	5.28432234e-04	1.65206120e-06	3.40093687e-03	6.31093554e-05	-2.61118937e+00	-1.14297235e+00	-1.02732248e+00	-2.61636368e+00	8.97961061e+00
0	0	290	7.37463127e-10	1.00000000e-02	1.00000000e+02	7.37463127e-10	7.85442074e-12	1.97230739e-03	5.24867033e-04	1.63886458e-06	3.37557421e-03	6.31214801e-05	-2.61443295e+00	-1.14591236e+00	-1.03080554e+00	-2.61961459e+00	8.97969404e+00
0	0	291	7.37463127e-10	1.00000000e-02	1.00000000e+02	7.37463127e-10	7.85441910e-12	1.95763198e-03	5.21326692e-04	1.62577543e-06	3.35040069e-03	6.31335043e-05	-2.61767650e+00	-1.14885169e+00	-1.03428806e+00	-2.62286550e+00	8.97977676e+00
0	0	292	7.37463127e-10	1.00000000e-02	1.00000000e+02	7.37463127e-10	7.85441747e-12	1.94306590e-03	5.17811025e-04	1.61279284e-06	3.32541492e-03	6.31454289e-05	-2.62092002e+00	-1.15179036e+00	-1.03777003e+00	-2.62611641e+00	8.97985878e+00
0	0	293	7.37463127e-10	1.00000000e-02	1.00000000e+02	7.37463127e-10	7.85441585e-12	1.92860831e-03	5.14319849e-04	1.59991594e-06	3.30061548e-03	6.31572549e-05	-2.62416352e+00	-1.15472837e+00	-1.04125145e+00	-2.62936732e+00	8.97994011e+00
0	0	294	7.37463127e-10	1.00000000e-02	1.00000000e+02	7.37463127e-10	7.85441424e-12	1.91425840e-03	5.10852981e-04	1.58714385e-06	3.27600098e-03	6.31689833e-05	-2.62740699e+00	-1.15766572e+00	-1.04473232e+00	-2.63261823e+00	8.98002075e+00
0	0	295	7.37463127e-10	1.00000000e-02	1.00000000e+02	7.37463127e-10	7.85441264e-12	1.90001539e-03	5.07410240e-04	1.57447569e-06	3.25157005e-03	6.31806148e-05	-2.63065043e+00	-1.16060242e+00	-1.04821265e+00	-2.63586914e+00	8.98010071e+00
0	0	296	7.37463127e-10	1.00000000e-02	1.00000000e+02	7.37463127e-10	7.85441104e-12	1.88587846e-03	5.03991446e-04	1.56191062e-06	3.22732132e-03	6.31921506e-05	-2.63389385e+00	-1.16353849e+00	-1.05169244e+00	-2.63912005e+00	8.98018000e+00
0	0	297	7.37463127e-10	1.00000000e-02	1.00000000e+02	7.37463127e-10	7.85440946e-12	1.87184683e-03	5.00596421e-04	1.54944777e-06	3.20325342e-03	6.32035914e-05	-2.63713724e+00	-1.16647391e+00	-1.05517167e+00	-2.64237096e+00	8.98025862e+00
0	0	298	7.37463127e-10	1.00000000e-02	1.00000000e+02	7.37463127e-10	7.85440788e-12	1.85791971e-03	4.97224989e-04	1.53708629e-06	3.17936501e-03	6.32149382e-05	-2.64038061e+00	-1.16940870e+00	-1.05865036e+00	-2.64562186e+00	8.98033658e+00
0	0	299	7.37463127e-10	1.00000000e-02	1.00000000e+02	7.37463127e-10	7.85440631e-12	1.84409631e-03	4.93876974e-04	1.52482536e-06	3.15565474e-03	6.32261918e-05	-2.64362395e+00	-1.17234287e+00	-1.06212851e+00	-2.64887277e+00	8.98041389e+00
0	0	300	7.37463127e-10	1.00000000e-02	1.00000000e+02	7.37463127e-10	7.85440475e-12	1.83037588e-03	4.90552204e-04	1.51266413e-06	3.13212129e-03	6.32373532e-05	-2.64686727e+00	-1.17527642e+00	-1.06560611e+00	-2.65212368e+00	8.98049055e+00
0	0	301	7.37463127e-10	1.00000000e-02	1.00000000e+02	7.37463127e-10	7.85440320e-12	1.81675763e-03	4.87250506e-04	1.50060178e-06	3.10876334e-03	6.32484231e-05	-2.65011056e+00	-1.17820935e+00	-1.06908316e+00	-2.65537459e+00	8.98056657e+00
0	0	302	7.37463127e-10	1.00000000e-02	1.00000000e+02	7.37463127e-10	7.85440166e-12	1.80324080e-03	4.83971709e-04	1.48863750e-06	3.08557958e-03	6.32594025e-05	-2.65335383e+00	-1.18114168e+00	-1.07255966e+00	-2.65862550e+00	8.98064195e+00
0	0	303	7.37463127e-10	1.00000000e-02	1.00000000e+02	7.37463127e-10	7.85440013e-12	1.78982464e-03	4.80715645e-04	1.47677046e-06	3.06256870e-03	6.32702922e-05	-2.65659707e+00	-1.18407339e+00	-1.07603562e+00	-2.66187642e+00	8.98071671e+00
0	0	304	7.37463127e-10	1.00000000e-02	1.00000000e+02	7.37463127e-10	7.85439861e-12	1.77650840e-03	4.77482145e-04	1.46499987e-06	3.03972942e-03	6.32810930e-05	-2.65984029e+00	-1.18700452e+00	-1.07951103e+00	-2.66512733e+00	8.98079084e+00
0	0	305	7.37463127e-10	1.00000000e-02	1.00000000e+02	7.37463127e-10	7.85439709e-12	1.76329133e-03	4.74271044e-04	1.45332492e-06	3.01706046e-03	6.32918058e-05	-2.66308348e+00	-1.18993504e+00	-1.08298589e+00	-2.66837824e+00	8.98086435e+00
0	0	306	7.37463127e-10	1.00000000e-02	1.00000000e+02	7.37463127e-10	7.85439558e-12	1.75017269e-03	4.71082175e-04	1.44174483e-06	2.99456054e-03	6.33024313e-05	-2.66632665e+00	-1.19286498e+00	-1.08646021e+00	-2.67162916e+00	8.98093726e+00
0	0	307	7.37463127e-10	1.00000000e-02	1.00000000e+02	7.37463127e-10	7.85439408e-12	1.73715174e-03	4.67915376e-04	1.43025881e-06	2.97222841e-03	6.33129705e-05	-2.66956980e+00	-1.19579433e+00	-1.08993398e+00	-2.67488007e+00	8.98100956e+00
0	0	308	7.37463127e-10	1.00000000e-02	1.00000000e+02	7.37463127e-10	7.85439259e-12	1.72422777e-03	4.64770485e-04	1.41886608e-06	2.95006281e-03	6.33234240e-05	-2.67281292e+00	-1.19872311e+00	-1.09340721e+00	-2.67813099e+00	8.98108126e+00
0	0	309	7.37463127e-10	1.00000000e-02	1.00000000e+02	7.37463127e-10	7.85439111e-12	1.71140003e-03	4.61647340e-04	1.40756587e-06	2.92806250e-03	6.33337927e-05	-2.67605602e+00	-1.20165131e+00	-1.09687989e+00	-2.68138191e+00	8.98115236e+00
0	0	310	7.37463127e-10	1.00000000e-02	1.00000000e+02	7.37463127e-10	7.85438964e-12	1.69866783e-03	4.58545782e-04	1.39635742e-06	2.90622624e-03	6.33440774e-05	-2.67929909e+00	-1.20457895e+00	-1.10035202e+00	-2.68463283e+00	8.98122288e+00
0	0	311	7.37463127e-10	1.00000000e-02	1.00000000e+02	7.37463127e-10	7.85438817e-12	1.68603043e-03	4.55465652e-04	1.38523996e-06	2.88455282e-03	6.33542788e-05	-2.68254214e+00	-1.20750602e+00	-1.10382360e+00	-2.68788376e+00	8.98129282e+00
0	0	312	7.37463127e-10	1.00000000e-02	1.00000000e+02	7.37463127e-10	7.85438671e-12	1.67348715e-03	4.52406795e-04	1.37421275e-06	2.86304102e-03	6.33643977e-05	-2.68578517e+00	-1.21043253e+00	-1.10729464e+00	-2.69113468e+00	8.98136218e+00
0	0	313	7.37463127e-10	1.00000000e-02	1.00000000e+02	7.37463127e-10	7.85438526e-12	1.66103726e-03	4.49369053e-04	1.36327504e-06	2.84168963e-03	6.33744348e-05	-2.68902818e+00	-1.21335849e+00	-1.11076513e+00	-2.69438561e+00	8.98143097e+00
0	0	314	7.37463127e-10	1.00000000e-02	1.00000000e+02	7.37463127e-10	7.85438382e-12	1.64868008e-03	4.46352273e-04	1.35242608e-06	2.82049745e-03	6.33843910e-05	-2.69227116e+00	-1.21628390e+00	-1.11423508e+00	-2.69763654e+00	8.98149919e+00
0	0	315	7.37463127e-10	1.00000000e-02	1.00000000e+02	7.37463127e-10	7.85438239e-12	1.63641492e-03	4.43356301e-04	1.34166515e-06	2.79946330e-03	6.33942669e-05	-2.69551412e+00	-1.21920877e+00	-1.11770447e+00	-2.70088748e+00	8.98156685e+00
0	0	316	7.37463127e-10	1.00000000e-02	1.00000000e+02	7.37463127e-10	7.85438097e-12	1.62424109e-03	4.40380987e-04	1.33099152e-06	2.77858600e-03	6.34040633e-05	-2.69875706e+00	-1.22213309e+00	-1.12117333e+00	-2.70413841e+00	8.98163396e+00
0	0	317	7.37463127e-10	1.00000000e-02	1.00000000e+02	7.37463127e-10	7.85437955e-12	1.61215791e-03	4.37426178e-04	1.32040446e-06	2.75786438e-03	6.34137809e-05	-2.70199998e+00	-1.22505688e+00	-1.12464163e+00	-2.70738935e+00	8.98170051e+00
0	0	318	7.37463127e-10	1.00000000e-02	1.00000000e+02	7.37463127e-10	7.85437814e-12	1.60016469e-03	4.34491726e-04	1.30990326e-06	2.73729728e-03	6.34234205e-05	-2.70524287e+00	-1.22798014e+00	-1.12810939e+00	-2.71064029e+00	8.98176653e+00
0	0	319	7.37463127e-10	1.00000000e-02	1.00000000e+02	7.37463127e-10	7.85437674e-12	1.58826078e-03	4.31577482e-04	1.29948722e-06	2.71688353e-03	6.34329826e-05	-2.70848574e+00	-1.23090287e+00	-1.13157660e+00	-2.71389123e+00	8.98183200e+00
0	0	320	7.37463127e-10	1.00000000e-02	1.00000000e+02	7.37463127e-10	7.85437535e-12	1.57644551e-03	4.28683300e-04	1.28915562e-06	2.69662201e-03	6.34424681e-05	-2.71172859e+00	-1.23382509e+00	-1.13504327e+00	-2.71714218e+00	8.98189694e+00
0	0	321	7.37463127e-10	1.00000000e-02	1.00000000e+02	7.37463127e-10	7.85437396e-12	1.56471820e-03	4.25809034e-04	1.27890777e-06	2.67651157e-03	6.34518777e-05	-2.71497142e+00	-1.23674678e+00	-1.13850939e+00	-2.72039313e+00	8.98196134e+00
0	0	322	7.37463127e-10	1.00000000e-02	1.00000000e+02	7.37463127e-10	7.85437258e-12	1.55307822e-03	4.22954539e-04	1.26874299e-06	2.65655109e-03	6.34612119e-05	-2.71821422e+00	-1.23966796e+00	-1.14197496e+00	-2.72364408e+00	8.98202523e+00
0	0	323	7.37463127e-10	1.00000000e-02	1.00000000e+02	7.37463127e-10	7.85437121e-12	1.54152490e-03	4.20119672e-04	1.25866057e-06	2.63673945e-03	6.34704716e-05	-2.72145701e+00	-1.24258863e+00	-1.14543999e+00	-2.72689504e+00	8.98208859e+00
0	0	324	7.37463127e-10	1.00000000e-02	1.00000000e+02	7.37463127e-10	7.85436985e-12	1.53005760e-03	4.17304290e-04	1.24865985e-06	2.61707554e-03	6.34796573e-05	-2.72469977e+00	-1.24550880e+00	-1.14890447e+00	-2.73014600e+00	8.98215144e+00
0	0	325	7.37463127e-10	1.00000000e-02	1.00000000e+02	7.37463127e-10	7.85436850e-12	1.51867568e-03	4.14508253e-04	1.23874015e-06	2.59755825e-03	6.34887698e-05	-2.72794251e+00	-1.24842847e+00	-1.15236840e+00	-2.73339696e+00	8.98221378e+00
0	0	326	7.37463127e-10	1.00000000e-02	1.00000000e+02	7.37463127e-10	7.85436715e-12	1.50737851e-03	4.11731420e-04	1.22890080e-06	2.57818650e-03	6.34978097e-05	-2.73118523e+00	-1.25134764e+00	-1.15583179e+00	-2.73664792e+00	8.98227561e+00
0	0	327	7.37463127e-10	1.00000000e-02	1.00000000e+02	7.37463127e-10	7.85436581e-12	1.49616544e-03	4.08973652e-04	1.21914114e-06	2.55895919e-03	6.35067776e-05	-2.73442793e+00	-1.25426632e+00	-1.15929463e+00	-2.73989889e+00	8.98233694e+00
0	0	328	7.37463127e-10	1.00000000e-02	1.00000000e+02	7.37463127e-10	7.85436448e-12	1.48503586e-03	4.06234813e-04	1.20946051e-06	2.53987526e-03	6.35156742e-05	-2.73767061e+00	-1.25718451e+00	-1.16275692e+00	-2.74314987e+00	8.98239778e+00
0	0	329	7.37463127e-10	1.00000000e-02	1.00000000e+02	7.37463127e-10	7.85436316e-12	1.47398914e-03	4.03514764e-04	1.19985826e-06	2.52093362e-03	6.35245002e-05	-2.74091327e+00	-1.26010222e+00	-1.16621867e+00	-2.74640084e+00	8.98245812e+00
0	0	330	7.37463127e-10	1.00000000e-02	1.00000000e+02	7.37463127e-10	7.85436184e-12	1.46302466e-03	4.00813371e-04	1.19033373e-06	2.50213322e-03	6.35332561e-05	-2.74415591e+00	-1.26301945e+00	-1.16967987e+00	-2.74965183e+00	8.98251798e+00
0	0	331	7.37463127e-10	1.00000000e-02	1.00000000e+02	7.37463127e-10	7.85436053e-12	1.45214181e-03	3.98130499e-04	1.18088630e-06	2.48347301e-03	6.35419426e-05	-2.74739852e+00	-1.26593620e+00	-1.17314053e+00	-2.75290281e+00	8.98257735e+00
0	0	332	7.37463127e-10	1.00000000e-02	1.00000000e+02	7.37463127e-10	7.85435923e-12	1.44133998e-03	3.95466014e-04	1.17151533e-06	2.46495194e-03	6.35505603e-05	-2.75064112e+00	-1.26885248e+00	-1.17660064e+00	-2.75615380e+00	8.98263625e+00
0	0	333	7.37463127e-10	1.00000000e-02	1.00000000e+02	7.37463127e-10	7.85435794e-12	1.43061857e-03	3.92819785e-04	1.16222018e-06	2.44656897e-03	6.35591098e-05	-2.75388370e+00	-1.27176830e+00	-1.18006020e+00	-2.75940479e+00	8.98269467e+00
0	0	334	7.37463127e-10	1.00000000e-02	1.00000000e+02	7.37463127e-10	7.85435665e-12	1.41997697e-03	3.90191680e-04	1.15300023e-06	2.42832307e-03	6.35675917e-05	-2.75712625e+00	-1.27468365e+00	-1.18351922e+00	-2.76265579e+00	8.98275262e+00
0	0	335	7.37463127e-10	1.00000000e-02	1.00000000e+02	7.37463127e-10	7.85435537e-12	1.40941460e-03	3.87581569e-04	1.14385486e-06	2.41021322e-03	6.35760067e-05	-2.76036879e+00	-1.27759853e+00	-1.18697769e+00	-2.76590679e+00	8.98281011e+00
0	0	336	7.37463127e-10	1.00000000e-02	1.00000000e+02	7.37463127e-10	7.85435410e-12	1.39893086e-03	3.84989323e-04	1.13478345e-06	2.39223841e-03	6.35843553e-05	-2.76361130e+00	-1.28051297e+00	-1.19043562e+00	-2.76915780e+00	8.98286714e+00
0	0	337	7.37463127e-10	1.00000000e-02	1.00000000e+02	7.37463127e-10	7.85435283e-12	1.38852517e-03	3.82414812e-04	1.12578540e-06	2.37439762e-03	6.35926380e-05	-2.76685380e+00	-1.28342695e+00	-1.19389300e+00	-2.77240881e+00	8.98292371e+00
0	0	338	7.37463127e-10	1.00000000e-02	1.00000000e+02	7.37463127e-10	7.85435157e-12	1.37819694e-03	3.79857911e-04	1.11686010e-06	2.35668986e-03	6.36008556e-05	-2.77009627e+00	-1.28634048e+00	-1.19734984e+00	-2.77565982e+00	8.98297982e+00
0	0	339	7.37463127e-10	1.00000000e-02	1.00000000e+02	7.37463127e-10	7.85435032e-12	1.36794559e-03	3.77318493e-04	1.10800696e-06	2.33911414e-03	6.36090085e-05	-2.77333873e+00	-1.28925356e+00	-1.20080613e+00	-2.77891084e+00	8.98303549e+00
0	0	340	7.37463127e-10	1.00000000e-02	1.00000000e+02	7.37463127e-10	7.85434908e-12	1.35777056e-03	3.74796433e-04	1.09922537e-06	2.32166947e-03	6.36170973e-05	-2.77658116e+00	-1.29216620e+00	-1.20426187e+00	-2.78216186e+00	8.98309072e+00
0	0	341	7.37463127e-10	1.00000000e-02	1.00000000e+02	7.37463127e-10	7.85434784e-12	1.34767128e-03	3.72291606e-04	1.09051475e-06	2.30435488e-03	6.36251227e-05	-2.77982358e+00	-1.29507841e+00	-1.20771707e+00	-2.78541289e+00	8.98314550e+00
0	0	342	7.37463127e-10	1.00000000e-02	1.00000000e+02	7.37463127e-10	7.85434661e-12	1.33764717e-03	3.69803890e-04	1.08187452e-06	2.28716939e-03	6.36330850e-05	-2.78306598e+00	-1.29799018e+00	-1.21117172e+00	-2.78866393e+00	8.98319984e+00
0	0	343	7.37463127e-10	1.00000000e-02	1.00000000e+02	7.37463127e-10	7.85434539e-12	1.32769769e-03	3.67333162e-04	1.07330409e-06	2.27011204e-03	6.36409850e-05	-2.78630835e+00	-1.30090151e+00	-1.21462583e+00	-2.79191496e+00	8.98325376e+00
0	0	344	7.37463127e-10	1.00000000e-02	1.00000000e+02	7.37463127e-10	7.85434418e-12	1.31782227e-03	3.64879300e-04	1.06480289e-06	2.25318187e-03	6.36488231e-05	-2.78955071e+00	-1.30381243e+00	-1.21807939e+00	-2.79516601e+00	8.98330724e+00
0	0	345	7.37463127e-10	1.00000000e-02	1.00000000e+02	7.37463127e-10	7.85434297e-12	1.30802036e-03	3.62442185e-04	1.05637035e-06	2.23637795e-03	6.36565999e-05	-2.79279305e+00	-1.30672291e+00	-1.22153241e+00	-2.79841705e+00	8.98336030e+00
0	0	346	7.37463127e-10	1.00000000e-02	1.00000000e+02	7.37463127e-10	7.85434177e-12	1.29829141e-03	3.60021697e-04	1.04800591e-06	2.21969932e-03	6.36643159e-05	-2.79603537e+00	-1.30963298e+00	-1.22498488e+00	-2.80166811e+00	8.98341294e+00
0	0	347	7.37463127e-10	1.00000000e-02	1.00000000e+02	7.37463127e-10	7.85434057e-12	1.28863489e-03	3.57617718e-04	1.03970900e-06	2.20314505e-03	6.36719717e-05	-2.79927767e+00	-1.31254262e+00	-1.22843681e+00	-2.80491916e+00	8.98346516e+00
0	0	348	7.37463127e-10	1.00000000e-02	1.00000000e+02	7.37463127e-10	7.85433939e-12	1.27905024e-03	3.55230129e-04	1.03147907e-06	2.18671421e-03	6.36795677e-05	-2.80251995e+00	-1.31545186e+00	-1.23188819e+00	-2.80817023e+00	8.98351697e+00
0	0	349	7.37463127e-10	1.00000000e-02	1.00000000e+02	7.37463127e-10	7.85433820e-12	1.26953694e-03	3.52858815e-04	1.02331557e-06	2.17040589e-03	6.36871046e-05	-2.80576221e+00	-1.31836068e+00	-1.23533903e+00	-2.81142130e+00	8.98356837e+00
0	0	350	7.37463127e-10	1.00000000e-02	1.00000000e+02	7.37463127e-10	7.85433703e-12	1.26009445e-03	3.50503659e-04	1.01521795e-06	2.15421917e-03	6.36945827e-05	-2.80900445e+00	-1.32126910e+00	-1.23878933e+00	-2.81467237e+00	8.98361936e+00
0	0	351	7.37463127e-10	1.00000000e-02	1.00000000e+02	7.37463127e-10	7.85433586e-12	1.25072225e-03	3.48164547e-04	1.00718567e-06	2.13815314e-03	6.37020026e-05	-2.81224668e+00	-1.32417711e+00	-1.24223907e+00	-2.81792345e+00	8.98366995e+00
0	0	352	7.37463127e-10	1.00000000e-02	1.00000000e+02	7.37463127e-10	7.85433470e-12	1.24141980e-03	3.45841364e-04	9.99218199e-07	2.12220690e-03	6.37093649e-05	-2.81548888e+00	-1.32708472e+00	-1.24568828e+00	-2.82117453e+00	8.98372014e+00
0	0	353	7.37463127e-10	1.00000000e-02	1.00000000e+02	7.37463127e-10	7.85433355e-12	1.23218660e-03	3.43533998e-04	9.91314995e-07	2.10637957e-03	6.37166699e-05	-2.81873107e+00	-1.32999193e+00	-1.24913694e+00	-2.82442562e+00	8.98376994e+00
0	0	354	7.37463127e-10	1.00000000e-02	1.00000000e+02	7.37463127e-10	7.85433240e-12	1.22302213e-03	3.41242337e-04	9.83475532e-07	2.09067025e-03	6.37239183e-05	-2.82197324e+00	-1.33289874e+00	-1.25258505e+00	-2.82767672e+00	8.98381934e+00
0	0	355	7.37463127e-10	1.00000000e-02	1.00000000e+02	7.37463127e-10	7.85433126e-12	1.21392587e-03	3.38966268e-04	9.75699288e-07	2.07507806e-03	6.37311105e-05	-2.82521539e+00	-1.33580517e+00	-1.25603263e+00	-2.83092782e+00	8.98386835e+00
0	0	356	7.37463127e-10	1.00000000e-02	1.00000000e+02	7.37463127e-10	7.85433013e-12	1.20489731e-03	3.36705683e-04	9.67985742e-07	2.05960213e-03	6.37382469e-05	-2.82845752e+00	-1.33871121e+00	-1.25947965e+00	-2.83417892e+00	8.98391698e+00
0	0	357	7.37463127e-10	1.00000000e-02	1.00000000e+02	7.37463127e-10	7.85432900e-12	1.19593596e-03	3.34460470e-04	9.60334380e-07	2.04424160e-03	6.37453282e-05	-2.83169963e+00	-1.34161686e+00	-1.26292614e+00	-2.83743003e+00	8.98396523e+00
0	0	358	7.37463127e-10	1.00000000e-02	1.00000000e+02	7.37463127e-10	7.85432788e-12	1.18704130e-03	3.32230521e-04	9.52744690e-07	2.02899559e-03	6.37523546e-05	-2.83494172e+00	-1.34452212e+00	-1.26637208e+00	-2.84068115e+00	8.98401310e+00
0	0	359	7.37463127e-10	1.00000000e-02	1.00000000e+02	7.37463127e-10	7.85432676e-12	1.17821285e-03	3.30015728e-04	9.45216166e-07	2.01386327e-03	6.37593267e-05	-2.83818380e+00	-1.34742701e+00	-1.26981747e+00	-2.84393227e+00	8.98406059e+00
0	0	360	7.37463127e-10	1.00000000e-02	1.00000000e+02	7.37463127e-10	7.85432565e-12	1.16945010e-03	3.27815984e-04	9.37748305e-07	1.99884377e-03	6.37662451e-05	-2.84142586e+00	-1.35033153e+00	-1.27326233e+00	-2.84718340e+00	8.98410771e+00
0	0	361	7.37463127e-10	1.00000000e-02	1.00000000e+02	7.37463127e-10	7.85432455e-12	1.16075258e-03	3.25631183e-04	9.30340610e-07	1.98393627e-03	6.37731100e-05	-2.84466790e+00	-1.35323566e+00	-1.27670664e+00	-2.85043454e+00	8.98415446e+00
0	0	362	7.37463127e-10	1.00000000e-02	1.00000000e+02	7.37463127e-10	7.85432346e-12	1.15211979e-03	3.23461219e-04	9.22992586e-07	1.96913992e-03	6.37799220e-05	-2.84790992e+00	-1.35613943e+00	-1.28015040e+00	-2.85368568e+00	8.98420085e+00
0	0	363	7.37463127e-10	1.00000000e-02	1.00000000e+02	7.37463127e-10	7.85432237e-12	1.14355126e-03	3.21305988e-04	9.15703744e-07	1.95445390e-03	6.37866816e-05	-2.85115192e+00	-1.35904283e+00	-1.28359362e+00	-2.85693682e+00	8.98424687e+00
0	0	364	7.37463127e-10	1.00000000e-02	1.00000000e+02	7.37463127e-10	7.85432128e-12	1.13504649e-03	3.19165385e-04	9.08473598e-07	1.93987738e-03	6.37933891e-05	-2.85439390e+00	-1.36194587e+00	-1.28703630e+00	-2.86018798e+00	8.98429254e+00
0	0	365	7.37463127e-10	1.00000000e-02	1.00000000e+02	7.37463127e-10	7.85432021e-12	1.12660503e-03	3.17039307e-04	9.01301666e-07	1.92540955e-03	6.38000450e-05	-2.85763587e+00	-1.36484854e+00	-1.29047844e+00	-2.86343913e+00	8.98433785e+00
0	0	366	7.37463127e-10	1.00000000e-02	1.00000000e+02	7.37463127e-10	7.85431914e-12	1.11822639e-03	3.14927653e-04	8.94187469e-07	1.91104959e-03	6.38066499e-05	-2.86087782e+00	-1.36775086e+00	-1.29392003e+00	-2.86669030e+00	8.98438281e+00
0	0	367	7.37463127e-10	1.00000000e-02	1.00000000e+02	7.37463127e-10	7.85431807e-12	1.10991011e-03	3.12830320e-04	8.87130536e-07	1.89679670e-03	6.38132040e-05	-2.86411975e+00	-1.37065281e+00	-1.29736109e+00	-2.86994147e+00	8.98442742e+00
0	0	368	7.37463127e-10	1.00000000e-02	1.00000000e+02	7.37463127e-10	7.85431701e-12	1.10165572e-03	3.10747208e-04	8.80130395e-07	1.88265009e-03	6.38197078e-05	-2.86736166e+00	-1.37355442e+00	-1.30080159e+00	-2.87319264e+00	8.98447168e+00
0	0	369	7.37463127e-10	1.00000000e-02	1.00000000e+02	7.37463127e-10	7.85431596e-12	1.09346277e-03	3.08678217e-04	8.73186582e-07	1.86860896e-03	6.38261618e-05	-2.87060355e+00	-1.37645567e+00	-1.30424156e+00	-2.87644383e+00	8.98451559e+00
0	0	370	7.37463127e-10	1.00000000e-02	1.00000000e+02	7.37463127e-10	7.85431492e-12	1.08533079e-03	3.06623247e-04	8.66298633e-07	1.85467253e-03	6.38325663e-05	-2.87384543e+00	-1.37935657e+00	-1.30768099e+00	-2.87969502e+00	8.98455917e+00
0	0	371	7.37463127e-10	1.00000000e-02	1.00000000e+02	7.37463127e-10	7.85431388e-12	1.07725933e-03	3.04582200e-04	8.59466091e-07	1.84084001e-03	6.38389219e-05	-2.87708729e+00	-1.38225713e+00	-1.31111987e+00	-2.88294621e+00	8.98460241e+00
0	0	372	7.37463127e-10	1.00000000e-02	1.00000000e+02	7.37463127e-10	7.85431284e-12	1.06924794e-03	3.02554979e-04	8.52688502e-07	1.82711063e-03	6.38452288e-05	-2.88032913e+00	-1.38515735e+00	-1.31455821e+00	-2.88619741e+00	8.98464531e+00
0	0	373	7.37463127e-10	1.00000000e-02	1.00000000e+02	7.37463127e-10	7.85431181e-12	1.06129618e-03	3.00541486e-04	8.45965415e-07	1.81348362e-03	6.38514875e-05	-2.88357095e+00	-1.38805722e+00	-1.31799601e+00	-2.88944862e+00	8.98468789e+00
0	0	374	7.37463127e-10	1.00000000e-02	1.00000000e+02	7.37463127e-10	7.85431079e-12	1.05340359e-03	2.98541624e-04	8.39296384e-07	1.79995821e-03	6.38576985e-05	-2.88681276e+00	-1.39095676e+00	-1.32143326e+00	-2.89269983e+00	8.98473013e+00
0	0	375	7.37463127e-10	1.00000000e-02	1.00000000e+02	7.37463127e-10	7.85430978e-12	1.04556974e-03	2.96555299e-04	8.32680965e-07	1.78653366e-03	6.38638621e-05	-2.89005455e+00	-1.39385596e+00	-1.32486998e+00	-2.89595105e+00	8.98477204e+00
0	0	376	7.37463127e-10	1.00000000e-02	1.00000000e+02	7.37463127e-10	7.85430877e-12	1.03779419e-03	2.94582416e-04	8.26118719e-07	1.77320921e-03	6.38699787e-05	-2.89329632e+00	-1.39675483e+00	-1.32830615e+00	-2.89920228e+00	8.98481364e+00
0	0	377	7.37463127e-10	1.00000000e-02	1.00000000e+02	7.37463127e-10	7.85430776e-12	1.03007651e-03	2.92622880e-04	8.19609210e-07	1.75998410e-03	6.38760487e-05	-2.89653807e+00	-1.39965337e+00	-1.33174178e+00	-2.90245351e+00	8.98485491e+00
0	0	378	7.37463127e-10	1.00000000e-02	1.00000000e+02	7.37463127e-10	7.85430676e-12	1.02241626e-03	2.90676597e-04	8.13152007e-07	1.74685761e-03	6.38820724e-05	-2.89977980e+00	-1.40255158e+00	-1.33517688e+00	-2.90570475e+00	8.98489586e+00
0	0	379	7.37463127e-10	1.00000000e-02	1.00000000e+02	7.37463127e-10	7.85430577e-12	1.01481302e-03	2.88743476e-04	8.06746681e-07	1.73382899e-03	6.38880504e-05	-2.90302152e+00	-1.40544947e+00	-1.33861143e+00	-2.90895599e+00	8.98493650e+00
0	0	380	7.37463127e-10	1.00000000e-02	1.00000000e+02	7.37463127e-10	7.85430478e-12	1.00726637e-03	2.86823424e-04	8.00392807e-07	1.72089752e-03	6.38939829e-05	-2.90626322e+00	-1.40834703e+00	-1.34204544e+00	-2.91220725e+00	8.98497683e+00
0	0	381	7.37463127e-10	1.00000000e-02	1.00000000e+02	7.37463127e-10	7.85430380e-12	9.99775868e-04	2.84916350e-04	7.94089964e-07	1.70806247e-03	6.38998704e-05	-2.90950490e+00	-1.41124428e+00	-1.34547891e+00	-2.91545850e+00	8.98501684e+00
0	0	382	7.37463127e-10	1.00000000e-02	1.00000000e+02	7.37463127e-10	7.85430283e-12	9.92341113e-04	2.83022163e-04	7.87837735e-07	1.69532312e-03	6.39057132e-05	-2.91274657e+00	-1.41414121e+00	-1.34891184e+00	-2.91870977e+00	8.98505655e+00
0	0	383	7.37463127e-10	1.00000000e-02	1.00000000e+02	7.37463127e-10	7.85430186e-12	9.84961687e-04	2.81140773e-04	7.81635704e-07	1.68267877e-03	6.39115117e-05	-2.91598822e+00	-1.41703782e+00	-1.35234423e+00	-2.92196104e+00	8.98509596e+00
0	0	384	7.37463127e-10	1.00000000e-02	1.00000000e+02	7.37463127e-10	7.85430089e-12	9.77637175e-04	2.79272091e-04	7.75483461e-07	1.67012869e-03	6.39172663e-05	-2.91922985e+00	-1.41993411e+00	-1.35577607e+00	-2.92521232e+00	8.98513506e+00
0	0	385	7.37463127e-10	1.00000000e-02	1.00000000e+02	7.37463127e-10	7.85429993e-12	9.70367170e-04	2.77416028e-04	7.69380598e-07	1.65767219e-03	6.39229772e-05	-2.92247146e+00	-1.42283010e+00	-1.35920738e+00	-2.92846360e+00	8.98517386e+00
0	0	386	7.37463127e-10	1.00000000e-02	1.00000000e+02	7.37463127e-10	7.85429898e-12	9.63151266e-04	2.75572497e-04	7.63326713e-07	1.64530857e-03	6.39286450e-05	-2.92571305e+00	-1.42572578e+00	-1.36263815e+00	-2.93171489e+00	8.98521237e+00
0	0	387	7.37463127e-10	1.00000000e-02	1.00000000e+02	7.37463127e-10	7.85429803e-12	9.55989059e-04	2.73741409e-04	7.57321402e-07	1.63303714e-03	6.39342699e-05	-2.92895463e+00	-1.42862115e+00	-1.36606838e+00	-2.93496619e+00	8.98525058e+00
0	0	388	7.37463127e-10	1.00000000e-02	1.00000000e+02	7.37463127e-10	7.85429709e-12	9.48880150e-04	2.71922678e-04	7.51364271e-07	1.62085721e-03	6.39398523e-05	-2.93219619e+00	-1.43151622e+00	-1.36949807e+00	-2.93821750e+00	8.98528849e+00
0	0	389	7.37463127e-10	1.00000000e-02	1.00000000e+02	7.37463127e-10	7.85429616e-12	9.41824141e-04	2.70116218e-04	7.45454924e-07	1.60876810e-03	6.39453925e-05	-2.93543773e+00	-1.43441099e+00	-1.37292723e+00	-2.94146881e+00	8.98532612e+00
0	0	390	7.37463127e-10	1.00000000e-02	1.00000000e+02	7.37463127e-10	7.85429522e-12	9.34820640e-04	2.68321944e-04	7.39592970e-07	1.59676914e-03	6.39508910e-05	-2.93867926e+00	-1.43730546e+00	-1.37635584e+00	-2.94472013e+00	8.98536347e+00
0	0	391	7.37463127e-10	1.00000000e-02	1.00000000e+02	7.37463127e-10	7.85429430e-12	9.27869254e-04	2.66539771e-04	7.33778023e-07	1.58485964e-03	6.39563479e-05	-2.94192077e+00	-1.44019963e+00	-1.37978391e+00	-2.94797145e+00	8.98540052e+00
0	0	392	7.37463127e-10	1.00000000e-02	1.00000000e+02	7.37463127e-10	7.85429338e-12	9.20969595e-04	2.64769615e-04	7.28009698e-07	1.57303894e-03	6.39617638e-05	-2.94516226e+00	-1.44309351e+00	-1.38321145e+00	-2.95122278e+00	8.98543730e+00
0	0	393	7.37463127e-10	1.00000000e-02	1.00000000e+02	7.37463127e-10	7.85429246e-12	9.14121279e-04	2.63011392e-04	7.22287613e-07	1.56130638e-03	6.39671389e-05	-2.94840373e+00	-1.44598709e+00	-1.38663845e+00	-2.95447412e+00	8.98547379e+00
0	0	394	7.37463127e-10	1.00000000e-02	1.00000000e+02	7.37463127e-10	7.85429156e-12	9.07323923e-04	2.61265019e-04	7.16611392e-07	1.54966131e-03	6.39724735e-05	-2.95164519e+00	-1.44888039e+00	-1.39006491e+00	-2.95772546e+00	8.98551001e+00
0	0	395	7.37463127e-10	1.00000000e-02	1.00000000e+02	7.37463127e-10	7.85429065e-12	9.00577148e-04	2.59530415e-04	7.10980659e-07	1.53810307e-03	6.39777680e-05	-2.95488663e+00	-1.45177339e+00	-1.39349083e+00	-2.96097682e+00	8.98554595e+00
0	0	396	7.37463127e-10	1.00000000e-02	1.00000000e+02	7.37463127e-10	7.85428975e-12	8.93880577e-04	2.57807496e-04	7.05395042e-07	1.52663101e-03	6.39830228e-05	-2.95812805e+00	-1.45466611e+00	-1.39691621e+00	-2.96422817e+00	8.98558162e+00
0	0	397	7.37463127e-10	1.00000000e-02	1.00000000e+02	7.37463127e-10	7.85428886e-12	8.87233835e-04	2.56096183e-04	6.99854174e-07	1.51524450e-03	6.39882381e-05	-2.96136946e+00	-1.45755855e+00	-1.40034106e+00	-2.96747954e+00	8.98561702e+00
0	0	398	7.37463127e-10	1.00000000e-02	1.00000000e+02	7.37463127e-10	7.85428797e-12	8.80636553e-04	2.54396395e-04	6.94357688e-07	1.50394289e-03	6.39934142e-05	-2.96461085e+00	-1.46045070e+00	-1.40376537e+00	-2.97073091e+00	8.98565215e+00
0	0	399	7.37463127e-10	1.00000000e-02	1.00000000e+02	7.37463127e-10	7.85428709e-12	8.74088361e-04	2.52708052e-04	6.88905222e-07	1.49272555e-03	6.39985515e-05	-2.96785222e+00	-1.46334257e+00	-1.40718914e+00	-2.97398229e+00	8.98568701e+00
0	0	400	7.37463127e-10	1.00000000e-02	1.00000000e+02	7.37463127e-10	7.85428621e-12	8.67588894e-04	2.51031074e-04	6.83496416e-07	1.48159185e-03	6.40036504e-05	-2.97109357e+00	-1.46623417e+00	-1.41061237e+00	-2.97723368e+00	8.98572161e+00
0	0	401	7.37463127e-10	1.00000000e-02	1.00000000e+02	7.37463127e-10	7.85428534e-12	8.61137790e-04	2.49365383e-04	6.78130915e-07	1.47054117e-03	6.40087110e-05	-2.97433490e+00	-1.46912549e+00	-1.41403507e+00	-2.98048507e+00	8.98575595e+00
0	0	402	7.37463127e-10	1.00000000e-02	1.00000000e+02	7.37463127e-10	7.85428447e-12	8.54734688e-04	2.47710900e-04	6.72808365e-07	1.45957289e-03	6.40137338e-05	-2.97757622e+00	-1.47201653e+00	-1.41745723e+00	-2.98373647e+00	8.98579003e+00
0	0	403	7.37463127e-10	1.00000000e-02	1.00000000e+02	7.37463127e-10	7.85428361e-12	8.48379230e-04	2.46067549e-04	6.67528415e-07	1.44868639e-03	6.40187190e-05	-2.98081753e+00	-1.47490731e+00	-1.42087886e+00	-2.98698787e+00	8.98582385e+00
0	0	404	7.37463127e-10	1.00000000e-02	1.00000000e+02	7.37463127e-10	7.85428275e-12	8.42071063e-04	2.44435251e-04	6.62290717e-07	1.43788108e-03	6.40236669e-05	-2.98405881e+00	-1.47779781e+00	-1.42429995e+00	-2.99023929e+00	8.98585741e+00
0	0	405	7.37463127e-10	1.00000000e-02	1.00000000e+02	7.37463127e-10	7.85428190e-12	8.35809833e-04	2.42813932e-04	6.57094928e-07	1.42715633e-03	6.40285779e-05	-2.98730008e+00	-1.48068805e+00	-1.42772050e+00	-2.99349071e+00	8.98589072e+00
0	0	406	7.37463127e-10	1.00000000e-02	1.00000000e+02	7.37463127e-10	7.85428105e-12	8.29595191e-04	2.41203514e-04	6.51940704e-07	1.41651155e-03	6.40334522e-05	-2.99054133e+00	-1.48357802e+00	-1.43114052e+00	-2.99674213e+00	8.98592378e+00
0	0	407	7.37463127e-10	1.00000000e-02	1.00000000e+02	7.37463127e-10	7.85428021e-12	8.23426791e-04	2.39603922e-04	6.46827707e-07	1.40594615e-03	6.40382902e-05	-2.99378256e+00	-1.48646773e+00	-1.43456000e+00	-2.99999357e+00	8.98595659e+00
0	0	408	7.37463127e-10	1.00000000e-02	1.00000000e+02	7.37463127e-10	7.85427937e-12	8.17304288e-04	2.38015083e-04	6.41755601e-07	1.39545953e-03	6.40430921e-05	-2.99702378e+00	-1.48935717e+00	-1.43797895e+00	-3.00324501e+00	8.98598916e+00
0	0	409	7.37463127e-10	1.00000000e-02	1.00000000e+02	7.37463127e-10	7.85427854e-12	8.11227341e-04	2.36436920e-04	6.36724052e-07	1.38505111e-03	6.40478582e-05	-3.00026497e+00	-1.49224636e+00	-1.44139736e+00	-3.00649646e+00	8.98602148e+00
ZONE T="step_2000_phys_2000", I=501, SOLUTIONTIME=2.00100000e+01, F=POINT
2000	2000	0	1.47566372e-06	2.00100000e+01	1.00000000e+02	7.37463127e-10	7.70110773e-12	3.17117386e-02	7.94627860e-03	1.24369614e-03	5.43342708e-02	9.44866341e-05	0.00000000e+00	0.00000000e+00	0.00000000e+00	0.00000000e+00	0.00000000e+00
2000	2000	1	1.47566372e-06	2.00100000e+01	1.00000000e+02	7.37463127e-10	7.70108509e-12	3.13671740e-02	7.85469446e-03	1.22931433e-03	5.37446869e-02	9.45933342e-05	-4.74466119e-03	-5.03449110e-03	-5.05134359e-03	-4.73830583e-03	4.90155120e-04
2000	2000	2	1.47566372e-06	2.00100000e+01	1.00000000e+02	7.37463127e-10	7.70106270e-12	3.10263633e-02	7.76426985e-03	1.21509914e-03	5.31615022e-02	9.46439387e-05	-9.48917956e-03	-1.00631663e-02	-1.01025736e-02	-9.47659850e-03	7.22426940e-04
2000	2000	3	1.47566372e-06	2.00100000e+01	1.00000000e+02	7.37463127e-10	7.70104057e-12	3.06893539e-02	7.67491573e-03	1.20107139e-03	5.25848118e-02	9.46702789e-05	-1.42323080e-02	-1.50901715e-02	-1.51454638e-02	-1.42135191e-02	8.43278233e-04
2000	2000	4	1.47566372e-06	2.00100000e+01	1.00000000e+02	7.37463127e-10	7.70101870e-12	3.03560204e-02	7.58660311e-03	1.18720994e-03	5.20144010e-02	9.46836197e-05	-1.89752178e-02	-2.01164224e-02	-2.01867611e-02	-1.89502416e-02	9.04474166e-04
2000	2000	5	1.47566372e-06	2.00100000e+01	1.00000000e+02	7.37463127e-10	7.70099708e-12	3.00263041e-02	7.49931485e-03	1.17350873e-03	5.14501697e-02	9.46888500e-05	-2.37181754e-02	-2.51421997e-02	-2.52279611e-02	-2.36870313e-02	9.28463792e-04
2000	2000	6	1.47566372e-06	2.00100000e+01	1.00000000e+02	7.37463127e-10	7.70097570e-12	2.97001943e-02	7.41303832e-03	1.15997277e-03	5.08921010e-02	9.46885007e-05	-2.84607637e-02	-3.01675422e-02	-3.02664914e-02	-2.84234624e-02	9.26861362e-04
2000	2000	7	1.47566372e-06	2.00100000e+01	1.00000000e+02	7.37463127e-10	7.70095458e-12	2.93777756e-02	7.32776633e-03	1.14662909e-03	5.03403435e-02	9.46840700e-05	-3.32011438e-02	-3.51921754e-02	-3.52913301e-02	-3.31576678e-02	9.06539525e-04
2000	2000	8	1.47566372e-06	2.00100000e+01	1.00000000e+02	7.37463127e-10	7.70093369e-12	2.90588569e-02	7.24347941e-03	1.13343912e-03	4.97945660e-02	9.46765309e-05	-3.79415280e-02	-4.02165574e-02	-4.03160873e-02	-3.78918909e-02	8.71957923e-04
2000	2000	9	1.47566372e-06	2.00100000e+01	1.00000000e+02	7.37463127e-10	7.70091305e-12	2.87434356e-02	7.16016720e-03	1.12041049e-03	4.92547658e-02	9.46665554e-05	-4.26813770e-02	-4.52406232e-02	-4.53371207e-02	-4.26255841e-02	8.26196537e-04
2000	2000	10	1.47566372e-06	2.00100000e+01	1.00000000e+02	7.37463127e-10	7.70089264e-12	2.84314385e-02	7.07781884e-03	1.10754558e-03	4.87208160e-02	9.46546305e-05	-4.74212201e-02	-5.02643446e-02	-5.03526789e-02	-4.73592896e-02	7.71485900e-04
2000	2000	11	1.47566372e-06	2.00100000e+01	1.00000000e+02	7.37463127e-10	7.70087247e-12	2.81227962e-02	6.99642167e-03	1.09483409e-03	4.81925972e-02	9.46411214e-05	-5.21615537e-02	-5.52878113e-02	-5.53659737e-02	-5.20935109e-02	7.09498921e-04
2000	2000	12	1.47566372e-06	2.00100000e+01	1.00000000e+02	7.37463127e-10	7.70085253e-12	2.78176451e-02	6.91596916e-03	1.08230284e-03	4.76703485e-02	9.46263093e-05	-5.68996920e-02	-6.03107391e-02	-6.03654879e-02	-5.68255161e-02	6.41523278e-04
2000	2000	13	1.47566372e-06	2.00100000e+01	1.00000000e+02	7.37463127e-10	7.70083281e-12	2.75158519e-02	6.83644671e-03	1.06992751e-03	4.71538395e-02	9.46104167e-05	-6.16370897e-02	-6.53333544e-02	-6.53599311e-02	-6.15567822e-02	5.68576841e-04
2000	2000	14	1.47566372e-06	2.00100000e+01	1.00000000e+02	7.37463127e-10	7.70081333e-12	2.72174786e-02	6.75784718e-03	1.05772924e-03	4.66431789e-02	9.45936217e-05	-6.63721628e-02	-7.03554205e-02	-7.03397780e-02	-6.62857010e-02	4.91475013e-04
2000	2000	15	1.47566372e-06	2.00100000e+01	1.00000000e+02	7.37463127e-10	7.70079407e-12	2.69223786e-02	6.68015581e-03	1.04568053e-03	4.61381132e-02	9.45760702e-05	-7.11066255e-02	-7.53771950e-02	-7.53152655e-02	-7.10140128e-02	4.10886007e-04
2000	2000	16	1.47566372e-06	2.00100000e+01	1.00000000e+02	7.37463127e-10	7.70077503e-12	2.66304072e-02	6.60335771e-03	1.03375060e-03	4.56383916e-02	9.45578827e-05	-7.58422463e-02	-8.03989633e-02	-8.02985096e-02	-7.57435120e-02	3.27360611e-04
2000	2000	17	1.47566372e-06	2.00100000e+01	1.00000000e+02	7.37463127e-10	7.70075621e-12	2.63415791e-02	6.52744458e-03	1.02195224e-03	4.51440411e-02	9.45391600e-05	-8.05782474e-02	-8.54205940e-02	-8.52836868e-02	-8.04734097e-02	2.41360621e-04
2000	2000	18	1.47566372e-06	2.00100000e+01	1.00000000e+02	7.37463127e-10	7.70073760e-12	2.60558765e-02	6.45240687e-03	1.01028862e-03	4.46550318e-02	9.45199872e-05	-8.53143662e-02	-9.04420425e-02	-9.02688242e-02	-8.52034396e-02	1.53275778e-04
2000	2000	19	1.47566372e-06	2.00100000e+01	1.00000000e+02	7.37463127e-10	7.70071921e-12	2.57732656e-02	6.37823445e-03	9.98758203e-04	4.41713059e-02	9.45004372e-05	-9.00506047e-02	-9.54633081e-02	-9.52539269e-02	-8.99336038e-02	6.34392124e-05
2000	2000	20	1.47566372e-06	2.00100000e+01	1.00000000e+02	7.37463127e-10	7.70070104e-12	2.54937147e-02	6.30491781e-03	9.87362814e-04	4.36928094e-02	9.44805722e-05	-9.47869319e-02	-1.00484358e-01	-1.00237519e-01	-9.46638721e-02	-2.78636899e-05
2000	2000	21	1.47566372e-06	2.00100000e+01	1.00000000e+02	7.37463127e-10	7.70068307e-12	2.52172161e-02	6.23244814e-03	9.76108599e-04	4.32195299e-02	9.44604460e-05	-9.95229133e-02	-1.05505114e-01	-1.05216148e-01	-9.93938037e-02	-1.20386710e-04
2000	2000	22	1.47566372e-06	2.00100000e+01	1.00000000e+02	7.37463127e-10	7.70066530e-12	2.49437091e-02	6.16081408e-03	9.64982792e-04	4.27513632e-02	9.44401056e-05	-1.04259020e-01	-1.10525685e-01	-1.10194718e-01	-1.04123876e-01	-2.13914374e-04
2000	2000	23	1.47566372e-06	2.00100000e+01	1.00000000e+02	7.37463127e-10	7.70064774e-12	2.46731614e-02	6.09000599e-03	9.53983867e-04	4.22882539e-02	9.44195920e-05	-1.08995255e-01	-1.15546068e-01	-1.15173256e-01	-1.08854090e-01	-3.08258912e-04
2000	2000	24	1.47566372e-06	2.00100000e+01	1.00000000e+02	7.37463127e-10	7.70063039e-12	2.44055408e-02	6.02001434e-03	9.43110375e-04	4.18301475e-02	9.43989413e-05	-1.13731618e-01	-1.20566261e-01	-1.20151764e-01	-1.13584447e-01	-4.03254591e-04
2000	2000	25	1.47566372e-06	2.00100000e+01	1.00000000e+02	7.37463127e-10	7.70061323e-12	2.41408158e-02	5.95082971e-03	9.32360881e-04	4.13769899e-02	9.43781851e-05	-1.18468111e-01	-1.25586264e-01	-1.25130243e-01	-1.18314950e-01	-4.98756715e-04
2000	2000	26	1.47566372e-06	2.00100000e+01	1.00000000e+02	7.37463127e-10	7.70059627e-12	2.38789550e-02	5.88244279e-03	9.21733968e-04	4.09287277e-02	9.43573516e-05	-1.23204736e-01	-1.30606075e-01	-1.30108694e-01	-1.23045598e-01	-5.94635788e-04
2000	2000	27	1.47566372e-06	2.00100000e+01	1.00000000e+02	7.37463127e-10	7.70057950e-12	2.36199276e-02	5.81484433e-03	9.11228235e-04	4.04853083e-02	9.43364656e-05	-1.27941491e-01	-1.35625694e-01	-1.35087118e-01	-1.27776391e-01	-6.90777532e-04
2000	2000	28	1.47566372e-06	2.00100000e+01	1.00000000e+02	7.37463127e-10	7.70056293e-12	2.33637028e-02	5.74802529e-03	9.00842296e-04	4.00466792e-02	9.43155492e-05	-1.32678380e-01	-1.40645117e-01	-1.40065518e-01	-1.32507334e-01	-7.87080452e-04
2000	2000	29	1.47566372e-06	2.00100000e+01	1.00000000e+02	7.37463127e-10	7.70054655e-12	2.31102503e-02	5.68197667e-03	8.90574782e-04	3.96127887e-02	9.42946225e-05	-1.37415404e-01	-1.45664341e-01	-1.45043893e-01	-1.37238426e-01	-8.83452129e-04
2000	2000	30	1.47566372e-06	2.00100000e+01	1.00000000e+02	7.37463127e-10	7.70053035e-12	2.28595402e-02	5.61668958e-03	8.80424339e-04	3.91835856e-02	9.42737032e-05	-1.42152564e-01	-1.50683365e-01	-1.50022246e-01	-1.41969668e-01	-9.79811479e-04
2000	2000	31	1.47566372e-06	2.00100000e+01	1.00000000e+02	7.37463127e-10	7.70051434e-12	2.26115427e-02	5.55215525e-03	8.70389630e-04	3.87590193e-02	9.42528070e-05	-1.46889860e-01	-1.55702186e-01	-1.55000578e-01	-1.46701062e-01	-1.07608524e-03
2000	2000	32	1.47566372e-06	2.00100000e+01	1.00000000e+02	7.37463127e-10	7.70049852e-12	2.23662286e-02	5.48836499e-03	8.60469332e-04	3.83390399e-02	9.42319484e-05	-1.51627295e-01	-1.60720802e-01	-1.59978890e-01	-1.51432610e-01	-1.17220747e-03
2000	2000	33	1.47566372e-06	2.00100000e+01	1.00000000e+02	7.37463127e-10	7.70048288e-12	2.21235688e-02	5.42531022e-03	8.50662138e-04	3.79235978e-02	9.42111401e-05	-1.56364868e-01	-1.65739211e-01	-1.64957183e-01	-1.56164310e-01	-1.26811880e-03
2000	2000	34	1.47566372e-06	2.00100000e+01	1.00000000e+02	7.37463127e-10	7.70046742e-12	2.18931198e-02	5.36298625e-03	8.40966750e-04	3.75294183e-02	9.41903937e-05	-1.60912400e-01	-1.70757103e-01	-1.69935461e-01	-1.60702010e-01	-1.36376648e-03
2000	2000	35	1.47566372e-06	2.00100000e+01	1.00000000e+02	7.37463127e-10	7.70045213e-12	2.16554117e-02	5.30138827e-03	8.31381880e-04	3.71224280e-02	9.41697194e-05	-1.65653608e-01	-1.75774175e-01	-1.74913732e-01	-1.65437469e-01	-1.45910202e-03
2000	2000	36	1.47566372e-06	2.00100000e+01	1.00000000e+02	7.37463127e-10	7.70043702e-12	2.14202939e-02	5.24050053e-03	8.21906282e-04	3.67198664e-02	9.41491263e-05	-1.70394629e-01	-1.80791018e-01	-1.79891986e-01	-1.70172750e-01	-1.55408434e-03
2000	2000	37	1.47566372e-06	2.00100000e+01	1.00000000e+02	7.37463127e-10	7.70042209e-12	2.11877364e-02	5.18031484e-03	8.12538709e-04	3.63216829e-02	9.41286228e-05	-1.75135492e-01	-1.85807632e-01	-1.84870227e-01	-1.74907881e-01	-1.64867388e-03
2000	2000	38	1.47566372e-06	2.00100000e+01	1.00000000e+02	7.37463127e-10	7.70040732e-12	2.09577103e-02	5.12082309e-03	8.03277926e-04	3.59278274e-02	9.41082165e-05	-1.79876220e-01	-1.90824015e-01	-1.89848453e-01	-1.79642887e-01	-1.74283541e-03
2000	2000	39	1.47566372e-06	2.00100000e+01	1.00000000e+02	7.37463127e-10	7.70039273e-12	2.07301868e-02	5.06201727e-03	7.94122715e-04	3.55382510e-02	9.40879143e-05	-1.84616838e-01	-1.95840165e-01	-1.94826668e-01	-1.84377793e-01	-1.83653688e-03
2000	2000	40	1.47566372e-06	2.00100000e+01	1.00000000e+02	7.37463127e-10	7.70037830e-12	2.05051375e-02	5.00388944e-03	7.85071869e-04	3.51529052e-02	9.40677225e-05	-1.89357367e-01	-2.00856082e-01	-1.99804870e-01	-1.89112619e-01	-1.92974897e-03
2000	2000	41	1.47566372e-06	2.00100000e+01	1.00000000e+02	7.37463127e-10	7.70036404e-12	2.02825354e-02	4.94643163e-03	7.76124224e-04	3.47717439e-02	9.40476468e-05	-1.94097810e-01	-2.05871777e-01	-2.04783047e-01	-1.93847370e-01	-2.02244517e-03
2000	2000	42	1.47566372e-06	2.00100000e+01	1.00000000e+02	7.37463127e-10	7.70034995e-12	2.00623523e-02	4.88963625e-03	7.67278576e-04	3.43947188e-02	9.40276921e-05	-1.98838201e-01	-2.10887235e-01	-2.09761214e-01	-1.98582080e-01	-2.11460194e-03
2000	2000	43	1.47566372e-06	2.00100000e+01	1.00000000e+02	7.37463127e-10	7.70033601e-12	1.98445610e-02	4.83349567e-03	7.58533758e-04	3.40217835e-02	9.40078630e-05	-2.03578557e-01	-2.15902453e-01	-2.14739373e-01	-2.03316766e-01	-2.20619795e-03
2000	2000	44	1.47566372e-06	2.00100000e+01	1.00000000e+02	7.37463127e-10	7.70032224e-12	1.96291349e-02	4.77800232e-03	7.49888620e-04	3.36528926e-02	9.39881637e-05	-2.08318893e-01	-2.20917431e-01	-2.19717524e-01	-2.08051444e-01	-2.29721379e-03
2000	2000	45	1.47566372e-06	2.00100000e+01	1.00000000e+02	7.37463127e-10	7.70030862e-12	1.94160477e-02	4.72314874e-03	7.41342022e-04	3.32880009e-02	9.39685979e-05	-2.13059223e-01	-2.25932165e-01	-2.24695668e-01	-2.12786128e-01	-2.38763152e-03
2000	2000	46	1.47566372e-06	2.00100000e+01	1.00000000e+02	7.37463127e-10	7.70029516e-12	1.92052734e-02	4.66892756e-03	7.32892847e-04	3.29270642e-02	9.39491688e-05	-2.17799561e-01	-2.30946652e-01	-2.29673804e-01	-2.17520832e-01	-2.47743623e-03
2000	2000	47	1.47566372e-06	2.00100000e+01	1.00000000e+02	7.37463127e-10	7.70028186e-12	1.89967864e-02	4.61533146e-03	7.24540223e-04	3.25700389e-02	9.39298795e-05	-2.22539915e-01	-2.35960891e-01	-2.34651786e-01	-2.22255566e-01	-2.56661318e-03
2000	2000	48	1.47566372e-06	2.00100000e+01	1.00000000e+02	7.37463127e-10	7.70026871e-12	1.87905614e-02	4.56235322e-03	7.16282832e-04	3.22168817e-02	9.39107326e-05	-2.27280298e-01	-2.40974882e-01	-2.39629744e-01	-2.26990340e-01	-2.65514980e-03
2000	2000	49	1.47566372e-06	2.00100000e+01	1.00000000e+02	7.37463127e-10	7.70025570e-12	1.85865735e-02	4.50998570e-03	7.08119553e-04	3.18675500e-02	9.38917303e-05	-2.32020719e-01	-2.45988622e-01	-2.44607700e-01	-2.31725167e-01	-2.74303576e-03
2000	2000	50	1.47566372e-06	2.00100000e+01	1.00000000e+02	7.37463127e-10	7.70024285e-12	1.83847985e-02	4.45822189e-03	7.00049440e-04	3.15220025e-02	9.38728748e-05	-2.36761178e-01	-2.51002107e-01	-2.49585574e-01	-2.36460044e-01	-2.83026025e-03
2000	2000	51	1.47566372e-06	2.00100000e+01	1.00000000e+02	7.37463127e-10	7.70023015e-12	1.81852347e-02	4.40705375e-03	6.92075845e-04	3.11802372e-02	9.38541680e-05	-2.41501143e-01	-2.56015440e-01	-2.54560595e-01	-2.41194428e-01	-2.91681457e-03
2000	2000	52	1.47566372e-06	2.00100000e+01	1.00000000e+02	7.37463127e-10	7.70021759e-12	1.79878370e-02	4.35647535e-03	6.84193570e-04	3.08421763e-02	9.38356113e-05	-2.46241111e-01	-2.61028527e-01	-2.59535298e-01	-2.45928828e-01	-3.00269099e-03
2000	2000	53	1.47566372e-06	2.00100000e+01	1.00000000e+02	7.37463127e-10	7.70020518e-12	1.77925790e-02	4.30647999e-03	6.76401080e-04	3.05077747e-02	9.38172063e-05	-2.50981151e-01	-2.66041354e-01	-2.64509994e-01	-2.50663313e-01	-3.08788233e-03
2000	2000	54	1.47566372e-06	2.00100000e+01	1.00000000e+02	7.37463127e-10	7.70019291e-12	1.75994374e-02	4.25706094e-03	6.68697336e-04	3.01769924e-02	9.37989541e-05	-2.55721268e-01	-2.71053920e-01	-2.69484693e-01	-2.55397890e-01	-3.17238245e-03
2000	2000	55	1.47566372e-06	2.00100000e+01	1.00000000e+02	7.37463127e-10	7.70018078e-12	1.74083890e-02	4.20821157e-03	6.61081325e-04	2.98497898e-02	9.37808558e-05	-2.60461470e-01	-2.76066221e-01	-2.74459397e-01	-2.60132565e-01	-3.25618672e-03
2000	2000	56	1.47566372e-06	2.00100000e+01	1.00000000e+02	7.37463127e-10	7.70016879e-12	1.72194115e-02	4.15992530e-03	6.53552048e-04	2.95261289e-02	9.37629122e-05	-2.65201749e-01	-2.81078256e-01	-2.79434107e-01	-2.64867331e-01	-3.33929057e-03
2000	2000	57	1.47566372e-06	2.00100000e+01	1.00000000e+02	7.37463127e-10	7.70015693e-12	1.70324818e-02	4.11219562e-03	6.46108515e-04	2.92059702e-02	9.37451240e-05	-2.69942120e-01	-2.86090021e-01	-2.84408822e-01	-2.69602204e-01	-3.42169036e-03
2000	2000	58	1.47566372e-06	2.00100000e+01	1.00000000e+02	7.37463127e-10	7.70014522e-12	1.68475775e-02	4.06501610e-03	6.38749748e-04	2.88892757e-02	9.37274919e-05	-2.74682590e-01	-2.91101517e-01	-2.89383545e-01	-2.74337190e-01	-3.50338296e-03
2000	2000	59	1.47566372e-06	2.00100000e+01	1.00000000e+02	7.37463127e-10	7.70013363e-12	1.66646766e-02	4.01838041e-03	6.31474782e-04	2.85760074e-02	9.37100161e-05	-2.79423163e-01	-2.96112740e-01	-2.94358275e-01	-2.79072293e-01	-3.58436612e-03
2000	2000	60	1.47566372e-06	2.00100000e+01	1.00000000e+02	7.37463127e-10	7.70012219e-12	1.64837573e-02	3.97228227e-03	6.24282662e-04	2.82661282e-02	9.36926970e-05	-2.84163843e-01	-3.01123685e-01	-2.99333013e-01	-2.83807518e-01	-3.66463794e-03
2000	2000	61	1.47566372e-06	2.00100000e+01	1.00000000e+02	7.37463127e-10	7.70011087e-12	1.63047981e-02	3.92671549e-03	6.17172445e-04	2.79596017e-02	9.36755349e-05	-2.88904628e-01	-3.06134352e-01	-3.04307759e-01	-2.88542862e-01	-3.74419687e-03
2000	2000	62	1.47566372e-06	2.00100000e+01	1.00000000e+02	7.37463127e-10	7.70009968e-12	1.61277786e-02	3.88167393e-03	6.10143197e-04	2.76563927e-02	9.36585298e-05	-2.93645502e-01	-3.11144736e-01	-3.09282513e-01	-2.93278310e-01	-3.82304246e-03
2000	2000	63	1.47566372e-06	2.00100000e+01	1.00000000e+02	7.37463127e-10	7.70008862e-12	1.59526766e-02	3.83715154e-03	6.03193995e-04	2.73564635e-02	9.36416816e-05	-2.98386494e-01	-3.16154836e-01	-3.14257277e-01	-2.98013890e-01	-3.90117446e-03
2000	2000	64	1.47566372e-06	2.00100000e+01	1.00000000e+02	7.37463127e-10	7.70007769e-12	1.57794713e-02	3.79314232e-03	5.96323928e-04	2.70597785e-02	9.36249904e-05	-3.03127606e-01	-3.21164649e-01	-3.19232050e-01	-3.02749605e-01	-3.97859233e-03
2000	2000	65	1.47566372e-06	2.00100000e+01	1.00000000e+02	7.37463127e-10	7.70006688e-12	1.56081422e-02	3.74964036e-03	5.89532093e-04	2.67663026e-02	9.36084559e-05	-3.07868841e-01	-3.26174173e-01	-3.24206834e-01	-3.07485459e-01	-4.05529704e-03
2000	2000	66	1.47566372e-06	2.00100000e+01	1.00000000e+02	7.37463127e-10	7.70005620e-12	1.54386769e-02	3.70663980e-03	5.82817600e-04	2.64760151e-02	9.35920779e-05	-3.12609976e-01	-3.31183403e-01	-3.29181628e-01	-3.12221222e-01	-4.13128919e-03
2000	2000	67	1.47566372e-06	2.00100000e+01	1.00000000e+02	7.37463127e-10	7.70004564e-12	1.52710527e-02	3.66413485e-03	5.76179568e-04	2.61888770e-02	9.35758559e-05	-3.17351079e-01	-3.36192338e-01	-3.34156433e-01	-3.16956966e-01	-4.20657032e-03
2000	2000	68	1.47566372e-06	2.00100000e+01	1.00000000e+02	7.37463127e-10	7.70003521e-12	1.51052438e-02	3.62211982e-03	5.69617125e-04	2.59048443e-02	9.35597897e-05	-3.22092314e-01	-3.41200975e-01	-3.39131249e-01	-3.21692857e-01	-4.28114146e-03
2000	2000	69	1.47566372e-06	2.00100000e+01	1.00000000e+02	7.37463127e-10	7.70002489e-12	1.49412307e-02	3.58058903e-03	5.63129410e-04	2.56238832e-02	9.35438788e-05	-3.26833682e-01	-3.46209310e-01	-3.44106077e-01	-3.26428896e-01	-4.35500442e-03
2000	2000	70	1.47566372e-06	2.00100000e+01	1.00000000e+02	7.37463127e-10	7.70001469e-12	1.47789938e-02	3.53953691e-03	5.56715573e-04	2.53459607e-02	9.35281226e-05	-3.31575185e-01	-3.51217342e-01	-3.49080916e-01	-3.31165086e-01	-4.42816147e-03
2000	2000	71	1.47566372e-06	2.00100000e+01	1.00000000e+02	7.37463127e-10	7.70000461e-12	1.46185140e-02	3.49895793e-03	5.50374771e-04	2.50710438e-02	9.35125205e-05	-3.36316826e-01	-3.56225066e-01	-3.54055768e-01	-3.35901428e-01	-4.50061534e-03
2000	2000	72	1.47566372e-06	2.00100000e+01	1.00000000e+02	7.37463127e-10	7.69999464e-12	1.44597722e-02	3.45884664e-03	5.44106173e-04	2.47991000e-02	9.34970721e-05	-3.41058604e-01	-3.61232480e-01	-3.59030633e-01	-3.40637923e-01	-4.57236736e-03
2000	2000	73	1.47566372e-06	2.00100000e+01	1.00000000e+02	7.37463127e-10	7.69998479e-12	1.43027495e-02	3.41919764e-03	5.37908957e-04	2.45300972e-02	9.34817766e-05	-3.45800522e-01	-3.66239582e-01	-3.64005510e-01	-3.45374573e-01	-4.64342115e-03
2000	2000	74	1.47566372e-06	2.00100000e+01	1.00000000e+02	7.37463127e-10	7.69997505e-12	1.41474274e-02	3.38000561e-03	5.31782309e-04	2.42640037e-02	9.34666333e-05	-3.50542580e-01	-3.71246367e-01	-3.68980401e-01	-3.50111379e-01	-4.71377903e-03
2000	2000	75	1.47566372e-06	2.00100000e+01	1.00000000e+02	7.37463127e-10	7.69996542e-12	1.39937874e-02	3.34126526e-03	5.25725426e-04	2.40007879e-02	9.34516413e-05	-3.55284781e-01	-3.76252832e-01	-3.73955305e-01	-3.54848344e-01	-4.78344519e-03
2000	2000	76	1.47566372e-06	2.00100000e+01	1.00000000e+02	7.37463127e-10	7.69995590e-12	1.38418114e-02	3.30297141e-03	5.19737514e-04	2.37404188e-02	9.34368000e-05	-3.60027125e-01	-3.81258973e-01	-3.78930222e-01	-3.59585467e-01	-4.85242190e-03
2000	2000	77	1.47566372e-06	2.00100000e+01	1.00000000e+02	7.37463127e-10	7.69994650e-12	1.36914814e-02	3.26511888e-03	5.13817786e-04	2.34828656e-02	9.34221086e-05	-3.64769613e-01	-3.86264789e-01	-3.83905153e-01	-3.64322749e-01	-4.92071329e-03
2000	2000	78	1.47566372e-06	2.00100000e+01	1.00000000e+02	7.37463127e-10	7.69993720e-12	1.35427795e-02	3.22770259e-03	5.07965467e-04	2.32280981e-02	9.34075661e-05	-3.69512245e-01	-3.91270276e-01	-3.88880098e-01	-3.69060192e-01	-4.98832235e-03
2000	2000	79	1.47566372e-06	2.00100000e+01	1.00000000e+02	7.37463127e-10	7.69992801e-12	1.33956882e-02	3.19071751e-03	5.02179789e-04	2.29760860e-02	9.33931718e-05	-3.74255022e-01	-3.96275431e-01	-3.93855057e-01	-3.73797795e-01	-5.05525360e-03
2000	2000	80	1.47566372e-06	2.00100000e+01	1.00000000e+02	7.37463127e-10	7.69991892e-12	1.32501901e-02	3.15415866e-03	4.96459992e-04	2.27267997e-02	9.33789246e-05	-3.78997945e-01	-4.01280252e-01	-3.98830030e-01	-3.78535559e-01	-5.12151049e-03
2000	2000	81	1.47566372e-06	2.00100000e+01	1.00000000e+02	7.37463127e-10	7.69990994e-12	1.31062679e-02	3.11802113e-03	4.90805328e-04	2.24802096e-02	9.33648237e-05	-3.83741014e-01	-4.06284733e-01	-4.03805018e-01	-3.83273486e-01	-5.18709696e-03
2000	2000	82	1.47566372e-06	2.00100000e+01	1.00000000e+02	7.37463127e-10	7.69990106e-12	1.29639045e-02	3.08230006e-03	4.85215054e-04	2.22362869e-02	9.33508682e-05	-3.88484230e-01	-4.11288873e-01	-4.08780020e-01	-3.88011575e-01	-5.25201703e-03
2000	2000	83	1.47566372e-06	2.00100000e+01	1.00000000e+02	7.37463127e-10	7.69989228e-12	1.28230832e-02	3.04699064e-03	4.79688437e-04	2.19950025e-02	9.33370570e-05	-3.93227594e-01	-4.16292667e-01	-4.13755037e-01	-3.92749827e-01	-5.31627556e-03
2000	2000	84	1.47566372e-06	2.00100000e+01	1.00000000e+02	7.37463127e-10	7.69988360e-12	1.26837872e-02	3.01208813e-03	4.74224752e-04	2.17563281e-02	9.33233892e-05	-3.97971106e-01	-4.21296113e-01	-4.18730068e-01	-3.97488244e-01	-5.37987601e-03
2000	2000	85	1.47566372e-06	2.00100000e+01	1.00000000e+02	7.37463127e-10	7.69987503e-12	1.25460216e-02	2.97758855e-03	4.68828410e-04	2.15202727e-02	9.33098637e-05	-4.02714024e-01	-4.26299102e-01	-4.23700365e-01	-4.02226072e-01	-5.44282319e-03
2000	2000	86	1.47566372e-06	2.00100000e+01	1.00000000e+02	7.37463127e-10	7.69986655e-12	1.24097570e-02	2.94348683e-03	4.63495617e-04	2.12867862e-02	9.32964796e-05	-4.07456775e-01	-4.31301690e-01	-4.28668655e-01	-4.06963745e-01	-5.50512188e-03
2000	2000	87	1.47566372e-06	2.00100000e+01	1.00000000e+02	7.37463127e-10	7.69985817e-12	1.22749683e-02	2.90977808e-03	4.58223467e-04	2.10558249e-02	9.32832358e-05	-4.12199675e-01	-4.36303919e-01	-4.33636959e-01	-4.11701583e-01	-5.56677623e-03
2000	2000	88	1.47566372e-06	2.00100000e+01	1.00000000e+02	7.37463127e-10	7.69984989e-12	1.21416393e-02	2.87645777e-03	4.53011259e-04	2.08273616e-02	9.32701312e-05	-4.16942725e-01	-4.41305785e-01	-4.38605291e-01	-4.16439586e-01	-5.62779082e-03
2000	2000	89	1.47566372e-06	2.00100000e+01	1.00000000e+02	7.37463127e-10	7.69984170e-12	1.20097545e-02	2.84352141e-03	4.47858313e-04	2.06013693e-02	9.32571651e-05	-4.21685924e-01	-4.46307284e-01	-4.43573647e-01	-4.21177755e-01	-5.68816915e-03
2000	2000	90	1.47566372e-06	2.00100000e+01	1.00000000e+02	7.37463127e-10	7.69983360e-12	1.18792981e-02	2.81096459e-03	4.42763967e-04	2.03778215e-02	9.32443358e-05	-4.26429273e-01	-4.51308413e-01	-4.48542016e-01	-4.25916089e-01	-5.74791863e-03
2000	2000	91	1.47566372e-06	2.00100000e+01	1.00000000e+02	7.37463127e-10	7.69982560e-12	1.17502547e-02	2.77878291e-03	4.37727555e-04	2.01566917e-02	9.32316427e-05	-4.31172771e-01	-4.56309168e-01	-4.53510399e-01	-4.30654590e-01	-5.80704231e-03
2000	2000	92	1.47566372e-06	2.00100000e+01	1.00000000e+02	7.37463127e-10	7.69981769e-12	1.16226092e-02	2.74697207e-03	4.32748420e-04	1.99379539e-02	9.32190846e-05	-4.35916420e-01	-4.61309544e-01	-4.58478796e-01	-4.35393256e-01	-5.86554451e-03
2000	2000	93	1.47566372e-06	2.00100000e+01	1.00000000e+02	7.37463127e-10	7.69980987e-12	1.14963462e-02	2.71552777e-03	4.27825909e-04	1.97215822e-02	9.32066603e-05	-4.40660218e-01	-4.66309539e-01	-4.63447205e-01	-4.40132088e-01	-5.92343146e-03
2000	2000	94	1.47566372e-06	2.00100000e+01	1.00000000e+02	7.37463127e-10	7.69980214e-12	1.13714511e-02	2.68444579e-03	4.22959379e-04	1.95075512e-02	9.31943690e-05	-4.45404167e-01	-4.71309148e-01	-4.68415626e-01	-4.44871087e-01	-5.98070646e-03
2000	2000	95	1.47566372e-06	2.00100000e+01	1.00000000e+02	7.37463127e-10	7.69979450e-12	1.12479091e-02	2.65372188e-03	4.18148197e-04	1.92958360e-02	9.31822092e-05	-4.50148257e-01	-4.76308383e-01	-4.73384058e-01	-4.49610243e-01	-6.03737587e-03
2000	2000	96	1.47566372e-06	2.00100000e+01	1.00000000e+02	7.37463127e-10	7.69978695e-12	1.11257054e-02	2.62335197e-03	4.13391731e-04	1.90864113e-02	9.31701799e-05	-4.54892496e-01	-4.81307225e-01	-4.78352501e-01	-4.54349564e-01	-6.09344418e-03
2000	2000	97	1.47566372e-06	2.00100000e+01	1.00000000e+02	7.37463127e-10	7.69977948e-12	1.10048257e-02	2.59333200e-03	4.08689359e-04	1.88792523e-02	9.31582803e-05	-4.59636886e-01	-4.86305668e-01	-4.83320956e-01	-4.59089053e-01	-6.14891550e-03
2000	2000	98	1.47566372e-06	2.00100000e+01	1.00000000e+02	7.37463127e-10	7.69977210e-12	1.08852555e-02	2.56365795e-03	4.04040466e-04	1.86743345e-02	9.31465089e-05	-4.64381428e-01	-4.91303707e-01	-4.88289422e-01	-4.63828709e-01	-6.20379596e-03
2000	2000	99	1.47566372e-06	2.00100000e+01	1.00000000e+02	7.37463127e-10	7.69976480e-12	1.07669807e-02	2.53432582e-03	3.99444434e-04	1.84716338e-02	9.31348649e-05	-4.69126120e-01	-4.96301339e-01	-4.93257912e-01	-4.68568532e-01	-6.25808961e-03
2000	2000	100	1.47566372e-06	2.00100000e+01	1.00000000e+02	7.37463127e-10	7.69975759e-12	1.06499873e-02	2.50533167e-03	3.94900641e-04	1.82711263e-02	9.31233470e-05	-4.73870963e-01	-5.01298560e-01	-4.98226447e-01	-4.73308523e-01	-6.31180172e-03
2000	2000	101	1.47566372e-06	2.00100000e+01	1.00000000e+02	7.37463127e-10	7.69975046e-12	1.05342614e-02	2.47667164e-03	3.90408525e-04	1.80727881e-02	9.31119541e-05	-4.78615963e-01	-5.06295355e-01	-5.03194994e-01	-4.78048687e-01	-6.36493745e-03
2000	2000	102	1.47566372e-06	2.00100000e+01	1.00000000e+02	7.37463127e-10	7.69974341e-12	1.04197894e-02	2.44834184e-03	3.85967498e-04	1.78765960e-02	9.31006851e-05	-4.83361112e-01	-5.11291732e-01	-5.08163551e-01	-4.82789017e-01	-6.41750180e-03
2000	2000	103	1.47566372e-06	2.00100000e+01	1.00000000e+02	7.37463127e-10	7.69973645e-12	1.03065578e-02	2.42033846e-03	3.81576982e-04	1.76825270e-02	9.30895389e-05	-4.88106411e-01	-5.16287686e-01	-5.13132117e-01	-4.87529513e-01	-6.46949913e-03
2000	2000	104	1.47566372e-06	2.00100000e+01	1.00000000e+02	7.37463127e-10	7.69972956e-12	1.01945531e-02	2.39265772e-03	3.77236402e-04	1.74905581e-02	9.30785144e-05	-4.92851859e-01	-5.21283211e-01	-5.18100692e-01	-4.92270175e-01	-6.52093545e-03
2000	2000	105	1.47566372e-06	2.00100000e+01	1.00000000e+02	7.37463127e-10	7.69972275e-12	1.00837622e-02	2.36529592e-03	3.72945191e-04	1.73006667e-02	9.30676105e-05	-4.97597457e-01	-5.26278305e-01	-5.23069275e-01	-4.97011003e-01	-6.57181501e-03
2000	2000	106	1.47566372e-06	2.00100000e+01	1.00000000e+02	7.37463127e-10	7.69971603e-12	9.97417190e-03	2.33824937e-03	3.68702787e-04	1.71128304e-02	9.30568259e-05	-5.02343205e-01	-5.31272962e-01	-5.28037866e-01	-5.01751997e-01	-6.62214333e-03
2000	2000	107	1.47566372e-06	2.00100000e+01	1.00000000e+02	7.37463127e-10	7.69970937e-12	9.86576922e-03	2.31151444e-03	3.64508637e-04	1.69270270e-02	9.30461599e-05	-5.07089101e-01	-5.36267177e-01	-5.33006463e-01	-5.06493157e-01	-6.67192432e-03
2000	2000	108	1.47566372e-06	2.00100000e+01	1.00000000e+02	7.37463127e-10	7.69970280e-12	9.75854135e-03	2.28508754e-03	3.60362192e-04	1.67432345e-02	9.30356111e-05	-5.11835147e-01	-5.41260946e-01	-5.37975067e-01	-5.11234482e-01	-6.72116381e-03
2000	2000	109	1.47566372e-06	2.00100000e+01	1.00000000e+02	7.37463127e-10	7.69969630e-12	9.65247560e-03	2.25896511e-03	3.56262909e-04	1.65614314e-02	9.30251783e-05	-5.16581341e-01	-5.46254264e-01	-5.42943676e-01	-5.15975973e-01	-6.76986715e-03
2000	2000	110	1.47566372e-06	2.00100000e+01	1.00000000e+02	7.37463127e-10	7.69968987e-12	9.54755942e-03	2.23314366e-03	3.52210255e-04	1.63815961e-02	9.30148606e-05	-5.21327684e-01	-5.51247126e-01	-5.47912290e-01	-5.20717630e-01	-6.81803873e-03
2000	2000	111	1.47566372e-06	2.00100000e+01	1.00000000e+02	7.37463127e-10	7.69968352e-12	9.44378038e-03	2.20761970e-03	3.48203697e-04	1.62037074e-02	9.30046569e-05	-5.26074175e-01	-5.56239527e-01	-5.52880908e-01	-5.25459451e-01	-6.86568352e-03
2000	2000	112	1.47566372e-06	2.00100000e+01	1.00000000e+02	7.37463127e-10	7.69967724e-12	9.34112619e-03	2.18238981e-03	3.44242714e-04	1.60277443e-02	9.29945661e-05	-5.30820814e-01	-5.61231462e-01	-5.57849529e-01	-5.30201437e-01	-6.91280599e-03
2000	2000	113	1.47566372e-06	2.00100000e+01	1.00000000e+02	7.37463127e-10	7.69967104e-12	9.23958472e-03	2.15745060e-03	3.40326787e-04	1.58536861e-02	9.29845869e-05	-5.35567602e-01	-5.66222927e-01	-5.62818153e-01	-5.34943588e-01	-6.95941268e-03
2000	2000	114	1.47566372e-06	2.00100000e+01	1.00000000e+02	7.37463127e-10	7.69966490e-12	9.13914394e-03	2.13279872e-03	3.36455404e-04	1.56815121e-02	9.29747186e-05	-5.40314536e-01	-5.71213916e-01	-5.67786779e-01	-5.39685904e-01	-7.00550606e-03
2000	2000	115	1.47566372e-06	2.00100000e+01	1.00000000e+02	7.37463127e-10	7.69965884e-12	9.03979194e-03	2.10843086e-03	3.32628059e-04	1.55112022e-02	9.29649597e-05	-5.45061619e-01	-5.76204423e-01	-5.72755405e-01	-5.44428384e-01	-7.05109321e-03
2000	2000	116	1.47566372e-06	2.00100000e+01	1.00000000e+02	7.37463127e-10	7.69965284e-12	8.94151698e-03	2.08434375e-03	3.28844252e-04	1.53427361e-02	9.29553094e-05	-5.49808848e-01	-5.81194444e-01	-5.77724031e-01	-5.49171028e-01	-7.09617755e-03
2000	2000	117	1.47566372e-06	2.00100000e+01	1.00000000e+02	7.37463127e-10	7.69964692e-12	8.84430742e-03	2.06053414e-03	3.25103489e-04	1.51760940e-02	9.29457667e-05	-5.54556224e-01	-5.86183973e-01	-5.82692656e-01	-5.53913836e-01	-7.14076424e-03
2000	2000	118	1.47566372e-06	2.00100000e+01	1.00000000e+02	7.37463127e-10	7.69964106e-12	8.74815173e-03	2.03699885e-03	3.21405281e-04	1.50112561e-02	9.29363304e-05	-5.59303747e-01	-5.91173004e-01	-5.87661278e-01	-5.58656808e-01	-7.18485831e-03
2000	2000	119	1.47566372e-06	2.00100000e+01	1.00000000e+02	7.37463127e-10	7.69963527e-12	8.65303854e-03	2.01373470e-03	3.17749143e-04	1.48482031e-02	9.29269995e-05	-5.64051416e-01	-5.96161533e-01	-5.92629898e-01	-5.63399943e-01	-7.22846414e-03
2000	2000	120	1.47566372e-06	2.00100000e+01	1.00000000e+02	7.37463127e-10	7.69962954e-12	8.55895658e-03	1.99073859e-03	3.14134599e-04	1.46869157e-02	9.29177727e-05	-5.68799230e-01	-6.01149553e-01	-5.97598513e-01	-5.68143241e-01	-7.27158769e-03
2000	2000	121	1.47566372e-06	2.00100000e+01	1.00000000e+02	7.37463127e-10	7.69962388e-12	8.46589471e-03	1.96800741e-03	3.10561201e-04	1.45273748e-02	9.29086493e-05	-5.73547191e-01	-6.06137058e-01	-6.02567089e-01	-5.72886702e-01	-7.31423206e-03
2000	2000	122	1.47566372e-06	2.00100000e+01	1.00000000e+02	7.37463127e-10	7.69961829e-12	8.37384191e-03	1.94553811e-03	3.07028468e-04	1.43695616e-02	9.28996282e-05	-5.78295296e-01	-6.11124044e-01	-6.07535640e-01	-5.77630325e-01	-7.35640256e-03
2000	2000	123	1.47566372e-06	2.00100000e+01	1.00000000e+02	7.37463127e-10	7.69961276e-12	8.28278726e-03	1.92332769e-03	3.03535927e-04	1.42134574e-02	9.28907082e-05	-5.83043547e-01	-6.16110504e-01	-6.12504184e-01	-5.82374111e-01	-7.39810457e-03
2000	2000	124	1.47566372e-06	2.00100000e+01	1.00000000e+02	7.37463127e-10	7.69960730e-12	8.19271996e-03	1.90137314e-03	3.00083120e-04	1.40590438e-02	9.28818884e-05	-5.87791943e-01	-6.21096432e-01	-6.17472720e-01	-5.87118060e-01	-7.43934211e-03
2000	2000	125	1.47566372e-06	2.00100000e+01	1.00000000e+02	7.37463127e-10	7.69960189e-12	8.10362933e-03	1.87967155e-03	2.96669593e-04	1.39063024e-02	9.28731679e-05	-5.92540486e-01	-6.26081820e-01	-6.22441250e-01	-5.91862173e-01	-7.48011911e-03
2000	2000	126	1.47566372e-06	2.00100000e+01	1.00000000e+02	7.37463127e-10	7.69959655e-12	8.01550466e-03	1.85822000e-03	2.93294889e-04	1.37552151e-02	9.28645453e-05	-5.97289183e-01	-6.31066657e-01	-6.27409791e-01	-5.96606458e-01	-7.52044187e-03
2000	2000	127	1.47566372e-06	2.00100000e+01	1.00000000e+02	7.37463127e-10	7.69959127e-12	7.92833570e-03	1.83701560e-03	2.89958582e-04	1.36057642e-02	9.28560199e-05	-6.02038023e-01	-6.36050944e-01	-6.32378319e-01	-6.01350904e-01	-7.56031381e-03
2000	2000	128	1.47566372e-06	2.00100000e+01	1.00000000e+02	7.37463127e-10	7.69958605e-12	7.84211211e-03	1.81605549e-03	2.86660236e-04	1.34579321e-02	9.28475908e-05	-6.06787007e-01	-6.41034673e-01	-6.37346832e-01	-6.06095511e-01	-7.59973916e-03
2000	2000	129	1.47566372e-06	2.00100000e+01	1.00000000e+02	7.37463127e-10	7.69958089e-12	7.75682369e-03	1.79533686e-03	2.83399419e-04	1.33117013e-02	9.28392567e-05	-6.11536133e-01	-6.46017840e-01	-6.42315330e-01	-6.10840279e-01	-7.63872378e-03
2000	2000	130	1.47566372e-06	2.00100000e+01	1.00000000e+02	7.37463127e-10	7.69957579e-12	7.67246033e-03	1.77485693e-03	2.80175706e-04	1.31670546e-02	9.28310169e-05	-6.16285402e-01	-6.51000436e-01	-6.47283811e-01	-6.15585206e-01	-7.67727046e-03
2000	2000	131	1.47566372e-06	2.00100000e+01	1.00000000e+02	7.37463127e-10	7.69957075e-12	7.58901201e-03	1.75461296e-03	2.76988676e-04	1.30239748e-02	9.28228702e-05	-6.21034813e-01	-6.55982455e-01	-6.52252272e-01	-6.20330294e-01	-7.71538520e-03
2000	2000	132	1.47566372e-06	2.00100000e+01	1.00000000e+02	7.37463127e-10	7.69956577e-12	7.50646886e-03	1.73460221e-03	2.73837911e-04	1.28824451e-02	9.28148158e-05	-6.25784366e-01	-6.60963891e-01	-6.57220713e-01	-6.25075542e-01	-7.75307154e-03
2000	2000	133	1.47566372e-06	2.00100000e+01	1.00000000e+02	7.37463127e-10	7.69956084e-12	7.42482109e-03	1.71482202e-03	2.70723000e-04	1.27424487e-02	9.28068528e-05	-6.30534060e-01	-6.65944736e-01	-6.62189132e-01	-6.29820948e-01	-7.79033318e-03
2000	2000	134	1.47566372e-06	2.00100000e+01	1.00000000e+02	7.37463127e-10	7.69955597e-12	7.34405902e-03	1.69526972e-03	2.67643536e-04	1.26039691e-02	9.27989798e-05	-6.35283895e-01	-6.70924984e-01	-6.67157528e-01	-6.34566514e-01	-7.82717667e-03
2000	2000	135	1.47566372e-06	2.00100000e+01	1.00000000e+02	7.37463127e-10	7.69955116e-12	7.26417307e-03	1.67594268e-03	2.64599116e-04	1.24669898e-02	9.27911963e-05	-6.40033871e-01	-6.75904627e-01	-6.72125898e-01	-6.39312239e-01	-7.86360440e-03
2000	2000	136	1.47566372e-06	2.00100000e+01	1.00000000e+02	7.37463127e-10	7.69954640e-12	7.18515377e-03	1.65683832e-03	2.61589342e-04	1.23314947e-02	9.27835014e-05	-6.44783987e-01	-6.80883657e-01	-6.77094241e-01	-6.44058121e-01	-7.89962103e-03
2000	2000	137	1.47566372e-06	2.00100000e+01	1.00000000e+02	7.37463127e-10	7.69954170e-12	7.10699176e-03	1.63795407e-03	2.58613822e-04	1.21974678e-02	9.27758938e-05	-6.49534242e-01	-6.85862069e-01	-6.82062554e-01	-6.48804162e-01	-7.93523130e-03
2000	2000	138	1.47566372e-06	2.00100000e+01	1.00000000e+02	7.37463127e-10	7.69953705e-12	7.02967776e-03	1.61928739e-03	2.55672165e-04	1.20648932e-02	9.27683730e-05	-6.54284636e-01	-6.90839853e-01	-6.87030837e-01	-6.53550360e-01	-7.97043876e-03
2000	2000	139	1.47566372e-06	2.00100000e+01	1.00000000e+02	7.37463127e-10	7.69953245e-12	6.95320019e-03	1.60083579e-03	2.52763988e-04	1.19337510e-02	9.27609377e-05	-6.59035320e-01	-6.95817003e-01	-6.91999088e-01	-6.58296870e-01	-8.00524819e-03
2000	2000	140	1.47566372e-06	2.00100000e+01	1.00000000e+02	7.37463127e-10	7.69952791e-12	6.87754587e-03	1.58259678e-03	2.49888911e-04	1.18040186e-02	9.27535872e-05	-6.63786558e-01	-7.00793510e-01	-6.96967303e-01	-6.63043958e-01	-8.03966394e-03
2000	2000	141	1.47566372e-06	2.00100000e+01	1.00000000e+02	7.37463127e-10	7.69952341e-12	6.80271255e-03	1.56456792e-03	2.47046558e-04	1.16756922e-02	9.27463205e-05	-6.68537933e-01	-7.05769367e-01	-7.01935480e-01	-6.67791204e-01	-8.07368926e-03
2000	2000	142	1.47566372e-06	2.00100000e+01	1.00000000e+02	7.37463127e-10	7.69951897e-12	6.72869135e-03	1.54674678e-03	2.44236557e-04	1.15487568e-02	9.27391367e-05	-6.73289446e-01	-7.10744565e-01	-7.06903617e-01	-6.72538605e-01	-8.10732945e-03
2000	2000	143	1.47566372e-06	2.00100000e+01	1.00000000e+02	7.37463127e-10	7.69951459e-12	6.65547348e-03	1.52913099e-03	2.41458542e-04	1.14231974e-02	9.27320352e-05	-6.78041096e-01	-7.15719097e-01	-7.11871712e-01	-6.77286162e-01	-8.14058699e-03
2000	2000	144	1.47566372e-06	2.00100000e+01	1.00000000e+02	7.37463127e-10	7.69951025e-12	6.58305026e-03	1.51171817e-03	2.38712150e-04	1.12989989e-02	9.27250148e-05	-6.82792883e-01	-7.20692953e-01	-7.16839762e-01	-6.82033875e-01	-8.17346733e-03
2000	2000	145	1.47566372e-06	2.00100000e+01	1.00000000e+02	7.37463127e-10	7.69950596e-12	6.51141232e-03	1.49450627e-03	2.35997031e-04	1.11761455e-02	9.27180747e-05	-6.87544857e-01	-7.25666045e-01	-7.21807747e-01	-6.86781797e-01	-8.20597358e-03
2000	2000	146	1.47566372e-06	2.00100000e+01	1.00000000e+02	7.37463127e-10	7.69950172e-12	6.44055177e-03	1.47749276e-03	2.33312822e-04	1.10546235e-02	9.27112141e-05	-6.92296978e-01	-7.30638425e-01	-7.26775679e-01	-6.91529886e-01	-8.23811009e-03
2000	2000	147	1.47566372e-06	2.00100000e+01	1.00000000e+02	7.37463127e-10	7.69949753e-12	6.37046037e-03	1.46067529e-03	2.30659171e-04	1.09344191e-02	9.27044321e-05	-6.97049235e-01	-7.35610104e-01	-7.31743560e-01	-6.96278129e-01	-8.26988087e-03
2000	2000	148	1.47566372e-06	2.00100000e+01	1.00000000e+02	7.37463127e-10	7.69949339e-12	6.30112982e-03	1.44405161e-03	2.28035730e-04	1.08155178e-02	9.26977278e-05	-7.01801626e-01	-7.40581073e-01	-7.36711387e-01	-7.01026526e-01	-8.30128970e-03
2000	2000	149	1.47566372e-06	2.00100000e+01	1.00000000e+02	7.37463127e-10	7.69948929e-12	6.23255171e-03	1.42761955e-03	2.25442166e-04	1.06979054e-02	9.26911005e-05	-7.06554163e-01	-7.45551300e-01	-7.41679138e-01	-7.05775088e-01	-8.33234014e-03
2000	2000	150	1.47566372e-06	2.00100000e+01	1.00000000e+02	7.37463127e-10	7.69948524e-12	6.16471652e-03	1.41137749e-03	2.22878225e-04	1.05815655e-02	9.26845493e-05	-7.11306943e-01	-7.50520600e-01	-7.46646646e-01	-7.10523919e-01	-8.36303609e-03
2000	2000	151	1.47566372e-06	2.00100000e+01	1.00000000e+02	7.37463127e-10	7.69948124e-12	6.09761780e-03	1.39532259e-03	2.20343474e-04	1.04664871e-02	9.26780733e-05	-7.16059855e-01	-7.55489161e-01	-7.51614094e-01	-7.15272901e-01	-8.39338196e-03
2000	2000	152	1.47566372e-06	2.00100000e+01	1.00000000e+02	7.37463127e-10	7.69947728e-12	6.03124757e-03	1.37945270e-03	2.17837583e-04	1.03526566e-02	9.26716718e-05	-7.20812898e-01	-7.60456975e-01	-7.56581477e-01	-7.20022034e-01	-8.42338064e-03
2000	2000	153	1.47566372e-06	2.00100000e+01	1.00000000e+02	7.37463127e-10	7.69947337e-12	5.96559795e-03	1.36376568e-03	2.15360223e-04	1.02400605e-02	9.26653438e-05	-7.25566073e-01	-7.65424031e-01	-7.61548794e-01	-7.24771318e-01	-8.45303711e-03
2000	2000	154	1.47566372e-06	2.00100000e+01	1.00000000e+02	7.37463127e-10	7.69946951e-12	5.90066115e-03	1.34825943e-03	2.12911072e-04	1.01286856e-02	9.26590888e-05	-7.30319378e-01	-7.70390320e-01	-7.66516040e-01	-7.29520753e-01	-8.48235358e-03
2000	2000	155	1.47566372e-06	2.00100000e+01	1.00000000e+02	7.37463127e-10	7.69946569e-12	5.83642946e-03	1.33293188e-03	2.10489808e-04	1.00185185e-02	9.26529058e-05	-7.35072813e-01	-7.75355832e-01	-7.71483214e-01	-7.34270338e-01	-8.51133411e-03
2000	2000	156	1.47566372e-06	2.00100000e+01	1.00000000e+02	7.37463127e-10	7.69946191e-12	5.77289523e-03	1.31778097e-03	2.08096116e-04	9.90954628e-03	9.26467939e-05	-7.39826378e-01	-7.80320556e-01	-7.76450313e-01	-7.39020073e-01	-8.53998346e-03
2000	2000	157	1.47566372e-06	2.00100000e+01	1.00000000e+02	7.37463127e-10	7.69945818e-12	5.71005087e-03	1.30280467e-03	2.05729682e-04	9.80175587e-03	9.26407527e-05	-7.44580076e-01	-7.85284481e-01	-7.81417332e-01	-7.43769961e-01	-8.56830352e-03
2000	2000	158	1.47566372e-06	2.00100000e+01	1.00000000e+02	7.37463127e-10	7.69945449e-12	5.64788895e-03	1.28800097e-03	2.03390197e-04	9.69513459e-03	9.26347810e-05	-7.49333904e-01	-7.90247598e-01	-7.86384269e-01	-7.48520000e-01	-8.59629929e-03
2000	2000	159	1.47566372e-06	2.00100000e+01	1.00000000e+02	7.37463127e-10	7.69945084e-12	5.58640211e-03	1.27336789e-03	2.01077356e-04	9.58966984e-03	9.26288783e-05	-7.54087861e-01	-7.95209894e-01	-7.91351121e-01	-7.53270187e-01	-8.62397370e-03
2000	2000	160	1.47566372e-06	2.00100000e+01	1.00000000e+02	7.37463127e-10	7.69944723e-12	5.52558303e-03	1.25890346e-03	1.98790855e-04	9.48534912e-03	9.26230437e-05	-7.58841944e-01	-8.00171359e-01	-7.96317884e-01	-7.58020523e-01	-8.65132991e-03
2000	2000	161	1.47566372e-06	2.00100000e+01	1.00000000e+02	7.37463127e-10	7.69944367e-12	5.46542450e-03	1.24460576e-03	1.96530397e-04	9.38216005e-03	9.26172766e-05	-7.63596154e-01	-8.05131981e-01	-8.01284554e-01	-7.62771005e-01	-8.67837184e-03
2000	2000	162	1.47566372e-06	2.00100000e+01	1.00000000e+02	7.37463127e-10	7.69944014e-12	5.40591936e-03	1.23047286e-03	1.94295686e-04	9.28009041e-03	9.26115763e-05	-7.68350491e-01	-8.10091749e-01	-8.06251129e-01	-7.67521635e-01	-8.70510226e-03
2000	2000	163	1.47566372e-06	2.00100000e+01	1.00000000e+02	7.37463127e-10	7.69943666e-12	5.34706054e-03	1.21650286e-03	1.92086428e-04	9.17912810e-03	9.26059418e-05	-7.73104953e-01	-8.15050651e-01	-8.11217605e-01	-7.72272412e-01	-8.73152547e-03
2000	2000	164	1.47566372e-06	2.00100000e+01	1.00000000e+02	7.37463127e-10	7.69943321e-12	5.28884104e-03	1.20269391e-03	1.89902337e-04	9.07926115e-03	9.26003725e-05	-7.77859540e-01	-8.20008675e-01	-8.16183977e-01	-7.77023335e-01	-8.75764462e-03
2000	2000	165	1.47566372e-06	2.00100000e+01	1.00000000e+02	7.37463127e-10	7.69942981e-12	5.23125394e-03	1.18904414e-03	1.87743125e-04	8.98047771e-03	9.25948678e-05	-7.82614251e-01	-8.24965809e-01	-8.21150243e-01	-7.81774403e-01	-8.78346231e-03
2000	2000	166	1.47566372e-06	2.00100000e+01	1.00000000e+02	7.37463127e-10	7.69942644e-12	5.17429240e-03	1.17555174e-03	1.85608511e-04	8.88276608e-03	9.25894268e-05	-7.87369086e-01	-8.29922040e-01	-8.26116399e-01	-7.86525617e-01	-8.80898307e-03
2000	2000	167	1.47566372e-06	2.00100000e+01	1.00000000e+02	7.37463127e-10	7.69942312e-12	5.11794965e-03	1.16221488e-03	1.83498216e-04	8.78611467e-03	9.25840489e-05	-7.92124044e-01	-8.34877356e-01	-8.31082439e-01	-7.91276976e-01	-8.83420906e-03
2000	2000	168	1.47566372e-06	2.00100000e+01	1.00000000e+02	7.37463127e-10	7.69941983e-12	5.06221899e-03	1.14903179e-03	1.81411964e-04	8.69051201e-03	9.25787333e-05	-7.96879125e-01	-8.39831743e-01	-8.36048361e-01	-7.96028479e-01	-8.85914421e-03
2000	2000	169	1.47566372e-06	2.00100000e+01	1.00000000e+02	7.37463127e-10	7.69941658e-12	5.00709354e-03	1.13600070e-03	1.79349482e-04	8.59594633e-03	9.25734795e-05	-8.01634349e-01	-8.44785189e-01	-8.41014161e-01	-8.00780147e-01	-8.88379096e-03
2000	2000	170	1.47566372e-06	2.00100000e+01	1.00000000e+02	7.37463127e-10	7.69941337e-12	4.95256694e-03	1.12311986e-03	1.77310499e-04	8.50240676e-03	9.25682865e-05	-8.06389699e-01	-8.49737680e-01	-8.45979833e-01	-8.05531965e-01	-8.90815351e-03
2000	2000	171	1.47566372e-06	2.00100000e+01	1.00000000e+02	7.37463127e-10	7.69941019e-12	4.89863277e-03	1.11038756e-03	1.75294751e-04	8.40988229e-03	9.25631541e-05	-8.11145171e-01	-8.54689201e-01	-8.50945374e-01	-8.10283926e-01	-8.93223365e-03
2000	2000	172	1.47566372e-06	2.00100000e+01	1.00000000e+02	7.37463127e-10	7.69940705e-12	4.84528460e-03	1.09780207e-03	1.73301973e-04	8.31836195e-03	9.25580811e-05	-8.15900762e-01	-8.59639740e-01	-8.55910779e-01	-8.15036029e-01	-8.95603630e-03
2000	2000	173	1.47566372e-06	2.00100000e+01	1.00000000e+02	7.37463127e-10	7.69940395e-12	4.79251609e-03	1.08536173e-03	1.71331905e-04	8.22783488e-03	9.25530671e-05	-8.20656474e-01	-8.64589282e-01	-8.60876043e-01	-8.19788275e-01	-8.97956297e-03
2000	2000	174	1.47566372e-06	2.00100000e+01	1.00000000e+02	7.37463127e-10	7.69940088e-12	4.74032097e-03	1.07306487e-03	1.69384288e-04	8.13829033e-03	9.25481115e-05	-8.25412304e-01	-8.69537812e-01	-8.65841162e-01	-8.24540663e-01	-9.00281746e-03
2000	2000	175	1.47566372e-06	2.00100000e+01	1.00000000e+02	7.37463127e-10	7.69939784e-12	4.68869303e-03	1.06090983e-03	1.67458869e-04	8.04971770e-03	9.25432134e-05	-8.30168253e-01	-8.74485316e-01	-8.70806132e-01	-8.29293193e-01	-9.02580270e-03
2000	2000	176	1.47566372e-06	2.00100000e+01	1.00000000e+02	7.37463127e-10	7.69939485e-12	4.63762613e-03	1.04889499e-03	1.65555396e-04	7.96210645e-03	9.25383725e-05	-8.34924319e-01	-8.79431778e-01	-8.75770946e-01	-8.34045863e-01	-9.04852140e-03
2000	2000	177	1.47566372e-06	2.00100000e+01	1.00000000e+02	7.37463127e-10	7.69939188e-12	4.58711419e-03	1.03701874e-03	1.63673619e-04	7.87544620e-03	9.25335879e-05	-8.39680502e-01	-8.84377183e-01	-8.80735601e-01	-8.38798674e-01	-9.07097649e-03
2000	2000	178	1.47566372e-06	2.00100000e+01	1.00000000e+02	7.37463127e-10	7.69938895e-12	4.53715120e-03	1.02527949e-03	1.61813293e-04	7.78972666e-03	9.25288590e-05	-8.44436801e-01	-8.89321516e-01	-8.85700090e-01	-8.43551624e-01	-9.09317161e-03
2000	2000	179	1.47566372e-06	2.00100000e+01	1.00000000e+02	7.37463127e-10	7.69938606e-12	4.48773122e-03	1.01367568e-03	1.59974174e-04	7.70493765e-03	9.25241853e-05	-8.49193216e-01	-8.94264760e-01	-8.90664410e-01	-8.48304714e-01	-9.11510872e-03
2000	2000	180	1.47566372e-06	2.00100000e+01	1.00000000e+02	7.37463127e-10	7.69938319e-12	4.43884836e-03	1.00220575e-03	1.58156022e-04	7.62106912e-03	9.25195660e-05	-8.53949745e-01	-8.99206899e-01	-8.95628553e-01	-8.53057942e-01	-9.13679151e-03
2000	2000	181	1.47566372e-06	2.00100000e+01	1.00000000e+02	7.37463127e-10	7.69938036e-12	4.39049681e-03	9.90868155e-04	1.56358599e-04	7.53811110e-03	9.25150006e-05	-8.58706388e-01	-9.04147916e-01	-9.00592516e-01	-8.57811309e-01	-9.15822265e-03
2000	2000	182	1.47566372e-06	2.00100000e+01	1.00000000e+02	7.37463127e-10	7.69937757e-12	4.34267081e-03	9.79661391e-04	1.54581670e-04	7.45605374e-03	9.25104886e-05	-8.63463144e-01	-9.09087795e-01	-9.05556292e-01	-8.62564813e-01	-9.17940396e-03
2000	2000	183	1.47566372e-06	2.00100000e+01	1.00000000e+02	7.37463127e-10	7.69937480e-12	4.29536468e-03	9.68583953e-04	1.52825002e-04	7.37488731e-03	9.25060291e-05	-8.68220012e-01	-9.14026518e-01	-9.10519875e-01	-8.67318454e-01	-9.20033955e-03
2000	2000	184	1.47566372e-06	2.00100000e+01	1.00000000e+02	7.37463127e-10	7.69937207e-12	4.24857278e-03	9.57634360e-04	1.51088367e-04	7.29460216e-03	9.25016217e-05	-8.72976992e-01	-9.18964067e-01	-9.15483260e-01	-8.72072232e-01	-9.22103184e-03
2000	2000	185	1.47566372e-06	2.00100000e+01	1.00000000e+02	7.37463127e-10	7.69936936e-12	4.20228954e-03	9.46811147e-04	1.49371536e-04	7.21518876e-03	9.24972659e-05	-8.77734082e-01	-9.23900425e-01	-9.20446440e-01	-8.76826146e-01	-9.24148270e-03
2000	2000	186	1.47566372e-06	2.00100000e+01	1.00000000e+02	7.37463127e-10	7.69936669e-12	4.15650944e-03	9.36112866e-04	1.47674285e-04	7.13663767e-03	9.24929609e-05	-8.82491282e-01	-9.28835573e-01	-9.25409410e-01	-8.81580195e-01	-9.26169606e-03
2000	2000	187	1.47566372e-06	2.00100000e+01	1.00000000e+02	7.37463127e-10	7.69936405e-12	4.11122705e-03	9.25538086e-04	1.45996392e-04	7.05893958e-03	9.24887063e-05	-8.87248591e-01	-9.33769493e-01	-9.30372162e-01	-8.86334378e-01	-9.28167365e-03
2000	2000	188	1.47566372e-06	2.00100000e+01	1.00000000e+02	7.37463127e-10	7.69936144e-12	4.06643697e-03	9.15085393e-04	1.44337639e-04	6.98208524e-03	9.24845014e-05	-8.92006008e-01	-9.38702164e-01	-9.35334690e-01	-8.91088696e-01	-9.30141907e-03
2000	2000	189	1.47566372e-06	2.00100000e+01	1.00000000e+02	7.37463127e-10	7.69935886e-12	4.02213386e-03	9.04753389e-04	1.42697807e-04	6.90606553e-03	9.24803457e-05	-8.96763533e-01	-9.43633569e-01	-9.40296988e-01	-8.95843148e-01	-9.32093383e-03
2000	2000	190	1.47566372e-06	2.00100000e+01	1.00000000e+02	7.37463127e-10	7.69935631e-12	3.97831246e-03	8.94540691e-04	1.41076682e-04	6.83087142e-03	9.24762386e-05	-9.01521164e-01	-9.48563687e-01	-9.45259049e-01	-9.00597732e-01	-9.34022146e-03
2000	2000	191	1.47566372e-06	2.00100000e+01	1.00000000e+02	7.37463127e-10	7.69935379e-12	3.93496753e-03	8.84445935e-04	1.39474053e-04	6.75649397e-03	9.24721796e-05	-9.06278900e-01	-9.53492497e-01	-9.50220866e-01	-9.05352449e-01	-9.35928405e-03
2000	2000	192	1.47566372e-06	2.00100000e+01	1.00000000e+02	7.37463127e-10	7.69935130e-12	3.89209393e-03	8.74467771e-04	1.37889709e-04	6.68292435e-03	9.24681682e-05	-9.11036741e-01	-9.58419979e-01	-9.55182431e-01	-9.10107297e-01	-9.37812406e-03
2000	2000	193	1.47566372e-06	2.00100000e+01	1.00000000e+02	7.37463127e-10	7.69934883e-12	3.84968653e-03	8.64604864e-04	1.36323444e-04	6.61015382e-03	9.24642038e-05	-9.15794686e-01	-9.63346113e-01	-9.60143738e-01	-9.14862277e-01	-9.39674388e-03
2000	2000	194	1.47566372e-06	2.00100000e+01	1.00000000e+02	7.37463127e-10	7.69934640e-12	3.80774030e-03	8.54855896e-04	1.34775052e-04	6.53817372e-03	9.24602858e-05	-9.20552733e-01	-9.68270876e-01	-9.65104779e-01	-9.19617387e-01	-9.41514670e-03
2000	2000	195	1.47566372e-06	2.00100000e+01	1.00000000e+02	7.37463127e-10	7.69934399e-12	3.76625023e-03	8.45219564e-04	1.33244331e-04	6.46697550e-03	9.24564139e-05	-9.25310883e-01	-9.73194247e-01	-9.70065546e-01	-9.24372627e-01	-9.43333419e-03
2000	2000	196	1.47566372e-06	2.00100000e+01	1.00000000e+02	7.37463127e-10	7.69934161e-12	3.72521138e-03	8.35694579e-04	1.31731081e-04	6.39655070e-03	9.24525872e-05	-9.30069133e-01	-9.78116202e-01	-9.75026032e-01	-9.29127996e-01	-9.45130968e-03
2000	2000	197	1.47566372e-06	2.00100000e+01	1.00000000e+02	7.37463127e-10	7.69933926e-12	3.68461886e-03	8.26279668e-04	1.30235103e-04	6.32689095e-03	9.24488056e-05	-9.34827483e-01	-9.83036721e-01	-9.79986228e-01	-9.33883493e-01	-9.46907404e-03
2000	2000	198	1.47566372e-06	2.00100000e+01	1.00000000e+02	7.37463127e-10	7.69933693e-12	3.64446784e-03	8.16973574e-04	1.28756203e-04	6.25798797e-03	9.24450682e-05	-9.39585932e-01	-9.87955778e-01	-9.84946126e-01	-9.38639119e-01	-9.48663132e-03
2000	2000	199	1.47566372e-06	2.00100000e+01	1.00000000e+02	7.37463127e-10	7.69933463e-12	3.60475352e-03	8.07775052e-04	1.27294186e-04	6.18983356e-03	9.24413746e-05	-9.44344479e-01	-9.92873351e-01	-9.89905719e-01	-9.43394871e-01	-9.50398342e-03
2000	2000	200	1.47566372e-06	2.00100000e+01	1.00000000e+02	7.37463127e-10	7.69933236e-12	3.56547118e-03	7.98682874e-04	1.25848861e-04	6.12241962e-03	9.24377246e-05	-9.49103123e-01	-9.97789415e-01	-9.94864997e-01	-9.48150750e-01	-9.52113183e-03
2000	2000	201	1.47566372e-06	2.00100000e+01	1.00000000e+02	7.37463127e-10	7.69933011e-12	3.52661614e-03	7.89695824e-04	1.24420039e-04	6.05573814e-03	9.24341173e-05	-9.53861862e-01	-1.00270395e+00	-9.99823952e-01	-9.52906755e-01	-9.53808021e-03
2000	2000	202	1.47566372e-06	2.00100000e+01	1.00000000e+02	7.37463127e-10	7.69932789e-12	3.48818377e-03	7.80812701e-04	1.23007534e-04	5.98978119e-03	9.24305526e-05	-9.58620697e-01	-1.00761692e+00	-1.00478257e+00	-9.57662885e-01	-9.55482917e-03
2000	2000	203	1.47566372e-06	2.00100000e+01	1.00000000e+02	7.37463127e-10	7.69932570e-12	3.45016948e-03	7.72032320e-04	1.21611160e-04	5.92454091e-03	9.24270296e-05	-9.63379625e-01	-1.01252831e+00	-1.00974085e+00	-9.62419140e-01	-9.57138267e-03
2000	2000	204	1.47566372e-06	2.00100000e+01	1.00000000e+02	7.37463127e-10	7.69932353e-12	3.41256873e-03	7.63353507e-04	1.20230735e-04	5.86000957e-03	9.24235481e-05	-9.68138646e-01	-1.01743808e+00	-1.01469878e+00	-9.67175518e-01	-9.58774170e-03
2000	2000	205	1.47566372e-06	2.00100000e+01	1.00000000e+02	7.37463127e-10	7.69932138e-12	3.37537706e-03	7.54775102e-04	1.18866078e-04	5.79617946e-03	9.24201074e-05	-9.72897759e-01	-1.02234622e+00	-1.01965635e+00	-9.71932019e-01	-9.60390972e-03
2000	2000	206	1.47566372e-06	2.00100000e+01	1.00000000e+02	7.37463127e-10	7.69931926e-12	3.33859003e-03	7.46295960e-04	1.17517010e-04	5.73304302e-03	9.24167073e-05	-9.77656962e-01	-1.02725270e+00	-1.02461355e+00	-9.76688642e-01	-9.61988731e-03
2000	2000	207	1.47566372e-06	2.00100000e+01	1.00000000e+02	7.37463127e-10	7.69931717e-12	3.30220324e-03	7.37914948e-04	1.16183355e-04	5.67059272e-03	9.24133471e-05	-9.82416254e-01	-1.03215748e+00	-1.02957037e+00	-9.81445387e-01	-9.63567807e-03
2000	2000	208	1.47566372e-06	2.00100000e+01	1.00000000e+02	7.37463127e-10	7.69931509e-12	3.26621237e-03	7.29630948e-04	1.14864939e-04	5.60882113e-03	9.24100267e-05	-9.87175635e-01	-1.03706054e+00	-1.03452680e+00	-9.86202253e-01	-9.65128275e-03
2000	2000	209	1.47566372e-06	2.00100000e+01	1.00000000e+02	7.37463127e-10	7.69931305e-12	3.23061311e-03	7.21442853e-04	1.13561589e-04	5.54772090e-03	9.24067453e-05	-9.91935102e-01	-1.04196185e+00	-1.03948283e+00	-9.90959238e-01	-9.66670438e-03
2000	2000	210	1.47566372e-06	2.00100000e+01	1.00000000e+02	7.37463127e-10	7.69931102e-12	3.19540123e-03	7.13349569e-04	1.12273134e-04	5.48728478e-03	9.24035024e-05	-9.96694656e-01	-1.04686138e+00	-1.04443844e+00	-9.95716343e-01	-9.68194572e-03
2000	2000	211	1.47566372e-06	2.00100000e+01	1.00000000e+02	7.37463127e-10	7.69930902e-12	3.16057252e-03	7.05350017e-04	1.10999406e-04	5.42750555e-03	9.24002977e-05	-1.00145429e+00	-1.05175911e+00	-1.04939363e+00	-1.00047357e+00	-9.69700787e-03
2000	2000	212	1.47566372e-06	2.00100000e+01	1.00000000e+02	7.37463127e-10	7.69930704e-12	3.12612283e-03	6.97443127e-04	1.09740237e-04	5.36837611e-03	9.23971310e-05	-1.00621402e+00	-1.05665499e+00	-1.05434839e+00	-1.00523091e+00	-9.71189234e-03
2000	2000	213	1.47566372e-06	2.00100000e+01	1.00000000e+02	7.37463127e-10	7.69930509e-12	3.09204806e-03	6.89627846e-04	1.08495464e-04	5.30988942e-03	9.23940013e-05	-1.01097382e+00	-1.06154900e+00	-1.05930270e+00	-1.00998837e+00	-9.72660278e-03
2000	2000	214	1.47566372e-06	2.00100000e+01	1.00000000e+02	7.37463127e-10	7.69930315e-12	3.05834412e-03	6.81903128e-04	1.07264924e-04	5.25203853e-03	9.23909088e-05	-1.01573370e+00	-1.06644110e+00	-1.06425656e+00	-1.01474594e+00	-9.74113939e-03
2000	2000	215	1.47566372e-06	2.00100000e+01	1.00000000e+02	7.37463127e-10	7.69930124e-12	3.02500702e-03	6.74267944e-04	1.06048455e-04	5.19481653e-03	9.23878525e-05	-1.02049367e+00	-1.07133127e+00	-1.06920994e+00	-1.01950363e+00	-9.75550598e-03
2000	2000	216	1.47566372e-06	2.00100000e+01	1.00000000e+02	7.37463127e-10	7.69929935e-12	2.99203276e-03	6.66721275e-04	1.04845898e-04	5.13821663e-03	9.23848324e-05	-1.02525371e+00	-1.07621947e+00	-1.07416284e+00	-1.02426143e+00	-9.76970315e-03
2000	2000	217	1.47566372e-06	2.00100000e+01	1.00000000e+02	7.37463127e-10	7.69929748e-12	2.95941741e-03	6.59262112e-04	1.03657095e-04	5.08223208e-03	9.23818480e-05	-1.03001383e+00	-1.08110567e+00	-1.07911525e+00	-1.02901935e+00	-9.78373271e-03
2000	2000	218	1.47566372e-06	2.00100000e+01	1.00000000e+02	7.37463127e-10	7.69929564e-12	2.92715708e-03	6.51889462e-04	1.02481892e-04	5.02685621e-03	9.23788987e-05	-1.03477402e+00	-1.08598983e+00	-1.08406715e+00	-1.03377738e+00	-9.79759778e-03
2000	2000	219	1.47566372e-06	2.00100000e+01	1.00000000e+02	7.37463127e-10	7.69929381e-12	2.89524793e-03	6.44602339e-04	1.01320133e-04	4.97208244e-03	9.23759844e-05	-1.03953429e+00	-1.09087191e+00	-1.08901853e+00	-1.03853552e+00	-9.81129917e-03
2000	2000	220	1.47566372e-06	2.00100000e+01	1.00000000e+02	7.37463127e-10	7.69929201e-12	2.86368614e-03	6.37399772e-04	1.00171669e-04	4.91790424e-03	9.23731042e-05	-1.04429464e+00	-1.09575188e+00	-1.09396938e+00	-1.04329377e+00	-9.82484034e-03
2000	2000	221	1.47566372e-06	2.00100000e+01	1.00000000e+02	7.37463127e-10	7.69929023e-12	2.83246795e-03	6.30280800e-04	9.90363464e-05	4.86431516e-03	9.23702583e-05	-1.04905505e+00	-1.10062971e+00	-1.09891968e+00	-1.04805214e+00	-9.83822058e-03
2000	2000	222	1.47566372e-06	2.00100000e+01	1.00000000e+02	7.37463127e-10	7.69928846e-12	2.80158963e-03	6.23244474e-04	9.79140185e-05	4.81130881e-03	9.23674458e-05	-1.05381553e+00	-1.10550535e+00	-1.10386941e+00	-1.05281061e+00	-9.85144384e-03
2000	2000	223	1.47566372e-06	2.00100000e+01	1.00000000e+02	7.37463127e-10	7.69928672e-12	2.77104749e-03	6.16289853e-04	9.68045379e-05	4.75887889e-03	9.23646667e-05	-1.05857608e+00	-1.11037877e+00	-1.10881857e+00	-1.05756919e+00	-9.86451104e-03
2000	2000	224	1.47566372e-06	2.00100000e+01	1.00000000e+02	7.37463127e-10	7.69928500e-12	2.74083790e-03	6.09416008e-04	9.57077594e-05	4.70701916e-03	9.23619203e-05	-1.06333670e+00	-1.11524993e+00	-1.11376714e+00	-1.06232788e+00	-9.87742455e-03
2000	2000	225	1.47566372e-06	2.00100000e+01	1.00000000e+02	7.37463127e-10	7.69928330e-12	2.71095725e-03	6.02622023e-04	9.46235394e-05	4.65572344e-03	9.23592065e-05	-1.06809738e+00	-1.12011879e+00	-1.11871510e+00	-1.06708667e+00	-9.89018524e-03
2000	2000	226	1.47566372e-06	2.00100000e+01	1.00000000e+02	7.37463127e-10	7.69928161e-12	2.68140196e-03	5.95906994e-04	9.35517360e-05	4.60498560e-03	9.23565247e-05	-1.07285813e+00	-1.12498530e+00	-1.12366244e+00	-1.07184557e+00	-9.90279593e-03
2000	2000	227	1.47566372e-06	2.00100000e+01	1.00000000e+02	7.37463127e-10	7.69927995e-12	2.65216851e-03	5.89270026e-04	9.24922087e-05	4.55479960e-03	9.23538746e-05	-1.07761894e+00	-1.12984944e+00	-1.12860914e+00	-1.07660457e+00	-9.91525793e-03
2000	2000	228	1.47566372e-06	2.00100000e+01	1.00000000e+02	7.37463127e-10	7.69927830e-12	2.62325340e-03	5.82710234e-04	9.14448189e-05	4.50515947e-03	9.23512560e-05	-1.08237981e+00	-1.13471114e+00	-1.13355518e+00	-1.08136367e+00	-9.92757234e-03
2000	2000	229	1.47566372e-06	2.00100000e+01	1.00000000e+02	7.37463127e-10	7.69927668e-12	2.59465318e-03	5.76226742e-04	9.04094294e-05	4.45605928e-03	9.23486682e-05	-1.08714074e+00	-1.13957038e+00	-1.13850056e+00	-1.08612288e+00	-9.93974159e-03
2000	2000	230	1.47566372e-06	2.00100000e+01	1.00000000e+02	7.37463127e-10	7.69927507e-12	2.56636444e-03	5.69818686e-04	8.93859046e-05	4.40749319e-03	9.23461112e-05	-1.09190172e+00	-1.14442710e+00	-1.14344525e+00	-1.09088219e+00	-9.95176680e-03
2000	2000	231	1.47566372e-06	2.00100000e+01	1.00000000e+02	7.37463127e-10	7.69927348e-12	2.53838380e-03	5.63485213e-04	8.83741106e-05	4.35945541e-03	9.23435843e-05	-1.09666277e+00	-1.14928126e+00	-1.14838923e+00	-1.09564160e+00	-9.96365082e-03
2000	2000	232	1.47566372e-06	2.00100000e+01	1.00000000e+02	7.37463127e-10	7.69927191e-12	2.51070792e-03	5.57225477e-04	8.73739148e-05	4.31194020e-03	9.23410874e-05	-1.10142386e+00	-1.15413282e+00	-1.15333249e+00	-1.10040111e+00	-9.97539381e-03
2000	2000	233	1.47566372e-06	2.00100000e+01	1.00000000e+02	7.37463127e-10	7.69927036e-12	2.48333348e-03	5.51038644e-04	8.63851863e-05	4.26494192e-03	9.23386201e-05	-1.10618501e+00	-1.15898173e+00	-1.15827501e+00	-1.10516072e+00	-9.98699815e-03
2000	2000	234	1.47566372e-06	2.00100000e+01	1.00000000e+02	7.37463127e-10	7.69926882e-12	2.45625723e-03	5.44923890e-04	8.54077955e-05	4.21845495e-03	9.23361819e-05	-1.11094621e+00	-1.16382794e+00	-1.16321677e+00	-1.10992043e+00	-9.99846582e-03
2000	2000	235	1.47566372e-06	2.00100000e+01	1.00000000e+02	7.37463127e-10	7.69926731e-12	2.42947592e-03	5.38880399e-04	8.44416145e-05	4.17247376e-03	9.23337727e-05	-1.11570746e+00	-1.16867140e+00	-1.16815776e+00	-1.11468023e+00	-1.00097976e-02
2000	2000	236	1.47566372e-06	2.00100000e+01	1.00000000e+02	7.37463127e-10	7.69926581e-12	2.40298635e-03	5.32907366e-04	8.34865168e-05	4.12699285e-03	9.23313920e-05	-1.12046875e+00	-1.17351206e+00	-1.17309794e+00	-1.11944013e+00	-1.00209952e-02
2000	2000	237	1.47566372e-06	2.00100000e+01	1.00000000e+02	7.37463127e-10	7.69926432e-12	2.37678537e-03	5.27003994e-04	8.25423772e-05	4.08200682e-03	9.23290396e-05	-1.12523009e+00	-1.17834988e+00	-1.17803731e+00	-1.12420012e+00	-1.00320605e-02
2000	2000	238	1.47566372e-06	2.00100000e+01	1.00000000e+02	7.37463127e-10	7.69926286e-12	2.35086984e-03	5.21169498e-04	8.16090721e-05	4.03751028e-03	9.23267148e-05	-1.12999147e+00	-1.18318480e+00	-1.18297585e+00	-1.12896020e+00	-1.00429956e-02
2000	2000	239	1.47566372e-06	2.00100000e+01	1.00000000e+02	7.37463127e-10	7.69926141e-12	2.32523666e-03	5.15403099e-04	8.06864793e-05	3.99349795e-03	9.23244179e-05	-1.13475289e+00	-1.18801676e+00	-1.18791352e+00	-1.13372038e+00	-1.00538001e-02
2000	2000	240	1.47566372e-06	2.00100000e+01	1.00000000e+02	7.37463127e-10	7.69925998e-12	2.29988277e-03	5.09704029e-04	7.97744779e-05	3.94996456e-03	9.23221481e-05	-1.13951435e+00	-1.19284572e+00	-1.19285032e+00	-1.13848064e+00	-1.00644774e-02
2000	2000	241	1.47566372e-06	2.00100000e+01	1.00000000e+02	7.37463127e-10	7.69925856e-12	2.27480513e-03	5.04071529e-04	7.88729484e-05	3.90690493e-03	9.23199053e-05	-1.14427585e+00	-1.19767162e+00	-1.19778621e+00	-1.14324100e+00	-1.00750282e-02
2000	2000	242	1.47566372e-06	2.00100000e+01	1.00000000e+02	7.37463127e-10	7.69925716e-12	2.25000077e-03	4.98504848e-04	7.79817728e-05	3.86431392e-03	9.23176891e-05	-1.14903739e+00	-1.20249440e+00	-1.20272118e+00	-1.14800144e+00	-1.00854539e-02
2000	2000	243	1.47566372e-06	2.00100000e+01	1.00000000e+02	7.37463127e-10	7.69925578e-12	2.22546669e-03	4.93003244e-04	7.71008343e-05	3.82218645e-03	9.23154990e-05	-1.15379895e+00	-1.20731401e+00	-1.20765521e+00	-1.15276197e+00	-1.00957570e-02
2000	2000	244	1.47566372e-06	2.00100000e+01	1.00000000e+02	7.37463127e-10	7.69925441e-12	2.20119999e-03	4.87565984e-04	7.62300175e-05	3.78051750e-03	9.23133351e-05	-1.15856055e+00	-1.21213039e+00	-1.21258827e+00	-1.15752259e+00	-1.01059370e-02
2000	2000	245	1.47566372e-06	2.00100000e+01	1.00000000e+02	7.37463127e-10	7.69925306e-12	2.17719774e-03	4.82192345e-04	7.53692084e-05	3.73930208e-03	9.23111968e-05	-1.16332218e+00	-1.21694348e+00	-1.21752033e+00	-1.16228329e+00	-1.01159971e-02
2000	2000	246	1.47566372e-06	2.00100000e+01	1.00000000e+02	7.37463127e-10	7.69925173e-12	2.15345709e-03	4.76881609e-04	7.45182941e-05	3.69853529e-03	9.23090838e-05	-1.16808383e+00	-1.22175321e+00	-1.22245138e+00	-1.16704408e+00	-1.01259380e-02
2000	2000	247	1.47566372e-06	2.00100000e+01	1.00000000e+02	7.37463127e-10	7.69925040e-12	2.12997520e-03	4.71633069e-04	7.36771632e-05	3.65821227e-03	9.23069960e-05	-1.17284551e+00	-1.22655954e+00	-1.22738139e+00	-1.17180494e+00	-1.01357606e-02
2000	2000	248	1.47566372e-06	2.00100000e+01	1.00000000e+02	7.37463127e-10	7.69924910e-12	2.10674925e-03	4.66446027e-04	7.28457054e-05	3.61832819e-03	9.23049330e-05	-1.17760720e+00	-1.23136239e+00	-1.23231033e+00	-1.17656589e+00	-1.01454670e-02
2000	2000	249	1.47566372e-06	2.00100000e+01	1.00000000e+02	7.37463127e-10	7.69924781e-12	2.08377648e-03	4.61319790e-04	7.20238119e-05	3.57887829e-03	9.23028946e-05	-1.18236892e+00	-1.23616170e+00	-1.23723818e+00	-1.18132691e+00	-1.01550580e-02
2000	2000	250	1.47566372e-06	2.00100000e+01	1.00000000e+02	7.37463127e-10	7.69924653e-12	2.06105412e-03	4.56253677e-04	7.12113748e-05	3.53985788e-03	9.23008803e-05	-1.18713066e+00	-1.24095741e+00	-1.24216492e+00	-1.18608802e+00	-1.01645355e-02
2000	2000	251	1.47566372e-06	2.00100000e+01	1.00000000e+02	7.37463127e-10	7.69924527e-12	2.03857948e-03	4.51247012e-04	7.04082879e-05	3.50126230e-03	9.22988900e-05	-1.19189241e+00	-1.24574945e+00	-1.24709050e+00	-1.19084920e+00	-1.01739005e-02
2000	2000	252	1.47566372e-06	2.00100000e+01	1.00000000e+02	7.37463127e-10	7.69924402e-12	2.01634985e-03	4.46299129e-04	6.96144457e-05	3.46308692e-03	9.22969232e-05	-1.19665417e+00	-1.25053775e+00	-1.25201492e+00	-1.19561045e+00	-1.01831549e-02
2000	2000	253	1.47566372e-06	2.00100000e+01	1.00000000e+02	7.37463127e-10	7.69924279e-12	1.99436258e-03	4.41409367e-04	6.88297444e-05	3.42532721e-03	9.22949799e-05	-1.20141594e+00	-1.25532224e+00	-1.25693813e+00	-1.20037178e+00	-1.01922991e-02
2000	2000	254	1.47566372e-06	2.00100000e+01	1.00000000e+02	7.37463127e-10	7.69924157e-12	1.97261503e-03	4.36577076e-04	6.80540810e-05	3.38797865e-03	9.22930596e-05	-1.20617771e+00	-1.26010286e+00	-1.26186011e+00	-1.20513318e+00	-1.02013351e-02
2000	2000	255	1.47566372e-06	2.00100000e+01	1.00000000e+02	7.37463127e-10	7.69924037e-12	1.95110462e-03	4.31801612e-04	6.72873539e-05	3.35103678e-03	9.22911623e-05	-1.21093950e+00	-1.26487953e+00	-1.26678084e+00	-1.20989465e+00	-1.02102632e-02
2000	2000	256	1.47566372e-06	2.00100000e+01	1.00000000e+02	7.37463127e-10	7.69923918e-12	1.92982876e-03	4.27082339e-04	6.65294626e-05	3.31449719e-03	9.22892874e-05	-1.21570128e+00	-1.26965217e+00	-1.27170027e+00	-1.21465619e+00	-1.02190858e-02
2000	2000	257	1.47566372e-06	2.00100000e+01	1.00000000e+02	7.37463127e-10	7.69923800e-12	1.90878491e-03	4.22418628e-04	6.57803077e-05	3.27835552e-03	9.22874349e-05	-1.22046306e+00	-1.27442073e+00	-1.27661839e+00	-1.21941779e+00	-1.02278034e-02
2000	2000	258	1.47566372e-06	2.00100000e+01	1.00000000e+02	7.37463127e-10	7.69923684e-12	1.88797054e-03	4.17809858e-04	6.50397911e-05	3.24260745e-03	9.22856044e-05	-1.22522484e+00	-1.27918510e+00	-1.28153515e+00	-1.22417947e+00	-1.02364174e-02
2000	2000	259	1.47566372e-06	2.00100000e+01	1.00000000e+02	7.37463127e-10	7.69923569e-12	1.86738318e-03	4.13255414e-04	6.43078157e-05	3.20724871e-03	9.22837957e-05	-1.22998661e+00	-1.28394524e+00	-1.28645053e+00	-1.22894120e+00	-1.02449294e-02
2000	2000	260	1.47566372e-06	2.00100000e+01	1.00000000e+02	7.37463127e-10	7.69923455e-12	1.84702035e-03	4.08754690e-04	6.35842855e-05	3.17227508e-03	9.22820084e-05	-1.23474837e+00	-1.28870104e+00	-1.29136449e+00	-1.23370300e+00	-1.02533404e-02
2000	2000	261	1.47566372e-06	2.00100000e+01	1.00000000e+02	7.37463127e-10	7.69923343e-12	1.82687963e-03	4.04307086e-04	6.28691057e-05	3.13768239e-03	9.22802425e-05	-1.23951012e+00	-1.29345243e+00	-1.29627700e+00	-1.23846486e+00	-1.02616513e-02
2000	2000	262	1.47566372e-06	2.00100000e+01	1.00000000e+02	7.37463127e-10	7.69923232e-12	1.80695859e-03	3.99912010e-04	6.21621824e-05	3.10346649e-03	9.22784977e-05	-1.24427185e+00	-1.29819934e+00	-1.30118803e+00	-1.24322678e+00	-1.02698630e-02
2000	2000	263	1.47566372e-06	2.00100000e+01	1.00000000e+02	7.37463127e-10	7.69923122e-12	1.78725485e-03	3.95568876e-04	6.14634232e-05	3.06962330e-03	9.22767736e-05	-1.24903357e+00	-1.30294167e+00	-1.30609754e+00	-1.24798876e+00	-1.02779774e-02
2000	2000	264	1.47566372e-06	2.00100000e+01	1.00000000e+02	7.37463127e-10	7.69923013e-12	1.76776606e-03	3.91277104e-04	6.07727362e-05	3.03614879e-03	9.22750700e-05	-1.25379526e+00	-1.30767935e+00	-1.31100550e+00	-1.25275079e+00	-1.02859952e-02
2000	2000	265	1.47566372e-06	2.00100000e+01	1.00000000e+02	7.37463127e-10	7.69922906e-12	1.74848989e-03	3.87036124e-04	6.00900309e-05	3.00303894e-03	9.22733865e-05	-1.25855693e+00	-1.31241229e+00	-1.31591186e+00	-1.25751288e+00	-1.02939184e-02
2000	2000	266	1.47566372e-06	2.00100000e+01	1.00000000e+02	7.37463127e-10	7.69922800e-12	1.72942402e-03	3.82845370e-04	5.94152178e-05	2.97028981e-03	9.22717233e-05	-1.26331857e+00	-1.31714039e+00	-1.32081659e+00	-1.26227502e+00	-1.03017465e-02
2000	2000	267	1.47566372e-06	2.00100000e+01	1.00000000e+02	7.37463127e-10	7.69922695e-12	1.71056617e-03	3.78704283e-04	5.87482085e-05	2.93789748e-03	9.22700800e-05	-1.26808017e+00	-1.32186357e+00	-1.32571966e+00	-1.26703721e+00	-1.03094814e-02
2000	2000	268	1.47566372e-06	2.00100000e+01	1.00000000e+02	7.37463127e-10	7.69922592e-12	1.69191409e-03	3.74612311e-04	5.80889153e-05	2.90585808e-03	9.22684560e-05	-1.27284175e+00	-1.32658174e+00	-1.33062102e+00	-1.27179944e+00	-1.03171251e-02
2000	2000	269	1.47566372e-06	2.00100000e+01	1.00000000e+02	7.37463127e-10	7.69922489e-12	1.67346554e-03	3.70568909e-04	5.74372520e-05	2.87416777e-03	9.22668515e-05	-1.27760328e+00	-1.33129481e+00	-1.33552063e+00	-1.27656173e+00	-1.03246774e-02
2000	2000	270	1.47566372e-06	2.00100000e+01	1.00000000e+02	7.37463127e-10	7.69922388e-12	1.65521831e-03	3.66573538e-04	5.67931329e-05	2.84282278e-03	9.22652661e-05	-1.28236477e+00	-1.33600268e+00	-1.34041846e+00	-1.28132406e+00	-1.03321396e-02
2000	2000	271	1.47566372e-06	2.00100000e+01	1.00000000e+02	7.37463127e-10	7.69922288e-12	1.63717022e-03	3.62625664e-04	5.61564735e-05	2.81181936e-03	9.22636996e-05	-1.28712622e+00	-1.34070525e+00	-1.34531446e+00	-1.28608643e+00	-1.03395133e-02
2000	2000	272	1.47566372e-06	2.00100000e+01	1.00000000e+02	7.37463127e-10	7.69922189e-12	1.61931911e-03	3.58724762e-04	5.55271905e-05	2.78115379e-03	9.22621519e-05	-1.29188761e+00	-1.34540243e+00	-1.35020859e+00	-1.29084884e+00	-1.03467988e-02
2000	2000	273	1.47566372e-06	2.00100000e+01	1.00000000e+02	7.37463127e-10	7.69922091e-12	1.60166283e-03	3.54870310e-04	5.49052011e-05	2.75082242e-03	9.22606225e-05	-1.29664896e+00	-1.35009412e+00	-1.35510080e+00	-1.29561129e+00	-1.03539978e-02
2000	2000	274	1.47566372e-06	2.00100000e+01	1.00000000e+02	7.37463127e-10	7.69921994e-12	1.58419928e-03	3.51061795e-04	5.42904239e-05	2.72082162e-03	9.22591113e-05	-1.30141024e+00	-1.35478022e+00	-1.35999105e+00	-1.30037377e+00	-1.03611117e-02
2000	2000	275	1.47566372e-06	2.00100000e+01	1.00000000e+02	7.37463127e-10	7.69921899e-12	1.56692636e-03	3.47298709e-04	5.36827781e-05	2.69114779e-03	9.22576183e-05	-1.30617147e+00	-1.35946062e+00	-1.36487930e+00	-1.30513629e+00	-1.03681398e-02
2000	2000	276	1.47566372e-06	2.00100000e+01	1.00000000e+02	7.37463127e-10	7.69921804e-12	1.54984201e-03	3.43580549e-04	5.30821839e-05	2.66179740e-03	9.22561429e-05	-1.31093263e+00	-1.36413522e+00	-1.36976550e+00	-1.30989885e+00	-1.03750849e-02
2000	2000	277	1.47566372e-06	2.00100000e+01	1.00000000e+02	7.37463127e-10	7.69921711e-12	1.53294416e-03	3.39906820e-04	5.24885627e-05	2.63276694e-03	9.22546853e-05	-1.31569372e+00	-1.36880391e+00	-1.37464961e+00	-1.31466143e+00	-1.03819467e-02
2000	2000	278	1.47566372e-06	2.00100000e+01	1.00000000e+02	7.37463127e-10	7.69921618e-12	1.51623082e-03	3.36277030e-04	5.19018364e-05	2.60405292e-03	9.22532449e-05	-1.32045473e+00	-1.37346658e+00	-1.37953156e+00	-1.31942404e+00	-1.03887274e-02
2000	2000	279	1.47566372e-06	2.00100000e+01	1.00000000e+02	7.37463127e-10	7.69921527e-12	1.49969995e-03	3.32690695e-04	5.13219281e-05	2.57565192e-03	9.22518218e-05	-1.32521568e+00	-1.37812313e+00	-1.38441132e+00	-1.32418667e+00	-1.03954271e-02
2000	2000	280	1.47566372e-06	2.00100000e+01	1.00000000e+02	7.37463127e-10	7.69921437e-12	1.48334960e-03	3.29147336e-04	5.07487616e-05	2.54756054e-03	9.22504156e-05	-1.32997653e+00	-1.38277344e+00	-1.38928884e+00	-1.32894933e+00	-1.04020468e-02
2000	2000	281	1.47566372e-06	2.00100000e+01	1.00000000e+02	7.37463127e-10	7.69921348e-12	1.46717780e-03	3.25646479e-04	5.01822618e-05	2.51977543e-03	9.22490262e-05	-1.33473731e+00	-1.38741740e+00	-1.39416405e+00	-1.33371201e+00	-1.04085880e-02
2000	2000	282	1.47566372e-06	2.00100000e+01	1.00000000e+02	7.37463127e-10	7.69921259e-12	1.45118261e-03	3.22187658e-04	4.96223541e-05	2.49229325e-03	9.22476535e-05	-1.33949799e+00	-1.39205489e+00	-1.39903692e+00	-1.33847470e+00	-1.04150506e-02
2000	2000	283	1.47566372e-06	2.00100000e+01	1.00000000e+02	7.37463127e-10	7.69921172e-12	1.43536211e-03	3.18770408e-04	4.90689652e-05	2.46511072e-03	9.22462972e-05	-1.34425858e+00	-1.39668579e+00	-1.40390739e+00	-1.34323741e+00	-1.04214362e-02
2000	2000	284	1.47566372e-06	2.00100000e+01	1.00000000e+02	7.37463127e-10	7.69921086e-12	1.41971441e-03	3.15394275e-04	4.85220223e-05	2.43822458e-03	9.22449569e-05	-1.34901906e+00	-1.40130998e+00	-1.40877539e+00	-1.34800014e+00	-1.04277462e-02
2000	2000	285	1.47566372e-06	2.00100000e+01	1.00000000e+02	7.37463127e-10	7.69921001e-12	1.40423764e-03	3.12058805e-04	4.79814536e-05	2.41163163e-03	9.22436327e-05	-1.35377944e+00	-1.40592735e+00	-1.41364089e+00	-1.35276287e+00	-1.04339805e-02
2000	2000	286	1.47566372e-06	2.00100000e+01	1.00000000e+02	7.37463127e-10	7.69920917e-12	1.38892993e-03	3.08763553e-04	4.74471881e-05	2.38532867e-03	9.22423243e-05	-1.35853972e+00	-1.41053776e+00	-1.41850381e+00	-1.35752561e+00	-1.04401406e-02
2000	2000	287	1.47566372e-06	2.00100000e+01	1.00000000e+02	7.37463127e-10	7.69920833e-12	1.37378946e-03	3.05508078e-04	4.69191557e-05	2.35931257e-03	9.22410316e-05	-1.36329988e+00	-1.41514109e+00	-1.42336410e+00	-1.36228836e+00	-1.04462273e-02
2000	2000	288	1.47566372e-06	2.00100000e+01	1.00000000e+02	7.37463127e-10	7.69920751e-12	1.35881440e-03	3.02291944e-04	4.63972870e-05	2.33358021e-03	9.22397543e-05	-1.36805991e+00	-1.41973721e+00	-1.42822170e+00	-1.36705111e+00	-1.04522411e-02
2000	2000	289	1.47566372e-06	2.00100000e+01	1.00000000e+02	7.37463127e-10	7.69920670e-12	1.34400296e-03	2.99114721e-04	4.58815134e-05	2.30812850e-03	9.22384922e-05	-1.37281983e+00	-1.42432600e+00	-1.43307655e+00	-1.37181386e+00	-1.04581835e-02
2000	2000	290	1.47566372e-06	2.00100000e+01	1.00000000e+02	7.37463127e-10	7.69920589e-12	1.32935338e-03	2.95975981e-04	4.53717672e-05	2.28295441e-03	9.22372452e-05	-1.37757961e+00	-1.42890732e+00	-1.43792859e+00	-1.37657660e+00	-1.04640547e-02
2000	2000	291	1.47566372e-06	2.00100000e+01	1.00000000e+02	7.37463127e-10	7.69920510e-12	1.31486388e-03	2.92875306e-04	4.48679813e-05	2.25805492e-03	9.22360131e-05	-1.38233926e+00	-1.43348103e+00	-1.44277776e+00	-1.38133934e+00	-1.04698559e-02
2000	2000	292	1.47566372e-06	2.00100000e+01	1.00000000e+02	7.37463127e-10	7.69920431e-12	1.30053274e-03	2.89812278e-04	4.43700896e-05	2.23342704e-03	9.22347957e-05	-1.38709876e+00	-1.43804701e+00	-1.44762398e+00	-1.38610207e+00	-1.04755883e-02
2000	2000	293	1.47566372e-06	2.00100000e+01	1.00000000e+02	7.37463127e-10	7.69920354e-12	1.28635823e-03	2.86786488e-04	4.38780266e-05	2.20906784e-03	9.22335930e-05	-1.39185812e+00	-1.44260510e+00	-1.45246720e+00	-1.39086479e+00	-1.04812515e-02
2000	2000	294	1.47566372e-06	2.00100000e+01	1.00000000e+02	7.37463127e-10	7.69920277e-12	1.27233866e-03	2.83797529e-04	4.33917276e-05	2.18497439e-03	9.22324045e-05	-1.39661733e+00	-1.44715518e+00	-1.45730734e+00	-1.39562749e+00	-1.04868476e-02
2000	2000	295	1.47566372e-06	2.00100000e+01	1.00000000e+02	7.37463127e-10	7.69920201e-12	1.25847234e-03	2.80844999e-04	4.29111287e-05	2.16114381e-03	9.22312304e-05	-1.40137638e+00	-1.45169709e+00	-1.46214435e+00	-1.40039017e+00	-1.04923762e-02
2000	2000	296	1.47566372e-06	2.00100000e+01	1.00000000e+02	7.37463127e-10	7.69920126e-12	1.24475761e-03	2.77928502e-04	4.24361667e-05	2.13757325e-03	9.22300702e-05	-1.40613527e+00	-1.45623070e+00	-1.46697814e+00	-1.40515284e+00	-1.04978395e-02
2000	2000	297	1.47566372e-06	2.00100000e+01	1.00000000e+02	7.37463127e-10	7.69920052e-12	1.23119282e-03	2.75047645e-04	4.19667792e-05	2.11425989e-03	9.22289238e-05	-1.41089398e+00	-1.46075586e+00	-1.47180865e+00	-1.40991547e+00	-1.05032373e-02
2000	2000	298	1.47566372e-06	2.00100000e+01	1.00000000e+02	7.37463127e-10	7.69919979e-12	1.21777635e-03	2.72202042e-04	4.15029043e-05	2.09120092e-03	9.22277913e-05	-1.41565252e+00	-1.46527241e+00	-1.47663580e+00	-1.41467808e+00	-1.05085705e-02
2000	2000	299	1.47566372e-06	2.00100000e+01	1.00000000e+02	7.37463127e-10	7.69919906e-12	1.20450659e-03	2.69391309e-04	4.10444812e-05	2.06839360e-03	9.22266722e-05	-1.42041087e+00	-1.46978021e+00	-1.48145952e+00	-1.41944066e+00	-1.05138402e-02
2000	2000	300	1.47566372e-06	2.00100000e+01	1.00000000e+02	7.37463127e-10	7.69919835e-12	1.19138195e-03	2.66615068e-04	4.05914493e-05	2.04583519e-03	9.22255666e-05	-1.42516904e+00	-1.47427910e+00	-1.48627973e+00	-1.42420320e+00	-1.05190466e-02
2000	2000	301	1.47566372e-06	2.00100000e+01	1.00000000e+02	7.37463127e-10	7.69919764e-12	1.17840085e-03	2.63872944e-04	4.01437493e-05	2.02352298e-03	9.22244741e-05	-1.42992700e+00	-1.47876893e+00	-1.49109635e+00	-1.42896570e+00	-1.05241910e-02
2000	2000	302	1.47566372e-06	2.00100000e+01	1.00000000e+02	7.37463127e-10	7.69919694e-12	1.16556174e-03	2.61164567e-04	3.97013220e-05	2.00145432e-03	9.22233947e-05	-1.43468477e+00	-1.48324953e+00	-1.49590932e+00	-1.43372816e+00	-1.05292739e-02
2000	2000	303	1.47566372e-06	2.00100000e+01	1.00000000e+02	7.37463127e-10	7.69919625e-12	1.15286307e-03	2.58489573e-04	3.92641093e-05	1.97962654e-03	9.22223283e-05	-1.43944233e+00	-1.48772076e+00	-1.50071854e+00	-1.43849057e+00	-1.05342962e-02
2000	2000	304	1.47566372e-06	2.00100000e+01	1.00000000e+02	7.37463127e-10	7.69919556e-12	1.14030332e-03	2.55847599e-04	3.88320536e-05	1.95803704e-03	9.22212746e-05	-1.44419966e+00	-1.49218244e+00	-1.50552393e+00	-1.44325294e+00	-1.05392581e-02
2000	2000	305	1.47566372e-06	2.00100000e+01	1.00000000e+02	7.37463127e-10	7.69919489e-12	1.12788098e-03	2.53238289e-04	3.84050981e-05	1.93668324e-03	9.22202335e-05	-1.44895678e+00	-1.49663442e+00	-1.51032541e+00	-1.44801525e+00	-1.05441611e-02
2000	2000	306	1.47566372e-06	2.00100000e+01	1.00000000e+02	7.37463127e-10	7.69919422e-12	1.11559457e-03	2.50661289e-04	3.79831864e-05	1.91556256e-03	9.22192048e-05	-1.45371366e+00	-1.50107652e+00	-1.51512289e+00	-1.45277750e+00	-1.05490055e-02
2000	2000	307	1.47566372e-06	2.00100000e+01	1.00000000e+02	7.37463127e-10	7.69919356e-12	1.10344260e-03	2.48116251e-04	3.75662630e-05	1.89467249e-03	9.22181885e-05	-1.45847031e+00	-1.50550858e+00	-1.51991629e+00	-1.45753969e+00	-1.05537916e-02
2000	2000	308	1.47566372e-06	2.00100000e+01	1.00000000e+02	7.37463127e-10	7.69919290e-12	1.09142363e-03	2.45602829e-04	3.71542730e-05	1.87401052e-03	9.22171843e-05	-1.46322670e+00	-1.50993042e+00	-1.52470552e+00	-1.46230182e+00	-1.05585207e-02
2000	2000	309	1.47566372e-06	2.00100000e+01	1.00000000e+02	7.37463127e-10	7.69919226e-12	1.07953620e-03	2.43120682e-04	3.67471620e-05	1.85357417e-03	9.22161923e-05	-1.46798284e+00	-1.51434188e+00	-1.52949048e+00	-1.46706387e+00	-1.05631928e-02
2000	2000	310	1.47566372e-06	2.00100000e+01	1.00000000e+02	7.37463127e-10	7.69919162e-12	1.06777889e-03	2.40669474e-04	3.63448764e-05	1.83336099e-03	9.22152119e-05	-1.47273872e+00	-1.51874278e+00	-1.53427109e+00	-1.47182586e+00	-1.05678101e-02
2000	2000	311	1.47566372e-06	2.00100000e+01	1.00000000e+02	7.37463127e-10	7.69919099e-12	1.05615029e-03	2.38248871e-04	3.59473631e-05	1.81336857e-03	9.22142433e-05	-1.47749433e+00	-1.52313294e+00	-1.53904725e+00	-1.47658776e+00	-1.05723714e-02
2000	2000	312	1.47566372e-06	2.00100000e+01	1.00000000e+02	7.37463127e-10	7.69919037e-12	1.04464900e-03	2.35858544e-04	3.55545697e-05	1.79359450e-03	9.22132863e-05	-1.48224966e+00	-1.52751217e+00	-1.54381886e+00	-1.48134958e+00	-1.05768785e-02
2000	2000	313	1.47566372e-06	2.00100000e+01	1.00000000e+02	7.37463127e-10	7.69918975e-12	1.03327365e-03	2.33498167e-04	3.51664444e-05	1.77403642e-03	9.22123409e-05	-1.48700470e+00	-1.53188031e+00	-1.54858583e+00	-1.48611131e+00	-1.05813311e-02
2000	2000	314	1.47566372e-06	2.00100000e+01	1.00000000e+02	7.37463127e-10	7.69918914e-12	1.02202286e-03	2.31167417e-04	3.47829360e-05	1.75469197e-03	9.22114068e-05	-1.49175945e+00	-1.53623717e+00	-1.55334805e+00	-1.49087295e+00	-1.05857306e-02
2000	2000	315	1.47566372e-06	2.00100000e+01	1.00000000e+02	7.37463127e-10	7.69918854e-12	1.01089528e-03	2.28865977e-04	3.44039938e-05	1.73555885e-03	9.22104838e-05	-1.49651388e+00	-1.54058255e+00	-1.55810543e+00	-1.49563450e+00	-1.05900776e-02
2000	2000	316	1.47566372e-06	2.00100000e+01	1.00000000e+02	7.37463127e-10	7.69918794e-12	9.99889584e-04	2.26593533e-04	3.40295679e-05	1.71663476e-03	9.22095720e-05	-1.50126801e+00	-1.54491628e+00	-1.56285785e+00	-1.50039594e+00	-1.05943724e-02
2000	2000	317	1.47566372e-06	2.00100000e+01	1.00000000e+02	7.37463127e-10	7.69918735e-12	9.89004445e-04	2.24349772e-04	3.36596087e-05	1.69791743e-03	9.22086709e-05	-1.50602181e+00	-1.54923816e+00	-1.56760522e+00	-1.50515728e+00	-1.05986162e-02
2000	2000	318	1.47566372e-06	2.00100000e+01	1.00000000e+02	7.37463127e-10	7.69918677e-12	9.78238556e-04	2.22134387e-04	3.32940673e-05	1.67940461e-03	9.22077808e-05	-1.51077528e+00	-1.55354799e+00	-1.57234743e+00	-1.50991850e+00	-1.06028086e-02
2000	2000	319	1.47566372e-06	2.00100000e+01	1.00000000e+02	7.37463127e-10	7.69918620e-12	9.67590624e-04	2.19947074e-04	3.29328955e-05	1.66109408e-03	9.22069013e-05	-1.51552840e+00	-1.55784560e+00	-1.57708437e+00	-1.51467961e+00	-1.06069509e-02
2000	2000	320	1.47566372e-06	2.00100000e+01	1.00000000e+02	7.37463127e-10	7.69918563e-12	9.57059371e-04	2.17787532e-04	3.25760455e-05	1.64298366e-03	9.22060323e-05	-1.52028117e+00	-1.56213077e+00	-1.58181592e+00	-1.51944060e+00	-1.06110439e-02
2000	2000	321	1.47566372e-06	2.00100000e+01	1.00000000e+02	7.37463127e-10	7.69918506e-12	9.46643531e-04	2.15655463e-04	3.22234702e-05	1.62507117e-03	9.22051737e-05	-1.52503358e+00	-1.56640332e+00	-1.58654198e+00	-1.52420146e+00	-1.06150881e-02
2000	2000	322	1.47566372e-06	2.00100000e+01	1.00000000e+02	7.37463127e-10	7.69918451e-12	9.36341853e-04	2.13550574e-04	3.18751228e-05	1.60735445e-03	9.22043254e-05	-1.52978562e+00	-1.57066304e+00	-1.59126242e+00	-1.52896219e+00	-1.06190837e-02
2000	2000	323	1.47566372e-06	2.00100000e+01	1.00000000e+02	7.37463127e-10	7.69918396e-12	9.26153100e-04	2.11472574e-04	3.15309572e-05	1.58983139e-03	9.22034873e-05	-1.53453727e+00	-1.57490974e+00	-1.59597713e+00	-1.53372278e+00	-1.06230313e-02
2000	2000	324	1.47566372e-06	2.00100000e+01	1.00000000e+02	7.37463127e-10	7.69918342e-12	9.16076047e-04	2.09421175e-04	3.11909280e-05	1.57249988e-03	9.22026592e-05	-1.53928853e+00	-1.57914320e+00	-1.60068599e+00	-1.53848322e+00	-1.06269320e-02
2000	2000	325	1.47566372e-06	2.00100000e+01	1.00000000e+02	7.37463127e-10	7.69918288e-12	9.06109484e-04	2.07396093e-04	3.08549900e-05	1.55535784e-03	9.22018411e-05	-1.54403938e+00	-1.58336322e+00	-1.60538888e+00	-1.54324352e+00	-1.06307852e-02
2000	2000	326	1.47566372e-06	2.00100000e+01	1.00000000e+02	7.37463127e-10	7.69918235e-12	8.96252214e-04	2.05397045e-04	3.05230987e-05	1.53840323e-03	9.22010327e-05	-1.54878981e+00	-1.58756960e+00	-1.61008567e+00	-1.54800366e+00	-1.06345928e-02
2000	2000	327	1.47566372e-06	2.00100000e+01	1.00000000e+02	7.37463127e-10	7.69918183e-12	8.86503052e-04	2.03423755e-04	3.01952102e-05	1.52163399e-03	9.22002342e-05	-1.55353982e+00	-1.59176212e+00	-1.61477623e+00	-1.55276364e+00	-1.06383543e-02
2000	2000	328	1.47566372e-06	2.00100000e+01	1.00000000e+02	7.37463127e-10	7.69918131e-12	8.76860826e-04	2.01475946e-04	2.98712809e-05	1.50504813e-03	9.21994450e-05	-1.55828939e+00	-1.59594058e+00	-1.61946044e+00	-1.55752345e+00	-1.06420717e-02
2000	2000	329	1.47566372e-06	2.00100000e+01	1.00000000e+02	7.37463127e-10	7.69918079e-12	8.67324379e-04	1.99553347e-04	2.95512678e-05	1.48864365e-03	9.21986654e-05	-1.56303850e+00	-1.60010477e+00	-1.62413817e+00	-1.56228309e+00	-1.06457439e-02
2000	2000	330	1.47566372e-06	2.00100000e+01	1.00000000e+02	7.37463127e-10	7.69918029e-12	8.57892563e-04	1.97655689e-04	2.92351286e-05	1.47241858e-03	9.21978951e-05	-1.56778715e+00	-1.60425447e+00	-1.62880928e+00	-1.56704255e+00	-1.06493722e-02
2000	2000	331	1.47566372e-06	2.00100000e+01	1.00000000e+02	7.37463127e-10	7.69917979e-12	8.48564246e-04	1.95782704e-04	2.89228210e-05	1.45637098e-03	9.21971342e-05	-1.57253532e+00	-1.60838946e+00	-1.63347364e+00	-1.57180183e+00	-1.06529565e-02
2000	2000	332	1.47566372e-06	2.00100000e+01	1.00000000e+02	7.37463127e-10	7.69917929e-12	8.39338306e-04	1.93934131e-04	2.86143038e-05	1.44049892e-03	9.21963823e-05	-1.57728301e+00	-1.61250954e+00	-1.63813110e+00	-1.57656090e+00	-1.06564984e-02
2000	2000	333	1.47566372e-06	2.00100000e+01	1.00000000e+02	7.37463127e-10	7.69917880e-12	8.30213634e-04	1.92109707e-04	2.83095358e-05	1.42480050e-03	9.21956394e-05	-1.58203019e+00	-1.61661448e+00	-1.64278154e+00	-1.58131978e+00	-1.06599979e-02
2000	2000	334	1.47566372e-06	2.00100000e+01	1.00000000e+02	7.37463127e-10	7.69917832e-12	8.21189134e-04	1.90309175e-04	2.80084764e-05	1.40927383e-03	9.21949055e-05	-1.58677686e+00	-1.62070406e+00	-1.64742480e+00	-1.58607846e+00	-1.06634550e-02
2000	2000	335	1.47566372e-06	2.00100000e+01	1.00000000e+02	7.37463127e-10	7.69917784e-12	8.12263720e-04	1.88532280e-04	2.77110857e-05	1.39391705e-03	9.21941804e-05	-1.59152300e+00	-1.62477807e+00	-1.65206074e+00	-1.59083691e+00	-1.06668708e-02
2000	2000	336	1.47566372e-06	2.00100000e+01	1.00000000e+02	7.37463127e-10	7.69917737e-12	8.03436320e-04	1.86778769e-04	2.74173239e-05	1.37872831e-03	9.21934640e-05	-1.59626859e+00	-1.62883628e+00	-1.65668922e+00	-1.59559515e+00	-1.06702456e-02
2000	2000	337	1.47566372e-06	2.00100000e+01	1.00000000e+02	7.37463127e-10	7.69917690e-12	7.94705873e-04	1.85048393e-04	2.71271520e-05	1.36370579e-03	9.21927560e-05	-1.60101363e+00	-1.63287847e+00	-1.66131009e+00	-1.60035316e+00	-1.06735805e-02
2000	2000	338	1.47566372e-06	2.00100000e+01	1.00000000e+02	7.37463127e-10	7.69917644e-12	7.86071328e-04	1.83340905e-04	2.68405311e-05	1.34884769e-03	9.21920567e-05	-1.60575810e+00	-1.63690442e+00	-1.66592318e+00	-1.60511093e+00	-1.06768750e-02
2000	2000	339	1.47566372e-06	2.00100000e+01	1.00000000e+02	7.37463127e-10	7.69917598e-12	7.77531647e-04	1.81656060e-04	2.65574231e-05	1.33415223e-03	9.21913657e-05	-1.61050198e+00	-1.64091390e+00	-1.67052835e+00	-1.60986846e+00	-1.06801299e-02
2000	2000	340	1.47566372e-06	2.00100000e+01	1.00000000e+02	7.37463127e-10	7.69917553e-12	7.69085805e-04	1.79993616e-04	2.62777901e-05	1.31961763e-03	9.21906830e-05	-1.61524526e+00	-1.64490669e+00	-1.67512545e+00	-1.61462573e+00	-1.06833462e-02
2000	2000	341	1.47566372e-06	2.00100000e+01	1.00000000e+02	7.37463127e-10	7.69917508e-12	7.60732784e-04	1.78353333e-04	2.60015947e-05	1.30524217e-03	9.21900085e-05	-1.61998792e+00	-1.64888256e+00	-1.67971430e+00	-1.61938275e+00	-1.06865235e-02
2000	2000	342	1.47566372e-06	2.00100000e+01	1.00000000e+02	7.37463127e-10	7.69917464e-12	7.52471581e-04	1.76734974e-04	2.57288000e-05	1.29102410e-03	9.21893421e-05	-1.62472995e+00	-1.65284129e+00	-1.68429476e+00	-1.62413949e+00	-1.06896628e-02
2000	2000	343	1.47566372e-06	2.00100000e+01	1.00000000e+02	7.37463127e-10	7.69917421e-12	7.44301201e-04	1.75138305e-04	2.54593694e-05	1.27696172e-03	9.21886836e-05	-1.62947133e+00	-1.65678265e+00	-1.68886664e+00	-1.62889597e+00	-1.06927648e-02
2000	2000	344	1.47566372e-06	2.00100000e+01	1.00000000e+02	7.37463127e-10	7.69917378e-12	7.36220663e-04	1.73563093e-04	2.51932669e-05	1.26305334e-03	9.21880332e-05	-1.63421205e+00	-1.66070641e+00	-1.69342980e+00	-1.63365215e+00	-1.06958290e-02
2000	2000	345	1.47566372e-06	2.00100000e+01	1.00000000e+02	7.37463127e-10	7.69917335e-12	7.28228994e-04	1.72009109e-04	2.49304566e-05	1.24929730e-03	9.21873905e-05	-1.63895209e+00	-1.66461234e+00	-1.69798405e+00	-1.63840804e+00	-1.06988568e-02
2000	2000	346	1.47566372e-06	2.00100000e+01	1.00000000e+02	7.37463127e-10	7.69917293e-12	7.20325234e-04	1.70476124e-04	2.46709035e-05	1.23569194e-03	9.21867555e-05	-1.64369142e+00	-1.66850022e+00	-1.70252923e+00	-1.64316363e+00	-1.07018479e-02
2000	2000	347	1.47566372e-06	2.00100000e+01	1.00000000e+02	7.37463127e-10	7.69917251e-12	7.12508430e-04	1.68963914e-04	2.44145724e-05	1.22223562e-03	9.21861281e-05	-1.64843005e+00	-1.67236983e+00	-1.70706516e+00	-1.64791891e+00	-1.07048040e-02
2000	2000	348	1.47566372e-06	2.00100000e+01	1.00000000e+02	7.37463127e-10	7.69917210e-12	7.04777644e-04	1.67472254e-04	2.41614290e-05	1.20892674e-03	9.21855083e-05	-1.65316793e+00	-1.67622092e+00	-1.71159167e+00	-1.65267386e+00	-1.07077236e-02
2000	2000	349	1.47566372e-06	2.00100000e+01	1.00000000e+02	7.37463127e-10	7.69917170e-12	6.97131944e-04	1.66000925e-04	2.39114392e-05	1.19576368e-03	9.21848960e-05	-1.65790507e+00	-1.68005328e+00	-1.71610857e+00	-1.65742848e+00	-1.07106085e-02
2000	2000	350	1.47566372e-06	2.00100000e+01	1.00000000e+02	7.37463127e-10	7.69917129e-12	6.89570411e-04	1.64549707e-04	2.36645692e-05	1.18274487e-03	9.21842910e-05	-1.66264144e+00	-1.68386667e+00	-1.72061568e+00	-1.66218277e+00	-1.07134587e-02
2000	2000	351	1.47566372e-06	2.00100000e+01	1.00000000e+02	7.37463127e-10	7.69917090e-12	6.82092136e-04	1.63118384e-04	2.34207858e-05	1.16986876e-03	9.21836931e-05	-1.66737701e+00	-1.68766088e+00	-1.72511282e+00	-1.66693670e+00	-1.07162754e-02
2000	2000	352	1.47566372e-06	2.00100000e+01	1.00000000e+02	7.37463127e-10	7.69917050e-12	6.74696217e-04	1.61706741e-04	2.31800560e-05	1.15713377e-03	9.21831027e-05	-1.67211178e+00	-1.69143566e+00	-1.72959981e+00	-1.67169027e+00	-1.07190570e-02
2000	2000	353	1.47566372e-06	2.00100000e+01	1.00000000e+02	7.37463127e-10	7.69917011e-12	6.67381766e-04	1.60314566e-04	2.29423472e-05	1.14453840e-03	9.21825191e-05	-1.67684572e+00	-1.69519080e+00	-1.73407644e+00	-1.67644347e+00	-1.07218066e-02
2000	2000	354	1.47566372e-06	2.00100000e+01	1.00000000e+02	7.37463127e-10	7.69916973e-12	6.60147902e-04	1.58941647e-04	2.27076272e-05	1.13208112e-03	9.21819426e-05	-1.68157881e+00	-1.69892608e+00	-1.73854253e+00	-1.68119629e+00	-1.07245226e-02
2000	2000	355	1.47566372e-06	2.00100000e+01	1.00000000e+02	7.37463127e-10	7.69916935e-12	6.52993754e-04	1.57587778e-04	2.24758642e-05	1.11976045e-03	9.21813731e-05	-1.68631103e+00	-1.70264126e+00	-1.74299789e+00	-1.68594872e+00	-1.07272057e-02
2000	2000	356	1.47566372e-06	2.00100000e+01	1.00000000e+02	7.37463127e-10	7.69916898e-12	6.45918461e-04	1.56252749e-04	2.22470267e-05	1.10757488e-03	9.21808103e-05	-1.69104236e+00	-1.70633612e+00	-1.74744231e+00	-1.69070074e+00	-1.07298571e-02
2000	2000	357	1.47566372e-06	2.00100000e+01	1.00000000e+02	7.37463127e-10	7.69916860e-12	6.38921173e-04	1.54936359e-04	2.20210836e-05	1.09552298e-03	9.21802543e-05	-1.69577277e+00	-1.71001044e+00	-1.75187560e+00	-1.69545235e+00	-1.07324765e-02
2000	2000	358	1.47566372e-06	2.00100000e+01	1.00000000e+02	7.37463127e-10	7.69916824e-12	6.32001045e-04	1.53638402e-04	2.17980040e-05	1.08360327e-03	9.21797050e-05	-1.70050226e+00	-1.71366401e+00	-1.75629756e+00	-1.70020354e+00	-1.07350646e-02
2000	2000	359	1.47566372e-06	2.00100000e+01	1.00000000e+02	7.37463127e-10	7.69916788e-12	6.25157246e-04	1.52358679e-04	2.15777577e-05	1.07181434e-03	9.21791624e-05	-1.70523078e+00	-1.71729659e+00	-1.76070798e+00	-1.70495428e+00	-1.07376211e-02
2000	2000	360	1.47566372e-06	2.00100000e+01	1.00000000e+02	7.37463127e-10	7.69916752e-12	6.18388951e-04	1.51096991e-04	2.13603144e-05	1.06015476e-03	9.21786262e-05	-1.70995833e+00	-1.72090797e+00	-1.76510665e+00	-1.70970457e+00	-1.07401472e-02
2000	2000	361	1.47566372e-06	2.00100000e+01	1.00000000e+02	7.37463127e-10	7.69916716e-12	6.11695346e-04	1.49853140e-04	2.11456444e-05	1.04862314e-03	9.21780965e-05	-1.71468488e+00	-1.72449794e+00	-1.76949336e+00	-1.71445441e+00	-1.07426429e-02
2000	2000	362	1.47566372e-06	2.00100000e+01	1.00000000e+02	7.37463127e-10	7.69916681e-12	6.05075624e-04	1.48626930e-04	2.09337183e-05	1.03721808e-03	9.21775732e-05	-1.71941040e+00	-1.72806628e+00	-1.77386791e+00	-1.71920376e+00	-1.07451082e-02
2000	2000	363	1.47566372e-06	2.00100000e+01	1.00000000e+02	7.37463127e-10	7.69916647e-12	5.98528989e-04	1.47418168e-04	2.07245069e-05	1.02593822e-03	9.21770560e-05	-1.72413486e+00	-1.73161278e+00	-1.77823008e+00	-1.72395263e+00	-1.07475451e-02
2000	2000	364	1.47566372e-06	2.00100000e+01	1.00000000e+02	7.37463127e-10	7.69916612e-12	5.92054652e-04	1.46226662e-04	2.05179816e-05	1.01478220e-03	9.21765452e-05	-1.72885826e+00	-1.73513722e+00	-1.78257965e+00	-1.72870100e+00	-1.07499519e-02
2000	2000	365	1.47566372e-06	2.00100000e+01	1.00000000e+02	7.37463127e-10	7.69916579e-12	5.85651833e-04	1.45052222e-04	2.03141138e-05	1.00374867e-03	9.21760405e-05	-1.73358055e+00	-1.73863940e+00	-1.78691640e+00	-1.73344886e+00	-1.07523298e-02
2000	2000	366	1.47566372e-06	2.00100000e+01	1.00000000e+02	7.37463127e-10	7.69916545e-12	5.79319762e-04	1.43894658e-04	2.01128754e-05	9.92836320e-04	9.21755418e-05	-1.73830171e+00	-1.74211912e+00	-1.79124012e+00	-1.73819619e+00	-1.07546793e-02
2000	2000	367	1.47566372e-06	2.00100000e+01	1.00000000e+02	7.37463127e-10	7.69916512e-12	5.73057675e-04	1.42753783e-04	1.99142386e-05	9.82043827e-04	9.21750492e-05	-1.74302172e+00	-1.74557616e+00	-1.79555058e+00	-1.74294297e+00	-1.07570004e-02
2000	2000	368	1.47566372e-06	2.00100000e+01	1.00000000e+02	7.37463127e-10	7.69916479e-12	5.66864819e-04	1.41629413e-04	1.97181757e-05	9.71369895e-04	9.21745624e-05	-1.74774055e+00	-1.74901033e+00	-1.79984755e+00	-1.74768920e+00	-1.07592938e-02
2000	2000	369	1.47566372e-06	2.00100000e+01	1.00000000e+02	7.37463127e-10	7.69916447e-12	5.60740447e-04	1.40521363e-04	1.95246596e-05	9.60813240e-04	9.21740816e-05	-1.75245817e+00	-1.75242143e+00	-1.80413082e+00	-1.75243486e+00	-1.07615594e-02
2000	2000	370	1.47566372e-06	2.00100000e+01	1.00000000e+02	7.37463127e-10	7.69916415e-12	5.54683822e-04	1.39429450e-04	1.93336633e-05	9.50372593e-04	9.21736064e-05	-1.75717455e+00	-1.75580927e+00	-1.80840014e+00	-1.75717994e+00	-1.07637985e-02
2000	2000	371	1.47566372e-06	2.00100000e+01	1.00000000e+02	7.37463127e-10	7.69916384e-12	5.48694214e-04	1.38353495e-04	1.91451601e-05	9.40046698e-04	9.21731370e-05	-1.76188967e+00	-1.75917365e+00	-1.81265528e+00	-1.76192441e+00	-1.07660099e-02
2000	2000	372	1.47566372e-06	2.00100000e+01	1.00000000e+02	7.37463127e-10	7.69916353e-12	5.42770901e-04	1.37293317e-04	1.89591237e-05	9.29834313e-04	9.21726733e-05	-1.76660350e+00	-1.76251439e+00	-1.81689603e+00	-1.76666827e+00	-1.07681950e-02
2000	2000	373	1.47566372e-06	2.00100000e+01	1.00000000e+02	7.37463127e-10	7.69916322e-12	5.36913169e-04	1.36248738e-04	1.87755280e-05	9.19734209e-04	9.21722151e-05	-1.77131600e+00	-1.76583130e+00	-1.82112213e+00	-1.77141150e+00	-1.07703537e-02
2000	2000	374	1.47566372e-06	2.00100000e+01	1.00000000e+02	7.37463127e-10	7.69916291e-12	5.31120314e-04	1.35219583e-04	1.85943471e-05	9.09745172e-04	9.21717624e-05	-1.77602714e+00	-1.76912420e+00	-1.82533335e+00	-1.77615408e+00	-1.07724867e-02
2000	2000	375	1.47566372e-06	2.00100000e+01	1.00000000e+02	7.37463127e-10	7.69916261e-12	5.25391636e-04	1.34205676e-04	1.84155556e-05	8.99865999e-04	9.21713152e-05	-1.78073690e+00	-1.77239290e+00	-1.82952946e+00	-1.78089600e+00	-1.07745941e-02
2000	2000	376	1.47566372e-06	2.00100000e+01	1.00000000e+02	7.37463127e-10	7.69916231e-12	5.19726445e-04	1.33206843e-04	1.82391281e-05	8.90095502e-04	9.21708733e-05	-1.78544524e+00	-1.77563725e+00	-1.83371021e+00	-1.78563724e+00	-1.07766759e-02
2000	2000	377	1.47566372e-06	2.00100000e+01	1.00000000e+02	7.37463127e-10	7.69916202e-12	5.14124058e-04	1.32222914e-04	1.80650396e-05	8.80432506e-04	9.21704368e-05	-1.79015213e+00	-1.77885706e+00	-1.83787537e+00	-1.79037777e+00	-1.07787328e-02
2000	2000	378	1.47566372e-06	2.00100000e+01	1.00000000e+02	7.37463127e-10	7.69916173e-12	5.08583801e-04	1.31253715e-04	1.78932654e-05	8.70875847e-04	9.21700055e-05	-1.79485753e+00	-1.78205218e+00	-1.84202468e+00	-1.79511760e+00	-1.07807652e-02
2000	2000	379	1.47566372e-06	2.00100000e+01	1.00000000e+02	7.37463127e-10	7.69916144e-12	5.03105005e-04	1.30299079e-04	1.77237811e-05	8.61424376e-04	9.21695794e-05	-1.79956142e+00	-1.78522244e+00	-1.84615791e+00	-1.79985669e+00	-1.07827727e-02
2000	2000	380	1.47566372e-06	2.00100000e+01	1.00000000e+02	7.37463127e-10	7.69916116e-12	4.97687009e-04	1.29358837e-04	1.75565623e-05	8.52076954e-04	9.21691585e-05	-1.80426375e+00	-1.78836768e+00	-1.85027480e+00	-1.80459502e+00	-1.07847562e-02
2000	2000	381	1.47566372e-06	2.00100000e+01	1.00000000e+02	7.37463127e-10	7.69916087e-12	4.92329161e-04	1.28432823e-04	1.73915851e-05	8.42832458e-04	9.21687424e-05	-1.80896449e+00	-1.79148776e+00	-1.85437512e+00	-1.80933259e+00	-1.07867166e-02
2000	2000	382	1.47566372e-06	2.00100000e+01	1.00000000e+02	7.37463127e-10	7.69916060e-12	4.87030815e-04	1.27520870e-04	1.72288257e-05	8.33689774e-04	9.21683316e-05	-1.81366361e+00	-1.79458252e+00	-1.85845861e+00	-1.81406937e+00	-1.07886525e-02
2000	2000	383	1.47566372e-06	2.00100000e+01	1.00000000e+02	7.37463127e-10	7.69916032e-12	4.81791331e-04	1.26622815e-04	1.70682606e-05	8.24647802e-04	9.21679257e-05	-1.81836107e+00	-1.79765182e+00	-1.86252502e+00	-1.81880534e+00	-1.07905651e-02
2000	2000	384	1.47566372e-06	2.00100000e+01	1.00000000e+02	7.37463127e-10	7.69916005e-12	4.76610078e-04	1.25738494e-04	1.69098666e-05	8.15705453e-04	9.21675245e-05	-1.82305683e+00	-1.80069553e+00	-1.86657410e+00	-1.82354048e+00	-1.07924553e-02
2000	2000	385	1.47566372e-06	2.00100000e+01	1.00000000e+02	7.37463127e-10	7.69915978e-12	4.71486431e-04	1.24867746e-04	1.67536206e-05	8.06861652e-04	9.21671281e-05	-1.82775086e+00	-1.80371351e+00	-1.87060561e+00	-1.82827477e+00	-1.07943230e-02
2000	2000	386	1.47566372e-06	2.00100000e+01	1.00000000e+02	7.37463127e-10	7.69915952e-12	4.66419771e-04	1.24010411e-04	1.65994998e-05	7.98115332e-04	9.21667367e-05	-1.83244310e+00	-1.80670564e+00	-1.87461928e+00	-1.83300819e+00	-1.07961673e-02
2000	2000	387	1.47566372e-06	2.00100000e+01	1.00000000e+02	7.37463127e-10	7.69915925e-12	4.61409489e-04	1.23166329e-04	1.64474816e-05	7.89465442e-04	9.21663499e-05	-1.83713353e+00	-1.80967179e+00	-1.87861488e+00	-1.83774072e+00	-1.07979902e-02
2000	2000	388	1.47566372e-06	2.00100000e+01	1.00000000e+02	7.37463127e-10	7.69915900e-12	4.56454978e-04	1.22335342e-04	1.62975438e-05	7.80910940e-04	9.21659678e-05	-1.84182211e+00	-1.81261185e+00	-1.88259213e+00	-1.84247234e+00	-1.07997905e-02
2000	2000	389	1.47566372e-06	2.00100000e+01	1.00000000e+02	7.37463127e-10	7.69915874e-12	4.51555642e-04	1.21517293e-04	1.61496640e-05	7.72450795e-04	9.21655903e-05	-1.84650878e+00	-1.81552570e+00	-1.88655080e+00	-1.84720302e+00	-1.08015695e-02
2000	2000	390	1.47566372e-06	2.00100000e+01	1.00000000e+02	7.37463127e-10	7.69915849e-12	4.46710890e-04	1.20712027e-04	1.60038205e-05	7.64083989e-04	9.21652172e-05	-1.85119351e+00	-1.81841324e+00	-1.89049062e+00	-1.85193274e+00	-1.08033274e-02
2000	2000	391	1.47566372e-06	2.00100000e+01	1.00000000e+02	7.37463127e-10	7.69915823e-12	4.41920136e-04	1.19919389e-04	1.58599914e-05	7.55809514e-04	9.21648487e-05	-1.85587626e+00	-1.82127438e+00	-1.89441134e+00	-1.85666149e+00	-1.08050640e-02
2000	2000	392	1.47566372e-06	2.00100000e+01	1.00000000e+02	7.37463127e-10	7.69915799e-12	4.37182803e-04	1.19139226e-04	1.57181553e-05	7.47626374e-04	9.21644846e-05	-1.86055698e+00	-1.82410901e+00	-1.89831271e+00	-1.86138923e+00	-1.08067796e-02
2000	2000	393	1.47566372e-06	2.00100000e+01	1.00000000e+02	7.37463127e-10	7.69915774e-12	4.32498319e-04	1.18371385e-04	1.55782909e-05	7.39533583e-04	9.21641248e-05	-1.86523563e+00	-1.82691706e+00	-1.90219448e+00	-1.86611594e+00	-1.08084749e-02
2000	2000	394	1.47566372e-06	2.00100000e+01	1.00000000e+02	7.37463127e-10	7.69915750e-12	4.27866119e-04	1.17615716e-04	1.54403770e-05	7.31530167e-04	9.21637696e-05	-1.86991216e+00	-1.82969843e+00	-1.90605639e+00	-1.87084160e+00	-1.08101491e-02
2000	2000	395	1.47566372e-06	2.00100000e+01	1.00000000e+02	7.37463127e-10	7.69915726e-12	4.23285642e-04	1.16872069e-04	1.53043928e-05	7.23615160e-04	9.21634184e-05	-1.87458652e+00	-1.83245306e+00	-1.90989818e+00	-1.87556619e+00	-1.08118038e-02
2000	2000	396	1.47566372e-06	2.00100000e+01	1.00000000e+02	7.37463127e-10	7.69915703e-12	4.18756337e-04	1.16140294e-04	1.51703175e-05	7.15787611e-04	9.21630715e-05	-1.87925866e+00	-1.83518087e+00	-1.91371962e+00	-1.88028967e+00	-1.08134384e-02
2000	2000	397	1.47566372e-06	2.00100000e+01	1.00000000e+02	7.37463127e-10	7.69915679e-12	4.14277657e-04	1.15420244e-04	1.50381306e-05	7.08046575e-04	9.21627288e-05	-1.88392854e+00	-1.83788180e+00	-1.91752043e+00	-1.88501202e+00	-1.08150534e-02
2000	2000	398	1.47566372e-06	2.00100000e+01	1.00000000e+02	7.37463127e-10	7.69915656e-12	4.09849059e-04	1.14711773e-04	1.49078118e-05	7.00391120e-04	9.21623902e-05	-1.88859611e+00	-1.84055579e+00	-1.92130038e+00	-1.88973321e+00	-1.08166488e-02
2000	2000	399	1.47566372e-06	2.00100000e+01	1.00000000e+02	7.37463127e-10	7.69915633e-12	4.05470011e-04	1.14014735e-04	1.47793409e-05	6.92820324e-04	9.21620556e-05	-1.89326131e+00	-1.84320280e+00	-1.92505922e+00	-1.89445322e+00	-1.08182257e-02
2000	2000	400	1.47566372e-06	2.00100000e+01	1.00000000e+02	7.37463127e-10	7.69915611e-12	4.01139982e-04	1.13328986e-04	1.46526979e-05	6.85333274e-04	9.21617251e-05	-1.89792410e+00	-1.84582278e+00	-1.92879669e+00	-1.89917203e+00	-1.08197831e-02
2000	2000	401	1.47566372e-06	2.00100000e+01	1.00000000e+02	7.37463127e-10	7.69915588e-12	3.96858451e-04	1.12654382e-04	1.45278631e-05	6.77929068e-04	9.21613986e-05	-1.90258442e+00	-1.84841570e+00	-1.93251255e+00	-1.90388959e+00	-1.08213215e-02
2000	2000	402	1.47566372e-06	2.00100000e+01	1.00000000e+02	7.37463127e-10	7.69915566e-12	3.92624898e-04	1.11990781e-04	1.44048168e-05	6.70606813e-04	9.21610761e-05	-1.90724222e+00	-1.85098151e+00	-1.93620655e+00	-1.90860588e+00	-1.08228416e-02
2000	2000	403	1.47566372e-06	2.00100000e+01	1.00000000e+02	7.37463127e-10	7.69915544e-12	3.88438814e-04	1.11338042e-04	1.42835395e-05	6.63365628e-04	9.21607575e-05	-1.91189743e+00	-1.85352021e+00	-1.93987845e+00	-1.91332088e+00	-1.08243428e-02
2000	2000	404	1.47566372e-06	2.00100000e+01	1.00000000e+02	7.37463127e-10	7.69915523e-12	3.84299691e-04	1.10696025e-04	1.41640120e-05	6.56204640e-04	9.21604424e-05	-1.91655002e+00	-1.85603176e+00	-1.94352800e+00	-1.91803455e+00	-1.08258274e-02
2000	2000	405	1.47566372e-06	2.00100000e+01	1.00000000e+02	7.37463127e-10	7.69915502e-12	3.80207031e-04	1.10064591e-04	1.40462152e-05	6.49122984e-04	9.21601315e-05	-1.92119991e+00	-1.85851616e+00	-1.94715497e+00	-1.92274686e+00	-1.08272928e-02
2000	2000	406	1.47566372e-06	2.00100000e+01	1.00000000e+02	7.37463127e-10	7.69915481e-12	3.76160337e-04	1.09443602e-04	1.39301300e-05	6.42119808e-04	9.21598241e-05	-1.92584705e+00	-1.86097341e+00	-1.95075912e+00	-1.92745778e+00	-1.08287411e-02
2000	2000	407	1.47566372e-06	2.00100000e+01	1.00000000e+02	7.37463127e-10	7.69915460e-12	3.72159122e-04	1.08832921e-04	1.38157377e-05	6.35194267e-04	9.21595204e-05	-1.93049139e+00	-1.86340350e+00	-1.95434021e+00	-1.93216727e+00	-1.08301724e-02
2000	2000	408	1.47566372e-06	2.00100000e+01	1.00000000e+02	7.37463127e-10	7.69915439e-12	3.68202901e-04	1.08232412e-04	1.37030196e-05	6.28345526e-04	9.21592205e-05	-1.93513285e+00	-1.86580645e+00	-1.95789801e+00	-1.93687532e+00	-1.08315858e-02
2000	2000	409	1.47566372e-06	2.00100000e+01	1.00000000e+02	7.37463127e-10	7.69915419e-12	3.64291195e-04	1.07641940e-04	1.35919573e-05	6.21572760e-04	9.21589241e-05	-1.93977138e+00	-1.86818227e+00	-1.96143228e+00	-1.94158187e+00	-1.08329824e-02
2000	2000	410	1.47566372e-06	2.00100000e+01	1.00000000e+02	7.37463127e-10	7.69915399e-12	3.60423532e-04	1.07061372e-04	1.34825324e-05	6.14875151e-04	9.21586313e-05	-1.94440692e+00	-1.87053098e+00	-1.96494281e+00	-1.94628690e+00	-1.08343623e-02
2000	2000	411	1.47566372e-06	2.00100000e+01	1.00000000e+02	7.37463127e-10	7.69915379e-12	3.56599444e-04	1.06490575e-04	1.33747267e-05	6.08251892e-04	9.21583421e-05	-1.94903939e+00	-1.87285261e+00	-1.96842937e+00	-1.95099037e+00	-1.08357253e-02
2000	2000	412	1.47566372e-06	2.00100000e+01	1.00000000e+02	7.37463127e-10	7.69915359e-12	3.52818468e-04	1.05929418e-04	1.32685222e-05	6.01702184e-04	9.21580563e-05	-1.95366874e+00	-1.87514720e+00	-1.97189173e+00	-1.95569225e+00	-1.08370721e-02
2000	2000	413	1.47566372e-06	2.00100000e+01	1.00000000e+02	7.37463127e-10	7.69915340e-12	3.49080146e-04	1.05377769e-04	1.31639010e-05	5.95225237e-04	9.21577739e-05	-1.95829490e+00	-1.87741479e+00	-1.97532968e+00	-1.96039251e+00	-1.08384027e-02
2000	2000	414	1.47566372e-06	2.00100000e+01	1.00000000e+02	7.37463127e-10	7.69915321e-12	3.45384027e-04	1.04835500e-04	1.30608453e-05	5.88820270e-04	9.21574949e-05	-1.96291780e+00	-1.87965542e+00	-1.97874300e+00	-1.96509109e+00	-1.08397177e-02
2000	2000	415	1.47566372e-06	2.00100000e+01	1.00000000e+02	7.37463127e-10	7.69915302e-12	3.41729663e-04	1.04302482e-04	1.29593375e-05	5.82486510e-04	9.21572193e-05	-1.96753738e+00	-1.88186915e+00	-1.98213149e+00	-1.96978797e+00	-1.08410165e-02
2000	2000	416	1.47566372e-06	2.00100000e+01	1.00000000e+02	7.37463127e-10	7.69915283e-12	3.38116610e-04	1.03778587e-04	1.28593601e-05	5.76223193e-04	9.21569471e-05	-1.97215355e+00	-1.88405604e+00	-1.98549493e+00	-1.97448311e+00	-1.08422991e-02
2000	2000	417	1.47566372e-06	2.00100000e+01	1.00000000e+02	7.37463127e-10	7.69915264e-12	3.34544433e-04	1.03263689e-04	1.27608958e-05	5.70029563e-04	9.21566780e-05	-1.97676625e+00	-1.88621615e+00	-1.98883313e+00	-1.97917646e+00	-1.08435672e-02
2000	2000	418	1.47566372e-06	2.00100000e+01	1.00000000e+02	7.37463127e-10	7.69915246e-12	3.31012698e-04	1.02757663e-04	1.26639273e-05	5.63904873e-04	9.21564122e-05	-1.98137540e+00	-1.88834957e+00	-1.99214588e+00	-1.98386800e+00	-1.08448196e-02
2000	2000	419	1.47566372e-06	2.00100000e+01	1.00000000e+02	7.37463127e-10	7.69915228e-12	3.27520977e-04	1.02260384e-04	1.25684375e-05	5.57848384e-04	9.21561496e-05	-1.98598093e+00	-1.89045637e+00	-1.99543299e+00	-1.98855766e+00	-1.08460575e-02
2000	2000	420	1.47566372e-06	2.00100000e+01	1.00000000e+02	7.37463127e-10	7.69915210e-12	3.24068847e-04	1.01771730e-04	1.24744096e-05	5.51859364e-04	9.21558902e-05	-1.99058277e+00	-1.89253663e+00	-1.99869428e+00	-1.99324543e+00	-1.08472798e-02
2000	2000	421	1.47566372e-06	2.00100000e+01	1.00000000e+02	7.37463127e-10	7.69915192e-12	3.20655891e-04	1.01291578e-04	1.23818267e-05	5.45937091e-04	9.21556340e-05	-1.99518083e+00	-1.89459045e+00	-2.00192956e+00	-1.99793124e+00	-1.08484874e-02
2000	2000	422	1.47566372e-06	2.00100000e+01	1.00000000e+02	7.37463127e-10	7.69915175e-12	3.17281693e-04	1.00819807e-04	1.22906721e-05	5.40080850e-04	9.21553808e-05	-1.99977504e+00	-1.89661792e+00	-2.00513866e+00	-2.00261506e+00	-1.08496806e-02
2000	2000	423	1.47566372e-06	2.00100000e+01	1.00000000e+02	7.37463127e-10	7.69915157e-12	3.13945846e-04	1.00356297e-04	1.22009291e-05	5.34289934e-04	9.21551306e-05	-2.00436531e+00	-1.89861916e+00	-2.00832138e+00	-2.00729685e+00	-1.08508594e-02
2000	2000	424	1.47566372e-06	2.00100000e+01	1.00000000e+02	7.37463127e-10	7.69915140e-12	3.10647944e-04	9.99009294e-05	1.21125814e-05	5.28563643e-04	9.21548835e-05	-2.00895157e+00	-1.90059426e+00	-2.01147758e+00	-2.01197656e+00	-1.08520238e-02
2000	2000	425	1.47566372e-06	2.00100000e+01	1.00000000e+02	7.37463127e-10	7.69915123e-12	3.07387588e-04	9.94535857e-05	1.20256125e-05	5.22901287e-04	9.21546394e-05	-2.01353373e+00	-1.90254334e+00	-2.01460708e+00	-2.01665413e+00	-1.08531744e-02
2000	2000	426	1.47566372e-06	2.00100000e+01	1.00000000e+02	7.37463127e-10	7.69915107e-12	3.04164381e-04	9.90141492e-05	1.19400064e-05	5.17302181e-04	9.21543981e-05	-2.01811170e+00	-1.90446653e+00	-2.01770973e+00	-2.02132953e+00	-1.08543117e-02
2000	2000	427	1.47566372e-06	2.00100000e+01	1.00000000e+02	7.37463127e-10	7.69915090e-12	3.00977933e-04	9.85825043e-05	1.18557468e-05	5.11765650e-04	9.21541598e-05	-2.02268540e+00	-1.90636394e+00	-2.02078537e+00	-2.02600271e+00	-1.08554347e-02
2000	2000	428	1.47566372e-06	2.00100000e+01	1.00000000e+02	7.37463127e-10	7.69915074e-12	2.97827857e-04	9.81585361e-05	1.17728177e-05	5.06291024e-04	9.21539243e-05	-2.02725474e+00	-1.90823571e+00	-2.02383387e+00	-2.03067362e+00	-1.08565443e-02
2000	2000	429	1.47566372e-06	2.00100000e+01	1.00000000e+02	7.37463127e-10	7.69915058e-12	2.94713771e-04	9.77421310e-05	1.16912034e-05	5.00877642e-04	9.21536916e-05	-2.03181962e+00	-1.91008198e+00	-2.02685507e+00	-2.03534220e+00	-1.08576410e-02
2000	2000	430	1.47566372e-06	2.00100000e+01	1.00000000e+02	7.37463127e-10	7.69915042e-12	2.91635295e-04	9.73331765e-05	1.16108880e-05	4.95524850e-04	9.21534619e-05	-2.03637997e+00	-1.91190289e+00	-2.02984885e+00	-2.04000840e+00	-1.08587234e-02
2000	2000	431	1.47566372e-06	2.00100000e+01	1.00000000e+02	7.37463127e-10	7.69915026e-12	2.88592057e-04	9.69315609e-05	1.15318559e-05	4.90232001e-04	9.21532348e-05	-2.04093568e+00	-1.91369858e+00	-2.03281508e+00	-2.04467219e+00	-1.08597936e-02
2000	2000	432	1.47566372e-06	2.00100000e+01	1.00000000e+02	7.37463127e-10	7.69915010e-12	2.85583686e-04	9.65371739e-05	1.14540915e-05	4.84998456e-04	9.21530106e-05	-2.04548666e+00	-1.91546921e+00	-2.03575364e+00	-2.04933349e+00	-1.08608507e-02
2000	2000	433	1.47566372e-06	2.00100000e+01	1.00000000e+02	7.37463127e-10	7.69914995e-12	2.82609816e-04	9.61499061e-05	1.13775795e-05	4.79823582e-04	9.21527888e-05	-2.05003281e+00	-1.91721492e+00	-2.03866441e+00	-2.05399225e+00	-1.08618957e-02
2000	2000	434	1.47566372e-06	2.00100000e+01	1.00000000e+02	7.37463127e-10	7.69914980e-12	2.79670086e-04	9.57696492e-05	1.13023044e-05	4.74706754e-04	9.21525700e-05	-2.05457404e+00	-1.91893589e+00	-2.04154729e+00	-2.05864843e+00	-1.08629270e-02
2000	2000	435	1.47566372e-06	2.00100000e+01	1.00000000e+02	7.37463127e-10	7.69914965e-12	2.76764137e-04	9.53962960e-05	1.12282511e-05	4.69647353e-04	9.21523536e-05	-2.05911024e+00	-1.92063227e+00	-2.04440217e+00	-2.06330196e+00	-1.08639468e-02
2000	2000	436	1.47566372e-06	2.00100000e+01	1.00000000e+02	7.37463127e-10	7.69914950e-12	2.73891617e-04	9.50297404e-05	1.11554045e-05	4.64644767e-04	9.21521399e-05	-2.06364131e+00	-1.92230424e+00	-2.04722896e+00	-2.06795279e+00	-1.08649541e-02
2000	2000	437	1.47566372e-06	2.00100000e+01	1.00000000e+02	7.37463127e-10	7.69914935e-12	2.71052176e-04	9.46698773e-05	1.10837495e-05	4.59698392e-04	9.21519287e-05	-2.06816716e+00	-1.92395197e+00	-2.05002758e+00	-2.07260086e+00	-1.08659490e-02
2000	2000	438	1.47566372e-06	2.00100000e+01	1.00000000e+02	7.37463127e-10	7.69914920e-12	2.68245467e-04	9.43166027e-05	1.10132713e-05	4.54807628e-04	9.21517202e-05	-2.07268766e+00	-1.92557564e+00	-2.05279795e+00	-2.07724610e+00	-1.08669320e-02
2000	2000	439	1.47566372e-06	2.00100000e+01	1.00000000e+02	7.37463127e-10	7.69914906e-12	2.65471150e-04	9.39698138e-05	1.09439551e-05	4.49971886e-04	9.21515140e-05	-2.07720272e+00	-1.92717542e+00	-2.05553998e+00	-2.08188846e+00	-1.08679034e-02
2000	2000	440	1.47566372e-06	2.00100000e+01	1.00000000e+02	7.37463127e-10	7.69914892e-12	2.62728884e-04	9.36294087e-05	1.08757862e-05	4.45190578e-04	9.21513105e-05	-2.08171223e+00	-1.92875151e+00	-2.05825363e+00	-2.08652788e+00	-1.08688629e-02
2000	2000	441	1.47566372e-06	2.00100000e+01	1.00000000e+02	7.37463127e-10	7.69914878e-12	2.60018337e-04	9.32952868e-05	1.08087499e-05	4.40463128e-04	9.21511093e-05	-2.08621608e+00	-1.93030408e+00	-2.06093882e+00	-2.09116428e+00	-1.08698111e-02
2000	2000	442	1.47566372e-06	2.00100000e+01	1.00000000e+02	7.37463127e-10	7.69914864e-12	2.57339177e-04	9.29673484e-05	1.07428319e-05	4.35788963e-04	9.21509106e-05	-2.09071415e+00	-1.93183334e+00	-2.06359551e+00	-2.09579762e+00	-1.08707473e-02
2000	2000	443	1.47566372e-06	2.00100000e+01	1.00000000e+02	7.37463127e-10	7.69914850e-12	2.54691078e-04	9.26454949e-05	1.06780177e-05	4.31167517e-04	9.21507142e-05	-2.09520632e+00	-1.93333948e+00	-2.06622365e+00	-2.10042781e+00	-1.08716728e-02
2000	2000	444	1.47566372e-06	2.00100000e+01	1.00000000e+02	7.37463127e-10	7.69914836e-12	2.52073715e-04	9.23296291e-05	1.06142931e-05	4.26598230e-04	9.21505203e-05	-2.09969249e+00	-1.93482270e+00	-2.06882321e+00	-2.10505479e+00	-1.08725866e-02
2000	2000	445	1.47566372e-06	2.00100000e+01	1.00000000e+02	7.37463127e-10	7.69914823e-12	2.49486770e-04	9.20196543e-05	1.05516438e-05	4.22080550e-04	9.21503286e-05	-2.10417253e+00	-1.93628319e+00	-2.07139416e+00	-2.10967850e+00	-1.08734902e-02
2000	2000	446	1.47566372e-06	2.00100000e+01	1.00000000e+02	7.37463127e-10	7.69914810e-12	2.46929925e-04	9.17154755e-05	1.04900559e-05	4.17613930e-04	9.21501393e-05	-2.10864633e+00	-1.93772117e+00	-2.07393648e+00	-2.11429887e+00	-1.08743825e-02
2000	2000	447	1.47566372e-06	2.00100000e+01	1.00000000e+02	7.37463127e-10	7.69914797e-12	2.44402869e-04	9.14169983e-05	1.04295153e-05	4.13197827e-04	9.21499522e-05	-2.11311375e+00	-1.93913683e+00	-2.07645016e+00	-2.11891581e+00	-1.08752640e-02
2000	2000	448	1.47566372e-06	2.00100000e+01	1.00000000e+02	7.37463127e-10	7.69914784e-12	2.41905291e-04	9.11241298e-05	1.03700082e-05	4.08831709e-04	9.21497675e-05	-2.11757469e+00	-1.94053039e+00	-2.07893519e+00	-2.12352927e+00	-1.08761348e-02
2000	2000	449	1.47566372e-06	2.00100000e+01	1.00000000e+02	7.37463127e-10	7.69914771e-12	2.39436887e-04	9.08367778e-05	1.03115208e-05	4.04515044e-04	9.21495848e-05	-2.12202900e+00	-1.94190207e+00	-2.08139157e+00	-2.12813916e+00	-1.08769958e-02
2000	2000	450	1.47566372e-06	2.00100000e+01	1.00000000e+02	7.37463127e-10	7.69914758e-12	2.36997353e-04	9.05548514e-05	1.02540394e-05	4.00247311e-04	9.21494045e-05	-2.12647656e+00	-1.94325206e+00	-2.08381931e+00	-2.13274542e+00	-1.08778455e-02
2000	2000	451	1.47566372e-06	2.00100000e+01	1.00000000e+02	7.37463127e-10	7.69914746e-12	2.34586391e-04	9.02782609e-05	1.01975504e-05	3.96027991e-04	9.21492263e-05	-2.13091724e+00	-1.94458060e+00	-2.08621843e+00	-2.13734796e+00	-1.08786853e-02
2000	2000	452	1.47566372e-06	2.00100000e+01	1.00000000e+02	7.37463127e-10	7.69914733e-12	2.32203704e-04	9.00069173e-05	1.01420405e-05	3.91856574e-04	9.21490502e-05	-2.13535091e+00	-1.94588790e+00	-2.08858895e+00	-2.14194671e+00	-1.08795151e-02
2000	2000	453	1.47566372e-06	2.00100000e+01	1.00000000e+02	7.37463127e-10	7.69914721e-12	2.29849001e-04	8.97407331e-05	1.00874962e-05	3.87732553e-04	9.21488763e-05	-2.13977743e+00	-1.94717417e+00	-2.09093090e+00	-2.14654158e+00	-1.08803350e-02
2000	2000	454	1.47566372e-06	2.00100000e+01	1.00000000e+02	7.37463127e-10	7.69914709e-12	2.27521992e-04	8.94796215e-05	1.00339042e-05	3.83655429e-04	9.21487044e-05	-2.14419667e+00	-1.94843965e+00	-2.09324433e+00	-2.15113249e+00	-1.08811448e-02
2000	2000	455	1.47566372e-06	2.00100000e+01	1.00000000e+02	7.37463127e-10	7.69914697e-12	2.25222390e-04	8.92234972e-05	9.98125154e-06	3.79624706e-04	9.21485347e-05	-2.14860849e+00	-1.94968455e+00	-2.09552929e+00	-2.15571937e+00	-1.08819447e-02
2000	2000	456	1.47566372e-06	2.00100000e+01	1.00000000e+02	7.37463127e-10	7.69914685e-12	2.22949913e-04	8.89722755e-05	9.92952498e-06	3.75639895e-04	9.21483669e-05	-2.15301275e+00	-1.95090909e+00	-2.09778581e+00	-2.16030213e+00	-1.08827354e-02
2000	2000	457	1.47566372e-06	2.00100000e+01	1.00000000e+02	7.37463127e-10	7.69914674e-12	2.20704282e-04	8.87258732e-05	9.87871161e-06	3.71700512e-04	9.21482013e-05	-2.15740929e+00	-1.95211351e+00	-2.10001398e+00	-2.16488068e+00	-1.08835162e-02
2000	2000	458	1.47566372e-06	2.00100000e+01	1.00000000e+02	7.37463127e-10	7.69914662e-12	2.18485219e-04	8.84842078e-05	9.82879860e-06	3.67806080e-04	9.21480375e-05	-2.16179799e+00	-1.95329802e+00	-2.10221385e+00	-2.16945494e+00	-1.08842879e-02
2000	2000	459	1.47566372e-06	2.00100000e+01	1.00000000e+02	7.37463127e-10	7.69914651e-12	2.16292451e-04	8.82471981e-05	9.77977318e-06	3.63956125e-04	9.21478757e-05	-2.16617869e+00	-1.95446286e+00	-2.10438550e+00	-2.17402481e+00	-1.08850505e-02
2000	2000	460	1.47566372e-06	2.00100000e+01	1.00000000e+02	7.37463127e-10	7.69914639e-12	2.14125707e-04	8.80147640e-05	9.73162270e-06	3.60150180e-04	9.21477160e-05	-2.17055124e+00	-1.95560826e+00	-2.10652902e+00	-2.17859021e+00	-1.08858034e-02
2000	2000	461	1.47566372e-06	2.00100000e+01	1.00000000e+02	7.37463127e-10	7.69914628e-12	2.11984719e-04	8.77868262e-05	9.68433462e-06	3.56387781e-04	9.21475581e-05	-2.17491550e+00	-1.95673444e+00	-2.10864450e+00	-2.18315104e+00	-1.08865473e-02
2000	2000	462	1.47566372e-06	2.00100000e+01	1.00000000e+02	7.37463127e-10	7.69914617e-12	2.09869224e-04	8.75633068e-05	9.63789651e-06	3.52668472e-04	9.21474021e-05	-2.17927130e+00	-1.95784163e+00	-2.11073203e+00	-2.18770721e+00	-1.08872825e-02
2000	2000	463	1.47566372e-06	2.00100000e+01	1.00000000e+02	7.37463127e-10	7.69914606e-12	2.07778958e-04	8.73441285e-05	9.59229602e-06	3.48991800e-04	9.21472480e-05	-2.18361849e+00	-1.95893007e+00	-2.11279171e+00	-2.19225862e+00	-1.08880090e-02
2000	2000	464	1.47566372e-06	2.00100000e+01	1.00000000e+02	7.37463127e-10	7.69914595e-12	2.05713663e-04	8.71292154e-05	9.54752092e-06	3.45357319e-04	9.21470958e-05	-2.18795692e+00	-1.95999998e+00	-2.11482367e+00	-2.19680518e+00	-1.08887263e-02
2000	2000	465	1.47566372e-06	2.00100000e+01	1.00000000e+02	7.37463127e-10	7.69914585e-12	2.03673082e-04	8.69184927e-05	9.50355908e-06	3.41764585e-04	9.21469454e-05	-2.19228642e+00	-1.96105160e+00	-2.11682801e+00	-2.20134679e+00	-1.08894350e-02
2000	2000	466	1.47566372e-06	2.00100000e+01	1.00000000e+02	7.37463127e-10	7.69914574e-12	2.01656963e-04	8.67118862e-05	9.46039848e-06	3.38213161e-04	9.21467969e-05	-2.19660683e+00	-1.96208515e+00	-2.11880486e+00	-2.20588334e+00	-1.08901352e-02
2000	2000	467	1.47566372e-06	2.00100000e+01	1.00000000e+02	7.37463127e-10	7.69914564e-12	1.99665055e-04	8.65093232e-05	9.41802721e-06	3.34702615e-04	9.21466500e-05	-2.20091799e+00	-1.96310087e+00	-2.12075435e+00	-2.21041474e+00	-1.08908275e-02
2000	2000	468	1.47566372e-06	2.00100000e+01	1.00000000e+02	7.37463127e-10	7.69914554e-12	1.97697110e-04	8.63107317e-05	9.37643345e-06	3.31232520e-04	9.21465050e-05	-2.20521973e+00	-1.96409899e+00	-2.12267661e+00	-2.21494087e+00	-1.08915107e-02
2000	2000	469	1.47566372e-06	2.00100000e+01	1.00000000e+02	7.37463127e-10	7.69914543e-12	1.95752883e-04	8.61160409e-05	9.33560550e-06	3.27802452e-04	9.21463617e-05	-2.20951189e+00	-1.96507973e+00	-2.12457180e+00	-2.21946165e+00	-1.08921863e-02
2000	2000	470	1.47566372e-06	2.00100000e+01	1.00000000e+02	7.37463127e-10	7.69914533e-12	1.93832131e-04	8.59251810e-05	9.29553176e-06	3.24411993e-04	9.21462202e-05	-2.21379428e+00	-1.96604333e+00	-2.12644005e+00	-2.22397694e+00	-1.08928532e-02
2000	2000	471	1.47566372e-06	2.00100000e+01	1.00000000e+02	7.37463127e-10	7.69914523e-12	1.91934614e-04	8.57380830e-05	9.25620074e-06	3.21060729e-04	9.21460802e-05	-2.21806675e+00	-1.96699002e+00	-2.12828152e+00	-2.22848665e+00	-1.08935127e-02
2000	2000	472	1.47566372e-06	2.00100000e+01	1.00000000e+02	7.37463127e-10	7.69914514e-12	1.90060095e-04	8.55546792e-05	9.21760105e-06	3.17748253e-04	9.21459421e-05	-2.22232911e+00	-1.96792002e+00	-2.13009638e+00	-2.23299067e+00	-1.08941636e-02
2000	2000	473	1.47566372e-06	2.00100000e+01	1.00000000e+02	7.37463127e-10	7.69914504e-12	1.88208340e-04	8.53749027e-05	9.17972143e-06	3.14474158e-04	9.21458056e-05	-2.22658119e+00	-1.96883357e+00	-2.13188478e+00	-2.23748888e+00	-1.08948070e-02
2000	2000	474	1.47566372e-06	2.00100000e+01	1.00000000e+02	7.37463127e-10	7.69914494e-12	1.86379116e-04	8.51986876e-05	9.14255071e-06	3.11238046e-04	9.21456706e-05	-2.23082281e+00	-1.96973088e+00	-2.13364691e+00	-2.24198116e+00	-1.08954433e-02
2000	2000	475	1.47566372e-06	2.00100000e+01	1.00000000e+02	7.37463127e-10	7.69914485e-12	1.84572193e-04	8.50259690e-05	9.10607782e-06	3.08039522e-04	9.21455375e-05	-2.23505378e+00	-1.97061220e+00	-2.13538293e+00	-2.24646740e+00	-1.08960708e-02
2000	2000	476	1.47566372e-06	2.00100000e+01	1.00000000e+02	7.37463127e-10	7.69914475e-12	1.82787344e-04	8.48566831e-05	9.07029182e-06	3.04878193e-04	9.21454059e-05	-2.23927393e+00	-1.97147774e+00	-2.13709303e+00	-2.25094748e+00	-1.08966912e-02
2000	2000	477	1.47566372e-06	2.00100000e+01	1.00000000e+02	7.37463127e-10	7.69914466e-12	1.81024344e-04	8.46907668e-05	9.03518188e-06	3.01753673e-04	9.21452758e-05	-2.24348307e+00	-1.97232772e+00	-2.13877739e+00	-2.25542128e+00	-1.08973044e-02
2000	2000	478	1.47566372e-06	2.00100000e+01	1.00000000e+02	7.37463127e-10	7.69914457e-12	1.79282971e-04	8.45281581e-05	9.00073725e-06	2.98665580e-04	9.21451473e-05	-2.24768101e+00	-1.97316238e+00	-2.14043620e+00	-2.25988867e+00	-1.08979096e-02
2000	2000	479	1.47566372e-06	2.00100000e+01	1.00000000e+02	7.37463127e-10	7.69914448e-12	1.77563005e-04	8.43687961e-05	8.96694733e-06	2.95613536e-04	9.21450204e-05	-2.25186757e+00	-1.97398194e+00	-2.14206967e+00	-2.26434953e+00	-1.08985081e-02
2000	2000	480	1.47566372e-06	2.00100000e+01	1.00000000e+02	7.37463127e-10	7.69914439e-12	1.75864228e-04	8.42126205e-05	8.93380160e-06	2.92597166e-04	9.21448949e-05	-2.25604254e+00	-1.97478661e+00	-2.14367798e+00	-2.26880373e+00	-1.08990994e-02
2000	2000	481	1.47566372e-06	2.00100000e+01	1.00000000e+02	7.37463127e-10	7.69914430e-12	1.74186424e-04	8.40595723e-05	8.90128967e-06	2.89616102e-04	9.21447711e-05	-2.26020575e+00	-1.97557661e+00	-2.14526135e+00	-2.27325114e+00	-1.08996829e-02
2000	2000	482	1.47566372e-06	2.00100000e+01	1.00000000e+02	7.37463127e-10	7.69914421e-12	1.72529381e-04	8.39095932e-05	8.86940125e-06	2.86669977e-04	9.21446487e-05	-2.26435699e+00	-1.97635217e+00	-2.14681998e+00	-2.27769163e+00	-1.09002598e-02
2000	2000	483	1.47566372e-06	2.00100000e+01	1.00000000e+02	7.37463127e-10	7.69914413e-12	1.70892886e-04	8.37626257e-05	8.83812616e-06	2.83758429e-04	9.21445277e-05	-2.26849607e+00	-1.97711350e+00	-2.14835409e+00	-2.28212507e+00	-1.09008300e-02
2000	2000	484	1.47566372e-06	2.00100000e+01	1.00000000e+02	7.37463127e-10	7.69914404e-12	1.69276733e-04	8.36186136e-05	8.80745434e-06	2.80881101e-04	9.21444082e-05	-2.27262279e+00	-1.97786082e+00	-2.14986389e+00	-2.28655132e+00	-1.09013931e-02
2000	2000	485	1.47566372e-06	2.00100000e+01	1.00000000e+02	7.37463127e-10	7.69914396e-12	1.67680713e-04	8.34775012e-05	8.77737583e-06	2.78037639e-04	9.21442902e-05	-2.27673694e+00	-1.97859435e+00	-2.15134959e+00	-2.29097025e+00	-1.09019494e-02
2000	2000	486	1.47566372e-06	2.00100000e+01	1.00000000e+02	7.37463127e-10	7.69914387e-12	1.66104622e-04	8.33392340e-05	8.74788080e-06	2.75227693e-04	9.21441736e-05	-2.28083834e+00	-1.97931428e+00	-2.15281143e+00	-2.29538171e+00	-1.09024993e-02
2000	2000	487	1.47566372e-06	2.00100000e+01	1.00000000e+02	7.37463127e-10	7.69914379e-12	1.64548259e-04	8.32037581e-05	8.71895952e-06	2.72450918e-04	9.21440584e-05	-2.28492676e+00	-1.98002084e+00	-2.15424963e+00	-2.29978557e+00	-1.09030422e-02
2000	2000	488	1.47566372e-06	2.00100000e+01	1.00000000e+02	7.37463127e-10	7.69914371e-12	1.63011422e-04	8.30710207e-05	8.69060236e-06	2.69706971e-04	9.21439445e-05	-2.28900202e+00	-1.98071424e+00	-2.15566441e+00	-2.30418167e+00	-1.09035787e-02
2000	2000	489	1.47566372e-06	2.00100000e+01	1.00000000e+02	7.37463127e-10	7.69914363e-12	1.61493914e-04	8.29409698e-05	8.66279983e-06	2.66995514e-04	9.21438321e-05	-2.29306389e+00	-1.98139468e+00	-2.15705601e+00	-2.30856988e+00	-1.09041088e-02
2000	2000	490	1.47566372e-06	2.00100000e+01	1.00000000e+02	7.37463127e-10	7.69914355e-12	1.59995539e-04	8.28135542e-05	8.63554253e-06	2.64316213e-04	9.21437210e-05	-2.29711218e+00	-1.98206236e+00	-2.15842466e+00	-2.31295004e+00	-1.09046324e-02
2000	2000	491	1.47566372e-06	2.00100000e+01	1.00000000e+02	7.37463127e-10	7.69914347e-12	1.58516102e-04	8.26887236e-05	8.60882118e-06	2.61668735e-04	9.21436112e-05	-2.30114667e+00	-1.98271750e+00	-2.15977060e+00	-2.31732201e+00	-1.09051499e-02
2000	2000	492	1.47566372e-06	2.00100000e+01	1.00000000e+02	7.37463127e-10	7.69914339e-12	1.57055411e-04	8.25664284e-05	8.58262662e-06	2.59052755e-04	9.21435028e-05	-2.30516715e+00	-1.98336029e+00	-2.16109407e+00	-2.32168563e+00	-1.09056608e-02
2000	2000	493	1.47566372e-06	2.00100000e+01	1.00000000e+02	7.37463127e-10	7.69914331e-12	1.55613276e-04	8.24466202e-05	8.55694977e-06	2.56467948e-04	9.21433956e-05	-2.30917341e+00	-1.98399093e+00	-2.16239530e+00	-2.32604075e+00	-1.09061658e-02
2000	2000	494	1.47566372e-06	2.00100000e+01	1.00000000e+02	7.37463127e-10	7.69914324e-12	1.54189508e-04	8.23292509e-05	8.53178171e-06	2.53913994e-04	9.21432898e-05	-2.31316523e+00	-1.98460962e+00	-2.16367455e+00	-2.33038721e+00	-1.09066647e-02
2000	2000	495	1.47566372e-06	2.00100000e+01	1.00000000e+02	7.37463127e-10	7.69914316e-12	1.52783921e-04	8.22142736e-05	8.50711360e-06	2.51390577e-04	9.21431852e-05	-2.31714240e+00	-1.98521656e+00	-2.16493205e+00	-2.33472485e+00	-1.09071577e-02
2000	2000	496	1.47566372e-06	2.00100000e+01	1.00000000e+02	7.37463127e-10	7.69914309e-12	1.51396331e-04	8.21016421e-05	8.48293671e-06	2.48897383e-04	9.21430819e-05	-2.32110470e+00	-1.98581194e+00	-2.16616806e+00	-2.33905351e+00	-1.09076447e-02
2000	2000	497	1.47566372e-06	2.00100000e+01	1.00000000e+02	7.37463127e-10	7.69914301e-12	1.50026554e-04	8.19913108e-05	8.45924243e-06	2.46434102e-04	9.21429798e-05	-2.32505192e+00	-1.98639596e+00	-2.16738281e+00	-2.34337304e+00	-1.09081257e-02
2000	2000	498	1.47566372e-06	2.00100000e+01	1.00000000e+02	7.37463127e-10	7.69914294e-12	1.48674409e-04	8.18832352e-05	8.43602228e-06	2.44000428e-04	9.21428789e-05	-2.32898383e+00	-1.98696879e+00	-2.16857657e+00	-2.34768325e+00	-1.09086011e-02
2000	2000	499	1.47566372e-06	2.00100000e+01	1.00000000e+02	7.37463127e-10	7.69914287e-12	1.47339717e-04	8.17773714e-05	8.41326785e-06	2.41596058e-04	9.21427794e-05	-2.33290022e+00	-1.98753064e+00	-2.16974957e+00	-2.35198400e+00	-1.09090701e-02
2000	2000	500	1.47566372e-06	2.00100000e+01	1.00000000e+02	7.37463127e-10	7.69914280e-12	1.46022301e-04	8.16736762e-05	8.39097089e-06	2.39220693e-04	9.21426809e-05	-2.33680086e+00	-1.98808168e+00	-2.17090207e+00	-2.35627510e+00	-1.09095345e-02
ZONE T="step_4000_phys_4000", I=501, SOLUTIONTIME=4.00100000e+01, F=POINT
4000	4000	0	2.95058997e-06	4.00100000e+01	1.00000000e+02	7.37463127e-10	7.65996467e-12	3.60166868e-02	8.30779998e-03	7.89424062e-04	6.18220224e-02	1.47285621e-04	0.00000000e+00	0.00000000e+00	0.00000000e+00	0.00000000e+00	0.00000000e+00
4000	4000	1	2.95058997e-06	4.00100000e+01	1.00000000e+02	7.37463127e-10	7.65994210e-12	3.56279477e-02	8.21074781e-03	7.80435005e-04	6.11557561e-02	1.47662206e-04	-4.71295384e-03	-5.10331865e-03	-4.97361869e-03	-4.70586835e-03	1.10899954e-03
4000	4000	2	2.95058997e-06	4.00100000e+01	1.00000000e+02	7.37463127e-10	7.65991978e-12	3.52434309e-02	8.11512770e-03	7.71548537e-04	6.04966750e-02	1.47889557e-04	-9.42557983e-03	-1.01906734e-02	-9.94710725e-03	-9.41170308e-03	1.77715630e-03
4000	4000	3	2.95058997e-06	4.00100000e+01	1.00000000e+02	7.37463127e-10	7.65989773e-12	3.48630660e-02	8.02069588e-03	7.62763575e-04	5.98446885e-02	1.48051627e-04	-1.41381818e-02	-1.52739824e-02	-1.49204140e-02	-1.41175980e-02	2.25283347e-03
4000	4000	4	2.95058997e-06	4.00100000e+01	1.00000000e+02	7.37463127e-10	7.65987593e-12	3.44868038e-02	7.92739857e-03	7.54078742e-04	5.91997182e-02	1.48178248e-04	-1.88508131e-02	-2.03553377e-02	-1.98936616e-02	-1.88235694e-02	2.62410318e-03
4000	4000	5	2.95058997e-06	4.00100000e+01	1.00000000e+02	7.37463127e-10	7.65985438e-12	3.41146343e-02	7.83519294e-03	7.45494388e-04	5.85617520e-02	1.48282358e-04	-2.35630401e-02	-2.54363364e-02	-2.48659811e-02	-2.35291472e-02	2.92913130e-03
4000	4000	6	2.95058997e-06	4.00100000e+01	1.00000000e+02	7.37463127e-10	7.65983309e-12	3.37464866e-02	7.74407127e-03	7.37008436e-04	5.79306677e-02	1.48370661e-04	-2.82751949e-02	-3.05166909e-02	-2.98379008e-02	-2.82346746e-02	3.18768034e-03
4000	4000	7	2.95058997e-06	4.00100000e+01	1.00000000e+02	7.37463127e-10	7.65981205e-12	3.33822563e-02	7.65404448e-03	7.28616605e-04	5.73062809e-02	1.48447132e-04	-3.29880721e-02	-3.55950501e-02	-3.48112954e-02	-3.29409841e-02	3.41146026e-03
4000	4000	8	2.95058997e-06	4.00100000e+01	1.00000000e+02	7.37463127e-10	7.65979125e-12	3.30219523e-02	7.56507558e-03	7.20320615e-04	5.66886123e-02	1.48514354e-04	-3.77010145e-02	-4.06727604e-02	-3.97845153e-02	-3.76473828e-02	3.60807776e-03
4000	4000	9	2.95058997e-06	4.00100000e+01	1.00000000e+02	7.37463127e-10	7.65977069e-12	3.26655318e-02	7.47715082e-03	7.12119364e-04	5.60775892e-02	1.48574115e-04	-4.24140263e-02	-4.57498910e-02	-4.47575641e-02	-4.23538736e-02	3.78280214e-03
4000	4000	10	2.95058997e-06	4.00100000e+01	1.00000000e+02	7.37463127e-10	7.65975037e-12	3.23129531e-02	7.39025706e-03	7.04011763e-04	5.54731401e-02	1.48627717e-04	-4.71271097e-02	-5.08264871e-02	-4.97304438e-02	-4.70604580e-02	3.93945542e-03
4000	4000	11	2.95058997e-06	4.00100000e+01	1.00000000e+02	7.37463127e-10	7.65973029e-12	3.19641745e-02	7.30438159e-03	6.95996737e-04	5.48751944e-02	1.48676135e-04	-5.18402663e-02	-5.59025788e-02	-5.47031563e-02	-5.17671369e-02	4.08091113e-03
4000	4000	12	2.95058997e-06	4.00100000e+01	1.00000000e+02	7.37463127e-10	7.65971044e-12	3.16191552e-02	7.21951205e-03	6.88073221e-04	5.42836820e-02	1.48720125e-04	-5.65534974e-02	-6.09781862e-02	-5.96757037e-02	-5.64739111e-02	4.20939103e-03
4000	4000	13	2.95058997e-06	4.00100000e+01	1.00000000e+02	7.37463127e-10	7.65969082e-12	3.12778546e-02	7.13563634e-03	6.80240166e-04	5.36985337e-02	1.48760287e-04	-6.12668039e-02	-6.60533230e-02	-6.46480877e-02	-6.11807814e-02	4.32665487e-03
4000	4000	14	2.95058997e-06	4.00100000e+01	1.00000000e+02	7.37463127e-10	7.65967143e-12	3.09402325e-02	7.05274260e-03	6.72496532e-04	5.31196812e-02	1.48797102e-04	-6.59801867e-02	-7.11279980e-02	-6.96203104e-02	-6.58877484e-02	4.43412191e-03
4000	4000	15	2.95058997e-06	4.00100000e+01	1.00000000e+02	7.37463127e-10	7.65965227e-12	3.06062414e-02	6.97081914e-03	6.64841294e-04	5.25470428e-02	1.48830968e-04	-7.06937599e-02	-7.62022167e-02	-7.45923736e-02	-7.05949281e-02	4.53295620e-03
4000	4000	16	2.95058997e-06	4.00100000e+01	1.00000000e+02	7.37463127e-10	7.65963333e-12	3.02758115e-02	6.88985449e-03	6.57273436e-04	5.19804980e-02	1.48862215e-04	-7.54079676e-02	-8.12759822e-02	-7.95642789e-02	-7.53027724e-02	4.62412596e-03
4000	4000	17	2.95058997e-06	4.00100000e+01	1.00000000e+02	7.37463127e-10	7.65961461e-12	2.99489434e-02	6.80983733e-03	6.49791806e-04	5.14200497e-02	1.48891120e-04	-8.01222549e-02	-8.63492944e-02	-8.45361292e-02	-8.00107162e-02	4.70844580e-03
4000	4000	18	2.95058997e-06	4.00100000e+01	1.00000000e+02	7.37463127e-10	7.65959611e-12	2.96255987e-02	6.73075652e-03	6.42395273e-04	5.08656323e-02	1.48917919e-04	-8.48366234e-02	-9.14221513e-02	-8.95080229e-02	-8.47187613e-02	4.78660821e-03
4000	4000	19	2.95058997e-06	4.00100000e+01	1.00000000e+02	7.37463127e-10	7.65957782e-12	2.93057398e-02	6.65260100e-03	6.35083159e-04	5.03171812e-02	1.48942816e-04	-8.95510706e-02	-9.64945552e-02	-9.44797635e-02	-8.94269050e-02	4.85920900e-03
4000	4000	20	2.95058997e-06	4.00100000e+01	1.00000000e+02	7.37463127e-10	7.65955975e-12	2.89893290e-02	6.57535988e-03	6.27854494e-04	4.97746324e-02	1.48965985e-04	-9.42655968e-02	-1.01566504e-01	-9.94513525e-02	-9.41351476e-02	4.92676275e-03
4000	4000	21	2.95058997e-06	4.00100000e+01	1.00000000e+02	7.37463127e-10	7.65954189e-12	2.86763292e-02	6.49902243e-03	6.20708323e-04	4.92379224e-02	1.48987581e-04	-9.89802021e-02	-1.06637996e-01	-1.04422791e-01	-9.88434892e-02	4.98971688e-03
4000	4000	22	2.95058997e-06	4.00100000e+01	1.00000000e+02	7.37463127e-10	7.65952423e-12	2.83667037e-02	6.42357804e-03	6.13643699e-04	4.87069885e-02	1.49007736e-04	-1.03694887e-01	-1.11709027e-01	-1.09394080e-01	-1.03551930e-01	5.04846620e-03
4000	4000	23	2.95058997e-06	4.00100000e+01	1.00000000e+02	7.37463127e-10	7.65950678e-12	2.80604162e-02	6.34901623e-03	6.06659686e-04	4.81817687e-02	1.49026571e-04	-1.08409651e-01	-1.16779595e-01	-1.14365223e-01	-1.08260470e-01	5.10335703e-03
4000	4000	24	2.95058997e-06	4.00100000e+01	1.00000000e+02	7.37463127e-10	7.65948954e-12	2.77574307e-02	6.27532664e-03	5.99755361e-04	4.76622015e-02	1.49044190e-04	-1.13124495e-01	-1.21849696e-01	-1.19336221e-01	-1.12969110e-01	5.15469849e-03
4000	4000	25	2.95058997e-06	4.00100000e+01	1.00000000e+02	7.37463127e-10	7.65947249e-12	2.74577117e-02	6.20249908e-03	5.92929806e-04	4.71482261e-02	1.49060686e-04	-1.17839419e-01	-1.26919324e-01	-1.24307077e-01	-1.17677851e-01	5.20276543e-03
4000	4000	26	2.95058997e-06	4.00100000e+01	1.00000000e+02	7.37463127e-10	7.65945564e-12	2.71612239e-02	6.13052342e-03	5.86182120e-04	4.66397826e-02	1.49076146e-04	-1.22554424e-01	-1.31988476e-01	-1.29277792e-01	-1.22386691e-01	5.24780386e-03
4000	4000	27	2.95058997e-06	4.00100000e+01	1.00000000e+02	7.37463127e-10	7.65943899e-12	2.68679330e-02	6.05938967e-03	5.79511413e-04	4.61368122e-02	1.49090642e-04	-1.27269502e-01	-1.37057150e-01	-1.34248366e-01	-1.27095624e-01	5.29003493e-03
4000	4000	28	2.95058997e-06	4.00100000e+01	1.00000000e+02	7.37463127e-10	7.65942253e-12	2.65778057e-02	5.98908797e-03	5.72916803e-04	4.56392579e-02	1.49104246e-04	-1.31984637e-01	-1.42125340e-01	-1.39218800e-01	-1.31804634e-01	5.32965953e-03
4000	4000	29	2.95058997e-06	4.00100000e+01	1.00000000e+02	7.37463127e-10	7.65940627e-12	2.62908064e-02	5.91960857e-03	5.66397416e-04	4.51470589e-02	1.49117018e-04	-1.36699853e-01	-1.47193042e-01	-1.44189096e-01	-1.36513745e-01	5.36685786e-03
4000	4000	30	2.95058997e-06	4.00100000e+01	1.00000000e+02	7.37463127e-10	7.65939019e-12	2.60069014e-02	5.85094182e-03	5.59952391e-04	4.46601578e-02	1.49129014e-04	-1.41415149e-01	-1.52260252e-01	-1.49159256e-01	-1.41222955e-01	5.40179481e-03
4000	4000	31	2.95058997e-06	4.00100000e+01	1.00000000e+02	7.37463127e-10	7.65937430e-12	2.57260574e-02	5.78307822e-03	5.53580877e-04	4.41784976e-02	1.49140286e-04	-1.46130525e-01	-1.57326965e-01	-1.54129280e-01	-1.45932266e-01	5.43462122e-03
4000	4000	32	2.95058997e-06	4.00100000e+01	1.00000000e+02	7.37463127e-10	7.65935860e-12	2.54482415e-02	5.71600835e-03	5.47282032e-04	4.37020220e-02	1.49150882e-04	-1.50845981e-01	-1.62393177e-01	-1.59099170e-01	-1.50641678e-01	5.46547328e-03
4000	4000	33	2.95058997e-06	4.00100000e+01	1.00000000e+02	7.37463127e-10	7.65934308e-12	2.51734211e-02	5.64972291e-03	5.41055022e-04	4.32306753e-02	1.49160843e-04	-1.55561518e-01	-1.67458884e-01	-1.64068927e-01	-1.55351189e-01	5.49447762e-03
4000	4000	34	2.95058997e-06	4.00100000e+01	1.00000000e+02	7.37463127e-10	7.65932774e-12	2.49015639e-02	5.58421271e-03	5.34899027e-04	4.27644024e-02	1.49170210e-04	-1.60277136e-01	-1.72524079e-01	-1.69038552e-01	-1.60060801e-01	5.52174880e-03
4000	4000	35	2.95058997e-06	4.00100000e+01	1.00000000e+02	7.37463127e-10	7.65931257e-12	2.46326381e-02	5.51946867e-03	5.28813231e-04	4.23031488e-02	1.49179019e-04	-1.64992833e-01	-1.77588760e-01	-1.74008047e-01	-1.64770513e-01	5.54739426e-03
4000	4000	36	2.95058997e-06	4.00100000e+01	1.00000000e+02	7.37463127e-10	7.65929759e-12	2.43666120e-02	5.45548180e-03	5.22796833e-04	4.18468607e-02	1.49187303e-04	-1.69708611e-01	-1.82652920e-01	-1.78977412e-01	-1.69480326e-01	5.57151168e-03
4000	4000	37	2.95058997e-06	4.00100000e+01	1.00000000e+02	7.37463127e-10	7.65928278e-12	2.41034545e-02	5.39224325e-03	5.16849037e-04	4.13954845e-02	1.49195094e-04	-1.74424469e-01	-1.87716557e-01	-1.83946648e-01	-1.74190238e-01	5.59419093e-03
4000	4000	38	2.95058997e-06	4.00100000e+01	1.00000000e+02	7.37463127e-10	7.65926814e-12	2.38431347e-02	5.32974423e-03	5.10969058e-04	4.09489676e-02	1.49202421e-04	-1.79140408e-01	-1.92779664e-01	-1.88915758e-01	-1.78900251e-01	5.61551751e-03
4000	4000	39	2.95058997e-06	4.00100000e+01	1.00000000e+02	7.37463127e-10	7.65925367e-12	2.35856220e-02	5.26797609e-03	5.05156109e-04	4.05072578e-02	1.49209310e-04	-1.83856426e-01	-1.97842237e-01	-1.93884750e-01	-1.83610364e-01	5.63556935e-03
4000	4000	40	2.95058997e-06	4.00100000e+01	1.00000000e+02	7.37463127e-10	7.65923937e-12	2.33308862e-02	5.20693025e-03	4.99409434e-04	4.00703034e-02	1.49215786e-04	-1.88572525e-01	-2.02904272e-01	-1.98853618e-01	-1.88320577e-01	5.65441836e-03
4000	4000	41	2.95058997e-06	4.00100000e+01	1.00000000e+02	7.37463127e-10	7.65922523e-12	2.30788974e-02	5.14659826e-03	4.93728274e-04	3.96380534e-02	1.49221872e-04	-1.93288703e-01	-2.07965763e-01	-2.03822361e-01	-1.93030890e-01	5.67213208e-03
4000	4000	42	2.95058997e-06	4.00100000e+01	1.00000000e+02	7.37463127e-10	7.65921126e-12	2.28296261e-02	5.08697175e-03	4.88111881e-04	3.92104571e-02	1.49227590e-04	-1.98004961e-01	-2.13026706e-01	-2.08790981e-01	-1.97741303e-01	5.68877311e-03
4000	4000	43	2.95058997e-06	4.00100000e+01	1.00000000e+02	7.37463127e-10	7.65919746e-12	2.25830429e-02	5.02804245e-03	4.82559514e-04	3.87874646e-02	1.49232960e-04	-2.02721299e-01	-2.18087097e-01	-2.13759478e-01	-2.02451816e-01	5.70440153e-03
4000	4000	44	2.95058997e-06	4.00100000e+01	1.00000000e+02	7.37463127e-10	7.65918381e-12	2.23391190e-02	4.96980218e-03	4.77070439e-04	3.83690264e-02	1.49238001e-04	-2.07437717e-01	-2.23146930e-01	-2.18727853e-01	-2.07162429e-01	5.71907136e-03
4000	4000	45	2.95058997e-06	4.00100000e+01	1.00000000e+02	7.37463127e-10	7.65917032e-12	2.20978257e-02	4.91224287e-03	4.71643934e-04	3.79550936e-02	1.49242730e-04	-2.12154215e-01	-2.28206201e-01	-2.23696107e-01	-2.11873142e-01	5.73283363e-03
4000	4000	46	2.95058997e-06	4.00100000e+01	1.00000000e+02	7.37463127e-10	7.65915699e-12	2.18591348e-02	4.85535655e-03	4.66279282e-04	3.75456178e-02	1.49247164e-04	-2.16870792e-01	-2.33264905e-01	-2.28664240e-01	-2.16583954e-01	5.74573741e-03
4000	4000	47	2.95058997e-06	4.00100000e+01	1.00000000e+02	7.37463127e-10	7.65914381e-12	2.16230226e-02	4.79913531e-03	4.60975777e-04	3.71405589e-02	1.49251319e-04	-2.21587358e-01	-2.38323037e-01	-2.33632255e-01	-2.21294773e-01	5.75782693e-03
4000	4000	48	2.95058997e-06	4.00100000e+01	1.00000000e+02	7.37463127e-10	7.65913079e-12	2.13894569e-02	4.74357137e-03	4.55732718e-04	3.67398617e-02	1.49255209e-04	-2.26304002e-01	-2.43380593e-01	-2.38600151e-01	-2.26005691e-01	5.76914557e-03
4000	4000	49	2.95058997e-06	4.00100000e+01	1.00000000e+02	7.37463127e-10	7.65911792e-12	2.11584103e-02	4.68865701e-03	4.50549416e-04	3.63434791e-02	1.49258848e-04	-2.31020726e-01	-2.48437568e-01	-2.43567929e-01	-2.30716709e-01	5.77973293e-03
4000	4000	50	2.95058997e-06	4.00100000e+01	1.00000000e+02	7.37463127e-10	7.65910520e-12	2.09298555e-02	4.63438462e-03	4.45425186e-04	3.59513647e-02	1.49262248e-04	-2.35737530e-01	-2.53493957e-01	-2.48535589e-01	-2.35427827e-01	5.78962691e-03
4000	4000	51	2.95058997e-06	4.00100000e+01	1.00000000e+02	7.37463127e-10	7.65909263e-12	2.07037658e-02	4.58074668e-03	4.40359354e-04	3.55634727e-02	1.49265422e-04	-2.40454414e-01	-2.58549756e-01	-2.53503133e-01	-2.40139046e-01	5.79886217e-03
4000	4000	52	2.95058997e-06	4.00100000e+01	1.00000000e+02	7.37463127e-10	7.65908020e-12	2.04801146e-02	4.52773574e-03	4.35351309e-04	3.51797578e-02	1.49268381e-04	-2.45171378e-01	-2.63604960e-01	-2.58470504e-01	-2.44850364e-01	5.80747224e-03
4000	4000	53	2.95058997e-06	4.00100000e+01	1.00000000e+02	7.37463127e-10	7.65906792e-12	2.02588756e-02	4.47534446e-03	4.30400321e-04	3.48001749e-02	1.49271137e-04	-2.49888421e-01	-2.68659564e-01	-2.63437773e-01	-2.49561782e-01	5.81548895e-03
4000	4000	54	2.95058997e-06	4.00100000e+01	1.00000000e+02	7.37463127e-10	7.65905578e-12	2.00400230e-02	4.42356557e-03	4.25505579e-04	3.44246797e-02	1.49273698e-04	-2.54605545e-01	-2.73713563e-01	-2.68405101e-01	-2.54273300e-01	5.82294128e-03
4000	4000	55	2.95058997e-06	4.00100000e+01	1.00000000e+02	7.37463127e-10	7.65904378e-12	1.98235312e-02	4.37239172e-03	4.20666622e-04	3.40532289e-02	1.49276076e-04	-2.59322741e-01	-2.78766969e-01	-2.73372305e-01	-2.58984911e-01	5.82985874e-03
4000	4000	56	2.95058997e-06	4.00100000e+01	1.00000000e+02	7.37463127e-10	7.65903192e-12	1.96093750e-02	4.32181577e-03	4.15882816e-04	3.36857791e-02	1.49278278e-04	-2.64040008e-01	-2.83819782e-01	-2.78339384e-01	-2.63696612e-01	5.83626671e-03
4000	4000	57	2.95058997e-06	4.00100000e+01	1.00000000e+02	7.37463127e-10	7.65902020e-12	1.93975288e-02	4.27183092e-03	4.11153518e-04	3.33222866e-02	1.49280315e-04	-2.68757354e-01	-2.88871977e-01	-2.83306349e-01	-2.68408413e-01	5.84219062e-03
4000	4000	58	2.95058997e-06	4.00100000e+01	1.00000000e+02	7.37463127e-10	7.65900862e-12	1.91879677e-02	4.22243025e-03	4.06478106e-04	3.29627089e-02	1.49282193e-04	-2.73474780e-01	-2.93923547e-01	-2.88273201e-01	-2.73120314e-01	5.84765435e-03
4000	4000	59	2.95058997e-06	4.00100000e+01	1.00000000e+02	7.37463127e-10	7.65899717e-12	1.89806672e-02	4.17360691e-03	4.01855965e-04	3.26070038e-02	1.49283920e-04	-2.78192285e-01	-2.98974489e-01	-2.93239940e-01	-2.77832314e-01	5.85267977e-03
4000	4000	60	2.95058997e-06	4.00100000e+01	1.00000000e+02	7.37463127e-10	7.65898585e-12	1.87756028e-02	4.12535412e-03	3.97286486e-04	3.22551299e-02	1.49285505e-04	-2.82909870e-01	-3.04024798e-01	-2.98206567e-01	-2.82544414e-01	5.85728966e-03
4000	4000	61	2.95058997e-06	4.00100000e+01	1.00000000e+02	7.37463127e-10	7.65897467e-12	1.85727506e-02	4.07766519e-03	3.92769067e-04	3.19070458e-02	1.49286953e-04	-2.87627533e-01	-3.09074468e-01	-3.03173082e-01	-2.87256613e-01	5.86150347e-03
4000	4000	62	2.95058997e-06	4.00100000e+01	1.00000000e+02	7.37463127e-10	7.65896361e-12	1.83720868e-02	4.03053340e-03	3.88303124e-04	3.15627112e-02	1.49288272e-04	-2.92345271e-01	-3.14123507e-01	-3.08139475e-01	-2.91968907e-01	5.86534014e-03
4000	4000	63	2.95058997e-06	4.00100000e+01	1.00000000e+02	7.37463127e-10	7.65895269e-12	1.81735879e-02	3.98395225e-03	3.83888066e-04	3.12220858e-02	1.49289468e-04	-2.97063084e-01	-3.19171907e-01	-3.13105748e-01	-2.96681295e-01	5.86881870e-03
4000	4000	64	2.95058997e-06	4.00100000e+01	1.00000000e+02	7.37463127e-10	7.65894189e-12	1.79772303e-02	3.93791536e-03	3.79523306e-04	3.08851294e-02	1.49290546e-04	-3.01780977e-01	-3.24219655e-01	-3.18071909e-01	-3.01393784e-01	5.87195592e-03
4000	4000	65	2.95058997e-06	4.00100000e+01	1.00000000e+02	7.37463127e-10	7.65893121e-12	1.77829911e-02	3.89241634e-03	3.75208269e-04	3.05518024e-02	1.49291513e-04	-3.06498948e-01	-3.29266745e-01	-3.23037958e-01	-3.06106372e-01	5.87476835e-03
4000	4000	66	2.95058997e-06	4.00100000e+01	1.00000000e+02	7.37463127e-10	7.65892066e-12	1.75908474e-02	3.84744889e-03	3.70942388e-04	3.02220660e-02	1.49292374e-04	-3.11216999e-01	-3.34313173e-01	-3.28003896e-01	-3.10819058e-01	5.87727264e-03
4000	4000	67	2.95058997e-06	4.00100000e+01	1.00000000e+02	7.37463127e-10	7.65891024e-12	1.74007768e-02	3.80300675e-03	3.66725110e-04	2.98958818e-02	1.49293134e-04	-3.15935124e-01	-3.39358936e-01	-3.32969712e-01	-3.15531841e-01	5.87948278e-03
4000	4000	68	2.95058997e-06	4.00100000e+01	1.00000000e+02	7.37463127e-10	7.65889993e-12	1.72127580e-02	3.75908360e-03	3.62555952e-04	2.95732135e-02	1.49293797e-04	-3.20653297e-01	-3.44404048e-01	-3.37935321e-01	-3.20244690e-01	5.88141259e-03
4000	4000	69	2.95058997e-06	4.00100000e+01	1.00000000e+02	7.37463127e-10	7.65888975e-12	1.70267677e-02	3.71567353e-03	3.58434261e-04	2.92540212e-02	1.49294369e-04	-3.25371548e-01	-3.49448483e-01	-3.42900845e-01	-3.24957637e-01	5.88307671e-03
4000	4000	70	2.95058997e-06	4.00100000e+01	1.00000000e+02	7.37463127e-10	7.65887968e-12	1.68427841e-02	3.67277053e-03	3.54359468e-04	2.89382674e-02	1.49294854e-04	-3.30089877e-01	-3.54492237e-01	-3.47866318e-01	-3.29670683e-01	5.88448773e-03
4000	4000	71	2.95058997e-06	4.00100000e+01	1.00000000e+02	7.37463127e-10	7.65886973e-12	1.66607856e-02	3.63036865e-03	3.50331089e-04	2.86259152e-02	1.49295256e-04	-3.34808284e-01	-3.59535304e-01	-3.52831681e-01	-3.34383828e-01	5.88565706e-03
4000	4000	72	2.95058997e-06	4.00100000e+01	1.00000000e+02	7.37463127e-10	7.65885990e-12	1.64807507e-02	3.58846201e-03	3.46348593e-04	2.83169280e-02	1.49295580e-04	-3.39526770e-01	-3.64577679e-01	-3.57796932e-01	-3.39097072e-01	5.88659768e-03
4000	4000	73	2.95058997e-06	4.00100000e+01	1.00000000e+02	7.37463127e-10	7.65885018e-12	1.63026583e-02	3.54704480e-03	3.42411456e-04	2.80112697e-02	1.49295828e-04	-3.44245333e-01	-3.69619358e-01	-3.62762073e-01	-3.43810413e-01	5.88732025e-03
4000	4000	74	2.95058997e-06	4.00100000e+01	1.00000000e+02	7.37463127e-10	7.65884057e-12	1.61264875e-02	3.50611129e-03	3.38519162e-04	2.77089045e-02	1.49296005e-04	-3.48963975e-01	-3.74660335e-01	-3.67727103e-01	-3.48523853e-01	5.88783514e-03
4000	4000	75	2.95058997e-06	4.00100000e+01	1.00000000e+02	7.37463127e-10	7.65883108e-12	1.59522176e-02	3.46565580e-03	3.34671199e-04	2.74097969e-02	1.49296114e-04	-3.53682694e-01	-3.79700605e-01	-3.72692021e-01	-3.53237391e-01	5.88815305e-03
4000	4000	76	2.95058997e-06	4.00100000e+01	1.00000000e+02	7.37463127e-10	7.65882169e-12	1.57798282e-02	3.42567271e-03	3.30867061e-04	2.71139120e-02	1.49296159e-04	-3.58401490e-01	-3.84740164e-01	-3.77656826e-01	-3.57951026e-01	5.88828370e-03
4000	4000	77	2.95058997e-06	4.00100000e+01	1.00000000e+02	7.37463127e-10	7.65881242e-12	1.56092990e-02	3.38615648e-03	3.27106291e-04	2.68212154e-02	1.49296143e-04	-3.63120359e-01	-3.89779008e-01	-3.82621462e-01	-3.62664755e-01	5.88823610e-03
4000	4000	78	2.95058997e-06	4.00100000e+01	1.00000000e+02	7.37463127e-10	7.65880325e-12	1.54406119e-02	3.34710061e-03	3.23388537e-04	2.65316760e-02	1.49296068e-04	-3.67839251e-01	-3.94817265e-01	-3.87585737e-01	-3.67378524e-01	5.88801825e-03
4000	4000	79	2.95058997e-06	4.00100000e+01	1.00000000e+02	7.37463127e-10	7.65879419e-12	1.52737453e-02	3.30850059e-03	3.19713140e-04	2.62452566e-02	1.49295938e-04	-3.72558216e-01	-3.99854816e-01	-3.92549874e-01	-3.72092386e-01	5.88764040e-03
4000	4000	80	2.95058997e-06	4.00100000e+01	1.00000000e+02	7.37463127e-10	7.65878523e-12	1.51086786e-02	3.27035139e-03	3.16079577e-04	2.59619222e-02	1.49295755e-04	-3.77277277e-01	-4.04891613e-01	-3.97513924e-01	-3.76806365e-01	5.88710900e-03
4000	4000	81	2.95058997e-06	4.00100000e+01	1.00000000e+02	7.37463127e-10	7.65877638e-12	1.49453930e-02	3.23264769e-03	3.12487377e-04	2.56816404e-02	1.49295523e-04	-3.81996421e-01	-4.09927656e-01	-4.02477881e-01	-3.81520448e-01	5.88643206e-03
4000	4000	82	2.95058997e-06	4.00100000e+01	1.00000000e+02	7.37463127e-10	7.65876763e-12	1.47838686e-02	3.19538456e-03	3.08936033e-04	2.54043774e-02	1.49295243e-04	-3.86715665e-01	-4.14962900e-01	-4.07441794e-01	-3.86234652e-01	5.88561727e-03
4000	4000	83	2.95058997e-06	4.00100000e+01	1.00000000e+02	7.37463127e-10	7.65875899e-12	1.46240867e-02	3.15855680e-03	3.05425079e-04	2.51301009e-02	1.49294918e-04	-3.91435006e-01	-4.19997341e-01	-4.12405664e-01	-3.90948977e-01	5.88467223e-03
4000	4000	84	2.95058997e-06	4.00100000e+01	1.00000000e+02	7.37463127e-10	7.65875044e-12	1.44660292e-02	3.12215888e-03	3.01954100e-04	2.48587802e-02	1.49294550e-04	-3.96154421e-01	-4.25031033e-01	-4.17369428e-01	-3.95663394e-01	5.88360225e-03
4000	4000	85	2.95058997e-06	4.00100000e+01	1.00000000e+02	7.37463127e-10	7.65874199e-12	1.43096775e-02	3.08618577e-03	2.98522647e-04	2.45903834e-02	1.49294142e-04	-4.00873913e-01	-4.30063967e-01	-4.22333076e-01	-4.00377909e-01	5.88241554e-03
4000	4000	86	2.95058997e-06	4.00100000e+01	1.00000000e+02	7.37463127e-10	7.65873364e-12	1.41550132e-02	3.05063251e-03	2.95130267e-04	2.43248790e-02	1.49293696e-04	-4.05593480e-01	-4.35096138e-01	-4.27296608e-01	-4.05092520e-01	5.88111709e-03
4000	4000	87	2.95058997e-06	4.00100000e+01	1.00000000e+02	7.37463127e-10	7.65872539e-12	1.40020181e-02	3.01549416e-03	2.91776518e-04	2.40622359e-02	1.49293213e-04	-4.10313124e-01	-4.40127540e-01	-4.32260023e-01	-4.09807228e-01	5.87971296e-03
4000	4000	88	2.95058997e-06	4.00100000e+01	1.00000000e+02	7.37463127e-10	7.65871724e-12	1.38506743e-02	2.98076586e-03	2.88460957e-04	2.38024234e-02	1.49292696e-04	-4.15032844e-01	-4.45158169e-01	-4.37223320e-01	-4.14522033e-01	5.87820947e-03
4000	4000	89	2.95058997e-06	4.00100000e+01	1.00000000e+02	7.37463127e-10	7.65870918e-12	1.37009638e-02	2.94644280e-03	2.85183150e-04	2.35454109e-02	1.49292147e-04	-4.19752640e-01	-4.50188018e-01	-4.42186499e-01	-4.19236934e-01	5.87661110e-03
4000	4000	90	2.95058997e-06	4.00100000e+01	1.00000000e+02	7.37463127e-10	7.65870121e-12	1.35528693e-02	2.91252022e-03	2.81942666e-04	2.32911685e-02	1.49291566e-04	-4.24472511e-01	-4.55217082e-01	-4.47149558e-01	-4.23951931e-01	5.87492331e-03
4000	4000	91	2.95058997e-06	4.00100000e+01	1.00000000e+02	7.37463127e-10	7.65869333e-12	1.34063731e-02	2.87899344e-03	2.78739080e-04	2.30396662e-02	1.49290957e-04	-4.29192458e-01	-4.60245356e-01	-4.52112497e-01	-4.28667025e-01	5.87315132e-03
4000	4000	92	2.95058997e-06	4.00100000e+01	1.00000000e+02	7.37463127e-10	7.65868555e-12	1.32614582e-02	2.84585781e-03	2.75571973e-04	2.27908747e-02	1.49290321e-04	-4.33912480e-01	-4.65272835e-01	-4.57075315e-01	-4.33382215e-01	5.87129971e-03
4000	4000	93	2.95058997e-06	4.00100000e+01	1.00000000e+02	7.37463127e-10	7.65867786e-12	1.31181074e-02	2.81310874e-03	2.72440927e-04	2.25447648e-02	1.49289659e-04	-4.38632578e-01	-4.70299511e-01	-4.62038011e-01	-4.38097500e-01	5.86937373e-03
4000	4000	94	2.95058997e-06	4.00100000e+01	1.00000000e+02	7.37463127e-10	7.65867026e-12	1.29763039e-02	2.78074171e-03	2.69345532e-04	2.23013076e-02	1.49288972e-04	-4.43352751e-01	-4.75325381e-01	-4.67000584e-01	-4.42812881e-01	5.86737636e-03
4000	4000	95	2.95058997e-06	4.00100000e+01	1.00000000e+02	7.37463127e-10	7.65866274e-12	1.28360311e-02	2.74875223e-03	2.66285382e-04	2.20604745e-02	1.49288263e-04	-4.48072999e-01	-4.80350438e-01	-4.71963033e-01	-4.47528358e-01	5.86531302e-03
4000	4000	96	2.95058997e-06	4.00100000e+01	1.00000000e+02	7.37463127e-10	7.65865532e-12	1.26972724e-02	2.71713587e-03	2.63260076e-04	2.18222375e-02	1.49287532e-04	-4.52793322e-01	-4.85374676e-01	-4.76925357e-01	-4.52243931e-01	5.86318684e-03
4000	4000	97	2.95058997e-06	4.00100000e+01	1.00000000e+02	7.37463127e-10	7.65864797e-12	1.25600116e-02	2.68588826e-03	2.60269217e-04	2.15865685e-02	1.49286781e-04	-4.57513719e-01	-4.90398090e-01	-4.81887555e-01	-4.56959599e-01	5.86100203e-03
4000	4000	98	2.95058997e-06	4.00100000e+01	1.00000000e+02	7.37463127e-10	7.65864072e-12	1.24242325e-02	2.65500509e-03	2.57312411e-04	2.13534399e-02	1.49286011e-04	-4.62234191e-01	-4.95420674e-01	-4.86849625e-01	-4.61675362e-01	5.85876238e-03
4000	4000	99	2.95058997e-06	4.00100000e+01	1.00000000e+02	7.37463127e-10	7.65863355e-12	1.22899183e-02	2.62448210e-03	2.54389257e-04	2.11228231e-02	1.49285223e-04	-4.66954764e-01	-5.00442416e-01	-4.91811593e-01	-4.66391247e-01	5.85647055e-03
4000	4000	100	2.95058997e-06	4.00100000e+01	1.00000000e+02	7.37463127e-10	7.65862646e-12	1.21570541e-02	2.59431505e-03	2.51499385e-04	2.08946924e-02	1.49284419e-04	-4.71675411e-01	-5.05463316e-01	-4.96773432e-01	-4.71107227e-01	5.85413066e-03
4000	4000	101	2.95058997e-06	4.00100000e+01	1.00000000e+02	7.37463127e-10	7.65861946e-12	1.20256242e-02	2.56449977e-03	2.48642418e-04	2.06690210e-02	1.49283599e-04	-4.76396131e-01	-5.10483368e-01	-5.01735139e-01	-4.75823301e-01	5.85174626e-03
4000	4000	102	2.95058997e-06	4.00100000e+01	1.00000000e+02	7.37463127e-10	7.65861253e-12	1.18956132e-02	2.53503212e-03	2.45817980e-04	2.04457826e-02	1.49282765e-04	-4.81116926e-01	-5.15502566e-01	-5.06696714e-01	-4.80539471e-01	5.84931975e-03
4000	4000	103	2.95058997e-06	4.00100000e+01	1.00000000e+02	7.37463127e-10	7.65860569e-12	1.17670057e-02	2.50590803e-03	2.43025701e-04	2.02249508e-02	1.49281918e-04	-4.85837795e-01	-5.20520904e-01	-5.11658154e-01	-4.85255735e-01	5.84685450e-03
4000	4000	104	2.95058997e-06	4.00100000e+01	1.00000000e+02	7.37463127e-10	7.65859893e-12	1.16397867e-02	2.47712348e-03	2.40265215e-04	2.00064998e-02	1.49281058e-04	-4.90558737e-01	-5.25538376e-01	-5.16619460e-01	-4.89972094e-01	5.84435330e-03
4000	4000	105	2.95058997e-06	4.00100000e+01	1.00000000e+02	7.37463127e-10	7.65859224e-12	1.15139412e-02	2.44867449e-03	2.37536160e-04	1.97904041e-02	1.49280187e-04	-4.95279753e-01	-5.30554975e-01	-5.21580628e-01	-4.94688546e-01	5.84181803e-03
4000	4000	106	2.95058997e-06	4.00100000e+01	1.00000000e+02	7.37463127e-10	7.65858563e-12	1.13894543e-02	2.42055713e-03	2.34838178e-04	1.95766382e-02	1.49279305e-04	-5.00000842e-01	-5.35570695e-01	-5.26541657e-01	-4.99405094e-01	5.83925232e-03
4000	4000	107	2.95058997e-06	4.00100000e+01	1.00000000e+02	7.37463127e-10	7.65857910e-12	1.12662514e-02	2.39276750e-03	2.32170915e-04	1.93650723e-02	1.49278413e-04	-5.04724321e-01	-5.40585530e-01	-5.31502547e-01	-5.04124087e-01	5.83665838e-03
4000	4000	108	2.95058997e-06	4.00100000e+01	1.00000000e+02	7.37463127e-10	7.65857265e-12	1.11443669e-02	2.36530177e-03	2.29534021e-04	1.91557668e-02	1.49277512e-04	-5.09448359e-01	-5.45599474e-01	-5.36463294e-01	-5.08843668e-01	5.83403800e-03
4000	4000	109	2.95058997e-06	4.00100000e+01	1.00000000e+02	7.37463127e-10	7.65856627e-12	1.10237993e-02	2.33815615e-03	2.26927151e-04	1.89487199e-02	1.49276604e-04	-5.14172461e-01	-5.50612521e-01	-5.41423898e-01	-5.13563333e-01	5.83139412e-03
4000	4000	110	2.95058997e-06	4.00100000e+01	1.00000000e+02	7.37463127e-10	7.65855996e-12	1.09045346e-02	2.31132687e-03	2.24349963e-04	1.87439072e-02	1.49275688e-04	-5.18896625e-01	-5.55624663e-01	-5.46384357e-01	-5.18283082e-01	5.82872917e-03
4000	4000	111	2.95058997e-06	4.00100000e+01	1.00000000e+02	7.37463127e-10	7.65855373e-12	1.07865586e-02	2.28481025e-03	2.21802119e-04	1.85413048e-02	1.49274765e-04	-5.23620853e-01	-5.60635894e-01	-5.51344669e-01	-5.23002915e-01	5.82604360e-03
4000	4000	112	2.95058997e-06	4.00100000e+01	1.00000000e+02	7.37463127e-10	7.65854757e-12	1.06698574e-02	2.25860260e-03	2.19283285e-04	1.83408888e-02	1.49273836e-04	-5.28345143e-01	-5.65646208e-01	-5.56304832e-01	-5.27722831e-01	5.82334164e-03
4000	4000	113	2.95058997e-06	4.00100000e+01	1.00000000e+02	7.37463127e-10	7.65854148e-12	1.05544174e-02	2.23270032e-03	2.16793130e-04	1.81426356e-02	1.49272902e-04	-5.33069496e-01	-5.70655598e-01	-5.61264844e-01	-5.32442830e-01	5.82062373e-03
4000	4000	114	2.95058997e-06	4.00100000e+01	1.00000000e+02	7.37463127e-10	7.65853547e-12	1.04402248e-02	2.20709982e-03	2.14331329e-04	1.79465220e-02	1.49271963e-04	-5.37793911e-01	-5.75664057e-01	-5.66224703e-01	-5.37162913e-01	5.81789195e-03
4000	4000	115	2.95058997e-06	4.00100000e+01	1.00000000e+02	7.37463127e-10	7.65852952e-12	1.03272662e-02	2.18179758e-03	2.11897559e-04	1.77525248e-02	1.49271020e-04	-5.42518389e-01	-5.80671577e-01	-5.71184406e-01	-5.41883079e-01	5.81514869e-03
4000	4000	116	2.95058997e-06	4.00100000e+01	1.00000000e+02	7.37463127e-10	7.65852364e-12	1.02155283e-02	2.15679009e-03	2.09491500e-04	1.75606214e-02	1.49270073e-04	-5.47242929e-01	-5.85678152e-01	-5.76143953e-01	-5.46603329e-01	5.81239430e-03
4000	4000	117	2.95058997e-06	4.00100000e+01	1.00000000e+02	7.37463127e-10	7.65851783e-12	1.01049979e-02	2.13207391e-03	2.07112838e-04	1.73707891e-02	1.49269124e-04	-5.51967532e-01	-5.90683775e-01	-5.81103340e-01	-5.51323662e-01	5.80963207e-03
4000	4000	118	2.95058997e-06	4.00100000e+01	1.00000000e+02	7.37463127e-10	7.65851209e-12	9.99566202e-03	2.10764563e-03	2.04761261e-04	1.71830056e-02	1.49268172e-04	-5.56692197e-01	-5.95688439e-01	-5.86062565e-01	-5.56044078e-01	5.80686203e-03
4000	4000	119	2.95058997e-06	4.00100000e+01	1.00000000e+02	7.37463127e-10	7.65850641e-12	9.88750774e-03	2.08350188e-03	2.02436460e-04	1.69972488e-02	1.49267218e-04	-5.61416923e-01	-6.00692135e-01	-5.91021626e-01	-5.60764577e-01	5.80408676e-03
4000	4000	120	2.95058997e-06	4.00100000e+01	1.00000000e+02	7.37463127e-10	7.65850080e-12	9.78052231e-03	2.05963932e-03	2.00138131e-04	1.68134970e-02	1.49266262e-04	-5.66141712e-01	-6.05694858e-01	-5.95980520e-01	-5.65485158e-01	5.80130671e-03
4000	4000	121	2.95058997e-06	4.00100000e+01	1.00000000e+02	7.37463127e-10	7.65849526e-12	9.67469311e-03	2.03605466e-03	1.97865973e-04	1.66317284e-02	1.49265306e-04	-5.70866562e-01	-6.10696598e-01	-6.00939245e-01	-5.70205823e-01	5.79852354e-03
4000	4000	122	2.95058997e-06	4.00100000e+01	1.00000000e+02	7.37463127e-10	7.65848978e-12	9.57000768e-03	2.01274465e-03	1.95619688e-04	1.64519219e-02	1.49264349e-04	-5.75591473e-01	-6.15697350e-01	-6.05897798e-01	-5.74926571e-01	5.79573897e-03
4000	4000	123	2.95058997e-06	4.00100000e+01	1.00000000e+02	7.37463127e-10	7.65848436e-12	9.46645365e-03	1.98970608e-03	1.93398981e-04	1.62740561e-02	1.49263391e-04	-5.80316447e-01	-6.20697104e-01	-6.10856178e-01	-5.79647401e-01	5.79295352e-03
4000	4000	124	2.95058997e-06	4.00100000e+01	1.00000000e+02	7.37463127e-10	7.65847901e-12	9.36401883e-03	1.96693577e-03	1.91203563e-04	1.60981102e-02	1.49262434e-04	-5.85041481e-01	-6.25695854e-01	-6.15814379e-01	-5.84368313e-01	5.79016914e-03
4000	4000	125	2.95058997e-06	4.00100000e+01	1.00000000e+02	7.37463127e-10	7.65847372e-12	9.26269112e-03	1.94443045e-03	1.89033128e-04	1.59240635e-02	1.49261478e-04	-5.89766577e-01	-6.30693618e-01	-6.20772439e-01	-5.89089309e-01	5.78738648e-03
4000	4000	126	2.95058997e-06	4.00100000e+01	1.00000000e+02	7.37463127e-10	7.65846849e-12	9.16245859e-03	1.92218714e-03	1.86887407e-04	1.57518955e-02	1.49260522e-04	-5.94491735e-01	-6.35690364e-01	-6.25730321e-01	-5.93810387e-01	5.78460606e-03
4000	4000	127	2.95058997e-06	4.00100000e+01	1.00000000e+02	7.37463127e-10	7.65846332e-12	9.06330902e-03	1.90020277e-03	1.84766056e-04	1.55815853e-02	1.49259568e-04	-5.99216972e-01	-6.40686084e-01	-6.30688170e-01	-5.98531566e-01	5.78182997e-03
4000	4000	128	2.95058997e-06	4.00100000e+01	1.00000000e+02	7.37463127e-10	7.65845821e-12	8.96523008e-03	1.87847431e-03	1.82668691e-04	1.54131119e-02	1.49258616e-04	-6.03942320e-01	-6.45680772e-01	-6.35646242e-01	-6.03252878e-01	5.77905860e-03
4000	4000	129	2.95058997e-06	4.00100000e+01	1.00000000e+02	7.37463127e-10	7.65845316e-12	8.86821126e-03	1.85699878e-03	1.80595214e-04	1.52464571e-02	1.49257665e-04	-6.08667729e-01	-6.50674414e-01	-6.40604123e-01	-6.07974272e-01	5.77629331e-03
4000	4000	130	2.95058997e-06	4.00100000e+01	1.00000000e+02	7.37463127e-10	7.65844817e-12	8.77224114e-03	1.83577322e-03	1.78545353e-04	1.50816014e-02	1.49256717e-04	-6.13393198e-01	-6.55667002e-01	-6.45561808e-01	-6.12695749e-01	5.77353378e-03
4000	4000	131	2.95058997e-06	4.00100000e+01	1.00000000e+02	7.37463127e-10	7.65844324e-12	8.67730838e-03	1.81479471e-03	1.76518840e-04	1.49185255e-02	1.49255771e-04	-6.18118728e-01	-6.60658528e-01	-6.50519295e-01	-6.17417307e-01	5.77078218e-03
4000	4000	132	2.95058997e-06	4.00100000e+01	1.00000000e+02	7.37463127e-10	7.65843836e-12	8.58340178e-03	1.79406035e-03	1.74515409e-04	1.47572101e-02	1.49254829e-04	-6.22844318e-01	-6.65648983e-01	-6.55476580e-01	-6.22138948e-01	5.76803880e-03
4000	4000	133	2.95058997e-06	4.00100000e+01	1.00000000e+02	7.37463127e-10	7.65843354e-12	8.49051029e-03	1.77356730e-03	1.72534798e-04	1.45976363e-02	1.49253889e-04	-6.27569967e-01	-6.70638358e-01	-6.60433660e-01	-6.26860670e-01	5.76530406e-03
4000	4000	134	2.95058997e-06	4.00100000e+01	1.00000000e+02	7.37463127e-10	7.65842878e-12	8.39862293e-03	1.75331273e-03	1.70576747e-04	1.44397853e-02	1.49252952e-04	-6.32295677e-01	-6.75626645e-01	-6.65390531e-01	-6.31582473e-01	5.76257942e-03
4000	4000	135	2.95058997e-06	4.00100000e+01	1.00000000e+02	7.37463127e-10	7.65842407e-12	8.30772886e-03	1.73329386e-03	1.68641000e-04	1.42836385e-02	1.49252019e-04	-6.37021445e-01	-6.80613833e-01	-6.70347190e-01	-6.36304358e-01	5.75986436e-03
4000	4000	136	2.95058997e-06	4.00100000e+01	1.00000000e+02	7.37463127e-10	7.65841942e-12	8.21781737e-03	1.71350792e-03	1.66727304e-04	1.41291776e-02	1.49251090e-04	-6.41747274e-01	-6.85599915e-01	-6.75303632e-01	-6.41026324e-01	5.75716115e-03
4000	4000	137	2.95058997e-06	4.00100000e+01	1.00000000e+02	7.37463127e-10	7.65841482e-12	8.12887786e-03	1.69395220e-03	1.64835408e-04	1.39763844e-02	1.49250165e-04	-6.46473162e-01	-6.90584880e-01	-6.80259853e-01	-6.45748372e-01	5.75446878e-03
4000	4000	138	2.95058997e-06	4.00100000e+01	1.00000000e+02	7.37463127e-10	7.65841028e-12	8.04090042e-03	1.67462401e-03	1.62965064e-04	1.38252420e-02	1.49249244e-04	-6.51199076e-01	-6.95568719e-01	-6.85215849e-01	-6.50470468e-01	5.75178939e-03
4000	4000	139	2.95058997e-06	4.00100000e+01	1.00000000e+02	7.37463127e-10	7.65840579e-12	7.95387700e-03	1.65552068e-03	1.61116027e-04	1.36757366e-02	1.49248328e-04	-6.55924889e-01	-7.00551422e-01	-6.90171616e-01	-6.55192482e-01	5.74912232e-03
4000	4000	140	2.95058997e-06	4.00100000e+01	1.00000000e+02	7.37463127e-10	7.65840135e-12	7.86779431e-03	1.63663959e-03	1.59288056e-04	1.35278454e-02	1.49247416e-04	-6.60650762e-01	-7.05532980e-01	-6.95127148e-01	-6.59914578e-01	5.74646877e-03
4000	4000	141	2.95058997e-06	4.00100000e+01	1.00000000e+02	7.37463127e-10	7.65839696e-12	7.78264219e-03	1.61797814e-03	1.57480910e-04	1.33815509e-02	1.49246508e-04	-6.65376695e-01	-7.10513383e-01	-7.00082443e-01	-6.64636757e-01	5.74382847e-03
4000	4000	142	2.95058997e-06	4.00100000e+01	1.00000000e+02	7.37463127e-10	7.65839262e-12	7.69840929e-03	1.59953376e-03	1.55694354e-04	1.32368338e-02	1.49245606e-04	-6.70102763e-01	-7.15492620e-01	-7.05037496e-01	-6.69359094e-01	5.74120286e-03
4000	4000	143	2.95058997e-06	4.00100000e+01	1.00000000e+02	7.37463127e-10	7.65838833e-12	7.61508650e-03	1.58130393e-03	1.53928118e-04	1.30936783e-02	1.49244709e-04	-6.74828919e-01	-7.20470682e-01	-7.09992399e-01	-6.74081542e-01	5.73859112e-03
4000	4000	144	2.95058997e-06	4.00100000e+01	1.00000000e+02	7.37463127e-10	7.65838410e-12	7.53266448e-03	1.56328613e-03	1.52181967e-04	1.29520686e-02	1.49243817e-04	-6.79555136e-01	-7.25447557e-01	-7.14947168e-01	-6.78804074e-01	5.73599556e-03
4000	4000	145	2.95058997e-06	4.00100000e+01	1.00000000e+02	7.37463127e-10	7.65837991e-12	7.45113353e-03	1.54547789e-03	1.50455713e-04	1.28119879e-02	1.49242930e-04	-6.84281413e-01	-7.30423236e-01	-7.19901676e-01	-6.83526689e-01	5.73341478e-03
4000	4000	146	2.95058997e-06	4.00100000e+01	1.00000000e+02	7.37463127e-10	7.65837577e-12	7.37049225e-03	1.52787165e-03	1.48749675e-04	1.26734348e-02	1.49242049e-04	-6.89007266e-01	-7.35399158e-01	-7.24854335e-01	-6.88248873e-01	5.73085034e-03
4000	4000	147	2.95058997e-06	4.00100000e+01	1.00000000e+02	7.37463127e-10	7.65837168e-12	7.29072227e-03	1.51047048e-03	1.47063051e-04	1.25363769e-02	1.49241173e-04	-6.93733205e-01	-7.40373790e-01	-7.29806789e-01	-6.92971169e-01	5.72830170e-03
4000	4000	148	2.95058997e-06	4.00100000e+01	1.00000000e+02	7.37463127e-10	7.65836763e-12	7.21181414e-03	1.49327200e-03	1.45395617e-04	1.24007979e-02	1.49240303e-04	-6.98459234e-01	-7.45347109e-01	-7.34759045e-01	-6.97693579e-01	5.72577023e-03
4000	4000	149	2.95058997e-06	4.00100000e+01	1.00000000e+02	7.37463127e-10	7.65836364e-12	7.13375861e-03	1.47627383e-03	1.43747158e-04	1.22666820e-02	1.49239439e-04	-7.03185350e-01	-7.50319111e-01	-7.39711092e-01	-7.02416101e-01	5.72325524e-03
4000	4000	150	2.95058997e-06	4.00100000e+01	1.00000000e+02	7.37463127e-10	7.65835969e-12	7.05654651e-03	1.45947360e-03	1.42117460e-04	1.21340136e-02	1.49238580e-04	-7.07911551e-01	-7.55289789e-01	-7.44662922e-01	-7.07138732e-01	5.72075789e-03
4000	4000	151	2.95058997e-06	4.00100000e+01	1.00000000e+02	7.37463127e-10	7.65835578e-12	6.98016879e-03	1.44286898e-03	1.40506311e-04	1.20027770e-02	1.49237728e-04	-7.12637835e-01	-7.60259136e-01	-7.49614527e-01	-7.11861470e-01	5.71827754e-03
4000	4000	152	2.95058997e-06	4.00100000e+01	1.00000000e+02	7.37463127e-10	7.65835193e-12	6.90461641e-03	1.42645766e-03	1.38913497e-04	1.18729569e-02	1.49236882e-04	-7.17364203e-01	-7.65227146e-01	-7.54565914e-01	-7.16584318e-01	5.71581491e-03
4000	4000	153	2.95058997e-06	4.00100000e+01	1.00000000e+02	7.37463127e-10	7.65834811e-12	6.82987596e-03	1.41024018e-03	1.37338490e-04	1.17445297e-02	1.49236042e-04	-7.22090943e-01	-7.70192948e-01	-7.59518092e-01	-7.21307578e-01	5.71337043e-03
4000	4000	154	2.95058997e-06	4.00100000e+01	1.00000000e+02	7.37463127e-10	7.65834434e-12	6.75594322e-03	1.39421152e-03	1.35781406e-04	1.16174887e-02	1.49235208e-04	-7.26817768e-01	-7.75157365e-01	-7.64470058e-01	-7.26030949e-01	5.71094400e-03
4000	4000	155	2.95058997e-06	4.00100000e+01	1.00000000e+02	7.37463127e-10	7.65834062e-12	6.68280992e-03	1.37836921e-03	1.34242073e-04	1.14918198e-02	1.49234381e-04	-7.31544651e-01	-7.80120470e-01	-7.69421710e-01	-7.30754401e-01	5.70853606e-03
4000	4000	156	2.95058997e-06	4.00100000e+01	1.00000000e+02	7.37463127e-10	7.65833693e-12	6.61046742e-03	1.36271106e-03	1.32720289e-04	1.13675082e-02	1.49233559e-04	-7.36271591e-01	-7.85082250e-01	-7.74373042e-01	-7.35477933e-01	5.70614595e-03
4000	4000	157	2.95058997e-06	4.00100000e+01	1.00000000e+02	7.37463127e-10	7.65833329e-12	6.53890718e-03	1.34723495e-03	1.31215854e-04	1.12445392e-02	1.49232745e-04	-7.40998587e-01	-7.90042692e-01	-7.79324047e-01	-7.40201546e-01	5.70377500e-03
4000	4000	158	2.95058997e-06	4.00100000e+01	1.00000000e+02	7.37463127e-10	7.65832970e-12	6.46812076e-03	1.33193874e-03	1.29728573e-04	1.11228984e-02	1.49231936e-04	-7.45725640e-01	-7.95001783e-01	-7.84274719e-01	-7.44925240e-01	5.70142217e-03
4000	4000	159	2.95058997e-06	4.00100000e+01	1.00000000e+02	7.37463127e-10	7.65832614e-12	6.39809980e-03	1.31682033e-03	1.28258250e-04	1.10025714e-02	1.49231134e-04	-7.50452749e-01	-7.99959509e-01	-7.89225051e-01	-7.49649013e-01	5.69908870e-03
4000	4000	160	2.95058997e-06	4.00100000e+01	1.00000000e+02	7.37463127e-10	7.65832263e-12	6.32883605e-03	1.30187766e-03	1.26804692e-04	1.08835441e-02	1.49230339e-04	-7.55179914e-01	-8.04915858e-01	-7.94175037e-01	-7.54372867e-01	5.69677464e-03
4000	4000	161	2.95058997e-06	4.00100000e+01	1.00000000e+02	7.37463127e-10	7.65831915e-12	6.26032132e-03	1.28710867e-03	1.25367709e-04	1.07658025e-02	1.49229550e-04	-7.59907135e-01	-8.09870815e-01	-7.99124670e-01	-7.59096800e-01	5.69447923e-03
4000	4000	162	2.95058997e-06	4.00100000e+01	1.00000000e+02	7.37463127e-10	7.65831572e-12	6.19254754e-03	1.27251135e-03	1.23947113e-04	1.06493327e-02	1.49228768e-04	-7.64634411e-01	-8.14824366e-01	-8.04073942e-01	-7.63820813e-01	5.69220325e-03
4000	4000	163	2.95058997e-06	4.00100000e+01	1.00000000e+02	7.37463127e-10	7.65831233e-12	6.12550669e-03	1.25808370e-03	1.22542746e-04	1.05341210e-02	1.49227993e-04	-7.69361741e-01	-8.19776497e-01	-8.09022751e-01	-7.68544906e-01	5.68994643e-03
4000	4000	164	2.95058997e-06	4.00100000e+01	1.00000000e+02	7.37463127e-10	7.65830897e-12	6.05919088e-03	1.24382373e-03	1.21154480e-04	1.04201539e-02	1.49227224e-04	-7.74089126e-01	-8.24727194e-01	-8.13970881e-01	-7.73269077e-01	5.68770924e-03
4000	4000	165	2.95058997e-06	4.00100000e+01	1.00000000e+02	7.37463127e-10	7.65830566e-12	5.99359226e-03	1.22972950e-03	1.19782045e-04	1.03074178e-02	1.49226462e-04	-7.78816565e-01	-8.29676442e-01	-8.18918637e-01	-7.77993327e-01	5.68549146e-03
4000	4000	166	2.95058997e-06	4.00100000e+01	1.00000000e+02	7.37463127e-10	7.65830238e-12	5.92870310e-03	1.21579907e-03	1.18425261e-04	1.01958996e-02	1.49225707e-04	-7.83544057e-01	-8.34624225e-01	-8.23866008e-01	-7.82717657e-01	5.68329294e-03
4000	4000	167	2.95058997e-06	4.00100000e+01	1.00000000e+02	7.37463127e-10	7.65829914e-12	5.86451574e-03	1.20203054e-03	1.17083952e-04	1.00855862e-02	1.49224958e-04	-7.88271604e-01	-8.39570529e-01	-8.28812988e-01	-7.87442064e-01	5.68111412e-03
4000	4000	168	2.95058997e-06	4.00100000e+01	1.00000000e+02	7.37463127e-10	7.65829594e-12	5.80102259e-03	1.18842203e-03	1.15757941e-04	9.97646442e-03	1.49224216e-04	-7.92999203e-01	-8.44515337e-01	-8.33759567e-01	-7.92166550e-01	5.67895501e-03
4000	4000	169	2.95058997e-06	4.00100000e+01	1.00000000e+02	7.37463127e-10	7.65829278e-12	5.73821616e-03	1.17497168e-03	1.14447055e-04	9.86852155e-03	1.49223481e-04	-7.97726855e-01	-8.49458634e-01	-8.38705736e-01	-7.96891115e-01	5.67681543e-03
4000	4000	170	2.95058997e-06	4.00100000e+01	1.00000000e+02	7.37463127e-10	7.65828965e-12	5.67608905e-03	1.16167764e-03	1.13151124e-04	9.76174485e-03	1.49222753e-04	-8.02454560e-01	-8.54400404e-01	-8.43651488e-01	-8.01615757e-01	5.67469579e-03
4000	4000	171	2.95058997e-06	4.00100000e+01	1.00000000e+02	7.37463127e-10	7.65828656e-12	5.61463390e-03	1.14853809e-03	1.11869977e-04	9.65612173e-03	1.49222031e-04	-8.07182316e-01	-8.59340630e-01	-8.48596812e-01	-8.06340476e-01	5.67259513e-03
4000	4000	172	2.95058997e-06	4.00100000e+01	1.00000000e+02	7.37463127e-10	7.65828351e-12	5.55384347e-03	1.13555124e-03	1.10603447e-04	9.55163976e-03	1.49221316e-04	-8.11910124e-01	-8.64279295e-01	-8.53541699e-01	-8.11065274e-01	5.67051436e-03
4000	4000	173	2.95058997e-06	4.00100000e+01	1.00000000e+02	7.37463127e-10	7.65828049e-12	5.49371058e-03	1.12271532e-03	1.09351368e-04	9.44828664e-03	1.49220608e-04	-8.16637983e-01	-8.69216383e-01	-8.58486140e-01	-8.15790148e-01	5.66845375e-03
4000	4000	174	2.95058997e-06	4.00100000e+01	1.00000000e+02	7.37463127e-10	7.65827750e-12	5.43422813e-03	1.11002857e-03	1.08113576e-04	9.34605019e-03	1.49219907e-04	-8.21365893e-01	-8.74151875e-01	-8.63430126e-01	-8.20515100e-01	5.66641238e-03
4000	4000	175	2.95058997e-06	4.00100000e+01	1.00000000e+02	7.37463127e-10	7.65827456e-12	5.37538909e-03	1.09748925e-03	1.06889910e-04	9.24491837e-03	1.49219212e-04	-8.26093854e-01	-8.79085755e-01	-8.68373646e-01	-8.25240128e-01	5.66439066e-03
4000	4000	176	2.95058997e-06	4.00100000e+01	1.00000000e+02	7.37463127e-10	7.65827164e-12	5.31718652e-03	1.08509566e-03	1.05680210e-04	9.14487926e-03	1.49218524e-04	-8.30821864e-01	-8.84018004e-01	-8.73316691e-01	-8.29965233e-01	5.66238886e-03
4000	4000	177	2.95058997e-06	4.00100000e+01	1.00000000e+02	7.37463127e-10	7.65826876e-12	5.25961355e-03	1.07284610e-03	1.04484318e-04	9.04592109e-03	1.49217843e-04	-8.35549924e-01	-8.88948605e-01	-8.78259249e-01	-8.34690414e-01	5.66040602e-03
4000	4000	178	2.95058997e-06	4.00100000e+01	1.00000000e+02	7.37463127e-10	7.65826591e-12	5.20266337e-03	1.06073890e-03	1.03302076e-04	8.94803219e-03	1.49217168e-04	-8.40278033e-01	-8.93877537e-01	-8.83201312e-01	-8.39415671e-01	5.65844317e-03
4000	4000	179	2.95058997e-06	4.00100000e+01	1.00000000e+02	7.37463127e-10	7.65826310e-12	5.14632926e-03	1.04877240e-03	1.02133330e-04	8.85120104e-03	1.49216501e-04	-8.45006191e-01	-8.98804782e-01	-8.88142867e-01	-8.44141003e-01	5.65649960e-03
4000	4000	180	2.95058997e-06	4.00100000e+01	1.00000000e+02	7.37463127e-10	7.65826032e-12	5.09060457e-03	1.03694497e-03	1.00977928e-04	8.75541622e-03	1.49215840e-04	-8.49734397e-01	-9.03730321e-01	-8.93083904e-01	-8.48866412e-01	5.65457551e-03
4000	4000	181	2.95058997e-06	4.00100000e+01	1.00000000e+02	7.37463127e-10	7.65825757e-12	5.03548271e-03	1.02525500e-03	9.98357185e-05	8.66066645e-03	1.49215185e-04	-8.54462650e-01	-9.08654134e-01	-8.98024412e-01	-8.53591896e-01	5.65267015e-03
4000	4000	182	2.95058997e-06	4.00100000e+01	1.00000000e+02	7.37463127e-10	7.65825485e-12	4.98095718e-03	1.01370090e-03	9.87065518e-05	8.56694057e-03	1.49214537e-04	-8.59190951e-01	-9.13576201e-01	-9.02964379e-01	-8.58317454e-01	5.65078502e-03
4000	4000	183	2.95058997e-06	4.00100000e+01	1.00000000e+02	7.37463127e-10	7.65825216e-12	4.92702153e-03	1.00228108e-03	9.75902804e-05	8.47422754e-03	1.49213896e-04	-8.63919299e-01	-9.18496502e-01	-9.07903794e-01	-8.63043088e-01	5.64891910e-03
4000	4000	184	2.95058997e-06	4.00100000e+01	1.00000000e+02	7.37463127e-10	7.65824951e-12	4.87366940e-03	9.90993983e-04	9.64867582e-05	8.38251642e-03	1.49213261e-04	-8.68647693e-01	-9.23415014e-01	-9.12842644e-01	-8.67768796e-01	5.64707195e-03
4000	4000	185	2.95058997e-06	4.00100000e+01	1.00000000e+02	7.37463127e-10	7.65824688e-12	4.82089448e-03	9.79838081e-04	9.53958410e-05	8.29179642e-03	1.49212633e-04	-8.73376134e-01	-9.28331718e-01	-9.17780918e-01	-8.72494578e-01	5.64524414e-03
4000	4000	186	2.95058997e-06	4.00100000e+01	1.00000000e+02	7.37463127e-10	7.65824429e-12	4.76869055e-03	9.68811847e-04	9.43173861e-05	8.20205684e-03	1.49212012e-04	-8.78104619e-01	-9.33246591e-01	-9.22718603e-01	-8.77220434e-01	5.64343494e-03
4000	4000	187	2.95058997e-06	4.00100000e+01	1.00000000e+02	7.37463127e-10	7.65824173e-12	4.71705142e-03	9.57913779e-04	9.32512524e-05	8.11328711e-03	1.49211397e-04	-8.82833149e-01	-9.38159611e-01	-9.27655686e-01	-8.81946364e-01	5.64164510e-03
4000	4000	188	2.95058997e-06	4.00100000e+01	1.00000000e+02	7.37463127e-10	7.65823919e-12	4.66597101e-03	9.47142392e-04	9.21973004e-05	8.02547676e-03	1.49210788e-04	-8.87561724e-01	-9.43070757e-01	-9.32592155e-01	-8.86672367e-01	5.63987404e-03
4000	4000	189	2.95058997e-06	4.00100000e+01	1.00000000e+02	7.37463127e-10	7.65823669e-12	4.61544327e-03	9.36496219e-04	9.11553924e-05	7.93861545e-03	1.49210186e-04	-8.92290342e-01	-9.47980004e-01	-9.37527995e-01	-8.91398443e-01	5.63812166e-03
4000	4000	190	2.95058997e-06	4.00100000e+01	1.00000000e+02	7.37463127e-10	7.65823422e-12	4.56546224e-03	9.25973809e-04	9.01253921e-05	7.85269294e-03	1.49209591e-04	-8.97019004e-01	-9.52887329e-01	-9.42463193e-01	-8.96124593e-01	5.63638795e-03
4000	4000	191	2.95058997e-06	4.00100000e+01	1.00000000e+02	7.37463127e-10	7.65823177e-12	4.51602202e-03	9.15573730e-04	8.91071646e-05	7.76769911e-03	1.49209001e-04	-9.01747708e-01	-9.57792709e-01	-9.47397735e-01	-9.00850814e-01	5.63467264e-03
4000	4000	192	2.95058997e-06	4.00100000e+01	1.00000000e+02	7.37463127e-10	7.65822935e-12	4.46711676e-03	9.05294565e-04	8.81005770e-05	7.68362392e-03	1.49208419e-04	-9.06476455e-01	-9.62696119e-01	-9.52331607e-01	-9.05577108e-01	5.63297635e-03
4000	4000	193	2.95058997e-06	4.00100000e+01	1.00000000e+02	7.37463127e-10	7.65822696e-12	4.41874069e-03	8.95134915e-04	8.71054975e-05	7.60045749e-03	1.49207842e-04	-9.11205243e-01	-9.67597535e-01	-9.57264794e-01	-9.10303474e-01	5.63129821e-03
4000	4000	194	2.95058997e-06	4.00100000e+01	1.00000000e+02	7.37463127e-10	7.65822460e-12	4.37088809e-03	8.85093398e-04	8.61217959e-05	7.51818999e-03	1.49207272e-04	-9.15934073e-01	-9.72496931e-01	-9.62197282e-01	-9.15029912e-01	5.62963817e-03
4000	4000	195	2.95058997e-06	4.00100000e+01	1.00000000e+02	7.37463127e-10	7.65822227e-12	4.32355330e-03	8.75168648e-04	8.51493437e-05	7.43681173e-03	1.49206708e-04	-9.20662943e-01	-9.77394281e-01	-9.67129055e-01	-9.19756421e-01	5.62799642e-03
4000	4000	196	2.95058997e-06	4.00100000e+01	1.00000000e+02	7.37463127e-10	7.65821996e-12	4.27673073e-03	8.65359314e-04	8.41880137e-05	7.35631313e-03	1.49206150e-04	-9.25391852e-01	-9.82289560e-01	-9.72060097e-01	-9.24483001e-01	5.62637260e-03
4000	4000	197	2.95058997e-06	4.00100000e+01	1.00000000e+02	7.37463127e-10	7.65821768e-12	4.23041485e-03	8.55664062e-04	8.32376800e-05	7.27668468e-03	1.49205598e-04	-9.30120801e-01	-9.87182740e-01	-9.76990392e-01	-9.29209652e-01	5.62476642e-03
4000	4000	198	2.95058997e-06	4.00100000e+01	1.00000000e+02	7.37463127e-10	7.65821542e-12	4.18460019e-03	8.46081575e-04	8.22982185e-05	7.19791701e-03	1.49205052e-04	-9.34849789e-01	-9.92073794e-01	-9.81919925e-01	-9.33936374e-01	5.62317838e-03
4000	4000	199	2.95058997e-06	4.00100000e+01	1.00000000e+02	7.37463127e-10	7.65821320e-12	4.13928133e-03	8.36610551e-04	8.13695060e-05	7.12000081e-03	1.49204513e-04	-9.39578815e-01	-9.96962694e-01	-9.86848680e-01	-9.38663165e-01	5.62160809e-03
4000	4000	200	2.95058997e-06	4.00100000e+01	1.00000000e+02	7.37463127e-10	7.65821099e-12	4.09445291e-03	8.27249703e-04	8.04514213e-05	7.04292691e-03	1.49203979e-04	-9.44307879e-01	-1.00184941e+00	-9.91776638e-01	-9.43390027e-01	5.62005529e-03
4000	4000	201	2.95058997e-06	4.00100000e+01	1.00000000e+02	7.37463127e-10	7.65820882e-12	4.05010965e-03	8.17997757e-04	7.95438444e-05	6.96668622e-03	1.49203452e-04	-9.49036979e-01	-1.00673392e+00	-9.96703783e-01	-9.48116958e-01	5.61852008e-03
4000	4000	202	2.95058997e-06	4.00100000e+01	1.00000000e+02	7.37463127e-10	7.65820667e-12	4.00624629e-03	8.08853456e-04	7.86466565e-05	6.89126975e-03	1.49202931e-04	-9.53766115e-01	-1.01161619e+00	-1.00163010e+00	-9.52843959e-01	5.61700223e-03
4000	4000	203	2.95058997e-06	4.00100000e+01	1.00000000e+02	7.37463127e-10	7.65820454e-12	3.96285765e-03	7.99815559e-04	7.77597403e-05	6.81666860e-03	1.49202415e-04	-9.58495287e-01	-1.01649618e+00	-1.00655556e+00	-9.57571028e-01	5.61550114e-03
4000	4000	204	2.95058997e-06	4.00100000e+01	1.00000000e+02	7.37463127e-10	7.65820244e-12	3.91993861e-03	7.90882839e-04	7.68829799e-05	6.74287398e-03	1.49201905e-04	-9.63224494e-01	-1.02137388e+00	-1.01148015e+00	-9.62298165e-01	5.61401798e-03
4000	4000	205	2.95058997e-06	4.00100000e+01	1.00000000e+02	7.37463127e-10	7.65820036e-12	3.87748410e-03	7.82054082e-04	7.60162605e-05	6.66987719e-03	1.49201401e-04	-9.67953734e-01	-1.02624924e+00	-1.01640386e+00	-9.67025371e-01	5.61255078e-03
4000	4000	206	2.95058997e-06	4.00100000e+01	1.00000000e+02	7.37463127e-10	7.65819831e-12	3.83548909e-03	7.73328090e-04	7.51594689e-05	6.59766962e-03	1.49200903e-04	-9.72683008e-01	-1.03112225e+00	-1.02132666e+00	-9.71752644e-01	5.61110095e-03
4000	4000	207	2.95058997e-06	4.00100000e+01	1.00000000e+02	7.37463127e-10	7.65819628e-12	3.79394862e-03	7.64703679e-04	7.43124929e-05	6.52624274e-03	1.49200411e-04	-9.77412314e-01	-1.03599285e+00	-1.02624853e+00	-9.76479985e-01	5.60966793e-03
4000	4000	208	2.95058997e-06	4.00100000e+01	1.00000000e+02	7.37463127e-10	7.65819427e-12	3.75285778e-03	7.56179680e-04	7.34752219e-05	6.45558815e-03	1.49199924e-04	-9.82141653e-01	-1.04086103e+00	-1.03116945e+00	-9.81207393e-01	5.60825163e-03
4000	4000	209	2.95058997e-06	4.00100000e+01	1.00000000e+02	7.37463127e-10	7.65819229e-12	3.71221172e-03	7.47754936e-04	7.26475463e-05	6.38569749e-03	1.49199443e-04	-9.86871022e-01	-1.04572674e+00	-1.03608941e+00	-9.85934868e-01	5.60685134e-03
4000	4000	210	2.95058997e-06	4.00100000e+01	1.00000000e+02	7.37463127e-10	7.65819033e-12	3.67200563e-03	7.39428304e-04	7.18293578e-05	6.31656254e-03	1.49198968e-04	-9.91600422e-01	-1.05058996e+00	-1.04100838e+00	-9.90662408e-01	5.60546768e-03
4000	4000	211	2.95058997e-06	4.00100000e+01	1.00000000e+02	7.37463127e-10	7.65818840e-12	3.63223475e-03	7.31198656e-04	7.10205496e-05	6.24817512e-03	1.49198498e-04	-9.96329851e-01	-1.05545065e+00	-1.04592633e+00	-9.95390015e-01	5.60410015e-03
4000	4000	212	2.95058997e-06	4.00100000e+01	1.00000000e+02	7.37463127e-10	7.65818648e-12	3.59289438e-03	7.23064877e-04	7.02210157e-05	6.18052719e-03	1.49198034e-04	-1.00105931e+00	-1.06030877e+00	-1.05084325e+00	-1.00011769e+00	5.60274852e-03
4000	4000	213	2.95058997e-06	4.00100000e+01	1.00000000e+02	7.37463127e-10	7.65818459e-12	3.55397988e-03	7.15025863e-04	6.94306517e-05	6.11361074e-03	1.49197575e-04	-1.00578879e+00	-1.06516428e+00	-1.05575912e+00	-1.00484542e+00	5.60141293e-03
4000	4000	214	2.95058997e-06	4.00100000e+01	1.00000000e+02	7.37463127e-10	7.65818272e-12	3.51548664e-03	7.07080526e-04	6.86493542e-05	6.04741790e-03	1.49197122e-04	-1.01051831e+00	-1.07001716e+00	-1.06067390e+00	-1.00957323e+00	5.60009321e-03
4000	4000	215	2.95058997e-06	4.00100000e+01	1.00000000e+02	7.37463127e-10	7.65818087e-12	3.47741011e-03	6.99227790e-04	6.78770210e-05	5.98194086e-03	1.49196674e-04	-1.01524785e+00	-1.07486735e+00	-1.06558759e+00	-1.01430109e+00	5.59878914e-03
4000	4000	216	2.95058997e-06	4.00100000e+01	1.00000000e+02	7.37463127e-10	7.65817905e-12	3.43974579e-03	6.91466590e-04	6.71135511e-05	5.91717187e-03	1.49196231e-04	-1.01997741e+00	-1.07971483e+00	-1.07050014e+00	-1.01902902e+00	5.59750043e-03
4000	4000	217	2.95058997e-06	4.00100000e+01	1.00000000e+02	7.37463127e-10	7.65817724e-12	3.40248922e-03	6.83795877e-04	6.63588447e-05	5.85310332e-03	1.49195794e-04	-1.02470700e+00	-1.08455955e+00	-1.07541154e+00	-1.02375702e+00	5.59622750e-03
4000	4000	218	2.95058997e-06	4.00100000e+01	1.00000000e+02	7.37463127e-10	7.65817546e-12	3.36563601e-03	6.76214612e-04	6.56128031e-05	5.78972762e-03	1.49195361e-04	-1.02943661e+00	-1.08940148e+00	-1.08032177e+00	-1.02848508e+00	5.59496933e-03
4000	4000	219	2.95058997e-06	4.00100000e+01	1.00000000e+02	7.37463127e-10	7.65817370e-12	3.32918178e-03	6.68721769e-04	6.48753286e-05	5.72703732e-03	1.49194934e-04	-1.03416625e+00	-1.09424057e+00	-1.08523079e+00	-1.03321320e+00	5.59372645e-03
4000	4000	220	2.95058997e-06	4.00100000e+01	1.00000000e+02	7.37463127e-10	7.65817195e-12	3.29312224e-03	6.61316334e-04	6.41463249e-05	5.66502500e-03	1.49194512e-04	-1.03889591e+00	-1.09907678e+00	-1.09013858e+00	-1.03794138e+00	5.59249836e-03
4000	4000	221	2.95058997e-06	4.00100000e+01	1.00000000e+02	7.37463127e-10	7.65817023e-12	3.25745312e-03	6.53997305e-04	6.34256967e-05	5.60368335e-03	1.49194096e-04	-1.04362559e+00	-1.10391007e+00	-1.09504511e+00	-1.04266962e+00	5.59128539e-03
4000	4000	222	2.95058997e-06	4.00100000e+01	1.00000000e+02	7.37463127e-10	7.65816853e-12	3.22217019e-03	6.46763692e-04	6.27133496e-05	5.54300514e-03	1.49193684e-04	-1.04835528e+00	-1.10874040e+00	-1.09995036e+00	-1.04739793e+00	5.59008704e-03
4000	4000	223	2.95058997e-06	4.00100000e+01	1.00000000e+02	7.37463127e-10	7.65816684e-12	3.18726929e-03	6.39614518e-04	6.20091905e-05	5.48298319e-03	1.49193278e-04	-1.05308500e+00	-1.11356772e+00	-1.10485430e+00	-1.05212629e+00	5.58890360e-03
4000	4000	224	2.95058997e-06	4.00100000e+01	1.00000000e+02	7.37463127e-10	7.65816518e-12	3.15274629e-03	6.32548815e-04	6.13131274e-05	5.42361044e-03	1.49192876e-04	-1.05781474e+00	-1.11839199e+00	-1.10975689e+00	-1.05685472e+00	5.58773411e-03
4000	4000	225	2.95058997e-06	4.00100000e+01	1.00000000e+02	7.37463127e-10	7.65816354e-12	3.11859710e-03	6.25565629e-04	6.06250691e-05	5.36487986e-03	1.49192479e-04	-1.06254449e+00	-1.12321315e+00	-1.11465811e+00	-1.06158321e+00	5.58657928e-03
4000	4000	226	2.95058997e-06	4.00100000e+01	1.00000000e+02	7.37463127e-10	7.65816191e-12	3.08481769e-03	6.18664016e-04	5.99449257e-05	5.30678453e-03	1.49192087e-04	-1.06727426e+00	-1.12803118e+00	-1.11955793e+00	-1.06631175e+00	5.58543805e-03
4000	4000	227	2.95058997e-06	4.00100000e+01	1.00000000e+02	7.37463127e-10	7.65816031e-12	3.05140406e-03	6.11843043e-04	5.92726083e-05	5.24931759e-03	1.49191700e-04	-1.07200404e+00	-1.13284601e+00	-1.12445632e+00	-1.07104036e+00	5.58431105e-03
4000	4000	228	2.95058997e-06	4.00100000e+01	1.00000000e+02	7.37463127e-10	7.65815872e-12	3.01835226e-03	6.05101790e-04	5.86080290e-05	5.19247225e-03	1.49191318e-04	-1.07673384e+00	-1.13765759e+00	-1.12935324e+00	-1.07576902e+00	5.58319798e-03
4000	4000	229	2.95058997e-06	4.00100000e+01	1.00000000e+02	7.37463127e-10	7.65815715e-12	2.98565838e-03	5.98439345e-04	5.79511007e-05	5.13624181e-03	1.49190940e-04	-1.08146365e+00	-1.14246589e+00	-1.13424867e+00	-1.08049775e+00	5.58209896e-03
4000	4000	230	2.95058997e-06	4.00100000e+01	1.00000000e+02	7.37463127e-10	7.65815560e-12	2.95331855e-03	5.91854809e-04	5.73017376e-05	5.08061963e-03	1.49190567e-04	-1.08619347e+00	-1.14727085e+00	-1.13914257e+00	-1.08522653e+00	5.58101349e-03
4000	4000	231	2.95058997e-06	4.00100000e+01	1.00000000e+02	7.37463127e-10	7.65815407e-12	2.92132895e-03	5.85347294e-04	5.66598547e-05	5.02559914e-03	1.49190199e-04	-1.09092330e+00	-1.15207242e+00	-1.14403490e+00	-1.08995536e+00	5.57994176e-03
4000	4000	232	2.95058997e-06	4.00100000e+01	1.00000000e+02	7.37463127e-10	7.65815255e-12	2.88968579e-03	5.78915921e-04	5.60253682e-05	4.97117385e-03	1.49189835e-04	-1.09565314e+00	-1.15687054e+00	-1.14892564e+00	-1.09468426e+00	5.57888298e-03
4000	4000	233	2.95058997e-06	4.00100000e+01	1.00000000e+02	7.37463127e-10	7.65815105e-12	2.85838533e-03	5.72559821e-04	5.53981949e-05	4.91733733e-03	1.49189476e-04	-1.10038299e+00	-1.16166516e+00	-1.15381475e+00	-1.09941321e+00	5.57783735e-03
4000	4000	234	2.95058997e-06	4.00100000e+01	1.00000000e+02	7.37463127e-10	7.65814957e-12	2.82742386e-03	5.66278138e-04	5.47782530e-05	4.86408322e-03	1.49189121e-04	-1.10511284e+00	-1.16645624e+00	-1.15870218e+00	-1.10414221e+00	5.57680455e-03
4000	4000	235	2.95058997e-06	4.00100000e+01	1.00000000e+02	7.37463127e-10	7.65814811e-12	2.79679773e-03	5.60070025e-04	5.41654612e-05	4.81140523e-03	1.49188771e-04	-1.10984270e+00	-1.17124370e+00	-1.16358791e+00	-1.10887127e+00	5.57578561e-03
4000	4000	236	2.95058997e-06	4.00100000e+01	1.00000000e+02	7.37463127e-10	7.65814667e-12	2.76650331e-03	5.53934643e-04	5.35597394e-05	4.75929715e-03	1.49188425e-04	-1.11457257e+00	-1.17602751e+00	-1.16847190e+00	-1.11360039e+00	5.57477867e-03
4000	4000	237	2.95058997e-06	4.00100000e+01	1.00000000e+02	7.37463127e-10	7.65814524e-12	2.73653701e-03	5.47871166e-04	5.29610084e-05	4.70775283e-03	1.49188084e-04	-1.11930243e+00	-1.18080759e+00	-1.17335411e+00	-1.11832956e+00	5.57378498e-03
4000	4000	238	2.95058997e-06	4.00100000e+01	1.00000000e+02	7.37463127e-10	7.65814382e-12	2.70689529e-03	5.41878776e-04	5.23691900e-05	4.65676617e-03	1.49187747e-04	-1.12403230e+00	-1.18558389e+00	-1.17823450e+00	-1.12305878e+00	5.57280343e-03
4000	4000	239	2.95058997e-06	4.00100000e+01	1.00000000e+02	7.37463127e-10	7.65814243e-12	2.67757464e-03	5.35956665e-04	5.17842065e-05	4.60633115e-03	1.49187414e-04	-1.12876217e+00	-1.19035636e+00	-1.18311303e+00	-1.12778805e+00	5.57183505e-03
4000	4000	240	2.95058997e-06	4.00100000e+01	1.00000000e+02	7.37463127e-10	7.65814105e-12	2.64857159e-03	5.30104036e-04	5.12059816e-05	4.55644182e-03	1.49187085e-04	-1.13349204e+00	-1.19512492e+00	-1.18798966e+00	-1.13251738e+00	5.57087804e-03
4000	4000	241	2.95058997e-06	4.00100000e+01	1.00000000e+02	7.37463127e-10	7.65813969e-12	2.61988272e-03	5.24320099e-04	5.06344396e-05	4.50709229e-03	1.49186761e-04	-1.13822191e+00	-1.19988953e+00	-1.19286435e+00	-1.13724676e+00	5.56993371e-03
4000	4000	242	2.95058997e-06	4.00100000e+01	1.00000000e+02	7.37463127e-10	7.65813834e-12	2.59150462e-03	5.18604076e-04	5.00695057e-05	4.45827673e-03	1.49186441e-04	-1.14295177e+00	-1.20465011e+00	-1.19773706e+00	-1.14197619e+00	5.56900145e-03
4000	4000	243	2.95058997e-06	4.00100000e+01	1.00000000e+02	7.37463127e-10	7.65813701e-12	2.56343393e-03	5.12955197e-04	4.95111059e-05	4.40998937e-03	1.49186124e-04	-1.14768163e+00	-1.20940660e+00	-1.20260773e+00	-1.14670567e+00	5.56808072e-03
4000	4000	244	2.95058997e-06	4.00100000e+01	1.00000000e+02	7.37463127e-10	7.65813569e-12	2.53566735e-03	5.07372700e-04	4.89591674e-05	4.36222450e-03	1.49185812e-04	-1.15241148e+00	-1.21415894e+00	-1.20747634e+00	-1.15143520e+00	5.56717221e-03
4000	4000	245	2.95058997e-06	4.00100000e+01	1.00000000e+02	7.37463127e-10	7.65813439e-12	2.50820157e-03	5.01855835e-04	4.84136177e-05	4.31497650e-03	1.49185504e-04	-1.15714132e+00	-1.21890705e+00	-1.21234282e+00	-1.15616477e+00	5.56627472e-03
4000	4000	246	2.95058997e-06	4.00100000e+01	1.00000000e+02	7.37463127e-10	7.65813310e-12	2.48103335e-03	4.96403857e-04	4.78743856e-05	4.26823977e-03	1.49185200e-04	-1.16187116e+00	-1.22365088e+00	-1.21720715e+00	-1.16089440e+00	5.56538961e-03
4000	4000	247	2.95058997e-06	4.00100000e+01	1.00000000e+02	7.37463127e-10	7.65813183e-12	2.45415948e-03	4.91016035e-04	4.73414005e-05	4.22200879e-03	1.49184900e-04	-1.16660098e+00	-1.22839036e+00	-1.22206926e+00	-1.16562408e+00	5.56451579e-03
4000	4000	248	2.95058997e-06	4.00100000e+01	1.00000000e+02	7.37463127e-10	7.65813057e-12	2.42757676e-03	4.85691641e-04	4.68145926e-05	4.17627811e-03	1.49184604e-04	-1.17133079e+00	-1.23312540e+00	-1.22692911e+00	-1.17035380e+00	5.56365312e-03
4000	4000	249	2.95058997e-06	4.00100000e+01	1.00000000e+02	7.37463127e-10	7.65812933e-12	2.40128207e-03	4.80429960e-04	4.62938931e-05	4.13104232e-03	1.49184311e-04	-1.17606058e+00	-1.23785595e+00	-1.23178666e+00	-1.17508356e+00	5.56280111e-03
4000	4000	250	2.95058997e-06	4.00100000e+01	1.00000000e+02	7.37463127e-10	7.65812810e-12	2.37527228e-03	4.75230285e-04	4.57792337e-05	4.08629607e-03	1.49184022e-04	-1.18079036e+00	-1.24258192e+00	-1.23664184e+00	-1.17981338e+00	5.56196051e-03
4000	4000	251	2.95058997e-06	4.00100000e+01	1.00000000e+02	7.37463127e-10	7.65812689e-12	2.34954431e-03	4.70091914e-04	4.52705470e-05	4.04203409e-03	1.49183737e-04	-1.18552012e+00	-1.24730325e+00	-1.24149462e+00	-1.18454324e+00	5.56113136e-03
4000	4000	252	2.95058997e-06	4.00100000e+01	1.00000000e+02	7.37463127e-10	7.65812569e-12	2.32409512e-03	4.65014157e-04	4.47677667e-05	3.99825113e-03	1.49183456e-04	-1.19024986e+00	-1.25201986e+00	-1.24634493e+00	-1.18927314e+00	5.56031216e-03
4000	4000	253	2.95058997e-06	4.00100000e+01	1.00000000e+02	7.37463127e-10	7.65812451e-12	2.29892170e-03	4.59996331e-04	4.42708267e-05	3.95494203e-03	1.49183178e-04	-1.19497958e+00	-1.25673166e+00	-1.25119273e+00	-1.19400309e+00	5.55950401e-03
4000	4000	254	2.95058997e-06	4.00100000e+01	1.00000000e+02	7.37463127e-10	7.65812333e-12	2.27402107e-03	4.55037762e-04	4.37796621e-05	3.91210167e-03	1.49182904e-04	-1.19970927e+00	-1.26143859e+00	-1.25603795e+00	-1.19873308e+00	5.55870654e-03
4000	4000	255	2.95058997e-06	4.00100000e+01	1.00000000e+02	7.37463127e-10	7.65812218e-12	2.24939028e-03	4.50137782e-04	4.32942086e-05	3.86972499e-03	1.49182634e-04	-1.20443895e+00	-1.26614057e+00	-1.26088055e+00	-1.20346311e+00	5.55791948e-03
4000	4000	256	2.95058997e-06	4.00100000e+01	1.00000000e+02	7.37463127e-10	7.65812103e-12	2.22502641e-03	4.45295732e-04	4.28144026e-05	3.82780697e-03	1.49182367e-04	-1.20916859e+00	-1.27083750e+00	-1.26572047e+00	-1.20819318e+00	5.55714267e-03
4000	4000	257	2.95058997e-06	4.00100000e+01	1.00000000e+02	7.37463127e-10	7.65811990e-12	2.20092658e-03	4.40510961e-04	4.23401813e-05	3.78634268e-03	1.49182104e-04	-1.21389820e+00	-1.27552931e+00	-1.27055765e+00	-1.21292329e+00	5.55637652e-03
4000	4000	258	2.95058997e-06	4.00100000e+01	1.00000000e+02	7.37463127e-10	7.65811878e-12	2.17708794e-03	4.35782827e-04	4.18714826e-05	3.74532719e-03	1.49181844e-04	-1.21862779e+00	-1.28021592e+00	-1.27539202e+00	-1.21765344e+00	5.55561993e-03
4000	4000	259	2.95058997e-06	4.00100000e+01	1.00000000e+02	7.37463127e-10	7.65811768e-12	2.15350766e-03	4.31110694e-04	4.14082451e-05	3.70475568e-03	1.49181588e-04	-1.22335734e+00	-1.28489724e+00	-1.28022353e+00	-1.22238364e+00	5.55487354e-03
4000	4000	260	2.95058997e-06	4.00100000e+01	1.00000000e+02	7.37463127e-10	7.65811659e-12	2.13018295e-03	4.26493933e-04	4.09504082e-05	3.66462334e-03	1.49181335e-04	-1.22808686e+00	-1.28957317e+00	-1.28505212e+00	-1.22711387e+00	5.55413660e-03
4000	4000	261	2.95058997e-06	4.00100000e+01	1.00000000e+02	7.37463127e-10	7.65811551e-12	2.10711106e-03	4.21931911e-04	4.04979126e-05	3.62492545e-03	1.49181085e-04	-1.23281633e+00	-1.29424366e+00	-1.28987772e+00	-1.23184413e+00	5.55341020e-03
4000	4000	262	2.95058997e-06	4.00100000e+01	1.00000000e+02	7.37463127e-10	7.65811444e-12	2.08428928e-03	4.17423994e-04	4.00507001e-05	3.58565735e-03	1.49180839e-04	-1.23754576e+00	-1.29890862e+00	-1.29470025e+00	-1.23657442e+00	5.55269285e-03
4000	4000	263	2.95058997e-06	4.00100000e+01	1.00000000e+02	7.37463127e-10	7.65811339e-12	2.06171488e-03	4.12969612e-04	3.96087103e-05	3.54681434e-03	1.49180596e-04	-1.24227515e+00	-1.30356794e+00	-1.29951966e+00	-1.24130475e+00	5.55198545e-03
4000	4000	264	2.95058997e-06	4.00100000e+01	1.00000000e+02	7.37463127e-10	7.65811234e-12	2.03938518e-03	4.08568165e-04	3.91718854e-05	3.50839184e-03	1.49180356e-04	-1.24700450e+00	-1.30822151e+00	-1.30433588e+00	-1.24603512e+00	5.55128687e-03
4000	4000	265	2.95058997e-06	4.00100000e+01	1.00000000e+02	7.37463127e-10	7.65811131e-12	2.01729753e-03	4.04219062e-04	3.87401681e-05	3.47038530e-03	1.49180119e-04	-1.25173380e+00	-1.31286924e+00	-1.30914886e+00	-1.25076551e+00	5.55059784e-03
4000	4000	266	2.95058997e-06	4.00100000e+01	1.00000000e+02	7.37463127e-10	7.65811030e-12	1.99544932e-03	3.99921718e-04	3.83135018e-05	3.43279022e-03	1.49179885e-04	-1.25646306e+00	-1.31751104e+00	-1.31395851e+00	-1.25549594e+00	5.54991803e-03
4000	4000	267	2.95058997e-06	4.00100000e+01	1.00000000e+02	7.37463127e-10	7.65810929e-12	1.97383797e-03	3.95675557e-04	3.78918306e-05	3.39560217e-03	1.49179655e-04	-1.26119226e+00	-1.32214681e+00	-1.31876477e+00	-1.26022641e+00	5.54924776e-03
4000	4000	268	2.95058997e-06	4.00100000e+01	1.00000000e+02	7.37463127e-10	7.65810829e-12	1.95246091e-03	3.91480007e-04	3.74750993e-05	3.35881674e-03	1.49179428e-04	-1.26592141e+00	-1.32677644e+00	-1.32356757e+00	-1.26495690e+00	5.54858564e-03
4000	4000	269	2.95058997e-06	4.00100000e+01	1.00000000e+02	7.37463127e-10	7.65810731e-12	1.93131562e-03	3.87334504e-04	3.70632532e-05	3.32242959e-03	1.49179204e-04	-1.27065051e+00	-1.33139985e+00	-1.32836682e+00	-1.26968742e+00	5.54793280e-03
4000	4000	270	2.95058997e-06	4.00100000e+01	1.00000000e+02	7.37463127e-10	7.65810634e-12	1.91039958e-03	3.83238492e-04	3.66562383e-05	3.28643641e-03	1.49178982e-04	-1.27537954e+00	-1.33601691e+00	-1.33316246e+00	-1.27441797e+00	5.54728912e-03
4000	4000	271	2.95058997e-06	4.00100000e+01	1.00000000e+02	7.37463127e-10	7.65810538e-12	1.88971033e-03	3.79191419e-04	3.62540014e-05	3.25083296e-03	1.49178764e-04	-1.28010852e+00	-1.34062753e+00	-1.33795441e+00	-1.27914855e+00	5.54665412e-03
4000	4000	272	2.95058997e-06	4.00100000e+01	1.00000000e+02	7.37463127e-10	7.65810443e-12	1.86924541e-03	3.75192743e-04	3.58564896e-05	3.21561501e-03	1.49178549e-04	-1.28483744e+00	-1.34523160e+00	-1.34274259e+00	-1.28387916e+00	5.54602692e-03
4000	4000	273	2.95058997e-06	4.00100000e+01	1.00000000e+02	7.37463127e-10	7.65810349e-12	1.84900239e-03	3.71241924e-04	3.54636508e-05	3.18077841e-03	1.49178337e-04	-1.28956629e+00	-1.34982902e+00	-1.34752692e+00	-1.28860979e+00	5.54540890e-03
4000	4000	274	2.95058997e-06	4.00100000e+01	1.00000000e+02	7.37463127e-10	7.65810256e-12	1.82897888e-03	3.67338433e-04	3.50754335e-05	3.14631903e-03	1.49178127e-04	-1.29429507e+00	-1.35441966e+00	-1.35230731e+00	-1.29334045e+00	5.54479905e-03
4000	4000	275	2.95058997e-06	4.00100000e+01	1.00000000e+02	7.37463127e-10	7.65810165e-12	1.80917251e-03	3.63481744e-04	3.46917867e-05	3.11223281e-03	1.49177920e-04	-1.29902378e+00	-1.35900343e+00	-1.35708369e+00	-1.29807113e+00	5.54419703e-03
4000	4000	276	2.95058997e-06	4.00100000e+01	1.00000000e+02	7.37463127e-10	7.65810074e-12	1.78958093e-03	3.59671339e-04	3.43126602e-05	3.07851570e-03	1.49177717e-04	-1.30375242e+00	-1.36358020e+00	-1.36185597e+00	-1.30280184e+00	5.54360391e-03
4000	4000	277	2.95058997e-06	4.00100000e+01	1.00000000e+02	7.37463127e-10	7.65809985e-12	1.77020182e-03	3.55906705e-04	3.39380041e-05	3.04516373e-03	1.49177515e-04	-1.30848098e+00	-1.36814986e+00	-1.36662406e+00	-1.30753256e+00	5.54301821e-03
4000	4000	278	2.95058997e-06	4.00100000e+01	1.00000000e+02	7.37463127e-10	7.65809896e-12	1.75103289e-03	3.52187336e-04	3.35677693e-05	3.01217294e-03	1.49177317e-04	-1.31320946e+00	-1.37271230e+00	-1.37138788e+00	-1.31226331e+00	5.54244109e-03
4000	4000	279	2.95058997e-06	4.00100000e+01	1.00000000e+02	7.37463127e-10	7.65809809e-12	1.73207186e-03	3.48512731e-04	3.32019072e-05	2.97953944e-03	1.49177122e-04	-1.31793785e+00	-1.37726738e+00	-1.37614733e+00	-1.31699407e+00	5.54187171e-03
4000	4000	280	2.95058997e-06	4.00100000e+01	1.00000000e+02	7.37463127e-10	7.65809722e-12	1.71331649e-03	3.44882397e-04	3.28403697e-05	2.94725937e-03	1.49176929e-04	-1.32266617e+00	-1.38181500e+00	-1.38090232e+00	-1.32172485e+00	5.54130989e-03
4000	4000	281	2.95058997e-06	4.00100000e+01	1.00000000e+02	7.37463127e-10	7.65809637e-12	1.69476455e-03	3.41295845e-04	3.24831094e-05	2.91532890e-03	1.49176738e-04	-1.32739439e+00	-1.38635503e+00	-1.38565277e+00	-1.32645565e+00	5.54075586e-03
4000	4000	282	2.95058997e-06	4.00100000e+01	1.00000000e+02	7.37463127e-10	7.65809552e-12	1.67641385e-03	3.37752591e-04	3.21300793e-05	2.88374427e-03	1.49176550e-04	-1.33212252e+00	-1.39088734e+00	-1.39039856e+00	-1.33118646e+00	5.54020911e-03
4000	4000	283	2.95058997e-06	4.00100000e+01	1.00000000e+02	7.37463127e-10	7.65809469e-12	1.65826221e-03	3.34252159e-04	3.17812330e-05	2.85250173e-03	1.49176365e-04	-1.33685056e+00	-1.39541181e+00	-1.39513962e+00	-1.33591729e+00	5.53967023e-03
4000	4000	284	2.95058997e-06	4.00100000e+01	1.00000000e+02	7.37463127e-10	7.65809386e-12	1.64030749e-03	3.30794077e-04	3.14365248e-05	2.82159759e-03	1.49176183e-04	-1.34157849e+00	-1.39992831e+00	-1.39987583e+00	-1.34064813e+00	5.53913878e-03
4000	4000	285	2.95058997e-06	4.00100000e+01	1.00000000e+02	7.37463127e-10	7.65809305e-12	1.62254755e-03	3.27377880e-04	3.10959092e-05	2.79102820e-03	1.49176003e-04	-1.34630633e+00	-1.40443670e+00	-1.40460710e+00	-1.34537898e+00	5.53861449e-03
4000	4000	286	2.95058997e-06	4.00100000e+01	1.00000000e+02	7.37463127e-10	7.65809224e-12	1.60498010e-03	3.24003161e-04	3.07593586e-05	2.76078959e-03	1.49175825e-04	-1.35103411e+00	-1.40893678e+00	-1.40933308e+00	-1.35010990e+00	5.53809724e-03
4000	4000	287	2.95058997e-06	4.00100000e+01	1.00000000e+02	7.37463127e-10	7.65809145e-12	1.58760322e-03	3.20669419e-04	3.04268140e-05	2.73087848e-03	1.49175650e-04	-1.35576179e+00	-1.41342849e+00	-1.41405388e+00	-1.35484083e+00	5.53758748e-03
4000	4000	288	2.95058997e-06	4.00100000e+01	1.00000000e+02	7.37463127e-10	7.65809066e-12	1.57041489e-03	3.17376195e-04	3.00982288e-05	2.70129139e-03	1.49175477e-04	-1.36048936e+00	-1.41791168e+00	-1.41876942e+00	-1.35957177e+00	5.53708451e-03
4000	4000	289	2.95058997e-06	4.00100000e+01	1.00000000e+02	7.37463127e-10	7.65808988e-12	1.55341306e-03	3.14123045e-04	2.97735598e-05	2.67202483e-03	1.49175307e-04	-1.36521681e+00	-1.42238623e+00	-1.42347960e+00	-1.36430272e+00	5.53658877e-03
4000	4000	290	2.95058997e-06	4.00100000e+01	1.00000000e+02	7.37463127e-10	7.65808911e-12	1.53659574e-03	3.10909531e-04	2.94527643e-05	2.64307532e-03	1.49175139e-04	-1.36994414e+00	-1.42685200e+00	-1.42818430e+00	-1.36903367e+00	5.53609963e-03
4000	4000	291	2.95058997e-06	4.00100000e+01	1.00000000e+02	7.37463127e-10	7.65808835e-12	1.51996091e-03	3.07735218e-04	2.91358000e-05	2.61443945e-03	1.49174973e-04	-1.37467134e+00	-1.43130883e+00	-1.43288341e+00	-1.37376462e+00	5.53561731e-03
4000	4000	292	2.95058997e-06	4.00100000e+01	1.00000000e+02	7.37463127e-10	7.65808760e-12	1.50350661e-03	3.04599678e-04	2.88226253e-05	2.58611382e-03	1.49174810e-04	-1.37939842e+00	-1.43575659e+00	-1.43757682e+00	-1.37849557e+00	5.53514177e-03
4000	4000	293	2.95058997e-06	4.00100000e+01	1.00000000e+02	7.37463127e-10	7.65808686e-12	1.48723089e-03	3.01502487e-04	2.85131988e-05	2.55809508e-03	1.49174649e-04	-1.38412536e+00	-1.44019513e+00	-1.44226442e+00	-1.38322653e+00	5.53467271e-03
4000	4000	294	2.95058997e-06	4.00100000e+01	1.00000000e+02	7.37463127e-10	7.65808612e-12	1.47113183e-03	2.98443226e-04	2.82074797e-05	2.53037992e-03	1.49174490e-04	-1.38885217e+00	-1.44462431e+00	-1.44694608e+00	-1.38795748e+00	5.53420993e-03
4000	4000	295	2.95058997e-06	4.00100000e+01	1.00000000e+02	7.37463127e-10	7.65808540e-12	1.45520750e-03	2.95421481e-04	2.79054277e-05	2.50296505e-03	1.49174333e-04	-1.39357884e+00	-1.44904396e+00	-1.45162168e+00	-1.39268842e+00	5.53375401e-03
4000	4000	296	2.95058997e-06	4.00100000e+01	1.00000000e+02	7.37463127e-10	7.65808468e-12	1.43945603e-03	2.92436844e-04	2.76070030e-05	2.47584723e-03	1.49174179e-04	-1.39830536e+00	-1.45345394e+00	-1.45629110e+00	-1.39741936e+00	5.53330450e-03
4000	4000	297	2.95058997e-06	4.00100000e+01	1.00000000e+02	7.37463127e-10	7.65808397e-12	1.42387555e-03	2.89488909e-04	2.73121661e-05	2.44902326e-03	1.49174027e-04	-1.40303173e+00	-1.45785410e+00	-1.46095421e+00	-1.40215030e+00	5.53286129e-03
4000	4000	298	2.95058997e-06	4.00100000e+01	1.00000000e+02	7.37463127e-10	7.65808327e-12	1.40846420e-03	2.86577278e-04	2.70208783e-05	2.42248995e-03	1.49173876e-04	-1.40775795e+00	-1.46224428e+00	-1.46561090e+00	-1.40688122e+00	5.53242376e-03
4000	4000	299	2.95058997e-06	4.00100000e+01	1.00000000e+02	7.37463127e-10	7.65808258e-12	1.39322017e-03	2.83701556e-04	2.67331009e-05	2.39624417e-03	1.49173728e-04	-1.41248400e+00	-1.46662431e+00	-1.47026102e+00	-1.41161214e+00	5.53199272e-03
4000	4000	300	2.95058997e-06	4.00100000e+01	1.00000000e+02	7.37463127e-10	7.65808190e-12	1.37814165e-03	2.80861352e-04	2.64487960e-05	2.37028281e-03	1.49173582e-04	-1.41720990e+00	-1.47099405e+00	-1.47490445e+00	-1.41634304e+00	5.53156830e-03
4000	4000	301	2.95058997e-06	4.00100000e+01	1.00000000e+02	7.37463127e-10	7.65808122e-12	1.36322685e-03	2.78056281e-04	2.61679260e-05	2.34460280e-03	1.49173438e-04	-1.42193563e+00	-1.47535332e+00	-1.47954106e+00	-1.42107393e+00	5.53114908e-03
4000	4000	302	2.95058997e-06	4.00100000e+01	1.00000000e+02	7.37463127e-10	7.65808055e-12	1.34847400e-03	2.75285961e-04	2.58904536e-05	2.31920109e-03	1.49173296e-04	-1.42666118e+00	-1.47970197e+00	-1.48417070e+00	-1.42580480e+00	5.53073551e-03
4000	4000	303	2.95058997e-06	4.00100000e+01	1.00000000e+02	7.37463127e-10	7.65807989e-12	1.33388135e-03	2.72550015e-04	2.56163423e-05	2.29407468e-03	1.49173156e-04	-1.43138656e+00	-1.48403982e+00	-1.48879324e+00	-1.43053566e+00	5.53032806e-03
4000	4000	304	2.95058997e-06	4.00100000e+01	1.00000000e+02	7.37463127e-10	7.65807924e-12	1.31944717e-03	2.69848071e-04	2.53455556e-05	2.26922060e-03	1.49173019e-04	-1.43611175e+00	-1.48836671e+00	-1.49340854e+00	-1.43526649e+00	5.52992688e-03
4000	4000	305	2.95058997e-06	4.00100000e+01	1.00000000e+02	7.37463127e-10	7.65807859e-12	1.30516975e-03	2.67179761e-04	2.50780578e-05	2.24463590e-03	1.49172882e-04	-1.44083676e+00	-1.49268247e+00	-1.49801646e+00	-1.43999730e+00	5.52953036e-03
4000	4000	306	2.95058997e-06	4.00100000e+01	1.00000000e+02	7.37463127e-10	7.65807795e-12	1.29104740e-03	2.64544721e-04	2.48138132e-05	2.22031767e-03	1.49172748e-04	-1.44556157e+00	-1.49698693e+00	-1.50261685e+00	-1.44472809e+00	5.52914034e-03
4000	4000	307	2.95058997e-06	4.00100000e+01	1.00000000e+02	7.37463127e-10	7.65807732e-12	1.27707845e-03	2.61942591e-04	2.45527870e-05	2.19626303e-03	1.49172616e-04	-1.45028618e+00	-1.50127991e+00	-1.50720956e+00	-1.44945886e+00	5.52875534e-03
4000	4000	308	2.95058997e-06	4.00100000e+01	1.00000000e+02	7.37463127e-10	7.65807670e-12	1.26326123e-03	2.59373014e-04	2.42949444e-05	2.17246914e-03	1.49172486e-04	-1.45501059e+00	-1.50556124e+00	-1.51179445e+00	-1.45418959e+00	5.52837626e-03
4000	4000	309	2.95058997e-06	4.00100000e+01	1.00000000e+02	7.37463127e-10	7.65807608e-12	1.24959411e-03	2.56835641e-04	2.40402511e-05	2.14893318e-03	1.49172357e-04	-1.45973479e+00	-1.50983074e+00	-1.51637136e+00	-1.45892030e+00	5.52800197e-03
4000	4000	310	2.95058997e-06	4.00100000e+01	1.00000000e+02	7.37463127e-10	7.65807548e-12	1.23607546e-03	2.54330122e-04	2.37886734e-05	2.12565236e-03	1.49172231e-04	-1.46445877e+00	-1.51408823e+00	-1.52094014e+00	-1.46365097e+00	5.52763333e-03
4000	4000	311	2.95058997e-06	4.00100000e+01	1.00000000e+02	7.37463127e-10	7.65807487e-12	1.22270370e-03	2.51856115e-04	2.35401777e-05	2.10262392e-03	1.49172106e-04	-1.46918253e+00	-1.51833353e+00	-1.52550062e+00	-1.46838161e+00	5.52726948e-03
4000	4000	312	2.95058997e-06	4.00100000e+01	1.00000000e+02	7.37463127e-10	7.65807428e-12	1.20947722e-03	2.49413279e-04	2.32947309e-05	2.07984514e-03	1.49171983e-04	-1.47390607e+00	-1.52256646e+00	-1.53005266e+00	-1.47311221e+00	5.52691142e-03
4000	4000	313	2.95058997e-06	4.00100000e+01	1.00000000e+02	7.37463127e-10	7.65807369e-12	1.19639446e-03	2.47001279e-04	2.30523005e-05	2.05731331e-03	1.49171862e-04	-1.47862937e+00	-1.52678683e+00	-1.53459609e+00	-1.47784277e+00	5.52655806e-03
4000	4000	314	2.95058997e-06	4.00100000e+01	1.00000000e+02	7.37463127e-10	7.65807311e-12	1.18345387e-03	2.44619783e-04	2.28128539e-05	2.03502578e-03	1.49171742e-04	-1.48335242e+00	-1.53099445e+00	-1.53913074e+00	-1.48257329e+00	5.52621018e-03
4000	4000	315	2.95058997e-06	4.00100000e+01	1.00000000e+02	7.37463127e-10	7.65807254e-12	1.17065392e-03	2.42268462e-04	2.25763593e-05	2.01297990e-03	1.49171624e-04	-1.48807524e+00	-1.53518915e+00	-1.54365645e+00	-1.48730377e+00	5.52586705e-03
4000	4000	316	2.95058997e-06	4.00100000e+01	1.00000000e+02	7.37463127e-10	7.65807197e-12	1.15799308e-03	2.39946992e-04	2.23427851e-05	1.99117306e-03	1.49171508e-04	-1.49279780e+00	-1.53937072e+00	-1.54817305e+00	-1.49203420e+00	5.52552883e-03
4000	4000	317	2.95058997e-06	4.00100000e+01	1.00000000e+02	7.37463127e-10	7.65807141e-12	1.14546986e-03	2.37655051e-04	2.21121000e-05	1.96960268e-03	1.49171393e-04	-1.49752009e+00	-1.54353898e+00	-1.55268037e+00	-1.49676458e+00	5.52519525e-03
4000	4000	318	2.95058997e-06	4.00100000e+01	1.00000000e+02	7.37463127e-10	7.65807085e-12	1.13308277e-03	2.35392322e-04	2.18842732e-05	1.94826620e-03	1.49171280e-04	-1.50224213e+00	-1.54769374e+00	-1.55717823e+00	-1.50149491e+00	5.52486609e-03
4000	4000	319	2.95058997e-06	4.00100000e+01	1.00000000e+02	7.37463127e-10	7.65807031e-12	1.12083033e-03	2.33158491e-04	2.16592741e-05	1.92716110e-03	1.49171169e-04	-1.50696388e+00	-1.55183480e+00	-1.56166646e+00	-1.50622519e+00	5.52454268e-03
4000	4000	320	2.95058997e-06	4.00100000e+01	1.00000000e+02	7.37463127e-10	7.65806976e-12	1.10871111e-03	2.30953248e-04	2.14370726e-05	1.90628487e-03	1.49171060e-04	-1.51168536e+00	-1.55596196e+00	-1.56614488e+00	-1.51095541e+00	5.52422358e-03
4000	4000	321	2.95058997e-06	4.00100000e+01	1.00000000e+02	7.37463127e-10	7.65806923e-12	1.09672365e-03	2.28776285e-04	2.12176388e-05	1.88563505e-03	1.49170951e-04	-1.51640655e+00	-1.56007503e+00	-1.57061331e+00	-1.51568557e+00	5.52390829e-03
4000	4000	322	2.95058997e-06	4.00100000e+01	1.00000000e+02	7.37463127e-10	7.65806870e-12	1.08486655e-03	2.26627300e-04	2.10009432e-05	1.86520918e-03	1.49170845e-04	-1.52112744e+00	-1.56417381e+00	-1.57507156e+00	-1.52041566e+00	5.52359820e-03
4000	4000	323	2.95058997e-06	4.00100000e+01	1.00000000e+02	7.37463127e-10	7.65806818e-12	1.07313838e-03	2.24505991e-04	2.07869567e-05	1.84500485e-03	1.49170740e-04	-1.52584803e+00	-1.56825810e+00	-1.57951945e+00	-1.52514570e+00	5.52329245e-03
4000	4000	324	2.95058997e-06	4.00100000e+01	1.00000000e+02	7.37463127e-10	7.65806766e-12	1.06153776e-03	2.22412062e-04	2.05756504e-05	1.82501967e-03	1.49170636e-04	-1.53056831e+00	-1.57232770e+00	-1.58395679e+00	-1.52987566e+00	5.52299136e-03
4000	4000	325	2.95058997e-06	4.00100000e+01	1.00000000e+02	7.37463127e-10	7.65806715e-12	1.05006332e-03	2.20345219e-04	2.03669959e-05	1.80525126e-03	1.49170534e-04	-1.53528827e+00	-1.57638240e+00	-1.58838338e+00	-1.53460555e+00	5.52269432e-03
4000	4000	326	2.95058997e-06	4.00100000e+01	1.00000000e+02	7.37463127e-10	7.65806664e-12	1.03871369e-03	2.18305171e-04	2.01609649e-05	1.78569728e-03	1.49170434e-04	-1.54000790e+00	-1.58042201e+00	-1.59279905e+00	-1.53933537e+00	5.52240166e-03
4000	4000	327	2.95058997e-06	4.00100000e+01	1.00000000e+02	7.37463127e-10	7.65806615e-12	1.02748753e-03	2.16291631e-04	1.99575295e-05	1.76635542e-03	1.49170335e-04	-1.54472720e+00	-1.58444632e+00	-1.59720358e+00	-1.54406511e+00	5.52211346e-03
4000	4000	328	2.95058997e-06	4.00100000e+01	1.00000000e+02	7.37463127e-10	7.65806565e-12	1.01638350e-03	2.14304314e-04	1.97566623e-05	1.74722339e-03	1.49170237e-04	-1.54944616e+00	-1.58845512e+00	-1.60159678e+00	-1.54879477e+00	5.52182896e-03
4000	4000	329	2.95058997e-06	4.00100000e+01	1.00000000e+02	7.37463127e-10	7.65806516e-12	1.00540028e-03	2.12342940e-04	1.95583359e-05	1.72829891e-03	1.49170141e-04	-1.55416476e+00	-1.59244821e+00	-1.60597846e+00	-1.55352435e+00	5.52154895e-03
4000	4000	330	2.95058997e-06	4.00100000e+01	1.00000000e+02	7.37463127e-10	7.65806468e-12	9.94536584e-04	2.10407229e-04	1.93625235e-05	1.70957976e-03	1.49170046e-04	-1.55888300e+00	-1.59642538e+00	-1.61034840e+00	-1.55825384e+00	5.52127290e-03
4000	4000	331	2.95058997e-06	4.00100000e+01	1.00000000e+02	7.37463127e-10	7.65806421e-12	9.83791110e-04	2.08496906e-04	1.91691983e-05	1.69106370e-03	1.49169953e-04	-1.56360087e+00	-1.60038642e+00	-1.61470641e+00	-1.56298324e+00	5.52100062e-03
4000	4000	332	2.95058997e-06	4.00100000e+01	1.00000000e+02	7.37463127e-10	7.65806374e-12	9.73162585e-04	2.06611700e-04	1.89783340e-05	1.67274854e-03	1.49169861e-04	-1.56831836e+00	-1.60433112e+00	-1.61905228e+00	-1.56771255e+00	5.52073301e-03
4000	4000	333	2.95058997e-06	4.00100000e+01	1.00000000e+02	7.37463127e-10	7.65806327e-12	9.62649750e-04	2.04751339e-04	1.87899045e-05	1.65463212e-03	1.49169770e-04	-1.57303546e+00	-1.60825928e+00	-1.62338579e+00	-1.57244176e+00	5.52046876e-03
4000	4000	334	2.95058997e-06	4.00100000e+01	1.00000000e+02	7.37463127e-10	7.65806281e-12	9.52251355e-04	2.02915559e-04	1.86038841e-05	1.63671228e-03	1.49169680e-04	-1.57775216e+00	-1.61217068e+00	-1.62770673e+00	-1.57717087e+00	5.52020809e-03
4000	4000	335	2.95058997e-06	4.00100000e+01	1.00000000e+02	7.37463127e-10	7.65806236e-12	9.41966168e-04	2.01104093e-04	1.84202474e-05	1.61898691e-03	1.49169592e-04	-1.58246845e+00	-1.61606512e+00	-1.63201490e+00	-1.58189987e+00	5.51995203e-03
4000	4000	336	2.95058997e-06	4.00100000e+01	1.00000000e+02	7.37463127e-10	7.65806191e-12	9.31792968e-04	1.99316682e-04	1.82389689e-05	1.60145390e-03	1.49169506e-04	-1.58718433e+00	-1.61994238e+00	-1.63631008e+00	-1.58662877e+00	5.51969895e-03
4000	4000	337	2.95058997e-06	4.00100000e+01	1.00000000e+02	7.37463127e-10	7.65806146e-12	9.21730547e-04	1.97553067e-04	1.80600240e-05	1.58411118e-03	1.49169420e-04	-1.59189978e+00	-1.62380226e+00	-1.64059204e+00	-1.59135755e+00	5.51945025e-03
4000	4000	338	2.95058997e-06	4.00100000e+01	1.00000000e+02	7.37463127e-10	7.65806102e-12	9.11777712e-04	1.95812991e-04	1.78833878e-05	1.56695668e-03	1.49169336e-04	-1.59661479e+00	-1.62764453e+00	-1.64486057e+00	-1.59608622e+00	5.51920477e-03
4000	4000	339	2.95058997e-06	4.00100000e+01	1.00000000e+02	7.37463127e-10	7.65806059e-12	9.01933282e-04	1.94096201e-04	1.77090359e-05	1.54998838e-03	1.49169253e-04	-1.60132935e+00	-1.63146900e+00	-1.64911544e+00	-1.60081477e+00	5.51896300e-03
4000	4000	340	2.95058997e-06	4.00100000e+01	1.00000000e+02	7.37463127e-10	7.65806016e-12	8.92196087e-04	1.92402447e-04	1.75369444e-05	1.53320427e-03	1.49169171e-04	-1.60604345e+00	-1.63527544e+00	-1.65335644e+00	-1.60554319e+00	5.51872455e-03
4000	4000	341	2.95058997e-06	4.00100000e+01	1.00000000e+02	7.37463127e-10	7.65805974e-12	8.82564973e-04	1.90731480e-04	1.73670891e-05	1.51660235e-03	1.49169090e-04	-1.61075707e+00	-1.63906365e+00	-1.65758333e+00	-1.61027148e+00	5.51848986e-03
4000	4000	342	2.95058997e-06	4.00100000e+01	1.00000000e+02	7.37463127e-10	7.65805932e-12	8.73038796e-04	1.89083054e-04	1.71994467e-05	1.50018066e-03	1.49169011e-04	-1.61547022e+00	-1.64283342e+00	-1.66179588e+00	-1.61499965e+00	5.51825855e-03
4000	4000	343	2.95058997e-06	4.00100000e+01	1.00000000e+02	7.37463127e-10	7.65805891e-12	8.63616426e-04	1.87456926e-04	1.70339935e-05	1.48393724e-03	1.49168933e-04	-1.62018287e+00	-1.64658454e+00	-1.66599388e+00	-1.61972767e+00	5.51803095e-03
4000	4000	344	2.95058997e-06	4.00100000e+01	1.00000000e+02	7.37463127e-10	7.65805850e-12	8.54296745e-04	1.85852856e-04	1.68707067e-05	1.46787018e-03	1.49168856e-04	-1.62489501e+00	-1.65031679e+00	-1.67017708e+00	-1.62445556e+00	5.51780643e-03
4000	4000	345	2.95058997e-06	4.00100000e+01	1.00000000e+02	7.37463127e-10	7.65805809e-12	8.45078645e-04	1.84270604e-04	1.67095632e-05	1.45197758e-03	1.49168780e-04	-1.62960663e+00	-1.65402997e+00	-1.67434526e+00	-1.62918330e+00	5.51758550e-03
4000	4000	346	2.95058997e-06	4.00100000e+01	1.00000000e+02	7.37463127e-10	7.65805769e-12	8.35961034e-04	1.82709934e-04	1.65505405e-05	1.43625754e-03	1.49168705e-04	-1.63431773e+00	-1.65772387e+00	-1.67849818e+00	-1.63391089e+00	5.51736702e-03
4000	4000	347	2.95058997e-06	4.00100000e+01	1.00000000e+02	7.37463127e-10	7.65805730e-12	8.26942828e-04	1.81170613e-04	1.63936161e-05	1.42070820e-03	1.49168631e-04	-1.63902827e+00	-1.66139828e+00	-1.68263560e+00	-1.63863832e+00	5.51715279e-03
4000	4000	348	2.95058997e-06	4.00100000e+01	1.00000000e+02	7.37463127e-10	7.65805691e-12	8.18022957e-04	1.79652408e-04	1.62387679e-05	1.40532772e-03	1.49168558e-04	-1.64373827e+00	-1.66505299e+00	-1.68675729e+00	-1.64336560e+00	5.51694092e-03
4000	4000	349	2.95058997e-06	4.00100000e+01	1.00000000e+02	7.37463127e-10	7.65805652e-12	8.09200363e-04	1.78155091e-04	1.60859739e-05	1.39011427e-03	1.49168487e-04	-1.64844769e+00	-1.66868779e+00	-1.69086300e+00	-1.64809271e+00	5.51673295e-03
4000	4000	350	2.95058997e-06	4.00100000e+01	1.00000000e+02	7.37463127e-10	7.65805614e-12	8.00473998e-04	1.76678433e-04	1.59352125e-05	1.37506606e-03	1.49168416e-04	-1.65315653e+00	-1.67230249e+00	-1.69495250e+00	-1.65281965e+00	5.51652747e-03
4000	4000	351	2.95058997e-06	4.00100000e+01	1.00000000e+02	7.37463127e-10	7.65805576e-12	7.91842825e-04	1.75222210e-04	1.57864621e-05	1.36018129e-03	1.49168347e-04	-1.65786477e+00	-1.67589688e+00	-1.69902555e+00	-1.65754641e+00	5.51632528e-03
4000	4000	352	2.95058997e-06	4.00100000e+01	1.00000000e+02	7.37463127e-10	7.65805539e-12	7.83305821e-04	1.73786199e-04	1.56397015e-05	1.34545821e-03	1.49168278e-04	-1.66257241e+00	-1.67947075e+00	-1.70308190e+00	-1.66227300e+00	5.51612589e-03
4000	4000	353	2.95058997e-06	4.00100000e+01	1.00000000e+02	7.37463127e-10	7.65805502e-12	7.74861972e-04	1.72370178e-04	1.54949097e-05	1.33089506e-03	1.49168211e-04	-1.66727941e+00	-1.68302390e+00	-1.70712131e+00	-1.66699940e+00	5.51592985e-03
4000	4000	354	2.95058997e-06	4.00100000e+01	1.00000000e+02	7.37463127e-10	7.65805466e-12	7.66510275e-04	1.70973929e-04	1.53520657e-05	1.31649012e-03	1.49168145e-04	-1.67198578e+00	-1.68655614e+00	-1.71114354e+00	-1.67172560e+00	5.51573667e-03
4000	4000	355	2.95058997e-06	4.00100000e+01	1.00000000e+02	7.37463127e-10	7.65805430e-12	7.58249738e-04	1.69597234e-04	1.52111490e-05	1.30224168e-03	1.49168079e-04	-1.67669149e+00	-1.69006727e+00	-1.71514834e+00	-1.67645162e+00	5.51554588e-03
4000	4000	356	2.95058997e-06	4.00100000e+01	1.00000000e+02	7.37463127e-10	7.65805394e-12	7.50079381e-04	1.68239879e-04	1.50721391e-05	1.28814805e-03	1.49168015e-04	-1.68139653e+00	-1.69355708e+00	-1.71913547e+00	-1.68117743e+00	5.51535870e-03
4000	4000	357	2.95058997e-06	4.00100000e+01	1.00000000e+02	7.37463127e-10	7.65805359e-12	7.41998234e-04	1.66901651e-04	1.49350159e-05	1.27420757e-03	1.49167951e-04	-1.68610089e+00	-1.69702540e+00	-1.72310467e+00	-1.68590303e+00	5.51517392e-03
4000	4000	358	2.95058997e-06	4.00100000e+01	1.00000000e+02	7.37463127e-10	7.65805324e-12	7.34005337e-04	1.65582339e-04	1.47997592e-05	1.26041857e-03	1.49167889e-04	-1.69080454e+00	-1.70047202e+00	-1.72705571e+00	-1.69062842e+00	5.51499159e-03
4000	4000	359	2.95058997e-06	4.00100000e+01	1.00000000e+02	7.37463127e-10	7.65805290e-12	7.26099741e-04	1.64281733e-04	1.46663493e-05	1.24677942e-03	1.49167827e-04	-1.69550748e+00	-1.70389676e+00	-1.73098834e+00	-1.69535358e+00	5.51481212e-03
4000	4000	360	2.95058997e-06	4.00100000e+01	1.00000000e+02	7.37463127e-10	7.65805256e-12	7.18280508e-04	1.62999626e-04	1.45347665e-05	1.23328850e-03	1.49167766e-04	-1.70020968e+00	-1.70729942e+00	-1.73490230e+00	-1.70007853e+00	5.51463576e-03
4000	4000	361	2.95058997e-06	4.00100000e+01	1.00000000e+02	7.37463127e-10	7.65805223e-12	7.10546707e-04	1.61735813e-04	1.44049914e-05	1.21994422e-03	1.49167707e-04	-1.70491113e+00	-1.71067984e+00	-1.73879736e+00	-1.70480324e+00	5.51446170e-03
4000	4000	362	2.95058997e-06	4.00100000e+01	1.00000000e+02	7.37463127e-10	7.65805190e-12	7.02897423e-04	1.60490089e-04	1.42770047e-05	1.20674498e-03	1.49167648e-04	-1.70961181e+00	-1.71403781e+00	-1.74267326e+00	-1.70952771e+00	5.51429033e-03
4000	4000	363	2.95058997e-06	4.00100000e+01	1.00000000e+02	7.37463127e-10	7.65805157e-12	6.95331744e-04	1.59262253e-04	1.41507873e-05	1.19368924e-03	1.49167590e-04	-1.71431170e+00	-1.71737318e+00	-1.74652976e+00	-1.71425193e+00	5.51412168e-03
4000	4000	364	2.95058997e-06	4.00100000e+01	1.00000000e+02	7.37463127e-10	7.65805124e-12	6.87848774e-04	1.58052105e-04	1.40263204e-05	1.18077542e-03	1.49167533e-04	-1.71901079e+00	-1.72068575e+00	-1.75036661e+00	-1.71897590e+00	5.51395596e-03
4000	4000	365	2.95058997e-06	4.00100000e+01	1.00000000e+02	7.37463127e-10	7.65805092e-12	6.80447624e-04	1.56859446e-04	1.39035851e-05	1.16800202e-03	1.49167477e-04	-1.72370906e+00	-1.72397536e+00	-1.75418356e+00	-1.72369962e+00	5.51379215e-03
4000	4000	366	2.95058997e-06	4.00100000e+01	1.00000000e+02	7.37463127e-10	7.65805061e-12	6.73127414e-04	1.55684079e-04	1.37825630e-05	1.15536750e-03	1.49167421e-04	-1.72840648e+00	-1.72724183e+00	-1.75798037e+00	-1.72842306e+00	5.51363085e-03
4000	4000	367	2.95058997e-06	4.00100000e+01	1.00000000e+02	7.37463127e-10	7.65805030e-12	6.65887275e-04	1.54525809e-04	1.36632357e-05	1.14287037e-03	1.49167367e-04	-1.73310304e+00	-1.73048501e+00	-1.76175680e+00	-1.73314624e+00	5.51347241e-03
4000	4000	368	2.95058997e-06	4.00100000e+01	1.00000000e+02	7.37463127e-10	7.65804999e-12	6.58726346e-04	1.53384442e-04	1.35455849e-05	1.13050915e-03	1.49167313e-04	-1.73779873e+00	-1.73370472e+00	-1.76551260e+00	-1.73786913e+00	5.51331603e-03
4000	4000	369	2.95058997e-06	4.00100000e+01	1.00000000e+02	7.37463127e-10	7.65804968e-12	6.51643779e-04	1.52259787e-04	1.34295927e-05	1.11828236e-03	1.49167260e-04	-1.74249351e+00	-1.73690081e+00	-1.76924752e+00	-1.74259173e+00	5.51316182e-03
4000	4000	370	2.95058997e-06	4.00100000e+01	1.00000000e+02	7.37463127e-10	7.65804938e-12	6.44638730e-04	1.51151653e-04	1.33152410e-05	1.10618857e-03	1.49167208e-04	-1.74718737e+00	-1.74007313e+00	-1.77296133e+00	-1.74731404e+00	5.51301032e-03
4000	4000	371	2.95058997e-06	4.00100000e+01	1.00000000e+02	7.37463127e-10	7.65804908e-12	6.37710368e-04	1.50059852e-04	1.32025123e-05	1.09422634e-03	1.49167157e-04	-1.75188028e+00	-1.74322152e+00	-1.77665378e+00	-1.75203605e+00	5.51286097e-03
4000	4000	372	2.95058997e-06	4.00100000e+01	1.00000000e+02	7.37463127e-10	7.65804879e-12	6.30857870e-04	1.48984196e-04	1.30913888e-05	1.08239423e-03	1.49167106e-04	-1.75657223e+00	-1.74634583e+00	-1.78032464e+00	-1.75675774e+00	5.51271384e-03
4000	4000	373	2.95058997e-06	4.00100000e+01	1.00000000e+02	7.37463127e-10	7.65804849e-12	6.24080421e-04	1.47924499e-04	1.29818533e-05	1.07069087e-03	1.49167057e-04	-1.76126320e+00	-1.74944593e+00	-1.78397366e+00	-1.76147911e+00	5.51256932e-03
4000	4000	374	2.95058997e-06	4.00100000e+01	1.00000000e+02	7.37463127e-10	7.65804821e-12	6.17377217e-04	1.46880577e-04	1.28738884e-05	1.05911484e-03	1.49167008e-04	-1.76595316e+00	-1.75252166e+00	-1.78760062e+00	-1.76620016e+00	5.51242660e-03
4000	4000	375	2.95058997e-06	4.00100000e+01	1.00000000e+02	7.37463127e-10	7.65804792e-12	6.10747461e-04	1.45852249e-04	1.27674770e-05	1.04766478e-03	1.49166959e-04	-1.77064209e+00	-1.75557290e+00	-1.79120527e+00	-1.77092086e+00	5.51228579e-03
4000	4000	376	2.95058997e-06	4.00100000e+01	1.00000000e+02	7.37463127e-10	7.65804764e-12	6.04190366e-04	1.44839331e-04	1.26626022e-05	1.03633934e-03	1.49166912e-04	-1.77532996e+00	-1.75859952e+00	-1.79478740e+00	-1.77564123e+00	5.51214772e-03
4000	4000	377	2.95058997e-06	4.00100000e+01	1.00000000e+02	7.37463127e-10	7.65804736e-12	5.97705152e-04	1.43841645e-04	1.25592471e-05	1.02513716e-03	1.49166865e-04	-1.78001676e+00	-1.76160139e+00	-1.79834676e+00	-1.78036123e+00	5.51201185e-03
4000	4000	378	2.95058997e-06	4.00100000e+01	1.00000000e+02	7.37463127e-10	7.65804709e-12	5.91291048e-04	1.42859012e-04	1.24573949e-05	1.01405691e-03	1.49166819e-04	-1.78470246e+00	-1.76457839e+00	-1.80188313e+00	-1.78508088e+00	5.51187775e-03
4000	4000	379	2.95058997e-06	4.00100000e+01	1.00000000e+02	7.37463127e-10	7.65804682e-12	5.84947293e-04	1.41891255e-04	1.23570293e-05	1.00309729e-03	1.49166774e-04	-1.78938702e+00	-1.76753040e+00	-1.80539628e+00	-1.78980015e+00	5.51174543e-03
4000	4000	380	2.95058997e-06	4.00100000e+01	1.00000000e+02	7.37463127e-10	7.65804655e-12	5.78673132e-04	1.40938199e-04	1.22581337e-05	9.92256995e-04	1.49166729e-04	-1.79407044e+00	-1.77045731e+00	-1.80888600e+00	-1.79451904e+00	5.51161565e-03
4000	4000	381	2.95058997e-06	4.00100000e+01	1.00000000e+02	7.37463127e-10	7.65804628e-12	5.72467821e-04	1.39999670e-04	1.21606919e-05	9.81534731e-04	1.49166685e-04	-1.79875268e+00	-1.77335902e+00	-1.81235207e+00	-1.79923754e+00	5.51148754e-03
4000	4000	382	2.95058997e-06	4.00100000e+01	1.00000000e+02	7.37463127e-10	7.65804602e-12	5.66330621e-04	1.39075494e-04	1.20646878e-05	9.70929229e-04	1.49166642e-04	-1.80343372e+00	-1.77623542e+00	-1.81579427e+00	-1.80395563e+00	5.51136136e-03
4000	4000	383	2.95058997e-06	4.00100000e+01	1.00000000e+02	7.37463127e-10	7.65804576e-12	5.60260803e-04	1.38165500e-04	1.19701052e-05	9.60439230e-04	1.49166599e-04	-1.80811352e+00	-1.77908642e+00	-1.81921239e+00	-1.80867332e+00	5.51123756e-03
4000	4000	384	2.95058997e-06	4.00100000e+01	1.00000000e+02	7.37463127e-10	7.65804550e-12	5.54257647e-04	1.37269518e-04	1.18769283e-05	9.50063490e-04	1.49166557e-04	-1.81279207e+00	-1.78191192e+00	-1.82260622e+00	-1.81339058e+00	5.51111552e-03
4000	4000	385	2.95058997e-06	4.00100000e+01	1.00000000e+02	7.37463127e-10	7.65804525e-12	5.48320437e-04	1.36387379e-04	1.17851414e-05	9.39800775e-04	1.49166516e-04	-1.81746933e+00	-1.78471185e+00	-1.82597556e+00	-1.81810741e+00	5.51099499e-03
4000	4000	386	2.95058997e-06	4.00100000e+01	1.00000000e+02	7.37463127e-10	7.65804500e-12	5.42448469e-04	1.35518915e-04	1.16947288e-05	9.29649870e-04	1.49166475e-04	-1.82214527e+00	-1.78748611e+00	-1.82932020e+00	-1.82282380e+00	5.51087650e-03
4000	4000	387	2.95058997e-06	4.00100000e+01	1.00000000e+02	7.37463127e-10	7.65804475e-12	5.36641011e-04	1.34663962e-04	1.16056750e-05	9.19609510e-04	1.49166435e-04	-1.82681990e+00	-1.79023465e+00	-1.83263995e+00	-1.82753975e+00	5.51075988e-03
4000	4000	388	2.95058997e-06	4.00100000e+01	1.00000000e+02	7.37463127e-10	7.65804451e-12	5.30897406e-04	1.33822352e-04	1.15179646e-05	9.09678560e-04	1.49166396e-04	-1.83149316e+00	-1.79295737e+00	-1.83593462e+00	-1.83225525e+00	5.51064532e-03
4000	4000	389	2.95058997e-06	4.00100000e+01	1.00000000e+02	7.37463127e-10	7.65804427e-12	5.25216972e-04	1.32993923e-04	1.14315822e-05	8.99855843e-04	1.49166357e-04	-1.83616501e+00	-1.79565423e+00	-1.83920401e+00	-1.83697027e+00	5.51053217e-03
4000	4000	390	2.95058997e-06	4.00100000e+01	1.00000000e+02	7.37463127e-10	7.65804403e-12	5.19599034e-04	1.32178513e-04	1.13465128e-05	8.90140195e-04	1.49166319e-04	-1.84083542e+00	-1.79832517e+00	-1.84244795e+00	-1.84168480e+00	5.51042073e-03
4000	4000	391	2.95058997e-06	4.00100000e+01	1.00000000e+02	7.37463127e-10	7.65804379e-12	5.14042924e-04	1.31375960e-04	1.12627412e-05	8.80530460e-04	1.49166281e-04	-1.84550437e+00	-1.80097013e+00	-1.84566625e+00	-1.84639882e+00	5.51031145e-03
4000	4000	392	2.95058997e-06	4.00100000e+01	1.00000000e+02	7.37463127e-10	7.65804356e-12	5.08547982e-04	1.30586104e-04	1.11802526e-05	8.71025499e-04	1.49166244e-04	-1.85017182e+00	-1.80358907e+00	-1.84885874e+00	-1.85111234e+00	5.51020351e-03
4000	4000	393	2.95058997e-06	4.00100000e+01	1.00000000e+02	7.37463127e-10	7.65804333e-12	5.03113553e-04	1.29808787e-04	1.10990321e-05	8.61624182e-04	1.49166208e-04	-1.85483774e+00	-1.80618194e+00	-1.85202525e+00	-1.85582533e+00	5.51009741e-03
4000	4000	394	2.95058997e-06	4.00100000e+01	1.00000000e+02	7.37463127e-10	7.65804310e-12	4.97738992e-04	1.29043852e-04	1.10190649e-05	8.52325394e-04	1.49166172e-04	-1.85950210e+00	-1.80874872e+00	-1.85516562e+00	-1.86053778e+00	5.50999292e-03
4000	4000	395	2.95058997e-06	4.00100000e+01	1.00000000e+02	7.37463127e-10	7.65804288e-12	4.92423660e-04	1.28291141e-04	1.09403365e-05	8.43128030e-04	1.49166136e-04	-1.86416485e+00	-1.81128936e+00	-1.85827968e+00	-1.86524968e+00	5.50988972e-03
4000	4000	396	2.95058997e-06	4.00100000e+01	1.00000000e+02	7.37463127e-10	7.65804265e-12	4.87166924e-04	1.27550500e-04	1.08628323e-05	8.34030997e-04	1.49166102e-04	-1.86882597e+00	-1.81380387e+00	-1.86136728e+00	-1.86996102e+00	5.50978876e-03
4000	4000	397	2.95058997e-06	4.00100000e+01	1.00000000e+02	7.37463127e-10	7.65804243e-12	4.81968160e-04	1.26821776e-04	1.07865380e-05	8.25033217e-04	1.49166068e-04	-1.87348541e+00	-1.81629220e+00	-1.86442828e+00	-1.87467177e+00	5.50968944e-03
4000	4000	398	2.95058997e-06	4.00100000e+01	1.00000000e+02	7.37463127e-10	7.65804222e-12	4.76826748e-04	1.26104815e-04	1.07114392e-05	8.16133619e-04	1.49166034e-04	-1.87814315e+00	-1.81875436e+00	-1.86746253e+00	-1.87938194e+00	5.50959140e-03
4000	4000	399	2.95058997e-06	4.00100000e+01	1.00000000e+02	7.37463127e-10	7.65804200e-12	4.71742078e-04	1.25399467e-04	1.06375218e-05	8.07331147e-04	1.49166001e-04	-1.88279914e+00	-1.82119034e+00	-1.87046990e+00	-1.88409150e+00	5.50949461e-03
4000	4000	400	2.95058997e-06	4.00100000e+01	1.00000000e+02	7.37463127e-10	7.65804179e-12	4.66713544e-04	1.24705580e-04	1.05647716e-05	7.98624756e-04	1.49165968e-04	-1.88745336e+00	-1.82360014e+00	-1.87345025e+00	-1.88880044e+00	5.50939995e-03
4000	4000	401	2.95058997e-06	4.00100000e+01	1.00000000e+02	7.37463127e-10	7.65804158e-12	4.61740549e-04	1.24023007e-04	1.04931747e-05	7.90013412e-04	1.49165936e-04	-1.89210574e+00	-1.82598378e+00	-1.87640346e+00	-1.89350874e+00	5.50930610e-03
4000	4000	402	2.95058997e-06	4.00100000e+01	1.00000000e+02	7.37463127e-10	7.65804137e-12	4.56822500e-04	1.23351599e-04	1.04227172e-05	7.81496091e-04	1.49165904e-04	-1.89675627e+00	-1.82834125e+00	-1.87932941e+00	-1.89821640e+00	5.50921379e-03
4000	4000	403	2.95058997e-06	4.00100000e+01	1.00000000e+02	7.37463127e-10	7.65804117e-12	4.51958813e-04	1.22691210e-04	1.03533852e-05	7.73071783e-04	1.49165873e-04	-1.90140490e+00	-1.83067258e+00	-1.88222799e+00	-1.90292339e+00	5.50912332e-03
4000	4000	404	2.95058997e-06	4.00100000e+01	1.00000000e+02	7.37463127e-10	7.65804096e-12	4.47148909e-04	1.22041694e-04	1.02851651e-05	7.64739486e-04	1.49165842e-04	-1.90605158e+00	-1.83297781e+00	-1.88509909e+00	-1.90762969e+00	5.50903370e-03
4000	4000	405	2.95058997e-06	4.00100000e+01	1.00000000e+02	7.37463127e-10	7.65804076e-12	4.42392216e-04	1.21402907e-04	1.02180433e-05	7.56498211e-04	1.49165812e-04	-1.91069628e+00	-1.83525695e+00	-1.88794262e+00	-1.91233530e+00	5.50894620e-03
4000	4000	406	2.95058997e-06	4.00100000e+01	1.00000000e+02	7.37463127e-10	7.65804056e-12	4.37688166e-04	1.20774705e-04	1.01520063e-05	7.48346979e-04	1.49165783e-04	-1.91533895e+00	-1.83751005e+00	-1.89075848e+00	-1.91704020e+00	5.50886007e-03
4000	4000	407	2.95058997e-06	4.00100000e+01	1.00000000e+02	7.37463127e-10	7.65804037e-12	4.33036202e-04	1.20156948e-04	1.00870406e-05	7.40284821e-04	1.49165754e-04	-1.91997955e+00	-1.83973714e+00	-1.89354659e+00	-1.92174436e+00	5.50877531e-03
4000	4000	408	2.95058997e-06	4.00100000e+01	1.00000000e+02	7.37463127e-10	7.65804017e-12	4.28435768e-04	1.19549494e-04	1.00231330e-05	7.32310779e-04	1.49165725e-04	-1.92461804e+00	-1.84193829e+00	-1.89630687e+00	-1.92644778e+00	5.50869150e-03
4000	4000	409	2.95058997e-06	4.00100000e+01	1.00000000e+02	7.37463127e-10	7.65803998e-12	4.23886318e-04	1.18952203e-04	9.96027020e-06	7.24423907e-04	1.49165697e-04	-1.92925436e+00	-1.84411354e+00	-1.89903924e+00	-1.93115043e+00	5.50860916e-03
4000	4000	410	2.95058997e-06	4.00100000e+01	1.00000000e+02	7.37463127e-10	7.65803979e-12	4.19387309e-04	1.18364938e-04	9.89843911e-06	7.16623268e-04	1.49165669e-04	-1.93388848e+00	-1.84626296e+00	-1.90174364e+00	-1.93585230e+00	5.50852759e-03
4000	4000	411	2.95058997e-06	4.00100000e+01	1.00000000e+02	7.37463127e-10	7.65803961e-12	4.14938207e-04	1.17787560e-04	9.83762669e-06	7.08907933e-04	1.49165641e-04	-1.93852033e+00	-1.84838661e+00	-1.90442002e+00	-1.94055337e+00	5.50844788e-03
4000	4000	412	2.95058997e-06	4.00100000e+01	1.00000000e+02	7.37463127e-10	7.65803942e-12	4.10538481e-04	1.17219934e-04	9.77782000e-06	7.01276988e-04	1.49165614e-04	-1.94314989e+00	-1.85048456e+00	-1.90706832e+00	-1.94525362e+00	5.50836939e-03
4000	4000	413	2.95058997e-06	4.00100000e+01	1.00000000e+02	7.37463127e-10	7.65803924e-12	4.06187607e-04	1.16661925e-04	9.71900618e-06	6.93729525e-04	1.49165588e-04	-1.94777709e+00	-1.85255690e+00	-1.90968850e+00	-1.94995303e+00	5.50829199e-03
4000	4000	414	2.95058997e-06	4.00100000e+01	1.00000000e+02	7.37463127e-10	7.65803906e-12	4.01885068e-04	1.16113398e-04	9.66117249e-06	6.86264647e-04	1.49165561e-04	-1.95240189e+00	-1.85460370e+00	-1.91228052e+00	-1.95465158e+00	5.50821569e-03
4000	4000	415	2.95058997e-06	4.00100000e+01	1.00000000e+02	7.37463127e-10	7.65803888e-12	3.97630352e-04	1.15574223e-04	9.60430625e-06	6.78881467e-04	1.49165536e-04	-1.95702423e+00	-1.85662505e+00	-1.91484436e+00	-1.95934926e+00	5.50814168e-03
4000	4000	416	2.95058997e-06	4.00100000e+01	1.00000000e+02	7.37463127e-10	7.65803871e-12	3.93422950e-04	1.15044266e-04	9.54839489e-06	6.71579108e-04	1.49165511e-04	-1.96164407e+00	-1.85862105e+00	-1.91737999e+00	-1.96404603e+00	5.50806821e-03
4000	4000	417	2.95058997e-06	4.00100000e+01	1.00000000e+02	7.37463127e-10	7.65803853e-12	3.89262363e-04	1.14523398e-04	9.49342594e-06	6.64356702e-04	1.49165486e-04	-1.96626135e+00	-1.86059181e+00	-1.91988739e+00	-1.96874189e+00	5.50799584e-03
4000	4000	418	2.95058997e-06	4.00100000e+01	1.00000000e+02	7.37463127e-10	7.65803836e-12	3.85148094e-04	1.14011489e-04	9.43938699e-06	6.57213390e-04	1.49165461e-04	-1.97087601e+00	-1.86253741e+00	-1.92236657e+00	-1.97343681e+00	5.50792412e-03
4000	4000	419	2.95058997e-06	4.00100000e+01	1.00000000e+02	7.37463127e-10	7.65803819e-12	3.81079653e-04	1.13508413e-04	9.38626575e-06	6.50148324e-04	1.49165437e-04	-1.97548800e+00	-1.86445798e+00	-1.92481751e+00	-1.97813076e+00	5.50785406e-03
4000	4000	420	2.95058997e-06	4.00100000e+01	1.00000000e+02	7.37463127e-10	7.65803802e-12	3.77056556e-04	1.13014041e-04	9.33405001e-06	6.43160665e-04	1.49165413e-04	-1.98009726e+00	-1.86635363e+00	-1.92724024e+00	-1.98282373e+00	5.50778496e-03
4000	4000	421	2.95058997e-06	4.00100000e+01	1.00000000e+02	7.37463127e-10	7.65803785e-12	3.73078323e-04	1.12528248e-04	9.28272764e-06	6.36249581e-04	1.49165390e-04	-1.98470374e+00	-1.86822447e+00	-1.92963475e+00	-1.98751570e+00	5.50771750e-03
4000	4000	422	2.95058997e-06	4.00100000e+01	1.00000000e+02	7.37463127e-10	7.65803769e-12	3.69144480e-04	1.12050911e-04	9.23228662e-06	6.29414250e-04	1.49165367e-04	-1.98930738e+00	-1.87007064e+00	-1.93200108e+00	-1.99220664e+00	5.50765069e-03
4000	4000	423	2.95058997e-06	4.00100000e+01	1.00000000e+02	7.37463127e-10	7.65803753e-12	3.65254558e-04	1.11581905e-04	9.18271501e-06	6.22653862e-04	1.49165345e-04	-1.99390812e+00	-1.87189226e+00	-1.93433925e+00	-1.99689652e+00	5.50758490e-03
4000	4000	424	2.95058997e-06	4.00100000e+01	1.00000000e+02	7.37463127e-10	7.65803737e-12	3.61408093e-04	1.11121108e-04	9.13400097e-06	6.15967611e-04	1.49165323e-04	-1.99850589e+00	-1.87368947e+00	-1.93664931e+00	-2.00158533e+00	5.50752023e-03
4000	4000	425	2.95058997e-06	4.00100000e+01	1.00000000e+02	7.37463127e-10	7.65803721e-12	3.57604627e-04	1.10668400e-04	9.08613273e-06	6.09354703e-04	1.49165301e-04	-2.00310063e+00	-1.87546240e+00	-1.93893128e+00	-2.00627304e+00	5.50745673e-03
4000	4000	426	2.95058997e-06	4.00100000e+01	1.00000000e+02	7.37463127e-10	7.65803705e-12	3.53843706e-04	1.10223661e-04	9.03909863e-06	6.02814352e-04	1.49165279e-04	-2.00769229e+00	-1.87721120e+00	-1.94118523e+00	-2.01095962e+00	5.50739441e-03
4000	4000	427	2.95058997e-06	4.00100000e+01	1.00000000e+02	7.37463127e-10	7.65803690e-12	3.50124881e-04	1.09786772e-04	8.99288710e-06	5.96345781e-04	1.49165258e-04	-2.01228079e+00	-1.87893602e+00	-1.94341122e+00	-2.01564506e+00	5.50733271e-03
4000	4000	428	2.95058997e-06	4.00100000e+01	1.00000000e+02	7.37463127e-10	7.65803674e-12	3.46447710e-04	1.09357615e-04	8.94748666e-06	5.89948219e-04	1.49165237e-04	-2.01686606e+00	-1.88063700e+00	-1.94560930e+00	-2.02032931e+00	5.50727213e-03
4000	4000	429	2.95058997e-06	4.00100000e+01	1.00000000e+02	7.37463127e-10	7.65803659e-12	3.42811753e-04	1.08936075e-04	8.90288591e-06	5.83620908e-04	1.49165217e-04	-2.02144806e+00	-1.88231431e+00	-1.94777955e+00	-2.02501237e+00	5.50721254e-03
4000	4000	430	2.95058997e-06	4.00100000e+01	1.00000000e+02	7.37463127e-10	7.65803644e-12	3.39216576e-04	1.08522037e-04	8.85907356e-06	5.77363093e-04	1.49165197e-04	-2.02602669e+00	-1.88396809e+00	-1.94992205e+00	-2.02969419e+00	5.50715400e-03
4000	4000	431	2.95058997e-06	4.00100000e+01	1.00000000e+02	7.37463127e-10	7.65803630e-12	3.35661751e-04	1.08115386e-04	8.81603840e-06	5.71174032e-04	1.49165177e-04	-2.03060190e+00	-1.88559853e+00	-1.95203689e+00	-2.03437475e+00	5.50709648e-03
4000	4000	432	2.95058997e-06	4.00100000e+01	1.00000000e+02	7.37463127e-10	7.65803615e-12	3.32146853e-04	1.07716010e-04	8.77376931e-06	5.65052987e-04	1.49165158e-04	-2.03517362e+00	-1.88720577e+00	-1.95412415e+00	-2.03905403e+00	5.50704004e-03
4000	4000	433	2.95058997e-06	4.00100000e+01	1.00000000e+02	7.37463127e-10	7.65803601e-12	3.28671463e-04	1.07323798e-04	8.73225528e-06	5.58999232e-04	1.49165138e-04	-2.03974176e+00	-1.88879000e+00	-1.95618394e+00	-2.04373200e+00	5.50698358e-03
4000	4000	434	2.95058997e-06	4.00100000e+01	1.00000000e+02	7.37463127e-10	7.65803586e-12	3.25235165e-04	1.06938638e-04	8.69148537e-06	5.53012047e-04	1.49165119e-04	-2.04430626e+00	-1.89035138e+00	-1.95821636e+00	-2.04840862e+00	5.50692881e-03
4000	4000	435	2.95058997e-06	4.00100000e+01	1.00000000e+02	7.37463127e-10	7.65803572e-12	3.21837549e-04	1.06560422e-04	8.65144875e-06	5.47090718e-04	1.49165101e-04	-2.04886705e+00	-1.89189010e+00	-1.96022152e+00	-2.05308386e+00	5.50687493e-03
4000	4000	436	2.95058997e-06	4.00100000e+01	1.00000000e+02	7.37463127e-10	7.65803558e-12	3.18478210e-04	1.06189042e-04	8.61213467e-06	5.41234542e-04	1.49165083e-04	-2.05342404e+00	-1.89340633e+00	-1.96219955e+00	-2.05775770e+00	5.50682199e-03
4000	4000	437	2.95058997e-06	4.00100000e+01	1.00000000e+02	7.37463127e-10	7.65803544e-12	3.15156746e-04	1.05824390e-04	8.57353250e-06	5.35442823e-04	1.49165065e-04	-2.05797715e+00	-1.89490026e+00	-1.96415056e+00	-2.06243011e+00	5.50676963e-03
4000	4000	438	2.95058997e-06	4.00100000e+01	1.00000000e+02	7.37463127e-10	7.65803531e-12	3.11872760e-04	1.05466362e-04	8.53563167e-06	5.29714871e-04	1.49165047e-04	-2.06252632e+00	-1.89637207e+00	-1.96607469e+00	-2.06710104e+00	5.50671808e-03
4000	4000	439	2.95058997e-06	4.00100000e+01	1.00000000e+02	7.37463127e-10	7.65803517e-12	3.08625859e-04	1.05114852e-04	8.49842172e-06	5.24050005e-04	1.49165030e-04	-2.06707145e+00	-1.89782195e+00	-1.96797208e+00	-2.07177048e+00	5.50666739e-03
4000	4000	440	2.95058997e-06	4.00100000e+01	1.00000000e+02	7.37463127e-10	7.65803504e-12	3.05415656e-04	1.04769758e-04	8.46189230e-06	5.18447551e-04	1.49165013e-04	-2.07161246e+00	-1.89925009e+00	-1.96984287e+00	-2.07643838e+00	5.50661796e-03
4000	4000	441	2.95058997e-06	4.00100000e+01	1.00000000e+02	7.37463127e-10	7.65803491e-12	3.02241766e-04	1.04430976e-04	8.42603312e-06	5.12906843e-04	1.49164996e-04	-2.07614928e+00	-1.90065669e+00	-1.97168720e+00	-2.08110472e+00	5.50656944e-03
4000	4000	442	2.95058997e-06	4.00100000e+01	1.00000000e+02	7.37463127e-10	7.65803478e-12	2.99103811e-04	1.04098407e-04	8.39083403e-06	5.07427221e-04	1.49164979e-04	-2.08068181e+00	-1.90204195e+00	-1.97350523e+00	-2.08576945e+00	5.50652122e-03
4000	4000	443	2.95058997e-06	4.00100000e+01	1.00000000e+02	7.37463127e-10	7.65803465e-12	2.96001414e-04	1.03771950e-04	8.35628494e-06	5.02008033e-04	1.49164963e-04	-2.08520997e+00	-1.90340605e+00	-1.97529712e+00	-2.09043254e+00	5.50647421e-03
4000	4000	444	2.95058997e-06	4.00100000e+01	1.00000000e+02	7.37463127e-10	7.65803452e-12	2.92934204e-04	1.03451507e-04	8.32237586e-06	4.96648635e-04	1.49164947e-04	-2.08973368e+00	-1.90474921e+00	-1.97706303e+00	-2.09509396e+00	5.50642736e-03
4000	4000	445	2.95058997e-06	4.00100000e+01	1.00000000e+02	7.37463127e-10	7.65803440e-12	2.89901814e-04	1.03136980e-04	8.28909692e-06	4.91348389e-04	1.49164932e-04	-2.09425283e+00	-1.90607162e+00	-1.97880314e+00	-2.09975367e+00	5.50638217e-03
4000	4000	446	2.95058997e-06	4.00100000e+01	1.00000000e+02	7.37463127e-10	7.65803427e-12	2.86903881e-04	1.02828272e-04	8.25643833e-06	4.86106663e-04	1.49164916e-04	-2.09876734e+00	-1.90737349e+00	-1.98051762e+00	-2.10441163e+00	5.50633693e-03
4000	4000	447	2.95058997e-06	4.00100000e+01	1.00000000e+02	7.37463127e-10	7.65803415e-12	2.83940046e-04	1.02525289e-04	8.22439039e-06	4.80922835e-04	1.49164901e-04	-2.10327711e+00	-1.90865503e+00	-1.98220664e+00	-2.10906781e+00	5.50629266e-03
4000	4000	448	2.95058997e-06	4.00100000e+01	1.00000000e+02	7.37463127e-10	7.65803403e-12	2.81009953e-04	1.02227937e-04	8.19294351e-06	4.75796286e-04	1.49164886e-04	-2.10778206e+00	-1.90991644e+00	-1.98387040e+00	-2.11372216e+00	5.50624934e-03
4000	4000	449	2.95058997e-06	4.00100000e+01	1.00000000e+02	7.37463127e-10	7.65803391e-12	2.78113253e-04	1.01936122e-04	8.16208819e-06	4.70726408e-04	1.49164871e-04	-2.11228208e+00	-1.91115792e+00	-1.98550908e+00	-2.11837465e+00	5.50620646e-03
4000	4000	450	2.95058997e-06	4.00100000e+01	1.00000000e+02	7.37463127e-10	7.65803379e-12	2.75249596e-04	1.01649754e-04	8.13181504e-06	4.65712596e-04	1.49164857e-04	-2.11677707e+00	-1.91237970e+00	-1.98712287e+00	-2.12302522e+00	5.50616481e-03
4000	4000	451	2.95058997e-06	4.00100000e+01	1.00000000e+02	7.37463127e-10	7.65803368e-12	2.72418641e-04	1.01368740e-04	8.10211475e-06	4.60754253e-04	1.49164843e-04	-2.12126694e+00	-1.91358198e+00	-1.98871197e+00	-2.12767386e+00	5.50612371e-03
4000	4000	452	2.95058997e-06	4.00100000e+01	1.00000000e+02	7.37463127e-10	7.65803356e-12	2.69620047e-04	1.01092993e-04	8.07297813e-06	4.55850790e-04	1.49164829e-04	-2.12575158e+00	-1.91476498e+00	-1.99027658e+00	-2.13232050e+00	5.50608288e-03
4000	4000	453	2.95058997e-06	4.00100000e+01	1.00000000e+02	7.37463127e-10	7.65803345e-12	2.66853478e-04	1.00822423e-04	8.04439606e-06	4.51001622e-04	1.49164815e-04	-2.13023089e+00	-1.91592890e+00	-1.99181691e+00	-2.13696511e+00	5.50604292e-03
4000	4000	454	2.95058997e-06	4.00100000e+01	1.00000000e+02	7.37463127e-10	7.65803333e-12	2.64118602e-04	1.00556943e-04	8.01635955e-06	4.46206171e-04	1.49164802e-04	-2.13470477e+00	-1.91707397e+00	-1.99333317e+00	-2.14160764e+00	5.50600412e-03
4000	4000	455	2.95058997e-06	4.00100000e+01	1.00000000e+02	7.37463127e-10	7.65803322e-12	2.61415091e-04	1.00296468e-04	7.98885968e-06	4.41463868e-04	1.49164788e-04	-2.13917310e+00	-1.91820039e+00	-1.99482557e+00	-2.14624804e+00	5.50596522e-03
4000	4000	456	2.95058997e-06	4.00100000e+01	1.00000000e+02	7.37463127e-10	7.65803311e-12	2.58742620e-04	1.00040912e-04	7.96188766e-06	4.36774146e-04	1.49164775e-04	-2.14363579e+00	-1.91930839e+00	-1.99629431e+00	-2.15088629e+00	5.50592691e-03
4000	4000	457	2.95058997e-06	4.00100000e+01	1.00000000e+02	7.37463127e-10	7.65803300e-12	2.56100868e-04	9.97901924e-05	7.93543477e-06	4.32136448e-04	1.49164763e-04	-2.14809271e+00	-1.92039817e+00	-1.99773963e+00	-2.15552231e+00	5.50588972e-03
4000	4000	458	2.95058997e-06	4.00100000e+01	1.00000000e+02	7.37463127e-10	7.65803289e-12	2.53489516e-04	9.95442253e-05	7.90949240e-06	4.27550221e-04	1.49164750e-04	-2.15254376e+00	-1.92146996e+00	-1.99916175e+00	-2.16015607e+00	5.50585351e-03
4000	4000	459	2.95058997e-06	4.00100000e+01	1.00000000e+02	7.37463127e-10	7.65803279e-12	2.50908251e-04	9.93029297e-05	7.88405204e-06	4.23014918e-04	1.49164738e-04	-2.15698882e+00	-1.92252397e+00	-2.00056088e+00	-2.16478752e+00	5.50581723e-03
4000	4000	460	2.95058997e-06	4.00100000e+01	1.00000000e+02	7.37463127e-10	7.65803268e-12	2.48356762e-04	9.90662249e-05	7.85910529e-06	4.18530000e-04	1.49164725e-04	-2.16142777e+00	-1.92356042e+00	-2.00193725e+00	-2.16941662e+00	5.50578189e-03
4000	4000	461	2.95058997e-06	4.00100000e+01	1.00000000e+02	7.37463127e-10	7.65803258e-12	2.45834741e-04	9.88340318e-05	7.83464383e-06	4.14094932e-04	1.49164714e-04	-2.16586050e+00	-1.92457952e+00	-2.00329110e+00	-2.17404329e+00	5.50574716e-03
4000	4000	462	2.95058997e-06	4.00100000e+01	1.00000000e+02	7.37463127e-10	7.65803248e-12	2.43341885e-04	9.86062719e-05	7.81065944e-06	4.09709185e-04	1.49164702e-04	-2.17028689e+00	-1.92558149e+00	-2.00462266e+00	-2.17866751e+00	5.50571262e-03
4000	4000	463	2.95058997e-06	4.00100000e+01	1.00000000e+02	7.37463127e-10	7.65803237e-12	2.40877893e-04	9.83828681e-05	7.78714402e-06	4.05372237e-04	1.49164690e-04	-2.17470682e+00	-1.92656655e+00	-2.00593215e+00	-2.18328921e+00	5.50567915e-03
4000	4000	464	2.95058997e-06	4.00100000e+01	1.00000000e+02	7.37463127e-10	7.65803227e-12	2.38442468e-04	9.81637442e-05	7.76408956e-06	4.01083570e-04	1.49164679e-04	-2.17912015e+00	-1.92753492e+00	-2.00721982e+00	-2.18790834e+00	5.50564604e-03
4000	4000	465	2.95058997e-06	4.00100000e+01	1.00000000e+02	7.37463127e-10	7.65803217e-12	2.36035316e-04	9.79488253e-05	7.74148813e-06	3.96842675e-04	1.49164668e-04	-2.18352677e+00	-1.92848680e+00	-2.00848591e+00	-2.19252484e+00	5.50561383e-03
4000	4000	466	2.95058997e-06	4.00100000e+01	1.00000000e+02	7.37463127e-10	7.65803208e-12	2.33656146e-04	9.77380374e-05	7.71933192e-06	3.92649044e-04	1.49164657e-04	-2.18792655e+00	-1.92942242e+00	-2.00973064e+00	-2.19713866e+00	5.50558166e-03
4000	4000	467	2.95058997e-06	4.00100000e+01	1.00000000e+02	7.37463127e-10	7.65803198e-12	2.31304671e-04	9.75313074e-05	7.69761321e-06	3.88502179e-04	1.49164646e-04	-2.19231936e+00	-1.93034199e+00	-2.01095427e+00	-2.20174975e+00	5.50555039e-03
4000	4000	468	2.95058997e-06	4.00100000e+01	1.00000000e+02	7.37463127e-10	7.65803188e-12	2.28980605e-04	9.73285636e-05	7.67632439e-06	3.84401584e-04	1.49164635e-04	-2.19670506e+00	-1.93124572e+00	-2.01215704e+00	-2.20635804e+00	5.50551914e-03
4000	4000	469	2.95058997e-06	4.00100000e+01	1.00000000e+02	7.37463127e-10	7.65803179e-12	2.26683669e-04	9.71297352e-05	7.65545794e-06	3.80346771e-04	1.49164625e-04	-2.20108353e+00	-1.93213383e+00	-2.01333919e+00	-2.21096348e+00	5.50548934e-03
4000	4000	470	2.95058997e-06	4.00100000e+01	1.00000000e+02	7.37463127e-10	7.65803170e-12	2.24413583e-04	9.69347523e-05	7.63500642e-06	3.76337255e-04	1.49164615e-04	-2.20545462e+00	-1.93300653e+00	-2.01450095e+00	-2.21556600e+00	5.50545967e-03
4000	4000	471	2.95058997e-06	4.00100000e+01	1.00000000e+02	7.37463127e-10	7.65803160e-12	2.22170073e-04	9.67435462e-05	7.61496252e-06	3.72372559e-04	1.49164605e-04	-2.20981820e+00	-1.93386403e+00	-2.01564259e+00	-2.22016554e+00	5.50542969e-03
4000	4000	472	2.95058997e-06	4.00100000e+01	1.00000000e+02	7.37463127e-10	7.65803151e-12	2.19952867e-04	9.65560492e-05	7.59531902e-06	3.68452210e-04	1.49164595e-04	-2.21417413e+00	-1.93470654e+00	-2.01676434e+00	-2.22476204e+00	5.50540096e-03
4000	4000	473	2.95058997e-06	4.00100000e+01	1.00000000e+02	7.37463127e-10	7.65803142e-12	2.17761694e-04	9.63721944e-05	7.57606877e-06	3.64575740e-04	1.49164585e-04	-2.21852227e+00	-1.93553428e+00	-2.01786645e+00	-2.22935544e+00	5.50537250e-03
4000	4000	474	2.95058997e-06	4.00100000e+01	1.00000000e+02	7.37463127e-10	7.65803133e-12	2.15596290e-04	9.61919163e-05	7.55720475e-06	3.60742685e-04	1.49164575e-04	-2.22286248e+00	-1.93634746e+00	-2.01894917e+00	-2.23394567e+00	5.50534517e-03
4000	4000	475	2.95058997e-06	4.00100000e+01	1.00000000e+02	7.37463127e-10	7.65803124e-12	2.13456391e-04	9.60151501e-05	7.53872002e-06	3.56952590e-04	1.49164566e-04	-2.22719460e+00	-1.93714627e+00	-2.02001275e+00	-2.23853267e+00	5.50531753e-03
4000	4000	476	2.95058997e-06	4.00100000e+01	1.00000000e+02	7.37463127e-10	7.65803116e-12	2.11341737e-04	9.58418321e-05	7.52060775e-06	3.53205001e-04	1.49164557e-04	-2.23151849e+00	-1.93793093e+00	-2.02105742e+00	-2.24311636e+00	5.50529095e-03
4000	4000	477	2.95058997e-06	4.00100000e+01	1.00000000e+02	7.37463127e-10	7.65803107e-12	2.09252069e-04	9.56718994e-05	7.50286118e-06	3.49499470e-04	1.49164548e-04	-2.23583400e+00	-1.93870164e+00	-2.02208345e+00	-2.24769669e+00	5.50526419e-03
4000	4000	478	2.95058997e-06	4.00100000e+01	1.00000000e+02	7.37463127e-10	7.65803098e-12	2.07187133e-04	9.55052903e-05	7.48547367e-06	3.45835556e-04	1.49164539e-04	-2.24014098e+00	-1.93945860e+00	-2.02309107e+00	-2.25227357e+00	5.50523862e-03
4000	4000	479	2.95058997e-06	4.00100000e+01	1.00000000e+02	7.37463127e-10	7.65803090e-12	2.05146678e-04	9.53419440e-05	7.46843866e-06	3.42212821e-04	1.49164530e-04	-2.24443927e+00	-1.94020203e+00	-2.02408054e+00	-2.25684693e+00	5.50521318e-03
4000	4000	480	2.95058997e-06	4.00100000e+01	1.00000000e+02	7.37463127e-10	7.65803082e-12	2.03130454e-04	9.51818006e-05	7.45174970e-06	3.38630831e-04	1.49164522e-04	-2.24872872e+00	-1.94093212e+00	-2.02505210e+00	-2.26141671e+00	5.50518813e-03
4000	4000	481	2.95058997e-06	4.00100000e+01	1.00000000e+02	7.37463127e-10	7.65803073e-12	2.01138214e-04	9.50248011e-05	7.43540041e-06	3.35089160e-04	1.49164513e-04	-2.25300917e+00	-1.94164906e+00	-2.02600600e+00	-2.26598283e+00	5.50516393e-03
4000	4000	482	2.95058997e-06	4.00100000e+01	1.00000000e+02	7.37463127e-10	7.65803065e-12	1.99169714e-04	9.48708876e-05	7.41938453e-06	3.31587383e-04	1.49164505e-04	-2.25728046e+00	-1.94235307e+00	-2.02694248e+00	-2.27054521e+00	5.50513925e-03
4000	4000	483	2.95058997e-06	4.00100000e+01	1.00000000e+02	7.37463127e-10	7.65803057e-12	1.97224714e-04	9.47200030e-05	7.40369587e-06	3.28125082e-04	1.49164497e-04	-2.26154243e+00	-1.94304433e+00	-2.02786179e+00	-2.27510378e+00	5.50511609e-03
4000	4000	484	2.95058997e-06	4.00100000e+01	1.00000000e+02	7.37463127e-10	7.65803049e-12	1.95302974e-04	9.45720911e-05	7.38832835e-06	3.24701843e-04	1.49164489e-04	-2.26579490e+00	-1.94372304e+00	-2.02876417e+00	-2.27965845e+00	5.50509259e-03
4000	4000	485	2.95058997e-06	4.00100000e+01	1.00000000e+02	7.37463127e-10	7.65803042e-12	1.93404258e-04	9.44270966e-05	7.37327597e-06	3.21317257e-04	1.49164481e-04	-2.27003773e+00	-1.94438940e+00	-2.02964987e+00	-2.28420916e+00	5.50506968e-03
4000	4000	486	2.95058997e-06	4.00100000e+01	1.00000000e+02	7.37463127e-10	7.65803034e-12	1.91528334e-04	9.42849653e-05	7.35853281e-06	3.17970919e-04	1.49164473e-04	-2.27427073e+00	-1.94504359e+00	-2.03051913e+00	-2.28875581e+00	5.50504666e-03
4000	4000	487	2.95058997e-06	4.00100000e+01	1.00000000e+02	7.37463127e-10	7.65803026e-12	1.89674969e-04	9.41456435e-05	7.34409308e-06	3.14662429e-04	1.49164466e-04	-2.27849374e+00	-1.94568580e+00	-2.03137219e+00	-2.29329832e+00	5.50502512e-03
4000	4000	488	2.95058997e-06	4.00100000e+01	1.00000000e+02	7.37463127e-10	7.65803018e-12	1.87843936e-04	9.40090788e-05	7.32995103e-06	3.11391390e-04	1.49164458e-04	-2.28270658e+00	-1.94631624e+00	-2.03220929e+00	-2.29783661e+00	5.50500325e-03
4000	4000	489	2.95058997e-06	4.00100000e+01	1.00000000e+02	7.37463127e-10	7.65803011e-12	1.86035008e-04	9.38752193e-05	7.31610104e-06	3.08157412e-04	1.49164451e-04	-2.28690908e+00	-1.94693507e+00	-2.03303066e+00	-2.30237059e+00	5.50498188e-03
4000	4000	490	2.95058997e-06	4.00100000e+01	1.00000000e+02	7.37463127e-10	7.65803004e-12	1.84247961e-04	9.37440142e-05	7.30253755e-06	3.04960107e-04	1.49164444e-04	-2.29110107e+00	-1.94754249e+00	-2.03383656e+00	-2.30690018e+00	5.50496104e-03
4000	4000	491	2.95058997e-06	4.00100000e+01	1.00000000e+02	7.37463127e-10	7.65802996e-12	1.82482575e-04	9.36154134e-05	7.28925511e-06	3.01799091e-04	1.49164436e-04	-2.29528236e+00	-1.94813867e+00	-2.03462721e+00	-2.31142528e+00	5.50494042e-03
4000	4000	492	2.95058997e-06	4.00100000e+01	1.00000000e+02	7.37463127e-10	7.65802989e-12	1.80738629e-04	9.34893679e-05	7.27624833e-06	2.98673987e-04	1.49164430e-04	-2.29945278e+00	-1.94872381e+00	-2.03540285e+00	-2.31594581e+00	5.50492045e-03
4000	4000	493	2.95058997e-06	4.00100000e+01	1.00000000e+02	7.37463127e-10	7.65802982e-12	1.79015908e-04	9.33658290e-05	7.26351193e-06	2.95584420e-04	1.49164423e-04	-2.30361213e+00	-1.94929807e+00	-2.03616371e+00	-2.32046167e+00	5.50490038e-03
4000	4000	494	2.95058997e-06	4.00100000e+01	1.00000000e+02	7.37463127e-10	7.65802975e-12	1.77314197e-04	9.32447495e-05	7.25104070e-06	2.92530020e-04	1.49164416e-04	-2.30776025e+00	-1.94986165e+00	-2.03691002e+00	-2.32497277e+00	5.50488112e-03
4000	4000	495	2.95058997e-06	4.00100000e+01	1.00000000e+02	7.37463127e-10	7.65802968e-12	1.75633284e-04	9.31260824e-05	7.23882952e-06	2.89510420e-04	1.49164409e-04	-2.31189694e+00	-1.95041470e+00	-2.03764201e+00	-2.32947901e+00	5.50486173e-03
4000	4000	496	2.95058997e-06	4.00100000e+01	1.00000000e+02	7.37463127e-10	7.65802961e-12	1.73972958e-04	9.30097818e-05	7.22687336e-06	2.86525258e-04	1.49164403e-04	-2.31602201e+00	-1.95095741e+00	-2.03835992e+00	-2.33398030e+00	5.50484337e-03
4000	4000	497	2.95058997e-06	4.00100000e+01	1.00000000e+02	7.37463127e-10	7.65802954e-12	1.72333013e-04	9.28958025e-05	7.21516727e-06	2.83574176e-04	1.49164397e-04	-2.32013528e+00	-1.95148994e+00	-2.03906396e+00	-2.33847653e+00	5.50482471e-03
4000	4000	498	2.95058997e-06	4.00100000e+01	1.00000000e+02	7.37463127e-10	7.65802947e-12	1.70713242e-04	9.27841002e-05	7.20370636e-06	2.80656819e-04	1.49164391e-04	-2.32423655e+00	-1.95201247e+00	-2.03975436e+00	-2.34296761e+00	5.50480674e-03
4000	4000	499	2.95058997e-06	4.00100000e+01	1.00000000e+02	7.37463127e-10	7.65802941e-12	1.69113442e-04	9.26746313e-05	7.19248586e-06	2.77772839e-04	1.49164384e-04	-2.32832563e+00	-1.95252517e+00	-2.04043134e+00	-2.34745343e+00	5.50478903e-03
4000	4000	500	2.95058997e-06	4.00100000e+01	1.00000000e+02	7.37463127e-10	7.65802934e-12	1.67533412e-04	9.25673528e-05	7.18150105e-06	2.74921887e-04	1.49164378e-04	-2.33240233e+00	-1.95302819e+00	-2.04109513e+00	-2.35193389e+00	5.50477159e-03
ZONE T="step_6000_phys_6000", I=501, SOLUTIONTIME=6.00100000e+01, F=POINT
6000	6000	0	4.42551622e-06	6.00100000e+01	1.00000000e+02	7.37463127e-10	7.64734197e-12	3.57117186e-02	8.13436449e-03	5.63648921e-04	6.13147205e-02	1.76653941e-04	0.00000000e+00	0.00000000e+00	0.00000000e+00	0.00000000e+00	0.00000000e+00
6000	6000	1	4.42551622e-06	6.00100000e+01	1.00000000e+02	7.37463127e-10	7.64732029e-12	3.53246568e-02	8.03854839e-03	5.57321537e-04	6.06511770e-02	1.77121442e-04	-4.73279887e-03	-5.14599821e-03	-4.90285359e-03	-4.72551915e-03	1.14780848e-03
6000	6000	2	4.42551622e-06	6.00100000e+01	1.00000000e+02	7.37463127e-10	7.64729886e-12	3.49418306e-02	7.94425623e-03	5.51065688e-04	5.99948305e-02	1.77409563e-04	-9.46509720e-03	-1.02703854e-02	-9.80530929e-03	-9.45092195e-03	1.85369473e-03
6000	6000	3	4.42551622e-06	6.00100000e+01	1.00000000e+02	7.37463127e-10	7.64727769e-12	3.45631613e-02	7.85116947e-03	5.44880582e-04	5.93455862e-02	1.77619146e-04	-1.41972923e-02	-1.53892766e-02	-1.47073483e-02	-1.41763286e-02	2.36644755e-03
6000	6000	4	4.42551622e-06	6.00100000e+01	1.00000000e+02	7.37463127e-10	7.64725677e-12	3.41885987e-02	7.75922095e-03	5.38765467e-04	5.87033649e-02	1.77785995e-04	-1.89294505e-02	-2.05055097e-02	-1.96089283e-02	-1.89017564e-02	2.77421610e-03
6000	6000	5	4.42551622e-06	6.00100000e+01	1.00000000e+02	7.37463127e-10	7.64723609e-12	3.38180963e-02	7.66837974e-03	5.32719463e-04	5.80680900e-02	1.77925637e-04	-2.36615940e-02	-2.56200172e-02	-2.45101157e-02	-2.36272115e-02	3.11519868e-03
6000	6000	6	4.42551622e-06	6.00100000e+01	1.00000000e+02	7.37463127e-10	7.64721565e-12	3.34514613e-02	7.57862439e-03	5.26741781e-04	5.74394271e-02	1.78046120e-04	-2.83956560e-02	-3.07332451e-02	-2.94109121e-02	-2.83546529e-02	3.40918226e-03
6000	6000	7	4.42551622e-06	6.00100000e+01	1.00000000e+02	7.37463127e-10	7.64719546e-12	3.30887388e-02	7.48993735e-03	5.20831640e-04	5.68174575e-02	1.78152214e-04	-3.31305367e-02	-3.58454432e-02	-3.43113203e-02	-3.30829569e-02	3.66789268e-03
6000	6000	8	4.42551622e-06	6.00100000e+01	1.00000000e+02	7.37463127e-10	7.64717550e-12	3.27299495e-02	7.40230314e-03	5.14988268e-04	5.62022196e-02	1.78247022e-04	-3.78654149e-02	-4.09567620e-02	-3.92113440e-02	-3.78112853e-02	3.89895211e-03
6000	6000	9	4.42551622e-06	6.00100000e+01	1.00000000e+02	7.37463127e-10	7.64715577e-12	3.23750506e-02	7.31570748e-03	5.09210903e-04	5.55936402e-02	1.78332695e-04	-4.26002948e-02	-4.60672968e-02	-4.41109855e-02	-4.25396407e-02	4.10764122e-03
6000	6000	10	4.42551622e-06	6.00100000e+01	1.00000000e+02	7.37463127e-10	7.64713628e-12	3.20239996e-02	7.23013686e-03	5.03498757e-04	5.49916471e-02	1.78410793e-04	-4.73351793e-02	-5.11771102e-02	-4.90102767e-02	-4.72680246e-02	4.29779317e-03
6000	6000	11	4.42551622e-06	6.00100000e+01	1.00000000e+02	7.37463127e-10	7.64711701e-12	3.16767546e-02	7.14557833e-03	4.97850976e-04	5.43961690e-02	1.78482492e-04	-5.20700706e-02	-5.62862440e-02	-5.39093168e-02	-5.19964385e-02	4.47229145e-03
6000	6000	12	4.42551622e-06	6.00100000e+01	1.00000000e+02	7.37463127e-10	7.64709798e-12	3.13332547e-02	7.06202024e-03	4.92264866e-04	5.38071008e-02	1.78548702e-04	-5.68052418e-02	-6.13946705e-02	-5.88098394e-02	-5.67251606e-02	4.63336780e-03
6000	6000	13	4.42551622e-06	6.00100000e+01	1.00000000e+02	7.37463127e-10	7.64707916e-12	3.09933571e-02	6.97945745e-03	4.86735061e-04	5.32241939e-02	1.78610143e-04	-6.15421307e-02	-6.65019647e-02	-6.37160488e-02	-6.14556605e-02	4.78278882e-03
6000	6000	14	4.42551622e-06	6.00100000e+01	1.00000000e+02	7.37463127e-10	7.64706057e-12	3.06571253e-02	6.89787177e-03	4.81267891e-04	5.26475616e-02	1.78667398e-04	-6.62793219e-02	-7.16085118e-02	-6.86217924e-02	-6.61864916e-02	4.92198213e-03
6000	6000	15	4.42551622e-06	6.00100000e+01	1.00000000e+02	7.37463127e-10	7.64704219e-12	3.03245446e-02	6.81724903e-03	4.75862713e-04	5.20771802e-02	1.78720944e-04	-7.10164625e-02	-7.67144694e-02	-7.35270031e-02	-7.09172924e-02	5.05211908e-03
6000	6000	16	4.42551622e-06	6.00100000e+01	1.00000000e+02	7.37463127e-10	7.64702403e-12	2.99955755e-02	6.73757770e-03	4.70518886e-04	5.15129819e-02	1.78771180e-04	-7.57535519e-02	-8.18198416e-02	-7.84316195e-02	-7.56480622e-02	5.17417594e-03
6000	6000	17	4.42551622e-06	6.00100000e+01	1.00000000e+02	7.37463127e-10	7.64700608e-12	2.96701790e-02	6.65884643e-03	4.65235856e-04	5.09549006e-02	1.78818441e-04	-8.04905835e-02	-8.69246297e-02	-8.33355005e-02	-8.03787941e-02	5.28897323e-03
6000	6000	18	4.42551622e-06	6.00100000e+01	1.00000000e+02	7.37463127e-10	7.64698834e-12	2.93483162e-02	6.58104400e-03	4.60012900e-04	5.04028693e-02	1.78863013e-04	-8.52275615e-02	-9.20288340e-02	-8.82386694e-02	-8.51094923e-02	5.39721107e-03
6000	6000	19	4.42551622e-06	6.00100000e+01	1.00000000e+02	7.37463127e-10	7.64697081e-12	2.90299482e-02	6.50415939e-03	4.54849301e-04	4.98568220e-02	1.78905141e-04	-8.99644900e-02	-9.71324533e-02	-9.31411477e-02	-8.98401610e-02	5.49948973e-03
6000	6000	20	4.42551622e-06	6.00100000e+01	1.00000000e+02	7.37463127e-10	7.64695349e-12	2.87150369e-02	6.42818168e-03	4.49744358e-04	4.93166933e-02	1.78945038e-04	-9.47013726e-02	-1.02235485e-01	-9.80429556e-02	-9.45708037e-02	5.59633064e-03
6000	6000	21	4.42551622e-06	6.00100000e+01	1.00000000e+02	7.37463127e-10	7.64693637e-12	2.84035444e-02	6.35310014e-03	4.44697377e-04	4.87824186e-02	1.78982891e-04	-9.94382128e-02	-1.07337927e-01	-1.02944112e-01	-9.93014241e-02	5.68818780e-03
6000	6000	22	4.42551622e-06	6.00100000e+01	1.00000000e+02	7.37463127e-10	7.64691945e-12	2.80954584e-02	6.27885993e-03	4.39708082e-04	4.82539835e-02	1.79018862e-04	-1.04174628e-01	-1.12442833e-01	-1.07844231e-01	-1.04031581e-01	5.77546146e-03
6000	6000	23	4.42551622e-06	6.00100000e+01	1.00000000e+02	7.37463127e-10	7.64690273e-12	2.77908812e-02	6.20547074e-03	4.34797828e-04	4.77315652e-02	1.79053096e-04	-1.08908433e-01	-1.17548896e-01	-1.12721314e-01	-1.08759077e-01	5.85850469e-03
6000	6000	24	4.42551622e-06	6.00100000e+01	1.00000000e+02	7.37463127e-10	7.64688621e-12	2.74896822e-02	6.13292082e-03	4.29950904e-04	4.72149374e-02	1.79085722e-04	-1.13641031e-01	-1.22656271e-01	-1.17589814e-01	-1.13485335e-01	5.93763191e-03
6000	6000	25	4.42551622e-06	6.00100000e+01	1.00000000e+02	7.37463127e-10	7.64686988e-12	2.71917215e-02	6.06126790e-03	4.25157478e-04	4.67038481e-02	1.79116854e-04	-1.18374047e-01	-1.27760149e-01	-1.22458858e-01	-1.18212087e-01	6.01312321e-03
6000	6000	26	4.42551622e-06	6.00100000e+01	1.00000000e+02	7.37463127e-10	7.64685374e-12	2.68969464e-02	5.99050092e-03	4.20414973e-04	4.61982070e-02	1.79146596e-04	-1.23107773e-01	-1.32860490e-01	-1.27330505e-01	-1.22939632e-01	6.08523095e-03
6000	6000	27	4.42551622e-06	6.00100000e+01	1.00000000e+02	7.37463127e-10	7.64683779e-12	2.66053623e-02	5.92057286e-03	4.15725357e-04	4.56980295e-02	1.79175040e-04	-1.27841573e-01	-1.37959899e-01	-1.32202165e-01	-1.27667279e-01	6.15418027e-03
6000	6000	28	4.42551622e-06	6.00100000e+01	1.00000000e+02	7.37463127e-10	7.64682202e-12	2.63169911e-02	5.85146518e-03	4.11088533e-04	4.52033563e-02	1.79202270e-04	-1.32574518e-01	-1.43059003e-01	-1.37073317e-01	-1.32394071e-01	6.22017608e-03
6000	6000	29	4.42551622e-06	6.00100000e+01	1.00000000e+02	7.37463127e-10	7.64680645e-12	2.60317445e-02	5.78317260e-03	4.06503678e-04	4.47140340e-02	1.79228362e-04	-1.37307477e-01	-1.48157474e-01	-1.41944200e-01	-1.37120900e-01	6.28340461e-03
6000	6000	30	4.42551622e-06	6.00100000e+01	1.00000000e+02	7.37463127e-10	7.64679105e-12	2.57495882e-02	5.71568551e-03	4.01970206e-04	4.42300039e-02	1.79253385e-04	-1.42040462e-01	-1.53255303e-01	-1.46814815e-01	-1.41847775e-01	6.34403511e-03
6000	6000	31	4.42551622e-06	6.00100000e+01	1.00000000e+02	7.37463127e-10	7.64677584e-12	2.54704887e-02	5.64899439e-03	3.97487538e-04	4.37512086e-02	1.79277403e-04	-1.46773472e-01	-1.58352485e-01	-1.51685163e-01	-1.46574698e-01	6.40222227e-03
6000	6000	32	4.42551622e-06	6.00100000e+01	1.00000000e+02	7.37463127e-10	7.64676080e-12	2.51944129e-02	5.58308981e-03	3.93055100e-04	4.32775916e-02	1.79300474e-04	-1.51506508e-01	-1.63449015e-01	-1.56555243e-01	-1.51301668e-01	6.45810816e-03
6000	6000	33	4.42551622e-06	6.00100000e+01	1.00000000e+02	7.37463127e-10	7.64674594e-12	2.49213279e-02	5.51796247e-03	3.88672330e-04	4.28090970e-02	1.79322652e-04	-1.56239571e-01	-1.68544886e-01	-1.61425056e-01	-1.56028686e-01	6.51182324e-03
6000	6000	34	4.42551622e-06	6.00100000e+01	1.00000000e+02	7.37463127e-10	7.64673125e-12	2.46512015e-02	5.45360318e-03	3.84338666e-04	4.23456692e-02	1.79343985e-04	-1.60972659e-01	-1.73640095e-01	-1.66294601e-01	-1.60755752e-01	6.56348619e-03
6000	6000	35	4.42551622e-06	6.00100000e+01	1.00000000e+02	7.37463127e-10	7.64671674e-12	2.43840014e-02	5.39000284e-03	3.80053556e-04	4.18872535e-02	1.79364520e-04	-1.65705775e-01	-1.78734635e-01	-1.71163879e-01	-1.65482868e-01	6.61320905e-03
6000	6000	36	4.42551622e-06	6.00100000e+01	1.00000000e+02	7.37463127e-10	7.64670240e-12	2.41196961e-02	5.32715248e-03	3.75816455e-04	4.14337958e-02	1.79384298e-04	-1.70438919e-01	-1.83828501e-01	-1.76032888e-01	-1.70210032e-01	6.66109394e-03
6000	6000	37	4.42551622e-06	6.00100000e+01	1.00000000e+02	7.37463127e-10	7.64668822e-12	2.38582542e-02	5.26504322e-03	3.71626821e-04	4.09852423e-02	1.79403357e-04	-1.75172090e-01	-1.88921688e-01	-1.80901629e-01	-1.74937245e-01	6.70723519e-03
6000	6000	38	4.42551622e-06	6.00100000e+01	1.00000000e+02	7.37463127e-10	7.64667421e-12	2.35996446e-02	5.20366631e-03	3.67484121e-04	4.05415402e-02	1.79421735e-04	-1.79905288e-01	-1.94014189e-01	-1.85770102e-01	-1.79664509e-01	6.75172156e-03
6000	6000	39	4.42551622e-06	6.00100000e+01	1.00000000e+02	7.37463127e-10	7.64666037e-12	2.33438366e-02	5.14301306e-03	3.63387826e-04	4.01026369e-02	1.79439465e-04	-1.84638516e-01	-1.99106001e-01	-1.90638306e-01	-1.84391822e-01	6.79463507e-03
6000	6000	40	4.42551622e-06	6.00100000e+01	1.00000000e+02	7.37463127e-10	7.64664669e-12	2.30908000e-02	5.08307492e-03	3.59337414e-04	3.96684806e-02	1.79456578e-04	-1.89371771e-01	-2.04197117e-01	-1.95506241e-01	-1.89119186e-01	6.83605199e-03
6000	6000	41	4.42551622e-06	6.00100000e+01	1.00000000e+02	7.37463127e-10	7.64663317e-12	2.28405046e-02	5.02384343e-03	3.55332370e-04	3.92390200e-02	1.79473104e-04	-1.94105056e-01	-2.09287532e-01	-2.00373907e-01	-1.93846601e-01	6.87604380e-03
6000	6000	42	4.42551622e-06	6.00100000e+01	1.00000000e+02	7.37463127e-10	7.64661980e-12	2.25929208e-02	4.96531022e-03	3.51372183e-04	3.88142042e-02	1.79489070e-04	-1.98838370e-01	-2.14377241e-01	-2.05241303e-01	-1.98574066e-01	6.91467708e-03
6000	6000	43	4.42551622e-06	6.00100000e+01	1.00000000e+02	7.37463127e-10	7.64660660e-12	2.23480193e-02	4.90746704e-03	3.47456348e-04	3.83939831e-02	1.79504502e-04	-2.03571713e-01	-2.19466237e-01	-2.10108430e-01	-2.03301583e-01	6.95201439e-03
6000	6000	44	4.42551622e-06	6.00100000e+01	1.00000000e+02	7.37463127e-10	7.64659354e-12	2.21057709e-02	4.85030570e-03	3.43584366e-04	3.79783070e-02	1.79519424e-04	-2.08305086e-01	-2.24554516e-01	-2.14975286e-01	-2.08029152e-01	6.98811476e-03
6000	6000	45	4.42551622e-06	6.00100000e+01	1.00000000e+02	7.37463127e-10	7.64658065e-12	2.18661469e-02	4.79381816e-03	3.39755745e-04	3.75671268e-02	1.79533858e-04	-2.13038489e-01	-2.29642073e-01	-2.19841870e-01	-2.12756772e-01	7.02303314e-03
6000	6000	46	4.42551622e-06	6.00100000e+01	1.00000000e+02	7.37463127e-10	7.64656790e-12	2.16291387e-02	4.73798289e-03	3.35971064e-04	3.71604301e-02	1.79547826e-04	-2.17771525e-01	-2.34730141e-01	-2.24706805e-01	-2.17484021e-01	7.05682070e-03
6000	6000	47	4.42551622e-06	6.00100000e+01	1.00000000e+02	7.37463127e-10	7.64655530e-12	2.13947137e-02	4.68279754e-03	3.32229405e-04	3.67581603e-02	1.79561348e-04	-2.22504272e-01	-2.39818247e-01	-2.29570612e-01	-2.22210985e-01	7.08952754e-03
6000	6000	48	4.42551622e-06	6.00100000e+01	1.00000000e+02	7.37463127e-10	7.64654285e-12	2.11628251e-02	4.62826545e-03	3.28529126e-04	3.63602356e-02	1.79574444e-04	-2.27237107e-01	-2.44905369e-01	-2.34434802e-01	-2.26938065e-01	7.12119921e-03
6000	6000	49	4.42551622e-06	6.00100000e+01	1.00000000e+02	7.37463127e-10	7.64653055e-12	2.09334400e-02	4.57438184e-03	3.24869555e-04	3.59665986e-02	1.79587130e-04	-2.31970149e-01	-2.49991215e-01	-2.39299666e-01	-2.31665384e-01	7.15187842e-03
6000	6000	50	4.42551622e-06	6.00100000e+01	1.00000000e+02	7.37463127e-10	7.64651839e-12	2.07065211e-02	4.52114603e-03	3.21249297e-04	3.55771849e-02	1.79599423e-04	-2.36703612e-01	-2.55075094e-01	-2.44166493e-01	-2.36393172e-01	7.18160757e-03
6000	6000	51	4.42551622e-06	6.00100000e+01	1.00000000e+02	7.37463127e-10	7.64650637e-12	2.04820604e-02	4.46853755e-03	3.17669589e-04	3.51919828e-02	1.79611341e-04	-2.41437108e-01	-2.60158217e-01	-2.49033039e-01	-2.41121016e-01	7.21042415e-03
6000	6000	52	4.42551622e-06	6.00100000e+01	1.00000000e+02	7.37463127e-10	7.64649449e-12	2.02600314e-02	4.41654897e-03	3.14129974e-04	3.48109470e-02	1.79622896e-04	-2.46170637e-01	-2.65240578e-01	-2.53899301e-01	-2.45848915e-01	7.23836476e-03
6000	6000	53	4.42551622e-06	6.00100000e+01	1.00000000e+02	7.37463127e-10	7.64648275e-12	2.00404076e-02	4.36517295e-03	3.10630002e-04	3.44340323e-02	1.79634105e-04	-2.50904200e-01	-2.70322173e-01	-2.58765280e-01	-2.50576870e-01	7.26546421e-03
6000	6000	54	4.42551622e-06	6.00100000e+01	1.00000000e+02	7.37463127e-10	7.64647115e-12	1.98231630e-02	4.31440223e-03	3.07169228e-04	3.40611943e-02	1.79644980e-04	-2.55637798e-01	-2.75402996e-01	-2.63630974e-01	-2.55304881e-01	7.29175549e-03
6000	6000	55	4.42551622e-06	6.00100000e+01	1.00000000e+02	7.37463127e-10	7.64645969e-12	1.96082719e-02	4.26422966e-03	3.03747210e-04	3.36923889e-02	1.79655534e-04	-2.60371429e-01	-2.80483042e-01	-2.68496382e-01	-2.60032948e-01	7.31726996e-03
6000	6000	56	4.42551622e-06	6.00100000e+01	1.00000000e+02	7.37463127e-10	7.64644836e-12	1.93957088e-02	4.21464815e-03	3.00363530e-04	3.33275724e-02	1.79665780e-04	-2.65105095e-01	-2.85562305e-01	-2.73361479e-01	-2.64761072e-01	7.34203703e-03
6000	6000	57	4.42551622e-06	6.00100000e+01	1.00000000e+02	7.37463127e-10	7.64643717e-12	1.91854484e-02	4.16565069e-03	2.97017814e-04	3.29667019e-02	1.79675729e-04	-2.69838796e-01	-2.90640779e-01	-2.78226182e-01	-2.69489252e-01	7.36608526e-03
6000	6000	58	4.42551622e-06	6.00100000e+01	1.00000000e+02	7.37463127e-10	7.64642610e-12	1.89774659e-02	4.11723038e-03	2.93709560e-04	3.26097345e-02	1.79685392e-04	-2.74572531e-01	-2.95718460e-01	-2.83090596e-01	-2.74217490e-01	7.38944087e-03
6000	6000	59	4.42551622e-06	6.00100000e+01	1.00000000e+02	7.37463127e-10	7.64641516e-12	1.87717365e-02	4.06938038e-03	2.90438348e-04	3.22566282e-02	1.79694779e-04	-2.79306301e-01	-3.00795342e-01	-2.87954722e-01	-2.78945784e-01	7.41212923e-03
6000	6000	60	4.42551622e-06	6.00100000e+01	1.00000000e+02	7.37463127e-10	7.64640436e-12	1.85682354e-02	4.02209394e-03	2.87203761e-04	3.19073405e-02	1.79703902e-04	-2.84040117e-01	-3.05871419e-01	-2.92818557e-01	-2.83674146e-01	7.43417591e-03
6000	6000	61	4.42551622e-06	6.00100000e+01	1.00000000e+02	7.37463127e-10	7.64639368e-12	1.83669384e-02	3.97536438e-03	2.84005388e-04	3.15618298e-02	1.79712768e-04	-2.88773980e-01	-3.10946686e-01	-2.97682101e-01	-2.88402579e-01	7.45560321e-03
6000	6000	62	4.42551622e-06	6.00100000e+01	1.00000000e+02	7.37463127e-10	7.64638312e-12	1.81678222e-02	3.92918512e-03	2.80842822e-04	3.12200564e-02	1.79721388e-04	-2.93507879e-01	-3.16021138e-01	-3.02545352e-01	-2.93131069e-01	7.47643314e-03
6000	6000	63	4.42551622e-06	6.00100000e+01	1.00000000e+02	7.37463127e-10	7.64637269e-12	1.79708632e-02	3.88354964e-03	2.77715660e-04	3.08819799e-02	1.79729770e-04	-2.98241813e-01	-3.21094768e-01	-3.07408310e-01	-2.97859616e-01	7.49668718e-03
6000	6000	64	4.42551622e-06	6.00100000e+01	1.00000000e+02	7.37463127e-10	7.64636238e-12	1.77760379e-02	3.83845149e-03	2.74623506e-04	3.05475603e-02	1.79737922e-04	-3.02975783e-01	-3.26167572e-01	-3.12270973e-01	-3.02588222e-01	7.51638543e-03
6000	6000	65	4.42551622e-06	6.00100000e+01	1.00000000e+02	7.37463127e-10	7.64635219e-12	1.75833233e-02	3.79388431e-03	2.71565965e-04	3.02167581e-02	1.79745852e-04	-3.07709789e-01	-3.31239545e-01	-3.17133340e-01	-3.07316885e-01	7.53554624e-03
6000	6000	66	4.42551622e-06	6.00100000e+01	1.00000000e+02	7.37463127e-10	7.64634212e-12	1.73926965e-02	3.74984183e-03	2.68542650e-04	2.98895341e-02	1.79753568e-04	-3.12443831e-01	-3.36310680e-01	-3.21995409e-01	-3.12045607e-01	7.55418989e-03
6000	6000	67	4.42551622e-06	6.00100000e+01	1.00000000e+02	7.37463127e-10	7.64633217e-12	1.72041350e-02	3.70631781e-03	2.65553176e-04	2.95658498e-02	1.79761078e-04	-3.17177909e-01	-3.41380972e-01	-3.26857180e-01	-3.16774387e-01	7.57233235e-03
6000	6000	68	4.42551622e-06	6.00100000e+01	1.00000000e+02	7.37463127e-10	7.64632233e-12	1.70176163e-02	3.66330613e-03	2.62597162e-04	2.92456668e-02	1.79768387e-04	-3.21912023e-01	-3.46450415e-01	-3.31718652e-01	-3.21503225e-01	7.58999122e-03
6000	6000	69	4.42551622e-06	6.00100000e+01	1.00000000e+02	7.37463127e-10	7.64631262e-12	1.68331176e-02	3.62080081e-03	2.59674179e-04	2.89289461e-02	1.79775503e-04	-3.26646192e-01	-3.51518995e-01	-3.36579913e-01	-3.26232141e-01	7.60718254e-03
6000	6000	70	4.42551622e-06	6.00100000e+01	1.00000000e+02	7.37463127e-10	7.64630301e-12	1.66504868e-02	3.57881165e-03	2.56773795e-04	2.86154207e-02	1.79782432e-04	-3.31383817e-01	-3.56584786e-01	-3.41457979e-01	-3.30964617e-01	7.62392158e-03
6000	6000	71	4.42551622e-06	6.00100000e+01	1.00000000e+02	7.37463127e-10	7.64629352e-12	1.64698362e-02	3.53731648e-03	2.53906083e-04	2.83052900e-02	1.79789181e-04	-3.36121469e-01	-3.61649711e-01	-3.46335573e-01	-3.35697144e-01	7.64022439e-03
6000	6000	72	4.42551622e-06	6.00100000e+01	1.00000000e+02	7.37463127e-10	7.64628414e-12	1.62911447e-02	3.49630947e-03	2.51070672e-04	2.79985172e-02	1.79795756e-04	-3.40859151e-01	-3.66713763e-01	-3.51212695e-01	-3.40429721e-01	7.65610467e-03
6000	6000	73	4.42551622e-06	6.00100000e+01	1.00000000e+02	7.37463127e-10	7.64627486e-12	1.61143907e-02	3.45578481e-03	2.48267195e-04	2.76950660e-02	1.79802161e-04	-3.45596861e-01	-3.71776937e-01	-3.56089342e-01	-3.45162348e-01	7.67157612e-03
6000	6000	74	4.42551622e-06	6.00100000e+01	1.00000000e+02	7.37463127e-10	7.64626570e-12	1.59395535e-02	3.41573682e-03	2.45495290e-04	2.73949004e-02	1.79808402e-04	-3.50334600e-01	-3.76839227e-01	-3.60965515e-01	-3.49895027e-01	7.68665182e-03
6000	6000	75	4.42551622e-06	6.00100000e+01	1.00000000e+02	7.37463127e-10	7.64625664e-12	1.57666121e-02	3.37615984e-03	2.42754600e-04	2.70979849e-02	1.79814486e-04	-3.55072368e-01	-3.81900628e-01	-3.65841211e-01	-3.54627756e-01	7.70134442e-03
6000	6000	76	4.42551622e-06	6.00100000e+01	1.00000000e+02	7.37463127e-10	7.64624769e-12	1.55955460e-02	3.33704831e-03	2.40044770e-04	2.68042843e-02	1.79820416e-04	-3.59810166e-01	-3.86961135e-01	-3.70716431e-01	-3.59360538e-01	7.71566658e-03
6000	6000	77	4.42551622e-06	6.00100000e+01	1.00000000e+02	7.37463127e-10	7.64623885e-12	1.54263350e-02	3.29839670e-03	2.37365451e-04	2.65137638e-02	1.79826197e-04	-3.64547993e-01	-3.92020741e-01	-3.75591173e-01	-3.64093370e-01	7.72962893e-03
6000	6000	78	4.42551622e-06	6.00100000e+01	1.00000000e+02	7.37463127e-10	7.64623011e-12	1.52589588e-02	3.26019959e-03	2.34716296e-04	2.62263889e-02	1.79831834e-04	-3.69285851e-01	-3.97079441e-01	-3.80465436e-01	-3.68826255e-01	7.74324339e-03
6000	6000	79	4.42551622e-06	6.00100000e+01	1.00000000e+02	7.37463127e-10	7.64622147e-12	1.50933976e-02	3.22245158e-03	2.32096965e-04	2.59421258e-02	1.79837332e-04	-3.74023738e-01	-4.02137228e-01	-3.85339218e-01	-3.73559192e-01	7.75652015e-03
6000	6000	80	4.42551622e-06	6.00100000e+01	1.00000000e+02	7.37463127e-10	7.64621293e-12	1.49296317e-02	3.18514736e-03	2.29507119e-04	2.56609406e-02	1.79842694e-04	-3.78761656e-01	-4.07194099e-01	-3.90212518e-01	-3.78292182e-01	7.76946968e-03
6000	6000	81	4.42551622e-06	6.00100000e+01	1.00000000e+02	7.37463127e-10	7.64620450e-12	1.47676417e-02	3.14828169e-03	2.26946424e-04	2.53828001e-02	1.79847925e-04	-3.83499605e-01	-4.12250045e-01	-3.95085336e-01	-3.83025224e-01	7.78210169e-03
6000	6000	82	4.42551622e-06	6.00100000e+01	1.00000000e+02	7.37463127e-10	7.64619616e-12	1.46074082e-02	3.11184936e-03	2.24414550e-04	2.51076713e-02	1.79853029e-04	-3.88237584e-01	-4.17305063e-01	-3.99957668e-01	-3.87758319e-01	7.79442654e-03
6000	6000	83	4.42551622e-06	6.00100000e+01	1.00000000e+02	7.37463127e-10	7.64618792e-12	1.44489123e-02	3.07584526e-03	2.21911171e-04	2.48355216e-02	1.79858010e-04	-3.92975594e-01	-4.22359145e-01	-4.04829515e-01	-3.92491467e-01	7.80645265e-03
6000	6000	84	4.42551622e-06	6.00100000e+01	1.00000000e+02	7.37463127e-10	7.64617977e-12	1.42921352e-02	3.04026431e-03	2.19435964e-04	2.45663189e-02	1.79862870e-04	-3.97713636e-01	-4.27412287e-01	-4.09700874e-01	-3.97224668e-01	7.81818924e-03
6000	6000	85	4.42551622e-06	6.00100000e+01	1.00000000e+02	7.37463127e-10	7.64617172e-12	1.41370581e-02	3.00510151e-03	2.16988609e-04	2.43000311e-02	1.79867615e-04	-4.02451709e-01	-4.32464481e-01	-4.14571743e-01	-4.01957923e-01	7.82964451e-03
6000	6000	86	4.42551622e-06	6.00100000e+01	1.00000000e+02	7.37463127e-10	7.64616377e-12	1.39836626e-02	2.97035191e-03	2.14568793e-04	2.40366268e-02	1.79872246e-04	-4.07189814e-01	-4.37515723e-01	-4.19442121e-01	-4.06691232e-01	7.84082718e-03
6000	6000	87	4.42551622e-06	6.00100000e+01	1.00000000e+02	7.37463127e-10	7.64615591e-12	1.38319313e-02	2.93601009e-03	2.12176289e-04	2.37760762e-02	1.79876768e-04	-4.11927927e-01	-4.42566084e-01	-4.24311831e-01	-4.11424569e-01	7.85174466e-03
6000	6000	88	4.42551622e-06	6.00100000e+01	1.00000000e+02	7.37463127e-10	7.64614814e-12	1.36818457e-02	2.90207158e-03	2.09810732e-04	2.35183474e-02	1.79881183e-04	-4.16666063e-01	-4.47615509e-01	-4.29180981e-01	-4.16157952e-01	7.86240520e-03
6000	6000	89	4.42551622e-06	6.00100000e+01	1.00000000e+02	7.37463127e-10	7.64614046e-12	1.35333874e-02	2.86853186e-03	2.07471774e-04	2.32634092e-02	1.79885495e-04	-4.21404236e-01	-4.52663951e-01	-4.34049660e-01	-4.20891393e-01	7.87281617e-03
6000	6000	90	4.42551622e-06	6.00100000e+01	1.00000000e+02	7.37463127e-10	7.64613287e-12	1.33865390e-02	2.83538620e-03	2.05159116e-04	2.30112314e-02	1.79889707e-04	-4.26142444e-01	-4.57711407e-01	-4.38917861e-01	-4.25624892e-01	7.88298415e-03
6000	6000	91	4.42551622e-06	6.00100000e+01	1.00000000e+02	7.37463127e-10	7.64612537e-12	1.32412829e-02	2.80262994e-03	2.02872462e-04	2.27617843e-02	1.79893821e-04	-4.30880687e-01	-4.62757871e-01	-4.43785580e-01	-4.30358449e-01	7.89291645e-03
6000	6000	92	4.42551622e-06	6.00100000e+01	1.00000000e+02	7.37463127e-10	7.64611796e-12	1.30976019e-02	2.77025847e-03	2.00611518e-04	2.25150383e-02	1.79897841e-04	-4.35618965e-01	-4.67803338e-01	-4.48652815e-01	-4.35092063e-01	7.90261978e-03
6000	6000	93	4.42551622e-06	6.00100000e+01	1.00000000e+02	7.37463127e-10	7.64611063e-12	1.29554535e-02	2.73826755e-03	1.98373056e-04	2.22709197e-02	1.79901768e-04	-4.40358131e-01	-4.72847749e-01	-4.53525995e-01	-4.39826601e-01	7.91210036e-03
6000	6000	94	4.42551622e-06	6.00100000e+01	1.00000000e+02	7.37463127e-10	7.64610340e-12	1.28148418e-02	2.70665242e-03	1.96159241e-04	2.20294363e-02	1.79905605e-04	-4.45097502e-01	-4.77891141e-01	-4.58399907e-01	-4.44561368e-01	7.92136450e-03
6000	6000	95	4.42551622e-06	6.00100000e+01	1.00000000e+02	7.37463127e-10	7.64609624e-12	1.26757555e-02	2.67540878e-03	1.93970413e-04	2.17905690e-02	1.79909356e-04	-4.49836897e-01	-4.82933480e-01	-4.63273188e-01	-4.49296183e-01	7.93041761e-03
6000	6000	96	4.42551622e-06	6.00100000e+01	1.00000000e+02	7.37463127e-10	7.64608917e-12	1.25381783e-02	2.64453206e-03	1.91806316e-04	2.15542897e-02	1.79913021e-04	-4.54576309e-01	-4.87974792e-01	-4.68145776e-01	-4.54031036e-01	7.93926620e-03
6000	6000	97	4.42551622e-06	6.00100000e+01	1.00000000e+02	7.37463127e-10	7.64608218e-12	1.24020939e-02	2.61401783e-03	1.89666675e-04	2.13205708e-02	1.79916604e-04	-4.59315734e-01	-4.93015083e-01	-4.73017649e-01	-4.58765925e-01	7.94791543e-03
6000	6000	98	4.42551622e-06	6.00100000e+01	1.00000000e+02	7.37463127e-10	7.64607528e-12	1.22674862e-02	2.58386181e-03	1.87551209e-04	2.10893844e-02	1.79920107e-04	-4.64055173e-01	-4.98054346e-01	-4.77888811e-01	-4.63500850e-01	7.95637109e-03
6000	6000	99	4.42551622e-06	6.00100000e+01	1.00000000e+02	7.37463127e-10	7.64606845e-12	1.21343390e-02	2.55405975e-03	1.85459640e-04	2.08607030e-02	1.79923532e-04	-4.68794628e-01	-5.03092575e-01	-4.82759268e-01	-4.68235812e-01	7.96463827e-03
6000	6000	100	4.42551622e-06	6.00100000e+01	1.00000000e+02	7.37463127e-10	7.64606171e-12	1.20026365e-02	2.52460748e-03	1.83391691e-04	2.06344995e-02	1.79926881e-04	-4.73534098e-01	-5.08129763e-01	-4.87629024e-01	-4.72970812e-01	7.97272166e-03
6000	6000	101	4.42551622e-06	6.00100000e+01	1.00000000e+02	7.37463127e-10	7.64605504e-12	1.18723630e-02	2.49550086e-03	1.81347092e-04	2.04107471e-02	1.79930157e-04	-4.78273584e-01	-5.13165905e-01	-4.92498084e-01	-4.77705851e-01	7.98062725e-03
6000	6000	102	4.42551622e-06	6.00100000e+01	1.00000000e+02	7.37463127e-10	7.64604845e-12	1.17435029e-02	2.46673582e-03	1.79325425e-04	2.01894190e-02	1.79933360e-04	-4.83013091e-01	-5.18200989e-01	-4.97366811e-01	-4.82440932e-01	7.98835862e-03
6000	6000	103	4.42551622e-06	6.00100000e+01	1.00000000e+02	7.37463127e-10	7.64604194e-12	1.16160410e-02	2.43830831e-03	1.77326482e-04	1.99704890e-02	1.79936493e-04	-4.87752616e-01	-5.23235010e-01	-5.02235082e-01	-4.87176054e-01	7.99592083e-03
6000	6000	104	4.42551622e-06	6.00100000e+01	1.00000000e+02	7.37463127e-10	7.64603551e-12	1.14899616e-02	2.41021434e-03	1.75350099e-04	1.97539306e-02	1.79939558e-04	-4.92492172e-01	-5.28267963e-01	-5.07102665e-01	-4.91911229e-01	8.00331910e-03
6000	6000	105	4.42551622e-06	6.00100000e+01	1.00000000e+02	7.37463127e-10	7.64602915e-12	1.13652495e-02	2.38244996e-03	1.73396018e-04	1.95397174e-02	1.79942557e-04	-4.97231775e-01	-5.33299842e-01	-5.11969561e-01	-4.96646474e-01	8.01055653e-03
6000	6000	106	4.42551622e-06	6.00100000e+01	1.00000000e+02	7.37463127e-10	7.64602287e-12	1.12418906e-02	2.35501127e-03	1.71463983e-04	1.93278253e-02	1.79945491e-04	-5.01971398e-01	-5.38330638e-01	-5.16835772e-01	-5.01381761e-01	8.01763852e-03
6000	6000	107	4.42551622e-06	6.00100000e+01	1.00000000e+02	7.37463127e-10	7.64601665e-12	1.11198700e-02	2.32789444e-03	1.69553742e-04	1.91182292e-02	1.79948362e-04	-5.06711040e-01	-5.43360346e-01	-5.21701300e-01	-5.06117090e-01	8.02456844e-03
6000	6000	108	4.42551622e-06	6.00100000e+01	1.00000000e+02	7.37463127e-10	7.64601052e-12	1.09991734e-02	2.30109565e-03	1.67665046e-04	1.89109041e-02	1.79951173e-04	-5.11450702e-01	-5.48388957e-01	-5.26566147e-01	-5.10852461e-01	8.03135047e-03
6000	6000	109	4.42551622e-06	6.00100000e+01	1.00000000e+02	7.37463127e-10	7.64600445e-12	1.08797863e-02	2.27461115e-03	1.65797648e-04	1.87058254e-02	1.79953923e-04	-5.16190385e-01	-5.53416466e-01	-5.31430313e-01	-5.15587875e-01	8.03798799e-03
6000	6000	110	4.42551622e-06	6.00100000e+01	1.00000000e+02	7.37463127e-10	7.64599845e-12	1.07616946e-02	2.24843722e-03	1.63951306e-04	1.85029689e-02	1.79956615e-04	-5.20930089e-01	-5.58442863e-01	-5.36293800e-01	-5.20323333e-01	8.04448537e-03
6000	6000	111	4.42551622e-06	6.00100000e+01	1.00000000e+02	7.37463127e-10	7.64599253e-12	1.06448841e-02	2.22257019e-03	1.62125778e-04	1.83023104e-02	1.79959251e-04	-5.25669815e-01	-5.63468143e-01	-5.41156607e-01	-5.25058835e-01	8.05084580e-03
6000	6000	112	4.42551622e-06	6.00100000e+01	1.00000000e+02	7.37463127e-10	7.64598667e-12	1.05293409e-02	2.19700645e-03	1.60320827e-04	1.81038261e-02	1.79961831e-04	-5.30409563e-01	-5.68492297e-01	-5.46018735e-01	-5.29794382e-01	8.05707309e-03
6000	6000	113	4.42551622e-06	6.00100000e+01	1.00000000e+02	7.37463127e-10	7.64598089e-12	1.04150514e-02	2.17174240e-03	1.58536219e-04	1.79074925e-02	1.79964358e-04	-5.35149333e-01	-5.73515319e-01	-5.50880184e-01	-5.34529974e-01	8.06317007e-03
6000	6000	114	4.42551622e-06	6.00100000e+01	1.00000000e+02	7.37463127e-10	7.64597517e-12	1.03020019e-02	2.14677451e-03	1.56771722e-04	1.77132863e-02	1.79966832e-04	-5.39889126e-01	-5.78537199e-01	-5.55740952e-01	-5.39265612e-01	8.06914013e-03
6000	6000	115	4.42551622e-06	6.00100000e+01	1.00000000e+02	7.37463127e-10	7.64596952e-12	1.01901941e-02	2.12209899e-03	1.55028579e-04	1.75212108e-02	1.79969254e-04	-5.44628295e-01	-5.83557989e-01	-5.60596913e-01	-5.44000638e-01	8.07498676e-03
6000	6000	116	4.42551622e-06	6.00100000e+01	1.00000000e+02	7.37463127e-10	7.64596393e-12	1.00795996e-02	2.09771268e-03	1.53305092e-04	1.73312170e-02	1.79971627e-04	-5.49367469e-01	-5.88577625e-01	-5.65452100e-01	-5.48735692e-01	8.08071314e-03
6000	6000	117	4.42551622e-06	6.00100000e+01	1.00000000e+02	7.37463127e-10	7.64595841e-12	9.97020464e-03	2.07361216e-03	1.51600970e-04	1.71432812e-02	1.79973951e-04	-5.54106678e-01	-5.93596097e-01	-5.70306698e-01	-5.53470803e-01	8.08632159e-03
6000	6000	118	4.42551622e-06	6.00100000e+01	1.00000000e+02	7.37463127e-10	7.64595295e-12	9.86199616e-03	2.04979407e-03	1.49915997e-04	1.69573811e-02	1.79976228e-04	-5.58845921e-01	-5.98613396e-01	-5.75160701e-01	-5.58205972e-01	8.09181610e-03
6000	6000	119	4.42551622e-06	6.00100000e+01	1.00000000e+02	7.37463127e-10	7.64594756e-12	9.75496131e-03	2.02625507e-03	1.48249956e-04	1.67734946e-02	1.79978459e-04	-5.63585199e-01	-6.03629515e-01	-5.80014105e-01	-5.62941198e-01	8.09719846e-03
6000	6000	120	4.42551622e-06	6.00100000e+01	1.00000000e+02	7.37463127e-10	7.64594223e-12	9.64908736e-03	2.00299186e-03	1.46602634e-04	1.65916000e-02	1.79980644e-04	-5.68324512e-01	-6.08644445e-01	-5.84866905e-01	-5.67676483e-01	8.10247183e-03
6000	6000	121	4.42551622e-06	6.00100000e+01	1.00000000e+02	7.37463127e-10	7.64593696e-12	9.54436173e-03	1.98000119e-03	1.44973821e-04	1.64116757e-02	1.79982786e-04	-5.73063860e-01	-6.13658178e-01	-5.89719095e-01	-5.72411825e-01	8.10763900e-03
6000	6000	122	4.42551622e-06	6.00100000e+01	1.00000000e+02	7.37463127e-10	7.64593176e-12	9.44077199e-03	1.95727984e-03	1.43363307e-04	1.62337004e-02	1.79984884e-04	-5.77803242e-01	-6.18670706e-01	-5.94570671e-01	-5.77147225e-01	8.11270266e-03
6000	6000	123	4.42551622e-06	6.00100000e+01	1.00000000e+02	7.37463127e-10	7.64592662e-12	9.33830580e-03	1.93482464e-03	1.41770886e-04	1.60576530e-02	1.79986941e-04	-5.82542659e-01	-6.23682019e-01	-5.99421626e-01	-5.81882684e-01	8.11766457e-03
6000	6000	124	4.42551622e-06	6.00100000e+01	1.00000000e+02	7.37463127e-10	7.64592153e-12	9.23695100e-03	1.91263244e-03	1.40196355e-04	1.58835126e-02	1.79988956e-04	-5.87282111e-01	-6.28692110e-01	-6.04271956e-01	-5.86618200e-01	8.12252809e-03
6000	6000	125	4.42551622e-06	6.00100000e+01	1.00000000e+02	7.37463127e-10	7.64591651e-12	9.13669553e-03	1.89070015e-03	1.38639513e-04	1.57112586e-02	1.79990932e-04	-5.92021598e-01	-6.33700970e-01	-6.09121654e-01	-5.91353775e-01	8.12729460e-03
6000	6000	126	4.42551622e-06	6.00100000e+01	1.00000000e+02	7.37463127e-10	7.64591154e-12	9.03752749e-03	1.86902469e-03	1.37100161e-04	1.55408706e-02	1.79992868e-04	-5.96761119e-01	-6.38708589e-01	-6.13970716e-01	-5.96089408e-01	8.13196761e-03
6000	6000	127	4.42551622e-06	6.00100000e+01	1.00000000e+02	7.37463127e-10	7.64590663e-12	8.93943508e-03	1.84760305e-03	1.35578101e-04	1.53723284e-02	1.79994767e-04	-6.01500676e-01	-6.43714959e-01	-6.18819134e-01	-6.00825099e-01	8.13654806e-03
6000	6000	128	4.42551622e-06	6.00100000e+01	1.00000000e+02	7.37463127e-10	7.64590179e-12	8.84240664e-03	1.82643221e-03	1.34073139e-04	1.52056120e-02	1.79996628e-04	-6.06240267e-01	-6.48720071e-01	-6.23666903e-01	-6.05560849e-01	8.14103964e-03
6000	6000	129	4.42551622e-06	6.00100000e+01	1.00000000e+02	7.37463127e-10	7.64589699e-12	8.74643065e-03	1.80550923e-03	1.32585082e-04	1.50407016e-02	1.79998453e-04	-6.10979894e-01	-6.53723915e-01	-6.28514017e-01	-6.10296657e-01	8.14544271e-03
6000	6000	130	4.42551622e-06	6.00100000e+01	1.00000000e+02	7.37463127e-10	7.64589226e-12	8.65150059e-03	1.78483119e-03	1.31113741e-04	1.48775863e-02	1.80000243e-04	-6.15719309e-01	-6.58726481e-01	-6.33360469e-01	-6.15032275e-01	8.14976053e-03
6000	6000	131	4.42551622e-06	6.00100000e+01	1.00000000e+02	7.37463127e-10	7.64588757e-12	8.55760733e-03	1.76439522e-03	1.29658925e-04	1.47162505e-02	1.80001998e-04	-6.20458396e-01	-6.63727756e-01	-6.38206264e-01	-6.19767582e-01	8.15399496e-03
6000	6000	132	4.42551622e-06	6.00100000e+01	1.00000000e+02	7.37463127e-10	7.64588295e-12	8.46473241e-03	1.74419844e-03	1.28220449e-04	1.45566622e-02	1.80003719e-04	-6.25197517e-01	-6.68727735e-01	-6.43051388e-01	-6.24502948e-01	8.15814719e-03
6000	6000	133	4.42551622e-06	6.00100000e+01	1.00000000e+02	7.37463127e-10	7.64587837e-12	8.37286390e-03	1.72423804e-03	1.26798130e-04	1.43988012e-02	1.80005407e-04	-6.29936719e-01	-6.73726407e-01	-6.47895831e-01	-6.29238418e-01	8.16221978e-03
6000	6000	134	4.42551622e-06	6.00100000e+01	1.00000000e+02	7.37463127e-10	7.64587386e-12	8.28199146e-03	1.70451122e-03	1.25391787e-04	1.42426496e-02	1.80007063e-04	-6.34675972e-01	-6.78723763e-01	-6.52739587e-01	-6.33973964e-01	8.16621512e-03
6000	6000	135	4.42551622e-06	6.00100000e+01	1.00000000e+02	7.37463127e-10	7.64586939e-12	8.19210466e-03	1.68501525e-03	1.24001241e-04	1.40881895e-02	1.80008687e-04	-6.39415259e-01	-6.83719794e-01	-6.57582649e-01	-6.38709568e-01	8.17013371e-03
6000	6000	136	4.42551622e-06	6.00100000e+01	1.00000000e+02	7.37463127e-10	7.64586498e-12	8.10319280e-03	1.66574739e-03	1.22626313e-04	1.39354027e-02	1.80010280e-04	-6.44154579e-01	-6.88714488e-01	-6.62425009e-01	-6.43445229e-01	8.17397810e-03
6000	6000	137	4.42551622e-06	6.00100000e+01	1.00000000e+02	7.37463127e-10	7.64586061e-12	8.01524531e-03	1.64670496e-03	1.21266828e-04	1.37842711e-02	1.80011844e-04	-6.48893932e-01	-6.93707835e-01	-6.67266660e-01	-6.48180947e-01	8.17774977e-03
6000	6000	138	4.42551622e-06	6.00100000e+01	1.00000000e+02	7.37463127e-10	7.64585630e-12	7.92825175e-03	1.62788530e-03	1.19922614e-04	1.36347767e-02	1.80013378e-04	-6.53633318e-01	-6.98699826e-01	-6.72107594e-01	-6.52916723e-01	8.18145044e-03
6000	6000	139	4.42551622e-06	6.00100000e+01	1.00000000e+02	7.37463127e-10	7.64585204e-12	7.84220178e-03	1.60928580e-03	1.18593497e-04	1.34869018e-02	1.80014883e-04	-6.58372738e-01	-7.03690448e-01	-6.76947803e-01	-6.57652556e-01	8.18508154e-03
6000	6000	140	4.42551622e-06	6.00100000e+01	1.00000000e+02	7.37463127e-10	7.64584783e-12	7.75708516e-03	1.59090386e-03	1.17279310e-04	1.33406290e-02	1.80016360e-04	-6.63112191e-01	-7.08679692e-01	-6.81787279e-01	-6.62388447e-01	8.18864507e-03
6000	6000	141	4.42551622e-06	6.00100000e+01	1.00000000e+02	7.37463127e-10	7.64584367e-12	7.67289179e-03	1.57273692e-03	1.15979883e-04	1.31959408e-02	1.80017809e-04	-6.67851677e-01	-7.13667546e-01	-6.86626013e-01	-6.67124396e-01	8.19214196e-03
6000	6000	142	4.42551622e-06	6.00100000e+01	1.00000000e+02	7.37463127e-10	7.64583956e-12	7.58961164e-03	1.55478245e-03	1.14695052e-04	1.30528201e-02	1.80019232e-04	-6.72591197e-01	-7.18653999e-01	-6.91463998e-01	-6.71860402e-01	8.19557369e-03
6000	6000	143	4.42551622e-06	6.00100000e+01	1.00000000e+02	7.37463127e-10	7.64583549e-12	7.50723484e-03	1.53703794e-03	1.13424652e-04	1.29112499e-02	1.80020628e-04	-6.77330749e-01	-7.23639040e-01	-6.96301223e-01	-6.76596466e-01	8.19894201e-03
6000	6000	144	4.42551622e-06	6.00100000e+01	1.00000000e+02	7.37463127e-10	7.64583148e-12	7.42575158e-03	1.51950093e-03	1.12168522e-04	1.27712135e-02	1.80021999e-04	-6.82070335e-01	-7.28622657e-01	-7.01137682e-01	-6.81332587e-01	8.20224887e-03
6000	6000	145	4.42551622e-06	6.00100000e+01	1.00000000e+02	7.37463127e-10	7.64582751e-12	7.34515217e-03	1.50216898e-03	1.10926502e-04	1.26326943e-02	1.80023344e-04	-6.86809953e-01	-7.33604838e-01	-7.05973363e-01	-6.86068766e-01	8.20549515e-03
6000	6000	146	4.42551622e-06	6.00100000e+01	1.00000000e+02	7.37463127e-10	7.64582358e-12	7.26542705e-03	1.48503968e-03	1.09698432e-04	1.24956758e-02	1.80024665e-04	-6.91549604e-01	-7.38585572e-01	-7.10808259e-01	-6.90805003e-01	8.20868146e-03
6000	6000	147	4.42551622e-06	6.00100000e+01	1.00000000e+02	7.37463127e-10	7.64581971e-12	7.18656673e-03	1.46811063e-03	1.08484158e-04	1.23601418e-02	1.80025962e-04	-6.96289288e-01	-7.43564846e-01	-7.15642358e-01	-6.95541298e-01	8.21180988e-03
6000	6000	148	4.42551622e-06	6.00100000e+01	1.00000000e+02	7.37463127e-10	7.64581587e-12	7.10856184e-03	1.45137949e-03	1.07283523e-04	1.22260763e-02	1.80027235e-04	-7.01029005e-01	-7.48542647e-01	-7.20475653e-01	-7.00277650e-01	8.21488175e-03
6000	6000	149	4.42551622e-06	6.00100000e+01	1.00000000e+02	7.37463127e-10	7.64581209e-12	7.03140311e-03	1.43484393e-03	1.06096375e-04	1.20934633e-02	1.80028486e-04	-7.05768754e-01	-7.53518965e-01	-7.25308132e-01	-7.05014061e-01	8.21789799e-03
6000	6000	150	4.42551622e-06	6.00100000e+01	1.00000000e+02	7.37463127e-10	7.64580834e-12	6.95508136e-03	1.41850165e-03	1.04922564e-04	1.19622872e-02	1.80029713e-04	-7.10508536e-01	-7.58493785e-01	-7.30139786e-01	-7.09750529e-01	8.22085968e-03
6000	6000	151	4.42551622e-06	6.00100000e+01	1.00000000e+02	7.37463127e-10	7.64580464e-12	6.87958753e-03	1.40235037e-03	1.03761938e-04	1.18325323e-02	1.80030919e-04	-7.15248350e-01	-7.63467094e-01	-7.34970604e-01	-7.14487054e-01	8.22376876e-03
6000	6000	152	4.42551622e-06	6.00100000e+01	1.00000000e+02	7.37463127e-10	7.64580099e-12	6.80491263e-03	1.38638786e-03	1.02614352e-04	1.17041833e-02	1.80032104e-04	-7.19988197e-01	-7.68438880e-01	-7.39800575e-01	-7.19223638e-01	8.22662537e-03
6000	6000	153	4.42551622e-06	6.00100000e+01	1.00000000e+02	7.37463127e-10	7.64579738e-12	6.73104781e-03	1.37061190e-03	1.01479657e-04	1.15772250e-02	1.80033267e-04	-7.24728076e-01	-7.73409130e-01	-7.44629688e-01	-7.23960279e-01	8.22943115e-03
6000	6000	154	4.42551622e-06	6.00100000e+01	1.00000000e+02	7.37463127e-10	7.64579381e-12	6.65798426e-03	1.35502030e-03	1.00357711e-04	1.14516423e-02	1.80034409e-04	-7.29467986e-01	-7.78377828e-01	-7.49457933e-01	-7.28696978e-01	8.23218738e-03
6000	6000	155	4.42551622e-06	6.00100000e+01	1.00000000e+02	7.37463127e-10	7.64579028e-12	6.58571332e-03	1.33961088e-03	9.92483699e-05	1.13274204e-02	1.80035532e-04	-7.34207929e-01	-7.83344963e-01	-7.54285297e-01	-7.33433735e-01	8.23489469e-03
6000	6000	156	4.42551622e-06	6.00100000e+01	1.00000000e+02	7.37463127e-10	7.64578679e-12	6.51422638e-03	1.32438151e-03	9.81514930e-05	1.12045444e-02	1.80036634e-04	-7.38947904e-01	-7.88310519e-01	-7.59111769e-01	-7.38170550e-01	8.23755443e-03
6000	6000	157	4.42551622e-06	6.00100000e+01	1.00000000e+02	7.37463127e-10	7.64578334e-12	6.44351495e-03	1.30933008e-03	9.70669406e-05	1.10829999e-02	1.80037717e-04	-7.43687910e-01	-7.93274483e-01	-7.63937338e-01	-7.42907422e-01	8.24016692e-03
6000	6000	158	4.42551622e-06	6.00100000e+01	1.00000000e+02	7.37463127e-10	7.64577994e-12	6.37357063e-03	1.29445450e-03	9.59945748e-05	1.09627725e-02	1.80038781e-04	-7.48427948e-01	-7.98236839e-01	-7.68761990e-01	-7.47644352e-01	8.24273412e-03
6000	6000	159	4.42551622e-06	6.00100000e+01	1.00000000e+02	7.37463127e-10	7.64577657e-12	6.30438510e-03	1.27975270e-03	9.49342591e-05	1.08438478e-02	1.80039827e-04	-7.53168017e-01	-8.03197574e-01	-7.73585714e-01	-7.52381340e-01	8.24525632e-03
6000	6000	160	4.42551622e-06	6.00100000e+01	1.00000000e+02	7.37463127e-10	7.64577324e-12	6.23595013e-03	1.26522265e-03	9.38858588e-05	1.07262118e-02	1.80040854e-04	-7.57908117e-01	-8.08156671e-01	-7.78408497e-01	-7.57118385e-01	8.24773484e-03
6000	6000	161	4.42551622e-06	6.00100000e+01	1.00000000e+02	7.37463127e-10	7.64576995e-12	6.16825759e-03	1.25086233e-03	9.28492404e-05	1.06098505e-02	1.80041864e-04	-7.62648249e-01	-8.13114115e-01	-7.83230325e-01	-7.61855488e-01	8.25017047e-03
6000	6000	162	4.42551622e-06	6.00100000e+01	1.00000000e+02	7.37463127e-10	7.64576670e-12	6.10129944e-03	1.23666975e-03	9.18242722e-05	1.04947502e-02	1.80042856e-04	-7.67388411e-01	-8.18069892e-01	-7.88051185e-01	-7.66592649e-01	8.25256406e-03
6000	6000	163	4.42551622e-06	6.00100000e+01	1.00000000e+02	7.37463127e-10	7.64576349e-12	6.03506771e-03	1.22264294e-03	9.08108240e-05	1.03808971e-02	1.80043832e-04	-7.72128604e-01	-8.23023984e-01	-7.92871063e-01	-7.71329867e-01	8.25491612e-03
6000	6000	164	4.42551622e-06	6.00100000e+01	1.00000000e+02	7.37463127e-10	7.64576032e-12	5.96955452e-03	1.20877996e-03	8.98087668e-05	1.02682778e-02	1.80044790e-04	-7.76868827e-01	-8.27976377e-01	-7.97689947e-01	-7.76067143e-01	8.25722809e-03
6000	6000	165	4.42551622e-06	6.00100000e+01	1.00000000e+02	7.37463127e-10	7.64575718e-12	5.90475210e-03	1.19507889e-03	8.88179734e-05	1.01568789e-02	1.80045732e-04	-7.81609081e-01	-8.32927053e-01	-8.02507820e-01	-7.80804476e-01	8.25950077e-03
6000	6000	166	4.42551622e-06	6.00100000e+01	1.00000000e+02	7.37463127e-10	7.64575408e-12	5.84065274e-03	1.18153784e-03	8.78383178e-05	1.00466873e-02	1.80046658e-04	-7.86349365e-01	-8.37875995e-01	-8.07324670e-01	-7.85541867e-01	8.26173462e-03
6000	6000	167	4.42551622e-06	6.00100000e+01	1.00000000e+02	7.37463127e-10	7.64575102e-12	5.77724881e-03	1.16815492e-03	8.68696756e-05	9.93768983e-03	1.80047569e-04	-7.91089679e-01	-8.42823187e-01	-8.12140480e-01	-7.90279315e-01	8.26393033e-03
6000	6000	168	4.42551622e-06	6.00100000e+01	1.00000000e+02	7.37463127e-10	7.64574799e-12	5.71453278e-03	1.15492828e-03	8.59119238e-05	9.82987357e-03	1.80048464e-04	-7.95830023e-01	-8.47768611e-01	-8.16955235e-01	-7.95016821e-01	8.26608934e-03
6000	6000	169	4.42551622e-06	6.00100000e+01	1.00000000e+02	7.37463127e-10	7.64574500e-12	5.65249719e-03	1.14185610e-03	8.49649407e-05	9.72322575e-03	1.80049343e-04	-8.00570396e-01	-8.52712250e-01	-8.21768921e-01	-7.99754384e-01	8.26821160e-03
6000	6000	170	4.42551622e-06	6.00100000e+01	1.00000000e+02	7.37463127e-10	7.64574204e-12	5.59113467e-03	1.12893657e-03	8.40286059e-05	9.61773372e-03	1.80050209e-04	-8.05310798e-01	-8.57654086e-01	-8.26581521e-01	-8.04492004e-01	8.27029844e-03
6000	6000	171	4.42551622e-06	6.00100000e+01	1.00000000e+02	7.37463127e-10	7.64573912e-12	5.53043792e-03	1.11616790e-03	8.31028008e-05	9.51338498e-03	1.80051059e-04	-8.10051229e-01	-8.62594100e-01	-8.31393019e-01	-8.09229681e-01	8.27235019e-03
6000	6000	172	4.42551622e-06	6.00100000e+01	1.00000000e+02	7.37463127e-10	7.64573623e-12	5.47039972e-03	1.10354832e-03	8.21874076e-05	9.41016714e-03	1.80051896e-04	-8.14791689e-01	-8.67532273e-01	-8.36203398e-01	-8.13967415e-01	8.27436787e-03
6000	6000	173	4.42551622e-06	6.00100000e+01	1.00000000e+02	7.37463127e-10	7.64573337e-12	5.41101292e-03	1.09107610e-03	8.12823103e-05	9.30806793e-03	1.80052718e-04	-8.19532180e-01	-8.72468587e-01	-8.41012641e-01	-8.18705208e-01	8.27635142e-03
6000	6000	174	4.42551622e-06	6.00100000e+01	1.00000000e+02	7.37463127e-10	7.64573055e-12	5.35227047e-03	1.07874950e-03	8.03873947e-05	9.20707527e-03	1.80053527e-04	-8.24272699e-01	-8.77403022e-01	-8.45820726e-01	-8.23443059e-01	8.27830270e-03
6000	6000	175	4.42551622e-06	6.00100000e+01	1.00000000e+02	7.37463127e-10	7.64572776e-12	5.29416539e-03	1.06656682e-03	7.95025476e-05	9.10717718e-03	1.80054323e-04	-8.29013246e-01	-8.82335559e-01	-8.50627634e-01	-8.28180967e-01	8.28022185e-03
6000	6000	176	4.42551622e-06	6.00100000e+01	1.00000000e+02	7.37463127e-10	7.64572501e-12	5.23669078e-03	1.05452639e-03	7.86276566e-05	9.00836182e-03	1.80055105e-04	-8.33753821e-01	-8.87266178e-01	-8.55433347e-01	-8.32918931e-01	8.28210904e-03
6000	6000	177	4.42551622e-06	6.00100000e+01	1.00000000e+02	7.37463127e-10	7.64572228e-12	5.17983979e-03	1.04262653e-03	7.77626107e-05	8.91061747e-03	1.80055875e-04	-8.38494423e-01	-8.92194857e-01	-8.60237847e-01	-8.37656953e-01	8.28396527e-03
6000	6000	178	4.42551622e-06	6.00100000e+01	1.00000000e+02	7.37463127e-10	7.64571959e-12	5.12360567e-03	1.03086561e-03	7.69073001e-05	8.81393253e-03	1.80056632e-04	-8.43235053e-01	-8.97121577e-01	-8.65041114e-01	-8.42395031e-01	8.28579085e-03
6000	6000	179	4.42551622e-06	6.00100000e+01	1.00000000e+02	7.37463127e-10	7.64571693e-12	5.06798174e-03	1.01924200e-03	7.60616162e-05	8.71829554e-03	1.80057376e-04	-8.47975709e-01	-9.02046316e-01	-8.69843130e-01	-8.47133166e-01	8.28758683e-03
6000	6000	180	4.42551622e-06	6.00100000e+01	1.00000000e+02	7.37463127e-10	7.64571430e-12	5.01296137e-03	1.00775410e-03	7.52254518e-05	8.62369515e-03	1.80058109e-04	-8.52716392e-01	-9.06969053e-01	-8.74643875e-01	-8.51871357e-01	8.28935372e-03
6000	6000	181	4.42551622e-06	6.00100000e+01	1.00000000e+02	7.37463127e-10	7.64571170e-12	4.95853803e-03	9.96400332e-04	7.43987006e-05	8.53012013e-03	1.80058829e-04	-8.57457102e-01	-9.11889765e-01	-8.79443329e-01	-8.56609605e-01	8.29109205e-03
6000	6000	182	4.42551622e-06	6.00100000e+01	1.00000000e+02	7.37463127e-10	7.64570914e-12	4.90470525e-03	9.85179119e-04	7.35812580e-05	8.43755940e-03	1.80059539e-04	-8.62197837e-01	-9.16808430e-01	-8.84241471e-01	-8.61347909e-01	8.29280232e-03
6000	6000	183	4.42551622e-06	6.00100000e+01	1.00000000e+02	7.37463127e-10	7.64570660e-12	4.85145662e-03	9.74088919e-04	7.27730202e-05	8.34600196e-03	1.80060236e-04	-8.66938598e-01	-9.21725026e-01	-8.89038280e-01	-8.66086270e-01	8.29448482e-03
6000	6000	184	4.42551622e-06	6.00100000e+01	1.00000000e+02	7.37463127e-10	7.64570409e-12	4.79878581e-03	9.63128203e-04	7.19738847e-05	8.25543697e-03	1.80060923e-04	-8.71679385e-01	-9.26639528e-01	-8.93833736e-01	-8.70824687e-01	8.29614061e-03
6000	6000	185	4.42551622e-06	6.00100000e+01	1.00000000e+02	7.37463127e-10	7.64570161e-12	4.74668656e-03	9.52295461e-04	7.11837501e-05	8.16585366e-03	1.80061598e-04	-8.76420196e-01	-9.31551914e-01	-8.98627816e-01	-8.75563160e-01	8.29776985e-03
6000	6000	186	4.42551622e-06	6.00100000e+01	1.00000000e+02	7.37463127e-10	7.64569916e-12	4.69515267e-03	9.41589201e-04	7.04025164e-05	8.07724142e-03	1.80062263e-04	-8.81161032e-01	-9.36462159e-01	-9.03420497e-01	-8.80301689e-01	8.29937269e-03
6000	6000	187	4.42551622e-06	6.00100000e+01	1.00000000e+02	7.37463127e-10	7.64569674e-12	4.64417801e-03	9.31007950e-04	6.96300845e-05	7.98958974e-03	1.80062917e-04	-8.85901892e-01	-9.41370239e-01	-9.08211757e-01	-8.85040274e-01	8.30095020e-03
6000	6000	188	4.42551622e-06	6.00100000e+01	1.00000000e+02	7.37463127e-10	7.64569435e-12	4.59375653e-03	9.20550250e-04	6.88663565e-05	7.90288820e-03	1.80063560e-04	-8.90642776e-01	-9.46276128e-01	-9.13001573e-01	-8.89778914e-01	8.30250247e-03
6000	6000	189	4.42551622e-06	6.00100000e+01	1.00000000e+02	7.37463127e-10	7.64569198e-12	4.54388223e-03	9.10214662e-04	6.81112356e-05	7.81712654e-03	1.80064194e-04	-8.95383684e-01	-9.51179802e-01	-9.17789921e-01	-8.94517611e-01	8.30403069e-03
6000	6000	190	4.42551622e-06	6.00100000e+01	1.00000000e+02	7.37463127e-10	7.64568965e-12	4.49454917e-03	8.99999764e-04	6.73646261e-05	7.73229457e-03	1.80064818e-04	-9.00124614e-01	-9.56081233e-01	-9.22576776e-01	-8.99256362e-01	8.30553472e-03
6000	6000	191	4.42551622e-06	6.00100000e+01	1.00000000e+02	7.37463127e-10	7.64568734e-12	4.44575149e-03	8.89904152e-04	6.66264335e-05	7.64838222e-03	1.80065431e-04	-9.04865567e-01	-9.60980396e-01	-9.27362113e-01	-9.03995169e-01	8.30701454e-03
6000	6000	192	4.42551622e-06	6.00100000e+01	1.00000000e+02	7.37463127e-10	7.64568505e-12	4.39748339e-03	8.79926436e-04	6.58965643e-05	7.56537954e-03	1.80066035e-04	-9.09606543e-01	-9.65877263e-01	-9.32145908e-01	-9.08734032e-01	8.30847205e-03
6000	6000	193	4.42551622e-06	6.00100000e+01	1.00000000e+02	7.37463127e-10	7.64568280e-12	4.34973912e-03	8.70065247e-04	6.51749259e-05	7.48327669e-03	1.80066630e-04	-9.14347540e-01	-9.70771807e-01	-9.36928133e-01	-9.13472949e-01	8.30990598e-03
6000	6000	194	4.42551622e-06	6.00100000e+01	1.00000000e+02	7.37463127e-10	7.64568057e-12	4.30251301e-03	8.60319227e-04	6.44614271e-05	7.40206392e-03	1.80067215e-04	-9.19088558e-01	-9.75664000e-01	-9.41708763e-01	-9.18211922e-01	8.31131775e-03
6000	6000	195	4.42551622e-06	6.00100000e+01	1.00000000e+02	7.37463127e-10	7.64567837e-12	4.25579944e-03	8.50687039e-04	6.37559775e-05	7.32173158e-03	1.80067792e-04	-9.23829597e-01	-9.80553813e-01	-9.46487771e-01	-9.22950949e-01	8.31270788e-03
6000	6000	196	4.42551622e-06	6.00100000e+01	1.00000000e+02	7.37463127e-10	7.64567619e-12	4.20959284e-03	8.41167375e-04	6.30584856e-05	7.24227014e-03	1.80068359e-04	-9.28570658e-01	-9.85441209e-01	-9.51265143e-01	-9.27690032e-01	8.31407615e-03
6000	6000	197	4.42551622e-06	6.00100000e+01	1.00000000e+02	7.37463127e-10	7.64567404e-12	4.16388773e-03	8.31758920e-04	6.23688641e-05	7.16367017e-03	1.80068918e-04	-9.33311740e-01	-9.90326161e-01	-9.56040845e-01	-9.32429171e-01	8.31542342e-03
6000	6000	198	4.42551622e-06	6.00100000e+01	1.00000000e+02	7.37463127e-10	7.64567191e-12	4.11867867e-03	8.22460375e-04	6.16870270e-05	7.08592235e-03	1.80069468e-04	-9.38052840e-01	-9.95208645e-01	-9.60814840e-01	-9.37168364e-01	8.31675008e-03
6000	6000	199	4.42551622e-06	6.00100000e+01	1.00000000e+02	7.37463127e-10	7.64566981e-12	4.07396028e-03	8.13270463e-04	6.10128879e-05	7.00901745e-03	1.80070009e-04	-9.42793960e-01	-1.00008863e+00	-9.65587098e-01	-9.41907611e-01	8.31805612e-03
6000	6000	200	4.42551622e-06	6.00100000e+01	1.00000000e+02	7.37463127e-10	7.64566773e-12	4.02972725e-03	8.04187923e-04	6.03463616e-05	6.93294636e-03	1.80070543e-04	-9.47535098e-01	-1.00496608e+00	-9.70357589e-01	-9.46646912e-01	8.31934254e-03
6000	6000	201	4.42551622e-06	6.00100000e+01	1.00000000e+02	7.37463127e-10	7.64566568e-12	3.98597432e-03	7.95211509e-04	5.96873638e-05	6.85770005e-03	1.80071068e-04	-9.52276254e-01	-1.00984097e+00	-9.75126282e-01	-9.51386267e-01	8.32060901e-03
6000	6000	202	4.42551622e-06	6.00100000e+01	1.00000000e+02	7.37463127e-10	7.64566365e-12	3.94269628e-03	7.86339991e-04	5.90358110e-05	6.78326957e-03	1.80071585e-04	-9.57017427e-01	-1.01471327e+00	-9.79893146e-01	-9.56125676e-01	8.32185601e-03
6000	6000	203	4.42551622e-06	6.00100000e+01	1.00000000e+02	7.37463127e-10	7.64566164e-12	3.89988799e-03	7.77572153e-04	5.83916209e-05	6.70964611e-03	1.80072094e-04	-9.61758617e-01	-1.01958293e+00	-9.84658148e-01	-9.60865138e-01	8.32308446e-03
6000	6000	204	4.42551622e-06	6.00100000e+01	1.00000000e+02	7.37463127e-10	7.64565966e-12	3.85754435e-03	7.68906793e-04	5.77547411e-05	6.63682092e-03	1.80072596e-04	-9.66499823e-01	-1.02444993e+00	-9.89421038e-01	-9.65604653e-01	8.32429425e-03
6000	6000	205	4.42551622e-06	6.00100000e+01	1.00000000e+02	7.37463127e-10	7.64565770e-12	3.81566033e-03	7.60342723e-04	5.71251735e-05	6.56478536e-03	1.80073090e-04	-9.71241044e-01	-1.02931423e+00	-9.94181147e-01	-9.70344222e-01	8.32548547e-03
6000	6000	206	4.42551622e-06	6.00100000e+01	1.00000000e+02	7.37463127e-10	7.64565576e-12	3.77423094e-03	7.51878772e-04	5.65027218e-05	6.49353088e-03	1.80073576e-04	-9.75982280e-01	-1.03417581e+00	-9.98939311e-01	-9.75083843e-01	8.32665898e-03
6000	6000	207	4.42551622e-06	6.00100000e+01	1.00000000e+02	7.37463127e-10	7.64565385e-12	3.73325125e-03	7.43513779e-04	5.58873074e-05	6.42304902e-03	1.80074055e-04	-9.80723531e-01	-1.03903461e+00	-1.00369549e+00	-9.79823516e-01	8.32781491e-03
6000	6000	208	4.42551622e-06	6.00100000e+01	1.00000000e+02	7.37463127e-10	7.64565196e-12	3.69271640e-03	7.35246601e-04	5.52788526e-05	6.35333141e-03	1.80074528e-04	-9.85464795e-01	-1.04389060e+00	-1.00844966e+00	-9.84563243e-01	8.32895368e-03
6000	6000	209	4.42551622e-06	6.00100000e+01	1.00000000e+02	7.37463127e-10	7.64565009e-12	3.65262156e-03	7.27076105e-04	5.46772807e-05	6.28436978e-03	1.80074992e-04	-9.90206072e-01	-1.04874376e+00	-1.01320177e+00	-9.89303021e-01	8.33007453e-03
6000	6000	210	4.42551622e-06	6.00100000e+01	1.00000000e+02	7.37463127e-10	7.64564824e-12	3.61296195e-03	7.19001174e-04	5.40825158e-05	6.21615594e-03	1.80075451e-04	-9.94947362e-01	-1.05359403e+00	-1.01795179e+00	-9.94042852e-01	8.33117948e-03
6000	6000	211	4.42551622e-06	6.00100000e+01	1.00000000e+02	7.37463127e-10	7.64564642e-12	3.57373287e-03	7.11020704e-04	5.34944827e-05	6.14868179e-03	1.80075902e-04	-9.99688664e-01	-1.05844138e+00	-1.02269969e+00	-9.98782735e-01	8.33226773e-03
6000	6000	212	4.42551622e-06	6.00100000e+01	1.00000000e+02	7.37463127e-10	7.64564462e-12	3.53492964e-03	7.03133604e-04	5.29131075e-05	6.08193933e-03	1.80076346e-04	-1.00442998e+00	-1.06328577e+00	-1.02744541e+00	-1.00352267e+00	8.33333990e-03
6000	6000	213	4.42551622e-06	6.00100000e+01	1.00000000e+02	7.37463127e-10	7.64564283e-12	3.49654765e-03	6.95338795e-04	5.23383166e-05	6.01592063e-03	1.80076784e-04	-1.00917130e+00	-1.06812717e+00	-1.03218893e+00	-1.00826265e+00	8.33439643e-03
6000	6000	214	4.42551622e-06	6.00100000e+01	1.00000000e+02	7.37463127e-10	7.64564107e-12	3.45858233e-03	6.87635212e-04	5.17700376e-05	5.95061785e-03	1.80077216e-04	-1.01391263e+00	-1.07296552e+00	-1.03693020e+00	-1.01300269e+00	8.33543702e-03
6000	6000	215	4.42551622e-06	6.00100000e+01	1.00000000e+02	7.37463127e-10	7.64563933e-12	3.42102916e-03	6.80021803e-04	5.12081989e-05	5.88602325e-03	1.80077641e-04	-1.01865397e+00	-1.07780079e+00	-1.04166918e+00	-1.01774278e+00	8.33646256e-03
6000	6000	216	4.42551622e-06	6.00100000e+01	1.00000000e+02	7.37463127e-10	7.64563761e-12	3.38388368e-03	6.72497528e-04	5.06527295e-05	5.82212914e-03	1.80078060e-04	-1.02339532e+00	-1.08263294e+00	-1.04640583e+00	-1.02248292e+00	8.33747235e-03
6000	6000	217	4.42551622e-06	6.00100000e+01	1.00000000e+02	7.37463127e-10	7.64563591e-12	3.34714147e-03	6.65061360e-04	5.01035593e-05	5.75892795e-03	1.80078473e-04	-1.02813668e+00	-1.08746191e+00	-1.05114010e+00	-1.02722311e+00	8.33846825e-03
6000	6000	218	4.42551622e-06	6.00100000e+01	1.00000000e+02	7.37463127e-10	7.64563423e-12	3.31079816e-03	6.57712283e-04	4.95606193e-05	5.69641218e-03	1.80078879e-04	-1.03287805e+00	-1.09228768e+00	-1.05587196e+00	-1.03196335e+00	8.33944905e-03
6000	6000	219	4.42551622e-06	6.00100000e+01	1.00000000e+02	7.37463127e-10	7.64563257e-12	3.27484942e-03	6.50449295e-04	4.90238408e-05	5.63457439e-03	1.80079280e-04	-1.03761942e+00	-1.09711018e+00	-1.06060135e+00	-1.03670364e+00	8.34041564e-03
6000	6000	220	4.42551622e-06	6.00100000e+01	1.00000000e+02	7.37463127e-10	7.64563092e-12	3.23929097e-03	6.43271405e-04	4.84931562e-05	5.57340724e-03	1.80079675e-04	-1.04236079e+00	-1.10192938e+00	-1.06532823e+00	-1.04144397e+00	8.34136855e-03
6000	6000	221	4.42551622e-06	6.00100000e+01	1.00000000e+02	7.37463127e-10	7.64562930e-12	3.20411859e-03	6.36177634e-04	4.79684985e-05	5.51290349e-03	1.80080065e-04	-1.04710217e+00	-1.10674523e+00	-1.07005256e+00	-1.04618436e+00	8.34230739e-03
6000	6000	222	4.42551622e-06	6.00100000e+01	1.00000000e+02	7.37463127e-10	7.64562770e-12	3.16932809e-03	6.29167014e-04	4.74498017e-05	5.45305593e-03	1.80080448e-04	-1.05184355e+00	-1.11155768e+00	-1.07477428e+00	-1.05092480e+00	8.34323255e-03
6000	6000	223	4.42551622e-06	6.00100000e+01	1.00000000e+02	7.37463127e-10	7.64562611e-12	3.13491532e-03	6.22238591e-04	4.69370003e-05	5.39385746e-03	1.80080826e-04	-1.05658494e+00	-1.11636669e+00	-1.07949335e+00	-1.05566529e+00	8.34414416e-03
6000	6000	224	4.42551622e-06	6.00100000e+01	1.00000000e+02	7.37463127e-10	7.64562455e-12	3.10087620e-03	6.15391419e-04	4.64300296e-05	5.33530106e-03	1.80081199e-04	-1.06132632e+00	-1.12117219e+00	-1.08420972e+00	-1.06040582e+00	8.34504314e-03
6000	6000	225	4.42551622e-06	6.00100000e+01	1.00000000e+02	7.37463127e-10	7.64562300e-12	3.06720668e-03	6.08624566e-04	4.59288258e-05	5.27737976e-03	1.80081566e-04	-1.06606771e+00	-1.12597415e+00	-1.08892334e+00	-1.06514641e+00	8.34592849e-03
6000	6000	226	4.42551622e-06	6.00100000e+01	1.00000000e+02	7.37463127e-10	7.64562147e-12	3.03390274e-03	6.01937110e-04	4.54333257e-05	5.22008670e-03	1.80081928e-04	-1.07080910e+00	-1.13077251e+00	-1.09363415e+00	-1.06988704e+00	8.34680182e-03
6000	6000	227	4.42551622e-06	6.00100000e+01	1.00000000e+02	7.37463127e-10	7.64561996e-12	3.00096043e-03	5.95328140e-04	4.49434667e-05	5.16341506e-03	1.80082285e-04	-1.07555048e+00	-1.13556722e+00	-1.09834211e+00	-1.07462772e+00	8.34766232e-03
6000	6000	228	4.42551622e-06	6.00100000e+01	1.00000000e+02	7.37463127e-10	7.64561846e-12	2.96837583e-03	5.88796757e-04	4.44591872e-05	5.10735812e-03	1.80082637e-04	-1.08029186e+00	-1.14035822e+00	-1.10304716e+00	-1.07936844e+00	8.34851065e-03
6000	6000	229	4.42551622e-06	6.00100000e+01	1.00000000e+02	7.37463127e-10	7.64561699e-12	2.93614505e-03	5.82342072e-04	4.39804262e-05	5.05190922e-03	1.80082984e-04	-1.08503324e+00	-1.14514546e+00	-1.10774925e+00	-1.08410921e+00	8.34934711e-03
6000	6000	230	4.42551622e-06	6.00100000e+01	1.00000000e+02	7.37463127e-10	7.64561553e-12	2.90426427e-03	5.75963207e-04	4.35071232e-05	4.99706177e-03	1.80083326e-04	-1.08977462e+00	-1.14992889e+00	-1.11244831e+00	-1.08885003e+00	8.35017175e-03
6000	6000	231	4.42551622e-06	6.00100000e+01	1.00000000e+02	7.37463127e-10	7.64561409e-12	2.87272968e-03	5.69659293e-04	4.30392185e-05	4.94280926e-03	1.80083662e-04	-1.09451599e+00	-1.15470844e+00	-1.11714430e+00	-1.09359090e+00	8.35098380e-03
6000	6000	232	4.42551622e-06	6.00100000e+01	1.00000000e+02	7.37463127e-10	7.64561266e-12	2.84153754e-03	5.63429474e-04	4.25766534e-05	4.88914525e-03	1.80083995e-04	-1.09925735e+00	-1.15948407e+00	-1.12183716e+00	-1.09833181e+00	8.35178528e-03
6000	6000	233	4.42551622e-06	6.00100000e+01	1.00000000e+02	7.37463127e-10	7.64561125e-12	2.81068414e-03	5.57272902e-04	4.21193693e-05	4.83606336e-03	1.80084322e-04	-1.10399871e+00	-1.16425570e+00	-1.12652682e+00	-1.10307277e+00	8.35257501e-03
6000	6000	234	4.42551622e-06	6.00100000e+01	1.00000000e+02	7.37463127e-10	7.64560986e-12	2.78016053e-03	5.51189181e-04	4.16675663e-05	4.78354806e-03	1.80084645e-04	-1.10874088e+00	-1.16902294e+00	-1.13121054e+00	-1.10781461e+00	8.35335393e-03
6000	6000	235	4.42551622e-06	6.00100000e+01	1.00000000e+02	7.37463127e-10	7.64560848e-12	2.74996300e-03	5.45177492e-04	4.12211991e-05	4.73159295e-03	1.80084964e-04	-1.11348390e+00	-1.17378571e+00	-1.13588806e+00	-1.11255738e+00	8.35412194e-03
6000	6000	236	4.42551622e-06	6.00100000e+01	1.00000000e+02	7.37463127e-10	7.64560712e-12	2.72009358e-03	5.39236547e-04	4.07799385e-05	4.68020172e-03	1.80085278e-04	-1.11822691e+00	-1.17854431e+00	-1.14056211e+00	-1.11730018e+00	8.35487891e-03
6000	6000	237	4.42551622e-06	6.00100000e+01	1.00000000e+02	7.37463127e-10	7.64560578e-12	2.69054871e-03	5.33365539e-04	4.03437286e-05	4.62936827e-03	1.80085587e-04	-1.12296989e+00	-1.18329868e+00	-1.14523265e+00	-1.12204302e+00	8.35562556e-03
6000	6000	238	4.42551622e-06	6.00100000e+01	1.00000000e+02	7.37463127e-10	7.64560445e-12	2.66132486e-03	5.27563671e-04	3.99125142e-05	4.57908655e-03	1.80085892e-04	-1.12771286e+00	-1.18804875e+00	-1.14989959e+00	-1.12678590e+00	8.35636184e-03
6000	6000	239	4.42551622e-06	6.00100000e+01	1.00000000e+02	7.37463127e-10	7.64560314e-12	2.63241857e-03	5.21830157e-04	3.94862408e-05	4.52935058e-03	1.80086193e-04	-1.13245581e+00	-1.19279445e+00	-1.15456289e+00	-1.13152882e+00	8.35708758e-03
6000	6000	240	4.42551622e-06	6.00100000e+01	1.00000000e+02	7.37463127e-10	7.64560184e-12	2.60382637e-03	5.16164217e-04	3.90648545e-05	4.48015443e-03	1.80086490e-04	-1.13719873e+00	-1.19753573e+00	-1.15922247e+00	-1.13627177e+00	8.35780313e-03
6000	6000	241	4.42551622e-06	6.00100000e+01	1.00000000e+02	7.37463127e-10	7.64560056e-12	2.57554486e-03	5.10565083e-04	3.86483020e-05	4.43149226e-03	1.80086783e-04	-1.14194163e+00	-1.20227252e+00	-1.16387826e+00	-1.14101476e+00	8.35850935e-03
6000	6000	242	4.42551622e-06	6.00100000e+01	1.00000000e+02	7.37463127e-10	7.64559929e-12	2.54757068e-03	5.05031996e-04	3.82365306e-05	4.38335828e-03	1.80087072e-04	-1.14668451e+00	-1.20700473e+00	-1.16853020e+00	-1.14575778e+00	8.35920567e-03
6000	6000	243	4.42551622e-06	6.00100000e+01	1.00000000e+02	7.37463127e-10	7.64559804e-12	2.51990049e-03	4.99564206e-04	3.78294882e-05	4.33574676e-03	1.80087356e-04	-1.15142736e+00	-1.21173232e+00	-1.17317821e+00	-1.15050084e+00	8.35989242e-03
6000	6000	244	4.42551622e-06	6.00100000e+01	1.00000000e+02	7.37463127e-10	7.64559680e-12	2.49253099e-03	4.94160970e-04	3.74271234e-05	4.28865204e-03	1.80087637e-04	-1.15617018e+00	-1.21645519e+00	-1.17782223e+00	-1.15524394e+00	8.36056941e-03
6000	6000	245	4.42551622e-06	6.00100000e+01	1.00000000e+02	7.37463127e-10	7.64559558e-12	2.46545891e-03	4.88821557e-04	3.70293853e-05	4.24206852e-03	1.80087914e-04	-1.16091298e+00	-1.22117328e+00	-1.18246218e+00	-1.15998707e+00	8.36123753e-03
6000	6000	246	4.42551622e-06	6.00100000e+01	1.00000000e+02	7.37463127e-10	7.64559437e-12	2.43868105e-03	4.83545243e-04	3.66362236e-05	4.19599065e-03	1.80088187e-04	-1.16565575e+00	-1.22588651e+00	-1.18709798e+00	-1.16473024e+00	8.36189630e-03
6000	6000	247	4.42551622e-06	6.00100000e+01	1.00000000e+02	7.37463127e-10	7.64559317e-12	2.41219419e-03	4.78331313e-04	3.62475886e-05	4.15041295e-03	1.80088457e-04	-1.17039848e+00	-1.23059482e+00	-1.19172956e+00	-1.16947344e+00	8.36254570e-03
6000	6000	248	4.42551622e-06	6.00100000e+01	1.00000000e+02	7.37463127e-10	7.64559199e-12	2.38599519e-03	4.73179060e-04	3.58634312e-05	4.10533001e-03	1.80088722e-04	-1.17514119e+00	-1.23529811e+00	-1.19635684e+00	-1.17421668e+00	8.36318660e-03
6000	6000	249	4.42551622e-06	6.00100000e+01	1.00000000e+02	7.37463127e-10	7.64559083e-12	2.36008092e-03	4.68087787e-04	3.54837028e-05	4.06073645e-03	1.80088984e-04	-1.17988386e+00	-1.23999632e+00	-1.20097975e+00	-1.17895995e+00	8.36381851e-03
6000	6000	250	4.42551622e-06	6.00100000e+01	1.00000000e+02	7.37463127e-10	7.64558967e-12	2.33444829e-03	4.63056804e-04	3.51083554e-05	4.01662698e-03	1.80089243e-04	-1.18462649e+00	-1.24468936e+00	-1.20559819e+00	-1.18370325e+00	8.36444253e-03
6000	6000	251	4.42551622e-06	6.00100000e+01	1.00000000e+02	7.37463127e-10	7.64558853e-12	2.30909426e-03	4.58085430e-04	3.47373415e-05	3.97299634e-03	1.80089498e-04	-1.18936909e+00	-1.24937715e+00	-1.21021210e+00	-1.18844659e+00	8.36505760e-03
6000	6000	252	4.42551622e-06	6.00100000e+01	1.00000000e+02	7.37463127e-10	7.64558741e-12	2.28401579e-03	4.53172992e-04	3.43706142e-05	3.92983935e-03	1.80089750e-04	-1.19411165e+00	-1.25405961e+00	-1.21482139e+00	-1.19318996e+00	8.36566421e-03
6000	6000	253	4.42551622e-06	6.00100000e+01	1.00000000e+02	7.37463127e-10	7.64558629e-12	2.25921031e-03	4.48318825e-04	3.40081272e-05	3.88715157e-03	1.80089998e-04	-1.19885409e+00	-1.25873665e+00	-1.21942596e+00	-1.19793328e+00	8.36626281e-03
6000	6000	254	4.42551622e-06	6.00100000e+01	1.00000000e+02	7.37463127e-10	7.64558519e-12	2.23467453e-03	4.43522271e-04	3.36498346e-05	3.84492736e-03	1.80090243e-04	-1.20359647e+00	-1.26340820e+00	-1.22402575e+00	-1.20267661e+00	8.36685346e-03
6000	6000	255	4.42551622e-06	6.00100000e+01	1.00000000e+02	7.37463127e-10	7.64558411e-12	2.21040542e-03	4.38782681e-04	3.32956912e-05	3.80316152e-03	1.80090484e-04	-1.20833881e+00	-1.26807415e+00	-1.22862065e+00	-1.20741998e+00	8.36743582e-03
6000	6000	256	4.42551622e-06	6.00100000e+01	1.00000000e+02	7.37463127e-10	7.64558303e-12	2.18640011e-03	4.34099415e-04	3.29456520e-05	3.76184910e-03	1.80090723e-04	-1.21308111e+00	-1.27273443e+00	-1.23321057e+00	-1.21216338e+00	8.36801069e-03
6000	6000	257	4.42551622e-06	6.00100000e+01	1.00000000e+02	7.37463127e-10	7.64558197e-12	2.16265573e-03	4.29471838e-04	3.25996730e-05	3.72098516e-03	1.80090958e-04	-1.21782336e+00	-1.27738894e+00	-1.23779544e+00	-1.21690681e+00	8.36857797e-03
6000	6000	258	4.42551622e-06	6.00100000e+01	1.00000000e+02	7.37463127e-10	7.64558092e-12	2.13916944e-03	4.24899325e-04	3.22577102e-05	3.68056487e-03	1.80091190e-04	-1.22256556e+00	-1.28203759e+00	-1.24237514e+00	-1.22165028e+00	8.36913728e-03
6000	6000	259	4.42551622e-06	6.00100000e+01	1.00000000e+02	7.37463127e-10	7.64557988e-12	2.11593846e-03	4.20381256e-04	3.19197205e-05	3.64058339e-03	1.80091419e-04	-1.22730772e+00	-1.28668028e+00	-1.24694960e+00	-1.22639377e+00	8.36968909e-03
6000	6000	260	4.42551622e-06	6.00100000e+01	1.00000000e+02	7.37463127e-10	7.64557886e-12	2.09296001e-03	4.15917021e-04	3.15856611e-05	3.60103598e-03	1.80091645e-04	-1.23204982e+00	-1.29131693e+00	-1.25151871e+00	-1.23113729e+00	8.37023357e-03
6000	6000	261	4.42551622e-06	6.00100000e+01	1.00000000e+02	7.37463127e-10	7.64557784e-12	2.07023135e-03	4.11506016e-04	3.12554898e-05	3.56191794e-03	1.80091867e-04	-1.23679187e+00	-1.29594744e+00	-1.25608237e+00	-1.23588084e+00	8.37077058e-03
6000	6000	262	4.42551622e-06	6.00100000e+01	1.00000000e+02	7.37463127e-10	7.64557684e-12	2.04774977e-03	4.07147644e-04	3.09291647e-05	3.52322460e-03	1.80092087e-04	-1.24153386e+00	-1.30057170e+00	-1.26064049e+00	-1.24062442e+00	8.37130124e-03
6000	6000	263	4.42551622e-06	6.00100000e+01	1.00000000e+02	7.37463127e-10	7.64557585e-12	2.02551260e-03	4.02841315e-04	3.06066445e-05	3.48495137e-03	1.80092304e-04	-1.24627580e+00	-1.30518962e+00	-1.26519296e+00	-1.24536803e+00	8.37182390e-03
6000	6000	264	4.42551622e-06	6.00100000e+01	1.00000000e+02	7.37463127e-10	7.64557488e-12	2.00351719e-03	3.98586448e-04	3.02878885e-05	3.44709369e-03	1.80092518e-04	-1.25101768e+00	-1.30980110e+00	-1.26973968e+00	-1.25011167e+00	8.37234004e-03
6000	6000	265	4.42551622e-06	6.00100000e+01	1.00000000e+02	7.37463127e-10	7.64557391e-12	1.98176091e-03	3.94382467e-04	2.99728563e-05	3.40964705e-03	1.80092729e-04	-1.25575949e+00	-1.31440603e+00	-1.27428055e+00	-1.25485533e+00	8.37284970e-03
6000	6000	266	4.42551622e-06	6.00100000e+01	1.00000000e+02	7.37463127e-10	7.64557295e-12	1.96024117e-03	3.90228803e-04	2.96615080e-05	3.37260701e-03	1.80092938e-04	-1.26050124e+00	-1.31900431e+00	-1.27881545e+00	-1.25959901e+00	8.37335235e-03
6000	6000	267	4.42551622e-06	6.00100000e+01	1.00000000e+02	7.37463127e-10	7.64557201e-12	1.93895541e-03	3.86124895e-04	2.93538041e-05	3.33596915e-03	1.80093143e-04	-1.26524293e+00	-1.32359583e+00	-1.28334429e+00	-1.26434273e+00	8.37384808e-03
6000	6000	268	4.42551622e-06	6.00100000e+01	1.00000000e+02	7.37463127e-10	7.64557108e-12	1.91790108e-03	3.82070187e-04	2.90497057e-05	3.29972911e-03	1.80093346e-04	-1.26998455e+00	-1.32818048e+00	-1.28786694e+00	-1.26908646e+00	8.37433747e-03
6000	6000	269	4.42551622e-06	6.00100000e+01	1.00000000e+02	7.37463127e-10	7.64557015e-12	1.89707569e-03	3.78064131e-04	2.87491743e-05	3.26388259e-03	1.80093547e-04	-1.27472609e+00	-1.33275815e+00	-1.29238330e+00	-1.27383023e+00	8.37482026e-03
6000	6000	270	4.42551622e-06	6.00100000e+01	1.00000000e+02	7.37463127e-10	7.64556924e-12	1.87647675e-03	3.74106186e-04	2.84521718e-05	3.22842531e-03	1.80093744e-04	-1.27946756e+00	-1.33732874e+00	-1.29689326e+00	-1.27857401e+00	8.37529748e-03
6000	6000	271	4.42551622e-06	6.00100000e+01	1.00000000e+02	7.37463127e-10	7.64556834e-12	1.85610179e-03	3.70195816e-04	2.81586604e-05	3.19335306e-03	1.80093939e-04	-1.28420896e+00	-1.34189212e+00	-1.30139669e+00	-1.28331782e+00	8.37576740e-03
6000	6000	272	4.42551622e-06	6.00100000e+01	1.00000000e+02	7.37463127e-10	7.64556745e-12	1.83594840e-03	3.66332492e-04	2.78686031e-05	3.15866166e-03	1.80094132e-04	-1.28895028e+00	-1.34644819e+00	-1.30589348e+00	-1.28806164e+00	8.37623149e-03
6000	6000	273	4.42551622e-06	6.00100000e+01	1.00000000e+02	7.37463127e-10	7.64556657e-12	1.81601418e-03	3.62515691e-04	2.75819630e-05	3.12434699e-03	1.80094322e-04	-1.29369152e+00	-1.35099682e+00	-1.31038351e+00	-1.29280549e+00	8.37669017e-03
6000	6000	274	4.42551622e-06	6.00100000e+01	1.00000000e+02	7.37463127e-10	7.64556570e-12	1.79629674e-03	3.58744897e-04	2.72987036e-05	3.09040496e-03	1.80094509e-04	-1.29843267e+00	-1.35553790e+00	-1.31486666e+00	-1.29754936e+00	8.37714212e-03
6000	6000	275	4.42551622e-06	6.00100000e+01	1.00000000e+02	7.37463127e-10	7.64556484e-12	1.77679373e-03	3.55019600e-04	2.70187892e-05	3.05683153e-03	1.80094694e-04	-1.30317374e+00	-1.36007130e+00	-1.31934280e+00	-1.30229325e+00	8.37758803e-03
6000	6000	276	4.42551622e-06	6.00100000e+01	1.00000000e+02	7.37463127e-10	7.64556399e-12	1.75750284e-03	3.51339295e-04	2.67421841e-05	3.02362271e-03	1.80094877e-04	-1.30791471e+00	-1.36459690e+00	-1.32381181e+00	-1.30703715e+00	8.37802885e-03
6000	6000	277	4.42551622e-06	6.00100000e+01	1.00000000e+02	7.37463127e-10	7.64556316e-12	1.73842176e-03	3.47703485e-04	2.64688531e-05	2.99077454e-03	1.80095057e-04	-1.31265560e+00	-1.36911459e+00	-1.32827356e+00	-1.31178108e+00	8.37846346e-03
6000	6000	278	4.42551622e-06	6.00100000e+01	1.00000000e+02	7.37463127e-10	7.64556233e-12	1.71954822e-03	3.44111677e-04	2.61987617e-05	2.95828312e-03	1.80095235e-04	-1.31739639e+00	-1.37362422e+00	-1.33272792e+00	-1.31652502e+00	8.37889264e-03
6000	6000	279	4.42551622e-06	6.00100000e+01	1.00000000e+02	7.37463127e-10	7.64556151e-12	1.70087996e-03	3.40563384e-04	2.59318753e-05	2.92614457e-03	1.80095411e-04	-1.32213709e+00	-1.37812568e+00	-1.33717476e+00	-1.32126897e+00	8.37931626e-03
6000	6000	280	4.42551622e-06	6.00100000e+01	1.00000000e+02	7.37463127e-10	7.64556070e-12	1.68241477e-03	3.37058127e-04	2.56681601e-05	2.89435508e-03	1.80095584e-04	-1.32687768e+00	-1.38261883e+00	-1.34161394e+00	-1.32601294e+00	8.37973426e-03
6000	6000	281	4.42551622e-06	6.00100000e+01	1.00000000e+02	7.37463127e-10	7.64555990e-12	1.66415044e-03	3.33595430e-04	2.54075824e-05	2.86291086e-03	1.80095755e-04	-1.33161817e+00	-1.38710354e+00	-1.34604534e+00	-1.33075693e+00	8.38014692e-03
6000	6000	282	4.42551622e-06	6.00100000e+01	1.00000000e+02	7.37463127e-10	7.64555910e-12	1.64608479e-03	3.30174824e-04	2.51501092e-05	2.83180816e-03	1.80095924e-04	-1.33635855e+00	-1.39157967e+00	-1.35046880e+00	-1.33550092e+00	8.38055415e-03
6000	6000	283	4.42551622e-06	6.00100000e+01	1.00000000e+02	7.37463127e-10	7.64555832e-12	1.62821567e-03	3.26795845e-04	2.48957076e-05	2.80104329e-03	1.80096091e-04	-1.34109882e+00	-1.39604710e+00	-1.35488420e+00	-1.34024493e+00	8.38095638e-03
6000	6000	284	4.42551622e-06	6.00100000e+01	1.00000000e+02	7.37463127e-10	7.64555755e-12	1.61054095e-03	3.23458036e-04	2.46443452e-05	2.77061258e-03	1.80096256e-04	-1.34583898e+00	-1.40050568e+00	-1.35929140e+00	-1.34498895e+00	8.38135327e-03
6000	6000	285	4.42551622e-06	6.00100000e+01	1.00000000e+02	7.37463127e-10	7.64555679e-12	1.59305853e-03	3.20160942e-04	2.43959899e-05	2.74051240e-03	1.80096418e-04	-1.35057902e+00	-1.40495528e+00	-1.36369023e+00	-1.34973298e+00	8.38174493e-03
6000	6000	286	4.42551622e-06	6.00100000e+01	1.00000000e+02	7.37463127e-10	7.64555603e-12	1.57576631e-03	3.16904118e-04	2.41506100e-05	2.71073919e-03	1.80096579e-04	-1.35531894e+00	-1.40939575e+00	-1.36808057e+00	-1.35447702e+00	8.38213164e-03
6000	6000	287	4.42551622e-06	6.00100000e+01	1.00000000e+02	7.37463127e-10	7.64555528e-12	1.55866225e-03	3.13687120e-04	2.39081742e-05	2.68128939e-03	1.80096737e-04	-1.36005873e+00	-1.41382694e+00	-1.37246227e+00	-1.35922106e+00	8.38251317e-03
6000	6000	288	4.42551622e-06	6.00100000e+01	1.00000000e+02	7.37463127e-10	7.64555455e-12	1.54174429e-03	3.10509512e-04	2.36686515e-05	2.65215950e-03	1.80096893e-04	-1.36479840e+00	-1.41824872e+00	-1.37683516e+00	-1.36396511e+00	8.38289048e-03
6000	6000	289	4.42551622e-06	6.00100000e+01	1.00000000e+02	7.37463127e-10	7.64555382e-12	1.52501042e-03	3.07370862e-04	2.34320113e-05	2.62334604e-03	1.80097047e-04	-1.36953794e+00	-1.42266093e+00	-1.38119911e+00	-1.36870917e+00	8.38326237e-03
6000	6000	290	4.42551622e-06	6.00100000e+01	1.00000000e+02	7.37463127e-10	7.64555310e-12	1.50845865e-03	3.04270744e-04	2.31982232e-05	2.59484560e-03	1.80097200e-04	-1.37427734e+00	-1.42706343e+00	-1.38555396e+00	-1.37345323e+00	8.38362929e-03
6000	6000	291	4.42551622e-06	6.00100000e+01	1.00000000e+02	7.37463127e-10	7.64555239e-12	1.49208700e-03	3.01208735e-04	2.29672573e-05	2.56665477e-03	1.80097350e-04	-1.37901660e+00	-1.43145607e+00	-1.38989954e+00	-1.37819730e+00	8.38399238e-03
6000	6000	292	4.42551622e-06	6.00100000e+01	1.00000000e+02	7.37463127e-10	7.64555168e-12	1.47589353e-03	2.98184419e-04	2.27390840e-05	2.53877020e-03	1.80097499e-04	-1.38375572e+00	-1.43583868e+00	-1.39423571e+00	-1.38294136e+00	8.38435037e-03
6000	6000	293	4.42551622e-06	6.00100000e+01	1.00000000e+02	7.37463127e-10	7.64555099e-12	1.45987629e-03	2.95197384e-04	2.25136741e-05	2.51118857e-03	1.80097645e-04	-1.38849469e+00	-1.44021112e+00	-1.39856231e+00	-1.38768543e+00	8.38470400e-03
6000	6000	294	4.42551622e-06	6.00100000e+01	1.00000000e+02	7.37463127e-10	7.64555030e-12	1.44403339e-03	2.92247223e-04	2.22909985e-05	2.48390659e-03	1.80097790e-04	-1.39323352e+00	-1.44457324e+00	-1.40287916e+00	-1.39242949e+00	8.38505275e-03
6000	6000	295	4.42551622e-06	6.00100000e+01	1.00000000e+02	7.37463127e-10	7.64554962e-12	1.42836293e-03	2.89333534e-04	2.20710286e-05	2.45692103e-03	1.80097933e-04	-1.39797218e+00	-1.44892486e+00	-1.40718611e+00	-1.39717356e+00	8.38539715e-03
6000	6000	296	4.42551622e-06	6.00100000e+01	1.00000000e+02	7.37463127e-10	7.64554895e-12	1.41286304e-03	2.86455919e-04	2.18537362e-05	2.43022865e-03	1.80098074e-04	-1.40271069e+00	-1.45326583e+00	-1.41148298e+00	-1.40191762e+00	8.38573730e-03
6000	6000	297	4.42551622e-06	6.00100000e+01	1.00000000e+02	7.37463127e-10	7.64554829e-12	1.39753187e-03	2.83613985e-04	2.16390933e-05	2.40382630e-03	1.80098213e-04	-1.40744903e+00	-1.45759599e+00	-1.41576962e+00	-1.40666167e+00	8.38607329e-03
6000	6000	298	4.42551622e-06	6.00100000e+01	1.00000000e+02	7.37463127e-10	7.64554763e-12	1.38236761e-03	2.80807344e-04	2.14270720e-05	2.37771082e-03	1.80098350e-04	-1.41218720e+00	-1.46191517e+00	-1.42004585e+00	-1.41140572e+00	8.38640464e-03
6000	6000	299	4.42551622e-06	6.00100000e+01	1.00000000e+02	7.37463127e-10	7.64554698e-12	1.36736843e-03	2.78035613e-04	2.12176452e-05	2.35187910e-03	1.80098486e-04	-1.41692520e+00	-1.46622320e+00	-1.42431150e+00	-1.41614976e+00	8.38673208e-03
6000	6000	300	4.42551622e-06	6.00100000e+01	1.00000000e+02	7.37463127e-10	7.64554634e-12	1.35253256e-03	2.75298410e-04	2.10107857e-05	2.32632807e-03	1.80098620e-04	-1.42166302e+00	-1.47051992e+00	-1.42856639e+00	-1.42089379e+00	8.38705534e-03
6000	6000	301	4.42551622e-06	6.00100000e+01	1.00000000e+02	7.37463127e-10	7.64554571e-12	1.33785821e-03	2.72595363e-04	2.08064667e-05	2.30105468e-03	1.80098753e-04	-1.42640066e+00	-1.47480516e+00	-1.43281034e+00	-1.42563781e+00	8.38737446e-03
6000	6000	302	4.42551622e-06	6.00100000e+01	1.00000000e+02	7.37463127e-10	7.64554509e-12	1.32334365e-03	2.69926099e-04	2.06046618e-05	2.27605593e-03	1.80098883e-04	-1.43113811e+00	-1.47907875e+00	-1.43704319e+00	-1.43038182e+00	8.38768935e-03
6000	6000	303	4.42551622e-06	6.00100000e+01	1.00000000e+02	7.37463127e-10	7.64554447e-12	1.30898714e-03	2.67290253e-04	2.04053448e-05	2.25132883e-03	1.80099012e-04	-1.43587537e+00	-1.48334051e+00	-1.44126474e+00	-1.43512582e+00	8.38800060e-03
6000	6000	304	4.42551622e-06	6.00100000e+01	1.00000000e+02	7.37463127e-10	7.64554386e-12	1.29478696e-03	2.64687462e-04	2.02084898e-05	2.22687045e-03	1.80099140e-04	-1.44061243e+00	-1.48759026e+00	-1.44547482e+00	-1.43986980e+00	8.38830785e-03
6000	6000	305	4.42551622e-06	6.00100000e+01	1.00000000e+02	7.37463127e-10	7.64554325e-12	1.28074144e-03	2.62117368e-04	2.00140711e-05	2.20267787e-03	1.80099266e-04	-1.44534929e+00	-1.49182783e+00	-1.44967324e+00	-1.44461376e+00	8.38861115e-03
6000	6000	306	4.42551622e-06	6.00100000e+01	1.00000000e+02	7.37463127e-10	7.64554266e-12	1.26684888e-03	2.59579617e-04	1.98220634e-05	2.17874821e-03	1.80099390e-04	-1.45008594e+00	-1.49605304e+00	-1.45385982e+00	-1.44935771e+00	8.38891059e-03
6000	6000	307	4.42551622e-06	6.00100000e+01	1.00000000e+02	7.37463127e-10	7.64554207e-12	1.25310764e-03	2.57073859e-04	1.96324418e-05	2.15507862e-03	1.80099512e-04	-1.45482237e+00	-1.50026571e+00	-1.45803436e+00	-1.45410163e+00	8.38920666e-03
6000	6000	308	4.42551622e-06	6.00100000e+01	1.00000000e+02	7.37463127e-10	7.64554149e-12	1.23951607e-03	2.54599748e-04	1.94451813e-05	2.13166628e-03	1.80099634e-04	-1.45955859e+00	-1.50446566e+00	-1.46219668e+00	-1.45884554e+00	8.38949864e-03
6000	6000	309	4.42551622e-06	6.00100000e+01	1.00000000e+02	7.37463127e-10	7.64554091e-12	1.22607256e-03	2.52156943e-04	1.92602575e-05	2.10850840e-03	1.80099753e-04	-1.46429458e+00	-1.50865270e+00	-1.46634659e+00	-1.46358942e+00	8.38978709e-03
6000	6000	310	4.42551622e-06	6.00100000e+01	1.00000000e+02	7.37463127e-10	7.64554034e-12	1.21277549e-03	2.49745105e-04	1.90776461e-05	2.08560222e-03	1.80099871e-04	-1.46903034e+00	-1.51282664e+00	-1.47048389e+00	-1.46833327e+00	8.39007206e-03
6000	6000	311	4.42551622e-06	6.00100000e+01	1.00000000e+02	7.37463127e-10	7.64553978e-12	1.19962330e-03	2.47363899e-04	1.88973231e-05	2.06294502e-03	1.80099988e-04	-1.47376586e+00	-1.51698731e+00	-1.47460839e+00	-1.47307710e+00	8.39035345e-03
6000	6000	312	4.42551622e-06	6.00100000e+01	1.00000000e+02	7.37463127e-10	7.64553922e-12	1.18661440e-03	2.45012995e-04	1.87192648e-05	2.04053410e-03	1.80100103e-04	-1.47850114e+00	-1.52113451e+00	-1.47871989e+00	-1.47782090e+00	8.39063090e-03
6000	6000	313	4.42551622e-06	6.00100000e+01	1.00000000e+02	7.37463127e-10	7.64553867e-12	1.17374724e-03	2.42692066e-04	1.85434477e-05	2.01836678e-03	1.80100217e-04	-1.48323617e+00	-1.52526805e+00	-1.48281820e+00	-1.48256466e+00	8.39090538e-03
6000	6000	314	4.42551622e-06	6.00100000e+01	1.00000000e+02	7.37463127e-10	7.64553813e-12	1.16102029e-03	2.40400790e-04	1.83698485e-05	1.99644043e-03	1.80100329e-04	-1.48797094e+00	-1.52938774e+00	-1.48690310e+00	-1.48730840e+00	8.39117632e-03
6000	6000	315	4.42551622e-06	6.00100000e+01	1.00000000e+02	7.37463127e-10	7.64553759e-12	1.14843204e-03	2.38138845e-04	1.81984443e-05	1.97475243e-03	1.80100440e-04	-1.49270545e+00	-1.53349339e+00	-1.49097441e+00	-1.49205210e+00	8.39144349e-03
6000	6000	316	4.42551622e-06	6.00100000e+01	1.00000000e+02	7.37463127e-10	7.64553706e-12	1.13598098e-03	2.35905917e-04	1.80292124e-05	1.95330021e-03	1.80100550e-04	-1.49743969e+00	-1.53758479e+00	-1.49503192e+00	-1.49679576e+00	8.39170794e-03
6000	6000	317	4.42551622e-06	6.00100000e+01	1.00000000e+02	7.37463127e-10	7.64553654e-12	1.12366562e-03	2.33701692e-04	1.78621301e-05	1.93208120e-03	1.80100658e-04	-1.50217366e+00	-1.54166177e+00	-1.49907543e+00	-1.50153938e+00	8.39196854e-03
6000	6000	318	4.42551622e-06	6.00100000e+01	1.00000000e+02	7.37463127e-10	7.64553602e-12	1.11148450e-03	2.31525861e-04	1.76971754e-05	1.91109287e-03	1.80100765e-04	-1.50690734e+00	-1.54572412e+00	-1.50310473e+00	-1.50628296e+00	8.39222598e-03
6000	6000	319	4.42551622e-06	6.00100000e+01	1.00000000e+02	7.37463127e-10	7.64553551e-12	1.09943616e-03	2.29378120e-04	1.75343260e-05	1.89033274e-03	1.80100870e-04	-1.51164073e+00	-1.54977164e+00	-1.50711960e+00	-1.51102650e+00	8.39248025e-03
6000	6000	320	4.42551622e-06	6.00100000e+01	1.00000000e+02	7.37463127e-10	7.64553500e-12	1.08751917e-03	2.27258164e-04	1.73735602e-05	1.86979832e-03	1.80100974e-04	-1.51637383e+00	-1.55380414e+00	-1.51111986e+00	-1.51576999e+00	8.39273162e-03
6000	6000	321	4.42551622e-06	6.00100000e+01	1.00000000e+02	7.37463127e-10	7.64553450e-12	1.07573211e-03	2.25165695e-04	1.72148564e-05	1.84948716e-03	1.80101077e-04	-1.52110662e+00	-1.55782140e+00	-1.51510527e+00	-1.52051343e+00	8.39297985e-03
6000	6000	322	4.42551622e-06	6.00100000e+01	1.00000000e+02	7.37463127e-10	7.64553401e-12	1.06407356e-03	2.23100418e-04	1.70581933e-05	1.82939686e-03	1.80101179e-04	-1.52583910e+00	-1.56182325e+00	-1.51907565e+00	-1.52525682e+00	8.39322481e-03
6000	6000	323	4.42551622e-06	6.00100000e+01	1.00000000e+02	7.37463127e-10	7.64553352e-12	1.05254214e-03	2.21062039e-04	1.69035497e-05	1.80952501e-03	1.80101279e-04	-1.53057126e+00	-1.56580946e+00	-1.52303077e+00	-1.53000016e+00	8.39346713e-03
6000	6000	324	4.42551622e-06	6.00100000e+01	1.00000000e+02	7.37463127e-10	7.64553304e-12	1.04113648e-03	2.19050269e-04	1.67509046e-05	1.78986924e-03	1.80101378e-04	-1.53530309e+00	-1.56977984e+00	-1.52697041e+00	-1.53474345e+00	8.39370583e-03
6000	6000	325	4.42551622e-06	6.00100000e+01	1.00000000e+02	7.37463127e-10	7.64553256e-12	1.02985521e-03	2.17064821e-04	1.66002374e-05	1.77042722e-03	1.80101476e-04	-1.54003458e+00	-1.57373418e+00	-1.53089438e+00	-1.53948668e+00	8.39394200e-03
6000	6000	326	4.42551622e-06	6.00100000e+01	1.00000000e+02	7.37463127e-10	7.64553209e-12	1.01869698e-03	2.15105413e-04	1.64515275e-05	1.75119662e-03	1.80101573e-04	-1.54476573e+00	-1.57767229e+00	-1.53480245e+00	-1.54422984e+00	8.39417525e-03
6000	6000	327	4.42551622e-06	6.00100000e+01	1.00000000e+02	7.37463127e-10	7.64553162e-12	1.00766047e-03	2.13171763e-04	1.63047546e-05	1.73217517e-03	1.80101668e-04	-1.54949653e+00	-1.58159395e+00	-1.53869441e+00	-1.54897295e+00	8.39440519e-03
6000	6000	328	4.42551622e-06	6.00100000e+01	1.00000000e+02	7.37463127e-10	7.64553116e-12	9.96744353e-04	2.11263594e-04	1.61598987e-05	1.71336058e-03	1.80101763e-04	-1.55422697e+00	-1.58549896e+00	-1.54257005e+00	-1.55371598e+00	8.39463273e-03
6000	6000	329	4.42551622e-06	6.00100000e+01	1.00000000e+02	7.37463127e-10	7.64553071e-12	9.85947335e-04	2.09380633e-04	1.60169398e-05	1.69475062e-03	1.80101856e-04	-1.55895703e+00	-1.58938712e+00	-1.54642914e+00	-1.55845895e+00	8.39485760e-03
6000	6000	330	4.42551622e-06	6.00100000e+01	1.00000000e+02	7.37463127e-10	7.64553026e-12	9.75268125e-04	2.07522606e-04	1.58758582e-05	1.67634306e-03	1.80101948e-04	-1.56368672e+00	-1.59325822e+00	-1.55027147e+00	-1.56320185e+00	8.39507943e-03
6000	6000	331	4.42551622e-06	6.00100000e+01	1.00000000e+02	7.37463127e-10	7.64552982e-12	9.64705448e-04	2.05689246e-04	1.57366344e-05	1.65813573e-03	1.80102039e-04	-1.56841602e+00	-1.59711204e+00	-1.55409682e+00	-1.56794468e+00	8.39529845e-03
6000	6000	332	4.42551622e-06	6.00100000e+01	1.00000000e+02	7.37463127e-10	7.64552938e-12	9.54258045e-04	2.03880285e-04	1.55992491e-05	1.64012644e-03	1.80102129e-04	-1.57314492e+00	-1.60094840e+00	-1.55790499e+00	-1.57268742e+00	8.39551497e-03
6000	6000	333	4.42551622e-06	6.00100000e+01	1.00000000e+02	7.37463127e-10	7.64552894e-12	9.43924669e-04	2.02095462e-04	1.54636831e-05	1.62231305e-03	1.80102217e-04	-1.57787341e+00	-1.60476707e+00	-1.56169574e+00	-1.57743009e+00	8.39572843e-03
6000	6000	334	4.42551622e-06	6.00100000e+01	1.00000000e+02	7.37463127e-10	7.64552851e-12	9.33704087e-04	2.00334515e-04	1.53299175e-05	1.60469344e-03	1.80102305e-04	-1.58260149e+00	-1.60856785e+00	-1.56546886e+00	-1.58217268e+00	8.39593986e-03
6000	6000	335	4.42551622e-06	6.00100000e+01	1.00000000e+02	7.37463127e-10	7.64552809e-12	9.23595079e-04	1.98597186e-04	1.51979334e-05	1.58726551e-03	1.80102391e-04	-1.58732914e+00	-1.61235054e+00	-1.56922414e+00	-1.58691517e+00	8.39614813e-03
6000	6000	336	4.42551622e-06	6.00100000e+01	1.00000000e+02	7.37463127e-10	7.64552767e-12	9.13596439e-04	1.96883221e-04	1.50677124e-05	1.57002717e-03	1.80102476e-04	-1.59205635e+00	-1.61611492e+00	-1.57296136e+00	-1.59165758e+00	8.39635405e-03
6000	6000	337	4.42551622e-06	6.00100000e+01	1.00000000e+02	7.37463127e-10	7.64552726e-12	9.03706975e-04	1.95192365e-04	1.49392359e-05	1.55297638e-03	1.80102561e-04	-1.59678312e+00	-1.61986080e+00	-1.57668029e+00	-1.59639990e+00	8.39655762e-03
6000	6000	338	4.42551622e-06	6.00100000e+01	1.00000000e+02	7.37463127e-10	7.64552685e-12	8.93925506e-04	1.93524369e-04	1.48124858e-05	1.53611111e-03	1.80102644e-04	-1.60150942e+00	-1.62358797e+00	-1.58038073e+00	-1.60114212e+00	8.39675863e-03
6000	6000	339	4.42551622e-06	6.00100000e+01	1.00000000e+02	7.37463127e-10	7.64552644e-12	8.84250864e-04	1.91878985e-04	1.46874439e-05	1.51942934e-03	1.80102727e-04	-1.60623526e+00	-1.62729622e+00	-1.58406246e+00	-1.60588425e+00	8.39695719e-03
6000	6000	340	4.42551622e-06	6.00100000e+01	1.00000000e+02	7.37463127e-10	7.64552604e-12	8.74681896e-04	1.90255968e-04	1.45640923e-05	1.50292908e-03	1.80102808e-04	-1.61096061e+00	-1.63098534e+00	-1.58772526e+00	-1.61062627e+00	8.39715300e-03
6000	6000	341	4.42551622e-06	6.00100000e+01	1.00000000e+02	7.37463127e-10	7.64552565e-12	8.65217460e-04	1.88655075e-04	1.44424133e-05	1.48660837e-03	1.80102888e-04	-1.61568548e+00	-1.63465514e+00	-1.59136891e+00	-1.61536818e+00	8.39734675e-03
6000	6000	342	4.42551622e-06	6.00100000e+01	1.00000000e+02	7.37463127e-10	7.64552526e-12	8.55856425e-04	1.87076065e-04	1.43223893e-05	1.47046526e-03	1.80102968e-04	-1.62040984e+00	-1.63830540e+00	-1.59499321e+00	-1.62010998e+00	8.39753815e-03
6000	6000	343	4.42551622e-06	6.00100000e+01	1.00000000e+02	7.37463127e-10	7.64552487e-12	8.46597676e-04	1.85518700e-04	1.42040028e-05	1.45449783e-03	1.80103046e-04	-1.62513368e+00	-1.64193594e+00	-1.59859793e+00	-1.62485168e+00	8.39772699e-03
6000	6000	344	4.42551622e-06	6.00100000e+01	1.00000000e+02	7.37463127e-10	7.64552449e-12	8.37440106e-04	1.83982743e-04	1.40872365e-05	1.43870417e-03	1.80103123e-04	-1.62985699e+00	-1.64554654e+00	-1.60218287e+00	-1.62959325e+00	8.39791348e-03
6000	6000	345	4.42551622e-06	6.00100000e+01	1.00000000e+02	7.37463127e-10	7.64552411e-12	8.28382623e-04	1.82467962e-04	1.39720735e-05	1.42308241e-03	1.80103200e-04	-1.63457977e+00	-1.64913701e+00	-1.60574782e+00	-1.63433470e+00	8.39809770e-03
6000	6000	346	4.42551622e-06	6.00100000e+01	1.00000000e+02	7.37463127e-10	7.64552374e-12	8.19424147e-04	1.80974125e-04	1.38584965e-05	1.40763067e-03	1.80103275e-04	-1.63930199e+00	-1.65270714e+00	-1.60929256e+00	-1.63907603e+00	8.39828006e-03
6000	6000	347	4.42551622e-06	6.00100000e+01	1.00000000e+02	7.37463127e-10	7.64552337e-12	8.10563607e-04	1.79501002e-04	1.37464890e-05	1.39234712e-03	1.80103350e-04	-1.64402365e+00	-1.65625675e+00	-1.61281689e+00	-1.64381723e+00	8.39845975e-03
6000	6000	348	4.42551622e-06	6.00100000e+01	1.00000000e+02	7.37463127e-10	7.64552301e-12	8.01799947e-04	1.78048367e-04	1.36360340e-05	1.37722994e-03	1.80103423e-04	-1.64874473e+00	-1.65978563e+00	-1.61632060e+00	-1.64855830e+00	8.39863726e-03
6000	6000	349	4.42551622e-06	6.00100000e+01	1.00000000e+02	7.37463127e-10	7.64552265e-12	7.93132120e-04	1.76615993e-04	1.35271152e-05	1.36227732e-03	1.80103496e-04	-1.65346521e+00	-1.66329360e+00	-1.61980349e+00	-1.65329923e+00	8.39881296e-03
6000	6000	350	4.42551622e-06	6.00100000e+01	1.00000000e+02	7.37463127e-10	7.64552229e-12	7.84559092e-04	1.75203659e-04	1.34197162e-05	1.34748748e-03	1.80103568e-04	-1.65818509e+00	-1.66678046e+00	-1.62326535e+00	-1.65804002e+00	8.39898601e-03
6000	6000	351	4.42551622e-06	6.00100000e+01	1.00000000e+02	7.37463127e-10	7.64552194e-12	7.76079839e-04	1.73811144e-04	1.33138206e-05	1.33285865e-03	1.80103639e-04	-1.66290435e+00	-1.67024601e+00	-1.62670598e+00	-1.66278066e+00	8.39915710e-03
6000	6000	352	4.42551622e-06	6.00100000e+01	1.00000000e+02	7.37463127e-10	7.64552160e-12	7.67693350e-04	1.72438227e-04	1.32094123e-05	1.31838910e-03	1.80103709e-04	-1.66762297e+00	-1.67369008e+00	-1.63012518e+00	-1.66752115e+00	8.39932639e-03
6000	6000	353	4.42551622e-06	6.00100000e+01	1.00000000e+02	7.37463127e-10	7.64552125e-12	7.59398623e-04	1.71084693e-04	1.31064754e-05	1.30407709e-03	1.80103779e-04	-1.67234095e+00	-1.67711247e+00	-1.63352276e+00	-1.67226149e+00	8.39949376e-03
6000	6000	354	4.42551622e-06	6.00100000e+01	1.00000000e+02	7.37463127e-10	7.64552091e-12	7.51194668e-04	1.69750327e-04	1.30049941e-05	1.28992092e-03	1.80103847e-04	-1.67705825e+00	-1.68051301e+00	-1.63689852e+00	-1.67700167e+00	8.39965848e-03
6000	6000	355	4.42551622e-06	6.00100000e+01	1.00000000e+02	7.37463127e-10	7.64552058e-12	7.43080507e-04	1.68434915e-04	1.29049525e-05	1.27591891e-03	1.80103915e-04	-1.68177488e+00	-1.68389151e+00	-1.64025227e+00	-1.68174168e+00	8.39982192e-03
6000	6000	356	4.42551622e-06	6.00100000e+01	1.00000000e+02	7.37463127e-10	7.64552025e-12	7.35055169e-04	1.67138246e-04	1.28063350e-05	1.26206938e-03	1.80103981e-04	-1.68649081e+00	-1.68724779e+00	-1.64358382e+00	-1.68648152e+00	8.39998263e-03
6000	6000	357	4.42551622e-06	6.00100000e+01	1.00000000e+02	7.37463127e-10	7.64551992e-12	7.27117698e-04	1.65860111e-04	1.27091263e-05	1.24837067e-03	1.80104047e-04	-1.69120604e+00	-1.69058168e+00	-1.64689298e+00	-1.69122119e+00	8.40014161e-03
6000	6000	358	4.42551622e-06	6.00100000e+01	1.00000000e+02	7.37463127e-10	7.64551960e-12	7.19267145e-04	1.64600303e-04	1.26133110e-05	1.23482117e-03	1.80104112e-04	-1.69592053e+00	-1.69389300e+00	-1.65017958e+00	-1.69596069e+00	8.40029880e-03
6000	6000	359	4.42551622e-06	6.00100000e+01	1.00000000e+02	7.37463127e-10	7.64551928e-12	7.11502574e-04	1.63358615e-04	1.25188738e-05	1.22141925e-03	1.80104177e-04	-1.70063428e+00	-1.69718159e+00	-1.65344342e+00	-1.70069999e+00	8.40045403e-03
6000	6000	360	4.42551622e-06	6.00100000e+01	1.00000000e+02	7.37463127e-10	7.64551896e-12	7.03823057e-04	1.62134844e-04	1.24257996e-05	1.20816331e-03	1.80104240e-04	-1.70534726e+00	-1.70044727e+00	-1.65668434e+00	-1.70543911e+00	8.40060731e-03
6000	6000	361	4.42551622e-06	6.00100000e+01	1.00000000e+02	7.37463127e-10	7.64551865e-12	6.96227677e-04	1.60928788e-04	1.23340734e-05	1.19505177e-03	1.80104303e-04	-1.71005947e+00	-1.70368989e+00	-1.65990215e+00	-1.71017803e+00	8.40075888e-03
6000	6000	362	4.42551622e-06	6.00100000e+01	1.00000000e+02	7.37463127e-10	7.64551834e-12	6.88715528e-04	1.59740246e-04	1.22436804e-05	1.18208307e-03	1.80104365e-04	-1.71477088e+00	-1.70690928e+00	-1.66309669e+00	-1.71491676e+00	8.40090862e-03
6000	6000	363	4.42551622e-06	6.00100000e+01	1.00000000e+02	7.37463127e-10	7.64551804e-12	6.81285713e-04	1.58569019e-04	1.21546059e-05	1.16925566e-03	1.80104427e-04	-1.71948147e+00	-1.71010529e+00	-1.66626780e+00	-1.71965527e+00	8.40105627e-03
6000	6000	364	4.42551622e-06	6.00100000e+01	1.00000000e+02	7.37463127e-10	7.64551774e-12	6.73937345e-04	1.57414910e-04	1.20668350e-05	1.15656801e-03	1.80104487e-04	-1.72419123e+00	-1.71327776e+00	-1.66941530e+00	-1.72439358e+00	8.40120255e-03
6000	6000	365	4.42551622e-06	6.00100000e+01	1.00000000e+02	7.37463127e-10	7.64551744e-12	6.66669546e-04	1.56277725e-04	1.19803535e-05	1.14401862e-03	1.80104547e-04	-1.72890013e+00	-1.71642655e+00	-1.67253905e+00	-1.72913166e+00	8.40134647e-03
6000	6000	366	4.42551622e-06	6.00100000e+01	1.00000000e+02	7.37463127e-10	7.64551714e-12	6.59481449e-04	1.55157268e-04	1.18951467e-05	1.13160597e-03	1.80104606e-04	-1.73360817e+00	-1.71955150e+00	-1.67563888e+00	-1.73386952e+00	8.40148941e-03
6000	6000	367	4.42551622e-06	6.00100000e+01	1.00000000e+02	7.37463127e-10	7.64551685e-12	6.52372194e-04	1.54053348e-04	1.18112004e-05	1.11932859e-03	1.80104664e-04	-1.73831531e+00	-1.72265249e+00	-1.67871464e+00	-1.73860715e+00	8.40162985e-03
6000	6000	368	4.42551622e-06	6.00100000e+01	1.00000000e+02	7.37463127e-10	7.64551657e-12	6.45340934e-04	1.52965775e-04	1.17285004e-05	1.10718502e-03	1.80104722e-04	-1.74302154e+00	-1.72572936e+00	-1.68176619e+00	-1.74334455e+00	8.40176891e-03
6000	6000	369	4.42551622e-06	6.00100000e+01	1.00000000e+02	7.37463127e-10	7.64551628e-12	6.38386828e-04	1.51894359e-04	1.16470326e-05	1.09517381e-03	1.80104779e-04	-1.74772683e+00	-1.72878198e+00	-1.68479339e+00	-1.74808170e+00	8.40190593e-03
6000	6000	370	4.42551622e-06	6.00100000e+01	1.00000000e+02	7.37463127e-10	7.64551600e-12	6.31509046e-04	1.50838912e-04	1.15667829e-05	1.08329352e-03	1.80104835e-04	-1.75243117e+00	-1.73181024e+00	-1.68779609e+00	-1.75281861e+00	8.40204197e-03
6000	6000	371	4.42551622e-06	6.00100000e+01	1.00000000e+02	7.37463127e-10	7.64551572e-12	6.24706767e-04	1.49799249e-04	1.14877376e-05	1.07154274e-03	1.80104891e-04	-1.75713454e+00	-1.73481399e+00	-1.69077417e+00	-1.75755525e+00	8.40217589e-03
6000	6000	372	4.42551622e-06	6.00100000e+01	1.00000000e+02	7.37463127e-10	7.64551545e-12	6.17979178e-04	1.48775185e-04	1.14098827e-05	1.05992007e-03	1.80104946e-04	-1.76183691e+00	-1.73779313e+00	-1.69372750e+00	-1.76229164e+00	8.40230837e-03
6000	6000	373	4.42551622e-06	6.00100000e+01	1.00000000e+02	7.37463127e-10	7.64551518e-12	6.11325476e-04	1.47766537e-04	1.13332046e-05	1.04842411e-03	1.80105000e-04	-1.76653826e+00	-1.74074753e+00	-1.69665595e+00	-1.76702775e+00	8.40243929e-03
6000	6000	374	4.42551622e-06	6.00100000e+01	1.00000000e+02	7.37463127e-10	7.64551491e-12	6.04744866e-04	1.46773123e-04	1.12576897e-05	1.03705351e-03	1.80105054e-04	-1.77123856e+00	-1.74367709e+00	-1.69955941e+00	-1.77176359e+00	8.40256826e-03
6000	6000	375	4.42551622e-06	6.00100000e+01	1.00000000e+02	7.37463127e-10	7.64551465e-12	5.98236562e-04	1.45794764e-04	1.11833245e-05	1.02580689e-03	1.80105107e-04	-1.77593780e+00	-1.74658170e+00	-1.70243775e+00	-1.77649914e+00	8.40269600e-03
6000	6000	376	4.42551622e-06	6.00100000e+01	1.00000000e+02	7.37463127e-10	7.64551438e-12	5.91799787e-04	1.44831281e-04	1.11100956e-05	1.01468292e-03	1.80105159e-04	-1.78063595e+00	-1.74946126e+00	-1.70529088e+00	-1.78123440e+00	8.40282217e-03
6000	6000	377	4.42551622e-06	6.00100000e+01	1.00000000e+02	7.37463127e-10	7.64551413e-12	5.85433772e-04	1.43882496e-04	1.10379897e-05	1.00368028e-03	1.80105210e-04	-1.78533298e+00	-1.75231567e+00	-1.70811870e+00	-1.78596936e+00	8.40294669e-03
6000	6000	378	4.42551622e-06	6.00100000e+01	1.00000000e+02	7.37463127e-10	7.64551387e-12	5.79137757e-04	1.42948233e-04	1.09669936e-05	9.92797638e-04	1.80105261e-04	-1.79002887e+00	-1.75514484e+00	-1.71092109e+00	-1.79070402e+00	8.40306959e-03
6000	6000	379	4.42551622e-06	6.00100000e+01	1.00000000e+02	7.37463127e-10	7.64551362e-12	5.72910989e-04	1.42028318e-04	1.08970941e-05	9.82033712e-04	1.80105312e-04	-1.79472360e+00	-1.75794868e+00	-1.71369798e+00	-1.79543836e+00	8.40319138e-03
6000	6000	380	4.42551622e-06	6.00100000e+01	1.00000000e+02	7.37463127e-10	7.64551337e-12	5.66752724e-04	1.41122579e-04	1.08282783e-05	9.71387213e-04	1.80105362e-04	-1.79941713e+00	-1.76072713e+00	-1.71644927e+00	-1.80017237e+00	8.40331139e-03
6000	6000	381	4.42551622e-06	6.00100000e+01	1.00000000e+02	7.37463127e-10	7.64551312e-12	5.60662227e-04	1.40230842e-04	1.07605332e-05	9.60856868e-04	1.80105411e-04	-1.80410945e+00	-1.76348009e+00	-1.71917489e+00	-1.80490605e+00	8.40343001e-03
6000	6000	382	4.42551622e-06	6.00100000e+01	1.00000000e+02	7.37463127e-10	7.64551288e-12	5.54638771e-04	1.39352938e-04	1.06938459e-05	9.50441423e-04	1.80105460e-04	-1.80880053e+00	-1.76620750e+00	-1.72187476e+00	-1.80963940e+00	8.40354730e-03
6000	6000	383	4.42551622e-06	6.00100000e+01	1.00000000e+02	7.37463127e-10	7.64551264e-12	5.48681636e-04	1.38488696e-04	1.06282040e-05	9.40139636e-04	1.80105507e-04	-1.81349033e+00	-1.76890930e+00	-1.72454880e+00	-1.81437239e+00	8.40366257e-03
6000	6000	384	4.42551622e-06	6.00100000e+01	1.00000000e+02	7.37463127e-10	7.64551240e-12	5.42790116e-04	1.37637943e-04	1.05635958e-05	9.29950288e-04	1.80105555e-04	-1.81817882e+00	-1.77158545e+00	-1.72719691e+00	-1.81910502e+00	8.40377696e-03
6000	6000	385	4.42551622e-06	6.00100000e+01	1.00000000e+02	7.37463127e-10	7.64551216e-12	5.36963501e-04	1.36800519e-04	1.05000074e-05	9.19872149e-04	1.80105602e-04	-1.82286598e+00	-1.77423588e+00	-1.72981908e+00	-1.82383728e+00	8.40389035e-03
6000	6000	386	4.42551622e-06	6.00100000e+01	1.00000000e+02	7.37463127e-10	7.64551193e-12	5.31201094e-04	1.35976260e-04	1.04374263e-05	9.09904018e-04	1.80105648e-04	-1.82755179e+00	-1.77686054e+00	-1.73241526e+00	-1.82856917e+00	8.40400208e-03
6000	6000	387	4.42551622e-06	6.00100000e+01	1.00000000e+02	7.37463127e-10	7.64551170e-12	5.25502207e-04	1.35165002e-04	1.03758403e-05	9.00044705e-04	1.80105694e-04	-1.83223621e+00	-1.77945937e+00	-1.73498540e+00	-1.83330067e+00	8.40411217e-03
6000	6000	388	4.42551622e-06	6.00100000e+01	1.00000000e+02	7.37463127e-10	7.64551147e-12	5.19866158e-04	1.34366581e-04	1.03152370e-05	8.90293034e-04	1.80105739e-04	-1.83691920e+00	-1.78203236e+00	-1.73752947e+00	-1.83803178e+00	8.40422115e-03
6000	6000	389	4.42551622e-06	6.00100000e+01	1.00000000e+02	7.37463127e-10	7.64551125e-12	5.14292276e-04	1.33580838e-04	1.02556041e-05	8.80647839e-04	1.80105784e-04	-1.84160075e+00	-1.78457947e+00	-1.74004743e+00	-1.84276248e+00	8.40432877e-03
6000	6000	390	4.42551622e-06	6.00100000e+01	1.00000000e+02	7.37463127e-10	7.64551103e-12	5.08779892e-04	1.32807611e-04	1.01969296e-05	8.71107970e-04	1.80105828e-04	-1.84628081e+00	-1.78710066e+00	-1.74253926e+00	-1.84749277e+00	8.40443522e-03
6000	6000	391	4.42551622e-06	6.00100000e+01	1.00000000e+02	7.37463127e-10	7.64551081e-12	5.03328349e-04	1.32046742e-04	1.01392014e-05	8.61672289e-04	1.80105871e-04	-1.85095936e+00	-1.78959594e+00	-1.74500493e+00	-1.85222263e+00	8.40454018e-03
6000	6000	392	4.42551622e-06	6.00100000e+01	1.00000000e+02	7.37463127e-10	7.64551059e-12	4.97936994e-04	1.31298074e-04	1.00824077e-05	8.52339669e-04	1.80105914e-04	-1.85563636e+00	-1.79206527e+00	-1.74744443e+00	-1.85695205e+00	8.40464403e-03
6000	6000	393	4.42551622e-06	6.00100000e+01	1.00000000e+02	7.37463127e-10	7.64551038e-12	4.92605184e-04	1.30561449e-04	1.00265364e-05	8.43108996e-04	1.80105957e-04	-1.86031177e+00	-1.79450867e+00	-1.74985775e+00	-1.86168103e+00	8.40474633e-03
6000	6000	394	4.42551622e-06	6.00100000e+01	1.00000000e+02	7.37463127e-10	7.64551017e-12	4.87332282e-04	1.29836714e-04	9.97157585e-06	8.33979169e-04	1.80105999e-04	-1.86498557e+00	-1.79692611e+00	-1.75224488e+00	-1.86640955e+00	8.40484744e-03
6000	6000	395	4.42551622e-06	6.00100000e+01	1.00000000e+02	7.37463127e-10	7.64550996e-12	4.82117656e-04	1.29123715e-04	9.91751437e-06	8.24949097e-04	1.80106040e-04	-1.86965771e+00	-1.79931762e+00	-1.75460584e+00	-1.87113760e+00	8.40494746e-03
6000	6000	396	4.42551622e-06	6.00100000e+01	1.00000000e+02	7.37463127e-10	7.64550975e-12	4.76960684e-04	1.28422298e-04	9.86434034e-06	8.16017702e-04	1.80106081e-04	-1.87432817e+00	-1.80168319e+00	-1.75694063e+00	-1.87586517e+00	8.40504642e-03
6000	6000	397	4.42551622e-06	6.00100000e+01	1.00000000e+02	7.37463127e-10	7.64550955e-12	4.71860748e-04	1.27732312e-04	9.81204225e-06	8.07183918e-04	1.80106122e-04	-1.87899690e+00	-1.80402286e+00	-1.75924927e+00	-1.88059225e+00	8.40514350e-03
6000	6000	398	4.42551622e-06	6.00100000e+01	1.00000000e+02	7.37463127e-10	7.64550935e-12	4.66817240e-04	1.27053608e-04	9.76060866e-06	7.98446691e-04	1.80106162e-04	-1.88366386e+00	-1.80633663e+00	-1.76153178e+00	-1.88531883e+00	8.40524035e-03
6000	6000	399	4.42551622e-06	6.00100000e+01	1.00000000e+02	7.37463127e-10	7.64550915e-12	4.61829556e-04	1.26386036e-04	9.71002824e-06	7.89804977e-04	1.80106201e-04	-1.88832903e+00	-1.80862454e+00	-1.76378819e+00	-1.89004489e+00	8.40533549e-03
6000	6000	400	4.42551622e-06	6.00100000e+01	1.00000000e+02	7.37463127e-10	7.64550895e-12	4.56897100e-04	1.25729449e-04	9.66028972e-06	7.81257746e-04	1.80106240e-04	-1.89299235e+00	-1.81088662e+00	-1.76601853e+00	-1.89477042e+00	8.40542965e-03
6000	6000	401	4.42551622e-06	6.00100000e+01	1.00000000e+02	7.37463127e-10	7.64550875e-12	4.52019282e-04	1.25083700e-04	9.61138193e-06	7.72803975e-04	1.80106279e-04	-1.89765379e+00	-1.81312291e+00	-1.76822284e+00	-1.89949541e+00	8.40552272e-03
6000	6000	402	4.42551622e-06	6.00100000e+01	1.00000000e+02	7.37463127e-10	7.64550856e-12	4.47195519e-04	1.24448645e-04	9.56329379e-06	7.64442656e-04	1.80106317e-04	-1.90231331e+00	-1.81533346e+00	-1.77040118e+00	-1.90421984e+00	8.40561430e-03
6000	6000	403	4.42551622e-06	6.00100000e+01	1.00000000e+02	7.37463127e-10	7.64550837e-12	4.42425233e-04	1.23824138e-04	9.51601430e-06	7.56172791e-04	1.80106354e-04	-1.90697086e+00	-1.81751831e+00	-1.77255359e+00	-1.90894371e+00	8.40570508e-03
6000	6000	404	4.42551622e-06	6.00100000e+01	1.00000000e+02	7.37463127e-10	7.64550818e-12	4.37707855e-04	1.23210038e-04	9.46953254e-06	7.47993392e-04	1.80106391e-04	-1.91162641e+00	-1.81967754e+00	-1.77468014e+00	-1.91366699e+00	8.40579454e-03
6000	6000	405	4.42551622e-06	6.00100000e+01	1.00000000e+02	7.37463127e-10	7.64550800e-12	4.33042820e-04	1.22606202e-04	9.42383769e-06	7.39903482e-04	1.80106428e-04	-1.91627991e+00	-1.82181119e+00	-1.77678088e+00	-1.91838968e+00	8.40588321e-03
6000	6000	406	4.42551622e-06	6.00100000e+01	1.00000000e+02	7.37463127e-10	7.64550781e-12	4.28429570e-04	1.22012490e-04	9.37891900e-06	7.31902096e-04	1.80106465e-04	-1.92093131e+00	-1.82391934e+00	-1.77885589e+00	-1.92311176e+00	8.40597065e-03
6000	6000	407	4.42551622e-06	6.00100000e+01	1.00000000e+02	7.37463127e-10	7.64550763e-12	4.23867553e-04	1.21428763e-04	9.33476583e-06	7.23988277e-04	1.80106500e-04	-1.92558058e+00	-1.82600206e+00	-1.78090525e+00	-1.92783322e+00	8.40605699e-03
6000	6000	408	4.42551622e-06	6.00100000e+01	1.00000000e+02	7.37463127e-10	7.64550745e-12	4.19356224e-04	1.20854884e-04	9.29136761e-06	7.16161081e-04	1.80106536e-04	-1.93022766e+00	-1.82805942e+00	-1.78292904e+00	-1.93255404e+00	8.40614249e-03
6000	6000	409	4.42551622e-06	6.00100000e+01	1.00000000e+02	7.37463127e-10	7.64550728e-12	4.14895042e-04	1.20290714e-04	9.24871385e-06	7.08419574e-04	1.80106571e-04	-1.93487251e+00	-1.83009153e+00	-1.78492734e+00	-1.93727420e+00	8.40622668e-03
6000	6000	410	4.42551622e-06	6.00100000e+01	1.00000000e+02	7.37463127e-10	7.64550710e-12	4.10483474e-04	1.19736119e-04	9.20679416e-06	7.00762829e-04	1.80106605e-04	-1.93951507e+00	-1.83209845e+00	-1.78690025e+00	-1.94199370e+00	8.40630990e-03
6000	6000	411	4.42551622e-06	6.00100000e+01	1.00000000e+02	7.37463127e-10	7.64550693e-12	4.06120991e-04	1.19190964e-04	9.16559824e-06	6.93189934e-04	1.80106639e-04	-1.94415531e+00	-1.83408030e+00	-1.78884786e+00	-1.94671251e+00	8.40639219e-03
6000	6000	412	4.42551622e-06	6.00100000e+01	1.00000000e+02	7.37463127e-10	7.64550676e-12	4.01807073e-04	1.18655116e-04	9.12511586e-06	6.85699984e-04	1.80106673e-04	-1.94879317e+00	-1.83603716e+00	-1.79077029e+00	-1.95143061e+00	8.40647327e-03
6000	6000	413	4.42551622e-06	6.00100000e+01	1.00000000e+02	7.37463127e-10	7.64550659e-12	3.97541202e-04	1.18128443e-04	9.08533691e-06	6.78292083e-04	1.80106706e-04	-1.95342860e+00	-1.83796915e+00	-1.79266764e+00	-1.95614800e+00	8.40655372e-03
6000	6000	414	4.42551622e-06	6.00100000e+01	1.00000000e+02	7.37463127e-10	7.64550642e-12	3.93322868e-04	1.17610814e-04	9.04625133e-06	6.70965347e-04	1.80106739e-04	-1.95806155e+00	-1.83987637e+00	-1.79454003e+00	-1.96086466e+00	8.40663281e-03
6000	6000	415	4.42551622e-06	6.00100000e+01	1.00000000e+02	7.37463127e-10	7.64550626e-12	3.89151566e-04	1.17102100e-04	9.00784917e-06	6.63718902e-04	1.80106772e-04	-1.96269197e+00	-1.84175895e+00	-1.79638757e+00	-1.96558057e+00	8.40671144e-03
6000	6000	416	4.42551622e-06	6.00100000e+01	1.00000000e+02	7.37463127e-10	7.64550609e-12	3.85026797e-04	1.16602172e-04	8.97012056e-06	6.56551881e-04	1.80106804e-04	-1.96731979e+00	-1.84361699e+00	-1.79821040e+00	-1.97029570e+00	8.40678863e-03
6000	6000	417	4.42551622e-06	6.00100000e+01	1.00000000e+02	7.37463127e-10	7.64550593e-12	3.80948066e-04	1.16110902e-04	8.93305573e-06	6.49463429e-04	1.80106835e-04	-1.97194498e+00	-1.84545063e+00	-1.80000864e+00	-1.97501005e+00	8.40686513e-03
6000	6000	418	4.42551622e-06	6.00100000e+01	1.00000000e+02	7.37463127e-10	7.64550577e-12	3.76914885e-04	1.15628166e-04	8.89664499e-06	6.42452697e-04	1.80106867e-04	-1.97656746e+00	-1.84725999e+00	-1.80178242e+00	-1.97972360e+00	8.40694077e-03
6000	6000	419	4.42551622e-06	6.00100000e+01	1.00000000e+02	7.37463127e-10	7.64550561e-12	3.72926772e-04	1.15153838e-04	8.86087873e-06	6.35518850e-04	1.80106898e-04	-1.98118719e+00	-1.84904521e+00	-1.80353189e+00	-1.98443632e+00	8.40701517e-03
6000	6000	420	4.42551622e-06	6.00100000e+01	1.00000000e+02	7.37463127e-10	7.64550546e-12	3.68983248e-04	1.14687795e-04	8.82574745e-06	6.28661059e-04	1.80106928e-04	-1.98580410e+00	-1.85080643e+00	-1.80525718e+00	-1.98914819e+00	8.40708865e-03
6000	6000	421	4.42551622e-06	6.00100000e+01	1.00000000e+02	7.37463127e-10	7.64550530e-12	3.65083841e-04	1.14229914e-04	8.79124173e-06	6.21878504e-04	1.80106958e-04	-1.99041814e+00	-1.85254378e+00	-1.80695846e+00	-1.99385921e+00	8.40716157e-03
6000	6000	422	4.42551622e-06	6.00100000e+01	1.00000000e+02	7.37463127e-10	7.64550515e-12	3.61228084e-04	1.13780074e-04	8.75735222e-06	6.15170375e-04	1.80106988e-04	-1.99502924e+00	-1.85425742e+00	-1.80863586e+00	-1.99856934e+00	8.40723333e-03
6000	6000	423	4.42551622e-06	6.00100000e+01	1.00000000e+02	7.37463127e-10	7.64550500e-12	3.57415516e-04	1.13338155e-04	8.72406970e-06	6.08535871e-04	1.80107018e-04	-1.99963735e+00	-1.85594749e+00	-1.81028955e+00	-2.00327857e+00	8.40730469e-03
6000	6000	424	4.42551622e-06	6.00100000e+01	1.00000000e+02	7.37463127e-10	7.64550485e-12	3.53645678e-04	1.12904039e-04	8.69138500e-06	6.01974198e-04	1.80107047e-04	-2.00424240e+00	-1.85761415e+00	-1.81191969e+00	-2.00798688e+00	8.40737450e-03
6000	6000	425	4.42551622e-06	6.00100000e+01	1.00000000e+02	7.37463127e-10	7.64550471e-12	3.49918120e-04	1.12477607e-04	8.65928907e-06	5.95484573e-04	1.80107075e-04	-2.00884432e+00	-1.85925756e+00	-1.81352644e+00	-2.01269424e+00	8.40744351e-03
6000	6000	426	4.42551622e-06	6.00100000e+01	1.00000000e+02	7.37463127e-10	7.64550456e-12	3.46232394e-04	1.12058744e-04	8.62777293e-06	5.89066221e-04	1.80107104e-04	-2.01344305e+00	-1.86087788e+00	-1.81510997e+00	-2.01740063e+00	8.40751245e-03
6000	6000	427	4.42551622e-06	6.00100000e+01	1.00000000e+02	7.37463127e-10	7.64550442e-12	3.42588060e-04	1.11647334e-04	8.59682770e-06	5.82718374e-04	1.80107132e-04	-2.01803853e+00	-1.86247527e+00	-1.81667046e+00	-2.02210604e+00	8.40758022e-03
6000	6000	428	4.42551622e-06	6.00100000e+01	1.00000000e+02	7.37463127e-10	7.64550428e-12	3.38984678e-04	1.11243264e-04	8.56644459e-06	5.76440273e-04	1.80107160e-04	-2.02263068e+00	-1.86404991e+00	-1.81820807e+00	-2.02681044e+00	8.40764670e-03
6000	6000	429	4.42551622e-06	6.00100000e+01	1.00000000e+02	7.37463127e-10	7.64550414e-12	3.35421819e-04	1.10846420e-04	8.53661491e-06	5.70231170e-04	1.80107187e-04	-2.02721944e+00	-1.86560196e+00	-1.81972299e+00	-2.03151380e+00	8.40771286e-03
6000	6000	430	4.42551622e-06	6.00100000e+01	1.00000000e+02	7.37463127e-10	7.64550400e-12	3.31899053e-04	1.10456692e-04	8.50733003e-06	5.64090320e-04	1.80107214e-04	-2.03180474e+00	-1.86713160e+00	-1.82121540e+00	-2.03621611e+00	8.40777774e-03
6000	6000	431	4.42551622e-06	6.00100000e+01	1.00000000e+02	7.37463127e-10	7.64550386e-12	3.28415960e-04	1.10073968e-04	8.47858145e-06	5.58016992e-04	1.80107241e-04	-2.03638650e+00	-1.86863901e+00	-1.82268548e+00	-2.04091733e+00	8.40784214e-03
6000	6000	432	4.42551622e-06	6.00100000e+01	1.00000000e+02	7.37463127e-10	7.64550373e-12	3.24972120e-04	1.09698140e-04	8.45036074e-06	5.52010458e-04	1.80107267e-04	-2.04096465e+00	-1.87012437e+00	-1.82413343e+00	-2.04561745e+00	8.40790576e-03
6000	6000	433	4.42551622e-06	6.00100000e+01	1.00000000e+02	7.37463127e-10	7.64550359e-12	3.21567120e-04	1.09329099e-04	8.42265955e-06	5.46070000e-04	1.80107293e-04	-2.04553911e+00	-1.87158786e+00	-1.82555943e+00	-2.05031643e+00	8.40796866e-03
6000	6000	434	4.42551622e-06	6.00100000e+01	1.00000000e+02	7.37463127e-10	7.64550346e-12	3.18200553e-04	1.08966740e-04	8.39546965e-06	5.40194910e-04	1.80107319e-04	-2.05010982e+00	-1.87302967e+00	-1.82696368e+00	-2.05501427e+00	8.40803068e-03
6000	6000	435	4.42551622e-06	6.00100000e+01	1.00000000e+02	7.37463127e-10	7.64550333e-12	3.14872012e-04	1.08610956e-04	8.36878288e-06	5.34384484e-04	1.80107344e-04	-2.05467669e+00	-1.87444999e+00	-1.82834638e+00	-2.05971091e+00	8.40809184e-03
6000	6000	436	4.42551622e-06	6.00100000e+01	1.00000000e+02	7.37463127e-10	7.64550320e-12	3.11581100e-04	1.08261643e-04	8.34259117e-06	5.28638027e-04	1.80107369e-04	-2.05923964e+00	-1.87584901e+00	-1.82970772e+00	-2.06440635e+00	8.40815253e-03
6000	6000	437	4.42551622e-06	6.00100000e+01	1.00000000e+02	7.37463127e-10	7.64550307e-12	3.08327421e-04	1.07918699e-04	8.31688656e-06	5.22954854e-04	1.80107394e-04	-2.06379860e+00	-1.87722693e+00	-1.83104790e+00	-2.06910055e+00	8.40821241e-03
6000	6000	438	4.42551622e-06	6.00100000e+01	1.00000000e+02	7.37463127e-10	7.64550295e-12	3.05110583e-04	1.07582020e-04	8.29166117e-06	5.17334284e-04	1.80107419e-04	-2.06835348e+00	-1.87858393e+00	-1.83236713e+00	-2.07379349e+00	8.40827146e-03
6000	6000	439	4.42551622e-06	6.00100000e+01	1.00000000e+02	7.37463127e-10	7.64550282e-12	3.01930201e-04	1.07251507e-04	8.26690719e-06	5.11775646e-04	1.80107443e-04	-2.07290419e+00	-1.87992023e+00	-1.83366562e+00	-2.07848514e+00	8.40832979e-03
6000	6000	440	4.42551622e-06	6.00100000e+01	1.00000000e+02	7.37463127e-10	7.64550270e-12	2.98785892e-04	1.06927059e-04	8.24261695e-06	5.06278274e-04	1.80107467e-04	-2.07745066e+00	-1.88123600e+00	-1.83494356e+00	-2.08317546e+00	8.40838730e-03
6000	6000	441	4.42551622e-06	6.00100000e+01	1.00000000e+02	7.37463127e-10	7.64550258e-12	2.95677278e-04	1.06608579e-04	8.21878282e-06	5.00841512e-04	1.80107490e-04	-2.08199280e+00	-1.88253147e+00	-1.83620118e+00	-2.08786443e+00	8.40844423e-03
6000	6000	442	4.42551622e-06	6.00100000e+01	1.00000000e+02	7.37463127e-10	7.64550246e-12	2.92603985e-04	1.06295970e-04	8.19539729e-06	4.95464710e-04	1.80107514e-04	-2.08653051e+00	-1.88380683e+00	-1.83743867e+00	-2.09255203e+00	8.40850039e-03
6000	6000	443	4.42551622e-06	6.00100000e+01	1.00000000e+02	7.37463127e-10	7.64550234e-12	2.89565644e-04	1.05989134e-04	8.17245293e-06	4.90147224e-04	1.80107537e-04	-2.09106372e+00	-1.88506229e+00	-1.83865625e+00	-2.09723821e+00	8.40855571e-03
6000	6000	444	4.42551622e-06	6.00100000e+01	1.00000000e+02	7.37463127e-10	7.64550222e-12	2.86561889e-04	1.05687978e-04	8.14994242e-06	4.84888419e-04	1.80107559e-04	-2.09559232e+00	-1.88629804e+00	-1.83985414e+00	-2.10192294e+00	8.40861076e-03
6000	6000	445	4.42551622e-06	6.00100000e+01	1.00000000e+02	7.37463127e-10	7.64550211e-12	2.83592359e-04	1.05392407e-04	8.12785849e-06	4.79687665e-04	1.80107582e-04	-2.10011623e+00	-1.88751431e+00	-1.84103255e+00	-2.10660620e+00	8.40866494e-03
6000	6000	446	4.42551622e-06	6.00100000e+01	1.00000000e+02	7.37463127e-10	7.64550199e-12	2.80656696e-04	1.05102330e-04	8.10619400e-06	4.74544342e-04	1.80107604e-04	-2.10463534e+00	-1.88871129e+00	-1.84219169e+00	-2.11128795e+00	8.40871831e-03
6000	6000	447	4.42551622e-06	6.00100000e+01	1.00000000e+02	7.37463127e-10	7.64550188e-12	2.77754546e-04	1.04817654e-04	8.08494188e-06	4.69457833e-04	1.80107626e-04	-2.10914957e+00	-1.88988919e+00	-1.84333178e+00	-2.11596816e+00	8.40877156e-03
6000	6000	448	4.42551622e-06	6.00100000e+01	1.00000000e+02	7.37463127e-10	7.64550177e-12	2.74885559e-04	1.04538292e-04	8.06409497e-06	4.64427528e-04	1.80107647e-04	-2.11365882e+00	-1.89104823e+00	-1.84445305e+00	-2.12064680e+00	8.40882314e-03
6000	6000	449	4.42551622e-06	6.00100000e+01	1.00000000e+02	7.37463127e-10	7.64550166e-12	2.72049390e-04	1.04264153e-04	8.04364640e-06	4.59452825e-04	1.80107669e-04	-2.11816299e+00	-1.89218861e+00	-1.84555571e+00	-2.12532383e+00	8.40887499e-03
6000	6000	450	4.42551622e-06	6.00100000e+01	1.00000000e+02	7.37463127e-10	7.64550155e-12	2.69245697e-04	1.03995149e-04	8.02358954e-06	4.54533131e-04	1.80107690e-04	-2.12266198e+00	-1.89331055e+00	-1.84663998e+00	-2.12999921e+00	8.40892609e-03
6000	6000	451	4.42551622e-06	6.00100000e+01	1.00000000e+02	7.37463127e-10	7.64550144e-12	2.66474143e-04	1.03731193e-04	8.00391770e-06	4.49667859e-04	1.80107711e-04	-2.12715568e+00	-1.89441426e+00	-1.84770607e+00	-2.13467291e+00	8.40897630e-03
6000	6000	452	4.42551622e-06	6.00100000e+01	1.00000000e+02	7.37463127e-10	7.64550133e-12	2.63734393e-04	1.03472200e-04	7.98462425e-06	4.44856426e-04	1.80107732e-04	-2.13164398e+00	-1.89549995e+00	-1.84875420e+00	-2.13934488e+00	8.40902589e-03
6000	6000	453	4.42551622e-06	6.00100000e+01	1.00000000e+02	7.37463127e-10	7.64550123e-12	2.61026116e-04	1.03218084e-04	7.96570265e-06	4.40098255e-04	1.80107752e-04	-2.13612679e+00	-1.89656783e+00	-1.84978459e+00	-2.14401511e+00	8.40907487e-03
6000	6000	454	4.42551622e-06	6.00100000e+01	1.00000000e+02	7.37463127e-10	7.64550112e-12	2.58348986e-04	1.02968764e-04	7.94714647e-06	4.35392779e-04	1.80107772e-04	-2.14060399e+00	-1.89761813e+00	-1.85079746e+00	-2.14868353e+00	8.40912315e-03
6000	6000	455	4.42551622e-06	6.00100000e+01	1.00000000e+02	7.37463127e-10	7.64550102e-12	2.55702679e-04	1.02724156e-04	7.92894933e-06	4.30739434e-04	1.80107792e-04	-2.14507547e+00	-1.89865105e+00	-1.85179304e+00	-2.15335012e+00	8.40917136e-03
6000	6000	456	4.42551622e-06	6.00100000e+01	1.00000000e+02	7.37463127e-10	7.64550092e-12	2.53086876e-04	1.02484180e-04	7.91110498e-06	4.26137663e-04	1.80107812e-04	-2.14954113e+00	-1.89966680e+00	-1.85277153e+00	-2.15801483e+00	8.40921873e-03
6000	6000	457	4.42551622e-06	6.00100000e+01	1.00000000e+02	7.37463127e-10	7.64550082e-12	2.50501260e-04	1.02248755e-04	7.89360721e-06	4.21586915e-04	1.80107831e-04	-2.15400084e+00	-1.90066560e+00	-1.85373317e+00	-2.16267763e+00	8.40926553e-03
6000	6000	458	4.42551622e-06	6.00100000e+01	1.00000000e+02	7.37463127e-10	7.64550072e-12	2.47945519e-04	1.02017803e-04	7.87644995e-06	4.17086646e-04	1.80107850e-04	-2.15845449e+00	-1.90164766e+00	-1.85467816e+00	-2.16733847e+00	8.40931104e-03
6000	6000	459	4.42551622e-06	6.00100000e+01	1.00000000e+02	7.37463127e-10	7.64550062e-12	2.45419343e-04	1.01791246e-04	7.85962716e-06	4.12636317e-04	1.80107869e-04	-2.16290196e+00	-1.90261320e+00	-1.85560673e+00	-2.17199730e+00	8.40935668e-03
6000	6000	460	4.42551622e-06	6.00100000e+01	1.00000000e+02	7.37463127e-10	7.64550052e-12	2.42922426e-04	1.01569007e-04	7.84313292e-06	4.08235395e-04	1.80107887e-04	-2.16734314e+00	-1.90356242e+00	-1.85651910e+00	-2.17665410e+00	8.40940182e-03
6000	6000	461	4.42551622e-06	6.00100000e+01	1.00000000e+02	7.37463127e-10	7.64550043e-12	2.40454467e-04	1.01351011e-04	7.82696139e-06	4.03883353e-04	1.80107906e-04	-2.17177790e+00	-1.90449554e+00	-1.85741549e+00	-2.18130880e+00	8.40944598e-03
6000	6000	462	4.42551622e-06	6.00100000e+01	1.00000000e+02	7.37463127e-10	7.64550033e-12	2.38015165e-04	1.01137184e-04	7.81110680e-06	3.99579671e-04	1.80107924e-04	-2.17620612e+00	-1.90541277e+00	-1.85829610e+00	-2.18596137e+00	8.40948986e-03
6000	6000	463	4.42551622e-06	6.00100000e+01	1.00000000e+02	7.37463127e-10	7.64550024e-12	2.35604226e-04	1.00927451e-04	7.79556348e-06	3.95323833e-04	1.80107942e-04	-2.18062767e+00	-1.90631432e+00	-1.85916117e+00	-2.19061176e+00	8.40953317e-03
6000	6000	464	4.42551622e-06	6.00100000e+01	1.00000000e+02	7.37463127e-10	7.64550015e-12	2.33221356e-04	1.00721741e-04	7.78032583e-06	3.91115328e-04	1.80107960e-04	-2.18504243e+00	-1.90720040e+00	-1.86001089e+00	-2.19525992e+00	8.40957589e-03
6000	6000	465	4.42551622e-06	6.00100000e+01	1.00000000e+02	7.37463127e-10	7.64550005e-12	2.30866266e-04	1.00519983e-04	7.76538833e-06	3.86953653e-04	1.80107977e-04	-2.18945027e+00	-1.90807122e+00	-1.86084550e+00	-2.19990580e+00	8.40961854e-03
6000	6000	466	4.42551622e-06	6.00100000e+01	1.00000000e+02	7.37463127e-10	7.64549996e-12	2.28538670e-04	1.00322105e-04	7.75074557e-06	3.82838311e-04	1.80107995e-04	-2.19385106e+00	-1.90892699e+00	-1.86166520e+00	-2.20454936e+00	8.40966027e-03
6000	6000	467	4.42551622e-06	6.00100000e+01	1.00000000e+02	7.37463127e-10	7.64549987e-12	2.26238285e-04	1.00128040e-04	7.73639218e-06	3.78768807e-04	1.80108012e-04	-2.19824465e+00	-1.90976792e+00	-1.86247020e+00	-2.20919055e+00	8.40970132e-03
6000	6000	468	4.42551622e-06	6.00100000e+01	1.00000000e+02	7.37463127e-10	7.64549979e-12	2.23964832e-04	9.99377177e-05	7.72232290e-06	3.74744655e-04	1.80108029e-04	-2.20263092e+00	-1.91059420e+00	-1.86326072e+00	-2.21382930e+00	8.40974192e-03
6000	6000	469	4.42551622e-06	6.00100000e+01	1.00000000e+02	7.37463127e-10	7.64549970e-12	2.21718034e-04	9.97510723e-05	7.70853254e-06	3.70765373e-04	1.80108045e-04	-2.20700973e+00	-1.91140606e+00	-1.86403697e+00	-2.21846559e+00	8.40978216e-03
6000	6000	470	4.42551622e-06	6.00100000e+01	1.00000000e+02	7.37463127e-10	7.64549961e-12	2.19497617e-04	9.95680373e-05	7.69501598e-06	3.66830484e-04	1.80108062e-04	-2.21138094e+00	-1.91220368e+00	-1.86479915e+00	-2.22309933e+00	8.40982166e-03
6000	6000	471	4.42551622e-06	6.00100000e+01	1.00000000e+02	7.37463127e-10	7.64549953e-12	2.17303310e-04	9.93885476e-05	7.68176820e-06	3.62939516e-04	1.80108078e-04	-2.21574441e+00	-1.91298728e+00	-1.86554748e+00	-2.22773050e+00	8.40986108e-03
6000	6000	472	4.42551622e-06	6.00100000e+01	1.00000000e+02	7.37463127e-10	7.64549944e-12	2.15134846e-04	9.92125390e-05	7.66878424e-06	3.59092004e-04	1.80108094e-04	-2.22009999e+00	-1.91375706e+00	-1.86628216e+00	-2.23235902e+00	8.40989973e-03
6000	6000	473	4.42551622e-06	6.00100000e+01	1.00000000e+02	7.37463127e-10	7.64549936e-12	2.12991959e-04	9.90399484e-05	7.65605921e-06	3.55287485e-04	1.80108110e-04	-2.22444754e+00	-1.91451322e+00	-1.86700340e+00	-2.23698484e+00	8.40993802e-03
6000	6000	474	4.42551622e-06	6.00100000e+01	1.00000000e+02	7.37463127e-10	7.64549928e-12	2.10874388e-04	9.88707136e-05	7.64358833e-06	3.51525504e-04	1.80108125e-04	-2.22878692e+00	-1.91525596e+00	-1.86771139e+00	-2.24160791e+00	8.40997572e-03
6000	6000	475	4.42551622e-06	6.00100000e+01	1.00000000e+02	7.37463127e-10	7.64549920e-12	2.08781874e-04	9.87047734e-05	7.63136685e-06	3.47805611e-04	1.80108141e-04	-2.23311796e+00	-1.91598547e+00	-1.86840635e+00	-2.24622817e+00	8.41001310e-03
6000	6000	476	4.42551622e-06	6.00100000e+01	1.00000000e+02	7.37463127e-10	7.64549912e-12	2.06714161e-04	9.85420676e-05	7.61939014e-06	3.44127358e-04	1.80108156e-04	-2.23744052e+00	-1.91670196e+00	-1.86908847e+00	-2.25084555e+00	8.41004969e-03
6000	6000	477	4.42551622e-06	6.00100000e+01	1.00000000e+02	7.37463127e-10	7.64549904e-12	2.04670995e-04	9.83825369e-05	7.60765362e-06	3.40490305e-04	1.80108171e-04	-2.24175445e+00	-1.91740561e+00	-1.86975795e+00	-2.25546000e+00	8.41008624e-03
6000	6000	478	4.42551622e-06	6.00100000e+01	1.00000000e+02	7.37463127e-10	7.64549896e-12	2.02652125e-04	9.82261229e-05	7.59615277e-06	3.36894016e-04	1.80108186e-04	-2.24605959e+00	-1.91809663e+00	-1.87041499e+00	-2.26007146e+00	8.41012188e-03
6000	6000	479	4.42551622e-06	6.00100000e+01	1.00000000e+02	7.37463127e-10	7.64549888e-12	2.00657304e-04	9.80727681e-05	7.58488318e-06	3.33338060e-04	1.80108201e-04	-2.25035578e+00	-1.91877520e+00	-1.87105978e+00	-2.26467985e+00	8.41015731e-03
6000	6000	480	4.42551622e-06	6.00100000e+01	1.00000000e+02	7.37463127e-10	7.64549880e-12	1.98686286e-04	9.79224162e-05	7.57384048e-06	3.29822009e-04	1.80108215e-04	-2.25464286e+00	-1.91944151e+00	-1.87169253e+00	-2.26928512e+00	8.41019237e-03
6000	6000	481	4.42551622e-06	6.00100000e+01	1.00000000e+02	7.37463127e-10	7.64549873e-12	1.96738829e-04	9.77750114e-05	7.56302038e-06	3.26345443e-04	1.80108230e-04	-2.25892067e+00	-1.92009575e+00	-1.87231341e+00	-2.27388720e+00	8.41022704e-03
6000	6000	482	4.42551622e-06	6.00100000e+01	1.00000000e+02	7.37463127e-10	7.64549865e-12	1.94814692e-04	9.76304991e-05	7.55241867e-06	3.22907943e-04	1.80108244e-04	-2.26318904e+00	-1.92073812e+00	-1.87292262e+00	-2.27848602e+00	8.41026126e-03
6000	6000	483	4.42551622e-06	6.00100000e+01	1.00000000e+02	7.37463127e-10	7.64549858e-12	1.92913639e-04	9.74888255e-05	7.54203120e-06	3.19509098e-04	1.80108258e-04	-2.26744782e+00	-1.92136879e+00	-1.87352036e+00	-2.28308152e+00	8.41029516e-03
6000	6000	484	4.42551622e-06	6.00100000e+01	1.00000000e+02	7.37463127e-10	7.64549850e-12	1.91035435e-04	9.73499377e-05	7.53185388e-06	3.16148498e-04	1.80108272e-04	-2.27169682e+00	-1.92198795e+00	-1.87410679e+00	-2.28767363e+00	8.41032784e-03
6000	6000	485	4.42551622e-06	6.00100000e+01	1.00000000e+02	7.37463127e-10	7.64549843e-12	1.89179847e-04	9.72137835e-05	7.52188272e-06	3.12825742e-04	1.80108285e-04	-2.27593588e+00	-1.92259578e+00	-1.87468212e+00	-2.29226227e+00	8.41036066e-03
6000	6000	486	4.42551622e-06	6.00100000e+01	1.00000000e+02	7.37463127e-10	7.64549836e-12	1.87346645e-04	9.70803119e-05	7.51211376e-06	3.09540430e-04	1.80108299e-04	-2.28016483e+00	-1.92319247e+00	-1.87524652e+00	-2.29684737e+00	8.41039341e-03
6000	6000	487	4.42551622e-06	6.00100000e+01	1.00000000e+02	7.37463127e-10	7.64549829e-12	1.85535603e-04	9.69494725e-05	7.50254313e-06	3.06292167e-04	1.80108312e-04	-2.28438349e+00	-1.92377818e+00	-1.87580018e+00	-2.30142886e+00	8.41042539e-03
6000	6000	488	4.42551622e-06	6.00100000e+01	1.00000000e+02	7.37463127e-10	7.64549822e-12	1.83746495e-04	9.68212158e-05	7.49316702e-06	3.03080564e-04	1.80108325e-04	-2.28859169e+00	-1.92435310e+00	-1.87634327e+00	-2.30600667e+00	8.41045687e-03
6000	6000	489	4.42551622e-06	6.00100000e+01	1.00000000e+02	7.37463127e-10	7.64549815e-12	1.81979099e-04	9.66954931e-05	7.48398168e-06	2.99905234e-04	1.80108338e-04	-2.29278924e+00	-1.92491740e+00	-1.87687596e+00	-2.31058071e+00	8.41048835e-03
6000	6000	490	4.42551622e-06	6.00100000e+01	1.00000000e+02	7.37463127e-10	7.64549808e-12	1.80233195e-04	9.65722566e-05	7.47498343e-06	2.96765795e-04	1.80108351e-04	-2.29697597e+00	-1.92547125e+00	-1.87739845e+00	-2.31515091e+00	8.41051889e-03
6000	6000	491	4.42551622e-06	6.00100000e+01	1.00000000e+02	7.37463127e-10	7.64549802e-12	1.78508564e-04	9.64514592e-05	7.46616865e-06	2.93661871e-04	1.80108363e-04	-2.30115169e+00	-1.92601483e+00	-1.87791088e+00	-2.31971719e+00	8.41054964e-03
6000	6000	492	4.42551622e-06	6.00100000e+01	1.00000000e+02	7.37463127e-10	7.64549795e-12	1.76804992e-04	9.63330546e-05	7.45753378e-06	2.90593088e-04	1.80108376e-04	-2.30531623e+00	-1.92654830e+00	-1.87841345e+00	-2.32427947e+00	8.41057984e-03
6000	6000	493	4.42551622e-06	6.00100000e+01	1.00000000e+02	7.37463127e-10	7.64549788e-12	1.75122265e-04	9.62169976e-05	7.44907533e-06	2.87559078e-04	1.80108388e-04	-2.30946939e+00	-1.92707183e+00	-1.87890631e+00	-2.32883767e+00	8.41060943e-03
6000	6000	494	4.42551622e-06	6.00100000e+01	1.00000000e+02	7.37463127e-10	7.64549782e-12	1.73460172e-04	9.61032433e-05	7.44078986e-06	2.84559475e-04	1.80108400e-04	-2.31361098e+00	-1.92758558e+00	-1.87938964e+00	-2.33339170e+00	8.41063885e-03
6000	6000	495	4.42551622e-06	6.00100000e+01	1.00000000e+02	7.37463127e-10	7.64549775e-12	1.71818504e-04	9.59917479e-05	7.43267401e-06	2.81593918e-04	1.80108413e-04	-2.31774082e+00	-1.92808973e+00	-1.87986359e+00	-2.33794148e+00	8.41066782e-03
6000	6000	496	4.42551622e-06	6.00100000e+01	1.00000000e+02	7.37463127e-10	7.64549769e-12	1.70197056e-04	9.58824682e-05	7.42472445e-06	2.78662052e-04	1.80108424e-04	-2.32185871e+00	-1.92858442e+00	-1.88032834e+00	-2.34248692e+00	8.41069637e-03
6000	6000	497	4.42551622e-06	6.00100000e+01	1.00000000e+02	7.37463127e-10	7.64549763e-12	1.68595622e-04	9.57753619e-05	7.41693794e-06	2.75763522e-04	1.80108436e-04	-2.32596446e+00	-1.92906983e+00	-1.88078403e+00	-2.34702794e+00	8.41072421e-03
6000	6000	498	4.42551622e-06	6.00100000e+01	1.00000000e+02	7.37463127e-10	7.64549757e-12	1.67014000e-04	9.56703873e-05	7.40931127e-06	2.72897979e-04	1.80108448e-04	-2.33005787e+00	-1.92954610e+00	-1.88123084e+00	-2.35156443e+00	8.41075238e-03
6000	6000	499	4.42551622e-06	6.00100000e+01	1.00000000e+02	7.37463127e-10	7.64549751e-12	1.65451989e-04	9.55675034e-05	7.40184130e-06	2.70065080e-04	1.80108459e-04	-2.33413876e+00	-1.93001339e+00	-1.88166891e+00	-2.35609632e+00	8.41077963e-03
6000	6000	500	4.42551622e-06	6.00100000e+01	1.00000000e+02	7.37463127e-10	7.64549744e-12	1.63909393e-04	9.54666702e-05	7.39452494e-06	2.67264482e-04	1.80108470e-04	-2.33820691e+00	-1.93047185e+00	-1.88209840e+00	-2.36062351e+00	8.41080677e-03
