TITLE = "DT pseudo-time residual history"
VARIABLES = "step", "physicalStep", "inner", "runTime", "runCyc", "pseudoCFL", "dtPhys", "dtau", "Gfluid", "GNe", "GNi", "GEe", "GPhi", "logRelFluid", "logRelNe", "logRelNi", "logRelEe", "logRelPhi"
ZONE T="step_0_phys_0", I=160, SOLUTIONTIME=1.00000000e-02, F=POINT
0	0	0	7.37463127e-10	1.00000000e-02	1.00000000e+03	7.37463127e-10	7.85534618e-11	8.11722442e-01	7.34449013e-03	1.75933529e-05	1.40592533e+00	2.34224996e-13	0.00000000e+00	0.00000000e+00	0.00000000e+00	0.00000000e+00	0.00000000e+00
0	0	1	7.37463127e-10	1.00000000e-02	1.00000000e+03	7.37463127e-10	7.85534280e-11	3.21756794e-01	7.18574927e-03	1.67242168e-05	5.57252786e-01	2.80484980e-05	-4.01879827e-01	-9.48959195e-03	-2.20028243e-02	-4.01910006e-01	8.07827637e+00
0	0	2	7.37463127e-10	1.00000000e-02	1.00000000e+03	7.37463127e-10	7.85533431e-11	3.88173712e-02	6.66801768e-03	1.54504303e-05	6.69021840e-02	9.86832854e-05	-1.32038143e+00	-4.19649086e-02	-5.64080340e-02	-1.32252196e+00	8.62461036e+00
0	0	3	7.37463127e-10	1.00000000e-02	1.00000000e+03	7.37463127e-10	7.85532781e-11	1.87040104e-02	6.42882998e-03	1.42749290e-05	3.17520070e-02	1.30744140e-04	-1.63747282e+00	-5.78297113e-02	-9.07746574e-02	-1.64619107e+00	8.74678899e+00
0	0	4	7.37463127e-10	1.00000000e-02	1.00000000e+03	7.37463127e-10	7.85532132e-11	1.51251239e-02	6.27015580e-03	1.31900219e-05	2.54360589e-02	1.49099957e-04	-1.72970861e+00	-6.86833190e-02	-1.25103097e-01	-1.74251243e+00	8.80384428e+00
0	0	5	7.37463127e-10	1.00000000e-02	1.00000000e+03	7.37463127e-10	7.85531445e-11	1.35135053e-02	6.14475635e-03	1.21886453e-05	2.25850901e-02	1.62307898e-04	-1.77863954e+00	-7.74569844e-02	-1.59393176e-01	-1.79414043e+00	8.84070641e+00
0	0	6	7.37463127e-10	1.00000000e-02	1.00000000e+03	7.37463127e-10	7.85530714e-11	1.24020026e-02	6.03711006e-03	1.12642939e-05	2.06150960e-02	1.72958594e-04	-1.81591573e+00	-8.51325582e-02	-1.93644642e-01	-1.83377689e+00	8.86830891e+00
0	0	7	7.37463127e-10	1.00000000e-02	1.00000000e+03	7.37463127e-10	7.85529941e-11	1.15044154e-02	5.94058725e-03	1.04109744e-05	1.90200956e-02	1.82085247e-04	-1.84854300e+00	-9.21322724e-02	-2.27857235e-01	-1.86874956e+00	8.89064152e+00
0	0	8	7.37463127e-10	1.00000000e-02	1.00000000e+03	7.37463127e-10	7.85529129e-11	1.07314957e-02	5.85176117e-03	9.62316442e-06	1.76423298e-02	1.90197241e-04	-1.87874730e+00	-9.86750589e-02	-2.62030708e-01	-1.90140632e+00	8.90957097e+00
0	0	9	7.37463127e-10	1.00000000e-02	1.00000000e+03	7.37463127e-10	7.85528282e-11	1.00459522e-02	5.76861983e-03	8.89577493e-06	1.64160413e-02	1.97584113e-04	-1.90741645e+00	-1.04889733e-01	-2.96164828e-01	-1.93269382e+00	8.92611878e+00
0	0	10	7.37463127e-10	1.00000000e-02	1.00000000e+03	7.37463127e-10	7.85527404e-11	9.42869916e-03	5.68987653e-03	8.22411619e-06	1.53077216e-02	2.04426706e-04	-1.93495577e+00	-1.10858809e-01	-3.30259377e-01	-1.96305170e+00	8.94090439e+00
0	0	11	7.37463127e-10	1.00000000e-02	1.00000000e+03	7.37463127e-10	7.85526500e-11	8.86837039e-03	5.61465740e-03	7.60386605e-06	1.42975363e-02	2.10845575e-04	-1.96156373e+00	-1.16638390e-01	-3.64314156e-01	-1.99270105e+00	8.95433125e+00
0	0	12	7.37463127e-10	1.00000000e-02	1.00000000e+03	7.37463127e-10	7.85525572e-11	8.35735043e-03	5.54234197e-03	7.03104099e-06	1.33722965e-02	2.16924995e-04	-1.98733894e+00	-1.22268333e-01	-3.98328985e-01	-2.02175626e+00	8.96667636e+00
0	0	13	7.37463127e-10	1.00000000e-02	1.00000000e+03	7.37463127e-10	7.85524623e-11	7.89004922e-03	5.47247421e-03	6.50196931e-06	1.25224045e-02	2.22726048e-04	-2.01232784e+00	-1.27777928e-01	-4.32303699e-01	-2.05027453e+00	8.97813777e+00
0	0	14	7.37463127e-10	1.00000000e-02	1.00000000e+03	7.37463127e-10	7.85523658e-11	7.46207061e-03	5.40470968e-03	6.01326660e-06	1.17403820e-02	2.28294288e-04	-2.03654820e+00	-1.33189281e-01	-4.66238155e-01	-2.07828003e+00	8.98886181e+00
0	0	15	7.37463127e-10	1.00000000e-02	1.00000000e+03	7.37463127e-10	7.85522677e-11	7.06977777e-03	5.33878220e-03	5.56181307e-06	1.10201019e-02	2.33664486e-04	-2.06000179e+00	-1.38519447e-01	-5.00132226e-01	-2.10577664e+00	8.99895947e+00
0	0	16	7.37463127e-10	1.00000000e-02	1.00000000e+03	7.37463127e-10	7.85521683e-11	6.71005028e-03	5.27448217e-03	5.14473264e-06	1.03563573e-02	2.38863699e-04	-2.08268178e+00	-1.43781823e-01	-5.33985804e-01	-2.13275523e+00	9.00851691e+00
0	0	17	7.37463127e-10	1.00000000e-02	1.00000000e+03	7.37463127e-10	7.85520679e-11	6.38014025e-03	5.21164179e-03	4.75937381e-06	9.74460549e-03	2.43913327e-04	-2.10457733e+00	-1.48987094e-01	-5.67798798e-01	-2.15919799e+00	9.01760229e+00
0	0	18	7.37463127e-10	1.00000000e-02	1.00000000e+03	7.37463127e-10	7.85519667e-11	6.07758288e-03	5.15012486e-03	4.40329194e-06	9.18080801e-03	2.48830536e-04	-2.12567666e+00	-1.54143893e-01	-6.01571134e-01	-2.18508135e+00	9.02627043e+00
0	0	19	7.37463127e-10	1.00000000e-02	1.00000000e+03	7.37463127e-10	7.85518647e-11	5.80013829e-03	5.08981941e-03	4.07423297e-06	8.66132404e-03	2.53629263e-04	-2.14596920e+00	-1.59259278e-01	-6.35302756e-01	-2.21037797e+00	9.03456612e+00
0	0	20	7.37463127e-10	1.00000000e-02	1.00000000e+03	7.37463127e-10	7.85517622e-11	5.54575233e-03	5.03063235e-03	3.77011844e-06	8.18283757e-03	2.58320950e-04	-2.16544708e+00	-1.64339072e-01	-6.68993620e-01	-2.23505832e+00	9.04252639e+00
0	0	21	7.37463127e-10	1.00000000e-02	1.00000000e+03	7.37463127e-10	7.85516593e-11	5.31252942e-03	4.97248552e-03	3.48903169e-06	7.74230469e-03	2.62915081e-04	-2.18410621e+00	-1.69388124e-01	-7.02643700e-01	-2.25909200e+00	9.05018226e+00
0	0	22	7.37463127e-10	1.00000000e-02	1.00000000e+03	7.37463127e-10	7.85515561e-11	5.09871302e-03	4.91531268e-03	3.22920513e-06	7.33691449e-03	2.67419583e-04	-2.20194698e+00	-1.74410501e-01	-7.36252981e-01	-2.28244880e+00	9.05755997e+00
0	0	23	7.37463127e-10	1.00000000e-02	1.00000000e+03	7.37463127e-10	7.85514528e-11	4.90267149e-03	4.85905720e-03	2.98900853e-06	6.96405898e-03	2.71841142e-04	-2.21897476e+00	-1.79409639e-01	-7.69821460e-01	-2.30509981e+00	9.06468195e+00
0	0	24	7.37463127e-10	1.00000000e-02	1.00000000e+03	7.37463127e-10	7.85513494e-11	4.72288741e-03	4.80367031e-03	2.76693828e-06	6.62130956e-03	2.76185434e-04	-2.23519996e+00	-1.84388459e-01	-8.03349142e-01	-2.32701836e+00	9.07156753e+00
0	0	25	7.37463127e-10	1.00000000e-02	1.00000000e+03	7.37463127e-10	7.85512461e-11	4.55794939e-03	4.74910965e-03	2.56160742e-06	6.30639826e-03	2.80457311e-04	-2.25063805e+00	-1.89349455e-01	-8.36836042e-01	-2.34818086e+00	9.07823353e+00
0	0	26	7.37463127e-10	1.00000000e-02	1.00000000e+03	7.37463127e-10	7.85511429e-11	4.40654565e-03	4.69533822e-03	2.37173649e-06	6.01720260e-03	2.84660953e-04	-2.26530928e+00	-1.94294770e-01	-8.70282178e-01	-2.36856762e+00	9.08469466e+00
0	0	27	7.37463127e-10	1.00000000e-02	1.00000000e+03	7.37463127e-10	7.85510398e-11	4.26745860e-03	4.64232345e-03	2.19614517e-06	5.75173338e-03	2.88799978e-04	-2.27923824e+00	-1.99226255e-01	-9.03687569e-01	-2.38816351e+00	9.09096392e+00
0	0	28	7.37463127e-10	1.00000000e-02	1.00000000e+03	7.37463127e-10	7.85509371e-11	4.13956027e-03	4.59003651e-03	2.03374445e-06	5.50812475e-03	2.92877538e-04	-2.29245334e+00	-2.04145512e-01	-9.37052233e-01	-2.40695849e+00	9.09705283e+00
0	0	29	7.37463127e-10	1.00000000e-02	1.00000000e+03	7.37463127e-10	7.85508347e-11	4.02180807e-03	4.53845171e-03	1.88352952e-06	5.28462610e-03	2.96896396e-04	-2.30498621e+00	-2.09053933e-01	-9.70376182e-01	-2.42494799e+00	9.10297169e+00
0	0	30	7.37463127e-10	1.00000000e-02	1.00000000e+03	7.37463127e-10	7.85507327e-11	3.91324088e-03	4.48754602e-03	1.74457320e-06	5.07959547e-03	3.00858987e-04	-2.31687097e+00	-2.13952736e-01	-1.00365942e+00	-2.44213313e+00	9.10872975e+00
0	0	31	7.37463127e-10	1.00000000e-02	1.00000000e+03	7.37463127e-10	7.85506311e-11	3.81297512e-03	4.43729872e-03	1.61601983e-06	4.89149416e-03	3.04767467e-04	-2.32814358e+00	-2.18842985e-01	-1.03690193e+00	-2.45852072e+00	9.11433537e+00
0	0	32	7.37463127e-10	1.00000000e-02	1.00000000e+03	7.37463127e-10	7.85505301e-11	3.72020088e-03	4.38769101e-03	1.49707976e-06	4.71888218e-03	3.08623757e-04	-2.33884116e+00	-2.23725615e-01	-1.07010367e+00	-2.47412312e+00	9.11979611e+00
0	0	33	7.37463127e-10	1.00000000e-02	1.00000000e+03	7.37463127e-10	7.85504295e-11	3.63417797e-03	4.33870578e-03	1.38702414e-06	4.56041433e-03	3.12429576e-04	-2.34900136e+00	-2.28601451e-01	-1.10326459e+00	-2.48895795e+00	9.12511890e+00
0	0	34	7.37463127e-10	1.00000000e-02	1.00000000e+03	7.37463127e-10	7.85503296e-11	3.55423196e-03	4.29032737e-03	1.28518020e-06	4.41483678e-03	3.16186472e-04	-2.35866179e+00	-2.33471219e-01	-1.13638459e+00	-2.50304760e+00	9.13031004e+00
0	0	35	7.37463127e-10	1.00000000e-02	1.00000000e+03	7.37463127e-10	7.85502302e-11	3.47975003e-03	4.24254139e-03	1.19092690e-06	4.28098377e-03	3.19895842e-04	-2.36785951e+00	-2.38335564e-01	-1.16946351e+00	-2.51641867e+00	9.13537536e+00
0	0	36	7.37463127e-10	1.00000000e-02	1.00000000e+03	7.37463127e-10	7.85501315e-11	3.41017701e-03	4.19533453e-03	1.10369089e-06	4.15777449e-03	3.23558958e-04	-2.37663063e+00	-2.43195055e-01	-1.20250116e+00	-2.52910132e+00	9.14032019e+00
0	0	37	7.37463127e-10	1.00000000e-02	1.00000000e+03	7.37463127e-10	7.85500334e-11	3.34501122e-03	4.14869446e-03	1.02294280e-06	4.04420987e-03	3.27176979e-04	-2.38500997e+00	-2.48050200e-01	-1.23549726e+00	-2.54112857e+00	9.14514950e+00
0	0	38	7.37463127e-10	1.00000000e-02	1.00000000e+03	7.37463127e-10	7.85499361e-11	3.28380052e-03	4.10260968e-03	9.48193838e-07	3.93936931e-03	3.30750970e-04	-2.39303079e+00	-2.52901451e-01	-1.26845149e+00	-2.55253556e+00	9.14986789e+00
0	0	39	7.37463127e-10	1.00000000e-02	1.00000000e+03	7.37463127e-10	7.85498394e-11	3.22613836e-03	4.05706943e-03	8.78992629e-07	3.84240718e-03	3.34281912e-04	-2.40072456e+00	-2.57749211e-01	-1.30136338e+00	-2.56335887e+00	9.15447964e+00
0	0	40	7.37463127e-10	1.00000000e-02	1.00000000e+03	7.37463127e-10	7.85497435e-11	3.17165997e-03	4.01206362e-03	8.14922324e-07	3.75254922e-03	3.37770711e-04	-2.40812093e+00	-2.62593840e-01	-1.33423240e+00	-2.57363586e+00	9.15898875e+00
0	0	41	7.37463127e-10	1.00000000e-02	1.00000000e+03	7.37463127e-10	7.85496483e-11	3.12003876e-03	3.96758272e-03	7.55597922e-07	3.66908877e-03	3.41218211e-04	-2.41524756e+00	-2.67435661e-01	-1.36705786e+00	-2.58340403e+00	9.16339896e+00
0	0	42	7.37463127e-10	1.00000000e-02	1.00000000e+03	7.37463127e-10	7.85495538e-11	3.07098287e-03	3.92361774e-03	7.00663807e-07	3.59138284e-03	3.44625198e-04	-2.42213016e+00	-2.72274962e-01	-1.39983893e+00	-2.59270055e+00	9.16771379e+00
0	0	43	7.37463127e-10	1.00000000e-02	1.00000000e+03	7.37463127e-10	7.85494602e-11	3.02423186e-03	3.88016013e-03	6.49791474e-07	3.51884810e-03	3.47992411e-04	-2.42879247e+00	-2.77112003e-01	-1.43257461e+00	-2.60156173e+00	9.17193653e+00
0	0	44	7.37463127e-10	1.00000000e-02	1.00000000e+03	7.37463127e-10	7.85493673e-11	2.97955372e-03	3.83720176e-03	6.02677441e-07	3.45095687e-03	3.51320543e-04	-2.43525633e+00	-2.81947016e-01	-1.46526368e+00	-2.61002272e+00	9.17607031e+00
0	0	45	7.37463127e-10	1.00000000e-02	1.00000000e+03	7.37463127e-10	7.85492752e-11	2.93674202e-03	3.79473488e-03	5.59041314e-07	3.38723307e-03	3.54610249e-04	-2.44154176e+00	-2.86780212e-01	-1.49790471e+00	-2.61811717e+00	9.18011804e+00
0	0	46	7.37463127e-10	1.00000000e-02	1.00000000e+03	7.37463127e-10	7.85491839e-11	2.89561330e-03	3.75275206e-03	5.18624012e-07	3.32724825e-03	3.57862149e-04	-2.44766699e+00	-2.91611779e-01	-1.53049599e+00	-2.62587705e+00	9.18408253e+00
0	0	47	7.37463127e-10	1.00000000e-02	1.00000000e+03	7.37463127e-10	7.85490935e-11	2.85600470e-03	3.71124618e-03	4.81186123e-07	3.27061770e-03	3.61076833e-04	-2.45364864e+00	-2.96441888e-01	-1.56303552e+00	-2.63333247e+00	9.18796638e+00
0	0	48	7.37463127e-10	1.00000000e-02	1.00000000e+03	7.37463127e-10	7.85490038e-11	2.81777173e-03	3.67021038e-03	4.46506395e-07	3.21699677e-03	3.64254864e-04	-2.45950175e+00	-3.01270693e-01	-1.59552093e+00	-2.64051163e+00	9.19177212e+00
0	0	49	7.37463127e-10	1.00000000e-02	1.00000000e+03	7.37463127e-10	7.85489149e-11	2.78078632e-03	3.62963805e-03	4.14380341e-07	3.16607723e-03	3.67396781e-04	-2.46523994e+00	-3.06098332e-01	-1.62794947e+00	-2.64744075e+00	9.19550211e+00
0	0	50	7.37463127e-10	1.00000000e-02	1.00000000e+03	7.37463127e-10	7.85488269e-11	2.74493498e-03	3.58952284e-03	3.84618952e-07	3.11758397e-03	3.70503098e-04	-2.47087549e+00	-3.10924931e-01	-1.66031793e+00	-2.65414409e+00	9.19915860e+00
0	0	51	7.37463127e-10	1.00000000e-02	1.00000000e+03	7.37463127e-10	7.85487397e-11	2.71011723e-03	3.54985855e-03	3.57047509e-07	3.07127179e-03	3.73574312e-04	-2.47641948e+00	-3.15750604e-01	-1.69262261e+00	-2.66064400e+00	9.20274377e+00
0	0	52	7.37463127e-10	1.00000000e-02	1.00000000e+03	7.37463127e-10	7.85486533e-11	2.67624409e-03	3.51063920e-03	3.31504495e-07	3.02692247e-03	3.76610901e-04	-2.48188183e+00	-3.20575453e-01	-1.72485919e+00	-2.66696096e+00	9.20625965e+00
0	0	53	7.37463127e-10	1.00000000e-02	1.00000000e+03	7.37463127e-10	7.85485678e-11	2.64323680e-03	3.47185899e-03	3.07840578e-07	2.98434203e-03	3.79613328e-04	-2.48727148e+00	-3.25399573e-01	-1.75702275e+00	-2.67311366e+00	9.20970821e+00
0	0	54	7.37463127e-10	1.00000000e-02	1.00000000e+03	7.37463127e-10	7.85484830e-11	2.61102562e-03	3.43351227e-03	2.85917686e-07	2.94335824e-03	3.82582040e-04	-2.49259642e+00	-3.30223047e-01	-1.78910759e+00	-2.67911913e+00	9.21309134e+00
0	0	55	7.37463127e-10	1.00000000e-02	1.00000000e+03	7.37463127e-10	7.85483991e-11	2.57954881e-03	3.39559354e-03	2.65608147e-07	2.90381830e-03	3.85517470e-04	-2.49786380e+00	-3.35045953e-01	-1.82110722e+00	-2.68499282e+00	9.21641082e+00
0	0	56	7.37463127e-10	1.00000000e-02	1.00000000e+03	7.37463127e-10	7.85483160e-11	2.54875171e-03	3.35809742e-03	2.46793893e-07	2.86558676e-03	3.88420041e-04	-2.50308002e+00	-3.39868360e-01	-1.85301421e+00	-2.69074869e+00	9.21966839e+00
0	0	57	7.37463127e-10	1.00000000e-02	1.00000000e+03	7.37463127e-10	7.85482337e-11	2.51858586e-03	3.32101869e-03	2.29365731e-07	2.82854362e-03	3.91290163e-04	-2.50825079e+00	-3.44690332e-01	-1.88482008e+00	-2.69639937e+00	9.22286569e+00
0	0	58	7.37463127e-10	1.00000000e-02	1.00000000e+03	7.37463127e-10	7.85481523e-11	2.48900833e-03	3.28435222e-03	2.13222666e-07	2.79258264e-03	3.94128235e-04	-2.51338120e+00	-3.49511926e-01	-1.91651525e+00	-2.70195622e+00	9.22600431e+00
0	0	59	7.37463127e-10	1.00000000e-02	1.00000000e+03	7.37463127e-10	7.85480716e-11	2.45998101e-03	3.24809301e-03	1.98271276e-07	2.75760975e-03	3.96934649e-04	-2.51847580e+00	-3.54333194e-01	-1.94808881e+00	-2.70742945e+00	9.22908577e+00
0	0	60	7.37463127e-10	1.00000000e-02	1.00000000e+03	7.37463127e-10	7.85479918e-11	2.43147010e-03	3.21223616e-03	1.84425138e-07	2.72354169e-03	3.99709786e-04	-2.52353862e+00	-3.59154184e-01	-1.97952850e+00	-2.71282823e+00	9.23211154e+00
0	0	61	7.37463127e-10	1.00000000e-02	1.00000000e+03	7.37463127e-10	7.85479128e-11	2.40344553e-03	3.17677687e-03	1.71604292e-07	2.69030481e-03	4.02454020e-04	-2.52857327e+00	-3.63974940e-01	-2.01082047e+00	-2.71816077e+00	9.23508303e+00
0	0	62	7.37463127e-10	1.00000000e-02	1.00000000e+03	7.37463127e-10	7.85478345e-11	2.37588056e-03	3.14171042e-03	1.59734752e-07	2.65783389e-03	4.05167716e-04	-2.53358295e+00	-3.68795499e-01	-2.04194920e+00	-2.72343442e+00	9.23800159e+00
0	0	63	7.37463127e-10	1.00000000e-02	1.00000000e+03	7.37463127e-10	7.85477571e-11	2.34875137e-03	3.10703219e-03	1.48748044e-07	2.62607120e-03	4.07851233e-04	-2.53857051e+00	-3.73615899e-01	-2.07289735e+00	-2.72865576e+00	9.24086854e+00
0	0	64	7.37463127e-10	1.00000000e-02	1.00000000e+03	7.37463127e-10	7.85476805e-11	2.32203670e-03	3.07273763e-03	1.38580793e-07	2.59496564e-03	4.10504923e-04	-2.54353847e+00	-3.78436172e-01	-2.10364557e+00	-2.73383064e+00	9.24368513e+00
0	0	65	7.37463127e-10	1.00000000e-02	1.00000000e+03	7.37463127e-10	7.85476046e-11	2.29571754e-03	3.03882230e-03	1.29174321e-07	2.56447190e-03	4.13129132e-04	-2.54848910e+00	-3.83256347e-01	-2.13417243e+00	-2.73896431e+00	9.24645258e+00
0	0	66	7.37463127e-10	1.00000000e-02	1.00000000e+03	7.37463127e-10	7.85475296e-11	2.26977690e-03	3.00528179e-03	1.20474296e-07	2.53454983e-03	4.15724199e-04	-2.55342438e+00	-3.88076451e-01	-2.16445422e+00	-2.74406142e+00	9.24917207e+00
0	0	67	7.37463127e-10	1.00000000e-02	1.00000000e+03	7.37463127e-10	7.85474553e-11	2.24419951e-03	2.97211180e-03	1.12430387e-07	2.50516381e-03	4.18290459e-04	-2.55834609e+00	-3.92896509e-01	-2.19446491e+00	-2.74912613e+00	9.25184472e+00
0	0	68	7.37463127e-10	1.00000000e-02	1.00000000e+03	7.37463127e-10	7.85473818e-11	2.21897164e-03	2.93930808e-03	1.04995957e-07	2.47628219e-03	4.20828240e-04	-2.56325580e+00	-3.97716543e-01	-2.22417604e+00	-2.75416212e+00	9.25447164e+00
0	0	69	7.37463127e-10	1.00000000e-02	1.00000000e+03	7.37463127e-10	7.85473091e-11	2.19408094e-03	2.90686644e-03	9.81277720e-08	2.44787684e-03	4.23337866e-04	-2.56815491e+00	-4.02536573e-01	-2.25355668e+00	-2.75917269e+00	9.25705388e+00
0	0	70	7.37463127e-10	1.00000000e-02	1.00000000e+03	7.37463127e-10	7.85472371e-11	2.16951623e-03	2.87478277e-03	9.17857292e-08	2.41992272e-03	4.25819656e-04	-2.57304465e+00	-4.07356618e-01	-2.28257345e+00	-2.76416076e+00	9.25959247e+00
0	0	71	7.37463127e-10	1.00000000e-02	1.00000000e+03	7.37463127e-10	7.85471659e-11	2.14526737e-03	2.84305301e-03	8.59326092e-08	2.39239751e-03	4.28273924e-04	-2.57792613e+00	-4.12176694e-01	-2.31119062e+00	-2.76912891e+00	9.26208839e+00
0	0	72	7.37463127e-10	1.00000000e-02	1.00000000e+03	7.37463127e-10	7.85470954e-11	2.12132517e-03	2.81167316e-03	8.05338414e-08	2.36528126e-03	4.30700980e-04	-2.58280031e+00	-4.16996817e-01	-2.33937020e+00	-2.77407946e+00	9.26454262e+00
0	0	73	7.37463127e-10	1.00000000e-02	1.00000000e+03	7.37463127e-10	7.85470257e-11	2.09768123e-03	2.78063927e-03	7.55572868e-08	2.33855616e-03	4.33101129e-04	-2.58766806e+00	-4.21817000e-01	-2.36707226e+00	-2.77901445e+00	9.26695608e+00
0	0	74	7.37463127e-10	1.00000000e-02	1.00000000e+03	7.37463127e-10	7.85469567e-11	2.07432789e-03	2.74994746e-03	7.09730369e-08	2.31220621e-03	4.35474672e-04	-2.59253015e+00	-4.26637255e-01	-2.39425523e+00	-2.78393569e+00	9.26932966e+00
0	0	75	7.37463127e-10	1.00000000e-02	1.00000000e+03	7.37463127e-10	7.85468884e-11	2.05125810e-03	2.71959389e-03	6.67532266e-08	2.28621706e-03	4.37821907e-04	-2.59738724e+00	-4.31457595e-01	-2.42087635e+00	-2.78884479e+00	9.27166425e+00
0	0	76	7.37463127e-10	1.00000000e-02	1.00000000e+03	7.37463127e-10	7.85468209e-11	2.02846537e-03	2.68957477e-03	6.28718618e-08	2.26057578e-03	4.40143128e-04	-2.60223995e+00	-4.36278029e-01	-2.44689229e+00	-2.79374318e+00	9.27396069e+00
0	0	77	7.37463127e-10	1.00000000e-02	1.00000000e+03	7.37463127e-10	7.85467541e-11	2.00594373e-03	2.65988638e-03	5.93046604e-08	2.23527071e-03	4.42438623e-04	-2.60708881e+00	-4.41098566e-01	-2.47225979e+00	-2.79863213e+00	9.27621979e+00
0	0	78	7.37463127e-10	1.00000000e-02	1.00000000e+03	7.37463127e-10	7.85466880e-11	1.98368760e-03	2.63052502e-03	5.60289073e-08	2.21029129e-03	4.44708680e-04	-2.61193428e+00	-4.45919215e-01	-2.49693646e+00	-2.80351274e+00	9.27844237e+00
0	0	79	7.37463127e-10	1.00000000e-02	1.00000000e+03	7.37463127e-10	7.85466226e-11	1.96169181e-03	2.60148705e-03	5.30233224e-08	2.18562792e-03	4.46953581e-04	-2.61677677e+00	-4.50739983e-01	-2.52088168e+00	-2.80838602e+00	9.28062918e+00
0	0	80	7.37463127e-10	1.00000000e-02	1.00000000e+03	7.37463127e-10	7.85465579e-11	1.93995154e-03	2.57276889e-03	5.02679430e-08	2.16127188e-03	4.49173604e-04	-2.62161667e+00	-4.55560876e-01	-2.54405750e+00	-2.81325285e+00	9.28278099e+00
0	0	81	7.37463127e-10	1.00000000e-02	1.00000000e+03	7.37463127e-10	7.85464939e-11	1.91846224e-03	2.54436697e-03	4.77440189e-08	2.13721520e-03	4.51369027e-04	-2.62645430e+00	-4.60381902e-01	-2.56642964e+00	-2.81811400e+00	9.28489851e+00
0	0	82	7.37463127e-10	1.00000000e-02	1.00000000e+03	7.37463127e-10	7.85464306e-11	1.89721965e-03	2.51627780e-03	4.54339203e-08	2.11345056e-03	4.53540120e-04	-2.63128994e+00	-4.65203065e-01	-2.58796840e+00	-2.82297016e+00	9.28698247e+00
0	0	83	7.37463127e-10	1.00000000e-02	1.00000000e+03	7.37463127e-10	7.85463680e-11	1.87621975e-03	2.48849791e-03	4.33210599e-08	2.08997124e-03	4.55687154e-04	-2.63612385e+00	-4.70024370e-01	-2.60864954e+00	-2.82782194e+00	9.28903355e+00
0	0	84	7.37463127e-10	1.00000000e-02	1.00000000e+03	7.37463127e-10	7.85463060e-11	1.85545871e-03	2.46102389e-03	4.13898253e-08	2.06677104e-03	4.57810394e-04	-2.64095626e+00	-4.74845822e-01	-2.62845502e+00	-2.83266989e+00	9.29105241e+00
0	0	85	7.37463127e-10	1.00000000e-02	1.00000000e+03	7.37463127e-10	7.85462447e-11	1.83493291e-03	2.43385235e-03	3.96255243e-08	2.04384420e-03	4.59910105e-04	-2.64578736e+00	-4.79667424e-01	-2.64737359e+00	-2.83751447e+00	9.29303971e+00
0	0	86	7.37463127e-10	1.00000000e-02	1.00000000e+03	7.37463127e-10	7.85461841e-11	1.81463888e-03	2.40697995e-03	3.80143384e-08	2.02118537e-03	4.61986545e-04	-2.65061734e+00	-4.84489179e-01	-2.66540118e+00	-2.84235611e+00	9.29499609e+00
0	0	87	7.37463127e-10	1.00000000e-02	1.00000000e+03	7.37463127e-10	7.85461241e-11	1.79457330e-03	2.38040339e-03	3.65432865e-08	1.99878956e-03	4.64039972e-04	-2.65544635e+00	-4.89311091e-01	-2.68254101e+00	-2.84719518e+00	9.29692215e+00
0	0	88	7.37463127e-10	1.00000000e-02	1.00000000e+03	7.37463127e-10	7.85460648e-11	1.77473301e-03	2.35411942e-03	3.52001939e-08	1.97665209e-03	4.66070640e-04	-2.66027453e+00	-4.94133162e-01	-2.69880356e+00	-2.85203202e+00	9.29881851e+00
0	0	89	7.37463127e-10	1.00000000e-02	1.00000000e+03	7.37463127e-10	7.85460061e-11	1.75511493e-03	2.32812480e-03	3.39736668e-08	1.95476857e-03	4.68078800e-04	-2.66510199e+00	-4.98955393e-01	-2.71420619e+00	-2.85686691e+00	9.30068573e+00
0	0	90	7.37463127e-10	1.00000000e-02	1.00000000e+03	7.37463127e-10	7.85459481e-11	1.73571613e-03	2.30241636e-03	3.28530706e-08	1.93313484e-03	4.70064701e-04	-2.66992885e+00	-5.03777788e-01	-2.72877265e+00	-2.86170011e+00	9.30252440e+00
0	0	91	7.37463127e-10	1.00000000e-02	1.00000000e+03	7.37463127e-10	7.85458907e-11	1.71653374e-03	2.27699095e-03	3.18285084e-08	1.91174697e-03	4.72028589e-04	-2.67475521e+00	-5.08600348e-01	-2.74253233e+00	-2.86653184e+00	9.30433506e+00
0	0	92	7.37463127e-10	1.00000000e-02	1.00000000e+03	7.37463127e-10	7.85458339e-11	1.69756501e-03	2.25184544e-03	3.08908007e-08	1.89060123e-03	4.73970707e-04	-2.67958114e+00	-5.13423073e-01	-2.75551945e+00	-2.87136232e+00	9.30611826e+00
0	0	93	7.37463127e-10	1.00000000e-02	1.00000000e+03	7.37463127e-10	7.85457777e-11	1.67880725e-03	2.22697676e-03	3.00314635e-08	1.86969405e-03	4.75891294e-04	-2.68440672e+00	-5.18245966e-01	-2.76777212e+00	-2.87619171e+00	9.30787452e+00
0	0	94	7.37463127e-10	1.00000000e-02	1.00000000e+03	7.37463127e-10	7.85457221e-11	1.66025786e-03	2.20238188e-03	2.92426847e-08	1.84902204e-03	4.77790589e-04	-2.68923201e+00	-5.23069026e-01	-2.77933137e+00	-2.88102017e+00	9.30960435e+00
0	0	95	7.37463127e-10	1.00000000e-02	1.00000000e+03	7.37463127e-10	7.85456672e-11	1.64191428e-03	2.17805778e-03	2.85172983e-08	1.82858191e-03	4.79668826e-04	-2.69405707e+00	-5.27892255e-01	-2.79024024e+00	-2.88584784e+00	9.31130825e+00
0	0	96	7.37463127e-10	1.00000000e-02	1.00000000e+03	7.37463127e-10	7.85456128e-11	1.62377404e-03	2.15400149e-03	2.78487557e-08	1.80837054e-03	4.81526238e-04	-2.69888196e+00	-5.32715652e-01	-2.80054282e+00	-2.89067483e+00	9.31298672e+00
0	0	97	7.37463127e-10	1.00000000e-02	1.00000000e+03	7.37463127e-10	7.85455590e-11	1.60583472e-03	2.13021006e-03	2.72310954e-08	1.78838489e-03	4.83363055e-04	-2.70370671e+00	-5.37539219e-01	-2.81028350e+00	-2.89550126e+00	9.31464021e+00
0	0	98	7.37463127e-10	1.00000000e-02	1.00000000e+03	7.37463127e-10	7.85455058e-11	1.58809393e-03	2.10668060e-03	2.66589097e-08	1.76862203e-03	4.85179504e-04	-2.70853137e+00	-5.42362955e-01	-2.81950623e+00	-2.90032723e+00	9.31626921e+00
0	0	99	7.37463127e-10	1.00000000e-02	1.00000000e+03	7.37463127e-10	7.85454532e-11	1.57054937e-03	2.08341022e-03	2.61273112e-08	1.74907912e-03	4.86975809e-04	-2.71335596e+00	-5.47186861e-01	-2.82825390e+00	-2.90515280e+00	9.31787415e+00
0	0	100	7.37463127e-10	1.00000000e-02	1.00000000e+03	7.37463127e-10	7.85454012e-11	1.55319874e-03	2.06039608e-03	2.56318972e-08	1.72975343e-03	4.88752194e-04	-2.71818052e+00	-5.52010936e-01	-2.83656786e+00	-2.90997806e+00	9.31945548e+00
0	0	101	7.37463127e-10	1.00000000e-02	1.00000000e+03	7.37463127e-10	7.85453497e-11	1.53603980e-03	2.03763538e-03	2.51687141e-08	1.71064225e-03	4.90508879e-04	-2.72300508e+00	-5.56835179e-01	-2.84448759e+00	-2.91480306e+00	9.32101363e+00
0	0	102	7.37463127e-10	1.00000000e-02	1.00000000e+03	7.37463127e-10	7.85452988e-11	1.51907037e-03	2.01512532e-03	2.47342225e-08	1.69174299e-03	4.92246080e-04	-2.72782966e+00	-5.61659591e-01	-2.85205035e+00	-2.91962787e+00	9.32254903e+00
0	0	103	7.37463127e-10	1.00000000e-02	1.00000000e+03	7.37463127e-10	7.85452484e-11	1.50228828e-03	1.99286317e-03	2.43252620e-08	1.67305310e-03	4.93964013e-04	-2.73265427e+00	-5.66484171e-01	-2.85929109e+00	-2.92445253e+00	9.32406207e+00
0	0	104	7.37463127e-10	1.00000000e-02	1.00000000e+03	7.37463127e-10	7.85451986e-11	1.48569141e-03	1.97084620e-03	2.39390183e-08	1.65457008e-03	4.95662891e-04	-2.73747894e+00	-5.71308918e-01	-2.86624228e+00	-2.92927709e+00	9.32555317e+00
0	0	105	7.37463127e-10	1.00000000e-02	1.00000000e+03	7.37463127e-10	7.85451494e-11	1.46927765e-03	1.94907172e-03	2.35729909e-08	1.63629151e-03	4.97342924e-04	-2.74230368e+00	-5.76133832e-01	-2.87293392e+00	-2.93410158e+00	9.32702270e+00
0	0	106	7.37463127e-10	1.00000000e-02	1.00000000e+03	7.37463127e-10	7.85451007e-11	1.45304496e-03	1.92753707e-03	2.32249628e-08	1.61821500e-03	4.99004321e-04	-2.74712850e+00	-5.80958912e-01	-2.87939359e+00	-2.93892603e+00	9.32847107e+00
0	0	107	7.37463127e-10	1.00000000e-02	1.00000000e+03	7.37463127e-10	7.85450525e-11	1.43699129e-03	1.90623963e-03	2.28929720e-08	1.60033820e-03	5.00647287e-04	-2.75195342e+00	-5.85784157e-01	-2.88564644e+00	-2.94375048e+00	9.32989863e+00
0	0	108	7.37463127e-10	1.00000000e-02	1.00000000e+03	7.37463127e-10	7.85450048e-11	1.42111464e-03	1.88517679e-03	2.25752856e-08	1.58265882e-03	5.02272026e-04	-2.75677844e+00	-5.90609567e-01	-2.89171536e+00	-2.94857495e+00	9.33130575e+00
0	0	109	7.37463127e-10	1.00000000e-02	1.00000000e+03	7.37463127e-10	7.85449577e-11	1.40541305e-03	1.86434599e-03	2.22703748e-08	1.56517461e-03	5.03878740e-04	-2.76160357e+00	-5.95435139e-01	-2.89762109e+00	-2.95339946e+00	9.33269279e+00
0	0	110	7.37463127e-10	1.00000000e-02	1.00000000e+03	7.37463127e-10	7.85449110e-11	1.38988456e-03	1.84374467e-03	2.19768935e-08	1.54788334e-03	5.05467627e-04	-2.76642882e+00	-6.00260874e-01	-2.90338231e+00	-2.95822403e+00	9.33406011e+00
0	0	111	7.37463127e-10	1.00000000e-02	1.00000000e+03	7.37463127e-10	7.85448649e-11	1.37452724e-03	1.82337032e-03	2.16936570e-08	1.53078283e-03	5.07038886e-04	-2.77125420e+00	-6.05086771e-01	-2.90901584e+00	-2.96304867e+00	9.33540803e+00
0	0	112	7.37463127e-10	1.00000000e-02	1.00000000e+03	7.37463127e-10	7.85448193e-11	1.35933920e-03	1.80322045e-03	2.14196246e-08	1.51387094e-03	5.08592710e-04	-2.77607971e+00	-6.09912827e-01	-2.91453676e+00	-2.96787340e+00	9.33673689e+00
0	0	113	7.37463127e-10	1.00000000e-02	1.00000000e+03	7.37463127e-10	7.85447742e-11	1.34431857e-03	1.78329260e-03	2.11538824e-08	1.49714553e-03	5.10129293e-04	-2.78090536e+00	-6.14739043e-01	-2.91995853e+00	-2.97269824e+00	9.33804702e+00
0	0	114	7.37463127e-10	1.00000000e-02	1.00000000e+03	7.37463127e-10	7.85447296e-11	1.32946349e-03	1.76358434e-03	2.08956287e-08	1.48060453e-03	5.11648826e-04	-2.78573114e+00	-6.19565417e-01	-2.92529317e+00	-2.97752318e+00	9.33933874e+00
0	0	115	7.37463127e-10	1.00000000e-02	1.00000000e+03	7.37463127e-10	7.85446855e-11	1.31477213e-03	1.74409326e-03	2.06441606e-08	1.46424587e-03	5.13151496e-04	-2.79055706e+00	-6.24391948e-01	-2.93055139e+00	-2.98234825e+00	9.34061236e+00
0	0	116	7.37463127e-10	1.00000000e-02	1.00000000e+03	7.37463127e-10	7.85446418e-11	1.30024269e-03	1.72481697e-03	2.03988621e-08	1.44806753e-03	5.14637492e-04	-2.79538313e+00	-6.29218634e-01	-2.93574267e+00	-2.98717344e+00	9.34186818e+00
0	0	117	7.37463127e-10	1.00000000e-02	1.00000000e+03	7.37463127e-10	7.85445987e-11	1.28587339e-03	1.70575313e-03	2.01591937e-08	1.43206751e-03	5.16106996e-04	-2.80020935e+00	-6.34045475e-01	-2.94087546e+00	-2.99199876e+00	9.34310651e+00
0	0	118	7.37463127e-10	1.00000000e-02	1.00000000e+03	7.37463127e-10	7.85445560e-11	1.27166245e-03	1.68689940e-03	1.99246830e-08	1.41624382e-03	5.17560192e-04	-2.80503571e+00	-6.38872469e-01	-2.94595719e+00	-2.99682423e+00	9.34432763e+00
0	0	119	7.37463127e-10	1.00000000e-02	1.00000000e+03	7.37463127e-10	7.85445137e-11	1.25760813e-03	1.66825347e-03	1.96949164e-08	1.40059452e-03	5.18997260e-04	-2.80986222e+00	-6.43699614e-01	-2.95099447e+00	-3.00164983e+00	9.34553183e+00
0	0	120	7.37463127e-10	1.00000000e-02	1.00000000e+03	7.37463127e-10	7.85444720e-11	1.24370872e-03	1.64981307e-03	1.94695315e-08	1.38511767e-03	5.20418379e-04	-2.81468887e+00	-6.48526911e-01	-2.95599311e+00	-3.00647559e+00	9.34671939e+00
0	0	121	7.37463127e-10	1.00000000e-02	1.00000000e+03	7.37463127e-10	7.85444307e-11	1.22996250e-03	1.63157595e-03	1.92482113e-08	1.36981137e-03	5.21823726e-04	-2.81951568e+00	-6.53354356e-01	-2.96095824e+00	-3.01130149e+00	9.34789058e+00
0	0	122	7.37463127e-10	1.00000000e-02	1.00000000e+03	7.37463127e-10	7.85443898e-11	1.21636780e-03	1.61353987e-03	1.90306778e-08	1.35467375e-03	5.23213474e-04	-2.82434264e+00	-6.58181950e-01	-2.96589436e+00	-3.01612754e+00	9.34904568e+00
0	0	123	7.37463127e-10	1.00000000e-02	1.00000000e+03	7.37463127e-10	7.85443494e-11	1.20292295e-03	1.59570263e-03	1.88166876e-08	1.33970294e-03	5.24587798e-04	-2.82916974e+00	-6.63009691e-01	-2.97080544e+00	-3.02095375e+00	9.35018494e+00
0	0	124	7.37463127e-10	1.00000000e-02	1.00000000e+03	7.37463127e-10	7.85443095e-11	1.18962629e-03	1.57806205e-03	1.86060272e-08	1.32489710e-03	5.25946867e-04	-2.83399700e+00	-6.67837576e-01	-2.97569496e+00	-3.02578010e+00	9.35130863e+00
0	0	125	7.37463127e-10	1.00000000e-02	1.00000000e+03	7.37463127e-10	7.85442699e-11	1.17647621e-03	1.56061596e-03	1.83985091e-08	1.31025443e-03	5.27290850e-04	-2.83882440e+00	-6.72665606e-01	-2.98056598e+00	-3.03060662e+00	9.35241700e+00
0	0	126	7.37463127e-10	1.00000000e-02	1.00000000e+03	7.37463127e-10	7.85442309e-11	1.16347110e-03	1.54336225e-03	1.81939687e-08	1.29577312e-03	5.28619916e-04	-2.84365195e+00	-6.77493779e-01	-2.98542117e+00	-3.03543329e+00	9.35351028e+00
0	0	127	7.37463127e-10	1.00000000e-02	1.00000000e+03	7.37463127e-10	7.85441922e-11	1.15060936e-03	1.52629878e-03	1.79922612e-08	1.28145141e-03	5.29934228e-04	-2.84847965e+00	-6.82322093e-01	-2.99026287e+00	-3.04026011e+00	9.35458873e+00
0	0	128	7.37463127e-10	1.00000000e-02	1.00000000e+03	7.37463127e-10	7.85441540e-11	1.13788942e-03	1.50942349e-03	1.77932591e-08	1.26728754e-03	5.31233951e-04	-2.85330749e+00	-6.87150547e-01	-2.99509311e+00	-3.04508709e+00	9.35565258e+00
0	0	129	7.37463127e-10	1.00000000e-02	1.00000000e+03	7.37463127e-10	7.85441161e-11	1.12530972e-03	1.49273430e-03	1.75968498e-08	1.25327978e-03	5.32519246e-04	-2.85813548e+00	-6.91979140e-01	-2.99991369e+00	-3.04991422e+00	9.35670207e+00
0	0	130	7.37463127e-10	1.00000000e-02	1.00000000e+03	7.37463127e-10	7.85440788e-11	1.11286872e-03	1.47622916e-03	1.74029339e-08	1.23942641e-03	5.33790274e-04	-2.86296362e+00	-6.96807871e-01	-3.00472614e+00	-3.05474151e+00	9.35773742e+00
0	0	131	7.37463127e-10	1.00000000e-02	1.00000000e+03	7.37463127e-10	7.85440418e-11	1.10056490e-03	1.45990607e-03	1.72114231e-08	1.22572573e-03	5.35047192e-04	-2.86779189e+00	-7.01636737e-01	-3.00953183e+00	-3.05956895e+00	9.35875885e+00
0	0	132	7.37463127e-10	1.00000000e-02	1.00000000e+03	7.37463127e-10	7.85440052e-11	1.08839676e-03	1.44376302e-03	1.70222391e-08	1.21217609e-03	5.36290157e-04	-2.87262031e+00	-7.06465739e-01	-3.01433193e+00	-3.06439654e+00	9.35976659e+00
0	0	133	7.37463127e-10	1.00000000e-02	1.00000000e+03	7.37463127e-10	7.85439690e-11	1.07636280e-03	1.42779803e-03	1.68353122e-08	1.19877580e-03	5.37519323e-04	-2.87744887e+00	-7.11294874e-01	-3.01912744e+00	-3.06922429e+00	9.36076084e+00
0	0	134	7.37463127e-10	1.00000000e-02	1.00000000e+03	7.37463127e-10	7.85439332e-11	1.06446156e-03	1.41200915e-03	1.66505799e-08	1.18552325e-03	5.38734844e-04	-2.88227757e+00	-7.16124140e-01	-3.02391925e+00	-3.07405218e+00	9.36174183e+00
0	0	135	7.37463127e-10	1.00000000e-02	1.00000000e+03	7.37463127e-10	7.85438978e-11	1.05269157e-03	1.39639445e-03	1.64679862e-08	1.17241680e-03	5.39936870e-04	-2.88710641e+00	-7.20953538e-01	-3.02870812e+00	-3.07888022e+00	9.36270975e+00
0	0	136	7.37463127e-10	1.00000000e-02	1.00000000e+03	7.37463127e-10	7.85438628e-11	1.04105139e-03	1.38095201e-03	1.62874807e-08	1.15945485e-03	5.41125553e-04	-2.89193538e+00	-7.25783065e-01	-3.03349470e+00	-3.08370841e+00	9.36366480e+00
0	0	137	7.37463127e-10	1.00000000e-02	1.00000000e+03	7.37463127e-10	7.85438282e-11	1.02953961e-03	1.36567994e-03	1.61090179e-08	1.14663582e-03	5.42301038e-04	-2.89676449e+00	-7.30612721e-01	-3.03827955e+00	-3.08853675e+00	9.36460720e+00
0	0	138	7.37463127e-10	1.00000000e-02	1.00000000e+03	7.37463127e-10	7.85437940e-11	1.01815480e-03	1.35057637e-03	1.59325562e-08	1.13395814e-03	5.43463474e-04	-2.90159374e+00	-7.35442503e-01	-3.04306316e+00	-3.09336523e+00	9.36553712e+00
0	0	139	7.37463127e-10	1.00000000e-02	1.00000000e+03	7.37463127e-10	7.85437601e-11	1.00689559e-03	1.33563946e-03	1.57580578e-08	1.12142026e-03	5.44613004e-04	-2.90642312e+00	-7.40272411e-01	-3.04784592e+00	-3.09819386e+00	9.36645477e+00
0	0	140	7.37463127e-10	1.00000000e-02	1.00000000e+03	7.37463127e-10	7.85437267e-11	9.95760576e-04	1.32086736e-03	1.55854882e-08	1.10902064e-03	5.45749772e-04	-2.91125263e+00	-7.45102443e-01	-3.05262820e+00	-3.10302262e+00	9.36736032e+00
0	0	141	7.37463127e-10	1.00000000e-02	1.00000000e+03	7.37463127e-10	7.85436935e-11	9.84748410e-04	1.30625827e-03	1.54148151e-08	1.09675778e-03	5.46873920e-04	-2.91608226e+00	-7.49932598e-01	-3.05741029e+00	-3.10785153e+00	9.36825397e+00
0	0	142	7.37463127e-10	1.00000000e-02	1.00000000e+03	7.37463127e-10	7.85436608e-11	9.73857739e-04	1.29181040e-03	1.52460091e-08	1.08463016e-03	5.47985587e-04	-2.92091203e+00	-7.54762875e-01	-3.06219244e+00	-3.11268058e+00	9.36913590e+00
0	0	143	7.37463127e-10	1.00000000e-02	1.00000000e+03	7.37463127e-10	7.85436284e-11	9.63087229e-04	1.27752197e-03	1.50790424e-08	1.07263630e-03	5.49084912e-04	-2.92574193e+00	-7.59593273e-01	-3.06697485e+00	-3.11750976e+00	9.37000627e+00
0	0	144	7.37463127e-10	1.00000000e-02	1.00000000e+03	7.37463127e-10	7.85435964e-11	9.52435560e-04	1.26339124e-03	1.49138891e-08	1.06077474e-03	5.50172032e-04	-2.93057195e+00	-7.64423790e-01	-3.07175771e+00	-3.12233908e+00	9.37086527e+00
0	0	145	7.37463127e-10	1.00000000e-02	1.00000000e+03	7.37463127e-10	7.85435647e-11	9.41901427e-04	1.24941647e-03	1.47505248e-08	1.04904403e-03	5.51247082e-04	-2.93540210e+00	-7.69254424e-01	-3.07654114e+00	-3.12716854e+00	9.37171306e+00
0	0	146	7.37463127e-10	1.00000000e-02	1.00000000e+03	7.37463127e-10	7.85435334e-11	9.31483539e-04	1.23559595e-03	1.45889265e-08	1.03744272e-03	5.52310197e-04	-2.94023237e+00	-7.74085176e-01	-3.08132528e+00	-3.13199813e+00	9.37254982e+00
0	0	147	7.37463127e-10	1.00000000e-02	1.00000000e+03	7.37463127e-10	7.85435024e-11	9.21180618e-04	1.22192798e-03	1.44290721e-08	1.02596940e-03	5.53361508e-04	-2.94506276e+00	-7.78916043e-01	-3.08611021e+00	-3.13682785e+00	9.37337571e+00
0	0	148	7.37463127e-10	1.00000000e-02	1.00000000e+03	7.37463127e-10	7.85434717e-11	9.10991402e-04	1.20841088e-03	1.42709407e-08	1.01462266e-03	5.54401147e-04	-2.94989327e+00	-7.83747025e-01	-3.09089601e+00	-3.14165770e+00	9.37419088e+00
0	0	149	7.37463127e-10	1.00000000e-02	1.00000000e+03	7.37463127e-10	7.85434414e-11	9.00914642e-04	1.19504300e-03	1.41145122e-08	1.00340112e-03	5.55429244e-04	-2.95472391e+00	-7.88578119e-01	-3.09568274e+00	-3.14648767e+00	9.37499550e+00
0	0	150	7.37463127e-10	1.00000000e-02	1.00000000e+03	7.37463127e-10	7.85434114e-11	8.90949102e-04	1.18182269e-03	1.39597671e-08	9.92303393e-04	5.56445926e-04	-2.95955466e+00	-7.93409326e-01	-3.10047044e+00	-3.15131778e+00	9.37578973e+00
0	0	151	7.37463127e-10	1.00000000e-02	1.00000000e+03	7.37463127e-10	7.85433818e-11	8.81093559e-04	1.16874834e-03	1.38066867e-08	9.81328125e-04	5.57451321e-04	-2.96438553e+00	-7.98240643e-01	-3.10525914e+00	-3.15614801e+00	9.37657371e+00
0	0	152	7.37463127e-10	1.00000000e-02	1.00000000e+03	7.37463127e-10	7.85433525e-11	8.71346805e-04	1.15581834e-03	1.36552528e-08	9.70473970e-04	5.58445553e-04	-2.96921651e+00	-8.03072070e-01	-3.11004887e+00	-3.16097836e+00	9.37734760e+00
0	0	153	7.37463127e-10	1.00000000e-02	1.00000000e+03	7.37463127e-10	7.85433235e-11	8.61707643e-04	1.14303110e-03	1.35054475e-08	9.59739598e-04	5.59428747e-04	-2.97404761e+00	-8.07903605e-01	-3.11483963e+00	-3.16580884e+00	9.37811154e+00
0	0	154	7.37463127e-10	1.00000000e-02	1.00000000e+03	7.37463127e-10	7.85432948e-11	8.52174892e-04	1.13038505e-03	1.33572537e-08	9.49123694e-04	5.60401024e-04	-2.97887882e+00	-8.12735248e-01	-3.11963144e+00	-3.17063944e+00	9.37886568e+00
0	0	155	7.37463127e-10	1.00000000e-02	1.00000000e+03	7.37463127e-10	7.85432664e-11	8.42747381e-04	1.11787863e-03	1.32106545e-08	9.38624956e-04	5.61362507e-04	-2.98371014e+00	-8.17566996e-01	-3.12442428e+00	-3.17547016e+00	9.37961016e+00
0	0	156	7.37463127e-10	1.00000000e-02	1.00000000e+03	7.37463127e-10	7.85432384e-11	8.33423954e-04	1.10551032e-03	1.30656331e-08	9.28242097e-04	5.62313315e-04	-2.98854157e+00	-8.22398850e-01	-3.12921816e+00	-3.18030099e+00	9.38034513e+00
0	0	157	7.37463127e-10	1.00000000e-02	1.00000000e+03	7.37463127e-10	7.85432106e-11	8.24203465e-04	1.09327859e-03	1.29221733e-08	9.17973843e-04	5.63253567e-04	-2.99337312e+00	-8.27230808e-01	-3.13401305e+00	-3.18513195e+00	9.38107071e+00
0	0	158	7.37463127e-10	1.00000000e-02	1.00000000e+03	7.37463127e-10	7.85431832e-11	8.15084784e-04	1.08118194e-03	1.27802590e-08	9.07818936e-04	5.64183379e-04	-2.99820477e+00	-8.32062868e-01	-3.13880896e+00	-3.18996302e+00	9.38178705e+00
0	0	159	7.37463127e-10	1.00000000e-02	1.00000000e+03	7.37463127e-10	7.85431561e-11	8.06066790e-04	1.06921889e-03	1.26398745e-08	8.97776129e-04	5.65102869e-04	-3.00303652e+00	-8.36895030e-01	-3.14360585e+00	-3.19479420e+00	9.38249427e+00
ZONE T="step_10000_phys_10000", I=501, SOLUTIONTIME=1.00010000e+02, F=POINT
10000	10000	0	7.37536873e-06	1.00010000e+02	1.00000000e+03	7.37463127e-10	7.63947915e-11	3.45828932e-02	7.84799260e-03	4.27047620e-04	5.93814461e-02	1.98965987e-03	0.00000000e+00	0.00000000e+00	0.00000000e+00	0.00000000e+00	0.00000000e+00
10000	10000	1	7.37536873e-06	1.00010000e+02	1.00000000e+03	7.37463127e-10	7.63929726e-11	3.12252638e-02	7.02729877e-03	3.84805678e-04	5.36238780e-02	2.00262904e-03	-4.43552071e-02	-4.79701667e-02	-4.52348336e-02	-4.42925513e-02	2.82166910e-03
10000	10000	2	7.37536873e-06	1.00010000e+02	1.00000000e+03	7.37463127e-10	7.63913463e-11	2.81987970e-02	6.29784941e-03	3.46784182e-04	4.84327709e-02	2.01182347e-03	-8.86307418e-02	-9.55663128e-02	-9.04170260e-02	-8.85114539e-02	4.81102967e-03
10000	10000	3	7.37536873e-06	1.00010000e+02	1.00000000e+03	7.37463127e-10	7.63898923e-11	2.54686201e-02	5.64923096e-03	3.12573067e-04	4.37486037e-02	2.01917130e-03	-1.32855907e-01	-1.42769254e-01	-1.35524752e-01	-1.32686573e-01	6.39432249e-03
10000	10000	4	7.37536873e-06	1.00010000e+02	1.00000000e+03	7.37463127e-10	7.63885921e-11	2.30039207e-02	5.07306511e-03	2.81839787e-04	3.95186751e-02	2.02528993e-03	-1.77059461e-01	-1.89488149e-01	-1.80474004e-01	-1.76848394e-01	7.70836115e-03
10000	10000	5	7.37536873e-06	1.00010000e+02	1.00000000e+03	7.37463127e-10	7.63874295e-11	2.07794755e-02	4.56151624e-03	2.54171542e-04	3.56999688e-02	2.03047606e-03	-2.21226742e-01	-2.35649360e-01	-2.25349382e-01	-2.20982933e-01	8.81903168e-03
10000	10000	6	7.37536873e-06	1.00010000e+02	1.00000000e+03	7.37463127e-10	7.63863898e-11	1.87719168e-02	4.10793301e-03	2.29143498e-04	3.22525496e-02	2.03490975e-03	-2.65352703e-01	-2.81135232e-01	-2.70368767e-01	-2.65086717e-01	9.76631117e-03
10000	10000	7	7.37536873e-06	1.00010000e+02	1.00000000e+03	7.37463127e-10	7.63854600e-11	1.69597248e-02	3.70636895e-03	2.06483276e-04	2.91396120e-02	2.03871662e-03	-3.09442523e-01	-3.25809936e-01	-3.15591423e-01	-3.09167005e-01	1.05780230e-02
10000	10000	8	7.37536873e-06	1.00010000e+02	1.00000000e+03	7.37463127e-10	7.63846285e-11	1.53243506e-02	3.35156338e-03	1.86109062e-04	2.63294426e-02	2.04199151e-03	-3.53479245e-01	-3.69511149e-01	-3.60708786e-01	-3.53209105e-01	1.12750916e-02
10000	10000	9	7.37536873e-06	1.00010000e+02	1.00000000e+03	7.37463127e-10	7.63838848e-11	1.38482702e-02	3.03872783e-03	1.67726218e-04	2.37920526e-02	2.04480949e-03	-3.97465793e-01	-4.12066781e-01	-4.05875352e-01	-3.97218858e-01	1.18740107e-02
10000	10000	10	7.37536873e-06	1.00010000e+02	1.00000000e+03	7.37463127e-10	7.63832197e-11	1.25165184e-02	2.76357278e-03	1.51263507e-04	2.15018484e-02	2.04723191e-03	-4.41377781e-01	-4.53287678e-01	-4.50742140e-01	-4.41174974e-01	1.23882010e-02
10000	10000	11	7.37536873e-06	1.00010000e+02	1.00000000e+03	7.37463127e-10	7.63826248e-11	1.13148318e-02	2.52221160e-03	1.36487985e-04	1.94344044e-02	2.04931007e-03	-4.85213221e-01	-4.92977066e-01	-4.95381882e-01	-4.85079534e-01	1.28288333e-02
10000	10000	12	7.37536873e-06	1.00010000e+02	1.00000000e+03	7.37463127e-10	7.63820927e-11	1.02302505e-02	2.31111110e-03	1.23183464e-04	1.75675174e-02	2.05108747e-03	-5.28975055e-01	-5.30937761e-01	-5.39923892e-01	-5.28940377e-01	1.32053410e-02
10000	10000	13	7.37536873e-06	1.00010000e+02	1.00000000e+03	7.37463127e-10	7.63816167e-11	9.25133667e-03	2.12704340e-03	1.11203196e-04	1.58815935e-02	2.05260141e-03	-5.72656837e-01	-5.66982234e-01	-5.84359036e-01	-5.72756695e-01	1.35257806e-02
10000	10000	14	7.37536873e-06	1.00010000e+02	1.00000000e+03	7.37463127e-10	7.63811910e-11	8.36788478e-03	1.96704711e-03	1.00415002e-04	1.43591479e-02	2.05388410e-03	-6.16245631e-01	-6.00943822e-01	-6.28677704e-01	-6.16522100e-01	1.37970908e-02
10000	10000	15	7.37536873e-06	1.00010000e+02	1.00000000e+03	7.37463127e-10	7.63808102e-11	7.57064360e-03	1.82840230e-03	9.06968349e-05	1.29843233e-02	2.05496356e-03	-6.59728521e-01	-6.32686825e-01	-6.72884174e-01	-6.60231448e-01	1.40252847e-02
10000	10000	16	7.37536873e-06	1.00010000e+02	1.00000000e+03	7.37463127e-10	7.63804695e-11	6.85128094e-03	1.70858953e-03	8.19441318e-05	1.17428343e-02	2.05586430e-03	-7.03089547e-01	-6.62120843e-01	-7.16958447e-01	-7.03877835e-01	1.42156045e-02
10000	10000	17	7.37536873e-06	1.00010000e+02	1.00000000e+03	7.37463127e-10	7.63801648e-11	6.20225801e-03	1.60528689e-03	7.40592189e-05	1.06217504e-02	2.05660776e-03	-7.46311495e-01	-6.89205926e-01	-7.60897178e-01	-7.47454676e-01	1.43726279e-02
10000	10000	18	7.37536873e-06	1.00010000e+02	1.00000000e+03	7.37463127e-10	7.63798922e-11	5.61685974e-03	1.51635996e-03	6.69586108e-05	9.60955300e-03	2.05721276e-03	-7.89367744e-01	-7.13956276e-01	-8.04669871e-01	-7.90947583e-01	1.45003688e-02
10000	10000	19	7.37536873e-06	1.00010000e+02	1.00000000e+03	7.37463127e-10	7.63796484e-11	5.08889242e-03	1.43985714e-03	6.05647918e-05	8.69560933e-03	2.05769591e-03	-8.32238053e-01	-7.36439181e-01	-8.48256077e-01	-8.34350750e-01	1.46023538e-02
10000	10000	20	7.37536873e-06	1.00010000e+02	1.00000000e+03	7.37463127e-10	7.63794302e-11	4.61289528e-03	1.37400843e-03	5.48081378e-05	7.87054670e-03	2.05807183e-03	-8.74887728e-01	-7.56769188e-01	-8.91631259e-01	-8.77645869e-01	1.46816877e-02
10000	10000	21	7.37536873e-06	1.00010000e+02	1.00000000e+03	7.37463127e-10	7.63792351e-11	4.18389442e-03	1.31722460e-03	4.96261246e-05	7.12582445e-03	2.05835344e-03	-9.17280607e-01	-7.75098751e-01	-9.34765944e-01	-9.20815651e-01	1.47411089e-02
10000	10000	22	7.37536873e-06	1.00010000e+02	1.00000000e+03	7.37463127e-10	7.63790605e-11	3.79740170e-03	1.26809472e-03	4.49626035e-05	6.45373483e-03	2.05855216e-03	-9.59374783e-01	-7.91606892e-01	-9.77624855e-01	-9.63839653e-01	1.47830347e-02
10000	10000	23	7.37536873e-06	1.00010000e+02	1.00000000e+03	7.37463127e-10	7.63789044e-11	3.44936634e-03	1.22538092e-03	4.07671554e-05	5.84732110e-03	2.05867809e-03	-1.00112200e+00	-8.06487472e-01	-1.02016590e+00	-1.00669383e+00	1.48096016e-02
10000	10000	24	7.37536873e-06	1.00010000e+02	1.00000000e+03	7.37463127e-10	7.63787647e-11	3.13612310e-03	1.18801007e-03	3.69945084e-05	5.30028941e-03	2.05874018e-03	-1.04246822e+00	-8.19938465e-01	-1.06233905e+00	-1.04935119e+00	1.48226990e-02
10000	10000	25	7.37536873e-06	1.00010000e+02	1.00000000e+03	7.37463127e-10	7.63786398e-11	2.85437827e-03	1.15506248e-03	3.36040122e-05	4.80698735e-03	2.05874634e-03	-1.08334980e+00	-8.32153108e-01	-1.10408517e+00	-1.09177779e+00	1.48239992e-02
10000	10000	26	7.37536873e-06	1.00010000e+02	1.00000000e+03	7.37463127e-10	7.63785280e-11	2.60115191e-03	1.12575846e-03	3.05591703e-05	4.36230534e-03	2.05870360e-03	-1.12369561e+00	-8.43313364e-01	-1.14533475e+00	-1.13393471e+00	1.48149825e-02
10000	10000	27	7.37536873e-06	1.00010000e+02	1.00000000e+03	7.37463127e-10	7.63784280e-11	2.37373943e-03	1.09944355e-03	2.78272004e-05	3.96161156e-03	2.05861817e-03	-1.16342828e+00	-8.53585647e-01	-1.18600679e+00	-1.17577888e+00	1.47969600e-02
10000	10000	28	7.37536873e-06	1.00010000e+02	1.00000000e+03	7.37463127e-10	7.63783385e-11	2.16969787e-03	1.07557332e-03	2.53786427e-05	3.60073111e-03	2.05849556e-03	-1.20246206e+00	-8.63118565e-01	-1.22600791e+00	-1.21726008e+00	1.47710933e-02
10000	10000	29	7.37536873e-06	1.00010000e+02	1.00000000e+03	7.37463127e-10	7.63782586e-11	1.98681382e-03	1.05369851e-03	2.31870086e-05	3.27589214e-03	2.05834066e-03	-1.24070415e+00	-8.72042220e-01	-1.26523158e+00	-1.25832118e+00	1.47384115e-02
10000	10000	30	7.37536873e-06	1.00010000e+02	1.00000000e+03	7.37463127e-10	7.63781870e-11	1.82307782e-03	1.03345108e-03	2.12284548e-05	2.98368336e-03	2.05815779e-03	-1.27805612e+00	-8.80468661e-01	-1.30355792e+00	-1.29889804e+00	1.46998262e-02
10000	10000	31	7.37536873e-06	1.00010000e+02	1.00000000e+03	7.37463127e-10	7.63781230e-11	1.67665636e-03	1.01453146e-03	1.94814820e-05	2.72100644e-03	2.05795079e-03	-1.31441726e+00	-8.88493065e-01	-1.34085431e+00	-1.33892120e+00	1.46561453e-02
10000	10000	32	7.37536873e-06	1.00010000e+02	1.00000000e+03	7.37463127e-10	7.63780658e-11	1.54589937e-03	9.96697221e-04	1.79266588e-05	2.48509313e-03	2.05772307e-03	-1.34968010e+00	-8.96195337e-01	-1.37697695e+00	-1.37830810e+00	1.46080844e-02
10000	10000	33	7.37536873e-06	1.00010000e+02	1.00000000e+03	7.37463127e-10	7.63780146e-11	1.42929025e-03	9.79753190e-04	1.65463653e-05	2.27341632e-03	2.05747761e-03	-1.38374089e+00	-9.03641899e-01	-1.41177370e+00	-1.41697180e+00	1.45562774e-02
10000	10000	34	7.37536873e-06	1.00010000e+02	1.00000000e+03	7.37463127e-10	7.63779688e-11	1.32544163e-03	9.63542964e-04	1.53245800e-05	2.08368343e-03	2.05721711e-03	-1.41650072e+00	-9.10887500e-01	-1.44508772e+00	-1.45481903e+00	1.45012856e-02
10000	10000	35	7.37536873e-06	1.00010000e+02	1.00000000e+03	7.37463127e-10	7.63779279e-11	1.23307990e-03	9.47941604e-04	1.42467314e-05	1.91380820e-03	2.05694390e-03	-1.44787011e+00	-9.17977000e-01	-1.47676107e+00	-1.49175236e+00	1.44436058e-02
10000	10000	36	7.37536873e-06	1.00010000e+02	1.00000000e+03	7.37463127e-10	7.63778913e-11	1.15104282e-03	9.32850572e-04	1.32991668e-05	1.76190569e-03	2.05666008e-03	-1.47776984e+00	-9.24946503e-01	-1.50665187e+00	-1.52766811e+00	1.43836779e-02
10000	10000	37	7.37536873e-06	1.00010000e+02	1.00000000e+03	7.37463127e-10	7.63778586e-11	1.07825819e-03	9.18191545e-04	1.24694085e-05	1.62625060e-03	2.05636750e-03	-1.50613856e+00	-9.31825295e-01	-1.53463045e+00	-1.56246330e+00	1.43218904e-02
10000	10000	38	7.37536873e-06	1.00010000e+02	1.00000000e+03	7.37463127e-10	7.63778294e-11	1.01374028e-03	9.03902862e-04	1.17458628e-05	1.50526733e-03	2.05606778e-03	-1.53293462e+00	-9.38636823e-01	-1.56059138e+00	-1.59603713e+00	1.42585871e-02
10000	10000	39	7.37536873e-06	1.00010000e+02	1.00000000e+03	7.37463127e-10	7.63778032e-11	9.56583402e-04	8.89936187e-04	1.11177186e-05	1.39751400e-03	2.05576237e-03	-1.55813848e+00	-9.45399718e-01	-1.58446063e+00	-1.62829460e+00	1.41940713e-02
10000	10000	40	7.37536873e-06	1.00010000e+02	1.00000000e+03	7.37463127e-10	7.63777799e-11	9.05956871e-04	8.76253791e-04	1.05748761e-05	1.30166855e-03	2.05545253e-03	-1.58175380e+00	-9.52128675e-01	-1.60620102e+00	-1.65915036e+00	1.41286108e-02
10000	10000	41	7.37536873e-06	1.00010000e+02	1.00000000e+03	7.37463127e-10	7.63777590e-11	8.61101064e-04	8.62826359e-04	1.01079037e-05	1.21651701e-03	2.05513939e-03	-1.60380720e+00	-9.58835181e-01	-1.62581521e+00	-1.68853258e+00	1.40624417e-02
10000	10000	42	7.37536873e-06	1.00010000e+02	1.00000000e+03	7.37463127e-10	7.63777404e-11	8.21323963e-04	8.49631209e-04	9.70802638e-06	1.14094335e-03	2.05482392e-03	-1.62434683e+00	-9.65528128e-01	-1.64334536e+00	-1.71638669e+00	1.39957721e-02
10000	10000	43	7.37536873e-06	1.00010000e+02	1.00000000e+03	7.37463127e-10	7.63777238e-11	7.85998417e-04	8.36650879e-04	9.36711536e-06	1.07392183e-03	2.05450700e-03	-1.64343965e+00	-9.72214313e-01	-1.65887044e+00	-1.74267810e+00	1.39287849e-02
10000	10000	44	7.37536873e-06	1.00010000e+02	1.00000000e+03	7.37463127e-10	7.63777089e-11	7.54559252e-04	8.23871983e-04	9.07769706e-06	1.01451049e-03	2.05418939e-03	-1.66116797e+00	-9.78898850e-01	-1.67250062e+00	-1.76739423e+00	1.38616408e-02
10000	10000	45	7.37536873e-06	1.00010000e+02	1.00000000e+03	7.37463127e-10	7.63776956e-11	7.26500312e-04	8.11284306e-04	8.83295911e-06	9.61846071e-04	2.05387175e-03	-1.67762552e+00	-9.85585510e-01	-1.68437009e+00	-1.79054519e+00	1.37944807e-02
10000	10000	46	7.37536873e-06	1.00010000e+02	1.00000000e+03	7.37463127e-10	7.63776838e-11	7.01371253e-04	7.98880073e-04	8.62675055e-06	9.15139942e-04	2.05355467e-03	-1.69291336e+00	-9.92276996e-01	-1.69462906e+00	-1.81216326e+00	1.37274282e-02
10000	10000	47	7.37536873e-06	1.00010000e+02	1.00000000e+03	7.37463127e-10	7.63776732e-11	6.78773938e-04	7.86653387e-04	8.45356232e-06	8.73674517e-04	2.05323866e-03	-1.70713616e+00	-9.98975168e-01	-1.70343655e+00	-1.83230110e+00	1.36605912e-02
10000	10000	48	7.37536873e-06	1.00010000e+02	1.00000000e+03	7.37463127e-10	7.63776638e-11	6.58358190e-04	7.74599777e-04	8.30845574e-06	8.36799065e-04	2.05292415e-03	-1.72039908e+00	-1.00568122e+00	-1.71095599e+00	-1.85102958e+00	1.35940634e-02
10000	10000	49	7.37536873e-06	1.00010000e+02	1.00000000e+03	7.37463127e-10	7.63776554e-11	6.39819845e-04	7.62715817e-04	8.18727292e-06	8.03931496e-04	2.05261155e-03	-1.73280362e+00	-1.01239583e+00	-1.71733704e+00	-1.86843173e+00	1.35279268e-02
10000	10000	50	7.37536873e-06	1.00010000e+02	1.00000000e+03	7.37463127e-10	7.63776480e-11	6.22894104e-04	7.50998883e-04	8.08629265e-06	7.74549213e-04	2.05230117e-03	-1.74444710e+00	-1.01911929e+00	-1.72272685e+00	-1.88460175e+00	1.34622522e-02
10000	10000	51	7.37536873e-06	1.00010000e+02	1.00000000e+03	7.37463127e-10	7.63776413e-11	6.07352420e-04	7.39446919e-04	8.00230577e-06	7.48187878e-04	2.05199332e-03	-1.75542056e+00	-1.02585158e+00	-1.72726116e+00	-1.89964010e+00	1.33971006e-02
10000	10000	52	7.37536873e-06	1.00010000e+02	1.00000000e+03	7.37463127e-10	7.63776354e-11	5.92998475e-04	7.28058276e-04	7.93256422e-06	7.24437572e-04	2.05168822e-03	-1.76580775e+00	-1.03259244e+00	-1.73106271e+00	-1.91364980e+00	1.33325247e-02
10000	10000	53	7.37536873e-06	1.00010000e+02	1.00000000e+03	7.37463127e-10	7.63776301e-11	5.79664362e-04	7.16831579e-04	7.87472948e-06	7.02938685e-04	2.05138611e-03	-1.77568472e+00	-1.03934146e+00	-1.73424066e+00	-1.92673332e+00	1.32685694e-02
10000	10000	54	7.37536873e-06	1.00010000e+02	1.00000000e+03	7.37463127e-10	7.63776254e-11	5.67207005e-04	7.05765628e-04	7.82682217e-06	6.83377626e-04	2.05108715e-03	-1.78511974e+00	-1.04609808e+00	-1.73689084e+00	-1.93899001e+00	1.32052731e-02
10000	10000	55	7.37536873e-06	1.00010000e+02	1.00000000e+03	7.37463127e-10	7.63776213e-11	5.55504882e-04	6.94859331e-04	7.78717470e-06	6.65482450e-04	2.05079150e-03	-1.79417344e+00	-1.05286169e+00	-1.73909639e+00	-1.95051416e+00	1.31426680e-02
10000	10000	56	7.37536873e-06	1.00010000e+02	1.00000000e+03	7.37463127e-10	7.63776176e-11	5.44455056e-04	6.84111642e-04	7.75438759e-06	6.49018531e-04	2.05049929e-03	-1.80289929e+00	-1.05963160e+00	-1.74092880e+00	-1.96139367e+00	1.30807810e-02
10000	10000	57	7.37536873e-06	1.00010000e+02	1.00000000e+03	7.37463127e-10	7.63776143e-11	5.33970602e-04	6.73521531e-04	7.72728663e-06	6.33784543e-04	2.05021060e-03	-1.81134398e+00	-1.06640710e+00	-1.74244928e+00	-1.97170913e+00	1.30196343e-02
10000	10000	58	7.37536873e-06	1.00010000e+02	1.00000000e+03	7.37463127e-10	7.63776114e-11	5.23978055e-04	6.63087942e-04	7.70489918e-06	6.19607958e-04	2.04992554e-03	-1.81954822e+00	-1.07318745e+00	-1.74370935e+00	-1.98153378e+00	1.29592461e-02
10000	10000	59	7.37536873e-06	1.00010000e+02	1.00000000e+03	7.37463127e-10	7.63776088e-11	5.14415554e-04	6.52809783e-04	7.68641389e-06	6.06341812e-04	2.04964417e-03	-1.82754723e+00	-1.07997193e+00	-1.74475254e+00	-1.99093325e+00	1.28996310e-02
10000	10000	60	7.37536873e-06	1.00010000e+02	1.00000000e+03	7.37463127e-10	7.63776066e-11	5.05231059e-04	6.42685916e-04	7.67115536e-06	5.93861293e-04	2.04936654e-03	-1.83537128e+00	-1.08675980e+00	-1.74561553e+00	-1.99996575e+00	1.28408001e-02
10000	10000	61	7.37536873e-06	1.00010000e+02	1.00000000e+03	7.37463127e-10	7.63776046e-11	4.96380790e-04	6.32715145e-04	7.65856345e-06	5.82060613e-04	2.04909269e-03	-1.84304636e+00	-1.09355035e+00	-1.74632899e+00	-2.00868256e+00	1.27827620e-02
10000	10000	62	7.37536873e-06	1.00010000e+02	1.00000000e+03	7.37463127e-10	7.63776028e-11	4.87827921e-04	6.22896212e-04	7.64817416e-06	5.70850291e-04	2.04882264e-03	-1.85059467e+00	-1.10034289e+00	-1.74691854e+00	-2.01712854e+00	1.27255224e-02
10000	10000	63	7.37536873e-06	1.00010000e+02	1.00000000e+03	7.37463127e-10	7.63776013e-11	4.79541468e-04	6.13227800e-04	7.63960351e-06	5.60154765e-04	2.04855641e-03	-1.85803515e+00	-1.10713675e+00	-1.74740549e+00	-2.02534274e+00	1.26690852e-02
10000	10000	64	7.37536873e-06	1.00010000e+02	1.00000000e+03	7.37463127e-10	7.63776000e-11	4.71495347e-04	6.03708534e-04	7.63253402e-06	5.49910299e-04	2.04829400e-03	-1.86538391e+00	-1.11393127e+00	-1.74780756e+00	-2.03335892e+00	1.26134520e-02
10000	10000	65	7.37536873e-06	1.00010000e+02	1.00000000e+03	7.37463127e-10	7.63775988e-11	4.63667571e-04	5.94336979e-04	7.62670335e-06	5.40063180e-04	2.04803542e-03	-1.87265460e+00	-1.12072583e+00	-1.74813945e+00	-2.04120620e+00	1.25586230e-02
10000	10000	66	7.37536873e-06	1.00010000e+02	1.00000000e+03	7.37463127e-10	7.63775978e-11	4.56039583e-04	5.85111652e-04	7.62189481e-06	5.30568154e-04	2.04778066e-03	-1.87985878e+00	-1.12751984e+00	-1.74841335e+00	-2.04890959e+00	1.25045968e-02
10000	10000	67	7.37536873e-06	1.00010000e+02	1.00000000e+03	7.37463127e-10	7.63775969e-11	4.48595689e-04	5.76031022e-04	7.61792951e-06	5.21387097e-04	2.04752971e-03	-1.88700623e+00	-1.13431271e+00	-1.74863936e+00	-2.05649049e+00	1.24513706e-02
10000	10000	68	7.37536873e-06	1.00010000e+02	1.00000000e+03	7.37463127e-10	7.63775961e-11	4.41322581e-04	5.67093514e-04	7.61465980e-06	5.12487879e-04	2.04728254e-03	-1.89410517e+00	-1.14110390e+00	-1.74882580e+00	-2.06396717e+00	1.23989407e-02
10000	10000	69	7.37536873e-06	1.00010000e+02	1.00000000e+03	7.37463127e-10	7.63775954e-11	4.34208948e-04	5.58297517e-04	7.61196384e-06	5.03843400e-04	2.04703912e-03	-1.90116255e+00	-1.14789289e+00	-1.74897959e+00	-2.07135520e+00	1.23473021e-02
10000	10000	70	7.37536873e-06	1.00010000e+02	1.00000000e+03	7.37463127e-10	7.63775949e-11	4.27245134e-04	5.49641387e-04	7.60974111e-06	4.95430772e-04	2.04679944e-03	-1.90818420e+00	-1.15467916e+00	-1.74910642e+00	-2.07866779e+00	1.22964492e-02
10000	10000	71	7.37536873e-06	1.00010000e+02	1.00000000e+03	7.37463127e-10	7.63775944e-11	4.20422870e-04	5.41123455e-04	7.60790868e-06	4.87230638e-04	2.04656347e-03	-1.91517499e+00	-1.16146223e+00	-1.74921101e+00	-2.08591618e+00	1.22463757e-02
10000	10000	72	7.37536873e-06	1.00010000e+02	1.00000000e+03	7.37463127e-10	7.63775940e-11	4.13735040e-04	5.32742028e-04	7.60639814e-06	4.79226590e-04	2.04633115e-03	-1.92213902e+00	-1.16824162e+00	-1.74929725e+00	-2.09310986e+00	1.21970745e-02
10000	10000	73	7.37536873e-06	1.00010000e+02	1.00000000e+03	7.37463127e-10	7.63775937e-11	4.07175488e-04	5.24495396e-04	7.60515305e-06	4.71404684e-04	2.04610247e-03	-1.92907970e+00	-1.17501690e+00	-1.74936835e+00	-2.10025688e+00	1.21485380e-02
10000	10000	74	7.37536873e-06	1.00010000e+02	1.00000000e+03	7.37463127e-10	7.63775934e-11	4.00738859e-04	5.16381834e-04	7.60412689e-06	4.63753037e-04	2.04587737e-03	-1.93599987e+00	-1.18178763e+00	-1.74942695e+00	-2.10736400e+00	1.21007582e-02
10000	10000	75	7.37536873e-06	1.00010000e+02	1.00000000e+03	7.37463127e-10	7.63775932e-11	3.94420466e-04	5.08399610e-04	7.60328125e-06	4.56261481e-04	2.04565583e-03	-1.94290188e+00	-1.18855338e+00	-1.74947525e+00	-2.11443696e+00	1.20537267e-02
10000	10000	76	7.37536873e-06	1.00010000e+02	1.00000000e+03	7.37463127e-10	7.63775930e-11	3.88216178e-04	5.00546983e-04	7.60258448e-06	4.48921287e-04	2.04543779e-03	-1.94978769e+00	-1.19531374e+00	-1.74951505e+00	-2.12148057e+00	1.20074348e-02
10000	10000	77	7.37536873e-06	1.00010000e+02	1.00000000e+03	7.37463127e-10	7.63775929e-11	3.82122332e-04	4.92822211e-04	7.60201045e-06	4.41724921e-04	2.04522322e-03	-1.95665890e+00	-1.20206831e+00	-1.74954784e+00	-2.12849887e+00	1.19618736e-02
10000	10000	78	7.37536873e-06	1.00010000e+02	1.00000000e+03	7.37463127e-10	7.63775928e-11	3.76135650e-04	4.85223554e-04	7.60153762e-06	4.34665850e-04	2.04501207e-03	-1.96351683e+00	-1.20881671e+00	-1.74957486e+00	-2.13549525e+00	1.19170337e-02
10000	10000	79	7.37536873e-06	1.00010000e+02	1.00000000e+03	7.37463127e-10	7.63775927e-11	3.70253184e-04	4.77749271e-04	7.60114823e-06	4.27738376e-04	2.04480429e-03	-1.97036252e+00	-1.21555855e+00	-1.74959710e+00	-2.14247255e+00	1.18729058e-02
10000	10000	80	7.37536873e-06	1.00010000e+02	1.00000000e+03	7.37463127e-10	7.63775927e-11	3.64472258e-04	4.70397630e-04	7.60082761e-06	4.20937497e-04	2.04459984e-03	-1.97719685e+00	-1.22229346e+00	-1.74961542e+00	-2.14943316e+00	1.18294805e-02
10000	10000	81	7.37536873e-06	1.00010000e+02	1.00000000e+03	7.37463127e-10	7.63775927e-11	3.58790423e-04	4.63166905e-04	7.60056367e-06	4.14258799e-04	2.04439867e-03	-1.98402048e+00	-1.22902106e+00	-1.74963050e+00	-2.15637903e+00	1.17867482e-02
10000	10000	82	7.37536873e-06	1.00010000e+02	1.00000000e+03	7.37463127e-10	7.63775927e-11	3.53205427e-04	4.56055380e-04	7.60034645e-06	4.07698351e-04	2.04420074e-03	-1.99083396e+00	-1.23574100e+00	-1.74964292e+00	-2.16331181e+00	1.17446990e-02
10000	10000	83	7.37536873e-06	1.00010000e+02	1.00000000e+03	7.37463127e-10	7.63775928e-11	3.47715179e-04	4.49061351e-04	7.60016773e-06	4.01252636e-04	2.04400599e-03	-1.99763767e+00	-1.24245291e+00	-1.74965313e+00	-2.17023287e+00	1.17033235e-02
10000	10000	84	7.37536873e-06	1.00010000e+02	1.00000000e+03	7.37463127e-10	7.63775928e-11	3.42317729e-04	4.42183126e-04	7.60002071e-06	3.94918480e-04	2.04381439e-03	-2.00443193e+00	-1.24915642e+00	-1.74966153e+00	-2.17714331e+00	1.16626118e-02
10000	10000	85	7.37536873e-06	1.00010000e+02	1.00000000e+03	7.37463127e-10	7.63775929e-11	3.37011242e-04	4.35419027e-04	7.59989981e-06	3.88692996e-04	2.04362589e-03	-2.01121693e+00	-1.25585118e+00	-1.74966844e+00	-2.18404405e+00	1.16225541e-02
10000	10000	86	7.37536873e-06	1.00010000e+02	1.00000000e+03	7.37463127e-10	7.63775930e-11	3.31793987e-04	4.28767393e-04	7.59980041e-06	3.82573542e-04	2.04344043e-03	-2.01799281e+00	-1.26253683e+00	-1.74967412e+00	-2.19093584e+00	1.15831410e-02
10000	10000	87	7.37536873e-06	1.00010000e+02	1.00000000e+03	7.37463127e-10	7.63775931e-11	3.26664317e-04	4.22226578e-04	7.59971872e-06	3.76557683e-04	2.04325798e-03	-2.02475963e+00	-1.26921302e+00	-1.74967879e+00	-2.19781926e+00	1.15443626e-02
10000	10000	88	7.37536873e-06	1.00010000e+02	1.00000000e+03	7.37463127e-10	7.63775932e-11	3.21620661e-04	4.15794954e-04	7.59965160e-06	3.70643157e-04	2.04307849e-03	-2.03151738e+00	-1.27587937e+00	-1.74968262e+00	-2.20469478e+00	1.15062094e-02
10000	10000	89	7.37536873e-06	1.00010000e+02	1.00000000e+03	7.37463127e-10	7.63775933e-11	3.16661513e-04	4.09470910e-04	7.59959646e-06	3.64827851e-04	2.04290190e-03	-2.03826604e+00	-1.28253553e+00	-1.74968577e+00	-2.21156278e+00	1.14686718e-02
10000	10000	90	7.37536873e-06	1.00010000e+02	1.00000000e+03	7.37463127e-10	7.63775935e-11	3.11785424e-04	4.03252856e-04	7.59955117e-06	3.59109778e-04	2.04272819e-03	-2.04500552e+00	-1.28918113e+00	-1.74968836e+00	-2.21842354e+00	1.14317404e-02
10000	10000	91	7.37536873e-06	1.00010000e+02	1.00000000e+03	7.37463127e-10	7.63775936e-11	3.06990995e-04	3.97139218e-04	7.59951399e-06	3.53487061e-04	2.04255729e-03	-2.05173569e+00	-1.29581581e+00	-1.74969049e+00	-2.22527725e+00	1.13954057e-02
10000	10000	92	7.37536873e-06	1.00010000e+02	1.00000000e+03	7.37463127e-10	7.63775937e-11	3.02276872e-04	3.91128443e-04	7.59948346e-06	3.47957915e-04	2.04238917e-03	-2.05845640e+00	-1.30243919e+00	-1.74969223e+00	-2.23212405e+00	1.13596585e-02
10000	10000	93	7.37536873e-06	1.00010000e+02	1.00000000e+03	7.37463127e-10	7.63775939e-11	2.97641740e-04	3.85219000e-04	7.59945839e-06	3.42520636e-04	2.04222379e-03	-2.06516749e+00	-1.30905089e+00	-1.74969366e+00	-2.23896403e+00	1.13244895e-02
10000	10000	94	7.37536873e-06	1.00010000e+02	1.00000000e+03	7.37463127e-10	7.63775940e-11	2.93084320e-04	3.79409374e-04	7.59943780e-06	3.37173594e-04	2.04206109e-03	-2.07186874e+00	-1.31565053e+00	-1.74969484e+00	-2.24579721e+00	1.12898896e-02
10000	10000	95	7.37536873e-06	1.00010000e+02	1.00000000e+03	7.37463127e-10	7.63775942e-11	2.88603368e-04	3.73698074e-04	7.59942090e-06	3.31915216e-04	2.04190104e-03	-2.07855993e+00	-1.32223773e+00	-1.74969581e+00	-2.25262361e+00	1.12558499e-02
10000	10000	96	7.37536873e-06	1.00010000e+02	1.00000000e+03	7.37463127e-10	7.63775943e-11	2.84197666e-04	3.68083627e-04	7.59940700e-06	3.26743988e-04	2.04174360e-03	-2.08524082e+00	-1.32881209e+00	-1.74969660e+00	-2.25944316e+00	1.12223613e-02
10000	10000	97	7.37536873e-06	1.00010000e+02	1.00000000e+03	7.37463127e-10	7.63775945e-11	2.79866027e-04	3.62564582e-04	7.59939558e-06	3.21658441e-04	2.04158872e-03	-2.09191114e+00	-1.33537321e+00	-1.74969725e+00	-2.26625582e+00	1.11894153e-02
10000	10000	98	7.37536873e-06	1.00010000e+02	1.00000000e+03	7.37463127e-10	7.63775947e-11	2.75607289e-04	3.57139509e-04	7.59938617e-06	3.16657154e-04	2.04143635e-03	-2.09857062e+00	-1.34192069e+00	-1.74969779e+00	-2.27306147e+00	1.11570029e-02
10000	10000	99	7.37536873e-06	1.00010000e+02	1.00000000e+03	7.37463127e-10	7.63775948e-11	2.71420312e-04	3.51806998e-04	7.59937842e-06	3.11738741e-04	2.04128647e-03	-2.10521898e+00	-1.34845411e+00	-1.74969823e+00	-2.27985999e+00	1.11251159e-02
10000	10000	100	7.37536873e-06	1.00010000e+02	1.00000000e+03	7.37463127e-10	7.63775950e-11	2.67303981e-04	3.46565658e-04	7.59937201e-06	3.06901856e-04	2.04113903e-03	-2.11185590e+00	-1.35497306e+00	-1.74969860e+00	-2.28665126e+00	1.10937456e-02
10000	10000	101	7.37536873e-06	1.00010000e+02	1.00000000e+03	7.37463127e-10	7.63775951e-11	2.63257202e-04	3.41414121e-04	7.59936670e-06	3.02145181e-04	2.04099399e-03	-2.11848106e+00	-1.36147710e+00	-1.74969890e+00	-2.29343510e+00	1.10628836e-02
10000	10000	102	7.37536873e-06	1.00010000e+02	1.00000000e+03	7.37463127e-10	7.63775953e-11	2.59278901e-04	3.36351039e-04	7.59936229e-06	2.97467434e-04	2.04085130e-03	-2.12509415e+00	-1.36796581e+00	-1.74969916e+00	-2.30021134e+00	1.10325220e-02
10000	10000	103	7.37536873e-06	1.00010000e+02	1.00000000e+03	7.37463127e-10	7.63775955e-11	2.55368024e-04	3.31375081e-04	7.59935861e-06	2.92867357e-04	2.04071094e-03	-2.13169481e+00	-1.37443874e+00	-1.74969937e+00	-2.30697980e+00	1.10026525e-02
10000	10000	104	7.37536873e-06	1.00010000e+02	1.00000000e+03	7.37463127e-10	7.63775956e-11	2.51523536e-04	3.26484940e-04	7.59935552e-06	2.88343721e-04	2.04057287e-03	-2.13828269e+00	-1.38089543e+00	-1.74969954e+00	-2.31374027e+00	1.09732672e-02
10000	10000	105	7.37536873e-06	1.00010000e+02	1.00000000e+03	7.37463127e-10	7.63775958e-11	2.47744420e-04	3.21679328e-04	7.59935291e-06	2.83895319e-04	2.04043704e-03	-2.14485744e+00	-1.38733543e+00	-1.74969969e+00	-2.32049254e+00	1.09443583e-02
10000	10000	106	7.37536873e-06	1.00010000e+02	1.00000000e+03	7.37463127e-10	7.63775959e-11	2.44029675e-04	3.16956975e-04	7.59935070e-06	2.79520972e-04	2.04030343e-03	-2.15141868e+00	-1.39375827e+00	-1.74969982e+00	-2.32723637e+00	1.09159180e-02
10000	10000	107	7.37536873e-06	1.00010000e+02	1.00000000e+03	7.37463127e-10	7.63775961e-11	2.40378321e-04	3.12316631e-04	7.59934879e-06	2.75219518e-04	2.04017199e-03	-2.15796603e+00	-1.40016347e+00	-1.74969993e+00	-2.33397154e+00	1.08879386e-02
10000	10000	108	7.37536873e-06	1.00010000e+02	1.00000000e+03	7.37463127e-10	7.63775963e-11	2.36789390e-04	3.07757067e-04	7.59934715e-06	2.70989822e-04	2.04004268e-03	-2.16449908e+00	-1.40655055e+00	-1.74970002e+00	-2.34069779e+00	1.08604128e-02
10000	10000	109	7.37536873e-06	1.00010000e+02	1.00000000e+03	7.37463127e-10	7.63775964e-11	2.33261934e-04	3.03277071e-04	7.59934571e-06	2.66830765e-04	2.03991548e-03	-2.17101745e+00	-1.41291901e+00	-1.74970010e+00	-2.34741487e+00	1.08333331e-02
10000	10000	110	7.37536873e-06	1.00010000e+02	1.00000000e+03	7.37463127e-10	7.63775966e-11	2.29795017e-04	2.98875450e-04	7.59934444e-06	2.62741251e-04	2.03979035e-03	-2.17752072e+00	-1.41926834e+00	-1.74970018e+00	-2.35412251e+00	1.08066922e-02
10000	10000	111	7.37536873e-06	1.00010000e+02	1.00000000e+03	7.37463127e-10	7.63775967e-11	2.26387723e-04	2.94551031e-04	7.59934330e-06	2.58720203e-04	2.03966726e-03	-2.18400845e+00	-1.42559804e+00	-1.74970024e+00	-2.36082043e+00	1.07804831e-02
10000	10000	112	7.37536873e-06	1.00010000e+02	1.00000000e+03	7.37463127e-10	7.63775969e-11	2.23039147e-04	2.90302657e-04	7.59934227e-06	2.54766560e-04	2.03954616e-03	-2.19048023e+00	-1.43190757e+00	-1.74970030e+00	-2.36750835e+00	1.07546987e-02
10000	10000	113	7.37536873e-06	1.00010000e+02	1.00000000e+03	7.37463127e-10	7.63775970e-11	2.19748400e-04	2.86129191e-04	7.59934132e-06	2.50879282e-04	2.03942704e-03	-2.19693560e+00	-1.43819642e+00	-1.74970035e+00	-2.37418597e+00	1.07293320e-02
10000	10000	114	7.37536873e-06	1.00010000e+02	1.00000000e+03	7.37463127e-10	7.63775972e-11	2.16514609e-04	2.82029512e-04	7.59934044e-06	2.47057346e-04	2.03930985e-03	-2.20337412e+00	-1.44446403e+00	-1.74970040e+00	-2.38085300e+00	1.07043764e-02
10000	10000	115	7.37536873e-06	1.00010000e+02	1.00000000e+03	7.37463127e-10	7.63775973e-11	2.13336913e-04	2.78002517e-04	7.59933962e-06	2.43299745e-04	2.03919457e-03	-2.20979532e+00	-1.45070986e+00	-1.74970045e+00	-2.38750912e+00	1.06798249e-02
10000	10000	116	7.37536873e-06	1.00010000e+02	1.00000000e+03	7.37463127e-10	7.63775974e-11	2.10214466e-04	2.74047121e-04	7.59933885e-06	2.39605490e-04	2.03908116e-03	-2.21619872e+00	-1.45693334e+00	-1.74970050e+00	-2.39415400e+00	1.06556711e-02
10000	10000	117	7.37536873e-06	1.00010000e+02	1.00000000e+03	7.37463127e-10	7.63775976e-11	2.07146435e-04	2.70162254e-04	7.59933811e-06	2.35973608e-04	2.03896960e-03	-2.22258386e+00	-1.46313391e+00	-1.74970054e+00	-2.40078734e+00	1.06319085e-02
10000	10000	118	7.37536873e-06	1.00010000e+02	1.00000000e+03	7.37463127e-10	7.63775977e-11	2.04132002e-04	2.66346864e-04	7.59933740e-06	2.32403143e-04	2.03885984e-03	-2.22895023e+00	-1.46931100e+00	-1.74970058e+00	-2.40740877e+00	1.06085306e-02
10000	10000	119	7.37536873e-06	1.00010000e+02	1.00000000e+03	7.37463127e-10	7.63775979e-11	2.01170359e-04	2.62599915e-04	7.59933671e-06	2.28893152e-04	2.03875187e-03	-2.23529733e+00	-1.47546400e+00	-1.74970062e+00	-2.41401797e+00	1.05855313e-02
10000	10000	120	7.37536873e-06	1.00010000e+02	1.00000000e+03	7.37463127e-10	7.63775980e-11	1.98260714e-04	2.58920386e-04	7.59933605e-06	2.25442712e-04	2.03864565e-03	-2.24162466e+00	-1.48159234e+00	-1.74970066e+00	-2.42061457e+00	1.05629043e-02
10000	10000	121	7.37536873e-06	1.00010000e+02	1.00000000e+03	7.37463127e-10	7.63775981e-11	1.95402286e-04	2.55307273e-04	7.59933540e-06	2.22050910e-04	2.03854116e-03	-2.24793168e+00	-1.48769540e+00	-1.74970069e+00	-2.42719821e+00	1.05406435e-02
10000	10000	122	7.37536873e-06	1.00010000e+02	1.00000000e+03	7.37463127e-10	7.63775983e-11	1.92594307e-04	2.51759587e-04	7.59933476e-06	2.18716852e-04	2.03843836e-03	-2.25421788e+00	-1.49377257e+00	-1.74970073e+00	-2.43376852e+00	1.05187431e-02
10000	10000	123	7.37536873e-06	1.00010000e+02	1.00000000e+03	7.37463127e-10	7.63775984e-11	1.89836020e-04	2.48276354e-04	7.59933414e-06	2.15439657e-04	2.03833724e-03	-2.26048270e+00	-1.49982323e+00	-1.74970076e+00	-2.44032512e+00	1.04971970e-02
10000	10000	124	7.37536873e-06	1.00010000e+02	1.00000000e+03	7.37463127e-10	7.63775985e-11	1.87126682e-04	2.44856613e-04	7.59933352e-06	2.12218458e-04	2.03823775e-03	-2.26672561e+00	-1.50584675e+00	-1.74970080e+00	-2.44686761e+00	1.04759995e-02
10000	10000	125	7.37536873e-06	1.00010000e+02	1.00000000e+03	7.37463127e-10	7.63775986e-11	1.84465559e-04	2.41499421e-04	7.59933292e-06	2.09052403e-04	2.03813988e-03	-2.27294603e+00	-1.51184249e+00	-1.74970083e+00	-2.45339560e+00	1.04551450e-02
10000	10000	126	7.37536873e-06	1.00010000e+02	1.00000000e+03	7.37463127e-10	7.63775988e-11	1.81851932e-04	2.38203847e-04	7.59933232e-06	2.05940654e-04	2.03804359e-03	-2.27914340e+00	-1.51780981e+00	-1.74970087e+00	-2.45990868e+00	1.04346278e-02
10000	10000	127	7.37536873e-06	1.00010000e+02	1.00000000e+03	7.37463127e-10	7.63775989e-11	1.79285090e-04	2.34968973e-04	7.59933173e-06	2.02882384e-04	2.03794887e-03	-2.28531715e+00	-1.52374807e+00	-1.74970090e+00	-2.46640643e+00	1.04144425e-02
10000	10000	128	7.37536873e-06	1.00010000e+02	1.00000000e+03	7.37463127e-10	7.63775990e-11	1.76764334e-04	2.31793898e-04	7.59933115e-06	1.99876783e-04	2.03785568e-03	-2.29146668e+00	-1.52965659e+00	-1.74970094e+00	-2.47288842e+00	1.03945836e-02
10000	10000	129	7.37536873e-06	1.00010000e+02	1.00000000e+03	7.37463127e-10	7.63775991e-11	1.74288977e-04	2.28677731e-04	7.59933057e-06	1.96923052e-04	2.03776401e-03	-2.29759140e+00	-1.53553471e+00	-1.74970097e+00	-2.47935421e+00	1.03750458e-02
10000	10000	130	7.37536873e-06	1.00010000e+02	1.00000000e+03	7.37463127e-10	7.63775993e-11	1.71858342e-04	2.25619595e-04	7.59933000e-06	1.94020406e-04	2.03767382e-03	-2.30369071e+00	-1.54138177e+00	-1.74970100e+00	-2.48580336e+00	1.03558238e-02
10000	10000	131	7.37536873e-06	1.00010000e+02	1.00000000e+03	7.37463127e-10	7.63775994e-11	1.69471762e-04	2.22618627e-04	7.59932944e-06	1.91168071e-04	2.03758509e-03	-2.30976398e+00	-1.54719709e+00	-1.74970103e+00	-2.49223541e+00	1.03369126e-02
10000	10000	132	7.37536873e-06	1.00010000e+02	1.00000000e+03	7.37463127e-10	7.63775995e-11	1.67128580e-04	2.19673976e-04	7.59932889e-06	1.88365287e-04	2.03749780e-03	-2.31581060e+00	-1.55297998e+00	-1.74970106e+00	-2.49864990e+00	1.03183070e-02
10000	10000	133	7.37536873e-06	1.00010000e+02	1.00000000e+03	7.37463127e-10	7.63775996e-11	1.64828150e-04	2.16784802e-04	7.59932834e-06	1.85611307e-04	2.03741192e-03	-2.32182994e+00	-1.55872975e+00	-1.74970110e+00	-2.50504634e+00	1.03000021e-02
10000	10000	134	7.37536873e-06	1.00010000e+02	1.00000000e+03	7.37463127e-10	7.63775997e-11	1.62569835e-04	2.13950278e-04	7.59932780e-06	1.82905393e-04	2.03732744e-03	-2.32782136e+00	-1.56444573e+00	-1.74970113e+00	-2.51142426e+00	1.02819930e-02
10000	10000	135	7.37536873e-06	1.00010000e+02	1.00000000e+03	7.37463127e-10	7.63775998e-11	1.60353009e-04	2.11169590e-04	7.59932727e-06	1.80246821e-04	2.03724432e-03	-2.33378421e+00	-1.57012721e+00	-1.74970116e+00	-2.51778316e+00	1.02642749e-02
10000	10000	136	7.37536873e-06	1.00010000e+02	1.00000000e+03	7.37463127e-10	7.63775999e-11	1.58177052e-04	2.08441933e-04	7.59932674e-06	1.77634879e-04	2.03716255e-03	-2.33971784e+00	-1.57577349e+00	-1.74970119e+00	-2.52412252e+00	1.02468429e-02
10000	10000	137	7.37536873e-06	1.00010000e+02	1.00000000e+03	7.37463127e-10	7.63776000e-11	1.56041358e-04	2.05766515e-04	7.59932622e-06	1.75068866e-04	2.03708211e-03	-2.34562160e+00	-1.58138388e+00	-1.74970122e+00	-2.53044185e+00	1.02296926e-02
10000	10000	138	7.37536873e-06	1.00010000e+02	1.00000000e+03	7.37463127e-10	7.63776001e-11	1.53945326e-04	2.03142554e-04	7.59932571e-06	1.72548090e-04	2.03700296e-03	-2.35149481e+00	-1.58695768e+00	-1.74970125e+00	-2.53674061e+00	1.02128192e-02
10000	10000	139	7.37536873e-06	1.00010000e+02	1.00000000e+03	7.37463127e-10	7.63776002e-11	1.51888367e-04	2.00569279e-04	7.59932521e-06	1.70071874e-04	2.03692510e-03	-2.35733681e+00	-1.59249417e+00	-1.74970128e+00	-2.54301827e+00	1.01962183e-02
10000	10000	140	7.37536873e-06	1.00010000e+02	1.00000000e+03	7.37463127e-10	7.63776003e-11	1.49869897e-04	1.98045930e-04	7.59932471e-06	1.67639547e-04	2.03684850e-03	-2.36314692e+00	-1.59799266e+00	-1.74970130e+00	-2.54927429e+00	1.01798854e-02
10000	10000	141	7.37536873e-06	1.00010000e+02	1.00000000e+03	7.37463127e-10	7.63776004e-11	1.47889343e-04	1.95571755e-04	7.59932422e-06	1.65250454e-04	2.03677313e-03	-2.36892444e+00	-1.60345245e+00	-1.74970133e+00	-2.55550811e+00	1.01638162e-02
10000	10000	142	7.37536873e-06	1.00010000e+02	1.00000000e+03	7.37463127e-10	7.63776005e-11	1.45946141e-04	1.93146015e-04	7.59932373e-06	1.62903945e-04	2.03669899e-03	-2.37466871e+00	-1.60887283e+00	-1.74970136e+00	-2.56171917e+00	1.01480064e-02
10000	10000	143	7.37536873e-06	1.00010000e+02	1.00000000e+03	7.37463127e-10	7.63776006e-11	1.44039733e-04	1.90767979e-04	7.59932326e-06	1.60599384e-04	2.03662604e-03	-2.38037902e+00	-1.61425311e+00	-1.74970139e+00	-2.56790689e+00	1.01324518e-02
10000	10000	144	7.37536873e-06	1.00010000e+02	1.00000000e+03	7.37463127e-10	7.63776007e-11	1.42169569e-04	1.88436926e-04	7.59932279e-06	1.58336144e-04	2.03655428e-03	-2.38605468e+00	-1.61959257e+00	-1.74970141e+00	-2.57407071e+00	1.01171481e-02
10000	10000	145	7.37536873e-06	1.00010000e+02	1.00000000e+03	7.37463127e-10	7.63776008e-11	1.40335109e-04	1.86152143e-04	7.59932233e-06	1.56113607e-04	2.03648367e-03	-2.39169499e+00	-1.62489054e+00	-1.74970144e+00	-2.58021001e+00	1.01020915e-02
10000	10000	146	7.37536873e-06	1.00010000e+02	1.00000000e+03	7.37463127e-10	7.63776009e-11	1.38535818e-04	1.83912929e-04	7.59932188e-06	1.53931165e-04	2.03641421e-03	-2.39729925e+00	-1.63014632e+00	-1.74970147e+00	-2.58632421e+00	1.00872777e-02
10000	10000	147	7.37536873e-06	1.00010000e+02	1.00000000e+03	7.37463127e-10	7.63776010e-11	1.36771169e-04	1.81718587e-04	7.59932143e-06	1.51788219e-04	2.03634587e-03	-2.40286676e+00	-1.63535923e+00	-1.74970149e+00	-2.59241270e+00	1.00727030e-02
10000	10000	148	7.37536873e-06	1.00010000e+02	1.00000000e+03	7.37463127e-10	7.63776011e-11	1.35040643e-04	1.79568434e-04	7.59932099e-06	1.49684181e-04	2.03627864e-03	-2.40839682e+00	-1.64052859e+00	-1.74970152e+00	-2.59847487e+00	1.00583634e-02
10000	10000	149	7.37536873e-06	1.00010000e+02	1.00000000e+03	7.37463127e-10	7.63776012e-11	1.33343729e-04	1.77461792e-04	7.59932056e-06	1.47618470e-04	2.03621249e-03	-2.41388873e+00	-1.64565372e+00	-1.74970154e+00	-2.60451007e+00	1.00442550e-02
10000	10000	150	7.37536873e-06	1.00010000e+02	1.00000000e+03	7.37463127e-10	7.63776013e-11	1.31679919e-04	1.75397991e-04	7.59932014e-06	1.45590514e-04	2.03614741e-03	-2.41934177e+00	-1.65073397e+00	-1.74970156e+00	-2.61051769e+00	1.00303742e-02
10000	10000	151	7.37536873e-06	1.00010000e+02	1.00000000e+03	7.37463127e-10	7.63776013e-11	1.30048715e-04	1.73376372e-04	7.59931972e-06	1.43599752e-04	2.03608338e-03	-2.42475526e+00	-1.65576867e+00	-1.74970159e+00	-2.61649708e+00	1.00167172e-02
10000	10000	152	7.37536873e-06	1.00010000e+02	1.00000000e+03	7.37463127e-10	7.63776014e-11	1.28449625e-04	1.71396280e-04	7.59931931e-06	1.41645628e-04	2.03602038e-03	-2.43012848e+00	-1.66075719e+00	-1.74970161e+00	-2.62244759e+00	1.00032804e-02
10000	10000	153	7.37536873e-06	1.00010000e+02	1.00000000e+03	7.37463127e-10	7.63776015e-11	1.26882163e-04	1.69457070e-04	7.59931891e-06	1.39727598e-04	2.03595841e-03	-2.43546075e+00	-1.66569889e+00	-1.74970164e+00	-2.62836858e+00	9.99006025e-03
10000	10000	154	7.37536873e-06	1.00010000e+02	1.00000000e+03	7.37463127e-10	7.63776016e-11	1.25345849e-04	1.67558104e-04	7.59931851e-06	1.37845122e-04	2.03589743e-03	-2.44075137e+00	-1.67059315e+00	-1.74970166e+00	-2.63425937e+00	9.97705318e-03
10000	10000	155	7.37536873e-06	1.00010000e+02	1.00000000e+03	7.37463127e-10	7.63776017e-11	1.23840210e-04	1.65698751e-04	7.59931812e-06	1.35997673e-04	2.03583744e-03	-2.44599964e+00	-1.67543935e+00	-1.74970168e+00	-2.64011929e+00	9.96425580e-03
10000	10000	156	7.37536873e-06	1.00010000e+02	1.00000000e+03	7.37463127e-10	7.63776017e-11	1.22364777e-04	1.63878387e-04	7.59931774e-06	1.34184727e-04	2.03577842e-03	-2.45120490e+00	-1.68023690e+00	-1.74970170e+00	-2.64594768e+00	9.95166469e-03
10000	10000	157	7.37536873e-06	1.00010000e+02	1.00000000e+03	7.37463127e-10	7.63776018e-11	1.20919090e-04	1.62096395e-04	7.59931736e-06	1.32405770e-04	2.03572035e-03	-2.45636645e+00	-1.68498523e+00	-1.74970172e+00	-2.65174386e+00	9.93927648e-03
10000	10000	158	7.37536873e-06	1.00010000e+02	1.00000000e+03	7.37463127e-10	7.63776019e-11	1.19502691e-04	1.60352165e-04	7.59931699e-06	1.30660295e-04	2.03566322e-03	-2.46148364e+00	-1.68968376e+00	-1.74970174e+00	-2.65750713e+00	9.92708786e-03
10000	10000	159	7.37536873e-06	1.00010000e+02	1.00000000e+03	7.37463127e-10	7.63776020e-11	1.18115129e-04	1.58645093e-04	7.59931663e-06	1.28947804e-04	2.03560701e-03	-2.46655579e+00	-1.69433194e+00	-1.74970177e+00	-2.66323682e+00	9.91509565e-03
10000	10000	160	7.37536873e-06	1.00010000e+02	1.00000000e+03	7.37463127e-10	7.63776020e-11	1.16755960e-04	1.56974583e-04	7.59931627e-06	1.27267803e-04	2.03555170e-03	-2.47158226e+00	-1.69892925e+00	-1.74970179e+00	-2.66893222e+00	9.90329664e-03
10000	10000	161	7.37536873e-06	1.00010000e+02	1.00000000e+03	7.37463127e-10	7.63776021e-11	1.15424743e-04	1.55340043e-04	7.59931592e-06	1.25619806e-04	2.03549729e-03	-2.47656241e+00	-1.70347516e+00	-1.74970181e+00	-2.67459265e+00	9.89168773e-03
10000	10000	162	7.37536873e-06	1.00010000e+02	1.00000000e+03	7.37463127e-10	7.63776022e-11	1.14121044e-04	1.53740889e-04	7.59931558e-06	1.24003336e-04	2.03544376e-03	-2.48149559e+00	-1.70796920e+00	-1.74970183e+00	-2.68021740e+00	9.88026578e-03
10000	10000	163	7.37536873e-06	1.00010000e+02	1.00000000e+03	7.37463127e-10	7.63776023e-11	1.12844431e-04	1.52176542e-04	7.59931524e-06	1.22417920e-04	2.03539109e-03	-2.48638119e+00	-1.71241087e+00	-1.74970184e+00	-2.68580577e+00	9.86902783e-03
10000	10000	164	7.37536873e-06	1.00010000e+02	1.00000000e+03	7.37463127e-10	7.63776023e-11	1.11594480e-04	1.50646431e-04	7.59931491e-06	1.20863093e-04	2.03533927e-03	-2.49121861e+00	-1.71679974e+00	-1.74970186e+00	-2.69135707e+00	9.85797088e-03
10000	10000	165	7.37536873e-06	1.00010000e+02	1.00000000e+03	7.37463127e-10	7.63776024e-11	1.10370770e-04	1.49149987e-04	7.59931458e-06	1.19338395e-04	2.03528829e-03	-2.49600725e+00	-1.72113536e+00	-1.74970188e+00	-2.69687058e+00	9.84709193e-03
10000	10000	166	7.37536873e-06	1.00010000e+02	1.00000000e+03	7.37463127e-10	7.63776025e-11	1.09172887e-04	1.47686651e-04	7.59931426e-06	1.17843374e-04	2.03523812e-03	-2.50074653e+00	-1.72541734e+00	-1.74970190e+00	-2.70234560e+00	9.83638818e-03
10000	10000	167	7.37536873e-06	1.00010000e+02	1.00000000e+03	7.37463127e-10	7.63776025e-11	1.08000417e-04	1.46255868e-04	7.59931395e-06	1.16377583e-04	2.03518877e-03	-2.50543589e+00	-1.72964529e+00	-1.74970192e+00	-2.70778144e+00	9.82585680e-03
10000	10000	168	7.37536873e-06	1.00010000e+02	1.00000000e+03	7.37463127e-10	7.63776026e-11	1.06852955e-04	1.44857087e-04	7.59931364e-06	1.14940580e-04	2.03514022e-03	-2.51007479e+00	-1.73381884e+00	-1.74970194e+00	-2.71317739e+00	9.81549496e-03
10000	10000	169	7.37536873e-06	1.00010000e+02	1.00000000e+03	7.37463127e-10	7.63776027e-11	1.05730098e-04	1.43489764e-04	7.59931334e-06	1.13531930e-04	2.03509244e-03	-2.51466269e+00	-1.73793766e+00	-1.74970195e+00	-2.71853275e+00	9.80529986e-03
10000	10000	170	7.37536873e-06	1.00010000e+02	1.00000000e+03	7.37463127e-10	7.63776027e-11	1.04631449e-04	1.42153361e-04	7.59931304e-06	1.12151204e-04	2.03504544e-03	-2.51919908e+00	-1.74200145e+00	-1.74970197e+00	-2.72384683e+00	9.79526895e-03
10000	10000	171	7.37536873e-06	1.00010000e+02	1.00000000e+03	7.37463127e-10	7.63776028e-11	1.03556612e-04	1.40847345e-04	7.59931275e-06	1.10797978e-04	2.03499919e-03	-2.52368349e+00	-1.74600992e+00	-1.74970199e+00	-2.72911894e+00	9.78539943e-03
10000	10000	172	7.37536873e-06	1.00010000e+02	1.00000000e+03	7.37463127e-10	7.63776028e-11	1.02505199e-04	1.39571186e-04	7.59931246e-06	1.09471832e-04	2.03495369e-03	-2.52811543e+00	-1.74996281e+00	-1.74970200e+00	-2.73434838e+00	9.77568879e-03
10000	10000	173	7.37536873e-06	1.00010000e+02	1.00000000e+03	7.37463127e-10	7.63776029e-11	1.01476823e-04	1.38324363e-04	7.59931218e-06	1.08172353e-04	2.03490892e-03	-2.53249446e+00	-1.75385990e+00	-1.74970202e+00	-2.73953449e+00	9.76613445e-03
10000	10000	174	7.37536873e-06	1.00010000e+02	1.00000000e+03	7.37463127e-10	7.63776030e-11	1.00471103e-04	1.37106358e-04	7.59931190e-06	1.06899133e-04	2.03486487e-03	-2.53682015e+00	-1.75770099e+00	-1.74970204e+00	-2.74467659e+00	9.75673380e-03
10000	10000	175	7.37536873e-06	1.00010000e+02	1.00000000e+03	7.37463127e-10	7.63776030e-11	9.94876600e-05	1.35916658e-04	7.59931163e-06	1.05651767e-04	2.03482154e-03	-2.54109211e+00	-1.76148590e+00	-1.74970205e+00	-2.74977400e+00	9.74748446e-03
10000	10000	176	7.37536873e-06	1.00010000e+02	1.00000000e+03	7.37463127e-10	7.63776031e-11	9.85261203e-05	1.34754756e-04	7.59931136e-06	1.04429858e-04	2.03477890e-03	-2.54530994e+00	-1.76521448e+00	-1.74970207e+00	-2.75482608e+00	9.73838388e-03
10000	10000	177	7.37536873e-06	1.00010000e+02	1.00000000e+03	7.37463127e-10	7.63776031e-11	9.75861135e-05	1.33620150e-04	7.59931110e-06	1.03233011e-04	2.03473695e-03	-2.54947330e+00	-1.76888663e+00	-1.74970208e+00	-2.75983217e+00	9.72942973e-03
10000	10000	178	7.37536873e-06	1.00010000e+02	1.00000000e+03	7.37463127e-10	7.63776032e-11	9.66672727e-05	1.32512342e-04	7.59931085e-06	1.02060838e-04	2.03469567e-03	-2.55358186e+00	-1.77250226e+00	-1.74970210e+00	-2.76479164e+00	9.72061964e-03
10000	10000	179	7.37536873e-06	1.00010000e+02	1.00000000e+03	7.37463127e-10	7.63776032e-11	9.57692350e-05	1.31430840e-04	7.59931059e-06	1.00912952e-04	2.03465506e-03	-2.55763531e+00	-1.77606130e+00	-1.74970211e+00	-2.76970386e+00	9.71195127e-03
10000	10000	180	7.37536873e-06	1.00010000e+02	1.00000000e+03	7.37463127e-10	7.63776033e-11	9.48916407e-05	1.30375157e-04	7.59931034e-06	9.97889740e-05	2.03461510e-03	-2.56163337e+00	-1.77956374e+00	-1.74970212e+00	-2.77456821e+00	9.70342232e-03
10000	10000	181	7.37536873e-06	1.00010000e+02	1.00000000e+03	7.37463127e-10	7.63776033e-11	9.40341340e-05	1.29344811e-04	7.59931010e-06	9.86885275e-05	2.03457579e-03	-2.56557579e+00	-1.78300957e+00	-1.74970214e+00	-2.77938410e+00	9.69503053e-03
10000	10000	182	7.37536873e-06	1.00010000e+02	1.00000000e+03	7.37463127e-10	7.63776034e-11	9.31963626e-05	1.28339324e-04	7.59930986e-06	9.76112407e-05	2.03453711e-03	-2.56946236e+00	-1.78639884e+00	-1.74970215e+00	-2.78415094e+00	9.68677373e-03
10000	10000	183	7.37536873e-06	1.00010000e+02	1.00000000e+03	7.37463127e-10	7.63776034e-11	9.23779776e-05	1.27358226e-04	7.59930963e-06	9.65567456e-05	2.03449905e-03	-2.57329287e+00	-1.78973159e+00	-1.74970217e+00	-2.78886815e+00	9.67864972e-03
10000	10000	184	7.37536873e-06	1.00010000e+02	1.00000000e+03	7.37463127e-10	7.63776035e-11	9.15786336e-05	1.26401047e-04	7.59930939e-06	9.55246784e-05	2.03446160e-03	-2.57706716e+00	-1.79300791e+00	-1.74970218e+00	-2.79353519e+00	9.67065629e-03
10000	10000	185	7.37536873e-06	1.00010000e+02	1.00000000e+03	7.37463127e-10	7.63776035e-11	9.07979886e-05	1.25467327e-04	7.59930917e-06	9.45146792e-05	2.03442476e-03	-2.58078510e+00	-1.79622794e+00	-1.74970219e+00	-2.79815151e+00	9.66279144e-03
10000	10000	186	7.37536873e-06	1.00010000e+02	1.00000000e+03	7.37463127e-10	7.63776036e-11	9.00357041e-05	1.24556608e-04	7.59930894e-06	9.35263919e-05	2.03438851e-03	-2.58444656e+00	-1.79939181e+00	-1.74970220e+00	-2.80271659e+00	9.65505305e-03
10000	10000	187	7.37536873e-06	1.00010000e+02	1.00000000e+03	7.37463127e-10	7.63776036e-11	8.92914452e-05	1.23668438e-04	7.59930873e-06	9.25594642e-05	2.03435284e-03	-2.58805147e+00	-1.80249971e+00	-1.74970222e+00	-2.80722994e+00	9.64743903e-03
10000	10000	188	7.37536873e-06	1.00010000e+02	1.00000000e+03	7.37463127e-10	7.63776037e-11	8.85648800e-05	1.22802371e-04	7.59930851e-06	9.16135474e-05	2.03431775e-03	-2.59159978e+00	-1.80555183e+00	-1.74970223e+00	-2.81169107e+00	9.63994745e-03
10000	10000	189	7.37536873e-06	1.00010000e+02	1.00000000e+03	7.37463127e-10	7.63776037e-11	8.78556803e-05	1.21957964e-04	7.59930830e-06	9.06882967e-05	2.03428322e-03	-2.59509148e+00	-1.80854842e+00	-1.74970224e+00	-2.81609952e+00	9.63257626e-03
10000	10000	190	7.37536873e-06	1.00010000e+02	1.00000000e+03	7.37463127e-10	7.63776038e-11	8.71635212e-05	1.21134781e-04	7.59930809e-06	8.97833704e-05	2.03424925e-03	-2.59852656e+00	-1.81148973e+00	-1.74970225e+00	-2.82045487e+00	9.62532356e-03
10000	10000	191	7.37536873e-06	1.00010000e+02	1.00000000e+03	7.37463127e-10	7.63776038e-11	8.64880812e-05	1.20332390e-04	7.59930789e-06	8.88984306e-05	2.03421583e-03	-2.60190506e+00	-1.81437604e+00	-1.74970226e+00	-2.82475668e+00	9.61818749e-03
10000	10000	192	7.37536873e-06	1.00010000e+02	1.00000000e+03	7.37463127e-10	7.63776039e-11	8.58290421e-05	1.19550365e-04	7.59930769e-06	8.80331428e-05	2.03418294e-03	-2.60522706e+00	-1.81720768e+00	-1.74970228e+00	-2.82900456e+00	9.61116607e-03
10000	10000	193	7.37536873e-06	1.00010000e+02	1.00000000e+03	7.37463127e-10	7.63776039e-11	8.51860893e-05	1.18788284e-04	7.59930749e-06	8.71871758e-05	2.03415058e-03	-2.60849264e+00	-1.81998498e+00	-1.74970229e+00	-2.83319816e+00	9.60425748e-03
10000	10000	194	7.37536873e-06	1.00010000e+02	1.00000000e+03	7.37463127e-10	7.63776039e-11	8.45589113e-05	1.18045731e-04	7.59930730e-06	8.63602016e-05	2.03411874e-03	-2.61170194e+00	-1.82270830e+00	-1.74970230e+00	-2.83733712e+00	9.59745999e-03
10000	10000	195	7.37536873e-06	1.00010000e+02	1.00000000e+03	7.37463127e-10	7.63776040e-11	8.39472004e-05	1.17322295e-04	7.59930711e-06	8.55518959e-05	2.03408742e-03	-2.61485511e+00	-1.82537803e+00	-1.74970231e+00	-2.84142113e+00	9.59077168e-03
10000	10000	196	7.37536873e-06	1.00010000e+02	1.00000000e+03	7.37463127e-10	7.63776040e-11	8.33506518e-05	1.16617572e-04	7.59930692e-06	8.47619371e-05	2.03405659e-03	-2.61795232e+00	-1.82799459e+00	-1.74970232e+00	-2.84544990e+00	9.58419085e-03
10000	10000	197	7.37536873e-06	1.00010000e+02	1.00000000e+03	7.37463127e-10	7.63776041e-11	8.27689646e-05	1.15931159e-04	7.59930674e-06	8.39900072e-05	2.03402627e-03	-2.62099380e+00	-1.83055841e+00	-1.74970233e+00	-2.84942315e+00	9.57771575e-03
10000	10000	198	7.37536873e-06	1.00010000e+02	1.00000000e+03	7.37463127e-10	7.63776041e-11	8.22018411e-05	1.15262664e-04	7.59930656e-06	8.32357912e-05	2.03399643e-03	-2.62397978e+00	-1.83306993e+00	-1.74970234e+00	-2.85334066e+00	9.57134471e-03
10000	10000	199	7.37536873e-06	1.00010000e+02	1.00000000e+03	7.37463127e-10	7.63776041e-11	8.16489871e-05	1.14611695e-04	7.59930638e-06	8.24989772e-05	2.03396707e-03	-2.62691052e+00	-1.83552965e+00	-1.74970235e+00	-2.85720221e+00	9.56507601e-03
10000	10000	200	7.37536873e-06	1.00010000e+02	1.00000000e+03	7.37463127e-10	7.63776042e-11	8.11101118e-05	1.13977868e-04	7.59930621e-06	8.17792564e-05	2.03393818e-03	-2.62978632e+00	-1.83793805e+00	-1.74970236e+00	-2.86100761e+00	9.55890803e-03
10000	10000	201	7.37536873e-06	1.00010000e+02	1.00000000e+03	7.37463127e-10	7.63776042e-11	8.05849280e-05	1.13360806e-04	7.59930604e-06	8.10763232e-05	2.03390976e-03	-2.63260750e+00	-1.84029566e+00	-1.74970237e+00	-2.86475672e+00	9.55283913e-03
10000	10000	202	7.37536873e-06	1.00010000e+02	1.00000000e+03	7.37463127e-10	7.63776043e-11	8.00731520e-05	1.12760133e-04	7.59930587e-06	8.03898750e-05	2.03388179e-03	-2.63537440e+00	-1.84260301e+00	-1.74970238e+00	-2.86844942e+00	9.54686774e-03
10000	10000	203	7.37536873e-06	1.00010000e+02	1.00000000e+03	7.37463127e-10	7.63776043e-11	7.95745034e-05	1.12175482e-04	7.59930571e-06	7.97196122e-05	2.03385428e-03	-2.63808739e+00	-1.84486064e+00	-1.74970239e+00	-2.87208559e+00	9.54099221e-03
10000	10000	204	7.37536873e-06	1.00010000e+02	1.00000000e+03	7.37463127e-10	7.63776043e-11	7.90887057e-05	1.11606491e-04	7.59930555e-06	7.90652384e-05	2.03382721e-03	-2.64074685e+00	-1.84706913e+00	-1.74970240e+00	-2.87566519e+00	9.53521111e-03
10000	10000	205	7.37536873e-06	1.00010000e+02	1.00000000e+03	7.37463127e-10	7.63776044e-11	7.86154857e-05	1.11052801e-04	7.59930539e-06	7.84264599e-05	2.03380057e-03	-2.64335322e+00	-1.84922907e+00	-1.74970241e+00	-2.87918816e+00	9.52952286e-03
10000	10000	206	7.37536873e-06	1.00010000e+02	1.00000000e+03	7.37463127e-10	7.63776044e-11	7.81545737e-05	1.10514063e-04	7.59930523e-06	7.78029863e-05	2.03377436e-03	-2.64590692e+00	-1.85134104e+00	-1.74970242e+00	-2.88265450e+00	9.52392596e-03
10000	10000	207	7.37536873e-06	1.00010000e+02	1.00000000e+03	7.37463127e-10	7.63776044e-11	7.77057040e-05	1.09989928e-04	7.59930508e-06	7.71945302e-05	2.03374857e-03	-2.64840842e+00	-1.85340567e+00	-1.74970243e+00	-2.88606424e+00	9.51841894e-03
10000	10000	208	7.37536873e-06	1.00010000e+02	1.00000000e+03	7.37463127e-10	7.63776045e-11	7.72686140e-05	1.09480058e-04	7.59930493e-06	7.66008071e-05	2.03372319e-03	-2.65085820e+00	-1.85542357e+00	-1.74970243e+00	-2.88941742e+00	9.51300037e-03
10000	10000	209	7.37536873e-06	1.00010000e+02	1.00000000e+03	7.37463127e-10	7.63776045e-11	7.68430450e-05	1.08984115e-04	7.59930478e-06	7.60215355e-05	2.03369823e-03	-2.65325676e+00	-1.85739538e+00	-1.74970244e+00	-2.89271413e+00	9.50766880e-03
10000	10000	210	7.37536873e-06	1.00010000e+02	1.00000000e+03	7.37463127e-10	7.63776045e-11	7.64287420e-05	1.08501772e-04	7.59930463e-06	7.54564370e-05	2.03367366e-03	-2.65560461e+00	-1.85932175e+00	-1.74970245e+00	-2.89595448e+00	9.50242287e-03
10000	10000	211	7.37536873e-06	1.00010000e+02	1.00000000e+03	7.37463127e-10	7.63776046e-11	7.60254535e-05	1.08032703e-04	7.59930449e-06	7.49052363e-05	2.03364949e-03	-2.65790230e+00	-1.86120334e+00	-1.74970246e+00	-2.89913859e+00	9.49726116e-03
10000	10000	212	7.37536873e-06	1.00010000e+02	1.00000000e+03	7.37463127e-10	7.63776046e-11	7.56329318e-05	1.07576590e-04	7.59930435e-06	7.43676609e-05	2.03362571e-03	-2.66015039e+00	-1.86304081e+00	-1.74970247e+00	-2.90226665e+00	9.49218232e-03
10000	10000	213	7.37536873e-06	1.00010000e+02	1.00000000e+03	7.37463127e-10	7.63776046e-11	7.52509326e-05	1.07133120e-04	7.59930421e-06	7.38434415e-05	2.03360231e-03	-2.66234944e+00	-1.86483483e+00	-1.74970248e+00	-2.90533884e+00	9.48718503e-03
10000	10000	214	7.37536873e-06	1.00010000e+02	1.00000000e+03	7.37463127e-10	7.63776047e-11	7.48792158e-05	1.06701984e-04	7.59930408e-06	7.33323119e-05	2.03357928e-03	-2.66450004e+00	-1.86658609e+00	-1.74970248e+00	-2.90835539e+00	9.48226800e-03
10000	10000	215	7.37536873e-06	1.00010000e+02	1.00000000e+03	7.37463127e-10	7.63776047e-11	7.45175444e-05	1.06282882e-04	7.59930394e-06	7.28340088e-05	2.03355663e-03	-2.66660279e+00	-1.86829526e+00	-1.74970249e+00	-2.91131656e+00	9.47742986e-03
10000	10000	216	7.37536873e-06	1.00010000e+02	1.00000000e+03	7.37463127e-10	7.63776047e-11	7.41656856e-05	1.05875516e-04	7.59930381e-06	7.23482720e-05	2.03353434e-03	-2.66865831e+00	-1.86996304e+00	-1.74970250e+00	-2.91422261e+00	9.47266943e-03
10000	10000	217	7.37536873e-06	1.00010000e+02	1.00000000e+03	7.37463127e-10	7.63776047e-11	7.38234101e-05	1.05479595e-04	7.59930368e-06	7.18748446e-05	2.03351241e-03	-2.67066722e+00	-1.87159013e+00	-1.74970251e+00	-2.91707385e+00	9.46798540e-03
10000	10000	218	7.37536873e-06	1.00010000e+02	1.00000000e+03	7.37463127e-10	7.63776048e-11	7.34904923e-05	1.05094833e-04	7.59930356e-06	7.14134726e-05	2.03349083e-03	-2.67263017e+00	-1.87317722e+00	-1.74970251e+00	-2.91987062e+00	9.46337658e-03
10000	10000	219	7.37536873e-06	1.00010000e+02	1.00000000e+03	7.37463127e-10	7.63776048e-11	7.31667105e-05	1.04720950e-04	7.59930343e-06	7.09639051e-05	2.03346959e-03	-2.67454779e+00	-1.87472501e+00	-1.74970252e+00	-2.92261326e+00	9.45884171e-03
10000	10000	220	7.37536873e-06	1.00010000e+02	1.00000000e+03	7.37463127e-10	7.63776048e-11	7.28518463e-05	1.04357670e-04	7.59930331e-06	7.05258945e-05	2.03344870e-03	-2.67642076e+00	-1.87623421e+00	-1.74970253e+00	-2.92530217e+00	9.45437965e-03
10000	10000	221	7.37536873e-06	1.00010000e+02	1.00000000e+03	7.37463127e-10	7.63776049e-11	7.25456856e-05	1.04004725e-04	7.59930319e-06	7.00991962e-05	2.03342815e-03	-2.67824973e+00	-1.87770552e+00	-1.74970253e+00	-2.92793773e+00	9.44998924e-03
10000	10000	222	7.37536873e-06	1.00010000e+02	1.00000000e+03	7.37463127e-10	7.63776049e-11	7.22480176e-05	1.03661849e-04	7.59930307e-06	6.96835689e-05	2.03340792e-03	-2.68003539e+00	-1.87913963e+00	-1.74970254e+00	-2.93052038e+00	9.44566928e-03
10000	10000	223	7.37536873e-06	1.00010000e+02	1.00000000e+03	7.37463127e-10	7.63776049e-11	7.19586354e-05	1.03328784e-04	7.59930295e-06	6.92787744e-05	2.03338802e-03	-2.68177840e+00	-1.88053727e+00	-1.74970255e+00	-2.93305057e+00	9.44141862e-03
10000	10000	224	7.37536873e-06	1.00010000e+02	1.00000000e+03	7.37463127e-10	7.63776049e-11	7.16773356e-05	1.03005276e-04	7.59930284e-06	6.88845777e-05	2.03336843e-03	-2.68347947e+00	-1.88189912e+00	-1.74970255e+00	-2.93552877e+00	9.43723622e-03
10000	10000	225	7.37536873e-06	1.00010000e+02	1.00000000e+03	7.37463127e-10	7.63776050e-11	7.14039187e-05	1.02691076e-04	7.59930273e-06	6.85007470e-05	2.03334917e-03	-2.68513928e+00	-1.88322588e+00	-1.74970256e+00	-2.93795546e+00	9.43312090e-03
10000	10000	226	7.37536873e-06	1.00010000e+02	1.00000000e+03	7.37463127e-10	7.63776050e-11	7.11381889e-05	1.02385941e-04	7.59930262e-06	6.81270539e-05	2.03333021e-03	-2.68675852e+00	-1.88451826e+00	-1.74970257e+00	-2.94033116e+00	9.42907170e-03
10000	10000	227	7.37536873e-06	1.00010000e+02	1.00000000e+03	7.37463127e-10	7.63776050e-11	7.08799538e-05	1.02089632e-04	7.59930251e-06	6.77632729e-05	2.03331155e-03	-2.68833790e+00	-1.88577695e+00	-1.74970257e+00	-2.94265640e+00	9.42508740e-03
10000	10000	228	7.37536873e-06	1.00010000e+02	1.00000000e+03	7.37463127e-10	7.63776050e-11	7.06290250e-05	1.01801917e-04	7.59930240e-06	6.74091822e-05	2.03329320e-03	-2.68987811e+00	-1.88700263e+00	-1.74970258e+00	-2.94493171e+00	9.42116706e-03
10000	10000	229	7.37536873e-06	1.00010000e+02	1.00000000e+03	7.37463127e-10	7.63776051e-11	7.03852175e-05	1.01522567e-04	7.59930230e-06	6.70645628e-05	2.03327514e-03	-2.69137987e+00	-1.88819600e+00	-1.74970258e+00	-2.94715767e+00	9.41730966e-03
10000	10000	230	7.37536873e-06	1.00010000e+02	1.00000000e+03	7.37463127e-10	7.63776051e-11	7.01483499e-05	1.01251358e-04	7.59930220e-06	6.67291994e-05	2.03325737e-03	-2.69284386e+00	-1.88935773e+00	-1.74970259e+00	-2.94933486e+00	9.41351410e-03
10000	10000	231	7.37536873e-06	1.00010000e+02	1.00000000e+03	7.37463127e-10	7.63776051e-11	6.99182446e-05	1.00988073e-04	7.59930209e-06	6.64028797e-05	2.03323989e-03	-2.69427081e+00	-1.89048850e+00	-1.74970260e+00	-2.95146386e+00	9.40977948e-03
10000	10000	232	7.37536873e-06	1.00010000e+02	1.00000000e+03	7.37463127e-10	7.63776051e-11	6.96947273e-05	1.00732498e-04	7.59930199e-06	6.60853948e-05	2.03322268e-03	-2.69566140e+00	-1.89158898e+00	-1.74970260e+00	-2.95354528e+00	9.40610478e-03
10000	10000	233	7.37536873e-06	1.00010000e+02	1.00000000e+03	7.37463127e-10	7.63776052e-11	6.94776274e-05	1.00484425e-04	7.59930190e-06	6.57765391e-05	2.03320575e-03	-2.69701634e+00	-1.89265983e+00	-1.74970261e+00	-2.95557975e+00	9.40248901e-03
10000	10000	234	7.37536873e-06	1.00010000e+02	1.00000000e+03	7.37463127e-10	7.63776052e-11	6.92667778e-05	1.00243649e-04	7.59930180e-06	6.54761103e-05	2.03318910e-03	-2.69833634e+00	-1.89370172e+00	-1.74970261e+00	-2.95756790e+00	9.39893129e-03
10000	10000	235	7.37536873e-06	1.00010000e+02	1.00000000e+03	7.37463127e-10	7.63776052e-11	6.90620148e-05	1.00009971e-04	7.59930171e-06	6.51839094e-05	2.03317271e-03	-2.69962208e+00	-1.89471529e+00	-1.74970262e+00	-2.95951037e+00	9.39543062e-03
10000	10000	236	7.37536873e-06	1.00010000e+02	1.00000000e+03	7.37463127e-10	7.63776052e-11	6.88631782e-05	9.97831960e-05	7.59930161e-06	6.48997407e-05	2.03315658e-03	-2.70087426e+00	-1.89570117e+00	-1.74970262e+00	-2.96140781e+00	9.39198616e-03
10000	10000	237	7.37536873e-06	1.00010000e+02	1.00000000e+03	7.37463127e-10	7.63776052e-11	6.86701113e-05	9.95631349e-05	7.59930152e-06	6.46234118e-05	2.03314072e-03	-2.70209357e+00	-1.89666002e+00	-1.74970263e+00	-2.96326089e+00	9.38859690e-03
10000	10000	238	7.37536873e-06	1.00010000e+02	1.00000000e+03	7.37463127e-10	7.63776053e-11	6.84826607e-05	9.93496016e-05	7.59930143e-06	6.43547337e-05	2.03312511e-03	-2.70328070e+00	-1.89759245e+00	-1.74970263e+00	-2.96507027e+00	9.38526202e-03
10000	10000	239	7.37536873e-06	1.00010000e+02	1.00000000e+03	7.37463127e-10	7.63776053e-11	6.83006764e-05	9.91424149e-05	7.59930134e-06	6.40935205e-05	2.03310974e-03	-2.70443632e+00	-1.89849909e+00	-1.74970264e+00	-2.96683664e+00	9.38198065e-03
10000	10000	240	7.37536873e-06	1.00010000e+02	1.00000000e+03	7.37463127e-10	7.63776053e-11	6.81240115e-05	9.89413979e-05	7.59930126e-06	6.38395898e-05	2.03309463e-03	-2.70556111e+00	-1.89938054e+00	-1.74970264e+00	-2.96856068e+00	9.37875194e-03
10000	10000	241	7.37536873e-06	1.00010000e+02	1.00000000e+03	7.37463127e-10	7.63776053e-11	6.79525227e-05	9.87463782e-05	7.59930117e-06	6.35927625e-05	2.03307976e-03	-2.70665574e+00	-1.90023741e+00	-1.74970265e+00	-2.97024308e+00	9.37557497e-03
10000	10000	242	7.37536873e-06	1.00010000e+02	1.00000000e+03	7.37463127e-10	7.63776053e-11	6.77860697e-05	9.85571873e-05	7.59930109e-06	6.33528625e-05	2.03306512e-03	-2.70772087e+00	-1.90107028e+00	-1.74970265e+00	-2.97188453e+00	9.37244902e-03
10000	10000	243	7.37536873e-06	1.00010000e+02	1.00000000e+03	7.37463127e-10	7.63776054e-11	6.76245155e-05	9.83736611e-05	7.59930101e-06	6.31197173e-05	2.03305072e-03	-2.70875716e+00	-1.90187975e+00	-1.74970266e+00	-2.97348572e+00	9.36937314e-03
10000	10000	244	7.37536873e-06	1.00010000e+02	1.00000000e+03	7.37463127e-10	7.63776054e-11	6.74677262e-05	9.81956395e-05	7.59930092e-06	6.28931574e-05	2.03303656e-03	-2.70976525e+00	-1.90266638e+00	-1.74970266e+00	-2.97504737e+00	9.36634667e-03
10000	10000	245	7.37536873e-06	1.00010000e+02	1.00000000e+03	7.37463127e-10	7.63776054e-11	6.73155710e-05	9.80229662e-05	7.59930085e-06	6.26730167e-05	2.03302262e-03	-2.71074579e+00	-1.90343074e+00	-1.74970267e+00	-2.97657017e+00	9.36336870e-03
10000	10000	246	7.37536873e-06	1.00010000e+02	1.00000000e+03	7.37463127e-10	7.63776054e-11	6.71679222e-05	9.78554891e-05	7.59930077e-06	6.24591323e-05	2.03300890e-03	-2.71169941e+00	-1.90417339e+00	-1.74970267e+00	-2.97805482e+00	9.36043851e-03
10000	10000	247	7.37536873e-06	1.00010000e+02	1.00000000e+03	7.37463127e-10	7.63776054e-11	6.70246551e-05	9.76930598e-05	7.59930069e-06	6.22513444e-05	2.03299540e-03	-2.71262674e+00	-1.90489487e+00	-1.74970268e+00	-2.97950203e+00	9.35755530e-03
10000	10000	248	7.37536873e-06	1.00010000e+02	1.00000000e+03	7.37463127e-10	7.63776055e-11	6.68856480e-05	9.75355338e-05	7.59930061e-06	6.20494965e-05	2.03298212e-03	-2.71352838e+00	-1.90559572e+00	-1.74970268e+00	-2.98091251e+00	9.35471831e-03
10000	10000	249	7.37536873e-06	1.00010000e+02	1.00000000e+03	7.37463127e-10	7.63776055e-11	6.67507821e-05	9.73827702e-05	7.59930054e-06	6.18534351e-05	2.03296906e-03	-2.71440496e+00	-1.90627646e+00	-1.74970268e+00	-2.98228695e+00	9.35192687e-03
10000	10000	250	7.37536873e-06	1.00010000e+02	1.00000000e+03	7.37463127e-10	7.63776055e-11	6.66199415e-05	9.72346318e-05	7.59930047e-06	6.16630102e-05	2.03295620e-03	-2.71525708e+00	-1.90693761e+00	-1.74970269e+00	-2.98362605e+00	9.34918018e-03
10000	10000	251	7.37536873e-06	1.00010000e+02	1.00000000e+03	7.37463127e-10	7.63776055e-11	6.64930130e-05	9.70909849e-05	7.59930039e-06	6.14780743e-05	2.03294355e-03	-2.71608531e+00	-1.90757968e+00	-1.74970269e+00	-2.98493051e+00	9.34647753e-03
10000	10000	252	7.37536873e-06	1.00010000e+02	1.00000000e+03	7.37463127e-10	7.63776055e-11	6.63698865e-05	9.69516995e-05	7.59930032e-06	6.12984836e-05	2.03293110e-03	-2.71689025e+00	-1.90820316e+00	-1.74970270e+00	-2.98620104e+00	9.34381822e-03
10000	10000	253	7.37536873e-06	1.00010000e+02	1.00000000e+03	7.37463127e-10	7.63776055e-11	6.62504543e-05	9.68166487e-05	7.59930025e-06	6.11240970e-05	2.03291885e-03	-2.71767246e+00	-1.90880854e+00	-1.74970270e+00	-2.98743831e+00	9.34120157e-03
10000	10000	254	7.37536873e-06	1.00010000e+02	1.00000000e+03	7.37463127e-10	7.63776056e-11	6.61346115e-05	9.66857093e-05	7.59930019e-06	6.09547766e-05	2.03290680e-03	-2.71843252e+00	-1.90939630e+00	-1.74970271e+00	-2.98864303e+00	9.33862686e-03
10000	10000	255	7.37536873e-06	1.00010000e+02	1.00000000e+03	7.37463127e-10	7.63776056e-11	6.60222560e-05	9.65587611e-05	7.59930012e-06	6.07903872e-05	2.03289494e-03	-2.71917096e+00	-1.90996690e+00	-1.74970271e+00	-2.98981586e+00	9.33609347e-03
10000	10000	256	7.37536873e-06	1.00010000e+02	1.00000000e+03	7.37463127e-10	7.63776056e-11	6.59132882e-05	9.64356872e-05	7.59930005e-06	6.06307970e-05	2.03288327e-03	-2.71988835e+00	-1.91052081e+00	-1.74970271e+00	-2.99095749e+00	9.33360067e-03
10000	10000	257	7.37536873e-06	1.00010000e+02	1.00000000e+03	7.37463127e-10	7.63776056e-11	6.58076109e-05	9.63163741e-05	7.59929999e-06	6.04758768e-05	2.03287179e-03	-2.72058520e+00	-1.91105846e+00	-1.74970272e+00	-2.99206860e+00	9.33114786e-03
10000	10000	258	7.37536873e-06	1.00010000e+02	1.00000000e+03	7.37463127e-10	7.63776056e-11	6.57051295e-05	9.62007109e-05	7.59929992e-06	6.03255003e-05	2.03286049e-03	-2.72126205e+00	-1.91158030e+00	-1.74970272e+00	-2.99314984e+00	9.32873436e-03
10000	10000	259	7.37536873e-06	1.00010000e+02	1.00000000e+03	7.37463127e-10	7.63776056e-11	6.56057519e-05	9.60885901e-05	7.59929986e-06	6.01795443e-05	2.03284938e-03	-2.72191941e+00	-1.91208676e+00	-1.74970272e+00	-2.99420188e+00	9.32635956e-03
10000	10000	260	7.37536873e-06	1.00010000e+02	1.00000000e+03	7.37463127e-10	7.63776056e-11	6.55093884e-05	9.59799070e-05	7.59929980e-06	6.00378882e-05	2.03283844e-03	-2.72255778e+00	-1.91257826e+00	-1.74970273e+00	-2.99522536e+00	9.32402282e-03
10000	10000	261	7.37536873e-06	1.00010000e+02	1.00000000e+03	7.37463127e-10	7.63776057e-11	6.54159516e-05	9.58745597e-05	7.59929974e-06	5.99004142e-05	2.03282768e-03	-2.72317766e+00	-1.91305520e+00	-1.74970273e+00	-2.99622094e+00	9.32172359e-03
10000	10000	262	7.37536873e-06	1.00010000e+02	1.00000000e+03	7.37463127e-10	7.63776057e-11	6.53253564e-05	9.57724493e-05	7.59929968e-06	5.97670074e-05	2.03281709e-03	-2.72377954e+00	-1.91351799e+00	-1.74970273e+00	-2.99718926e+00	9.31946121e-03
10000	10000	263	7.37536873e-06	1.00010000e+02	1.00000000e+03	7.37463127e-10	7.63776057e-11	6.52375200e-05	9.56734795e-05	7.59929962e-06	5.96375554e-05	2.03280667e-03	-2.72436388e+00	-1.91396702e+00	-1.74970274e+00	-2.99813094e+00	9.31723511e-03
10000	10000	264	7.37536873e-06	1.00010000e+02	1.00000000e+03	7.37463127e-10	7.63776057e-11	6.51523617e-05	9.55775566e-05	7.59929956e-06	5.95119487e-05	2.03279641e-03	-2.72493116e+00	-1.91440266e+00	-1.74970274e+00	-2.99904660e+00	9.31504468e-03
10000	10000	265	7.37536873e-06	1.00010000e+02	1.00000000e+03	7.37463127e-10	7.63776057e-11	6.50698031e-05	9.54845897e-05	7.59929950e-06	5.93900802e-05	2.03278633e-03	-2.72548183e+00	-1.91482530e+00	-1.74970274e+00	-2.99993686e+00	9.31288941e-03
10000	10000	266	7.37536873e-06	1.00010000e+02	1.00000000e+03	7.37463127e-10	7.63776057e-11	6.49897679e-05	9.53944903e-05	7.59929945e-06	5.92718454e-05	2.03277640e-03	-2.72601634e+00	-1.91523529e+00	-1.74970275e+00	-3.00080232e+00	9.31076865e-03
10000	10000	267	7.37536873e-06	1.00010000e+02	1.00000000e+03	7.37463127e-10	7.63776057e-11	6.49121817e-05	9.53071726e-05	7.59929939e-06	5.91571425e-05	2.03276663e-03	-2.72653512e+00	-1.91563300e+00	-1.74970275e+00	-3.00164358e+00	9.30868190e-03
10000	10000	268	7.37536873e-06	1.00010000e+02	1.00000000e+03	7.37463127e-10	7.63776058e-11	6.48369723e-05	9.52225529e-05	7.59929934e-06	5.90458721e-05	2.03275702e-03	-2.72703860e+00	-1.91601876e+00	-1.74970275e+00	-3.00246123e+00	9.30662862e-03
10000	10000	269	7.37536873e-06	1.00010000e+02	1.00000000e+03	7.37463127e-10	7.63776058e-11	6.47640695e-05	9.51405502e-05	7.59929929e-06	5.89379374e-05	2.03274756e-03	-2.72752719e+00	-1.91639293e+00	-1.74970276e+00	-3.00325584e+00	9.30460825e-03
10000	10000	270	7.37536873e-06	1.00010000e+02	1.00000000e+03	7.37463127e-10	7.63776058e-11	6.46934048e-05	9.50610856e-05	7.59929923e-06	5.88332436e-05	2.03273826e-03	-2.72800131e+00	-1.91675582e+00	-1.74970276e+00	-3.00402798e+00	9.30262023e-03
10000	10000	271	7.37536873e-06	1.00010000e+02	1.00000000e+03	7.37463127e-10	7.63776058e-11	6.46249119e-05	9.49840824e-05	7.59929918e-06	5.87316988e-05	2.03272910e-03	-2.72846136e+00	-1.91710775e+00	-1.74970276e+00	-3.00477821e+00	9.30066413e-03
10000	10000	272	7.37536873e-06	1.00010000e+02	1.00000000e+03	7.37463127e-10	7.63776058e-11	6.45585260e-05	9.49094664e-05	7.59929913e-06	5.86332132e-05	2.03272010e-03	-2.72890772e+00	-1.91744905e+00	-1.74970277e+00	-3.00550708e+00	9.29873934e-03
10000	10000	273	7.37536873e-06	1.00010000e+02	1.00000000e+03	7.37463127e-10	7.63776058e-11	6.44941845e-05	9.48371653e-05	7.59929908e-06	5.85376991e-05	2.03271123e-03	-2.72934077e+00	-1.91778002e+00	-1.74970277e+00	-3.00621512e+00	9.29684547e-03
10000	10000	274	7.37536873e-06	1.00010000e+02	1.00000000e+03	7.37463127e-10	7.63776058e-11	6.44318261e-05	9.47671089e-05	7.59929903e-06	5.84450713e-05	2.03270251e-03	-2.72976088e+00	-1.91810095e+00	-1.74970277e+00	-3.00690288e+00	9.29498192e-03
10000	10000	275	7.37536873e-06	1.00010000e+02	1.00000000e+03	7.37463127e-10	7.63776058e-11	6.43713915e-05	9.46992289e-05	7.59929899e-06	5.83552468e-05	2.03269393e-03	-2.73016843e+00	-1.91841214e+00	-1.74970277e+00	-3.00757086e+00	9.29314821e-03
10000	10000	276	7.37536873e-06	1.00010000e+02	1.00000000e+03	7.37463127e-10	7.63776058e-11	6.43128231e-05	9.46334594e-05	7.59929894e-06	5.82681445e-05	2.03268548e-03	-2.73056375e+00	-1.91871387e+00	-1.74970278e+00	-3.00821958e+00	9.29134395e-03
10000	10000	277	7.37536873e-06	1.00010000e+02	1.00000000e+03	7.37463127e-10	7.63776059e-11	6.42560648e-05	9.45697360e-05	7.59929889e-06	5.81836858e-05	2.03267717e-03	-2.73094720e+00	-1.91900641e+00	-1.74970278e+00	-3.00884954e+00	9.28956860e-03
10000	10000	278	7.37536873e-06	1.00010000e+02	1.00000000e+03	7.37463127e-10	7.63776059e-11	6.42010622e-05	9.45079963e-05	7.59929885e-06	5.81017938e-05	2.03266900e-03	-2.73131911e+00	-1.91929003e+00	-1.74970278e+00	-3.00946123e+00	9.28782168e-03
10000	10000	279	7.37536873e-06	1.00010000e+02	1.00000000e+03	7.37463127e-10	7.63776059e-11	6.41477623e-05	9.44481799e-05	7.59929880e-06	5.80223938e-05	2.03266095e-03	-2.73167981e+00	-1.91956499e+00	-1.74970278e+00	-3.01005513e+00	9.28610278e-03
10000	10000	280	7.37536873e-06	1.00010000e+02	1.00000000e+03	7.37463127e-10	7.63776059e-11	6.40961137e-05	9.43902279e-05	7.59929876e-06	5.79454132e-05	2.03265303e-03	-2.73202963e+00	-1.91983155e+00	-1.74970279e+00	-3.01063171e+00	9.28441144e-03
10000	10000	281	7.37536873e-06	1.00010000e+02	1.00000000e+03	7.37463127e-10	7.63776059e-11	6.40460665e-05	9.43340833e-05	7.59929871e-06	5.78707811e-05	2.03264525e-03	-2.73236886e+00	-1.92008995e+00	-1.74970279e+00	-3.01119143e+00	9.28274720e-03
10000	10000	282	7.37536873e-06	1.00010000e+02	1.00000000e+03	7.37463127e-10	7.63776059e-11	6.39975723e-05	9.42796907e-05	7.59929867e-06	5.77984286e-05	2.03263758e-03	-2.73269782e+00	-1.92034044e+00	-1.74970279e+00	-3.01173474e+00	9.28110962e-03
10000	10000	283	7.37536873e-06	1.00010000e+02	1.00000000e+03	7.37463127e-10	7.63776059e-11	6.39505838e-05	9.42269964e-05	7.59929863e-06	5.77282888e-05	2.03263004e-03	-2.73301681e+00	-1.92058324e+00	-1.74970279e+00	-3.01226209e+00	9.27949831e-03
10000	10000	284	7.37536873e-06	1.00010000e+02	1.00000000e+03	7.37463127e-10	7.63776059e-11	6.39050555e-05	9.41759483e-05	7.59929859e-06	5.76602964e-05	2.03262262e-03	-2.73332611e+00	-1.92081858e+00	-1.74970280e+00	-3.01277390e+00	9.27791278e-03
10000	10000	285	7.37536873e-06	1.00010000e+02	1.00000000e+03	7.37463127e-10	7.63776059e-11	6.38609429e-05	9.41264958e-05	7.59929855e-06	5.75943880e-05	2.03261532e-03	-2.73362600e+00	-1.92104669e+00	-1.74970280e+00	-3.01327060e+00	9.27635271e-03
10000	10000	286	7.37536873e-06	1.00010000e+02	1.00000000e+03	7.37463127e-10	7.63776059e-11	6.38182028e-05	9.40785897e-05	7.59929851e-06	5.75305019e-05	2.03260813e-03	-2.73391675e+00	-1.92126779e+00	-1.74970280e+00	-3.01375261e+00	9.27481764e-03
10000	10000	287	7.37536873e-06	1.00010000e+02	1.00000000e+03	7.37463127e-10	7.63776060e-11	6.37767935e-05	9.40321826e-05	7.59929847e-06	5.74685782e-05	2.03260106e-03	-2.73419864e+00	-1.92148207e+00	-1.74970280e+00	-3.01422032e+00	9.27330717e-03
10000	10000	288	7.37536873e-06	1.00010000e+02	1.00000000e+03	7.37463127e-10	7.63776060e-11	6.37366743e-05	9.39872281e-05	7.59929843e-06	5.74085584e-05	2.03259411e-03	-2.73447192e+00	-1.92168974e+00	-1.74970281e+00	-3.01467413e+00	9.27182089e-03
10000	10000	289	7.37536873e-06	1.00010000e+02	1.00000000e+03	7.37463127e-10	7.63776060e-11	6.36978058e-05	9.39436814e-05	7.59929839e-06	5.73503859e-05	2.03258726e-03	-2.73473685e+00	-1.92189101e+00	-1.74970281e+00	-3.01511442e+00	9.27035845e-03
10000	10000	290	7.37536873e-06	1.00010000e+02	1.00000000e+03	7.37463127e-10	7.63776060e-11	6.36601496e-05	9.39014991e-05	7.59929835e-06	5.72940056e-05	2.03258053e-03	-2.73499367e+00	-1.92208606e+00	-1.74970281e+00	-3.01554158e+00	9.26891944e-03
10000	10000	291	7.37536873e-06	1.00010000e+02	1.00000000e+03	7.37463127e-10	7.63776060e-11	6.36236687e-05	9.38606390e-05	7.59929831e-06	5.72393639e-05	2.03257390e-03	-2.73524261e+00	-1.92227508e+00	-1.74970281e+00	-3.01595597e+00	9.26750348e-03
10000	10000	292	7.37536873e-06	1.00010000e+02	1.00000000e+03	7.37463127e-10	7.63776060e-11	6.35883270e-05	9.38210602e-05	7.59929828e-06	5.71864087e-05	2.03256738e-03	-2.73548392e+00	-1.92245825e+00	-1.74970281e+00	-3.01635795e+00	9.26611022e-03
10000	10000	293	7.37536873e-06	1.00010000e+02	1.00000000e+03	7.37463127e-10	7.63776060e-11	6.35540896e-05	9.37827230e-05	7.59929824e-06	5.71350893e-05	2.03256096e-03	-2.73571782e+00	-1.92263575e+00	-1.74970282e+00	-3.01674786e+00	9.26473930e-03
10000	10000	294	7.37536873e-06	1.00010000e+02	1.00000000e+03	7.37463127e-10	7.63776060e-11	6.35209224e-05	9.37455889e-05	7.59929821e-06	5.70853567e-05	2.03255465e-03	-2.73594453e+00	-1.92280774e+00	-1.74970282e+00	-3.01712605e+00	9.26339034e-03
10000	10000	295	7.37536873e-06	1.00010000e+02	1.00000000e+03	7.37463127e-10	7.63776060e-11	6.34887925e-05	9.37096207e-05	7.59929817e-06	5.70371630e-05	2.03254844e-03	-2.73616426e+00	-1.92297440e+00	-1.74970282e+00	-3.01749285e+00	9.26206297e-03
10000	10000	296	7.37536873e-06	1.00010000e+02	1.00000000e+03	7.37463127e-10	7.63776060e-11	6.34576680e-05	9.36747822e-05	7.59929814e-06	5.69904619e-05	2.03254233e-03	-2.73637721e+00	-1.92313589e+00	-1.74970282e+00	-3.01784859e+00	9.26075693e-03
10000	10000	297	7.37536873e-06	1.00010000e+02	1.00000000e+03	7.37463127e-10	7.63776060e-11	6.34275179e-05	9.36410382e-05	7.59929811e-06	5.69452081e-05	2.03253631e-03	-2.73658361e+00	-1.92329236e+00	-1.74970282e+00	-3.01819359e+00	9.25947181e-03
10000	10000	298	7.37536873e-06	1.00010000e+02	1.00000000e+03	7.37463127e-10	7.63776061e-11	6.33983122e-05	9.36083548e-05	7.59929807e-06	5.69013580e-05	2.03253039e-03	-2.73678363e+00	-1.92344397e+00	-1.74970283e+00	-3.01852814e+00	9.25820722e-03
10000	10000	299	7.37536873e-06	1.00010000e+02	1.00000000e+03	7.37463127e-10	7.63776061e-11	6.33700216e-05	9.35766989e-05	7.59929804e-06	5.68588691e-05	2.03252457e-03	-2.73697747e+00	-1.92359086e+00	-1.74970283e+00	-3.01885255e+00	9.25696297e-03
10000	10000	300	7.37536873e-06	1.00010000e+02	1.00000000e+03	7.37463127e-10	7.63776061e-11	6.33426178e-05	9.35460387e-05	7.59929801e-06	5.68176999e-05	2.03251884e-03	-2.73716532e+00	-1.92373318e+00	-1.74970283e+00	-3.01916712e+00	9.25573863e-03
10000	10000	301	7.37536873e-06	1.00010000e+02	1.00000000e+03	7.37463127e-10	7.63776061e-11	6.33160735e-05	9.35163430e-05	7.59929798e-06	5.67778104e-05	2.03251320e-03	-2.73734735e+00	-1.92387107e+00	-1.74970283e+00	-3.01947213e+00	9.25453391e-03
10000	10000	302	7.37536873e-06	1.00010000e+02	1.00000000e+03	7.37463127e-10	7.63776061e-11	6.32903620e-05	9.34875818e-05	7.59929795e-06	5.67391617e-05	2.03250765e-03	-2.73752374e+00	-1.92400466e+00	-1.74970283e+00	-3.01976785e+00	9.25334848e-03
10000	10000	303	7.37536873e-06	1.00010000e+02	1.00000000e+03	7.37463127e-10	7.63776061e-11	6.32654574e-05	9.34597261e-05	7.59929792e-06	5.67017159e-05	2.03250220e-03	-2.73769467e+00	-1.92413408e+00	-1.74970283e+00	-3.02005457e+00	9.25218205e-03
10000	10000	304	7.37536873e-06	1.00010000e+02	1.00000000e+03	7.37463127e-10	7.63776061e-11	6.32413349e-05	9.34327474e-05	7.59929789e-06	5.66654364e-05	2.03249682e-03	-2.73786029e+00	-1.92425947e+00	-1.74970284e+00	-3.02033253e+00	9.25103431e-03
10000	10000	305	7.37536873e-06	1.00010000e+02	1.00000000e+03	7.37463127e-10	7.63776061e-11	6.32179700e-05	9.34066186e-05	7.59929786e-06	5.66302875e-05	2.03249154e-03	-2.73802078e+00	-1.92438093e+00	-1.74970284e+00	-3.02060200e+00	9.24990499e-03
10000	10000	306	7.37536873e-06	1.00010000e+02	1.00000000e+03	7.37463127e-10	7.63776061e-11	6.31953393e-05	9.33813130e-05	7.59929783e-06	5.65962347e-05	2.03248634e-03	-2.73817627e+00	-1.92449861e+00	-1.74970284e+00	-3.02086323e+00	9.24879375e-03
10000	10000	307	7.37536873e-06	1.00010000e+02	1.00000000e+03	7.37463127e-10	7.63776061e-11	6.31734199e-05	9.33568048e-05	7.59929780e-06	5.65632443e-05	2.03248122e-03	-2.73832694e+00	-1.92461261e+00	-1.74970284e+00	-3.02111646e+00	9.24770028e-03
10000	10000	308	7.37536873e-06	1.00010000e+02	1.00000000e+03	7.37463127e-10	7.63776061e-11	6.31521897e-05	9.33330692e-05	7.59929777e-06	5.65312839e-05	2.03247619e-03	-2.73847291e+00	-1.92472304e+00	-1.74970284e+00	-3.02136192e+00	9.24662439e-03
10000	10000	309	7.37536873e-06	1.00010000e+02	1.00000000e+03	7.37463127e-10	7.63776061e-11	6.31316273e-05	9.33100820e-05	7.59929774e-06	5.65003218e-05	2.03247123e-03	-2.73861434e+00	-1.92483001e+00	-1.74970284e+00	-3.02159985e+00	9.24556567e-03
10000	10000	310	7.37536873e-06	1.00010000e+02	1.00000000e+03	7.37463127e-10	7.63776061e-11	6.31117118e-05	9.32878198e-05	7.59929772e-06	5.64703272e-05	2.03246636e-03	-2.73875136e+00	-1.92493364e+00	-1.74970285e+00	-3.02183047e+00	9.24452399e-03
10000	10000	311	7.37536873e-06	1.00010000e+02	1.00000000e+03	7.37463127e-10	7.63776061e-11	6.30924232e-05	9.32662599e-05	7.59929769e-06	5.64412706e-05	2.03246156e-03	-2.73888412e+00	-1.92503402e+00	-1.74970285e+00	-3.02205399e+00	9.24349894e-03
10000	10000	312	7.37536873e-06	1.00010000e+02	1.00000000e+03	7.37463127e-10	7.63776061e-11	6.30737418e-05	9.32453802e-05	7.59929766e-06	5.64131230e-05	2.03245684e-03	-2.73901273e+00	-1.92513126e+00	-1.74970285e+00	-3.02227063e+00	9.24249037e-03
10000	10000	313	7.37536873e-06	1.00010000e+02	1.00000000e+03	7.37463127e-10	7.63776062e-11	6.30556486e-05	9.32251594e-05	7.59929764e-06	5.63858563e-05	2.03245219e-03	-2.73913733e+00	-1.92522545e+00	-1.74970285e+00	-3.02248059e+00	9.24149791e-03
10000	10000	314	7.37536873e-06	1.00010000e+02	1.00000000e+03	7.37463127e-10	7.63776062e-11	6.30381255e-05	9.32055770e-05	7.59929761e-06	5.63594435e-05	2.03244762e-03	-2.73925803e+00	-1.92531669e+00	-1.74970285e+00	-3.02268407e+00	9.24052140e-03
10000	10000	315	7.37536873e-06	1.00010000e+02	1.00000000e+03	7.37463127e-10	7.63776062e-11	6.30211544e-05	9.31866128e-05	7.59929759e-06	5.63338581e-05	2.03244313e-03	-2.73937497e+00	-1.92540506e+00	-1.74970285e+00	-3.02288127e+00	9.23956048e-03
10000	10000	316	7.37536873e-06	1.00010000e+02	1.00000000e+03	7.37463127e-10	7.63776062e-11	6.30047182e-05	9.31682475e-05	7.59929756e-06	5.63090747e-05	2.03243870e-03	-2.73948825e+00	-1.92549066e+00	-1.74970285e+00	-3.02307238e+00	9.23861501e-03
10000	10000	317	7.37536873e-06	1.00010000e+02	1.00000000e+03	7.37463127e-10	7.63776062e-11	6.29888002e-05	9.31504622e-05	7.59929754e-06	5.62850683e-05	2.03243435e-03	-2.73959799e+00	-1.92557357e+00	-1.74970286e+00	-3.02325757e+00	9.23768466e-03
10000	10000	318	7.37536873e-06	1.00010000e+02	1.00000000e+03	7.37463127e-10	7.63776062e-11	6.29733841e-05	9.31332388e-05	7.59929752e-06	5.62618149e-05	2.03243006e-03	-2.73970429e+00	-1.92565388e+00	-1.74970286e+00	-3.02343703e+00	9.23676923e-03
10000	10000	319	7.37536873e-06	1.00010000e+02	1.00000000e+03	7.37463127e-10	7.63776062e-11	6.29584542e-05	9.31165596e-05	7.59929749e-06	5.62392912e-05	2.03242585e-03	-2.73980727e+00	-1.92573166e+00	-1.74970286e+00	-3.02361093e+00	9.23586847e-03
10000	10000	320	7.37536873e-06	1.00010000e+02	1.00000000e+03	7.37463127e-10	7.63776062e-11	6.29439954e-05	9.31004075e-05	7.59929747e-06	5.62174746e-05	2.03242170e-03	-2.73990702e+00	-1.92580700e+00	-1.74970286e+00	-3.02377944e+00	9.23498207e-03
10000	10000	321	7.37536873e-06	1.00010000e+02	1.00000000e+03	7.37463127e-10	7.63776062e-11	6.29299927e-05	9.30847659e-05	7.59929745e-06	5.61963431e-05	2.03241762e-03	-2.74000364e+00	-1.92587997e+00	-1.74970286e+00	-3.02394271e+00	9.23410997e-03
10000	10000	322	7.37536873e-06	1.00010000e+02	1.00000000e+03	7.37463127e-10	7.63776062e-11	6.29164320e-05	9.30696188e-05	7.59929743e-06	5.61758756e-05	2.03241360e-03	-2.74009724e+00	-1.92595065e+00	-1.74970286e+00	-3.02410092e+00	9.23325178e-03
10000	10000	323	7.37536873e-06	1.00010000e+02	1.00000000e+03	7.37463127e-10	7.63776062e-11	6.29032994e-05	9.30549506e-05	7.59929740e-06	5.61560512e-05	2.03240965e-03	-2.74018790e+00	-1.92601910e+00	-1.74970286e+00	-3.02425421e+00	9.23240736e-03
10000	10000	324	7.37536873e-06	1.00010000e+02	1.00000000e+03	7.37463127e-10	7.63776062e-11	6.28905815e-05	9.30407462e-05	7.59929738e-06	5.61368501e-05	2.03240576e-03	-2.74027571e+00	-1.92608540e+00	-1.74970287e+00	-3.02440273e+00	9.23157647e-03
10000	10000	325	7.37536873e-06	1.00010000e+02	1.00000000e+03	7.37463127e-10	7.63776062e-11	6.28782652e-05	9.30269911e-05	7.59929736e-06	5.61182528e-05	2.03240194e-03	-2.74036077e+00	-1.92614961e+00	-1.74970287e+00	-3.02454663e+00	9.23075888e-03
10000	10000	326	7.37536873e-06	1.00010000e+02	1.00000000e+03	7.37463127e-10	7.63776062e-11	6.28663379e-05	9.30136711e-05	7.59929734e-06	5.61002406e-05	2.03239817e-03	-2.74044316e+00	-1.92621180e+00	-1.74970287e+00	-3.02468605e+00	9.22995445e-03
10000	10000	327	7.37536873e-06	1.00010000e+02	1.00000000e+03	7.37463127e-10	7.63776062e-11	6.28547874e-05	9.30007725e-05	7.59929732e-06	5.60827951e-05	2.03239447e-03	-2.74052296e+00	-1.92627203e+00	-1.74970287e+00	-3.02482112e+00	9.22916282e-03
10000	10000	328	7.37536873e-06	1.00010000e+02	1.00000000e+03	7.37463127e-10	7.63776062e-11	6.28436019e-05	9.29882820e-05	7.59929730e-06	5.60658989e-05	2.03239082e-03	-2.74060025e+00	-1.92633036e+00	-1.74970287e+00	-3.02495198e+00	9.22838393e-03
10000	10000	329	7.37536873e-06	1.00010000e+02	1.00000000e+03	7.37463127e-10	7.63776062e-11	6.28327700e-05	9.29761867e-05	7.59929728e-06	5.60495346e-05	2.03238724e-03	-2.74067512e+00	-1.92638685e+00	-1.74970287e+00	-3.02507876e+00	9.22761747e-03
10000	10000	330	7.37536873e-06	1.00010000e+02	1.00000000e+03	7.37463127e-10	7.63776062e-11	6.28222804e-05	9.29644743e-05	7.59929726e-06	5.60336857e-05	2.03238371e-03	-2.74074763e+00	-1.92644157e+00	-1.74970287e+00	-3.02520158e+00	9.22686333e-03
10000	10000	331	7.37536873e-06	1.00010000e+02	1.00000000e+03	7.37463127e-10	7.63776063e-11	6.28121224e-05	9.29531325e-05	7.59929724e-06	5.60183362e-05	2.03238023e-03	-2.74081785e+00	-1.92649455e+00	-1.74970287e+00	-3.02532056e+00	9.22612128e-03
10000	10000	332	7.37536873e-06	1.00010000e+02	1.00000000e+03	7.37463127e-10	7.63776063e-11	6.28022856e-05	9.29421498e-05	7.59929722e-06	5.60034703e-05	2.03237682e-03	-2.74088587e+00	-1.92654587e+00	-1.74970287e+00	-3.02543583e+00	9.22539108e-03
10000	10000	333	7.37536873e-06	1.00010000e+02	1.00000000e+03	7.37463127e-10	7.63776063e-11	6.27927599e-05	9.29315148e-05	7.59929721e-06	5.59890731e-05	2.03237345e-03	-2.74095175e+00	-1.92659557e+00	-1.74970288e+00	-3.02554749e+00	9.22467261e-03
10000	10000	334	7.37536873e-06	1.00010000e+02	1.00000000e+03	7.37463127e-10	7.63776063e-11	6.27835354e-05	9.29212166e-05	7.59929719e-06	5.59751298e-05	2.03237015e-03	-2.74101556e+00	-1.92664370e+00	-1.74970288e+00	-3.02565566e+00	9.22396563e-03
10000	10000	335	7.37536873e-06	1.00010000e+02	1.00000000e+03	7.37463127e-10	7.63776063e-11	6.27746028e-05	9.29112445e-05	7.59929717e-06	5.59616262e-05	2.03236689e-03	-2.74107735e+00	-1.92669031e+00	-1.74970288e+00	-3.02576044e+00	9.22326997e-03
10000	10000	336	7.37536873e-06	1.00010000e+02	1.00000000e+03	7.37463127e-10	7.63776063e-11	6.27659528e-05	9.29015882e-05	7.59929715e-06	5.59485486e-05	2.03236369e-03	-2.74113720e+00	-1.92673545e+00	-1.74970288e+00	-3.02586195e+00	9.22258549e-03
10000	10000	337	7.37536873e-06	1.00010000e+02	1.00000000e+03	7.37463127e-10	7.63776063e-11	6.27575765e-05	9.28922377e-05	7.59929713e-06	5.59358836e-05	2.03236054e-03	-2.74119516e+00	-1.92677916e+00	-1.74970288e+00	-3.02596027e+00	9.22191198e-03
10000	10000	338	7.37536873e-06	1.00010000e+02	1.00000000e+03	7.37463127e-10	7.63776063e-11	6.27494652e-05	9.28831834e-05	7.59929712e-06	5.59236182e-05	2.03235743e-03	-2.74125129e+00	-1.92682149e+00	-1.74970288e+00	-3.02605551e+00	9.22124920e-03
10000	10000	339	7.37536873e-06	1.00010000e+02	1.00000000e+03	7.37463127e-10	7.63776063e-11	6.27416107e-05	9.28744160e-05	7.59929710e-06	5.59117401e-05	2.03235438e-03	-2.74130566e+00	-1.92686249e+00	-1.74970288e+00	-3.02614776e+00	9.22059709e-03
10000	10000	340	7.37536873e-06	1.00010000e+02	1.00000000e+03	7.37463127e-10	7.63776063e-11	6.27340048e-05	9.28659263e-05	7.59929708e-06	5.59002369e-05	2.03235138e-03	-2.74135831e+00	-1.92690219e+00	-1.74970288e+00	-3.02623712e+00	9.21995539e-03
10000	10000	341	7.37536873e-06	1.00010000e+02	1.00000000e+03	7.37463127e-10	7.63776063e-11	6.27266397e-05	9.28577057e-05	7.59929707e-06	5.58890970e-05	2.03234842e-03	-2.74140930e+00	-1.92694064e+00	-1.74970288e+00	-3.02632368e+00	9.21932397e-03
10000	10000	342	7.37536873e-06	1.00010000e+02	1.00000000e+03	7.37463127e-10	7.63776063e-11	6.27195078e-05	9.28497455e-05	7.59929705e-06	5.58783090e-05	2.03234552e-03	-2.74145868e+00	-1.92697787e+00	-1.74970288e+00	-3.02640752e+00	9.21870271e-03
10000	10000	343	7.37536873e-06	1.00010000e+02	1.00000000e+03	7.37463127e-10	7.63776063e-11	6.27126017e-05	9.28420376e-05	7.59929704e-06	5.58678617e-05	2.03234266e-03	-2.74150650e+00	-1.92701392e+00	-1.74970289e+00	-3.02648872e+00	9.21809137e-03
10000	10000	344	7.37536873e-06	1.00010000e+02	1.00000000e+03	7.37463127e-10	7.63776063e-11	6.27059143e-05	9.28345740e-05	7.59929702e-06	5.58577445e-05	2.03233984e-03	-2.74155282e+00	-1.92704884e+00	-1.74970289e+00	-3.02656737e+00	9.21748981e-03
10000	10000	345	7.37536873e-06	1.00010000e+02	1.00000000e+03	7.37463127e-10	7.63776063e-11	6.26994387e-05	9.28273469e-05	7.59929701e-06	5.58479471e-05	2.03233707e-03	-2.74159767e+00	-1.92708265e+00	-1.74970289e+00	-3.02664356e+00	9.21689792e-03
10000	10000	346	7.37536873e-06	1.00010000e+02	1.00000000e+03	7.37463127e-10	7.63776063e-11	6.26931682e-05	9.28203489e-05	7.59929699e-06	5.58384593e-05	2.03233435e-03	-2.74164111e+00	-1.92711539e+00	-1.74970289e+00	-3.02671734e+00	9.21631549e-03
10000	10000	347	7.37536873e-06	1.00010000e+02	1.00000000e+03	7.37463127e-10	7.63776063e-11	6.26870964e-05	9.28135728e-05	7.59929698e-06	5.58292714e-05	2.03233166e-03	-2.74168317e+00	-1.92714709e+00	-1.74970289e+00	-3.02678881e+00	9.21574240e-03
10000	10000	348	7.37536873e-06	1.00010000e+02	1.00000000e+03	7.37463127e-10	7.63776063e-11	6.26812169e-05	9.28070115e-05	7.59929696e-06	5.58203740e-05	2.03232903e-03	-2.74172390e+00	-1.92717780e+00	-1.74970289e+00	-3.02685803e+00	9.21517850e-03
10000	10000	349	7.37536873e-06	1.00010000e+02	1.00000000e+03	7.37463127e-10	7.63776063e-11	6.26755237e-05	9.28006582e-05	7.59929695e-06	5.58117580e-05	2.03232643e-03	-2.74176335e+00	-1.92720753e+00	-1.74970289e+00	-3.02692507e+00	9.21462359e-03
10000	10000	350	7.37536873e-06	1.00010000e+02	1.00000000e+03	7.37463127e-10	7.63776063e-11	6.26700109e-05	9.27945064e-05	7.59929693e-06	5.58034145e-05	2.03232387e-03	-2.74180155e+00	-1.92723632e+00	-1.74970289e+00	-3.02699000e+00	9.21407760e-03
10000	10000	351	7.37536873e-06	1.00010000e+02	1.00000000e+03	7.37463127e-10	7.63776063e-11	6.26646728e-05	9.27885496e-05	7.59929692e-06	5.57953349e-05	2.03232136e-03	-2.74183855e+00	-1.92726420e+00	-1.74970289e+00	-3.02705288e+00	9.21354037e-03
10000	10000	352	7.37536873e-06	1.00010000e+02	1.00000000e+03	7.37463127e-10	7.63776063e-11	6.26595039e-05	9.27827817e-05	7.59929691e-06	5.57875109e-05	2.03231889e-03	-2.74187437e+00	-1.92729120e+00	-1.74970289e+00	-3.02711378e+00	9.21301172e-03
10000	10000	353	7.37536873e-06	1.00010000e+02	1.00000000e+03	7.37463127e-10	7.63776063e-11	6.26544988e-05	9.27771968e-05	7.59929689e-06	5.57799345e-05	2.03231645e-03	-2.74190906e+00	-1.92731734e+00	-1.74970289e+00	-3.02717277e+00	9.21249154e-03
10000	10000	354	7.37536873e-06	1.00010000e+02	1.00000000e+03	7.37463127e-10	7.63776063e-11	6.26496523e-05	9.27717890e-05	7.59929688e-06	5.57725978e-05	2.03231406e-03	-2.74194266e+00	-1.92734265e+00	-1.74970289e+00	-3.02722990e+00	9.21197969e-03
10000	10000	355	7.37536873e-06	1.00010000e+02	1.00000000e+03	7.37463127e-10	7.63776063e-11	6.26449595e-05	9.27665527e-05	7.59929687e-06	5.57654934e-05	2.03231170e-03	-2.74197519e+00	-1.92736717e+00	-1.74970289e+00	-3.02728522e+00	9.21147610e-03
10000	10000	356	7.37536873e-06	1.00010000e+02	1.00000000e+03	7.37463127e-10	7.63776063e-11	6.26404154e-05	9.27614824e-05	7.59929685e-06	5.57586137e-05	2.03230938e-03	-2.74200669e+00	-1.92739090e+00	-1.74970290e+00	-3.02733880e+00	9.21098049e-03
10000	10000	357	7.37536873e-06	1.00010000e+02	1.00000000e+03	7.37463127e-10	7.63776063e-11	6.26360155e-05	9.27565730e-05	7.59929684e-06	5.57519519e-05	2.03230710e-03	-2.74203720e+00	-1.92741389e+00	-1.74970290e+00	-3.02739069e+00	9.21049289e-03
10000	10000	358	7.37536873e-06	1.00010000e+02	1.00000000e+03	7.37463127e-10	7.63776064e-11	6.26317550e-05	9.27518194e-05	7.59929683e-06	5.57455010e-05	2.03230485e-03	-2.74206674e+00	-1.92743615e+00	-1.74970290e+00	-3.02744095e+00	9.21001306e-03
10000	10000	359	7.37536873e-06	1.00010000e+02	1.00000000e+03	7.37463127e-10	7.63776064e-11	6.26276296e-05	9.27472165e-05	7.59929682e-06	5.57392544e-05	2.03230264e-03	-2.74209535e+00	-1.92745770e+00	-1.74970290e+00	-3.02748961e+00	9.20954091e-03
10000	10000	360	7.37536873e-06	1.00010000e+02	1.00000000e+03	7.37463127e-10	7.63776064e-11	6.26236350e-05	9.27427597e-05	7.59929680e-06	5.57332055e-05	2.03230047e-03	-2.74212305e+00	-1.92747857e+00	-1.74970290e+00	-3.02753675e+00	9.20907634e-03
10000	10000	361	7.37536873e-06	1.00010000e+02	1.00000000e+03	7.37463127e-10	7.63776064e-11	6.26197671e-05	9.27384443e-05	7.59929679e-06	5.57273483e-05	2.03229833e-03	-2.74214988e+00	-1.92749878e+00	-1.74970290e+00	-3.02758239e+00	9.20861920e-03
10000	10000	362	7.37536873e-06	1.00010000e+02	1.00000000e+03	7.37463127e-10	7.63776064e-11	6.26160219e-05	9.27342657e-05	7.59929678e-06	5.57216765e-05	2.03229623e-03	-2.74217585e+00	-1.92751835e+00	-1.74970290e+00	-3.02762659e+00	9.20816940e-03
10000	10000	363	7.37536873e-06	1.00010000e+02	1.00000000e+03	7.37463127e-10	7.63776064e-11	6.26123954e-05	9.27302198e-05	7.59929677e-06	5.57161845e-05	2.03229415e-03	-2.74220100e+00	-1.92753730e+00	-1.74970290e+00	-3.02766940e+00	9.20772680e-03
10000	10000	364	7.37536873e-06	1.00010000e+02	1.00000000e+03	7.37463127e-10	7.63776064e-11	6.26088840e-05	9.27263023e-05	7.59929676e-06	5.57108664e-05	2.03229212e-03	-2.74222536e+00	-1.92755564e+00	-1.74970290e+00	-3.02771086e+00	9.20729126e-03
10000	10000	365	7.37536873e-06	1.00010000e+02	1.00000000e+03	7.37463127e-10	7.63776064e-11	6.26054840e-05	9.27225090e-05	7.59929675e-06	5.57057168e-05	2.03229011e-03	-2.74224895e+00	-1.92757341e+00	-1.74970290e+00	-3.02775100e+00	9.20686275e-03
10000	10000	366	7.37536873e-06	1.00010000e+02	1.00000000e+03	7.37463127e-10	7.63776064e-11	6.26021918e-05	9.27188361e-05	7.59929674e-06	5.57007304e-05	2.03228814e-03	-2.74227178e+00	-1.92759061e+00	-1.74970290e+00	-3.02778988e+00	9.20644105e-03
10000	10000	367	7.37536873e-06	1.00010000e+02	1.00000000e+03	7.37463127e-10	7.63776064e-11	6.25990040e-05	9.27152798e-05	7.59929673e-06	5.56959020e-05	2.03228620e-03	-2.74229390e+00	-1.92760727e+00	-1.74970290e+00	-3.02782753e+00	9.20602616e-03
10000	10000	368	7.37536873e-06	1.00010000e+02	1.00000000e+03	7.37463127e-10	7.63776064e-11	6.25959174e-05	9.27118364e-05	7.59929672e-06	5.56912266e-05	2.03228429e-03	-2.74231531e+00	-1.92762340e+00	-1.74970290e+00	-3.02786399e+00	9.20561787e-03
10000	10000	369	7.37536873e-06	1.00010000e+02	1.00000000e+03	7.37463127e-10	7.63776064e-11	6.25929287e-05	9.27085022e-05	7.59929671e-06	5.56866994e-05	2.03228241e-03	-2.74233605e+00	-1.92763902e+00	-1.74970290e+00	-3.02789929e+00	9.20521615e-03
10000	10000	370	7.37536873e-06	1.00010000e+02	1.00000000e+03	7.37463127e-10	7.63776064e-11	6.25900348e-05	9.27052739e-05	7.59929670e-06	5.56823156e-05	2.03228056e-03	-2.74235613e+00	-1.92765414e+00	-1.74970290e+00	-3.02793348e+00	9.20482082e-03
10000	10000	371	7.37536873e-06	1.00010000e+02	1.00000000e+03	7.37463127e-10	7.63776064e-11	6.25872328e-05	9.27021480e-05	7.59929669e-06	5.56780709e-05	2.03227874e-03	-2.74237557e+00	-1.92766879e+00	-1.74970291e+00	-3.02796659e+00	9.20443187e-03
10000	10000	372	7.37536873e-06	1.00010000e+02	1.00000000e+03	7.37463127e-10	7.63776064e-11	6.25845197e-05	9.26991213e-05	7.59929668e-06	5.56739607e-05	2.03227694e-03	-2.74239440e+00	-1.92768297e+00	-1.74970291e+00	-3.02799865e+00	9.20404912e-03
10000	10000	373	7.37536873e-06	1.00010000e+02	1.00000000e+03	7.37463127e-10	7.63776064e-11	6.25818926e-05	9.26961907e-05	7.59929667e-06	5.56699808e-05	2.03227518e-03	-2.74241263e+00	-1.92769670e+00	-1.74970291e+00	-3.02802970e+00	9.20367250e-03
10000	10000	374	7.37536873e-06	1.00010000e+02	1.00000000e+03	7.37463127e-10	7.63776064e-11	6.25793489e-05	9.26933531e-05	7.59929666e-06	5.56661271e-05	2.03227345e-03	-2.74243028e+00	-1.92770999e+00	-1.74970291e+00	-3.02805976e+00	9.20330197e-03
10000	10000	375	7.37536873e-06	1.00010000e+02	1.00000000e+03	7.37463127e-10	7.63776064e-11	6.25768860e-05	9.26906056e-05	7.59929665e-06	5.56623957e-05	2.03227174e-03	-2.74244738e+00	-1.92772286e+00	-1.74970291e+00	-3.02808888e+00	9.20293732e-03
10000	10000	376	7.37536873e-06	1.00010000e+02	1.00000000e+03	7.37463127e-10	7.63776064e-11	6.25745012e-05	9.26879453e-05	7.59929664e-06	5.56587825e-05	2.03227006e-03	-2.74246393e+00	-1.92773533e+00	-1.74970291e+00	-3.02811707e+00	9.20257849e-03
10000	10000	377	7.37536873e-06	1.00010000e+02	1.00000000e+03	7.37463127e-10	7.63776064e-11	6.25721920e-05	9.26853695e-05	7.59929663e-06	5.56552839e-05	2.03226841e-03	-2.74247995e+00	-1.92774740e+00	-1.74970291e+00	-3.02814437e+00	9.20222546e-03
10000	10000	378	7.37536873e-06	1.00010000e+02	1.00000000e+03	7.37463127e-10	7.63776064e-11	6.25699562e-05	9.26828754e-05	7.59929662e-06	5.56518963e-05	2.03226679e-03	-2.74249547e+00	-1.92775909e+00	-1.74970291e+00	-3.02817080e+00	9.20187807e-03
10000	10000	379	7.37536873e-06	1.00010000e+02	1.00000000e+03	7.37463127e-10	7.63776064e-11	6.25677914e-05	9.26804605e-05	7.59929661e-06	5.56486161e-05	2.03226519e-03	-2.74251050e+00	-1.92777040e+00	-1.74970291e+00	-3.02819640e+00	9.20153625e-03
10000	10000	380	7.37536873e-06	1.00010000e+02	1.00000000e+03	7.37463127e-10	7.63776064e-11	6.25656952e-05	9.26781223e-05	7.59929660e-06	5.56454399e-05	2.03226361e-03	-2.74252505e+00	-1.92778136e+00	-1.74970291e+00	-3.02822119e+00	9.20119987e-03
10000	10000	381	7.37536873e-06	1.00010000e+02	1.00000000e+03	7.37463127e-10	7.63776064e-11	6.25636656e-05	9.26758583e-05	7.59929659e-06	5.56423645e-05	2.03226206e-03	-2.74253914e+00	-1.92779197e+00	-1.74970291e+00	-3.02824519e+00	9.20086892e-03
10000	10000	382	7.37536873e-06	1.00010000e+02	1.00000000e+03	7.37463127e-10	7.63776064e-11	6.25617004e-05	9.26736662e-05	7.59929659e-06	5.56393867e-05	2.03226054e-03	-2.74255278e+00	-1.92780224e+00	-1.74970291e+00	-3.02826844e+00	9.20054323e-03
10000	10000	383	7.37536873e-06	1.00010000e+02	1.00000000e+03	7.37463127e-10	7.63776064e-11	6.25597976e-05	9.26715437e-05	7.59929658e-06	5.56365033e-05	2.03225904e-03	-2.74256599e+00	-1.92781219e+00	-1.74970291e+00	-3.02829094e+00	9.20022282e-03
10000	10000	384	7.37536873e-06	1.00010000e+02	1.00000000e+03	7.37463127e-10	7.63776064e-11	6.25579552e-05	9.26694886e-05	7.59929657e-06	5.56337114e-05	2.03225756e-03	-2.74257878e+00	-1.92782182e+00	-1.74970291e+00	-3.02831274e+00	9.19990748e-03
10000	10000	385	7.37536873e-06	1.00010000e+02	1.00000000e+03	7.37463127e-10	7.63776064e-11	6.25561713e-05	9.26674987e-05	7.59929656e-06	5.56310081e-05	2.03225611e-03	-2.74259116e+00	-1.92783114e+00	-1.74970291e+00	-3.02833384e+00	9.19959720e-03
10000	10000	386	7.37536873e-06	1.00010000e+02	1.00000000e+03	7.37463127e-10	7.63776064e-11	6.25544440e-05	9.26655720e-05	7.59929655e-06	5.56283905e-05	2.03225468e-03	-2.74260316e+00	-1.92784017e+00	-1.74970291e+00	-3.02835428e+00	9.19929189e-03
10000	10000	387	7.37536873e-06	1.00010000e+02	1.00000000e+03	7.37463127e-10	7.63776064e-11	6.25527715e-05	9.26637065e-05	7.59929655e-06	5.56258560e-05	2.03225328e-03	-2.74261477e+00	-1.92784892e+00	-1.74970291e+00	-3.02837406e+00	9.19899151e-03
10000	10000	388	7.37536873e-06	1.00010000e+02	1.00000000e+03	7.37463127e-10	7.63776064e-11	6.25511521e-05	9.26619002e-05	7.59929654e-06	5.56234019e-05	2.03225189e-03	-2.74262601e+00	-1.92785738e+00	-1.74970291e+00	-3.02839322e+00	9.19869586e-03
10000	10000	389	7.37536873e-06	1.00010000e+02	1.00000000e+03	7.37463127e-10	7.63776064e-11	6.25495842e-05	9.26601513e-05	7.59929653e-06	5.56210257e-05	2.03225053e-03	-2.74263690e+00	-1.92786558e+00	-1.74970291e+00	-3.02841178e+00	9.19840504e-03
10000	10000	390	7.37536873e-06	1.00010000e+02	1.00000000e+03	7.37463127e-10	7.63776064e-11	6.25480660e-05	9.26584579e-05	7.59929652e-06	5.56187249e-05	2.03224919e-03	-2.74264744e+00	-1.92787352e+00	-1.74970291e+00	-3.02842974e+00	9.19811884e-03
10000	10000	391	7.37536873e-06	1.00010000e+02	1.00000000e+03	7.37463127e-10	7.63776064e-11	6.25465961e-05	9.26568183e-05	7.59929652e-06	5.56164971e-05	2.03224788e-03	-2.74265764e+00	-1.92788120e+00	-1.74970291e+00	-3.02844714e+00	9.19783721e-03
10000	10000	392	7.37536873e-06	1.00010000e+02	1.00000000e+03	7.37463127e-10	7.63776064e-11	6.25451728e-05	9.26552308e-05	7.59929651e-06	5.56143401e-05	2.03224658e-03	-2.74266753e+00	-1.92788864e+00	-1.74970292e+00	-3.02846398e+00	9.19756008e-03
10000	10000	393	7.37536873e-06	1.00010000e+02	1.00000000e+03	7.37463127e-10	7.63776064e-11	6.25437947e-05	9.26536936e-05	7.59929650e-06	5.56122514e-05	2.03224530e-03	-2.74267710e+00	-1.92789585e+00	-1.74970292e+00	-3.02848029e+00	9.19728741e-03
10000	10000	394	7.37536873e-06	1.00010000e+02	1.00000000e+03	7.37463127e-10	7.63776064e-11	6.25424603e-05	9.26522053e-05	7.59929650e-06	5.56102291e-05	2.03224405e-03	-2.74268636e+00	-1.92790282e+00	-1.74970292e+00	-3.02849609e+00	9.19701910e-03
10000	10000	395	7.37536873e-06	1.00010000e+02	1.00000000e+03	7.37463127e-10	7.63776064e-11	6.25411684e-05	9.26507642e-05	7.59929649e-06	5.56082710e-05	2.03224281e-03	-2.74269533e+00	-1.92790958e+00	-1.74970292e+00	-3.02851138e+00	9.19675508e-03
10000	10000	396	7.37536873e-06	1.00010000e+02	1.00000000e+03	7.37463127e-10	7.63776064e-11	6.25399174e-05	9.26493689e-05	7.59929648e-06	5.56063750e-05	2.03224160e-03	-2.74270402e+00	-1.92791612e+00	-1.74970292e+00	-3.02852619e+00	9.19649533e-03
10000	10000	397	7.37536873e-06	1.00010000e+02	1.00000000e+03	7.37463127e-10	7.63776064e-11	6.25387062e-05	9.26480180e-05	7.59929648e-06	5.56045392e-05	2.03224040e-03	-2.74271243e+00	-1.92792245e+00	-1.74970292e+00	-3.02854052e+00	9.19623970e-03
10000	10000	398	7.37536873e-06	1.00010000e+02	1.00000000e+03	7.37463127e-10	7.63776064e-11	6.25375334e-05	9.26467099e-05	7.59929647e-06	5.56027616e-05	2.03223922e-03	-2.74272058e+00	-1.92792858e+00	-1.74970292e+00	-3.02855441e+00	9.19598822e-03
10000	10000	399	7.37536873e-06	1.00010000e+02	1.00000000e+03	7.37463127e-10	7.63776064e-11	6.25363979e-05	9.26454433e-05	7.59929646e-06	5.56010405e-05	2.03223807e-03	-2.74272846e+00	-1.92793452e+00	-1.74970292e+00	-3.02856785e+00	9.19574070e-03
10000	10000	400	7.37536873e-06	1.00010000e+02	1.00000000e+03	7.37463127e-10	7.63776064e-11	6.25352984e-05	9.26442170e-05	7.59929646e-06	5.55993740e-05	2.03223693e-03	-2.74273610e+00	-1.92794027e+00	-1.74970292e+00	-3.02858087e+00	9.19549716e-03
10000	10000	401	7.37536873e-06	1.00010000e+02	1.00000000e+03	7.37463127e-10	7.63776064e-11	6.25342339e-05	9.26430297e-05	7.59929645e-06	5.55977605e-05	2.03223581e-03	-2.74274349e+00	-1.92794584e+00	-1.74970292e+00	-3.02859347e+00	9.19525753e-03
10000	10000	402	7.37536873e-06	1.00010000e+02	1.00000000e+03	7.37463127e-10	7.63776064e-11	6.25332031e-05	9.26418800e-05	7.59929644e-06	5.55961981e-05	2.03223470e-03	-2.74275065e+00	-1.92795123e+00	-1.74970292e+00	-3.02860568e+00	9.19502173e-03
10000	10000	403	7.37536873e-06	1.00010000e+02	1.00000000e+03	7.37463127e-10	7.63776064e-11	6.25322051e-05	9.26407669e-05	7.59929644e-06	5.55946854e-05	2.03223362e-03	-2.74275758e+00	-1.92795644e+00	-1.74970292e+00	-3.02861749e+00	9.19478972e-03
10000	10000	404	7.37536873e-06	1.00010000e+02	1.00000000e+03	7.37463127e-10	7.63776064e-11	6.25312388e-05	9.26396891e-05	7.59929643e-06	5.55932207e-05	2.03223255e-03	-2.74276429e+00	-1.92796150e+00	-1.74970292e+00	-3.02862894e+00	9.19456143e-03
10000	10000	405	7.37536873e-06	1.00010000e+02	1.00000000e+03	7.37463127e-10	7.63776064e-11	6.25303032e-05	9.26386455e-05	7.59929643e-06	5.55918025e-05	2.03223150e-03	-2.74277079e+00	-1.92796639e+00	-1.74970292e+00	-3.02864001e+00	9.19433675e-03
10000	10000	406	7.37536873e-06	1.00010000e+02	1.00000000e+03	7.37463127e-10	7.63776065e-11	6.25293973e-05	9.26376351e-05	7.59929642e-06	5.55904293e-05	2.03223046e-03	-2.74277708e+00	-1.92797113e+00	-1.74970292e+00	-3.02865074e+00	9.19411573e-03
10000	10000	407	7.37536873e-06	1.00010000e+02	1.00000000e+03	7.37463127e-10	7.63776065e-11	6.25285201e-05	9.26366568e-05	7.59929642e-06	5.55890997e-05	2.03222944e-03	-2.74278317e+00	-1.92797571e+00	-1.74970292e+00	-3.02866113e+00	9.19389823e-03
10000	10000	408	7.37536873e-06	1.00010000e+02	1.00000000e+03	7.37463127e-10	7.63776065e-11	6.25276709e-05	9.26357095e-05	7.59929641e-06	5.55878123e-05	2.03222844e-03	-2.74278907e+00	-1.92798015e+00	-1.74970292e+00	-3.02867119e+00	9.19368418e-03
10000	10000	409	7.37536873e-06	1.00010000e+02	1.00000000e+03	7.37463127e-10	7.63776065e-11	6.25268485e-05	9.26347924e-05	7.59929641e-06	5.55865659e-05	2.03222746e-03	-2.74279478e+00	-1.92798445e+00	-1.74970292e+00	-3.02868093e+00	9.19347361e-03
10000	10000	410	7.37536873e-06	1.00010000e+02	1.00000000e+03	7.37463127e-10	7.63776065e-11	6.25260523e-05	9.26339043e-05	7.59929640e-06	5.55853589e-05	2.03222649e-03	-2.74280031e+00	-1.92798862e+00	-1.74970292e+00	-3.02869036e+00	9.19326642e-03
10000	10000	411	7.37536873e-06	1.00010000e+02	1.00000000e+03	7.37463127e-10	7.63776065e-11	6.25252814e-05	9.26330445e-05	7.59929639e-06	5.55841904e-05	2.03222553e-03	-2.74280567e+00	-1.92799265e+00	-1.74970292e+00	-3.02869949e+00	9.19306249e-03
10000	10000	412	7.37536873e-06	1.00010000e+02	1.00000000e+03	7.37463127e-10	7.63776065e-11	6.25245350e-05	9.26322120e-05	7.59929639e-06	5.55830589e-05	2.03222459e-03	-2.74281085e+00	-1.92799655e+00	-1.74970292e+00	-3.02870833e+00	9.19286184e-03
10000	10000	413	7.37536873e-06	1.00010000e+02	1.00000000e+03	7.37463127e-10	7.63776065e-11	6.25238123e-05	9.26314059e-05	7.59929638e-06	5.55819633e-05	2.03222367e-03	-2.74281587e+00	-1.92800033e+00	-1.74970292e+00	-3.02871689e+00	9.19266444e-03
10000	10000	414	7.37536873e-06	1.00010000e+02	1.00000000e+03	7.37463127e-10	7.63776065e-11	6.25231126e-05	9.26306255e-05	7.59929638e-06	5.55809026e-05	2.03222276e-03	-2.74282073e+00	-1.92800399e+00	-1.74970292e+00	-3.02872517e+00	9.19247018e-03
10000	10000	415	7.37536873e-06	1.00010000e+02	1.00000000e+03	7.37463127e-10	7.63776065e-11	6.25224350e-05	9.26298698e-05	7.59929637e-06	5.55798755e-05	2.03222187e-03	-2.74282544e+00	-1.92800753e+00	-1.74970292e+00	-3.02873320e+00	9.19227903e-03
10000	10000	416	7.37536873e-06	1.00010000e+02	1.00000000e+03	7.37463127e-10	7.63776065e-11	6.25217790e-05	9.26291381e-05	7.59929637e-06	5.55788811e-05	2.03222099e-03	-2.74283000e+00	-1.92801096e+00	-1.74970292e+00	-3.02874097e+00	9.19209091e-03
10000	10000	417	7.37536873e-06	1.00010000e+02	1.00000000e+03	7.37463127e-10	7.63776065e-11	6.25211438e-05	9.26284297e-05	7.59929637e-06	5.55779182e-05	2.03222012e-03	-2.74283441e+00	-1.92801428e+00	-1.74970292e+00	-3.02874849e+00	9.19190586e-03
10000	10000	418	7.37536873e-06	1.00010000e+02	1.00000000e+03	7.37463127e-10	7.63776065e-11	6.25205288e-05	9.26277437e-05	7.59929636e-06	5.55769859e-05	2.03221927e-03	-2.74283868e+00	-1.92801750e+00	-1.74970292e+00	-3.02875578e+00	9.19172375e-03
10000	10000	419	7.37536873e-06	1.00010000e+02	1.00000000e+03	7.37463127e-10	7.63776065e-11	6.25199334e-05	9.26270796e-05	7.59929636e-06	5.55760832e-05	2.03221843e-03	-2.74284282e+00	-1.92802061e+00	-1.74970292e+00	-3.02876283e+00	9.19154453e-03
10000	10000	420	7.37536873e-06	1.00010000e+02	1.00000000e+03	7.37463127e-10	7.63776065e-11	6.25193568e-05	9.26264365e-05	7.59929635e-06	5.55752092e-05	2.03221761e-03	-2.74284682e+00	-1.92802363e+00	-1.74970292e+00	-3.02876966e+00	9.19136824e-03
10000	10000	421	7.37536873e-06	1.00010000e+02	1.00000000e+03	7.37463127e-10	7.63776065e-11	6.25187986e-05	9.26258139e-05	7.59929635e-06	5.55743630e-05	2.03221679e-03	-2.74285070e+00	-1.92802655e+00	-1.74970292e+00	-3.02877628e+00	9.19119472e-03
10000	10000	422	7.37536873e-06	1.00010000e+02	1.00000000e+03	7.37463127e-10	7.63776065e-11	6.25182581e-05	9.26252111e-05	7.59929634e-06	5.55735436e-05	2.03221599e-03	-2.74285445e+00	-1.92802937e+00	-1.74970292e+00	-3.02878268e+00	9.19102401e-03
10000	10000	423	7.37536873e-06	1.00010000e+02	1.00000000e+03	7.37463127e-10	7.63776065e-11	6.25177347e-05	9.26246274e-05	7.59929634e-06	5.55727502e-05	2.03221521e-03	-2.74285809e+00	-1.92803211e+00	-1.74970293e+00	-3.02878888e+00	9.19085600e-03
10000	10000	424	7.37536873e-06	1.00010000e+02	1.00000000e+03	7.37463127e-10	7.63776065e-11	6.25172280e-05	9.26240622e-05	7.59929633e-06	5.55719821e-05	2.03221444e-03	-2.74286161e+00	-1.92803476e+00	-1.74970293e+00	-3.02879488e+00	9.19069069e-03
10000	10000	425	7.37536873e-06	1.00010000e+02	1.00000000e+03	7.37463127e-10	7.63776065e-11	6.25167374e-05	9.26235150e-05	7.59929633e-06	5.55712383e-05	2.03221367e-03	-2.74286502e+00	-1.92803733e+00	-1.74970293e+00	-3.02880070e+00	9.19052807e-03
10000	10000	426	7.37536873e-06	1.00010000e+02	1.00000000e+03	7.37463127e-10	7.63776065e-11	6.25162624e-05	9.26229852e-05	7.59929633e-06	5.55705182e-05	2.03221293e-03	-2.74286832e+00	-1.92803981e+00	-1.74970293e+00	-3.02880632e+00	9.19036801e-03
10000	10000	427	7.37536873e-06	1.00010000e+02	1.00000000e+03	7.37463127e-10	7.63776065e-11	6.25158024e-05	9.26224722e-05	7.59929632e-06	5.55698209e-05	2.03221219e-03	-2.74287151e+00	-1.92804222e+00	-1.74970293e+00	-3.02881177e+00	9.19021052e-03
10000	10000	428	7.37536873e-06	1.00010000e+02	1.00000000e+03	7.37463127e-10	7.63776065e-11	6.25153571e-05	9.26219755e-05	7.59929632e-06	5.55691458e-05	2.03221146e-03	-2.74287461e+00	-1.92804454e+00	-1.74970293e+00	-3.02881705e+00	9.19005559e-03
10000	10000	429	7.37536873e-06	1.00010000e+02	1.00000000e+03	7.37463127e-10	7.63776065e-11	6.25149259e-05	9.26214946e-05	7.59929631e-06	5.55684922e-05	2.03221075e-03	-2.74287760e+00	-1.92804680e+00	-1.74970293e+00	-3.02882216e+00	9.18990312e-03
10000	10000	430	7.37536873e-06	1.00010000e+02	1.00000000e+03	7.37463127e-10	7.63776065e-11	6.25145084e-05	9.26210290e-05	7.59929631e-06	5.55678593e-05	2.03221005e-03	-2.74288050e+00	-1.92804898e+00	-1.74970293e+00	-3.02882710e+00	9.18975304e-03
10000	10000	431	7.37536873e-06	1.00010000e+02	1.00000000e+03	7.37463127e-10	7.63776065e-11	6.25141042e-05	9.26205781e-05	7.59929631e-06	5.55672465e-05	2.03220936e-03	-2.74288331e+00	-1.92805110e+00	-1.74970293e+00	-3.02883189e+00	9.18960541e-03
10000	10000	432	7.37536873e-06	1.00010000e+02	1.00000000e+03	7.37463127e-10	7.63776065e-11	6.25137128e-05	9.26201416e-05	7.59929630e-06	5.55666531e-05	2.03220868e-03	-2.74288603e+00	-1.92805314e+00	-1.74970293e+00	-3.02883653e+00	9.18946018e-03
10000	10000	433	7.37536873e-06	1.00010000e+02	1.00000000e+03	7.37463127e-10	7.63776065e-11	6.25133339e-05	9.26197189e-05	7.59929630e-06	5.55660786e-05	2.03220801e-03	-2.74288866e+00	-1.92805513e+00	-1.74970293e+00	-3.02884102e+00	9.18931721e-03
10000	10000	434	7.37536873e-06	1.00010000e+02	1.00000000e+03	7.37463127e-10	7.63776065e-11	6.25129670e-05	9.26193097e-05	7.59929630e-06	5.55655224e-05	2.03220735e-03	-2.74289121e+00	-1.92805704e+00	-1.74970293e+00	-3.02884537e+00	9.18917657e-03
10000	10000	435	7.37536873e-06	1.00010000e+02	1.00000000e+03	7.37463127e-10	7.63776065e-11	6.25126117e-05	9.26189135e-05	7.59929629e-06	5.55649838e-05	2.03220670e-03	-2.74289368e+00	-1.92805890e+00	-1.74970293e+00	-3.02884958e+00	9.18903816e-03
10000	10000	436	7.37536873e-06	1.00010000e+02	1.00000000e+03	7.37463127e-10	7.63776065e-11	6.25122677e-05	9.26185298e-05	7.59929629e-06	5.55644624e-05	2.03220607e-03	-2.74289607e+00	-1.92806070e+00	-1.74970293e+00	-3.02885365e+00	9.18890196e-03
10000	10000	437	7.37536873e-06	1.00010000e+02	1.00000000e+03	7.37463127e-10	7.63776065e-11	6.25119347e-05	9.26181584e-05	7.59929629e-06	5.55639575e-05	2.03220544e-03	-2.74289838e+00	-1.92806244e+00	-1.74970293e+00	-3.02885760e+00	9.18876800e-03
10000	10000	438	7.37536873e-06	1.00010000e+02	1.00000000e+03	7.37463127e-10	7.63776065e-11	6.25116122e-05	9.26177987e-05	7.59929628e-06	5.55634686e-05	2.03220482e-03	-2.74290062e+00	-1.92806413e+00	-1.74970293e+00	-3.02886142e+00	9.18863613e-03
10000	10000	439	7.37536873e-06	1.00010000e+02	1.00000000e+03	7.37463127e-10	7.63776065e-11	6.25113000e-05	9.26174505e-05	7.59929628e-06	5.55629953e-05	2.03220421e-03	-2.74290279e+00	-1.92806576e+00	-1.74970293e+00	-3.02886512e+00	9.18850638e-03
10000	10000	440	7.37536873e-06	1.00010000e+02	1.00000000e+03	7.37463127e-10	7.63776065e-11	6.25109977e-05	9.26171133e-05	7.59929628e-06	5.55625370e-05	2.03220362e-03	-2.74290489e+00	-1.92806734e+00	-1.74970293e+00	-3.02886870e+00	9.18837869e-03
10000	10000	441	7.37536873e-06	1.00010000e+02	1.00000000e+03	7.37463127e-10	7.63776065e-11	6.25107050e-05	9.26167869e-05	7.59929627e-06	5.55620933e-05	2.03220303e-03	-2.74290693e+00	-1.92806887e+00	-1.74970293e+00	-3.02887217e+00	9.18825310e-03
10000	10000	442	7.37536873e-06	1.00010000e+02	1.00000000e+03	7.37463127e-10	7.63776065e-11	6.25104216e-05	9.26164708e-05	7.59929627e-06	5.55616636e-05	2.03220245e-03	-2.74290890e+00	-1.92807036e+00	-1.74970293e+00	-3.02887553e+00	9.18812949e-03
10000	10000	443	7.37536873e-06	1.00010000e+02	1.00000000e+03	7.37463127e-10	7.63776065e-11	6.25101472e-05	9.26161647e-05	7.59929627e-06	5.55612477e-05	2.03220188e-03	-2.74291080e+00	-1.92807179e+00	-1.74970293e+00	-3.02887878e+00	9.18800785e-03
10000	10000	444	7.37536873e-06	1.00010000e+02	1.00000000e+03	7.37463127e-10	7.63776065e-11	6.25098815e-05	9.26158684e-05	7.59929626e-06	5.55608449e-05	2.03220132e-03	-2.74291265e+00	-1.92807318e+00	-1.74970293e+00	-3.02888193e+00	9.18788817e-03
10000	10000	445	7.37536873e-06	1.00010000e+02	1.00000000e+03	7.37463127e-10	7.63776065e-11	6.25096243e-05	9.26155815e-05	7.59929626e-06	5.55604549e-05	2.03220077e-03	-2.74291443e+00	-1.92807453e+00	-1.74970293e+00	-3.02888498e+00	9.18777040e-03
10000	10000	446	7.37536873e-06	1.00010000e+02	1.00000000e+03	7.37463127e-10	7.63776065e-11	6.25093752e-05	9.26153037e-05	7.59929626e-06	5.55600773e-05	2.03220023e-03	-2.74291616e+00	-1.92807583e+00	-1.74970293e+00	-3.02888793e+00	9.18765452e-03
10000	10000	447	7.37536873e-06	1.00010000e+02	1.00000000e+03	7.37463127e-10	7.63776065e-11	6.25091341e-05	9.26150347e-05	7.59929625e-06	5.55597117e-05	2.03219969e-03	-2.74291784e+00	-1.92807709e+00	-1.74970293e+00	-3.02889079e+00	9.18754050e-03
10000	10000	448	7.37536873e-06	1.00010000e+02	1.00000000e+03	7.37463127e-10	7.63776065e-11	6.25089006e-05	9.26147743e-05	7.59929625e-06	5.55593578e-05	2.03219917e-03	-2.74291946e+00	-1.92807831e+00	-1.74970293e+00	-3.02889355e+00	9.18742830e-03
10000	10000	449	7.37536873e-06	1.00010000e+02	1.00000000e+03	7.37463127e-10	7.63776065e-11	6.25086745e-05	9.26145222e-05	7.59929625e-06	5.55590150e-05	2.03219865e-03	-2.74292103e+00	-1.92807949e+00	-1.74970293e+00	-3.02889623e+00	9.18731790e-03
10000	10000	450	7.37536873e-06	1.00010000e+02	1.00000000e+03	7.37463127e-10	7.63776065e-11	6.25084556e-05	9.26142780e-05	7.59929625e-06	5.55586832e-05	2.03219814e-03	-2.74292255e+00	-1.92808064e+00	-1.74970293e+00	-3.02889883e+00	9.18720928e-03
10000	10000	451	7.37536873e-06	1.00010000e+02	1.00000000e+03	7.37463127e-10	7.63776065e-11	6.25082437e-05	9.26140416e-05	7.59929624e-06	5.55583619e-05	2.03219764e-03	-2.74292403e+00	-1.92808175e+00	-1.74970293e+00	-3.02890134e+00	9.18710240e-03
10000	10000	452	7.37536873e-06	1.00010000e+02	1.00000000e+03	7.37463127e-10	7.63776065e-11	6.25080385e-05	9.26138128e-05	7.59929624e-06	5.55580508e-05	2.03219715e-03	-2.74292545e+00	-1.92808282e+00	-1.74970293e+00	-3.02890377e+00	9.18699719e-03
10000	10000	453	7.37536873e-06	1.00010000e+02	1.00000000e+03	7.37463127e-10	7.63776065e-11	6.25078398e-05	9.26135912e-05	7.59929624e-06	5.55577496e-05	2.03219667e-03	-2.74292683e+00	-1.92808386e+00	-1.74970293e+00	-3.02890612e+00	9.18689369e-03
10000	10000	454	7.37536873e-06	1.00010000e+02	1.00000000e+03	7.37463127e-10	7.63776065e-11	6.25076474e-05	9.26133766e-05	7.59929623e-06	5.55574580e-05	2.03219619e-03	-2.74292817e+00	-1.92808487e+00	-1.74970293e+00	-3.02890840e+00	9.18679187e-03
10000	10000	455	7.37536873e-06	1.00010000e+02	1.00000000e+03	7.37463127e-10	7.63776065e-11	6.25074612e-05	9.26131688e-05	7.59929623e-06	5.55571756e-05	2.03219572e-03	-2.74292946e+00	-1.92808584e+00	-1.74970293e+00	-3.02891061e+00	9.18669161e-03
10000	10000	456	7.37536873e-06	1.00010000e+02	1.00000000e+03	7.37463127e-10	7.63776065e-11	6.25072808e-05	9.26129677e-05	7.59929623e-06	5.55569022e-05	2.03219526e-03	-2.74293072e+00	-1.92808678e+00	-1.74970293e+00	-3.02891275e+00	9.18659304e-03
10000	10000	457	7.37536873e-06	1.00010000e+02	1.00000000e+03	7.37463127e-10	7.63776065e-11	6.25071062e-05	9.26127729e-05	7.59929623e-06	5.55566375e-05	2.03219481e-03	-2.74293193e+00	-1.92808770e+00	-1.74970293e+00	-3.02891482e+00	9.18649602e-03
10000	10000	458	7.37536873e-06	1.00010000e+02	1.00000000e+03	7.37463127e-10	7.63776065e-11	6.25069372e-05	9.26125844e-05	7.59929622e-06	5.55563812e-05	2.03219436e-03	-2.74293310e+00	-1.92808858e+00	-1.74970293e+00	-3.02891682e+00	9.18640055e-03
10000	10000	459	7.37536873e-06	1.00010000e+02	1.00000000e+03	7.37463127e-10	7.63776065e-11	6.25067735e-05	9.26124018e-05	7.59929622e-06	5.55561330e-05	2.03219392e-03	-2.74293424e+00	-1.92808944e+00	-1.74970293e+00	-3.02891876e+00	9.18630663e-03
10000	10000	460	7.37536873e-06	1.00010000e+02	1.00000000e+03	7.37463127e-10	7.63776065e-11	6.25066150e-05	9.26122250e-05	7.59929622e-06	5.55558928e-05	2.03219349e-03	-2.74293534e+00	-1.92809027e+00	-1.74970293e+00	-3.02892064e+00	9.18621416e-03
10000	10000	461	7.37536873e-06	1.00010000e+02	1.00000000e+03	7.37463127e-10	7.63776065e-11	6.25064615e-05	9.26120538e-05	7.59929622e-06	5.55556601e-05	2.03219306e-03	-2.74293641e+00	-1.92809107e+00	-1.74970293e+00	-3.02892246e+00	9.18612324e-03
10000	10000	462	7.37536873e-06	1.00010000e+02	1.00000000e+03	7.37463127e-10	7.63776065e-11	6.25063129e-05	9.26118881e-05	7.59929622e-06	5.55554349e-05	2.03219264e-03	-2.74293744e+00	-1.92809185e+00	-1.74970293e+00	-3.02892422e+00	9.18603372e-03
10000	10000	463	7.37536873e-06	1.00010000e+02	1.00000000e+03	7.37463127e-10	7.63776065e-11	6.25061691e-05	9.26117276e-05	7.59929621e-06	5.55552168e-05	2.03219223e-03	-2.74293844e+00	-1.92809260e+00	-1.74970293e+00	-3.02892592e+00	9.18594565e-03
10000	10000	464	7.37536873e-06	1.00010000e+02	1.00000000e+03	7.37463127e-10	7.63776065e-11	6.25060298e-05	9.26115723e-05	7.59929621e-06	5.55550056e-05	2.03219183e-03	-2.74293941e+00	-1.92809333e+00	-1.74970293e+00	-3.02892757e+00	9.18585901e-03
10000	10000	465	7.37536873e-06	1.00010000e+02	1.00000000e+03	7.37463127e-10	7.63776065e-11	6.25058949e-05	9.26114219e-05	7.59929621e-06	5.55548012e-05	2.03219143e-03	-2.74294035e+00	-1.92809403e+00	-1.74970293e+00	-3.02892917e+00	9.18577370e-03
10000	10000	466	7.37536873e-06	1.00010000e+02	1.00000000e+03	7.37463127e-10	7.63776065e-11	6.25057643e-05	9.26112762e-05	7.59929621e-06	5.55546032e-05	2.03219103e-03	-2.74294125e+00	-1.92809472e+00	-1.74970293e+00	-3.02893072e+00	9.18568981e-03
10000	10000	467	7.37536873e-06	1.00010000e+02	1.00000000e+03	7.37463127e-10	7.63776065e-11	6.25056379e-05	9.26111352e-05	7.59929620e-06	5.55544116e-05	2.03219065e-03	-2.74294213e+00	-1.92809538e+00	-1.74970293e+00	-3.02893222e+00	9.18560723e-03
10000	10000	468	7.37536873e-06	1.00010000e+02	1.00000000e+03	7.37463127e-10	7.63776065e-11	6.25055155e-05	9.26109986e-05	7.59929620e-06	5.55542260e-05	2.03219027e-03	-2.74294298e+00	-1.92809602e+00	-1.74970293e+00	-3.02893367e+00	9.18552604e-03
10000	10000	469	7.37536873e-06	1.00010000e+02	1.00000000e+03	7.37463127e-10	7.63776065e-11	6.25053970e-05	9.26108664e-05	7.59929620e-06	5.55540463e-05	2.03218989e-03	-2.74294381e+00	-1.92809664e+00	-1.74970293e+00	-3.02893507e+00	9.18544610e-03
10000	10000	470	7.37536873e-06	1.00010000e+02	1.00000000e+03	7.37463127e-10	7.63776065e-11	6.25052822e-05	9.26107384e-05	7.59929620e-06	5.55538723e-05	2.03218953e-03	-2.74294460e+00	-1.92809724e+00	-1.74970293e+00	-3.02893643e+00	9.18536743e-03
10000	10000	471	7.37536873e-06	1.00010000e+02	1.00000000e+03	7.37463127e-10	7.63776065e-11	6.25051711e-05	9.26106145e-05	7.59929620e-06	5.55537039e-05	2.03218916e-03	-2.74294537e+00	-1.92809782e+00	-1.74970293e+00	-3.02893775e+00	9.18529004e-03
10000	10000	472	7.37536873e-06	1.00010000e+02	1.00000000e+03	7.37463127e-10	7.63776065e-11	6.25050635e-05	9.26104945e-05	7.59929619e-06	5.55535408e-05	2.03218881e-03	-2.74294612e+00	-1.92809838e+00	-1.74970293e+00	-3.02893903e+00	9.18521389e-03
10000	10000	473	7.37536873e-06	1.00010000e+02	1.00000000e+03	7.37463127e-10	7.63776065e-11	6.25049593e-05	9.26103783e-05	7.59929619e-06	5.55533829e-05	2.03218846e-03	-2.74294685e+00	-1.92809893e+00	-1.74970293e+00	-3.02894026e+00	9.18513894e-03
10000	10000	474	7.37536873e-06	1.00010000e+02	1.00000000e+03	7.37463127e-10	7.63776065e-11	6.25048585e-05	9.26102658e-05	7.59929619e-06	5.55532300e-05	2.03218811e-03	-2.74294755e+00	-1.92809945e+00	-1.74970293e+00	-3.02894145e+00	9.18506519e-03
10000	10000	475	7.37536873e-06	1.00010000e+02	1.00000000e+03	7.37463127e-10	7.63776065e-11	6.25047608e-05	9.26101569e-05	7.59929619e-06	5.55530820e-05	2.03218777e-03	-2.74294823e+00	-1.92809996e+00	-1.74970293e+00	-3.02894261e+00	9.18499267e-03
10000	10000	476	7.37536873e-06	1.00010000e+02	1.00000000e+03	7.37463127e-10	7.63776065e-11	6.25046663e-05	9.26100514e-05	7.59929619e-06	5.55529387e-05	2.03218744e-03	-2.74294888e+00	-1.92810046e+00	-1.74970293e+00	-3.02894373e+00	9.18492126e-03
10000	10000	477	7.37536873e-06	1.00010000e+02	1.00000000e+03	7.37463127e-10	7.63776065e-11	6.25045747e-05	9.26099493e-05	7.59929619e-06	5.55527999e-05	2.03218711e-03	-2.74294952e+00	-1.92810094e+00	-1.74970293e+00	-3.02894482e+00	9.18485100e-03
10000	10000	478	7.37536873e-06	1.00010000e+02	1.00000000e+03	7.37463127e-10	7.63776065e-11	6.25044861e-05	9.26098504e-05	7.59929618e-06	5.55526655e-05	2.03218679e-03	-2.74295013e+00	-1.92810140e+00	-1.74970293e+00	-3.02894587e+00	9.18478189e-03
10000	10000	479	7.37536873e-06	1.00010000e+02	1.00000000e+03	7.37463127e-10	7.63776065e-11	6.25044003e-05	9.26097547e-05	7.59929618e-06	5.55525354e-05	2.03218647e-03	-2.74295073e+00	-1.92810185e+00	-1.74970293e+00	-3.02894688e+00	9.18471385e-03
10000	10000	480	7.37536873e-06	1.00010000e+02	1.00000000e+03	7.37463127e-10	7.63776065e-11	6.25043172e-05	9.26096620e-05	7.59929618e-06	5.55524095e-05	2.03218615e-03	-2.74295131e+00	-1.92810229e+00	-1.74970293e+00	-3.02894787e+00	9.18464695e-03
10000	10000	481	7.37536873e-06	1.00010000e+02	1.00000000e+03	7.37463127e-10	7.63776065e-11	6.25042367e-05	9.26095723e-05	7.59929618e-06	5.55522875e-05	2.03218585e-03	-2.74295187e+00	-1.92810271e+00	-1.74970293e+00	-3.02894882e+00	9.18458110e-03
10000	10000	482	7.37536873e-06	1.00010000e+02	1.00000000e+03	7.37463127e-10	7.63776065e-11	6.25041588e-05	9.26094854e-05	7.59929618e-06	5.55521694e-05	2.03218554e-03	-2.74295241e+00	-1.92810311e+00	-1.74970293e+00	-3.02894975e+00	9.18451629e-03
10000	10000	483	7.37536873e-06	1.00010000e+02	1.00000000e+03	7.37463127e-10	7.63776065e-11	6.25040834e-05	9.26094013e-05	7.59929618e-06	5.55520551e-05	2.03218524e-03	-2.74295293e+00	-1.92810351e+00	-1.74970293e+00	-3.02895064e+00	9.18445250e-03
10000	10000	484	7.37536873e-06	1.00010000e+02	1.00000000e+03	7.37463127e-10	7.63776065e-11	6.25040104e-05	9.26093198e-05	7.59929617e-06	5.55519444e-05	2.03218495e-03	-2.74295344e+00	-1.92810389e+00	-1.74970293e+00	-3.02895151e+00	9.18438980e-03
10000	10000	485	7.37536873e-06	1.00010000e+02	1.00000000e+03	7.37463127e-10	7.63776065e-11	6.25039397e-05	9.26092409e-05	7.59929617e-06	5.55518372e-05	2.03218466e-03	-2.74295393e+00	-1.92810426e+00	-1.74970293e+00	-3.02895234e+00	9.18432803e-03
10000	10000	486	7.37536873e-06	1.00010000e+02	1.00000000e+03	7.37463127e-10	7.63776065e-11	6.25038712e-05	9.26091646e-05	7.59929617e-06	5.55517335e-05	2.03218438e-03	-2.74295441e+00	-1.92810462e+00	-1.74970293e+00	-3.02895315e+00	9.18426730e-03
10000	10000	487	7.37536873e-06	1.00010000e+02	1.00000000e+03	7.37463127e-10	7.63776065e-11	6.25038049e-05	9.26090906e-05	7.59929617e-06	5.55516330e-05	2.03218410e-03	-2.74295487e+00	-1.92810497e+00	-1.74970293e+00	-3.02895394e+00	9.18420750e-03
10000	10000	488	7.37536873e-06	1.00010000e+02	1.00000000e+03	7.37463127e-10	7.63776065e-11	6.25037408e-05	9.26090190e-05	7.59929617e-06	5.55515357e-05	2.03218382e-03	-2.74295531e+00	-1.92810530e+00	-1.74970293e+00	-3.02895470e+00	9.18414868e-03
10000	10000	489	7.37536873e-06	1.00010000e+02	1.00000000e+03	7.37463127e-10	7.63776065e-11	6.25036786e-05	9.26089497e-05	7.59929617e-06	5.55514415e-05	2.03218355e-03	-2.74295574e+00	-1.92810563e+00	-1.74970293e+00	-3.02895544e+00	9.18409080e-03
10000	10000	490	7.37536873e-06	1.00010000e+02	1.00000000e+03	7.37463127e-10	7.63776065e-11	6.25036185e-05	9.26088826e-05	7.59929616e-06	5.55513503e-05	2.03218329e-03	-2.74295616e+00	-1.92810594e+00	-1.74970293e+00	-3.02895615e+00	9.18403385e-03
10000	10000	491	7.37536873e-06	1.00010000e+02	1.00000000e+03	7.37463127e-10	7.63776065e-11	6.25035602e-05	9.26088176e-05	7.59929616e-06	5.55512620e-05	2.03218302e-03	-2.74295657e+00	-1.92810625e+00	-1.74970294e+00	-3.02895684e+00	9.18397784e-03
10000	10000	492	7.37536873e-06	1.00010000e+02	1.00000000e+03	7.37463127e-10	7.63776065e-11	6.25035038e-05	9.26087547e-05	7.59929616e-06	5.55511765e-05	2.03218277e-03	-2.74295696e+00	-1.92810654e+00	-1.74970294e+00	-3.02895751e+00	9.18392270e-03
10000	10000	493	7.37536873e-06	1.00010000e+02	1.00000000e+03	7.37463127e-10	7.63776065e-11	6.25034492e-05	9.26086938e-05	7.59929616e-06	5.55510937e-05	2.03218251e-03	-2.74295734e+00	-1.92810683e+00	-1.74970294e+00	-3.02895816e+00	9.18386843e-03
10000	10000	494	7.37536873e-06	1.00010000e+02	1.00000000e+03	7.37463127e-10	7.63776065e-11	6.25033963e-05	9.26086348e-05	7.59929616e-06	5.55510136e-05	2.03218226e-03	-2.74295771e+00	-1.92810710e+00	-1.74970294e+00	-3.02895878e+00	9.18381507e-03
10000	10000	495	7.37536873e-06	1.00010000e+02	1.00000000e+03	7.37463127e-10	7.63776065e-11	6.25033451e-05	9.26085777e-05	7.59929616e-06	5.55509360e-05	2.03218202e-03	-2.74295806e+00	-1.92810737e+00	-1.74970294e+00	-3.02895939e+00	9.18376248e-03
10000	10000	496	7.37536873e-06	1.00010000e+02	1.00000000e+03	7.37463127e-10	7.63776065e-11	6.25032956e-05	9.26085224e-05	7.59929616e-06	5.55508609e-05	2.03218177e-03	-2.74295841e+00	-1.92810763e+00	-1.74970294e+00	-3.02895998e+00	9.18371081e-03
10000	10000	497	7.37536873e-06	1.00010000e+02	1.00000000e+03	7.37463127e-10	7.63776065e-11	6.25032476e-05	9.26084689e-05	7.59929615e-06	5.55507881e-05	2.03218154e-03	-2.74295874e+00	-1.92810788e+00	-1.74970294e+00	-3.02896054e+00	9.18365996e-03
10000	10000	498	7.37536873e-06	1.00010000e+02	1.00000000e+03	7.37463127e-10	7.63776065e-11	6.25032011e-05	9.26084170e-05	7.59929615e-06	5.55507177e-05	2.03218130e-03	-2.74295906e+00	-1.92810812e+00	-1.74970294e+00	-3.02896110e+00	9.18360987e-03
10000	10000	499	7.37536873e-06	1.00010000e+02	1.00000000e+03	7.37463127e-10	7.63776065e-11	6.25031561e-05	9.26083668e-05	7.59929615e-06	5.55506495e-05	2.03218107e-03	-2.74295938e+00	-1.92810836e+00	-1.74970294e+00	-3.02896163e+00	9.18356064e-03
10000	10000	500	7.37536873e-06	1.00010000e+02	1.00000000e+03	7.37463127e-10	7.63776065e-11	6.25031125e-05	9.26083182e-05	7.59929615e-06	5.55505835e-05	2.03218084e-03	-2.74295968e+00	-1.92810859e+00	-1.74970294e+00	-3.02896214e+00	9.18351217e-03
