TITLE = "DT cycle-start spatial average"
VARIABLES = "step", "wallTime", "targetCycle", "runTime", "runCyc", "NeAve", "NiAve", "EeAve"
ZONE T="Average_phase0", F=POINT
0	0.00000000	0	0.00000000e+00	0.00000000	1.00000000e+14	1.00000000e+14	2.40315765e-05
100	90.30472185	1	7.37463127e-08	1.00000000	9.74637307e+13	1.15596114e+14	1.17893284e-04
200	179.19802356	2	1.47492625e-07	2.00000000	1.22631485e+14	1.47559428e+14	1.49266845e-04
300	268.02729555	3	2.21238938e-07	3.00000000	1.57046239e+14	1.86904497e+14	1.90420304e-04
400	357.36130871	4	2.94985251e-07	4.00000000	1.99203466e+14	2.33487147e+14	2.39630667e-04
500	446.37349658	5	3.68731563e-07	5.00000000	2.47689161e+14	2.86367323e+14	2.94816287e-04
600	536.83488383	6	4.42477876e-07	6.00000000	3.00631061e+14	3.43821752e+14	3.53604542e-04
700	628.44907161	7	5.16224189e-07	7.00000000	3.56100868e+14	4.03905503e+14	4.13723319e-04
800	718.53906891	8	5.89970501e-07	8.00000000	4.12375600e+14	4.64811277e+14	4.73677484e-04
900	808.31383074	9	6.63716814e-07	9.00000000	4.68065965e+14	5.25055358e+14	5.32083291e-04
1000	897.99707533	10	7.37463127e-07	10.00000000	5.22374279e+14	5.83763156e+14	5.88090838e-04
1100	987.68621511	11	8.11209440e-07	11.00000000	5.74884361e+14	6.40469411e+14	6.41350843e-04
1200	1077.39616496	12	8.84955752e-07	12.00000000	6.25402170e+14	6.94952145e+14	6.91763814e-04
1300	1167.67454092	13	9.58702065e-07	13.00000000	6.73937318e+14	7.47209217e+14	7.39605677e-04
1400	1258.51235014	14	1.03244838e-06	14.00000000	7.20675984e+14	7.97426319e+14	7.85221084e-04
1500	1349.36711427	15	1.10619469e-06	15.00000000	7.65835957e+14	8.45828956e+14	8.29001496e-04
1600	1440.35133329	16	1.17994100e-06	16.00000000	8.09663420e+14	8.92671440e+14	8.71308997e-04
1700	1530.23651629	17	1.25368732e-06	17.00000000	8.52377395e+14	9.38184931e+14	9.12469215e-04
1800	1620.04950814	18	1.32743363e-06	18.00000000	8.94093898e+14	9.82498219e+14	9.52698746e-04
1900	1710.02398364	19	1.40117994e-06	19.00000000	9.34840324e+14	1.02564785e+15	9.91909644e-04
2000	1800.21782421	20	1.47492625e-06	20.00000000	9.74588866e+14	1.06761706e+15	1.03010558e-03
2100	1890.21256178	21	1.54867257e-06	21.00000000	1.01331789e+15	1.10839578e+15	1.06725016e-03
2200	1980.25592442	22	1.62241888e-06	22.00000000	1.05101512e+15	1.14798320e+15	1.10330849e-03
2300	2069.99726355	23	1.69616519e-06	23.00000000	1.08766582e+15	1.18637325e+15	1.13829951e-03
2400	2159.68970670	24	1.76991150e-06	24.00000000	1.12323290e+15	1.22354124e+15	1.17219207e-03
2500	2249.36199486	25	1.84365782e-06	25.00000000	1.15781337e+15	1.25959811e+15	1.20495085e-03
2600	2339.37204891	26	1.91740413e-06	26.00000000	1.19156229e+15	1.29471188e+15	1.23667663e-03
2700	2429.89994600	27	1.99115044e-06	27.00000000	1.22458561e+15	1.32900044e+15	1.26748613e-03
2800	2520.41286900	28	2.06489676e-06	28.00000000	1.25687083e+15	1.36246165e+15	1.29747094e-03
2900	2610.99369390	29	2.13864307e-06	29.00000000	1.28839204e+15	1.39507825e+15	1.32663685e-03
3000	2701.10359178	30	2.21238938e-06	30.00000000	1.31913381e+15	1.42684179e+15	1.35497381e-03
3100	2790.91393517	31	2.28613569e-06	31.00000000	1.34908131e+15	1.45774305e+15	1.38247683e-03
3200	2880.53409052	32	2.35988201e-06	32.00000000	1.37823266e+15	1.48778339e+15	1.40915618e-03
3300	2970.16638966	33	2.43362832e-06	33.00000000	1.40657587e+15	1.51695653e+15	1.43502144e-03
3400	3059.70877877	34	2.50737463e-06	34.00000000	1.43410002e+15	1.54525418e+15	1.46008290e-03
3500	3149.26624950	35	2.58112094e-06	35.00000000	1.46078210e+15	1.57266018e+15	1.48432898e-03
3600	3238.77779060	36	2.65486726e-06	36.00000000	1.48661179e+15	1.59916741e+15	1.50772712e-03
3700	3328.35944207	37	2.72861357e-06	37.00000000	1.51162696e+15	1.62481675e+15	1.53027509e-03
3800	3417.90682243	38	2.80235988e-06	38.00000000	1.53585888e+15	1.64964255e+15	1.55201782e-03
3900	3507.52207512	39	2.87610619e-06	39.00000000	1.55934933e+15	1.67368962e+15	1.57300910e-03
4000	3598.10731350	40	2.94985251e-06	40.00000000	1.58212829e+15	1.69699086e+15	1.59330957e-03
4100	3688.87323764	41	3.02359882e-06	41.00000000	1.60423428e+15	1.71958729e+15	1.61295678e-03
4200	3779.59220528	42	3.09734513e-06	42.00000000	1.62569927e+15	1.74151352e+15	1.63199381e-03
4300	3870.11397253	43	3.17109145e-06	43.00000000	1.64655345e+15	1.76280204e+15	1.65044989e-03
4400	3959.97520211	44	3.24483776e-06	44.00000000	1.66682884e+15	1.78348711e+15	1.66835643e-03
4500	4049.61122134	45	3.31858407e-06	45.00000000	1.68654664e+15	1.80359176e+15	1.68573593e-03
4600	4139.25656790	46	3.39233038e-06	46.00000000	1.70574183e+15	1.82315260e+15	1.70262047e-03
4700	4228.86657765	47	3.46607670e-06	47.00000000	1.72443036e+15	1.84218700e+15	1.71903083e-03
4800	4318.50360622	48	3.53982301e-06	48.00000000	1.74263664e+15	1.86072059e+15	1.73499026e-03
4900	4408.46930087	49	3.61356932e-06	49.00000000	1.76038544e+15	1.87877934e+15	1.75052930e-03
5000	4499.82973586	50	3.68731563e-06	50.00000000	1.77769603e+15	1.89638316e+15	1.76567770e-03
5100	4591.02366829	51	3.76106195e-06	51.00000000	1.79458213e+15	1.91354823e+15	1.78044890e-03
5200	4682.05599278	52	3.83480826e-06	52.00000000	1.81106714e+15	1.93029904e+15	1.79485989e-03
5300	4773.26670928	53	3.90855457e-06	53.00000000	1.82715940e+15	1.94664532e+15	1.80892851e-03
5400	4864.62359674	54	3.98230088e-06	54.00000000	1.84286977e+15	1.96259842e+15	1.82266057e-03
5500	4955.83173541	55	4.05604720e-06	55.00000000	1.85822093e+15	1.97818168e+15	1.83607459e-03
5600	5046.52805479	56	4.12979351e-06	56.00000000	1.87322654e+15	1.99340947e+15	1.84918848e-03
5700	5136.82797670	57	4.20353982e-06	57.00000000	1.88789544e+15	2.00829120e+15	1.86201650e-03
5800	5227.36197375	58	4.27728614e-06	58.00000000	1.90224664e+15	2.02284653e+15	1.87457210e-03
5900	5317.94672170	59	4.35103245e-06	59.00000000	1.91629293e+15	2.03708877e+15	1.88686574e-03
6000	5408.35327211	60	4.42477876e-06	60.00000000	1.93003411e+15	2.05101823e+15	1.89890459e-03
6100	5498.65595889	61	4.49852507e-06	61.00000000	1.94348804e+15	2.06465308e+15	1.91068931e-03
6200	5588.90640136	62	4.57227139e-06	62.00000000	1.95666756e+15	2.07800660e+15	1.92223250e-03
6300	5679.31312467	63	4.64601770e-06	63.00000000	1.96958787e+15	2.09109355e+15	1.93354480e-03
6400	5769.59860824	64	4.71976401e-06	64.00000000	1.98225767e+15	2.10392404e+15	1.94463371e-03
6500	5860.06684571	65	4.79351032e-06	65.00000000	1.99468612e+15	2.11650763e+15	1.95549337e-03
6600	5950.42613576	66	4.86725664e-06	66.00000000	2.00688228e+15	2.12885347e+15	1.96613750e-03
6700	6040.77852886	67	4.94100295e-06	67.00000000	2.01884792e+15	2.14096361e+15	1.97657275e-03
6800	6131.26779862	68	5.01474926e-06	68.00000000	2.03058927e+15	2.15284449e+15	1.98679995e-03
6900	6221.60077255	69	5.08849558e-06	69.00000000	2.04211328e+15	2.16450330e+15	1.99682530e-03
7000	6311.80782790	70	5.16224189e-06	70.00000000	2.05342981e+15	2.17594923e+15	2.00666044e-03
7100	6401.99161708	71	5.23598820e-06	71.00000000	2.06454452e+15	2.18718929e+15	2.01631117e-03
7200	6492.17715819	72	5.30973451e-06	72.00000000	2.07545620e+15	2.19822258e+15	2.02578180e-03
7300	6582.15906198	73	5.38348083e-06	73.00000000	2.08616914e+15	2.20905334e+15	2.03506780e-03
7400	6671.53422808	74	5.45722714e-06	74.00000000	2.09669134e+15	2.21968978e+15	2.04417776e-03
7500	6761.04402314	75	5.53097345e-06	75.00000000	2.10703560e+15	2.23014484e+15	2.05311837e-03
7600	6850.47506430	76	5.60471976e-06	76.00000000	2.11719836e+15	2.24041510e+15	2.06190289e-03
7700	6940.00543873	77	5.67846608e-06	77.00000000	2.12717782e+15	2.25049882e+15	2.07052418e-03
7800	7029.57456727	78	5.75221239e-06	78.00000000	2.13697562e+15	2.26039771e+15	2.07898335e-03
7900	7118.90805767	79	5.82595870e-06	79.00000000	2.14660592e+15	2.27012618e+15	2.08728498e-03
8000	7209.00312810	80	5.89970501e-06	80.00000000	2.15607527e+15	2.27969092e+15	2.09543852e-03
8100	7302.39594925	81	5.97345133e-06	81.00000000	2.16538319e+15	2.28909149e+15	2.10345133e-03
8200	7395.72590669	82	6.04719764e-06	82.00000000	2.17452226e+15	2.29832044e+15	2.11131534e-03
8300	7487.61727722	83	6.12094395e-06	83.00000000	2.18350840e+15	2.30739386e+15	2.11903446e-03
8400	7579.25131943	84	6.19469027e-06	84.00000000	2.19234593e+15	2.31631621e+15	2.12662103e-03
8500	7669.91415877	85	6.26843658e-06	85.00000000	2.20103579e+15	2.32508843e+15	2.13408130e-03
8600	7758.98408135	86	6.34218289e-06	86.00000000	2.20958267e+15	2.33371535e+15	2.14140948e-03
8700	7848.42638746	87	6.41592920e-06	87.00000000	2.21798613e+15	2.34219661e+15	2.14860722e-03
8800	7938.65679422	88	6.48967552e-06	88.00000000	2.22625523e+15	2.35054130e+15	2.15568331e-03
8900	8028.78979787	89	6.56342183e-06	89.00000000	2.23438657e+15	2.35874611e+15	2.16264692e-03
9000	8118.90634560	90	6.63716814e-06	90.00000000	2.24238807e+15	2.36681910e+15	2.16948524e-03
9100	8208.92666372	91	6.71091445e-06	91.00000000	2.25026156e+15	2.37476207e+15	2.17621413e-03
9200	8298.71341946	92	6.78466077e-06	92.00000000	2.25800664e+15	2.38257473e+15	2.18283167e-03
9300	8388.45517507	93	6.85840708e-06	93.00000000	2.26563497e+15	2.39026888e+15	2.18933302e-03
9400	8478.15810890	94	6.93215339e-06	94.00000000	2.27314331e+15	2.39784127e+15	2.19573708e-03
9500	8567.90240107	95	7.00589971e-06	95.00000000	2.28053120e+15	2.40529152e+15	2.20203632e-03
9600	8657.80596296	96	7.07964602e-06	96.00000000	2.28780062e+15	2.41262167e+15	2.20823508e-03
9700	8747.53237075	97	7.15339233e-06	97.00000000	2.29495509e+15	2.41983528e+15	2.21433412e-03
9800	8837.32439189	98	7.22713864e-06	98.00000000	2.30200028e+15	2.42693761e+15	2.22033497e-03
9900	8927.00742113	99	7.30088496e-06	99.00000000	2.30893616e+15	2.43393009e+15	2.22623747e-03
10000	9016.91011352	100	7.37463127e-06	100.00000000	2.31575547e+15	2.44080498e+15	2.23205285e-03
10100	9108.03875259	101	7.44837758e-06	101.00000000	2.32246371e+15	2.44756755e+15	2.23776634e-03
10200	9199.19501822	102	7.52212389e-06	102.00000000	2.32907165e+15	2.45422854e+15	2.24337754e-03
10300	9290.61831373	103	7.59587021e-06	103.00000000	2.33558093e+15	2.46078960e+15	2.24890631e-03
10400	9380.53920953	104	7.66961652e-06	104.00000000	2.34199370e+15	2.46725282e+15	2.25435055e-03
10500	9470.01384563	105	7.74336283e-06	105.00000000	2.34830579e+15	2.47361417e+15	2.25971313e-03
10600	9558.84375758	106	7.81710914e-06	106.00000000	2.35452817e+15	2.47988499e+15	2.26498345e-03
10700	9648.01033609	107	7.89085546e-06	107.00000000	2.36065920e+15	2.48606366e+15	2.27017861e-03
10800	9737.19219015	108	7.96460177e-06	108.00000000	2.36670006e+15	2.49215117e+15	2.27529458e-03
10900	9826.20637827	109	8.03834808e-06	109.00000000	2.37265315e+15	2.49814987e+15	2.28032971e-03
11000	9915.36236761	110	8.11209440e-06	110.00000000	2.37852839e+15	2.50406975e+15	2.28528614e-03
11100	10004.43921117	111	8.18584071e-06	111.00000000	2.38432301e+15	2.50990804e+15	2.29017711e-03
11200	10093.52580601	112	8.25958702e-06	112.00000000	2.39003386e+15	2.51566153e+15	2.29500085e-03
11300	10182.70363024	113	8.33333333e-06	113.00000000	2.39566511e+15	2.52133451e+15	2.29975124e-03
11400	10271.82100726	114	8.40707965e-06	114.00000000	2.40122066e+15	2.52693095e+15	2.30443114e-03
11500	10360.94727569	115	8.48082596e-06	115.00000000	2.40669675e+15	2.53244705e+15	2.30905183e-03
11600	10450.06130530	116	8.55457227e-06	116.00000000	2.41209770e+15	2.53788717e+15	2.31360072e-03
11700	10539.20818736	117	8.62831858e-06	117.00000000	2.41742306e+15	2.54325086e+15	2.31808709e-03
11800	10628.36337763	118	8.70206490e-06	118.00000000	2.42267673e+15	2.54854205e+15	2.32250738e-03
11900	10717.49074663	119	8.77581121e-06	119.00000000	2.42785927e+15	2.55376137e+15	2.32686511e-03
12000	10806.58796092	120	8.84955752e-06	120.00000000	2.43298213e+15	2.55892028e+15	2.33115538e-03
12100	10895.71884157	121	8.92330383e-06	121.00000000	2.43805074e+15	2.56402425e+15	2.33539138e-03
12200	10985.00473308	122	8.99705015e-06	122.00000000	2.44306802e+15	2.56907621e+15	2.33958012e-03
12300	11074.13833536	123	9.07079646e-06	123.00000000	2.44803500e+15	2.57407724e+15	2.34372426e-03
12400	11163.30812390	124	9.14454277e-06	124.00000000	2.45295069e+15	2.57902630e+15	2.34782430e-03
12500	11252.63708603	125	9.21828909e-06	125.00000000	2.45781345e+15	2.58392180e+15	2.35188186e-03
12600	11341.95243746	126	9.29203540e-06	126.00000000	2.46262211e+15	2.58876258e+15	2.35589481e-03
12700	11431.20880610	127	9.36578171e-06	127.00000000	2.46737834e+15	2.59355031e+15	2.35986038e-03
12800	11520.27303911	128	9.43952802e-06	128.00000000	2.47208448e+15	2.59828734e+15	2.36378221e-03
12900	11609.48932160	129	9.51327434e-06	129.00000000	2.47674161e+15	2.60297478e+15	2.36766086e-03
13000	11698.57722992	130	9.58702065e-06	130.00000000	2.48135114e+15	2.60761406e+15	2.37149742e-03
13100	11787.72476680	131	9.66076696e-06	131.00000000	2.48591201e+15	2.61220412e+15	2.37529439e-03
13200	11876.80504907	132	9.73451327e-06	132.00000000	2.49042380e+15	2.61674455e+15	2.37905022e-03
13300	11965.89272730	133	9.80825959e-06	133.00000000	2.49488757e+15	2.62123643e+15	2.38276436e-03
13400	12054.98972743	134	9.88200590e-06	134.00000000	2.49930198e+15	2.62567844e+15	2.38643940e-03
13500	12144.08694718	135	9.95575221e-06	135.00000000	2.50366806e+15	2.63007162e+15	2.39007182e-03
13600	12233.20982959	136	1.00294985e-05	136.00000000	2.50798984e+15	2.63442003e+15	2.39366198e-03
13700	12322.61917086	137	1.01032448e-05	137.00000000	2.51226698e+15	2.63872332e+15	2.39721449e-03
13800	12412.51217470	138	1.01769912e-05	138.00000000	2.51650022e+15	2.64298230e+15	2.40072835e-03
13900	12502.33952582	139	1.02507375e-05	139.00000000	2.52069094e+15	2.64719832e+15	2.40420644e-03
14000	12592.19339263	140	1.03244838e-05	140.00000000	2.52483844e+15	2.65137063e+15	2.40764896e-03
14100	12682.11432913	141	1.03982301e-05	141.00000000	2.52894214e+15	2.65549870e+15	2.41105510e-03
14200	12771.79268638	142	1.04719764e-05	142.00000000	2.53300262e+15	2.65958310e+15	2.41442441e-03
14300	12861.07567901	143	1.05457227e-05	143.00000000	2.53702125e+15	2.66362522e+15	2.41775744e-03
14400	12950.29545341	144	1.06194690e-05	144.00000000	2.54099771e+15	2.66762477e+15	2.42105719e-03
14500	13039.42865293	145	1.06932153e-05	145.00000000	2.54493332e+15	2.67158305e+15	2.42432029e-03
14600	13128.54662475	146	1.07669617e-05	146.00000000	2.54882841e+15	2.67550042e+15	2.42754846e-03
14700	13217.73675049	147	1.08407080e-05	147.00000000	2.55268165e+15	2.67937555e+15	2.43074502e-03
14800	13306.91730182	148	1.09144543e-05	148.00000000	2.55649298e+15	2.68320839e+15	2.43390764e-03
14900	13396.09388101	149	1.09882006e-05	149.00000000	2.56026241e+15	2.68699895e+15	2.43703458e-03
15000	13485.34899908	150	1.10619469e-05	150.00000000	2.56399005e+15	2.69074735e+15	2.44012572e-03
15100	13574.49279296	151	1.11356932e-05	151.00000000	2.56767953e+15	2.69445724e+15	2.44317994e-03
15200	13663.57019120	152	1.12094395e-05	152.00000000	2.57132988e+15	2.69812766e+15	2.44620421e-03
15300	13752.89047518	153	1.12831858e-05	153.00000000	2.57494020e+15	2.70175769e+15	2.44919701e-03
15400	13842.16662196	154	1.13569322e-05	154.00000000	2.57851204e+15	2.70534891e+15	2.45215637e-03
15500	13931.42134762	155	1.14306785e-05	155.00000000	2.58204349e+15	2.70889941e+15	2.45508628e-03
15600	14020.59480601	156	1.15044248e-05	156.00000000	2.58553043e+15	2.71240507e+15	2.45798536e-03
15700	14109.71763091	157	1.15781711e-05	157.00000000	2.58897378e+15	2.71586683e+15	2.46084620e-03
15800	14198.79809841	158	1.16519174e-05	158.00000000	2.59237809e+15	2.71928924e+15	2.46366848e-03
15900	14288.16144348	159	1.17256637e-05	159.00000000	2.59574361e+15	2.72267253e+15	2.46645816e-03
16000	14377.39686789	160	1.17994100e-05	160.00000000	2.59907101e+15	2.72601737e+15	2.46921484e-03
16100	14466.57432655	161	1.18731563e-05	161.00000000	2.60236119e+15	2.72932472e+15	2.47193962e-03
16200	14555.79358252	162	1.19469027e-05	162.00000000	2.60561536e+15	2.73259578e+15	2.47463303e-03
16300	14645.04675008	163	1.20206490e-05	163.00000000	2.60883374e+15	2.73583074e+15	2.47729595e-03
16400	14734.15762965	164	1.20943953e-05	164.00000000	2.61201692e+15	2.73903021e+15	2.47992871e-03
16500	14823.40352538	165	1.21681416e-05	165.00000000	2.61516660e+15	2.74219593e+15	2.48253128e-03
16600	14912.50176155	166	1.22418879e-05	166.00000000	2.61828344e+15	2.74532856e+15	2.48510566e-03
16700	15001.71165236	167	1.23156342e-05	167.00000000	2.62136826e+15	2.74842890e+15	2.48765210e-03
16800	15090.95388335	168	1.23893805e-05	168.00000000	2.62442019e+15	2.75149610e+15	2.49017262e-03
16900	15180.08395408	169	1.24631268e-05	169.00000000	2.62743763e+15	2.75452856e+15	2.49266775e-03
17000	15269.21151480	170	1.25368732e-05	170.00000000	2.63042101e+15	2.75752669e+15	2.49513375e-03
17100	15358.37460967	171	1.26106195e-05	171.00000000	2.63337370e+15	2.76049389e+15	2.49756920e-03
17200	15447.90106623	172	1.26843658e-05	172.00000000	2.63629559e+15	2.76343009e+15	2.49997934e-03
17300	15537.13270170	173	1.27581121e-05	173.00000000	2.63918542e+15	2.76633399e+15	2.50236494e-03
17400	15626.42004008	174	1.28318584e-05	174.00000000	2.64204420e+15	2.76920661e+15	2.50472310e-03
17500	15716.37385981	175	1.29056047e-05	175.00000000	2.64487369e+15	2.77204973e+15	2.50705374e-03
17600	15806.41354638	176	1.29793510e-05	176.00000000	2.64767450e+15	2.77486395e+15	2.50935905e-03
17700	15896.47264221	177	1.30530973e-05	177.00000000	2.65044605e+15	2.77764870e+15	2.51164134e-03
17800	15986.54444494	178	1.31268437e-05	178.00000000	2.65318841e+15	2.78040405e+15	2.51389938e-03
17900	16076.59713089	179	1.32005900e-05	179.00000000	2.65590220e+15	2.78313064e+15	2.51613268e-03
18000	16166.37265487	180	1.32743363e-05	180.00000000	2.65858722e+15	2.78582827e+15	2.51834245e-03
18100	16256.32932609	181	1.33480826e-05	181.00000000	2.66124358e+15	2.78849701e+15	2.52052843e-03
18200	16346.08428964	182	1.34218289e-05	182.00000000	2.66387320e+15	2.79113883e+15	2.52268945e-03
18300	16435.81966011	183	1.34955752e-05	183.00000000	2.66647646e+15	2.79375411e+15	2.52482769e-03
18400	16525.61895115	184	1.35693215e-05	184.00000000	2.66905344e+15	2.79634291e+15	2.52694356e-03
18500	16615.48030141	185	1.36430678e-05	185.00000000	2.67160359e+15	2.79890470e+15	2.52903825e-03
18600	16705.35521670	186	1.37168142e-05	186.00000000	2.67412763e+15	2.80144021e+15	2.53111064e-03
18700	16796.06284819	187	1.37905605e-05	187.00000000	2.67662669e+15	2.80395056e+15	2.53316004e-03
18800	16887.04893400	188	1.38643068e-05	188.00000000	2.67910098e+15	2.80643596e+15	2.53518872e-03
18900	16977.84057897	189	1.39380531e-05	189.00000000	2.68155017e+15	2.80889609e+15	2.53719753e-03
19000	17068.53502300	190	1.40117994e-05	190.00000000	2.68397460e+15	2.81133130e+15	2.53918551e-03
19100	17159.20945994	191	1.40855457e-05	191.00000000	2.68637487e+15	2.81374220e+15	2.54115281e-03
19200	17249.95297598	192	1.41592920e-05	192.00000000	2.68875153e+15	2.81612932e+15	2.54309998e-03
19300	17340.10781543	193	1.42330383e-05	193.00000000	2.69110536e+15	2.81849345e+15	2.54502707e-03
19400	17429.70340594	194	1.43067847e-05	194.00000000	2.69343847e+15	2.82083672e+15	2.54693361e-03
19500	17519.39348911	195	1.43805310e-05	195.00000000	2.69575279e+15	2.82316105e+15	2.54882143e-03
19600	17608.57106045	196	1.44542773e-05	196.00000000	2.69804954e+15	2.82546767e+15	2.55069233e-03
19700	17697.45900401	197	1.45280236e-05	197.00000000	2.70032935e+15	2.82775722e+15	2.55254803e-03
19800	17786.62759473	198	1.46017699e-05	198.00000000	2.70259272e+15	2.83003019e+15	2.55438945e-03
19900	17875.80103395	199	1.46755162e-05	199.00000000	2.70484018e+15	2.83228711e+15	2.55621683e-03
20000	17964.68895309	200	1.47492625e-05	200.00000000	2.70707210e+15	2.83452837e+15	2.55803107e-03
20100	18053.61155141	201	1.48230088e-05	201.00000000	2.70928868e+15	2.83675415e+15	2.55983260e-03
20200	18142.79476183	202	1.48967552e-05	202.00000000	2.71149021e+15	2.83896476e+15	2.56162151e-03
20300	18231.78241961	203	1.49705015e-05	203.00000000	2.71367693e+15	2.84116043e+15	2.56339805e-03
20400	18320.86110055	204	1.50442478e-05	204.00000000	2.71584898e+15	2.84334132e+15	2.56516227e-03
20500	18409.75311916	205	1.51179941e-05	205.00000000	2.71800649e+15	2.84550754e+15	2.56691415e-03
20600	18498.68167134	206	1.51917404e-05	206.00000000	2.72014945e+15	2.84765909e+15	2.56865368e-03
20700	18587.53594475	207	1.52654867e-05	207.00000000	2.72227797e+15	2.84979610e+15	2.57038115e-03
20800	18676.57687270	208	1.53392330e-05	208.00000000	2.72439233e+15	2.85191880e+15	2.57209673e-03
20900	18765.72412131	209	1.54129794e-05	209.00000000	2.72649283e+15	2.85402754e+15	2.57380071e-03
21000	18854.89378085	210	1.54867257e-05	210.00000000	2.72857975e+15	2.85612259e+15	2.57549328e-03
21100	18943.84612930	211	1.55604720e-05	211.00000000	2.73065334e+15	2.85820422e+15	2.57717446e-03
21200	19032.72645040	212	1.56342183e-05	212.00000000	2.73271369e+15	2.86027249e+15	2.57884440e-03
21300	19121.57177221	213	1.57079646e-05	213.00000000	2.73476076e+15	2.86232738e+15	2.58050329e-03
21400	19210.43653731	214	1.57817109e-05	214.00000000	2.73679457e+15	2.86436891e+15	2.58215133e-03
21500	19299.41333313	215	1.58554572e-05	215.00000000	2.73881514e+15	2.86639711e+15	2.58378836e-03
21600	19388.25200095	216	1.59292035e-05	216.00000000	2.74082256e+15	2.86841205e+15	2.58541451e-03
21700	19477.12526980	217	1.60029499e-05	217.00000000	2.74281687e+15	2.87041379e+15	2.58703011e-03
21800	19566.06096744	218	1.60766962e-05	218.00000000	2.74479844e+15	2.87240269e+15	2.58863492e-03
21900	19655.02474726	219	1.61504425e-05	219.00000000	2.74676756e+15	2.87437905e+15	2.59022911e-03
22000	19743.96346799	220	1.62241888e-05	220.00000000	2.74872437e+15	2.87634301e+15	2.59181302e-03
22100	19833.12701870	221	1.62979351e-05	221.00000000	2.75066901e+15	2.87829471e+15	2.59338675e-03
22200	19922.27249241	222	1.63716814e-05	222.00000000	2.75260171e+15	2.88023438e+15	2.59495045e-03
22300	20011.33587929	223	1.64454277e-05	223.00000000	2.75452266e+15	2.88216221e+15	2.59650430e-03
22400	20100.36142742	224	1.65191740e-05	224.00000000	2.75643194e+15	2.88407829e+15	2.59804852e-03
22500	20189.42442239	225	1.65929204e-05	225.00000000	2.75832961e+15	2.88598267e+15	2.59958323e-03
22600	20278.45529976	226	1.66666667e-05	226.00000000	2.76021561e+15	2.88787531e+15	2.60110854e-03
22700	20367.43709596	227	1.67404130e-05	227.00000000	2.76209000e+15	2.88975627e+15	2.60262434e-03
22800	20456.43424266	228	1.68141593e-05	228.00000000	2.76395288e+15	2.89162563e+15	2.60413062e-03
22900	20545.38060403	229	1.68879056e-05	229.00000000	2.76580446e+15	2.89348362e+15	2.60562734e-03
23000	20634.42877306	230	1.69616519e-05	230.00000000	2.76764493e+15	2.89533043e+15	2.60711476e-03
23100	20723.61884599	231	1.70353982e-05	231.00000000	2.76947442e+15	2.89716617e+15	2.60859308e-03
23200	20812.67091131	232	1.71091445e-05	232.00000000	2.77129310e+15	2.89899103e+15	2.61006250e-03
23300	20901.83699684	233	1.71828909e-05	233.00000000	2.77310101e+15	2.90080505e+15	2.61152324e-03
23400	20990.92133401	234	1.72566372e-05	234.00000000	2.77489827e+15	2.90260833e+15	2.61297551e-03
23500	21080.02336161	235	1.73303835e-05	235.00000000	2.77668500e+15	2.90440102e+15	2.61441914e-03
23600	21169.35998029	236	1.74041298e-05	236.00000000	2.77846128e+15	2.90618320e+15	2.61585439e-03
23700	21258.39090634	237	1.74778761e-05	237.00000000	2.78022705e+15	2.90795478e+15	2.61728143e-03
23800	21347.45206745	238	1.75516224e-05	238.00000000	2.78198220e+15	2.90971569e+15	2.61870004e-03
23900	21436.50804484	239	1.76253687e-05	239.00000000	2.78372681e+15	2.91146599e+15	2.62011008e-03
24000	21525.63538081	240	1.76991150e-05	240.00000000	2.78546094e+15	2.91320574e+15	2.62151173e-03
24100	21614.78094546	241	1.77728614e-05	241.00000000	2.78718458e+15	2.91493495e+15	2.62290504e-03
24200	21703.99313463	242	1.78466077e-05	242.00000000	2.78889781e+15	2.91665367e+15	2.62428997e-03
24300	21793.42578353	243	1.79203540e-05	243.00000000	2.79060080e+15	2.91836210e+15	2.62566649e-03
24400	21882.62801012	244	1.79941003e-05	244.00000000	2.79229372e+15	2.92006040e+15	2.62703486e-03
24500	21971.93771195	245	1.80678466e-05	245.00000000	2.79397666e+15	2.92174866e+15	2.62839529e-03
24600	22061.26909957	246	1.81415929e-05	246.00000000	2.79564967e+15	2.92342693e+15	2.62974790e-03
24700	22150.51693038	247	1.82153392e-05	247.00000000	2.79731282e+15	2.92509530e+15	2.63109260e-03
24800	22240.14989218	248	1.82890855e-05	248.00000000	2.79896631e+15	2.92675394e+15	2.63242933e-03
24900	22329.41884396	249	1.83628319e-05	249.00000000	2.80061027e+15	2.92840300e+15	2.63375820e-03
25000	22418.57569192	250	1.84365782e-05	250.00000000	2.80224490e+15	2.93004268e+15	2.63507942e-03
25100	22507.67010212	251	1.85103245e-05	251.00000000	2.80387041e+15	2.93167318e+15	2.63639305e-03
25200	22596.91734338	252	1.85840708e-05	252.00000000	2.80548676e+15	2.93329448e+15	2.63769954e-03
25300	22686.14039293	253	1.86578171e-05	253.00000000	2.80709404e+15	2.93490664e+15	2.63899865e-03
25400	22775.33402533	254	1.87315634e-05	254.00000000	2.80869236e+15	2.93650979e+15	2.64029051e-03
25500	22864.51489912	255	1.88053097e-05	255.00000000	2.81028180e+15	2.93810401e+15	2.64157504e-03
25600	22953.98337883	256	1.88790560e-05	256.00000000	2.81186246e+15	2.93968940e+15	2.64285234e-03
25700	23043.49363619	257	1.89528024e-05	257.00000000	2.81343437e+15	2.94126599e+15	2.64412247e-03
25800	23132.90656414	258	1.90265487e-05	258.00000000	2.81499759e+15	2.94283384e+15	2.64538559e-03
25900	23222.39887257	259	1.91002950e-05	259.00000000	2.81655226e+15	2.94439309e+15	2.64664160e-03
26000	23311.72693118	260	1.91740413e-05	260.00000000	2.81809859e+15	2.94594394e+15	2.64789063e-03
26100	23401.07847950	261	1.92477876e-05	261.00000000	2.81963673e+15	2.94748656e+15	2.64913278e-03
26200	23490.69692100	262	1.93215339e-05	262.00000000	2.82116691e+15	2.94902118e+15	2.65036829e-03
26300	23581.07227362	263	1.93952802e-05	263.00000000	2.82268922e+15	2.95054786e+15	2.65159740e-03
26400	23671.45988063	264	1.94690265e-05	264.00000000	2.82420368e+15	2.95206667e+15	2.65282018e-03
26500	23761.80935494	265	1.95427729e-05	265.00000000	2.82571031e+15	2.95357760e+15	2.65403667e-03
26600	23852.32512476	266	1.96165192e-05	266.00000000	2.82720924e+15	2.95508078e+15	2.65524693e-03
26700	23942.68650272	267	1.96902655e-05	267.00000000	2.82870059e+15	2.95657634e+15	2.65645107e-03
26800	24033.03721332	268	1.97640118e-05	268.00000000	2.83018443e+15	2.95806435e+15	2.65764918e-03
26900	24123.38998417	269	1.98377581e-05	269.00000000	2.83166079e+15	2.95954484e+15	2.65884138e-03
27000	24213.48564245	270	1.99115044e-05	270.00000000	2.83312971e+15	2.96101786e+15	2.66002767e-03
27100	24302.72543505	271	1.99852507e-05	271.00000000	2.83459139e+15	2.96248358e+15	2.66120799e-03
27200	24391.93778180	272	2.00589971e-05	272.00000000	2.83604595e+15	2.96394215e+15	2.66238249e-03
27300	24481.24934704	273	2.01327434e-05	273.00000000	2.83749344e+15	2.96539359e+15	2.66355139e-03
27400	24570.44173270	274	2.02064897e-05	274.00000000	2.83893381e+15	2.96683788e+15	2.66471456e-03
27500	24659.69751076	275	2.02802360e-05	275.00000000	2.84036702e+15	2.96827499e+15	2.66587198e-03
27600	24749.19981965	276	2.03539823e-05	276.00000000	2.84179304e+15	2.96970485e+15	2.66702372e-03
27700	24838.65209563	277	2.04277286e-05	277.00000000	2.84321178e+15	2.97112742e+15	2.66816977e-03
27800	24927.91409506	278	2.05014749e-05	278.00000000	2.84462327e+15	2.97254269e+15	2.66931000e-03
27900	25017.14991720	279	2.05752212e-05	279.00000000	2.84602759e+15	2.97395076e+15	2.67044435e-03
28000	25106.40857261	280	2.06489676e-05	280.00000000	2.84742487e+15	2.97535175e+15	2.67157285e-03
28100	25195.77317406	281	2.07227139e-05	281.00000000	2.84881523e+15	2.97674578e+15	2.67269559e-03
28200	25285.24137594	282	2.07964602e-05	282.00000000	2.85019883e+15	2.97813303e+15	2.67381271e-03
28300	25374.73659034	283	2.08702065e-05	283.00000000	2.85157585e+15	2.97951366e+15	2.67492442e-03
28400	25464.20827656	284	2.09439528e-05	284.00000000	2.85294654e+15	2.98088793e+15	2.67603092e-03
28500	25553.50707231	285	2.10176991e-05	285.00000000	2.85431104e+15	2.98225598e+15	2.67713242e-03
28600	25642.77957775	286	2.10914454e-05	286.00000000	2.85566942e+15	2.98361787e+15	2.67822901e-03
28700	25732.02688187	287	2.11651917e-05	287.00000000	2.85702166e+15	2.98497359e+15	2.67932071e-03
28800	25821.37382550	288	2.12389381e-05	288.00000000	2.85836775e+15	2.98632313e+15	2.68040745e-03
28900	25910.60693408	289	2.13126844e-05	289.00000000	2.85970773e+15	2.98766653e+15	2.68148927e-03
29000	25999.87970520	290	2.13864307e-05	290.00000000	2.86104164e+15	2.98900384e+15	2.68256618e-03
29100	26089.03664666	291	2.14601770e-05	291.00000000	2.86236951e+15	2.99033507e+15	2.68363828e-03
29200	26178.12198844	292	2.15339233e-05	292.00000000	2.86369124e+15	2.99166015e+15	2.68470556e-03
29300	26267.16407128	293	2.16076696e-05	293.00000000	2.86500690e+15	2.99297912e+15	2.68576790e-03
29400	26356.49231946	294	2.16814159e-05	294.00000000	2.86631654e+15	2.99429204e+15	2.68682537e-03
29500	26445.70850756	295	2.17551622e-05	295.00000000	2.86762022e+15	2.99559898e+15	2.68787799e-03
29600	26534.81808541	296	2.18289086e-05	296.00000000	2.86891805e+15	2.99690004e+15	2.68892584e-03
29700	26624.03117061	297	2.19026549e-05	297.00000000	2.87021008e+15	2.99819527e+15	2.68996902e-03
29800	26713.40753122	298	2.19764012e-05	298.00000000	2.87149635e+15	2.99948471e+15	2.69100757e-03
29900	26802.68353160	299	2.20501475e-05	299.00000000	2.87277695e+15	3.00076846e+15	2.69204152e-03
30000	26891.96942232	300	2.21238938e-05	300.00000000	2.87405195e+15	3.00204659e+15	2.69307097e-03
30100	26981.33817490	301	2.21976401e-05	301.00000000	2.87532134e+15	3.00331907e+15	2.69409601e-03
30200	27070.60117128	302	2.22713864e-05	302.00000000	2.87658515e+15	3.00458595e+15	2.69511663e-03
30300	27159.98039873	303	2.23451327e-05	303.00000000	2.87784342e+15	3.00584726e+15	2.69613288e-03
30400	27249.15016816	304	2.24188791e-05	304.00000000	2.87909616e+15	3.00710302e+15	2.69714478e-03
30500	27338.28028023	305	2.24926254e-05	305.00000000	2.88034343e+15	3.00835329e+15	2.69815239e-03
30600	27427.38869945	306	2.25663717e-05	306.00000000	2.88158531e+15	3.00959815e+15	2.69915568e-03
30700	27516.69811437	307	2.26401180e-05	307.00000000	2.88282185e+15	3.01083764e+15	2.70015470e-03
30800	27605.81726296	308	2.27138643e-05	308.00000000	2.88405302e+15	3.01207173e+15	2.70114941e-03
30900	27695.13819251	309	2.27876106e-05	309.00000000	2.88527871e+15	3.01330033e+15	2.70213984e-03
31000	27784.24098467	310	2.28613569e-05	310.00000000	2.88649891e+15	3.01452341e+15	2.70312592e-03
31100	27873.35528930	311	2.29351032e-05	311.00000000	2.88771369e+15	3.01574105e+15	2.70410748e-03
31200	27962.47019283	312	2.30088496e-05	312.00000000	2.88892308e+15	3.01695327e+15	2.70508478e-03
31300	28051.62904716	313	2.30825959e-05	313.00000000	2.89012708e+15	3.01816009e+15	2.70605795e-03
31400	28140.78178671	314	2.31563422e-05	314.00000000	2.89132576e+15	3.01936156e+15	2.70702683e-03
31500	28229.90415502	315	2.32300885e-05	315.00000000	2.89251915e+15	3.02055773e+15	2.70799135e-03
31600	28319.12385807	316	2.33038348e-05	316.00000000	2.89370736e+15	3.02174869e+15	2.70895161e-03
31700	28408.52879695	317	2.33775811e-05	317.00000000	2.89489045e+15	3.02293452e+15	2.70990773e-03
31800	28497.83779475	318	2.34513274e-05	318.00000000	2.89606846e+15	3.02411524e+15	2.71085970e-03
31900	28588.68544668	319	2.35250737e-05	319.00000000	2.89724143e+15	3.02529091e+15	2.71180763e-03
32000	28680.46895717	320	2.35988201e-05	320.00000000	2.89840940e+15	3.02646156e+15	2.71275158e-03
32100	28772.05016418	321	2.36725664e-05	321.00000000	2.89957238e+15	3.02762720e+15	2.71369153e-03
32200	28863.71531542	322	2.37463127e-05	322.00000000	2.90073043e+15	3.02878789e+15	2.71462748e-03
32300	28955.36697711	323	2.38200590e-05	323.00000000	2.90188361e+15	3.02994370e+15	2.71555946e-03
32400	29047.14441360	324	2.38938053e-05	324.00000000	2.90303198e+15	3.03109468e+15	2.71648749e-03
32500	29138.57673869	325	2.39675516e-05	325.00000000	2.90417560e+15	3.03224090e+15	2.71741165e-03
32600	29227.68854836	326	2.40412979e-05	326.00000000	2.90531453e+15	3.03338240e+15	2.71833214e-03
32700	29316.78440004	327	2.41150442e-05	327.00000000	2.90644880e+15	3.03451924e+15	2.71924898e-03
32800	29406.00678033	328	2.41887906e-05	328.00000000	2.90757841e+15	3.03565140e+15	2.72016213e-03
32900	29495.28631184	329	2.42625369e-05	329.00000000	2.90870331e+15	3.03677882e+15	2.72107157e-03
33000	29585.44603603	330	2.43362832e-05	330.00000000	2.90982352e+15	3.03790154e+15	2.72197720e-03
33100	29675.35153402	331	2.44100295e-05	331.00000000	2.91093910e+15	3.03901962e+15	2.72287906e-03
33200	29765.29595591	332	2.44837758e-05	332.00000000	2.91205005e+15	3.04013305e+15	2.72377719e-03
33300	29855.21458556	333	2.45575221e-05	333.00000000	2.91315642e+15	3.04124187e+15	2.72467164e-03
33400	29945.17240752	334	2.46312684e-05	334.00000000	2.91425826e+15	3.04234616e+15	2.72556239e-03
33500	30035.08080449	335	2.47050147e-05	335.00000000	2.91535564e+15	3.04344597e+15	2.72644955e-03
33600	30125.03435693	336	2.47787611e-05	336.00000000	2.91644862e+15	3.04454135e+15	2.72733327e-03
33700	30214.94937288	337	2.48525074e-05	337.00000000	2.91753727e+15	3.04563239e+15	2.72821356e-03
33800	30304.50651203	338	2.49262537e-05	338.00000000	2.91862161e+15	3.04671911e+15	2.72909049e-03
33900	30393.82499035	339	2.50000000e-05	339.00000000	2.91970170e+15	3.04780156e+15	2.72996404e-03
34000	30483.18407482	340	2.50737463e-05	340.00000000	2.92077760e+15	3.04887981e+15	2.73083421e-03
34100	30572.47020333	341	2.51474926e-05	341.00000000	2.92184931e+15	3.04995385e+15	2.73170105e-03
34200	30661.79781037	342	2.52212389e-05	342.00000000	2.92291680e+15	3.05102366e+15	2.73256457e-03
34300	30750.96616507	343	2.52949853e-05	343.00000000	2.92398010e+15	3.05208927e+15	2.73342476e-03
34400	30840.14876231	344	2.53687316e-05	344.00000000	2.92503923e+15	3.05315069e+15	2.73428168e-03
34500	30929.23902641	345	2.54424779e-05	345.00000000	2.92609421e+15	3.05420795e+15	2.73513523e-03
34600	31018.35257487	346	2.55162242e-05	346.00000000	2.92714509e+15	3.05526110e+15	2.73598543e-03
34700	31107.47138413	347	2.55899705e-05	347.00000000	2.92819191e+15	3.05631016e+15	2.73683233e-03
34800	31196.64834300	348	2.56637168e-05	348.00000000	2.92923466e+15	3.05735516e+15	2.73767595e-03
34900	31285.81704831	349	2.57374631e-05	349.00000000	2.93027338e+15	3.05839610e+15	2.73851631e-03
35000	31375.01437405	350	2.58112094e-05	350.00000000	2.93130806e+15	3.05943299e+15	2.73935349e-03
35100	31464.15071752	351	2.58849558e-05	351.00000000	2.93233867e+15	3.06046580e+15	2.74018744e-03
35200	31553.18802642	352	2.59587021e-05	352.00000000	2.93336519e+15	3.06149451e+15	2.74101820e-03
35300	31642.17663610	353	2.60324484e-05	353.00000000	2.93438767e+15	3.06251916e+15	2.74184567e-03
35400	31731.17902099	354	2.61061947e-05	354.00000000	2.93540613e+15	3.06353978e+15	2.74266992e-03
35500	31820.26149689	355	2.61799410e-05	355.00000000	2.93642057e+15	3.06455637e+15	2.74349081e-03
35600	31909.28764516	356	2.62536873e-05	356.00000000	2.93743103e+15	3.06556896e+15	2.74430847e-03
35700	31998.61390412	357	2.63274336e-05	357.00000000	2.93843757e+15	3.06657761e+15	2.74512302e-03
35800	32088.43804885	358	2.64011799e-05	358.00000000	2.93944024e+15	3.06758239e+15	2.74593439e-03
35900	32178.48450564	359	2.64749263e-05	359.00000000	2.94043912e+15	3.06858336e+15	2.74674263e-03
36000	32268.56854034	360	2.65486726e-05	360.00000000	2.94143426e+15	3.06958057e+15	2.74754785e-03
36100	32358.59799925	361	2.66224189e-05	361.00000000	2.94242571e+15	3.07057410e+15	2.74835012e-03
36200	32449.27498623	362	2.66961652e-05	362.00000000	2.94341355e+15	3.07156399e+15	2.74914954e-03
36300	32539.92048490	363	2.67699115e-05	363.00000000	2.94439779e+15	3.07255028e+15	2.74994614e-03
36400	32630.70893827	364	2.68436578e-05	364.00000000	2.94537846e+15	3.07353298e+15	2.75073995e-03
36500	32721.42868636	365	2.69174041e-05	365.00000000	2.94635559e+15	3.07451214e+15	2.75153090e-03
36600	32812.01150634	366	2.69911504e-05	366.00000000	2.94732923e+15	3.07548779e+15	2.75231909e-03
36700	32902.61913496	367	2.70648968e-05	367.00000000	2.94829939e+15	3.07645996e+15	2.75310445e-03
36800	32993.24077818	368	2.71386431e-05	368.00000000	2.94926609e+15	3.07742865e+15	2.75388704e-03
36900	33083.13207516	369	2.72123894e-05	369.00000000	2.95022933e+15	3.07839387e+15	2.75466692e-03
37000	33173.09320981	370	2.72861357e-05	370.00000000	2.95118910e+15	3.07935561e+15	2.75544404e-03
37100	33263.15423827	371	2.73598820e-05	371.00000000	2.95214541e+15	3.08031389e+15	2.75621843e-03
37200	33352.92275453	372	2.74336283e-05	372.00000000	2.95309825e+15	3.08126867e+15	2.75699010e-03
37300	33442.67590482	373	2.75073746e-05	373.00000000	2.95404758e+15	3.08221994e+15	2.75775905e-03
37400	33532.18318591	374	2.75811209e-05	374.00000000	2.95499339e+15	3.08316768e+15	2.75852523e-03
37500	33621.49200470	375	2.76548673e-05	375.00000000	2.95593563e+15	3.08411183e+15	2.75928856e-03
37600	33710.02838628	376	2.77286136e-05	376.00000000	2.95687425e+15	3.08505236e+15	2.76004908e-03
37700	33798.85322156	377	2.78023599e-05	377.00000000	2.95780925e+15	3.08598926e+15	2.76080677e-03
37800	33887.41694845	378	2.78761062e-05	378.00000000	2.95874068e+15	3.08692257e+15	2.76156161e-03
37900	33975.94248923	379	2.79498525e-05	379.00000000	2.95966857e+15	3.08785233e+15	2.76231355e-03
38000	34066.65348010	380	2.80235988e-05	380.00000000	2.96059292e+15	3.08877855e+15	2.76306269e-03
38100	34159.84110345	381	2.80973451e-05	381.00000000	2.96151374e+15	3.08970122e+15	2.76380898e-03
38200	34253.11851844	382	2.81710914e-05	382.00000000	2.96243107e+15	3.09062039e+15	2.76455237e-03
38300	34346.36182497	383	2.82448378e-05	383.00000000	2.96334493e+15	3.09153609e+15	2.76529293e-03
38400	34438.61525585	384	2.83185841e-05	384.00000000	2.96425537e+15	3.09244837e+15	2.76603074e-03
38500	34530.04604987	385	2.83923304e-05	385.00000000	2.96516247e+15	3.09335728e+15	2.76676584e-03
38600	34620.55213040	386	2.84660767e-05	386.00000000	2.96606629e+15	3.09426291e+15	2.76749822e-03
38700	34709.93572719	387	2.85398230e-05	387.00000000	2.96696685e+15	3.09516527e+15	2.76822796e-03
38800	34799.24649033	388	2.86135693e-05	388.00000000	2.96786415e+15	3.09606437e+15	2.76895524e-03
38900	34888.62704596	389	2.86873156e-05	389.00000000	2.96875819e+15	3.09696020e+15	2.76967996e-03
39000	34977.91607839	390	2.87610619e-05	390.00000000	2.96964899e+15	3.09785277e+15	2.77040220e-03
39100	35067.21879334	391	2.88348083e-05	391.00000000	2.97053651e+15	3.09874206e+15	2.77112188e-03
39200	35156.52781379	392	2.89085546e-05	392.00000000	2.97142077e+15	3.09962808e+15	2.77183901e-03
39300	35245.85376765	393	2.89823009e-05	393.00000000	2.97230176e+15	3.10051084e+15	2.77255361e-03
39400	35335.17491923	394	2.90560472e-05	394.00000000	2.97317952e+15	3.10139034e+15	2.77326559e-03
39500	35424.52950569	395	2.91297935e-05	395.00000000	2.97405406e+15	3.10226663e+15	2.77397498e-03
39600	35514.07806297	396	2.92035398e-05	396.00000000	2.97492542e+15	3.10313972e+15	2.77468184e-03
39700	35603.44603758	397	2.92772861e-05	397.00000000	2.97579361e+15	3.10400964e+15	2.77538616e-03
39800	35692.82648109	398	2.93510324e-05	398.00000000	2.97665868e+15	3.10487642e+15	2.77608800e-03
39900	35782.30976738	399	2.94247788e-05	399.00000000	2.97752061e+15	3.10574006e+15	2.77678733e-03
40000	35871.83832951	400	2.94985251e-05	400.00000000	2.97837939e+15	3.10660055e+15	2.77748413e-03
40100	35961.55489080	401	2.95722714e-05	401.00000000	2.97923503e+15	3.10745789e+15	2.77817839e-03
40200	36051.15263947	402	2.96460177e-05	402.00000000	2.98008751e+15	3.10831205e+15	2.77887016e-03
40300	36140.61675809	403	2.97197640e-05	403.00000000	2.98093683e+15	3.10916305e+15	2.77955941e-03
40400	36230.13380035	404	2.97935103e-05	404.00000000	2.98178300e+15	3.11001089e+15	2.78024613e-03
40500	36319.52379246	405	2.98672566e-05	405.00000000	2.98262604e+15	3.11085560e+15	2.78093033e-03
40600	36409.03130178	406	2.99410029e-05	406.00000000	2.98346598e+15	3.11169720e+15	2.78161198e-03
40700	36498.62804513	407	3.00147493e-05	407.00000000	2.98430287e+15	3.11253574e+15	2.78229111e-03
40800	36588.09129996	408	3.00884956e-05	408.00000000	2.98513671e+15	3.11337123e+15	2.78296776e-03
40900	36677.76593661	409	3.01622419e-05	409.00000000	2.98596756e+15	3.11420373e+15	2.78364193e-03
41000	36767.16255094	410	3.02359882e-05	410.00000000	2.98679545e+15	3.11503325e+15	2.78431368e-03
41100	36856.89914467	411	3.03097345e-05	411.00000000	2.98762040e+15	3.11585983e+15	2.78498305e-03
41200	36946.72871851	412	3.03834808e-05	412.00000000	2.98844245e+15	3.11668350e+15	2.78565007e-03
41300	37037.04688334	413	3.04572271e-05	413.00000000	2.98926168e+15	3.11750433e+15	2.78631476e-03
41400	37127.73934919	414	3.05309735e-05	414.00000000	2.99007815e+15	3.11832241e+15	2.78697718e-03
41500	37218.50407876	415	3.06047198e-05	415.00000000	2.99089193e+15	3.11913780e+15	2.78763739e-03
41600	37309.27193757	416	3.06784661e-05	416.00000000	2.99170306e+15	3.11995052e+15	2.78829551e-03
41700	37399.94367417	417	3.07522124e-05	417.00000000	2.99251157e+15	3.12076062e+15	2.78895154e-03
41800	37490.67445249	418	3.08259587e-05	418.00000000	2.99331750e+15	3.12156813e+15	2.78960549e-03
41900	37581.39865421	419	3.08997050e-05	419.00000000	2.99412086e+15	3.12237307e+15	2.79025738e-03
42000	37674.51088325	420	3.09734513e-05	420.00000000	2.99492166e+15	3.12317544e+15	2.79090723e-03
42100	37764.83769447	421	3.10471976e-05	421.00000000	2.99571991e+15	3.12397524e+15	2.79155508e-03
42200	37853.59577230	422	3.11209440e-05	422.00000000	2.99651559e+15	3.12477249e+15	2.79220094e-03
42300	37942.41999724	423	3.11946903e-05	423.00000000	2.99730871e+15	3.12556715e+15	2.79284482e-03
42400	38031.49027105	424	3.12684366e-05	424.00000000	2.99809924e+15	3.12635923e+15	2.79348674e-03
42500	38120.46187071	425	3.13421829e-05	425.00000000	2.99888720e+15	3.12714872e+15	2.79412664e-03
42600	38209.40113295	426	3.14159292e-05	426.00000000	2.99967259e+15	3.12793563e+15	2.79476455e-03
42700	38298.37740496	427	3.14896755e-05	427.00000000	3.00045542e+15	3.12871998e+15	2.79540043e-03
42800	38387.54733413	428	3.15634218e-05	428.00000000	3.00123571e+15	3.12950179e+15	2.79603428e-03
42900	38476.60469175	429	3.16371681e-05	429.00000000	3.00201344e+15	3.13028103e+15	2.79666608e-03
43000	38565.67743850	430	3.17109145e-05	430.00000000	3.00278858e+15	3.13105767e+15	2.79729584e-03
43100	38654.69877009	431	3.17846608e-05	431.00000000	3.00356109e+15	3.13183168e+15	2.79792353e-03
43200	38743.72366428	432	3.18584071e-05	432.00000000	3.00433096e+15	3.13260304e+15	2.79854910e-03
43300	38832.76533361	433	3.19321534e-05	433.00000000	3.00509819e+15	3.13337175e+15	2.79917258e-03
43400	38921.76767665	434	3.20058997e-05	434.00000000	3.00586279e+15	3.13413783e+15	2.79979400e-03
43500	39010.64648491	435	3.20796460e-05	435.00000000	3.00662475e+15	3.13490126e+15	2.80041338e-03
43600	39099.63749617	436	3.21533923e-05	436.00000000	3.00738409e+15	3.13566207e+15	2.80103065e-03
43700	39188.63053483	437	3.22271386e-05	437.00000000	3.00814083e+15	3.13642025e+15	2.80164582e-03
43800	39278.60116089	438	3.23008850e-05	438.00000000	3.00889499e+15	3.13717586e+15	2.80225890e-03
43900	39369.14661510	439	3.23746313e-05	439.00000000	3.00964662e+15	3.13792893e+15	2.80286995e-03
44000	39459.59403037	440	3.24483776e-05	440.00000000	3.01039574e+15	3.13867949e+15	2.80347897e-03
44100	39549.85446775	441	3.25221239e-05	441.00000000	3.01114239e+15	3.13942757e+15	2.80408596e-03
44200	39640.25647692	442	3.25958702e-05	442.00000000	3.01188660e+15	3.14017321e+15	2.80469097e-03
44300	39730.75765487	443	3.26696165e-05	443.00000000	3.01262843e+15	3.14091645e+15	2.80529407e-03
44400	39821.29932699	444	3.27433628e-05	444.00000000	3.01336790e+15	3.14165734e+15	2.80589528e-03
44500	39911.83070155	445	3.28171091e-05	445.00000000	3.01410507e+15	3.14239591e+15	2.80649463e-03
44600	40002.25860295	446	3.28908555e-05	446.00000000	3.01483996e+15	3.14313221e+15	2.80709219e-03
44700	40092.61410713	447	3.29646018e-05	447.00000000	3.01557261e+15	3.14386626e+15	2.80768794e-03
44800	40182.39901422	448	3.30383481e-05	448.00000000	3.01630309e+15	3.14459812e+15	2.80828189e-03
44900	40271.31266684	449	3.31120944e-05	449.00000000	3.01703143e+15	3.14532784e+15	2.80887410e-03
45000	40360.29182085	450	3.31858407e-05	450.00000000	3.01775765e+15	3.14605544e+15	2.80946468e-03
45100	40449.22097020	451	3.32595870e-05	451.00000000	3.01848178e+15	3.14678094e+15	2.81005361e-03
45200	40538.14398808	452	3.33333333e-05	452.00000000	3.01920383e+15	3.14750435e+15	2.81064087e-03
45300	40627.22838292	453	3.34070796e-05	453.00000000	3.01992379e+15	3.14822567e+15	2.81122653e-03
45400	40716.26042157	454	3.34808260e-05	454.00000000	3.02064165e+15	3.14894488e+15	2.81181056e-03
45500	40805.40021778	455	3.35545723e-05	455.00000000	3.02135739e+15	3.14966197e+15	2.81239295e-03
45600	40894.49949940	456	3.36283186e-05	456.00000000	3.02207098e+15	3.15037691e+15	2.81297370e-03
45700	40983.44633835	457	3.37020649e-05	457.00000000	3.02278239e+15	3.15108966e+15	2.81355276e-03
45800	41072.53073400	458	3.37758112e-05	458.00000000	3.02349157e+15	3.15180017e+15	2.81413014e-03
45900	41161.60580696	459	3.38495575e-05	459.00000000	3.02419851e+15	3.15250843e+15	2.81470580e-03
46000	41250.62709285	460	3.39233038e-05	460.00000000	3.02490320e+15	3.15321445e+15	2.81527976e-03
46100	41339.71678671	461	3.39970501e-05	461.00000000	3.02560562e+15	3.15391819e+15	2.81585199e-03
46200	41428.69910185	462	3.40707965e-05	462.00000000	3.02630576e+15	3.15461963e+15	2.81642243e-03
46300	41517.61422101	463	3.41445428e-05	463.00000000	3.02700359e+15	3.15531876e+15	2.81699106e-03
46400	41606.62470766	464	3.42182891e-05	464.00000000	3.02769907e+15	3.15601555e+15	2.81755788e-03
46500	41695.73325376	465	3.42920354e-05	465.00000000	3.02839220e+15	3.15670997e+15	2.81812287e-03
46600	41784.78220909	466	3.43657817e-05	466.00000000	3.02908292e+15	3.15740198e+15	2.81868601e-03
46700	41873.91070177	467	3.44395280e-05	467.00000000	3.02977123e+15	3.15809158e+15	2.81924728e-03
46800	41962.93458377	468	3.45132743e-05	468.00000000	3.03045709e+15	3.15877872e+15	2.81980662e-03
46900	42051.99304443	469	3.45870206e-05	469.00000000	3.03114050e+15	3.15946340e+15	2.82036399e-03
47000	42141.06929952	470	3.46607670e-05	470.00000000	3.03182142e+15	3.16014558e+15	2.82091939e-03
47100	42230.59130114	471	3.47345133e-05	471.00000000	3.03249985e+15	3.16082528e+15	2.82147282e-03
47200	42319.43901691	472	3.48082596e-05	472.00000000	3.03317582e+15	3.16150251e+15	2.82202426e-03
47300	42408.48296562	473	3.48820059e-05	473.00000000	3.03384934e+15	3.16217728e+15	2.82257371e-03
47400	42497.49637930	474	3.49557522e-05	474.00000000	3.03452044e+15	3.16284962e+15	2.82312117e-03
47500	42586.62344730	475	3.50294985e-05	475.00000000	3.03518916e+15	3.16351958e+15	2.82366667e-03
47600	42675.60223779	476	3.51032448e-05	476.00000000	3.03585554e+15	3.16418720e+15	2.82421029e-03
47700	42764.61103632	477	3.51769912e-05	477.00000000	3.03651965e+15	3.16485254e+15	2.82475207e-03
47800	42853.70663272	478	3.52507375e-05	478.00000000	3.03718153e+15	3.16551564e+15	2.82529205e-03
47900	42942.87246226	479	3.53244838e-05	479.00000000	3.03784122e+15	3.16617656e+15	2.82583028e-03
48000	43032.05993450	480	3.53982301e-05	480.00000000	3.03849879e+15	3.16683535e+15	2.82636677e-03
48100	43121.19842041	481	3.54719764e-05	481.00000000	3.03915426e+15	3.16749203e+15	2.82690153e-03
48200	43210.28429861	482	3.55457227e-05	482.00000000	3.03980767e+15	3.16814665e+15	2.82743461e-03
48300	43299.25434361	483	3.56194690e-05	483.00000000	3.04045906e+15	3.16879923e+15	2.82796605e-03
48400	43388.59230799	484	3.56932153e-05	484.00000000	3.04110846e+15	3.16944982e+15	2.82849592e-03
48500	43477.66348351	485	3.57669617e-05	485.00000000	3.04175589e+15	3.17009845e+15	2.82902426e-03
48600	43566.78190854	486	3.58407080e-05	486.00000000	3.04240140e+15	3.17074515e+15	2.82955110e-03
48700	43655.88205915	487	3.59144543e-05	487.00000000	3.04304501e+15	3.17138994e+15	2.83007643e-03
48800	43744.90447352	488	3.59882006e-05	488.00000000	3.04368674e+15	3.17203285e+15	2.83060031e-03
48900	43834.11031259	489	3.60619469e-05	489.00000000	3.04432663e+15	3.17267392e+15	2.83112276e-03
49000	43923.18236086	490	3.61356932e-05	490.00000000	3.04496470e+15	3.17331316e+15	2.83164378e-03
49100	44012.18436617	491	3.62094395e-05	491.00000000	3.04560100e+15	3.17395063e+15	2.83216342e-03
49200	44102.05608873	492	3.62831858e-05	492.00000000	3.04623556e+15	3.17458635e+15	2.83268168e-03
49300	44192.02250987	493	3.63569322e-05	493.00000000	3.04686840e+15	3.17522035e+15	2.83319856e-03
49400	44281.86578546	494	3.64306785e-05	494.00000000	3.04749954e+15	3.17585265e+15	2.83371405e-03
49500	44371.78825475	495	3.65044248e-05	495.00000000	3.04812896e+15	3.17648322e+15	2.83422812e-03
49600	44461.74621945	496	3.65781711e-05	496.00000000	3.04875664e+15	3.17711205e+15	2.83474082e-03
49700	44551.67456775	497	3.66519174e-05	497.00000000	3.04938257e+15	3.17773913e+15	2.83525215e-03
49800	44641.51951661	498	3.67256637e-05	498.00000000	3.05000674e+15	3.17836444e+15	2.83576208e-03
49900	44731.38083378	499	3.67994100e-05	499.00000000	3.05062914e+15	3.17898798e+15	2.83627062e-03
50000	44821.14869162	500	3.68731563e-05	500.00000000	3.05124976e+15	3.17960973e+15	2.83677774e-03
50100	44910.88411957	501	3.69469027e-05	501.00000000	3.05186857e+15	3.18022968e+15	2.83728345e-03
50200	44999.85526508	502	3.70206490e-05	502.00000000	3.05248558e+15	3.18084782e+15	2.83778771e-03
50300	45088.88792204	503	3.70943953e-05	503.00000000	3.05310077e+15	3.18146413e+15	2.83829052e-03
50400	45178.02453592	504	3.71681416e-05	504.00000000	3.05371412e+15	3.18207861e+15	2.83879188e-03
50500	45267.26406162	505	3.72418879e-05	505.00000000	3.05432564e+15	3.18269124e+15	2.83929179e-03
50600	45356.25163573	506	3.73156342e-05	506.00000000	3.05493533e+15	3.18330204e+15	2.83979029e-03
50700	45445.24288670	507	3.73893805e-05	507.00000000	3.05554317e+15	3.18391100e+15	2.84028733e-03
50800	45534.41191430	508	3.74631268e-05	508.00000000	3.05614915e+15	3.18451809e+15	2.84078295e-03
50900	45623.44278257	509	3.75368732e-05	509.00000000	3.05675324e+15	3.18512329e+15	2.84127711e-03
51000	45712.69109082	510	3.76106195e-05	510.00000000	3.05735546e+15	3.18572661e+15	2.84176984e-03
51100	45801.78493506	511	3.76843658e-05	511.00000000	3.05795580e+15	3.18632804e+15	2.84226110e-03
51200	45890.79511554	512	3.77581121e-05	512.00000000	3.05855425e+15	3.18692758e+15	2.84275088e-03
51300	45979.85071434	513	3.78318584e-05	513.00000000	3.05915082e+15	3.18752525e+15	2.84323918e-03
51400	46068.88072362	514	3.79056047e-05	514.00000000	3.05974553e+15	3.18812104e+15	2.84372603e-03
51500	46157.91231487	515	3.79793510e-05	515.00000000	3.06033836e+15	3.18871497e+15	2.84421144e-03
51600	46247.03286228	516	3.80530973e-05	516.00000000	3.06092937e+15	3.18930705e+15	2.84469540e-03
51700	46336.05321657	517	3.81268437e-05	517.00000000	3.06151858e+15	3.18989733e+15	2.84517793e-03
51800	46425.07138584	518	3.82005900e-05	518.00000000	3.06210603e+15	3.19048586e+15	2.84565907e-03
51900	46514.28055100	519	3.82743363e-05	519.00000000	3.06269175e+15	3.19107265e+15	2.84613881e-03
52000	46603.29227129	520	3.83480826e-05	520.00000000	3.06327575e+15	3.19165771e+15	2.84661716e-03
52100	46693.00933587	521	3.84218289e-05	521.00000000	3.06385805e+15	3.19224108e+15	2.84709415e-03
52200	46783.75945158	522	3.84955752e-05	522.00000000	3.06443867e+15	3.19282276e+15	2.84756980e-03
52300	46874.59018459	523	3.85693215e-05	523.00000000	3.06501761e+15	3.19340275e+15	2.84804413e-03
52400	46965.36842891	524	3.86430678e-05	524.00000000	3.06559490e+15	3.19398110e+15	2.84851714e-03
52500	47056.35574646	525	3.87168142e-05	525.00000000	3.06617056e+15	3.19455781e+15	2.84898885e-03
52600	47147.23961628	526	3.87905605e-05	526.00000000	3.06674464e+15	3.19513294e+15	2.84945930e-03
52700	47238.17105920	527	3.88643068e-05	527.00000000	3.06731715e+15	3.19570649e+15	2.84992852e-03
52800	47328.73954705	528	3.89380531e-05	528.00000000	3.06788809e+15	3.19627846e+15	2.85039649e-03
52900	47417.65301441	529	3.90117994e-05	529.00000000	3.06845747e+15	3.19684888e+15	2.85086321e-03
53000	47506.54658407	530	3.90855457e-05	530.00000000	3.06902530e+15	3.19741775e+15	2.85132871e-03
53100	47595.54290013	531	3.91592920e-05	531.00000000	3.06959158e+15	3.19798506e+15	2.85179301e-03
53200	47684.69606788	532	3.92330383e-05	532.00000000	3.07015632e+15	3.19855083e+15	2.85225609e-03
53300	47773.84530579	533	3.93067847e-05	533.00000000	3.07071951e+15	3.19911505e+15	2.85271797e-03
53400	47862.90095969	534	3.93805310e-05	534.00000000	3.07128118e+15	3.19967774e+15	2.85317863e-03
53500	47952.08033560	535	3.94542773e-05	535.00000000	3.07184130e+15	3.20023889e+15	2.85363810e-03
53600	48041.14055039	536	3.95280236e-05	536.00000000	3.07239989e+15	3.20079850e+15	2.85409639e-03
53700	48130.33098746	537	3.96017699e-05	537.00000000	3.07295694e+15	3.20135656e+15	2.85455349e-03
53800	48219.56866000	538	3.96755162e-05	538.00000000	3.07351243e+15	3.20191306e+15	2.85500937e-03
53900	48308.87507799	539	3.97492625e-05	539.00000000	3.07406634e+15	3.20246798e+15	2.85546404e-03
54000	48398.27729810	540	3.98230088e-05	540.00000000	3.07461866e+15	3.20302131e+15	2.85591749e-03
54100	48487.61998317	541	3.98967552e-05	541.00000000	3.07516939e+15	3.20357303e+15	2.85636967e-03
54200	48577.09206385	542	3.99705015e-05	542.00000000	3.07571852e+15	3.20412316e+15	2.85682058e-03
54300	48666.41055069	543	4.00442478e-05	543.00000000	3.07626607e+15	3.20467171e+15	2.85727022e-03
54400	48755.56228044	544	4.01179941e-05	544.00000000	3.07681205e+15	3.20521868e+15	2.85771860e-03
54500	48844.89225036	545	4.01917404e-05	545.00000000	3.07735646e+15	3.20576408e+15	2.85816571e-03
54600	48934.09508062	546	4.02654867e-05	546.00000000	3.07789930e+15	3.20630790e+15	2.85861159e-03
54700	49023.36141341	547	4.03392330e-05	547.00000000	3.07844058e+15	3.20685016e+15	2.85905622e-03
54800	49112.62037280	548	4.04129794e-05	548.00000000	3.07898030e+15	3.20739086e+15	2.85949960e-03
54900	49202.00012836	549	4.04867257e-05	549.00000000	3.07951848e+15	3.20793001e+15	2.85994174e-03
55000	49291.20728658	550	4.05604720e-05	550.00000000	3.08005512e+15	3.20846762e+15	2.86038267e-03
55100	49380.45612675	551	4.06342183e-05	551.00000000	3.08059022e+15	3.20900369e+15	2.86082237e-03
55200	49469.90540249	552	4.07079646e-05	552.00000000	3.08112377e+15	3.20953821e+15	2.86126084e-03
55300	49559.20876969	553	4.07817109e-05	553.00000000	3.08165579e+15	3.21007118e+15	2.86169809e-03
55400	49648.40450638	554	4.08554572e-05	554.00000000	3.08218627e+15	3.21060262e+15	2.86213412e-03
55500	49737.70082777	555	4.09292035e-05	555.00000000	3.08271522e+15	3.21113252e+15	2.86256895e-03
55600	49827.02750333	556	4.10029499e-05	556.00000000	3.08324264e+15	3.21166089e+15	2.86300260e-03
55700	49916.34251639	557	4.10766962e-05	557.00000000	3.08376855e+15	3.21218775e+15	2.86343504e-03
55800	50005.64706445	558	4.11504425e-05	558.00000000	3.08429294e+15	3.21271308e+15	2.86386628e-03
55900	50094.98349499	559	4.12241888e-05	559.00000000	3.08481583e+15	3.21323691e+15	2.86429632e-03
56000	50184.32601626	560	4.12979351e-05	560.00000000	3.08533722e+15	3.21375923e+15	2.86472518e-03
56100	50273.74927673	561	4.13716814e-05	561.00000000	3.08585713e+15	3.21428008e+15	2.86515287e-03
56200	50362.98543766	562	4.14454277e-05	562.00000000	3.08637557e+15	3.21479945e+15	2.86557941e-03
56300	50452.18814146	563	4.15191740e-05	563.00000000	3.08689257e+15	3.21531737e+15	2.86600487e-03
56400	50541.43114493	564	4.15929204e-05	564.00000000	3.08740814e+15	3.21583387e+15	2.86642923e-03
56500	50630.65326346	565	4.16666667e-05	565.00000000	3.08792231e+15	3.21634897e+15	2.86685251e-03
56600	50719.80362853	566	4.17404130e-05	566.00000000	3.08843509e+15	3.21686267e+15	2.86727471e-03
56700	50809.18532373	567	4.18141593e-05	567.00000000	3.08894650e+15	3.21737500e+15	2.86769583e-03
56800	50898.56787143	568	4.18879056e-05	568.00000000	3.08945655e+15	3.21788597e+15	2.86811586e-03
56900	50987.81577984	569	4.19616519e-05	569.00000000	3.08996525e+15	3.21839559e+15	2.86853482e-03
57000	51077.08480941	570	4.20353982e-05	570.00000000	3.09047261e+15	3.21890386e+15	2.86895271e-03
57100	51166.36601814	571	4.21091445e-05	571.00000000	3.09097865e+15	3.21941081e+15	2.86936955e-03
57200	51255.59102328	572	4.21828909e-05	572.00000000	3.09148337e+15	3.21991644e+15	2.86978533e-03
57300	51344.93812085	573	4.22566372e-05	573.00000000	3.09198678e+15	3.22042077e+15	2.87020007e-03
57400	51434.18045137	574	4.23303835e-05	574.00000000	3.09248890e+15	3.22092379e+15	2.87061379e-03
57500	51523.48444132	575	4.24041298e-05	575.00000000	3.09298970e+15	3.22142549e+15	2.87102649e-03
57600	51612.67137227	576	4.24778761e-05	576.00000000	3.09348918e+15	3.22192587e+15	2.87143815e-03
57700	51702.01149509	577	4.25516224e-05	577.00000000	3.09398734e+15	3.22242494e+15	2.87184879e-03
57800	51791.41707280	578	4.26253687e-05	578.00000000	3.09448421e+15	3.22292270e+15	2.87225839e-03
57900	51880.81037108	579	4.26991150e-05	579.00000000	3.09497978e+15	3.22341917e+15	2.87266696e-03
58000	51970.19981888	580	4.27728614e-05	580.00000000	3.09547406e+15	3.22391434e+15	2.87307453e-03
58100	52059.57983664	581	4.28466077e-05	581.00000000	3.09596704e+15	3.22440822e+15	2.87348107e-03
58200	52148.82442773	582	4.29203540e-05	582.00000000	3.09645874e+15	3.22490081e+15	2.87388659e-03
58300	52238.00427794	583	4.29941003e-05	583.00000000	3.09694916e+15	3.22539211e+15	2.87429112e-03
58400	52327.17793638	584	4.30678466e-05	584.00000000	3.09743829e+15	3.22588213e+15	2.87469465e-03
58500	52416.41040152	585	4.31415929e-05	585.00000000	3.09792614e+15	3.22637086e+15	2.87509718e-03
58600	52505.56413074	586	4.32153392e-05	586.00000000	3.09841269e+15	3.22685829e+15	2.87549872e-03
58700	52594.73741427	587	4.32890855e-05	587.00000000	3.09889795e+15	3.22734443e+15	2.87589924e-03
58800	52684.08322730	588	4.33628319e-05	588.00000000	3.09938193e+15	3.22782929e+15	2.87629874e-03
58900	52773.32637689	589	4.34365782e-05	589.00000000	3.09986463e+15	3.22831286e+15	2.87669723e-03
59000	52862.61399309	590	4.35103245e-05	590.00000000	3.10034605e+15	3.22879515e+15	2.87709473e-03
59100	52951.86620741	591	4.35840708e-05	591.00000000	3.10082621e+15	3.22927618e+15	2.87749125e-03
59200	53041.10820822	592	4.36578171e-05	592.00000000	3.10130510e+15	3.22975593e+15	2.87788680e-03
59300	53130.32666712	593	4.37315634e-05	593.00000000	3.10178273e+15	3.23023443e+15	2.87828134e-03
59400	53219.57837234	594	4.38053097e-05	594.00000000	3.10225910e+15	3.23071166e+15	2.87867489e-03
59500	53308.83030123	595	4.38790560e-05	595.00000000	3.10273421e+15	3.23118763e+15	2.87906744e-03
59600	53398.34312546	596	4.39528024e-05	596.00000000	3.10320805e+15	3.23166233e+15	2.87945901e-03
59700	53487.60833398	597	4.40265487e-05	597.00000000	3.10368064e+15	3.23213578e+15	2.87984959e-03
59800	53576.93370545	598	4.41002950e-05	598.00000000	3.10415198e+15	3.23260797e+15	2.88023919e-03
59900	53666.26617166	599	4.41740413e-05	599.00000000	3.10462208e+15	3.23307891e+15	2.88062781e-03
60000	53755.54976873	600	4.42477876e-05	600.00000000	3.10509093e+15	3.23354862e+15	2.88101545e-03
60100	53844.72979694	601	4.43215339e-05	601.00000000	3.10555855e+15	3.23401708e+15	2.88140213e-03
60200	53934.21736422	602	4.43952802e-05	602.00000000	3.10602494e+15	3.23448432e+15	2.88178790e-03
60300	54023.60003176	603	4.44690265e-05	603.00000000	3.10649012e+15	3.23495035e+15	2.88217275e-03
60400	54113.12042743	604	4.45427729e-05	604.00000000	3.10695409e+15	3.23541515e+15	2.88255667e-03
60500	54202.70081340	605	4.46165192e-05	605.00000000	3.10741684e+15	3.23587875e+15	2.88293965e-03
60600	54292.06383793	606	4.46902655e-05	606.00000000	3.10787839e+15	3.23634114e+15	2.88332171e-03
60700	54381.53701154	607	4.47640118e-05	607.00000000	3.10833875e+15	3.23680234e+15	2.88370284e-03
60800	54470.99144364	608	4.48377581e-05	608.00000000	3.10879794e+15	3.23726236e+15	2.88408305e-03
60900	54560.34909589	609	4.49115044e-05	609.00000000	3.10925594e+15	3.23772120e+15	2.88446233e-03
61000	54649.61155289	610	4.49852507e-05	610.00000000	3.10971277e+15	3.23817886e+15	2.88484067e-03
61100	54738.87234537	611	4.50589971e-05	611.00000000	3.11016844e+15	3.23863537e+15	2.88521809e-03
61200	54828.33843930	612	4.51327434e-05	612.00000000	3.11062296e+15	3.23909072e+15	2.88559459e-03
61300	54917.72698809	613	4.52064897e-05	613.00000000	3.11107634e+15	3.23954493e+15	2.88597017e-03
61400	55006.97879908	614	4.52802360e-05	614.00000000	3.11152859e+15	3.23999800e+15	2.88634484e-03
61500	55096.35796156	615	4.53539823e-05	615.00000000	3.11197972e+15	3.24044996e+15	2.88671860e-03
61600	55185.78815620	616	4.54277286e-05	616.00000000	3.11242974e+15	3.24090081e+15	2.88709150e-03
61700	55276.00308651	617	4.55014749e-05	617.00000000	3.11287866e+15	3.24135056e+15	2.88746355e-03
61800	55366.42782635	618	4.55752212e-05	618.00000000	3.11332650e+15	3.24179922e+15	2.88783474e-03
61900	55456.84364472	619	4.56489676e-05	619.00000000	3.11377327e+15	3.24224681e+15	2.88820508e-03
62000	55547.33332782	620	4.57227139e-05	620.00000000	3.11421897e+15	3.24269334e+15	2.88857457e-03
62100	55637.74245235	621	4.57964602e-05	621.00000000	3.11466361e+15	3.24313880e+15	2.88894322e-03
62200	55728.15321461	622	4.58702065e-05	622.00000000	3.11510719e+15	3.24358319e+15	2.88931102e-03
62300	55818.13298447	623	4.59439528e-05	623.00000000	3.11554970e+15	3.24402652e+15	2.88967796e-03
62400	55907.98072452	624	4.60176991e-05	624.00000000	3.11599114e+15	3.24446878e+15	2.89004405e-03
62500	55997.79001373	625	4.60914454e-05	625.00000000	3.11643151e+15	3.24490997e+15	2.89040930e-03
62600	56087.67278999	626	4.61651917e-05	626.00000000	3.11687082e+15	3.24535010e+15	2.89077369e-03
62700	56177.50719210	627	4.62389381e-05	627.00000000	3.11730907e+15	3.24578916e+15	2.89113723e-03
62800	56267.35974748	628	4.63126844e-05	628.00000000	3.11774626e+15	3.24622716e+15	2.89149993e-03
62900	56357.24385118	629	4.63864307e-05	629.00000000	3.11818239e+15	3.24666410e+15	2.89186179e-03
63000	56446.69031919	630	4.64601770e-05	630.00000000	3.11861746e+15	3.24709998e+15	2.89222280e-03
63100	56535.90937466	631	4.65339233e-05	631.00000000	3.11905148e+15	3.24753481e+15	2.89258297e-03
63200	56625.17085548	632	4.66076696e-05	632.00000000	3.11948444e+15	3.24796858e+15	2.89294229e-03
63300	56714.41491336	633	4.66814159e-05	633.00000000	3.11991636e+15	3.24840130e+15	2.89330076e-03
63400	56803.71361184	634	4.67551622e-05	634.00000000	3.12034723e+15	3.24883298e+15	2.89365839e-03
63500	56892.97578539	635	4.68289086e-05	635.00000000	3.12077705e+15	3.24926360e+15	2.89401517e-03
63600	56982.13098326	636	4.69026549e-05	636.00000000	3.12120582e+15	3.24969317e+15	2.89437110e-03
63700	57071.26760816	637	4.69764012e-05	637.00000000	3.12163354e+15	3.25012169e+15	2.89472620e-03
63800	57160.43917056	638	4.70501475e-05	638.00000000	3.12206021e+15	3.25054916e+15	2.89508047e-03
63900	57249.83418221	639	4.71238938e-05	639.00000000	3.12248582e+15	3.25097557e+15	2.89543391e-03
64000	57339.20824392	640	4.71976401e-05	640.00000000	3.12291037e+15	3.25140092e+15	2.89578652e-03
64100	57428.47088752	641	4.72713864e-05	641.00000000	3.12333388e+15	3.25182522e+15	2.89613828e-03
64200	57517.73218397	642	4.73451327e-05	642.00000000	3.12375633e+15	3.25224847e+15	2.89648920e-03
64300	57606.95927333	643	4.74188791e-05	643.00000000	3.12417772e+15	3.25267066e+15	2.89683927e-03
64400	57696.08516366	644	4.74926254e-05	644.00000000	3.12459806e+15	3.25309180e+15	2.89718849e-03
64500	57785.38431033	645	4.75663717e-05	645.00000000	3.12501736e+15	3.25351188e+15	2.89753688e-03
64600	57874.57448562	646	4.76401180e-05	646.00000000	3.12543560e+15	3.25393092e+15	2.89788442e-03
64700	57963.83705351	647	4.77138643e-05	647.00000000	3.12585281e+15	3.25434892e+15	2.89823112e-03
64800	58052.93829848	648	4.77876106e-05	648.00000000	3.12626896e+15	3.25476587e+15	2.89857698e-03
64900	58142.22517031	649	4.78613569e-05	649.00000000	3.12668407e+15	3.25518176e+15	2.89892200e-03
65000	58231.54318689	650	4.79351032e-05	650.00000000	3.12709813e+15	3.25559661e+15	2.89926618e-03
65100	58321.04024961	651	4.80088496e-05	651.00000000	3.12751114e+15	3.25601040e+15	2.89960952e-03
65200	58410.98147143	652	4.80825959e-05	652.00000000	3.12792308e+15	3.25642313e+15	2.89995203e-03
65300	58501.01184791	653	4.81563422e-05	653.00000000	3.12833396e+15	3.25683480e+15	2.90029369e-03
65400	58591.01193011	654	4.82300885e-05	654.00000000	3.12874377e+15	3.25724539e+15	2.90063450e-03
65500	58680.89951203	655	4.83038348e-05	655.00000000	3.12915250e+15	3.25765490e+15	2.90097445e-03
65600	58770.92783350	656	4.83775811e-05	656.00000000	3.12956015e+15	3.25806334e+15	2.90131353e-03
65700	58860.89846879	657	4.84513274e-05	657.00000000	3.12996673e+15	3.25847070e+15	2.90165174e-03
65800	58950.66615009	658	4.85250737e-05	658.00000000	3.13037223e+15	3.25887698e+15	2.90198907e-03
65900	59039.97279454	659	4.85988201e-05	659.00000000	3.13077665e+15	3.25928218e+15	2.90232555e-03
66000	59129.24189455	660	4.86725664e-05	660.00000000	3.13118000e+15	3.25968630e+15	2.90266116e-03
66100	59218.45441028	661	4.87463127e-05	661.00000000	3.13158228e+15	3.26008935e+15	2.90299589e-03
66200	59307.72945924	662	4.88200590e-05	662.00000000	3.13198348e+15	3.26049133e+15	2.90332974e-03
66300	59397.04435013	663	4.88938053e-05	663.00000000	3.13238362e+15	3.26089224e+15	2.90366272e-03
66400	59486.50035044	664	4.89675516e-05	664.00000000	3.13278270e+15	3.26129208e+15	2.90399483e-03
66500	59575.86297478	665	4.90412979e-05	665.00000000	3.13318070e+15	3.26169086e+15	2.90432607e-03
66600	59665.04540117	666	4.91150442e-05	666.00000000	3.13357764e+15	3.26208856e+15	2.90465645e-03
66700	59754.22353088	667	4.91887906e-05	667.00000000	3.13397352e+15	3.26248520e+15	2.90498597e-03
66800	59843.44202419	668	4.92625369e-05	668.00000000	3.13436834e+15	3.26288079e+15	2.90531463e-03
66900	59932.77284102	669	4.93362832e-05	669.00000000	3.13476211e+15	3.26327532e+15	2.90564243e-03
67000	60021.96105867	670	4.94100295e-05	670.00000000	3.13515484e+15	3.26366881e+15	2.90596938e-03
67100	60111.11940896	671	4.94837758e-05	671.00000000	3.13554653e+15	3.26406126e+15	2.90629547e-03
67200	60200.22890337	672	4.95575221e-05	672.00000000	3.13593718e+15	3.26445268e+15	2.90662073e-03
67300	60289.46040681	673	4.96312684e-05	673.00000000	3.13632680e+15	3.26484305e+15	2.90694516e-03
67400	60378.63728117	674	4.97050147e-05	674.00000000	3.13671540e+15	3.26523240e+15	2.90726877e-03
67500	60467.87612867	675	4.97787611e-05	675.00000000	3.13710296e+15	3.26562073e+15	2.90759155e-03
67600	60557.09497762	676	4.98525074e-05	676.00000000	3.13748950e+15	3.26600802e+15	2.90791350e-03
67700	60646.30435590	677	4.99262537e-05	677.00000000	3.13787502e+15	3.26639428e+15	2.90823462e-03
67800	60735.60493893	678	5.00000000e-05	678.00000000	3.13825950e+15	3.26677952e+15	2.90855491e-03
67900	60824.81902512	679	5.00737463e-05	679.00000000	3.13864297e+15	3.26716373e+15	2.90887436e-03
68000	60914.07025508	680	5.01474926e-05	680.00000000	3.13902541e+15	3.26754692e+15	2.90919297e-03
68100	61003.10909427	681	5.02212389e-05	681.00000000	3.13940684e+15	3.26792911e+15	2.90951074e-03
68200	61092.45017170	682	5.02949853e-05	682.00000000	3.13978726e+15	3.26831027e+15	2.90982770e-03
68300	61183.78945991	683	5.03687316e-05	683.00000000	3.14016666e+15	3.26869043e+15	2.91014385e-03
68400	61276.22715313	684	5.04424779e-05	684.00000000	3.14054504e+15	3.26906956e+15	2.91045917e-03
68500	61368.68820314	685	5.05162242e-05	685.00000000	3.14092241e+15	3.26944767e+15	2.91077366e-03
68600	61461.14815070	686	5.05899705e-05	686.00000000	3.14129875e+15	3.26982476e+15	2.91108731e-03
68700	61553.45489741	687	5.06637168e-05	687.00000000	3.14167408e+15	3.27020083e+15	2.91140013e-03
68800	61645.90834561	688	5.07374631e-05	688.00000000	3.14204839e+15	3.27057589e+15	2.91171212e-03
68900	61737.19302463	689	5.08112094e-05	689.00000000	3.14242170e+15	3.27094994e+15	2.91202327e-03
69000	61827.18809509	690	5.08849558e-05	690.00000000	3.14279401e+15	3.27132300e+15	2.91233360e-03
69100	61917.28227040	691	5.09587021e-05	691.00000000	3.14316535e+15	3.27169507e+15	2.91264312e-03
69200	62007.32489353	692	5.10324484e-05	692.00000000	3.14353570e+15	3.27206616e+15	2.91295182e-03
69300	62097.39846404	693	5.11061947e-05	693.00000000	3.14390508e+15	3.27243628e+15	2.91325971e-03
69400	62187.47664288	694	5.11799410e-05	694.00000000	3.14427349e+15	3.27280543e+15	2.91356682e-03
69500	62277.69663279	695	5.12536873e-05	695.00000000	3.14464093e+15	3.27317361e+15	2.91387315e-03
69600	62367.76255270	696	5.13274336e-05	696.00000000	3.14500740e+15	3.27354081e+15	2.91417870e-03
69700	62460.07986287	697	5.14011799e-05	697.00000000	3.14537291e+15	3.27390705e+15	2.91448347e-03
69800	62554.95574534	698	5.14749263e-05	698.00000000	3.14573745e+15	3.27427233e+15	2.91478745e-03
69900	62650.01207359	699	5.15486726e-05	699.00000000	3.14610104e+15	3.27463665e+15	2.91509066e-03
70000	62744.89515524	700	5.16224189e-05	700.00000000	3.14646367e+15	3.27500001e+15	2.91539310e-03
70100	62837.65070576	701	5.16961652e-05	701.00000000	3.14682536e+15	3.27536242e+15	2.91569478e-03
70200	62926.73104065	702	5.17699115e-05	702.00000000	3.14718611e+15	3.27572390e+15	2.91599572e-03
70300	63015.84004930	703	5.18436578e-05	703.00000000	3.14754593e+15	3.27608444e+15	2.91629592e-03
70400	63104.80109880	704	5.19174041e-05	704.00000000	3.14790482e+15	3.27644407e+15	2.91659536e-03
70500	63194.39813874	705	5.19911504e-05	705.00000000	3.14826280e+15	3.27680277e+15	2.91689407e-03
70600	63284.26453956	706	5.20648968e-05	706.00000000	3.14861986e+15	3.27716056e+15	2.91719204e-03
70700	63374.15189586	707	5.21386431e-05	707.00000000	3.14897601e+15	3.27751743e+15	2.91748926e-03
70800	63464.06989360	708	5.22123894e-05	708.00000000	3.14933125e+15	3.27787339e+15	2.91778574e-03
70900	63553.79775711	709	5.22861357e-05	709.00000000	3.14968558e+15	3.27822845e+15	2.91808148e-03
71000	63642.90252853	710	5.23598820e-05	710.00000000	3.15003900e+15	3.27858260e+15	2.91837648e-03
71100	63732.01199213	711	5.24336283e-05	711.00000000	3.15039151e+15	3.27893585e+15	2.91867074e-03
71200	63820.99205437	712	5.25073746e-05	712.00000000	3.15074312e+15	3.27928818e+15	2.91896425e-03
71300	63910.13037425	713	5.25811209e-05	713.00000000	3.15109383e+15	3.27963962e+15	2.91925706e-03
71400	63999.34408583	714	5.26548673e-05	714.00000000	3.15144365e+15	3.27999017e+15	2.91954922e-03
71500	64088.58780277	715	5.27286136e-05	715.00000000	3.15179262e+15	3.28033986e+15	2.91984074e-03
71600	64178.35518258	716	5.28023599e-05	716.00000000	3.15214071e+15	3.28068867e+15	2.92013156e-03
71700	64268.68752407	717	5.28761062e-05	717.00000000	3.15248792e+15	3.28103662e+15	2.92042166e-03
71800	64358.97662043	718	5.29498525e-05	718.00000000	3.15283425e+15	3.28138369e+15	2.92071102e-03
71900	64449.07604162	719	5.30235988e-05	719.00000000	3.15317972e+15	3.28172990e+15	2.92099966e-03
72000	64540.05978237	720	5.30973451e-05	720.00000000	3.15352433e+15	3.28207525e+15	2.92128760e-03
72100	64631.15231641	721	5.31710914e-05	721.00000000	3.15386811e+15	3.28241977e+15	2.92157489e-03
72200	64722.24956404	722	5.32448378e-05	722.00000000	3.15421115e+15	3.28276353e+15	2.92186179e-03
72300	64813.51072911	723	5.33185841e-05	723.00000000	3.15455344e+15	3.28310655e+15	2.92214820e-03
72400	64903.21065430	724	5.33923304e-05	724.00000000	3.15489495e+15	3.28344880e+15	2.92243397e-03
72500	64993.24393246	725	5.34660767e-05	725.00000000	3.15523555e+15	3.28379020e+15	2.92271883e-03
72600	65083.16304108	726	5.35398230e-05	726.00000000	3.15557526e+15	3.28413071e+15	2.92300284e-03
72700	65173.23154778	727	5.36135693e-05	727.00000000	3.15591407e+15	3.28447032e+15	2.92328604e-03
72800	65263.20806397	728	5.36873156e-05	728.00000000	3.15625197e+15	3.28480901e+15	2.92356847e-03
72900	65353.26085978	729	5.37610619e-05	729.00000000	3.15658896e+15	3.28514679e+15	2.92385012e-03
73000	65443.34364189	730	5.38348083e-05	730.00000000	3.15692504e+15	3.28548364e+15	2.92413099e-03
73100	65533.43341436	731	5.39085546e-05	731.00000000	3.15726021e+15	3.28581957e+15	2.92441110e-03
73200	65623.32708228	732	5.39823009e-05	732.00000000	3.15759448e+15	3.28615459e+15	2.92469045e-03
73300	65713.26449149	733	5.40560472e-05	733.00000000	3.15792784e+15	3.28648870e+15	2.92496901e-03
73400	65803.32893110	734	5.41297935e-05	734.00000000	3.15826029e+15	3.28682188e+15	2.92524679e-03
73500	65893.33956466	735	5.42035398e-05	735.00000000	3.15859182e+15	3.28715415e+15	2.92552378e-03
73600	65983.41354122	736	5.42772861e-05	736.00000000	3.15892242e+15	3.28748548e+15	2.92580001e-03
73700	66073.48759363	737	5.43510324e-05	737.00000000	3.15925211e+15	3.28781589e+15	2.92607547e-03
73800	66163.43679479	738	5.44247788e-05	738.00000000	3.15958087e+15	3.28814537e+15	2.92635014e-03
73900	66253.60896791	739	5.44985251e-05	739.00000000	3.15990871e+15	3.28847392e+15	2.92662406e-03
74000	66343.58283747	740	5.45722714e-05	740.00000000	3.16023563e+15	3.28880155e+15	2.92689721e-03
74100	66433.74858963	741	5.46460177e-05	741.00000000	3.16056164e+15	3.28912825e+15	2.92716961e-03
74200	66523.71416141	742	5.47197640e-05	742.00000000	3.16088674e+15	3.28945404e+15	2.92744125e-03
74300	66613.79923067	743	5.47935103e-05	743.00000000	3.16121092e+15	3.28977892e+15	2.92771211e-03
74400	66703.74539264	744	5.48672566e-05	744.00000000	3.16153418e+15	3.29010286e+15	2.92798220e-03
74500	66793.65343131	745	5.49410029e-05	745.00000000	3.16185653e+15	3.29042589e+15	2.92825152e-03
74600	66883.67201276	746	5.50147493e-05	746.00000000	3.16217795e+15	3.29074799e+15	2.92852008e-03
74700	66973.62458849	747	5.50884956e-05	747.00000000	3.16249847e+15	3.29106918e+15	2.92878786e-03
74800	67063.58397061	748	5.51622419e-05	748.00000000	3.16281808e+15	3.29138946e+15	2.92905488e-03
74900	67153.58435636	749	5.52359882e-05	749.00000000	3.16313679e+15	3.29170884e+15	2.92932115e-03
75000	67243.64953297	750	5.53097345e-05	750.00000000	3.16345461e+15	3.29202732e+15	2.92958666e-03
75100	67333.72057699	751	5.53834808e-05	751.00000000	3.16377154e+15	3.29234492e+15	2.92985143e-03
75200	67423.70122346	752	5.54572271e-05	752.00000000	3.16408760e+15	3.29266163e+15	2.93011548e-03
75300	67514.04120822	753	5.55309735e-05	753.00000000	3.16440277e+15	3.29297745e+15	2.93037881e-03
75400	67604.34747523	754	5.56047198e-05	754.00000000	3.16471707e+15	3.29329240e+15	2.93064141e-03
75500	67694.74838982	755	5.56784661e-05	755.00000000	3.16503048e+15	3.29360645e+15	2.93090328e-03
75600	67785.11146495	756	5.57522124e-05	756.00000000	3.16534300e+15	3.29391962e+15	2.93116439e-03
75700	67875.38644131	757	5.58259587e-05	757.00000000	3.16565465e+15	3.29423191e+15	2.93142478e-03
75800	67965.86987317	758	5.58997050e-05	758.00000000	3.16596541e+15	3.29454331e+15	2.93168443e-03
75900	68056.15716181	759	5.59734513e-05	759.00000000	3.16627530e+15	3.29485384e+15	2.93194336e-03
76000	68146.05555866	760	5.60471976e-05	760.00000000	3.16658432e+15	3.29516348e+15	2.93220157e-03
76100	68235.94451469	761	5.61209440e-05	761.00000000	3.16689245e+15	3.29547225e+15	2.93245904e-03
76200	68325.93552904	762	5.61946903e-05	762.00000000	3.16719972e+15	3.29578015e+15	2.93271580e-03
76300	68415.91323240	763	5.62684366e-05	763.00000000	3.16750612e+15	3.29608717e+15	2.93297184e-03
76400	68505.99614179	764	5.63421829e-05	764.00000000	3.16781166e+15	3.29639334e+15	2.93322716e-03
76500	68596.14500995	765	5.64159292e-05	765.00000000	3.16811635e+15	3.29669864e+15	2.93348177e-03
76600	68686.09829915	766	5.64896755e-05	766.00000000	3.16842018e+15	3.29700309e+15	2.93373568e-03
76700	68776.08519471	767	5.65634218e-05	767.00000000	3.16872316e+15	3.29730668e+15	2.93398888e-03
76800	68866.02884780	768	5.66371681e-05	768.00000000	3.16902529e+15	3.29760943e+15	2.93424139e-03
76900	68956.00064214	769	5.67109145e-05	769.00000000	3.16932659e+15	3.29791133e+15	2.93449319e-03
77000	69046.14614956	770	5.67846608e-05	770.00000000	3.16962704e+15	3.29821239e+15	2.93474429e-03
77100	69136.91505687	771	5.68584071e-05	771.00000000	3.16992666e+15	3.29851262e+15	2.93499469e-03
77200	69227.71740839	772	5.69321534e-05	772.00000000	3.17022544e+15	3.29881200e+15	2.93524440e-03
77300	69318.69674312	773	5.70058997e-05	773.00000000	3.17052339e+15	3.29911056e+15	2.93549342e-03
77400	69409.63260283	774	5.70796460e-05	774.00000000	3.17082051e+15	3.29940829e+15	2.93574174e-03
77500	69500.55098241	775	5.71533923e-05	775.00000000	3.17111682e+15	3.29970519e+15	2.93598939e-03
77600	69591.42593406	776	5.72271386e-05	776.00000000	3.17141231e+15	3.30000128e+15	2.93623635e-03
77700	69682.23964936	777	5.73008850e-05	777.00000000	3.17170699e+15	3.30029656e+15	2.93648263e-03
77800	69772.25842425	778	5.73746313e-05	778.00000000	3.17200087e+15	3.30059102e+15	2.93672823e-03
77900	69862.28635282	779	5.74483776e-05	779.00000000	3.17229394e+15	3.30088468e+15	2.93697316e-03
78000	69952.12269443	780	5.75221239e-05	780.00000000	3.17258621e+15	3.30117755e+15	2.93721743e-03
78100	70041.98485035	781	5.75958702e-05	781.00000000	3.17287769e+15	3.30146961e+15	2.93746103e-03
78200	70131.87843925	782	5.76696165e-05	782.00000000	3.17316839e+15	3.30176090e+15	2.93770397e-03
78300	70221.72032406	783	5.77433628e-05	783.00000000	3.17345831e+15	3.30205140e+15	2.93794626e-03
78400	70311.69326679	784	5.78171091e-05	784.00000000	3.17374746e+15	3.30234113e+15	2.93818791e-03
78500	70401.62577161	785	5.78908555e-05	785.00000000	3.17403584e+15	3.30263009e+15	2.93842891e-03
78600	70491.65861117	786	5.79646018e-05	786.00000000	3.17432347e+15	3.30291830e+15	2.93866930e-03
78700	70581.70981841	787	5.80383481e-05	787.00000000	3.17461035e+15	3.30320575e+15	2.93890906e-03
78800	70671.68353816	788	5.81120944e-05	788.00000000	3.17489647e+15	3.30349244e+15	2.93914820e-03
78900	70761.83434456	789	5.81858407e-05	789.00000000	3.17518184e+15	3.30377839e+15	2.93938672e-03
79000	70851.72182041	790	5.82595870e-05	790.00000000	3.17546646e+15	3.30406357e+15	2.93962461e-03
79100	70941.72375938	791	5.83333333e-05	791.00000000	3.17575032e+15	3.30434801e+15	2.93986188e-03
79200	71031.67196048	792	5.84070796e-05	792.00000000	3.17603344e+15	3.30463169e+15	2.94009853e-03
79300	71121.68426411	793	5.84808260e-05	793.00000000	3.17631582e+15	3.30491463e+15	2.94033456e-03
79400	71211.80896409	794	5.85545723e-05	794.00000000	3.17659744e+15	3.30519682e+15	2.94056997e-03
79500	71301.88019702	795	5.86283186e-05	795.00000000	3.17687833e+15	3.30547827e+15	2.94080477e-03
79600	71391.87342412	796	5.87020649e-05	796.00000000	3.17715847e+15	3.30575897e+15	2.94103895e-03
79700	71481.90300673	797	5.87758112e-05	797.00000000	3.17743787e+15	3.30603893e+15	2.94127251e-03
79800	71571.93167414	798	5.88495575e-05	798.00000000	3.17771653e+15	3.30631814e+15	2.94150547e-03
79900	71662.11519699	799	5.89233038e-05	799.00000000	3.17799445e+15	3.30659661e+15	2.94173782e-03
80000	71752.08091479	800	5.89970501e-05	800.00000000	3.17827162e+15	3.30687434e+15	2.94196955e-03
80100	71842.08530722	801	5.90707965e-05	801.00000000	3.17854806e+15	3.30715133e+15	2.94220067e-03
80200	71932.29679350	802	5.91445428e-05	802.00000000	3.17882376e+15	3.30742757e+15	2.94243118e-03
80300	72022.32177259	803	5.92182891e-05	803.00000000	3.17909872e+15	3.30770308e+15	2.94266109e-03
80400	72112.23312651	804	5.92920354e-05	804.00000000	3.17937296e+15	3.30797786e+15	2.94289038e-03
80500	72202.34501671	805	5.93657817e-05	805.00000000	3.17964645e+15	3.30825190e+15	2.94311906e-03
80600	72292.51590954	806	5.94395280e-05	806.00000000	3.17991922e+15	3.30852520e+15	2.94334714e-03
80700	72382.60107962	807	5.95132743e-05	807.00000000	3.18019126e+15	3.30879778e+15	2.94357460e-03
80800	72472.74447072	808	5.95870206e-05	808.00000000	3.18046258e+15	3.30906964e+15	2.94380147e-03
80900	72563.16586415	809	5.96607670e-05	809.00000000	3.18073318e+15	3.30934077e+15	2.94402774e-03
81000	72654.02120579	810	5.97345133e-05	810.00000000	3.18100306e+15	3.30961119e+15	2.94425341e-03
81100	72744.77068410	811	5.98082596e-05	811.00000000	3.18127223e+15	3.30988089e+15	2.94447850e-03
81200	72835.71172918	812	5.98820059e-05	812.00000000	3.18154069e+15	3.31014988e+15	2.94470301e-03
81300	72926.64751645	813	5.99557522e-05	813.00000000	3.18180844e+15	3.31041816e+15	2.94492692e-03
81400	73017.56139408	814	6.00294985e-05	814.00000000	3.18207548e+15	3.31068572e+15	2.94515025e-03
81500	73108.49626911	815	6.01032448e-05	815.00000000	3.18234182e+15	3.31095259e+15	2.94537299e-03
81600	73199.39436335	816	6.01769912e-05	816.00000000	3.18260745e+15	3.31121874e+15	2.94559514e-03
81700	73289.63824203	817	6.02507375e-05	817.00000000	3.18287238e+15	3.31148420e+15	2.94581670e-03
81800	73379.87478597	818	6.03244838e-05	818.00000000	3.18313661e+15	3.31174895e+15	2.94603767e-03
81900	73470.28812243	819	6.03982301e-05	819.00000000	3.18340014e+15	3.31201300e+15	2.94625806e-03
82000	73560.53867856	820	6.04719764e-05	820.00000000	3.18366297e+15	3.31227634e+15	2.94647787e-03
82100	73650.82367831	821	6.05457227e-05	821.00000000	3.18392511e+15	3.31253899e+15	2.94669710e-03
82200	73741.15564142	822	6.06194690e-05	822.00000000	3.18418654e+15	3.31280094e+15	2.94691574e-03
82300	73831.67128698	823	6.06932153e-05	823.00000000	3.18444728e+15	3.31306219e+15	2.94713381e-03
82400	73921.99695592	824	6.07669617e-05	824.00000000	3.18470732e+15	3.31332274e+15	2.94735130e-03
82500	74012.23814878	825	6.08407080e-05	825.00000000	3.18496666e+15	3.31358260e+15	2.94756822e-03
82600	74102.71283665	826	6.09144543e-05	826.00000000	3.18522532e+15	3.31384176e+15	2.94778456e-03
82700	74193.12317332	827	6.09882006e-05	827.00000000	3.18548328e+15	3.31410023e+15	2.94800033e-03
82800	74283.32346573	828	6.10619469e-05	828.00000000	3.18574055e+15	3.31435800e+15	2.94821552e-03
82900	74373.46555512	829	6.11356932e-05	829.00000000	3.18599714e+15	3.31461509e+15	2.94843014e-03
83000	74463.59301020	830	6.12094395e-05	830.00000000	3.18625304e+15	3.31487150e+15	2.94864420e-03
83100	74553.62682712	831	6.12831858e-05	831.00000000	3.18650826e+15	3.31512722e+15	2.94885769e-03
83200	74643.61598687	832	6.13569322e-05	832.00000000	3.18676280e+15	3.31538226e+15	2.94907062e-03
83300	74733.84391183	833	6.14306785e-05	833.00000000	3.18701668e+15	3.31563663e+15	2.94928300e-03
83400	74824.16860185	834	6.15044248e-05	834.00000000	3.18726988e+15	3.31589034e+15	2.94949481e-03
83500	74914.27329135	835	6.15781711e-05	835.00000000	3.18752242e+15	3.31614337e+15	2.94970607e-03
83600	75004.21333229	836	6.16519174e-05	836.00000000	3.18777430e+15	3.31639575e+15	2.94991678e-03
83700	75094.06715349	837	6.17256637e-05	837.00000000	3.18802553e+15	3.31664746e+15	2.95012695e-03
83800	75183.86655027	838	6.17994100e-05	838.00000000	3.18827610e+15	3.31689852e+15	2.95033657e-03
83900	75273.68254141	839	6.18731563e-05	839.00000000	3.18852601e+15	3.31714893e+15	2.95054564e-03
84000	75363.11874491	840	6.19469027e-05	840.00000000	3.18877528e+15	3.31739869e+15	2.95075418e-03
84100	75452.20829144	841	6.20206490e-05	841.00000000	3.18902390e+15	3.31764779e+15	2.95096218e-03
84200	75541.47432478	842	6.20943953e-05	842.00000000	3.18927186e+15	3.31789625e+15	2.95116963e-03
84300	75630.54646757	843	6.21681416e-05	843.00000000	3.18951918e+15	3.31814406e+15	2.95137655e-03
84400	75719.75103784	844	6.22418879e-05	844.00000000	3.18976585e+15	3.31839121e+15	2.95158293e-03
84500	75809.23968969	845	6.23156342e-05	845.00000000	3.19001187e+15	3.31863771e+15	2.95178878e-03
84600	75898.50062279	846	6.23893805e-05	846.00000000	3.19025725e+15	3.31888357e+15	2.95199410e-03
84700	75987.70773196	847	6.24631268e-05	847.00000000	3.19050197e+15	3.31912878e+15	2.95219888e-03
84800	76077.15313515	848	6.25368732e-05	848.00000000	3.19074606e+15	3.31937334e+15	2.95240313e-03
84900	76166.50649159	849	6.26106195e-05	849.00000000	3.19098949e+15	3.31961726e+15	2.95260685e-03
85000	76255.70166860	850	6.26843658e-05	850.00000000	3.19123229e+15	3.31986053e+15	2.95281002e-03
85100	76345.02136855	851	6.27581121e-05	851.00000000	3.19147443e+15	3.32010316e+15	2.95301266e-03
85200	76434.52381211	852	6.28318584e-05	852.00000000	3.19171593e+15	3.32034513e+15	2.95321476e-03
85300	76523.75402235	853	6.29056047e-05	853.00000000	3.19195678e+15	3.32058645e+15	2.95341633e-03
85400	76613.26986718	854	6.29793510e-05	854.00000000	3.19219698e+15	3.32082713e+15	2.95361735e-03
85500	76703.16446621	855	6.30530973e-05	855.00000000	3.19243654e+15	3.32106716e+15	2.95381784e-03
85600	76793.36303682	856	6.31268437e-05	856.00000000	3.19267545e+15	3.32130655e+15	2.95401779e-03
85700	76883.30996821	857	6.32005900e-05	857.00000000	3.19291372e+15	3.32154529e+15	2.95421722e-03
85800	76973.27544570	858	6.32743363e-05	858.00000000	3.19315135e+15	3.32178338e+15	2.95441611e-03
85900	77063.74809108	859	6.33480826e-05	859.00000000	3.19338833e+15	3.32202083e+15	2.95461446e-03
86000	77155.54456811	860	6.34218289e-05	860.00000000	3.19362467e+15	3.32225764e+15	2.95481229e-03
86100	77247.43985657	861	6.34955752e-05	861.00000000	3.19386037e+15	3.32249381e+15	2.95500958e-03
86200	77339.27171284	862	6.35693215e-05	862.00000000	3.19409544e+15	3.32272934e+15	2.95520635e-03
86300	77431.06374780	863	6.36430678e-05	863.00000000	3.19432987e+15	3.32296423e+15	2.95540259e-03
86400	77522.86721621	864	6.37168142e-05	864.00000000	3.19456367e+15	3.32319849e+15	2.95559830e-03
86500	77614.59894044	865	6.37905605e-05	865.00000000	3.19479683e+15	3.32343211e+15	2.95579348e-03
86600	77704.74642404	866	6.38643068e-05	866.00000000	3.19502936e+15	3.32366510e+15	2.95598814e-03
86700	77794.78413835	867	6.39380531e-05	867.00000000	3.19526127e+15	3.32389747e+15	2.95618227e-03
86800	77884.64208852	868	6.40117994e-05	868.00000000	3.19549255e+15	3.32412920e+15	2.95637588e-03
86900	77974.38741254	869	6.40855457e-05	869.00000000	3.19572320e+15	3.32436032e+15	2.95656897e-03
87000	78063.98868861	870	6.41592920e-05	870.00000000	3.19595325e+15	3.32459081e+15	2.95676155e-03
87100	78153.54406565	871	6.42330383e-05	871.00000000	3.19618267e+15	3.32482069e+15	2.95695361e-03
87200	78243.17219406	872	6.43067847e-05	872.00000000	3.19641149e+15	3.32504996e+15	2.95714516e-03
87300	78333.06993695	873	6.43805310e-05	873.00000000	3.19663970e+15	3.32527862e+15	2.95733620e-03
87400	78424.53694152	874	6.44542773e-05	874.00000000	3.19686730e+15	3.32550667e+15	2.95752674e-03
87500	78515.76732311	875	6.45280236e-05	875.00000000	3.19709430e+15	3.32573412e+15	2.95771678e-03
87600	78607.01463611	876	6.46017699e-05	876.00000000	3.19732070e+15	3.32596097e+15	2.95790631e-03
87700	78698.33214602	877	6.46755162e-05	877.00000000	3.19754650e+15	3.32618721e+15	2.95809535e-03
87800	78789.45045273	878	6.47492625e-05	878.00000000	3.19777170e+15	3.32641286e+15	2.95828390e-03
87900	78879.73367551	879	6.48230088e-05	879.00000000	3.19799630e+15	3.32663790e+15	2.95847194e-03
88000	78969.69542113	880	6.48967552e-05	880.00000000	3.19822031e+15	3.32686236e+15	2.95865950e-03
88100	79059.46225865	881	6.49705015e-05	881.00000000	3.19844373e+15	3.32708622e+15	2.95884655e-03
88200	79149.37658749	882	6.50442478e-05	882.00000000	3.19866656e+15	3.32730949e+15	2.95903310e-03
88300	79240.66023810	883	6.51179941e-05	883.00000000	3.19888881e+15	3.32753218e+15	2.95921918e-03
88400	79332.26432346	884	6.51917404e-05	884.00000000	3.19911047e+15	3.32775428e+15	2.95940476e-03
88500	79423.88672147	885	6.52654867e-05	885.00000000	3.19933156e+15	3.32797581e+15	2.95958986e-03
88600	79515.30704101	886	6.53392330e-05	886.00000000	3.19955207e+15	3.32819675e+15	2.95977448e-03
88700	79606.61659869	887	6.54129794e-05	887.00000000	3.19977201e+15	3.32841713e+15	2.95995862e-03
88800	79697.97487246	888	6.54867257e-05	888.00000000	3.19999137e+15	3.32863692e+15	2.96014228e-03
88900	79788.35520364	889	6.55604720e-05	889.00000000	3.20021016e+15	3.32885614e+15	2.96032546e-03
89000	79877.85130434	890	6.56342183e-05	890.00000000	3.20042838e+15	3.32907479e+15	2.96050817e-03
89100	79967.61957374	891	6.57079646e-05	891.00000000	3.20064602e+15	3.32929287e+15	2.96069040e-03
89200	80057.31827995	892	6.57817109e-05	892.00000000	3.20086309e+15	3.32951037e+15	2.96087215e-03
89300	80146.86821395	893	6.58554572e-05	893.00000000	3.20107959e+15	3.32972730e+15	2.96105343e-03
89400	80236.41617774	894	6.59292035e-05	894.00000000	3.20129554e+15	3.32994367e+15	2.96123425e-03
89500	80326.00518320	895	6.60029499e-05	895.00000000	3.20151092e+15	3.33015947e+15	2.96141461e-03
89600	80415.63201758	896	6.60766962e-05	896.00000000	3.20172574e+15	3.33037472e+15	2.96159450e-03
89700	80505.37744879	897	6.61504425e-05	897.00000000	3.20194000e+15	3.33058941e+15	2.96177392e-03
89800	80595.79022434	898	6.62241888e-05	898.00000000	3.20215371e+15	3.33080354e+15	2.96195289e-03
89900	80686.09905781	899	6.62979351e-05	899.00000000	3.20236687e+15	3.33101712e+15	2.96213139e-03
90000	80776.41506786	900	6.63716814e-05	900.00000000	3.20257947e+15	3.33123015e+15	2.96230943e-03
90100	80866.75100950	901	6.64454277e-05	901.00000000	3.20279151e+15	3.33144261e+15	2.96248701e-03
90200	80957.04723787	902	6.65191740e-05	902.00000000	3.20300300e+15	3.33165452e+15	2.96266413e-03
90300	81047.33214312	903	6.65929204e-05	903.00000000	3.20321393e+15	3.33186588e+15	2.96284079e-03
90400	81137.06080517	904	6.66666667e-05	904.00000000	3.20342431e+15	3.33207667e+15	2.96301698e-03
90500	81226.44848946	905	6.67404130e-05	905.00000000	3.20363413e+15	3.33228691e+15	2.96319272e-03
90600	81315.94004038	906	6.68141593e-05	906.00000000	3.20384339e+15	3.33249659e+15	2.96336800e-03
90700	81405.26670410	907	6.68879056e-05	907.00000000	3.20405210e+15	3.33270571e+15	2.96354282e-03
90800	81494.74534270	908	6.69616519e-05	908.00000000	3.20426024e+15	3.33291427e+15	2.96371718e-03
90900	81584.13147655	909	6.70353982e-05	909.00000000	3.20446783e+15	3.33312228e+15	2.96389108e-03
91000	81673.54646338	910	6.71091445e-05	910.00000000	3.20467487e+15	3.33332972e+15	2.96406452e-03
91100	81763.13336616	911	6.71828909e-05	911.00000000	3.20488135e+15	3.33353662e+15	2.96423750e-03
91200	81852.66915177	912	6.72566372e-05	912.00000000	3.20508727e+15	3.33374295e+15	2.96441003e-03
91300	81942.24061293	913	6.73303835e-05	913.00000000	3.20529264e+15	3.33394873e+15	2.96458209e-03
91400	82031.75472764	914	6.74041298e-05	914.00000000	3.20549745e+15	3.33415396e+15	2.96475369e-03
91500	82121.28635500	915	6.74778761e-05	915.00000000	3.20570171e+15	3.33435863e+15	2.96492483e-03
91600	82211.46010494	916	6.75516224e-05	916.00000000	3.20590542e+15	3.33456274e+15	2.96509551e-03
91700	82301.83983407	917	6.76253687e-05	917.00000000	3.20610858e+15	3.33476631e+15	2.96526573e-03
91800	82392.13356969	918	6.76991150e-05	918.00000000	3.20631119e+15	3.33496933e+15	2.96543550e-03
91900	82484.14459003	919	6.77728614e-05	919.00000000	3.20651325e+15	3.33517180e+15	2.96560480e-03
92000	82577.19458516	920	6.78466077e-05	920.00000000	3.20671477e+15	3.33537372e+15	2.96577366e-03
92100	82670.11953942	921	6.79203540e-05	921.00000000	3.20691574e+15	3.33557510e+15	2.96594206e-03
92200	82763.28034617	922	6.79941003e-05	922.00000000	3.20711617e+15	3.33577593e+15	2.96611001e-03
92300	82856.44267927	923	6.80678466e-05	923.00000000	3.20731605e+15	3.33597622e+15	2.96627751e-03
92400	82949.56242849	924	6.81415929e-05	924.00000000	3.20751539e+15	3.33617596e+15	2.96644456e-03
92500	83042.63399935	925	6.82153392e-05	925.00000000	3.20771418e+15	3.33637516e+15	2.96661115e-03
92600	83134.26888083	926	6.82890855e-05	926.00000000	3.20791244e+15	3.33657382e+15	2.96677728e-03
92700	83224.28089572	927	6.83628319e-05	927.00000000	3.20811016e+15	3.33677194e+15	2.96694297e-03
92800	83314.47212601	928	6.84365782e-05	928.00000000	3.20830734e+15	3.33696953e+15	2.96710821e-03
92900	83404.66762195	929	6.85103245e-05	929.00000000	3.20850399e+15	3.33716658e+15	2.96727300e-03
93000	83494.79153154	930	6.85840708e-05	930.00000000	3.20870011e+15	3.33736309e+15	2.96743735e-03
93100	83584.82640308	931	6.86578171e-05	931.00000000	3.20889569e+15	3.33755907e+15	2.96760125e-03
93200	83674.79408792	932	6.87315634e-05	932.00000000	3.20909073e+15	3.33775451e+15	2.96776471e-03
93300	83764.85827780	933	6.88053097e-05	933.00000000	3.20928526e+15	3.33794943e+15	2.96792772e-03
93400	83854.86662788	934	6.88790560e-05	934.00000000	3.20947925e+15	3.33814382e+15	2.96809030e-03
93500	83944.94897828	935	6.89528024e-05	935.00000000	3.20967271e+15	3.33833768e+15	2.96825242e-03
93600	84035.19924528	936	6.90265487e-05	936.00000000	3.20986564e+15	3.33853100e+15	2.96841411e-03
93700	84125.23354156	937	6.91002950e-05	937.00000000	3.21005805e+15	3.33872380e+15	2.96857537e-03
93800	84216.86439766	938	6.91740413e-05	938.00000000	3.21024992e+15	3.33891607e+15	2.96873619e-03
93900	84308.45800023	939	6.92477876e-05	939.00000000	3.21044126e+15	3.33910780e+15	2.96889656e-03
94000	84400.23248637	940	6.93215339e-05	940.00000000	3.21063207e+15	3.33929900e+15	2.96905649e-03
94100	84492.04313001	941	6.93952802e-05	941.00000000	3.21082234e+15	3.33948967e+15	2.96921599e-03
94200	84583.21128847	942	6.94690265e-05	942.00000000	3.21101209e+15	3.33967980e+15	2.96937504e-03
94300	84673.96603419	943	6.95427729e-05	943.00000000	3.21120131e+15	3.33986940e+15	2.96953365e-03
94400	84764.75402999	944	6.96165192e-05	944.00000000	3.21138999e+15	3.34005848e+15	2.96969182e-03
94500	84856.00422081	945	6.96902655e-05	945.00000000	3.21157815e+15	3.34024703e+15	2.96984955e-03
94600	84948.01439992	946	6.97640118e-05	946.00000000	3.21176579e+15	3.34043505e+15	2.97000683e-03
94700	85040.09080570	947	6.98377581e-05	947.00000000	3.21195291e+15	3.34062255e+15	2.97016368e-03
94800	85132.04571703	948	6.99115044e-05	948.00000000	3.21213950e+15	3.34080953e+15	2.97032010e-03
94900	85223.05093712	949	6.99852507e-05	949.00000000	3.21232557e+15	3.34099599e+15	2.97047608e-03
95000	85313.66663834	950	7.00589971e-05	950.00000000	3.21251112e+15	3.34118192e+15	2.97063162e-03
95100	85404.43066611	951	7.01327434e-05	951.00000000	3.21269615e+15	3.34136733e+15	2.97078673e-03
95200	85494.39958333	952	7.02064897e-05	952.00000000	3.21288066e+15	3.34155222e+15	2.97094140e-03
95300	85583.66933789	953	7.02802360e-05	953.00000000	3.21306464e+15	3.34173659e+15	2.97109564e-03
95400	85673.00805018	954	7.03539823e-05	954.00000000	3.21324811e+15	3.34192043e+15	2.97124944e-03
95500	85762.13028947	955	7.04277286e-05	955.00000000	3.21343106e+15	3.34210376e+15	2.97140281e-03
95600	85851.27436838	956	7.05014749e-05	956.00000000	3.21361350e+15	3.34228658e+15	2.97155575e-03
95700	85940.45413877	957	7.05752212e-05	957.00000000	3.21379542e+15	3.34246888e+15	2.97170827e-03
95800	86029.55301163	958	7.06489676e-05	958.00000000	3.21397684e+15	3.34265068e+15	2.97186036e-03
95900	86118.68091560	959	7.07227139e-05	959.00000000	3.21415775e+15	3.34283196e+15	2.97201202e-03
96000	86207.97743447	960	7.07964602e-05	960.00000000	3.21433814e+15	3.34301273e+15	2.97216326e-03
96100	86297.15685090	961	7.08702065e-05	961.00000000	3.21451803e+15	3.34319299e+15	2.97231407e-03
96200	86386.53607421	962	7.09439528e-05	962.00000000	3.21469740e+15	3.34337274e+15	2.97246446e-03
96300	86475.93714568	963	7.10176991e-05	963.00000000	3.21487627e+15	3.34355198e+15	2.97261443e-03
96400	86564.94513204	964	7.10914454e-05	964.00000000	3.21505462e+15	3.34373070e+15	2.97276397e-03
96500	86653.94665032	965	7.11651917e-05	965.00000000	3.21523247e+15	3.34390892e+15	2.97291309e-03
96600	86743.08102783	966	7.12389381e-05	966.00000000	3.21540981e+15	3.34408663e+15	2.97306178e-03
96700	86832.10408062	967	7.13126844e-05	967.00000000	3.21558664e+15	3.34426383e+15	2.97321006e-03
96800	86920.87408133	968	7.13864307e-05	968.00000000	3.21576296e+15	3.34444053e+15	2.97335791e-03
96900	87009.69425458	969	7.14601770e-05	969.00000000	3.21593878e+15	3.34461671e+15	2.97350534e-03
97000	87098.48563916	970	7.15339233e-05	970.00000000	3.21611410e+15	3.34479240e+15	2.97365236e-03
97100	87187.36567383	971	7.16076696e-05	971.00000000	3.21628890e+15	3.34496757e+15	2.97379895e-03
97200	87276.25195872	972	7.16814159e-05	972.00000000	3.21646321e+15	3.34514224e+15	2.97394512e-03
97300	87365.30824309	973	7.17551622e-05	973.00000000	3.21663700e+15	3.34531640e+15	2.97409087e-03
97400	87454.10063859	974	7.18289086e-05	974.00000000	3.21681030e+15	3.34549006e+15	2.97423620e-03
97500	87542.92744330	975	7.19026549e-05	975.00000000	3.21698310e+15	3.34566322e+15	2.97438111e-03
97600	87631.78431128	976	7.19764012e-05	976.00000000	3.21715539e+15	3.34583588e+15	2.97452561e-03
97700	87720.87323465	977	7.20501475e-05	977.00000000	3.21732719e+15	3.34600805e+15	2.97466969e-03
97800	87809.75112017	978	7.21238938e-05	978.00000000	3.21749850e+15	3.34617972e+15	2.97481336e-03
97900	87898.61278152	979	7.21976401e-05	979.00000000	3.21766932e+15	3.34635090e+15	2.97495661e-03
98000	87987.46192399	980	7.22713864e-05	980.00000000	3.21783965e+15	3.34652159e+15	2.97509945e-03
98100	88076.67342623	981	7.23451327e-05	981.00000000	3.21800949e+15	3.34669179e+15	2.97524188e-03
98200	88165.95785571	982	7.24188791e-05	982.00000000	3.21817885e+15	3.34686151e+15	2.97538391e-03
98300	88255.38389446	983	7.24926254e-05	983.00000000	3.21834772e+15	3.34703074e+15	2.97552553e-03
98400	88344.93987791	984	7.25663717e-05	984.00000000	3.21851612e+15	3.34719949e+15	2.97566676e-03
98500	88434.49476959	985	7.26401180e-05	985.00000000	3.21868404e+15	3.34736777e+15	2.97580759e-03
98600	88523.79997639	986	7.27138643e-05	986.00000000	3.21885149e+15	3.34753557e+15	2.97594802e-03
98700	88612.92829115	987	7.27876106e-05	987.00000000	3.21901846e+15	3.34770290e+15	2.97608805e-03
98800	88702.13953282	988	7.28613569e-05	988.00000000	3.21918495e+15	3.34786975e+15	2.97622769e-03
98900	88791.77350244	989	7.29351032e-05	989.00000000	3.21935098e+15	3.34803613e+15	2.97636694e-03
99000	88881.61213492	990	7.30088496e-05	990.00000000	3.21951654e+15	3.34820205e+15	2.97650580e-03
99100	88971.35699757	991	7.30825959e-05	991.00000000	3.21968163e+15	3.34836749e+15	2.97664426e-03
99200	89061.31442985	992	7.31563422e-05	992.00000000	3.21984626e+15	3.34853248e+15	2.97678234e-03
99300	89150.98346457	993	7.32300885e-05	993.00000000	3.22001042e+15	3.34869700e+15	2.97692003e-03
99400	89240.41869779	994	7.33038348e-05	994.00000000	3.22017413e+15	3.34886105e+15	2.97705734e-03
99500	89329.29934601	995	7.33775811e-05	995.00000000	3.22033737e+15	3.34902465e+15	2.97719427e-03
99600	89418.40870384	996	7.34513274e-05	996.00000000	3.22050016e+15	3.34918779e+15	2.97733081e-03
99700	89507.47575025	997	7.35250737e-05	997.00000000	3.22066249e+15	3.34935047e+15	2.97746698e-03
99800	89596.57228578	998	7.35988201e-05	998.00000000	3.22082437e+15	3.34951270e+15	2.97760276e-03
99900	89685.64044358	999	7.36725664e-05	999.00000000	3.22098579e+15	3.34967447e+15	2.97773817e-03
100000	89774.47855933	1000	7.37463127e-05	1000.00000000	3.22114675e+15	3.34983578e+15	2.97787320e-03
100100	89863.48101140	1001	7.38200590e-05	1001.00000000	3.22130727e+15	3.34999665e+15	2.97800785e-03
100200	89952.50748166	1002	7.38938053e-05	1002.00000000	3.22146733e+15	3.35015706e+15	2.97814213e-03
100300	90042.92185736	1003	7.39675516e-05	1003.00000000	3.22162695e+15	3.35031702e+15	2.97827603e-03
100400	90133.20633644	1004	7.40412979e-05	1004.00000000	3.22178611e+15	3.35047653e+15	2.97840955e-03
100500	90223.57725969	1005	7.41150442e-05	1005.00000000	3.22194483e+15	3.35063559e+15	2.97854270e-03
100600	90313.83798727	1006	7.41887906e-05	1006.00000000	3.22210310e+15	3.35079421e+15	2.97867548e-03
100700	90404.22640065	1007	7.42625369e-05	1007.00000000	3.22226092e+15	3.35095238e+15	2.97880789e-03
100800	90494.75388511	1008	7.43362832e-05	1008.00000000	3.22241831e+15	3.35111010e+15	2.97893993e-03
100900	90584.21833578	1009	7.44100295e-05	1009.00000000	3.22257524e+15	3.35126738e+15	2.97907159e-03
101000	90673.18682571	1010	7.44837758e-05	1010.00000000	3.22273173e+15	3.35142421e+15	2.97920289e-03
101100	90762.21084917	1011	7.45575221e-05	1011.00000000	3.22288778e+15	3.35158060e+15	2.97933381e-03
101200	90851.18705669	1012	7.46312684e-05	1012.00000000	3.22304338e+15	3.35173654e+15	2.97946437e-03
101300	90940.31784306	1013	7.47050147e-05	1013.00000000	3.22319853e+15	3.35189203e+15	2.97959455e-03
101400	91029.49982536	1014	7.47787611e-05	1014.00000000	3.22335324e+15	3.35204708e+15	2.97972436e-03
101500	91118.53035685	1015	7.48525074e-05	1015.00000000	3.22350750e+15	3.35220168e+15	2.97985380e-03
101600	91207.68307026	1016	7.49262537e-05	1016.00000000	3.22366131e+15	3.35235583e+15	2.97998286e-03
101700	91296.85999719	1017	7.50000000e-05	1017.00000000	3.22381468e+15	3.35250953e+15	2.98011156e-03
101800	91386.17737423	1018	7.50737463e-05	1018.00000000	3.22396761e+15	3.35266279e+15	2.98023988e-03
101900	91475.49026896	1019	7.51474926e-05	1019.00000000	3.22412008e+15	3.35281561e+15	2.98036783e-03
102000	91564.82107103	1020	7.52212389e-05	1020.00000000	3.22427211e+15	3.35296797e+15	2.98049542e-03
102100	91653.95347647	1021	7.52949853e-05	1021.00000000	3.22442370e+15	3.35311989e+15	2.98062263e-03
102200	91743.17336255	1022	7.53687316e-05	1022.00000000	3.22457484e+15	3.35327136e+15	2.98074947e-03
102300	91832.52311973	1023	7.54424779e-05	1023.00000000	3.22472553e+15	3.35342238e+15	2.98087594e-03
102400	91921.67825623	1024	7.55162242e-05	1024.00000000	3.22487578e+15	3.35357296e+15	2.98100204e-03
102500	92011.08545832	1025	7.55899705e-05	1025.00000000	3.22502558e+15	3.35372310e+15	2.98112777e-03
102600	92100.93383454	1026	7.56637168e-05	1026.00000000	3.22517495e+15	3.35387279e+15	2.98125313e-03
102700	92191.25316300	1027	7.57374631e-05	1027.00000000	3.22532387e+15	3.35402204e+15	2.98137812e-03
102800	92281.24329839	1028	7.58112094e-05	1028.00000000	3.22547235e+15	3.35417085e+15	2.98150275e-03
102900	92371.40765465	1029	7.58849558e-05	1029.00000000	3.22562040e+15	3.35431922e+15	2.98162700e-03
103000	92461.74208613	1030	7.59587021e-05	1030.00000000	3.22576800e+15	3.35446715e+15	2.98175089e-03
103100	92551.59349888	1031	7.60324484e-05	1031.00000000	3.22591516e+15	3.35461463e+15	2.98187441e-03
103200	92640.74761158	1032	7.61061947e-05	1032.00000000	3.22606188e+15	3.35476167e+15	2.98199757e-03
103300	92730.00181704	1033	7.61799410e-05	1033.00000000	3.22620816e+15	3.35490828e+15	2.98212036e-03
103400	92819.21911374	1034	7.62536873e-05	1034.00000000	3.22635400e+15	3.35505444e+15	2.98224278e-03
103500	92908.55639837	1035	7.63274336e-05	1035.00000000	3.22649940e+15	3.35520016e+15	2.98236483e-03
103600	92997.67006609	1036	7.64011799e-05	1036.00000000	3.22664436e+15	3.35534545e+15	2.98248651e-03
103700	93086.77592519	1037	7.64749263e-05	1037.00000000	3.22678888e+15	3.35549029e+15	2.98260783e-03
103800	93175.28250571	1038	7.65486726e-05	1038.00000000	3.22693297e+15	3.35563470e+15	2.98272878e-03
103900	93263.22628317	1039	7.66224189e-05	1039.00000000	3.22707662e+15	3.35577867e+15	2.98284937e-03
104000	93352.30875213	1040	7.66961652e-05	1040.00000000	3.22721984e+15	3.35592220e+15	2.98296960e-03
104100	93441.40669631	1041	7.67699115e-05	1041.00000000	3.22736263e+15	3.35606531e+15	2.98308946e-03
104200	93530.60829431	1042	7.68436578e-05	1042.00000000	3.22750498e+15	3.35620798e+15	2.98320897e-03
104300	93619.69845854	1043	7.69174041e-05	1043.00000000	3.22764691e+15	3.35635022e+15	2.98332811e-03
104400	93709.11166822	1044	7.69911504e-05	1044.00000000	3.22778841e+15	3.35649204e+15	2.98344690e-03
104500	93798.24057918	1045	7.70648968e-05	1045.00000000	3.22792949e+15	3.35663343e+15	2.98356533e-03
104600	93887.44092257	1046	7.71386431e-05	1046.00000000	3.22807014e+15	3.35677440e+15	2.98368340e-03
104700	93976.63969675	1047	7.72123894e-05	1047.00000000	3.22821037e+15	3.35691494e+15	2.98380113e-03
104800	94065.90130645	1048	7.72861357e-05	1048.00000000	3.22835018e+15	3.35705506e+15	2.98391850e-03
104900	94155.27499601	1049	7.73598820e-05	1049.00000000	3.22848956e+15	3.35719476e+15	2.98403552e-03
105000	94244.50226211	1050	7.74336283e-05	1050.00000000	3.22862853e+15	3.35733403e+15	2.98415219e-03
105100	94333.73778988	1051	7.75073746e-05	1051.00000000	3.22876707e+15	3.35747289e+15	2.98426851e-03
105200	94422.97442878	1052	7.75811209e-05	1052.00000000	3.22890520e+15	3.35761133e+15	2.98438448e-03
105300	94512.27263585	1053	7.76548673e-05	1053.00000000	3.22904290e+15	3.35774934e+15	2.98450011e-03
105400	94601.54610499	1054	7.77286136e-05	1054.00000000	3.22918019e+15	3.35788694e+15	2.98461539e-03
105500	94690.79549270	1055	7.78023599e-05	1055.00000000	3.22931707e+15	3.35802412e+15	2.98473032e-03
105600	94780.65222907	1056	7.78761062e-05	1056.00000000	3.22945353e+15	3.35816088e+15	2.98484492e-03
105700	94871.07183100	1057	7.79498525e-05	1057.00000000	3.22958957e+15	3.35829724e+15	2.98495918e-03
105800	94961.27922310	1058	7.80235988e-05	1058.00000000	3.22972520e+15	3.35843317e+15	2.98507309e-03
105900	95051.48756641	1059	7.80973451e-05	1059.00000000	3.22986042e+15	3.35856870e+15	2.98518665e-03
106000	95141.49783653	1060	7.81710914e-05	1060.00000000	3.22999522e+15	3.35870381e+15	2.98529987e-03
106100	95231.42501774	1061	7.82448378e-05	1061.00000000	3.23012962e+15	3.35883851e+15	2.98541275e-03
106200	95321.37852950	1062	7.83185841e-05	1062.00000000	3.23026361e+15	3.35897280e+15	2.98552529e-03
106300	95411.43974756	1063	7.83923304e-05	1063.00000000	3.23039719e+15	3.35910669e+15	2.98563749e-03
106400	95501.43655945	1064	7.84660767e-05	1064.00000000	3.23053036e+15	3.35924017e+15	2.98574935e-03
106500	95591.36958020	1065	7.85398230e-05	1065.00000000	3.23066313e+15	3.35937324e+15	2.98586087e-03
106600	95681.18781989	1066	7.86135693e-05	1066.00000000	3.23079550e+15	3.35950591e+15	2.98597205e-03
106700	95770.88491780	1067	7.86873156e-05	1067.00000000	3.23092746e+15	3.35963817e+15	2.98608290e-03
106800	95860.51886354	1068	7.87610619e-05	1068.00000000	3.23105902e+15	3.35977004e+15	2.98619340e-03
106900	95950.03662269	1069	7.88348083e-05	1069.00000000	3.23119018e+15	3.35990150e+15	2.98630357e-03
107000	96039.47018885	1070	7.89085546e-05	1070.00000000	3.23132094e+15	3.36003257e+15	2.98641341e-03
107100	96129.23306871	1071	7.89823009e-05	1071.00000000	3.23145131e+15	3.36016324e+15	2.98652291e-03
107200	96219.67942675	1072	7.90560472e-05	1072.00000000	3.23158129e+15	3.36029351e+15	2.98663209e-03
107300	96310.07276697	1073	7.91297935e-05	1073.00000000	3.23171087e+15	3.36042339e+15	2.98674093e-03
107400	96400.37191581	1074	7.92035398e-05	1074.00000000	3.23184005e+15	3.36055287e+15	2.98684944e-03
107500	96490.53680217	1075	7.92772861e-05	1075.00000000	3.23196885e+15	3.36068197e+15	2.98695762e-03
107600	96580.83925860	1076	7.93510324e-05	1076.00000000	3.23209725e+15	3.36081067e+15	2.98706547e-03
107700	96671.11614721	1077	7.94247788e-05	1077.00000000	3.23222526e+15	3.36093897e+15	2.98717300e-03
107800	96761.21327423	1078	7.94985251e-05	1078.00000000	3.23235288e+15	3.36106689e+15	2.98728020e-03
107900	96850.36922047	1079	7.95722714e-05	1079.00000000	3.23248010e+15	3.36119441e+15	2.98738707e-03
108000	96939.57048905	1080	7.96460177e-05	1080.00000000	3.23260693e+15	3.36132154e+15	2.98749362e-03
108100	97028.73050944	1081	7.97197640e-05	1081.00000000	3.23273338e+15	3.36144827e+15	2.98759984e-03
108200	97117.88416761	1082	7.97935103e-05	1082.00000000	3.23285943e+15	3.36157462e+15	2.98770574e-03
108300	97207.01768164	1083	7.98672566e-05	1083.00000000	3.23298509e+15	3.36170057e+15	2.98781130e-03
108400	97296.05541741	1084	7.99410029e-05	1084.00000000	3.23311036e+15	3.36182614e+15	2.98791655e-03
108500	97385.16215010	1085	8.00147493e-05	1085.00000000	3.23323525e+15	3.36195131e+15	2.98802147e-03
108600	97474.29111557	1086	8.00884956e-05	1086.00000000	3.23335974e+15	3.36207610e+15	2.98812606e-03
108700	97563.64738134	1087	8.01622419e-05	1087.00000000	3.23348385e+15	3.36220050e+15	2.98823033e-03
108800	97652.84341036	1088	8.02359882e-05	1088.00000000	3.23360757e+15	3.36232451e+15	2.98833428e-03
108900	97742.18359793	1089	8.03097345e-05	1089.00000000	3.23373091e+15	3.36244813e+15	2.98843791e-03
109000	97831.46662819	1090	8.03834808e-05	1090.00000000	3.23385386e+15	3.36257138e+15	2.98854123e-03
109100	97920.61041266	1091	8.04572271e-05	1091.00000000	3.23397644e+15	3.36269424e+15	2.98864423e-03
109200	98010.42938502	1092	8.05309735e-05	1092.00000000	3.23409864e+15	3.36281673e+15	2.98874691e-03
109300	98100.78285416	1093	8.06047198e-05	1093.00000000	3.23422046e+15	3.36293883e+15	2.98884928e-03
109400	98191.07706004	1094	8.06784661e-05	1094.00000000	3.23434190e+15	3.36306056e+15	2.98895134e-03
109500	98281.48013709	1095	8.07522124e-05	1095.00000000	3.23446297e+15	3.36318192e+15	2.98905308e-03
109600	98371.89679168	1096	8.08259587e-05	1096.00000000	3.23458367e+15	3.36330289e+15	2.98915450e-03
109700	98461.34492343	1097	8.08997050e-05	1097.00000000	3.23470398e+15	3.36342350e+15	2.98925562e-03
109800	98550.83439353	1098	8.09734513e-05	1098.00000000	3.23482393e+15	3.36354373e+15	2.98935643e-03
109900	98640.31547105	1099	8.10471976e-05	1099.00000000	3.23494351e+15	3.36366359e+15	2.98945692e-03
110000	98729.75797118	1100	8.11209440e-05	1100.00000000	3.23506272e+15	3.36378308e+15	2.98955712e-03
110100	98819.51151649	1101	8.11946903e-05	1101.00000000	3.23518156e+15	3.36390220e+15	2.98965700e-03
110200	98908.81141739	1102	8.12684366e-05	1102.00000000	3.23530003e+15	3.36402095e+15	2.98975658e-03
110300	98998.38708575	1103	8.13421829e-05	1103.00000000	3.23541814e+15	3.36413934e+15	2.98985586e-03
110400	99087.83920407	1104	8.14159292e-05	1104.00000000	3.23553588e+15	3.36425737e+15	2.98995483e-03
110500	99177.33172816	1105	8.14896755e-05	1105.00000000	3.23565326e+15	3.36437503e+15	2.99005349e-03
110600	99266.96538304	1106	8.15634218e-05	1106.00000000	3.23577028e+15	3.36449233e+15	2.99015186e-03
110700	99356.55783470	1107	8.16371681e-05	1107.00000000	3.23588695e+15	3.36460927e+15	2.99024993e-03
110800	99446.13220404	1108	8.17109145e-05	1108.00000000	3.23600325e+15	3.36472586e+15	2.99034770e-03
110900	99535.55877770	1109	8.17846608e-05	1109.00000000	3.23611920e+15	3.36484209e+15	2.99044518e-03
111000	99625.14820180	1110	8.18584071e-05	1110.00000000	3.23623480e+15	3.36495797e+15	2.99054238e-03
111100	99714.66868617	1111	8.19321534e-05	1111.00000000	3.23635005e+15	3.36507350e+15	2.99063929e-03
111200	99804.09679365	1112	8.20058997e-05	1112.00000000	3.23646496e+15	3.36518868e+15	2.99073592e-03
111300	99893.50973403	1113	8.20796460e-05	1113.00000000	3.23657951e+15	3.36530352e+15	2.99083225e-03
111400	99982.99461257	1114	8.21533923e-05	1114.00000000	3.23669372e+15	3.36541801e+15	2.99092830e-03
111500	100072.30384184	1115	8.22271386e-05	1115.00000000	3.23680758e+15	3.36553215e+15	2.99102405e-03
111600	100161.59774519	1116	8.23008850e-05	1116.00000000	3.23692109e+15	3.36564594e+15	2.99111951e-03
111700	100251.13373584	1117	8.23746313e-05	1117.00000000	3.23703426e+15	3.36575939e+15	2.99121468e-03
111800	100340.53766063	1118	8.24483776e-05	1118.00000000	3.23714708e+15	3.36587249e+15	2.99130956e-03
111900	100429.82931377	1119	8.25221239e-05	1119.00000000	3.23725955e+15	3.36598524e+15	2.99140415e-03
112000	100519.23847244	1120	8.25958702e-05	1120.00000000	3.23737168e+15	3.36609765e+15	2.99149845e-03
112100	100608.55822008	1121	8.26696165e-05	1121.00000000	3.23748347e+15	3.36620972e+15	2.99159245e-03
112200	100698.02426353	1122	8.27433628e-05	1122.00000000	3.23759491e+15	3.36632144e+15	2.99168617e-03
112300	100787.61814760	1123	8.28171091e-05	1123.00000000	3.23770601e+15	3.36643282e+15	2.99177960e-03
112400	100877.14350109	1124	8.28908555e-05	1124.00000000	3.23781677e+15	3.36654386e+15	2.99187274e-03
112500	100966.60990362	1125	8.29646018e-05	1125.00000000	3.23792719e+15	3.36665456e+15	2.99196559e-03
112600	101055.77181880	1126	8.30383481e-05	1126.00000000	3.23803727e+15	3.36676492e+15	2.99205816e-03
112700	101144.97330744	1127	8.31120944e-05	1127.00000000	3.23814702e+15	3.36687494e+15	2.99215045e-03
112800	101234.09196699	1128	8.31858407e-05	1128.00000000	3.23825643e+15	3.36698463e+15	2.99224244e-03
112900	101323.23937493	1129	8.32595870e-05	1129.00000000	3.23836551e+15	3.36709398e+15	2.99233416e-03
113000	101412.36803409	1130	8.33333333e-05	1130.00000000	3.23847425e+15	3.36720300e+15	2.99242559e-03
113100	101501.61308778	1131	8.34070796e-05	1131.00000000	3.23858267e+15	3.36731168e+15	2.99251674e-03
113200	101591.03556978	1132	8.34808260e-05	1132.00000000	3.23869075e+15	3.36742003e+15	2.99260761e-03
113300	101680.45139623	1133	8.35545723e-05	1133.00000000	3.23879849e+15	3.36752805e+15	2.99269820e-03
113400	101769.75842908	1134	8.36283186e-05	1134.00000000	3.23890591e+15	3.36763574e+15	2.99278850e-03
113500	101858.95409202	1135	8.37020649e-05	1135.00000000	3.23901299e+15	3.36774309e+15	2.99287851e-03
113600	101948.15316264	1136	8.37758112e-05	1136.00000000	3.23911974e+15	3.36785011e+15	2.99296822e-03
113700	102037.42718641	1137	8.38495575e-05	1137.00000000	3.23922615e+15	3.36795679e+15	2.99305763e-03
113800	102126.69082157	1138	8.39233038e-05	1138.00000000	3.23933222e+15	3.36806313e+15	2.99314674e-03
113900	102216.03059713	1139	8.39970501e-05	1139.00000000	3.23943796e+15	3.36816913e+15	2.99323557e-03
114000	102305.14096288	1140	8.40707965e-05	1140.00000000	3.23954336e+15	3.36827480e+15	2.99332411e-03
114100	102395.89404915	1141	8.41445428e-05	1141.00000000	3.23964844e+15	3.36838013e+15	2.99341238e-03
114200	102486.84489589	1142	8.42182891e-05	1142.00000000	3.23975318e+15	3.36848513e+15	2.99350036e-03
114300	102577.77551638	1143	8.42920354e-05	1143.00000000	3.23985760e+15	3.36858980e+15	2.99358806e-03
114400	102668.62005853	1144	8.43657817e-05	1144.00000000	3.23996169e+15	3.36869414e+15	2.99367549e-03
114500	102759.46164724	1145	8.44395280e-05	1145.00000000	3.24006545e+15	3.36879815e+15	2.99376263e-03
114600	102849.38118420	1146	8.45132743e-05	1146.00000000	3.24016888e+15	3.36890183e+15	2.99384951e-03
114700	102938.63568608	1147	8.45870206e-05	1147.00000000	3.24027199e+15	3.36900520e+15	2.99393610e-03
114800	103027.82201184	1148	8.46607670e-05	1148.00000000	3.24037479e+15	3.36910823e+15	2.99402243e-03
114900	103116.93285019	1149	8.47345133e-05	1149.00000000	3.24047726e+15	3.36921095e+15	2.99410848e-03
115000	103206.51035341	1150	8.48082596e-05	1150.00000000	3.24057941e+15	3.36931335e+15	2.99419427e-03
115100	103295.97782300	1151	8.48820059e-05	1151.00000000	3.24068124e+15	3.36941542e+15	2.99427978e-03
115200	103385.41011317	1152	8.49557522e-05	1152.00000000	3.24078276e+15	3.36951719e+15	2.99436503e-03
115300	103474.85151798	1153	8.50294985e-05	1153.00000000	3.24088397e+15	3.36961863e+15	2.99445002e-03
115400	103564.13501606	1154	8.51032448e-05	1154.00000000	3.24098486e+15	3.36971976e+15	2.99453474e-03
115500	103653.40482610	1155	8.51769912e-05	1155.00000000	3.24108544e+15	3.36982058e+15	2.99461921e-03
115600	103742.67006015	1156	8.52507375e-05	1156.00000000	3.24118571e+15	3.36992109e+15	2.99470341e-03
115700	103832.03918150	1157	8.53244838e-05	1157.00000000	3.24128568e+15	3.37002129e+15	2.99478735e-03
115800	103921.51573190	1158	8.53982301e-05	1158.00000000	3.24138533e+15	3.37012118e+15	2.99487103e-03
115900	104010.95668662	1159	8.54719764e-05	1159.00000000	3.24148469e+15	3.37022077e+15	2.99495445e-03
116000	104100.73470286	1160	8.55457227e-05	1160.00000000	3.24158373e+15	3.37032005e+15	2.99503761e-03
116100	104190.89485324	1161	8.56194690e-05	1161.00000000	3.24168247e+15	3.37041902e+15	2.99512052e-03
116200	104281.18163346	1162	8.56932153e-05	1162.00000000	3.24178091e+15	3.37051769e+15	2.99520317e-03
116300	104371.51289590	1163	8.57669617e-05	1163.00000000	3.24187905e+15	3.37061606e+15	2.99528557e-03
116400	104461.94657992	1164	8.58407080e-05	1164.00000000	3.24197689e+15	3.37071413e+15	2.99536771e-03
116500	104552.01462625	1165	8.59144543e-05	1165.00000000	3.24207443e+15	3.37081190e+15	2.99544961e-03
116600	104642.00414650	1166	8.59882006e-05	1166.00000000	3.24217167e+15	3.37090937e+15	2.99553126e-03
116700	104732.05990429	1167	8.60619469e-05	1167.00000000	3.24226862e+15	3.37100655e+15	2.99561265e-03
116800	104821.78052174	1168	8.61356932e-05	1168.00000000	3.24236527e+15	3.37110342e+15	2.99569380e-03
116900	104911.25826776	1169	8.62094395e-05	1169.00000000	3.24246163e+15	3.37120001e+15	2.99577470e-03
117000	105000.67449781	1170	8.62831858e-05	1170.00000000	3.24255769e+15	3.37129629e+15	2.99585535e-03
117100	105090.20079624	1171	8.63569322e-05	1171.00000000	3.24265346e+15	3.37139229e+15	2.99593576e-03
117200	105179.63115572	1172	8.64306785e-05	1172.00000000	3.24274894e+15	3.37148799e+15	2.99601592e-03
117300	105269.32639606	1173	8.65044248e-05	1173.00000000	3.24284413e+15	3.37158340e+15	2.99609583e-03
117400	105358.77729057	1174	8.65781711e-05	1174.00000000	3.24293903e+15	3.37167853e+15	2.99617550e-03
117500	105448.01898050	1175	8.66519174e-05	1175.00000000	3.24303365e+15	3.37177336e+15	2.99625493e-03
117600	105537.27023467	1176	8.67256637e-05	1176.00000000	3.24312797e+15	3.37186791e+15	2.99633412e-03
117700	105626.46300624	1177	8.67994100e-05	1177.00000000	3.24322201e+15	3.37196217e+15	2.99641307e-03
117800	105715.69268978	1178	8.68731563e-05	1178.00000000	3.24331577e+15	3.37205614e+15	2.99649177e-03
117900	105804.93592953	1179	8.69469027e-05	1179.00000000	3.24340924e+15	3.37214983e+15	2.99657024e-03
118000	105894.12937478	1180	8.70206490e-05	1180.00000000	3.24350243e+15	3.37224323e+15	2.99664847e-03
118100	105983.38403668	1181	8.70943953e-05	1181.00000000	3.24359534e+15	3.37233636e+15	2.99672646e-03
118200	106072.56033193	1182	8.71681416e-05	1182.00000000	3.24368796e+15	3.37242920e+15	2.99680421e-03
118300	106161.89697977	1183	8.72418879e-05	1183.00000000	3.24378031e+15	3.37252175e+15	2.99688173e-03
118400	106251.16326368	1184	8.73156342e-05	1184.00000000	3.24387237e+15	3.37261403e+15	2.99695901e-03
118500	106340.36533203	1185	8.73893805e-05	1185.00000000	3.24396416e+15	3.37270602e+15	2.99703606e-03
118600	106429.74775401	1186	8.74631268e-05	1186.00000000	3.24405566e+15	3.37279774e+15	2.99711288e-03
118700	106519.44309999	1187	8.75368732e-05	1187.00000000	3.24414689e+15	3.37288918e+15	2.99718946e-03
118800	106608.87158960	1188	8.76106195e-05	1188.00000000	3.24423784e+15	3.37298033e+15	2.99726581e-03
118900	106698.31048747	1189	8.76843658e-05	1189.00000000	3.24432851e+15	3.37307121e+15	2.99734193e-03
119000	106787.93141716	1190	8.77581121e-05	1190.00000000	3.24441890e+15	3.37316181e+15	2.99741781e-03
119100	106877.53748420	1191	8.78318584e-05	1191.00000000	3.24450902e+15	3.37325213e+15	2.99749346e-03
119200	106967.06475616	1192	8.79056047e-05	1192.00000000	3.24459885e+15	3.37334218e+15	2.99756888e-03
119300	107056.54878634	1193	8.79793510e-05	1193.00000000	3.24468842e+15	3.37343195e+15	2.99764407e-03
119400	107146.03980780	1194	8.80530973e-05	1194.00000000	3.24477771e+15	3.37352144e+15	2.99771903e-03
119500	107235.31867488	1195	8.81268437e-05	1195.00000000	3.24486672e+15	3.37361066e+15	2.99779376e-03
119600	107324.57641309	1196	8.82005900e-05	1196.00000000	3.24495546e+15	3.37369960e+15	2.99786826e-03
119700	107414.62295877	1197	8.82743363e-05	1197.00000000	3.24504393e+15	3.37378827e+15	2.99794252e-03
119800	107504.79202154	1198	8.83480826e-05	1198.00000000	3.24513212e+15	3.37387667e+15	2.99801656e-03
119900	107595.02140351	1199	8.84218289e-05	1199.00000000	3.24522005e+15	3.37396479e+15	2.99809038e-03
120000	107685.17748048	1200	8.84955752e-05	1200.00000000	3.24530770e+15	3.37405265e+15	2.99816397e-03
120100	107774.57913539	1201	8.85693215e-05	1201.00000000	3.24539509e+15	3.37414023e+15	2.99823733e-03
120200	107863.97871910	1202	8.86430678e-05	1202.00000000	3.24548221e+15	3.37422755e+15	2.99831047e-03
120300	107953.46250099	1203	8.87168142e-05	1203.00000000	3.24556907e+15	3.37431460e+15	2.99838338e-03
120400	108043.06666771	1204	8.87905605e-05	1204.00000000	3.24565565e+15	3.37440139e+15	2.99845608e-03
120500	108132.68542392	1205	8.88643068e-05	1205.00000000	3.24574198e+15	3.37448791e+15	2.99852855e-03
120600	108222.18826631	1206	8.89380531e-05	1206.00000000	3.24582804e+15	3.37457417e+15	2.99860080e-03
120700	108311.61288911	1207	8.90117994e-05	1207.00000000	3.24591384e+15	3.37466016e+15	2.99867283e-03
120800	108401.26224806	1208	8.90855457e-05	1208.00000000	3.24599938e+15	3.37474590e+15	2.99874464e-03
120900	108490.79096078	1209	8.91592920e-05	1209.00000000	3.24608466e+15	3.37483137e+15	2.99881624e-03
121000	108580.51045931	1210	8.92330383e-05	1210.00000000	3.24616967e+15	3.37491658e+15	2.99888761e-03
121100	108670.13312948	1211	8.93067847e-05	1211.00000000	3.24625444e+15	3.37500153e+15	2.99895877e-03
121200	108759.51203878	1212	8.93805310e-05	1212.00000000	3.24633894e+15	3.37508623e+15	2.99902972e-03
121300	108848.90716618	1213	8.94542773e-05	1213.00000000	3.24642319e+15	3.37517067e+15	2.99910045e-03
121400	108938.29995224	1214	8.95280236e-05	1214.00000000	3.24650718e+15	3.37525485e+15	2.99917097e-03
121500	109027.63510628	1215	8.96017699e-05	1215.00000000	3.24659092e+15	3.37533878e+15	2.99924127e-03
121600	109117.04979984	1216	8.96755162e-05	1216.00000000	3.24667440e+15	3.37542245e+15	2.99931136e-03
121700	109206.49612360	1217	8.97492625e-05	1217.00000000	3.24675763e+15	3.37550587e+15	2.99938123e-03
121800	109296.16623009	1218	8.98230088e-05	1218.00000000	3.24684061e+15	3.37558904e+15	2.99945089e-03
121900	109385.73429974	1219	8.98967552e-05	1219.00000000	3.24692333e+15	3.37567195e+15	2.99952035e-03
122000	109475.25407588	1220	8.99705015e-05	1220.00000000	3.24700581e+15	3.37575461e+15	2.99958959e-03
122100	109564.74305509	1221	9.00442478e-05	1221.00000000	3.24708804e+15	3.37583703e+15	2.99965862e-03
122200	109654.30943117	1222	9.01179941e-05	1222.00000000	3.24717002e+15	3.37591919e+15	2.99972745e-03
122300	109745.17897227	1223	9.01917404e-05	1223.00000000	3.24725175e+15	3.37600111e+15	2.99979606e-03
122400	109836.47685102	1224	9.02654867e-05	1224.00000000	3.24733324e+15	3.37608278e+15	2.99986447e-03
122500	109927.72723848	1225	9.03392330e-05	1225.00000000	3.24741448e+15	3.37616421e+15	2.99993268e-03
122600	110019.13731297	1226	9.04129794e-05	1226.00000000	3.24749548e+15	3.37624539e+15	3.00000068e-03
122700	110110.60755279	1227	9.04867257e-05	1227.00000000	3.24757623e+15	3.37632632e+15	3.00006847e-03
122800	110201.89243891	1228	9.05604720e-05	1228.00000000	3.24765674e+15	3.37640702e+15	3.00013606e-03
122900	110292.43412234	1229	9.06342183e-05	1229.00000000	3.24773701e+15	3.37648747e+15	3.00020345e-03
123000	110382.70598930	1230	9.07079646e-05	1230.00000000	3.24781705e+15	3.37656768e+15	3.00027064e-03
123100	110473.18225402	1231	9.07817109e-05	1231.00000000	3.24789684e+15	3.37664766e+15	3.00033763e-03
123200	110563.50100884	1232	9.08554572e-05	1232.00000000	3.24797640e+15	3.37672739e+15	3.00040442e-03
123300	110653.82308876	1233	9.09292035e-05	1233.00000000	3.24805572e+15	3.37680689e+15	3.00047101e-03
123400	110744.05461071	1234	9.10029499e-05	1234.00000000	3.24813481e+15	3.37688616e+15	3.00053741e-03
123500	110834.39743239	1235	9.10766962e-05	1235.00000000	3.24821367e+15	3.37696519e+15	3.00060361e-03
123600	110924.60785340	1236	9.11504425e-05	1236.00000000	3.24829229e+15	3.37704399e+15	3.00066962e-03
123700	111014.88155397	1237	9.12241888e-05	1237.00000000	3.24837068e+15	3.37712256e+15	3.00073543e-03
123800	111105.02651892	1238	9.12979351e-05	1238.00000000	3.24844884e+15	3.37720089e+15	3.00080105e-03
123900	111195.30719642	1239	9.13716814e-05	1239.00000000	3.24852677e+15	3.37727900e+15	3.00086647e-03
124000	111285.63729593	1240	9.14454277e-05	1240.00000000	3.24860447e+15	3.37735687e+15	3.00093170e-03
124100	111376.01737588	1241	9.15191740e-05	1241.00000000	3.24868194e+15	3.37743452e+15	3.00099674e-03
124200	111466.29799417	1242	9.15929204e-05	1242.00000000	3.24875919e+15	3.37751194e+15	3.00106159e-03
124300	111556.45830500	1243	9.16666667e-05	1243.00000000	3.24883621e+15	3.37758913e+15	3.00112625e-03
124400	111646.41290269	1244	9.17404130e-05	1244.00000000	3.24891300e+15	3.37766610e+15	3.00119072e-03
124500	111736.80990257	1245	9.18141593e-05	1245.00000000	3.24898957e+15	3.37774284e+15	3.00125501e-03
124600	111826.96035336	1246	9.18879056e-05	1246.00000000	3.24906592e+15	3.37781936e+15	3.00131910e-03
124700	111918.08178688	1247	9.19616519e-05	1247.00000000	3.24914205e+15	3.37789565e+15	3.00138301e-03
124800	112009.92286643	1248	9.20353982e-05	1248.00000000	3.24921795e+15	3.37797173e+15	3.00144673e-03
124900	112101.91141945	1249	9.21091445e-05	1249.00000000	3.24929363e+15	3.37804758e+15	3.00151027e-03
125000	112193.82791201	1250	9.21828909e-05	1250.00000000	3.24936909e+15	3.37812321e+15	3.00157362e-03
125100	112285.95987807	1251	9.22566372e-05	1251.00000000	3.24944434e+15	3.37819862e+15	3.00163679e-03
125200	112377.98325933	1252	9.23303835e-05	1252.00000000	3.24951937e+15	3.37827382e+15	3.00169978e-03
125300	112469.71809650	1253	9.24041298e-05	1253.00000000	3.24959418e+15	3.37834880e+15	3.00176258e-03
125400	112560.33835839	1254	9.24778761e-05	1254.00000000	3.24966877e+15	3.37842356e+15	3.00182520e-03
125500	112650.99824094	1255	9.25516224e-05	1255.00000000	3.24974315e+15	3.37849811e+15	3.00188765e-03
125600	112741.58063250	1256	9.26253687e-05	1256.00000000	3.24981732e+15	3.37857244e+15	3.00194991e-03
125700	112831.95054791	1257	9.26991150e-05	1257.00000000	3.24989127e+15	3.37864656e+15	3.00201199e-03
125800	112922.06097150	1258	9.27728614e-05	1258.00000000	3.24996502e+15	3.37872047e+15	3.00207390e-03
125900	113012.29809989	1259	9.28466077e-05	1259.00000000	3.25003855e+15	3.37879417e+15	3.00213563e-03
126000	113102.62421755	1260	9.29203540e-05	1260.00000000	3.25011187e+15	3.37886765e+15	3.00219718e-03
126100	113192.80152913	1261	9.29941003e-05	1261.00000000	3.25018499e+15	3.37894093e+15	3.00225855e-03
126200	113283.02160517	1262	9.30678466e-05	1262.00000000	3.25025789e+15	3.37901400e+15	3.00231975e-03
126300	113373.20173644	1263	9.31415929e-05	1263.00000000	3.25033059e+15	3.37908686e+15	3.00238078e-03
126400	113463.17534728	1264	9.32153392e-05	1264.00000000	3.25040308e+15	3.37915951e+15	3.00244164e-03
126500	113553.19813228	1265	9.32890855e-05	1265.00000000	3.25047537e+15	3.37923196e+15	3.00250232e-03
126600	113643.34593113	1266	9.33628319e-05	1266.00000000	3.25054745e+15	3.37930421e+15	3.00256283e-03
126700	113733.48440175	1267	9.34365782e-05	1267.00000000	3.25061933e+15	3.37937624e+15	3.00262317e-03
126800	113823.51676119	1268	9.35103245e-05	1268.00000000	3.25069101e+15	3.37944808e+15	3.00268334e-03
126900	113913.58584048	1269	9.35840708e-05	1269.00000000	3.25076248e+15	3.37951971e+15	3.00274334e-03
127000	114003.55608210	1270	9.36578171e-05	1270.00000000	3.25083376e+15	3.37959114e+15	3.00280316e-03
127100	114093.72508297	1271	9.37315634e-05	1271.00000000	3.25090483e+15	3.37966237e+15	3.00286282e-03
127200	114183.93896667	1272	9.38053097e-05	1272.00000000	3.25097570e+15	3.37973340e+15	3.00292232e-03
127300	114273.92776982	1273	9.38790560e-05	1273.00000000	3.25104637e+15	3.37980423e+15	3.00298164e-03
127400	114363.92564619	1274	9.39528024e-05	1274.00000000	3.25111685e+15	3.37987487e+15	3.00304080e-03
127500	114453.97248956	1275	9.40265487e-05	1275.00000000	3.25118712e+15	3.37994530e+15	3.00309979e-03
127600	114544.07967964	1276	9.41002950e-05	1276.00000000	3.25125720e+15	3.38001553e+15	3.00315862e-03
127700	114634.22469709	1277	9.41740413e-05	1277.00000000	3.25132709e+15	3.38008557e+15	3.00321728e-03
127800	114724.33208417	1278	9.42477876e-05	1278.00000000	3.25139678e+15	3.38015542e+15	3.00327578e-03
127900	114814.37771051	1279	9.43215339e-05	1279.00000000	3.25146627e+15	3.38022507e+15	3.00333411e-03
128000	114904.45583271	1280	9.43952802e-05	1280.00000000	3.25153557e+15	3.38029452e+15	3.00339228e-03
128100	114994.59217948	1281	9.44690265e-05	1281.00000000	3.25160468e+15	3.38036379e+15	3.00345029e-03
128200	115084.62818095	1282	9.45427729e-05	1282.00000000	3.25167360e+15	3.38043285e+15	3.00350814e-03
128300	115175.35728133	1283	9.46165192e-05	1283.00000000	3.25174232e+15	3.38050173e+15	3.00356582e-03
128400	115266.27495666	1284	9.46902655e-05	1284.00000000	3.25181086e+15	3.38057042e+15	3.00362335e-03
128500	115357.05903131	1285	9.47640118e-05	1285.00000000	3.25187920e+15	3.38063891e+15	3.00368071e-03
128600	115449.02917609	1286	9.48377581e-05	1286.00000000	3.25194735e+15	3.38070722e+15	3.00373792e-03
128700	115541.29201324	1287	9.49115044e-05	1287.00000000	3.25201532e+15	3.38077533e+15	3.00379497e-03
128800	115633.28021082	1288	9.49852507e-05	1288.00000000	3.25208309e+15	3.38084326e+15	3.00385186e-03
128900	115725.39850211	1289	9.50589971e-05	1289.00000000	3.25215068e+15	3.38091099e+15	3.00390860e-03
129000	115817.57696610	1290	9.51327434e-05	1290.00000000	3.25221808e+15	3.38097854e+15	3.00396517e-03
129100	115909.57230474	1291	9.52064897e-05	1291.00000000	3.25228530e+15	3.38104591e+15	3.00402159e-03
129200	116000.01226415	1292	9.52802360e-05	1292.00000000	3.25235232e+15	3.38111308e+15	3.00407785e-03
129300	116089.27809391	1293	9.53539823e-05	1293.00000000	3.25241917e+15	3.38118007e+15	3.00413396e-03
129400	116178.88896303	1294	9.54277286e-05	1294.00000000	3.25248582e+15	3.38124688e+15	3.00418991e-03
129500	116268.37116413	1295	9.55014749e-05	1295.00000000	3.25255230e+15	3.38131350e+15	3.00424571e-03
129600	116357.62225344	1296	9.55752212e-05	1296.00000000	3.25261859e+15	3.38137993e+15	3.00430135e-03
129700	116447.07739650	1297	9.56489676e-05	1297.00000000	3.25268469e+15	3.38144619e+15	3.00435684e-03
129800	116537.54245651	1298	9.57227139e-05	1298.00000000	3.25275062e+15	3.38151226e+15	3.00441218e-03
129900	116627.86867682	1299	9.57964602e-05	1299.00000000	3.25281636e+15	3.38157814e+15	3.00446736e-03
130000	116718.41463310	1300	9.58702065e-05	1300.00000000	3.25288192e+15	3.38164385e+15	3.00452239e-03
130100	116808.88319510	1301	9.59439528e-05	1301.00000000	3.25294731e+15	3.38170938e+15	3.00457727e-03
130200	116899.51623705	1302	9.60176991e-05	1302.00000000	3.25301251e+15	3.38177473e+15	3.00463200e-03
130300	116989.95761929	1303	9.60914454e-05	1303.00000000	3.25307754e+15	3.38183990e+15	3.00468658e-03
130400	117080.31110535	1304	9.61651917e-05	1304.00000000	3.25314239e+15	3.38190489e+15	3.00474102e-03
130500	117170.73280346	1305	9.62389381e-05	1305.00000000	3.25320706e+15	3.38196970e+15	3.00479530e-03
130600	117260.99386025	1306	9.63126844e-05	1306.00000000	3.25327155e+15	3.38203434e+15	3.00484944e-03
130700	117351.12653344	1307	9.63864307e-05	1307.00000000	3.25333587e+15	3.38209880e+15	3.00490342e-03
130800	117441.17770553	1308	9.64601770e-05	1308.00000000	3.25340001e+15	3.38216308e+15	3.00495726e-03
130900	117531.28387875	1309	9.65339233e-05	1309.00000000	3.25346398e+15	3.38222719e+15	3.00501096e-03
131000	117621.61712109	1310	9.66076696e-05	1310.00000000	3.25352777e+15	3.38229112e+15	3.00506450e-03
131100	117711.73322406	1311	9.66814159e-05	1311.00000000	3.25359139e+15	3.38235488e+15	3.00511790e-03
131200	117801.96979621	1312	9.67551622e-05	1312.00000000	3.25365483e+15	3.38241846e+15	3.00517116e-03
131300	117891.24009066	1313	9.68289086e-05	1313.00000000	3.25371810e+15	3.38248187e+15	3.00522427e-03
131400	117980.86429779	1314	9.69026549e-05	1314.00000000	3.25378120e+15	3.38254511e+15	3.00527723e-03
131500	118070.33990984	1315	9.69764012e-05	1315.00000000	3.25384413e+15	3.38260817e+15	3.00533005e-03
131600	118159.73118601	1316	9.70501475e-05	1316.00000000	3.25390688e+15	3.38267106e+15	3.00538272e-03
131700	118249.19799422	1317	9.71238938e-05	1317.00000000	3.25396946e+15	3.38273378e+15	3.00543525e-03
131800	118338.78668231	1318	9.71976401e-05	1318.00000000	3.25403187e+15	3.38279633e+15	3.00548764e-03
131900	118428.41457790	1319	9.72713864e-05	1319.00000000	3.25409412e+15	3.38285871e+15	3.00553989e-03
132000	118517.74993620	1320	9.73451327e-05	1320.00000000	3.25415619e+15	3.38292092e+15	3.00559199e-03
132100	118607.07496708	1321	9.74188791e-05	1321.00000000	3.25421809e+15	3.38298296e+15	3.00564396e-03
132200	118696.34383841	1322	9.74926254e-05	1322.00000000	3.25427982e+15	3.38304482e+15	3.00569578e-03
132300	118785.73267620	1323	9.75663717e-05	1323.00000000	3.25434139e+15	3.38310652e+15	3.00574745e-03
132400	118875.04674388	1324	9.76401180e-05	1324.00000000	3.25440278e+15	3.38316805e+15	3.00579899e-03
132500	118964.52414619	1325	9.77138643e-05	1325.00000000	3.25446401e+15	3.38322942e+15	3.00585039e-03
132600	119054.14154502	1326	9.77876106e-05	1326.00000000	3.25452507e+15	3.38329061e+15	3.00590165e-03
132700	119143.81022277	1327	9.78613569e-05	1327.00000000	3.25458597e+15	3.38335164e+15	3.00595276e-03
132800	119233.45582550	1328	9.79351032e-05	1328.00000000	3.25464670e+15	3.38341251e+15	3.00600374e-03
132900	119323.16004169	1329	9.80088496e-05	1329.00000000	3.25470726e+15	3.38347321e+15	3.00605458e-03
133000	119413.06488553	1330	9.80825959e-05	1330.00000000	3.25476767e+15	3.38353374e+15	3.00610528e-03
133100	119502.90638791	1331	9.81563422e-05	1331.00000000	3.25482790e+15	3.38359411e+15	3.00615585e-03
133200	119593.02911941	1332	9.82300885e-05	1332.00000000	3.25488798e+15	3.38365431e+15	3.00620627e-03
133300	119683.18236513	1333	9.83038348e-05	1333.00000000	3.25494789e+15	3.38371435e+15	3.00625656e-03
133400	119773.94791327	1334	9.83775811e-05	1334.00000000	3.25500763e+15	3.38377423e+15	3.00630672e-03
133500	119865.72678540	1335	9.84513274e-05	1335.00000000	3.25506722e+15	3.38383395e+15	3.00635673e-03
133600	119957.53833281	1336	9.85250737e-05	1336.00000000	3.25512664e+15	3.38389350e+15	3.00640661e-03
133700	120049.53007217	1337	9.85988201e-05	1337.00000000	3.25518590e+15	3.38395289e+15	3.00645636e-03
133800	120141.29107231	1338	9.86725664e-05	1338.00000000	3.25524500e+15	3.38401212e+15	3.00650597e-03
133900	120233.16831035	1339	9.87463127e-05	1339.00000000	3.25530394e+15	3.38407119e+15	3.00655545e-03
134000	120325.09607054	1340	9.88200590e-05	1340.00000000	3.25536272e+15	3.38413009e+15	3.00660479e-03
134100	120416.25785259	1341	9.88938053e-05	1341.00000000	3.25542134e+15	3.38418884e+15	3.00665400e-03
134200	120505.38319609	1342	9.89675516e-05	1342.00000000	3.25547980e+15	3.38424743e+15	3.00670307e-03
134300	120594.62192711	1343	9.90412979e-05	1343.00000000	3.25553810e+15	3.38430586e+15	3.00675201e-03
134400	120684.05902701	1344	9.91150442e-05	1344.00000000	3.25559625e+15	3.38436413e+15	3.00680082e-03
134500	120773.43998077	1345	9.91887906e-05	1345.00000000	3.25565423e+15	3.38442224e+15	3.00684949e-03
134600	120862.78112176	1346	9.92625369e-05	1346.00000000	3.25571206e+15	3.38448020e+15	3.00689803e-03
134700	120952.00415681	1347	9.93362832e-05	1347.00000000	3.25576974e+15	3.38453800e+15	3.00694645e-03
134800	121041.22646231	1348	9.94100295e-05	1348.00000000	3.25582725e+15	3.38459564e+15	3.00699473e-03
134900	121130.65590997	1349	9.94837758e-05	1349.00000000	3.25588461e+15	3.38465312e+15	3.00704288e-03
135000	121220.10608603	1350	9.95575221e-05	1350.00000000	3.25594182e+15	3.38471045e+15	3.00709089e-03
135100	121309.26506238	1351	9.96312684e-05	1351.00000000	3.25599887e+15	3.38476763e+15	3.00713878e-03
135200	121398.54983411	1352	9.97050147e-05	1352.00000000	3.25605577e+15	3.38482465e+15	3.00718654e-03
135300	121487.91948040	1353	9.97787611e-05	1353.00000000	3.25611251e+15	3.38488151e+15	3.00723417e-03
135400	121577.25444970	1354	9.98525074e-05	1354.00000000	3.25616910e+15	3.38493823e+15	3.00728166e-03
135500	121666.52864799	1355	9.99262537e-05	1355.00000000	3.25622553e+15	3.38499478e+15	3.00732903e-03
135600	121755.98021312	1356	1.00000000e-04	1356.00000000	3.25628181e+15	3.38505119e+15	3.00737628e-03
135700	121845.42011578	1357	1.00073746e-04	1357.00000000	3.25633794e+15	3.38510744e+15	3.00742339e-03
135800	121934.79320106	1358	1.00147493e-04	1358.00000000	3.25639392e+15	3.38516353e+15	3.00747038e-03
135900	122023.95422767	1359	1.00221239e-04	1359.00000000	3.25644974e+15	3.38521948e+15	3.00751723e-03
136000	122113.36910159	1360	1.00294985e-04	1360.00000000	3.25650541e+15	3.38527527e+15	3.00756396e-03
136100	122202.53809544	1361	1.00368732e-04	1361.00000000	3.25656094e+15	3.38533092e+15	3.00761057e-03
136200	122291.77924021	1362	1.00442478e-04	1362.00000000	3.25661630e+15	3.38538640e+15	3.00765705e-03
136300	122380.96406223	1363	1.00516224e-04	1363.00000000	3.25667152e+15	3.38544174e+15	3.00770340e-03
136400	122470.07315180	1364	1.00589971e-04	1364.00000000	3.25672659e+15	3.38549693e+15	3.00774962e-03
136500	122559.20824465	1365	1.00663717e-04	1365.00000000	3.25678151e+15	3.38555197e+15	3.00779572e-03
136600	122648.62049669	1366	1.00737463e-04	1366.00000000	3.25683628e+15	3.38560685e+15	3.00784169e-03
136700	122737.78066748	1367	1.00811209e-04	1367.00000000	3.25689089e+15	3.38566159e+15	3.00788754e-03
136800	122826.96472698	1368	1.00884956e-04	1368.00000000	3.25694536e+15	3.38571618e+15	3.00793326e-03
136900	122916.28054424	1369	1.00958702e-04	1369.00000000	3.25699968e+15	3.38577061e+15	3.00797886e-03
137000	123005.53495158	1370	1.01032448e-04	1370.00000000	3.25705386e+15	3.38582490e+15	3.00802433e-03
137100	123094.75673467	1371	1.01106195e-04	1371.00000000	3.25710788e+15	3.38587904e+15	3.00806968e-03
137200	123184.09802216	1372	1.01179941e-04	1372.00000000	3.25716176e+15	3.38593304e+15	3.00811490e-03
137300	123274.05653077	1373	1.01253687e-04	1373.00000000	3.25721549e+15	3.38598688e+15	3.00816000e-03
137400	123363.84187702	1374	1.01327434e-04	1374.00000000	3.25726907e+15	3.38604058e+15	3.00820498e-03
137500	123453.64742856	1375	1.01401180e-04	1375.00000000	3.25732250e+15	3.38609413e+15	3.00824984e-03
137600	123543.45786188	1376	1.01474926e-04	1376.00000000	3.25737579e+15	3.38614753e+15	3.00829457e-03
137700	123633.20971859	1377	1.01548673e-04	1377.00000000	3.25742894e+15	3.38620079e+15	3.00833918e-03
137800	123722.93181733	1378	1.01622419e-04	1378.00000000	3.25748193e+15	3.38625390e+15	3.00838367e-03
137900	123812.75569087	1379	1.01696165e-04	1379.00000000	3.25753479e+15	3.38630687e+15	3.00842803e-03
138000	123902.67960486	1380	1.01769912e-04	1380.00000000	3.25758750e+15	3.38635969e+15	3.00847228e-03
138100	123992.59728182	1381	1.01843658e-04	1381.00000000	3.25764006e+15	3.38641237e+15	3.00851640e-03
138200	124085.32421380	1382	1.01917404e-04	1382.00000000	3.25769248e+15	3.38646490e+15	3.00856041e-03
138300	124178.40575464	1383	1.01991150e-04	1383.00000000	3.25774476e+15	3.38651729e+15	3.00860429e-03
138400	124271.45671180	1384	1.02064897e-04	1384.00000000	3.25779689e+15	3.38656954e+15	3.00864806e-03
138500	124364.69478872	1385	1.02138643e-04	1385.00000000	3.25784889e+15	3.38662164e+15	3.00869170e-03
138600	124458.63926021	1386	1.02212389e-04	1386.00000000	3.25790073e+15	3.38667360e+15	3.00873522e-03
138700	124553.26158519	1387	1.02286136e-04	1387.00000000	3.25795244e+15	3.38672542e+15	3.00877863e-03
138800	124648.01327114	1388	1.02359882e-04	1388.00000000	3.25800401e+15	3.38677710e+15	3.00882191e-03
138900	124742.75396271	1389	1.02433628e-04	1389.00000000	3.25805543e+15	3.38682863e+15	3.00886508e-03
139000	124837.48286299	1390	1.02507375e-04	1390.00000000	3.25810672e+15	3.38688003e+15	3.00890813e-03
139100	124931.74405874	1391	1.02581121e-04	1391.00000000	3.25815786e+15	3.38693128e+15	3.00895106e-03
139200	125026.20772187	1392	1.02654867e-04	1392.00000000	3.25820886e+15	3.38698239e+15	3.00899388e-03
139300	125120.48005511	1393	1.02728614e-04	1393.00000000	3.25825973e+15	3.38703337e+15	3.00903657e-03
139400	125212.65288265	1394	1.02802360e-04	1394.00000000	3.25831045e+15	3.38708420e+15	3.00907915e-03
139500	125302.36690596	1395	1.02876106e-04	1395.00000000	3.25836103e+15	3.38713489e+15	3.00912161e-03
139600	125391.93510037	1396	1.02949853e-04	1396.00000000	3.25841148e+15	3.38718545e+15	3.00916396e-03
139700	125481.30599720	1397	1.03023599e-04	1397.00000000	3.25846179e+15	3.38723586e+15	3.00920619e-03
139800	125570.62913359	1398	1.03097345e-04	1398.00000000	3.25851196e+15	3.38728614e+15	3.00924831e-03
139900	125659.99626041	1399	1.03171091e-04	1399.00000000	3.25856200e+15	3.38733628e+15	3.00929031e-03
140000	125749.41731170	1400	1.03244838e-04	1400.00000000	3.25861189e+15	3.38738629e+15	3.00933219e-03
140100	125838.74869583	1401	1.03318584e-04	1401.00000000	3.25866165e+15	3.38743615e+15	3.00937396e-03
140200	125928.34108124	1402	1.03392330e-04	1402.00000000	3.25871128e+15	3.38748589e+15	3.00941562e-03
140300	126017.92923698	1403	1.03466077e-04	1403.00000000	3.25876077e+15	3.38753548e+15	3.00945716e-03
140400	126107.38933368	1404	1.03539823e-04	1404.00000000	3.25881012e+15	3.38758494e+15	3.00949859e-03
140500	126196.88915478	1405	1.03613569e-04	1405.00000000	3.25885934e+15	3.38763426e+15	3.00953991e-03
140600	126286.27463709	1406	1.03687316e-04	1406.00000000	3.25890842e+15	3.38768345e+15	3.00958112e-03
140700	126375.59074248	1407	1.03761062e-04	1407.00000000	3.25895737e+15	3.38773251e+15	3.00962221e-03
140800	126464.94967707	1408	1.03834808e-04	1408.00000000	3.25900619e+15	3.38778143e+15	3.00966319e-03
140900	126554.42442075	1409	1.03908555e-04	1409.00000000	3.25905487e+15	3.38783021e+15	3.00970405e-03
141000	126643.86430221	1410	1.03982301e-04	1410.00000000	3.25910342e+15	3.38787887e+15	3.00974481e-03
141100	126733.32573750	1411	1.04056047e-04	1411.00000000	3.25915184e+15	3.38792739e+15	3.00978545e-03
141200	126822.82943099	1412	1.04129794e-04	1412.00000000	3.25920013e+15	3.38797578e+15	3.00982599e-03
141300	126912.44371621	1413	1.04203540e-04	1413.00000000	3.25924828e+15	3.38802404e+15	3.00986641e-03
141400	127002.16283197	1414	1.04277286e-04	1414.00000000	3.25929631e+15	3.38807217e+15	3.00990673e-03
141500	127092.24733167	1415	1.04351032e-04	1415.00000000	3.25934420e+15	3.38812016e+15	3.00994693e-03
141600	127182.52291338	1416	1.04424779e-04	1416.00000000	3.25939197e+15	3.38816803e+15	3.00998703e-03
141700	127272.87472481	1417	1.04498525e-04	1417.00000000	3.25943960e+15	3.38821577e+15	3.01002702e-03
141800	127364.25824000	1418	1.04572271e-04	1418.00000000	3.25948711e+15	3.38826337e+15	3.01006690e-03
141900	127455.63440194	1419	1.04646018e-04	1419.00000000	3.25953449e+15	3.38831085e+15	3.01010667e-03
142000	127547.13302104	1420	1.04719764e-04	1420.00000000	3.25958173e+15	3.38835820e+15	3.01014634e-03
142100	127638.70092819	1421	1.04793510e-04	1421.00000000	3.25962885e+15	3.38840542e+15	3.01018589e-03
142200	127730.24219620	1422	1.04867257e-04	1422.00000000	3.25967585e+15	3.38845252e+15	3.01022534e-03
142300	127821.60890457	1423	1.04941003e-04	1423.00000000	3.25972271e+15	3.38849948e+15	3.01026468e-03
142400	127911.13935296	1424	1.05014749e-04	1424.00000000	3.25976945e+15	3.38854632e+15	3.01030392e-03
142500	128000.69674756	1425	1.05088496e-04	1425.00000000	3.25981606e+15	3.38859303e+15	3.01034305e-03
142600	128089.97660353	1426	1.05162242e-04	1426.00000000	3.25986255e+15	3.38863962e+15	3.01038207e-03
142700	128179.49109549	1427	1.05235988e-04	1427.00000000	3.25990891e+15	3.38868608e+15	3.01042099e-03
142800	128268.82876041	1428	1.05309735e-04	1428.00000000	3.25995515e+15	3.38873241e+15	3.01045981e-03
142900	128358.37580125	1429	1.05383481e-04	1429.00000000	3.26000126e+15	3.38877862e+15	3.01049852e-03
143000	128447.77350877	1430	1.05457227e-04	1430.00000000	3.26004724e+15	3.38882470e+15	3.01053712e-03
143100	128537.33438568	1431	1.05530973e-04	1431.00000000	3.26009310e+15	3.38887066e+15	3.01057562e-03
143200	128626.68833820	1432	1.05604720e-04	1432.00000000	3.26013884e+15	3.38891650e+15	3.01061402e-03
143300	128716.25620627	1433	1.05678466e-04	1433.00000000	3.26018446e+15	3.38896221e+15	3.01065231e-03
143400	128805.55486145	1434	1.05752212e-04	1434.00000000	3.26022995e+15	3.38900780e+15	3.01069050e-03
143500	128894.84090368	1435	1.05825959e-04	1435.00000000	3.26027532e+15	3.38905326e+15	3.01072859e-03
143600	128984.12343412	1436	1.05899705e-04	1436.00000000	3.26032056e+15	3.38909861e+15	3.01076657e-03
143700	129073.45709302	1437	1.05973451e-04	1437.00000000	3.26036569e+15	3.38914383e+15	3.01080445e-03
143800	129162.52565709	1438	1.06047198e-04	1438.00000000	3.26041069e+15	3.38918893e+15	3.01084223e-03
143900	129252.03704774	1439	1.06120944e-04	1439.00000000	3.26045557e+15	3.38923390e+15	3.01087991e-03
144000	129341.50965376	1440	1.06194690e-04	1440.00000000	3.26050033e+15	3.38927876e+15	3.01091749e-03
144100	129430.71131133	1441	1.06268437e-04	1441.00000000	3.26054498e+15	3.38932350e+15	3.01095496e-03
144200	129519.89679569	1442	1.06342183e-04	1442.00000000	3.26058950e+15	3.38936811e+15	3.01099234e-03
144300	129609.23921514	1443	1.06415929e-04	1443.00000000	3.26063390e+15	3.38941261e+15	3.01102961e-03
144400	129698.70316015	1444	1.06489676e-04	1444.00000000	3.26067818e+15	3.38945698e+15	3.01106679e-03
144500	129788.16547207	1445	1.06563422e-04	1445.00000000	3.26072234e+15	3.38950124e+15	3.01110386e-03
144600	129877.61602216	1446	1.06637168e-04	1446.00000000	3.26076639e+15	3.38954538e+15	3.01114083e-03
144700	129966.84797760	1447	1.06710914e-04	1447.00000000	3.26081031e+15	3.38958940e+15	3.01117771e-03
144800	130056.29534049	1448	1.06784661e-04	1448.00000000	3.26085412e+15	3.38963330e+15	3.01121449e-03
144900	130145.90451552	1449	1.06858407e-04	1449.00000000	3.26089781e+15	3.38967708e+15	3.01125116e-03
145000	130235.51738391	1450	1.06932153e-04	1450.00000000	3.26094138e+15	3.38972075e+15	3.01128774e-03
145100	130325.03517336	1451	1.07005900e-04	1451.00000000	3.26098484e+15	3.38976429e+15	3.01132422e-03
145200	130414.67258890	1452	1.07079646e-04	1452.00000000	3.26102818e+15	3.38980773e+15	3.01136061e-03
145300	130504.04434429	1453	1.07153392e-04	1453.00000000	3.26107140e+15	3.38985104e+15	3.01139689e-03
145400	130593.39325945	1454	1.07227139e-04	1454.00000000	3.26111451e+15	3.38989424e+15	3.01143308e-03
145500	130682.70475155	1455	1.07300885e-04	1455.00000000	3.26115751e+15	3.38993733e+15	3.01146917e-03
145600	130772.03133652	1456	1.07374631e-04	1456.00000000	3.26120038e+15	3.38998029e+15	3.01150516e-03
145700	130861.49913427	1457	1.07448378e-04	1457.00000000	3.26124315e+15	3.39002315e+15	3.01154106e-03
145800	130950.93223643	1458	1.07522124e-04	1458.00000000	3.26128579e+15	3.39006589e+15	3.01157686e-03
145900	131040.42685634	1459	1.07595870e-04	1459.00000000	3.26132833e+15	3.39010851e+15	3.01161257e-03
146000	131130.09915638	1460	1.07669617e-04	1460.00000000	3.26137075e+15	3.39015102e+15	3.01164818e-03
146100	131219.59107609	1461	1.07743363e-04	1461.00000000	3.26141306e+15	3.39019342e+15	3.01168370e-03
146200	131308.93403685	1462	1.07817109e-04	1462.00000000	3.26145525e+15	3.39023571e+15	3.01171912e-03
146300	131399.83663722	1463	1.07890855e-04	1463.00000000	3.26149734e+15	3.39027788e+15	3.01175444e-03
146400	131491.74571536	1464	1.07964602e-04	1464.00000000	3.26153931e+15	3.39031994e+15	3.01178968e-03
146500	131583.66603026	1465	1.08038348e-04	1465.00000000	3.26158116e+15	3.39036188e+15	3.01182481e-03
146600	131675.46814226	1466	1.08112094e-04	1466.00000000	3.26162291e+15	3.39040372e+15	3.01185986e-03
146700	131767.46341690	1467	1.08185841e-04	1467.00000000	3.26166455e+15	3.39044544e+15	3.01189481e-03
146800	131859.21717508	1468	1.08259587e-04	1468.00000000	3.26170607e+15	3.39048706e+15	3.01192967e-03
146900	131950.11250991	1469	1.08333333e-04	1469.00000000	3.26174749e+15	3.39052856e+15	3.01196443e-03
147000	132039.29066776	1470	1.08407080e-04	1470.00000000	3.26178879e+15	3.39056995e+15	3.01199911e-03
147100	132128.67204689	1471	1.08480826e-04	1471.00000000	3.26182999e+15	3.39061123e+15	3.01203369e-03
147200	132218.11973885	1472	1.08554572e-04	1472.00000000	3.26187107e+15	3.39065240e+15	3.01206818e-03
147300	132307.60184539	1473	1.08628319e-04	1473.00000000	3.26191204e+15	3.39069346e+15	3.01210257e-03
147400	132396.95331983	1474	1.08702065e-04	1474.00000000	3.26195291e+15	3.39073441e+15	3.01213688e-03
147500	132486.62524224	1475	1.08775811e-04	1475.00000000	3.26199367e+15	3.39077526e+15	3.01217109e-03
147600	132576.64841366	1476	1.08849558e-04	1476.00000000	3.26203432e+15	3.39081599e+15	3.01220522e-03
147700	132666.68663719	1477	1.08923304e-04	1477.00000000	3.26207485e+15	3.39085662e+15	3.01223925e-03
147800	132756.91786882	1478	1.08997050e-04	1478.00000000	3.26211529e+15	3.39089713e+15	3.01227319e-03
147900	132847.18498687	1479	1.09070796e-04	1479.00000000	3.26215561e+15	3.39093754e+15	3.01230703e-03
148000	132937.14449162	1480	1.09144543e-04	1480.00000000	3.26219583e+15	3.39097784e+15	3.01234079e-03
148100	133026.38672596	1481	1.09218289e-04	1481.00000000	3.26223594e+15	3.39101804e+15	3.01237446e-03
148200	133115.61004718	1482	1.09292035e-04	1482.00000000	3.26227594e+15	3.39105813e+15	3.01240805e-03
148300	133204.79814654	1483	1.09365782e-04	1483.00000000	3.26231584e+15	3.39109811e+15	3.01244153e-03
148400	133294.13419614	1484	1.09439528e-04	1484.00000000	3.26235563e+15	3.39113798e+15	3.01247493e-03
148500	133383.31865838	1485	1.09513274e-04	1485.00000000	3.26239532e+15	3.39117775e+15	3.01250825e-03
148600	133472.62751955	1486	1.09587021e-04	1486.00000000	3.26243490e+15	3.39121742e+15	3.01254147e-03
148700	133561.77361139	1487	1.09660767e-04	1487.00000000	3.26247438e+15	3.39125698e+15	3.01257461e-03
148800	133651.10133184	1488	1.09734513e-04	1488.00000000	3.26251375e+15	3.39129643e+15	3.01260766e-03
148900	133740.36604979	1489	1.09808260e-04	1489.00000000	3.26255302e+15	3.39133578e+15	3.01264062e-03
149000	133829.66148179	1490	1.09882006e-04	1490.00000000	3.26259218e+15	3.39137503e+15	3.01267350e-03
149100	133919.00464971	1491	1.09955752e-04	1491.00000000	3.26263124e+15	3.39141417e+15	3.01270629e-03
149200	134008.56246906	1492	1.10029499e-04	1492.00000000	3.26267020e+15	3.39145321e+15	3.01273899e-03
149300	134098.13923777	1493	1.10103245e-04	1493.00000000	3.26270906e+15	3.39149215e+15	3.01277160e-03
149400	134187.55118150	1494	1.10176991e-04	1494.00000000	3.26274781e+15	3.39153098e+15	3.01280413e-03
149500	134276.75513761	1495	1.10250737e-04	1495.00000000	3.26278646e+15	3.39156972e+15	3.01283657e-03
149600	134366.19412258	1496	1.10324484e-04	1496.00000000	3.26282501e+15	3.39160834e+15	3.01286892e-03
149700	134455.64571962	1497	1.10398230e-04	1497.00000000	3.26286345e+15	3.39164687e+15	3.01290119e-03
149800	134545.12099649	1498	1.10471976e-04	1498.00000000	3.26290180e+15	3.39168530e+15	3.01293338e-03
149900	134634.59395163	1499	1.10545723e-04	1499.00000000	3.26294004e+15	3.39172362e+15	3.01296548e-03
150000	134724.88945663	1500	1.10619469e-04	1500.00000000	3.26297819e+15	3.39176184e+15	3.01299750e-03
