TITLE = "plasma2d merged field (SI)"
VARIABLES = "X[m]" "Y[m]" "blockID" "Ne[1/m^3]" "Ni[1/m^3]" "Ee[J/m^3]" "Te[K]" "Phi[V]" "Ec_x[V/m]" "Ec_y[V/m]"
ZONE T="iT=0" NODES=4186 ELEMENTS=4050 DATAPACKING=BLOCK ZONETYPE=FEQUADRILATERAL VARLOCATION=([4-10]=CELLCENTERED)
0.00000000e+00 6.27160494e-06 2.50864198e-05 5.64444444e-05 1.00345679e-04 1.56790123e-04
2.25777778e-04 3.07308642e-04 4.01382716e-04 5.08000000e-04 6.27160494e-04 7.58864198e-04
9.03111111e-04 1.05990123e-03 1.22923457e-03 1.41111111e-03 1.60553086e-03 1.81249383e-03
2.03200000e-03 2.26404938e-03 2.50864198e-03 2.76577778e-03 3.03545679e-03 3.31767901e-03
3.61244444e-03 3.91975309e-03 4.23960494e-03 4.57200000e-03 4.91693827e-03 5.27441975e-03
5.64444444e-03 6.02701235e-03 6.42212346e-03 6.82977778e-03 7.24997531e-03 7.68271605e-03
8.12800000e-03 8.58582716e-03 9.05619753e-03 9.53911111e-03 1.00345679e-02 1.05425679e-02
1.10631111e-02 1.15961975e-02 1.21418272e-02 1.27000000e-02 1.32581728e-02 1.38038025e-02
1.43368889e-02 1.48574321e-02 1.53654321e-02 1.58608889e-02 1.63438025e-02 1.68141728e-02
1.72720000e-02 1.77172840e-02 1.81500247e-02 1.85702222e-02 1.89778765e-02 1.93729877e-02
1.97555556e-02 2.01255802e-02 2.04830617e-02 2.08280000e-02 2.11603951e-02 2.14802469e-02
2.17875556e-02 2.20823210e-02 2.23645432e-02 2.26342222e-02 2.28913580e-02 2.31359506e-02
2.33680000e-02 2.35875062e-02 2.37944691e-02 2.39888889e-02 2.41707654e-02 2.43400988e-02
2.44968889e-02 2.46411358e-02 2.47728395e-02 2.48920000e-02 2.49986173e-02 2.50926914e-02
2.51742222e-02 2.52432099e-02 2.52996543e-02 2.53435556e-02 2.53749136e-02 2.53937284e-02
2.54000000e-02 0.00000000e+00 6.27160494e-06 2.50864198e-05 5.64444444e-05 1.00345679e-04
1.56790123e-04 2.25777778e-04 3.07308642e-04 4.01382716e-04 5.08000000e-04 6.27160494e-04
7.58864198e-04 9.03111111e-04 1.05990123e-03 1.22923457e-03 1.41111111e-03 1.60553086e-03
1.81249383e-03 2.03200000e-03 2.26404938e-03 2.50864198e-03 2.76577778e-03 3.03545679e-03
3.31767901e-03 3.61244444e-03 3.91975309e-03 4.23960494e-03 4.57200000e-03 4.91693827e-03
5.27441975e-03 5.64444444e-03 6.02701235e-03 6.42212346e-03 6.82977778e-03 7.24997531e-03
7.68271605e-03 8.12800000e-03 8.58582716e-03 9.05619753e-03 9.53911111e-03 1.00345679e-02
1.05425679e-02 1.10631111e-02 1.15961975e-02 1.21418272e-02 1.27000000e-02 1.32581728e-02
1.38038025e-02 1.43368889e-02 1.48574321e-02 1.53654321e-02 1.58608889e-02 1.63438025e-02
1.68141728e-02 1.72720000e-02 1.77172840e-02 1.81500247e-02 1.85702222e-02 1.89778765e-02
1.93729877e-02 1.97555556e-02 2.01255802e-02 2.04830617e-02 2.08280000e-02 2.11603951e-02
2.14802469e-02 2.17875556e-02 2.20823210e-02 2.23645432e-02 2.26342222e-02 2.28913580e-02
2.31359506e-02 2.33680000e-02 2.35875062e-02 2.37944691e-02 2.39888889e-02 2.41707654e-02
2.43400988e-02 2.44968889e-02 2.46411358e-02 2.47728395e-02 2.48920000e-02 2.49986173e-02
2.50926914e-02 2.51742222e-02 2.52432099e-02 2.52996543e-02 2.53435556e-02 2.53749136e-02
2.53937284e-02 2.54000000e-02 0.00000000e+00 6.27160494e-06 2.50864198e-05 5.64444444e-05
1.00345679e-04 1.56790123e-04 2.25777778e-04 3.07308642e-04 4.01382716e-04 5.08000000e-04
6.27160494e-04 7.58864198e-04 9.03111111e-04 1.05990123e-03 1.22923457e-03 1.41111111e-03
1.60553086e-03 1.81249383e-03 2.03200000e-03 2.26404938e-03 2.50864198e-03 2.76577778e-03
3.03545679e-03 3.31767901e-03 3.61244444e-03 3.91975309e-03 4.23960494e-03 4.57200000e-03
4.91693827e-03 5.27441975e-03 5.64444444e-03 6.02701235e-03 6.42212346e-03 6.82977778e-03
7.24997531e-03 7.68271605e-03 8.12800000e-03 8.58582716e-03 9.05619753e-03 9.53911111e-03
1.00345679e-02 1.05425679e-02 1.10631111e-02 1.15961975e-02 1.21418272e-02 1.27000000e-02
1.32581728e-02 1.38038025e-02 1.43368889e-02 1.48574321e-02 1.53654321e-02 1.58608889e-02
1.63438025e-02 1.68141728e-02 1.72720000e-02 1.77172840e-02 1.81500247e-02 1.85702222e-02
1.89778765e-02 1.93729877e-02 1.97555556e-02 2.01255802e-02 2.04830617e-02 2.08280000e-02
2.11603951e-02 2.14802469e-02 2.17875556e-02 2.20823210e-02 2.23645432e-02 2.26342222e-02
2.28913580e-02 2.31359506e-02 2.33680000e-02 2.35875062e-02 2.37944691e-02 2.39888889e-02
2.41707654e-02 2.43400988e-02 2.44968889e-02 2.46411358e-02 2.47728395e-02 2.48920000e-02
2.49986173e-02 2.50926914e-02 2.51742222e-02 2.52432099e-02 2.52996543e-02 2.53435556e-02
2.53749136e-02 2.53937284e-02 2.54000000e-02 0.00000000e+00 6.27160494e-06 2.50864198e-05
5.64444444e-05 1.00345679e-04 1.56790123e-04 2.25777778e-04 3.07308642e-04 4.01382716e-04
5.08000000e-04 6.27160494e-04 7.58864198e-04 9.03111111e-04 1.05990123e-03 1.22923457e-03
1.41111111e-03 1.60553086e-03 1.81249383e-03 2.03200000e-03 2.26404938e-03 2.50864198e-03
2.76577778e-03 3.03545679e-03 3.31767901e-03 3.61244444e-03 3.91975309e-03 4.23960494e-03
4.57200000e-03 4.91693827e-03 5.27441975e-03 5.64444444e-03 6.02701235e-03 6.42212346e-03
6.82977778e-03 7.24997531e-03 7.68271605e-03 8.12800000e-03 8.58582716e-03 9.05619753e-03
9.53911111e-03 1.00345679e-02 1.05425679e-02 1.10631111e-02 1.15961975e-02 1.21418272e-02
1.27000000e-02 1.32581728e-02 1.38038025e-02 1.43368889e-02 1.48574321e-02 1.53654321e-02
1.58608889e-02 1.63438025e-02 1.68141728e-02 1.72720000e-02 1.77172840e-02 1.81500247e-02
1.85702222e-02 1.89778765e-02 1.93729877e-02 1.97555556e-02 2.01255802e-02 2.04830617e-02
2.08280000e-02 2.11603951e-02 2.14802469e-02 2.17875556e-02 2.20823210e-02 2.23645432e-02
2.26342222e-02 2.28913580e-02 2.31359506e-02 2.33680000e-02 2.35875062e-02 2.37944691e-02
2.39888889e-02 2.41707654e-02 2.43400988e-02 2.44968889e-02 2.46411358e-02 2.47728395e-02
2.48920000e-02 2.49986173e-02 2.50926914e-02 2.51742222e-02 2.52432099e-02 2.52996543e-02
2.53435556e-02 2.53749136e-02 2.53937284e-02 2.54000000e-02 0.00000000e+00 6.27160494e-06
2.50864198e-05 5.64444444e-05 1.00345679e-04 1.56790123e-04 2.25777778e-04 3.07308642e-04
4.01382716e-04 5.08000000e-04 6.27160494e-04 7.58864198e-04 9.03111111e-04 1.05990123e-03
1.22923457e-03 1.41111111e-03 1.60553086e-03 1.81249383e-03 2.03200000e-03 2.26404938e-03
2.50864198e-03 2.76577778e-03 3.03545679e-03 3.31767901e-03 3.61244444e-03 3.91975309e-03
4.23960494e-03 4.57200000e-03 4.91693827e-03 5.27441975e-03 5.64444444e-03 6.02701235e-03
6.42212346e-03 6.82977778e-03 7.24997531e-03 7.68271605e-03 8.12800000e-03 8.58582716e-03
9.05619753e-03 9.53911111e-03 1.00345679e-02 1.05425679e-02 1.10631111e-02 1.15961975e-02
1.21418272e-02 1.27000000e-02 1.32581728e-02 1.38038025e-02 1.43368889e-02 1.48574321e-02
1.53654321e-02 1.58608889e-02 1.63438025e-02 1.68141728e-02 1.72720000e-02 1.77172840e-02
1.81500247e-02 1.85702222e-02 1.89778765e-02 1.93729877e-02 1.97555556e-02 2.01255802e-02
2.04830617e-02 2.08280000e-02 2.11603951e-02 2.14802469e-02 2.17875556e-02 2.20823210e-02
2.23645432e-02 2.26342222e-02 2.28913580e-02 2.31359506e-02 2.33680000e-02 2.35875062e-02
2.37944691e-02 2.39888889e-02 2.41707654e-02 2.43400988e-02 2.44968889e-02 2.46411358e-02
2.47728395e-02 2.48920000e-02 2.49986173e-02 2.50926914e-02 2.51742222e-02 2.52432099e-02
2.52996543e-02 2.53435556e-02 2.53749136e-02 2.53937284e-02 2.54000000e-02 0.00000000e+00
6.27160494e-06 2.50864198e-05 5.64444444e-05 1.00345679e-04 1.56790123e-04 2.25777778e-04
3.07308642e-04 4.01382716e-04 5.08000000e-04 6.27160494e-04 7.58864198e-04 9.03111111e-04
1.05990123e-03 1.22923457e-03 1.41111111e-03 1.60553086e-03 1.81249383e-03 2.03200000e-03
2.26404938e-03 2.50864198e-03 2.76577778e-03 3.03545679e-03 3.31767901e-03 3.61244444e-03
3.91975309e-03 4.23960494e-03 4.57200000e-03 4.91693827e-03 5.27441975e-03 5.64444444e-03
6.02701235e-03 6.42212346e-03 6.82977778e-03 7.24997531e-03 7.68271605e-03 8.12800000e-03
8.58582716e-03 9.05619753e-03 9.53911111e-03 1.00345679e-02 1.05425679e-02 1.10631111e-02
1.15961975e-02 1.21418272e-02 1.27000000e-02 1.32581728e-02 1.38038025e-02 1.43368889e-02
1.48574321e-02 1.53654321e-02 1.58608889e-02 1.63438025e-02 1.68141728e-02 1.72720000e-02
1.77172840e-02 1.81500247e-02 1.85702222e-02 1.89778765e-02 1.93729877e-02 1.97555556e-02
2.01255802e-02 2.04830617e-02 2.08280000e-02 2.11603951e-02 2.14802469e-02 2.17875556e-02
2.20823210e-02 2.23645432e-02 2.26342222e-02 2.28913580e-02 2.31359506e-02 2.33680000e-02
2.35875062e-02 2.37944691e-02 2.39888889e-02 2.41707654e-02 2.43400988e-02 2.44968889e-02
2.46411358e-02 2.47728395e-02 2.48920000e-02 2.49986173e-02 2.50926914e-02 2.51742222e-02
2.52432099e-02 2.52996543e-02 2.53435556e-02 2.53749136e-02 2.53937284e-02 2.54000000e-02
0.00000000e+00 6.27160494e-06 2.50864198e-05 5.64444444e-05 1.00345679e-04 1.56790123e-04
2.25777778e-04 3.07308642e-04 4.01382716e-04 5.08000000e-04 6.27160494e-04 7.58864198e-04
9.03111111e-04 1.05990123e-03 1.22923457e-03 1.41111111e-03 1.60553086e-03 1.81249383e-03
2.03200000e-03 2.26404938e-03 2.50864198e-03 2.76577778e-03 3.03545679e-03 3.31767901e-03
3.61244444e-03 3.91975309e-03 4.23960494e-03 4.57200000e-03 4.91693827e-03 5.27441975e-03
5.64444444e-03 6.02701235e-03 6.42212346e-03 6.82977778e-03 7.24997531e-03 7.68271605e-03
8.12800000e-03 8.58582716e-03 9.05619753e-03 9.53911111e-03 1.00345679e-02 1.05425679e-02
1.10631111e-02 1.15961975e-02 1.21418272e-02 1.27000000e-02 1.32581728e-02 1.38038025e-02
1.43368889e-02 1.48574321e-02 1.53654321e-02 1.58608889e-02 1.63438025e-02 1.68141728e-02
1.72720000e-02 1.77172840e-02 1.81500247e-02 1.85702222e-02 1.89778765e-02 1.93729877e-02
1.97555556e-02 2.01255802e-02 2.04830617e-02 2.08280000e-02 2.11603951e-02 2.14802469e-02
2.17875556e-02 2.20823210e-02 2.23645432e-02 2.26342222e-02 2.28913580e-02 2.31359506e-02
2.33680000e-02 2.35875062e-02 2.37944691e-02 2.39888889e-02 2.41707654e-02 2.43400988e-02
2.44968889e-02 2.46411358e-02 2.47728395e-02 2.48920000e-02 2.49986173e-02 2.50926914e-02
2.51742222e-02 2.52432099e-02 2.52996543e-02 2.53435556e-02 2.53749136e-02 2.53937284e-02
2.54000000e-02 0.00000000e+00 6.27160494e-06 2.50864198e-05 5.64444444e-05 1.00345679e-04
1.56790123e-04 2.25777778e-04 3.07308642e-04 4.01382716e-04 5.08000000e-04 6.27160494e-04
7.58864198e-04 9.03111111e-04 1.05990123e-03 1.22923457e-03 1.41111111e-03 1.60553086e-03
1.81249383e-03 2.03200000e-03 2.26404938e-03 2.50864198e-03 2.76577778e-03 3.03545679e-03
3.31767901e-03 3.61244444e-03 3.91975309e-03 4.23960494e-03 4.57200000e-03 4.91693827e-03
5.27441975e-03 5.64444444e-03 6.02701235e-03 6.42212346e-03 6.82977778e-03 7.24997531e-03
7.68271605e-03 8.12800000e-03 8.58582716e-03 9.05619753e-03 9.53911111e-03 1.00345679e-02
1.05425679e-02 1.10631111e-02 1.15961975e-02 1.21418272e-02 1.27000000e-02 1.32581728e-02
1.38038025e-02 1.43368889e-02 1.48574321e-02 1.53654321e-02 1.58608889e-02 1.63438025e-02
1.68141728e-02 1.72720000e-02 1.77172840e-02 1.81500247e-02 1.85702222e-02 1.89778765e-02
1.93729877e-02 1.97555556e-02 2.01255802e-02 2.04830617e-02 2.08280000e-02 2.11603951e-02
2.14802469e-02 2.17875556e-02 2.20823210e-02 2.23645432e-02 2.26342222e-02 2.28913580e-02
2.31359506e-02 2.33680000e-02 2.35875062e-02 2.37944691e-02 2.39888889e-02 2.41707654e-02
2.43400988e-02 2.44968889e-02 2.46411358e-02 2.47728395e-02 2.48920000e-02 2.49986173e-02
2.50926914e-02 2.51742222e-02 2.52432099e-02 2.52996543e-02 2.53435556e-02 2.53749136e-02
2.53937284e-02 2.54000000e-02 0.00000000e+00 6.27160494e-06 2.50864198e-05 5.64444444e-05
1.00345679e-04 1.56790123e-04 2.25777778e-04 3.07308642e-04 4.01382716e-04 5.08000000e-04
6.27160494e-04 7.58864198e-04 9.03111111e-04 1.05990123e-03 1.22923457e-03 1.41111111e-03
1.60553086e-03 1.81249383e-03 2.03200000e-03 2.26404938e-03 2.50864198e-03 2.76577778e-03
3.03545679e-03 3.31767901e-03 3.61244444e-03 3.91975309e-03 4.23960494e-03 4.57200000e-03
4.91693827e-03 5.27441975e-03 5.64444444e-03 6.02701235e-03 6.42212346e-03 6.82977778e-03
7.24997531e-03 7.68271605e-03 8.12800000e-03 8.58582716e-03 9.05619753e-03 9.53911111e-03
1.00345679e-02 1.05425679e-02 1.10631111e-02 1.15961975e-02 1.21418272e-02 1.27000000e-02
1.32581728e-02 1.38038025e-02 1.43368889e-02 1.48574321e-02 1.53654321e-02 1.58608889e-02
1.63438025e-02 1.68141728e-02 1.72720000e-02 1.77172840e-02 1.81500247e-02 1.85702222e-02
1.89778765e-02 1.93729877e-02 1.97555556e-02 2.01255802e-02 2.04830617e-02 2.08280000e-02
2.11603951e-02 2.14802469e-02 2.17875556e-02 2.20823210e-02 2.23645432e-02 2.26342222e-02
2.28913580e-02 2.31359506e-02 2.33680000e-02 2.35875062e-02 2.37944691e-02 2.39888889e-02
2.41707654e-02 2.43400988e-02 2.44968889e-02 2.46411358e-02 2.47728395e-02 2.48920000e-02
2.49986173e-02 2.50926914e-02 2.51742222e-02 2.52432099e-02 2.52996543e-02 2.53435556e-02
2.53749136e-02 2.53937284e-02 2.54000000e-02 0.00000000e+00 6.27160494e-06 2.50864198e-05
5.64444444e-05 1.00345679e-04 1.56790123e-04 2.25777778e-04 3.07308642e-04 4.01382716e-04
5.08000000e-04 6.27160494e-04 7.58864198e-04 9.03111111e-04 1.05990123e-03 1.22923457e-03
1.41111111e-03 1.60553086e-03 1.81249383e-03 2.03200000e-03 2.26404938e-03 2.50864198e-03
2.76577778e-03 3.03545679e-03 3.31767901e-03 3.61244444e-03 3.91975309e-03 4.23960494e-03
4.57200000e-03 4.91693827e-03 5.27441975e-03 5.64444444e-03 6.02701235e-03 6.42212346e-03
6.82977778e-03 7.24997531e-03 7.68271605e-03 8.12800000e-03 8.58582716e-03 9.05619753e-03
9.53911111e-03 1.00345679e-02 1.05425679e-02 1.10631111e-02 1.15961975e-02 1.21418272e-02
1.27000000e-02 1.32581728e-02 1.38038025e-02 1.43368889e-02 1.48574321e-02 1.53654321e-02
1.58608889e-02 1.63438025e-02 1.68141728e-02 1.72720000e-02 1.77172840e-02 1.81500247e-02
1.85702222e-02 1.89778765e-02 1.93729877e-02 1.97555556e-02 2.01255802e-02 2.04830617e-02
2.08280000e-02 2.11603951e-02 2.14802469e-02 2.17875556e-02 2.20823210e-02 2.23645432e-02
2.26342222e-02 2.28913580e-02 2.31359506e-02 2.33680000e-02 2.35875062e-02 2.37944691e-02
2.39888889e-02 2.41707654e-02 2.43400988e-02 2.44968889e-02 2.46411358e-02 2.47728395e-02
2.48920000e-02 2.49986173e-02 2.50926914e-02 2.51742222e-02 2.52432099e-02 2.52996543e-02
2.53435556e-02 2.53749136e-02 2.53937284e-02 2.54000000e-02 0.00000000e+00 6.27160494e-06
2.50864198e-05 5.64444444e-05 1.00345679e-04 1.56790123e-04 2.25777778e-04 3.07308642e-04
4.01382716e-04 5.08000000e-04 6.27160494e-04 7.58864198e-04 9.03111111e-04 1.05990123e-03
1.22923457e-03 1.41111111e-03 1.60553086e-03 1.81249383e-03 2.03200000e-03 2.26404938e-03
2.50864198e-03 2.76577778e-03 3.03545679e-03 3.31767901e-03 3.61244444e-03 3.91975309e-03
4.23960494e-03 4.57200000e-03 4.91693827e-03 5.27441975e-03 5.64444444e-03 6.02701235e-03
6.42212346e-03 6.82977778e-03 7.24997531e-03 7.68271605e-03 8.12800000e-03 8.58582716e-03
9.05619753e-03 9.53911111e-03 1.00345679e-02 1.05425679e-02 1.10631111e-02 1.15961975e-02
1.21418272e-02 1.27000000e-02 1.32581728e-02 1.38038025e-02 1.43368889e-02 1.48574321e-02
1.53654321e-02 1.58608889e-02 1.63438025e-02 1.68141728e-02 1.72720000e-02 1.77172840e-02
1.81500247e-02 1.85702222e-02 1.89778765e-02 1.93729877e-02 1.97555556e-02 2.01255802e-02
2.04830617e-02 2.08280000e-02 2.11603951e-02 2.14802469e-02 2.17875556e-02 2.20823210e-02
2.23645432e-02 2.26342222e-02 2.28913580e-02 2.31359506e-02 2.33680000e-02 2.35875062e-02
2.37944691e-02 2.39888889e-02 2.41707654e-02 2.43400988e-02 2.44968889e-02 2.46411358e-02
2.47728395e-02 2.48920000e-02 2.49986173e-02 2.50926914e-02 2.51742222e-02 2.52432099e-02
2.52996543e-02 2.53435556e-02 2.53749136e-02 2.53937284e-02 2.54000000e-02 0.00000000e+00
6.27160494e-06 2.50864198e-05 5.64444444e-05 1.00345679e-04 1.56790123e-04 2.25777778e-04
3.07308642e-04 4.01382716e-04 5.08000000e-04 6.27160494e-04 7.58864198e-04 9.03111111e-04
1.05990123e-03 1.22923457e-03 1.41111111e-03 1.60553086e-03 1.81249383e-03 2.03200000e-03
2.26404938e-03 2.50864198e-03 2.76577778e-03 3.03545679e-03 3.31767901e-03 3.61244444e-03
3.91975309e-03 4.23960494e-03 4.57200000e-03 4.91693827e-03 5.27441975e-03 5.64444444e-03
6.02701235e-03 6.42212346e-03 6.82977778e-03 7.24997531e-03 7.68271605e-03 8.12800000e-03
8.58582716e-03 9.05619753e-03 9.53911111e-03 1.00345679e-02 1.05425679e-02 1.10631111e-02
1.15961975e-02 1.21418272e-02 1.27000000e-02 1.32581728e-02 1.38038025e-02 1.43368889e-02
1.48574321e-02 1.53654321e-02 1.58608889e-02 1.63438025e-02 1.68141728e-02 1.72720000e-02
1.77172840e-02 1.81500247e-02 1.85702222e-02 1.89778765e-02 1.93729877e-02 1.97555556e-02
2.01255802e-02 2.04830617e-02 2.08280000e-02 2.11603951e-02 2.14802469e-02 2.17875556e-02
2.20823210e-02 2.23645432e-02 2.26342222e-02 2.28913580e-02 2.31359506e-02 2.33680000e-02
2.35875062e-02 2.37944691e-02 2.39888889e-02 2.41707654e-02 2.43400988e-02 2.44968889e-02
2.46411358e-02 2.47728395e-02 2.48920000e-02 2.49986173e-02 2.50926914e-02 2.51742222e-02
2.52432099e-02 2.52996543e-02 2.53435556e-02 2.53749136e-02 2.53937284e-02 2.54000000e-02
0.00000000e+00 6.27160494e-06 2.50864198e-05 5.64444444e-05 1.00345679e-04 1.56790123e-04
2.25777778e-04 3.07308642e-04 4.01382716e-04 5.08000000e-04 6.27160494e-04 7.58864198e-04
9.03111111e-04 1.05990123e-03 1.22923457e-03 1.41111111e-03 1.60553086e-03 1.81249383e-03
2.03200000e-03 2.26404938e-03 2.50864198e-03 2.76577778e-03 3.03545679e-03 3.31767901e-03
3.61244444e-03 3.91975309e-03 4.23960494e-03 4.57200000e-03 4.91693827e-03 5.27441975e-03
5.64444444e-03 6.02701235e-03 6.42212346e-03 6.82977778e-03 7.24997531e-03 7.68271605e-03
8.12800000e-03 8.58582716e-03 9.05619753e-03 9.53911111e-03 1.00345679e-02 1.05425679e-02
1.10631111e-02 1.15961975e-02 1.21418272e-02 1.27000000e-02 1.32581728e-02 1.38038025e-02
1.43368889e-02 1.48574321e-02 1.53654321e-02 1.58608889e-02 1.63438025e-02 1.68141728e-02
1.72720000e-02 1.77172840e-02 1.81500247e-02 1.85702222e-02 1.89778765e-02 1.93729877e-02
1.97555556e-02 2.01255802e-02 2.04830617e-02 2.08280000e-02 2.11603951e-02 2.14802469e-02
2.17875556e-02 2.20823210e-02 2.23645432e-02 2.26342222e-02 2.28913580e-02 2.31359506e-02
2.33680000e-02 2.35875062e-02 2.37944691e-02 2.39888889e-02 2.41707654e-02 2.43400988e-02
2.44968889e-02 2.46411358e-02 2.47728395e-02 2.48920000e-02 2.49986173e-02 2.50926914e-02
2.51742222e-02 2.52432099e-02 2.52996543e-02 2.53435556e-02 2.53749136e-02 2.53937284e-02
2.54000000e-02 0.00000000e+00 6.27160494e-06 2.50864198e-05 5.64444444e-05 1.00345679e-04
1.56790123e-04 2.25777778e-04 3.07308642e-04 4.01382716e-04 5.08000000e-04 6.27160494e-04
7.58864198e-04 9.03111111e-04 1.05990123e-03 1.22923457e-03 1.41111111e-03 1.60553086e-03
1.81249383e-03 2.03200000e-03 2.26404938e-03 2.50864198e-03 2.76577778e-03 3.03545679e-03
3.31767901e-03 3.61244444e-03 3.91975309e-03 4.23960494e-03 4.57200000e-03 4.91693827e-03
5.27441975e-03 5.64444444e-03 6.02701235e-03 6.42212346e-03 6.82977778e-03 7.24997531e-03
7.68271605e-03 8.12800000e-03 8.58582716e-03 9.05619753e-03 9.53911111e-03 1.00345679e-02
1.05425679e-02 1.10631111e-02 1.15961975e-02 1.21418272e-02 1.27000000e-02 1.32581728e-02
1.38038025e-02 1.43368889e-02 1.48574321e-02 1.53654321e-02 1.58608889e-02 1.63438025e-02
1.68141728e-02 1.72720000e-02 1.77172840e-02 1.81500247e-02 1.85702222e-02 1.89778765e-02
1.93729877e-02 1.97555556e-02 2.01255802e-02 2.04830617e-02 2.08280000e-02 2.11603951e-02
2.14802469e-02 2.17875556e-02 2.20823210e-02 2.23645432e-02 2.26342222e-02 2.28913580e-02
2.31359506e-02 2.33680000e-02 2.35875062e-02 2.37944691e-02 2.39888889e-02 2.41707654e-02
2.43400988e-02 2.44968889e-02 2.46411358e-02 2.47728395e-02 2.48920000e-02 2.49986173e-02
2.50926914e-02 2.51742222e-02 2.52432099e-02 2.52996543e-02 2.53435556e-02 2.53749136e-02
2.53937284e-02 2.54000000e-02 0.00000000e+00 6.27160494e-06 2.50864198e-05 5.64444444e-05
1.00345679e-04 1.56790123e-04 2.25777778e-04 3.07308642e-04 4.01382716e-04 5.08000000e-04
6.27160494e-04 7.58864198e-04 9.03111111e-04 1.05990123e-03 1.22923457e-03 1.41111111e-03
1.60553086e-03 1.81249383e-03 2.03200000e-03 2.26404938e-03 2.50864198e-03 2.76577778e-03
3.03545679e-03 3.31767901e-03 3.61244444e-03 3.91975309e-03 4.23960494e-03 4.57200000e-03
4.91693827e-03 5.27441975e-03 5.64444444e-03 6.02701235e-03 6.42212346e-03 6.82977778e-03
7.24997531e-03 7.68271605e-03 8.12800000e-03 8.58582716e-03 9.05619753e-03 9.53911111e-03
1.00345679e-02 1.05425679e-02 1.10631111e-02 1.15961975e-02 1.21418272e-02 1.27000000e-02
1.32581728e-02 1.38038025e-02 1.43368889e-02 1.48574321e-02 1.53654321e-02 1.58608889e-02
1.63438025e-02 1.68141728e-02 1.72720000e-02 1.77172840e-02 1.81500247e-02 1.85702222e-02
1.89778765e-02 1.93729877e-02 1.97555556e-02 2.01255802e-02 2.04830617e-02 2.08280000e-02
2.11603951e-02 2.14802469e-02 2.17875556e-02 2.20823210e-02 2.23645432e-02 2.26342222e-02
2.28913580e-02 2.31359506e-02 2.33680000e-02 2.35875062e-02 2.37944691e-02 2.39888889e-02
2.41707654e-02 2.43400988e-02 2.44968889e-02 2.46411358e-02 2.47728395e-02 2.48920000e-02
2.49986173e-02 2.50926914e-02 2.51742222e-02 2.52432099e-02 2.52996543e-02 2.53435556e-02
2.53749136e-02 2.53937284e-02 2.54000000e-02 0.00000000e+00 6.27160494e-06 2.50864198e-05
5.64444444e-05 1.00345679e-04 1.56790123e-04 2.25777778e-04 3.07308642e-04 4.01382716e-04
5.08000000e-04 6.27160494e-04 7.58864198e-04 9.03111111e-04 1.05990123e-03 1.22923457e-03
1.41111111e-03 1.60553086e-03 1.81249383e-03 2.03200000e-03 2.26404938e-03 2.50864198e-03
2.76577778e-03 3.03545679e-03 3.31767901e-03 3.61244444e-03 3.91975309e-03 4.23960494e-03
4.57200000e-03 4.91693827e-03 5.27441975e-03 5.64444444e-03 6.02701235e-03 6.42212346e-03
6.82977778e-03 7.24997531e-03 7.68271605e-03 8.12800000e-03 8.58582716e-03 9.05619753e-03
9.53911111e-03 1.00345679e-02 1.05425679e-02 1.10631111e-02 1.15961975e-02 1.21418272e-02
1.27000000e-02 1.32581728e-02 1.38038025e-02 1.43368889e-02 1.48574321e-02 1.53654321e-02
1.58608889e-02 1.63438025e-02 1.68141728e-02 1.72720000e-02 1.77172840e-02 1.81500247e-02
1.85702222e-02 1.89778765e-02 1.93729877e-02 1.97555556e-02 2.01255802e-02 2.04830617e-02
2.08280000e-02 2.11603951e-02 2.14802469e-02 2.17875556e-02 2.20823210e-02 2.23645432e-02
2.26342222e-02 2.28913580e-02 2.31359506e-02 2.33680000e-02 2.35875062e-02 2.37944691e-02
2.39888889e-02 2.41707654e-02 2.43400988e-02 2.44968889e-02 2.46411358e-02 2.47728395e-02
2.48920000e-02 2.49986173e-02 2.50926914e-02 2.51742222e-02 2.52432099e-02 2.52996543e-02
2.53435556e-02 2.53749136e-02 2.53937284e-02 2.54000000e-02 0.00000000e+00 6.27160494e-06
2.50864198e-05 5.64444444e-05 1.00345679e-04 1.56790123e-04 2.25777778e-04 3.07308642e-04
4.01382716e-04 5.08000000e-04 6.27160494e-04 7.58864198e-04 9.03111111e-04 1.05990123e-03
1.22923457e-03 1.41111111e-03 1.60553086e-03 1.81249383e-03 2.03200000e-03 2.26404938e-03
2.50864198e-03 2.76577778e-03 3.03545679e-03 3.31767901e-03 3.61244444e-03 3.91975309e-03
4.23960494e-03 4.57200000e-03 4.91693827e-03 5.27441975e-03 5.64444444e-03 6.02701235e-03
6.42212346e-03 6.82977778e-03 7.24997531e-03 7.68271605e-03 8.12800000e-03 8.58582716e-03
9.05619753e-03 9.53911111e-03 1.00345679e-02 1.05425679e-02 1.10631111e-02 1.15961975e-02
1.21418272e-02 1.27000000e-02 1.32581728e-02 1.38038025e-02 1.43368889e-02 1.48574321e-02
1.53654321e-02 1.58608889e-02 1.63438025e-02 1.68141728e-02 1.72720000e-02 1.77172840e-02
1.81500247e-02 1.85702222e-02 1.89778765e-02 1.93729877e-02 1.97555556e-02 2.01255802e-02
2.04830617e-02 2.08280000e-02 2.11603951e-02 2.14802469e-02 2.17875556e-02 2.20823210e-02
2.23645432e-02 2.26342222e-02 2.28913580e-02 2.31359506e-02 2.33680000e-02 2.35875062e-02
2.37944691e-02 2.39888889e-02 2.41707654e-02 2.43400988e-02 2.44968889e-02 2.46411358e-02
2.47728395e-02 2.48920000e-02 2.49986173e-02 2.50926914e-02 2.51742222e-02 2.52432099e-02
2.52996543e-02 2.53435556e-02 2.53749136e-02 2.53937284e-02 2.54000000e-02 0.00000000e+00
6.27160494e-06 2.50864198e-05 5.64444444e-05 1.00345679e-04 1.56790123e-04 2.25777778e-04
3.07308642e-04 4.01382716e-04 5.08000000e-04 6.27160494e-04 7.58864198e-04 9.03111111e-04
1.05990123e-03 1.22923457e-03 1.41111111e-03 1.60553086e-03 1.81249383e-03 2.03200000e-03
2.26404938e-03 2.50864198e-03 2.76577778e-03 3.03545679e-03 3.31767901e-03 3.61244444e-03
3.91975309e-03 4.23960494e-03 4.57200000e-03 4.91693827e-03 5.27441975e-03 5.64444444e-03
6.02701235e-03 6.42212346e-03 6.82977778e-03 7.24997531e-03 7.68271605e-03 8.12800000e-03
8.58582716e-03 9.05619753e-03 9.53911111e-03 1.00345679e-02 1.05425679e-02 1.10631111e-02
1.15961975e-02 1.21418272e-02 1.27000000e-02 1.32581728e-02 1.38038025e-02 1.43368889e-02
1.48574321e-02 1.53654321e-02 1.58608889e-02 1.63438025e-02 1.68141728e-02 1.72720000e-02
1.77172840e-02 1.81500247e-02 1.85702222e-02 1.89778765e-02 1.93729877e-02 1.97555556e-02
2.01255802e-02 2.04830617e-02 2.08280000e-02 2.11603951e-02 2.14802469e-02 2.17875556e-02
2.20823210e-02 2.23645432e-02 2.26342222e-02 2.28913580e-02 2.31359506e-02 2.33680000e-02
2.35875062e-02 2.37944691e-02 2.39888889e-02 2.41707654e-02 2.43400988e-02 2.44968889e-02
2.46411358e-02 2.47728395e-02 2.48920000e-02 2.49986173e-02 2.50926914e-02 2.51742222e-02
2.52432099e-02 2.52996543e-02 2.53435556e-02 2.53749136e-02 2.53937284e-02 2.54000000e-02
0.00000000e+00 6.27160494e-06 2.50864198e-05 5.64444444e-05 1.00345679e-04 1.56790123e-04
2.25777778e-04 3.07308642e-04 4.01382716e-04 5.08000000e-04 6.27160494e-04 7.58864198e-04
9.03111111e-04 1.05990123e-03 1.22923457e-03 1.41111111e-03 1.60553086e-03 1.81249383e-03
2.03200000e-03 2.26404938e-03 2.50864198e-03 2.76577778e-03 3.03545679e-03 3.31767901e-03
3.61244444e-03 3.91975309e-03 4.23960494e-03 4.57200000e-03 4.91693827e-03 5.27441975e-03
5.64444444e-03 6.02701235e-03 6.42212346e-03 6.82977778e-03 7.24997531e-03 7.68271605e-03
8.12800000e-03 8.58582716e-03 9.05619753e-03 9.53911111e-03 1.00345679e-02 1.05425679e-02
1.10631111e-02 1.15961975e-02 1.21418272e-02 1.27000000e-02 1.32581728e-02 1.38038025e-02
1.43368889e-02 1.48574321e-02 1.53654321e-02 1.58608889e-02 1.63438025e-02 1.68141728e-02
1.72720000e-02 1.77172840e-02 1.81500247e-02 1.85702222e-02 1.89778765e-02 1.93729877e-02
1.97555556e-02 2.01255802e-02 2.04830617e-02 2.08280000e-02 2.11603951e-02 2.14802469e-02
2.17875556e-02 2.20823210e-02 2.23645432e-02 2.26342222e-02 2.28913580e-02 2.31359506e-02
2.33680000e-02 2.35875062e-02 2.37944691e-02 2.39888889e-02 2.41707654e-02 2.43400988e-02
2.44968889e-02 2.46411358e-02 2.47728395e-02 2.48920000e-02 2.49986173e-02 2.50926914e-02
2.51742222e-02 2.52432099e-02 2.52996543e-02 2.53435556e-02 2.53749136e-02 2.53937284e-02
2.54000000e-02 0.00000000e+00 6.27160494e-06 2.50864198e-05 5.64444444e-05 1.00345679e-04
1.56790123e-04 2.25777778e-04 3.07308642e-04 4.01382716e-04 5.08000000e-04 6.27160494e-04
7.58864198e-04 9.03111111e-04 1.05990123e-03 1.22923457e-03 1.41111111e-03 1.60553086e-03
1.81249383e-03 2.03200000e-03 2.26404938e-03 2.50864198e-03 2.76577778e-03 3.03545679e-03
3.31767901e-03 3.61244444e-03 3.91975309e-03 4.23960494e-03 4.57200000e-03 4.91693827e-03
5.27441975e-03 5.64444444e-03 6.02701235e-03 6.42212346e-03 6.82977778e-03 7.24997531e-03
7.68271605e-03 8.12800000e-03 8.58582716e-03 9.05619753e-03 9.53911111e-03 1.00345679e-02
1.05425679e-02 1.10631111e-02 1.15961975e-02 1.21418272e-02 1.27000000e-02 1.32581728e-02
1.38038025e-02 1.43368889e-02 1.48574321e-02 1.53654321e-02 1.58608889e-02 1.63438025e-02
1.68141728e-02 1.72720000e-02 1.77172840e-02 1.81500247e-02 1.85702222e-02 1.89778765e-02
1.93729877e-02 1.97555556e-02 2.01255802e-02 2.04830617e-02 2.08280000e-02 2.11603951e-02
2.14802469e-02 2.17875556e-02 2.20823210e-02 2.23645432e-02 2.26342222e-02 2.28913580e-02
2.31359506e-02 2.33680000e-02 2.35875062e-02 2.37944691e-02 2.39888889e-02 2.41707654e-02
2.43400988e-02 2.44968889e-02 2.46411358e-02 2.47728395e-02 2.48920000e-02 2.49986173e-02
2.50926914e-02 2.51742222e-02 2.52432099e-02 2.52996543e-02 2.53435556e-02 2.53749136e-02
2.53937284e-02 2.54000000e-02 0.00000000e+00 6.27160494e-06 2.50864198e-05 5.64444444e-05
1.00345679e-04 1.56790123e-04 2.25777778e-04 3.07308642e-04 4.01382716e-04 5.08000000e-04
6.27160494e-04 7.58864198e-04 9.03111111e-04 1.05990123e-03 1.22923457e-03 1.41111111e-03
1.60553086e-03 1.81249383e-03 2.03200000e-03 2.26404938e-03 2.50864198e-03 2.76577778e-03
3.03545679e-03 3.31767901e-03 3.61244444e-03 3.91975309e-03 4.23960494e-03 4.57200000e-03
4.91693827e-03 5.27441975e-03 5.64444444e-03 6.02701235e-03 6.42212346e-03 6.82977778e-03
7.24997531e-03 7.68271605e-03 8.12800000e-03 8.58582716e-03 9.05619753e-03 9.53911111e-03
1.00345679e-02 1.05425679e-02 1.10631111e-02 1.15961975e-02 1.21418272e-02 1.27000000e-02
1.32581728e-02 1.38038025e-02 1.43368889e-02 1.48574321e-02 1.53654321e-02 1.58608889e-02
1.63438025e-02 1.68141728e-02 1.72720000e-02 1.77172840e-02 1.81500247e-02 1.85702222e-02
1.89778765e-02 1.93729877e-02 1.97555556e-02 2.01255802e-02 2.04830617e-02 2.08280000e-02
2.11603951e-02 2.14802469e-02 2.17875556e-02 2.20823210e-02 2.23645432e-02 2.26342222e-02
2.28913580e-02 2.31359506e-02 2.33680000e-02 2.35875062e-02 2.37944691e-02 2.39888889e-02
2.41707654e-02 2.43400988e-02 2.44968889e-02 2.46411358e-02 2.47728395e-02 2.48920000e-02
2.49986173e-02 2.50926914e-02 2.51742222e-02 2.52432099e-02 2.52996543e-02 2.53435556e-02
2.53749136e-02 2.53937284e-02 2.54000000e-02 0.00000000e+00 6.27160494e-06 2.50864198e-05
5.64444444e-05 1.00345679e-04 1.56790123e-04 2.25777778e-04 3.07308642e-04 4.01382716e-04
5.08000000e-04 6.27160494e-04 7.58864198e-04 9.03111111e-04 1.05990123e-03 1.22923457e-03
1.41111111e-03 1.60553086e-03 1.81249383e-03 2.03200000e-03 2.26404938e-03 2.50864198e-03
2.76577778e-03 3.03545679e-03 3.31767901e-03 3.61244444e-03 3.91975309e-03 4.23960494e-03
4.57200000e-03 4.91693827e-03 5.27441975e-03 5.64444444e-03 6.02701235e-03 6.42212346e-03
6.82977778e-03 7.24997531e-03 7.68271605e-03 8.12800000e-03 8.58582716e-03 9.05619753e-03
9.53911111e-03 1.00345679e-02 1.05425679e-02 1.10631111e-02 1.15961975e-02 1.21418272e-02
1.27000000e-02 1.32581728e-02 1.38038025e-02 1.43368889e-02 1.48574321e-02 1.53654321e-02
1.58608889e-02 1.63438025e-02 1.68141728e-02 1.72720000e-02 1.77172840e-02 1.81500247e-02
1.85702222e-02 1.89778765e-02 1.93729877e-02 1.97555556e-02 2.01255802e-02 2.04830617e-02
2.08280000e-02 2.11603951e-02 2.14802469e-02 2.17875556e-02 2.20823210e-02 2.23645432e-02
2.26342222e-02 2.28913580e-02 2.31359506e-02 2.33680000e-02 2.35875062e-02 2.37944691e-02
2.39888889e-02 2.41707654e-02 2.43400988e-02 2.44968889e-02 2.46411358e-02 2.47728395e-02
2.48920000e-02 2.49986173e-02 2.50926914e-02 2.51742222e-02 2.52432099e-02 2.52996543e-02
2.53435556e-02 2.53749136e-02 2.53937284e-02 2.54000000e-02 0.00000000e+00 6.27160494e-06
2.50864198e-05 5.64444444e-05 1.00345679e-04 1.56790123e-04 2.25777778e-04 3.07308642e-04
4.01382716e-04 5.08000000e-04 6.27160494e-04 7.58864198e-04 9.03111111e-04 1.05990123e-03
1.22923457e-03 1.41111111e-03 1.60553086e-03 1.81249383e-03 2.03200000e-03 2.26404938e-03
2.50864198e-03 2.76577778e-03 3.03545679e-03 3.31767901e-03 3.61244444e-03 3.91975309e-03
4.23960494e-03 4.57200000e-03 4.91693827e-03 5.27441975e-03 5.64444444e-03 6.02701235e-03
6.42212346e-03 6.82977778e-03 7.24997531e-03 7.68271605e-03 8.12800000e-03 8.58582716e-03
9.05619753e-03 9.53911111e-03 1.00345679e-02 1.05425679e-02 1.10631111e-02 1.15961975e-02
1.21418272e-02 1.27000000e-02 1.32581728e-02 1.38038025e-02 1.43368889e-02 1.48574321e-02
1.53654321e-02 1.58608889e-02 1.63438025e-02 1.68141728e-02 1.72720000e-02 1.77172840e-02
1.81500247e-02 1.85702222e-02 1.89778765e-02 1.93729877e-02 1.97555556e-02 2.01255802e-02
2.04830617e-02 2.08280000e-02 2.11603951e-02 2.14802469e-02 2.17875556e-02 2.20823210e-02
2.23645432e-02 2.26342222e-02 2.28913580e-02 2.31359506e-02 2.33680000e-02 2.35875062e-02
2.37944691e-02 2.39888889e-02 2.41707654e-02 2.43400988e-02 2.44968889e-02 2.46411358e-02
2.47728395e-02 2.48920000e-02 2.49986173e-02 2.50926914e-02 2.51742222e-02 2.52432099e-02
2.52996543e-02 2.53435556e-02 2.53749136e-02 2.53937284e-02 2.54000000e-02 0.00000000e+00
6.27160494e-06 2.50864198e-05 5.64444444e-05 1.00345679e-04 1.56790123e-04 2.25777778e-04
3.07308642e-04 4.01382716e-04 5.08000000e-04 6.27160494e-04 7.58864198e-04 9.03111111e-04
1.05990123e-03 1.22923457e-03 1.41111111e-03 1.60553086e-03 1.81249383e-03 2.03200000e-03
2.26404938e-03 2.50864198e-03 2.76577778e-03 3.03545679e-03 3.31767901e-03 3.61244444e-03
3.91975309e-03 4.23960494e-03 4.57200000e-03 4.91693827e-03 5.27441975e-03 5.64444444e-03
6.02701235e-03 6.42212346e-03 6.82977778e-03 7.24997531e-03 7.68271605e-03 8.12800000e-03
8.58582716e-03 9.05619753e-03 9.53911111e-03 1.00345679e-02 1.05425679e-02 1.10631111e-02
1.15961975e-02 1.21418272e-02 1.27000000e-02 1.32581728e-02 1.38038025e-02 1.43368889e-02
1.48574321e-02 1.53654321e-02 1.58608889e-02 1.63438025e-02 1.68141728e-02 1.72720000e-02
1.77172840e-02 1.81500247e-02 1.85702222e-02 1.89778765e-02 1.93729877e-02 1.97555556e-02
2.01255802e-02 2.04830617e-02 2.08280000e-02 2.11603951e-02 2.14802469e-02 2.17875556e-02
2.20823210e-02 2.23645432e-02 2.26342222e-02 2.28913580e-02 2.31359506e-02 2.33680000e-02
2.35875062e-02 2.37944691e-02 2.39888889e-02 2.41707654e-02 2.43400988e-02 2.44968889e-02
2.46411358e-02 2.47728395e-02 2.48920000e-02 2.49986173e-02 2.50926914e-02 2.51742222e-02
2.52432099e-02 2.52996543e-02 2.53435556e-02 2.53749136e-02 2.53937284e-02 2.54000000e-02
0.00000000e+00 6.27160494e-06 2.50864198e-05 5.64444444e-05 1.00345679e-04 1.56790123e-04
2.25777778e-04 3.07308642e-04 4.01382716e-04 5.08000000e-04 6.27160494e-04 7.58864198e-04
9.03111111e-04 1.05990123e-03 1.22923457e-03 1.41111111e-03 1.60553086e-03 1.81249383e-03
2.03200000e-03 2.26404938e-03 2.50864198e-03 2.76577778e-03 3.03545679e-03 3.31767901e-03
3.61244444e-03 3.91975309e-03 4.23960494e-03 4.57200000e-03 4.91693827e-03 5.27441975e-03
5.64444444e-03 6.02701235e-03 6.42212346e-03 6.82977778e-03 7.24997531e-03 7.68271605e-03
8.12800000e-03 8.58582716e-03 9.05619753e-03 9.53911111e-03 1.00345679e-02 1.05425679e-02
1.10631111e-02 1.15961975e-02 1.21418272e-02 1.27000000e-02 1.32581728e-02 1.38038025e-02
1.43368889e-02 1.48574321e-02 1.53654321e-02 1.58608889e-02 1.63438025e-02 1.68141728e-02
1.72720000e-02 1.77172840e-02 1.81500247e-02 1.85702222e-02 1.89778765e-02 1.93729877e-02
1.97555556e-02 2.01255802e-02 2.04830617e-02 2.08280000e-02 2.11603951e-02 2.14802469e-02
2.17875556e-02 2.20823210e-02 2.23645432e-02 2.26342222e-02 2.28913580e-02 2.31359506e-02
2.33680000e-02 2.35875062e-02 2.37944691e-02 2.39888889e-02 2.41707654e-02 2.43400988e-02
2.44968889e-02 2.46411358e-02 2.47728395e-02 2.48920000e-02 2.49986173e-02 2.50926914e-02
2.51742222e-02 2.52432099e-02 2.52996543e-02 2.53435556e-02 2.53749136e-02 2.53937284e-02
2.54000000e-02 0.00000000e+00 6.27160494e-06 2.50864198e-05 5.64444444e-05 1.00345679e-04
1.56790123e-04 2.25777778e-04 3.07308642e-04 4.01382716e-04 5.08000000e-04 6.27160494e-04
7.58864198e-04 9.03111111e-04 1.05990123e-03 1.22923457e-03 1.41111111e-03 1.60553086e-03
1.81249383e-03 2.03200000e-03 2.26404938e-03 2.50864198e-03 2.76577778e-03 3.03545679e-03
3.31767901e-03 3.61244444e-03 3.91975309e-03 4.23960494e-03 4.57200000e-03 4.91693827e-03
5.27441975e-03 5.64444444e-03 6.02701235e-03 6.42212346e-03 6.82977778e-03 7.24997531e-03
7.68271605e-03 8.12800000e-03 8.58582716e-03 9.05619753e-03 9.53911111e-03 1.00345679e-02
1.05425679e-02 1.10631111e-02 1.15961975e-02 1.21418272e-02 1.27000000e-02 1.32581728e-02
1.38038025e-02 1.43368889e-02 1.48574321e-02 1.53654321e-02 1.58608889e-02 1.63438025e-02
1.68141728e-02 1.72720000e-02 1.77172840e-02 1.81500247e-02 1.85702222e-02 1.89778765e-02
1.93729877e-02 1.97555556e-02 2.01255802e-02 2.04830617e-02 2.08280000e-02 2.11603951e-02
2.14802469e-02 2.17875556e-02 2.20823210e-02 2.23645432e-02 2.26342222e-02 2.28913580e-02
2.31359506e-02 2.33680000e-02 2.35875062e-02 2.37944691e-02 2.39888889e-02 2.41707654e-02
2.43400988e-02 2.44968889e-02 2.46411358e-02 2.47728395e-02 2.48920000e-02 2.49986173e-02
2.50926914e-02 2.51742222e-02 2.52432099e-02 2.52996543e-02 2.53435556e-02 2.53749136e-02
2.53937284e-02 2.54000000e-02 0.00000000e+00 6.27160494e-06 2.50864198e-05 5.64444444e-05
1.00345679e-04 1.56790123e-04 2.25777778e-04 3.07308642e-04 4.01382716e-04 5.08000000e-04
6.27160494e-04 7.58864198e-04 9.03111111e-04 1.05990123e-03 1.22923457e-03 1.41111111e-03
1.60553086e-03 1.81249383e-03 2.03200000e-03 2.26404938e-03 2.50864198e-03 2.76577778e-03
3.03545679e-03 3.31767901e-03 3.61244444e-03 3.91975309e-03 4.23960494e-03 4.57200000e-03
4.91693827e-03 5.27441975e-03 5.64444444e-03 6.02701235e-03 6.42212346e-03 6.82977778e-03
7.24997531e-03 7.68271605e-03 8.12800000e-03 8.58582716e-03 9.05619753e-03 9.53911111e-03
1.00345679e-02 1.05425679e-02 1.10631111e-02 1.15961975e-02 1.21418272e-02 1.27000000e-02
1.32581728e-02 1.38038025e-02 1.43368889e-02 1.48574321e-02 1.53654321e-02 1.58608889e-02
1.63438025e-02 1.68141728e-02 1.72720000e-02 1.77172840e-02 1.81500247e-02 1.85702222e-02
1.89778765e-02 1.93729877e-02 1.97555556e-02 2.01255802e-02 2.04830617e-02 2.08280000e-02
2.11603951e-02 2.14802469e-02 2.17875556e-02 2.20823210e-02 2.23645432e-02 2.26342222e-02
2.28913580e-02 2.31359506e-02 2.33680000e-02 2.35875062e-02 2.37944691e-02 2.39888889e-02
2.41707654e-02 2.43400988e-02 2.44968889e-02 2.46411358e-02 2.47728395e-02 2.48920000e-02
2.49986173e-02 2.50926914e-02 2.51742222e-02 2.52432099e-02 2.52996543e-02 2.53435556e-02
2.53749136e-02 2.53937284e-02 2.54000000e-02 0.00000000e+00 6.27160494e-06 2.50864198e-05
5.64444444e-05 1.00345679e-04 1.56790123e-04 2.25777778e-04 3.07308642e-04 4.01382716e-04
5.08000000e-04 6.27160494e-04 7.58864198e-04 9.03111111e-04 1.05990123e-03 1.22923457e-03
1.41111111e-03 1.60553086e-03 1.81249383e-03 2.03200000e-03 2.26404938e-03 2.50864198e-03
2.76577778e-03 3.03545679e-03 3.31767901e-03 3.61244444e-03 3.91975309e-03 4.23960494e-03
4.57200000e-03 4.91693827e-03 5.27441975e-03 5.64444444e-03 6.02701235e-03 6.42212346e-03
6.82977778e-03 7.24997531e-03 7.68271605e-03 8.12800000e-03 8.58582716e-03 9.05619753e-03
9.53911111e-03 1.00345679e-02 1.05425679e-02 1.10631111e-02 1.15961975e-02 1.21418272e-02
1.27000000e-02 1.32581728e-02 1.38038025e-02 1.43368889e-02 1.48574321e-02 1.53654321e-02
1.58608889e-02 1.63438025e-02 1.68141728e-02 1.72720000e-02 1.77172840e-02 1.81500247e-02
1.85702222e-02 1.89778765e-02 1.93729877e-02 1.97555556e-02 2.01255802e-02 2.04830617e-02
2.08280000e-02 2.11603951e-02 2.14802469e-02 2.17875556e-02 2.20823210e-02 2.23645432e-02
2.26342222e-02 2.28913580e-02 2.31359506e-02 2.33680000e-02 2.35875062e-02 2.37944691e-02
2.39888889e-02 2.41707654e-02 2.43400988e-02 2.44968889e-02 2.46411358e-02 2.47728395e-02
2.48920000e-02 2.49986173e-02 2.50926914e-02 2.51742222e-02 2.52432099e-02 2.52996543e-02
2.53435556e-02 2.53749136e-02 2.53937284e-02 2.54000000e-02 0.00000000e+00 6.27160494e-06
2.50864198e-05 5.64444444e-05 1.00345679e-04 1.56790123e-04 2.25777778e-04 3.07308642e-04
4.01382716e-04 5.08000000e-04 6.27160494e-04 7.58864198e-04 9.03111111e-04 1.05990123e-03
1.22923457e-03 1.41111111e-03 1.60553086e-03 1.81249383e-03 2.03200000e-03 2.26404938e-03
2.50864198e-03 2.76577778e-03 3.03545679e-03 3.31767901e-03 3.61244444e-03 3.91975309e-03
4.23960494e-03 4.57200000e-03 4.91693827e-03 5.27441975e-03 5.64444444e-03 6.02701235e-03
6.42212346e-03 6.82977778e-03 7.24997531e-03 7.68271605e-03 8.12800000e-03 8.58582716e-03
9.05619753e-03 9.53911111e-03 1.00345679e-02 1.05425679e-02 1.10631111e-02 1.15961975e-02
1.21418272e-02 1.27000000e-02 1.32581728e-02 1.38038025e-02 1.43368889e-02 1.48574321e-02
1.53654321e-02 1.58608889e-02 1.63438025e-02 1.68141728e-02 1.72720000e-02 1.77172840e-02
1.81500247e-02 1.85702222e-02 1.89778765e-02 1.93729877e-02 1.97555556e-02 2.01255802e-02
2.04830617e-02 2.08280000e-02 2.11603951e-02 2.14802469e-02 2.17875556e-02 2.20823210e-02
2.23645432e-02 2.26342222e-02 2.28913580e-02 2.31359506e-02 2.33680000e-02 2.35875062e-02
2.37944691e-02 2.39888889e-02 2.41707654e-02 2.43400988e-02 2.44968889e-02 2.46411358e-02
2.47728395e-02 2.48920000e-02 2.49986173e-02 2.50926914e-02 2.51742222e-02 2.52432099e-02
2.52996543e-02 2.53435556e-02 2.53749136e-02 2.53937284e-02 2.54000000e-02 0.00000000e+00
6.27160494e-06 2.50864198e-05 5.64444444e-05 1.00345679e-04 1.56790123e-04 2.25777778e-04
3.07308642e-04 4.01382716e-04 5.08000000e-04 6.27160494e-04 7.58864198e-04 9.03111111e-04
1.05990123e-03 1.22923457e-03 1.41111111e-03 1.60553086e-03 1.81249383e-03 2.03200000e-03
2.26404938e-03 2.50864198e-03 2.76577778e-03 3.03545679e-03 3.31767901e-03 3.61244444e-03
3.91975309e-03 4.23960494e-03 4.57200000e-03 4.91693827e-03 5.27441975e-03 5.64444444e-03
6.02701235e-03 6.42212346e-03 6.82977778e-03 7.24997531e-03 7.68271605e-03 8.12800000e-03
8.58582716e-03 9.05619753e-03 9.53911111e-03 1.00345679e-02 1.05425679e-02 1.10631111e-02
1.15961975e-02 1.21418272e-02 1.27000000e-02 1.32581728e-02 1.38038025e-02 1.43368889e-02
1.48574321e-02 1.53654321e-02 1.58608889e-02 1.63438025e-02 1.68141728e-02 1.72720000e-02
1.77172840e-02 1.81500247e-02 1.85702222e-02 1.89778765e-02 1.93729877e-02 1.97555556e-02
2.01255802e-02 2.04830617e-02 2.08280000e-02 2.11603951e-02 2.14802469e-02 2.17875556e-02
2.20823210e-02 2.23645432e-02 2.26342222e-02 2.28913580e-02 2.31359506e-02 2.33680000e-02
2.35875062e-02 2.37944691e-02 2.39888889e-02 2.41707654e-02 2.43400988e-02 2.44968889e-02
2.46411358e-02 2.47728395e-02 2.48920000e-02 2.49986173e-02 2.50926914e-02 2.51742222e-02
2.52432099e-02 2.52996543e-02 2.53435556e-02 2.53749136e-02 2.53937284e-02 2.54000000e-02
0.00000000e+00 6.27160494e-06 2.50864198e-05 5.64444444e-05 1.00345679e-04 1.56790123e-04
2.25777778e-04 3.07308642e-04 4.01382716e-04 5.08000000e-04 6.27160494e-04 7.58864198e-04
9.03111111e-04 1.05990123e-03 1.22923457e-03 1.41111111e-03 1.60553086e-03 1.81249383e-03
2.03200000e-03 2.26404938e-03 2.50864198e-03 2.76577778e-03 3.03545679e-03 3.31767901e-03
3.61244444e-03 3.91975309e-03 4.23960494e-03 4.57200000e-03 4.91693827e-03 5.27441975e-03
5.64444444e-03 6.02701235e-03 6.42212346e-03 6.82977778e-03 7.24997531e-03 7.68271605e-03
8.12800000e-03 8.58582716e-03 9.05619753e-03 9.53911111e-03 1.00345679e-02 1.05425679e-02
1.10631111e-02 1.15961975e-02 1.21418272e-02 1.27000000e-02 1.32581728e-02 1.38038025e-02
1.43368889e-02 1.48574321e-02 1.53654321e-02 1.58608889e-02 1.63438025e-02 1.68141728e-02
1.72720000e-02 1.77172840e-02 1.81500247e-02 1.85702222e-02 1.89778765e-02 1.93729877e-02
1.97555556e-02 2.01255802e-02 2.04830617e-02 2.08280000e-02 2.11603951e-02 2.14802469e-02
2.17875556e-02 2.20823210e-02 2.23645432e-02 2.26342222e-02 2.28913580e-02 2.31359506e-02
2.33680000e-02 2.35875062e-02 2.37944691e-02 2.39888889e-02 2.41707654e-02 2.43400988e-02
2.44968889e-02 2.46411358e-02 2.47728395e-02 2.48920000e-02 2.49986173e-02 2.50926914e-02
2.51742222e-02 2.52432099e-02 2.52996543e-02 2.53435556e-02 2.53749136e-02 2.53937284e-02
2.54000000e-02 0.00000000e+00 6.27160494e-06 2.50864198e-05 5.64444444e-05 1.00345679e-04
1.56790123e-04 2.25777778e-04 3.07308642e-04 4.01382716e-04 5.08000000e-04 6.27160494e-04
7.58864198e-04 9.03111111e-04 1.05990123e-03 1.22923457e-03 1.41111111e-03 1.60553086e-03
1.81249383e-03 2.03200000e-03 2.26404938e-03 2.50864198e-03 2.76577778e-03 3.03545679e-03
3.31767901e-03 3.61244444e-03 3.91975309e-03 4.23960494e-03 4.57200000e-03 4.91693827e-03
5.27441975e-03 5.64444444e-03 6.02701235e-03 6.42212346e-03 6.82977778e-03 7.24997531e-03
7.68271605e-03 8.12800000e-03 8.58582716e-03 9.05619753e-03 9.53911111e-03 1.00345679e-02
1.05425679e-02 1.10631111e-02 1.15961975e-02 1.21418272e-02 1.27000000e-02 1.32581728e-02
1.38038025e-02 1.43368889e-02 1.48574321e-02 1.53654321e-02 1.58608889e-02 1.63438025e-02
1.68141728e-02 1.72720000e-02 1.77172840e-02 1.81500247e-02 1.85702222e-02 1.89778765e-02
1.93729877e-02 1.97555556e-02 2.01255802e-02 2.04830617e-02 2.08280000e-02 2.11603951e-02
2.14802469e-02 2.17875556e-02 2.20823210e-02 2.23645432e-02 2.26342222e-02 2.28913580e-02
2.31359506e-02 2.33680000e-02 2.35875062e-02 2.37944691e-02 2.39888889e-02 2.41707654e-02
2.43400988e-02 2.44968889e-02 2.46411358e-02 2.47728395e-02 2.48920000e-02 2.49986173e-02
2.50926914e-02 2.51742222e-02 2.52432099e-02 2.52996543e-02 2.53435556e-02 2.53749136e-02
2.53937284e-02 2.54000000e-02 0.00000000e+00 6.27160494e-06 2.50864198e-05 5.64444444e-05
1.00345679e-04 1.56790123e-04 2.25777778e-04 3.07308642e-04 4.01382716e-04 5.08000000e-04
6.27160494e-04 7.58864198e-04 9.03111111e-04 1.05990123e-03 1.22923457e-03 1.41111111e-03
1.60553086e-03 1.81249383e-03 2.03200000e-03 2.26404938e-03 2.50864198e-03 2.76577778e-03
3.03545679e-03 3.31767901e-03 3.61244444e-03 3.91975309e-03 4.23960494e-03 4.57200000e-03
4.91693827e-03 5.27441975e-03 5.64444444e-03 6.02701235e-03 6.42212346e-03 6.82977778e-03
7.24997531e-03 7.68271605e-03 8.12800000e-03 8.58582716e-03 9.05619753e-03 9.53911111e-03
1.00345679e-02 1.05425679e-02 1.10631111e-02 1.15961975e-02 1.21418272e-02 1.27000000e-02
1.32581728e-02 1.38038025e-02 1.43368889e-02 1.48574321e-02 1.53654321e-02 1.58608889e-02
1.63438025e-02 1.68141728e-02 1.72720000e-02 1.77172840e-02 1.81500247e-02 1.85702222e-02
1.89778765e-02 1.93729877e-02 1.97555556e-02 2.01255802e-02 2.04830617e-02 2.08280000e-02
2.11603951e-02 2.14802469e-02 2.17875556e-02 2.20823210e-02 2.23645432e-02 2.26342222e-02
2.28913580e-02 2.31359506e-02 2.33680000e-02 2.35875062e-02 2.37944691e-02 2.39888889e-02
2.41707654e-02 2.43400988e-02 2.44968889e-02 2.46411358e-02 2.47728395e-02 2.48920000e-02
2.49986173e-02 2.50926914e-02 2.51742222e-02 2.52432099e-02 2.52996543e-02 2.53435556e-02
2.53749136e-02 2.53937284e-02 2.54000000e-02 0.00000000e+00 6.27160494e-06 2.50864198e-05
5.64444444e-05 1.00345679e-04 1.56790123e-04 2.25777778e-04 3.07308642e-04 4.01382716e-04
5.08000000e-04 6.27160494e-04 7.58864198e-04 9.03111111e-04 1.05990123e-03 1.22923457e-03
1.41111111e-03 1.60553086e-03 1.81249383e-03 2.03200000e-03 2.26404938e-03 2.50864198e-03
2.76577778e-03 3.03545679e-03 3.31767901e-03 3.61244444e-03 3.91975309e-03 4.23960494e-03
4.57200000e-03 4.91693827e-03 5.27441975e-03 5.64444444e-03 6.02701235e-03 6.42212346e-03
6.82977778e-03 7.24997531e-03 7.68271605e-03 8.12800000e-03 8.58582716e-03 9.05619753e-03
9.53911111e-03 1.00345679e-02 1.05425679e-02 1.10631111e-02 1.15961975e-02 1.21418272e-02
1.27000000e-02 1.32581728e-02 1.38038025e-02 1.43368889e-02 1.48574321e-02 1.53654321e-02
1.58608889e-02 1.63438025e-02 1.68141728e-02 1.72720000e-02 1.77172840e-02 1.81500247e-02
1.85702222e-02 1.89778765e-02 1.93729877e-02 1.97555556e-02 2.01255802e-02 2.04830617e-02
2.08280000e-02 2.11603951e-02 2.14802469e-02 2.17875556e-02 2.20823210e-02 2.23645432e-02
2.26342222e-02 2.28913580e-02 2.31359506e-02 2.33680000e-02 2.35875062e-02 2.37944691e-02
2.39888889e-02 2.41707654e-02 2.43400988e-02 2.44968889e-02 2.46411358e-02 2.47728395e-02
2.48920000e-02 2.49986173e-02 2.50926914e-02 2.51742222e-02 2.52432099e-02 2.52996543e-02
2.53435556e-02 2.53749136e-02 2.53937284e-02 2.54000000e-02 0.00000000e+00 6.27160494e-06
2.50864198e-05 5.64444444e-05 1.00345679e-04 1.56790123e-04 2.25777778e-04 3.07308642e-04
4.01382716e-04 5.08000000e-04 6.27160494e-04 7.58864198e-04 9.03111111e-04 1.05990123e-03
1.22923457e-03 1.41111111e-03 1.60553086e-03 1.81249383e-03 2.03200000e-03 2.26404938e-03
2.50864198e-03 2.76577778e-03 3.03545679e-03 3.31767901e-03 3.61244444e-03 3.91975309e-03
4.23960494e-03 4.57200000e-03 4.91693827e-03 5.27441975e-03 5.64444444e-03 6.02701235e-03
6.42212346e-03 6.82977778e-03 7.24997531e-03 7.68271605e-03 8.12800000e-03 8.58582716e-03
9.05619753e-03 9.53911111e-03 1.00345679e-02 1.05425679e-02 1.10631111e-02 1.15961975e-02
1.21418272e-02 1.27000000e-02 1.32581728e-02 1.38038025e-02 1.43368889e-02 1.48574321e-02
1.53654321e-02 1.58608889e-02 1.63438025e-02 1.68141728e-02 1.72720000e-02 1.77172840e-02
1.81500247e-02 1.85702222e-02 1.89778765e-02 1.93729877e-02 1.97555556e-02 2.01255802e-02
2.04830617e-02 2.08280000e-02 2.11603951e-02 2.14802469e-02 2.17875556e-02 2.20823210e-02
2.23645432e-02 2.26342222e-02 2.28913580e-02 2.31359506e-02 2.33680000e-02 2.35875062e-02
2.37944691e-02 2.39888889e-02 2.41707654e-02 2.43400988e-02 2.44968889e-02 2.46411358e-02
2.47728395e-02 2.48920000e-02 2.49986173e-02 2.50926914e-02 2.51742222e-02 2.52432099e-02
2.52996543e-02 2.53435556e-02 2.53749136e-02 2.53937284e-02 2.54000000e-02 0.00000000e+00
6.27160494e-06 2.50864198e-05 5.64444444e-05 1.00345679e-04 1.56790123e-04 2.25777778e-04
3.07308642e-04 4.01382716e-04 5.08000000e-04 6.27160494e-04 7.58864198e-04 9.03111111e-04
1.05990123e-03 1.22923457e-03 1.41111111e-03 1.60553086e-03 1.81249383e-03 2.03200000e-03
2.26404938e-03 2.50864198e-03 2.76577778e-03 3.03545679e-03 3.31767901e-03 3.61244444e-03
3.91975309e-03 4.23960494e-03 4.57200000e-03 4.91693827e-03 5.27441975e-03 5.64444444e-03
6.02701235e-03 6.42212346e-03 6.82977778e-03 7.24997531e-03 7.68271605e-03 8.12800000e-03
8.58582716e-03 9.05619753e-03 9.53911111e-03 1.00345679e-02 1.05425679e-02 1.10631111e-02
1.15961975e-02 1.21418272e-02 1.27000000e-02 1.32581728e-02 1.38038025e-02 1.43368889e-02
1.48574321e-02 1.53654321e-02 1.58608889e-02 1.63438025e-02 1.68141728e-02 1.72720000e-02
1.77172840e-02 1.81500247e-02 1.85702222e-02 1.89778765e-02 1.93729877e-02 1.97555556e-02
2.01255802e-02 2.04830617e-02 2.08280000e-02 2.11603951e-02 2.14802469e-02 2.17875556e-02
2.20823210e-02 2.23645432e-02 2.26342222e-02 2.28913580e-02 2.31359506e-02 2.33680000e-02
2.35875062e-02 2.37944691e-02 2.39888889e-02 2.41707654e-02 2.43400988e-02 2.44968889e-02
2.46411358e-02 2.47728395e-02 2.48920000e-02 2.49986173e-02 2.50926914e-02 2.51742222e-02
2.52432099e-02 2.52996543e-02 2.53435556e-02 2.53749136e-02 2.53937284e-02 2.54000000e-02
0.00000000e+00 6.27160494e-06 2.50864198e-05 5.64444444e-05 1.00345679e-04 1.56790123e-04
2.25777778e-04 3.07308642e-04 4.01382716e-04 5.08000000e-04 6.27160494e-04 7.58864198e-04
9.03111111e-04 1.05990123e-03 1.22923457e-03 1.41111111e-03 1.60553086e-03 1.81249383e-03
2.03200000e-03 2.26404938e-03 2.50864198e-03 2.76577778e-03 3.03545679e-03 3.31767901e-03
3.61244444e-03 3.91975309e-03 4.23960494e-03 4.57200000e-03 4.91693827e-03 5.27441975e-03
5.64444444e-03 6.02701235e-03 6.42212346e-03 6.82977778e-03 7.24997531e-03 7.68271605e-03
8.12800000e-03 8.58582716e-03 9.05619753e-03 9.53911111e-03 1.00345679e-02 1.05425679e-02
1.10631111e-02 1.15961975e-02 1.21418272e-02 1.27000000e-02 1.32581728e-02 1.38038025e-02
1.43368889e-02 1.48574321e-02 1.53654321e-02 1.58608889e-02 1.63438025e-02 1.68141728e-02
1.72720000e-02 1.77172840e-02 1.81500247e-02 1.85702222e-02 1.89778765e-02 1.93729877e-02
1.97555556e-02 2.01255802e-02 2.04830617e-02 2.08280000e-02 2.11603951e-02 2.14802469e-02
2.17875556e-02 2.20823210e-02 2.23645432e-02 2.26342222e-02 2.28913580e-02 2.31359506e-02
2.33680000e-02 2.35875062e-02 2.37944691e-02 2.39888889e-02 2.41707654e-02 2.43400988e-02
2.44968889e-02 2.46411358e-02 2.47728395e-02 2.48920000e-02 2.49986173e-02 2.50926914e-02
2.51742222e-02 2.52432099e-02 2.52996543e-02 2.53435556e-02 2.53749136e-02 2.53937284e-02
2.54000000e-02 0.00000000e+00 6.27160494e-06 2.50864198e-05 5.64444444e-05 1.00345679e-04
1.56790123e-04 2.25777778e-04 3.07308642e-04 4.01382716e-04 5.08000000e-04 6.27160494e-04
7.58864198e-04 9.03111111e-04 1.05990123e-03 1.22923457e-03 1.41111111e-03 1.60553086e-03
1.81249383e-03 2.03200000e-03 2.26404938e-03 2.50864198e-03 2.76577778e-03 3.03545679e-03
3.31767901e-03 3.61244444e-03 3.91975309e-03 4.23960494e-03 4.57200000e-03 4.91693827e-03
5.27441975e-03 5.64444444e-03 6.02701235e-03 6.42212346e-03 6.82977778e-03 7.24997531e-03
7.68271605e-03 8.12800000e-03 8.58582716e-03 9.05619753e-03 9.53911111e-03 1.00345679e-02
1.05425679e-02 1.10631111e-02 1.15961975e-02 1.21418272e-02 1.27000000e-02 1.32581728e-02
1.38038025e-02 1.43368889e-02 1.48574321e-02 1.53654321e-02 1.58608889e-02 1.63438025e-02
1.68141728e-02 1.72720000e-02 1.77172840e-02 1.81500247e-02 1.85702222e-02 1.89778765e-02
1.93729877e-02 1.97555556e-02 2.01255802e-02 2.04830617e-02 2.08280000e-02 2.11603951e-02
2.14802469e-02 2.17875556e-02 2.20823210e-02 2.23645432e-02 2.26342222e-02 2.28913580e-02
2.31359506e-02 2.33680000e-02 2.35875062e-02 2.37944691e-02 2.39888889e-02 2.41707654e-02
2.43400988e-02 2.44968889e-02 2.46411358e-02 2.47728395e-02 2.48920000e-02 2.49986173e-02
2.50926914e-02 2.51742222e-02 2.52432099e-02 2.52996543e-02 2.53435556e-02 2.53749136e-02
2.53937284e-02 2.54000000e-02 0.00000000e+00 6.27160494e-06 2.50864198e-05 5.64444444e-05
1.00345679e-04 1.56790123e-04 2.25777778e-04 3.07308642e-04 4.01382716e-04 5.08000000e-04
6.27160494e-04 7.58864198e-04 9.03111111e-04 1.05990123e-03 1.22923457e-03 1.41111111e-03
1.60553086e-03 1.81249383e-03 2.03200000e-03 2.26404938e-03 2.50864198e-03 2.76577778e-03
3.03545679e-03 3.31767901e-03 3.61244444e-03 3.91975309e-03 4.23960494e-03 4.57200000e-03
4.91693827e-03 5.27441975e-03 5.64444444e-03 6.02701235e-03 6.42212346e-03 6.82977778e-03
7.24997531e-03 7.68271605e-03 8.12800000e-03 8.58582716e-03 9.05619753e-03 9.53911111e-03
1.00345679e-02 1.05425679e-02 1.10631111e-02 1.15961975e-02 1.21418272e-02 1.27000000e-02
1.32581728e-02 1.38038025e-02 1.43368889e-02 1.48574321e-02 1.53654321e-02 1.58608889e-02
1.63438025e-02 1.68141728e-02 1.72720000e-02 1.77172840e-02 1.81500247e-02 1.85702222e-02
1.89778765e-02 1.93729877e-02 1.97555556e-02 2.01255802e-02 2.04830617e-02 2.08280000e-02
2.11603951e-02 2.14802469e-02 2.17875556e-02 2.20823210e-02 2.23645432e-02 2.26342222e-02
2.28913580e-02 2.31359506e-02 2.33680000e-02 2.35875062e-02 2.37944691e-02 2.39888889e-02
2.41707654e-02 2.43400988e-02 2.44968889e-02 2.46411358e-02 2.47728395e-02 2.48920000e-02
2.49986173e-02 2.50926914e-02 2.51742222e-02 2.52432099e-02 2.52996543e-02 2.53435556e-02
2.53749136e-02 2.53937284e-02 2.54000000e-02 0.00000000e+00 6.27160494e-06 2.50864198e-05
5.64444444e-05 1.00345679e-04 1.56790123e-04 2.25777778e-04 3.07308642e-04 4.01382716e-04
5.08000000e-04 6.27160494e-04 7.58864198e-04 9.03111111e-04 1.05990123e-03 1.22923457e-03
1.41111111e-03 1.60553086e-03 1.81249383e-03 2.03200000e-03 2.26404938e-03 2.50864198e-03
2.76577778e-03 3.03545679e-03 3.31767901e-03 3.61244444e-03 3.91975309e-03 4.23960494e-03
4.57200000e-03 4.91693827e-03 5.27441975e-03 5.64444444e-03 6.02701235e-03 6.42212346e-03
6.82977778e-03 7.24997531e-03 7.68271605e-03 8.12800000e-03 8.58582716e-03 9.05619753e-03
9.53911111e-03 1.00345679e-02 1.05425679e-02 1.10631111e-02 1.15961975e-02 1.21418272e-02
1.27000000e-02 1.32581728e-02 1.38038025e-02 1.43368889e-02 1.48574321e-02 1.53654321e-02
1.58608889e-02 1.63438025e-02 1.68141728e-02 1.72720000e-02 1.77172840e-02 1.81500247e-02
1.85702222e-02 1.89778765e-02 1.93729877e-02 1.97555556e-02 2.01255802e-02 2.04830617e-02
2.08280000e-02 2.11603951e-02 2.14802469e-02 2.17875556e-02 2.20823210e-02 2.23645432e-02
2.26342222e-02 2.28913580e-02 2.31359506e-02 2.33680000e-02 2.35875062e-02 2.37944691e-02
2.39888889e-02 2.41707654e-02 2.43400988e-02 2.44968889e-02 2.46411358e-02 2.47728395e-02
2.48920000e-02 2.49986173e-02 2.50926914e-02 2.51742222e-02 2.52432099e-02 2.52996543e-02
2.53435556e-02 2.53749136e-02 2.53937284e-02 2.54000000e-02 0.00000000e+00 6.27160494e-06
2.50864198e-05 5.64444444e-05 1.00345679e-04 1.56790123e-04 2.25777778e-04 3.07308642e-04
4.01382716e-04 5.08000000e-04 6.27160494e-04 7.58864198e-04 9.03111111e-04 1.05990123e-03
1.22923457e-03 1.41111111e-03 1.60553086e-03 1.81249383e-03 2.03200000e-03 2.26404938e-03
2.50864198e-03 2.76577778e-03 3.03545679e-03 3.31767901e-03 3.61244444e-03 3.91975309e-03
4.23960494e-03 4.57200000e-03 4.91693827e-03 5.27441975e-03 5.64444444e-03 6.02701235e-03
6.42212346e-03 6.82977778e-03 7.24997531e-03 7.68271605e-03 8.12800000e-03 8.58582716e-03
9.05619753e-03 9.53911111e-03 1.00345679e-02 1.05425679e-02 1.10631111e-02 1.15961975e-02
1.21418272e-02 1.27000000e-02 1.32581728e-02 1.38038025e-02 1.43368889e-02 1.48574321e-02
1.53654321e-02 1.58608889e-02 1.63438025e-02 1.68141728e-02 1.72720000e-02 1.77172840e-02
1.81500247e-02 1.85702222e-02 1.89778765e-02 1.93729877e-02 1.97555556e-02 2.01255802e-02
2.04830617e-02 2.08280000e-02 2.11603951e-02 2.14802469e-02 2.17875556e-02 2.20823210e-02
2.23645432e-02 2.26342222e-02 2.28913580e-02 2.31359506e-02 2.33680000e-02 2.35875062e-02
2.37944691e-02 2.39888889e-02 2.41707654e-02 2.43400988e-02 2.44968889e-02 2.46411358e-02
2.47728395e-02 2.48920000e-02 2.49986173e-02 2.50926914e-02 2.51742222e-02 2.52432099e-02
2.52996543e-02 2.53435556e-02 2.53749136e-02 2.53937284e-02 2.54000000e-02 0.00000000e+00
6.27160494e-06 2.50864198e-05 5.64444444e-05 1.00345679e-04 1.56790123e-04 2.25777778e-04
3.07308642e-04 4.01382716e-04 5.08000000e-04 6.27160494e-04 7.58864198e-04 9.03111111e-04
1.05990123e-03 1.22923457e-03 1.41111111e-03 1.60553086e-03 1.81249383e-03 2.03200000e-03
2.26404938e-03 2.50864198e-03 2.76577778e-03 3.03545679e-03 3.31767901e-03 3.61244444e-03
3.91975309e-03 4.23960494e-03 4.57200000e-03 4.91693827e-03 5.27441975e-03 5.64444444e-03
6.02701235e-03 6.42212346e-03 6.82977778e-03 7.24997531e-03 7.68271605e-03 8.12800000e-03
8.58582716e-03 9.05619753e-03 9.53911111e-03 1.00345679e-02 1.05425679e-02 1.10631111e-02
1.15961975e-02 1.21418272e-02 1.27000000e-02 1.32581728e-02 1.38038025e-02 1.43368889e-02
1.48574321e-02 1.53654321e-02 1.58608889e-02 1.63438025e-02 1.68141728e-02 1.72720000e-02
1.77172840e-02 1.81500247e-02 1.85702222e-02 1.89778765e-02 1.93729877e-02 1.97555556e-02
2.01255802e-02 2.04830617e-02 2.08280000e-02 2.11603951e-02 2.14802469e-02 2.17875556e-02
2.20823210e-02 2.23645432e-02 2.26342222e-02 2.28913580e-02 2.31359506e-02 2.33680000e-02
2.35875062e-02 2.37944691e-02 2.39888889e-02 2.41707654e-02 2.43400988e-02 2.44968889e-02
2.46411358e-02 2.47728395e-02 2.48920000e-02 2.49986173e-02 2.50926914e-02 2.51742222e-02
2.52432099e-02 2.52996543e-02 2.53435556e-02 2.53749136e-02 2.53937284e-02 2.54000000e-02
0.00000000e+00 6.27160494e-06 2.50864198e-05 5.64444444e-05 1.00345679e-04 1.56790123e-04
2.25777778e-04 3.07308642e-04 4.01382716e-04 5.08000000e-04 6.27160494e-04 7.58864198e-04
9.03111111e-04 1.05990123e-03 1.22923457e-03 1.41111111e-03 1.60553086e-03 1.81249383e-03
2.03200000e-03 2.26404938e-03 2.50864198e-03 2.76577778e-03 3.03545679e-03 3.31767901e-03
3.61244444e-03 3.91975309e-03 4.23960494e-03 4.57200000e-03 4.91693827e-03 5.27441975e-03
5.64444444e-03 6.02701235e-03 6.42212346e-03 6.82977778e-03 7.24997531e-03 7.68271605e-03
8.12800000e-03 8.58582716e-03 9.05619753e-03 9.53911111e-03 1.00345679e-02 1.05425679e-02
1.10631111e-02 1.15961975e-02 1.21418272e-02 1.27000000e-02 1.32581728e-02 1.38038025e-02
1.43368889e-02 1.48574321e-02 1.53654321e-02 1.58608889e-02 1.63438025e-02 1.68141728e-02
1.72720000e-02 1.77172840e-02 1.81500247e-02 1.85702222e-02 1.89778765e-02 1.93729877e-02
1.97555556e-02 2.01255802e-02 2.04830617e-02 2.08280000e-02 2.11603951e-02 2.14802469e-02
2.17875556e-02 2.20823210e-02 2.23645432e-02 2.26342222e-02 2.28913580e-02 2.31359506e-02
2.33680000e-02 2.35875062e-02 2.37944691e-02 2.39888889e-02 2.41707654e-02 2.43400988e-02
2.44968889e-02 2.46411358e-02 2.47728395e-02 2.48920000e-02 2.49986173e-02 2.50926914e-02
2.51742222e-02 2.52432099e-02 2.52996543e-02 2.53435556e-02 2.53749136e-02 2.53937284e-02
2.54000000e-02 0.00000000e+00 6.27160494e-06 2.50864198e-05 5.64444444e-05 1.00345679e-04
1.56790123e-04 2.25777778e-04 3.07308642e-04 4.01382716e-04 5.08000000e-04 6.27160494e-04
7.58864198e-04 9.03111111e-04 1.05990123e-03 1.22923457e-03 1.41111111e-03 1.60553086e-03
1.81249383e-03 2.03200000e-03 2.26404938e-03 2.50864198e-03 2.76577778e-03 3.03545679e-03
3.31767901e-03 3.61244444e-03 3.91975309e-03 4.23960494e-03 4.57200000e-03 4.91693827e-03
5.27441975e-03 5.64444444e-03 6.02701235e-03 6.42212346e-03 6.82977778e-03 7.24997531e-03
7.68271605e-03 8.12800000e-03 8.58582716e-03 9.05619753e-03 9.53911111e-03 1.00345679e-02
1.05425679e-02 1.10631111e-02 1.15961975e-02 1.21418272e-02 1.27000000e-02 1.32581728e-02
1.38038025e-02 1.43368889e-02 1.48574321e-02 1.53654321e-02 1.58608889e-02 1.63438025e-02
1.68141728e-02 1.72720000e-02 1.77172840e-02 1.81500247e-02 1.85702222e-02 1.89778765e-02
1.93729877e-02 1.97555556e-02 2.01255802e-02 2.04830617e-02 2.08280000e-02 2.11603951e-02
2.14802469e-02 2.17875556e-02 2.20823210e-02 2.23645432e-02 2.26342222e-02 2.28913580e-02
2.31359506e-02 2.33680000e-02 2.35875062e-02 2.37944691e-02 2.39888889e-02 2.41707654e-02
2.43400988e-02 2.44968889e-02 2.46411358e-02 2.47728395e-02 2.48920000e-02 2.49986173e-02
2.50926914e-02 2.51742222e-02 2.52432099e-02 2.52996543e-02 2.53435556e-02 2.53749136e-02
2.53937284e-02 2.54000000e-02 0.00000000e+00 6.27160494e-06 2.50864198e-05 5.64444444e-05
1.00345679e-04 1.56790123e-04 2.25777778e-04 3.07308642e-04 4.01382716e-04 5.08000000e-04
6.27160494e-04 7.58864198e-04 9.03111111e-04 1.05990123e-03 1.22923457e-03 1.41111111e-03
1.60553086e-03 1.81249383e-03 2.03200000e-03 2.26404938e-03 2.50864198e-03 2.76577778e-03
3.03545679e-03 3.31767901e-03 3.61244444e-03 3.91975309e-03 4.23960494e-03 4.57200000e-03
4.91693827e-03 5.27441975e-03 5.64444444e-03 6.02701235e-03 6.42212346e-03 6.82977778e-03
7.24997531e-03 7.68271605e-03 8.12800000e-03 8.58582716e-03 9.05619753e-03 9.53911111e-03
1.00345679e-02 1.05425679e-02 1.10631111e-02 1.15961975e-02 1.21418272e-02 1.27000000e-02
1.32581728e-02 1.38038025e-02 1.43368889e-02 1.48574321e-02 1.53654321e-02 1.58608889e-02
1.63438025e-02 1.68141728e-02 1.72720000e-02 1.77172840e-02 1.81500247e-02 1.85702222e-02
1.89778765e-02 1.93729877e-02 1.97555556e-02 2.01255802e-02 2.04830617e-02 2.08280000e-02
2.11603951e-02 2.14802469e-02 2.17875556e-02 2.20823210e-02 2.23645432e-02 2.26342222e-02
2.28913580e-02 2.31359506e-02 2.33680000e-02 2.35875062e-02 2.37944691e-02 2.39888889e-02
2.41707654e-02 2.43400988e-02 2.44968889e-02 2.46411358e-02 2.47728395e-02 2.48920000e-02
2.49986173e-02 2.50926914e-02 2.51742222e-02 2.52432099e-02 2.52996543e-02 2.53435556e-02
2.53749136e-02 2.53937284e-02 2.54000000e-02 0.00000000e+00 6.27160494e-06 2.50864198e-05
5.64444444e-05 1.00345679e-04 1.56790123e-04 2.25777778e-04 3.07308642e-04 4.01382716e-04
5.08000000e-04 6.27160494e-04 7.58864198e-04 9.03111111e-04 1.05990123e-03 1.22923457e-03
1.41111111e-03 1.60553086e-03 1.81249383e-03 2.03200000e-03 2.26404938e-03 2.50864198e-03
2.76577778e-03 3.03545679e-03 3.31767901e-03 3.61244444e-03 3.91975309e-03 4.23960494e-03
4.57200000e-03 4.91693827e-03 5.27441975e-03 5.64444444e-03 6.02701235e-03 6.42212346e-03
6.82977778e-03 7.24997531e-03 7.68271605e-03 8.12800000e-03 8.58582716e-03 9.05619753e-03
9.53911111e-03 1.00345679e-02 1.05425679e-02 1.10631111e-02 1.15961975e-02 1.21418272e-02
1.27000000e-02 1.32581728e-02 1.38038025e-02 1.43368889e-02 1.48574321e-02 1.53654321e-02
1.58608889e-02 1.63438025e-02 1.68141728e-02 1.72720000e-02 1.77172840e-02 1.81500247e-02
1.85702222e-02 1.89778765e-02 1.93729877e-02 1.97555556e-02 2.01255802e-02 2.04830617e-02
2.08280000e-02 2.11603951e-02 2.14802469e-02 2.17875556e-02 2.20823210e-02 2.23645432e-02
2.26342222e-02 2.28913580e-02 2.31359506e-02 2.33680000e-02 2.35875062e-02 2.37944691e-02
2.39888889e-02 2.41707654e-02 2.43400988e-02 2.44968889e-02 2.46411358e-02 2.47728395e-02
2.48920000e-02 2.49986173e-02 2.50926914e-02 2.51742222e-02 2.52432099e-02 2.52996543e-02
2.53435556e-02 2.53749136e-02 2.53937284e-02 2.54000000e-02 
0.00000000e+00 0.00000000e+00 0.00000000e+00 0.00000000e+00 0.00000000e+00 0.00000000e+00
0.00000000e+00 0.00000000e+00 0.00000000e+00 0.00000000e+00 0.00000000e+00 0.00000000e+00
0.00000000e+00 0.00000000e+00 0.00000000e+00 0.00000000e+00 0.00000000e+00 0.00000000e+00
0.00000000e+00 0.00000000e+00 0.00000000e+00 0.00000000e+00 0.00000000e+00 0.00000000e+00
0.00000000e+00 0.00000000e+00 0.00000000e+00 0.00000000e+00 0.00000000e+00 0.00000000e+00
0.00000000e+00 0.00000000e+00 0.00000000e+00 0.00000000e+00 0.00000000e+00 0.00000000e+00
0.00000000e+00 0.00000000e+00 0.00000000e+00 0.00000000e+00 0.00000000e+00 0.00000000e+00
0.00000000e+00 0.00000000e+00 0.00000000e+00 0.00000000e+00 0.00000000e+00 0.00000000e+00
0.00000000e+00 0.00000000e+00 0.00000000e+00 0.00000000e+00 0.00000000e+00 0.00000000e+00
0.00000000e+00 0.00000000e+00 0.00000000e+00 0.00000000e+00 0.00000000e+00 0.00000000e+00
0.00000000e+00 0.00000000e+00 0.00000000e+00 0.00000000e+00 0.00000000e+00 0.00000000e+00
0.00000000e+00 0.00000000e+00 0.00000000e+00 0.00000000e+00 0.00000000e+00 0.00000000e+00
0.00000000e+00 0.00000000e+00 0.00000000e+00 0.00000000e+00 0.00000000e+00 0.00000000e+00
0.00000000e+00 0.00000000e+00 0.00000000e+00 0.00000000e+00 0.00000000e+00 0.00000000e+00
0.00000000e+00 0.00000000e+00 0.00000000e+00 0.00000000e+00 0.00000000e+00 0.00000000e+00
0.00000000e+00 6.27160494e-06 6.27160494e-06 6.27160494e-06 6.27160494e-06 6.27160494e-06
6.27160494e-06 6.27160494e-06 6.27160494e-06 6.27160494e-06 6.27160494e-06 6.27160494e-06
6.27160494e-06 6.27160494e-06 6.27160494e-06 6.27160494e-06 6.27160494e-06 6.27160494e-06
6.27160494e-06 6.27160494e-06 6.27160494e-06 6.27160494e-06 6.27160494e-06 6.27160494e-06
6.27160494e-06 6.27160494e-06 6.27160494e-06 6.27160494e-06 6.27160494e-06 6.27160494e-06
6.27160494e-06 6.27160494e-06 6.27160494e-06 6.27160494e-06 6.27160494e-06 6.27160494e-06
6.27160494e-06 6.27160494e-06 6.27160494e-06 6.27160494e-06 6.27160494e-06 6.27160494e-06
6.27160494e-06 6.27160494e-06 6.27160494e-06 6.27160494e-06 6.27160494e-06 6.27160494e-06
6.27160494e-06 6.27160494e-06 6.27160494e-06 6.27160494e-06 6.27160494e-06 6.27160494e-06
6.27160494e-06 6.27160494e-06 6.27160494e-06 6.27160494e-06 6.27160494e-06 6.27160494e-06
6.27160494e-06 6.27160494e-06 6.27160494e-06 6.27160494e-06 6.27160494e-06 6.27160494e-06
6.27160494e-06 6.27160494e-06 6.27160494e-06 6.27160494e-06 6.27160494e-06 6.27160494e-06
6.27160494e-06 6.27160494e-06 6.27160494e-06 6.27160494e-06 6.27160494e-06 6.27160494e-06
6.27160494e-06 6.27160494e-06 6.27160494e-06 6.27160494e-06 6.27160494e-06 6.27160494e-06
6.27160494e-06 6.27160494e-06 6.27160494e-06 6.27160494e-06 6.27160494e-06 6.27160494e-06
6.27160494e-06 6.27160494e-06 2.50864198e-05 2.50864198e-05 2.50864198e-05 2.50864198e-05
2.50864198e-05 2.50864198e-05 2.50864198e-05 2.50864198e-05 2.50864198e-05 2.50864198e-05
2.50864198e-05 2.50864198e-05 2.50864198e-05 2.50864198e-05 2.50864198e-05 2.50864198e-05
2.50864198e-05 2.50864198e-05 2.50864198e-05 2.50864198e-05 2.50864198e-05 2.50864198e-05
2.50864198e-05 2.50864198e-05 2.50864198e-05 2.50864198e-05 2.50864198e-05 2.50864198e-05
2.50864198e-05 2.50864198e-05 2.50864198e-05 2.50864198e-05 2.50864198e-05 2.50864198e-05
2.50864198e-05 2.50864198e-05 2.50864198e-05 2.50864198e-05 2.50864198e-05 2.50864198e-05
2.50864198e-05 2.50864198e-05 2.50864198e-05 2.50864198e-05 2.50864198e-05 2.50864198e-05
2.50864198e-05 2.50864198e-05 2.50864198e-05 2.50864198e-05 2.50864198e-05 2.50864198e-05
2.50864198e-05 2.50864198e-05 2.50864198e-05 2.50864198e-05 2.50864198e-05 2.50864198e-05
2.50864198e-05 2.50864198e-05 2.50864198e-05 2.50864198e-05 2.50864198e-05 2.50864198e-05
2.50864198e-05 2.50864198e-05 2.50864198e-05 2.50864198e-05 2.50864198e-05 2.50864198e-05
2.50864198e-05 2.50864198e-05 2.50864198e-05 2.50864198e-05 2.50864198e-05 2.50864198e-05
2.50864198e-05 2.50864198e-05 2.50864198e-05 2.50864198e-05 2.50864198e-05 2.50864198e-05
2.50864198e-05 2.50864198e-05 2.50864198e-05 2.50864198e-05 2.50864198e-05 2.50864198e-05
2.50864198e-05 2.50864198e-05 2.50864198e-05 5.64444444e-05 5.64444444e-05 5.64444444e-05
5.64444444e-05 5.64444444e-05 5.64444444e-05 5.64444444e-05 5.64444444e-05 5.64444444e-05
5.64444444e-05 5.64444444e-05 5.64444444e-05 5.64444444e-05 5.64444444e-05 5.64444444e-05
5.64444444e-05 5.64444444e-05 5.64444444e-05 5.64444444e-05 5.64444444e-05 5.64444444e-05
5.64444444e-05 5.64444444e-05 5.64444444e-05 5.64444444e-05 5.64444444e-05 5.64444444e-05
5.64444444e-05 5.64444444e-05 5.64444444e-05 5.64444444e-05 5.64444444e-05 5.64444444e-05
5.64444444e-05 5.64444444e-05 5.64444444e-05 5.64444444e-05 5.64444444e-05 5.64444444e-05
5.64444444e-05 5.64444444e-05 5.64444444e-05 5.64444444e-05 5.64444444e-05 5.64444444e-05
5.64444444e-05 5.64444444e-05 5.64444444e-05 5.64444444e-05 5.64444444e-05 5.64444444e-05
5.64444444e-05 5.64444444e-05 5.64444444e-05 5.64444444e-05 5.64444444e-05 5.64444444e-05
5.64444444e-05 5.64444444e-05 5.64444444e-05 5.64444444e-05 5.64444444e-05 5.64444444e-05
5.64444444e-05 5.64444444e-05 5.64444444e-05 5.64444444e-05 5.64444444e-05 5.64444444e-05
5.64444444e-05 5.64444444e-05 5.64444444e-05 5.64444444e-05 5.64444444e-05 5.64444444e-05
5.64444444e-05 5.64444444e-05 5.64444444e-05 5.64444444e-05 5.64444444e-05 5.64444444e-05
5.64444444e-05 5.64444444e-05 5.64444444e-05 5.64444444e-05 5.64444444e-05 5.64444444e-05
5.64444444e-05 5.64444444e-05 5.64444444e-05 5.64444444e-05 1.00345679e-04 1.00345679e-04
1.00345679e-04 1.00345679e-04 1.00345679e-04 1.00345679e-04 1.00345679e-04 1.00345679e-04
1.00345679e-04 1.00345679e-04 1.00345679e-04 1.00345679e-04 1.00345679e-04 1.00345679e-04
1.00345679e-04 1.00345679e-04 1.00345679e-04 1.00345679e-04 1.00345679e-04 1.00345679e-04
1.00345679e-04 1.00345679e-04 1.00345679e-04 1.00345679e-04 1.00345679e-04 1.00345679e-04
1.00345679e-04 1.00345679e-04 1.00345679e-04 1.00345679e-04 1.00345679e-04 1.00345679e-04
1.00345679e-04 1.00345679e-04 1.00345679e-04 1.00345679e-04 1.00345679e-04 1.00345679e-04
1.00345679e-04 1.00345679e-04 1.00345679e-04 1.00345679e-04 1.00345679e-04 1.00345679e-04
1.00345679e-04 1.00345679e-04 1.00345679e-04 1.00345679e-04 1.00345679e-04 1.00345679e-04
1.00345679e-04 1.00345679e-04 1.00345679e-04 1.00345679e-04 1.00345679e-04 1.00345679e-04
1.00345679e-04 1.00345679e-04 1.00345679e-04 1.00345679e-04 1.00345679e-04 1.00345679e-04
1.00345679e-04 1.00345679e-04 1.00345679e-04 1.00345679e-04 1.00345679e-04 1.00345679e-04
1.00345679e-04 1.00345679e-04 1.00345679e-04 1.00345679e-04 1.00345679e-04 1.00345679e-04
1.00345679e-04 1.00345679e-04 1.00345679e-04 1.00345679e-04 1.00345679e-04 1.00345679e-04
1.00345679e-04 1.00345679e-04 1.00345679e-04 1.00345679e-04 1.00345679e-04 1.00345679e-04
1.00345679e-04 1.00345679e-04 1.00345679e-04 1.00345679e-04 1.00345679e-04 1.56790123e-04
1.56790123e-04 1.56790123e-04 1.56790123e-04 1.56790123e-04 1.56790123e-04 1.56790123e-04
1.56790123e-04 1.56790123e-04 1.56790123e-04 1.56790123e-04 1.56790123e-04 1.56790123e-04
1.56790123e-04 1.56790123e-04 1.56790123e-04 1.56790123e-04 1.56790123e-04 1.56790123e-04
1.56790123e-04 1.56790123e-04 1.56790123e-04 1.56790123e-04 1.56790123e-04 1.56790123e-04
1.56790123e-04 1.56790123e-04 1.56790123e-04 1.56790123e-04 1.56790123e-04 1.56790123e-04
1.56790123e-04 1.56790123e-04 1.56790123e-04 1.56790123e-04 1.56790123e-04 1.56790123e-04
1.56790123e-04 1.56790123e-04 1.56790123e-04 1.56790123e-04 1.56790123e-04 1.56790123e-04
1.56790123e-04 1.56790123e-04 1.56790123e-04 1.56790123e-04 1.56790123e-04 1.56790123e-04
1.56790123e-04 1.56790123e-04 1.56790123e-04 1.56790123e-04 1.56790123e-04 1.56790123e-04
1.56790123e-04 1.56790123e-04 1.56790123e-04 1.56790123e-04 1.56790123e-04 1.56790123e-04
1.56790123e-04 1.56790123e-04 1.56790123e-04 1.56790123e-04 1.56790123e-04 1.56790123e-04
1.56790123e-04 1.56790123e-04 1.56790123e-04 1.56790123e-04 1.56790123e-04 1.56790123e-04
1.56790123e-04 1.56790123e-04 1.56790123e-04 1.56790123e-04 1.56790123e-04 1.56790123e-04
1.56790123e-04 1.56790123e-04 1.56790123e-04 1.56790123e-04 1.56790123e-04 1.56790123e-04
1.56790123e-04 1.56790123e-04 1.56790123e-04 1.56790123e-04 1.56790123e-04 1.56790123e-04
2.25777778e-04 2.25777778e-04 2.25777778e-04 2.25777778e-04 2.25777778e-04 2.25777778e-04
2.25777778e-04 2.25777778e-04 2.25777778e-04 2.25777778e-04 2.25777778e-04 2.25777778e-04
2.25777778e-04 2.25777778e-04 2.25777778e-04 2.25777778e-04 2.25777778e-04 2.25777778e-04
2.25777778e-04 2.25777778e-04 2.25777778e-04 2.25777778e-04 2.25777778e-04 2.25777778e-04
2.25777778e-04 2.25777778e-04 2.25777778e-04 2.25777778e-04 2.25777778e-04 2.25777778e-04
2.25777778e-04 2.25777778e-04 2.25777778e-04 2.25777778e-04 2.25777778e-04 2.25777778e-04
2.25777778e-04 2.25777778e-04 2.25777778e-04 2.25777778e-04 2.25777778e-04 2.25777778e-04
2.25777778e-04 2.25777778e-04 2.25777778e-04 2.25777778e-04 2.25777778e-04 2.25777778e-04
2.25777778e-04 2.25777778e-04 2.25777778e-04 2.25777778e-04 2.25777778e-04 2.25777778e-04
2.25777778e-04 2.25777778e-04 2.25777778e-04 2.25777778e-04 2.25777778e-04 2.25777778e-04
2.25777778e-04 2.25777778e-04 2.25777778e-04 2.25777778e-04 2.25777778e-04 2.25777778e-04
2.25777778e-04 2.25777778e-04 2.25777778e-04 2.25777778e-04 2.25777778e-04 2.25777778e-04
2.25777778e-04 2.25777778e-04 2.25777778e-04 2.25777778e-04 2.25777778e-04 2.25777778e-04
2.25777778e-04 2.25777778e-04 2.25777778e-04 2.25777778e-04 2.25777778e-04 2.25777778e-04
2.25777778e-04 2.25777778e-04 2.25777778e-04 2.25777778e-04 2.25777778e-04 2.25777778e-04
2.25777778e-04 3.07308642e-04 3.07308642e-04 3.07308642e-04 3.07308642e-04 3.07308642e-04
3.07308642e-04 3.07308642e-04 3.07308642e-04 3.07308642e-04 3.07308642e-04 3.07308642e-04
3.07308642e-04 3.07308642e-04 3.07308642e-04 3.07308642e-04 3.07308642e-04 3.07308642e-04
3.07308642e-04 3.07308642e-04 3.07308642e-04 3.07308642e-04 3.07308642e-04 3.07308642e-04
3.07308642e-04 3.07308642e-04 3.07308642e-04 3.07308642e-04 3.07308642e-04 3.07308642e-04
3.07308642e-04 3.07308642e-04 3.07308642e-04 3.07308642e-04 3.07308642e-04 3.07308642e-04
3.07308642e-04 3.07308642e-04 3.07308642e-04 3.07308642e-04 3.07308642e-04 3.07308642e-04
3.07308642e-04 3.07308642e-04 3.07308642e-04 3.07308642e-04 3.07308642e-04 3.07308642e-04
3.07308642e-04 3.07308642e-04 3.07308642e-04 3.07308642e-04 3.07308642e-04 3.07308642e-04
3.07308642e-04 3.07308642e-04 3.07308642e-04 3.07308642e-04 3.07308642e-04 3.07308642e-04
3.07308642e-04 3.07308642e-04 3.07308642e-04 3.07308642e-04 3.07308642e-04 3.07308642e-04
3.07308642e-04 3.07308642e-04 3.07308642e-04 3.07308642e-04 3.07308642e-04 3.07308642e-04
3.07308642e-04 3.07308642e-04 3.07308642e-04 3.07308642e-04 3.07308642e-04 3.07308642e-04
3.07308642e-04 3.07308642e-04 3.07308642e-04 3.07308642e-04 3.07308642e-04 3.07308642e-04
3.07308642e-04 3.07308642e-04 3.07308642e-04 3.07308642e-04 3.07308642e-04 3.07308642e-04
3.07308642e-04 3.07308642e-04 4.01382716e-04 4.01382716e-04 4.01382716e-04 4.01382716e-04
4.01382716e-04 4.01382716e-04 4.01382716e-04 4.01382716e-04 4.01382716e-04 4.01382716e-04
4.01382716e-04 4.01382716e-04 4.01382716e-04 4.01382716e-04 4.01382716e-04 4.01382716e-04
4.01382716e-04 4.01382716e-04 4.01382716e-04 4.01382716e-04 4.01382716e-04 4.01382716e-04
4.01382716e-04 4.01382716e-04 4.01382716e-04 4.01382716e-04 4.01382716e-04 4.01382716e-04
4.01382716e-04 4.01382716e-04 4.01382716e-04 4.01382716e-04 4.01382716e-04 4.01382716e-04
4.01382716e-04 4.01382716e-04 4.01382716e-04 4.01382716e-04 4.01382716e-04 4.01382716e-04
4.01382716e-04 4.01382716e-04 4.01382716e-04 4.01382716e-04 4.01382716e-04 4.01382716e-04
4.01382716e-04 4.01382716e-04 4.01382716e-04 4.01382716e-04 4.01382716e-04 4.01382716e-04
4.01382716e-04 4.01382716e-04 4.01382716e-04 4.01382716e-04 4.01382716e-04 4.01382716e-04
4.01382716e-04 4.01382716e-04 4.01382716e-04 4.01382716e-04 4.01382716e-04 4.01382716e-04
4.01382716e-04 4.01382716e-04 4.01382716e-04 4.01382716e-04 4.01382716e-04 4.01382716e-04
4.01382716e-04 4.01382716e-04 4.01382716e-04 4.01382716e-04 4.01382716e-04 4.01382716e-04
4.01382716e-04 4.01382716e-04 4.01382716e-04 4.01382716e-04 4.01382716e-04 4.01382716e-04
4.01382716e-04 4.01382716e-04 4.01382716e-04 4.01382716e-04 4.01382716e-04 4.01382716e-04
4.01382716e-04 4.01382716e-04 4.01382716e-04 5.08000000e-04 5.08000000e-04 5.08000000e-04
5.08000000e-04 5.08000000e-04 5.08000000e-04 5.08000000e-04 5.08000000e-04 5.08000000e-04
5.08000000e-04 5.08000000e-04 5.08000000e-04 5.08000000e-04 5.08000000e-04 5.08000000e-04
5.08000000e-04 5.08000000e-04 5.08000000e-04 5.08000000e-04 5.08000000e-04 5.08000000e-04
5.08000000e-04 5.08000000e-04 5.08000000e-04 5.08000000e-04 5.08000000e-04 5.08000000e-04
5.08000000e-04 5.08000000e-04 5.08000000e-04 5.08000000e-04 5.08000000e-04 5.08000000e-04
5.08000000e-04 5.08000000e-04 5.08000000e-04 5.08000000e-04 5.08000000e-04 5.08000000e-04
5.08000000e-04 5.08000000e-04 5.08000000e-04 5.08000000e-04 5.08000000e-04 5.08000000e-04
5.08000000e-04 5.08000000e-04 5.08000000e-04 5.08000000e-04 5.08000000e-04 5.08000000e-04
5.08000000e-04 5.08000000e-04 5.08000000e-04 5.08000000e-04 5.08000000e-04 5.08000000e-04
5.08000000e-04 5.08000000e-04 5.08000000e-04 5.08000000e-04 5.08000000e-04 5.08000000e-04
5.08000000e-04 5.08000000e-04 5.08000000e-04 5.08000000e-04 5.08000000e-04 5.08000000e-04
5.08000000e-04 5.08000000e-04 5.08000000e-04 5.08000000e-04 5.08000000e-04 5.08000000e-04
5.08000000e-04 5.08000000e-04 5.08000000e-04 5.08000000e-04 5.08000000e-04 5.08000000e-04
5.08000000e-04 5.08000000e-04 5.08000000e-04 5.08000000e-04 5.08000000e-04 5.08000000e-04
5.08000000e-04 5.08000000e-04 5.08000000e-04 5.08000000e-04 6.27160494e-04 6.27160494e-04
6.27160494e-04 6.27160494e-04 6.27160494e-04 6.27160494e-04 6.27160494e-04 6.27160494e-04
6.27160494e-04 6.27160494e-04 6.27160494e-04 6.27160494e-04 6.27160494e-04 6.27160494e-04
6.27160494e-04 6.27160494e-04 6.27160494e-04 6.27160494e-04 6.27160494e-04 6.27160494e-04
6.27160494e-04 6.27160494e-04 6.27160494e-04 6.27160494e-04 6.27160494e-04 6.27160494e-04
6.27160494e-04 6.27160494e-04 6.27160494e-04 6.27160494e-04 6.27160494e-04 6.27160494e-04
6.27160494e-04 6.27160494e-04 6.27160494e-04 6.27160494e-04 6.27160494e-04 6.27160494e-04
6.27160494e-04 6.27160494e-04 6.27160494e-04 6.27160494e-04 6.27160494e-04 6.27160494e-04
6.27160494e-04 6.27160494e-04 6.27160494e-04 6.27160494e-04 6.27160494e-04 6.27160494e-04
6.27160494e-04 6.27160494e-04 6.27160494e-04 6.27160494e-04 6.27160494e-04 6.27160494e-04
6.27160494e-04 6.27160494e-04 6.27160494e-04 6.27160494e-04 6.27160494e-04 6.27160494e-04
6.27160494e-04 6.27160494e-04 6.27160494e-04 6.27160494e-04 6.27160494e-04 6.27160494e-04
6.27160494e-04 6.27160494e-04 6.27160494e-04 6.27160494e-04 6.27160494e-04 6.27160494e-04
6.27160494e-04 6.27160494e-04 6.27160494e-04 6.27160494e-04 6.27160494e-04 6.27160494e-04
6.27160494e-04 6.27160494e-04 6.27160494e-04 6.27160494e-04 6.27160494e-04 6.27160494e-04
6.27160494e-04 6.27160494e-04 6.27160494e-04 6.27160494e-04 6.27160494e-04 7.58864198e-04
7.58864198e-04 7.58864198e-04 7.58864198e-04 7.58864198e-04 7.58864198e-04 7.58864198e-04
7.58864198e-04 7.58864198e-04 7.58864198e-04 7.58864198e-04 7.58864198e-04 7.58864198e-04
7.58864198e-04 7.58864198e-04 7.58864198e-04 7.58864198e-04 7.58864198e-04 7.58864198e-04
7.58864198e-04 7.58864198e-04 7.58864198e-04 7.58864198e-04 7.58864198e-04 7.58864198e-04
7.58864198e-04 7.58864198e-04 7.58864198e-04 7.58864198e-04 7.58864198e-04 7.58864198e-04
7.58864198e-04 7.58864198e-04 7.58864198e-04 7.58864198e-04 7.58864198e-04 7.58864198e-04
7.58864198e-04 7.58864198e-04 7.58864198e-04 7.58864198e-04 7.58864198e-04 7.58864198e-04
7.58864198e-04 7.58864198e-04 7.58864198e-04 7.58864198e-04 7.58864198e-04 7.58864198e-04
7.58864198e-04 7.58864198e-04 7.58864198e-04 7.58864198e-04 7.58864198e-04 7.58864198e-04
7.58864198e-04 7.58864198e-04 7.58864198e-04 7.58864198e-04 7.58864198e-04 7.58864198e-04
7.58864198e-04 7.58864198e-04 7.58864198e-04 7.58864198e-04 7.58864198e-04 7.58864198e-04
7.58864198e-04 7.58864198e-04 7.58864198e-04 7.58864198e-04 7.58864198e-04 7.58864198e-04
7.58864198e-04 7.58864198e-04 7.58864198e-04 7.58864198e-04 7.58864198e-04 7.58864198e-04
7.58864198e-04 7.58864198e-04 7.58864198e-04 7.58864198e-04 7.58864198e-04 7.58864198e-04
7.58864198e-04 7.58864198e-04 7.58864198e-04 7.58864198e-04 7.58864198e-04 7.58864198e-04
9.03111111e-04 9.03111111e-04 9.03111111e-04 9.03111111e-04 9.03111111e-04 9.03111111e-04
9.03111111e-04 9.03111111e-04 9.03111111e-04 9.03111111e-04 9.03111111e-04 9.03111111e-04
9.03111111e-04 9.03111111e-04 9.03111111e-04 9.03111111e-04 9.03111111e-04 9.03111111e-04
9.03111111e-04 9.03111111e-04 9.03111111e-04 9.03111111e-04 9.03111111e-04 9.03111111e-04
9.03111111e-04 9.03111111e-04 9.03111111e-04 9.03111111e-04 9.03111111e-04 9.03111111e-04
9.03111111e-04 9.03111111e-04 9.03111111e-04 9.03111111e-04 9.03111111e-04 9.03111111e-04
9.03111111e-04 9.03111111e-04 9.03111111e-04 9.03111111e-04 9.03111111e-04 9.03111111e-04
9.03111111e-04 9.03111111e-04 9.03111111e-04 9.03111111e-04 9.03111111e-04 9.03111111e-04
9.03111111e-04 9.03111111e-04 9.03111111e-04 9.03111111e-04 9.03111111e-04 9.03111111e-04
9.03111111e-04 9.03111111e-04 9.03111111e-04 9.03111111e-04 9.03111111e-04 9.03111111e-04
9.03111111e-04 9.03111111e-04 9.03111111e-04 9.03111111e-04 9.03111111e-04 9.03111111e-04
9.03111111e-04 9.03111111e-04 9.03111111e-04 9.03111111e-04 9.03111111e-04 9.03111111e-04
9.03111111e-04 9.03111111e-04 9.03111111e-04 9.03111111e-04 9.03111111e-04 9.03111111e-04
9.03111111e-04 9.03111111e-04 9.03111111e-04 9.03111111e-04 9.03111111e-04 9.03111111e-04
9.03111111e-04 9.03111111e-04 9.03111111e-04 9.03111111e-04 9.03111111e-04 9.03111111e-04
9.03111111e-04 1.05990123e-03 1.05990123e-03 1.05990123e-03 1.05990123e-03 1.05990123e-03
1.05990123e-03 1.05990123e-03 1.05990123e-03 1.05990123e-03 1.05990123e-03 1.05990123e-03
1.05990123e-03 1.05990123e-03 1.05990123e-03 1.05990123e-03 1.05990123e-03 1.05990123e-03
1.05990123e-03 1.05990123e-03 1.05990123e-03 1.05990123e-03 1.05990123e-03 1.05990123e-03
1.05990123e-03 1.05990123e-03 1.05990123e-03 1.05990123e-03 1.05990123e-03 1.05990123e-03
1.05990123e-03 1.05990123e-03 1.05990123e-03 1.05990123e-03 1.05990123e-03 1.05990123e-03
1.05990123e-03 1.05990123e-03 1.05990123e-03 1.05990123e-03 1.05990123e-03 1.05990123e-03
1.05990123e-03 1.05990123e-03 1.05990123e-03 1.05990123e-03 1.05990123e-03 1.05990123e-03
1.05990123e-03 1.05990123e-03 1.05990123e-03 1.05990123e-03 1.05990123e-03 1.05990123e-03
1.05990123e-03 1.05990123e-03 1.05990123e-03 1.05990123e-03 1.05990123e-03 1.05990123e-03
1.05990123e-03 1.05990123e-03 1.05990123e-03 1.05990123e-03 1.05990123e-03 1.05990123e-03
1.05990123e-03 1.05990123e-03 1.05990123e-03 1.05990123e-03 1.05990123e-03 1.05990123e-03
1.05990123e-03 1.05990123e-03 1.05990123e-03 1.05990123e-03 1.05990123e-03 1.05990123e-03
1.05990123e-03 1.05990123e-03 1.05990123e-03 1.05990123e-03 1.05990123e-03 1.05990123e-03
1.05990123e-03 1.05990123e-03 1.05990123e-03 1.05990123e-03 1.05990123e-03 1.05990123e-03
1.05990123e-03 1.05990123e-03 1.22923457e-03 1.22923457e-03 1.22923457e-03 1.22923457e-03
1.22923457e-03 1.22923457e-03 1.22923457e-03 1.22923457e-03 1.22923457e-03 1.22923457e-03
1.22923457e-03 1.22923457e-03 1.22923457e-03 1.22923457e-03 1.22923457e-03 1.22923457e-03
1.22923457e-03 1.22923457e-03 1.22923457e-03 1.22923457e-03 1.22923457e-03 1.22923457e-03
1.22923457e-03 1.22923457e-03 1.22923457e-03 1.22923457e-03 1.22923457e-03 1.22923457e-03
1.22923457e-03 1.22923457e-03 1.22923457e-03 1.22923457e-03 1.22923457e-03 1.22923457e-03
1.22923457e-03 1.22923457e-03 1.22923457e-03 1.22923457e-03 1.22923457e-03 1.22923457e-03
1.22923457e-03 1.22923457e-03 1.22923457e-03 1.22923457e-03 1.22923457e-03 1.22923457e-03
1.22923457e-03 1.22923457e-03 1.22923457e-03 1.22923457e-03 1.22923457e-03 1.22923457e-03
1.22923457e-03 1.22923457e-03 1.22923457e-03 1.22923457e-03 1.22923457e-03 1.22923457e-03
1.22923457e-03 1.22923457e-03 1.22923457e-03 1.22923457e-03 1.22923457e-03 1.22923457e-03
1.22923457e-03 1.22923457e-03 1.22923457e-03 1.22923457e-03 1.22923457e-03 1.22923457e-03
1.22923457e-03 1.22923457e-03 1.22923457e-03 1.22923457e-03 1.22923457e-03 1.22923457e-03
1.22923457e-03 1.22923457e-03 1.22923457e-03 1.22923457e-03 1.22923457e-03 1.22923457e-03
1.22923457e-03 1.22923457e-03 1.22923457e-03 1.22923457e-03 1.22923457e-03 1.22923457e-03
1.22923457e-03 1.22923457e-03 1.22923457e-03 1.41111111e-03 1.41111111e-03 1.41111111e-03
1.41111111e-03 1.41111111e-03 1.41111111e-03 1.41111111e-03 1.41111111e-03 1.41111111e-03
1.41111111e-03 1.41111111e-03 1.41111111e-03 1.41111111e-03 1.41111111e-03 1.41111111e-03
1.41111111e-03 1.41111111e-03 1.41111111e-03 1.41111111e-03 1.41111111e-03 1.41111111e-03
1.41111111e-03 1.41111111e-03 1.41111111e-03 1.41111111e-03 1.41111111e-03 1.41111111e-03
1.41111111e-03 1.41111111e-03 1.41111111e-03 1.41111111e-03 1.41111111e-03 1.41111111e-03
1.41111111e-03 1.41111111e-03 1.41111111e-03 1.41111111e-03 1.41111111e-03 1.41111111e-03
1.41111111e-03 1.41111111e-03 1.41111111e-03 1.41111111e-03 1.41111111e-03 1.41111111e-03
1.41111111e-03 1.41111111e-03 1.41111111e-03 1.41111111e-03 1.41111111e-03 1.41111111e-03
1.41111111e-03 1.41111111e-03 1.41111111e-03 1.41111111e-03 1.41111111e-03 1.41111111e-03
1.41111111e-03 1.41111111e-03 1.41111111e-03 1.41111111e-03 1.41111111e-03 1.41111111e-03
1.41111111e-03 1.41111111e-03 1.41111111e-03 1.41111111e-03 1.41111111e-03 1.41111111e-03
1.41111111e-03 1.41111111e-03 1.41111111e-03 1.41111111e-03 1.41111111e-03 1.41111111e-03
1.41111111e-03 1.41111111e-03 1.41111111e-03 1.41111111e-03 1.41111111e-03 1.41111111e-03
1.41111111e-03 1.41111111e-03 1.41111111e-03 1.41111111e-03 1.41111111e-03 1.41111111e-03
1.41111111e-03 1.41111111e-03 1.41111111e-03 1.41111111e-03 1.60553086e-03 1.60553086e-03
1.60553086e-03 1.60553086e-03 1.60553086e-03 1.60553086e-03 1.60553086e-03 1.60553086e-03
1.60553086e-03 1.60553086e-03 1.60553086e-03 1.60553086e-03 1.60553086e-03 1.60553086e-03
1.60553086e-03 1.60553086e-03 1.60553086e-03 1.60553086e-03 1.60553086e-03 1.60553086e-03
1.60553086e-03 1.60553086e-03 1.60553086e-03 1.60553086e-03 1.60553086e-03 1.60553086e-03
1.60553086e-03 1.60553086e-03 1.60553086e-03 1.60553086e-03 1.60553086e-03 1.60553086e-03
1.60553086e-03 1.60553086e-03 1.60553086e-03 1.60553086e-03 1.60553086e-03 1.60553086e-03
1.60553086e-03 1.60553086e-03 1.60553086e-03 1.60553086e-03 1.60553086e-03 1.60553086e-03
1.60553086e-03 1.60553086e-03 1.60553086e-03 1.60553086e-03 1.60553086e-03 1.60553086e-03
1.60553086e-03 1.60553086e-03 1.60553086e-03 1.60553086e-03 1.60553086e-03 1.60553086e-03
1.60553086e-03 1.60553086e-03 1.60553086e-03 1.60553086e-03 1.60553086e-03 1.60553086e-03
1.60553086e-03 1.60553086e-03 1.60553086e-03 1.60553086e-03 1.60553086e-03 1.60553086e-03
1.60553086e-03 1.60553086e-03 1.60553086e-03 1.60553086e-03 1.60553086e-03 1.60553086e-03
1.60553086e-03 1.60553086e-03 1.60553086e-03 1.60553086e-03 1.60553086e-03 1.60553086e-03
1.60553086e-03 1.60553086e-03 1.60553086e-03 1.60553086e-03 1.60553086e-03 1.60553086e-03
1.60553086e-03 1.60553086e-03 1.60553086e-03 1.60553086e-03 1.60553086e-03 1.81249383e-03
1.81249383e-03 1.81249383e-03 1.81249383e-03 1.81249383e-03 1.81249383e-03 1.81249383e-03
1.81249383e-03 1.81249383e-03 1.81249383e-03 1.81249383e-03 1.81249383e-03 1.81249383e-03
1.81249383e-03 1.81249383e-03 1.81249383e-03 1.81249383e-03 1.81249383e-03 1.81249383e-03
1.81249383e-03 1.81249383e-03 1.81249383e-03 1.81249383e-03 1.81249383e-03 1.81249383e-03
1.81249383e-03 1.81249383e-03 1.81249383e-03 1.81249383e-03 1.81249383e-03 1.81249383e-03
1.81249383e-03 1.81249383e-03 1.81249383e-03 1.81249383e-03 1.81249383e-03 1.81249383e-03
1.81249383e-03 1.81249383e-03 1.81249383e-03 1.81249383e-03 1.81249383e-03 1.81249383e-03
1.81249383e-03 1.81249383e-03 1.81249383e-03 1.81249383e-03 1.81249383e-03 1.81249383e-03
1.81249383e-03 1.81249383e-03 1.81249383e-03 1.81249383e-03 1.81249383e-03 1.81249383e-03
1.81249383e-03 1.81249383e-03 1.81249383e-03 1.81249383e-03 1.81249383e-03 1.81249383e-03
1.81249383e-03 1.81249383e-03 1.81249383e-03 1.81249383e-03 1.81249383e-03 1.81249383e-03
1.81249383e-03 1.81249383e-03 1.81249383e-03 1.81249383e-03 1.81249383e-03 1.81249383e-03
1.81249383e-03 1.81249383e-03 1.81249383e-03 1.81249383e-03 1.81249383e-03 1.81249383e-03
1.81249383e-03 1.81249383e-03 1.81249383e-03 1.81249383e-03 1.81249383e-03 1.81249383e-03
1.81249383e-03 1.81249383e-03 1.81249383e-03 1.81249383e-03 1.81249383e-03 1.81249383e-03
2.03200000e-03 2.03200000e-03 2.03200000e-03 2.03200000e-03 2.03200000e-03 2.03200000e-03
2.03200000e-03 2.03200000e-03 2.03200000e-03 2.03200000e-03 2.03200000e-03 2.03200000e-03
2.03200000e-03 2.03200000e-03 2.03200000e-03 2.03200000e-03 2.03200000e-03 2.03200000e-03
2.03200000e-03 2.03200000e-03 2.03200000e-03 2.03200000e-03 2.03200000e-03 2.03200000e-03
2.03200000e-03 2.03200000e-03 2.03200000e-03 2.03200000e-03 2.03200000e-03 2.03200000e-03
2.03200000e-03 2.03200000e-03 2.03200000e-03 2.03200000e-03 2.03200000e-03 2.03200000e-03
2.03200000e-03 2.03200000e-03 2.03200000e-03 2.03200000e-03 2.03200000e-03 2.03200000e-03
2.03200000e-03 2.03200000e-03 2.03200000e-03 2.03200000e-03 2.03200000e-03 2.03200000e-03
2.03200000e-03 2.03200000e-03 2.03200000e-03 2.03200000e-03 2.03200000e-03 2.03200000e-03
2.03200000e-03 2.03200000e-03 2.03200000e-03 2.03200000e-03 2.03200000e-03 2.03200000e-03
2.03200000e-03 2.03200000e-03 2.03200000e-03 2.03200000e-03 2.03200000e-03 2.03200000e-03
2.03200000e-03 2.03200000e-03 2.03200000e-03 2.03200000e-03 2.03200000e-03 2.03200000e-03
2.03200000e-03 2.03200000e-03 2.03200000e-03 2.03200000e-03 2.03200000e-03 2.03200000e-03
2.03200000e-03 2.03200000e-03 2.03200000e-03 2.03200000e-03 2.03200000e-03 2.03200000e-03
2.03200000e-03 2.03200000e-03 2.03200000e-03 2.03200000e-03 2.03200000e-03 2.03200000e-03
2.03200000e-03 2.26404938e-03 2.26404938e-03 2.26404938e-03 2.26404938e-03 2.26404938e-03
2.26404938e-03 2.26404938e-03 2.26404938e-03 2.26404938e-03 2.26404938e-03 2.26404938e-03
2.26404938e-03 2.26404938e-03 2.26404938e-03 2.26404938e-03 2.26404938e-03 2.26404938e-03
2.26404938e-03 2.26404938e-03 2.26404938e-03 2.26404938e-03 2.26404938e-03 2.26404938e-03
2.26404938e-03 2.26404938e-03 2.26404938e-03 2.26404938e-03 2.26404938e-03 2.26404938e-03
2.26404938e-03 2.26404938e-03 2.26404938e-03 2.26404938e-03 2.26404938e-03 2.26404938e-03
2.26404938e-03 2.26404938e-03 2.26404938e-03 2.26404938e-03 2.26404938e-03 2.26404938e-03
2.26404938e-03 2.26404938e-03 2.26404938e-03 2.26404938e-03 2.26404938e-03 2.26404938e-03
2.26404938e-03 2.26404938e-03 2.26404938e-03 2.26404938e-03 2.26404938e-03 2.26404938e-03
2.26404938e-03 2.26404938e-03 2.26404938e-03 2.26404938e-03 2.26404938e-03 2.26404938e-03
2.26404938e-03 2.26404938e-03 2.26404938e-03 2.26404938e-03 2.26404938e-03 2.26404938e-03
2.26404938e-03 2.26404938e-03 2.26404938e-03 2.26404938e-03 2.26404938e-03 2.26404938e-03
2.26404938e-03 2.26404938e-03 2.26404938e-03 2.26404938e-03 2.26404938e-03 2.26404938e-03
2.26404938e-03 2.26404938e-03 2.26404938e-03 2.26404938e-03 2.26404938e-03 2.26404938e-03
2.26404938e-03 2.26404938e-03 2.26404938e-03 2.26404938e-03 2.26404938e-03 2.26404938e-03
2.26404938e-03 2.26404938e-03 2.50864198e-03 2.50864198e-03 2.50864198e-03 2.50864198e-03
2.50864198e-03 2.50864198e-03 2.50864198e-03 2.50864198e-03 2.50864198e-03 2.50864198e-03
2.50864198e-03 2.50864198e-03 2.50864198e-03 2.50864198e-03 2.50864198e-03 2.50864198e-03
2.50864198e-03 2.50864198e-03 2.50864198e-03 2.50864198e-03 2.50864198e-03 2.50864198e-03
2.50864198e-03 2.50864198e-03 2.50864198e-03 2.50864198e-03 2.50864198e-03 2.50864198e-03
2.50864198e-03 2.50864198e-03 2.50864198e-03 2.50864198e-03 2.50864198e-03 2.50864198e-03
2.50864198e-03 2.50864198e-03 2.50864198e-03 2.50864198e-03 2.50864198e-03 2.50864198e-03
2.50864198e-03 2.50864198e-03 2.50864198e-03 2.50864198e-03 2.50864198e-03 2.50864198e-03
2.50864198e-03 2.50864198e-03 2.50864198e-03 2.50864198e-03 2.50864198e-03 2.50864198e-03
2.50864198e-03 2.50864198e-03 2.50864198e-03 2.50864198e-03 2.50864198e-03 2.50864198e-03
2.50864198e-03 2.50864198e-03 2.50864198e-03 2.50864198e-03 2.50864198e-03 2.50864198e-03
2.50864198e-03 2.50864198e-03 2.50864198e-03 2.50864198e-03 2.50864198e-03 2.50864198e-03
2.50864198e-03 2.50864198e-03 2.50864198e-03 2.50864198e-03 2.50864198e-03 2.50864198e-03
2.50864198e-03 2.50864198e-03 2.50864198e-03 2.50864198e-03 2.50864198e-03 2.50864198e-03
2.50864198e-03 2.50864198e-03 2.50864198e-03 2.50864198e-03 2.50864198e-03 2.50864198e-03
2.50864198e-03 2.50864198e-03 2.50864198e-03 2.76577778e-03 2.76577778e-03 2.76577778e-03
2.76577778e-03 2.76577778e-03 2.76577778e-03 2.76577778e-03 2.76577778e-03 2.76577778e-03
2.76577778e-03 2.76577778e-03 2.76577778e-03 2.76577778e-03 2.76577778e-03 2.76577778e-03
2.76577778e-03 2.76577778e-03 2.76577778e-03 2.76577778e-03 2.76577778e-03 2.76577778e-03
2.76577778e-03 2.76577778e-03 2.76577778e-03 2.76577778e-03 2.76577778e-03 2.76577778e-03
2.76577778e-03 2.76577778e-03 2.76577778e-03 2.76577778e-03 2.76577778e-03 2.76577778e-03
2.76577778e-03 2.76577778e-03 2.76577778e-03 2.76577778e-03 2.76577778e-03 2.76577778e-03
2.76577778e-03 2.76577778e-03 2.76577778e-03 2.76577778e-03 2.76577778e-03 2.76577778e-03
2.76577778e-03 2.76577778e-03 2.76577778e-03 2.76577778e-03 2.76577778e-03 2.76577778e-03
2.76577778e-03 2.76577778e-03 2.76577778e-03 2.76577778e-03 2.76577778e-03 2.76577778e-03
2.76577778e-03 2.76577778e-03 2.76577778e-03 2.76577778e-03 2.76577778e-03 2.76577778e-03
2.76577778e-03 2.76577778e-03 2.76577778e-03 2.76577778e-03 2.76577778e-03 2.76577778e-03
2.76577778e-03 2.76577778e-03 2.76577778e-03 2.76577778e-03 2.76577778e-03 2.76577778e-03
2.76577778e-03 2.76577778e-03 2.76577778e-03 2.76577778e-03 2.76577778e-03 2.76577778e-03
2.76577778e-03 2.76577778e-03 2.76577778e-03 2.76577778e-03 2.76577778e-03 2.76577778e-03
2.76577778e-03 2.76577778e-03 2.76577778e-03 2.76577778e-03 3.03545679e-03 3.03545679e-03
3.03545679e-03 3.03545679e-03 3.03545679e-03 3.03545679e-03 3.03545679e-03 3.03545679e-03
3.03545679e-03 3.03545679e-03 3.03545679e-03 3.03545679e-03 3.03545679e-03 3.03545679e-03
3.03545679e-03 3.03545679e-03 3.03545679e-03 3.03545679e-03 3.03545679e-03 3.03545679e-03
3.03545679e-03 3.03545679e-03 3.03545679e-03 3.03545679e-03 3.03545679e-03 3.03545679e-03
3.03545679e-03 3.03545679e-03 3.03545679e-03 3.03545679e-03 3.03545679e-03 3.03545679e-03
3.03545679e-03 3.03545679e-03 3.03545679e-03 3.03545679e-03 3.03545679e-03 3.03545679e-03
3.03545679e-03 3.03545679e-03 3.03545679e-03 3.03545679e-03 3.03545679e-03 3.03545679e-03
3.03545679e-03 3.03545679e-03 3.03545679e-03 3.03545679e-03 3.03545679e-03 3.03545679e-03
3.03545679e-03 3.03545679e-03 3.03545679e-03 3.03545679e-03 3.03545679e-03 3.03545679e-03
3.03545679e-03 3.03545679e-03 3.03545679e-03 3.03545679e-03 3.03545679e-03 3.03545679e-03
3.03545679e-03 3.03545679e-03 3.03545679e-03 3.03545679e-03 3.03545679e-03 3.03545679e-03
3.03545679e-03 3.03545679e-03 3.03545679e-03 3.03545679e-03 3.03545679e-03 3.03545679e-03
3.03545679e-03 3.03545679e-03 3.03545679e-03 3.03545679e-03 3.03545679e-03 3.03545679e-03
3.03545679e-03 3.03545679e-03 3.03545679e-03 3.03545679e-03 3.03545679e-03 3.03545679e-03
3.03545679e-03 3.03545679e-03 3.03545679e-03 3.03545679e-03 3.03545679e-03 3.31767901e-03
3.31767901e-03 3.31767901e-03 3.31767901e-03 3.31767901e-03 3.31767901e-03 3.31767901e-03
3.31767901e-03 3.31767901e-03 3.31767901e-03 3.31767901e-03 3.31767901e-03 3.31767901e-03
3.31767901e-03 3.31767901e-03 3.31767901e-03 3.31767901e-03 3.31767901e-03 3.31767901e-03
3.31767901e-03 3.31767901e-03 3.31767901e-03 3.31767901e-03 3.31767901e-03 3.31767901e-03
3.31767901e-03 3.31767901e-03 3.31767901e-03 3.31767901e-03 3.31767901e-03 3.31767901e-03
3.31767901e-03 3.31767901e-03 3.31767901e-03 3.31767901e-03 3.31767901e-03 3.31767901e-03
3.31767901e-03 3.31767901e-03 3.31767901e-03 3.31767901e-03 3.31767901e-03 3.31767901e-03
3.31767901e-03 3.31767901e-03 3.31767901e-03 3.31767901e-03 3.31767901e-03 3.31767901e-03
3.31767901e-03 3.31767901e-03 3.31767901e-03 3.31767901e-03 3.31767901e-03 3.31767901e-03
3.31767901e-03 3.31767901e-03 3.31767901e-03 3.31767901e-03 3.31767901e-03 3.31767901e-03
3.31767901e-03 3.31767901e-03 3.31767901e-03 3.31767901e-03 3.31767901e-03 3.31767901e-03
3.31767901e-03 3.31767901e-03 3.31767901e-03 3.31767901e-03 3.31767901e-03 3.31767901e-03
3.31767901e-03 3.31767901e-03 3.31767901e-03 3.31767901e-03 3.31767901e-03 3.31767901e-03
3.31767901e-03 3.31767901e-03 3.31767901e-03 3.31767901e-03 3.31767901e-03 3.31767901e-03
3.31767901e-03 3.31767901e-03 3.31767901e-03 3.31767901e-03 3.31767901e-03 3.31767901e-03
3.61244444e-03 3.61244444e-03 3.61244444e-03 3.61244444e-03 3.61244444e-03 3.61244444e-03
3.61244444e-03 3.61244444e-03 3.61244444e-03 3.61244444e-03 3.61244444e-03 3.61244444e-03
3.61244444e-03 3.61244444e-03 3.61244444e-03 3.61244444e-03 3.61244444e-03 3.61244444e-03
3.61244444e-03 3.61244444e-03 3.61244444e-03 3.61244444e-03 3.61244444e-03 3.61244444e-03
3.61244444e-03 3.61244444e-03 3.61244444e-03 3.61244444e-03 3.61244444e-03 3.61244444e-03
3.61244444e-03 3.61244444e-03 3.61244444e-03 3.61244444e-03 3.61244444e-03 3.61244444e-03
3.61244444e-03 3.61244444e-03 3.61244444e-03 3.61244444e-03 3.61244444e-03 3.61244444e-03
3.61244444e-03 3.61244444e-03 3.61244444e-03 3.61244444e-03 3.61244444e-03 3.61244444e-03
3.61244444e-03 3.61244444e-03 3.61244444e-03 3.61244444e-03 3.61244444e-03 3.61244444e-03
3.61244444e-03 3.61244444e-03 3.61244444e-03 3.61244444e-03 3.61244444e-03 3.61244444e-03
3.61244444e-03 3.61244444e-03 3.61244444e-03 3.61244444e-03 3.61244444e-03 3.61244444e-03
3.61244444e-03 3.61244444e-03 3.61244444e-03 3.61244444e-03 3.61244444e-03 3.61244444e-03
3.61244444e-03 3.61244444e-03 3.61244444e-03 3.61244444e-03 3.61244444e-03 3.61244444e-03
3.61244444e-03 3.61244444e-03 3.61244444e-03 3.61244444e-03 3.61244444e-03 3.61244444e-03
3.61244444e-03 3.61244444e-03 3.61244444e-03 3.61244444e-03 3.61244444e-03 3.61244444e-03
3.61244444e-03 3.91975309e-03 3.91975309e-03 3.91975309e-03 3.91975309e-03 3.91975309e-03
3.91975309e-03 3.91975309e-03 3.91975309e-03 3.91975309e-03 3.91975309e-03 3.91975309e-03
3.91975309e-03 3.91975309e-03 3.91975309e-03 3.91975309e-03 3.91975309e-03 3.91975309e-03
3.91975309e-03 3.91975309e-03 3.91975309e-03 3.91975309e-03 3.91975309e-03 3.91975309e-03
3.91975309e-03 3.91975309e-03 3.91975309e-03 3.91975309e-03 3.91975309e-03 3.91975309e-03
3.91975309e-03 3.91975309e-03 3.91975309e-03 3.91975309e-03 3.91975309e-03 3.91975309e-03
3.91975309e-03 3.91975309e-03 3.91975309e-03 3.91975309e-03 3.91975309e-03 3.91975309e-03
3.91975309e-03 3.91975309e-03 3.91975309e-03 3.91975309e-03 3.91975309e-03 3.91975309e-03
3.91975309e-03 3.91975309e-03 3.91975309e-03 3.91975309e-03 3.91975309e-03 3.91975309e-03
3.91975309e-03 3.91975309e-03 3.91975309e-03 3.91975309e-03 3.91975309e-03 3.91975309e-03
3.91975309e-03 3.91975309e-03 3.91975309e-03 3.91975309e-03 3.91975309e-03 3.91975309e-03
3.91975309e-03 3.91975309e-03 3.91975309e-03 3.91975309e-03 3.91975309e-03 3.91975309e-03
3.91975309e-03 3.91975309e-03 3.91975309e-03 3.91975309e-03 3.91975309e-03 3.91975309e-03
3.91975309e-03 3.91975309e-03 3.91975309e-03 3.91975309e-03 3.91975309e-03 3.91975309e-03
3.91975309e-03 3.91975309e-03 3.91975309e-03 3.91975309e-03 3.91975309e-03 3.91975309e-03
3.91975309e-03 3.91975309e-03 4.23960494e-03 4.23960494e-03 4.23960494e-03 4.23960494e-03
4.23960494e-03 4.23960494e-03 4.23960494e-03 4.23960494e-03 4.23960494e-03 4.23960494e-03
4.23960494e-03 4.23960494e-03 4.23960494e-03 4.23960494e-03 4.23960494e-03 4.23960494e-03
4.23960494e-03 4.23960494e-03 4.23960494e-03 4.23960494e-03 4.23960494e-03 4.23960494e-03
4.23960494e-03 4.23960494e-03 4.23960494e-03 4.23960494e-03 4.23960494e-03 4.23960494e-03
4.23960494e-03 4.23960494e-03 4.23960494e-03 4.23960494e-03 4.23960494e-03 4.23960494e-03
4.23960494e-03 4.23960494e-03 4.23960494e-03 4.23960494e-03 4.23960494e-03 4.23960494e-03
4.23960494e-03 4.23960494e-03 4.23960494e-03 4.23960494e-03 4.23960494e-03 4.23960494e-03
4.23960494e-03 4.23960494e-03 4.23960494e-03 4.23960494e-03 4.23960494e-03 4.23960494e-03
4.23960494e-03 4.23960494e-03 4.23960494e-03 4.23960494e-03 4.23960494e-03 4.23960494e-03
4.23960494e-03 4.23960494e-03 4.23960494e-03 4.23960494e-03 4.23960494e-03 4.23960494e-03
4.23960494e-03 4.23960494e-03 4.23960494e-03 4.23960494e-03 4.23960494e-03 4.23960494e-03
4.23960494e-03 4.23960494e-03 4.23960494e-03 4.23960494e-03 4.23960494e-03 4.23960494e-03
4.23960494e-03 4.23960494e-03 4.23960494e-03 4.23960494e-03 4.23960494e-03 4.23960494e-03
4.23960494e-03 4.23960494e-03 4.23960494e-03 4.23960494e-03 4.23960494e-03 4.23960494e-03
4.23960494e-03 4.23960494e-03 4.23960494e-03 4.57200000e-03 4.57200000e-03 4.57200000e-03
4.57200000e-03 4.57200000e-03 4.57200000e-03 4.57200000e-03 4.57200000e-03 4.57200000e-03
4.57200000e-03 4.57200000e-03 4.57200000e-03 4.57200000e-03 4.57200000e-03 4.57200000e-03
4.57200000e-03 4.57200000e-03 4.57200000e-03 4.57200000e-03 4.57200000e-03 4.57200000e-03
4.57200000e-03 4.57200000e-03 4.57200000e-03 4.57200000e-03 4.57200000e-03 4.57200000e-03
4.57200000e-03 4.57200000e-03 4.57200000e-03 4.57200000e-03 4.57200000e-03 4.57200000e-03
4.57200000e-03 4.57200000e-03 4.57200000e-03 4.57200000e-03 4.57200000e-03 4.57200000e-03
4.57200000e-03 4.57200000e-03 4.57200000e-03 4.57200000e-03 4.57200000e-03 4.57200000e-03
4.57200000e-03 4.57200000e-03 4.57200000e-03 4.57200000e-03 4.57200000e-03 4.57200000e-03
4.57200000e-03 4.57200000e-03 4.57200000e-03 4.57200000e-03 4.57200000e-03 4.57200000e-03
4.57200000e-03 4.57200000e-03 4.57200000e-03 4.57200000e-03 4.57200000e-03 4.57200000e-03
4.57200000e-03 4.57200000e-03 4.57200000e-03 4.57200000e-03 4.57200000e-03 4.57200000e-03
4.57200000e-03 4.57200000e-03 4.57200000e-03 4.57200000e-03 4.57200000e-03 4.57200000e-03
4.57200000e-03 4.57200000e-03 4.57200000e-03 4.57200000e-03 4.57200000e-03 4.57200000e-03
4.57200000e-03 4.57200000e-03 4.57200000e-03 4.57200000e-03 4.57200000e-03 4.57200000e-03
4.57200000e-03 4.57200000e-03 4.57200000e-03 4.57200000e-03 4.91693827e-03 4.91693827e-03
4.91693827e-03 4.91693827e-03 4.91693827e-03 4.91693827e-03 4.91693827e-03 4.91693827e-03
4.91693827e-03 4.91693827e-03 4.91693827e-03 4.91693827e-03 4.91693827e-03 4.91693827e-03
4.91693827e-03 4.91693827e-03 4.91693827e-03 4.91693827e-03 4.91693827e-03 4.91693827e-03
4.91693827e-03 4.91693827e-03 4.91693827e-03 4.91693827e-03 4.91693827e-03 4.91693827e-03
4.91693827e-03 4.91693827e-03 4.91693827e-03 4.91693827e-03 4.91693827e-03 4.91693827e-03
4.91693827e-03 4.91693827e-03 4.91693827e-03 4.91693827e-03 4.91693827e-03 4.91693827e-03
4.91693827e-03 4.91693827e-03 4.91693827e-03 4.91693827e-03 4.91693827e-03 4.91693827e-03
4.91693827e-03 4.91693827e-03 4.91693827e-03 4.91693827e-03 4.91693827e-03 4.91693827e-03
4.91693827e-03 4.91693827e-03 4.91693827e-03 4.91693827e-03 4.91693827e-03 4.91693827e-03
4.91693827e-03 4.91693827e-03 4.91693827e-03 4.91693827e-03 4.91693827e-03 4.91693827e-03
4.91693827e-03 4.91693827e-03 4.91693827e-03 4.91693827e-03 4.91693827e-03 4.91693827e-03
4.91693827e-03 4.91693827e-03 4.91693827e-03 4.91693827e-03 4.91693827e-03 4.91693827e-03
4.91693827e-03 4.91693827e-03 4.91693827e-03 4.91693827e-03 4.91693827e-03 4.91693827e-03
4.91693827e-03 4.91693827e-03 4.91693827e-03 4.91693827e-03 4.91693827e-03 4.91693827e-03
4.91693827e-03 4.91693827e-03 4.91693827e-03 4.91693827e-03 4.91693827e-03 5.27441975e-03
5.27441975e-03 5.27441975e-03 5.27441975e-03 5.27441975e-03 5.27441975e-03 5.27441975e-03
5.27441975e-03 5.27441975e-03 5.27441975e-03 5.27441975e-03 5.27441975e-03 5.27441975e-03
5.27441975e-03 5.27441975e-03 5.27441975e-03 5.27441975e-03 5.27441975e-03 5.27441975e-03
5.27441975e-03 5.27441975e-03 5.27441975e-03 5.27441975e-03 5.27441975e-03 5.27441975e-03
5.27441975e-03 5.27441975e-03 5.27441975e-03 5.27441975e-03 5.27441975e-03 5.27441975e-03
5.27441975e-03 5.27441975e-03 5.27441975e-03 5.27441975e-03 5.27441975e-03 5.27441975e-03
5.27441975e-03 5.27441975e-03 5.27441975e-03 5.27441975e-03 5.27441975e-03 5.27441975e-03
5.27441975e-03 5.27441975e-03 5.27441975e-03 5.27441975e-03 5.27441975e-03 5.27441975e-03
5.27441975e-03 5.27441975e-03 5.27441975e-03 5.27441975e-03 5.27441975e-03 5.27441975e-03
5.27441975e-03 5.27441975e-03 5.27441975e-03 5.27441975e-03 5.27441975e-03 5.27441975e-03
5.27441975e-03 5.27441975e-03 5.27441975e-03 5.27441975e-03 5.27441975e-03 5.27441975e-03
5.27441975e-03 5.27441975e-03 5.27441975e-03 5.27441975e-03 5.27441975e-03 5.27441975e-03
5.27441975e-03 5.27441975e-03 5.27441975e-03 5.27441975e-03 5.27441975e-03 5.27441975e-03
5.27441975e-03 5.27441975e-03 5.27441975e-03 5.27441975e-03 5.27441975e-03 5.27441975e-03
5.27441975e-03 5.27441975e-03 5.27441975e-03 5.27441975e-03 5.27441975e-03 5.27441975e-03
5.64444444e-03 5.64444444e-03 5.64444444e-03 5.64444444e-03 5.64444444e-03 5.64444444e-03
5.64444444e-03 5.64444444e-03 5.64444444e-03 5.64444444e-03 5.64444444e-03 5.64444444e-03
5.64444444e-03 5.64444444e-03 5.64444444e-03 5.64444444e-03 5.64444444e-03 5.64444444e-03
5.64444444e-03 5.64444444e-03 5.64444444e-03 5.64444444e-03 5.64444444e-03 5.64444444e-03
5.64444444e-03 5.64444444e-03 5.64444444e-03 5.64444444e-03 5.64444444e-03 5.64444444e-03
5.64444444e-03 5.64444444e-03 5.64444444e-03 5.64444444e-03 5.64444444e-03 5.64444444e-03
5.64444444e-03 5.64444444e-03 5.64444444e-03 5.64444444e-03 5.64444444e-03 5.64444444e-03
5.64444444e-03 5.64444444e-03 5.64444444e-03 5.64444444e-03 5.64444444e-03 5.64444444e-03
5.64444444e-03 5.64444444e-03 5.64444444e-03 5.64444444e-03 5.64444444e-03 5.64444444e-03
5.64444444e-03 5.64444444e-03 5.64444444e-03 5.64444444e-03 5.64444444e-03 5.64444444e-03
5.64444444e-03 5.64444444e-03 5.64444444e-03 5.64444444e-03 5.64444444e-03 5.64444444e-03
5.64444444e-03 5.64444444e-03 5.64444444e-03 5.64444444e-03 5.64444444e-03 5.64444444e-03
5.64444444e-03 5.64444444e-03 5.64444444e-03 5.64444444e-03 5.64444444e-03 5.64444444e-03
5.64444444e-03 5.64444444e-03 5.64444444e-03 5.64444444e-03 5.64444444e-03 5.64444444e-03
5.64444444e-03 5.64444444e-03 5.64444444e-03 5.64444444e-03 5.64444444e-03 5.64444444e-03
5.64444444e-03 6.02701235e-03 6.02701235e-03 6.02701235e-03 6.02701235e-03 6.02701235e-03
6.02701235e-03 6.02701235e-03 6.02701235e-03 6.02701235e-03 6.02701235e-03 6.02701235e-03
6.02701235e-03 6.02701235e-03 6.02701235e-03 6.02701235e-03 6.02701235e-03 6.02701235e-03
6.02701235e-03 6.02701235e-03 6.02701235e-03 6.02701235e-03 6.02701235e-03 6.02701235e-03
6.02701235e-03 6.02701235e-03 6.02701235e-03 6.02701235e-03 6.02701235e-03 6.02701235e-03
6.02701235e-03 6.02701235e-03 6.02701235e-03 6.02701235e-03 6.02701235e-03 6.02701235e-03
6.02701235e-03 6.02701235e-03 6.02701235e-03 6.02701235e-03 6.02701235e-03 6.02701235e-03
6.02701235e-03 6.02701235e-03 6.02701235e-03 6.02701235e-03 6.02701235e-03 6.02701235e-03
6.02701235e-03 6.02701235e-03 6.02701235e-03 6.02701235e-03 6.02701235e-03 6.02701235e-03
6.02701235e-03 6.02701235e-03 6.02701235e-03 6.02701235e-03 6.02701235e-03 6.02701235e-03
6.02701235e-03 6.02701235e-03 6.02701235e-03 6.02701235e-03 6.02701235e-03 6.02701235e-03
6.02701235e-03 6.02701235e-03 6.02701235e-03 6.02701235e-03 6.02701235e-03 6.02701235e-03
6.02701235e-03 6.02701235e-03 6.02701235e-03 6.02701235e-03 6.02701235e-03 6.02701235e-03
6.02701235e-03 6.02701235e-03 6.02701235e-03 6.02701235e-03 6.02701235e-03 6.02701235e-03
6.02701235e-03 6.02701235e-03 6.02701235e-03 6.02701235e-03 6.02701235e-03 6.02701235e-03
6.02701235e-03 6.02701235e-03 6.42212346e-03 6.42212346e-03 6.42212346e-03 6.42212346e-03
6.42212346e-03 6.42212346e-03 6.42212346e-03 6.42212346e-03 6.42212346e-03 6.42212346e-03
6.42212346e-03 6.42212346e-03 6.42212346e-03 6.42212346e-03 6.42212346e-03 6.42212346e-03
6.42212346e-03 6.42212346e-03 6.42212346e-03 6.42212346e-03 6.42212346e-03 6.42212346e-03
6.42212346e-03 6.42212346e-03 6.42212346e-03 6.42212346e-03 6.42212346e-03 6.42212346e-03
6.42212346e-03 6.42212346e-03 6.42212346e-03 6.42212346e-03 6.42212346e-03 6.42212346e-03
6.42212346e-03 6.42212346e-03 6.42212346e-03 6.42212346e-03 6.42212346e-03 6.42212346e-03
6.42212346e-03 6.42212346e-03 6.42212346e-03 6.42212346e-03 6.42212346e-03 6.42212346e-03
6.42212346e-03 6.42212346e-03 6.42212346e-03 6.42212346e-03 6.42212346e-03 6.42212346e-03
6.42212346e-03 6.42212346e-03 6.42212346e-03 6.42212346e-03 6.42212346e-03 6.42212346e-03
6.42212346e-03 6.42212346e-03 6.42212346e-03 6.42212346e-03 6.42212346e-03 6.42212346e-03
6.42212346e-03 6.42212346e-03 6.42212346e-03 6.42212346e-03 6.42212346e-03 6.42212346e-03
6.42212346e-03 6.42212346e-03 6.42212346e-03 6.42212346e-03 6.42212346e-03 6.42212346e-03
6.42212346e-03 6.42212346e-03 6.42212346e-03 6.42212346e-03 6.42212346e-03 6.42212346e-03
6.42212346e-03 6.42212346e-03 6.42212346e-03 6.42212346e-03 6.42212346e-03 6.42212346e-03
6.42212346e-03 6.42212346e-03 6.42212346e-03 6.82977778e-03 6.82977778e-03 6.82977778e-03
6.82977778e-03 6.82977778e-03 6.82977778e-03 6.82977778e-03 6.82977778e-03 6.82977778e-03
6.82977778e-03 6.82977778e-03 6.82977778e-03 6.82977778e-03 6.82977778e-03 6.82977778e-03
6.82977778e-03 6.82977778e-03 6.82977778e-03 6.82977778e-03 6.82977778e-03 6.82977778e-03
6.82977778e-03 6.82977778e-03 6.82977778e-03 6.82977778e-03 6.82977778e-03 6.82977778e-03
6.82977778e-03 6.82977778e-03 6.82977778e-03 6.82977778e-03 6.82977778e-03 6.82977778e-03
6.82977778e-03 6.82977778e-03 6.82977778e-03 6.82977778e-03 6.82977778e-03 6.82977778e-03
6.82977778e-03 6.82977778e-03 6.82977778e-03 6.82977778e-03 6.82977778e-03 6.82977778e-03
6.82977778e-03 6.82977778e-03 6.82977778e-03 6.82977778e-03 6.82977778e-03 6.82977778e-03
6.82977778e-03 6.82977778e-03 6.82977778e-03 6.82977778e-03 6.82977778e-03 6.82977778e-03
6.82977778e-03 6.82977778e-03 6.82977778e-03 6.82977778e-03 6.82977778e-03 6.82977778e-03
6.82977778e-03 6.82977778e-03 6.82977778e-03 6.82977778e-03 6.82977778e-03 6.82977778e-03
6.82977778e-03 6.82977778e-03 6.82977778e-03 6.82977778e-03 6.82977778e-03 6.82977778e-03
6.82977778e-03 6.82977778e-03 6.82977778e-03 6.82977778e-03 6.82977778e-03 6.82977778e-03
6.82977778e-03 6.82977778e-03 6.82977778e-03 6.82977778e-03 6.82977778e-03 6.82977778e-03
6.82977778e-03 6.82977778e-03 6.82977778e-03 6.82977778e-03 7.24997531e-03 7.24997531e-03
7.24997531e-03 7.24997531e-03 7.24997531e-03 7.24997531e-03 7.24997531e-03 7.24997531e-03
7.24997531e-03 7.24997531e-03 7.24997531e-03 7.24997531e-03 7.24997531e-03 7.24997531e-03
7.24997531e-03 7.24997531e-03 7.24997531e-03 7.24997531e-03 7.24997531e-03 7.24997531e-03
7.24997531e-03 7.24997531e-03 7.24997531e-03 7.24997531e-03 7.24997531e-03 7.24997531e-03
7.24997531e-03 7.24997531e-03 7.24997531e-03 7.24997531e-03 7.24997531e-03 7.24997531e-03
7.24997531e-03 7.24997531e-03 7.24997531e-03 7.24997531e-03 7.24997531e-03 7.24997531e-03
7.24997531e-03 7.24997531e-03 7.24997531e-03 7.24997531e-03 7.24997531e-03 7.24997531e-03
7.24997531e-03 7.24997531e-03 7.24997531e-03 7.24997531e-03 7.24997531e-03 7.24997531e-03
7.24997531e-03 7.24997531e-03 7.24997531e-03 7.24997531e-03 7.24997531e-03 7.24997531e-03
7.24997531e-03 7.24997531e-03 7.24997531e-03 7.24997531e-03 7.24997531e-03 7.24997531e-03
7.24997531e-03 7.24997531e-03 7.24997531e-03 7.24997531e-03 7.24997531e-03 7.24997531e-03
7.24997531e-03 7.24997531e-03 7.24997531e-03 7.24997531e-03 7.24997531e-03 7.24997531e-03
7.24997531e-03 7.24997531e-03 7.24997531e-03 7.24997531e-03 7.24997531e-03 7.24997531e-03
7.24997531e-03 7.24997531e-03 7.24997531e-03 7.24997531e-03 7.24997531e-03 7.24997531e-03
7.24997531e-03 7.24997531e-03 7.24997531e-03 7.24997531e-03 7.24997531e-03 7.68271605e-03
7.68271605e-03 7.68271605e-03 7.68271605e-03 7.68271605e-03 7.68271605e-03 7.68271605e-03
7.68271605e-03 7.68271605e-03 7.68271605e-03 7.68271605e-03 7.68271605e-03 7.68271605e-03
7.68271605e-03 7.68271605e-03 7.68271605e-03 7.68271605e-03 7.68271605e-03 7.68271605e-03
7.68271605e-03 7.68271605e-03 7.68271605e-03 7.68271605e-03 7.68271605e-03 7.68271605e-03
7.68271605e-03 7.68271605e-03 7.68271605e-03 7.68271605e-03 7.68271605e-03 7.68271605e-03
7.68271605e-03 7.68271605e-03 7.68271605e-03 7.68271605e-03 7.68271605e-03 7.68271605e-03
7.68271605e-03 7.68271605e-03 7.68271605e-03 7.68271605e-03 7.68271605e-03 7.68271605e-03
7.68271605e-03 7.68271605e-03 7.68271605e-03 7.68271605e-03 7.68271605e-03 7.68271605e-03
7.68271605e-03 7.68271605e-03 7.68271605e-03 7.68271605e-03 7.68271605e-03 7.68271605e-03
7.68271605e-03 7.68271605e-03 7.68271605e-03 7.68271605e-03 7.68271605e-03 7.68271605e-03
7.68271605e-03 7.68271605e-03 7.68271605e-03 7.68271605e-03 7.68271605e-03 7.68271605e-03
7.68271605e-03 7.68271605e-03 7.68271605e-03 7.68271605e-03 7.68271605e-03 7.68271605e-03
7.68271605e-03 7.68271605e-03 7.68271605e-03 7.68271605e-03 7.68271605e-03 7.68271605e-03
7.68271605e-03 7.68271605e-03 7.68271605e-03 7.68271605e-03 7.68271605e-03 7.68271605e-03
7.68271605e-03 7.68271605e-03 7.68271605e-03 7.68271605e-03 7.68271605e-03 7.68271605e-03
8.12800000e-03 8.12800000e-03 8.12800000e-03 8.12800000e-03 8.12800000e-03 8.12800000e-03
8.12800000e-03 8.12800000e-03 8.12800000e-03 8.12800000e-03 8.12800000e-03 8.12800000e-03
8.12800000e-03 8.12800000e-03 8.12800000e-03 8.12800000e-03 8.12800000e-03 8.12800000e-03
8.12800000e-03 8.12800000e-03 8.12800000e-03 8.12800000e-03 8.12800000e-03 8.12800000e-03
8.12800000e-03 8.12800000e-03 8.12800000e-03 8.12800000e-03 8.12800000e-03 8.12800000e-03
8.12800000e-03 8.12800000e-03 8.12800000e-03 8.12800000e-03 8.12800000e-03 8.12800000e-03
8.12800000e-03 8.12800000e-03 8.12800000e-03 8.12800000e-03 8.12800000e-03 8.12800000e-03
8.12800000e-03 8.12800000e-03 8.12800000e-03 8.12800000e-03 8.12800000e-03 8.12800000e-03
8.12800000e-03 8.12800000e-03 8.12800000e-03 8.12800000e-03 8.12800000e-03 8.12800000e-03
8.12800000e-03 8.12800000e-03 8.12800000e-03 8.12800000e-03 8.12800000e-03 8.12800000e-03
8.12800000e-03 8.12800000e-03 8.12800000e-03 8.12800000e-03 8.12800000e-03 8.12800000e-03
8.12800000e-03 8.12800000e-03 8.12800000e-03 8.12800000e-03 8.12800000e-03 8.12800000e-03
8.12800000e-03 8.12800000e-03 8.12800000e-03 8.12800000e-03 8.12800000e-03 8.12800000e-03
8.12800000e-03 8.12800000e-03 8.12800000e-03 8.12800000e-03 8.12800000e-03 8.12800000e-03
8.12800000e-03 8.12800000e-03 8.12800000e-03 8.12800000e-03 8.12800000e-03 8.12800000e-03
8.12800000e-03 8.58582716e-03 8.58582716e-03 8.58582716e-03 8.58582716e-03 8.58582716e-03
8.58582716e-03 8.58582716e-03 8.58582716e-03 8.58582716e-03 8.58582716e-03 8.58582716e-03
8.58582716e-03 8.58582716e-03 8.58582716e-03 8.58582716e-03 8.58582716e-03 8.58582716e-03
8.58582716e-03 8.58582716e-03 8.58582716e-03 8.58582716e-03 8.58582716e-03 8.58582716e-03
8.58582716e-03 8.58582716e-03 8.58582716e-03 8.58582716e-03 8.58582716e-03 8.58582716e-03
8.58582716e-03 8.58582716e-03 8.58582716e-03 8.58582716e-03 8.58582716e-03 8.58582716e-03
8.58582716e-03 8.58582716e-03 8.58582716e-03 8.58582716e-03 8.58582716e-03 8.58582716e-03
8.58582716e-03 8.58582716e-03 8.58582716e-03 8.58582716e-03 8.58582716e-03 8.58582716e-03
8.58582716e-03 8.58582716e-03 8.58582716e-03 8.58582716e-03 8.58582716e-03 8.58582716e-03
8.58582716e-03 8.58582716e-03 8.58582716e-03 8.58582716e-03 8.58582716e-03 8.58582716e-03
8.58582716e-03 8.58582716e-03 8.58582716e-03 8.58582716e-03 8.58582716e-03 8.58582716e-03
8.58582716e-03 8.58582716e-03 8.58582716e-03 8.58582716e-03 8.58582716e-03 8.58582716e-03
8.58582716e-03 8.58582716e-03 8.58582716e-03 8.58582716e-03 8.58582716e-03 8.58582716e-03
8.58582716e-03 8.58582716e-03 8.58582716e-03 8.58582716e-03 8.58582716e-03 8.58582716e-03
8.58582716e-03 8.58582716e-03 8.58582716e-03 8.58582716e-03 8.58582716e-03 8.58582716e-03
8.58582716e-03 8.58582716e-03 9.05619753e-03 9.05619753e-03 9.05619753e-03 9.05619753e-03
9.05619753e-03 9.05619753e-03 9.05619753e-03 9.05619753e-03 9.05619753e-03 9.05619753e-03
9.05619753e-03 9.05619753e-03 9.05619753e-03 9.05619753e-03 9.05619753e-03 9.05619753e-03
9.05619753e-03 9.05619753e-03 9.05619753e-03 9.05619753e-03 9.05619753e-03 9.05619753e-03
9.05619753e-03 9.05619753e-03 9.05619753e-03 9.05619753e-03 9.05619753e-03 9.05619753e-03
9.05619753e-03 9.05619753e-03 9.05619753e-03 9.05619753e-03 9.05619753e-03 9.05619753e-03
9.05619753e-03 9.05619753e-03 9.05619753e-03 9.05619753e-03 9.05619753e-03 9.05619753e-03
9.05619753e-03 9.05619753e-03 9.05619753e-03 9.05619753e-03 9.05619753e-03 9.05619753e-03
9.05619753e-03 9.05619753e-03 9.05619753e-03 9.05619753e-03 9.05619753e-03 9.05619753e-03
9.05619753e-03 9.05619753e-03 9.05619753e-03 9.05619753e-03 9.05619753e-03 9.05619753e-03
9.05619753e-03 9.05619753e-03 9.05619753e-03 9.05619753e-03 9.05619753e-03 9.05619753e-03
9.05619753e-03 9.05619753e-03 9.05619753e-03 9.05619753e-03 9.05619753e-03 9.05619753e-03
9.05619753e-03 9.05619753e-03 9.05619753e-03 9.05619753e-03 9.05619753e-03 9.05619753e-03
9.05619753e-03 9.05619753e-03 9.05619753e-03 9.05619753e-03 9.05619753e-03 9.05619753e-03
9.05619753e-03 9.05619753e-03 9.05619753e-03 9.05619753e-03 9.05619753e-03 9.05619753e-03
9.05619753e-03 9.05619753e-03 9.05619753e-03 9.53911111e-03 9.53911111e-03 9.53911111e-03
9.53911111e-03 9.53911111e-03 9.53911111e-03 9.53911111e-03 9.53911111e-03 9.53911111e-03
9.53911111e-03 9.53911111e-03 9.53911111e-03 9.53911111e-03 9.53911111e-03 9.53911111e-03
9.53911111e-03 9.53911111e-03 9.53911111e-03 9.53911111e-03 9.53911111e-03 9.53911111e-03
9.53911111e-03 9.53911111e-03 9.53911111e-03 9.53911111e-03 9.53911111e-03 9.53911111e-03
9.53911111e-03 9.53911111e-03 9.53911111e-03 9.53911111e-03 9.53911111e-03 9.53911111e-03
9.53911111e-03 9.53911111e-03 9.53911111e-03 9.53911111e-03 9.53911111e-03 9.53911111e-03
9.53911111e-03 9.53911111e-03 9.53911111e-03 9.53911111e-03 9.53911111e-03 9.53911111e-03
9.53911111e-03 9.53911111e-03 9.53911111e-03 9.53911111e-03 9.53911111e-03 9.53911111e-03
9.53911111e-03 9.53911111e-03 9.53911111e-03 9.53911111e-03 9.53911111e-03 9.53911111e-03
9.53911111e-03 9.53911111e-03 9.53911111e-03 9.53911111e-03 9.53911111e-03 9.53911111e-03
9.53911111e-03 9.53911111e-03 9.53911111e-03 9.53911111e-03 9.53911111e-03 9.53911111e-03
9.53911111e-03 9.53911111e-03 9.53911111e-03 9.53911111e-03 9.53911111e-03 9.53911111e-03
9.53911111e-03 9.53911111e-03 9.53911111e-03 9.53911111e-03 9.53911111e-03 9.53911111e-03
9.53911111e-03 9.53911111e-03 9.53911111e-03 9.53911111e-03 9.53911111e-03 9.53911111e-03
9.53911111e-03 9.53911111e-03 9.53911111e-03 9.53911111e-03 1.00345679e-02 1.00345679e-02
1.00345679e-02 1.00345679e-02 1.00345679e-02 1.00345679e-02 1.00345679e-02 1.00345679e-02
1.00345679e-02 1.00345679e-02 1.00345679e-02 1.00345679e-02 1.00345679e-02 1.00345679e-02
1.00345679e-02 1.00345679e-02 1.00345679e-02 1.00345679e-02 1.00345679e-02 1.00345679e-02
1.00345679e-02 1.00345679e-02 1.00345679e-02 1.00345679e-02 1.00345679e-02 1.00345679e-02
1.00345679e-02 1.00345679e-02 1.00345679e-02 1.00345679e-02 1.00345679e-02 1.00345679e-02
1.00345679e-02 1.00345679e-02 1.00345679e-02 1.00345679e-02 1.00345679e-02 1.00345679e-02
1.00345679e-02 1.00345679e-02 1.00345679e-02 1.00345679e-02 1.00345679e-02 1.00345679e-02
1.00345679e-02 1.00345679e-02 1.00345679e-02 1.00345679e-02 1.00345679e-02 1.00345679e-02
1.00345679e-02 1.00345679e-02 1.00345679e-02 1.00345679e-02 1.00345679e-02 1.00345679e-02
1.00345679e-02 1.00345679e-02 1.00345679e-02 1.00345679e-02 1.00345679e-02 1.00345679e-02
1.00345679e-02 1.00345679e-02 1.00345679e-02 1.00345679e-02 1.00345679e-02 1.00345679e-02
1.00345679e-02 1.00345679e-02 1.00345679e-02 1.00345679e-02 1.00345679e-02 1.00345679e-02
1.00345679e-02 1.00345679e-02 1.00345679e-02 1.00345679e-02 1.00345679e-02 1.00345679e-02
1.00345679e-02 1.00345679e-02 1.00345679e-02 1.00345679e-02 1.00345679e-02 1.00345679e-02
1.00345679e-02 1.00345679e-02 1.00345679e-02 1.00345679e-02 1.00345679e-02 1.05425679e-02
1.05425679e-02 1.05425679e-02 1.05425679e-02 1.05425679e-02 1.05425679e-02 1.05425679e-02
1.05425679e-02 1.05425679e-02 1.05425679e-02 1.05425679e-02 1.05425679e-02 1.05425679e-02
1.05425679e-02 1.05425679e-02 1.05425679e-02 1.05425679e-02 1.05425679e-02 1.05425679e-02
1.05425679e-02 1.05425679e-02 1.05425679e-02 1.05425679e-02 1.05425679e-02 1.05425679e-02
1.05425679e-02 1.05425679e-02 1.05425679e-02 1.05425679e-02 1.05425679e-02 1.05425679e-02
1.05425679e-02 1.05425679e-02 1.05425679e-02 1.05425679e-02 1.05425679e-02 1.05425679e-02
1.05425679e-02 1.05425679e-02 1.05425679e-02 1.05425679e-02 1.05425679e-02 1.05425679e-02
1.05425679e-02 1.05425679e-02 1.05425679e-02 1.05425679e-02 1.05425679e-02 1.05425679e-02
1.05425679e-02 1.05425679e-02 1.05425679e-02 1.05425679e-02 1.05425679e-02 1.05425679e-02
1.05425679e-02 1.05425679e-02 1.05425679e-02 1.05425679e-02 1.05425679e-02 1.05425679e-02
1.05425679e-02 1.05425679e-02 1.05425679e-02 1.05425679e-02 1.05425679e-02 1.05425679e-02
1.05425679e-02 1.05425679e-02 1.05425679e-02 1.05425679e-02 1.05425679e-02 1.05425679e-02
1.05425679e-02 1.05425679e-02 1.05425679e-02 1.05425679e-02 1.05425679e-02 1.05425679e-02
1.05425679e-02 1.05425679e-02 1.05425679e-02 1.05425679e-02 1.05425679e-02 1.05425679e-02
1.05425679e-02 1.05425679e-02 1.05425679e-02 1.05425679e-02 1.05425679e-02 1.05425679e-02
1.10631111e-02 1.10631111e-02 1.10631111e-02 1.10631111e-02 1.10631111e-02 1.10631111e-02
1.10631111e-02 1.10631111e-02 1.10631111e-02 1.10631111e-02 1.10631111e-02 1.10631111e-02
1.10631111e-02 1.10631111e-02 1.10631111e-02 1.10631111e-02 1.10631111e-02 1.10631111e-02
1.10631111e-02 1.10631111e-02 1.10631111e-02 1.10631111e-02 1.10631111e-02 1.10631111e-02
1.10631111e-02 1.10631111e-02 1.10631111e-02 1.10631111e-02 1.10631111e-02 1.10631111e-02
1.10631111e-02 1.10631111e-02 1.10631111e-02 1.10631111e-02 1.10631111e-02 1.10631111e-02
1.10631111e-02 1.10631111e-02 1.10631111e-02 1.10631111e-02 1.10631111e-02 1.10631111e-02
1.10631111e-02 1.10631111e-02 1.10631111e-02 1.10631111e-02 1.10631111e-02 1.10631111e-02
1.10631111e-02 1.10631111e-02 1.10631111e-02 1.10631111e-02 1.10631111e-02 1.10631111e-02
1.10631111e-02 1.10631111e-02 1.10631111e-02 1.10631111e-02 1.10631111e-02 1.10631111e-02
1.10631111e-02 1.10631111e-02 1.10631111e-02 1.10631111e-02 1.10631111e-02 1.10631111e-02
1.10631111e-02 1.10631111e-02 1.10631111e-02 1.10631111e-02 1.10631111e-02 1.10631111e-02
1.10631111e-02 1.10631111e-02 1.10631111e-02 1.10631111e-02 1.10631111e-02 1.10631111e-02
1.10631111e-02 1.10631111e-02 1.10631111e-02 1.10631111e-02 1.10631111e-02 1.10631111e-02
1.10631111e-02 1.10631111e-02 1.10631111e-02 1.10631111e-02 1.10631111e-02 1.10631111e-02
1.10631111e-02 1.15961975e-02 1.15961975e-02 1.15961975e-02 1.15961975e-02 1.15961975e-02
1.15961975e-02 1.15961975e-02 1.15961975e-02 1.15961975e-02 1.15961975e-02 1.15961975e-02
1.15961975e-02 1.15961975e-02 1.15961975e-02 1.15961975e-02 1.15961975e-02 1.15961975e-02
1.15961975e-02 1.15961975e-02 1.15961975e-02 1.15961975e-02 1.15961975e-02 1.15961975e-02
1.15961975e-02 1.15961975e-02 1.15961975e-02 1.15961975e-02 1.15961975e-02 1.15961975e-02
1.15961975e-02 1.15961975e-02 1.15961975e-02 1.15961975e-02 1.15961975e-02 1.15961975e-02
1.15961975e-02 1.15961975e-02 1.15961975e-02 1.15961975e-02 1.15961975e-02 1.15961975e-02
1.15961975e-02 1.15961975e-02 1.15961975e-02 1.15961975e-02 1.15961975e-02 1.15961975e-02
1.15961975e-02 1.15961975e-02 1.15961975e-02 1.15961975e-02 1.15961975e-02 1.15961975e-02
1.15961975e-02 1.15961975e-02 1.15961975e-02 1.15961975e-02 1.15961975e-02 1.15961975e-02
1.15961975e-02 1.15961975e-02 1.15961975e-02 1.15961975e-02 1.15961975e-02 1.15961975e-02
1.15961975e-02 1.15961975e-02 1.15961975e-02 1.15961975e-02 1.15961975e-02 1.15961975e-02
1.15961975e-02 1.15961975e-02 1.15961975e-02 1.15961975e-02 1.15961975e-02 1.15961975e-02
1.15961975e-02 1.15961975e-02 1.15961975e-02 1.15961975e-02 1.15961975e-02 1.15961975e-02
1.15961975e-02 1.15961975e-02 1.15961975e-02 1.15961975e-02 1.15961975e-02 1.15961975e-02
1.15961975e-02 1.15961975e-02 1.21418272e-02 1.21418272e-02 1.21418272e-02 1.21418272e-02
1.21418272e-02 1.21418272e-02 1.21418272e-02 1.21418272e-02 1.21418272e-02 1.21418272e-02
1.21418272e-02 1.21418272e-02 1.21418272e-02 1.21418272e-02 1.21418272e-02 1.21418272e-02
1.21418272e-02 1.21418272e-02 1.21418272e-02 1.21418272e-02 1.21418272e-02 1.21418272e-02
1.21418272e-02 1.21418272e-02 1.21418272e-02 1.21418272e-02 1.21418272e-02 1.21418272e-02
1.21418272e-02 1.21418272e-02 1.21418272e-02 1.21418272e-02 1.21418272e-02 1.21418272e-02
1.21418272e-02 1.21418272e-02 1.21418272e-02 1.21418272e-02 1.21418272e-02 1.21418272e-02
1.21418272e-02 1.21418272e-02 1.21418272e-02 1.21418272e-02 1.21418272e-02 1.21418272e-02
1.21418272e-02 1.21418272e-02 1.21418272e-02 1.21418272e-02 1.21418272e-02 1.21418272e-02
1.21418272e-02 1.21418272e-02 1.21418272e-02 1.21418272e-02 1.21418272e-02 1.21418272e-02
1.21418272e-02 1.21418272e-02 1.21418272e-02 1.21418272e-02 1.21418272e-02 1.21418272e-02
1.21418272e-02 1.21418272e-02 1.21418272e-02 1.21418272e-02 1.21418272e-02 1.21418272e-02
1.21418272e-02 1.21418272e-02 1.21418272e-02 1.21418272e-02 1.21418272e-02 1.21418272e-02
1.21418272e-02 1.21418272e-02 1.21418272e-02 1.21418272e-02 1.21418272e-02 1.21418272e-02
1.21418272e-02 1.21418272e-02 1.21418272e-02 1.21418272e-02 1.21418272e-02 1.21418272e-02
1.21418272e-02 1.21418272e-02 1.21418272e-02 1.27000000e-02 1.27000000e-02 1.27000000e-02
1.27000000e-02 1.27000000e-02 1.27000000e-02 1.27000000e-02 1.27000000e-02 1.27000000e-02
1.27000000e-02 1.27000000e-02 1.27000000e-02 1.27000000e-02 1.27000000e-02 1.27000000e-02
1.27000000e-02 1.27000000e-02 1.27000000e-02 1.27000000e-02 1.27000000e-02 1.27000000e-02
1.27000000e-02 1.27000000e-02 1.27000000e-02 1.27000000e-02 1.27000000e-02 1.27000000e-02
1.27000000e-02 1.27000000e-02 1.27000000e-02 1.27000000e-02 1.27000000e-02 1.27000000e-02
1.27000000e-02 1.27000000e-02 1.27000000e-02 1.27000000e-02 1.27000000e-02 1.27000000e-02
1.27000000e-02 1.27000000e-02 1.27000000e-02 1.27000000e-02 1.27000000e-02 1.27000000e-02
1.27000000e-02 1.27000000e-02 1.27000000e-02 1.27000000e-02 1.27000000e-02 1.27000000e-02
1.27000000e-02 1.27000000e-02 1.27000000e-02 1.27000000e-02 1.27000000e-02 1.27000000e-02
1.27000000e-02 1.27000000e-02 1.27000000e-02 1.27000000e-02 1.27000000e-02 1.27000000e-02
1.27000000e-02 1.27000000e-02 1.27000000e-02 1.27000000e-02 1.27000000e-02 1.27000000e-02
1.27000000e-02 1.27000000e-02 1.27000000e-02 1.27000000e-02 1.27000000e-02 1.27000000e-02
1.27000000e-02 1.27000000e-02 1.27000000e-02 1.27000000e-02 1.27000000e-02 1.27000000e-02
1.27000000e-02 1.27000000e-02 1.27000000e-02 1.27000000e-02 1.27000000e-02 1.27000000e-02
1.27000000e-02 1.27000000e-02 1.27000000e-02 1.27000000e-02 
0.00000000e+00 0.00000000e+00 0.00000000e+00 0.00000000e+00 0.00000000e+00 0.00000000e+00
0.00000000e+00 0.00000000e+00 0.00000000e+00 0.00000000e+00 0.00000000e+00 0.00000000e+00
0.00000000e+00 0.00000000e+00 0.00000000e+00 0.00000000e+00 0.00000000e+00 0.00000000e+00
0.00000000e+00 0.00000000e+00 0.00000000e+00 0.00000000e+00 0.00000000e+00 0.00000000e+00
0.00000000e+00 0.00000000e+00 0.00000000e+00 0.00000000e+00 0.00000000e+00 0.00000000e+00
0.00000000e+00 0.00000000e+00 0.00000000e+00 0.00000000e+00 0.00000000e+00 0.00000000e+00
0.00000000e+00 0.00000000e+00 0.00000000e+00 0.00000000e+00 0.00000000e+00 0.00000000e+00
0.00000000e+00 0.00000000e+00 0.00000000e+00 0.00000000e+00 0.00000000e+00 0.00000000e+00
0.00000000e+00 0.00000000e+00 0.00000000e+00 0.00000000e+00 0.00000000e+00 0.00000000e+00
0.00000000e+00 0.00000000e+00 0.00000000e+00 0.00000000e+00 0.00000000e+00 0.00000000e+00
0.00000000e+00 0.00000000e+00 0.00000000e+00 0.00000000e+00 0.00000000e+00 0.00000000e+00
0.00000000e+00 0.00000000e+00 0.00000000e+00 0.00000000e+00 0.00000000e+00 0.00000000e+00
0.00000000e+00 0.00000000e+00 0.00000000e+00 0.00000000e+00 0.00000000e+00 0.00000000e+00
0.00000000e+00 0.00000000e+00 0.00000000e+00 0.00000000e+00 0.00000000e+00 0.00000000e+00
0.00000000e+00 0.00000000e+00 0.00000000e+00 0.00000000e+00 0.00000000e+00 0.00000000e+00
0.00000000e+00 0.00000000e+00 0.00000000e+00 0.00000000e+00 0.00000000e+00 0.00000000e+00
0.00000000e+00 0.00000000e+00 0.00000000e+00 0.00000000e+00 0.00000000e+00 0.00000000e+00
0.00000000e+00 0.00000000e+00 0.00000000e+00 0.00000000e+00 0.00000000e+00 0.00000000e+00
0.00000000e+00 0.00000000e+00 0.00000000e+00 0.00000000e+00 0.00000000e+00 0.00000000e+00
0.00000000e+00 0.00000000e+00 0.00000000e+00 0.00000000e+00 0.00000000e+00 0.00000000e+00
0.00000000e+00 0.00000000e+00 0.00000000e+00 0.00000000e+00 0.00000000e+00 0.00000000e+00
0.00000000e+00 0.00000000e+00 0.00000000e+00 0.00000000e+00 0.00000000e+00 0.00000000e+00
0.00000000e+00 0.00000000e+00 0.00000000e+00 0.00000000e+00 0.00000000e+00 0.00000000e+00
0.00000000e+00 0.00000000e+00 0.00000000e+00 0.00000000e+00 0.00000000e+00 0.00000000e+00
0.00000000e+00 0.00000000e+00 0.00000000e+00 0.00000000e+00 0.00000000e+00 0.00000000e+00
0.00000000e+00 0.00000000e+00 0.00000000e+00 0.00000000e+00 0.00000000e+00 0.00000000e+00
0.00000000e+00 0.00000000e+00 0.00000000e+00 0.00000000e+00 0.00000000e+00 0.00000000e+00
0.00000000e+00 0.00000000e+00 0.00000000e+00 0.00000000e+00 0.00000000e+00 0.00000000e+00
0.00000000e+00 0.00000000e+00 0.00000000e+00 0.00000000e+00 0.00000000e+00 0.00000000e+00
0.00000000e+00 0.00000000e+00 0.00000000e+00 0.00000000e+00 0.00000000e+00 0.00000000e+00
0.00000000e+00 0.00000000e+00 0.00000000e+00 0.00000000e+00 0.00000000e+00 0.00000000e+00
0.00000000e+00 0.00000000e+00 0.00000000e+00 0.00000000e+00 0.00000000e+00 0.00000000e+00
0.00000000e+00 0.00000000e+00 0.00000000e+00 0.00000000e+00 0.00000000e+00 0.00000000e+00
0.00000000e+00 0.00000000e+00 0.00000000e+00 0.00000000e+00 0.00000000e+00 0.00000000e+00
0.00000000e+00 0.00000000e+00 0.00000000e+00 0.00000000e+00 0.00000000e+00 0.00000000e+00
0.00000000e+00 0.00000000e+00 0.00000000e+00 0.00000000e+00 0.00000000e+00 0.00000000e+00
0.00000000e+00 0.00000000e+00 0.00000000e+00 0.00000000e+00 0.00000000e+00 0.00000000e+00
0.00000000e+00 0.00000000e+00 0.00000000e+00 0.00000000e+00 0.00000000e+00 0.00000000e+00
0.00000000e+00 0.00000000e+00 0.00000000e+00 0.00000000e+00 0.00000000e+00 0.00000000e+00
0.00000000e+00 0.00000000e+00 0.00000000e+00 0.00000000e+00 0.00000000e+00 0.00000000e+00
0.00000000e+00 0.00000000e+00 0.00000000e+00 0.00000000e+00 0.00000000e+00 0.00000000e+00
0.00000000e+00 0.00000000e+00 0.00000000e+00 0.00000000e+00 0.00000000e+00 0.00000000e+00
0.00000000e+00 0.00000000e+00 0.00000000e+00 0.00000000e+00 0.00000000e+00 0.00000000e+00
0.00000000e+00 0.00000000e+00 0.00000000e+00 0.00000000e+00 0.00000000e+00 0.00000000e+00
0.00000000e+00 0.00000000e+00 0.00000000e+00 0.00000000e+00 0.00000000e+00 0.00000000e+00
0.00000000e+00 0.00000000e+00 0.00000000e+00 0.00000000e+00 0.00000000e+00 0.00000000e+00
0.00000000e+00 0.00000000e+00 0.00000000e+00 0.00000000e+00 0.00000000e+00 0.00000000e+00
0.00000000e+00 0.00000000e+00 0.00000000e+00 0.00000000e+00 0.00000000e+00 0.00000000e+00
0.00000000e+00 0.00000000e+00 0.00000000e+00 0.00000000e+00 0.00000000e+00 0.00000000e+00
0.00000000e+00 0.00000000e+00 0.00000000e+00 0.00000000e+00 0.00000000e+00 0.00000000e+00
0.00000000e+00 0.00000000e+00 0.00000000e+00 0.00000000e+00 0.00000000e+00 0.00000000e+00
0.00000000e+00 0.00000000e+00 0.00000000e+00 0.00000000e+00 0.00000000e+00 0.00000000e+00
0.00000000e+00 0.00000000e+00 0.00000000e+00 0.00000000e+00 0.00000000e+00 0.00000000e+00
0.00000000e+00 0.00000000e+00 0.00000000e+00 0.00000000e+00 0.00000000e+00 0.00000000e+00
0.00000000e+00 0.00000000e+00 0.00000000e+00 0.00000000e+00 0.00000000e+00 0.00000000e+00
0.00000000e+00 0.00000000e+00 0.00000000e+00 0.00000000e+00 0.00000000e+00 0.00000000e+00
0.00000000e+00 0.00000000e+00 0.00000000e+00 0.00000000e+00 0.00000000e+00 0.00000000e+00
0.00000000e+00 0.00000000e+00 0.00000000e+00 0.00000000e+00 0.00000000e+00 0.00000000e+00
0.00000000e+00 0.00000000e+00 0.00000000e+00 0.00000000e+00 0.00000000e+00 0.00000000e+00
0.00000000e+00 0.00000000e+00 0.00000000e+00 0.00000000e+00 0.00000000e+00 0.00000000e+00
0.00000000e+00 0.00000000e+00 0.00000000e+00 0.00000000e+00 0.00000000e+00 0.00000000e+00
0.00000000e+00 0.00000000e+00 0.00000000e+00 0.00000000e+00 0.00000000e+00 0.00000000e+00
0.00000000e+00 0.00000000e+00 0.00000000e+00 0.00000000e+00 0.00000000e+00 0.00000000e+00
0.00000000e+00 0.00000000e+00 0.00000000e+00 0.00000000e+00 0.00000000e+00 0.00000000e+00
0.00000000e+00 0.00000000e+00 0.00000000e+00 0.00000000e+00 0.00000000e+00 0.00000000e+00
0.00000000e+00 0.00000000e+00 0.00000000e+00 0.00000000e+00 0.00000000e+00 0.00000000e+00
0.00000000e+00 0.00000000e+00 0.00000000e+00 0.00000000e+00 0.00000000e+00 0.00000000e+00
0.00000000e+00 0.00000000e+00 0.00000000e+00 0.00000000e+00 0.00000000e+00 0.00000000e+00
0.00000000e+00 0.00000000e+00 0.00000000e+00 0.00000000e+00 0.00000000e+00 0.00000000e+00
0.00000000e+00 0.00000000e+00 0.00000000e+00 0.00000000e+00 0.00000000e+00 0.00000000e+00
0.00000000e+00 0.00000000e+00 0.00000000e+00 0.00000000e+00 0.00000000e+00 0.00000000e+00
0.00000000e+00 0.00000000e+00 0.00000000e+00 0.00000000e+00 0.00000000e+00 0.00000000e+00
0.00000000e+00 0.00000000e+00 0.00000000e+00 0.00000000e+00 0.00000000e+00 0.00000000e+00
0.00000000e+00 0.00000000e+00 0.00000000e+00 0.00000000e+00 0.00000000e+00 0.00000000e+00
0.00000000e+00 0.00000000e+00 0.00000000e+00 0.00000000e+00 0.00000000e+00 0.00000000e+00
0.00000000e+00 0.00000000e+00 0.00000000e+00 0.00000000e+00 0.00000000e+00 0.00000000e+00
0.00000000e+00 0.00000000e+00 0.00000000e+00 0.00000000e+00 0.00000000e+00 0.00000000e+00
0.00000000e+00 0.00000000e+00 0.00000000e+00 0.00000000e+00 0.00000000e+00 0.00000000e+00
0.00000000e+00 0.00000000e+00 0.00000000e+00 0.00000000e+00 0.00000000e+00 0.00000000e+00
0.00000000e+00 0.00000000e+00 0.00000000e+00 0.00000000e+00 0.00000000e+00 0.00000000e+00
0.00000000e+00 0.00000000e+00 0.00000000e+00 0.00000000e+00 0.00000000e+00 0.00000000e+00
0.00000000e+00 0.00000000e+00 0.00000000e+00 0.00000000e+00 0.00000000e+00 0.00000000e+00
0.00000000e+00 0.00000000e+00 0.00000000e+00 0.00000000e+00 0.00000000e+00 0.00000000e+00
0.00000000e+00 0.00000000e+00 0.00000000e+00 0.00000000e+00 0.00000000e+00 0.00000000e+00
0.00000000e+00 0.00000000e+00 0.00000000e+00 0.00000000e+00 0.00000000e+00 0.00000000e+00
0.00000000e+00 0.00000000e+00 0.00000000e+00 0.00000000e+00 0.00000000e+00 0.00000000e+00
0.00000000e+00 0.00000000e+00 0.00000000e+00 0.00000000e+00 0.00000000e+00 0.00000000e+00
0.00000000e+00 0.00000000e+00 0.00000000e+00 0.00000000e+00 0.00000000e+00 0.00000000e+00
0.00000000e+00 0.00000000e+00 0.00000000e+00 0.00000000e+00 0.00000000e+00 0.00000000e+00
0.00000000e+00 0.00000000e+00 0.00000000e+00 0.00000000e+00 0.00000000e+00 0.00000000e+00
0.00000000e+00 0.00000000e+00 0.00000000e+00 0.00000000e+00 0.00000000e+00 0.00000000e+00
0.00000000e+00 0.00000000e+00 0.00000000e+00 0.00000000e+00 0.00000000e+00 0.00000000e+00
0.00000000e+00 0.00000000e+00 0.00000000e+00 0.00000000e+00 0.00000000e+00 0.00000000e+00
0.00000000e+00 0.00000000e+00 0.00000000e+00 0.00000000e+00 0.00000000e+00 0.00000000e+00
0.00000000e+00 0.00000000e+00 0.00000000e+00 0.00000000e+00 0.00000000e+00 0.00000000e+00
0.00000000e+00 0.00000000e+00 0.00000000e+00 0.00000000e+00 0.00000000e+00 0.00000000e+00
0.00000000e+00 0.00000000e+00 0.00000000e+00 0.00000000e+00 0.00000000e+00 0.00000000e+00
0.00000000e+00 0.00000000e+00 0.00000000e+00 0.00000000e+00 0.00000000e+00 0.00000000e+00
0.00000000e+00 0.00000000e+00 0.00000000e+00 0.00000000e+00 0.00000000e+00 0.00000000e+00
0.00000000e+00 0.00000000e+00 0.00000000e+00 0.00000000e+00 0.00000000e+00 0.00000000e+00
0.00000000e+00 0.00000000e+00 0.00000000e+00 0.00000000e+00 0.00000000e+00 0.00000000e+00
0.00000000e+00 0.00000000e+00 0.00000000e+00 0.00000000e+00 0.00000000e+00 0.00000000e+00
0.00000000e+00 0.00000000e+00 0.00000000e+00 0.00000000e+00 0.00000000e+00 0.00000000e+00
0.00000000e+00 0.00000000e+00 0.00000000e+00 0.00000000e+00 0.00000000e+00 0.00000000e+00
0.00000000e+00 0.00000000e+00 0.00000000e+00 0.00000000e+00 0.00000000e+00 0.00000000e+00
0.00000000e+00 0.00000000e+00 0.00000000e+00 0.00000000e+00 0.00000000e+00 0.00000000e+00
0.00000000e+00 0.00000000e+00 0.00000000e+00 0.00000000e+00 0.00000000e+00 0.00000000e+00
0.00000000e+00 0.00000000e+00 0.00000000e+00 0.00000000e+00 0.00000000e+00 0.00000000e+00
0.00000000e+00 0.00000000e+00 0.00000000e+00 0.00000000e+00 0.00000000e+00 0.00000000e+00
0.00000000e+00 0.00000000e+00 0.00000000e+00 0.00000000e+00 0.00000000e+00 0.00000000e+00
0.00000000e+00 0.00000000e+00 0.00000000e+00 0.00000000e+00 0.00000000e+00 0.00000000e+00
0.00000000e+00 0.00000000e+00 0.00000000e+00 0.00000000e+00 0.00000000e+00 0.00000000e+00
0.00000000e+00 0.00000000e+00 0.00000000e+00 0.00000000e+00 0.00000000e+00 0.00000000e+00
0.00000000e+00 0.00000000e+00 0.00000000e+00 0.00000000e+00 0.00000000e+00 0.00000000e+00
0.00000000e+00 0.00000000e+00 0.00000000e+00 0.00000000e+00 0.00000000e+00 0.00000000e+00
0.00000000e+00 0.00000000e+00 0.00000000e+00 0.00000000e+00 0.00000000e+00 0.00000000e+00
0.00000000e+00 0.00000000e+00 0.00000000e+00 0.00000000e+00 0.00000000e+00 0.00000000e+00
0.00000000e+00 0.00000000e+00 0.00000000e+00 0.00000000e+00 0.00000000e+00 0.00000000e+00
0.00000000e+00 0.00000000e+00 0.00000000e+00 0.00000000e+00 0.00000000e+00 0.00000000e+00
0.00000000e+00 0.00000000e+00 0.00000000e+00 0.00000000e+00 0.00000000e+00 0.00000000e+00
0.00000000e+00 0.00000000e+00 0.00000000e+00 0.00000000e+00 0.00000000e+00 0.00000000e+00
0.00000000e+00 0.00000000e+00 0.00000000e+00 0.00000000e+00 0.00000000e+00 0.00000000e+00
0.00000000e+00 0.00000000e+00 0.00000000e+00 0.00000000e+00 0.00000000e+00 0.00000000e+00
0.00000000e+00 0.00000000e+00 0.00000000e+00 0.00000000e+00 0.00000000e+00 0.00000000e+00
0.00000000e+00 0.00000000e+00 0.00000000e+00 0.00000000e+00 0.00000000e+00 0.00000000e+00
0.00000000e+00 0.00000000e+00 0.00000000e+00 0.00000000e+00 0.00000000e+00 0.00000000e+00
0.00000000e+00 0.00000000e+00 0.00000000e+00 0.00000000e+00 0.00000000e+00 0.00000000e+00
0.00000000e+00 0.00000000e+00 0.00000000e+00 0.00000000e+00 0.00000000e+00 0.00000000e+00
0.00000000e+00 0.00000000e+00 0.00000000e+00 0.00000000e+00 0.00000000e+00 0.00000000e+00
0.00000000e+00 0.00000000e+00 0.00000000e+00 0.00000000e+00 0.00000000e+00 0.00000000e+00
0.00000000e+00 0.00000000e+00 0.00000000e+00 0.00000000e+00 0.00000000e+00 0.00000000e+00
0.00000000e+00 0.00000000e+00 0.00000000e+00 0.00000000e+00 0.00000000e+00 0.00000000e+00
0.00000000e+00 0.00000000e+00 0.00000000e+00 0.00000000e+00 0.00000000e+00 0.00000000e+00
0.00000000e+00 0.00000000e+00 0.00000000e+00 0.00000000e+00 0.00000000e+00 0.00000000e+00
0.00000000e+00 0.00000000e+00 0.00000000e+00 0.00000000e+00 0.00000000e+00 0.00000000e+00
0.00000000e+00 0.00000000e+00 0.00000000e+00 0.00000000e+00 0.00000000e+00 0.00000000e+00
0.00000000e+00 0.00000000e+00 0.00000000e+00 0.00000000e+00 0.00000000e+00 0.00000000e+00
0.00000000e+00 0.00000000e+00 0.00000000e+00 0.00000000e+00 0.00000000e+00 0.00000000e+00
0.00000000e+00 0.00000000e+00 0.00000000e+00 0.00000000e+00 0.00000000e+00 0.00000000e+00
0.00000000e+00 0.00000000e+00 0.00000000e+00 0.00000000e+00 0.00000000e+00 0.00000000e+00
0.00000000e+00 0.00000000e+00 0.00000000e+00 0.00000000e+00 0.00000000e+00 0.00000000e+00
0.00000000e+00 0.00000000e+00 0.00000000e+00 0.00000000e+00 0.00000000e+00 0.00000000e+00
0.00000000e+00 0.00000000e+00 0.00000000e+00 0.00000000e+00 0.00000000e+00 0.00000000e+00
0.00000000e+00 0.00000000e+00 0.00000000e+00 0.00000000e+00 0.00000000e+00 0.00000000e+00
0.00000000e+00 0.00000000e+00 0.00000000e+00 0.00000000e+00 0.00000000e+00 0.00000000e+00
0.00000000e+00 0.00000000e+00 0.00000000e+00 0.00000000e+00 0.00000000e+00 0.00000000e+00
0.00000000e+00 0.00000000e+00 0.00000000e+00 0.00000000e+00 0.00000000e+00 0.00000000e+00
0.00000000e+00 0.00000000e+00 0.00000000e+00 0.00000000e+00 0.00000000e+00 0.00000000e+00
0.00000000e+00 0.00000000e+00 0.00000000e+00 0.00000000e+00 0.00000000e+00 0.00000000e+00
0.00000000e+00 0.00000000e+00 0.00000000e+00 0.00000000e+00 0.00000000e+00 0.00000000e+00
0.00000000e+00 0.00000000e+00 0.00000000e+00 0.00000000e+00 0.00000000e+00 0.00000000e+00
0.00000000e+00 0.00000000e+00 0.00000000e+00 0.00000000e+00 0.00000000e+00 0.00000000e+00
0.00000000e+00 0.00000000e+00 0.00000000e+00 0.00000000e+00 0.00000000e+00 0.00000000e+00
0.00000000e+00 0.00000000e+00 0.00000000e+00 0.00000000e+00 0.00000000e+00 0.00000000e+00
0.00000000e+00 0.00000000e+00 0.00000000e+00 0.00000000e+00 0.00000000e+00 0.00000000e+00
0.00000000e+00 0.00000000e+00 0.00000000e+00 0.00000000e+00 0.00000000e+00 0.00000000e+00
0.00000000e+00 0.00000000e+00 0.00000000e+00 0.00000000e+00 0.00000000e+00 0.00000000e+00
0.00000000e+00 0.00000000e+00 0.00000000e+00 0.00000000e+00 0.00000000e+00 0.00000000e+00
0.00000000e+00 0.00000000e+00 0.00000000e+00 0.00000000e+00 0.00000000e+00 0.00000000e+00
0.00000000e+00 0.00000000e+00 0.00000000e+00 0.00000000e+00 0.00000000e+00 0.00000000e+00
0.00000000e+00 0.00000000e+00 0.00000000e+00 0.00000000e+00 0.00000000e+00 0.00000000e+00
0.00000000e+00 0.00000000e+00 0.00000000e+00 0.00000000e+00 0.00000000e+00 0.00000000e+00
0.00000000e+00 0.00000000e+00 0.00000000e+00 0.00000000e+00 0.00000000e+00 0.00000000e+00
0.00000000e+00 0.00000000e+00 0.00000000e+00 0.00000000e+00 0.00000000e+00 0.00000000e+00
0.00000000e+00 0.00000000e+00 0.00000000e+00 0.00000000e+00 0.00000000e+00 0.00000000e+00
0.00000000e+00 0.00000000e+00 0.00000000e+00 0.00000000e+00 0.00000000e+00 0.00000000e+00
0.00000000e+00 0.00000000e+00 0.00000000e+00 0.00000000e+00 0.00000000e+00 0.00000000e+00
0.00000000e+00 0.00000000e+00 0.00000000e+00 0.00000000e+00 0.00000000e+00 0.00000000e+00
0.00000000e+00 0.00000000e+00 0.00000000e+00 0.00000000e+00 0.00000000e+00 0.00000000e+00
0.00000000e+00 0.00000000e+00 0.00000000e+00 0.00000000e+00 0.00000000e+00 0.00000000e+00
0.00000000e+00 0.00000000e+00 0.00000000e+00 0.00000000e+00 0.00000000e+00 0.00000000e+00
0.00000000e+00 0.00000000e+00 0.00000000e+00 0.00000000e+00 0.00000000e+00 0.00000000e+00
0.00000000e+00 0.00000000e+00 0.00000000e+00 0.00000000e+00 0.00000000e+00 0.00000000e+00
0.00000000e+00 0.00000000e+00 0.00000000e+00 0.00000000e+00 0.00000000e+00 0.00000000e+00
0.00000000e+00 0.00000000e+00 0.00000000e+00 0.00000000e+00 0.00000000e+00 0.00000000e+00
0.00000000e+00 0.00000000e+00 0.00000000e+00 0.00000000e+00 0.00000000e+00 0.00000000e+00
0.00000000e+00 0.00000000e+00 0.00000000e+00 0.00000000e+00 0.00000000e+00 0.00000000e+00
0.00000000e+00 0.00000000e+00 0.00000000e+00 0.00000000e+00 0.00000000e+00 0.00000000e+00
0.00000000e+00 0.00000000e+00 0.00000000e+00 0.00000000e+00 0.00000000e+00 0.00000000e+00
0.00000000e+00 0.00000000e+00 0.00000000e+00 0.00000000e+00 0.00000000e+00 0.00000000e+00
0.00000000e+00 0.00000000e+00 0.00000000e+00 0.00000000e+00 0.00000000e+00 0.00000000e+00
0.00000000e+00 0.00000000e+00 0.00000000e+00 0.00000000e+00 0.00000000e+00 0.00000000e+00
0.00000000e+00 0.00000000e+00 0.00000000e+00 0.00000000e+00 0.00000000e+00 0.00000000e+00
0.00000000e+00 0.00000000e+00 0.00000000e+00 0.00000000e+00 0.00000000e+00 0.00000000e+00
0.00000000e+00 0.00000000e+00 0.00000000e+00 0.00000000e+00 0.00000000e+00 0.00000000e+00
0.00000000e+00 0.00000000e+00 0.00000000e+00 0.00000000e+00 0.00000000e+00 0.00000000e+00
0.00000000e+00 0.00000000e+00 0.00000000e+00 0.00000000e+00 0.00000000e+00 0.00000000e+00
0.00000000e+00 0.00000000e+00 0.00000000e+00 0.00000000e+00 0.00000000e+00 0.00000000e+00
0.00000000e+00 0.00000000e+00 0.00000000e+00 0.00000000e+00 0.00000000e+00 0.00000000e+00
0.00000000e+00 0.00000000e+00 0.00000000e+00 0.00000000e+00 0.00000000e+00 0.00000000e+00
0.00000000e+00 0.00000000e+00 0.00000000e+00 0.00000000e+00 0.00000000e+00 0.00000000e+00
0.00000000e+00 0.00000000e+00 0.00000000e+00 0.00000000e+00 0.00000000e+00 0.00000000e+00
0.00000000e+00 0.00000000e+00 0.00000000e+00 0.00000000e+00 0.00000000e+00 0.00000000e+00
0.00000000e+00 0.00000000e+00 0.00000000e+00 0.00000000e+00 0.00000000e+00 0.00000000e+00
0.00000000e+00 0.00000000e+00 0.00000000e+00 0.00000000e+00 0.00000000e+00 0.00000000e+00
0.00000000e+00 0.00000000e+00 0.00000000e+00 0.00000000e+00 0.00000000e+00 0.00000000e+00
0.00000000e+00 0.00000000e+00 0.00000000e+00 0.00000000e+00 0.00000000e+00 0.00000000e+00
0.00000000e+00 0.00000000e+00 0.00000000e+00 0.00000000e+00 0.00000000e+00 0.00000000e+00
0.00000000e+00 0.00000000e+00 0.00000000e+00 0.00000000e+00 0.00000000e+00 0.00000000e+00
0.00000000e+00 0.00000000e+00 0.00000000e+00 0.00000000e+00 0.00000000e+00 0.00000000e+00
0.00000000e+00 0.00000000e+00 0.00000000e+00 0.00000000e+00 0.00000000e+00 0.00000000e+00
0.00000000e+00 0.00000000e+00 0.00000000e+00 0.00000000e+00 0.00000000e+00 0.00000000e+00
0.00000000e+00 0.00000000e+00 0.00000000e+00 0.00000000e+00 0.00000000e+00 0.00000000e+00
0.00000000e+00 0.00000000e+00 0.00000000e+00 0.00000000e+00 0.00000000e+00 0.00000000e+00
0.00000000e+00 0.00000000e+00 0.00000000e+00 0.00000000e+00 0.00000000e+00 0.00000000e+00
0.00000000e+00 0.00000000e+00 0.00000000e+00 0.00000000e+00 0.00000000e+00 0.00000000e+00
0.00000000e+00 0.00000000e+00 0.00000000e+00 0.00000000e+00 0.00000000e+00 0.00000000e+00
0.00000000e+00 0.00000000e+00 0.00000000e+00 0.00000000e+00 0.00000000e+00 0.00000000e+00
0.00000000e+00 0.00000000e+00 0.00000000e+00 0.00000000e+00 0.00000000e+00 0.00000000e+00
0.00000000e+00 0.00000000e+00 0.00000000e+00 0.00000000e+00 0.00000000e+00 0.00000000e+00
0.00000000e+00 0.00000000e+00 0.00000000e+00 0.00000000e+00 0.00000000e+00 0.00000000e+00
0.00000000e+00 0.00000000e+00 0.00000000e+00 0.00000000e+00 0.00000000e+00 0.00000000e+00
0.00000000e+00 0.00000000e+00 0.00000000e+00 0.00000000e+00 0.00000000e+00 0.00000000e+00
0.00000000e+00 0.00000000e+00 0.00000000e+00 0.00000000e+00 0.00000000e+00 0.00000000e+00
0.00000000e+00 0.00000000e+00 0.00000000e+00 0.00000000e+00 0.00000000e+00 0.00000000e+00
0.00000000e+00 0.00000000e+00 0.00000000e+00 0.00000000e+00 0.00000000e+00 0.00000000e+00
0.00000000e+00 0.00000000e+00 0.00000000e+00 0.00000000e+00 0.00000000e+00 0.00000000e+00
0.00000000e+00 0.00000000e+00 0.00000000e+00 0.00000000e+00 0.00000000e+00 0.00000000e+00
0.00000000e+00 0.00000000e+00 0.00000000e+00 0.00000000e+00 0.00000000e+00 0.00000000e+00
0.00000000e+00 0.00000000e+00 0.00000000e+00 0.00000000e+00 0.00000000e+00 0.00000000e+00
0.00000000e+00 0.00000000e+00 0.00000000e+00 0.00000000e+00 0.00000000e+00 0.00000000e+00
0.00000000e+00 0.00000000e+00 0.00000000e+00 0.00000000e+00 0.00000000e+00 0.00000000e+00
0.00000000e+00 0.00000000e+00 0.00000000e+00 0.00000000e+00 0.00000000e+00 0.00000000e+00
0.00000000e+00 0.00000000e+00 0.00000000e+00 0.00000000e+00 0.00000000e+00 0.00000000e+00
0.00000000e+00 0.00000000e+00 0.00000000e+00 0.00000000e+00 0.00000000e+00 0.00000000e+00
0.00000000e+00 0.00000000e+00 0.00000000e+00 0.00000000e+00 0.00000000e+00 0.00000000e+00
0.00000000e+00 0.00000000e+00 0.00000000e+00 0.00000000e+00 0.00000000e+00 0.00000000e+00
0.00000000e+00 0.00000000e+00 0.00000000e+00 0.00000000e+00 0.00000000e+00 0.00000000e+00
0.00000000e+00 0.00000000e+00 0.00000000e+00 0.00000000e+00 0.00000000e+00 0.00000000e+00
0.00000000e+00 0.00000000e+00 0.00000000e+00 0.00000000e+00 0.00000000e+00 0.00000000e+00
0.00000000e+00 0.00000000e+00 0.00000000e+00 0.00000000e+00 0.00000000e+00 0.00000000e+00
0.00000000e+00 0.00000000e+00 0.00000000e+00 0.00000000e+00 0.00000000e+00 0.00000000e+00
0.00000000e+00 0.00000000e+00 0.00000000e+00 0.00000000e+00 0.00000000e+00 0.00000000e+00
0.00000000e+00 0.00000000e+00 0.00000000e+00 0.00000000e+00 0.00000000e+00 0.00000000e+00
0.00000000e+00 0.00000000e+00 0.00000000e+00 0.00000000e+00 0.00000000e+00 0.00000000e+00
0.00000000e+00 0.00000000e+00 0.00000000e+00 0.00000000e+00 0.00000000e+00 0.00000000e+00
0.00000000e+00 0.00000000e+00 0.00000000e+00 0.00000000e+00 0.00000000e+00 0.00000000e+00
0.00000000e+00 0.00000000e+00 0.00000000e+00 0.00000000e+00 0.00000000e+00 0.00000000e+00
0.00000000e+00 0.00000000e+00 0.00000000e+00 0.00000000e+00 0.00000000e+00 0.00000000e+00
0.00000000e+00 0.00000000e+00 0.00000000e+00 0.00000000e+00 0.00000000e+00 0.00000000e+00
0.00000000e+00 0.00000000e+00 0.00000000e+00 0.00000000e+00 0.00000000e+00 0.00000000e+00
0.00000000e+00 0.00000000e+00 0.00000000e+00 0.00000000e+00 0.00000000e+00 0.00000000e+00
0.00000000e+00 0.00000000e+00 0.00000000e+00 0.00000000e+00 0.00000000e+00 0.00000000e+00
0.00000000e+00 0.00000000e+00 0.00000000e+00 0.00000000e+00 0.00000000e+00 0.00000000e+00
0.00000000e+00 0.00000000e+00 0.00000000e+00 0.00000000e+00 0.00000000e+00 0.00000000e+00
0.00000000e+00 0.00000000e+00 0.00000000e+00 0.00000000e+00 0.00000000e+00 0.00000000e+00
0.00000000e+00 0.00000000e+00 0.00000000e+00 0.00000000e+00 0.00000000e+00 0.00000000e+00
0.00000000e+00 0.00000000e+00 0.00000000e+00 0.00000000e+00 0.00000000e+00 0.00000000e+00
0.00000000e+00 0.00000000e+00 0.00000000e+00 0.00000000e+00 0.00000000e+00 0.00000000e+00
0.00000000e+00 0.00000000e+00 0.00000000e+00 0.00000000e+00 0.00000000e+00 0.00000000e+00
0.00000000e+00 0.00000000e+00 0.00000000e+00 0.00000000e+00 0.00000000e+00 0.00000000e+00
0.00000000e+00 0.00000000e+00 0.00000000e+00 0.00000000e+00 0.00000000e+00 0.00000000e+00
0.00000000e+00 0.00000000e+00 0.00000000e+00 0.00000000e+00 0.00000000e+00 0.00000000e+00
0.00000000e+00 0.00000000e+00 0.00000000e+00 0.00000000e+00 0.00000000e+00 0.00000000e+00
0.00000000e+00 0.00000000e+00 0.00000000e+00 0.00000000e+00 0.00000000e+00 0.00000000e+00
0.00000000e+00 0.00000000e+00 0.00000000e+00 0.00000000e+00 0.00000000e+00 0.00000000e+00
0.00000000e+00 0.00000000e+00 0.00000000e+00 0.00000000e+00 0.00000000e+00 0.00000000e+00
0.00000000e+00 0.00000000e+00 0.00000000e+00 0.00000000e+00 0.00000000e+00 0.00000000e+00
0.00000000e+00 0.00000000e+00 0.00000000e+00 0.00000000e+00 0.00000000e+00 0.00000000e+00
0.00000000e+00 0.00000000e+00 0.00000000e+00 0.00000000e+00 0.00000000e+00 0.00000000e+00
0.00000000e+00 0.00000000e+00 0.00000000e+00 0.00000000e+00 0.00000000e+00 0.00000000e+00
0.00000000e+00 0.00000000e+00 0.00000000e+00 0.00000000e+00 0.00000000e+00 0.00000000e+00
0.00000000e+00 0.00000000e+00 0.00000000e+00 0.00000000e+00 0.00000000e+00 0.00000000e+00
0.00000000e+00 0.00000000e+00 0.00000000e+00 0.00000000e+00 0.00000000e+00 0.00000000e+00
0.00000000e+00 0.00000000e+00 0.00000000e+00 0.00000000e+00 0.00000000e+00 0.00000000e+00
0.00000000e+00 0.00000000e+00 0.00000000e+00 0.00000000e+00 0.00000000e+00 0.00000000e+00
0.00000000e+00 0.00000000e+00 0.00000000e+00 0.00000000e+00 0.00000000e+00 0.00000000e+00
0.00000000e+00 0.00000000e+00 0.00000000e+00 0.00000000e+00 0.00000000e+00 0.00000000e+00
0.00000000e+00 0.00000000e+00 0.00000000e+00 0.00000000e+00 0.00000000e+00 0.00000000e+00
0.00000000e+00 0.00000000e+00 0.00000000e+00 0.00000000e+00 0.00000000e+00 0.00000000e+00
0.00000000e+00 0.00000000e+00 0.00000000e+00 0.00000000e+00 0.00000000e+00 0.00000000e+00
0.00000000e+00 0.00000000e+00 0.00000000e+00 0.00000000e+00 0.00000000e+00 0.00000000e+00
0.00000000e+00 0.00000000e+00 0.00000000e+00 0.00000000e+00 0.00000000e+00 0.00000000e+00
0.00000000e+00 0.00000000e+00 0.00000000e+00 0.00000000e+00 0.00000000e+00 0.00000000e+00
0.00000000e+00 0.00000000e+00 0.00000000e+00 0.00000000e+00 0.00000000e+00 0.00000000e+00
0.00000000e+00 0.00000000e+00 0.00000000e+00 0.00000000e+00 0.00000000e+00 0.00000000e+00
0.00000000e+00 0.00000000e+00 0.00000000e+00 0.00000000e+00 0.00000000e+00 0.00000000e+00
0.00000000e+00 0.00000000e+00 0.00000000e+00 0.00000000e+00 0.00000000e+00 0.00000000e+00
0.00000000e+00 0.00000000e+00 0.00000000e+00 0.00000000e+00 0.00000000e+00 0.00000000e+00
0.00000000e+00 0.00000000e+00 0.00000000e+00 0.00000000e+00 0.00000000e+00 0.00000000e+00
0.00000000e+00 0.00000000e+00 0.00000000e+00 0.00000000e+00 0.00000000e+00 0.00000000e+00
0.00000000e+00 0.00000000e+00 0.00000000e+00 0.00000000e+00 0.00000000e+00 0.00000000e+00
0.00000000e+00 0.00000000e+00 0.00000000e+00 0.00000000e+00 0.00000000e+00 0.00000000e+00
0.00000000e+00 0.00000000e+00 0.00000000e+00 0.00000000e+00 0.00000000e+00 0.00000000e+00
0.00000000e+00 0.00000000e+00 0.00000000e+00 0.00000000e+00 0.00000000e+00 0.00000000e+00
0.00000000e+00 0.00000000e+00 0.00000000e+00 0.00000000e+00 0.00000000e+00 0.00000000e+00
0.00000000e+00 0.00000000e+00 0.00000000e+00 0.00000000e+00 0.00000000e+00 0.00000000e+00
0.00000000e+00 0.00000000e+00 0.00000000e+00 0.00000000e+00 0.00000000e+00 0.00000000e+00
0.00000000e+00 0.00000000e+00 0.00000000e+00 0.00000000e+00 0.00000000e+00 0.00000000e+00
0.00000000e+00 0.00000000e+00 0.00000000e+00 0.00000000e+00 0.00000000e+00 0.00000000e+00
0.00000000e+00 0.00000000e+00 0.00000000e+00 0.00000000e+00 0.00000000e+00 0.00000000e+00
0.00000000e+00 0.00000000e+00 0.00000000e+00 0.00000000e+00 0.00000000e+00 0.00000000e+00
0.00000000e+00 0.00000000e+00 0.00000000e+00 0.00000000e+00 0.00000000e+00 0.00000000e+00
0.00000000e+00 0.00000000e+00 0.00000000e+00 0.00000000e+00 0.00000000e+00 0.00000000e+00
0.00000000e+00 0.00000000e+00 0.00000000e+00 0.00000000e+00 0.00000000e+00 0.00000000e+00
0.00000000e+00 0.00000000e+00 0.00000000e+00 0.00000000e+00 0.00000000e+00 0.00000000e+00
0.00000000e+00 0.00000000e+00 0.00000000e+00 0.00000000e+00 0.00000000e+00 0.00000000e+00
0.00000000e+00 0.00000000e+00 0.00000000e+00 0.00000000e+00 0.00000000e+00 0.00000000e+00
0.00000000e+00 0.00000000e+00 0.00000000e+00 0.00000000e+00 0.00000000e+00 0.00000000e+00
0.00000000e+00 0.00000000e+00 0.00000000e+00 0.00000000e+00 0.00000000e+00 0.00000000e+00
0.00000000e+00 0.00000000e+00 0.00000000e+00 0.00000000e+00 0.00000000e+00 0.00000000e+00
0.00000000e+00 0.00000000e+00 0.00000000e+00 0.00000000e+00 0.00000000e+00 0.00000000e+00
0.00000000e+00 0.00000000e+00 0.00000000e+00 0.00000000e+00 0.00000000e+00 0.00000000e+00
0.00000000e+00 0.00000000e+00 0.00000000e+00 0.00000000e+00 0.00000000e+00 0.00000000e+00
0.00000000e+00 0.00000000e+00 0.00000000e+00 0.00000000e+00 0.00000000e+00 0.00000000e+00
0.00000000e+00 0.00000000e+00 0.00000000e+00 0.00000000e+00 0.00000000e+00 0.00000000e+00
0.00000000e+00 0.00000000e+00 0.00000000e+00 0.00000000e+00 0.00000000e+00 0.00000000e+00
0.00000000e+00 0.00000000e+00 0.00000000e+00 0.00000000e+00 0.00000000e+00 0.00000000e+00
0.00000000e+00 0.00000000e+00 0.00000000e+00 0.00000000e+00 0.00000000e+00 0.00000000e+00
0.00000000e+00 0.00000000e+00 0.00000000e+00 0.00000000e+00 0.00000000e+00 0.00000000e+00
0.00000000e+00 0.00000000e+00 0.00000000e+00 0.00000000e+00 0.00000000e+00 0.00000000e+00
0.00000000e+00 0.00000000e+00 0.00000000e+00 0.00000000e+00 0.00000000e+00 0.00000000e+00
0.00000000e+00 0.00000000e+00 0.00000000e+00 0.00000000e+00 0.00000000e+00 0.00000000e+00
0.00000000e+00 0.00000000e+00 0.00000000e+00 0.00000000e+00 0.00000000e+00 0.00000000e+00
0.00000000e+00 0.00000000e+00 0.00000000e+00 0.00000000e+00 0.00000000e+00 0.00000000e+00
0.00000000e+00 0.00000000e+00 0.00000000e+00 0.00000000e+00 0.00000000e+00 0.00000000e+00
0.00000000e+00 0.00000000e+00 0.00000000e+00 0.00000000e+00 0.00000000e+00 0.00000000e+00
0.00000000e+00 0.00000000e+00 0.00000000e+00 0.00000000e+00 0.00000000e+00 0.00000000e+00
0.00000000e+00 0.00000000e+00 0.00000000e+00 0.00000000e+00 0.00000000e+00 0.00000000e+00
0.00000000e+00 0.00000000e+00 0.00000000e+00 0.00000000e+00 0.00000000e+00 0.00000000e+00
0.00000000e+00 0.00000000e+00 0.00000000e+00 0.00000000e+00 0.00000000e+00 0.00000000e+00
0.00000000e+00 0.00000000e+00 0.00000000e+00 0.00000000e+00 0.00000000e+00 0.00000000e+00
0.00000000e+00 0.00000000e+00 0.00000000e+00 0.00000000e+00 0.00000000e+00 0.00000000e+00
0.00000000e+00 0.00000000e+00 0.00000000e+00 0.00000000e+00 0.00000000e+00 0.00000000e+00
0.00000000e+00 0.00000000e+00 0.00000000e+00 0.00000000e+00 0.00000000e+00 0.00000000e+00
0.00000000e+00 0.00000000e+00 0.00000000e+00 0.00000000e+00 0.00000000e+00 0.00000000e+00
0.00000000e+00 0.00000000e+00 0.00000000e+00 0.00000000e+00 0.00000000e+00 0.00000000e+00
0.00000000e+00 0.00000000e+00 0.00000000e+00 0.00000000e+00 0.00000000e+00 0.00000000e+00
0.00000000e+00 0.00000000e+00 0.00000000e+00 0.00000000e+00 0.00000000e+00 0.00000000e+00
0.00000000e+00 0.00000000e+00 0.00000000e+00 0.00000000e+00 0.00000000e+00 0.00000000e+00
0.00000000e+00 0.00000000e+00 0.00000000e+00 0.00000000e+00 0.00000000e+00 0.00000000e+00
0.00000000e+00 0.00000000e+00 0.00000000e+00 0.00000000e+00 0.00000000e+00 0.00000000e+00
0.00000000e+00 0.00000000e+00 0.00000000e+00 0.00000000e+00 0.00000000e+00 0.00000000e+00
0.00000000e+00 0.00000000e+00 0.00000000e+00 0.00000000e+00 0.00000000e+00 0.00000000e+00
0.00000000e+00 0.00000000e+00 0.00000000e+00 0.00000000e+00 0.00000000e+00 0.00000000e+00
0.00000000e+00 0.00000000e+00 0.00000000e+00 0.00000000e+00 0.00000000e+00 0.00000000e+00
0.00000000e+00 0.00000000e+00 0.00000000e+00 0.00000000e+00 0.00000000e+00 0.00000000e+00
0.00000000e+00 0.00000000e+00 0.00000000e+00 0.00000000e+00 0.00000000e+00 0.00000000e+00
0.00000000e+00 0.00000000e+00 0.00000000e+00 0.00000000e+00 0.00000000e+00 0.00000000e+00
0.00000000e+00 0.00000000e+00 0.00000000e+00 0.00000000e+00 0.00000000e+00 0.00000000e+00
0.00000000e+00 0.00000000e+00 0.00000000e+00 0.00000000e+00 0.00000000e+00 0.00000000e+00
0.00000000e+00 0.00000000e+00 0.00000000e+00 0.00000000e+00 0.00000000e+00 0.00000000e+00
0.00000000e+00 0.00000000e+00 0.00000000e+00 0.00000000e+00 0.00000000e+00 0.00000000e+00
0.00000000e+00 0.00000000e+00 0.00000000e+00 0.00000000e+00 0.00000000e+00 0.00000000e+00
0.00000000e+00 0.00000000e+00 0.00000000e+00 0.00000000e+00 0.00000000e+00 0.00000000e+00
0.00000000e+00 0.00000000e+00 0.00000000e+00 0.00000000e+00 0.00000000e+00 0.00000000e+00
0.00000000e+00 0.00000000e+00 0.00000000e+00 0.00000000e+00 0.00000000e+00 0.00000000e+00
0.00000000e+00 0.00000000e+00 0.00000000e+00 0.00000000e+00 0.00000000e+00 0.00000000e+00
0.00000000e+00 0.00000000e+00 0.00000000e+00 0.00000000e+00 0.00000000e+00 0.00000000e+00
0.00000000e+00 0.00000000e+00 0.00000000e+00 0.00000000e+00 0.00000000e+00 0.00000000e+00
0.00000000e+00 0.00000000e+00 0.00000000e+00 0.00000000e+00 0.00000000e+00 0.00000000e+00
0.00000000e+00 0.00000000e+00 0.00000000e+00 0.00000000e+00 0.00000000e+00 0.00000000e+00
0.00000000e+00 0.00000000e+00 0.00000000e+00 0.00000000e+00 0.00000000e+00 0.00000000e+00
0.00000000e+00 0.00000000e+00 0.00000000e+00 0.00000000e+00 0.00000000e+00 0.00000000e+00
0.00000000e+00 0.00000000e+00 0.00000000e+00 0.00000000e+00 0.00000000e+00 0.00000000e+00
0.00000000e+00 0.00000000e+00 0.00000000e+00 0.00000000e+00 0.00000000e+00 0.00000000e+00
0.00000000e+00 0.00000000e+00 0.00000000e+00 0.00000000e+00 0.00000000e+00 0.00000000e+00
0.00000000e+00 0.00000000e+00 0.00000000e+00 0.00000000e+00 0.00000000e+00 0.00000000e+00
0.00000000e+00 0.00000000e+00 0.00000000e+00 0.00000000e+00 0.00000000e+00 0.00000000e+00
0.00000000e+00 0.00000000e+00 0.00000000e+00 0.00000000e+00 0.00000000e+00 0.00000000e+00
0.00000000e+00 0.00000000e+00 0.00000000e+00 0.00000000e+00 0.00000000e+00 0.00000000e+00
0.00000000e+00 0.00000000e+00 0.00000000e+00 0.00000000e+00 0.00000000e+00 0.00000000e+00
0.00000000e+00 0.00000000e+00 0.00000000e+00 0.00000000e+00 0.00000000e+00 0.00000000e+00
0.00000000e+00 0.00000000e+00 0.00000000e+00 0.00000000e+00 0.00000000e+00 0.00000000e+00
0.00000000e+00 0.00000000e+00 0.00000000e+00 0.00000000e+00 0.00000000e+00 0.00000000e+00
0.00000000e+00 0.00000000e+00 0.00000000e+00 0.00000000e+00 0.00000000e+00 0.00000000e+00
0.00000000e+00 0.00000000e+00 0.00000000e+00 0.00000000e+00 0.00000000e+00 0.00000000e+00
0.00000000e+00 0.00000000e+00 0.00000000e+00 0.00000000e+00 0.00000000e+00 0.00000000e+00
0.00000000e+00 0.00000000e+00 0.00000000e+00 0.00000000e+00 0.00000000e+00 0.00000000e+00
0.00000000e+00 0.00000000e+00 0.00000000e+00 0.00000000e+00 0.00000000e+00 0.00000000e+00
0.00000000e+00 0.00000000e+00 0.00000000e+00 0.00000000e+00 0.00000000e+00 0.00000000e+00
0.00000000e+00 0.00000000e+00 0.00000000e+00 0.00000000e+00 0.00000000e+00 0.00000000e+00
0.00000000e+00 0.00000000e+00 0.00000000e+00 0.00000000e+00 0.00000000e+00 0.00000000e+00
0.00000000e+00 0.00000000e+00 0.00000000e+00 0.00000000e+00 0.00000000e+00 0.00000000e+00
0.00000000e+00 0.00000000e+00 0.00000000e+00 0.00000000e+00 0.00000000e+00 0.00000000e+00
0.00000000e+00 0.00000000e+00 0.00000000e+00 0.00000000e+00 0.00000000e+00 0.00000000e+00
0.00000000e+00 0.00000000e+00 0.00000000e+00 0.00000000e+00 0.00000000e+00 0.00000000e+00
0.00000000e+00 0.00000000e+00 0.00000000e+00 0.00000000e+00 0.00000000e+00 0.00000000e+00
0.00000000e+00 0.00000000e+00 0.00000000e+00 0.00000000e+00 0.00000000e+00 0.00000000e+00
0.00000000e+00 0.00000000e+00 0.00000000e+00 0.00000000e+00 0.00000000e+00 0.00000000e+00
0.00000000e+00 0.00000000e+00 0.00000000e+00 0.00000000e+00 0.00000000e+00 0.00000000e+00
0.00000000e+00 0.00000000e+00 0.00000000e+00 0.00000000e+00 0.00000000e+00 0.00000000e+00
0.00000000e+00 0.00000000e+00 0.00000000e+00 0.00000000e+00 0.00000000e+00 0.00000000e+00
0.00000000e+00 0.00000000e+00 0.00000000e+00 0.00000000e+00 0.00000000e+00 0.00000000e+00
0.00000000e+00 0.00000000e+00 0.00000000e+00 0.00000000e+00 0.00000000e+00 0.00000000e+00
0.00000000e+00 0.00000000e+00 0.00000000e+00 0.00000000e+00 0.00000000e+00 0.00000000e+00
0.00000000e+00 0.00000000e+00 0.00000000e+00 0.00000000e+00 0.00000000e+00 0.00000000e+00
0.00000000e+00 0.00000000e+00 0.00000000e+00 0.00000000e+00 0.00000000e+00 0.00000000e+00
0.00000000e+00 0.00000000e+00 0.00000000e+00 0.00000000e+00 0.00000000e+00 0.00000000e+00
0.00000000e+00 0.00000000e+00 0.00000000e+00 0.00000000e+00 0.00000000e+00 0.00000000e+00
0.00000000e+00 0.00000000e+00 0.00000000e+00 0.00000000e+00 0.00000000e+00 0.00000000e+00
0.00000000e+00 0.00000000e+00 0.00000000e+00 0.00000000e+00 0.00000000e+00 0.00000000e+00
0.00000000e+00 0.00000000e+00 0.00000000e+00 0.00000000e+00 0.00000000e+00 0.00000000e+00
0.00000000e+00 0.00000000e+00 0.00000000e+00 0.00000000e+00 0.00000000e+00 0.00000000e+00
0.00000000e+00 0.00000000e+00 0.00000000e+00 0.00000000e+00 0.00000000e+00 0.00000000e+00
0.00000000e+00 0.00000000e+00 0.00000000e+00 0.00000000e+00 0.00000000e+00 0.00000000e+00
0.00000000e+00 0.00000000e+00 0.00000000e+00 0.00000000e+00 0.00000000e+00 0.00000000e+00
0.00000000e+00 0.00000000e+00 0.00000000e+00 0.00000000e+00 0.00000000e+00 0.00000000e+00
0.00000000e+00 0.00000000e+00 0.00000000e+00 0.00000000e+00 0.00000000e+00 0.00000000e+00
0.00000000e+00 0.00000000e+00 0.00000000e+00 0.00000000e+00 0.00000000e+00 0.00000000e+00
0.00000000e+00 0.00000000e+00 0.00000000e+00 0.00000000e+00 0.00000000e+00 0.00000000e+00
0.00000000e+00 0.00000000e+00 0.00000000e+00 0.00000000e+00 0.00000000e+00 0.00000000e+00
0.00000000e+00 0.00000000e+00 0.00000000e+00 0.00000000e+00 0.00000000e+00 0.00000000e+00
0.00000000e+00 0.00000000e+00 0.00000000e+00 0.00000000e+00 0.00000000e+00 0.00000000e+00
0.00000000e+00 0.00000000e+00 0.00000000e+00 0.00000000e+00 0.00000000e+00 0.00000000e+00
0.00000000e+00 0.00000000e+00 0.00000000e+00 0.00000000e+00 0.00000000e+00 0.00000000e+00
0.00000000e+00 0.00000000e+00 0.00000000e+00 0.00000000e+00 0.00000000e+00 0.00000000e+00
0.00000000e+00 0.00000000e+00 0.00000000e+00 0.00000000e+00 0.00000000e+00 0.00000000e+00
0.00000000e+00 0.00000000e+00 0.00000000e+00 0.00000000e+00 0.00000000e+00 0.00000000e+00
0.00000000e+00 0.00000000e+00 0.00000000e+00 0.00000000e+00 0.00000000e+00 0.00000000e+00
0.00000000e+00 0.00000000e+00 0.00000000e+00 0.00000000e+00 0.00000000e+00 0.00000000e+00
0.00000000e+00 0.00000000e+00 0.00000000e+00 0.00000000e+00 0.00000000e+00 0.00000000e+00
0.00000000e+00 0.00000000e+00 0.00000000e+00 0.00000000e+00 0.00000000e+00 0.00000000e+00
0.00000000e+00 0.00000000e+00 0.00000000e+00 0.00000000e+00 0.00000000e+00 0.00000000e+00
0.00000000e+00 0.00000000e+00 0.00000000e+00 0.00000000e+00 0.00000000e+00 0.00000000e+00
0.00000000e+00 0.00000000e+00 0.00000000e+00 0.00000000e+00 0.00000000e+00 0.00000000e+00
0.00000000e+00 0.00000000e+00 0.00000000e+00 0.00000000e+00 0.00000000e+00 0.00000000e+00
0.00000000e+00 0.00000000e+00 0.00000000e+00 0.00000000e+00 0.00000000e+00 0.00000000e+00
0.00000000e+00 0.00000000e+00 0.00000000e+00 0.00000000e+00 0.00000000e+00 0.00000000e+00
0.00000000e+00 0.00000000e+00 0.00000000e+00 0.00000000e+00 0.00000000e+00 0.00000000e+00
0.00000000e+00 0.00000000e+00 0.00000000e+00 0.00000000e+00 0.00000000e+00 0.00000000e+00
0.00000000e+00 0.00000000e+00 0.00000000e+00 0.00000000e+00 0.00000000e+00 0.00000000e+00
0.00000000e+00 0.00000000e+00 0.00000000e+00 0.00000000e+00 0.00000000e+00 0.00000000e+00
0.00000000e+00 0.00000000e+00 0.00000000e+00 0.00000000e+00 0.00000000e+00 0.00000000e+00
0.00000000e+00 0.00000000e+00 0.00000000e+00 0.00000000e+00 0.00000000e+00 0.00000000e+00
0.00000000e+00 0.00000000e+00 0.00000000e+00 0.00000000e+00 0.00000000e+00 0.00000000e+00
0.00000000e+00 0.00000000e+00 0.00000000e+00 0.00000000e+00 0.00000000e+00 0.00000000e+00
0.00000000e+00 0.00000000e+00 0.00000000e+00 0.00000000e+00 0.00000000e+00 0.00000000e+00
0.00000000e+00 0.00000000e+00 0.00000000e+00 0.00000000e+00 0.00000000e+00 0.00000000e+00
0.00000000e+00 0.00000000e+00 0.00000000e+00 0.00000000e+00 0.00000000e+00 0.00000000e+00
0.00000000e+00 0.00000000e+00 0.00000000e+00 0.00000000e+00 0.00000000e+00 0.00000000e+00
0.00000000e+00 0.00000000e+00 0.00000000e+00 0.00000000e+00 0.00000000e+00 0.00000000e+00
0.00000000e+00 0.00000000e+00 0.00000000e+00 0.00000000e+00 0.00000000e+00 0.00000000e+00
0.00000000e+00 0.00000000e+00 0.00000000e+00 0.00000000e+00 0.00000000e+00 0.00000000e+00
0.00000000e+00 0.00000000e+00 0.00000000e+00 0.00000000e+00 0.00000000e+00 0.00000000e+00
0.00000000e+00 0.00000000e+00 0.00000000e+00 0.00000000e+00 0.00000000e+00 0.00000000e+00
0.00000000e+00 0.00000000e+00 0.00000000e+00 0.00000000e+00 0.00000000e+00 0.00000000e+00
0.00000000e+00 0.00000000e+00 0.00000000e+00 0.00000000e+00 0.00000000e+00 0.00000000e+00
0.00000000e+00 0.00000000e+00 0.00000000e+00 0.00000000e+00 0.00000000e+00 0.00000000e+00
0.00000000e+00 0.00000000e+00 0.00000000e+00 0.00000000e+00 0.00000000e+00 0.00000000e+00
0.00000000e+00 0.00000000e+00 0.00000000e+00 0.00000000e+00 0.00000000e+00 0.00000000e+00
0.00000000e+00 0.00000000e+00 0.00000000e+00 0.00000000e+00 0.00000000e+00 0.00000000e+00
0.00000000e+00 0.00000000e+00 0.00000000e+00 0.00000000e+00 0.00000000e+00 0.00000000e+00
0.00000000e+00 0.00000000e+00 0.00000000e+00 0.00000000e+00 0.00000000e+00 0.00000000e+00
0.00000000e+00 0.00000000e+00 0.00000000e+00 0.00000000e+00 0.00000000e+00 0.00000000e+00
0.00000000e+00 0.00000000e+00 0.00000000e+00 0.00000000e+00 0.00000000e+00 0.00000000e+00
0.00000000e+00 0.00000000e+00 0.00000000e+00 0.00000000e+00 0.00000000e+00 0.00000000e+00
0.00000000e+00 0.00000000e+00 0.00000000e+00 0.00000000e+00 0.00000000e+00 0.00000000e+00
0.00000000e+00 0.00000000e+00 0.00000000e+00 0.00000000e+00 0.00000000e+00 0.00000000e+00
0.00000000e+00 0.00000000e+00 0.00000000e+00 0.00000000e+00 0.00000000e+00 0.00000000e+00
0.00000000e+00 0.00000000e+00 0.00000000e+00 0.00000000e+00 0.00000000e+00 0.00000000e+00
0.00000000e+00 0.00000000e+00 0.00000000e+00 0.00000000e+00 0.00000000e+00 0.00000000e+00
0.00000000e+00 0.00000000e+00 0.00000000e+00 0.00000000e+00 0.00000000e+00 0.00000000e+00
0.00000000e+00 0.00000000e+00 0.00000000e+00 0.00000000e+00 0.00000000e+00 0.00000000e+00
0.00000000e+00 0.00000000e+00 0.00000000e+00 0.00000000e+00 0.00000000e+00 0.00000000e+00
0.00000000e+00 0.00000000e+00 0.00000000e+00 0.00000000e+00 0.00000000e+00 0.00000000e+00
0.00000000e+00 0.00000000e+00 0.00000000e+00 0.00000000e+00 0.00000000e+00 0.00000000e+00
0.00000000e+00 0.00000000e+00 0.00000000e+00 0.00000000e+00 0.00000000e+00 0.00000000e+00
0.00000000e+00 0.00000000e+00 0.00000000e+00 0.00000000e+00 0.00000000e+00 0.00000000e+00
0.00000000e+00 0.00000000e+00 0.00000000e+00 0.00000000e+00 0.00000000e+00 0.00000000e+00
0.00000000e+00 0.00000000e+00 0.00000000e+00 0.00000000e+00 0.00000000e+00 0.00000000e+00
0.00000000e+00 0.00000000e+00 0.00000000e+00 0.00000000e+00 0.00000000e+00 0.00000000e+00
0.00000000e+00 0.00000000e+00 0.00000000e+00 0.00000000e+00 0.00000000e+00 0.00000000e+00
0.00000000e+00 0.00000000e+00 0.00000000e+00 0.00000000e+00 0.00000000e+00 0.00000000e+00
0.00000000e+00 0.00000000e+00 0.00000000e+00 0.00000000e+00 0.00000000e+00 0.00000000e+00
0.00000000e+00 0.00000000e+00 0.00000000e+00 0.00000000e+00 0.00000000e+00 0.00000000e+00
0.00000000e+00 0.00000000e+00 0.00000000e+00 0.00000000e+00 0.00000000e+00 0.00000000e+00
0.00000000e+00 0.00000000e+00 0.00000000e+00 0.00000000e+00 0.00000000e+00 0.00000000e+00
0.00000000e+00 0.00000000e+00 0.00000000e+00 0.00000000e+00 0.00000000e+00 0.00000000e+00
0.00000000e+00 0.00000000e+00 0.00000000e+00 0.00000000e+00 0.00000000e+00 0.00000000e+00
0.00000000e+00 0.00000000e+00 0.00000000e+00 0.00000000e+00 0.00000000e+00 0.00000000e+00
0.00000000e+00 0.00000000e+00 0.00000000e+00 0.00000000e+00 0.00000000e+00 0.00000000e+00
0.00000000e+00 0.00000000e+00 0.00000000e+00 0.00000000e+00 0.00000000e+00 0.00000000e+00
0.00000000e+00 0.00000000e+00 0.00000000e+00 0.00000000e+00 0.00000000e+00 0.00000000e+00
0.00000000e+00 0.00000000e+00 0.00000000e+00 0.00000000e+00 0.00000000e+00 0.00000000e+00
0.00000000e+00 0.00000000e+00 0.00000000e+00 0.00000000e+00 0.00000000e+00 0.00000000e+00
0.00000000e+00 0.00000000e+00 0.00000000e+00 0.00000000e+00 0.00000000e+00 0.00000000e+00
0.00000000e+00 0.00000000e+00 0.00000000e+00 0.00000000e+00 0.00000000e+00 0.00000000e+00
0.00000000e+00 0.00000000e+00 0.00000000e+00 0.00000000e+00 0.00000000e+00 0.00000000e+00
0.00000000e+00 0.00000000e+00 0.00000000e+00 0.00000000e+00 0.00000000e+00 0.00000000e+00
0.00000000e+00 0.00000000e+00 0.00000000e+00 0.00000000e+00 0.00000000e+00 0.00000000e+00
0.00000000e+00 0.00000000e+00 0.00000000e+00 0.00000000e+00 0.00000000e+00 0.00000000e+00
0.00000000e+00 0.00000000e+00 0.00000000e+00 0.00000000e+00 0.00000000e+00 0.00000000e+00
0.00000000e+00 0.00000000e+00 0.00000000e+00 0.00000000e+00 0.00000000e+00 0.00000000e+00
0.00000000e+00 0.00000000e+00 0.00000000e+00 0.00000000e+00 0.00000000e+00 0.00000000e+00
0.00000000e+00 0.00000000e+00 0.00000000e+00 0.00000000e+00 0.00000000e+00 0.00000000e+00
0.00000000e+00 0.00000000e+00 0.00000000e+00 0.00000000e+00 0.00000000e+00 0.00000000e+00
0.00000000e+00 0.00000000e+00 0.00000000e+00 0.00000000e+00 0.00000000e+00 0.00000000e+00
0.00000000e+00 0.00000000e+00 0.00000000e+00 0.00000000e+00 0.00000000e+00 0.00000000e+00
0.00000000e+00 0.00000000e+00 0.00000000e+00 0.00000000e+00 0.00000000e+00 0.00000000e+00
0.00000000e+00 0.00000000e+00 0.00000000e+00 0.00000000e+00 0.00000000e+00 0.00000000e+00
0.00000000e+00 0.00000000e+00 0.00000000e+00 0.00000000e+00 0.00000000e+00 0.00000000e+00
0.00000000e+00 0.00000000e+00 0.00000000e+00 0.00000000e+00 0.00000000e+00 0.00000000e+00
0.00000000e+00 0.00000000e+00 0.00000000e+00 0.00000000e+00 0.00000000e+00 0.00000000e+00
0.00000000e+00 0.00000000e+00 0.00000000e+00 0.00000000e+00 0.00000000e+00 0.00000000e+00
0.00000000e+00 0.00000000e+00 0.00000000e+00 0.00000000e+00 0.00000000e+00 0.00000000e+00
0.00000000e+00 0.00000000e+00 0.00000000e+00 0.00000000e+00 0.00000000e+00 0.00000000e+00
0.00000000e+00 0.00000000e+00 0.00000000e+00 0.00000000e+00 0.00000000e+00 0.00000000e+00
0.00000000e+00 0.00000000e+00 0.00000000e+00 0.00000000e+00 0.00000000e+00 0.00000000e+00
0.00000000e+00 0.00000000e+00 0.00000000e+00 0.00000000e+00 0.00000000e+00 0.00000000e+00
0.00000000e+00 0.00000000e+00 0.00000000e+00 0.00000000e+00 0.00000000e+00 0.00000000e+00
0.00000000e+00 0.00000000e+00 0.00000000e+00 0.00000000e+00 0.00000000e+00 0.00000000e+00
0.00000000e+00 0.00000000e+00 0.00000000e+00 0.00000000e+00 0.00000000e+00 0.00000000e+00
0.00000000e+00 0.00000000e+00 0.00000000e+00 0.00000000e+00 0.00000000e+00 0.00000000e+00
0.00000000e+00 0.00000000e+00 0.00000000e+00 0.00000000e+00 0.00000000e+00 0.00000000e+00
0.00000000e+00 0.00000000e+00 0.00000000e+00 0.00000000e+00 0.00000000e+00 0.00000000e+00
0.00000000e+00 0.00000000e+00 0.00000000e+00 0.00000000e+00 0.00000000e+00 0.00000000e+00
0.00000000e+00 0.00000000e+00 0.00000000e+00 0.00000000e+00 0.00000000e+00 0.00000000e+00
0.00000000e+00 0.00000000e+00 0.00000000e+00 0.00000000e+00 0.00000000e+00 0.00000000e+00
0.00000000e+00 0.00000000e+00 0.00000000e+00 0.00000000e+00 0.00000000e+00 0.00000000e+00
0.00000000e+00 0.00000000e+00 0.00000000e+00 0.00000000e+00 0.00000000e+00 0.00000000e+00
0.00000000e+00 0.00000000e+00 0.00000000e+00 0.00000000e+00 0.00000000e+00 0.00000000e+00
0.00000000e+00 0.00000000e+00 0.00000000e+00 0.00000000e+00 0.00000000e+00 0.00000000e+00
0.00000000e+00 0.00000000e+00 0.00000000e+00 0.00000000e+00 0.00000000e+00 0.00000000e+00
0.00000000e+00 0.00000000e+00 0.00000000e+00 0.00000000e+00 0.00000000e+00 0.00000000e+00
0.00000000e+00 0.00000000e+00 0.00000000e+00 0.00000000e+00 0.00000000e+00 0.00000000e+00
0.00000000e+00 0.00000000e+00 0.00000000e+00 0.00000000e+00 0.00000000e+00 0.00000000e+00
0.00000000e+00 0.00000000e+00 0.00000000e+00 0.00000000e+00 0.00000000e+00 0.00000000e+00
0.00000000e+00 0.00000000e+00 0.00000000e+00 0.00000000e+00 0.00000000e+00 0.00000000e+00
0.00000000e+00 0.00000000e+00 0.00000000e+00 0.00000000e+00 0.00000000e+00 0.00000000e+00
0.00000000e+00 0.00000000e+00 0.00000000e+00 0.00000000e+00 0.00000000e+00 0.00000000e+00
0.00000000e+00 0.00000000e+00 0.00000000e+00 0.00000000e+00 0.00000000e+00 0.00000000e+00
0.00000000e+00 0.00000000e+00 0.00000000e+00 0.00000000e+00 0.00000000e+00 0.00000000e+00
0.00000000e+00 0.00000000e+00 0.00000000e+00 0.00000000e+00 0.00000000e+00 0.00000000e+00
0.00000000e+00 0.00000000e+00 0.00000000e+00 0.00000000e+00 0.00000000e+00 0.00000000e+00
0.00000000e+00 0.00000000e+00 0.00000000e+00 0.00000000e+00 0.00000000e+00 0.00000000e+00
0.00000000e+00 0.00000000e+00 0.00000000e+00 0.00000000e+00 0.00000000e+00 0.00000000e+00
0.00000000e+00 0.00000000e+00 0.00000000e+00 0.00000000e+00 0.00000000e+00 0.00000000e+00
0.00000000e+00 0.00000000e+00 0.00000000e+00 0.00000000e+00 0.00000000e+00 0.00000000e+00
0.00000000e+00 0.00000000e+00 0.00000000e+00 0.00000000e+00 0.00000000e+00 0.00000000e+00
0.00000000e+00 0.00000000e+00 0.00000000e+00 0.00000000e+00 0.00000000e+00 0.00000000e+00
0.00000000e+00 0.00000000e+00 0.00000000e+00 0.00000000e+00 0.00000000e+00 0.00000000e+00
0.00000000e+00 0.00000000e+00 0.00000000e+00 0.00000000e+00 0.00000000e+00 0.00000000e+00
0.00000000e+00 0.00000000e+00 0.00000000e+00 0.00000000e+00 0.00000000e+00 0.00000000e+00
0.00000000e+00 0.00000000e+00 0.00000000e+00 0.00000000e+00 0.00000000e+00 0.00000000e+00
0.00000000e+00 0.00000000e+00 0.00000000e+00 0.00000000e+00 0.00000000e+00 0.00000000e+00
0.00000000e+00 0.00000000e+00 0.00000000e+00 0.00000000e+00 0.00000000e+00 0.00000000e+00
0.00000000e+00 0.00000000e+00 0.00000000e+00 0.00000000e+00 0.00000000e+00 0.00000000e+00
0.00000000e+00 0.00000000e+00 0.00000000e+00 0.00000000e+00 0.00000000e+00 0.00000000e+00
0.00000000e+00 0.00000000e+00 0.00000000e+00 0.00000000e+00 0.00000000e+00 0.00000000e+00
0.00000000e+00 0.00000000e+00 0.00000000e+00 0.00000000e+00 0.00000000e+00 0.00000000e+00
0.00000000e+00 0.00000000e+00 0.00000000e+00 0.00000000e+00 0.00000000e+00 0.00000000e+00
0.00000000e+00 0.00000000e+00 0.00000000e+00 0.00000000e+00 0.00000000e+00 0.00000000e+00
0.00000000e+00 0.00000000e+00 0.00000000e+00 0.00000000e+00 0.00000000e+00 0.00000000e+00
0.00000000e+00 0.00000000e+00 0.00000000e+00 0.00000000e+00 0.00000000e+00 0.00000000e+00
0.00000000e+00 0.00000000e+00 0.00000000e+00 0.00000000e+00 0.00000000e+00 0.00000000e+00
0.00000000e+00 0.00000000e+00 0.00000000e+00 0.00000000e+00 0.00000000e+00 0.00000000e+00
0.00000000e+00 0.00000000e+00 0.00000000e+00 0.00000000e+00 0.00000000e+00 0.00000000e+00
0.00000000e+00 0.00000000e+00 0.00000000e+00 0.00000000e+00 0.00000000e+00 0.00000000e+00
0.00000000e+00 0.00000000e+00 0.00000000e+00 0.00000000e+00 0.00000000e+00 0.00000000e+00
0.00000000e+00 0.00000000e+00 0.00000000e+00 0.00000000e+00 0.00000000e+00 0.00000000e+00
0.00000000e+00 0.00000000e+00 0.00000000e+00 0.00000000e+00 0.00000000e+00 0.00000000e+00
0.00000000e+00 0.00000000e+00 0.00000000e+00 0.00000000e+00 0.00000000e+00 0.00000000e+00
0.00000000e+00 0.00000000e+00 0.00000000e+00 0.00000000e+00 0.00000000e+00 0.00000000e+00
0.00000000e+00 0.00000000e+00 0.00000000e+00 0.00000000e+00 0.00000000e+00 0.00000000e+00
0.00000000e+00 0.00000000e+00 0.00000000e+00 0.00000000e+00 0.00000000e+00 0.00000000e+00
0.00000000e+00 0.00000000e+00 0.00000000e+00 0.00000000e+00 0.00000000e+00 0.00000000e+00
0.00000000e+00 0.00000000e+00 0.00000000e+00 0.00000000e+00 0.00000000e+00 0.00000000e+00
0.00000000e+00 0.00000000e+00 0.00000000e+00 0.00000000e+00 0.00000000e+00 0.00000000e+00
0.00000000e+00 0.00000000e+00 0.00000000e+00 0.00000000e+00 0.00000000e+00 0.00000000e+00
0.00000000e+00 0.00000000e+00 0.00000000e+00 0.00000000e+00 0.00000000e+00 0.00000000e+00
0.00000000e+00 0.00000000e+00 0.00000000e+00 0.00000000e+00 0.00000000e+00 0.00000000e+00
0.00000000e+00 0.00000000e+00 0.00000000e+00 0.00000000e+00 0.00000000e+00 0.00000000e+00
0.00000000e+00 0.00000000e+00 0.00000000e+00 0.00000000e+00 0.00000000e+00 0.00000000e+00
0.00000000e+00 0.00000000e+00 0.00000000e+00 0.00000000e+00 0.00000000e+00 0.00000000e+00
0.00000000e+00 0.00000000e+00 0.00000000e+00 0.00000000e+00 0.00000000e+00 0.00000000e+00
0.00000000e+00 0.00000000e+00 0.00000000e+00 0.00000000e+00 0.00000000e+00 0.00000000e+00
0.00000000e+00 0.00000000e+00 0.00000000e+00 0.00000000e+00 0.00000000e+00 0.00000000e+00
0.00000000e+00 0.00000000e+00 0.00000000e+00 0.00000000e+00 0.00000000e+00 0.00000000e+00
0.00000000e+00 0.00000000e+00 0.00000000e+00 0.00000000e+00 0.00000000e+00 0.00000000e+00
0.00000000e+00 0.00000000e+00 0.00000000e+00 0.00000000e+00 0.00000000e+00 0.00000000e+00
0.00000000e+00 0.00000000e+00 0.00000000e+00 0.00000000e+00 0.00000000e+00 0.00000000e+00
0.00000000e+00 0.00000000e+00 0.00000000e+00 0.00000000e+00 0.00000000e+00 0.00000000e+00
0.00000000e+00 0.00000000e+00 0.00000000e+00 0.00000000e+00 0.00000000e+00 0.00000000e+00
0.00000000e+00 0.00000000e+00 0.00000000e+00 0.00000000e+00 0.00000000e+00 0.00000000e+00
0.00000000e+00 0.00000000e+00 0.00000000e+00 0.00000000e+00 0.00000000e+00 0.00000000e+00
0.00000000e+00 0.00000000e+00 0.00000000e+00 0.00000000e+00 0.00000000e+00 0.00000000e+00
0.00000000e+00 0.00000000e+00 0.00000000e+00 0.00000000e+00 0.00000000e+00 0.00000000e+00
0.00000000e+00 0.00000000e+00 0.00000000e+00 0.00000000e+00 0.00000000e+00 0.00000000e+00
0.00000000e+00 0.00000000e+00 0.00000000e+00 0.00000000e+00 0.00000000e+00 0.00000000e+00
0.00000000e+00 0.00000000e+00 0.00000000e+00 0.00000000e+00 0.00000000e+00 0.00000000e+00
0.00000000e+00 0.00000000e+00 0.00000000e+00 0.00000000e+00 0.00000000e+00 0.00000000e+00
0.00000000e+00 0.00000000e+00 0.00000000e+00 0.00000000e+00 0.00000000e+00 0.00000000e+00
0.00000000e+00 0.00000000e+00 0.00000000e+00 0.00000000e+00 0.00000000e+00 0.00000000e+00
0.00000000e+00 0.00000000e+00 0.00000000e+00 0.00000000e+00 0.00000000e+00 0.00000000e+00
0.00000000e+00 0.00000000e+00 0.00000000e+00 0.00000000e+00 0.00000000e+00 0.00000000e+00
0.00000000e+00 0.00000000e+00 0.00000000e+00 0.00000000e+00 0.00000000e+00 0.00000000e+00
0.00000000e+00 0.00000000e+00 0.00000000e+00 0.00000000e+00 0.00000000e+00 0.00000000e+00
0.00000000e+00 0.00000000e+00 0.00000000e+00 0.00000000e+00 0.00000000e+00 0.00000000e+00
0.00000000e+00 0.00000000e+00 0.00000000e+00 0.00000000e+00 0.00000000e+00 0.00000000e+00
0.00000000e+00 0.00000000e+00 0.00000000e+00 0.00000000e+00 0.00000000e+00 0.00000000e+00
0.00000000e+00 0.00000000e+00 0.00000000e+00 0.00000000e+00 0.00000000e+00 0.00000000e+00
0.00000000e+00 0.00000000e+00 0.00000000e+00 0.00000000e+00 0.00000000e+00 0.00000000e+00
0.00000000e+00 0.00000000e+00 0.00000000e+00 0.00000000e+00 0.00000000e+00 0.00000000e+00
0.00000000e+00 0.00000000e+00 0.00000000e+00 0.00000000e+00 0.00000000e+00 0.00000000e+00
0.00000000e+00 0.00000000e+00 0.00000000e+00 0.00000000e+00 0.00000000e+00 0.00000000e+00
0.00000000e+00 0.00000000e+00 0.00000000e+00 0.00000000e+00 0.00000000e+00 0.00000000e+00
0.00000000e+00 0.00000000e+00 0.00000000e+00 0.00000000e+00 0.00000000e+00 0.00000000e+00
0.00000000e+00 0.00000000e+00 0.00000000e+00 0.00000000e+00 0.00000000e+00 0.00000000e+00
0.00000000e+00 0.00000000e+00 0.00000000e+00 0.00000000e+00 0.00000000e+00 0.00000000e+00
0.00000000e+00 0.00000000e+00 0.00000000e+00 0.00000000e+00 0.00000000e+00 0.00000000e+00
0.00000000e+00 0.00000000e+00 0.00000000e+00 0.00000000e+00 0.00000000e+00 0.00000000e+00
0.00000000e+00 0.00000000e+00 0.00000000e+00 0.00000000e+00 0.00000000e+00 0.00000000e+00
0.00000000e+00 0.00000000e+00 0.00000000e+00 0.00000000e+00 0.00000000e+00 0.00000000e+00
0.00000000e+00 0.00000000e+00 0.00000000e+00 0.00000000e+00 0.00000000e+00 0.00000000e+00
0.00000000e+00 0.00000000e+00 0.00000000e+00 0.00000000e+00 0.00000000e+00 0.00000000e+00
0.00000000e+00 0.00000000e+00 0.00000000e+00 0.00000000e+00 0.00000000e+00 0.00000000e+00
0.00000000e+00 0.00000000e+00 0.00000000e+00 0.00000000e+00 0.00000000e+00 0.00000000e+00
0.00000000e+00 0.00000000e+00 0.00000000e+00 0.00000000e+00 0.00000000e+00 0.00000000e+00
0.00000000e+00 0.00000000e+00 0.00000000e+00 0.00000000e+00 0.00000000e+00 0.00000000e+00
0.00000000e+00 0.00000000e+00 0.00000000e+00 0.00000000e+00 0.00000000e+00 0.00000000e+00
0.00000000e+00 0.00000000e+00 0.00000000e+00 0.00000000e+00 0.00000000e+00 0.00000000e+00
0.00000000e+00 0.00000000e+00 0.00000000e+00 0.00000000e+00 0.00000000e+00 0.00000000e+00
0.00000000e+00 0.00000000e+00 0.00000000e+00 0.00000000e+00 0.00000000e+00 0.00000000e+00
0.00000000e+00 0.00000000e+00 0.00000000e+00 0.00000000e+00 0.00000000e+00 0.00000000e+00
0.00000000e+00 0.00000000e+00 0.00000000e+00 0.00000000e+00 0.00000000e+00 0.00000000e+00
0.00000000e+00 0.00000000e+00 0.00000000e+00 0.00000000e+00 0.00000000e+00 0.00000000e+00
0.00000000e+00 0.00000000e+00 0.00000000e+00 0.00000000e+00 0.00000000e+00 0.00000000e+00
0.00000000e+00 0.00000000e+00 0.00000000e+00 0.00000000e+00 0.00000000e+00 0.00000000e+00
0.00000000e+00 0.00000000e+00 0.00000000e+00 0.00000000e+00 0.00000000e+00 0.00000000e+00
0.00000000e+00 0.00000000e+00 0.00000000e+00 0.00000000e+00 0.00000000e+00 0.00000000e+00
0.00000000e+00 0.00000000e+00 0.00000000e+00 0.00000000e+00 0.00000000e+00 0.00000000e+00
0.00000000e+00 0.00000000e+00 0.00000000e+00 0.00000000e+00 0.00000000e+00 0.00000000e+00
0.00000000e+00 0.00000000e+00 0.00000000e+00 0.00000000e+00 0.00000000e+00 0.00000000e+00
0.00000000e+00 0.00000000e+00 0.00000000e+00 0.00000000e+00 0.00000000e+00 0.00000000e+00
0.00000000e+00 0.00000000e+00 0.00000000e+00 0.00000000e+00 0.00000000e+00 0.00000000e+00
0.00000000e+00 0.00000000e+00 0.00000000e+00 0.00000000e+00 0.00000000e+00 0.00000000e+00
0.00000000e+00 0.00000000e+00 0.00000000e+00 0.00000000e+00 0.00000000e+00 0.00000000e+00
0.00000000e+00 0.00000000e+00 0.00000000e+00 0.00000000e+00 0.00000000e+00 0.00000000e+00
0.00000000e+00 0.00000000e+00 0.00000000e+00 0.00000000e+00 0.00000000e+00 0.00000000e+00
0.00000000e+00 0.00000000e+00 0.00000000e+00 0.00000000e+00 0.00000000e+00 0.00000000e+00
0.00000000e+00 0.00000000e+00 0.00000000e+00 0.00000000e+00 0.00000000e+00 0.00000000e+00
0.00000000e+00 0.00000000e+00 0.00000000e+00 0.00000000e+00 0.00000000e+00 0.00000000e+00
0.00000000e+00 0.00000000e+00 0.00000000e+00 0.00000000e+00 0.00000000e+00 0.00000000e+00
0.00000000e+00 0.00000000e+00 0.00000000e+00 0.00000000e+00 0.00000000e+00 0.00000000e+00
0.00000000e+00 0.00000000e+00 0.00000000e+00 0.00000000e+00 0.00000000e+00 0.00000000e+00
0.00000000e+00 0.00000000e+00 0.00000000e+00 0.00000000e+00 0.00000000e+00 0.00000000e+00
0.00000000e+00 0.00000000e+00 0.00000000e+00 0.00000000e+00 0.00000000e+00 0.00000000e+00
0.00000000e+00 0.00000000e+00 0.00000000e+00 0.00000000e+00 0.00000000e+00 0.00000000e+00
0.00000000e+00 0.00000000e+00 0.00000000e+00 0.00000000e+00 0.00000000e+00 0.00000000e+00
0.00000000e+00 0.00000000e+00 0.00000000e+00 0.00000000e+00 0.00000000e+00 0.00000000e+00
0.00000000e+00 0.00000000e+00 0.00000000e+00 0.00000000e+00 0.00000000e+00 0.00000000e+00
0.00000000e+00 0.00000000e+00 0.00000000e+00 0.00000000e+00 0.00000000e+00 0.00000000e+00
0.00000000e+00 0.00000000e+00 0.00000000e+00 0.00000000e+00 0.00000000e+00 0.00000000e+00
0.00000000e+00 0.00000000e+00 0.00000000e+00 0.00000000e+00 0.00000000e+00 0.00000000e+00
0.00000000e+00 0.00000000e+00 0.00000000e+00 0.00000000e+00 0.00000000e+00 0.00000000e+00
0.00000000e+00 0.00000000e+00 0.00000000e+00 0.00000000e+00 0.00000000e+00 0.00000000e+00
0.00000000e+00 0.00000000e+00 0.00000000e+00 0.00000000e+00 0.00000000e+00 0.00000000e+00
0.00000000e+00 0.00000000e+00 0.00000000e+00 0.00000000e+00 0.00000000e+00 0.00000000e+00
0.00000000e+00 0.00000000e+00 0.00000000e+00 0.00000000e+00 0.00000000e+00 0.00000000e+00
0.00000000e+00 0.00000000e+00 0.00000000e+00 0.00000000e+00 0.00000000e+00 0.00000000e+00
0.00000000e+00 0.00000000e+00 0.00000000e+00 0.00000000e+00 0.00000000e+00 0.00000000e+00
0.00000000e+00 0.00000000e+00 0.00000000e+00 0.00000000e+00 0.00000000e+00 0.00000000e+00
0.00000000e+00 0.00000000e+00 0.00000000e+00 0.00000000e+00 0.00000000e+00 0.00000000e+00
0.00000000e+00 0.00000000e+00 0.00000000e+00 0.00000000e+00 0.00000000e+00 0.00000000e+00
0.00000000e+00 0.00000000e+00 0.00000000e+00 0.00000000e+00 0.00000000e+00 0.00000000e+00
0.00000000e+00 0.00000000e+00 0.00000000e+00 0.00000000e+00 0.00000000e+00 0.00000000e+00
0.00000000e+00 0.00000000e+00 0.00000000e+00 0.00000000e+00 0.00000000e+00 0.00000000e+00
0.00000000e+00 0.00000000e+00 0.00000000e+00 0.00000000e+00 0.00000000e+00 0.00000000e+00
0.00000000e+00 0.00000000e+00 0.00000000e+00 0.00000000e+00 0.00000000e+00 0.00000000e+00
0.00000000e+00 0.00000000e+00 0.00000000e+00 0.00000000e+00 0.00000000e+00 0.00000000e+00
0.00000000e+00 0.00000000e+00 0.00000000e+00 0.00000000e+00 0.00000000e+00 0.00000000e+00
0.00000000e+00 0.00000000e+00 0.00000000e+00 0.00000000e+00 0.00000000e+00 0.00000000e+00
0.00000000e+00 0.00000000e+00 0.00000000e+00 0.00000000e+00 0.00000000e+00 0.00000000e+00
0.00000000e+00 0.00000000e+00 0.00000000e+00 0.00000000e+00 0.00000000e+00 0.00000000e+00
0.00000000e+00 0.00000000e+00 0.00000000e+00 0.00000000e+00 0.00000000e+00 0.00000000e+00
0.00000000e+00 0.00000000e+00 0.00000000e+00 0.00000000e+00 0.00000000e+00 0.00000000e+00
0.00000000e+00 0.00000000e+00 0.00000000e+00 0.00000000e+00 0.00000000e+00 0.00000000e+00
0.00000000e+00 0.00000000e+00 0.00000000e+00 0.00000000e+00 0.00000000e+00 0.00000000e+00
0.00000000e+00 0.00000000e+00 0.00000000e+00 0.00000000e+00 0.00000000e+00 0.00000000e+00
0.00000000e+00 0.00000000e+00 0.00000000e+00 0.00000000e+00 0.00000000e+00 0.00000000e+00
0.00000000e+00 0.00000000e+00 0.00000000e+00 0.00000000e+00 0.00000000e+00 0.00000000e+00
0.00000000e+00 0.00000000e+00 0.00000000e+00 0.00000000e+00 0.00000000e+00 0.00000000e+00
0.00000000e+00 0.00000000e+00 0.00000000e+00 0.00000000e+00 0.00000000e+00 0.00000000e+00
0.00000000e+00 0.00000000e+00 0.00000000e+00 0.00000000e+00 0.00000000e+00 0.00000000e+00
0.00000000e+00 0.00000000e+00 0.00000000e+00 0.00000000e+00 0.00000000e+00 0.00000000e+00
0.00000000e+00 0.00000000e+00 0.00000000e+00 0.00000000e+00 0.00000000e+00 0.00000000e+00
0.00000000e+00 0.00000000e+00 0.00000000e+00 0.00000000e+00 0.00000000e+00 0.00000000e+00
0.00000000e+00 0.00000000e+00 0.00000000e+00 0.00000000e+00 0.00000000e+00 0.00000000e+00
0.00000000e+00 0.00000000e+00 0.00000000e+00 0.00000000e+00 0.00000000e+00 0.00000000e+00
0.00000000e+00 0.00000000e+00 0.00000000e+00 0.00000000e+00 0.00000000e+00 0.00000000e+00
0.00000000e+00 0.00000000e+00 0.00000000e+00 0.00000000e+00 0.00000000e+00 0.00000000e+00
0.00000000e+00 0.00000000e+00 0.00000000e+00 0.00000000e+00 0.00000000e+00 0.00000000e+00
0.00000000e+00 0.00000000e+00 0.00000000e+00 0.00000000e+00 0.00000000e+00 0.00000000e+00
0.00000000e+00 0.00000000e+00 0.00000000e+00 0.00000000e+00 0.00000000e+00 0.00000000e+00
0.00000000e+00 0.00000000e+00 0.00000000e+00 0.00000000e+00 0.00000000e+00 0.00000000e+00
0.00000000e+00 0.00000000e+00 0.00000000e+00 0.00000000e+00 0.00000000e+00 0.00000000e+00
0.00000000e+00 0.00000000e+00 0.00000000e+00 0.00000000e+00 0.00000000e+00 0.00000000e+00
0.00000000e+00 0.00000000e+00 0.00000000e+00 0.00000000e+00 0.00000000e+00 0.00000000e+00
0.00000000e+00 0.00000000e+00 0.00000000e+00 0.00000000e+00 0.00000000e+00 0.00000000e+00
0.00000000e+00 0.00000000e+00 0.00000000e+00 0.00000000e+00 0.00000000e+00 0.00000000e+00
0.00000000e+00 0.00000000e+00 0.00000000e+00 0.00000000e+00 0.00000000e+00 0.00000000e+00
0.00000000e+00 0.00000000e+00 0.00000000e+00 0.00000000e+00 0.00000000e+00 0.00000000e+00
0.00000000e+00 0.00000000e+00 0.00000000e+00 0.00000000e+00 0.00000000e+00 0.00000000e+00
0.00000000e+00 0.00000000e+00 0.00000000e+00 0.00000000e+00 0.00000000e+00 0.00000000e+00
0.00000000e+00 0.00000000e+00 0.00000000e+00 0.00000000e+00 0.00000000e+00 0.00000000e+00
0.00000000e+00 0.00000000e+00 0.00000000e+00 0.00000000e+00 0.00000000e+00 0.00000000e+00
0.00000000e+00 0.00000000e+00 0.00000000e+00 0.00000000e+00 
7.12437009e+13 7.41403932e+13 8.00817783e+13 8.94224848e+13 1.02702634e+14 1.20649340e+14
1.44159137e+14 1.74252248e+14 2.11986962e+14 2.58328877e+14 3.13988472e+14 3.79270378e+14
4.54010455e+14 5.37687259e+14 6.29765294e+14 7.30250112e+14 8.40305858e+14 9.62742616e+14
1.10230190e+15 1.26578602e+15 1.46137705e+15 1.69638887e+15 1.97303613e+15 2.28327638e+15
2.60838758e+15 2.92471587e+15 3.21550251e+15 3.46859329e+15 3.68282062e+15 3.86261315e+15
4.01382692e+15 4.14201369e+15 4.25215206e+15 4.34844781e+15 4.43323540e+15 4.50906649e+15
4.57637200e+15 4.63522770e+15 4.68632497e+15 4.72992723e+15 4.76614462e+15 4.79516774e+15
4.81714113e+15 4.83199359e+15 4.83966952e+15 4.83971725e+15 4.83213634e+15 4.81739475e+15
4.79552048e+15 4.76655569e+15 4.73036798e+15 4.68678300e+15 4.63567739e+15 4.57677456e+15
4.50943900e+15 4.43355633e+15 4.34871387e+15 4.25218203e+15 4.14183047e+15 4.01324084e+15
3.86111466e+15 3.67890392e+15 3.45801292e+15 3.18694555e+15 2.85194360e+15 2.44201048e+15
1.95205895e+15 1.41422363e+15 9.04503040e+14 5.05680630e+14 2.49874112e+14 1.11973251e+14
4.69250544e+13 1.89749201e+13 7.65433040e+12 3.20400081e+12 1.45860611e+12 7.54181042e+11
4.55848402e+11 3.20452284e+11 2.53403628e+11 2.17614064e+11 1.97421890e+11 1.85774999e+11
1.78977377e+11 1.74814766e+11 1.72118433e+11 1.70344864e+11 1.69093531e+11 1.73409672e+11
7.12474046e+13 7.41424204e+13 8.00830044e+13 8.94231124e+13 1.02702990e+14 1.20649579e+14
1.44159313e+14 1.74252363e+14 2.11986997e+14 2.58328803e+14 3.13988262e+14 3.79270009e+14
4.54009908e+14 5.37686523e+14 6.29764357e+14 7.30248968e+14 8.40304502e+14 9.62741051e+14
1.10230016e+15 1.26578416e+15 1.46137514e+15 1.69638706e+15 1.97303449e+15 2.28327496e+15
2.60838637e+15 2.92471487e+15 3.21550171e+15 3.46859267e+15 3.68282017e+15 3.86261282e+15
4.01382669e+15 4.14201351e+15 4.25215190e+15 4.34844770e+15 4.43323529e+15 4.50906641e+15
4.57637192e+15 4.63522763e+15 4.68632492e+15 4.72992718e+15 4.76614458e+15 4.79516770e+15
4.81714110e+15 4.83199355e+15 4.83966949e+15 4.83971722e+15 4.83213631e+15 4.81739472e+15
4.79552044e+15 4.76655565e+15 4.73036793e+15 4.68678294e+15 4.63567733e+15 4.57677449e+15
4.50943891e+15 4.43355622e+15 4.34871376e+15 4.25218188e+15 4.14183027e+15 4.01324060e+15
3.86111432e+15 3.67890345e+15 3.45801227e+15 3.18694469e+15 2.85194249e+15 2.44200910e+15
1.95205735e+15 1.41422196e+15 9.04501576e+14 5.05679594e+14 2.49873525e+14 1.11972969e+14
4.69249338e+13 1.89748722e+13 7.65431215e+12 3.20399387e+12 1.45860338e+12 7.54179865e+11
4.55847818e+11 3.20451918e+11 2.53403326e+11 2.17613745e+11 1.97421492e+11 1.85774442e+11
1.78976516e+11 1.74813315e+11 1.72116645e+11 1.70362327e+11 1.69364156e+11 1.73418457e+11
7.13191989e+13 7.42180485e+13 8.01634043e+13 8.95034132e+13 1.02779590e+14 1.20720506e+14
1.44223673e+14 1.74310023e+14 2.12038321e+14 2.58374362e+14 3.14028529e+14 3.79305134e+14
4.54039635e+14 5.37710292e+14 6.29781538e+14 7.30259126e+14 8.40307582e+14 9.62737483e+14
1.10229092e+15 1.26577055e+15 1.46135875e+15 1.69636986e+15 1.97301786e+15 2.28325992e+15
2.60837327e+15 2.92470402e+15 3.21549304e+15 3.46858595e+15 3.68281530e+15 3.86260924e+15
4.01382404e+15 4.14201143e+15 4.25215035e+15 4.34844656e+15 4.43323429e+15 4.50906556e+15
4.57637122e+15 4.63522702e+15 4.68632439e+15 4.72992672e+15 4.76614420e+15 4.79516737e+15
4.81714081e+15 4.83199328e+15 4.83966923e+15 4.83971697e+15 4.83213607e+15 4.81739448e+15
4.79552019e+15 4.76655539e+15 4.73036762e+15 4.68678260e+15 4.63567694e+15 4.57677407e+15
4.50943842e+15 4.43355568e+15 4.34871326e+15 4.25218114e+15 4.14182937e+15 4.01323951e+15
3.86111275e+15 3.67890108e+15 3.45800838e+15 3.18693786e+15 2.85192986e+15 2.44198659e+15
1.95202192e+15 1.41417656e+15 9.04456198e+14 5.05643966e+14 2.49850847e+14 1.11960618e+14
4.69188900e+13 1.89721102e+13 7.65310805e+12 3.20348247e+12 1.45838817e+12 7.54088195e+11
4.55807986e+11 3.20434002e+11 2.53394351e+11 2.17608257e+11 1.97416965e+11 1.85769374e+11
1.78969401e+11 1.74801565e+11 1.72094064e+11 1.70308658e+11 1.69184761e+11 1.73456800e+11
7.14540577e+13 7.43527728e+13 8.02985399e+13 8.96369199e+13 1.02907897e+14 1.20840490e+14
1.44333355e+14 1.74408538e+14 2.12125626e+14 2.58450814e+14 3.14094416e+14 3.79360305e+14
4.54083359e+14 5.37741407e+14 6.29798823e+14 7.30261734e+14 8.40295362e+14 9.62711232e+14
1.10225275e+15 1.26572329e+15 1.46130616e+15 1.69631698e+15 1.97296807e+15 2.28321558e+15
2.60833489e+15 2.92467222e+15 3.21546756e+15 3.46856616e+15 3.68280096e+15 3.86259875e+15
4.01381640e+15 4.14200540e+15 4.25214568e+15 4.34844313e+15 4.43323122e+15 4.50906295e+15
4.57636906e+15 4.63522510e+15 4.68632274e+15 4.72992527e+15 4.76614303e+15 4.79516632e+15
4.81713987e+15 4.83199237e+15 4.83966835e+15 4.83971610e+15 4.83213520e+15 4.81739363e+15
4.79551925e+15 4.76655439e+15 4.73036639e+15 4.68678123e+15 4.63567540e+15 4.57677236e+15
4.50943641e+15 4.43355337e+15 4.34871093e+15 4.25217780e+15 4.14182521e+15 4.01323435e+15
3.86110552e+15 3.67889078e+15 3.45799312e+15 3.18691474e+15 2.85189339e+15 2.44192945e+15
1.95193960e+15 1.41407617e+15 9.04358743e+14 5.05569071e+14 2.49804185e+14 1.11935734e+14
4.69069558e+13 1.89667572e+13 7.65081221e+12 3.20251970e+12 1.45798617e+12 7.53917196e+11
4.55732954e+11 3.20399034e+11 2.53375356e+11 2.17594976e+11 1.97404388e+11 1.85754144e+11
1.78947847e+11 1.74768091e+11 1.72040000e+11 1.70225371e+11 1.69078924e+11 1.73489374e+11
7.16430902e+13 7.45413307e+13 8.04858751e+13 8.98212370e+13 1.03086045e+14 1.21008738e+14
1.44488479e+14 1.74548343e+14 2.12248904e+14 2.58556948e+14 3.14182842e+14 3.79430035e+14
4.54132790e+14 5.37768495e+14 6.29801567e+14 7.30238751e+14 8.40246366e+14 9.62637504e+14
1.10215796e+15 1.26561262e+15 1.46118660e+15 1.69619853e+15 1.97285738e+15 2.28311731e+15
2.60824991e+15 2.92460174e+15 3.21541096e+15 3.46852227e+15 3.68276904e+15 3.86257548e+15
4.01379956e+15 4.14199203e+15 4.25213518e+15 4.34843534e+15 4.43322424e+15 4.50905701e+15
4.57636412e+15 4.63522072e+15 4.68631896e+15 4.72992195e+15 4.76614031e+15 4.79516388e+15
4.81713767e+15 4.83199023e+15 4.83966625e+15 4.83971403e+15 4.83213312e+15 4.81739154e+15
4.79551696e+15 4.76655191e+15 4.73036335e+15 4.68677784e+15 4.63567154e+15 4.57676803e+15
4.50943130e+15 4.43354745e+15 4.34870472e+15 4.25216910e+15 4.14181429e+15 4.01322071e+15
3.86108656e+15 3.67886421e+15 3.45795510e+15 3.18686000e+15 2.85181316e+15 2.44181268e+15
1.95178109e+15 1.41389029e+15 9.04182734e+14 5.05436411e+14 2.49723086e+14 1.11893294e+14
4.68869842e+13 1.89579602e+13 7.64710042e+12 3.20098378e+12 1.45735037e+12 7.53647352e+11
4.55613554e+11 3.20341614e+11 2.53342104e+11 2.17569714e+11 1.97379101e+11 1.85723592e+11
1.78907304e+11 1.74712999e+11 1.71967722e+11 1.70138674e+11 1.68985962e+11 1.73507071e+11
7.18710641e+13 7.47694523e+13 8.07133602e+13 9.00460956e+13 1.03305044e+14 1.21217658e+14
1.44682856e+14 1.74724221e+14 2.12403144e+14 2.58687068e+14 3.14286562e+14 3.79504824e+14
4.54175657e+14 5.37776188e+14 6.29771119e+14 7.30168141e+14 8.40135153e+14 9.62487536e+14
1.10197482e+15 1.26540444e+15 1.46096459e+15 1.69597911e+15 1.97265200e+15 2.28293422e+15
2.60809114e+15 2.92446968e+15 3.21530478e+15 3.46844024e+15 3.68270891e+15 3.86253166e+15
4.01376801e+15 4.14196688e+15 4.25211524e+15 4.34842042e+15 4.43321091e+15 4.50904562e+15
4.57635465e+15 4.63521234e+15 4.68631173e+15 4.72991557e+15 4.76613507e+15 4.79515917e+15
4.81713341e+15 4.83198606e+15 4.83966216e+15 4.83970996e+15 4.83212901e+15 4.81738740e+15
4.79551241e+15 4.76654693e+15 4.73035730e+15 4.68677105e+15 4.63566381e+15 4.57675930e+15
4.50942096e+15 4.43353545e+15 4.34869185e+15 4.25215132e+15 4.14179197e+15 4.01319277e+15
3.86104778e+15 3.67881026e+15 3.45787938e+15 3.18675380e+15 2.85166370e+15 2.44160501e+15
1.95151081e+15 1.41358300e+15 9.03898040e+14 5.05225576e+14 2.49596286e+14 1.11828011e+14
4.68567752e+13 1.89448742e+13 7.64166321e+12 3.19876349e+12 1.45643989e+12 7.53262479e+11
4.55442596e+11 3.20257743e+11 2.53291757e+11 2.17530224e+11 1.97339720e+11 1.85678420e+11
1.78853004e+11 1.74648842e+11 1.71896208e+11 1.70064719e+11 1.68913714e+11 1.73504625e+11
7.21191961e+13 7.50187091e+13 8.09636213e+13 9.02956433e+13 1.03550557e+14 1.21454388e+14
1.44905125e+14 1.74926108e+14 2.12579033e+14 2.58831808e+14 3.14395295e+14 3.79572697e+14
4.54197714e+14 5.37747612e+14 6.29687791e+14 7.30027310e+14 8.39936201e+14 9.62232903e+14
1.10167207e+15 1.26506498e+15 1.46060428e+15 1.69562157e+15 1.97231489e+15 2.28263105e+15
2.60782675e+15 2.92424880e+15 3.21512691e+15 3.46830309e+15 3.68260755e+15 3.86245776e+15
4.01371500e+15 4.14192441e+15 4.25208137e+15 4.34839482e+15 4.43318818e+15 4.50902613e+15
4.57633843e+15 4.63519806e+15 4.68629941e+15 4.72990469e+15 4.76612607e+15 4.79515109e+15
4.81712608e+15 4.83197888e+15 4.83965509e+15 4.83970291e+15 4.83212188e+15 4.81738020e+15
4.79550448e+15 4.76653820e+15 4.73034677e+15 4.68675921e+15 4.63565025e+15 4.57674392e+15
4.50940271e+15 4.43351429e+15 4.34866873e+15 4.25211987e+15 4.14175250e+15 4.01314339e+15
3.86097921e+15 3.67871531e+15 3.45774780e+15 3.18657236e+15 2.85141486e+15 2.44127016e+15
1.95108840e+15 1.41311498e+15 9.03472742e+14 5.04915628e+14 2.49412483e+14 1.11734675e+14
4.68142126e+13 1.89267090e+13 7.63422105e+12 3.19576318e+12 1.45522216e+12 7.52751444e+11
4.55216600e+11 3.20146792e+11 2.53225237e+11 2.17479001e+11 1.97291011e+11 1.85626594e+11
1.78796316e+11 1.74588162e+11 1.71833833e+11 1.70002771e+11 1.68853014e+11 1.73485599e+11
7.23689049e+13 7.52704544e+13 8.12181276e+13 9.05518227e+13 1.03805316e+14 1.21702665e+14
1.45140192e+14 1.75140140e+14 2.12763734e+14 2.58978873e+14 3.14496613e+14 3.79620416e+14
4.54184361e+14 5.37666447e+14 6.29533373e+14 7.29796112e+14 8.39627362e+14 9.61849336e+14
1.10122305e+15 1.26456499e+15 1.46007362e+15 1.69509084e+15 1.97180900e+15 2.28217067e+15
2.60742207e+15 2.92390870e+15 3.21485243e+15 3.46809104e+15 3.68244977e+15 3.86234263e+15
4.01363279e+15 4.14185803e+15 4.25202821e+15 4.34835415e+15 4.43315236e+15 4.50899533e+15
4.57631281e+15 4.63517558e+15 4.68628007e+15 4.72988761e+15 4.76611180e+15 4.79513830e+15
4.81711446e+15 4.83196749e+15 4.83964387e+15 4.83969171e+15 4.83211053e+15 4.81736873e+15
4.79549183e+15 4.76652420e+15 4.73033001e+15 4.68674037e+15 4.63562857e+15 4.57671918e+15
4.50937330e+15 4.43348022e+15 4.34863095e+15 4.25206927e+15 4.14168914e+15 4.01306443e+15
3.86086929e+15 3.67856356e+15 3.45753946e+15 3.18628895e+15 2.85103322e+15 2.44076876e+15
1.95047137e+15 1.41244631e+15 9.02875734e+14 5.04486893e+14 2.49161333e+14 1.11608630e+14
4.67574511e+13 1.89027971e+13 7.62454805e+12 3.19191145e+12 1.45367692e+12 7.52110729e+11
4.54938026e+11 3.20013510e+11 2.53149035e+11 2.17424467e+11 1.97243519e+11 1.85580386e+11
1.78749791e+11 1.74541546e+11 1.71787836e+11 1.69957770e+11 1.68808904e+11 1.73468204e+11
7.26048282e+13 7.55089763e+13 8.14606295e+13 9.07978746e+13 1.04052278e+14 1.21945482e+14
1.45371456e+14 1.75350459e+14 2.12942326e+14 2.59114222e+14 3.14577072e+14 3.79634716e+14
4.54122118e+14 5.37518716e+14 6.29293255e+14 7.29459264e+14 8.39192583e+14 9.61319767e+14
1.10060900e+15 1.26388330e+15 1.45934791e+15 1.69435760e+15 1.97110076e+15 2.28151709e+15
2.60684194e+15 2.92341758e+15 3.21445475e+15 3.46778231e+15 3.68221871e+15 3.86217379e+15
4.01351290e+15 4.14176018e+15 4.25194951e+15 4.34829313e+15 4.43309915e+15 4.50894957e+15
4.57627465e+15 4.63514229e+15 4.68625152e+15 4.72986234e+15 4.76609051e+15 4.79511925e+15
4.81709713e+15 4.83195051e+15 4.83962715e+15 4.83967499e+15 4.83209359e+15 4.81735155e+15
4.79547290e+15 4.76650318e+15 4.73030504e+15 4.68671228e+15 4.63559610e+15 4.57668194e+15
4.50932893e+15 4.43342891e+15 4.34857330e+15 4.25199317e+15 4.14159426e+15 4.01294721e+15
3.86070518e+15 3.67833755e+15 3.45723157e+15 3.18587505e+15 2.85048402e+15 2.44006099e+15
1.94961827e+15 1.41153996e+15 9.02079544e+14 5.03922790e+14 2.48834468e+14 1.11446250e+14
4.66850993e+13 1.88726590e+13 7.61249500e+12 3.18716935e+12 1.45179970e+12 7.51346531e+11
4.54617074e+11 3.19868789e+11 2.53075079e+11 2.17379626e+11 1.97210971e+11 1.85553462e+11
1.78726093e+11 1.74520170e+11 1.71768328e+11 1.69939662e+11 1.68791694e+11 1.73469648e+11
7.28162786e+13 7.57231323e+13 8.16791520e+13 9.10207582e+13 1.04277313e+14 1.22167822e+14
1.45583401e+14 1.75541555e+14 2.13099809e+14 2.59223754e+14 3.14623645e+14 3.79603641e+14
4.53999986e+14 5.37294267e+14 6.28958053e+14 7.29008106e+14 8.38623776e+14 9.60636305e+14
1.09982127e+15 1.26300915e+15 1.45841242e+15 1.69340121e+15 1.97016338e+15 2.28063877e+15
2.60605359e+15 2.92274437e+15 3.21390654e+15 3.46735422e+15 3.68189651e+15 3.86193783e+15
4.01334489e+15 4.14162235e+15 4.25183818e+15 4.34820559e+15 4.43302362e+15 4.50888475e+15
4.57622043e+15 4.63509519e+15 4.68621126e+15 4.72982667e+15 4.76606020e+15 4.79509216e+15
4.81707244e+15 4.83192636e+15 4.83960337e+15 4.83965122e+15 4.83206947e+15 4.81732702e+15
4.79544592e+15 4.76647311e+15 4.73026961e+15 4.68667239e+15 4.63554982e+15 4.57662862e+15
4.50926548e+15 4.43335541e+15 4.34848972e+15 4.25188444e+15 4.14145939e+15 4.01278320e+15
3.86047327e+15 3.67801884e+15 3.45680051e+15 3.18530167e+15 2.84973339e+15 2.43910973e+15
1.94849245e+15 1.41036543e+15 9.01063057e+14 5.03211475e+14 2.48426315e+14 1.11245298e+14
4.65963663e+13 1.88360578e+13 7.59800722e+12 3.18153631e+12 1.44960354e+12 7.50475096e+11
4.54272433e+11 3.19728378e+11 2.53018545e+11 2.17359239e+11 1.97207431e+11 1.85558918e+11
1.78737433e+11 1.74535914e+11 1.71787667e+11 1.69961922e+11 1.68816110e+11 1.73509622e+11
7.29972700e+13 7.59065190e+13 8.18664711e+13 9.12120833e+13 1.04470652e+14 1.22358531e+14
1.45763731e+14 1.75700470e+14 2.13223214e+14 2.59295166e+14 3.14625294e+14 3.79517831e+14
4.53810532e+14 5.36987725e+14 6.28524485e+14 7.28441387e+14 8.37921618e+14 9.59800941e+14
1.09886204e+15 1.26194295e+15 1.45726374e+15 1.69221184e+15 1.96897976e+15 2.27951203e+15
2.60502976e+15 2.92186121e+15 3.21318193e+15 3.46678454e+15 3.68146512e+15 3.86162098e+15
4.01311597e+15 4.14143513e+15 4.25168644e+15 4.34808439e+15 4.43292030e+15 4.50879636e+15
4.57614621e+15 4.63503098e+15 4.68615640e+15 4.72977813e+15 4.76601863e+15 4.79505504e+15
4.81703853e+15 4.83189330e+15 4.83957082e+15 4.83961867e+15 4.83203642e+15 4.81729328e+15
4.79540888e+15 4.76643169e+15 4.73022122e+15 4.68661779e+15 4.63548640e+15 4.57655528e+15
4.50917844e+15 4.43325421e+15 4.34837326e+15 4.25173522e+15 4.14127509e+15 4.01256030e+15
3.86015960e+15 3.67758893e+15 3.45622326e+15 3.18454152e+15 2.84875118e+15 2.43788421e+15
1.94706589e+15 1.40890204e+15 8.99813762e+14 5.02347069e+14 2.47934669e+14 1.11005163e+14
4.64911507e+13 1.87930264e+13 7.58113206e+12 3.17505053e+12 1.44711683e+12 7.49518151e+11
4.53920667e+11 3.19608874e+11 2.52994553e+11 2.17376756e+11 1.97244502e+11 1.85606403e+11
1.78791493e+11 1.74594502e+11 1.71849591e+11 1.70026300e+11 1.68882147e+11 1.73588636e+11
7.31456888e+13 7.60567220e+13 8.20195485e+13 9.13678604e+13 1.04627076e+14 1.22511013e+14
1.45904533e+14 1.75818312e+14 2.13303264e+14 2.59319587e+14 3.14574376e+14 3.79371625e+14
4.53550646e+14 5.36598890e+14 6.27995465e+14 7.27765094e+14 8.37094900e+14 9.58824687e+14
1.09774339e+15 1.26069578e+15 1.45590962e+15 1.69079134e+15 1.96754441e+15 2.27812334e+15
2.60375141e+15 2.92074594e+15 3.21225870e+15 3.46605315e+15 3.68090744e+15 3.86121025e+15
4.01281171e+15 4.14118844e+15 4.25148601e+15 4.34792179e+15 4.43278334e+15 4.50867959e+15
4.57604773e+15 4.63494604e+15 4.68608379e+15 4.72971401e+15 4.76596330e+15 4.79500569e+15
4.81699334e+15 4.83184937e+15 4.83952762e+15 4.83957546e+15 4.83199250e+15 4.81724824e+15
4.79535957e+15 4.76637635e+15 4.73015714e+15 4.68654526e+15 4.63540218e+15 4.57645760e+15
4.50906290e+15 4.43311933e+15 4.34821601e+15 4.25153710e+15 4.14103117e+15 4.01226414e+15
3.85975086e+15 3.67703040e+15 3.45547913e+15 3.18357152e+15 2.84751369e+15 2.43636310e+15
1.94532205e+15 1.40714070e+15 8.98329189e+14 5.01330418e+14 2.47360997e+14 1.10726935e+14
4.63700589e+13 1.87438667e+13 7.56201510e+12 3.16778443e+12 1.44437897e+12 7.48500074e+11
4.53579320e+11 3.19524871e+11 2.53015574e+11 2.17442833e+11 1.97331130e+11 1.85703226e+11
1.78894055e+11 1.74700373e+11 1.71957470e+11 1.70135437e+11 1.68992053e+11 1.73709992e+11
7.32621707e+13 7.61742129e+13 8.21384911e+13 9.14875972e+13 1.04745253e+14 1.22622908e+14
1.46002376e+14 1.75890750e+14 2.13335184e+14 2.59292506e+14 3.14467535e+14 3.79163715e+14
4.53221849e+14 5.36132666e+14 6.27379571e+14 7.26991501e+14 8.36159263e+14 9.57726087e+14
1.09648568e+15 1.25928795e+15 1.45436817e+15 1.68915296e+15 1.96586353e+15 2.27647081e+15
2.60221004e+15 2.91938432e+15 3.21112085e+15 3.46514378e+15 3.68020833e+15 3.86069221e+15
4.01242016e+15 4.14087226e+15 4.25122859e+15 4.34771093e+15 4.43260673e+15 4.50852940e+15
4.57592045e+15 4.63483656e+15 4.68599001e+15 4.72963141e+15 4.76589162e+15 4.79494171e+15
4.81693464e+15 4.83179250e+15 4.83947172e+15 4.83951955e+15 4.83193561e+15 4.81718966e+15
4.79529559e+15 4.76630448e+15 4.73007443e+15 4.68645137e+15 4.63529330e+15 4.57633104e+15
4.50891370e+15 4.43294448e+15 4.34800881e+15 4.25128139e+15 4.14071711e+15 4.01187846e+15
3.85923450e+15 3.67632799e+15 3.45455152e+15 3.18237512e+15 2.84600620e+15 2.43453745e+15
1.94325936e+15 1.40508623e+15 8.96617947e+14 5.00169429e+14 2.46710482e+14 1.10413391e+14
4.62343846e+13 1.86891416e+13 7.54089217e+12 3.15983709e+12 1.44143350e+12 7.47441931e+11
4.53260377e+11 3.19484934e+11 2.53089003e+11 2.17564728e+11 1.97474903e+11 1.85857418e+11
1.79053442e+11 1.74861830e+11 1.72119260e+11 1.70296737e+11 1.69152674e+11 1.73881051e+11
7.33490613e+13 7.62612936e+13 8.22254787e+13 9.15732320e+13 1.04826732e+14 1.22695233e+14
1.46057668e+14 1.75917663e+14 2.13318627e+14 2.59213914e+14 3.14305871e+14 3.78897202e+14
4.52830076e+14 5.35598476e+14 6.26690099e+14 7.26137890e+14 8.35135807e+14 9.56529468e+14
1.09511558e+15 1.25774732e+15 1.45266685e+15 1.68732137e+15 1.96395580e+15 2.27456702e+15
2.60040976e+15 2.91777381e+15 3.20976066e+15 3.46404570e+15 3.67935581e+15 3.86005531e+15
4.01193034e+15 4.14047723e+15 4.25090619e+15 4.34744503e+15 4.43238450e+15 4.50834060e+15
4.57575971e+15 4.63469853e+15 4.68587153e+15 4.72952725e+15 4.76580080e+15 4.79486055e+15
4.81686011e+15 4.83172045e+15 4.83940095e+15 4.83944877e+15 4.83186352e+15 4.81711522e+15
4.79521439e+15 4.76621332e+15 4.72997000e+15 4.68633259e+15 4.63515570e+15 4.57617085e+15
4.50872561e+15 4.43272353e+15 4.34774521e+15 4.25095988e+15 4.14032321e+15 4.01139347e+15
3.85859850e+15 3.67546985e+15 3.45342964e+15 3.18094457e+15 2.84422670e+15 2.43241290e+15
1.94089189e+15 1.40275774e+15 8.94699758e+14 4.98879006e+14 2.45991923e+14 1.10068896e+14
4.60860536e+13 1.86296375e+13 7.51806837e+12 3.15132090e+12 1.43831817e+12 7.46352945e+11
4.52961878e+11 3.19484036e+11 2.53210337e+11 2.17740693e+11 1.97678477e+11 1.86077175e+11
1.79283897e+11 1.75098849e+11 1.72359631e+11 1.70538103e+11 1.69393713e+11 1.74133997e+11
7.34096217e+13 7.63212720e+13 8.22838846e+13 9.16281877e+13 1.04874939e+14 1.22731356e+14
1.46073682e+14 1.75902277e+14 2.13256973e+14 2.59087749e+14 3.14094502e+14 3.78579121e+14
4.52385038e+14 5.35009342e+14 6.25943761e+14 7.25224900e+14 8.34049057e+14 9.55262893e+14
1.09366415e+15 1.25610730e+15 1.45084009e+15 1.68532999e+15 1.96185082e+15 2.27243699e+15
2.59836756e+15 2.91592501e+15 3.20818036e+15 3.46275529e+15 3.67834206e+15 3.85928814e+15
4.01133184e+15 4.13999542e+15 4.25051168e+15 4.34711797e+15 4.43211094e+15 4.50810821e+15
4.57556117e+15 4.63452797e+15 4.68572468e+15 4.72939834e+15 4.76568792e+15 4.79475954e+15
4.81676724e+15 4.83163086e+15 4.83931303e+15 4.83936083e+15 4.83177389e+15 4.81702243e+15
4.79511326e+15 4.76609996e+15 4.72984064e+15 4.68618530e+15 4.63498531e+15 4.57597237e+15
4.50849354e+15 4.43245068e+15 4.34741936e+15 4.25056522e+15 4.13984103e+15 4.01079977e+15
3.85783541e+15 3.67444868e+15 3.45211011e+15 3.17928253e+15 2.84218666e+15 2.43000796e+15
1.93824856e+15 1.40018760e+15 8.92603926e+14 4.97479818e+14 2.45217129e+14 1.09699149e+14
4.59275178e+13 1.85663252e+13 7.49390105e+12 3.14235274e+12 1.43505838e+12 7.45223289e+11
4.52658357e+11 3.19490434e+11 2.53345031e+11 2.17935920e+11 1.97909837e+11 1.86337389e+11
1.79572381e+11 1.75415941e+11 1.72705024e+11 1.70909372e+11 1.69785383e+11 1.74557660e+11
7.34474998e+13 7.63578991e+13 8.23176470e+13 9.16566511e+13 1.04894345e+14 1.22736056e+14
1.46055530e+14 1.75850099e+14 2.13156275e+14 2.58920904e+14 3.13841588e+14 3.78219475e+14
4.51899177e+14 5.34380683e+14 6.25159379e+14 7.24274926e+14 8.32925072e+14 9.53956087e+14
1.09216464e+15 1.25440433e+15 1.44892695e+15 1.68321956e+15 1.95958939e+15 2.27011656e+15
2.59611285e+15 2.91386049e+15 3.20639275e+15 3.46127713e+15 3.67716445e+15 3.85837952e+15
4.01061519e+15 4.13942146e+15 4.25003919e+15 4.34672444e+15 4.43178091e+15 4.50782757e+15
4.57532071e+15 4.63432099e+15 4.68554588e+15 4.72924150e+15 4.76554997e+15 4.79463590e+15
4.81665347e+15 4.83152134e+15 4.83920561e+15 4.83925338e+15 4.83166430e+15 4.81690870e+15
4.79498942e+15 4.76596141e+15 4.72968317e+15 4.68600593e+15 4.63477819e+15 4.57573143e+15
4.50821275e+15 4.43212078e+15 4.34702613e+15 4.25009145e+15 4.13926423e+15 4.01008859e+15
3.85693150e+15 3.67326192e+15 3.45059794e+15 3.17740297e+15 2.83991123e+15 2.42735880e+15
1.93537293e+15 1.39742129e+15 8.90368538e+14 4.95997537e+14 2.44400336e+14 1.09310899e+14
4.57616306e+13 1.85003108e+13 7.46878444e+12 3.13305218e+12 1.43167054e+12 7.44028988e+11
4.52304789e+11 3.19444942e+11 2.53417630e+11 2.18052783e+11 1.98040596e+11 1.86468344e+11
1.79696520e+11 1.75528673e+11 1.72803919e+11 1.70994258e+11 1.69858602e+11 1.74626719e+11
7.34664088e+13 7.63750213e+13 8.23308669e+13 9.16630870e+13 1.04889878e+14 1.22714806e+14
1.46009313e+14 1.75767957e+14 2.13024231e+14 2.58722151e+14 3.13557294e+14 3.77830202e+14
4.51386648e+14 5.33729283e+14 6.24356711e+14 7.23310869e+14 8.31790010e+14 9.52638619e+14
1.09065029e+15 1.25267565e+15 1.44696867e+15 1.68103492e+15 1.95721785e+15 2.26764956e+15
2.59368820e+15 2.91161503e+15 3.20442135e+15 3.45962487e+15 3.67582742e+15 3.85732380e+15
4.00977580e+15 4.13875246e+15 4.24948448e+15 4.34626027e+15 4.43139022e+15 4.50749463e+15
4.57503452e+15 4.63407395e+15 4.68533175e+15 4.72905354e+15 4.76538392e+15 4.79448681e+15
4.81651616e+15 4.83138941e+15 4.83907628e+15 4.83912401e+15 4.83153231e+15 4.81677140e+15
4.79484006e+15 4.76579466e+15 4.72949446e+15 4.68579105e+15 4.63453060e+15 4.57544415e+15
4.50787913e+15 4.43172969e+15 4.34656152e+15 4.24953460e+15 4.13859004e+15 4.00925275e+15
3.85588214e+15 3.67191401e+15 3.44890733e+15 3.17533103e+15 2.83743875e+15 2.42451501e+15
1.93231978e+15 1.39451449e+15 8.88038423e+14 4.94461544e+14 2.43557521e+14 1.08911614e+14
4.55915188e+13 1.84327991e+13 7.44314809e+12 3.12355541e+12 1.42818551e+12 7.42765152e+11
4.51885131e+11 3.19332401e+11 2.53420076e+11 2.18096182e+11 1.98095669e+11 1.86523474e+11
1.79747607e+11 1.75574437e+11 1.72844741e+11 1.71031253e+11 1.69893091e+11 1.74662247e+11
7.34699424e+13 7.63763751e+13 8.23275601e+13 9.16519225e+13 1.04866502e+14 1.22673233e+14
1.45941445e+14 1.75663173e+14 2.12869208e+14 2.58501076e+14 3.13252624e+14 3.77423985e+14
4.50862081e+14 5.33071989e+14 6.23555051e+14 7.22354716e+14 8.30668758e+14 9.51338584e+14
1.08915302e+15 1.25095776e+15 1.44500708e+15 1.67882369e+15 1.95478902e+15 2.26509255e+15
2.59114550e+15 2.90923141e+15 3.20229945e+15 3.45782122e+15 3.67434437e+15 3.85612995e+15
4.00881658e+15 4.13798516e+15 4.24884503e+15 4.34572271e+15 4.43093588e+15 4.50710618e+15
4.57469931e+15 4.63378364e+15 4.68507918e+15 4.72883136e+15 4.76518684e+15 4.79430951e+15
4.81635274e+15 4.83123267e+15 4.83892266e+15 4.83897036e+15 4.83137549e+15 4.81660794e+15
4.79466240e+15 4.76559678e+15 4.72927143e+15 4.68553749e+15 4.63423924e+15 4.57510712e+15
4.50748946e+15 4.43127448e+15 4.34602312e+15 4.24889315e+15 4.13782123e+15 4.00829513e+15
3.85468827e+15 3.67041727e+15 3.44706145e+15 3.17310175e+15 2.83481654e+15 2.42153654e+15
1.92915662e+15 1.39153007e+15 8.85662533e+14 4.92903277e+14 2.42705562e+14 1.08509126e+14
4.54204413e+13 1.83650435e+13 7.41744859e+12 3.11402240e+12 1.42465969e+12 7.41455522e+11
4.51415935e+11 3.19172113e+11 2.53378177e+11 2.18099653e+11 1.98115985e+11 1.86549460e+11
1.79775263e+11 1.75602151e+11 1.72872149e+11 1.71058403e+11 1.69920106e+11 1.74691041e+11
7.34614648e+13 7.63654619e+13 8.23115003e+13 9.16273387e+13 1.04828945e+14 1.22616751e+14
1.45858160e+14 1.75542941e+14 2.12699493e+14 2.58267187e+14 3.12938451e+14 3.77013189e+14
4.50339482e+14 5.32424577e+14 6.22772079e+14 7.21426312e+14 8.29583608e+14 9.50081479e+14
1.08770216e+15 1.24928491e+15 1.44308260e+15 1.67663344e+15 1.95235772e+15 2.26250645e+15
2.58854255e+15 2.90675920e+15 3.20006809e+15 3.45589693e+15 3.67273662e+15 3.85481406e+15
4.00774613e+15 4.13712093e+15 4.24812090e+15 4.34511096e+15 4.43041638e+15 4.50666015e+15
4.57431244e+15 4.63344741e+15 4.68478553e+15 4.72857223e+15 4.76495601e+15 4.79410138e+15
4.81616060e+15 4.83104868e+15 4.83874246e+15 4.83879009e+15 4.83119140e+15 4.81641572e+15
4.79445381e+15 4.76536507e+15 4.72901130e+15 4.68524259e+15 4.63390151e+15 4.57471797e+15
4.50704171e+15 4.43075372e+15 4.34541035e+15 4.24816754e+15 4.13695752e+15 4.00722522e+15
3.85336897e+15 3.66879380e+15 3.44509218e+15 3.17075871e+15 2.83209963e+15 2.41848980e+15
1.92595539e+15 1.38853322e+15 8.83290816e+14 4.91354447e+14 2.41861347e+14 1.08111233e+14
4.52516397e+13 1.82983005e+13 7.39215508e+12 3.10462991e+12 1.42116681e+12 7.40138819e+11
4.50924837e+11 3.18988364e+11 2.53315108e+11 2.18085348e+11 1.98121953e+11 1.86564094e+11
1.79793972e+11 1.75622705e+11 1.72893629e+11 1.71080407e+11 1.69942418e+11 1.74714839e+11
7.34440507e+13 7.63454851e+13 8.22861466e+13 9.15931808e+13 1.04781571e+14 1.22550381e+14
1.45765277e+14 1.75414015e+14 2.12522902e+14 2.58029480e+14 3.12625042e+14 3.76609446e+14
4.49831916e+14 5.31801629e+14 6.22024006e+14 7.20543621e+14 8.28554620e+14 9.48889618e+14
1.08632336e+15 1.24768751e+15 1.44123195e+15 1.67450822e+15 1.94997499e+15 2.25994573e+15
2.58593514e+15 2.90425173e+15 3.19777387e+15 3.45388955e+15 3.67103305e+15 3.85339723e+15
4.00657748e+15 4.13616535e+15 4.24731513e+15 4.34442650e+15 4.42983203e+15 4.50615591e+15
4.57387266e+15 4.63306358e+15 4.68444881e+15 4.72827390e+15 4.76468905e+15 4.79386005e+15
4.81593733e+15 4.83083521e+15 4.83853350e+15 4.83858107e+15 4.83097777e+15 4.81619228e+15
4.79421191e+15 4.76509719e+15 4.72871183e+15 4.68490434e+15 4.63351574e+15 4.57427548e+15
4.50653528e+15 4.43016779e+15 4.34472487e+15 4.24736109e+15 4.13600439e+15 4.00605691e+15
3.85194691e+15 3.66707292e+15 3.44303824e+15 3.16835126e+15 2.82934703e+15 2.41544043e+15
1.92278338e+15 1.38558611e+15 8.80971017e+14 4.89845263e+14 2.41040904e+14 1.07725313e+14
4.50881812e+13 1.82337630e+13 7.36771997e+12 3.09555415e+12 1.41778310e+12 7.38854537e+11
4.50436372e+11 3.18798764e+11 2.53244449e+11 2.18063887e+11 1.98121713e+11 1.86573399e+11
1.79808012e+11 1.75639034e+11 1.72911162e+11 1.71098628e+11 1.69961037e+11 1.74734580e+11
7.34204347e+13 7.63192876e+13 8.22545596e+13 9.15528383e+13 1.04728216e+14 1.22478524e+14
1.45667886e+14 1.75282287e+14 2.12346230e+14 2.57795727e+14 3.12321195e+14 3.76222588e+14
4.49350245e+14 5.31215047e+14 6.21323802e+14 7.19720843e+14 8.27597550e+14 9.47781027e+14
1.08503776e+15 1.24619117e+15 1.43948683e+15 1.67248721e+15 1.94768742e+15 2.25746216e+15
2.58337829e+15 2.90176328e+15 3.19546632e+15 3.45184094e+15 3.66926714e+15 3.85190493e+15
4.00532783e+15 4.13512730e+15 4.24643401e+15 4.34367343e+15 4.42918519e+15 4.50559450e+15
4.57338005e+15 4.63263151e+15 4.68406785e+15 4.72793482e+15 4.76438415e+15 4.79358356e+15
4.81568083e+15 4.83059029e+15 4.83829390e+15 4.83834137e+15 4.83073264e+15 4.81593548e+15
4.79393474e+15 4.76479133e+15 4.72837149e+15 4.68452156e+15 4.63308125e+15 4.57377974e+15
4.50597120e+15 4.42951907e+15 4.34397080e+15 4.24648028e+15 4.13497193e+15 4.00480800e+15
3.85044824e+15 3.66528867e+15 3.44094267e+15 3.16593166e+15 2.82661867e+15 2.41245286e+15
1.91970509e+15 1.38274645e+15 8.78746819e+14 4.88403146e+14 2.40258703e+14 1.07358008e+14
4.49328253e+13 1.81725064e+13 7.34455290e+12 3.08695605e+12 1.41458004e+12 7.37643811e+11
4.49969761e+11 3.18614349e+11 2.53173171e+11 2.18039996e+11 1.98118460e+11 1.86579516e+11
1.79818793e+11 1.75652063e+11 1.72925361e+11 1.71113480e+11 1.69976258e+11 1.74750579e+11
7.33929912e+13 7.62893340e+13 8.22193832e+13 9.15092277e+13 1.04672163e+14 1.22404932e+14
1.45570299e+14 1.75152717e+14 2.12175156e+14 2.57572371e+14 3.12034121e+14 3.75860571e+14
4.48903122e+14 5.30674119e+14 6.20681416e+14 7.18968700e+14 8.26724193e+14 9.46769179e+14
1.08386165e+15 1.24481625e+15 1.43787323e+15 1.67060350e+15 1.94553575e+15 2.25510291e+15
2.58092342e+15 2.89934614e+15 3.19319471e+15 3.44979459e+15 3.66747517e+15 3.85036579e+15
4.00401818e+15 4.13401913e+15 4.24548731e+15 4.34285866e+15 4.42848046e+15 4.50497874e+15
4.57283617e+15 4.63215179e+15 4.68364252e+15 4.72755426e+15 4.76404017e+15 4.79327054e+15
4.81538966e+15 4.83031233e+15 4.83802211e+15 4.83806946e+15 4.83045438e+15 4.81564382e+15
4.79362092e+15 4.76444635e+15 4.72798955e+15 4.68409413e+15 4.63259869e+15 4.57323239e+15
4.50535220e+15 4.42881193e+15 4.34315485e+15 4.24553471e+15 4.13387373e+15 4.00349962e+15
3.84890201e+15 3.66347785e+15 3.43885001e+15 3.16355138e+15 2.82397150e+15 2.40958688e+15
1.91677881e+15 1.38006514e+15 8.76656134e+14 4.87051655e+14 2.39527097e+14 1.07014970e+14
4.47879151e+13 1.81154413e+13 7.32299747e+12 3.07896604e+12 1.41160826e+12 7.36524842e+11
4.49535809e+11 3.18441385e+11 2.53105077e+11 2.18016163e+11 1.98113927e+11 1.86583748e+11
1.79827385e+11 1.75662747e+11 1.72937126e+11 1.71125847e+11 1.69988965e+11 1.74763815e+11
7.33637272e+13 7.62577022e+13 8.21828383e+13 9.14647841e+13 1.04616138e+14 1.22332690e+14
1.45476034e+14 1.75029314e+14 2.12014221e+14 2.57364494e+14 3.11769427e+14 3.75529466e+14
4.48497007e+14 5.30185641e+14 6.20103969e+14 7.18294740e+14 8.25942808e+14 9.45863603e+14
1.08280674e+15 1.24357786e+15 1.43641100e+15 1.66888323e+15 1.94355336e+15 2.25290817e+15
2.57861571e+15 2.89704750e+15 3.19100530e+15 3.44779315e+15 3.66569424e+15 3.84881042e+15
4.00267358e+15 4.13286291e+15 4.24448915e+15 4.34199197e+15 4.42772462e+15 4.50431329e+15
4.57224437e+15 4.63162643e+15 4.68317382e+15 4.72713250e+15 4.76365679e+15 4.79292031e+15
4.81506294e+15 4.83000028e+15 4.83771706e+15 4.83776427e+15 4.83014194e+15 4.81531644e+15
4.79326975e+15 4.76406196e+15 4.72756624e+15 4.68362302e+15 4.63207008e+15 4.57263672e+15
4.50468293e+15 4.42805296e+15 4.34228622e+15 4.24453678e+15 4.13272512e+15 4.00215526e+15
3.84733916e+15 3.66167809e+15 3.43680384e+15 3.16125883e+15 2.82145671e+15 2.40689464e+15
1.91405397e+15 1.37758430e+15 8.74729832e+14 4.85809772e+14 2.38855995e+14 1.06700709e+14
4.46553118e+13 1.80632858e+13 7.30332096e+12 3.07168200e+12 1.40890235e+12 7.35506723e+11
4.49140524e+11 3.18283387e+11 2.53042391e+11 2.17993707e+11 1.98108999e+11 1.86586762e+11
1.79834335e+11 1.75671571e+11 1.72946910e+11 1.71136161e+11 1.69999577e+11 1.74774771e+11
7.33342863e+13 7.62260893e+13 8.21467275e+13 9.14214691e+13 1.04562310e+14 1.22264227e+14
1.45387820e+14 1.74915139e+14 2.11866822e+14 2.57175816e+14 3.11531099e+14 3.75233456e+14
4.48136186e+14 5.29753938e+14 6.19595799e+14 7.17703415e+14 8.25258237e+14 9.45069979e+14
1.08188021e+15 1.24248557e+15 1.43511343e+15 1.66734498e+15 1.94176532e+15 2.25090956e+15
2.57649224e+15 2.89490761e+15 3.18893926e+15 3.44587612e+15 3.66396062e+15 3.84727080e+15
4.00132081e+15 4.13168129e+15 4.24345617e+15 4.34108557e+15 4.42692661e+15 4.50360477e+15
4.57160944e+15 4.63105881e+15 4.68266399e+15 4.72667095e+15 4.76323460e+15 4.79253299e+15
4.81470049e+15 4.82965374e+15 4.83737828e+15 4.83742533e+15 4.82979491e+15 4.81495319e+15
4.79288137e+15 4.76363877e+15 4.72710283e+15 4.68311047e+15 4.63149878e+15 4.57199770e+15
4.50396997e+15 4.42725082e+15 4.34137646e+15 4.24350150e+15 4.13154418e+15 4.00080025e+15
3.84579127e+15 3.65992586e+15 3.43484433e+15 3.15909687e+15 2.81911787e+15 2.40441868e+15
1.91156953e+15 1.37533606e+15 8.72990861e+14 4.84691368e+14 2.38252545e+14 1.06418449e+14
4.45363332e+13 1.80165434e+13 7.28570856e+12 3.06517054e+12 1.40648618e+12 7.34598517e+11
4.48787905e+11 3.18142253e+11 2.52986090e+11 2.17973168e+11 1.98104008e+11 1.86588781e+11
1.79839803e+11 1.75678651e+11 1.72954798e+11 1.71144486e+11 1.70008143e+11 1.74783528e+11
7.33059589e+13 7.61958206e+13 8.21124456e+13 9.13807793e+13 1.04512310e+14 1.22201330e+14
1.45307615e+14 1.74812317e+14 2.11735235e+14 2.57008705e+14 3.11321528e+14 3.74974841e+14
4.47822761e+14 5.29380817e+14 6.19158383e+14 7.17195916e+14 8.24671607e+14 9.44389737e+14
1.08108429e+15 1.24154327e+15 1.43398720e+15 1.66599957e+15 1.94018780e+15 2.24912918e+15
2.57458061e+15 2.89295817e+15 3.18703072e+15 3.44407761e+15 3.66230741e+15 3.84577738e+15
3.99998642e+15 4.13049690e+15 4.24240631e+15 4.34015336e+15 4.42609710e+15 4.50286153e+15
4.57093807e+15 4.63045375e+15 4.68211652e+15 4.72617203e+15 4.76277535e+15 4.79210966e+15
4.81430295e+15 4.82927307e+15 4.83700601e+15 4.83705286e+15 4.82941365e+15 4.81455468e+15
4.79245679e+15 4.76317842e+15 4.72660174e+15 4.68255992e+15 4.63088962e+15 4.57132158e+15
4.50322144e+15 4.42641590e+15 4.34043912e+15 4.24244652e+15 4.13035630e+15 3.99946119e+15
3.84428858e+15 3.65825443e+15 3.43300651e+15 3.15710093e+15 2.81698906e+15 2.40219046e+15
1.90935279e+15 1.37334184e+15 8.71453910e+14 4.83705035e+14 2.37721062e+14 1.06170097e+14
4.44317439e+13 1.79755004e+13 7.27026346e+12 3.05946835e+12 1.40437303e+12 7.33805107e+11
4.48479876e+11 3.18018726e+11 2.52936444e+11 2.17954666e+11 1.98099120e+11 1.86590019e+11
1.79844034e+11 1.75684260e+11 1.72961085e+11 1.71151132e+11 1.70014985e+11 1.74790464e+11
7.32797062e+13 7.61678773e+13 8.20810124e+13 9.13437890e+13 1.04467275e+14 1.22145204e+14
1.45236680e+14 1.74722139e+14 2.11620725e+14 2.56864331e+14 3.11141673e+14 3.74754258e+14
4.47556915e+14 5.29065895e+14 6.18790706e+14 7.16770617e+14 8.24180788e+14 9.43820498e+14
1.08041684e+15 1.24074963e+15 1.43303269e+15 1.66485028e+15 1.93882813e+15 2.24757933e+15
2.57289832e+15 2.89122136e+15 3.18530562e+15 3.44242590e+15 3.66076290e+15 3.84435732e+15
3.99869520e+15 4.12933141e+15 4.24135765e+15 4.33921017e+15 4.42524792e+15 4.50209307e+15
4.57023797e+15 4.62981734e+15 4.68153609e+15 4.72563930e+15 4.76228187e+15 4.79165233e+15
4.81387182e+15 4.82885943e+15 4.83660123e+15 4.83664786e+15 4.82899933e+15 4.81412243e+15
4.79199801e+15 4.76268358e+15 4.72606652e+15 4.68197604e+15 4.63024865e+15 4.57061603e+15
4.50244675e+15 4.42555974e+15 4.33948898e+15 4.24139035e+15 4.12918431e+15 3.99816323e+15
3.84285832e+15 3.65669227e+15 3.43131897e+15 3.15529769e+15 2.81509382e+15 2.40022973e+15
1.90741905e+15 1.37161228e+15 8.70125491e+14 4.82854191e+14 2.37263112e+14 1.05956288e+14
4.43417794e+13 1.79402366e+13 7.25701146e+12 3.05458381e+12 1.40256601e+12 7.33127687e+11
4.48217107e+11 3.17913344e+11 2.52893961e+11 2.17938660e+11 1.98094678e+11 1.86590757e+11
1.79847284e+11 1.75688648e+11 1.72966019e+11 1.71156349e+11 1.70020353e+11 1.74795863e+11
7.32561872e+13 7.61429247e+13 8.20531042e+13 9.13111860e+13 1.04427900e+14 1.22096533e+14
1.45175658e+14 1.74645156e+14 2.11523680e+14 2.56742813e+14 3.10991272e+14 3.74570918e+14
4.47337203e+14 5.28806949e+14 6.18489695e+14 7.16423574e+14 8.23781013e+14 9.43356861e+14
1.07987200e+15 1.24009876e+15 1.43224461e+15 1.66389337e+15 1.93768530e+15 2.24626286e+15
2.57145279e+15 2.88970940e+15 3.18378075e+15 3.44094133e+15 3.65934927e+15 3.84303322e+15
3.99746894e+15 4.12820472e+15 4.24032823e+15 4.33827107e+15 4.42439126e+15 4.50130972e+15
4.56951760e+15 4.62915661e+15 4.68092841e+15 4.72507736e+15 4.76175796e+15 4.79116399e+15
4.81340953e+15 4.82841487e+15 4.83616578e+15 4.83621216e+15 4.82855399e+15 4.81365888e+15
4.79150802e+15 4.76215798e+15 4.72550177e+15 4.68136454e+15 4.62958295e+15 4.56988980e+15
4.50165641e+15 4.42469530e+15 4.33854142e+15 4.24035153e+15 4.12804956e+15 3.99692874e+15
3.84152336e+15 3.65526169e+15 3.42980208e+15 3.15370428e+15 2.81344489e+15 2.39854462e+15
1.90577205e+15 1.37014783e+15 8.69004409e+14 4.82137425e+14 2.36877707e+14 1.05776485e+14
4.42661848e+13 1.79106400e+13 7.24590558e+12 3.05049775e+12 1.40105743e+12 7.32563272e+11
4.47998487e+11 3.17825768e+11 2.52858633e+11 2.17925273e+11 1.98090839e+11 1.86591167e+11
1.79849737e+11 1.75692005e+11 1.72969798e+11 1.71160339e+11 1.70024453e+11 1.74799961e+11
7.32357922e+13 7.61213482e+13 8.20290941e+13 9.12833193e+13 1.04394489e+14 1.22055543e+14
1.45124651e+14 1.74581277e+14 2.11443720e+14 2.56643372e+14 3.10869001e+14 3.74422808e+14
4.47160770e+14 5.28600164e+14 6.18250477e+14 7.16148813e+14 8.23465199e+14 9.42990650e+14
1.07944063e+15 1.23958083e+15 1.43161283e+15 1.66311907e+15 1.93675083e+15 2.24517391e+15
2.57024198e+15 2.88842488e+15 3.18246363e+15 3.43963581e+15 3.65808170e+15 3.84182229e+15
3.99632560e+15 4.12713482e+15 4.23933454e+15 4.33735062e+15 4.42354003e+15 4.50052235e+15
4.56878630e+15 4.62847939e+15 4.68030007e+15 4.72449176e+15 4.76120833e+15 4.79064856e+15
4.81291943e+15 4.82794231e+15 4.83570237e+15 4.83574848e+15 4.82808058e+15 4.81316736e+15
4.79099073e+15 4.76160641e+15 4.72491305e+15 4.68073201e+15 4.62890037e+15 4.56915221e+15
4.50086137e+15 4.42383556e+15 4.33761133e+15 4.23934692e+15 4.12697032e+15 3.99577613e+15
3.84030120e+15 3.65397809e+15 3.42846781e+15 3.15232817e+15 2.81204452e+15 2.39713236e+15
1.90440501e+15 1.36893977e+15 8.68082649e+14 4.81549076e+14 2.36561620e+14 1.05629118e+14
4.42042769e+13 1.78864316e+13 7.23683622e+12 3.04716765e+12 1.39983071e+12 7.32105285e+11
4.47821281e+11 3.17754704e+11 2.52829950e+11 2.17914320e+11 1.98087573e+11 1.86591314e+11
1.79851510e+11 1.75694480e+11 1.72972587e+11 1.71163280e+11 1.70027469e+11 1.74802963e+11
7.32186801e+13 7.61032918e+13 8.20090951e+13 9.12602485e+13 1.04367018e+14 1.22022084e+14
1.45083318e+14 1.74529889e+14 2.11379860e+14 2.56564515e+14 3.10772719e+14 3.74306980e+14
4.47023716e+14 5.28440550e+14 6.18066882e+14 7.15938900e+14 8.23224597e+14 9.42711750e+14
1.07911125e+15 1.23918306e+15 1.43112339e+15 1.66251270e+15 1.93601014e+15 2.24429923e+15
2.56925558e+15 2.88736165e+15 3.18135313e+15 3.43851307e+15 3.65696828e+15 3.84073574e+15
3.99527849e+15 4.12613591e+15 4.23839030e+15 4.33646202e+15 4.42270652e+15 4.49974177e+15
4.56805366e+15 4.62779401e+15 4.67965828e+15 4.72388877e+15 4.76063848e+15 4.79011078e+15
4.81240570e+15 4.82744557e+15 4.83521454e+15 4.83526036e+15 4.82758290e+15 4.81265212e+15
4.79045095e+15 4.76103441e+15 4.72430666e+15 4.68008565e+15 4.62820921e+15 4.56841269e+15
4.50007243e+15 4.42299280e+15 4.33671226e+15 4.23839100e+15 4.12596125e+15 3.99471913e+15
3.83920346e+15 3.65284982e+15 3.42731986e+15 3.15116782e+15 2.81088550e+15 2.39598067e+15
1.90330212e+15 1.36797166e+15 8.67346511e+14 4.81079959e+14 2.36309775e+14 1.05511769e+14
4.41550189e+13 1.78671957e+13 7.22964279e+12 3.04453241e+12 1.39886237e+12 7.31744476e+11
4.47681523e+11 3.17697962e+11 2.52807172e+11 2.17905593e+11 1.98084884e+11 1.86591282e+11
1.79852726e+11 1.75696217e+11 1.72974546e+11 1.71165337e+11 1.70029572e+11 1.74805057e+11
7.32048178e+13 7.60887016e+13 8.19930084e+13 9.12418012e+13 1.04345201e+14 1.21995703e+14
1.45050973e+14 1.74489983e+14 2.11330648e+14 2.56504221e+14 3.10699681e+14 3.74219815e+14
4.46921397e+14 5.28322311e+14 6.17931847e+14 7.15785421e+14 8.23049345e+14 9.42508755e+14
1.07887076e+15 1.23889058e+15 1.43075960e+15 1.66205594e+15 1.93544397e+15 2.24361989e+15
2.56847650e+15 2.88650615e+15 3.18044049e+15 3.43756952e+15 3.65601035e+15 3.83977893e+15
3.99433599e+15 4.12521832e+15 4.23750668e+15 4.33561666e+15 4.42190173e+15 4.49897817e+15
4.56732897e+15 4.62710889e+15 4.67901064e+15 4.72327520e+15 4.76005456e+15 4.78955613e+15
4.81187333e+15 4.82692926e+15 4.83470667e+15 4.83475218e+15 4.82706563e+15 4.81211815e+15
4.78989420e+15 4.76044822e+15 4.72368945e+15 4.67943296e+15 4.62751793e+15 4.56768062e+15
4.49929970e+15 4.42217816e+15 4.33585588e+15 4.23749541e+15 4.12503309e+15 3.99376654e+15
3.83823571e+15 3.65187806e+15 3.42635436e+15 3.15021372e+15 2.80995263e+15 2.39506949e+15
1.90244039e+15 1.36722104e+15 8.66777917e+14 4.80718196e+14 2.36115686e+14 1.05421376e+14
4.41171082e+13 1.78524143e+13 7.22412722e+12 3.04251759e+12 1.39812446e+12 7.31470457e+11
4.47575644e+11 3.17655027e+11 2.52789976e+11 2.17898990e+11 1.98082798e+11 1.86591157e+11
1.79853507e+11 1.75697356e+11 1.72975824e+11 1.71166670e+11 1.70030927e+11 1.74806417e+11
7.31940218e+13 7.60773678e+13 8.19805700e+13 9.12276246e+13 1.04328554e+14 1.21975729e+14
1.45026683e+14 1.74460267e+14 2.11294326e+14 2.56460127e+14 3.10646779e+14 3.74157308e+14
4.46848772e+14 5.28239244e+14 6.17837906e+14 7.15679537e+14 8.22929111e+14 9.42369665e+14
1.07870530e+15 1.23868736e+15 1.43050309e+15 1.66172807e+15 1.93502972e+15 2.24311269e+15
2.56788256e+15 2.88583912e+15 3.17971085e+15 3.43679522e+15 3.65520305e+15 3.83895168e+15
3.99350166e+15 4.12438840e+15 4.23669187e+15 4.33482378e+15 4.42113506e+15 4.49824059e+15
4.56662094e+15 4.62643226e+15 4.67836483e+15 4.72265818e+15 4.75946317e+15 4.78899069e+15
4.81132795e+15 4.82639865e+15 4.83418382e+15 4.83422902e+15 4.82653404e+15 4.81157114e+15
4.78932662e+15 4.75985455e+15 4.72306866e+15 4.67878184e+15 4.62683494e+15 4.56696501e+15
4.49855288e+15 4.42140129e+15 4.33505154e+15 4.23666857e+15 4.12419255e+15 3.99292228e+15
3.83739794e+15 3.65105795e+15 3.42556100e+15 3.14945000e+15 2.80922454e+15 2.39437297e+15
1.90179172e+15 1.36666130e+15 8.66355811e+14 4.80450110e+14 2.35971940e+14 1.05354462e+14
4.40890723e+13 1.78415041e+13 7.22006751e+12 3.04104010e+12 1.39758573e+12 7.31271341e+11
4.47499001e+11 3.17624038e+11 2.52777617e+11 2.17894240e+11 1.98081257e+11 1.86590984e+11
1.79853947e+11 1.75698022e+11 1.72976563e+11 1.71167428e+11 1.70031688e+11 1.74807203e+11
7.31859986e+13 7.60689687e+13 8.19713995e+13 9.12172435e+13 1.04316460e+14 1.21961346e+14
1.45009357e+14 1.74439287e+14 2.11268962e+14 2.56429698e+14 3.10610733e+14 3.74115298e+14
4.46800670e+14 5.28185055e+14 6.17777525e+14 7.15612363e+14 8.22853505e+14 9.42282395e+14
1.07860081e+15 1.23855706e+15 1.43033490e+15 1.66150732e+15 1.93474310e+15 2.24275191e+15
2.56744828e+15 2.88533728e+15 3.17914512e+15 3.43617528e+15 3.65453638e+15 3.83824891e+15
3.99277466e+15 4.12364866e+15 4.23595092e+15 4.33409040e+15 4.42041407e+15 4.49753686e+15
4.56593749e+15 4.62577191e+15 4.67772837e+15 4.72204493e+15 4.75887119e+15 4.78842093e+15
4.81077573e+15 4.82585958e+15 4.83365169e+15 4.83369657e+15 4.82599398e+15 4.81101723e+15
4.78875472e+15 4.75926028e+15 4.72245162e+15 4.67814011e+15 4.62616826e+15 4.56627404e+15
4.49784022e+15 4.42066999e+15 4.33430607e+15 4.23591571e+15 4.12344234e+15 3.99218561e+15
3.83668525e+15 3.65037962e+15 3.42492460e+15 3.14885616e+15 2.80867571e+15 2.39386165e+15
1.90132495e+15 1.36626349e+15 8.66057556e+14 4.80261080e+14 2.35870635e+14 1.05307330e+14
4.40693501e+13 1.78338493e+13 7.21723026e+12 3.04001305e+12 1.39721357e+12 7.31134711e+11
4.47446698e+11 3.17602981e+11 2.52769274e+11 2.17891032e+11 1.98080181e+11 1.86590789e+11
1.79854132e+11 1.75698325e+11 1.72976889e+11 1.71167749e+11 1.70031998e+11 1.74807563e+11
7.31803821e+13 7.60631085e+13 8.19650397e+13 9.12101025e+13 1.04308222e+14 1.21951656e+14
1.44997829e+14 1.74425516e+14 2.11252567e+14 2.56410361e+14 3.10588266e+14 3.74089675e+14
4.46772035e+14 5.28153632e+14 6.17743445e+14 7.15575371e+14 8.22812588e+14 9.42235362e+14
1.07854375e+15 1.23848378e+15 1.43023644e+15 1.66137210e+15 1.93455957e+15 2.24251091e+15
2.56714642e+15 2.88497451e+15 3.17871961e+15 3.43569082e+15 3.65399653e+15 3.83766166e+15
3.99215041e+15 4.12299813e+15 4.23528562e+15 4.33341993e+15 4.41974414e+15 4.49687362e+15
4.56528554e+15 4.62513497e+15 4.67710833e+15 4.72144253e+15 4.75828561e+15 4.78785357e+15
4.81022310e+15 4.82531838e+15 4.83311645e+15 4.83316101e+15 4.82545177e+15 4.81046289e+15
4.78818524e+15 4.75867234e+15 4.72184554e+15 4.67751510e+15 4.62552519e+15 4.56561483e+15
4.49716841e+15 4.41999004e+15 4.33362380e+15 4.23523898e+15 4.12278174e+15 3.99155206e+15
3.83608882e+15 3.64982945e+15 3.42442658e+15 3.14840920e+15 2.80827843e+15 2.39350440e+15
1.90100790e+15 1.36599811e+15 8.65860269e+14 4.80136421e+14 2.35803874e+14 1.05276293e+14
4.40563866e+13 1.78288374e+13 7.21538346e+12 3.03934997e+12 1.39697563e+12 7.31048282e+11
4.47413909e+11 3.17589874e+11 2.52764139e+11 2.17889060e+11 1.98079484e+11 1.86590593e+11
1.79854133e+11 1.75698365e+11 1.72976918e+11 1.71167754e+11 1.70031984e+11 1.74807623e+11
7.31767702e+13 7.60593573e+13 8.19610023e+13 9.12056201e+13 1.04303121e+14 1.21945752e+14
1.44990933e+14 1.74417457e+14 2.11243211e+14 2.56399658e+14 3.10576273e+14 3.74076586e+14
4.46758159e+14 5.28139336e+14 6.17729005e+14 7.15560792e+14 8.22797333e+14 9.42218080e+14
1.07852187e+15 1.23845304e+15 1.43019045e+15 1.66130200e+15 1.93445564e+15 2.24236377e+15
2.56694994e+15 2.88472436e+15 3.17841001e+15 3.43532127e+15 3.65356733e+15 3.83717831e+15
3.99162142e+15 4.12243295e+15 4.23469513e+15 4.33281381e+15 4.41912870e+15 4.49625575e+15
4.56467083e+15 4.62452773e+15 4.67651143e+15 4.72085780e+15 4.75771330e+15 4.78729540e+15
4.80967670e+15 4.82478159e+15 4.83258461e+15 4.83262887e+15 4.82491405e+15 4.80991488e+15
4.78762499e+15 4.75809764e+15 4.72125730e+15 4.67691359e+15 4.62491221e+15 4.56499327e+15
4.49654252e+15 4.41936522e+15 4.33300666e+15 4.23463789e+15 4.12220710e+15 3.99101426e+15
3.83559704e+15 3.64939126e+15 3.42404613e+15 3.14808386e+15 2.80800410e+15 2.39327020e+15
1.90080906e+15 1.36583659e+15 8.65741937e+14 4.80062046e+14 2.35764095e+14 1.05257823e+14
4.40486968e+13 1.78258845e+13 7.21430647e+12 3.03896880e+12 1.39684128e+12 7.31000465e+11
4.47396084e+11 3.17582851e+11 2.52761452e+11 2.17888030e+11 1.98079084e+11 1.86590410e+11
1.79854013e+11 1.75698230e+11 1.72976747e+11 1.71167549e+11 1.70031755e+11 1.74807490e+11
7.31747548e+13 7.60572799e+13 8.19587977e+13 9.12032198e+13 1.04300457e+14 1.21942760e+14
1.44987568e+14 1.74413703e+14 2.11239110e+14 2.56395327e+14 3.10571929e+14 3.74072548e+14
4.46754832e+14 5.28137147e+14 6.17728317e+14 7.15561772e+14 8.22799796e+14 9.42221306e+14
1.07852431e+15 1.23845199e+15 1.43018155e+15 1.66127866e+15 1.93440985e+15 2.24228650e+15
2.56683348e+15 2.88456159e+15 3.17819267e+15 3.43504584e+15 3.65323158e+15 3.83678555e+15
3.99117810e+15 4.12194714e+15 4.23417655e+15 4.33227167e+15 4.41856951e+15 4.49568663e+15
4.56409786e+15 4.62395560e+15 4.67594373e+15 4.72029713e+15 4.75716077e+15 4.78675313e+15
4.80914332e+15 4.82425590e+15 4.83206286e+15 4.83210683e+15 4.82438749e+15 4.80937998e+15
4.78708075e+15 4.75754279e+15 4.72069335e+15 4.67634167e+15 4.62433480e+15 4.56441401e+15
4.49596607e+15 4.41879748e+15 4.33245457e+15 4.23410976e+15 4.12171265e+15 3.99056288e+15
3.83519665e+15 3.64904774e+15 3.42376193e+15 3.14785504e+15 2.80782518e+15 2.39312974e+15
1.90069912e+15 1.36575258e+15 8.65682340e+14 4.80025047e+14 2.35744371e+14 1.05248694e+14
4.40449241e+13 1.78244582e+13 7.21379867e+12 3.03879527e+12 1.39678290e+12 7.30980824e+11
4.47389138e+11 3.17580239e+11 2.52760532e+11 2.17887682e+11 1.98078904e+11 1.86590248e+11
1.79853824e+11 1.75697990e+11 1.72976458e+11 1.71167222e+11 1.70031403e+11 1.74807252e+11
7.31739475e+13 7.60564652e+13 8.19579671e+13 9.12023676e+13 1.04299585e+14 1.21941887e+14
1.44986737e+14 1.74413003e+14 2.11238684e+14 2.56395391e+14 3.10572783e+14 3.74074568e+14
4.46758447e+14 5.28142800e+14 6.17736392e+14 7.15572534e+14 8.22813292e+14 9.42237268e+14
1.07854195e+15 1.23846974e+15 1.43019659e+15 1.66128628e+15 1.93440360e+15 2.24225803e+15
2.56677443e+15 2.88446338e+15 3.17804573e+15 3.43484468e+15 3.65297229e+15 3.83646955e+15
3.99080995e+15 4.12153338e+15 4.23372547e+15 4.33179165e+15 4.41806685e+15 4.49516829e+15
4.56357001e+15 4.62342304e+15 4.67541053e+15 4.71976637e+15 4.75663425e+15 4.78623327e+15
4.80862963e+15 4.82374801e+15 4.83155795e+15 4.83160166e+15 4.82387881e+15 4.80886490e+15
4.78655905e+15 4.75701410e+15 4.72015961e+15 4.67580467e+15 4.62379752e+15 4.56388051e+15
4.49544120e+15 4.41828726e+15 4.33196582e+15 4.23365033e+15 4.12129120e+15 3.99018749e+15
3.83487385e+15 3.64878176e+15 3.42355374e+15 3.14769984e+15 2.80771676e+15 2.39305686e+15
1.90065213e+15 1.36572290e+15 8.65663746e+14 4.80014117e+14 2.35738642e+14 1.05246084e+14
4.40438826e+13 1.78240937e+13 7.21368530e+12 3.03876489e+12 1.39677655e+12 7.30980348e+11
4.47389546e+11 3.17580593e+11 2.52760792e+11 2.17887788e+11 1.98078875e+11 1.86590110e+11
1.79853604e+11 1.75697701e+11 1.72976115e+11 1.71166841e+11 1.70030997e+11 1.74806976e+11
7.31739980e+13 7.60565427e+13 8.19580994e+13 9.12025877e+13 1.04299938e+14 1.21942440e+14
1.44987587e+14 1.74414288e+14 2.11240601e+14 2.56398198e+14 3.10576804e+14 3.74080183e+14
4.46766069e+14 5.28152840e+14 6.17749225e+14 7.15588458e+14 8.22832497e+14 9.42259771e+14
1.07856748e+15 1.23849752e+15 1.43022496e+15 1.66131197e+15 1.93442151e+15 2.24226076e+15
2.56675367e+15 2.88441005e+15 3.17794997e+15 3.43469999e+15 3.65277369e+15 3.83621700e+15
3.99050636e+15 4.12118378e+15 4.23333664e+15 4.33137085e+15 4.41761989e+15 4.49470167e+15
4.56308967e+15 4.62293367e+15 4.67491638e+15 4.71927080e+15 4.75613954e+15 4.78574205e+15
4.80814215e+15 4.82326456e+15 4.83107660e+15 4.83112007e+15 4.82339466e+15 4.80837616e+15
4.78606616e+15 4.75651739e+15 4.71966138e+15 4.67530717e+15 4.62330399e+15 4.56339522e+15
4.49496888e+15 4.41783375e+15 4.33153754e+15 4.23325443e+15 4.12093490e+15 3.98987754e+15
3.83461536e+15 3.64857745e+15 3.42340338e+15 3.14759819e+15 2.80765745e+15 2.39302935e+15
1.90064627e+15 1.36572816e+15 8.65671348e+14 4.80019822e+14 2.35741848e+14 1.05247636e+14
4.40445829e+13 1.78244041e+13 7.21382105e+12 3.03882414e+12 1.39680244e+12 7.30991609e+11
4.47394414e+11 3.17582731e+11 2.52761752e+11 2.17888163e+11 1.98078941e+11 1.86589998e+11
1.79853382e+11 1.75697404e+11 1.72975766e+11 1.71166456e+11 1.70030590e+11 1.74806708e+11
7.31746082e+13 7.60571992e+13 8.19588495e+13 9.12034853e+13 1.04301050e+14 1.21943855e+14
1.44989423e+14 1.74416704e+14 2.11243802e+14 2.56402445e+14 3.10582404e+14 3.74087484e+14
4.46775436e+14 5.28164634e+14 6.17763778e+14 7.15606065e+14 8.22853405e+14 9.42284170e+14
1.07859542e+15 1.23852875e+15 1.43025859e+15 1.66134581e+15 1.93445161e+15 2.24228076e+15
2.56675584e+15 2.88438559e+15 3.17788943e+15 3.43459655e+15 3.65262195e+15 3.83601585e+15
3.99025735e+15 4.12089054e+15 4.23300447e+15 4.33100581e+15 4.41722709e+15 4.49428691e+15
4.56265843e+15 4.62249035e+15 4.67446521e+15 4.71881518e+15 4.75568204e+15 4.78528537e+15
4.80768712e+15 4.82281202e+15 4.83062536e+15 4.83066862e+15 4.82294149e+15 4.80792002e+15
4.78560799e+15 4.75605807e+15 4.71920343e+15 4.67485308e+15 4.62285710e+15 4.56295974e+15
4.49454926e+15 4.41743539e+15 4.33116620e+15 4.23291636e+15 4.12063591e+15 3.98962301e+15
3.83440906e+15 3.64842085e+15 3.42329537e+15 3.14753345e+15 2.80762982e+15 2.39302937e+15
1.90066417e+15 1.36575297e+15 8.65693432e+14 4.80034700e+14 2.35749987e+14 1.05251487e+14
4.40462425e+13 1.78250831e+13 7.21409133e+12 3.03893096e+12 1.39684506e+12 7.31008809e+11
4.47401490e+11 3.17585738e+11 2.52763044e+11 2.17888668e+11 1.98079062e+11 1.86589917e+11
1.79853185e+11 1.75697135e+11 1.72975451e+11 1.71166111e+11 1.70030225e+11 1.74806490e+11
7.31755382e+13 7.60581828e+13 8.19599414e+13 9.12047462e+13 1.04302553e+14 1.21945692e+14
1.44991713e+14 1.74419599e+14 2.11247493e+14 2.56407163e+14 3.10588419e+14 3.74095089e+14
4.46784933e+14 5.28176316e+14 6.17777920e+14 7.15622931e+14 8.22873256e+14 9.42307264e+14
1.07862197e+15 1.23855881e+15 1.43029180e+15 1.66138072e+15 1.93448521e+15 2.24230778e+15
2.56676944e+15 2.88437774e+15 3.17785159e+15 3.43452218e+15 3.65250563e+15 3.83585583e+15
3.99005412e+15 4.12064650e+15 4.23272357e+15 4.33069293e+15 4.41688651e+15 4.49392364e+15
4.56227733e+15 4.62209538e+15 4.67406036e+15 4.71840376e+15 4.75526669e+15 4.78486879e+15
4.80727053e+15 4.82239661e+15 4.83021060e+15 4.83025368e+15 4.82252553e+15 4.80750246e+15
4.78519011e+15 4.75564112e+15 4.71879002e+15 4.67444577e+15 4.62245913e+15 4.56257510e+15
4.49418195e+15 4.41709020e+15 4.33084809e+15 4.23263054e+15 4.12038699e+15 3.98941503e+15
3.83424462e+15 3.64830042e+15 3.42321727e+15 3.14749259e+15 2.80762051e+15 2.39304347e+15
1.90069284e+15 1.36578593e+15 8.65721315e+14 4.80053216e+14 2.35760087e+14 1.05256253e+14
4.40482803e+13 1.78259043e+13 7.21441143e+12 3.03905436e+12 1.39689304e+12 7.31027708e+11
4.47409125e+11 3.17588938e+11 2.52764392e+11 2.17889191e+11 1.98079195e+11 1.86589853e+11
1.79853013e+11 1.75696901e+11 1.72975177e+11 1.71165813e+11 1.70029913e+11 1.74806324e+11
7.31766094e+13 7.60593072e+13 8.19611725e+13 9.12061429e+13 1.04304184e+14 1.21947640e+14
1.44994084e+14 1.74422522e+14 2.11251130e+14 2.56411703e+14 3.10594077e+14 3.74102095e+14
4.46793518e+14 5.28186706e+14 6.17790330e+14 7.15637578e+14 8.22890376e+14 9.42327126e+14
1.07864484e+15 1.23858491e+15 1.43032103e+15 1.66141217e+15 1.93451664e+15 2.24233491e+15
2.56678652e+15 2.88437784e+15 3.17782736e+15 3.43446769e+15 3.65241586e+15 3.83572868e+15
3.98988937e+15 4.12044552e+15 4.23248916e+15 4.33042885e+15 4.41659624e+15 4.49361131e+15
4.56194709e+15 4.62175066e+15 4.67370479e+15 4.71804041e+15 4.75489809e+15 4.78449752e+15
4.80689802e+15 4.82202429e+15 4.82983841e+15 4.82988134e+15 4.82215275e+15 4.80712913e+15
4.78481773e+15 4.75527116e+15 4.71842499e+15 4.67408817e+15 4.62211197e+15 4.56224196e+15
4.49386634e+15 4.41679618e+15 4.33057978e+15 4.23239210e+15 4.12018194e+15 3.98924626e+15
3.83411375e+15 3.64820720e+15 3.42315974e+15 3.14746612e+15 2.80762008e+15 2.39306230e+15
1.90072342e+15 1.36581926e+15 8.65749084e+14 4.80071596e+14 2.35770119e+14 1.05260985e+14
4.40502990e+13 1.78267127e+13 7.21472372e+12 3.03917338e+12 1.39693873e+12 7.31045474e+11
4.47416226e+11 3.17591883e+11 2.52765612e+11 2.17889654e+11 1.98079308e+11 1.86589794e+11
1.79852862e+11 1.75696698e+11 1.72974945e+11 1.71165562e+11 1.70029650e+11 1.74806207e+11
7.31777032e+13 7.60604484e+13 8.19624091e+13 9.12075258e+13 1.04305771e+14 1.21949501e+14
1.44996302e+14 1.74425199e+14 2.11254388e+14 2.56415684e+14 3.10598939e+14 3.74108002e+14
4.46800638e+14 5.28195196e+14 6.17800348e+14 7.15649290e+14 8.22903981e+14 9.42342863e+14
1.07866298e+15 1.23860570e+15 1.43034451e+15 1.66143778e+15 1.93454272e+15 2.24235815e+15
2.56680225e+15 2.88438040e+15 3.17781071e+15 3.43442679e+15 3.65234628e+15 3.83562824e+15
3.98975742e+15 4.12028269e+15 4.23229730e+15 4.33021076e+15 4.41635461e+15 4.49334943e+15
4.56166836e+15 4.62145794e+15 4.67340122e+15 4.71772870e+15 4.75458056e+15 4.78417649e+15
4.80657501e+15 4.82170078e+15 4.82951468e+15 4.82955748e+15 4.82182885e+15 4.80680543e+15
4.78449578e+15 4.75495248e+15 4.71811190e+15 4.67378296e+15 4.62181729e+15 4.56196093e+15
4.49360186e+15 4.41655160e+15 4.33035835e+15 4.23219705e+15 4.12001581e+15 3.98911100e+15
3.83401024e+15 3.64813476e+15 3.42311636e+15 3.14744776e+15 2.80762252e+15 2.39308012e+15
1.90075052e+15 1.36584832e+15 8.65773206e+14 4.80087576e+14 2.35778857e+14 1.05265112e+14
4.40520584e+13 1.78274151e+13 7.21499372e+12 3.03927558e+12 1.39697766e+12 7.31060486e+11
4.47422181e+11 3.17594333e+11 2.52766612e+11 2.17890025e+11 1.98079393e+11 1.86589741e+11
1.79852737e+11 1.75696535e+11 1.72974759e+11 1.71165362e+11 1.70029443e+11 1.74806140e+11
7.31787653e+13 7.60615512e+13 8.19635925e+13 9.12088317e+13 1.04307245e+14 1.21951195e+14
1.44998276e+14 1.74427526e+14 2.11257149e+14 2.56418973e+14 3.10602857e+14 3.74112657e+14
4.46806132e+14 5.28201636e+14 6.17807837e+14 7.15657951e+14 8.22913965e+14 9.42354365e+14
1.07867623e+15 1.23862092e+15 1.43036181e+15 1.66145679e+15 1.93456226e+15 2.24237574e+15
2.56681433e+15 2.88438254e+15 3.17779823e+15 3.43439562e+15 3.65229278e+15 3.83555033e+15
3.98965427e+15 4.12015445e+15 4.23214513e+15 4.33003662e+15 4.41616049e+15 4.49313783e+15
4.56144193e+15 4.62121896e+15 4.67315226e+15 4.71747203e+15 4.75431819e+15 4.78391041e+15
4.80630664e+15 4.82143154e+15 4.82924502e+15 4.82928771e+15 4.82155931e+15 4.80653653e+15
4.78422898e+15 4.75468921e+15 4.71785416e+15 4.67353273e+15 4.62157681e+15 4.56173275e+15
4.49338828e+15 4.41635524e+15 4.33018168e+15 4.23204243e+15 4.11988502e+15 3.98900524e+15
3.83392988e+15 3.64807894e+15 3.42308321e+15 3.14743397e+15 2.80762467e+15 2.39309407e+15
1.90077161e+15 1.36587093e+15 8.65792036e+14 4.80100092e+14 2.35785721e+14 1.05268360e+14
4.40534433e+13 1.78279671e+13 7.21520529e+12 3.03935533e+12 1.39700788e+12 7.31072085e+11
4.47426767e+11 3.17596219e+11 2.52767383e+11 2.17890318e+11 1.98079470e+11 1.86589716e+11
1.79852660e+11 1.75696431e+11 1.72974640e+11 1.71165235e+11 1.70029311e+11 1.74806143e+11
7.31798289e+13 7.60626497e+13 8.19647597e+13 9.12101008e+13 1.04308651e+14 1.21952772e+14
1.45000064e+14 1.74429565e+14 2.11259483e+14 2.56421650e+14 3.10605926e+14 3.74116168e+14
4.46810140e+14 5.28206196e+14 6.17813019e+14 7.15663838e+14 8.22920673e+14 9.42362045e+14
1.07868506e+15 1.23863109e+15 1.43037340e+15 1.66146960e+15 1.93457546e+15 2.24238760e+15
2.56682227e+15 2.88438335e+15 3.17778849e+15 3.43437229e+15 3.65225306e+15 3.83549249e+15
3.98957747e+15 4.12005861e+15 4.23203089e+15 4.32990528e+15 4.41601342e+15 4.49297682e+15
4.56126893e+15 4.62103566e+15 4.67296064e+15 4.71727385e+15 4.75411505e+15 4.78370388e+15
4.80609795e+15 4.82122187e+15 4.82903487e+15 4.82907749e+15 4.82134941e+15 4.80632743e+15
4.78402190e+15 4.75448539e+15 4.71765519e+15 4.67334017e+15 4.62139242e+15 4.56155848e+15
4.49322585e+15 4.41620656e+15 4.33004851e+15 4.23192641e+15 4.11978730e+15 3.98892652e+15
3.83387022e+15 3.64803747e+15 3.42305840e+15 3.14742324e+15 2.80762548e+15 2.39310344e+15
1.90078619e+15 1.36588674e+15 8.65805283e+14 4.80108941e+14 2.35790591e+14 1.05270669e+14
4.40544288e+13 1.78283597e+13 7.21535552e+12 3.03941183e+12 1.39702925e+12 7.31080282e+11
4.47430022e+11 3.17597573e+11 2.52767951e+11 2.17890549e+11 1.98079550e+11 1.86589725e+11
1.79852632e+11 1.75696385e+11 1.72974584e+11 1.71165173e+11 1.70029246e+11 1.74806206e+11
7.31811354e+13 7.60639912e+13 8.19661684e+13 9.12116053e+13 1.04310275e+14 1.21954535e+14
1.45001977e+14 1.74431634e+14 2.11261708e+14 2.56424029e+14 3.10608455e+14 3.74118851e+14
4.46812991e+14 5.28209245e+14 6.17816312e+14 7.15667448e+14 8.22924691e+14 9.42366589e+14
1.07869026e+15 1.23863708e+15 1.43038025e+15 1.66147720e+15 1.93458329e+15 2.24239454e+15
2.56682667e+15 2.88438312e+15 3.17778141e+15 3.43435631e+15 3.65222628e+15 3.83545367e+15
3.98952595e+15 4.11999421e+15 4.23195393e+15 4.32981653e+15 4.41591376e+15 4.49286739e+15
4.56115101e+15 4.62091036e+15 4.67282932e+15 4.71713772e+15 4.75397523e+15 4.78356148e+15
4.80595385e+15 4.82107695e+15 4.82888955e+15 4.82893213e+15 4.82120435e+15 4.80618306e+15
4.78387914e+15 4.75434512e+15 4.71751853e+15 4.67320824e+15 4.62126641e+15 4.56143972e+15
4.49311549e+15 4.41610585e+15 4.32995859e+15 4.23184830e+15 4.11972167e+15 3.98887373e+15
3.83383019e+15 3.64800952e+15 3.42304142e+15 3.14741548e+15 2.80762523e+15 2.39310876e+15
1.90079494e+15 1.36589640e+15 8.65813458e+14 4.80114430e+14 2.35793623e+14 1.05272110e+14
4.40550444e+13 1.78286051e+13 7.21544944e+12 3.03944723e+12 1.39704274e+12 7.31085553e+11
4.47432202e+11 3.17598554e+11 2.52768428e+11 2.17890804e+11 1.98079701e+11 1.86589823e+11
1.79852702e+11 1.75696438e+11 1.72974626e+11 1.71165208e+11 1.70029276e+11 1.74806357e+11
7.31835868e+13 7.60664801e+13 8.19687282e+13 9.12142575e+13 1.04313022e+14 1.21957356e+14
1.45004828e+14 1.74434456e+14 2.11264437e+14 2.56426604e+14 3.10610839e+14 3.74121031e+14
4.46814986e+14 5.28211102e+14 6.17818101e+14 7.15669248e+14 8.22926592e+14 9.42368678e+14
1.07869262e+15 1.23863980e+15 1.43038338e+15 1.66148066e+15 1.93458685e+15 2.24239766e+15
2.56682853e+15 2.88438267e+15 3.17777755e+15 3.43434801e+15 3.65221256e+15 3.83543388e+15
3.98949972e+15 4.11996142e+15 4.23191469e+15 4.32977121e+15 4.41586277e+15 4.49281131e+15
4.56109047e+15 4.62084593e+15 4.67276169e+15 4.71706751e+15 4.75390303e+15 4.78348787e+15
4.80587929e+15 4.82100193e+15 4.82881429e+15 4.82885684e+15 4.82112924e+15 4.80610836e+15
4.78380534e+15 4.75427269e+15 4.71744806e+15 4.67314030e+15 4.62120162e+15 4.56137877e+15
4.49305895e+15 4.41605434e+15 4.32991268e+15 4.23180848e+15 4.11968826e+15 3.98884685e+15
3.83380979e+15 3.64799521e+15 3.42303260e+15 3.14741127e+15 2.80762476e+15 2.39311106e+15
1.90079897e+15 1.36590092e+15 8.65817314e+14 4.80117032e+14 2.35795064e+14 1.05272796e+14
4.40553380e+13 1.78287223e+13 7.21549462e+12 3.03946456e+12 1.39704962e+12 7.31088520e+11
4.47433686e+11 3.17599457e+11 2.52769087e+11 2.17891361e+11 1.98080217e+11 1.86590326e+11
1.79853204e+11 1.75696944e+11 1.72975139e+11 1.71165726e+11 1.70029798e+11 1.74806661e+11
4.91217313e+14 4.89781403e+14 4.92398808e+14 4.96833886e+14 5.03180299e+14 5.11643295e+14
5.22455290e+14 5.35887883e+14 5.52235986e+14 5.71861291e+14 5.95251866e+14 6.23029902e+14
6.56057450e+14 6.95501506e+14 7.43033967e+14 8.01442059e+14 8.74711538e+14 9.67625674e+14
1.08573671e+15 1.23789256e+15 1.43480539e+15 1.68450837e+15 1.98564266e+15 2.31916478e+15
2.65729472e+15 2.97209711e+15 3.25729432e+15 3.50035089e+15 3.70533224e+15 3.87824155e+15
4.02458968e+15 4.14934617e+15 4.25720256e+15 4.35225128e+15 4.43596362e+15 4.51140784e+15
4.57847013e+15 4.63699501e+15 4.68789646e+15 4.73136310e+15 4.76745023e+15 4.79637364e+15
4.81829882e+15 4.83311285e+15 4.84081985e+15 4.84091268e+15 4.83338884e+15 4.81878400e+15
4.79706455e+15 4.76830649e+15 4.73237177e+15 4.68906573e+15 4.63832086e+15 4.57993251e+15
4.51307649e+15 4.43785407e+15 4.35452345e+15 4.25974826e+15 4.15248867e+15 4.02839614e+15
3.88305388e+15 3.71166953e+15 3.50902167e+15 3.26937170e+15 2.98780609e+15 2.67923016e+15
2.34735454e+15 2.01980858e+15 1.72195601e+15 1.47181568e+15 1.27071282e+15 1.11248471e+15
9.87942661e+14 8.89114985e+14 8.11185569e+14 7.49178838e+14 6.99151148e+14 6.58057301e+14
6.23948082e+14 5.95458881e+14 5.71626969e+14 5.51712238e+14 5.35177114e+14 5.21638656e+14
5.10781301e+14 5.02285409e+14 4.95898814e+14 4.91454245e+14 4.88726958e+14 4.84769722e+14
4.91226976e+14 4.89795351e+14 4.92415302e+14 4.96852037e+14 5.03198783e+14 5.11661433e+14
5.22472963e+14 5.35905266e+14 5.52253524e+14 5.71879565e+14 5.95271512e+14 6.23051430e+14
6.56081202e+14 6.95527445e+14 7.43061823e+14 8.01471072e+14 8.74740706e+14 9.67653749e+14
1.08576315e+15 1.23791607e+15 1.43482490e+15 1.68452351e+15 1.98565157e+15 2.31916710e+15
2.65729150e+15 2.97209100e+15 3.25728716e+15 3.50034473e+15 3.70532793e+15 3.87823844e+15
4.02458747e+15 4.14934460e+15 4.25720139e+15 4.35225042e+15 4.43596289e+15 4.51140725e+15
4.57846964e+15 4.63699462e+15 4.68789613e+15 4.73136284e+15 4.76745003e+15 4.79637350e+15
4.81829872e+15 4.83311280e+15 4.84081983e+15 4.84091270e+15 4.83338890e+15 4.81878411e+15
4.79706471e+15 4.76830673e+15 4.73237204e+15 4.68906606e+15 4.63832126e+15 4.57993305e+15
4.51307714e+15 4.43785491e+15 4.35452471e+15 4.25974982e+15 4.15249077e+15 4.02839907e+15
3.88305783e+15 3.71167444e+15 3.50902648e+15 3.26937355e+15 2.98779794e+15 2.67920173e+15
2.34729758e+15 2.01972421e+15 1.72185808e+15 1.47172107e+15 1.27063345e+15 1.11242254e+15
9.87894807e+14 8.89079002e+14 8.11157866e+14 7.49157048e+14 6.99133759e+14 6.58043290e+14
6.23936574e+14 5.95449259e+14 5.71618716e+14 5.51704974e+14 5.35170550e+14 5.21632577e+14
5.10775554e+14 5.02279890e+14 4.95893451e+14 4.91448973e+14 4.88721124e+14 4.84758524e+14
4.91184979e+14 4.89747301e+14 4.92363571e+14 4.96799127e+14 5.03145128e+14 5.11606872e+14
5.22416846e+14 5.35846533e+14 5.52190628e+14 5.71810692e+14 5.95194435e+14 6.22963872e+14
6.55981003e+14 6.95412799e+14 7.42931888e+14 8.01325097e+14 8.74578604e+14 9.67477488e+14
1.08558342e+15 1.23774169e+15 1.43466938e+15 1.68440675e+15 1.98557371e+15 2.31912300e+15
2.65726790e+15 2.97208049e+15 3.25728390e+15 3.50034038e+15 3.70532640e+15 3.87823722e+15
4.02458638e+15 4.14934366e+15 4.25720061e+15 4.35225009e+15 4.43596235e+15 4.51140685e+15
4.57846933e+15 4.63699420e+15 4.68789577e+15 4.73136250e+15 4.76744979e+15 4.79637323e+15
4.81829845e+15 4.83311250e+15 4.84081950e+15 4.84091233e+15 4.83338849e+15 4.81878365e+15
4.79706416e+15 4.76830615e+15 4.73237124e+15 4.68906517e+15 4.63832031e+15 4.57993200e+15
4.51307587e+15 4.43785321e+15 4.35452330e+15 4.25974704e+15 4.15248708e+15 4.02839438e+15
3.88305144e+15 3.71166634e+15 3.50901605e+15 3.26936698e+15 2.98780013e+15 2.67922254e+15
2.34734416e+15 2.01978063e+15 1.72189730e+15 1.47171411e+15 1.27059104e+15 1.11235314e+15
9.87808144e+14 8.88996261e+14 8.11078869e+14 7.49084301e+14 6.99068896e+14 6.57987297e+14
6.23888088e+14 5.95407230e+14 5.71581778e+14 5.51672052e+14 5.35140741e+14 5.21605118e+14
5.10749851e+14 5.02255479e+14 4.95869957e+14 4.91426086e+14 4.88698847e+14 4.84738398e+14
4.91097772e+14 4.89660319e+14 4.92275515e+14 4.96709160e+14 5.03052190e+14 5.11509744e+14
5.22314129e+14 5.35736509e+14 5.52071302e+14 5.71679617e+14 5.95048864e+14 6.22800694e+14
6.55797263e+14 6.95205863e+14 7.42700792e+14 8.01069136e+14 8.74297588e+14 9.67175338e+14
1.08528269e+15 1.23745656e+15 1.43442155e+15 1.68423041e+15 1.98545739e+15 2.31905198e+15
2.65721721e+15 2.97204396e+15 3.25725542e+15 3.50031438e+15 3.70531221e+15 3.87822690e+15
4.02457875e+15 4.14933764e+15 4.25719583e+15 4.35224733e+15 4.43595919e+15 4.51140435e+15
4.57846732e+15 4.63699217e+15 4.68789400e+15 4.73136095e+15 4.76744868e+15 4.79637217e+15
4.81829751e+15 4.83311156e+15 4.84081858e+15 4.84091141e+15 4.83338756e+15 4.81878273e+15
4.79706312e+15 4.76830517e+15 4.73236974e+15 4.68906356e+15 4.63831861e+15 4.57993034e+15
4.51307388e+15 4.43785059e+15 4.35452201e+15 4.25974316e+15 4.15248218e+15 4.02838860e+15
3.88304369e+15 3.71165580e+15 3.50899788e+15 3.26934509e+15 2.98776923e+15 2.67917577e+15
2.34727304e+15 2.01965275e+15 1.72169094e+15 1.47141348e+15 1.27024820e+15 1.11199490e+15
9.87451430e+14 8.88677039e+14 8.10791174e+14 7.48829368e+14 6.98845138e+14 6.57793671e+14
6.23719242e+14 5.95259017e+14 5.71449829e+14 5.51552829e+14 5.35031329e+14 5.21503156e+14
5.10653494e+14 5.02163296e+14 4.95780798e+14 4.91338977e+14 4.88612958e+14 4.84653003e+14
4.90925626e+14 4.89488197e+14 4.92101222e+14 4.96531248e+14 5.02868864e+14 5.11319007e+14
5.22113621e+14 5.35523501e+14 5.51842538e+14 5.71431361e+14 5.94776779e+14 6.22500052e+14
6.55463374e+14 6.94834784e+14 7.42290689e+14 8.00619958e+14 8.73810509e+14 9.66657765e+14
1.08476791e+15 1.23696829e+15 1.43399163e+15 1.68391255e+15 1.98523574e+15 2.31890640e+15
2.65710943e+15 2.97196414e+15 3.25719239e+15 3.50026143e+15 3.70528114e+15 3.87820438e+15
4.02456255e+15 4.14932453e+15 4.25718536e+15 4.35224110e+15 4.43595220e+15 4.51139869e+15
4.57846274e+15 4.63698769e+15 4.68789010e+15 4.73135747e+15 4.76744614e+15 4.79636976e+15
4.81829536e+15 4.83310941e+15 4.84081646e+15 4.84090930e+15 4.83338542e+15 4.81878061e+15
4.79706073e+15 4.76830278e+15 4.73236633e+15 4.68905984e+15 4.63831457e+15 4.57992616e+15
4.51306890e+15 4.43784438e+15 4.35451758e+15 4.25973384e+15 4.15247046e+15 4.02837458e+15
3.88302447e+15 3.71162956e+15 3.50895724e+15 3.26929049e+15 2.98769417e+15 2.67906761e+15
2.34711687e+15 2.01940044e+15 1.72131260e+15 1.47089083e+15 1.26966176e+15 1.11138516e+15
9.86846542e+14 8.88126586e+14 8.10290042e+14 7.48381174e+14 6.98446711e+14 6.57442971e+14
6.23408316e+14 5.94981123e+14 5.71198436e+14 5.51322525e+14 5.34817567e+14 5.21302193e+14
5.10462350e+14 5.01979591e+14 4.95602551e+14 4.91164469e+14 4.88440719e+14 4.84483383e+14
4.90666601e+14 4.89228402e+14 4.91838425e+14 4.96263472e+14 5.02593782e+14 5.11033919e+14
5.21815455e+14 5.35208618e+14 5.51506745e+14 5.71069731e+14 5.94383723e+14 6.22069289e+14
6.54988556e+14 6.94310609e+14 7.41714064e+14 7.99989922e+14 8.73130143e+14 9.65935707e+14
1.08404479e+15 1.23627759e+15 1.43336936e+15 1.68343045e+15 1.98487937e+15 2.31865476e+15
2.65691620e+15 2.97181729e+15 3.25707677e+15 3.50017254e+15 3.70522229e+15 3.87816163e+15
4.02453212e+15 4.14929970e+15 4.25716544e+15 4.35222859e+15 4.43593883e+15 4.51138766e+15
4.57845376e+15 4.63697920e+15 4.68788269e+15 4.73135082e+15 4.76744117e+15 4.79636510e+15
4.81829119e+15 4.83310524e+15 4.84081235e+15 4.84090519e+15 4.83338126e+15 4.81877650e+15
4.79705610e+15 4.76829796e+15 4.73235986e+15 4.68905270e+15 4.63830665e+15 4.57991770e+15
4.51305880e+15 4.43783216e+15 4.35450724e+15 4.25971552e+15 4.15244738e+15 4.02834646e+15
3.88298593e+15 3.71157679e+15 3.50888183e+15 3.26918554e+15 2.98755266e+15 2.67887287e+15
2.34684957e+15 2.01900229e+15 1.72074967e+15 1.47014687e+15 1.26884295e+15 1.11053934e+15
9.86013680e+14 8.87365209e+14 8.09594320e+14 7.47756150e+14 6.97889022e+14 6.56947065e+14
6.22964395e+14 5.94580108e+14 5.70832113e+14 5.50984077e+14 5.34501096e+14 5.21002826e+14
5.10176181e+14 5.01703463e+14 4.95333820e+14 4.90900816e+14 4.88180124e+14 4.84226415e+14
4.90336050e+14 4.88896088e+14 4.91502477e+14 4.95921601e+14 5.02243194e+14 5.10671459e+14
5.21437439e+14 5.34810794e+14 5.51084086e+14 5.70616460e+14 5.93893196e+14 6.21534076e+14
6.54400816e+14 6.93663811e+14 7.41002786e+14 7.99209706e+14 8.72284114e+14 9.65033057e+14
1.08313099e+15 1.23539204e+15 1.43255083e+15 1.68276464e+15 1.98435924e+15 2.31826324e+15
2.65660559e+15 2.97157566e+15 3.25688688e+15 3.50003311e+15 3.70512254e+15 3.87808906e+15
4.02448065e+15 4.14925758e+15 4.25713159e+15 4.35220613e+15 4.43591620e+15 4.51136847e+15
4.57843813e+15 4.63696477e+15 4.68787015e+15 4.73133960e+15 4.76743253e+15 4.79635708e+15
4.81828400e+15 4.83309805e+15 4.84080526e+15 4.84089810e+15 4.83337407e+15 4.81876940e+15
4.79704813e+15 4.76828942e+15 4.73234886e+15 4.68904054e+15 4.63829292e+15 4.57990269e+15
4.51304091e+15 4.43781082e+15 4.35448746e+15 4.25968372e+15 4.15240726e+15 4.02829728e+15
3.88291819e+15 3.71148422e+15 3.50875333e+15 3.26900806e+15 2.98731697e+15 2.67855978e+15
2.34643802e+15 2.01842954e+15 1.71998511e+15 1.46918046e+15 1.26780273e+15 1.10947776e+15
9.84980101e+14 8.86424163e+14 8.08739022e+14 7.46988208e+14 6.97202751e+14 6.56333226e+14
6.22412439e+14 5.94078934e+14 5.70372070e+14 5.50557180e+14 5.34100343e+14 5.20622466e+14
5.09811588e+14 5.01350878e+14 4.94990085e+14 4.90563156e+14 4.87846110e+14 4.83896796e+14
4.89948555e+14 4.88505968e+14 4.91108209e+14 4.95520628e+14 5.01832390e+14 5.10247251e+14
5.20995708e+14 5.34346682e+14 5.50591915e+14 5.70089569e+14 5.93324023e+14 6.20914116e+14
6.53720982e+14 6.92915316e+14 7.40178662e+14 7.98303634e+14 8.71295682e+14 9.63968932e+14
1.08203789e+15 1.23431290e+15 1.43153031e+15 1.68189473e+15 1.98364351e+15 2.31769547e+15
2.65614239e+15 2.97120832e+15 3.25659820e+15 3.49981955e+15 3.70496669e+15 3.87797561e+15
4.02440099e+15 4.14919163e+15 4.25707869e+15 4.35216930e+15 4.43588062e+15 4.51133744e+15
4.57841314e+15 4.63694213e+15 4.68785057e+15 4.73132212e+15 4.76741857e+15 4.79634438e+15
4.81827260e+15 4.83308664e+15 4.84079401e+15 4.84088686e+15 4.83336267e+15 4.81875812e+15
4.79703549e+15 4.76827572e+15 4.73233165e+15 4.68902148e+15 4.63827110e+15 4.57987843e+15
4.51301178e+15 4.43777665e+15 4.35445390e+15 4.25963294e+15 4.15234349e+15 4.02821891e+15
3.88280995e+15 3.71133640e+15 3.50855070e+15 3.26873375e+15 2.98695617e+15 2.67809334e+15
2.34584651e+15 2.01765234e+15 1.71900180e+15 1.46799151e+15 1.26654778e+15 1.10821548e+15
9.83769324e+14 8.85327887e+14 8.07748075e+14 7.46101151e+14 6.96410528e+14 6.55623797e+14
6.21773136e+14 5.93496936e+14 5.69836721e+14 5.50059351e+14 5.33632069e+14 5.20177283e+14
5.09384282e+14 5.00937187e+14 4.94586424e+14 4.90166379e+14 4.87453462e+14 4.83509218e+14
4.89514119e+14 4.88068434e+14 4.90666119e+14 4.95071182e+14 5.01372188e+14 5.09772396e+14
5.20501690e+14 5.33828210e+14 5.50042679e+14 5.69502188e+14 5.92689968e+14 6.20223892e+14
6.52964216e+14 6.92081300e+14 7.39258774e+14 7.97289740e+14 8.70183875e+14 9.62762409e+14
1.08077947e+15 1.23305033e+15 1.43030424e+15 1.68080444e+15 1.98270352e+15 2.31691492e+15
2.65549062e+15 2.97068336e+15 3.25618846e+15 3.49950893e+15 3.70473794e+15 3.87780914e+15
4.02429381e+15 4.14909441e+15 4.25700041e+15 4.35211284e+15 4.43582768e+15 4.51129124e+15
4.57837565e+15 4.63690866e+15 4.68782204e+15 4.73129645e+15 4.76739762e+15 4.79632544e+15
4.81825556e+15 4.83306964e+15 4.84077726e+15 4.84087010e+15 4.83334567e+15 4.81874126e+15
4.79701663e+15 4.76825513e+15 4.73230624e+15 4.68899338e+15 4.63823854e+15 4.57984178e+15
4.51296683e+15 4.43772532e+15 4.35440142e+15 4.25955688e+15 4.15224854e+15 4.02810325e+15
3.88264865e+15 3.71111625e+15 3.50825154e+15 3.26833760e+15 2.98643811e+15 2.67743718e+15
2.34504002e+15 2.01664408e+15 1.71778697e+15 1.46658372e+15 1.26509773e+15 1.10677361e+15
9.82407274e+14 8.84097318e+14 8.06644277e+14 7.45113460e+14 6.95530123e+14 6.54835680e+14
6.21061309e+14 5.92848275e+14 5.69239573e+14 5.49503304e+14 5.33108366e+14 5.19678886e+14
5.08905501e+14 5.00473351e+14 4.94133596e+14 4.89721106e+14 4.87012723e+14 4.83074189e+14
4.89042595e+14 4.87593766e+14 4.90186555e+14 4.94583800e+14 5.00873401e+14 5.09258091e+14
5.19967102e+14 5.33267711e+14 5.49449594e+14 5.68868583e+14 5.92006640e+14 6.19480369e+14
6.52149014e+14 6.91182069e+14 7.38263980e+14 7.96190949e+14 8.68970394e+14 9.61437065e+14
1.07937666e+15 1.23162014e+15 1.42887816e+15 1.67948473e+15 1.98151751e+15 2.31588958e+15
2.65461749e+15 2.96996967e+15 3.25562648e+15 3.49907840e+15 3.70441853e+15 3.87757636e+15
4.02414688e+15 4.14895749e+15 4.25688952e+15 4.35203055e+15 4.43575242e+15 4.51122588e+15
4.57832210e+15 4.63686138e+15 4.68778229e+15 4.73126039e+15 4.76736779e+15 4.79629850e+15
4.81823127e+15 4.83304547e+15 4.84075344e+15 4.84084629e+15 4.83332150e+15 4.81871718e+15
4.79698978e+15 4.76822565e+15 4.73227042e+15 4.68895399e+15 4.63819224e+15 4.57978918e+15
4.51290276e+15 4.43765191e+15 4.35432406e+15 4.25944844e+15 4.15211436e+15 4.02796083e+15
3.88242134e+15 3.71080573e+15 3.50783278e+15 3.26778913e+15 2.98573129e+15 2.67655804e+15
2.34398618e+15 2.01538680e+15 1.71633558e+15 1.46496959e+15 1.26347489e+15 1.10518127e+15
9.80924500e+14 8.82766086e+14 8.05455218e+14 7.44052947e+14 6.94585069e+14 6.53988414e+14
6.20295705e+14 5.92150021e+14 5.68595961e+14 5.48903163e+14 5.32542450e+14 5.19139776e+14
5.08387193e+14 4.99970894e+14 4.93642816e+14 4.89238340e+14 4.86534769e+14 4.82602409e+14
4.88542213e+14 4.87090638e+14 4.89678391e+14 4.94067519e+14 5.00345282e+14 5.08713894e+14
5.19401885e+14 5.32675662e+14 5.48823780e+14 5.68200784e+14 5.91287282e+14 6.18698666e+14
6.51292378e+14 6.90237758e+14 7.37217437e+14 7.95030409e+14 8.67686343e+14 9.60023872e+14
1.07786005e+15 1.23004319e+15 1.42726673e+15 1.67793563e+15 1.98007445e+15 2.31460055e+15
2.65349754e+15 2.96903978e+15 3.25488598e+15 3.49850570e+15 3.70399052e+15 3.87726398e+15
4.02394237e+15 4.14877197e+15 4.25673822e+15 4.35191390e+15 4.43564937e+15 4.51113686e+15
4.57824857e+15 4.63679698e+15 4.68772802e+15 4.73121148e+15 4.76732663e+15 4.79626157e+15
4.81819785e+15 4.83301238e+15 4.84072086e+15 4.84081370e+15 4.83328839e+15 4.81868404e+15
4.79695295e+15 4.76818494e+15 4.73222171e+15 4.68889998e+15 4.63812886e+15 4.57971664e+15
4.51281532e+15 4.43755095e+15 4.35421502e+15 4.25929983e+15 4.15193131e+15 4.02776774e+15
3.88211436e+15 3.71038672e+15 3.50727169e+15 3.26706109e+15 2.98480793e+15 2.67543115e+15
2.34266632e+15 2.01387978e+15 1.71465269e+15 1.46316583e+15 1.26170365e+15 1.10347640e+15
9.79355664e+14 8.81367716e+14 8.04209349e+14 7.42943625e+14 6.93595524e+14 6.53102585e+14
6.19494984e+14 5.91418703e+14 5.67920982e+14 5.48272893e+14 5.31947410e+14 5.18572346e+14
5.07841201e+14 4.99441243e+14 4.93125204e+14 4.88728993e+14 4.86030390e+14 4.82104544e+14
4.88022379e+14 4.86568722e+14 4.89151445e+14 4.93532316e+14 4.99798076e+14 5.08150380e+14
5.18817096e+14 5.32063721e+14 5.48177703e+14 5.67512210e+14 5.90546392e+14 6.17894256e+14
6.50411582e+14 6.89266520e+14 7.36140794e+14 7.93832584e+14 8.66355724e+14 9.58548226e+14
1.07625685e+15 1.22834314e+15 1.42548743e+15 1.67616768e+15 1.97837963e+15 2.31303683e+15
2.65211338e+15 2.96787217e+15 3.25394349e+15 3.49777104e+15 3.70343717e+15 3.87686730e+15
4.02365344e+15 4.14852717e+15 4.25653820e+15 4.35175172e+15 4.43551267e+15 4.51101956e+15
4.57815072e+15 4.63671187e+15 4.68765598e+15 4.73114702e+15 4.76727155e+15 4.79621244e+15
4.81815302e+15 4.83296842e+15 4.84067761e+15 4.84077045e+15 4.83324441e+15 4.81863943e+15
4.79690393e+15 4.76812977e+15 4.73215737e+15 4.68882805e+15 4.63804477e+15 4.57961970e+15
4.51269956e+15 4.43741651e+15 4.35406646e+15 4.25910267e+15 4.15168923e+15 4.02750571e+15
3.88171903e+15 3.70984202e+15 3.50654834e+15 3.26613154e+15 2.98364637e+15 2.67403902e+15
2.34106172e+15 2.01211327e+15 1.71274680e+15 1.46119422e+15 1.25981098e+15 1.10168960e+15
9.77730330e+14 8.79922894e+14 8.02925335e+14 7.41803419e+14 6.92580549e+14 6.52194120e+14
6.18673495e+14 5.90667776e+14 5.67227089e+14 5.47624142e+14 5.31334201e+14 5.17987007e+14
5.07277530e+14 4.98894099e+14 4.92590240e+14 4.88202391e+14 4.85508821e+14 4.81589712e+14
4.87492329e+14 4.86037396e+14 4.88615184e+14 4.92987831e+14 4.99241631e+14 5.07577719e+14
5.18223284e+14 5.31442969e+14 5.47523098e+14 5.66815483e+14 5.89797662e+14 6.17082196e+14
6.49523100e+14 6.88286286e+14 7.35053183e+14 7.92618112e+14 8.64997382e+14 9.57033639e+14
1.07459401e+15 1.22654437e+15 1.42356094e+15 1.67419430e+15 1.97643815e+15 2.31119023e+15
2.65045780e+15 2.96644609e+15 3.25278435e+15 3.49685837e+15 3.70274327e+15 3.87636768e+15
4.02327708e+15 4.14821315e+15 4.25628119e+15 4.35154114e+15 4.43533637e+15 4.51086902e+15
4.57802382e+15 4.63660218e+15 4.68756276e+15 4.73106410e+15 4.76720016e+15 4.79614873e+15
4.81809473e+15 4.83291150e+15 4.84062167e+15 4.84071450e+15 4.83318746e+15 4.81858133e+15
4.79684031e+15 4.76805817e+15 4.73207448e+15 4.68873463e+15 4.63793609e+15 4.57949390e+15
4.51255024e+15 4.43724232e+15 4.35385997e+15 4.25884826e+15 4.15137765e+15 4.02713659e+15
3.88122746e+15 3.70915668e+15 3.50564652e+15 3.26498495e+15 2.98222668e+15 2.67237459e+15
2.33918107e+15 2.01009876e+15 1.71064040e+15 1.45908098e+15 1.25782224e+15 1.09984934e+15
9.76073477e+14 8.78461746e+14 8.01632647e+14 7.40660485e+14 6.91564802e+14 6.51283773e+14
6.17849630e+14 5.89913948e+14 5.66529548e+14 5.46971038e+14 5.30716060e+14 5.17396310e+14
5.06708200e+14 4.98341077e+14 4.92049239e+14 4.87669648e+14 4.84981052e+14 4.81068714e+14
4.86960164e+14 4.85504771e+14 4.88077793e+14 4.92442365e+14 4.98684431e+14 5.07004621e+14
5.17629486e+14 5.30822824e+14 5.46869904e+14 5.66121144e+14 5.89052467e+14 6.16274887e+14
6.48640770e+14 6.87312882e+14 7.33972673e+14 7.91407966e+14 8.63636985e+14 9.55505466e+14
1.07289574e+15 1.22467525e+15 1.42152230e+15 1.67205232e+15 1.97427287e+15 2.30908813e+15
2.64853748e+15 2.96476235e+15 3.25140147e+15 3.49575719e+15 3.70189706e+15 3.87575911e+15
4.02280389e+15 4.14782060e+15 4.25595923e+15 4.35127480e+15 4.43511445e+15 4.51067981e+15
4.57786264e+15 4.63646392e+15 4.68744479e+15 4.73095964e+15 4.76710967e+15 4.79606787e+15
4.81802067e+15 4.83283940e+15 4.84055085e+15 4.84064367e+15 4.83311532e+15 4.81850746e+15
4.79675953e+15 4.76796738e+15 4.73196993e+15 4.68861633e+15 4.63779876e+15 4.57933420e+15
4.51236219e+15 4.43702231e+15 4.35359674e+15 4.25852853e+15 4.15098698e+15 4.02667160e+15
3.88061947e+15 3.70831866e+15 3.50455569e+15 3.26361395e+15 2.98055166e+15 2.67045286e+15
2.33704486e+15 2.00786322e+15 1.70837153e+15 1.45686790e+15 1.25577706e+15 1.09798856e+15
9.74413787e+14 8.77004891e+14 8.00349719e+14 7.39528982e+14 6.90558456e+14 6.50381803e+14
6.17032753e+14 5.89165690e+14 5.65836275e+14 5.46321084e+14 5.30100160e+14 5.16807166e+14
5.06139919e+14 4.97788729e+14 4.91508643e+14 4.87137126e+14 4.84453396e+14 4.80547744e+14
4.86434004e+14 4.84978929e+14 4.87547415e+14 4.91904190e+14 4.98134920e+14 5.06439776e+14
5.17044686e+14 5.30212674e+14 5.46227980e+14 5.65439723e+14 5.88322156e+14 6.15484718e+14
6.47777651e+14 6.86361122e+14 7.32913217e+14 7.90219548e+14 8.62296226e+14 9.53988747e+14
1.07119121e+15 1.22277126e+15 1.41940758e+15 1.66977533e+15 1.97190731e+15 2.30676179e+15
2.64637002e+15 2.96284025e+15 3.24979779e+15 3.49446400e+15 3.70089056e+15 3.87502788e+15
4.02222295e+15 4.14734165e+15 4.25556526e+15 4.35094715e+15 4.43484120e+15 4.51044701e+15
4.57766360e+15 4.63629308e+15 4.68729828e+15 4.73083046e+15 4.76699713e+15 4.79596720e+15
4.81792832e+15 4.83274977e+15 4.84046289e+15 4.84055569e+15 4.83302564e+15 4.81841532e+15
4.79665889e+15 4.76785443e+15 4.73184051e+15 4.68846953e+15 4.63762869e+15 4.57913553e+15
4.51213042e+15 4.43675053e+15 4.35327173e+15 4.25813621e+15 4.15050880e+15 4.02609963e+15
3.87991002e+15 3.70732123e+15 3.50327250e+15 3.26202115e+15 2.97863675e+15 2.66826981e+15
2.33468045e+15 2.00542815e+15 1.70597062e+15 1.45458802e+15 1.25370908e+15 1.09613459e+15
9.72776798e+14 8.75575879e+14 7.99097133e+14 7.38426899e+14 6.89578869e+14 6.49503589e+14
6.16235741e+14 5.88434493e+14 5.65157762e+14 5.45684059e+14 5.29495724e+14 5.16228369e+14
5.05581158e+14 4.97245284e+14 4.90976502e+14 4.86612758e+14 4.83933719e+14 4.80034642e+14
4.85919857e+14 4.84465749e+14 4.87029969e+14 4.91379279e+14 4.97599178e+14 5.05889378e+14
5.16475253e+14 5.29619076e+14 5.45604153e+14 5.64778317e+14 5.87614200e+14 6.14719633e+14
6.46942434e+14 6.85440203e+14 7.31887389e+14 7.89066586e+14 8.60992092e+14 9.52506533e+14
1.06950890e+15 1.22086490e+15 1.41725500e+15 1.66740883e+15 1.96940143e+15 2.30424940e+15
2.64398167e+15 2.96070396e+15 3.24798653e+15 3.49298367e+15 3.69972057e+15 3.87415004e+15
4.02151887e+15 4.14677419e+15 4.25509342e+15 4.35055306e+15 4.43451120e+15 4.51016600e+15
4.57742259e+15 4.63608576e+15 4.68711959e+15 4.73067347e+15 4.76685948e+15 4.79584390e+15
4.81781511e+15 4.83264019e+15 4.84035540e+15 4.84044819e+15 4.83291600e+15 4.81830229e+15
4.79653560e+15 4.76771630e+15 4.73168302e+15 4.68829064e+15 4.63742192e+15 4.57889450e+15
4.51185006e+15 4.43642171e+15 4.35287970e+15 4.25766517e+15 4.14993669e+15 4.02541180e+15
3.87904975e+15 3.70616063e+15 3.50180165e+15 3.26022001e+15 2.97650645e+15 2.66587143e+15
2.33213064e+15 2.00283941e+15 1.70348215e+15 1.45228003e+15 1.25165032e+15 1.09431499e+15
9.71185096e+14 8.74190971e+14 7.97888112e+14 7.37365007e+14 6.88635216e+14 6.48656843e+14
6.15466452e+14 5.87727447e+14 5.64500319e+14 5.45065852e+14 5.28908459e+14 5.15665494e+14
5.05037348e+14 4.96716064e+14 4.90458062e+14 4.86101739e+14 4.83427252e+14 4.79535786e+14
4.85424600e+14 4.83971980e+14 4.86532214e+14 4.90874487e+14 4.97084165e+14 5.05360567e+14
5.15928528e+14 5.29049662e+14 5.45006380e+14 5.64145316e+14 5.86937506e+14 6.13989377e+14
6.46145962e+14 6.84562042e+14 7.30910302e+14 7.87965264e+14 8.59741833e+14 9.51078145e+14
1.06787278e+15 1.21898684e+15 1.41510089e+15 1.66499512e+15 1.96679465e+15 2.30157510e+15
2.64142689e+15 2.95839662e+15 3.24599139e+15 3.49133036e+15 3.69839098e+15 3.87310627e+15
4.02068601e+15 4.14612056e+15 4.25453943e+15 4.35008834e+15 4.43412046e+15 4.50983266e+15
4.57713583e+15 4.63583832e+15 4.68690545e+15 4.73048545e+15 4.76669365e+15 4.79569515e+15
4.81767837e+15 4.83250821e+15 4.84022601e+15 4.84031877e+15 4.83278399e+15 4.81816573e+15
4.79638680e+15 4.76754993e+15 4.73149461e+15 4.68807619e+15 4.63717470e+15 4.57860721e+15
4.51151700e+15 4.43603191e+15 4.35241660e+15 4.25711140e+15 4.14926926e+15 4.02458811e+15
3.87804092e+15 3.70484124e+15 3.50015741e+15 3.25823464e+15 2.97420290e+15 2.66330834e+15
2.32942513e+15 2.00015614e+15 1.70095618e+15 1.44998528e+15 1.24963420e+15 1.09255526e+15
9.69658937e+14 8.72870749e+14 7.96738533e+14 7.36355829e+14 6.87738906e+14 6.47851190e+14
6.14732955e+14 5.87051847e+14 5.63870868e+14 5.44473009e+14 5.28344589e+14 5.15124534e+14
5.04514325e+14 4.96206779e+14 4.89958940e+14 4.85609619e+14 4.82939436e+14 4.79055331e+14
4.84954249e+14 4.83503499e+14 4.86060091e+14 4.90395816e+14 4.96596004e+14 5.04859585e+14
5.15410927e+14 5.28511022e+14 5.44441491e+14 5.63547841e+14 5.86299632e+14 6.13301941e+14
6.45397099e+14 6.83736965e+14 7.29992725e+14 7.86929370e+14 8.58562047e+14 9.49721481e+14
1.06630582e+15 1.21716718e+15 1.41298402e+15 1.66258373e+15 1.96414704e+15 2.29882025e+15
2.63876145e+15 2.95595754e+15 3.24384729e+15 3.48952733e+15 3.69691574e+15 3.87192077e+15
4.01973192e+15 4.14536894e+15 4.25390067e+15 4.34955022e+15 4.43366604e+15 4.50944378e+15
4.57680005e+15 4.63554751e+15 4.68665276e+15 4.73026315e+15 4.76649665e+15 4.79551817e+15
4.81751560e+15 4.83235151e+15 4.84007232e+15 4.84016505e+15 4.83262729e+15 4.81800313e+15
4.79620970e+15 4.76735236e+15 4.73127188e+15 4.68782302e+15 4.63688357e+15 4.57826975e+15
4.51112800e+15 4.43557816e+15 4.35187999e+15 4.25647327e+15 4.14852167e+15 4.02364045e+15
3.87686522e+15 3.70337373e+15 3.49836180e+15 3.25609809e+15 2.97176522e+15 2.66063495e+15
2.32664490e+15 1.99744198e+15 1.69844467e+15 1.44774409e+15 1.24769168e+15 1.09087900e+15
9.68216146e+14 8.71626320e+14 7.95657560e+14 7.35407212e+14 6.86895199e+14 6.47091504e+14
6.14040153e+14 5.86412434e+14 5.63274072e+14 5.43910111e+14 5.27808610e+14 5.14609904e+14
5.04016435e+14 4.95721723e+14 4.89483384e+14 4.85140615e+14 4.82474464e+14 4.78597363e+14
4.84511669e+14 4.83063055e+14 4.85616294e+14 4.89945970e+14 4.96137377e+14 5.04389121e+14
5.14925120e+14 5.28005826e+14 5.43912117e+14 5.62988483e+14 5.85703084e+14 6.12659634e+14
6.44698204e+14 6.82967159e+14 7.29135873e+14 7.85962870e+14 8.57457287e+14 9.48452218e+14
1.06482883e+15 1.21543427e+15 1.41094283e+15 1.66022384e+15 1.96152055e+15 2.29606894e+15
2.63605248e+15 2.95343518e+15 3.24159606e+15 3.48760503e+15 3.69531468e+15 3.87061336e+15
4.01866699e+15 4.14452027e+15 4.25317717e+15 4.34893785e+15 4.43314641e+15 4.50899729e+15
4.57641194e+15 4.63521052e+15 4.68635883e+15 4.73000378e+15 4.76626570e+15 4.79531031e+15
4.81732409e+15 4.83216755e+15 4.83989203e+15 4.83998472e+15 4.83244328e+15 4.81781179e+15
4.79600164e+15 4.76712083e+15 4.73101199e+15 4.68752844e+15 4.63654593e+15 4.57787994e+15
4.51068103e+15 4.43505903e+15 4.35126921e+15 4.25575118e+15 4.14767905e+15 4.02258144e+15
3.87556556e+15 3.70178068e+15 3.49644601e+15 3.25385289e+15 2.96924364e+15 2.65791626e+15
2.32386834e+15 1.99475938e+15 1.69599756e+15 1.44559435e+15 1.24585082e+15 1.08930685e+15
9.66872064e+14 8.70472337e+14 7.94657120e+14 7.34528986e+14 6.86113337e+14 6.46386331e+14
6.13395866e+14 5.85816690e+14 5.62717082e+14 5.43384042e+14 5.27307172e+14 5.14128046e+14
5.03549955e+14 4.95267039e+14 4.89037441e+14 4.84700703e+14 4.82038268e+14 4.78167724e+14
4.84104475e+14 4.82658130e+14 4.85208392e+14 4.89532610e+14 4.95716118e+14 5.03957205e+14
5.14479422e+14 5.27542726e+14 5.43427358e+14 5.62476875e+14 5.85158169e+14 6.12073787e+14
6.44061956e+14 6.82266498e+14 7.28356656e+14 7.85082663e+14 8.56448870e+14 9.47284344e+14
1.06345881e+15 1.21381144e+15 1.40900939e+15 1.65795760e+15 1.95896457e+15 2.29336001e+15
2.63334859e+15 2.95088414e+15 3.23928497e+15 3.48560151e+15 3.69361878e+15 3.86920515e+15
4.01750413e+15 4.14357990e+15 4.25237197e+15 4.34825273e+15 4.43256188e+15 4.50849256e+15
4.57597059e+15 4.63482582e+15 4.68602167e+15 4.72970509e+15 4.76599842e+15 4.79506917e+15
4.81710130e+15 4.83195407e+15 4.83968297e+15 4.83977561e+15 4.83222976e+15 4.81758911e+15
4.79576023e+15 4.76685299e+15 4.73071267e+15 4.68719041e+15 4.63616023e+15 4.57743660e+15
4.51017546e+15 4.43447489e+15 4.35058587e+15 4.25494844e+15 4.14674670e+15 4.02142474e+15
3.87416394e+15 3.70009143e+15 3.49444804e+15 3.25154664e+15 2.96669305e+15 2.65520372e+15
2.32113554e+15 1.99215629e+15 1.69365666e+15 1.44356763e+15 1.24413488e+15 1.08785526e+15
9.65638578e+14 8.69416757e+14 7.93743747e+14 7.33728191e+14 6.85399614e+14 6.45741473e+14
6.12805600e+14 5.85269955e+14 5.62205121e+14 5.42899888e+14 5.26845222e+14 5.13683788e+14
5.03119608e+14 4.94847370e+14 4.88625690e+14 4.84294420e+14 4.81635357e+14 4.77770865e+14
4.83734313e+14 4.82290280e+14 4.84837888e+14 4.89157247e+14 4.95333701e+14 5.03565298e+14
5.14075239e+14 5.27123075e+14 5.42988463e+14 5.62014162e+14 5.84665945e+14 6.11545327e+14
6.43488438e+14 6.81636300e+14 7.27655658e+14 7.84290587e+14 8.55539465e+14 9.46227364e+14
1.06220843e+15 1.21231697e+15 1.40721065e+15 1.65582256e+15 1.95652628e+15 2.29074450e+15
2.63070636e+15 2.94835971e+15 3.23696474e+15 3.48355887e+15 3.69186130e+15 3.86772182e+15
4.01626040e+15 4.14255457e+15 4.25149132e+15 4.34749896e+15 4.43191489e+15 4.50793065e+15
4.57547612e+15 4.63439275e+15 4.68564013e+15 4.72936550e+15 4.76569296e+15 4.79479280e+15
4.81684499e+15 4.83170916e+15 4.83944323e+15 4.83953580e+15 4.83198475e+15 4.81733277e+15
4.79548349e+15 4.76654699e+15 4.73037245e+15 4.68680778e+15 4.63572559e+15 4.57693976e+15
4.50961240e+15 4.43382821e+15 4.34983409e+15 4.25407139e+15 4.14573449e+15 4.02018782e+15
3.87268570e+15 3.69833934e+15 3.49240997e+15 3.24923031e+15 2.96417050e+15 2.65255432e+15
2.31850031e+15 1.98967982e+15 1.69145928e+15 1.44169111e+15 1.24256246e+15 1.08653664e+15
9.64524423e+14 8.68465655e+14 7.92922787e+14 7.33007820e+14 6.84754884e+14 6.45158346e+14
6.12271058e+14 5.84774133e+14 5.61740209e+14 5.42459741e+14 5.26424891e+14 5.13279277e+14
5.02727552e+14 4.94464878e+14 4.88250295e+14 4.83923930e+14 4.81267896e+14 4.77408929e+14
4.83402731e+14 4.81960961e+14 4.84506273e+14 4.88821344e+14 4.94991607e+14 5.03214854e+14
5.13714025e+14 5.26748296e+14 5.42596845e+14 5.61601711e+14 5.84227709e+14 6.11075345e+14
6.42979473e+14 6.81077001e+14 7.27034095e+14 7.83588108e+14 8.54731011e+14 9.45283667e+14
1.06108583e+15 1.21096448e+15 1.40556821e+15 1.65385007e+15 1.95424697e+15 2.28827082e+15
2.62817809e+15 2.94591542e+15 3.23468463e+15 3.48152060e+15 3.69007848e+15 3.86619166e+15
4.01495658e+15 4.14145018e+15 4.25054480e+15 4.34668347e+15 4.43121006e+15 4.50731443e+15
4.57492996e+15 4.63391183e+15 4.68521405e+15 4.72898428e+15 4.76534815e+15 4.79447980e+15
4.81655387e+15 4.83143114e+15 4.83917128e+15 4.83926377e+15 4.83170655e+15 4.81704139e+15
4.79517001e+15 4.76620169e+15 4.72999057e+15 4.68638039e+15 4.63524282e+15 4.57639117e+15
4.50899435e+15 4.43312316e+15 4.34902050e+15 4.25312950e+15 4.14465581e+15 4.01889147e+15
3.87115915e+15 3.69656040e+15 3.49037518e+15 3.24695247e+15 2.96172821e+15 2.65002075e+15
2.31601108e+15 1.98737041e+15 1.68943604e+15 1.43998552e+15 1.24114580e+15 1.08535832e+15
9.63534380e+14 8.67623010e+14 7.92196271e+14 7.32370215e+14 6.84185595e+14 6.44642939e+14
6.11797692e+14 5.84334334e+14 5.61327215e+14 5.42068268e+14 5.26050676e+14 5.12918867e+14
5.02378022e+14 4.94123711e+14 4.87915338e+14 4.83593268e+14 4.80939890e+14 4.77085861e+14
4.83111089e+14 4.81671473e+14 4.84214794e+14 4.88526181e+14 4.94691087e+14 5.02907146e+14
5.13397030e+14 5.26419634e+14 5.42253711e+14 5.61240718e+14 5.83844613e+14 6.10665053e+14
6.42535754e+14 6.80589916e+14 7.26493156e+14 7.82976706e+14 8.54025299e+14 9.44456358e+14
1.06009700e+15 1.20976520e+15 1.40409800e+15 1.65206415e+15 1.95215991e+15 2.28597970e+15
2.62580947e+15 2.94359796e+15 3.23249059e+15 3.47952929e+15 3.68830715e+15 3.86464407e+15
4.01361788e+15 4.14029762e+15 4.24954681e+15 4.34581610e+15 4.43045408e+15 4.50664836e+15
4.57433582e+15 4.63338522e+15 4.68474448e+15 4.72856172e+15 4.76496370e+15 4.79412949e+15
4.81622707e+15 4.83111895e+15 4.83886605e+15 4.83895843e+15 4.83139409e+15 4.81671418e+15
4.79481911e+15 4.76581680e+15 4.72956722e+15 4.68590925e+15 4.63471391e+15 4.57579412e+15
4.50832596e+15 4.43236628e+15 4.34815430e+15 4.25213536e+15 4.14352285e+15 4.01755895e+15
3.86961491e+15 3.69479175e+15 3.48838620e+15 3.24475954e+15 2.95941247e+15 2.64764845e+15
2.31370762e+15 1.98526012e+15 1.68761000e+15 1.43846522e+15 1.23989512e+15 1.08432623e+15
9.62672111e+14 8.66891123e+14 7.91565544e+14 7.31816492e+14 6.83690859e+14 6.44194144e+14
6.11384699e+14 5.83950073e+14 5.60965888e+14 5.41725379e+14 5.25722598e+14 5.12602663e+14
5.02071189e+14 4.93824085e+14 4.87621067e+14 4.83302703e+14 4.80651621e+14 4.76801945e+14
4.82859906e+14 4.81422275e+14 4.83963942e+14 4.88272207e+14 4.94432608e+14 5.02642600e+14
5.13124672e+14 5.26137463e+14 5.41959404e+14 5.60931455e+14 5.83516880e+14 6.10314605e+14
6.42157250e+14 6.80175146e+14 7.26032936e+14 7.82456550e+14 8.53423767e+14 9.43748074e+14
1.05924579e+15 1.20872424e+15 1.40280937e+15 1.65048096e+15 1.95028928e+15 2.28390265e+15
2.62363774e+15 2.94144702e+15 3.23042370e+15 3.47762430e+15 3.68658378e+15 3.86311223e+15
4.01227106e+15 4.13911966e+15 4.24851409e+15 4.34490907e+15 4.42965592e+15 4.50593921e+15
4.57369822e+15 4.63281623e+15 4.68423366e+15 4.72809939e+15 4.76454007e+15 4.79374199e+15
4.81586441e+15 4.83077219e+15 4.83852707e+15 4.83861933e+15 4.83104698e+15 4.81635096e+15
4.79443091e+15 4.76539293e+15 4.72910369e+15 4.68539658e+15 4.63414218e+15 4.57515390e+15
4.50761396e+15 4.43156620e+15 4.34724697e+15 4.25110397e+15 4.14234906e+15 4.01621533e+15
3.86808501e+15 3.69306963e+15 3.48648177e+15 3.24269259e+15 2.95726313e+15 2.64547414e+15
2.31162141e+15 1.98337219e+15 1.68599580e+15 1.43713783e+15 1.23881352e+15 1.08344057e+15
9.61936135e+14 8.66268061e+14 7.91029118e+14 7.31345216e+14 6.83269330e+14 6.43811198e+14
6.11031637e+14 5.83621041e+14 5.60656051e+14 5.41430998e+14 5.25440660e+14 5.12330720e+14
5.01807146e+14 4.93566121e+14 4.87367626e+14 4.83052394e+14 4.80403255e+14 4.76557345e+14
4.82648046e+14 4.81212210e+14 4.83752509e+14 4.88058202e+14 4.94214880e+14 5.02419874e+14
5.12895509e+14 5.25900237e+14 5.41712221e+14 5.60672034e+14 5.83242357e+14 6.10021584e+14
6.41841122e+14 6.79829535e+14 7.25649884e+14 7.82023502e+14 8.52922456e+14 9.43155727e+14
1.05852959e+15 1.20784100e+15 1.40170534e+15 1.64910862e+15 1.94864977e+15 2.28206104e+15
2.62168997e+15 2.93949372e+15 3.22851781e+15 3.47583821e+15 3.68494137e+15 3.86162677e+15
4.01094258e+15 4.13793891e+15 4.24746464e+15 4.34397634e+15 4.42882628e+15 4.50519540e+15
4.57302442e+15 4.63220975e+15 4.68368513e+15 4.72759962e+15 4.76407916e+15 4.79331838e+15
4.81546652e+15 4.83039121e+15 4.83815456e+15 4.83824667e+15 4.83066557e+15 4.81595238e+15
4.79400641e+15 4.76493174e+15 4.72860239e+15 4.68484585e+15 4.63353258e+15 4.57447655e+15
4.50686641e+15 4.43073327e+15 4.34631199e+15 4.25005243e+15 4.14116810e+15 4.01488710e+15
3.86659939e+15 3.69142684e+15 3.48469579e+15 3.24078551e+15 2.95531115e+15 2.64352454e+15
2.30977333e+15 1.98172024e+15 1.68460032e+15 1.43600461e+15 1.23789902e+15 1.08269752e+15
9.61321370e+14 8.65748990e+14 7.90582439e+14 7.30952563e+14 6.82917704e+14 6.43491356e+14
6.10736188e+14 5.83345224e+14 5.60395929e+14 5.41183539e+14 5.25203425e+14 5.12101712e+14
5.01584650e+14 4.93348641e+14 4.87153879e+14 4.82841236e+14 4.80193705e+14 4.76350987e+14
4.82473571e+14 4.81039304e+14 4.83578523e+14 4.87882145e+14 4.94035836e+14 5.02236816e+14
5.12707296e+14 5.25705571e+14 5.41509609e+14 5.60459671e+14 5.83017992e+14 6.09782551e+14
6.41583730e+14 6.79548679e+14 7.25338977e+14 7.81671968e+14 8.52515065e+14 9.42672191e+14
1.05794228e+15 1.20711038e+15 1.40078252e+15 1.64794759e+15 1.94724672e+15 2.28046592e+15
2.61998273e+15 2.93775937e+15 3.22679854e+15 3.47420011e+15 3.68340801e+15 3.86021472e+15
4.00965717e+15 4.13677686e+15 4.24641603e+15 4.34303276e+15 4.42797703e+15 4.50442644e+15
4.57232213e+15 4.63157193e+15 4.68310359e+15 4.72706598e+15 4.76358392e+15 4.79286069e+15
4.81503494e+15 4.82997720e+15 4.83774952e+15 4.83784147e+15 4.83025103e+15 4.81551994e+15
4.79354763e+15 4.76443590e+15 4.72806689e+15 4.68426173e+15 4.63289118e+15 4.57376985e+15
4.50609266e+15 4.42987840e+15 4.34536405e+15 4.24899904e+15 4.14000184e+15 4.01359919e+15
3.86518508e+15 3.68989145e+15 3.48305694e+15 3.23906377e+15 2.95357763e+15 2.64181589e+15
2.30817381e+15 1.98030861e+15 1.68342295e+15 1.43506093e+15 1.23714518e+15 1.08208996e+15
9.60820937e+14 8.65327575e+14 7.90220108e+14 7.30633868e+14 6.82631927e+14 6.43230960e+14
6.10495110e+14 5.83119734e+14 5.60182913e+14 5.40980633e+14 5.25008672e+14 5.11913546e+14
5.01401708e+14 4.93169724e+14 4.86977962e+14 4.82667400e+14 4.80021166e+14 4.76181092e+14
4.82333991e+14 4.80901070e+14 4.83439444e+14 4.87741462e+14 4.93892829e+14 5.02090700e+14
5.12557184e+14 5.25550478e+14 5.41348396e+14 5.60290978e+14 5.82840106e+14 6.09593452e+14
6.41380614e+14 6.79327638e+14 7.25094595e+14 7.81395803e+14 8.52194289e+14 9.42290423e+14
1.05747566e+15 1.20652328e+15 1.40003237e+15 1.64699128e+15 1.94607674e+15 2.27911846e+15
2.61852218e+15 2.93625514e+15 3.22528200e+15 3.47273022e+15 3.68200563e+15 3.85889862e+15
4.00843653e+15 4.13565270e+15 4.24538706e+15 4.34209344e+15 4.42711974e+15 4.50364266e+15
4.57159961e+15 4.63090987e+15 4.68249480e+15 4.72650310e+15 4.76305819e+15 4.79237192e+15
4.81457210e+15 4.82953220e+15 4.83731380e+15 4.83740556e+15 4.82980543e+15 4.81505609e+15
4.79305754e+15 4.76390916e+15 4.72750181e+15 4.68364995e+15 4.63222505e+15 4.57304267e+15
4.50530320e+15 4.42901507e+15 4.34441849e+15 4.24796273e+15 4.13887228e+15 4.01237387e+15
3.86386475e+15 3.68848541e+15 3.48158493e+15 3.23754363e+15 2.95207356e+15 2.64035403e+15
2.30682340e+15 1.97913296e+15 1.68245570e+15 1.43429670e+15 1.23654139e+15 1.08160771e+15
9.60425659e+14 8.64995635e+14 7.89935091e+14 7.30382920e+14 6.82406451e+14 6.43025012e+14
6.10303969e+14 5.82940554e+14 5.60013319e+14 5.40818832e+14 5.24853171e+14 5.11763152e+14
5.01255372e+14 4.93026519e+14 4.86837092e+14 4.82528153e+14 4.79882932e+14 4.76044996e+14
4.82225840e+14 4.80794030e+14 4.83331792e+14 4.87632605e+14 4.93782242e+14 5.01977791e+14
5.12441304e+14 5.25430900e+14 5.41224298e+14 5.60161374e+14 5.82703759e+14 6.09448878e+14
6.41225787e+14 6.79159747e+14 7.24909386e+14 7.81186699e+14 8.51950943e+14 9.41999562e+14
1.05711736e+15 1.20606739e+15 1.39944187e+15 1.64622700e+15 1.94512858e+15 2.27801084e+15
2.61730483e+15 2.93498248e+15 3.22397512e+15 3.47143994e+15 3.68074920e+15 3.85769550e+15
4.00729853e+15 4.13458531e+15 4.24439436e+15 4.34117289e+15 4.42626786e+15 4.50285491e+15
4.57086637e+15 4.63023140e+15 4.68186537e+15 4.72591655e+15 4.76250672e+15 4.79185599e+15
4.81408136e+15 4.82905916e+15 4.83685009e+15 4.83694165e+15 4.82933170e+15 4.81456420e+15
4.79254009e+15 4.76335642e+15 4.72691272e+15 4.68301712e+15 4.63154206e+15 4.57230432e+15
4.50450896e+15 4.42815630e+15 4.34349016e+15 4.24696032e+15 4.13779763e+15 4.01122947e+15
3.86265578e+15 3.68722398e+15 3.48029125e+15 3.23623206e+15 2.95080025e+15 2.63913520e+15
2.30571380e+15 1.97818147e+15 1.68168480e+15 1.43369755e+15 1.23607405e+15 1.08123833e+15
9.60124770e+14 8.64743866e+14 7.89719100e+14 7.30192462e+14 6.82234881e+14 6.42867850e+14
6.10157658e+14 5.82803018e+14 5.59882832e+14 5.40694103e+14 5.24733104e+14 5.11646890e+14
5.01142137e+14 4.92915621e+14 4.86727941e+14 4.82420216e+14 4.79775757e+14 4.75939495e+14
4.82145395e+14 4.80714494e+14 4.83251815e+14 4.87551779e+14 4.93700186e+14 5.01894097e+14
5.12355515e+14 5.25342522e+14 5.41132770e+14 5.60066033e+14 5.82603752e+14 6.09343226e+14
6.41113087e+14 6.79038071e+14 7.24775583e+14 7.81035848e+14 8.51775002e+14 9.41788062e+14
1.05685427e+15 1.20572792e+15 1.39899466e+15 1.64563748e+15 1.94438515e+15 2.27712732e+15
2.61631878e+15 2.93393406e+15 3.22287615e+15 3.47033246e+15 3.67964654e+15 3.85661635e+15
4.00625640e+15 4.13358879e+15 4.24345108e+15 4.34028430e+15 4.42543382e+15 4.50207401e+15
4.57013210e+15 4.62954486e+15 4.68122255e+15 4.72531263e+15 4.76193507e+15 4.79131767e+15
4.81356694e+15 4.82856189e+15 4.83636194e+15 4.83645328e+15 4.82883366e+15 4.81404852e+15
4.79200008e+15 4.76278327e+15 4.72630594e+15 4.68237045e+15 4.63085051e+15 4.57156415e+15
4.50372067e+15 4.42731438e+15 4.34259261e+15 4.24600628e+15 4.13679254e+15 4.01017967e+15
3.86156971e+15 3.68611564e+15 3.47917934e+15 3.23512734e+15 2.94975024e+15 2.63814725e+15
2.30482927e+15 1.97743615e+15 1.68109182e+15 1.43324582e+15 1.23572740e+15 1.08096778e+15
9.59906101e+14 8.64561595e+14 7.89562866e+14 7.30054403e+14 6.82110073e+14 6.42753008e+14
6.10050307e+14 5.82701738e+14 5.59786460e+14 5.40601756e+14 5.24644029e+14 5.11560504e+14
5.01057896e+14 4.92833039e+14 4.86646600e+14 4.82339743e+14 4.79695829e+14 4.75860835e+14
4.82088531e+14 4.80658332e+14 4.83195382e+14 4.87494779e+14 4.93642383e+14 5.01835215e+14
5.12295268e+14 5.25280595e+14 5.41068823e+14 5.59999659e+14 5.82534431e+14 6.09270369e+14
6.41035820e+14 6.78955130e+14 7.24684838e+14 7.80933811e+14 8.51655728e+14 9.41643656e+14
1.05667207e+15 1.20548864e+15 1.39867208e+15 1.64520206e+15 1.94382475e+15 2.27644726e+15
2.61554535e+15 2.93309519e+15 3.22197567e+15 3.46940379e+15 3.67869897e+15 3.85566643e+15
4.00531846e+15 4.13267343e+15 4.24256844e+15 4.33943908e+15 4.42462863e+15 4.50131017e+15
4.56940607e+15 4.62885869e+15 4.68057394e+15 4.72469817e+15 4.76134944e+15 4.79076246e+15
4.81303385e+15 4.82804511e+15 4.83585374e+15 4.83594483e+15 4.82831605e+15 4.81351406e+15
4.79144306e+15 4.76219596e+15 4.72568832e+15 4.68171724e+15 4.63015886e+15 4.57083152e+15
4.50294813e+15 4.42650042e+15 4.34173749e+15 4.24511223e+15 4.13586776e+15 4.00923331e+15
3.86061210e+15 3.68516119e+15 3.47824516e+15 3.23422012e+15 2.94890873e+15 2.63737128e+15
2.30414825e+15 1.97687444e+15 1.68065504e+15 1.43292167e+15 1.23548407e+15 1.08078104e+15
9.59756844e+14 8.64437803e+14 7.89456856e+14 7.29960401e+14 6.82024641e+14 6.42673882e+14
6.09975908e+14 5.82631194e+14 5.59719050e+14 5.40536940e+14 5.24581335e+14 5.11499570e+14
5.00998375e+14 4.92774612e+14 4.86588996e+14 4.82282713e+14 4.79639165e+14 4.75805088e+14
4.82051210e+14 4.80621542e+14 4.83158426e+14 4.87457502e+14 4.93604631e+14 5.01796845e+14
5.12256113e+14 5.25240493e+14 5.41027600e+14 5.59957119e+14 5.82490313e+14 6.09224399e+14
6.40987541e+14 6.78903791e+14 7.24629208e+14 7.80871646e+14 8.51582771e+14 9.41554254e+14
1.05655671e+15 1.20533257e+15 1.39845416e+15 1.64489773e+15 1.94342211e+15 2.27594537e+15
2.61496082e+15 2.93244555e+15 3.22125834e+15 3.46864361e+15 3.67790131e+15 3.85484546e+15
4.00448825e+15 4.13184557e+15 4.24175463e+15 4.33864647e+15 4.42386172e+15 4.50057229e+15
4.56869692e+15 4.62818115e+15 4.67992726e+15 4.72408031e+15 4.76075644e+15 4.79019643e+15
4.81248774e+15 4.82751402e+15 4.83533056e+15 4.83542139e+15 4.82778414e+15 4.81296652e+15
4.79087516e+15 4.76160133e+15 4.72506711e+15 4.68106560e+15 4.62947552e+15 4.57011546e+15
4.50220142e+15 4.42572407e+15 4.34093415e+15 4.24428662e+15 4.13502999e+15 4.00839451e+15
3.85978296e+15 3.68435579e+15 3.47747848e+15 3.23349495e+15 2.94825532e+15 2.63678346e+15
2.30364516e+15 1.97647091e+15 1.68035089e+15 1.43270426e+15 1.23532621e+15 1.08066319e+15
9.59664266e+14 8.64361628e+14 7.89391695e+14 7.29902270e+14 6.81971327e+14 6.42624004e+14
6.09928556e+14 5.82585927e+14 5.59675496e+14 5.40494833e+14 5.24540428e+14 5.11459678e+14
5.00959303e+14 4.92736180e+14 4.86551047e+14 4.82245104e+14 4.79601775e+14 4.75768324e+14
4.82029473e+14 4.80600181e+14 4.83137010e+14 4.87435934e+14 4.93582861e+14 5.01774802e+14
5.12233741e+14 5.25217735e+14 5.41004415e+14 5.59933462e+14 5.82466123e+14 6.09199632e+14
6.40962067e+14 6.78877301e+14 7.24601053e+14 7.80840537e+14 8.51545907e+14 9.41507839e+14
1.05649391e+15 1.20524274e+15 1.39832089e+15 1.64470104e+15 1.94315071e+15 2.27559402e+15
2.61453831e+15 2.93196114e+15 3.22070619e+15 3.46803669e+15 3.67724330e+15 3.85414828e+15
4.00376488e+15 4.13110769e+15 4.24101470e+15 4.33791417e+15 4.42314060e+15 4.49986810e+15
4.56801262e+15 4.62752002e+15 4.67929004e+15 4.72346628e+15 4.76016299e+15 4.78962610e+15
4.81193483e+15 4.82697447e+15 4.83479809e+15 4.83488866e+15 4.82724375e+15 4.81241209e+15
4.79030291e+15 4.76100616e+15 4.72444965e+15 4.68042336e+15 4.62880848e+15 4.56942414e+15
4.50148880e+15 4.42499315e+15 4.34018945e+15 4.24353468e+15 4.13428203e+15 4.00766231e+15
3.85907746e+15 3.68368967e+15 3.47686426e+15 3.23293198e+15 2.94776589e+15 2.63635694e+15
2.30329226e+15 1.97619883e+15 1.68015524e+15 1.43257276e+15 1.23523555e+15 1.08059902e+15
9.59615668e+14 8.64322325e+14 7.89358158e+14 7.29871959e+14 6.81942989e+14 6.42596945e+14
6.09902375e+14 5.82560499e+14 5.59650712e+14 5.40470629e+14 5.24516724e+14 5.11436420e+14
5.00936416e+14 4.92713584e+14 4.86528675e+14 4.82222893e+14 4.79579671e+14 4.75746610e+14
4.82019571e+14 4.80590535e+14 4.83127359e+14 4.87426272e+14 4.93573177e+14 5.01765102e+14
5.12224031e+14 5.25208045e+14 5.40994788e+14 5.59923965e+14 5.82456830e+14 6.09190665e+14
6.40953509e+14 6.78869189e+14 7.24593150e+14 7.80832274e+14 8.51535619e+14 9.41493191e+14
1.05647023e+15 1.20520246e+15 1.39825301e+15 1.64458901e+15 1.94298419e+15 2.27536486e+15
2.61424928e+15 2.93161485e+15 3.22029322e+15 3.46756387e+15 3.67671103e+15 3.85356589e+15
4.00314382e+15 4.13045880e+15 4.24035040e+15 4.33724479e+15 4.42247062e+15 4.49920450e+15
4.56736006e+15 4.62688242e+15 4.67866924e+15 4.72286319e+15 4.75957613e+15 4.78905819e+15
4.81138152e+15 4.82643287e+15 4.83426252e+15 4.83435282e+15 4.82670123e+15 4.81185718e+15
4.78973308e+15 4.76041740e+15 4.72384315e+15 4.67979788e+15 4.62816507e+15 4.56876464e+15
4.50081697e+15 4.42431345e+15 4.33950772e+15 4.24285862e+15 4.13362317e+15 4.00703234e+15
3.85848688e+15 3.68314937e+15 3.47638424e+15 3.23251025e+15 2.94741459e+15 2.63606369e+15
2.30306129e+15 1.97603164e+15 1.68004468e+15 1.43250739e+15 1.23519630e+15 1.08057542e+15
9.59600025e+14 8.64310534e+14 7.89348163e+14 7.29862385e+14 6.81933320e+14 6.42586983e+14
6.09892105e+14 5.82550029e+14 5.59640120e+14 5.40459989e+14 5.24506078e+14 5.11425807e+14
5.00925844e+14 4.92703050e+14 4.86518175e+14 4.82212421e+14 4.79569222e+14 4.75736372e+14
4.82018173e+14 4.80589287e+14 4.83126171e+14 4.87425153e+14 4.93572172e+14 5.01764250e+14
5.12223393e+14 5.25207693e+14 5.40994831e+14 5.59924534e+14 5.82458090e+14 6.09192836e+14
6.40956825e+14 6.78873922e+14 7.24599333e+14 7.80839876e+14 8.51543857e+14 9.41500863e+14
1.05647445e+15 1.20519828e+15 1.39823294e+15 1.64454022e+15 1.94289750e+15 2.27523051e+15
2.61406563e+15 2.93137963e+15 3.21999474e+15 3.46720452e+15 3.67628834e+15 3.85308679e+15
4.00261762e+15 4.12989505e+15 4.23976086e+15 4.33663969e+15 4.42185521e+15 4.49858638e+15
4.56674491e+15 4.62627464e+15 4.67807165e+15 4.72227785e+15 4.75900275e+15 4.78849950e+15
4.81083443e+15 4.82589573e+15 4.83373036e+15 4.83382039e+15 4.82616328e+15 4.81130859e+15
4.78917247e+15 4.75984195e+15 4.72325451e+15 4.67919595e+15 4.62755175e+15 4.56814285e+15
4.50019101e+15 4.42368877e+15 4.33889095e+15 4.24225797e+15 4.13304985e+15 4.00649733e+15
3.85799974e+15 3.68271894e+15 3.47601799e+15 3.23220462e+15 2.94717457e+15 2.63587584e+15
2.30292496e+15 1.97594423e+15 1.67999745e+15 1.43249005e+15 1.23519377e+15 1.08058034e+15
9.59607314e+14 8.64317791e+14 7.89354431e+14 7.29867175e+14 6.81936644e+14 6.42588995e+14
6.09893044e+14 5.82550145e+14 5.59639609e+14 5.40459019e+14 5.24504765e+14 5.11424250e+14
5.00924107e+14 4.92701179e+14 4.86516210e+14 4.82210394e+14 4.79567163e+14 4.75734391e+14
4.82022403e+14 4.80593599e+14 4.83130551e+14 4.87429665e+14 4.93576865e+14 5.01769202e+14
5.12228680e+14 5.25213427e+14 5.41001144e+14 5.59931599e+14 5.82466115e+14 6.09202096e+14
6.40967631e+14 6.78886670e+14 7.24614277e+14 7.80857314e+14 8.51563624e+14 9.41522586e+14
1.05649658e+15 1.20521792e+15 1.39824525e+15 1.64453561e+15 1.94286807e+15 2.27516590e+15
2.61396123e+15 2.93122992e+15 3.21978695e+15 3.46693775e+15 3.67595803e+15 3.85269765e+15
4.00217659e+15 4.12941047e+15 4.23924318e+15 4.33609849e+15 4.42129611e+15 4.49801710e+15
4.56617167e+15 4.62570206e+15 4.67750339e+15 4.72171664e+15 4.75844930e+15 4.78795674e+15
4.81030039e+15 4.82536972e+15 4.83320831e+15 4.83329808e+15 4.82563649e+15 4.81077313e+15
4.78862786e+15 4.75928644e+15 4.72269018e+15 4.67862365e+15 4.62697402e+15 4.56756339e+15
4.49961445e+15 4.42312108e+15 4.33833907e+15 4.24173010e+15 4.13255635e+15 4.00604803e+15
3.85760291e+15 3.68238133e+15 3.47574469e+15 3.23199019e+15 2.94702018e+15 2.63576733e+15
2.30285822e+15 1.97591395e+15 1.67999425e+15 1.43250495e+15 1.23521522e+15 1.08060342e+15
9.59628990e+14 8.64336911e+14 7.89370842e+14 7.29880965e+14 6.81948169e+14 6.42598633e+14
6.09901181e+14 5.82557109e+14 5.59645662e+14 5.40464373e+14 5.24509581e+14 5.11428658e+14
5.00928203e+14 4.92705039e+14 4.86519899e+14 4.82213967e+14 4.79570669e+14 4.75737885e+14
4.82029867e+14 4.80601084e+14 4.83138129e+14 4.87437390e+14 4.93584817e+14 5.01777451e+14
5.12237327e+14 5.25222585e+14 5.41010960e+14 5.59942252e+14 5.82477831e+14 6.09215158e+14
6.40982385e+14 6.78903556e+14 7.24633678e+14 7.80879707e+14 8.51589251e+14 9.41551622e+14
1.05652845e+15 1.20525117e+15 1.39827705e+15 1.64455904e+15 1.94287649e+15 2.27514915e+15
2.61391297e+15 2.93114272e+15 3.21964795e+15 3.46674378e+15 3.67570317e+15 3.85238466e+15
4.00181027e+15 4.12899774e+15 4.23879294e+15 4.33561933e+15 4.42079358e+15 4.49749867e+15
4.56564367e+15 4.62516916e+15 4.67696973e+15 4.72118542e+15 4.75792201e+15 4.78743643e+15
4.80978611e+15 4.82486153e+15 4.83270312e+15 4.83279265e+15 4.82512760e+15 4.81025752e+15
4.78810581e+15 4.75875716e+15 4.72215608e+15 4.67808629e+15 4.62643642e+15 4.56702973e+15
4.49908942e+15 4.42261083e+15 4.33785039e+15 4.24127081e+15 4.13213554e+15 4.00567413e+15
3.85728277e+15 3.68211972e+15 3.47554462e+15 3.23184503e+15 2.94692845e+15 2.63571508e+15
2.30283922e+15 1.97592133e+15 1.68001876e+15 1.43253894e+15 1.23525014e+15 1.08063621e+15
9.59658114e+14 8.64362076e+14 7.89392412e+14 7.29899386e+14 6.81963988e+14 6.42612340e+14
6.09913229e+14 5.82567850e+14 5.59655379e+14 5.40473295e+14 5.24517882e+14 5.11436478e+14
5.00935653e+14 4.92712206e+14 4.86526859e+14 4.82220786e+14 4.79577405e+14 4.75744553e+14
4.82038726e+14 4.80609935e+14 4.83147060e+14 4.87446477e+14 4.93594125e+14 5.01787065e+14
5.12247338e+14 5.25233109e+14 5.41022134e+14 5.59954250e+14 5.82490867e+14 6.09229505e+14
6.40998377e+14 6.78921630e+14 7.24654259e+14 7.80903352e+14 8.51616425e+14 9.41582830e+14
1.05656371e+15 1.20529008e+15 1.39831816e+15 1.64459754e+15 1.94290693e+15 2.27516212e+15
2.61390141e+15 2.93109834e+15 3.21955858e+15 3.46660485e+15 3.67550806e+15 3.85213454e+15
4.00150811e+15 4.12864899e+15 4.23840486e+15 4.33519931e+15 4.42034679e+15 4.49703201e+15
4.56516328e+15 4.62467951e+15 4.67647524e+15 4.72068947e+15 4.75742666e+15 4.78694482e+15
4.80929809e+15 4.82437781e+15 4.83222151e+15 4.83231082e+15 4.82464324e+15 4.80976829e+15
4.78761259e+15 4.75825994e+15 4.72165753e+15 4.67758847e+15 4.62594260e+15 4.56654429e+15
4.49861694e+15 4.42215724e+15 4.33742208e+15 4.24087505e+15 4.13177963e+15 4.00536518e+15
3.85702617e+15 3.68191850e+15 3.47540009e+15 3.23175003e+15 2.94687979e+15 2.63569970e+15
2.30284986e+15 1.97595055e+15 1.68005793e+15 1.43258169e+15 1.23529038e+15 1.08067224e+15
9.59689391e+14 8.64388859e+14 7.89415350e+14 7.29919106e+14 6.81981112e+14 6.42627387e+14
6.09926656e+14 5.82579997e+14 5.59666518e+14 5.40483645e+14 5.24527612e+14 5.11445723e+14
5.00944521e+14 4.92720786e+14 4.86535227e+14 4.82229010e+14 4.79585542e+14 4.75752596e+14
4.82047613e+14 4.80618789e+14 4.83156000e+14 4.87455555e+14 4.93603412e+14 5.01796629e+14
5.12257269e+14 5.25243504e+14 5.41033119e+14 5.59965977e+14 5.82503528e+14 6.09243337e+14
6.41013681e+14 6.78938802e+14 7.24673712e+14 7.80925638e+14 8.51642105e+14 9.41612555e+14
1.05659785e+15 1.20532885e+15 1.39836105e+15 1.64464132e+15 1.94294724e+15 2.27519065e+15
2.61391108e+15 2.93108089e+15 3.21950297e+15 3.46650591e+15 3.67535898e+15 3.85193530e+15
4.00126017e+15 4.12835644e+15 4.23807334e+15 4.33483494e+15 4.41995416e+15 4.49661726e+15
4.56473206e+15 4.62423599e+15 4.67602379e+15 4.72023353e+15 4.75696863e+15 4.78648780e+15
4.80884260e+15 4.82392503e+15 4.83177004e+15 4.83185915e+15 4.82418988e+15 4.80931171e+15
4.78715411e+15 4.75780015e+15 4.72119928e+15 4.67713411e+15 4.62549543e+15 4.56610869e+15
4.49819713e+15 4.42175874e+15 4.33705062e+15 4.24053706e+15 4.13148083e+15 4.00511127e+15
3.85682118e+15 3.68176399e+15 3.47529611e+15 3.23168937e+15 2.94685834e+15 2.63570579e+15
2.30287602e+15 1.97598948e+15 1.68010195e+15 1.43262567e+15 1.23533008e+15 1.08070689e+15
9.59719034e+14 8.64414112e+14 7.89436970e+14 7.29937768e+14 6.81997420e+14 6.42641832e+14
6.09939655e+14 5.82591850e+14 5.59677467e+14 5.40493882e+14 5.24537287e+14 5.11454956e+14
5.00953408e+14 4.92729411e+14 4.86543657e+14 4.82237306e+14 4.79593758e+14 4.75760710e+14
4.82055650e+14 4.80626787e+14 4.83164055e+14 4.87463735e+14 4.93611764e+14 5.01805221e+14
5.12266167e+14 5.25252796e+14 5.41042905e+14 5.59976385e+14 5.82514714e+14 6.09255499e+14
6.41027068e+14 6.78953751e+14 7.24690585e+14 7.80944935e+14 8.51664380e+14 9.41638486e+14
1.05662795e+15 1.20536365e+15 1.39840064e+15 1.64468361e+15 1.94298878e+15 2.27522442e+15
2.61393052e+15 2.93107829e+15 3.21946881e+15 3.46643493e+15 3.67524464e+15 3.85177672e+15
4.00105772e+15 4.12811293e+15 4.23779299e+15 4.33452262e+15 4.41961377e+15 4.49625404e+15
4.56435103e+15 4.62384087e+15 4.67561875e+15 4.71982186e+15 4.75655287e+15 4.78607092e+15
4.80842559e+15 4.82350941e+15 4.83135506e+15 4.83144401e+15 4.82377374e+15 4.80889374e+15
4.78673594e+15 4.75738279e+15 4.72078561e+15 4.67672655e+15 4.62509721e+15 4.56572392e+15
4.49782964e+15 4.42141340e+15 4.33673235e+15 4.24025123e+15 4.13123197e+15 4.00490364e+15
3.85665758e+15 3.68164488e+15 3.47522066e+15 3.23165076e+15 2.94685212e+15 2.63572194e+15
2.30290748e+15 1.97602953e+15 1.68014408e+15 1.43266582e+15 1.23536545e+15 1.08073725e+15
9.59744773e+14 8.64435956e+14 7.89455656e+14 7.29953937e+14 6.82011610e+14 6.42654467e+14
6.09951088e+14 5.82602330e+14 5.59687194e+14 5.40503014e+14 5.24545947e+14 5.11463244e+14
5.00961404e+14 4.92737183e+14 4.86551265e+14 4.82244800e+14 4.79601183e+14 4.75768043e+14
4.82062321e+14 4.80633412e+14 4.83170738e+14 4.87470512e+14 4.93618682e+14 5.01812325e+14
5.12273515e+14 5.25260452e+14 5.41050950e+14 5.59984914e+14 5.82523851e+14 6.09265395e+14
6.41037918e+14 6.78965821e+14 7.24704170e+14 7.80960449e+14 8.51682320e+14 9.41659466e+14
1.05665251e+15 1.20539242e+15 1.39843400e+15 1.64472024e+15 1.94302606e+15 2.27525661e+15
2.61395192e+15 2.93108214e+15 3.21944718e+15 3.46638291e+15 3.67515627e+15 3.85165063e+15
4.00089357e+15 4.12791234e+15 4.23755903e+15 4.33425900e+15 4.41932366e+15 4.49594177e+15
4.56402089e+15 4.62349605e+15 4.67526304e+15 4.71945833e+15 4.75618395e+15 4.78569940e+15
4.80805275e+15 4.82313692e+15 4.83098270e+15 4.83107150e+15 4.82340081e+15 4.80852007e+15
4.78636331e+15 4.75701248e+15 4.72042034e+15 4.67636874e+15 4.62474981e+15 4.56539069e+15
4.49751384e+15 4.42111922e+15 4.33646384e+15 4.24001271e+15 4.13102688e+15 4.00473500e+15
3.85652720e+15 3.68155243e+15 3.47516479e+15 3.23162531e+15 2.94685277e+15 2.63574040e+15
2.30293749e+15 1.97606528e+15 1.68018024e+15 1.43269929e+15 1.23539441e+15 1.08076181e+15
9.59765451e+14 8.64453443e+14 7.89470605e+14 7.29966892e+14 6.82023014e+14 6.42664662e+14
6.09960354e+14 5.82610857e+14 5.59695138e+14 5.40510496e+14 5.24553062e+14 5.11470067e+14
5.00967999e+14 4.92743602e+14 4.86557554e+14 4.82251001e+14 4.79607329e+14 4.75774110e+14
4.82067452e+14 4.80638508e+14 4.83175864e+14 4.87475710e+14 4.93623980e+14 5.01817761e+14
5.12279128e+14 5.25266291e+14 5.41057070e+14 5.59991386e+14 5.82530763e+14 6.09272855e+14
6.41046068e+14 6.78974861e+14 7.24714319e+14 7.80972032e+14 8.51695738e+14 9.41675232e+14
1.05667110e+15 1.20541444e+15 1.39845991e+15 1.64474925e+15 1.94305622e+15 2.27528342e+15
2.61397068e+15 2.93108724e+15 3.21943230e+15 3.46634373e+15 3.67508768e+15 3.85155093e+15
4.00076203e+15 4.12774979e+15 4.23736753e+15 4.33404128e+15 4.41908218e+15 4.49567996e+15
4.56374227e+15 4.62320325e+15 4.67495937e+15 4.71914648e+15 4.75586616e+15 4.78537816e+15
4.80772945e+15 4.82281325e+15 4.83065881e+15 4.83074748e+15 4.82307677e+15 4.80819608e+15
4.78604113e+15 4.75669352e+15 4.72010706e+15 4.67606334e+15 4.62445493e+15 4.56510958e+15
4.49724921e+15 4.42087449e+15 4.33624223e+15 4.23981755e+15 4.13086066e+15 4.00459975e+15
3.85642395e+15 3.68148038e+15 3.47512236e+15 3.23160722e+15 2.94685512e+15 2.63575663e+15
2.30296232e+15 1.97609395e+15 1.68020859e+15 1.43272497e+15 1.23541632e+15 1.08078019e+15
9.59780821e+14 8.64466389e+14 7.89481657e+14 7.29976479e+14 6.82031474e+14 6.42672252e+14
6.09967279e+14 5.82617255e+14 5.59701118e+14 5.40516144e+14 5.24558446e+14 5.11475240e+14
5.00973007e+14 4.92748483e+14 4.86562340e+14 4.82255722e+14 4.79612011e+14 4.75778733e+14
4.82071070e+14 4.80642090e+14 4.83179479e+14 4.87479368e+14 4.93627710e+14 5.01821581e+14
5.12283069e+14 5.25270381e+14 5.41061348e+14 5.59995897e+14 5.82535567e+14 6.09278022e+14
6.41051695e+14 6.78981083e+14 7.24721290e+14 7.80979986e+14 8.51704979e+14 9.41686153e+14
1.05668407e+15 1.20542998e+15 1.39847845e+15 1.64477033e+15 1.94307840e+15 2.27530338e+15
2.61398474e+15 2.93109099e+15 3.21942093e+15 3.46631370e+15 3.67503487e+15 3.85147352e+15
4.00065915e+15 4.12762174e+15 4.23721563e+15 4.33386742e+15 4.41888818e+15 4.49546842e+15
4.56351594e+15 4.62296422e+15 4.67471035e+15 4.71888972e+15 4.75560362e+15 4.78511192e+15
4.80746086e+15 4.82254389e+15 4.83038903e+15 4.83047760e+15 4.82280711e+15 4.80792693e+15
4.78577414e+15 4.75643003e+15 4.71984916e+15 4.67581296e+15 4.62421428e+15 4.56488132e+15
4.49703549e+15 4.42067799e+15 4.33606539e+15 4.23966281e+15 4.13072976e+15 4.00449393e+15
3.85634371e+15 3.68142472e+15 3.47508970e+15 3.23159329e+15 2.94685664e+15 2.63576860e+15
2.30298058e+15 1.97611480e+15 1.68022890e+15 1.43274307e+15 1.23543156e+15 1.08079282e+15
9.59791297e+14 8.64475162e+14 7.89489126e+14 7.29982955e+14 6.82037201e+14 6.42677406e+14
6.09972000e+14 5.82621633e+14 5.59705226e+14 5.40520036e+14 5.24562166e+14 5.11478822e+14
5.00976480e+14 4.92751873e+14 4.86565669e+14 4.82259008e+14 4.79615271e+14 4.75781950e+14
4.82073383e+14 4.80644375e+14 4.83181771e+14 4.87481694e+14 4.93630072e+14 5.01824001e+14
5.12285557e+14 5.25272959e+14 5.41064036e+14 5.59998723e+14 5.82538563e+14 6.09281233e+14
6.41055177e+14 6.78984926e+14 7.24725590e+14 7.80984904e+14 8.51710722e+14 9.41693003e+14
1.05669229e+15 1.20543996e+15 1.39849053e+15 1.64478424e+15 1.94309317e+15 2.27531667e+15
2.61399386e+15 2.93109274e+15 3.21941185e+15 3.46629107e+15 3.67499558e+15 3.85141599e+15
4.00058251e+15 4.12752602e+15 4.23710157e+15 4.33373628e+15 4.41874121e+15 4.49530746e+15
4.56334303e+15 4.62278089e+15 4.67451868e+15 4.71869146e+15 4.75540035e+15 4.78490527e+15
4.80725200e+15 4.82233413e+15 4.83017879e+15 4.83026728e+15 4.82259713e+15 4.80771764e+15
4.78556692e+15 4.75622603e+15 4.71965006e+15 4.67562029e+15 4.62402976e+15 4.56470699e+15
4.49687295e+15 4.42052919e+15 4.33593209e+15 4.23954670e+15 4.13063195e+15 4.00441512e+15
3.85628408e+15 3.68138328e+15 3.47506511e+15 3.23158228e+15 2.94685667e+15 2.63577613e+15
2.30299252e+15 1.97612846e+15 1.68024210e+15 1.43275465e+15 1.23544116e+15 1.08080065e+15
9.59797709e+14 8.64480476e+14 7.89493620e+14 7.29986841e+14 6.82040639e+14 6.42680511e+14
6.09974857e+14 5.82624297e+14 5.59707738e+14 5.40522426e+14 5.24564458e+14 5.11481036e+14
5.00978631e+14 4.92753976e+14 4.86567735e+14 4.82261049e+14 4.79617297e+14 4.75783953e+14
4.82074646e+14 4.80645603e+14 4.83183012e+14 4.87482944e+14 4.93631347e+14 5.01825300e+14
5.12286893e+14 5.25274337e+14 5.41065468e+14 5.60000220e+14 5.82540144e+14 6.09282917e+14
6.41057000e+14 6.78986935e+14 7.24727845e+14 7.80987502e+14 8.51713797e+14 9.41696733e+14
1.05669685e+15 1.20544559e+15 1.39849745e+15 1.64479234e+15 1.94310181e+15 2.27532439e+15
2.61399891e+15 2.93109300e+15 3.21940510e+15 3.46627549e+15 3.67496904e+15 3.85137734e+15
4.00053108e+15 4.12746169e+15 4.23702473e+15 4.33364766e+15 4.41864161e+15 4.49519807e+15
4.56322516e+15 4.62265557e+15 4.67438734e+15 4.71855529e+15 4.75526045e+15 4.78476278e+15
4.80710778e+15 4.82218916e+15 4.83003341e+15 4.83012185e+15 4.82245200e+15 4.80757315e+15
4.78542406e+15 4.75608565e+15 4.71951332e+15 4.67548827e+15 4.62390365e+15 4.56458820e+15
4.49676251e+15 4.42042841e+15 4.33584207e+15 4.23946850e+15 4.13056624e+15 4.00436225e+15
3.85624404e+15 3.68135531e+15 3.47504820e+15 3.23157425e+15 2.94685578e+15 2.63578008e+15
2.30299930e+15 1.97613632e+15 1.68024964e+15 1.43276115e+15 1.23544644e+15 1.08080486e+15
9.59801080e+14 8.64483210e+14 7.89495894e+14 7.29988785e+14 6.82042354e+14 6.42682062e+14
6.09976293e+14 5.82625647e+14 5.59709021e+14 5.40523656e+14 5.24565645e+14 5.11482187e+14
5.00979755e+14 4.92755078e+14 4.86568821e+14 4.82262124e+14 4.79618365e+14 4.75785010e+14
4.82075148e+14 4.80646075e+14 4.83183476e+14 4.87483416e+14 4.93631820e+14 5.01825784e+14
5.12287384e+14 5.25274842e+14 5.41065986e+14 5.60000757e+14 5.82540706e+14 6.09283516e+14
6.41057648e+14 6.78987664e+14 7.24728680e+14 7.80988497e+14 8.51715015e+14 9.41698266e+14
1.05669878e+15 1.20544803e+15 1.39850052e+15 1.64479599e+15 1.94310571e+15 2.27532784e+15
2.61400104e+15 2.93109276e+15 3.21940139e+15 3.46626737e+15 3.67495543e+15 3.85135763e+15
4.00050489e+15 4.12742893e+15 4.23698555e+15 4.33360241e+15 4.41859066e+15 4.49514200e+15
4.56316466e+15 4.62259113e+15 4.67431969e+15 4.71848506e+15 4.75518821e+15 4.78468913e+15
4.80703317e+15 4.82211410e+15 4.82995811e+15 4.83004653e+15 4.82237686e+15 4.80749839e+15
4.78535020e+15 4.75601316e+15 4.71944280e+15 4.67542029e+15 4.62383882e+15 4.56452722e+15
4.49670593e+15 4.42037686e+15 4.33579611e+15 4.23942864e+15 4.13053278e+15 4.00433533e+15
3.85622363e+15 3.68134097e+15 3.47503941e+15 3.23156988e+15 2.94685494e+15 2.63578165e+15
2.30300226e+15 1.97613980e+15 1.68025298e+15 1.43276398e+15 1.23544868e+15 1.08080659e+15
9.59802414e+14 8.64484246e+14 7.89496721e+14 7.29989469e+14 6.82042944e+14 6.42682593e+14
6.09976786e+14 5.82626117e+14 5.59709476e+14 5.40524099e+14 5.24566079e+14 5.11482613e+14
5.00980175e+14 4.92755493e+14 4.86569232e+14 4.82262532e+14 4.79618772e+14 4.75785415e+14
9.03598786e-06 1.13903505e-05 1.63996274e-05 2.45513075e-05 3.65107644e-05 5.31149188e-05
7.53511511e-05 1.04302334e-04 1.41040655e-04 1.86466615e-04 2.41114179e-04 3.04979003e-04
3.77459957e-04 4.57509406e-04 5.44044818e-04 6.36560483e-04 7.35798288e-04 8.44235375e-04
9.66363772e-04 1.10878882e-03 1.27959808e-03 1.48632450e-03 1.73208401e-03 2.01074951e-03
2.30619941e-03 2.59715780e-03 2.86781502e-03 3.10613859e-03 3.30991729e-03 3.48227571e-03
3.62791413e-03 3.75137258e-03 3.85695436e-03 3.94870277e-03 4.02876107e-03 4.09957782e-03
4.16173599e-03 4.21551728e-03 4.26177041e-03 4.30095437e-03 4.33337930e-03 4.35941804e-03
4.37939632e-03 4.39344792e-03 4.40174245e-03 4.40412404e-03 4.40080255e-03 4.39240758e-03
4.37927398e-03 4.36181264e-03 4.34037904e-03 4.31525568e-03 4.28647182e-03 4.25371138e-03
4.21619366e-03 4.17343377e-03 4.12447638e-03 4.06633548e-03 3.99614278e-03 3.90887820e-03
3.79833288e-03 3.65685621e-03 3.47419707e-03 3.23654239e-03 2.92757987e-03 2.53381580e-03
2.04765414e-03 1.50082956e-03 9.72985261e-04 5.53303224e-04 2.79647251e-04 1.29325527e-04
5.68228324e-05 2.47179093e-05 1.10985787e-05 5.34379931e-06 2.82875176e-06 1.67087751e-06
1.09223251e-06 7.76406915e-07 5.84674758e-07 4.52474681e-07 3.51283791e-07 2.68501252e-07
1.99059233e-07 1.41377589e-07 9.50336948e-08 5.98694985e-08 3.59020225e-08 2.40315765e-08
9.03645339e-06 1.13906016e-05 1.63997427e-05 2.45513385e-05 3.65107540e-05 5.31148822e-05
7.53510888e-05 1.04302242e-04 1.41040524e-04 1.86466430e-04 2.41113923e-04 3.04978659e-04
3.77459504e-04 4.57508828e-04 5.44044096e-04 6.36559600e-04 7.35797231e-04 8.44234137e-04
9.66362372e-04 1.10878729e-03 1.27959649e-03 1.48632296e-03 1.73208260e-03 2.01074828e-03
2.30619835e-03 2.59715691e-03 2.86781430e-03 3.10613803e-03 3.30991689e-03 3.48227543e-03
3.62791393e-03 3.75137242e-03 3.85695424e-03 3.94870269e-03 4.02876100e-03 4.09957777e-03
4.16173595e-03 4.21551725e-03 4.26177040e-03 4.30095436e-03 4.33337930e-03 4.35941804e-03
4.37939633e-03 4.39344793e-03 4.40174246e-03 4.40412405e-03 4.40080257e-03 4.39240760e-03
4.37927399e-03 4.36181266e-03 4.34037905e-03 4.31525569e-03 4.28647183e-03 4.25371138e-03
4.21619365e-03 4.17343375e-03 4.12447635e-03 4.06633540e-03 3.99614267e-03 3.90887803e-03
3.79833261e-03 3.65685580e-03 3.47419645e-03 3.23654152e-03 2.92757871e-03 2.53381434e-03
2.04765248e-03 1.50082786e-03 9.72983800e-04 5.53302208e-04 2.79646686e-04 1.29325261e-04
5.68227212e-05 2.47178668e-05 1.10985616e-05 5.34379193e-06 2.82874829e-06 1.67087564e-06
1.09223135e-06 7.76406090e-07 5.84674067e-07 4.52474034e-07 3.51283142e-07 2.68500567e-07
1.99058476e-07 1.41376684e-07 9.50324928e-08 5.98690455e-08 3.59248549e-08 2.40315765e-08
9.04527408e-06 1.14007468e-05 1.64122501e-05 2.45660926e-05 3.65276178e-05 5.31338213e-05
7.53720616e-05 1.04324993e-04 1.41064509e-04 1.86490731e-04 2.41137241e-04 3.04999376e-04
3.77475831e-04 4.57519025e-04 5.44046766e-04 6.36553940e-04 7.35783209e-04 8.44212477e-04
9.66334465e-04 1.10875482e-03 1.27956127e-03 1.48628695e-03 1.73204703e-03 2.01071393e-03
2.30616539e-03 2.59712556e-03 2.86778450e-03 3.10610971e-03 3.30989003e-03 3.48224964e-03
3.62788907e-03 3.75134866e-03 3.85693157e-03 3.94868105e-03 4.02874020e-03 4.09955788e-03
4.16171699e-03 4.21549914e-03 4.26175311e-03 4.30093782e-03 4.33336346e-03 4.35940281e-03
4.37938165e-03 4.39343378e-03 4.40172884e-03 4.40411101e-03 4.40079017e-03 4.39239596e-03
4.37926321e-03 4.36180279e-03 4.34037004e-03 4.31524738e-03 4.28646406e-03 4.25370378e-03
4.21618554e-03 4.17342436e-03 4.12446487e-03 4.06632055e-03 3.99612356e-03 3.90885373e-03
3.79830202e-03 3.65681783e-03 3.47415019e-03 3.23648519e-03 2.92750868e-03 2.53372534e-03
2.04754290e-03 1.50070622e-03 9.72870203e-04 5.53214964e-04 2.79591312e-04 1.29295187e-04
5.68081847e-05 2.47115021e-05 1.10959338e-05 5.34273818e-06 2.82831431e-06 1.67069095e-06
1.09214870e-06 7.76367404e-07 5.84655046e-07 4.52463360e-07 3.51275788e-07 2.68494305e-07
1.99052198e-07 1.41369502e-07 9.50229037e-08 5.98531203e-08 3.58897480e-08 2.40315765e-08
9.06187618e-06 1.14188049e-05 1.64331221e-05 2.45904281e-05 3.65554749e-05 5.31651452e-05
7.54066890e-05 1.04362406e-04 1.41103630e-04 1.86529786e-04 2.41173763e-04 3.05030330e-04
3.77497874e-04 4.57528921e-04 5.44041886e-04 6.36532693e-04 7.35745363e-04 8.44159199e-04
9.66268396e-04 1.10867930e-03 1.27948024e-03 1.48620517e-03 1.73196750e-03 2.01063859e-03
2.30609454e-03 2.59705975e-03 2.86772355e-03 3.10605338e-03 3.30983826e-03 3.48220123e-03
3.62784343e-03 3.75130549e-03 3.85689074e-03 3.94864250e-03 4.02870327e-03 4.09952275e-03
4.16168366e-03 4.21546741e-03 4.26172292e-03 4.30090902e-03 4.33333601e-03 4.35937648e-03
4.37935635e-03 4.39340941e-03 4.40170541e-03 4.40408860e-03 4.40076890e-03 4.39237603e-03
4.37924473e-03 4.36178589e-03 4.34035453e-03 4.31523307e-03 4.28645065e-03 4.25369057e-03
4.21617133e-03 4.17340775e-03 4.12444454e-03 4.06629381e-03 3.99608891e-03 3.90880939e-03
3.79824543e-03 3.65674660e-03 3.47406192e-03 3.23637620e-03 2.92737214e-03 2.53355209e-03
2.04733132e-03 1.50047335e-03 9.72654616e-04 5.53050944e-04 2.79488334e-04 1.29239837e-04
5.67816776e-05 2.46999873e-05 1.10911928e-05 5.34083472e-06 2.82752696e-06 1.67035197e-06
1.09199325e-06 7.76291104e-07 5.84613956e-07 4.52437042e-07 3.51255149e-07 2.68475274e-07
1.99032743e-07 1.41348184e-07 9.49984801e-08 5.98257025e-08 3.58636922e-08 2.40315765e-08
9.08513745e-06 1.14440136e-05 1.64617809e-05 2.46235275e-05 3.65934093e-05 5.32079030e-05
7.54539186e-05 1.04413171e-04 1.41156107e-04 1.86581076e-04 2.41219891e-04 3.05066459e-04
3.77518726e-04 4.57529397e-04 5.44017805e-04 6.36481409e-04 7.35666251e-04 8.44053831e-04
9.66140938e-04 1.10853533e-03 1.27932670e-03 1.48605124e-03 1.73181909e-03 2.01049968e-03
2.30596582e-03 2.59694245e-03 2.86761736e-03 3.10595786e-03 3.30975304e-03 3.48212370e-03
3.62777210e-03 3.75123879e-03 3.85682830e-03 3.94858430e-03 4.02864774e-03 4.09947023e-03
4.16163415e-03 4.21542046e-03 4.26167846e-03 4.30086678e-03 4.33329596e-03 4.35933818e-03
4.37931967e-03 4.39337412e-03 4.40167154e-03 4.40405624e-03 4.40073823e-03 4.39234734e-03
4.37921815e-03 4.36176157e-03 4.34033212e-03 4.31521233e-03 4.28643112e-03 4.25367120e-03
4.21615023e-03 4.17338285e-03 4.12441397e-03 4.06625292e-03 3.99603546e-03 3.90874046e-03
3.79815619e-03 3.65663250e-03 3.47391815e-03 3.23619610e-03 2.92714488e-03 2.53326432e-03
2.04698288e-03 1.50009353e-03 9.72306441e-04 5.52788881e-04 2.79325733e-04 1.29153432e-04
5.67407195e-05 2.46823429e-05 1.10839512e-05 5.33792297e-06 2.82631705e-06 1.66982500e-06
1.09174576e-06 7.76164254e-07 5.84540556e-07 4.52385996e-07 3.51212783e-07 2.68435819e-07
1.98994071e-07 1.41310199e-07 9.49629791e-08 5.97961492e-08 3.58425941e-08 2.40315765e-08
9.11316846e-06 1.14744150e-05 1.64963024e-05 2.46633432e-05 3.66391138e-05 5.32595208e-05
7.55108531e-05 1.04473932e-04 1.41217939e-04 1.86639706e-04 2.41269542e-04 3.05100172e-04
3.77528966e-04 4.57508910e-04 5.43960593e-04 6.36383527e-04 7.35526487e-04 8.43874043e-04
9.65926927e-04 1.10829531e-03 1.27907135e-03 1.48579539e-03 1.73157288e-03 2.01027036e-03
2.30575528e-03 2.59675325e-03 2.86744932e-03 3.10581041e-03 3.30962472e-03 3.48201004e-03
3.62767020e-03 3.75114466e-03 3.85674116e-03 3.94850419e-03 4.02857174e-03 4.09939880e-03
4.16156731e-03 4.21535741e-03 4.26161909e-03 4.30081062e-03 4.33324306e-03 4.35928780e-03
4.37927159e-03 4.39332795e-03 4.40162731e-03 4.40401405e-03 4.40069831e-03 4.39231010e-03
4.37918362e-03 4.36172997e-03 4.34030283e-03 4.31518516e-03 4.28640533e-03 4.25364537e-03
4.21612165e-03 4.17334875e-03 4.12437197e-03 4.06619576e-03 3.99596009e-03 3.90864252e-03
3.79802738e-03 3.65646526e-03 3.47370417e-03 3.23592442e-03 2.92679996e-03 2.53282879e-03
2.04646006e-03 1.49952956e-03 9.71795039e-04 5.52408437e-04 2.79092532e-04 1.29030961e-04
5.66832729e-05 2.46577960e-05 1.10739122e-05 5.33388020e-06 2.82463060e-06 1.66908352e-06
1.09139074e-06 7.75976495e-07 5.84426956e-07 4.52303952e-07 3.51144173e-07 2.68373977e-07
1.98937905e-07 1.41261478e-07 9.49245113e-08 5.97695267e-08 3.58262189e-08 2.40315765e-08
9.14365499e-06 1.15075400e-05 1.65340512e-05 2.47070437e-05 3.66894405e-05 5.33164397e-05
7.55734477e-05 1.04540049e-04 1.41283744e-04 1.86699376e-04 2.41315295e-04 3.05122699e-04
3.77518260e-04 4.57455369e-04 5.43856220e-04 6.36222896e-04 7.35307591e-04 8.43598841e-04
9.65602708e-04 1.10793302e-03 1.27868562e-03 1.48540732e-03 1.73119807e-03 2.00992079e-03
2.30543565e-03 2.59646864e-03 2.86720033e-03 3.10559646e-03 3.30944227e-03 3.48185245e-03
3.62753248e-03 3.75101897e-03 3.85662621e-03 3.94839994e-03 4.02847356e-03 4.09930716e-03
4.16148230e-03 4.21527770e-03 4.26154452e-03 4.30074047e-03 4.33317747e-03 4.35922565e-03
4.37921253e-03 4.39327136e-03 4.40157322e-03 4.40396256e-03 4.40064968e-03 4.39226484e-03
4.37914162e-03 4.36169147e-03 4.34026692e-03 4.31515170e-03 4.28637324e-03 4.25361281e-03
4.21608499e-03 4.17330453e-03 4.12431716e-03 4.06612004e-03 3.99585944e-03 3.90851084e-03
3.79785140e-03 3.65623340e-03 3.47340350e-03 3.23553848e-03 2.92630775e-03 2.53220952e-03
2.04572323e-03 1.49874354e-03 9.71090526e-04 5.51890729e-04 2.78778993e-04 1.28868217e-04
5.66077167e-05 2.46257538e-05 1.10608580e-05 5.32861730e-06 2.82243042e-06 1.66811148e-06
1.09092061e-06 7.75724790e-07 5.84272814e-07 4.52192896e-07 3.51053837e-07 2.68296918e-07
1.98873254e-07 1.41210553e-07 9.48880349e-08 5.97461328e-08 3.58124733e-08 2.40315765e-08
9.17431548e-06 1.15409188e-05 1.65722650e-05 2.47515288e-05 3.67408822e-05 5.33746492e-05
7.56370990e-05 1.04606242e-04 1.41347482e-04 1.86753209e-04 2.41349349e-04 3.05125240e-04
3.77476731e-04 4.57357758e-04 5.43692476e-04 6.35986021e-04 7.34994594e-04 8.43211483e-04
9.65149314e-04 1.10742689e-03 1.27814502e-03 1.48485928e-03 1.73066453e-03 2.00942023e-03
2.30497786e-03 2.59606297e-03 2.86684937e-03 3.10529950e-03 3.30919332e-03 3.48164219e-03
3.62735335e-03 3.75085723e-03 3.85648006e-03 3.94826912e-03 4.02835144e-03 4.09919404e-03
4.16137833e-03 4.21518094e-03 4.26145472e-03 4.30065651e-03 4.33309953e-03 4.35915224e-03
4.37914315e-03 4.39320505e-03 4.40150998e-03 4.40390249e-03 4.40059307e-03 4.39221228e-03
4.37909279e-03 4.36164658e-03 4.34022471e-03 4.31511215e-03 4.28633477e-03 4.25357311e-03
4.21603939e-03 4.17324894e-03 4.12424780e-03 4.06602308e-03 3.99572973e-03 3.90834035e-03
3.79761983e-03 3.65592421e-03 3.47299809e-03 3.23501402e-03 2.92563707e-03 2.53136954e-03
2.04473290e-03 1.49769944e-03 9.70165975e-04 5.51219757e-04 2.78377352e-04 1.28662074e-04
5.65129486e-05 2.45858377e-05 1.10446624e-05 5.32208717e-06 2.81970267e-06 1.66690886e-06
1.09034068e-06 7.75418457e-07 5.84089833e-07 4.52066343e-07 3.50956390e-07 2.68219037e-07
1.98812292e-07 1.41165602e-07 9.48575276e-08 5.97273353e-08 3.58018704e-08 2.40315765e-08
9.20326862e-06 1.15724880e-05 1.66085507e-05 2.47939745e-05 3.67901111e-05 5.34302450e-05
7.56972596e-05 1.04667269e-04 1.41403204e-04 1.86794566e-04 2.41364442e-04 3.05099994e-04
3.77396146e-04 4.57207511e-04 5.43460535e-04 6.35663838e-04 7.34578033e-04 8.42701742e-04
9.64554987e-04 1.10676281e-03 1.27743194e-03 1.48412909e-03 1.72994578e-03 2.00873945e-03
2.30435291e-03 2.59550983e-03 2.86637444e-03 3.10490169e-03 3.30886439e-03 3.48136976e-03
3.62712696e-03 3.75065440e-03 3.85629891e-03 3.94810884e-03 4.02820338e-03 4.09905805e-03
4.16125454e-03 4.21506671e-03 4.26134966e-03 4.30055893e-03 4.33300969e-03 4.35906821e-03
4.37906419e-03 4.39312979e-03 4.40143840e-03 4.40383465e-03 4.40052926e-03 4.39215317e-03
4.37903774e-03 4.36159573e-03 4.34017645e-03 4.31506657e-03 4.28628961e-03 4.25352559e-03
4.21598361e-03 4.17318035e-03 4.12416150e-03 4.06590160e-03 3.99556657e-03 3.90812581e-03
3.79732348e-03 3.65552397e-03 3.47246887e-03 3.23432622e-03 2.92475696e-03 2.53027345e-03
2.04345294e-03 1.49636632e-03 9.68999988e-04 5.50383971e-04 2.77882624e-04 1.28410782e-04
5.63984985e-05 2.45379267e-05 1.10253085e-05 5.31429473e-06 2.81646353e-06 1.66549622e-06
1.08967153e-06 7.75081281e-07 5.83902321e-07 4.51947889e-07 3.50873301e-07 2.68158162e-07
1.98768148e-07 1.41135139e-07 9.48380203e-08 5.97160333e-08 3.57960769e-08 2.40315765e-08
9.22920922e-06 1.16007968e-05 1.66411650e-05 2.48322148e-05 3.68344393e-05 5.34799496e-05
7.57500205e-05 1.04718587e-04 1.41445775e-04 1.86817850e-04 2.41354711e-04 3.05041094e-04
3.77270916e-04 4.56999586e-04 5.43156107e-04 6.35252911e-04 7.34055212e-04 8.42067255e-04
9.63816714e-04 1.10593578e-03 1.27653765e-03 1.48320246e-03 1.72902163e-03 2.00785358e-03
2.30353435e-03 2.59478388e-03 2.86575323e-03 3.10438468e-03 3.30844136e-03 3.48102503e-03
3.62684587e-03 3.75040479e-03 3.85607840e-03 3.94791557e-03 4.02802704e-03 4.09889759e-03
4.16110985e-03 4.21493444e-03 4.26122922e-03 4.30044785e-03 4.33290825e-03 4.35897405e-03
4.37897627e-03 4.39304628e-03 4.40135921e-03 4.40375977e-03 4.40045892e-03 4.39208812e-03
4.37897693e-03 4.36153914e-03 4.34012215e-03 4.31501472e-03 4.28623713e-03 4.25346910e-03
4.21591605e-03 4.17309645e-03 4.12405507e-03 4.06575155e-03 3.99536486e-03 3.90786227e-03
3.79695265e-03 3.65501846e-03 3.47179665e-03 3.23345083e-03 2.92363895e-03 2.52889048e-03
2.04185410e-03 1.49472183e-03 9.67579149e-04 5.49377630e-04 2.77293209e-04 1.28114252e-04
5.62646120e-05 2.44821941e-05 1.10029016e-05 5.30530372e-06 2.81276223e-06 1.66391545e-06
1.08894573e-06 7.74748762e-07 5.83743007e-07 4.51866142e-07 3.50828064e-07 2.68132255e-07
1.98753658e-07 1.41127952e-07 9.48354527e-08 5.97161815e-08 3.57976407e-08 2.40315765e-08
9.25140921e-06 1.16250219e-05 1.66690739e-05 2.48648832e-05 3.68720627e-05 5.35214507e-05
7.57925396e-05 1.04756854e-04 1.41471465e-04 1.86819138e-04 2.41316354e-04 3.04945250e-04
3.77098701e-04 4.56733023e-04 5.42779931e-04 6.34755835e-04 7.33430583e-04 8.41313799e-04
9.62940548e-04 1.10495034e-03 1.27546321e-03 1.48207460e-03 1.72788059e-03 2.00674491e-03
2.30250087e-03 2.59386287e-03 2.86496496e-03 3.10373074e-03 3.30791015e-03 3.48059774e-03
3.62650064e-03 3.75010203e-03 3.85581358e-03 3.94768499e-03 4.02781959e-03 4.09871073e-03
4.16094285e-03 4.21478327e-03 4.26109290e-03 4.30032316e-03 4.33279528e-03 4.35887008e-03
4.37887982e-03 4.39295503e-03 4.40127292e-03 4.40367833e-03 4.40038250e-03 4.39201741e-03
4.37891050e-03 4.36147665e-03 4.34006144e-03 4.31495586e-03 4.28617617e-03 4.25340192e-03
4.21583452e-03 4.17299422e-03 4.12392426e-03 4.06556801e-03 3.99511839e-03 3.90754122e-03
3.79649735e-03 3.65439362e-03 3.47096342e-03 3.23236630e-03 2.92225965e-03 2.52719803e-03
2.03991776e-03 1.49275519e-03 9.65899906e-04 5.48201691e-04 2.76611234e-04 1.27774175e-04
5.61122767e-05 2.44191109e-05 1.09776688e-05 5.29523241e-06 2.80867551e-06 1.66222568e-06
1.08821564e-06 7.74461876e-07 5.83646085e-07 4.51848553e-07 3.50841380e-07 2.68155784e-07
1.98778100e-07 1.41149413e-07 9.48525034e-08 5.97287859e-08 3.58067015e-08 2.40315765e-08
9.26961457e-06 1.16448640e-05 1.66918632e-05 2.48913639e-05 3.69020802e-05 5.35535085e-05
7.58232329e-05 1.04780208e-04 1.41478280e-04 1.86796565e-04 2.41248004e-04 3.04812080e-04
3.76880634e-04 4.56410966e-04 5.42337589e-04 6.34180821e-04 7.32714909e-04 8.40454255e-04
9.61940497e-04 1.10381975e-03 1.27421905e-03 1.48075073e-03 1.72652127e-03 2.00540472e-03
2.30123855e-03 2.59272977e-03 2.86399225e-03 3.10292412e-03 3.30725755e-03 3.48007828e-03
3.62608030e-03 3.74973902e-03 3.85549902e-03 3.94741210e-03 4.02757777e-03 4.09849513e-03
4.16075167e-03 4.21461193e-03 4.26093984e-03 4.30018438e-03 4.33267049e-03 4.35875623e-03
4.37877489e-03 4.39285617e-03 4.40117971e-03 4.40359048e-03 4.40030005e-03 4.39194093e-03
4.37883815e-03 4.36140757e-03 4.33999345e-03 4.31488863e-03 4.28610495e-03 4.25332165e-03
4.21573609e-03 4.17286979e-03 4.12376352e-03 4.06534516e-03 3.99481992e-03 3.90715173e-03
3.79594814e-03 3.65363658e-03 3.46995389e-03 3.23105609e-03 2.92060342e-03 2.52518449e-03
2.03763830e-03 1.49046853e-03 9.63969556e-04 5.46864192e-04 2.75842607e-04 1.27393951e-04
5.59431737e-05 2.43494168e-05 1.09499386e-05 5.28423816e-06 2.80429367e-06 1.66048881e-06
1.08752860e-06 7.74256961e-07 5.83640336e-07 4.51917381e-07 3.50929623e-07 2.68240035e-07
1.98848684e-07 1.41203757e-07 9.48914487e-08 5.97549649e-08 3.58237696e-08 2.40315765e-08
9.28390718e-06 1.16604006e-05 1.67095803e-05 2.49116334e-05 3.69243554e-05 5.35758513e-05
7.58417205e-05 1.04788254e-04 1.41465993e-04 1.86750357e-04 2.41150749e-04 3.04644033e-04
3.76621086e-04 4.56040239e-04 5.41838774e-04 6.33540655e-04 7.31923962e-04 8.39507112e-04
9.60836890e-04 1.10256456e-03 1.27282402e-03 1.47924563e-03 1.72495230e-03 2.00383442e-03
2.29974277e-03 2.59137458e-03 2.86282324e-03 3.10195249e-03 3.30647206e-03 3.47945659e-03
3.62557604e-03 3.74930860e-03 3.85512906e-03 3.94709255e-03 4.02729795e-03 4.09824804e-03
4.16053400e-03 4.21441871e-03 4.26076869e-03 4.30003059e-03 4.33253322e-03 4.35863202e-03
4.37866111e-03 4.39274944e-03 4.40107932e-03 4.40349593e-03 4.40021118e-03 4.39185809e-03
4.37875906e-03 4.36133083e-03 4.33991671e-03 4.31481106e-03 4.28602102e-03 4.25322517e-03
4.21561706e-03 4.17271850e-03 4.12356561e-03 4.06507643e-03 3.99446144e-03 3.90668067e-03
3.79529611e-03 3.65273669e-03 3.46875719e-03 3.22951090e-03 2.91866453e-03 2.52285177e-03
2.03502625e-03 1.48787882e-03 9.61806788e-04 5.45380168e-04 2.74996810e-04 1.26978546e-04
5.57595967e-05 2.42740817e-05 1.09201134e-05 5.27249350e-06 2.79969862e-06 1.65874988e-06
1.08691346e-06 7.74154421e-07 5.83742078e-07 4.52086685e-07 3.51105148e-07 2.68395592e-07
1.98973945e-07 1.41297302e-07 9.49565024e-08 5.97972227e-08 3.58501917e-08 2.40315765e-08
9.29457707e-06 1.16719454e-05 1.67225735e-05 2.49260755e-05 3.69393093e-05 5.35889589e-05
7.58486012e-05 1.04781835e-04 1.41435895e-04 1.86682557e-04 2.41027781e-04 3.04445943e-04
3.76327062e-04 4.55630527e-04 5.41296248e-04 6.32851423e-04 7.31077183e-04 8.38494801e-04
9.59654492e-04 1.10121095e-03 1.27130437e-03 1.47758341e-03 1.72319278e-03 2.00204785e-03
2.29801984e-03 2.58979761e-03 2.86145342e-03 3.10080843e-03 3.30554494e-03 3.47872413e-03
3.62497968e-03 3.74880400e-03 3.85469811e-03 3.94672178e-03 4.02697626e-03 4.09796626e-03
4.16028708e-03 4.21420143e-03 4.26057764e-03 4.29986038e-03 4.33238230e-03 4.35849645e-03
4.37853764e-03 4.39263407e-03 4.40097099e-03 4.40339386e-03 4.40011494e-03 4.39176778e-03
4.37867182e-03 4.36124473e-03 4.33982912e-03 4.31472056e-03 4.28592123e-03 4.25310863e-03
4.21547312e-03 4.17253524e-03 4.12332527e-03 4.06475516e-03 3.99403526e-03 3.90612081e-03
3.79453265e-03 3.65168655e-03 3.46736848e-03 3.22773067e-03 2.91645065e-03 2.52021705e-03
2.03210824e-03 1.48501797e-03 9.59441217e-04 5.43771185e-04 2.74086604e-04 1.26534299e-04
5.55643464e-05 2.41942367e-05 1.08886243e-05 5.26015224e-06 2.79493554e-06 1.65701221e-06
1.08635991e-06 7.74139594e-07 5.83938833e-07 4.52349633e-07 3.51367946e-07 2.68628600e-07
1.99164065e-07 1.41441534e-07 9.50580287e-08 5.98634066e-08 3.58911932e-08 2.40315765e-08
9.30202529e-06 1.16799407e-05 1.67313605e-05 2.49353167e-05 3.69477168e-05 5.35938131e-05
7.58451607e-05 1.04762692e-04 1.41390406e-04 1.86596561e-04 2.40883857e-04 3.04224364e-04
3.76007379e-04 4.55193344e-04 5.40724548e-04 6.32130975e-04 7.30195840e-04 8.37441875e-04
9.58420819e-04 1.09978894e-03 1.26969146e-03 1.47579507e-03 1.72127082e-03 2.00006940e-03
2.29608719e-03 2.58801059e-03 2.85988697e-03 3.09949067e-03 3.30447098e-03 3.47787234e-03
3.62428337e-03 3.74821947e-03 3.85420105e-03 3.94629554e-03 4.02660876e-03 4.09764643e-03
4.16000810e-03 4.21395755e-03 4.26036440e-03 4.29967184e-03 4.33221601e-03 4.35834798e-03
4.37840309e-03 4.39250873e-03 4.40085340e-03 4.40328290e-03 4.40000984e-03 4.39166827e-03
4.37857443e-03 4.36114694e-03 4.33972796e-03 4.31461387e-03 4.28580178e-03 4.25296761e-03
4.21529944e-03 4.17231458e-03 4.12303723e-03 4.06437492e-03 3.99353437e-03 3.90546490e-03
3.79365332e-03 3.65048322e-03 3.46579029e-03 3.22572593e-03 2.91398313e-03 2.51731032e-03
2.02892544e-03 1.48192948e-03 9.56911225e-04 5.42064161e-04 2.73127267e-04 1.26068585e-04
5.53605900e-05 2.41111161e-05 1.08559007e-05 5.24732930e-06 2.78999453e-06 1.65521712e-06
1.08579437e-06 7.74132228e-07 5.84151993e-07 4.52635573e-07 3.51660471e-07 2.68898249e-07
1.99396202e-07 1.41629742e-07 9.52007989e-08 5.99638470e-08 3.59577119e-08 2.40315765e-08
9.30669914e-06 1.16848824e-05 1.67365344e-05 2.49400998e-05 3.69505345e-05 5.35916705e-05
7.58330756e-05 1.04733091e-04 1.41332608e-04 1.86496558e-04 2.40724611e-04 3.03986758e-04
3.75671709e-04 4.54740931e-04 5.40138806e-04 6.31397523e-04 7.29301412e-04 8.36373215e-04
9.57164171e-04 1.09833009e-03 1.26801977e-03 1.47391719e-03 1.71922361e-03 1.99793239e-03
2.29397285e-03 2.58603565e-03 2.85813730e-03 3.09800519e-03 3.30324949e-03 3.47689256e-03
3.62347988e-03 3.74755133e-03 3.85363366e-03 3.94580998e-03 4.02619167e-03 4.09728516e-03
4.15969407e-03 4.21368423e-03 4.26012634e-03 4.29946265e-03 4.33203214e-03 4.35818456e-03
4.37825555e-03 4.39237160e-03 4.40072474e-03 4.40316114e-03 4.39989383e-03 4.39155728e-03
4.37846426e-03 4.36103451e-03 4.33960994e-03 4.31448722e-03 4.28565841e-03 4.25279753e-03
4.21509090e-03 4.17205108e-03 4.12269625e-03 4.06393008e-03 3.99295329e-03 3.90470586e-03
3.79264723e-03 3.64912816e-03 3.46403337e-03 3.22351831e-03 2.91129672e-03 2.51417880e-03
2.02553266e-03 1.47866825e-03 9.54262798e-04 5.40290061e-04 2.72135904e-04 1.25589504e-04
5.51517286e-05 2.40260093e-05 1.08223632e-05 5.23411036e-06 2.78482738e-06 1.65326148e-06
1.08509248e-06 7.73989096e-07 5.84222556e-07 4.52770913e-07 3.51796891e-07 2.69011457e-07
1.99479090e-07 1.41684360e-07 9.52333171e-08 5.99816929e-08 3.59676275e-08 2.40315765e-08
9.30905313e-06 1.16872756e-05 1.67387043e-05 2.49412003e-05 3.69487815e-05 5.35838938e-05
7.58141864e-05 1.04695524e-04 1.41265868e-04 1.86387056e-04 2.40555997e-04 3.03740843e-04
3.75329853e-04 4.54285453e-04 5.39553814e-04 6.30668643e-04 7.28414427e-04 8.35312563e-04
9.55911880e-04 1.09686573e-03 1.26632472e-03 1.47198903e-03 1.71709249e-03 1.99567663e-03
2.29171600e-03 2.58390540e-03 2.85622716e-03 3.09636585e-03 3.30188595e-03 3.47578099e-03
3.62256614e-03 3.74679789e-03 3.85299288e-03 3.94526200e-03 4.02572177e-03 4.09687923e-03
4.15934192e-03 4.21337848e-03 4.25986064e-03 4.29923010e-03 4.33182806e-03 4.35800370e-03
4.37809261e-03 4.39222039e-03 4.40058268e-03 4.40302621e-03 4.39976439e-03 4.39143198e-03
4.37833821e-03 4.36090400e-03 4.33947135e-03 4.31433639e-03 4.28548649e-03 4.25259354e-03
4.21484238e-03 4.17173973e-03 4.12229767e-03 4.06341639e-03 3.99228955e-03 3.90383780e-03
3.79151211e-03 3.64762948e-03 3.46211725e-03 3.22114011e-03 2.90843859e-03 2.51088200e-03
2.02199443e-03 1.47529837e-03 9.51547316e-04 5.38482467e-04 2.71130715e-04 1.25105548e-04
5.49412906e-05 2.39402554e-05 1.07884606e-05 5.22061169e-06 2.77942754e-06 1.65109919e-06
1.08420548e-06 7.73668853e-07 5.84125613e-07 4.52753108e-07 3.51799924e-07 2.69015569e-07
1.99479473e-07 1.41682241e-07 9.52310624e-08 5.99810064e-08 3.59690493e-08 2.40315765e-08
9.30952650e-06 1.16876082e-05 1.67384600e-05 2.49393730e-05 3.69434572e-05 5.35718297e-05
7.57903179e-05 1.04652462e-04 1.41193506e-04 1.86272460e-04 2.40383756e-04 3.03493956e-04
3.74990977e-04 4.53838123e-04 5.38983009e-04 6.29960220e-04 7.27553460e-04 8.34281537e-04
9.54689269e-04 1.09542569e-03 1.26464144e-03 1.47005154e-03 1.71492375e-03 1.99335250e-03
2.28936362e-03 2.58165923e-03 2.85418774e-03 3.09459447e-03 3.30039371e-03 3.47454684e-03
3.62154574e-03 3.74595700e-03 3.85227706e-03 3.94464956e-03 4.02519665e-03 4.09642594e-03
4.15894875e-03 4.21303737e-03 4.25956438e-03 4.29897119e-03 4.33160084e-03 4.35780256e-03
4.37791153e-03 4.39205242e-03 4.40042452e-03 4.40287530e-03 4.39961860e-03 4.39128918e-03
4.37819275e-03 4.36075158e-03 4.33930800e-03 4.31415697e-03 4.28528129e-03 4.25235072e-03
4.21454917e-03 4.17137615e-03 4.12183789e-03 4.06283154e-03 3.99154563e-03 3.90286423e-03
3.79025070e-03 3.64600256e-03 3.46006972e-03 3.21863260e-03 2.90546363e-03 2.50748826e-03
2.01838648e-03 1.47188960e-03 9.48818804e-04 5.36675927e-04 2.70130170e-04 1.24625245e-04
5.47328215e-05 2.38552283e-05 1.07546991e-05 5.20702228e-06 2.77387095e-06 1.64877241e-06
1.08317312e-06 7.73217907e-07 5.83916768e-07 4.52644737e-07 3.51734014e-07 2.68970768e-07
1.99447799e-07 1.41660902e-07 9.52183837e-08 5.99753006e-08 3.59683799e-08 2.40315765e-08
9.30852996e-06 1.16863351e-05 1.67363496e-05 2.49353188e-05 3.69354900e-05 5.35567282e-05
7.57631623e-05 1.04606186e-04 1.41118565e-04 1.86156766e-04 2.40213038e-04 3.03252579e-04
3.74663068e-04 4.53408562e-04 5.38437775e-04 6.29285649e-04 7.26734208e-04 8.33298881e-04
9.53518767e-04 1.09403717e-03 1.26300315e-03 1.46814491e-03 1.71276482e-03 1.99101368e-03
2.28696744e-03 2.57934223e-03 2.85205690e-03 3.09271987e-03 3.29879314e-03 3.47320564e-03
3.62042729e-03 3.74503055e-03 3.85148669e-03 3.94397222e-03 4.02461508e-03 4.09592337e-03
4.15851201e-03 4.21265821e-03 4.25923478e-03 4.29868296e-03 4.33134744e-03 4.35757810e-03
4.37770923e-03 4.39186471e-03 4.40024730e-03 4.40270536e-03 4.39945315e-03 4.39112532e-03
4.37802417e-03 4.36057328e-03 4.33911568e-03 4.31394461e-03 4.28503840e-03 4.25206478e-03
4.21420727e-03 4.17095709e-03 4.12131475e-03 4.06217481e-03 3.99072077e-03 3.90179475e-03
3.78888316e-03 3.64427190e-03 3.45792639e-03 3.21604438e-03 2.90243290e-03 2.50407049e-03
2.01478694e-03 1.46851218e-03 9.46130755e-04 5.34904222e-04 2.69152186e-04 1.24156853e-04
5.45297799e-05 2.37723163e-05 1.07216395e-05 5.19359479e-06 2.76829146e-06 1.64636867e-06
1.08206630e-06 7.72698960e-07 5.83652074e-07 4.52494018e-07 3.51637999e-07 2.68905815e-07
1.99403372e-07 1.41631922e-07 9.52013817e-08 5.99673137e-08 3.59665997e-08 2.40315765e-08
9.30643874e-06 1.16838716e-05 1.67328737e-05 2.49296781e-05 3.69257275e-05 5.35397301e-05
7.57342582e-05 1.04558760e-04 1.41043778e-04 1.86043534e-04 2.40048381e-04 3.03022383e-04
3.74353050e-04 4.53005065e-04 5.37927914e-04 6.28656376e-04 7.25970108e-04 8.32380227e-04
9.52419249e-04 1.09272363e-03 1.26143935e-03 1.46630581e-03 1.71065929e-03 1.98870770e-03
2.28457705e-03 2.57700248e-03 2.84987726e-03 3.09077682e-03 3.29711128e-03 3.47177739e-03
3.61922339e-03 3.74402424e-03 3.85062498e-03 3.94323154e-03 4.02397735e-03 4.09537081e-03
4.15803025e-03 4.21223904e-03 4.25886944e-03 4.29836269e-03 4.33106494e-03 4.35732729e-03
4.37748255e-03 4.39165416e-03 4.40004793e-03 4.40251321e-03 4.39926470e-03 4.39093673e-03
4.37782872e-03 4.36036523e-03 4.33889042e-03 4.31369534e-03 4.28475402e-03 4.25173227e-03
4.21381388e-03 4.17048080e-03 4.12072800e-03 4.06144803e-03 3.98981952e-03 3.90064290e-03
3.78743265e-03 3.64246836e-03 3.45572857e-03 3.21342832e-03 2.89940954e-03 2.50069862e-03
2.01126699e-03 1.46523138e-03 9.43532953e-04 5.33198671e-04 2.68213328e-04 1.23708019e-04
5.43353968e-05 2.36928504e-05 1.06898489e-05 5.18059839e-06 2.76283259e-06 1.64397438e-06
1.08094729e-06 7.72158965e-07 5.83367120e-07 4.52327140e-07 3.51530241e-07 2.68832798e-07
1.99353626e-07 1.41599551e-07 9.51822990e-08 5.99581095e-08 3.59641331e-08 2.40315765e-08
9.30358642e-06 1.16805855e-05 1.67284725e-05 2.49230085e-05 3.69149005e-05 5.35218063e-05
7.57048984e-05 1.04511891e-04 1.40971369e-04 1.85935604e-04 2.39893338e-04 3.02807695e-04
3.74066083e-04 4.52633690e-04 5.37460451e-04 6.28080571e-04 7.25270815e-04 8.31537396e-04
9.51405518e-04 1.09150415e-03 1.25997495e-03 1.46456631e-03 1.70864657e-03 1.98647940e-03
2.28224101e-03 2.57468866e-03 2.84769384e-03 3.08880384e-03 3.29537930e-03 3.47028602e-03
3.61795041e-03 3.74294675e-03 3.84969804e-03 3.94243145e-03 4.02328560e-03 4.09476899e-03
4.15750318e-03 4.21177874e-03 4.25846666e-03 4.29800816e-03 4.33075078e-03 4.35704737e-03
4.37722851e-03 4.39141783e-03 4.39982342e-03 4.40229577e-03 4.39904999e-03 4.39071991e-03
4.37760293e-03 4.36012392e-03 4.33862877e-03 4.31340589e-03 4.28442518e-03 4.25135092e-03
4.21336766e-03 4.16994736e-03 4.12007973e-03 4.06065596e-03 3.98885072e-03 3.89942568e-03
3.78592517e-03 3.64062659e-03 3.45352064e-03 3.21083861e-03 2.89645573e-03 2.49743925e-03
2.00789290e-03 1.46210615e-03 9.41069737e-04 5.31586951e-04 2.67328176e-04 1.23285482e-04
5.41525394e-05 2.36180291e-05 1.06598460e-05 5.16828015e-06 2.75761834e-06 1.64164496e-06
1.07985993e-06 7.71627666e-07 5.83082176e-07 4.52157553e-07 3.51419537e-07 2.68757300e-07
1.99301981e-07 1.41565794e-07 9.51622349e-08 5.99482266e-08 3.59611907e-08 2.40315765e-08
9.30026271e-06 1.16767960e-05 1.67235267e-05 2.49157895e-05 3.69036309e-05 5.35037734e-05
7.56761524e-05 1.04466966e-04 1.40903105e-04 1.85835178e-04 2.39750581e-04 3.02611686e-04
3.73805838e-04 4.52298603e-04 5.37040113e-04 6.27563665e-04 7.24642768e-04 8.30778426e-04
9.50488267e-04 1.09039326e-03 1.25862983e-03 1.46295307e-03 1.70676071e-03 1.98436931e-03
2.28000444e-03 2.57244745e-03 2.84555125e-03 3.08684080e-03 3.29363083e-03 3.46875832e-03
3.61662822e-03 3.74181003e-03 3.84871526e-03 3.94157851e-03 4.02254407e-03 4.09412033e-03
4.15693186e-03 4.21127733e-03 4.25802562e-03 4.29761792e-03 4.33040298e-03 4.35673605e-03
4.37694465e-03 4.39115304e-03 4.39957107e-03 4.40205026e-03 4.39880607e-03 4.39047193e-03
4.37734384e-03 4.35984649e-03 4.33832811e-03 4.31307398e-03 4.28405030e-03 4.25092002e-03
4.21286895e-03 4.16935888e-03 4.11937450e-03 4.05980631e-03 3.98782639e-03 3.89816298e-03
3.78438895e-03 3.63878304e-03 3.45134719e-03 3.20832700e-03 2.89362867e-03 2.49435224e-03
2.00472277e-03 1.45918694e-03 9.38778453e-04 5.30092135e-04 2.66508816e-04 1.22894827e-04
5.39835904e-05 2.35488498e-05 1.06320497e-05 5.15684076e-06 2.75275380e-06 1.63944832e-06
1.07883606e-06 7.71123825e-07 5.82809272e-07 4.51993183e-07 3.51311238e-07 2.68682964e-07
1.99250905e-07 1.41532273e-07 9.51422014e-08 5.99382374e-08 3.59580514e-08 2.40315765e-08
9.29671268e-06 1.16727731e-05 1.67183580e-05 2.49084245e-05 3.68924379e-05 5.34863033e-05
7.56488852e-05 1.04425080e-04 1.40840342e-04 1.85743891e-04 2.39622025e-04 3.02436523e-04
3.73574705e-04 4.52002401e-04 5.36669730e-04 6.27108839e-04 7.24089793e-04 8.30108322e-04
9.49674550e-04 1.08940121e-03 1.25741869e-03 1.46148672e-03 1.70502931e-03 1.98241173e-03
2.27790683e-03 2.57032087e-03 2.84349132e-03 3.08492675e-03 3.29190032e-03 3.46722294e-03
3.61528042e-03 3.74063487e-03 3.84769007e-03 3.94068201e-03 4.02175911e-03 4.09342903e-03
4.15631909e-03 4.21073622e-03 4.25754665e-03 4.29719148e-03 4.33002039e-03 4.35639172e-03
4.37662910e-03 4.39085770e-03 4.39928869e-03 4.40177439e-03 4.39853061e-03 4.39019052e-03
4.37704924e-03 4.35953096e-03 4.33798680e-03 4.31269860e-03 4.28362918e-03 4.25044058e-03
4.21232017e-03 4.16871973e-03 4.11861940e-03 4.05890953e-03 3.98676018e-03 3.89687672e-03
3.78285352e-03 3.63697409e-03 3.44925060e-03 3.20594063e-03 2.89097812e-03 2.49148799e-03
2.00180410e-03 1.45651400e-03 9.36688356e-04 5.28732088e-04 2.65764570e-04 1.22540348e-04
5.38303778e-05 2.34860790e-05 1.06067872e-05 5.14643128e-06 2.74831878e-06 1.63743943e-06
1.07789712e-06 7.70658869e-07 5.82555215e-07 4.51838706e-07 3.51208631e-07 2.68612111e-07
1.99202012e-07 1.41500069e-07 9.51228701e-08 5.99285135e-08 3.59548857e-08 2.40315765e-08
9.29313733e-06 1.16687386e-05 1.67132308e-05 2.49012438e-05 3.68817421e-05 5.34699318e-05
7.56237683e-05 1.04387055e-04 1.40784057e-04 1.85662858e-04 2.39508881e-04 3.02283461e-04
3.73373914e-04 4.51746252e-04 5.36350406e-04 6.26717239e-04 7.23613355e-04 8.29529300e-04
9.48967945e-04 1.08853381e-03 1.25635080e-03 1.46018153e-03 1.70347276e-03 1.98063341e-03
2.27598046e-03 2.56834468e-03 2.84155120e-03 3.08309783e-03 3.29022125e-03 3.46570975e-03
3.61393223e-03 3.73944273e-03 3.84663835e-03 3.93975358e-03 4.02093916e-03 4.09270123e-03
4.15566915e-03 4.21015819e-03 4.25703135e-03 4.29672953e-03 4.32960284e-03 4.35601369e-03
4.37628079e-03 4.39053043e-03 4.39897477e-03 4.40146660e-03 4.39822202e-03 4.38987425e-03
4.37671791e-03 4.35917646e-03 4.33760450e-03 4.31228014e-03 4.28316331e-03 4.24991557e-03
4.21172585e-03 4.16803653e-03 4.11782398e-03 4.05797869e-03 3.98566826e-03 3.89559025e-03
3.78134846e-03 3.63523412e-03 3.44726877e-03 3.20371977e-03 2.88854464e-03 2.48888574e-03
1.99917247e-03 1.45411637e-03 9.34819923e-04 5.27519032e-04 2.65101705e-04 1.22224902e-04
5.36941109e-05 2.34302290e-05 1.05842905e-05 5.13715140e-06 2.74436164e-06 1.63564338e-06
1.07705528e-06 7.70239606e-07 5.82324260e-07 4.51697009e-07 3.51113755e-07 2.68546184e-07
1.99156304e-07 1.41469838e-07 9.51046360e-08 5.99192613e-08 3.59517753e-08 2.40315765e-08
9.28969473e-06 1.16648670e-05 1.67083527e-05 2.48945043e-05 3.68718645e-05 5.34550550e-05
7.56012788e-05 1.04353443e-04 1.40734847e-04 1.85592676e-04 2.39411677e-04 3.02152862e-04
3.73203566e-04 4.51529911e-04 5.36081522e-04 6.26387922e-04 7.23212392e-04 8.29040528e-04
9.48368341e-04 1.08779243e-03 1.25543012e-03 1.45904528e-03 1.70210388e-03 1.97905284e-03
2.27424920e-03 2.56654697e-03 2.83976171e-03 3.08138527e-03 3.28862421e-03 3.46424719e-03
3.61260871e-03 3.73825513e-03 3.84557725e-03 3.93880656e-03 4.02009444e-03 4.09194479e-03
4.15498822e-03 4.20954756e-03 4.25648266e-03 4.29623388e-03 4.32915141e-03 4.35560231e-03
4.37589958e-03 4.39017077e-03 4.39862865e-03 4.40112618e-03 4.39787966e-03 4.38952269e-03
4.37634970e-03 4.35878337e-03 4.33718224e-03 4.31182058e-03 4.28265587e-03 4.24934957e-03
4.21109236e-03 4.16731789e-03 4.11699991e-03 4.05702945e-03 3.98457383e-03 3.89432795e-03
3.77990156e-03 3.63359360e-03 3.44543353e-03 3.20169616e-03 2.88635814e-03 2.48657244e-03
1.99685069e-03 1.45201148e-03 9.33184717e-04 5.26459500e-04 2.64523422e-04 1.21949902e-04
5.35753737e-05 2.33815481e-05 1.05646688e-05 5.12904974e-06 2.74090472e-06 1.63407178e-06
1.07631671e-06 7.69869863e-07 5.82119117e-07 4.51570166e-07 3.51028187e-07 2.68486374e-07
1.99114654e-07 1.41442191e-07 9.50878943e-08 5.99107084e-08 3.59488308e-08 2.40315765e-08
9.28650293e-06 1.16612890e-05 1.67038789e-05 2.48883959e-05 3.68630366e-05 5.34419469e-05
7.55817220e-05 1.04324554e-04 1.40692985e-04 1.85533505e-04 2.39330360e-04 3.02044347e-04
3.73062827e-04 4.51351981e-04 5.35861048e-04 6.26118238e-04 7.22883728e-04 8.28638537e-04
9.47872418e-04 1.08717447e-03 1.25465555e-03 1.45807951e-03 1.70092799e-03 1.97768003e-03
2.27272804e-03 2.56494735e-03 2.83814627e-03 3.07981496e-03 3.28713543e-03 3.46286073e-03
3.61133331e-03 3.73709272e-03 3.84452412e-03 3.93785525e-03 4.01923634e-03 4.09116885e-03
4.15428360e-03 4.20890998e-03 4.25590478e-03 4.29570762e-03 4.32866840e-03 4.35515903e-03
4.37548638e-03 4.38977924e-03 4.39825066e-03 4.40075340e-03 4.39750393e-03 4.38913651e-03
4.37594572e-03 4.35835338e-03 4.33672251e-03 4.31132339e-03 4.28211167e-03 4.24874891e-03
4.21042773e-03 4.16657386e-03 4.11616035e-03 4.05607849e-03 3.98349761e-03 3.89311259e-03
3.77853729e-03 3.63207777e-03 3.44376963e-03 3.19989206e-03 2.88443722e-03 2.48456248e-03
1.99484881e-03 1.45020536e-03 9.31785663e-04 5.25554551e-04 2.64029997e-04 1.21715389e-04
5.34741624e-05 2.33400402e-05 1.05479288e-05 5.12213112e-06 2.73795011e-06 1.63272708e-06
1.07568334e-06 7.69551171e-07 5.81941004e-07 4.51459146e-07 3.50952751e-07 2.68433354e-07
1.99077583e-07 1.41417503e-07 9.50728929e-08 5.99030004e-08 3.59461253e-08 2.40315765e-08
9.28364319e-06 1.16580946e-05 1.66999156e-05 2.48830457e-05 3.68554059e-05 5.34307662e-05
7.55652469e-05 1.04300488e-04 1.40658455e-04 1.85485126e-04 2.39264394e-04 3.01956921e-04
3.72950111e-04 4.51210151e-04 5.35685867e-04 6.25904217e-04 7.22622579e-04 8.28317892e-04
9.47474258e-04 1.08667387e-03 1.25402155e-03 1.45728007e-03 1.69994337e-03 1.97651681e-03
2.27142311e-03 2.56355653e-03 2.83671999e-03 3.07840558e-03 3.28577553e-03 3.46157161e-03
3.61012670e-03 3.73597452e-03 3.84349631e-03 3.93691420e-03 4.01837670e-03 4.09038341e-03
4.15356346e-03 4.20825219e-03 4.25530313e-03 4.29515501e-03 4.32815723e-03 4.35468646e-03
4.37504321e-03 4.38935746e-03 4.39784217e-03 4.40034959e-03 4.39709634e-03 4.38871757e-03
4.37550832e-03 4.35788955e-03 4.33622917e-03 4.31079351e-03 4.28153692e-03 4.24812138e-03
4.20974140e-03 4.16581618e-03 4.11531924e-03 4.05514261e-03 3.98245888e-03 3.89196412e-03
3.77727561e-03 3.63070539e-03 3.44229325e-03 3.19831969e-03 2.88278910e-03 2.48285818e-03
1.99316489e-03 1.44869346e-03 9.30617703e-04 5.24800232e-04 2.63619033e-04 1.21520155e-04
5.33899356e-05 2.33054866e-05 1.05339855e-05 5.11636256e-06 2.73548447e-06 1.63160374e-06
1.07515316e-06 7.69283039e-07 5.81790003e-07 4.51364235e-07 3.50887789e-07 2.68387442e-07
1.99045354e-07 1.41395971e-07 9.50597666e-08 5.98962203e-08 3.59437049e-08 2.40315765e-08
9.28116393e-06 1.16553373e-05 1.66965247e-05 2.48785234e-05 3.68490424e-05 5.34215661e-05
7.55518573e-05 1.04281147e-04 1.40630983e-04 1.85446982e-04 2.39212808e-04 3.01889054e-04
3.72863168e-04 4.51101316e-04 5.35551898e-04 6.25740741e-04 7.22422753e-04 8.28071328e-04
9.47165619e-04 1.08628171e-03 1.25351878e-03 1.45663783e-03 1.69914202e-03 1.97555752e-03
2.27033226e-03 2.56237663e-03 2.83548965e-03 3.07716805e-03 3.28455866e-03 3.46039601e-03
3.60900592e-03 3.73491773e-03 3.84250965e-03 3.93599748e-03 4.01752804e-03 4.08959904e-03
4.15283690e-03 4.20758181e-03 4.25468407e-03 4.29458137e-03 4.32762237e-03 4.35418826e-03
4.37457315e-03 4.38890808e-03 4.39740560e-03 4.39991718e-03 4.39665951e-03 4.38826887e-03
4.37504105e-03 4.35739625e-03 4.33570737e-03 4.31023705e-03 4.28093895e-03 4.24747568e-03
4.20904359e-03 4.16505689e-03 4.11449029e-03 4.05423720e-03 3.98147402e-03 3.89089859e-03
3.77613111e-03 3.62948828e-03 3.44101203e-03 3.19698152e-03 2.88141045e-03 2.48145081e-03
1.99178634e-03 1.44746194e-03 9.29668867e-04 5.24188267e-04 2.63285837e-04 1.21361918e-04
5.33216931e-05 2.32774791e-05 1.05226767e-05 5.11167875e-06 2.73348060e-06 1.63068986e-06
1.07472107e-06 7.69063604e-07 5.81665298e-07 4.51285133e-07 3.50833238e-07 2.68348667e-07
1.99018021e-07 1.41377650e-07 9.50485606e-08 5.98904024e-08 3.59415947e-08 2.40315765e-08
9.27908519e-06 1.16530388e-05 1.66937287e-05 2.48748471e-05 3.68439476e-05 5.34143074e-05
7.55414340e-05 1.04266271e-04 1.40610081e-04 1.85418249e-04 2.39174300e-04 3.01838811e-04
3.72799275e-04 4.51021812e-04 5.35454418e-04 6.25621915e-04 7.22277107e-04 8.27890379e-04
9.46936695e-04 1.08598687e-03 1.25313496e-03 1.45613973e-03 1.69851082e-03 1.97479010e-03
2.26944597e-03 2.56140190e-03 2.83445410e-03 3.07610578e-03 3.28349233e-03 3.45934448e-03
3.60798357e-03 3.73393589e-03 3.84157735e-03 3.93511788e-03 4.01670229e-03 4.08882630e-03
4.15211328e-03 4.20690697e-03 4.25405468e-03 4.29399285e-03 4.32706921e-03 4.35366909e-03
4.37408031e-03 4.38843483e-03 4.39694442e-03 4.39945961e-03 4.39619713e-03 4.38779452e-03
4.37454859e-03 4.35687889e-03 4.33516326e-03 4.30966108e-03 4.28032587e-03 4.24682101e-03
4.20834469e-03 4.16430768e-03 4.11368618e-03 4.05337548e-03 3.98055603e-03 3.88992756e-03
3.77511261e-03 3.62843130e-03 3.43992550e-03 3.19587112e-03 2.88028859e-03 2.48032229e-03
1.99069167e-03 1.44648939e-03 9.28921566e-04 5.23706882e-04 2.63023866e-04 1.21237535e-04
5.32680653e-05 2.32554577e-05 1.05137783e-05 5.10798849e-06 2.73190013e-06 1.62996844e-06
1.07437983e-06 7.68890736e-07 5.81565508e-07 4.51221062e-07 3.50788643e-07 2.68316758e-07
1.98995423e-07 1.41362448e-07 9.50392302e-08 5.98855330e-08 3.59398005e-08 2.40315765e-08
9.27740346e-06 1.16511941e-05 1.66915175e-05 2.48719924e-05 3.68400658e-05 5.34088742e-05
7.55337550e-05 1.04255466e-04 1.40595095e-04 1.85397889e-04 2.39147317e-04 3.01803969e-04
3.72755378e-04 4.50967603e-04 5.35388270e-04 6.25541349e-04 7.22177890e-04 8.27765821e-04
9.46776633e-04 1.08577676e-03 1.25285572e-03 1.45576974e-03 1.69803269e-03 1.97419759e-03
2.26874878e-03 2.56061995e-03 2.83360521e-03 3.07521531e-03 3.28257773e-03 3.45842200e-03
3.60706753e-03 3.73303878e-03 3.84071007e-03 3.93428633e-03 4.01591009e-03 4.08807510e-03
4.15140170e-03 4.20623596e-03 4.25342245e-03 4.29339619e-03 4.32650386e-03 4.35313441e-03
4.37356967e-03 4.38794235e-03 4.39646302e-03 4.39898129e-03 4.39571390e-03 4.38729955e-03
4.37403650e-03 4.35634375e-03 4.33460377e-03 4.30907317e-03 4.27970621e-03 4.24616671e-03
4.20765467e-03 4.16357928e-03 4.11291790e-03 4.05256806e-03 3.97971422e-03 3.88905790e-03
3.77422319e-03 3.62753247e-03 3.43902589e-03 3.19497445e-03 2.87940324e-03 2.47944716e-03
1.98985258e-03 1.44574862e-03 9.28354027e-04 5.23341723e-04 2.62825216e-04 1.21143233e-04
5.32274148e-05 2.32387528e-05 1.05070221e-05 5.10518248e-06 2.73069692e-06 1.62941849e-06
1.07411906e-06 7.68757772e-07 5.81487852e-07 4.51170605e-07 3.50753177e-07 2.68291199e-07
1.98977231e-07 1.41350163e-07 9.50316628e-08 5.98815616e-08 3.59383131e-08 2.40315765e-08
9.27609665e-06 1.16497771e-05 1.66898541e-05 2.48698998e-05 3.68372947e-05 5.34050894e-05
7.55285213e-05 1.04248244e-04 1.40585251e-04 1.85384736e-04 2.39130159e-04 3.01782148e-04
3.72728268e-04 4.50934508e-04 5.35348171e-04 6.25492516e-04 7.22117188e-04 8.27688160e-04
9.46674149e-04 1.08563802e-03 1.25266539e-03 1.45550990e-03 1.69768773e-03 1.97375929e-03
2.26822064e-03 2.56001313e-03 2.83292923e-03 3.07448740e-03 3.28181016e-03 3.45762822e-03
3.60626102e-03 3.73223228e-03 3.83991550e-03 3.93351160e-03 4.01516047e-03 4.08735420e-03
4.15071065e-03 4.20557686e-03 4.25279496e-03 4.29279847e-03 4.32593289e-03 4.35259030e-03
4.37304690e-03 4.38743596e-03 4.39596657e-03 4.39848741e-03 4.39521522e-03 4.38678977e-03
4.37351107e-03 4.35579773e-03 4.33403636e-03 4.30848150e-03 4.27908861e-03 4.24552195e-03
4.20698324e-03 4.16288122e-03 4.11219439e-03 4.05182265e-03 3.97895414e-03 3.88829192e-03
3.77346072e-03 3.62678417e-03 3.43829952e-03 3.19427163e-03 2.87872853e-03 2.47879474e-03
1.98923617e-03 1.44520874e-03 9.27941808e-04 5.23076813e-04 2.62681127e-04 1.21074832e-04
5.31979346e-05 2.32266270e-05 1.05021128e-05 5.10314016e-06 2.72981974e-06 1.62901680e-06
1.07392793e-06 7.68659455e-07 5.81429595e-07 4.51132205e-07 3.50725867e-07 2.68271353e-07
1.98963024e-07 1.41340528e-07 9.50257026e-08 5.98784144e-08 3.59371133e-08 2.40315765e-08
9.27512902e-06 1.16487463e-05 1.66886825e-05 2.48684850e-05 3.68354996e-05 5.34027348e-05
7.55253817e-05 1.04244051e-04 1.40579710e-04 1.85377551e-04 2.39121062e-04 3.01770922e-04
3.72714717e-04 4.50918365e-04 5.35328884e-04 6.25468969e-04 7.22087169e-04 8.27647960e-04
9.46617919e-04 1.08555713e-03 1.25254792e-03 1.45534141e-03 1.69745461e-03 1.97345223e-03
2.26783850e-03 2.55956013e-03 2.83240842e-03 3.07390799e-03 3.28118003e-03 3.45695805e-03
3.60556290e-03 3.73151847e-03 3.83919821e-03 3.93280018e-03 4.01446052e-03 4.08667108e-03
4.15004777e-03 4.20493726e-03 4.25217960e-03 4.29220681e-03 4.32536315e-03 4.35204326e-03
4.37251823e-03 4.38692161e-03 4.39546088e-03 4.39798381e-03 4.39470712e-03 4.38627153e-03
4.37297904e-03 4.35524798e-03 4.33346866e-03 4.30789420e-03 4.27848144e-03 4.24489523e-03
4.20633885e-03 4.16222128e-03 4.11152228e-03 4.05114396e-03 3.97827767e-03 3.88762764e-03
3.77281853e-03 3.62617426e-03 3.43772838e-03 3.19373880e-03 2.87823510e-03 2.47833141e-03
1.98880715e-03 1.44483705e-03 9.27659277e-04 5.22895481e-04 2.62582482e-04 1.21027991e-04
5.31777524e-05 2.32183165e-05 1.04987465e-05 5.10174164e-06 2.72921597e-06 1.62873927e-06
1.07379517e-06 7.68590314e-07 5.81387819e-07 4.51104149e-07 3.50705618e-07 2.68256487e-07
1.98952308e-07 1.41333222e-07 9.50211613e-08 5.98759994e-08 3.59361741e-08 2.40315765e-08
9.27445581e-06 1.16480493e-05 1.66879328e-05 2.48676454e-05 3.68345229e-05 5.34015639e-05
7.55239537e-05 1.04242306e-04 1.40577606e-04 1.85375081e-04 2.39118275e-04 3.01767912e-04
3.72711599e-04 4.50915172e-04 5.35325416e-04 6.25464584e-04 7.22080406e-04 8.27636254e-04
9.46597122e-04 1.08552098e-03 1.25248763e-03 1.45524564e-03 1.69731178e-03 1.97325266e-03
2.26757768e-03 2.55923694e-03 2.83202071e-03 3.07345924e-03 3.28067401e-03 3.45640263e-03
3.60496837e-03 3.73089594e-03 3.83855943e-03 3.93215500e-03 4.01381512e-03 4.08603188e-03
4.14941962e-03 4.20432397e-03 4.25158320e-03 4.29162814e-03 4.32480152e-03 4.35149996e-03
4.37199011e-03 4.38640569e-03 4.39495224e-03 4.39747680e-03 4.39419605e-03 4.38575149e-03
4.37244736e-03 4.35470171e-03 4.33290821e-03 4.30731901e-03 4.27789240e-03 4.24429402e-03
4.20572846e-03 4.16160542e-03 4.11090586e-03 4.05053390e-03 3.97768355e-03 3.88705971e-03
3.77228657e-03 3.62568740e-03 3.43729169e-03 3.19335031e-03 2.87789218e-03 2.47802270e-03
1.98852991e-03 1.44460089e-03 9.27481011e-04 5.22781281e-04 2.62520334e-04 1.20998464e-04
5.31650338e-05 2.32130694e-05 1.04966185e-05 5.10085785e-06 2.72883186e-06 1.62856175e-06
1.07370955e-06 7.68544881e-07 5.81359574e-07 4.51084678e-07 3.50691285e-07 2.68245824e-07
1.98944553e-07 1.41327901e-07 9.50178334e-08 5.98742142e-08 3.59354633e-08 2.40315765e-08
9.27402775e-06 1.16476290e-05 1.66875296e-05 2.48672723e-05 3.68342002e-05 5.34013253e-05
7.55238547e-05 1.04242436e-04 1.40578101e-04 1.85376137e-04 2.39120148e-04 3.01770911e-04
3.72716032e-04 4.50921281e-04 5.35333240e-04 6.25473843e-04 7.22090222e-04 8.27644987e-04
9.46602005e-04 1.08551773e-03 1.25246998e-03 1.45520498e-03 1.69723853e-03 1.97313733e-03
2.26741357e-03 2.55901912e-03 2.83174334e-03 3.07312158e-03 3.28027642e-03 3.45595038e-03
3.60446969e-03 3.73036039e-03 3.83799779e-03 3.93157691e-03 4.01322713e-03 4.08544096e-03
4.14883142e-03 4.20374289e-03 4.25101216e-03 4.29106902e-03 4.32425469e-03 4.35096708e-03
4.37146911e-03 4.38589471e-03 4.39444716e-03 4.39697297e-03 4.39368875e-03 4.38523652e-03
4.37192304e-03 4.35416606e-03 4.33236222e-03 4.30676307e-03 4.27732836e-03 4.24372460e-03
4.20515749e-03 4.16103767e-03 4.11034720e-03 4.04999192e-03 3.97716788e-03 3.88658027e-03
3.77185240e-03 3.62530622e-03 3.43696707e-03 3.19307891e-03 2.87766883e-03 2.47783495e-03
1.98837024e-03 1.44446919e-03 9.27382933e-04 5.22718679e-04 2.62486240e-04 1.20982245e-04
5.31580511e-05 2.32101770e-05 1.04954406e-05 5.10036567e-06 2.72861629e-06 1.62846131e-06
1.07366042e-06 7.68517935e-07 5.81342009e-07 4.51072072e-07 3.50681733e-07 2.68238584e-07
1.98939223e-07 1.41324212e-07 9.50155079e-08 5.98729527e-08 3.59349462e-08 2.40315765e-08
9.27379466e-06 1.16474269e-05 1.66873955e-05 2.48672549e-05 3.68343672e-05 5.34017721e-05
7.55247163e-05 1.04243899e-04 1.40580414e-04 1.85379619e-04 2.39125184e-04 3.01777926e-04
3.72725452e-04 4.50933459e-04 5.35348378e-04 6.25491903e-04 7.22110772e-04 8.27667089e-04
9.46623973e-04 1.08553682e-03 1.25248195e-03 1.45520354e-03 1.69721593e-03 1.97308467e-03
2.26732297e-03 2.55888324e-03 2.83155398e-03 3.07287503e-03 3.27997049e-03 3.45558804e-03
3.60405702e-03 3.72990534e-03 3.83750975e-03 3.93106485e-03 4.01269760e-03 4.08490103e-03
4.14828712e-03 4.20319890e-03 4.25047208e-03 4.29053547e-03 4.32372887e-03 4.35045108e-03
4.37096184e-03 4.38539525e-03 4.39395228e-03 4.39647897e-03 4.39319192e-03 4.38473347e-03
4.37141294e-03 4.35364783e-03 4.33183736e-03 4.30623277e-03 4.27679519e-03 4.24319203e-03
4.20462984e-03 4.16052033e-03 4.10984647e-03 4.04951550e-03 3.97672489e-03 3.88617978e-03
3.77150233e-03 3.62501274e-03 3.43673220e-03 3.19289820e-03 2.87753590e-03 2.47773701e-03
1.98829685e-03 1.44441369e-03 9.27343231e-04 5.22693630e-04 2.62472574e-04 1.20975722e-04
5.31552467e-05 2.32090009e-05 1.04949555e-05 5.10015924e-06 2.72852399e-06 1.62841738e-06
1.07363814e-06 7.68504720e-07 5.81332498e-07 4.51064721e-07 3.50675890e-07 2.68234023e-07
1.98935804e-07 1.41321815e-07 9.50139798e-08 5.98721107e-08 3.59345873e-08 2.40315765e-08
9.27370877e-06 1.16473876e-05 1.66874578e-05 2.48674903e-05 3.68348721e-05 5.34026789e-05
7.55262050e-05 1.04246209e-04 1.40583856e-04 1.85384572e-04 2.39132089e-04 3.01787259e-04
3.72737679e-04 4.50948986e-04 5.35367487e-04 6.25514722e-04 7.22137170e-04 8.27696642e-04
9.46655793e-04 1.08556933e-03 1.25251246e-03 1.45522761e-03 1.69722744e-03 1.97307562e-03
2.26728509e-03 2.55880792e-03 2.83143185e-03 3.07270045e-03 3.27973948e-03 3.45530170e-03
3.60371950e-03 3.72952290e-03 3.83709024e-03 3.93061623e-03 4.01222607e-03 4.08441337e-03
4.14778938e-03 4.20269583e-03 4.24996770e-03 4.29003285e-03 4.32322988e-03 4.34995813e-03
4.37047471e-03 4.38491380e-03 4.39347416e-03 4.39600144e-03 4.39271217e-03 4.38424899e-03
4.37092363e-03 4.35315339e-03 4.33133971e-03 4.30573369e-03 4.27629772e-03 4.24270012e-03
4.20414802e-03 4.16005418e-03 4.10940232e-03 4.04910068e-03 3.97634761e-03 3.88584795e-03
3.77122257e-03 3.62478960e-03 3.43656640e-03 3.19278457e-03 2.87746755e-03 2.47770155e-03
1.98828247e-03 1.44440988e-03 9.27343037e-04 5.22693995e-04 2.62472744e-04 1.20975772e-04
5.31552754e-05 2.32089904e-05 1.04949416e-05 5.10014752e-06 2.72851591e-06 1.62841218e-06
1.07363436e-06 7.68501080e-07 5.81328720e-07 4.51061189e-07 3.50672785e-07 2.68231464e-07
1.98933824e-07 1.41320397e-07 9.50130592e-08 5.98715909e-08 3.59343527e-08 2.40315765e-08
9.27372695e-06 1.16474607e-05 1.66876506e-05 2.48678856e-05 3.68355802e-05 5.34038482e-05
7.55280339e-05 1.04248957e-04 1.40587848e-04 1.85390202e-04 2.39139803e-04 3.01797529e-04
3.72750964e-04 4.50965690e-04 5.35387924e-04 6.25539102e-04 7.22165565e-04 8.27728965e-04
9.46691711e-04 1.08560808e-03 1.25255251e-03 1.45526596e-03 1.69725937e-03 1.97309415e-03
2.26728217e-03 2.55877463e-03 2.83135852e-03 3.07258045e-03 3.27956776e-03 3.45507790e-03
3.60344609e-03 3.72920458e-03 3.83673324e-03 3.93022735e-03 4.01181088e-03 4.08397813e-03
4.14733983e-03 4.20223658e-03 4.24950292e-03 4.28956586e-03 4.32276301e-03 4.34949401e-03
4.37001381e-03 4.38445664e-03 4.39301923e-03 4.39554684e-03 4.39225596e-03 4.38378947e-03
4.37046129e-03 4.35268858e-03 4.33087465e-03 4.30527058e-03 4.27583986e-03 4.24225163e-03
4.20371339e-03 4.15963886e-03 4.10901230e-03 4.04874273e-03 3.97602861e-03 3.88557456e-03
3.77100006e-03 3.62462106e-03 3.43645146e-03 3.19271778e-03 2.87744198e-03 2.47770578e-03
1.98830454e-03 1.44443758e-03 9.27366815e-04 5.22709782e-04 2.62481327e-04 1.20979825e-04
5.31570300e-05 2.32096919e-05 1.04952163e-05 5.10025550e-06 2.72855982e-06 1.62843099e-06
1.07364213e-06 7.68503552e-07 5.81328721e-07 4.51060250e-07 3.50671582e-07 2.68230317e-07
1.98932870e-07 1.41319683e-07 9.50125781e-08 5.98713066e-08 3.59342116e-08 2.40315765e-08
9.27381251e-06 1.16476040e-05 1.66879192e-05 2.48683647e-05 3.68363818e-05 5.34051213e-05
7.55299743e-05 1.04251817e-04 1.40591940e-04 1.85395897e-04 2.39147515e-04 3.01807689e-04
3.72763989e-04 4.50981951e-04 5.35407722e-04 6.25562685e-04 7.22193105e-04 8.27760590e-04
9.46727435e-04 1.08564769e-03 1.25259525e-03 1.45530991e-03 1.69730096e-03 1.97312748e-03
2.26729987e-03 2.55876810e-03 2.83131851e-03 3.07250005e-03 3.27944144e-03 3.45490428e-03
3.60322632e-03 3.72894190e-03 3.83643238e-03 3.92989387e-03 4.01144959e-03 4.08359455e-03
4.14693923e-03 4.20182322e-03 4.24908091e-03 4.28913857e-03 4.32233302e-03 4.34906406e-03
4.36958490e-03 4.38402980e-03 4.39259365e-03 4.39512138e-03 4.39182945e-03 4.38336091e-03
4.37003164e-03 4.35225869e-03 4.33044694e-03 4.30484745e-03 4.27542465e-03 4.24184843e-03
4.20332642e-03 4.15927320e-03 4.10867337e-03 4.04843645e-03 3.97576059e-03 3.88535013e-03
3.77082319e-03 3.62449359e-03 3.43637224e-03 3.19268137e-03 2.87744183e-03 2.47773177e-03
1.98834545e-03 1.44448106e-03 9.27402480e-04 5.22733219e-04 2.62494099e-04 1.20985878e-04
5.31596474e-05 2.32107515e-05 1.04956369e-05 5.10042454e-06 2.72863050e-06 1.62846230e-06
1.07365603e-06 7.68509404e-07 5.81330943e-07 4.51060917e-07 3.50671603e-07 2.68230103e-07
1.98932604e-07 1.41319447e-07 9.50123991e-08 5.98711868e-08 3.59341387e-08 2.40315765e-08
9.27393592e-06 1.16477835e-05 1.66882195e-05 2.48688670e-05 3.68371914e-05 5.34063760e-05
7.55318535e-05 1.04254548e-04 1.40595803e-04 1.85401217e-04 2.39154651e-04 3.01817011e-04
3.72775850e-04 4.50996665e-04 5.35425558e-04 6.25583882e-04 7.22217885e-04 8.27789181e-04
9.46760047e-04 1.08568444e-03 1.25263587e-03 1.45535323e-03 1.69734435e-03 1.97316611e-03
2.26732728e-03 2.55877651e-03 2.83129954e-03 3.07244705e-03 3.27934888e-03 3.45477017e-03
3.60305080e-03 3.72872700e-03 3.83618147e-03 3.92961132e-03 4.01113939e-03 4.08326138e-03
4.14658772e-03 4.20145719e-03 4.24870424e-03 4.28875450e-03 4.32194421e-03 4.34867321e-03
4.36919339e-03 4.38363898e-03 4.39220330e-03 4.39473101e-03 4.39143850e-03 4.38296897e-03
4.36964000e-03 4.35186853e-03 4.33006074e-03 4.30446766e-03 4.27505450e-03 4.24149176e-03
4.20298706e-03 4.15895565e-03 4.10838231e-03 4.04817686e-03 3.97553691e-03 3.88516644e-03
3.77068228e-03 3.62439628e-03 3.43631688e-03 3.19266283e-03 2.87745418e-03 2.47776635e-03
1.98839236e-03 1.44452889e-03 9.27441262e-04 5.22758659e-04 2.62507990e-04 1.20992473e-04
5.31624998e-05 2.32119114e-05 1.04960996e-05 5.10061177e-06 2.72870947e-06 1.62849763e-06
1.07367203e-06 7.68516573e-07 5.81334180e-07 4.51062405e-07 3.50672296e-07 2.68230422e-07
1.98932743e-07 1.41319495e-07 9.50124027e-08 5.98711683e-08 3.59341095e-08 2.40315765e-08
9.27407521e-06 1.16479740e-05 1.66885200e-05 2.48693500e-05 3.68379495e-05 5.34075293e-05
7.55335559e-05 1.04256992e-04 1.40599223e-04 1.85405881e-04 2.39160853e-04 3.01825049e-04
3.72786006e-04 4.51009189e-04 5.35440671e-04 6.25601795e-04 7.22238817e-04 8.27813394e-04
9.46787829e-04 1.08571606e-03 1.25267137e-03 1.45539193e-03 1.69738434e-03 1.97320355e-03
2.26735675e-03 2.55879132e-03 2.83129248e-03 3.07241210e-03 3.27928088e-03 3.45466684e-03
3.60291163e-03 3.72855297e-03 3.83597489e-03 3.92937548e-03 4.01087744e-03 4.08297717e-03
4.14628515e-03 4.20113956e-03 4.24837504e-03 4.28841675e-03 4.32160044e-03 4.34832599e-03
4.36884428e-03 4.38328955e-03 4.39185376e-03 4.39438133e-03 4.39108861e-03 4.38261892e-03
4.36929125e-03 4.35152247e-03 4.32971974e-03 4.30413410e-03 4.27473135e-03 4.24118248e-03
4.20269498e-03 4.15868461e-03 4.10813618e-03 4.04795964e-03 3.97535202e-03 3.88501682e-03
3.77056974e-03 3.62432091e-03 3.43627679e-03 3.19265338e-03 2.87747020e-03 2.47780074e-03
1.98843680e-03 1.44457358e-03 9.27477385e-04 5.22782376e-04 2.62520967e-04 1.20998646e-04
5.31651704e-05 2.32130001e-05 1.04965349e-05 5.10078855e-06 2.72878434e-06 1.62853125e-06
1.07368738e-06 7.68523638e-07 5.81337581e-07 4.51064146e-07 3.50673253e-07 2.68230975e-07
1.98933070e-07 1.41319682e-07 9.50124978e-08 5.98712022e-08 3.59341046e-08 2.40315765e-08
9.27421581e-06 1.16481590e-05 1.66888000e-05 2.48697860e-05 3.68386188e-05 5.34085303e-05
7.55350132e-05 1.04259060e-04 1.40602085e-04 1.85409746e-04 2.39165946e-04 3.01831594e-04
3.72794214e-04 4.51019249e-04 5.35452751e-04 6.25616066e-04 7.22255474e-04 8.27832683e-04
9.46810049e-04 1.08574152e-03 1.25270024e-03 1.45542385e-03 1.69741795e-03 1.97323591e-03
2.26738350e-03 2.55880698e-03 2.83129111e-03 3.07238858e-03 3.27923066e-03 3.45458760e-03
3.60280246e-03 3.72841420e-03 3.83580792e-03 3.92918268e-03 4.01066122e-03 4.08274055e-03
4.14603130e-03 4.20087122e-03 4.24809522e-03 4.28812809e-03 4.32130526e-03 4.34802662e-03
4.36854233e-03 4.38298660e-03 4.39155030e-03 4.39407767e-03 4.39078502e-03 4.38231574e-03
4.36898998e-03 4.35122453e-03 4.32942733e-03 4.30384936e-03 4.27445691e-03 4.24092133e-03
4.20244987e-03 4.15845869e-03 4.10793254e-03 4.04778135e-03 3.97520161e-03 3.88489627e-03
3.77048014e-03 3.62426185e-03 3.43624634e-03 3.19264754e-03 2.87748468e-03 2.47782990e-03
1.98847399e-03 1.44461090e-03 9.27507599e-04 5.22802260e-04 2.62531872e-04 1.21003842e-04
5.31674204e-05 2.32139190e-05 1.04969029e-05 5.10093833e-06 2.72884792e-06 1.62855988e-06
1.07370052e-06 7.68529773e-07 5.81340637e-07 4.51065794e-07 3.50674220e-07 2.68231575e-07
1.98933449e-07 1.41319914e-07 9.50126259e-08 5.98712575e-08 3.59341120e-08 2.40315765e-08
9.27435107e-06 1.16483313e-05 1.66890505e-05 2.48701642e-05 3.68391855e-05 5.34093617e-05
7.55362039e-05 1.04260725e-04 1.40604359e-04 1.85412781e-04 2.39169900e-04 3.01836626e-04
3.72800469e-04 4.51026858e-04 5.35461833e-04 6.25626753e-04 7.22267921e-04 8.27847099e-04
9.46826693e-04 1.08576068e-03 1.25272213e-03 1.45544828e-03 1.69744398e-03 1.97326135e-03
2.26740504e-03 2.55882035e-03 2.83129169e-03 3.07237222e-03 3.27919362e-03 3.45452769e-03
3.60271867e-03 3.72830642e-03 3.83567693e-03 3.92903010e-03 4.01048878e-03 4.08255052e-03
4.14582615e-03 4.20065311e-03 4.24786661e-03 4.28789120e-03 4.32106207e-03 4.34777912e-03
4.36829202e-03 4.38273496e-03 4.39129796e-03 4.39382510e-03 4.39053268e-03 4.38206413e-03
4.36874049e-03 4.35097852e-03 4.32918667e-03 4.30361591e-03 4.27423285e-03 4.24070910e-03
4.20225167e-03 4.15827698e-03 4.10776965e-03 4.04763957e-03 3.97508267e-03 3.88480145e-03
3.77040996e-03 3.62421568e-03 3.43622240e-03 3.19264257e-03 2.87749524e-03 2.47785173e-03
1.98850207e-03 1.44463922e-03 9.27530628e-04 5.22817469e-04 2.62540237e-04 1.21007835e-04
5.31691511e-05 2.32146270e-05 1.04971868e-05 5.10105411e-06 2.72889719e-06 1.62858213e-06
1.07371078e-06 7.68534640e-07 5.81343134e-07 4.51067198e-07 3.50675084e-07 2.68232135e-07
1.98933818e-07 1.41320148e-07 9.50127609e-08 5.98713211e-08 3.59341276e-08 2.40315765e-08
9.27448502e-06 1.16484950e-05 1.66892766e-05 2.48704904e-05 3.68396572e-05 5.34100338e-05
7.55371435e-05 1.04262011e-04 1.40606082e-04 1.85415039e-04 2.39172794e-04 3.01840254e-04
3.72804921e-04 4.51032215e-04 5.35468175e-04 6.25634171e-04 7.22276534e-04 8.27857068e-04
9.46838222e-04 1.08577400e-03 1.25273742e-03 1.45546547e-03 1.69746244e-03 1.97327956e-03
2.26742060e-03 2.55883017e-03 2.83129238e-03 3.07236067e-03 3.27916695e-03 3.45448411e-03
3.60265720e-03 3.72822677e-03 3.83557946e-03 3.92891584e-03 4.01035891e-03 4.08240664e-03
4.14567007e-03 4.20048641e-03 4.24769119e-03 4.28770877e-03 4.32087420e-03 4.34758740e-03
4.36809771e-03 4.38253931e-03 4.39110158e-03 4.39362853e-03 4.39033639e-03 4.38186864e-03
4.36854700e-03 4.35078816e-03 4.32900093e-03 4.30343626e-03 4.27406100e-03 4.24054692e-03
4.20210078e-03 4.15813917e-03 4.10764661e-03 4.04753286e-03 3.97499344e-03 3.88473045e-03
3.77035737e-03 3.62418082e-03 3.43620380e-03 3.19263773e-03 2.87750160e-03 2.47786623e-03
1.98852117e-03 1.44465870e-03 9.27546576e-04 5.22828046e-04 2.62546071e-04 1.21010626e-04
5.31703621e-05 2.32151232e-05 1.04973862e-05 5.10113569e-06 2.72893205e-06 1.62859797e-06
1.07371816e-06 7.68538210e-07 5.81345027e-07 4.51068303e-07 3.50675789e-07 2.68232607e-07
1.98934136e-07 1.41320354e-07 9.50128827e-08 5.98713814e-08 3.59341464e-08 2.40315765e-08
9.27464703e-06 1.16486819e-05 1.66895141e-05 2.48708067e-05 3.68400838e-05 5.34106069e-05
7.55379037e-05 1.04263004e-04 1.40607357e-04 1.85416648e-04 2.39174786e-04 3.01842675e-04
3.72807814e-04 4.51035625e-04 5.35472148e-04 6.25638773e-04 7.22281847e-04 8.27863208e-04
9.46845331e-04 1.08578225e-03 1.25274693e-03 1.45547621e-03 1.69747403e-03 1.97329104e-03
2.26743043e-03 2.55883632e-03 2.83129265e-03 3.07235297e-03 3.27914932e-03 3.45445526e-03
3.60261639e-03 3.72817369e-03 3.83551423e-03 3.92883905e-03 4.01027128e-03 4.08230921e-03
4.14556400e-03 4.20037276e-03 4.24757125e-03 4.28758370e-03 4.32074513e-03 4.34745541e-03
4.36796372e-03 4.38240425e-03 4.39096593e-03 4.39349271e-03 4.39020083e-03 4.38173376e-03
4.36841366e-03 4.35065720e-03 4.32887340e-03 4.30331318e-03 4.27394354e-03 4.24043635e-03
4.20199817e-03 4.15804572e-03 4.10756338e-03 4.04746083e-03 3.97493329e-03 3.88468258e-03
3.77032180e-03 3.62415698e-03 3.43619064e-03 3.19263354e-03 2.87750467e-03 2.47787461e-03
1.98853258e-03 1.44467051e-03 9.27556316e-04 5.22834534e-04 2.62549660e-04 1.21012346e-04
5.31711098e-05 2.32154307e-05 1.04975105e-05 5.10118705e-06 2.72895436e-06 1.62860835e-06
1.07372321e-06 7.68540819e-07 5.81346529e-07 4.51069252e-07 3.50676432e-07 2.68233054e-07
1.98934443e-07 1.41320556e-07 9.50130056e-08 5.98714463e-08 3.59341726e-08 2.40315765e-08
9.27494711e-06 1.16490075e-05 1.66898883e-05 2.48712503e-05 3.68406158e-05 5.34112444e-05
7.55386619e-05 1.04263895e-04 1.40608388e-04 1.85417822e-04 2.39176103e-04 3.01844137e-04
3.72809429e-04 4.51037410e-04 5.35474134e-04 6.25641004e-04 7.22284383e-04 8.27866118e-04
9.46848699e-04 1.08578616e-03 1.25275146e-03 1.45548136e-03 1.69747960e-03 1.97329656e-03
2.26743516e-03 2.55883923e-03 2.83129265e-03 3.07234900e-03 3.27914038e-03 3.45444068e-03
3.60259575e-03 3.72814679e-03 3.83548110e-03 3.92879996e-03 4.01022658e-03 4.08225939e-03
4.14550965e-03 4.20031442e-03 4.24750956e-03 4.28751928e-03 4.32067854e-03 4.34738725e-03
4.36789446e-03 4.38233437e-03 4.39089573e-03 4.39342242e-03 4.39013068e-03 4.38166400e-03
4.36834475e-03 4.35058959e-03 4.32880763e-03 4.30324980e-03 4.27388314e-03 4.24037958e-03
4.20194558e-03 4.15799789e-03 4.10752084e-03 4.04742406e-03 3.97490260e-03 3.88465814e-03
3.77030357e-03 3.62414465e-03 3.43618365e-03 3.19263101e-03 2.87750575e-03 2.47787832e-03
1.98853783e-03 1.44467601e-03 9.27560883e-04 5.22837587e-04 2.62551352e-04 1.21013159e-04
5.31714645e-05 2.32155778e-05 1.04975711e-05 5.10121305e-06 2.72896644e-06 1.62861461e-06
1.07372680e-06 7.68543148e-07 5.81348220e-07 4.51070557e-07 3.50677457e-07 2.68233847e-07
1.98935032e-07 1.41320966e-07 9.50132646e-08 5.98715858e-08 3.59342280e-08 2.40315765e-08
6.12427418e+03 7.41835581e+03 9.88839329e+03 1.32572471e+04 1.71658298e+04 2.12577371e+04
2.52390600e+04 2.89028784e+04 3.21262937e+04 3.48540773e+04 3.70795543e+04 3.88281299e+04
4.01449101e+04 4.10861777e+04 4.17139593e+04 4.20914125e+04 4.22811548e+04 4.23427254e+04
4.23316837e+04 4.22974319e+04 4.22801729e+04 4.23071410e+04 4.23896052e+04 4.25231028e+04
4.26923628e+04 4.28785524e+04 4.30653261e+04 4.32407191e+04 4.33972324e+04 4.35318775e+04
4.36439265e+04 4.37324822e+04 4.37986951e+04 4.38475812e+04 4.38809658e+04 4.39013579e+04
4.39115397e+04 4.39142286e+04 4.39119888e+04 4.39072093e+04 4.39020649e+04 4.38985496e+04
4.38985663e+04 4.39040508e+04 4.39171733e+04 4.39405016e+04 4.39762469e+04 4.40266717e+04
4.40952516e+04 4.41863159e+04 4.43055558e+04 4.44587395e+04 4.46490504e+04 4.48780478e+04
4.51464382e+04 4.54534397e+04 4.57966220e+04 4.61760539e+04 4.65880075e+04 4.70308007e+04
4.75013314e+04 4.79970888e+04 4.85124599e+04 4.90379283e+04 4.95670735e+04 5.01017590e+04
5.06511295e+04 5.12434952e+04 5.19423613e+04 5.28338600e+04 5.40399263e+04 5.57693300e+04
5.84714080e+04 6.29009547e+04 7.00141177e+04 8.05346881e+04 9.36444980e+04 1.06977996e+05
1.15696473e+05 1.16990738e+05 1.11410718e+05 1.00399785e+05 8.59188124e+04 6.97886034e+04
5.37043726e+04 3.90506183e+04 2.66609542e+04 1.69707890e+04 1.02522073e+04 6.69166825e+03
6.12427132e+03 7.41831656e+03 9.88831140e+03 1.32571708e+04 1.71657654e+04 2.12576802e+04
2.52390084e+04 2.89028338e+04 3.21262584e+04 3.48540526e+04 3.70795398e+04 3.88281238e+04
4.01449103e+04 4.10861820e+04 4.17139660e+04 4.20914201e+04 4.22811623e+04 4.23427321e+04
4.23316892e+04 4.22974360e+04 4.22801756e+04 4.23071427e+04 4.23896061e+04 4.25231032e+04
4.26923629e+04 4.28785524e+04 4.30653261e+04 4.32407191e+04 4.33972324e+04 4.35318776e+04
4.36439266e+04 4.37324823e+04 4.37986953e+04 4.38475814e+04 4.38809661e+04 4.39013582e+04
4.39115400e+04 4.39142290e+04 4.39119891e+04 4.39072097e+04 4.39020652e+04 4.38985500e+04
4.38985667e+04 4.39040512e+04 4.39171737e+04 4.39405021e+04 4.39762474e+04 4.40266722e+04
4.40952521e+04 4.41863165e+04 4.43055564e+04 4.44587401e+04 4.46490511e+04 4.48780485e+04
4.51464390e+04 4.54534405e+04 4.57966228e+04 4.61760547e+04 4.65880084e+04 4.70308016e+04
4.75013323e+04 4.79970895e+04 4.85124604e+04 4.90379284e+04 4.95670731e+04 5.01017586e+04
5.06511299e+04 5.12434976e+04 5.19423674e+04 5.28338712e+04 5.40399441e+04 5.57693558e+04
5.84714437e+04 6.29010054e+04 7.00141763e+04 8.05347511e+04 9.36445589e+04 1.06978044e+05
1.15696499e+05 1.16990748e+05 1.11410719e+05 1.00399788e+05 8.59188265e+04 6.97886345e+04
5.37044265e+04 3.90506925e+04 2.66608939e+04 1.69689211e+04 1.02423350e+04 6.69132929e+03
6.12407827e+03 7.41735776e+03 9.88592774e+03 1.32532364e+04 1.71608948e+04 2.12527661e+04
2.52347672e+04 2.88995754e+04 3.21239444e+04 3.48524484e+04 3.70783705e+04 3.88271657e+04
4.01440183e+04 4.10852815e+04 4.17130328e+04 4.20904603e+04 4.22802015e+04 4.23418027e+04
4.23308214e+04 4.22966520e+04 4.22794862e+04 4.23065466e+04 4.23890926e+04 4.25226567e+04
4.26919671e+04 4.28781939e+04 4.30649946e+04 4.32404086e+04 4.33969376e+04 4.35315955e+04
4.36436563e+04 4.37322272e+04 4.37984539e+04 4.38473525e+04 4.38807494e+04 4.39011535e+04
4.39113466e+04 4.39140462e+04 4.39118159e+04 4.39070450e+04 4.39019082e+04 4.38983996e+04
4.38984222e+04 4.39039123e+04 4.39170402e+04 4.39403742e+04 4.39761257e+04 4.40265577e+04
4.40951458e+04 4.41862189e+04 4.43054674e+04 4.44586578e+04 4.46489740e+04 4.48779724e+04
4.51463571e+04 4.54533438e+04 4.57965006e+04 4.61758940e+04 4.65877958e+04 4.70305220e+04
4.75009689e+04 4.79966221e+04 4.85118689e+04 4.90371799e+04 4.95661069e+04 5.01004607e+04
5.06493386e+04 5.12409894e+04 5.19389088e+04 5.28292625e+04 5.40341476e+04 5.57625373e+04
5.84640154e+04 6.28939635e+04 7.00086126e+04 8.05317246e+04 9.36440088e+04 1.06979223e+05
1.15697853e+05 1.16991459e+05 1.11411041e+05 1.00399952e+05 8.59189981e+04 6.97889107e+04
5.37048676e+04 3.90513337e+04 2.66617017e+04 1.69697532e+04 1.02431758e+04 6.68985014e+03
6.12373919e+03 7.41564518e+03 9.88184171e+03 1.32466061e+04 1.71525693e+04 2.12441806e+04
2.52271753e+04 2.88936096e+04 3.21196280e+04 3.48494354e+04 3.70762074e+04 3.88254589e+04
4.01424968e+04 4.10837928e+04 4.17115137e+04 4.20889051e+04 4.22786416e+04 4.23402850e+04
4.23293933e+04 4.22953503e+04 4.22783302e+04 4.23055374e+04 4.23882160e+04 4.25218892e+04
4.26912837e+04 4.28775735e+04 4.30644205e+04 4.32398711e+04 4.33964279e+04 4.35311085e+04
4.36431904e+04 4.37317876e+04 4.37980383e+04 4.38469592e+04 4.38803776e+04 4.39008026e+04
4.39110157e+04 4.39137338e+04 4.39115204e+04 4.39067645e+04 4.39016409e+04 4.38981441e+04
4.38981772e+04 4.39036770e+04 4.39168145e+04 4.39401584e+04 4.39759210e+04 4.40263657e+04
4.40949684e+04 4.41860570e+04 4.43053206e+04 4.44585232e+04 4.46488491e+04 4.48778498e+04
4.51462251e+04 4.54531867e+04 4.57962994e+04 4.61756267e+04 4.65874387e+04 4.70300489e+04
4.75003502e+04 4.79958215e+04 4.85108504e+04 4.90358844e+04 4.95644289e+04 5.00982070e+04
5.06462407e+04 5.12366751e+04 5.19329950e+04 5.28214232e+04 5.40243355e+04 5.57510574e+04
5.84516034e+04 6.28823993e+04 6.99996988e+04 8.05272348e+04 9.36437526e+04 1.06981776e+05
1.15700432e+05 1.16992728e+05 1.11411563e+05 1.00400240e+05 8.59194237e+04 6.97896856e+04
5.37060865e+04 3.90529234e+04 2.66632253e+04 1.69702788e+04 1.02421465e+04 6.68859407e+03
6.12325930e+03 7.41321645e+03 9.87603467e+03 1.32372172e+04 1.71406961e+04 2.12317049e+04
2.52158747e+04 2.88845106e+04 3.21129110e+04 3.48447088e+04 3.70728618e+04 3.88229215e+04
4.01403446e+04 4.10817662e+04 4.17094858e+04 4.20868387e+04 4.22765606e+04 4.23382425e+04
4.23274495e+04 4.22935558e+04 4.22767155e+04 4.23041097e+04 4.23869619e+04 4.25207817e+04
4.26902919e+04 4.28766702e+04 4.30635840e+04 4.32390884e+04 4.33956866e+04 4.35304016e+04
4.36425154e+04 4.37311511e+04 4.37974374e+04 4.38463914e+04 4.38798419e+04 4.39002980e+04
4.39105407e+04 4.39132862e+04 4.39110977e+04 4.39063641e+04 4.39012602e+04 4.38977808e+04
4.38978295e+04 4.39033438e+04 4.39164956e+04 4.39398544e+04 4.39756335e+04 4.40260973e+04
4.40947218e+04 4.41858337e+04 4.43051203e+04 4.44583419e+04 4.46486828e+04 4.48776879e+04
4.51460503e+04 4.54529761e+04 4.57960254e+04 4.61752568e+04 4.65869383e+04 4.70293793e+04
4.74994674e+04 4.79946706e+04 4.85093763e+04 4.90339977e+04 4.95619753e+04 5.00949123e+04
5.06417334e+04 5.12304400e+04 5.19245105e+04 5.28102511e+04 5.40104397e+04 5.57349159e+04
5.84343204e+04 6.28666376e+04 6.99879495e+04 8.05219505e+04 9.36445182e+04 1.06986317e+05
1.15704523e+05 1.16994578e+05 1.11412196e+05 1.00400568e+05 8.59200669e+04 6.97909082e+04
5.37078199e+04 3.90547396e+04 2.66644635e+04 1.69705388e+04 1.02417522e+04 6.68791186e+03
6.12266900e+03 7.41023210e+03 9.86885210e+03 1.32255128e+04 1.71257221e+04 2.12156736e+04
2.52009993e+04 2.88722273e+04 3.21036481e+04 3.48381256e+04 3.70682553e+04 3.88195600e+04
4.01376446e+04 4.10793389e+04 4.17071156e+04 4.20844357e+04 4.22741241e+04 4.23358197e+04
4.23251064e+04 4.22913549e+04 4.22747003e+04 4.23022986e+04 4.23853485e+04 4.25193414e+04
4.26889926e+04 4.28754824e+04 4.30624825e+04 4.32380583e+04 4.33947127e+04 4.35294746e+04
4.36416325e+04 4.37303193e+04 4.37966533e+04 4.38456522e+04 4.38791460e+04 4.38996440e+04
4.39099264e+04 4.39127087e+04 4.39105537e+04 4.39058499e+04 4.39007725e+04 4.38973166e+04
4.38973864e+04 4.39029203e+04 4.39160914e+04 4.39394705e+04 4.39752720e+04 4.40257618e+04
4.40944159e+04 4.41855597e+04 4.43048780e+04 4.44581263e+04 4.46484887e+04 4.48775010e+04
4.51458478e+04 4.54527277e+04 4.57956946e+04 4.61748007e+04 4.65863107e+04 4.70285284e+04
4.74983336e+04 4.79931794e+04 4.85074503e+04 4.90315153e+04 4.95587326e+04 5.00905598e+04
5.06358111e+04 5.12223118e+04 5.19135456e+04 5.27959287e+04 5.39927633e+04 5.57145706e+04
5.84127941e+04 6.28474973e+04 6.99743126e+04 8.05168145e+04 9.36471474e+04 1.06993450e+05
1.15710315e+05 1.16996908e+05 1.11412685e+05 1.00400583e+05 8.59204248e+04 6.97918044e+04
5.37089621e+04 3.90556162e+04 2.66647510e+04 1.69703597e+04 1.02414517e+04 6.68800617e+03
6.12201532e+03 7.40693213e+03 9.86086041e+03 1.32123310e+04 1.71085857e+04 2.11969506e+04
2.51832019e+04 2.88571559e+04 3.20920327e+04 3.48297758e+04 3.70624624e+04 3.88154845e+04
4.01345573e+04 4.10767142e+04 4.17046313e+04 4.20819296e+04 4.22715534e+04 4.23332128e+04
4.23225272e+04 4.22888748e+04 4.22723772e+04 4.23001673e+04 4.23834167e+04 4.25175941e+04
4.26874023e+04 4.28740214e+04 4.30611253e+04 4.32367895e+04 4.33935149e+04 4.35283373e+04
4.36405521e+04 4.37293025e+04 4.37956967e+04 4.38447528e+04 4.38783016e+04 4.38988525e+04
4.39091849e+04 4.39120137e+04 4.39099008e+04 4.39052348e+04 4.39001909e+04 4.38967646e+04
4.38968612e+04 4.39024201e+04 4.39156158e+04 4.39390207e+04 4.39748509e+04 4.40253739e+04
4.40940660e+04 4.41852506e+04 4.43046101e+04 4.44578939e+04 4.46482850e+04 4.48773083e+04
4.51456379e+04 4.54524630e+04 4.57953296e+04 4.61742823e+04 4.65855812e+04 4.70275227e+04
4.74969763e+04 4.79913747e+04 4.85050975e+04 4.90284589e+04 4.95547224e+04 5.00851816e+04
5.06285380e+04 5.12124183e+04 5.19003302e+04 5.27788281e+04 5.39718515e+04 5.56907809e+04
5.83879695e+04 6.28260689e+04 6.99599587e+04 8.05128870e+04 9.36525060e+04 1.07003734e+05
1.15717892e+05 1.16999492e+05 1.11412560e+05 1.00399572e+05 8.59195281e+04 6.97912451e+04
5.37085310e+04 3.90551058e+04 2.66641801e+04 1.69698990e+04 1.02412026e+04 6.68873962e+03
6.12134881e+03 7.40357205e+03 9.85267947e+03 1.31986736e+04 1.70905265e+04 2.11768033e+04
2.51635917e+04 2.88401400e+04 3.20786388e+04 3.48200342e+04 3.70557507e+04 3.88109283e+04
4.01313221e+04 4.10741489e+04 4.17023015e+04 4.20795884e+04 4.22691019e+04 4.23306484e+04
4.23199038e+04 4.22862690e+04 4.22698629e+04 4.22977999e+04 4.23812251e+04 4.25155800e+04
4.26855497e+04 4.28723089e+04 4.30595305e+04 4.32352986e+04 4.33921098e+04 4.35270062e+04
4.36392910e+04 4.37281177e+04 4.37945846e+04 4.38437102e+04 4.38773259e+04 4.38979408e+04
4.39083338e+04 4.39112186e+04 4.39091566e+04 4.39045363e+04 4.38995328e+04 4.38961426e+04
4.38962717e+04 4.39018609e+04 4.39150866e+04 4.39385231e+04 4.39743885e+04 4.40249520e+04
4.40936906e+04 4.41849256e+04 4.43043361e+04 4.44576651e+04 4.46480930e+04 4.48771320e+04
4.51454440e+04 4.54522069e+04 4.57949572e+04 4.61737308e+04 4.65847815e+04 4.70263966e+04
4.74954324e+04 4.79892958e+04 4.85023585e+04 4.90248721e+04 4.95499967e+04 5.00788529e+04
5.06200376e+04 5.12009688e+04 5.18852026e+04 5.27594605e+04 5.39484177e+04 5.56644894e+04
5.83609829e+04 6.28035793e+04 6.99461475e+04 8.05112569e+04 9.36614502e+04 1.07017679e+05
1.15727197e+05 1.17001998e+05 1.11411194e+05 1.00396649e+05 8.59163604e+04 6.97883584e+04
5.37060419e+04 3.90531011e+04 2.66627444e+04 1.69690517e+04 1.02408457e+04 6.68941035e+03
6.12071354e+03 7.40037311e+03 9.84485747e+03 1.31854794e+04 1.70728083e+04 2.11566504e+04
2.51435430e+04 2.88223536e+04 3.20643702e+04 3.48095529e+04 3.70485898e+04 3.88062553e+04
4.01282541e+04 4.10719407e+04 4.17004166e+04 4.20776929e+04 4.22670326e+04 4.23283634e+04
4.23174401e+04 4.22837054e+04 4.22672887e+04 4.22952953e+04 4.23788457e+04 4.25133511e+04
4.26834730e+04 4.28703750e+04 4.30577235e+04 4.32336084e+04 4.33905191e+04 4.35255029e+04
4.36378709e+04 4.37267860e+04 4.37933380e+04 4.38425455e+04 4.38762400e+04 4.38969300e+04
4.39073937e+04 4.39103441e+04 4.39083416e+04 4.39037746e+04 4.38988186e+04 4.38954707e+04
4.38956381e+04 4.39012631e+04 4.39145242e+04 4.39379980e+04 4.39739050e+04 4.40245165e+04
4.40933103e+04 4.41846053e+04 4.43040774e+04 4.44574620e+04 4.46479354e+04 4.48769958e+04
4.51452909e+04 4.54519858e+04 4.57946060e+04 4.61731777e+04 4.65839466e+04 4.70251888e+04
4.74937448e+04 4.79869905e+04 4.84992865e+04 4.90208166e+04 4.95446347e+04 5.00716882e+04
5.06104864e+04 5.11882411e+04 5.18685844e+04 5.27384347e+04 5.39232813e+04 5.56367159e+04
5.83330538e+04 6.27812894e+04 6.99341318e+04 8.05129900e+04 9.36748243e+04 1.07035742e+05
1.15737826e+05 1.17004035e+05 1.11407975e+05 1.00391047e+05 8.59101958e+04 6.97826434e+04
5.37012370e+04 3.90494557e+04 2.66602889e+04 1.69676485e+04 1.02402325e+04 6.68935468e+03
6.12014159e+03 7.39749548e+03 9.83779942e+03 1.31734784e+04 1.70564911e+04 2.11377918e+04
2.51244379e+04 2.88050935e+04 3.20503207e+04 3.47991818e+04 3.70416122e+04 3.88019399e+04
4.01257299e+04 4.10704119e+04 4.16992691e+04 4.20765153e+04 4.22655976e+04 4.23265862e+04
4.23153362e+04 4.22813526e+04 4.22647917e+04 4.22927602e+04 4.23763593e+04 4.25109680e+04
4.26812184e+04 4.28682561e+04 4.30557348e+04 4.32317463e+04 4.33887684e+04 4.35238522e+04
4.36363157e+04 4.37253312e+04 4.37919804e+04 4.38412820e+04 4.38750668e+04 4.38958428e+04
4.39063873e+04 4.39094124e+04 4.39074779e+04 4.39029718e+04 4.38980700e+04 4.38947706e+04
4.38949818e+04 4.39006479e+04 4.39139499e+04 4.39374667e+04 4.39734216e+04 4.40240886e+04
4.40929461e+04 4.41843108e+04 4.43038549e+04 4.44573062e+04 4.46478345e+04 4.48769226e+04
4.51452027e+04 4.54518256e+04 4.57943044e+04 4.61726544e+04 4.65831119e+04 4.70239396e+04
4.74919596e+04 4.79845121e+04 4.84959445e+04 4.90163706e+04 4.95387411e+04 5.00638381e+04
5.06001073e+04 5.11745676e+04 5.18509568e+04 5.27164181e+04 5.38973107e+04 5.56085077e+04
5.83053942e+04 6.27604111e+04 6.99250824e+04 8.05190840e+04 9.36934517e+04 1.07058321e+05
1.15748484e+05 1.17005200e+05 1.11402464e+05 1.00382303e+05 8.59006619e+04 6.97738501e+04
5.36939152e+04 3.90439449e+04 2.66565658e+04 1.69654683e+04 1.02391988e+04 6.68781355e+03
6.11965206e+03 7.39503378e+03 9.83175075e+03 1.31631402e+04 1.70423150e+04 2.11212239e+04
2.51074405e+04 2.87895569e+04 3.20375889e+04 3.47898375e+04 3.70355312e+04 3.87985188e+04
4.01241574e+04 4.10698875e+04 4.16991343e+04 4.20763005e+04 4.22650200e+04 4.23255196e+04
4.23137740e+04 4.22793689e+04 4.22625049e+04 4.22903027e+04 4.23738506e+04 4.25084960e+04
4.26788366e+04 4.28659929e+04 4.30535986e+04 4.32297421e+04 4.33868852e+04 4.35220804e+04
4.36346510e+04 4.37237778e+04 4.37905358e+04 4.38399433e+04 4.38738297e+04 4.38947022e+04
4.39053372e+04 4.39084458e+04 4.39065873e+04 4.39021494e+04 4.38973084e+04 4.38940633e+04
4.38943239e+04 4.39000364e+04 4.39133843e+04 4.39369497e+04 4.39729587e+04 4.40236882e+04
4.40926178e+04 4.41840617e+04 4.43036884e+04 4.44572176e+04 4.46478104e+04 4.48769329e+04
4.51452012e+04 4.54517497e+04 4.57940783e+04 4.61721905e+04 4.65823112e+04 4.70226884e+04
4.74901234e+04 4.79819173e+04 4.84924030e+04 4.90116262e+04 4.95324422e+04 5.00554833e+04
5.05891601e+04 5.11603197e+04 5.18328336e+04 5.26940958e+04 5.38713692e+04 5.55808733e+04
5.82791291e+04 6.27420324e+04 6.99200164e+04 8.05303977e+04 9.37180908e+04 1.07086147e+05
1.15760519e+05 1.17005607e+05 1.11394530e+05 1.00370307e+05 8.58877770e+04 6.97621203e+04
5.36842811e+04 3.90367785e+04 2.66517514e+04 1.69626242e+04 1.02377857e+04 6.68476937e+03
6.11925288e+03 7.39302674e+03 9.82681775e+03 1.31546924e+04 1.70306891e+04 2.11075709e+04
2.50933689e+04 2.87766748e+04 3.20271084e+04 3.47823582e+04 3.70310343e+04 3.87965214e+04
4.01239324e+04 4.10706672e+04 4.17002498e+04 4.20772492e+04 4.22654785e+04 4.23253279e+04
4.23129044e+04 4.22778914e+04 4.22605489e+04 4.22880248e+04 4.23714032e+04 4.25060019e+04
4.26763808e+04 4.28636283e+04 4.30513507e+04 4.32276270e+04 4.33848977e+04 4.35202139e+04
4.36329016e+04 4.37221497e+04 4.37890275e+04 4.38385522e+04 4.38725511e+04 4.38935300e+04
4.39042648e+04 4.39074654e+04 4.39056905e+04 4.39013277e+04 4.38965538e+04 4.38933687e+04
4.38936839e+04 4.38994476e+04 4.39128463e+04 4.39364655e+04 4.39725345e+04 4.40233332e+04
4.40923426e+04 4.41838749e+04 4.43035945e+04 4.44572130e+04 4.46478796e+04 4.48770439e+04
4.51453038e+04 4.54517773e+04 4.57939494e+04 4.61718110e+04 4.65815747e+04 4.70214719e+04
4.74882817e+04 4.79792643e+04 4.84887387e+04 4.90066871e+04 4.95258828e+04 5.00468282e+04
5.05779292e+04 5.11458905e+04 5.18147331e+04 5.26721310e+04 5.38462649e+04 5.55547228e+04
5.82552287e+04 6.27270458e+04 6.99197074e+04 8.05475290e+04 9.37492478e+04 1.07119753e+05
1.15774496e+05 1.17005401e+05 1.11384178e+05 1.00355090e+05 8.58716656e+04 6.97476542e+04
5.36725553e+04 3.90281423e+04 2.66459672e+04 1.69591731e+04 1.02360043e+04 6.68009932e+03
6.11894382e+03 7.39147229e+03 9.82300307e+03 1.31481739e+04 1.70217430e+04 2.10971081e+04
2.50826670e+04 2.87670325e+04 3.20195352e+04 3.47773858e+04 3.70286822e+04 3.87963943e+04
4.01253886e+04 4.10729932e+04 4.17027952e+04 4.20795042e+04 4.22670968e+04 4.23261260e+04
4.23128387e+04 4.22770269e+04 4.22590238e+04 4.22860164e+04 4.23690943e+04 4.25035499e+04
4.26739035e+04 4.28612055e+04 4.30490272e+04 4.32254319e+04 4.33828333e+04 4.35182779e+04
4.36310909e+04 4.37204691e+04 4.37874770e+04 4.38371294e+04 4.38712508e+04 4.38923458e+04
4.39031890e+04 4.39064895e+04 4.39048054e+04 4.39005243e+04 4.38958233e+04 4.38927035e+04
4.38930781e+04 4.38988977e+04 4.39123519e+04 4.39360297e+04 4.39721641e+04 4.40230382e+04
4.40921345e+04 4.41837637e+04 4.43035858e+04 4.44573044e+04 4.46480541e+04 4.48772671e+04
4.51455230e+04 4.54519221e+04 4.57939337e+04 4.61715359e+04 4.65809274e+04 4.70203226e+04
4.74864775e+04 4.79766117e+04 4.84850319e+04 4.90016657e+04 4.95192201e+04 5.00380911e+04
5.05667106e+04 5.11316777e+04 5.17971505e+04 5.26511251e+04 5.38227040e+04 5.55308167e+04
5.82344531e+04 6.27160811e+04 6.99245816e+04 8.05706411e+04 9.37868891e+04 1.07159062e+05
1.15790431e+05 1.17004529e+05 1.11371273e+05 1.00336440e+05 8.58520653e+04 6.97302042e+04
5.36585577e+04 3.90179375e+04 2.66391705e+04 1.69550918e+04 1.02338270e+04 6.67352764e+03
6.11871932e+03 7.39034205e+03 9.82024133e+03 1.31434937e+04 1.70154007e+04 2.10898304e+04
2.50754464e+04 2.87608696e+04 3.20152076e+04 3.47753003e+04 3.70288366e+04 3.87984388e+04
4.01287511e+04 4.10770209e+04 4.17068742e+04 4.20831384e+04 4.22699353e+04 4.23279737e+04
4.23136415e+04 4.22768460e+04 4.22580031e+04 4.22843497e+04 4.23669905e+04 4.25011983e+04
4.26714542e+04 4.28587659e+04 4.30466628e+04 4.32231865e+04 4.33807180e+04 4.35162959e+04
4.36292403e+04 4.37187557e+04 4.37859027e+04 4.38356925e+04 4.38699460e+04 4.38911659e+04
4.39021256e+04 4.39055334e+04 4.39039469e+04 4.38997533e+04 4.38951306e+04 4.38920811e+04
4.38925196e+04 4.38983993e+04 4.39119131e+04 4.39356539e+04 4.39718584e+04 4.40228132e+04
4.40920028e+04 4.41837365e+04 4.43036699e+04 4.44574987e+04 4.46483399e+04 4.48776083e+04
4.51458648e+04 4.54521913e+04 4.57940410e+04 4.61713787e+04 4.65803886e+04 4.70192683e+04
4.74847505e+04 4.79740171e+04 4.84813654e+04 4.89966793e+04 4.95126170e+04 5.00294934e+04
5.05557957e+04 5.11180752e+04 5.17805322e+04 5.26315816e+04 5.38012568e+04 5.55097296e+04
5.82173117e+04 6.27094484e+04 6.99346168e+04 8.05992762e+04 9.38301233e+04 1.07202995e+05
1.15807727e+05 1.17002617e+05 1.11355426e+05 1.00313665e+05 8.58278459e+04 6.97083180e+04
5.36407887e+04 3.90048962e+04 2.66304623e+04 1.69498343e+04 1.02309525e+04 6.66383371e+03
6.11857077e+03 7.38959259e+03 9.81842729e+03 1.31404806e+04 1.70114505e+04 2.10855330e+04
2.50715600e+04 2.87581303e+04 3.20141636e+04 3.47762072e+04 3.70316294e+04 3.88027755e+04
4.01341060e+04 4.10827962e+04 4.17125010e+04 4.20881487e+04 4.22739877e+04 4.23308728e+04
4.23153288e+04 4.22773798e+04 4.22575300e+04 4.22830752e+04 4.23651436e+04 4.24989963e+04
4.26690770e+04 4.28563476e+04 4.30442903e+04 4.32209184e+04 4.33785757e+04 4.35142888e+04
4.36273681e+04 4.37170260e+04 4.37843201e+04 4.38342560e+04 4.38686500e+04 4.38900028e+04
4.39010865e+04 4.39046083e+04 4.39031253e+04 4.38990249e+04 4.38944854e+04 4.38915106e+04
4.38920171e+04 4.38979606e+04 4.39115376e+04 4.39353451e+04 4.39716237e+04 4.40226638e+04
4.40919519e+04 4.41837966e+04 4.43038488e+04 4.44577968e+04 4.46487369e+04 4.48780667e+04
4.51463285e+04 4.54525853e+04 4.57942741e+04 4.61713462e+04 4.65799717e+04 4.70183317e+04
4.74831371e+04 4.79715364e+04 4.84778219e+04 4.89918455e+04 4.95062346e+04 5.00212475e+04
5.05454510e+04 5.11053972e+04 5.17652499e+04 5.26139232e+04 5.37823426e+04 5.54918342e+04
5.82040485e+04 6.27071150e+04 6.99492989e+04 8.06322620e+04 9.38770084e+04 1.07249187e+05
1.15825051e+05 1.16999161e+05 1.11336850e+05 1.00287158e+05 8.57988822e+04 6.96808478e+04
5.36170357e+04 3.89861963e+04 2.66171210e+04 1.69413911e+04 1.02262689e+04 6.64766015e+03
6.11848805e+03 7.38917296e+03 9.81743522e+03 1.31389198e+04 1.70096002e+04 2.10838826e+04
2.50706806e+04 2.87585352e+04 3.20161943e+04 3.47799669e+04 3.70369707e+04 3.88093382e+04
4.01413893e+04 4.10902472e+04 4.17195954e+04 4.20944541e+04 4.22791821e+04 4.23347686e+04
4.23178682e+04 4.22786191e+04 4.22576160e+04 4.22822191e+04 4.23635889e+04 4.24969821e+04
4.26668092e+04 4.28539847e+04 4.30419391e+04 4.32186530e+04 4.33764277e+04 4.35122745e+04
4.36254900e+04 4.37152937e+04 4.37827414e+04 4.38328305e+04 4.38673725e+04 4.38888654e+04
4.39000796e+04 4.39037214e+04 4.39023474e+04 4.38983450e+04 4.38938930e+04 4.38909967e+04
4.38915747e+04 4.38975853e+04 4.39112285e+04 4.39351058e+04 4.39714618e+04 4.40225905e+04
4.40919812e+04 4.41839420e+04 4.43041190e+04 4.44581934e+04 4.46492385e+04 4.48786350e+04
4.51469067e+04 4.54530979e+04 4.57946290e+04 4.61714390e+04 4.65796840e+04 4.70175305e+04
4.74816697e+04 4.79692224e+04 4.84744809e+04 4.89872773e+04 4.95002240e+04 5.00135454e+04
5.05359048e+04 5.10938763e+04 5.17515839e+04 5.25984464e+04 5.37662198e+04 5.54773029e+04
5.81946548e+04 6.27087401e+04 6.99677065e+04 8.06678916e+04 9.39248804e+04 1.07294423e+05
1.15840660e+05 1.16994187e+05 1.11318400e+05 1.00263381e+05 8.57754945e+04 6.96612272e+04
5.36022685e+04 3.89761827e+04 2.66109748e+04 1.69380203e+04 1.02246795e+04 6.64503124e+03
6.11846044e+03 7.38902950e+03 9.81713151e+03 1.31385769e+04 1.70095176e+04 2.10844737e+04
2.50723694e+04 2.87616547e+04 3.20209118e+04 3.47862484e+04 3.70445854e+04 3.88178951e+04
4.01503984e+04 4.10991896e+04 4.17279876e+04 4.21019009e+04 4.22853858e+04 4.23395549e+04
4.23211831e+04 4.22805170e+04 4.22582412e+04 4.22817835e+04 4.23623436e+04 4.24951816e+04
4.26646797e+04 4.28517059e+04 4.30396356e+04 4.32164131e+04 4.33742935e+04 4.35102687e+04
4.36236190e+04 4.37135698e+04 4.37811755e+04 4.38314237e+04 4.38661197e+04 4.38877587e+04
4.38991091e+04 4.39028760e+04 4.39016157e+04 4.38977153e+04 4.38933546e+04 4.38905401e+04
4.38911925e+04 4.38972727e+04 4.39109846e+04 4.39349339e+04 4.39713694e+04 4.40225893e+04
4.40920853e+04 4.41841657e+04 4.43044717e+04 4.44586780e+04 4.46498325e+04 4.48793000e+04
4.51475860e+04 4.54537166e+04 4.57950962e+04 4.61716523e+04 4.65795279e+04 4.70168779e+04
4.74803766e+04 4.79671232e+04 4.84714157e+04 4.89830774e+04 4.94947187e+04 5.00065490e+04
5.05273375e+04 5.10836936e+04 5.17397219e+04 5.25853180e+04 5.37529907e+04 5.54661261e+04
5.81889144e+04 6.27137758e+04 6.99887565e+04 8.07044784e+04 9.39715075e+04 1.07336419e+05
1.15853459e+05 1.16986995e+05 1.11298854e+05 1.00239487e+05 8.57523873e+04 6.96417022e+04
5.35871368e+04 3.89654405e+04 2.66040599e+04 1.69341628e+04 1.02230080e+04 6.64367957e+03
6.11847727e+03 7.38910880e+03 9.81738250e+03 1.31392147e+04 1.70108576e+04 2.10868702e+04
2.50761319e+04 2.87669742e+04 3.20278168e+04 3.47945925e+04 3.70540649e+04 3.88280883e+04
4.01608194e+04 4.11093463e+04 4.17374326e+04 4.21102744e+04 4.22924157e+04 4.23450821e+04
4.23251590e+04 4.22829940e+04 4.22593580e+04 4.22817478e+04 4.23614076e+04 4.24936083e+04
4.26627095e+04 4.28495345e+04 4.30374026e+04 4.32142190e+04 4.33721900e+04 4.35082854e+04
4.36217663e+04 4.37118630e+04 4.37796294e+04 4.38300406e+04 4.38648952e+04 4.38866849e+04
4.38981758e+04 4.39020720e+04 4.39009290e+04 4.38971340e+04 4.38928675e+04 4.38901373e+04
4.38908663e+04 4.38970181e+04 4.39108004e+04 4.39348231e+04 4.39713395e+04 4.40226517e+04
4.40922542e+04 4.41844559e+04 4.43048933e+04 4.44592348e+04 4.46505017e+04 4.48800434e+04
4.51483479e+04 4.54544242e+04 4.57956611e+04 4.61719763e+04 4.65795011e+04 4.70163825e+04
4.74792809e+04 4.79652804e+04 4.84686901e+04 4.89793329e+04 4.94898279e+04 5.00003840e+04
5.05198786e+04 5.10749675e+04 5.17297606e+04 5.25745868e+04 5.37426184e+04 5.54581295e+04
5.81864613e+04 6.27215921e+04 7.00114667e+04 8.07408212e+04 9.40157416e+04 1.07374478e+05
1.15863448e+05 1.16977523e+05 1.11277458e+05 1.00213899e+05 8.57275294e+04 6.96204049e+04
5.35703859e+04 3.89534231e+04 2.65963006e+04 1.69298644e+04 1.02211924e+04 6.64258450e+03
6.11852833e+03 7.38935974e+03 9.81805994e+03 1.31406035e+04 1.70132822e+04 2.10906368e+04
2.50814605e+04 2.87739481e+04 3.20363591e+04 3.48044721e+04 3.70649232e+04 3.88394810e+04
4.01722651e+04 4.11203763e+04 4.17476319e+04 4.21193158e+04 4.23000518e+04 4.23511692e+04
4.23296536e+04 4.22859450e+04 4.22608960e+04 4.22820719e+04 4.23607652e+04 4.24922644e+04
4.26609116e+04 4.28474885e+04 4.30352594e+04 4.32120889e+04 4.33701331e+04 4.35063372e+04
4.36199421e+04 4.37101812e+04 4.37781084e+04 4.38286843e+04 4.38637002e+04 4.38856436e+04
4.38972783e+04 4.39013065e+04 4.39002834e+04 4.38965963e+04 4.38924260e+04 4.38897820e+04
4.38905891e+04 4.38968137e+04 4.39106672e+04 4.39347640e+04 4.39713615e+04 4.40227658e+04
4.40924747e+04 4.41847977e+04 4.43053667e+04 4.44598446e+04 4.46512249e+04 4.48808430e+04
4.51491703e+04 4.54551996e+04 4.57963058e+04 4.61723981e+04 4.65795982e+04 4.70160486e+04
4.74784001e+04 4.79637276e+04 4.84663546e+04 4.89761110e+04 4.94856317e+04 4.99951353e+04
5.05136048e+04 5.10677516e+04 5.17217134e+04 5.25662012e+04 5.37349566e+04 5.54530366e+04
5.81868548e+04 6.27315769e+04 7.00350738e+04 8.07762493e+04 9.40572367e+04 1.07408678e+05
1.15871111e+05 1.16966352e+05 1.11254708e+05 1.00187101e+05 8.57015464e+04 6.95981328e+04
5.35528797e+04 3.89408964e+04 2.65882479e+04 1.69254326e+04 1.02193446e+04 6.64167970e+03
6.11860419e+03 7.38973516e+03 9.81904534e+03 1.31425303e+04 1.70164755e+04 2.10953615e+04
2.50878679e+04 2.87820414e+04 3.20459870e+04 3.48153456e+04 3.70766492e+04 3.88516045e+04
4.01843148e+04 4.11319077e+04 4.17582600e+04 4.21287434e+04 4.23080544e+04 4.23576169e+04
4.23345069e+04 4.22892483e+04 4.22627693e+04 4.22827018e+04 4.23603889e+04 4.24911421e+04
4.26592917e+04 4.28455812e+04 4.30332221e+04 4.32100391e+04 4.33681373e+04 4.35044365e+04
4.36181561e+04 4.37085317e+04 4.37766170e+04 4.38273572e+04 4.38625349e+04 4.38846333e+04
4.38964131e+04 4.39005749e+04 4.38996732e+04 4.38960952e+04 4.38920223e+04 4.38894653e+04
4.38903511e+04 4.38966490e+04 4.39105738e+04 4.39347444e+04 4.39714222e+04 4.40229175e+04
4.40927309e+04 4.41851733e+04 4.43058723e+04 4.44604855e+04 4.46519788e+04 4.48816745e+04
4.51500289e+04 4.54560201e+04 4.57970103e+04 4.61729024e+04 4.65798106e+04 4.70158764e+04
4.74777451e+04 4.79624876e+04 4.84644440e+04 4.89734558e+04 4.94821776e+04 4.99908455e+04
5.05085411e+04 5.10620384e+04 5.17155217e+04 5.25600299e+04 5.37297803e+04 5.54505099e+04
5.81896284e+04 6.27431709e+04 7.00589967e+04 8.08103485e+04 9.40957986e+04 1.07438901e+05
1.15876808e+05 1.16954126e+05 1.11231417e+05 1.00160009e+05 8.56753874e+04 6.95757644e+04
5.35353391e+04 3.89283769e+04 2.65802229e+04 1.69210326e+04 1.02175244e+04 6.64092933e+03
6.11869638e+03 7.39019271e+03 9.82023237e+03 1.31448039e+04 1.70201528e+04 2.11006714e+04
2.50949088e+04 2.87907603e+04 3.20561840e+04 3.48266982e+04 3.70887493e+04 3.88640002e+04
4.01965525e+04 4.11435693e+04 4.17689905e+04 4.21382735e+04 4.23161808e+04 4.23642218e+04
4.23395534e+04 4.22927746e+04 4.22648832e+04 4.22835743e+04 4.23602426e+04 4.24902265e+04
4.26578494e+04 4.28438211e+04 4.30313043e+04 4.32080843e+04 4.33662167e+04 4.35025954e+04
4.36164184e+04 4.37069220e+04 4.37751602e+04 4.38260614e+04 4.38613992e+04 4.38836519e+04
4.38955763e+04 4.38998716e+04 4.38990914e+04 4.38956226e+04 4.38916471e+04 4.38891771e+04
4.38901416e+04 4.38965122e+04 4.39105078e+04 4.39347509e+04 4.39715073e+04 4.40230910e+04
4.40930059e+04 4.41855642e+04 4.43063895e+04 4.44611348e+04 4.46527392e+04 4.48825132e+04
4.51508992e+04 4.54568624e+04 4.57977542e+04 4.61734730e+04 4.65801278e+04 4.70158622e+04
4.74773197e+04 4.79615721e+04 4.84629757e+04 4.89713864e+04 4.94794803e+04 4.99875158e+04
5.05046640e+04 5.10577660e+04 5.17110672e+04 5.25558806e+04 5.37268112e+04 5.54501784e+04
5.81943147e+04 6.27558593e+04 7.00827325e+04 8.08427463e+04 9.41308742e+04 1.07462761e+05
1.15880285e+05 1.16941300e+05 1.11208388e+05 1.00133428e+05 8.56498126e+04 6.95539448e+04
5.35182613e+04 3.89162092e+04 2.65724378e+04 1.69167751e+04 1.02157735e+04 6.64032133e+03
6.11879758e+03 7.39069583e+03 9.82152917e+03 1.31472591e+04 1.70240684e+04 2.11062439e+04
2.51021966e+04 2.87996732e+04 3.20664949e+04 3.48380718e+04 3.71007799e+04 3.88762516e+04
4.02085963e+04 4.11550181e+04 4.17795196e+04 4.21476403e+04 4.23242015e+04 4.23707896e+04
4.23446326e+04 4.22963965e+04 4.22671418e+04 4.22846231e+04 4.23602857e+04 4.24894975e+04
4.26565799e+04 4.28422137e+04 4.30295168e+04 4.32062379e+04 4.33643854e+04 4.35008267e+04
4.36147396e+04 4.37053609e+04 4.37737439e+04 4.38248002e+04 4.38602939e+04 4.38826975e+04
4.38947643e+04 4.38991912e+04 4.38985311e+04 4.38951703e+04 4.38912910e+04 4.38889070e+04
4.38899490e+04 4.38963913e+04 4.39104560e+04 4.39347698e+04 4.39716021e+04 4.40232707e+04
4.40932827e+04 4.41859518e+04 4.43068980e+04 4.44617705e+04 4.46534829e+04 4.48833352e+04
4.51517577e+04 4.54577043e+04 4.57985175e+04 4.61740933e+04 4.65805375e+04 4.70159981e+04
4.74771203e+04 4.79609802e+04 4.84619487e+04 4.89698972e+04 4.94775229e+04 4.99851098e+04
5.05019075e+04 5.10548267e+04 5.17081852e+04 5.25535183e+04 5.37257378e+04 5.54516567e+04
5.82004547e+04 6.27691488e+04 7.01057392e+04 8.08731354e+04 9.41626426e+04 1.07482013e+05
1.15882170e+05 1.16928419e+05 1.11186242e+05 1.00107969e+05 8.56253766e+04 6.95331294e+04
5.35019894e+04 3.89046282e+04 2.65650365e+04 1.69127339e+04 1.02141182e+04 6.63981843e+03
6.11890175e+03 7.39121418e+03 9.82285972e+03 1.31497593e+04 1.70280192e+04 2.11118123e+04
2.51094118e+04 2.88084228e+04 3.20765416e+04 3.48490840e+04 3.71123681e+04 3.88880061e+04
4.02201209e+04 4.11659592e+04 4.17895840e+04 4.21566113e+04 4.23319142e+04 4.23771467e+04
4.23495993e+04 4.22999965e+04 4.22694547e+04 4.22857834e+04 4.23604766e+04 4.24889332e+04
4.26554760e+04 4.28407618e+04 4.30278691e+04 4.32045128e+04 4.33626583e+04 4.34991436e+04
4.36131317e+04 4.37038580e+04 4.37723752e+04 4.38235780e+04 4.38592206e+04 4.38817698e+04
4.38939745e+04 4.38985293e+04 4.38979861e+04 4.38947306e+04 4.38909454e+04 4.38886452e+04
4.38897628e+04 4.38962747e+04 4.39104063e+04 4.39347880e+04 4.39716927e+04 4.40234418e+04
4.40935454e+04 4.41863189e+04 4.43073792e+04 4.44623726e+04 4.46541890e+04 4.48841193e+04
4.51525835e+04 4.54585260e+04 4.57992823e+04 4.61747475e+04 4.65810260e+04 4.70162722e+04
4.74771357e+04 4.79606990e+04 4.84613449e+04 4.89689598e+04 4.94762609e+04 4.99835591e+04
5.05001715e+04 5.10530787e+04 5.17066786e+04 5.25526813e+04 5.37262334e+04 5.54545594e+04
5.82076089e+04 6.27825891e+04 7.01275922e+04 8.09012783e+04 9.41914910e+04 1.07498909e+05
1.15883213e+05 1.16915924e+05 1.11165306e+05 1.00084064e+05 8.56024974e+04 6.95136703e+04
5.34867938e+04 3.88938224e+04 2.65581364e+04 1.69089710e+04 1.02125814e+04 6.63940222e+03
6.11900409e+03 7.39172378e+03 9.82416395e+03 1.31521969e+04 1.70318457e+04 2.11171683e+04
2.51163050e+04 2.88167306e+04 3.20860297e+04 3.48594366e+04 3.71232228e+04 3.88989870e+04
4.02308693e+04 4.11761581e+04 4.17989726e+04 4.21649983e+04 4.23391528e+04 4.23831490e+04
4.23543309e+04 4.23034734e+04 4.22717425e+04 4.22869968e+04 4.23607764e+04 4.24885112e+04
4.26545289e+04 4.28394669e+04 4.30263690e+04 4.32029203e+04 4.33610474e+04 4.34975593e+04
4.36116070e+04 4.37024246e+04 4.37710631e+04 4.38224012e+04 4.38581833e+04 4.38808700e+04
4.38932058e+04 4.38978829e+04 4.38974519e+04 4.38942977e+04 4.38906029e+04 4.38883833e+04
4.38895736e+04 4.38961523e+04 4.39103479e+04 4.39347941e+04 4.39717669e+04 4.40235914e+04
4.40937804e+04 4.41866510e+04 4.43078177e+04 4.44629243e+04 4.46548400e+04 4.48848479e+04
4.51533593e+04 4.54593109e+04 4.58000328e+04 4.61754206e+04 4.65815790e+04 4.70166693e+04
4.74773477e+04 4.79607047e+04 4.84611309e+04 4.89685265e+04 4.94756270e+04 4.99827705e+04
5.04993305e+04 5.10523564e+04 5.17063308e+04 5.25530959e+04 5.37279697e+04 5.54585139e+04
5.82153692e+04 6.27957887e+04 7.01480195e+04 8.09269515e+04 9.42174465e+04 1.07513755e+05
1.15883689e+05 1.16904156e+05 1.11145965e+05 1.00062105e+05 8.55815286e+04 6.94958572e+04
5.34728951e+04 3.88839458e+04 2.65518345e+04 1.69055381e+04 1.02111834e+04 6.63906955e+03
6.11910100e+03 7.39220664e+03 9.82539694e+03 1.31544921e+04 1.70354304e+04 2.11221589e+04
2.51226950e+04 2.88243957e+04 3.20947480e+04 3.48689170e+04 3.71331365e+04 3.89089975e+04
4.02406585e+04 4.11854469e+04 4.18075328e+04 4.21726630e+04 4.23457935e+04 4.23886866e+04
4.23587318e+04 4.23067468e+04 4.22739399e+04 4.22882138e+04 4.23611509e+04 4.24882115e+04
4.26537299e+04 4.28383289e+04 4.30250228e+04 4.32014706e+04 4.33595646e+04 4.34960872e+04
4.36101787e+04 4.37010725e+04 4.37698177e+04 4.38212777e+04 4.38571874e+04 4.38800013e+04
4.38924595e+04 4.38972513e+04 4.38969260e+04 4.38938675e+04 4.38902583e+04 4.38881152e+04
4.38893743e+04 4.38960163e+04 4.39102723e+04 4.39347789e+04 4.39718153e+04 4.40237094e+04
4.40939769e+04 4.41869366e+04 4.43082012e+04 4.44634130e+04 4.46554229e+04 4.48855080e+04
4.51540721e+04 4.54600461e+04 4.58007560e+04 4.61760992e+04 4.65821812e+04 4.70171709e+04
4.74777321e+04 4.79609640e+04 4.84612606e+04 4.89685346e+04 4.94755370e+04 4.99826336e+04
5.04992433e+04 5.10524818e+04 5.17069181e+04 5.25544889e+04 5.37306295e+04 5.54631716e+04
5.82233659e+04 6.28084003e+04 7.01667231e+04 8.09499164e+04 9.42403557e+04 1.07526587e+05
1.15883761e+05 1.16893425e+05 1.11128617e+05 1.00042498e+05 8.55627831e+04 6.94799182e+04
5.34604545e+04 3.88751055e+04 2.65461955e+04 1.69024685e+04 1.02099362e+04 6.63880611e+03
6.11919001e+03 7.39265032e+03 9.82652778e+03 1.31565901e+04 1.70386938e+04 2.11266827e+04
2.51284632e+04 2.88312889e+04 3.21025628e+04 3.48773923e+04 3.71419816e+04 3.89179176e+04
4.02493771e+04 4.11937230e+04 4.18151699e+04 4.21795186e+04 4.23517559e+04 4.23936862e+04
4.23627360e+04 4.23097586e+04 4.22759982e+04 4.22893960e+04 4.23615725e+04 4.24880165e+04
4.26530709e+04 4.28373473e+04 4.30238354e+04 4.32001726e+04 4.33582210e+04 4.34947398e+04
4.36088597e+04 4.36998143e+04 4.37686502e+04 4.38202167e+04 4.38562402e+04 4.38791690e+04
4.38917387e+04 4.38966359e+04 4.38964082e+04 4.38934385e+04 4.38899089e+04 4.38878370e+04
4.38891604e+04 4.38958613e+04 4.39101735e+04 4.39347361e+04 4.39718310e+04 4.40237888e+04
4.40941277e+04 4.41871682e+04 4.43085219e+04 4.44638303e+04 4.46559295e+04 4.48860910e+04
4.51547135e+04 4.54607227e+04 4.58014421e+04 4.61767714e+04 4.65828173e+04 4.70177564e+04
4.74782604e+04 4.79614366e+04 4.84616793e+04 4.89689111e+04 4.94758968e+04 4.99830289e+04
5.04997617e+04 5.10532741e+04 5.17082203e+04 5.25565991e+04 5.37339179e+04 5.54682183e+04
5.82312793e+04 6.28201388e+04 7.01834701e+04 8.09699934e+04 9.42600527e+04 1.07537375e+05
1.15883465e+05 1.16883768e+05 1.11113278e+05 1.00025248e+05 8.55463141e+04 6.94659228e+04
5.34495353e+04 3.88673492e+04 2.65412503e+04 1.68997788e+04 1.02088455e+04 6.63860104e+03
6.11926960e+03 7.39304720e+03 9.82753772e+03 1.31584584e+04 1.70415899e+04 2.11306827e+04
2.51335457e+04 2.88373436e+04 3.21094087e+04 3.48848011e+04 3.71497018e+04 3.89256964e+04
4.02569790e+04 4.12009439e+04 4.18218441e+04 4.21855259e+04 4.23570014e+04 4.23981091e+04
4.23663058e+04 4.23124733e+04 4.22778856e+04 4.22905166e+04 4.23620206e+04 4.24879125e+04
4.26525445e+04 4.28365204e+04 4.30228102e+04 4.31990332e+04 4.33570262e+04 4.34935283e+04
4.36076622e+04 4.36986619e+04 4.37675716e+04 4.38192281e+04 4.38553498e+04 4.38783795e+04
4.38910484e+04 4.38960401e+04 4.38959004e+04 4.38930113e+04 4.38895543e+04 4.38875475e+04
4.38889298e+04 4.38956848e+04 4.39100485e+04 4.39346625e+04 4.39718105e+04 4.40238258e+04
4.40942290e+04 4.41873420e+04 4.43087762e+04 4.44641728e+04 4.46563560e+04 4.48865935e+04
4.51552792e+04 4.54613357e+04 4.58020841e+04 4.61774268e+04 4.65834721e+04 4.70184037e+04
4.74789007e+04 4.79620783e+04 4.84623270e+04 4.89695781e+04 4.94766079e+04 4.99838344e+04
5.05007391e+04 5.10545589e+04 5.17100298e+04 5.25591863e+04 5.37375709e+04 5.54733821e+04
5.82388462e+04 6.28307913e+04 7.01981238e+04 8.09871399e+04 9.42765699e+04 1.07546185e+05
1.15882871e+05 1.16875239e+05 1.11099966e+05 1.00010363e+05 8.55321369e+04 6.94538891e+04
5.34401534e+04 3.88606887e+04 2.65370061e+04 1.68974721e+04 1.02079119e+04 6.63844541e+03
6.11933907e+03 7.39339372e+03 9.82841820e+03 1.31600832e+04 1.70441006e+04 2.11341393e+04
2.51379244e+04 2.88425458e+04 3.21152775e+04 3.48911414e+04 3.71563008e+04 3.89323419e+04
4.02634744e+04 4.12071196e+04 4.18275629e+04 4.21906887e+04 4.23615287e+04 4.24019489e+04
4.23694300e+04 4.23148762e+04 4.22795855e+04 4.22915594e+04 4.23624810e+04 4.24878886e+04
4.26521438e+04 4.28358456e+04 4.30219484e+04 4.31980569e+04 4.33559873e+04 4.34924617e+04
4.36065961e+04 4.36976259e+04 4.37665925e+04 4.38183217e+04 4.38545252e+04 4.38776405e+04
4.38903948e+04 4.38954689e+04 4.38954068e+04 4.38925890e+04 4.38891966e+04 4.38872480e+04
4.38886832e+04 4.38954870e+04 4.39098972e+04 4.39345574e+04 4.39717533e+04 4.40238200e+04
4.40942805e+04 4.41874581e+04 4.43089645e+04 4.44644410e+04 4.46567033e+04 4.48870159e+04
4.51557692e+04 4.54618832e+04 4.58026774e+04 4.61780569e+04 4.65841311e+04 4.70190903e+04
4.74796200e+04 4.79628429e+04 4.84631427e+04 4.89704575e+04 4.94775735e+04 4.99849329e+04
5.05020366e+04 5.10561746e+04 5.17121590e+04 5.25620386e+04 5.37413621e+04 5.54784396e+04
5.82458649e+04 6.28402201e+04 7.02106419e+04 8.10014254e+04 9.42900654e+04 1.07553188e+05
1.15882136e+05 1.16868031e+05 1.11088754e+05 9.99978620e+04 8.55202495e+04 6.94438001e+04
5.34322882e+04 3.88551060e+04 2.65334499e+04 1.68955405e+04 1.02071315e+04 6.63833141e+03
6.11939835e+03 7.39368949e+03 9.82916874e+03 1.31614649e+04 1.70462298e+04 2.11370621e+04
2.51416169e+04 2.88469224e+04 3.21202053e+04 3.48964576e+04 3.71618292e+04 3.89379080e+04
4.02689174e+04 4.12123014e+04 4.18323720e+04 4.21950447e+04 4.23653667e+04 4.24052252e+04
4.23721191e+04 4.23169701e+04 4.22810950e+04 4.22925175e+04 4.23629453e+04 4.24879365e+04
4.26518623e+04 4.28353187e+04 4.30212482e+04 4.31972445e+04 4.33551079e+04 4.34915457e+04
4.36056688e+04 4.36967147e+04 4.37657215e+04 4.38175063e+04 4.38537747e+04 4.38769598e+04
4.38897851e+04 4.38949286e+04 4.38949325e+04 4.38921760e+04 4.38888395e+04 4.38869417e+04
4.38884233e+04 4.38952702e+04 4.39097218e+04 4.39344232e+04 4.39716615e+04 4.40237739e+04
4.40942851e+04 4.41875198e+04 4.43090905e+04 4.44646393e+04 4.46569759e+04 4.48873623e+04
4.51561865e+04 4.54623661e+04 4.58032197e+04 4.61786545e+04 4.65847807e+04 4.70197940e+04
4.74803860e+04 4.79636854e+04 4.84640670e+04 4.89714747e+04 4.94787030e+04 4.99862164e+04
5.05035290e+04 5.10579779e+04 5.17144450e+04 5.25649765e+04 5.37451065e+04 5.54832191e+04
5.82521967e+04 6.28483609e+04 7.02210686e+04 8.10130098e+04 9.43007808e+04 1.07558615e+05
1.15881507e+05 1.16862631e+05 1.11079703e+05 9.99876689e+04 8.55105395e+04 6.94355544e+04
5.34258597e+04 3.88505439e+04 2.65305449e+04 1.68939638e+04 1.02064957e+04 6.63825190e+03
6.11944785e+03 7.39393660e+03 9.82979495e+03 1.31626152e+04 1.70479976e+04 2.11394823e+04
2.51446669e+04 2.88505299e+04 3.21242607e+04 3.49008278e+04 3.71663715e+04 3.89424817e+04
4.02733938e+04 4.12165703e+04 4.18363447e+04 4.21986572e+04 4.23685667e+04 4.24079770e+04
4.23744004e+04 4.23187713e+04 4.22824212e+04 4.22933913e+04 4.23634089e+04 4.24880496e+04
4.26516927e+04 4.28349333e+04 4.30207053e+04 4.31965932e+04 4.33543879e+04 4.34907825e+04
4.36048843e+04 4.36959335e+04 4.37649651e+04 4.38167888e+04 4.38531054e+04 4.38763445e+04
4.38892261e+04 4.38944256e+04 4.38944836e+04 4.38917781e+04 4.38884884e+04 4.38866335e+04
4.38881547e+04 4.38950388e+04 4.39095264e+04 4.39342639e+04 4.39715397e+04 4.40236922e+04
4.40942480e+04 4.41875329e+04 4.43091608e+04 4.44647749e+04 4.46571811e+04 4.48876397e+04
4.51565365e+04 4.54627876e+04 4.58037104e+04 4.61792139e+04 4.65854085e+04 4.70204946e+04
4.74811683e+04 4.79645638e+04 4.84650458e+04 4.89725624e+04 4.94799154e+04 4.99875898e+04
5.05051078e+04 5.10598474e+04 5.17167525e+04 5.25678550e+04 5.37486607e+04 5.54875999e+04
5.82577616e+04 6.28552154e+04 7.02295227e+04 8.10221253e+04 9.43089964e+04 1.07562604e+05
1.15880787e+05 1.16858214e+05 1.11072426e+05 9.99795179e+04 8.55027945e+04 6.94289866e+04
5.34207439e+04 3.88469159e+04 2.65282363e+04 1.68927119e+04 1.02059920e+04 6.63820026e+03
6.11948834e+03 7.39413878e+03 9.83030663e+03 1.31635530e+04 1.70494353e+04 2.11414457e+04
2.51471358e+04 2.88534449e+04 3.21275333e+04 3.49043518e+04 3.71700338e+04 3.89461714e+04
4.02770098e+04 4.12200265e+04 4.18395719e+04 4.22016057e+04 4.23711952e+04 4.24102569e+04
4.23763125e+04 4.23203057e+04 4.22835785e+04 4.22941856e+04 4.23638701e+04 4.24882214e+04
4.26516266e+04 4.28346808e+04 4.30203119e+04 4.31960981e+04 4.33538235e+04 4.34901700e+04
4.36042425e+04 4.36952840e+04 4.37643263e+04 4.38161734e+04 4.38525228e+04 4.38758005e+04
4.38887239e+04 4.38939663e+04 4.38940665e+04 4.38914012e+04 4.38881491e+04 4.38863291e+04
4.38878831e+04 4.38947983e+04 4.39093167e+04 4.39340854e+04 4.39713937e+04 4.40235813e+04
4.40941762e+04 4.41875050e+04 4.43091837e+04 4.44648565e+04 4.46573278e+04 4.48878563e+04
4.51568262e+04 4.54631521e+04 4.58041501e+04 4.61797306e+04 4.65860039e+04 4.70211736e+04
4.74819398e+04 4.79654411e+04 4.84660314e+04 4.89736625e+04 4.94811422e+04 4.99889739e+04
5.05066837e+04 5.10616850e+04 5.17189748e+04 5.25705633e+04 5.37519181e+04 5.54914917e+04
5.82625205e+04 6.28608342e+04 7.02361792e+04 8.10290613e+04 9.43150434e+04 1.07565368e+05
1.15880010e+05 1.16854669e+05 1.11066728e+05 9.99731876e+04 8.54968022e+04 6.94239154e+04
5.34167988e+04 3.88441208e+04 2.65264592e+04 1.68917492e+04 1.02056056e+04 6.63817038e+03
6.11952079e+03 7.39430084e+03 9.83071623e+03 1.31643022e+04 1.70505810e+04 2.11430067e+04
2.51490948e+04 2.88557546e+04 3.21301241e+04 3.49071408e+04 3.71729332e+04 3.89490958e+04
4.02798815e+04 4.12227797e+04 4.18421537e+04 4.22039784e+04 4.23733268e+04 4.24121248e+04
4.23779006e+04 4.23216041e+04 4.22845851e+04 4.22949081e+04 4.23643281e+04 4.24884455e+04
4.26516541e+04 4.28345499e+04 4.30200571e+04 4.31957494e+04 4.33534065e+04 4.34897021e+04
4.36037393e+04 4.36947640e+04 4.37638048e+04 4.38156617e+04 4.38520294e+04 4.38753315e+04
4.38882833e+04 4.38935558e+04 4.38936866e+04 4.38910512e+04 4.38878276e+04 4.38860346e+04
4.38876145e+04 4.38945551e+04 4.39090990e+04 4.39338942e+04 4.39712305e+04 4.40234485e+04
4.40940774e+04 4.41874449e+04 4.43091685e+04 4.44648942e+04 4.46574259e+04 4.48880213e+04
4.51570632e+04 4.54634646e+04 4.58045404e+04 4.61802017e+04 4.65865580e+04 4.70218157e+04
4.74826778e+04 4.79662865e+04 4.84669848e+04 4.89747278e+04 4.94823281e+04 4.99903057e+04
5.05081876e+04 5.10634160e+04 5.17210336e+04 5.25730234e+04 5.37548102e+04 5.54948499e+04
5.82664810e+04 6.28653145e+04 7.02412686e+04 8.10342229e+04 9.43192994e+04 1.07567140e+05
1.15879229e+05 1.16851904e+05 1.11062413e+05 9.99684417e+04 8.54923307e+04 6.94201408e+04
5.34138671e+04 3.88420461e+04 2.65251415e+04 1.68910363e+04 1.02053203e+04 6.63815673e+03
6.11954626e+03 7.39442808e+03 9.83103739e+03 1.31648884e+04 1.70514755e+04 2.11442230e+04
2.51506189e+04 2.88575496e+04 3.21321368e+04 3.49093082e+04 3.71751888e+04 3.89513751e+04
4.02821262e+04 4.12249404e+04 4.18441910e+04 4.22058642e+04 4.23750371e+04 4.24136419e+04
4.23792114e+04 4.23226993e+04 4.22854608e+04 4.22955671e+04 4.23647820e+04 4.24887144e+04
4.26517634e+04 4.28345267e+04 4.30199264e+04 4.31955336e+04 4.33531248e+04 4.34893685e+04
4.36033665e+04 4.36943675e+04 4.37633968e+04 4.38152517e+04 4.38516253e+04 4.38749392e+04
4.38879068e+04 4.38931977e+04 4.38933483e+04 4.38907331e+04 4.38875294e+04 4.38857559e+04
4.38873552e+04 4.38943155e+04 4.39088799e+04 4.39336972e+04 4.39710573e+04 4.40233015e+04
4.40939600e+04 4.41873613e+04 4.43091247e+04 4.44648978e+04 4.46574854e+04 4.48881440e+04
4.51572552e+04 4.54637305e+04 4.58048834e+04 4.61806252e+04 4.65870643e+04 4.70224088e+04
4.74833643e+04 4.79670758e+04 4.84678759e+04 4.89757221e+04 4.94834320e+04 4.99915391e+04
5.05095693e+04 5.10649886e+04 5.17228769e+04 5.25751882e+04 5.37573029e+04 5.54976675e+04
5.82696860e+04 6.28687760e+04 7.02450064e+04 8.10378608e+04 9.43220876e+04 1.07568132e+05
1.15878481e+05 1.16849819e+05 1.11059274e+05 9.99650321e+04 8.54891376e+04 6.94174542e+04
5.34117846e+04 3.88405746e+04 2.65242082e+04 1.68905322e+04 1.02051193e+04 6.63815446e+03
6.11956584e+03 7.39452595e+03 9.83128411e+03 1.31653378e+04 1.70521600e+04 2.11451523e+04
2.51517821e+04 2.88589191e+04 3.21336729e+04 3.49109642e+04 3.71769156e+04 3.89531251e+04
4.02838564e+04 4.12266148e+04 4.18457808e+04 4.22073489e+04 4.23763988e+04 4.24148674e+04
4.23802899e+04 4.23236228e+04 4.22862242e+04 4.22961699e+04 4.23652298e+04 4.24890190e+04
4.26519410e+04 4.28345952e+04 4.30199029e+04 4.31954339e+04 4.33529631e+04 4.34891557e+04
4.36031126e+04 4.36940850e+04 4.37630951e+04 4.38149385e+04 4.38513075e+04 4.38746223e+04
4.38875950e+04 4.38928940e+04 4.38930546e+04 4.38904506e+04 4.38872588e+04 4.38854978e+04
4.38871104e+04 4.38940851e+04 4.39086656e+04 4.39335007e+04 4.39708808e+04 4.40231475e+04
4.40938318e+04 4.41872625e+04 4.43090612e+04 4.44648767e+04 4.46575154e+04 4.48882329e+04
4.51574094e+04 4.54639550e+04 4.58051817e+04 4.61810003e+04 4.65875181e+04 4.70229445e+04
4.74839865e+04 4.79677919e+04 4.84686833e+04 4.89766207e+04 4.94844256e+04 4.99926432e+04
5.05107968e+04 5.10663712e+04 5.17244762e+04 5.25770368e+04 5.37593904e+04 5.54999659e+04
5.82722040e+04 6.28713553e+04 7.02476089e+04 8.10402050e+04 9.43237078e+04 1.07568534e+05
1.15877795e+05 1.16848306e+05 1.11057099e+05 9.99627107e+04 8.54869818e+04 6.94156487e+04
5.34103891e+04 3.88395906e+04 2.65235852e+04 1.68901965e+04 1.02049861e+04 6.63815950e+03
6.11958058e+03 7.39459962e+03 9.83146957e+03 1.31656751e+04 1.70526729e+04 2.11458480e+04
2.51526529e+04 2.88599451e+04 3.21348256e+04 3.49122098e+04 3.71782185e+04 3.89544511e+04
4.02851746e+04 4.12278991e+04 4.18470106e+04 4.22085099e+04 4.23774780e+04 4.24158548e+04
4.23811773e+04 4.23244030e+04 4.22868918e+04 4.22967222e+04 4.23656683e+04 4.24893492e+04
4.26521720e+04 4.28347375e+04 4.30199679e+04 4.31954318e+04 4.33529037e+04 4.34890474e+04
4.36029631e+04 4.36939040e+04 4.37628894e+04 4.38147143e+04 4.38510704e+04 4.38743772e+04
4.38873460e+04 4.38926442e+04 4.38928064e+04 4.38902058e+04 4.38870189e+04 4.38852642e+04
4.38868847e+04 4.38938691e+04 4.39084613e+04 4.39333106e+04 4.39707073e+04 4.40229931e+04
4.40936996e+04 4.41871560e+04 4.43089859e+04 4.44648391e+04 4.46575241e+04 4.48882956e+04
4.51575323e+04 4.54641429e+04 4.58054379e+04 4.61813274e+04 4.65879171e+04 4.70234174e+04
4.74845364e+04 4.79684240e+04 4.84693942e+04 4.89774089e+04 4.94852929e+04 4.99936013e+04
5.05118540e+04 5.10675500e+04 5.17258227e+04 5.25785697e+04 5.37610888e+04 5.55017871e+04
5.82741208e+04 6.28732002e+04 7.02493069e+04 8.10415524e+04 9.43244595e+04 1.07568523e+05
1.15877190e+05 1.16847258e+05 1.11055686e+05 9.99612415e+04 8.54856350e+04 6.94145288e+04
5.34095275e+04 3.88389849e+04 2.65232029e+04 1.68899912e+04 1.02049054e+04 6.63816852e+03
6.11959142e+03 7.39465383e+03 9.83160588e+03 1.31659227e+04 1.70530492e+04 2.11463585e+04
2.51532927e+04 2.88607006e+04 3.21356771e+04 3.49131337e+04 3.71791899e+04 3.89554455e+04
4.02861701e+04 4.12288774e+04 4.18479574e+04 4.22094148e+04 4.23783320e+04 4.24166508e+04
4.23819087e+04 4.23250639e+04 4.22874770e+04 4.22972279e+04 4.23660927e+04 4.24896937e+04
4.26524404e+04 4.28349353e+04 4.30201013e+04 4.31955072e+04 4.33529273e+04 4.34890256e+04
4.36029016e+04 4.36938099e+04 4.37627674e+04 4.38145688e+04 4.38509060e+04 4.38741981e+04
4.38871558e+04 4.38924461e+04 4.38926030e+04 4.38899994e+04 4.38868114e+04 4.38850577e+04
4.38866813e+04 4.38936712e+04 4.39082716e+04 4.39331317e+04 4.39705418e+04 4.40228437e+04
4.40935693e+04 4.41870482e+04 4.43089054e+04 4.44647918e+04 4.46575183e+04 4.48883383e+04
4.51576294e+04 4.54642987e+04 4.58056550e+04 4.61816078e+04 4.65882610e+04 4.70238256e+04
4.74850107e+04 4.79689677e+04 4.84700031e+04 4.89780808e+04 4.94860282e+04 4.99944083e+04
5.05127374e+04 5.10685253e+04 5.17269229e+04 5.25798036e+04 5.37624303e+04 5.55031866e+04
5.82755304e+04 6.28744573e+04 7.02503179e+04 8.10421767e+04 9.43246091e+04 1.07568249e+05
1.15876675e+05 1.16846575e+05 1.11054850e+05 9.99604101e+04 8.54848904e+04 6.94139178e+04
5.34090612e+04 3.88386593e+04 2.65229985e+04 1.68898822e+04 1.02048631e+04 6.63817902e+03
6.11959920e+03 7.39469273e+03 9.83170364e+03 1.31661003e+04 1.70533192e+04 2.11467257e+04
2.51537544e+04 2.88612485e+04 3.21362981e+04 3.49138118e+04 3.71799078e+04 3.89561864e+04
4.02869187e+04 4.12296208e+04 4.18486854e+04 4.22101206e+04 4.23790092e+04 4.24172942e+04
4.23825136e+04 4.23256254e+04 4.22879902e+04 4.22976885e+04 4.23664974e+04 4.24900410e+04
4.26527306e+04 4.28351700e+04 4.30202834e+04 4.31956400e+04 4.33530144e+04 4.34890715e+04
4.36029105e+04 4.36937868e+04 4.37627150e+04 4.38144901e+04 4.38508044e+04 4.38740771e+04
4.38870186e+04 4.38922956e+04 4.38924419e+04 4.38898301e+04 4.38866364e+04 4.38848794e+04
4.38865022e+04 4.38934941e+04 4.39080994e+04 4.39329675e+04 4.39703883e+04 4.40227037e+04
4.40934457e+04 4.41869439e+04 4.43088249e+04 4.44647404e+04 4.46575034e+04 4.48883663e+04
4.51577054e+04 4.54644264e+04 4.58058363e+04 4.61818437e+04 4.65885513e+04 4.70241701e+04
4.74854098e+04 4.79694234e+04 4.84705108e+04 4.89786377e+04 4.94866338e+04 4.99950683e+04
5.05134539e+04 5.10693082e+04 5.17277950e+04 5.25807667e+04 5.37634572e+04 5.55042272e+04
5.82765273e+04 6.28752631e+04 7.02508344e+04 8.10423123e+04 9.43243787e+04 1.07567835e+05
1.15876254e+05 1.16846164e+05 1.11054429e+05 9.99600299e+04 8.54845687e+04 6.94136628e+04
5.34088710e+04 3.88385286e+04 2.65229178e+04 1.68898400e+04 1.02048475e+04 6.63818919e+03
6.11960462e+03 7.39471988e+03 9.83177186e+03 1.31662243e+04 1.70535085e+04 2.11469844e+04
2.51540821e+04 2.88616406e+04 3.21367465e+04 3.49143061e+04 3.71804365e+04 3.89567376e+04
4.02874817e+04 4.12301867e+04 4.18492471e+04 4.22106734e+04 4.23795485e+04 4.24178165e+04
4.23830153e+04 4.23261027e+04 4.22884390e+04 4.22981043e+04 4.23668763e+04 4.24903798e+04
4.26530274e+04 4.28354240e+04 4.30204952e+04 4.31958105e+04 4.33531455e+04 4.34891665e+04
4.36029721e+04 4.36938181e+04 4.37627172e+04 4.38144650e+04 4.38507545e+04 4.38740050e+04
4.38869269e+04 4.38921871e+04 4.38923191e+04 4.38896955e+04 4.38864926e+04 4.38847290e+04
4.38863481e+04 4.38933392e+04 4.39079469e+04 4.39328205e+04 4.39702497e+04 4.40225762e+04
4.40933320e+04 4.41868468e+04 4.43087482e+04 4.44646889e+04 4.46574835e+04 4.48883836e+04
4.51577642e+04 4.54645294e+04 4.58059849e+04 4.61820384e+04 4.65887910e+04 4.70244539e+04
4.74857373e+04 4.79697953e+04 4.84709228e+04 4.89790866e+04 4.94871184e+04 4.99955923e+04
5.05140176e+04 5.10699174e+04 5.17284647e+04 5.25814946e+04 5.37642171e+04 5.55049731e+04
5.82772010e+04 6.28757380e+04 7.02510179e+04 8.10421494e+04 9.43239439e+04 1.07567372e+05
1.15875922e+05 1.16845947e+05 1.11054285e+05 9.99599457e+04 8.54845217e+04 6.94136375e+04
5.34088582e+04 3.88385231e+04 2.65229161e+04 1.68898403e+04 1.02048486e+04 6.63819749e+03
6.11960828e+03 7.39473817e+03 9.83181784e+03 1.31663083e+04 1.70536375e+04 2.11471626e+04
2.51543106e+04 2.88619177e+04 3.21370679e+04 3.49146653e+04 3.71808257e+04 3.89571489e+04
4.02879073e+04 4.12306201e+04 4.18496832e+04 4.22111088e+04 4.23799802e+04 4.24182420e+04
4.23834319e+04 4.23265076e+04 4.22888286e+04 4.22984748e+04 4.23672235e+04 4.24906998e+04
4.26533171e+04 4.28356812e+04 4.30207191e+04 4.31960008e+04 4.33533026e+04 4.34892926e+04
4.36030689e+04 4.36938875e+04 4.37627590e+04 4.38144802e+04 4.38507445e+04 4.38739717e+04
4.38868726e+04 4.38921140e+04 4.38922295e+04 4.38895920e+04 4.38863777e+04 4.38846054e+04
4.38862187e+04 4.38932070e+04 4.39078150e+04 4.39326921e+04 4.39701278e+04 4.40224632e+04
4.40932306e+04 4.41867593e+04 4.43086782e+04 4.44646401e+04 4.46574616e+04 4.48883932e+04
4.51578088e+04 4.54646110e+04 4.58061043e+04 4.61821954e+04 4.65889842e+04 4.70246819e+04
4.74859992e+04 4.79700909e+04 4.84712478e+04 4.89794380e+04 4.94874947e+04 4.99959957e+04
5.05144472e+04 5.10703761e+04 5.17289617e+04 5.25820254e+04 5.37647588e+04 5.55054859e+04
5.82776317e+04 6.28759836e+04 7.02509973e+04 8.10418336e+04 9.43234340e+04 1.07566924e+05
1.15875670e+05 1.16845860e+05 1.11054311e+05 9.99600357e+04 8.54846332e+04 6.94137437e+04
5.34089463e+04 3.88385882e+04 2.65229590e+04 1.68898644e+04 1.02048591e+04 6.63820377e+03
6.11961061e+03 7.39474981e+03 9.83184719e+03 1.31663623e+04 1.70537219e+04 2.11472814e+04
2.51544663e+04 2.88621107e+04 3.21372964e+04 3.49149256e+04 3.71811127e+04 3.89574568e+04
4.02882306e+04 4.12309539e+04 4.18500237e+04 4.22114535e+04 4.23803268e+04 4.24185886e+04
4.23837768e+04 4.23268484e+04 4.22891627e+04 4.22987987e+04 4.23675333e+04 4.24909918e+04
4.26535878e+04 4.28359277e+04 4.30209399e+04 4.31961947e+04 4.33534692e+04 4.34894335e+04
4.36031850e+04 4.36939794e+04 4.37628261e+04 4.38145223e+04 4.38507627e+04 4.38739672e+04
4.38868470e+04 4.38920692e+04 4.38921677e+04 4.38895154e+04 4.38862887e+04 4.38845065e+04
4.38861128e+04 4.38930970e+04 4.39077040e+04 4.39325830e+04 4.39700234e+04 4.40223660e+04
4.40931428e+04 4.41866831e+04 4.43086164e+04 4.44645961e+04 4.46574400e+04 4.48883976e+04
4.51578419e+04 4.54646744e+04 4.58061980e+04 4.61823189e+04 4.65891360e+04 4.70248603e+04
4.74862029e+04 4.79703191e+04 4.84714968e+04 4.89797050e+04 4.94877780e+04 4.99962962e+04
5.05147637e+04 5.10707096e+04 5.17293172e+04 5.25823977e+04 5.37651289e+04 5.55058218e+04
5.82778884e+04 6.28760812e+04 7.02508698e+04 8.10414687e+04 9.43229368e+04 1.07566531e+05
1.15875489e+05 1.16845851e+05 1.11054425e+05 9.99602093e+04 8.54848179e+04 6.94139089e+04
5.34090790e+04 3.88386843e+04 2.65230212e+04 1.68898988e+04 1.02048735e+04 6.63820822e+03
6.11961192e+03 7.39475633e+03 9.83186377e+03 1.31663935e+04 1.70537722e+04 2.11473551e+04
2.51545668e+04 2.88622401e+04 3.21374548e+04 3.49151114e+04 3.71813224e+04 3.89576864e+04
4.02884758e+04 4.12312108e+04 4.18502892e+04 4.22117256e+04 4.23806035e+04 4.24188687e+04
4.23840588e+04 4.23271307e+04 4.22894431e+04 4.22990744e+04 4.23678012e+04 4.24912482e+04
4.26538295e+04 4.28361518e+04 4.30211445e+04 4.31963784e+04 4.33536311e+04 4.34895747e+04
4.36033059e+04 4.36940799e+04 4.37629050e+04 4.38145792e+04 4.38507978e+04 4.38739814e+04
4.38868415e+04 4.38920456e+04 4.38921277e+04 4.38894609e+04 4.38862219e+04 4.38844298e+04
4.38860287e+04 4.38930081e+04 4.39076132e+04 4.39324930e+04 4.39699367e+04 4.40222849e+04
4.40930693e+04 4.41866189e+04 4.43085640e+04 4.44645580e+04 4.46574200e+04 4.48883986e+04
4.51578658e+04 4.54647221e+04 4.58062695e+04 4.61824133e+04 4.65892517e+04 4.70249957e+04
4.74863564e+04 4.79704898e+04 4.84716815e+04 4.89799011e+04 4.94879839e+04 4.99965122e+04
5.05149883e+04 5.10709426e+04 5.17295611e+04 5.25826473e+04 5.37653697e+04 5.55060292e+04
5.82780272e+04 6.28760929e+04 7.02507038e+04 8.10411230e+04 9.43225060e+04 1.07566213e+05
1.15875364e+05 1.16845882e+05 1.11054570e+05 9.99604041e+04 8.54850169e+04 6.94140839e+04
5.34092180e+04 3.88387842e+04 2.65230855e+04 1.68899341e+04 1.02048880e+04 6.63821076e+03
6.11961235e+03 7.39475847e+03 9.83186942e+03 1.31664052e+04 1.70537935e+04 2.11473905e+04
2.51546208e+04 2.88623161e+04 3.21375547e+04 3.49152350e+04 3.71814681e+04 3.89578512e+04
4.02886563e+04 4.12314038e+04 4.18504918e+04 4.22119358e+04 4.23808197e+04 4.24190896e+04
4.23842832e+04 4.23273575e+04 4.22896705e+04 4.22993003e+04 4.23680228e+04 4.24914627e+04
4.26540340e+04 4.28363439e+04 4.30213222e+04 4.31965404e+04 4.33537764e+04 4.34897039e+04
4.36034192e+04 4.36941767e+04 4.37629840e+04 4.38146397e+04 4.38508399e+04 4.38740055e+04
4.38868484e+04 4.38920364e+04 4.38921038e+04 4.38894240e+04 4.38861737e+04 4.38843725e+04
4.38859643e+04 4.38929390e+04 4.39075418e+04 4.39324217e+04 4.39698677e+04 4.40222200e+04
4.40930102e+04 4.41865672e+04 4.43085215e+04 4.44645267e+04 4.46574028e+04 4.48883976e+04
4.51578824e+04 4.54647568e+04 4.58063221e+04 4.61824829e+04 4.65893367e+04 4.70250946e+04
4.74864678e+04 4.79706127e+04 4.84718132e+04 4.89800395e+04 4.94881276e+04 4.99966611e+04
5.05151408e+04 5.10710981e+04 5.17297204e+04 5.25828062e+04 5.37655174e+04 5.55061484e+04
5.82780921e+04 6.28760634e+04 7.02505439e+04 8.10408360e+04 9.43221683e+04 1.07565976e+05
1.15875284e+05 1.16845928e+05 1.11054708e+05 9.99605809e+04 8.54851942e+04 6.94142381e+04
5.34093399e+04 3.88388714e+04 2.65231414e+04 1.68899646e+04 1.02049004e+04 6.63821065e+03
6.11961179e+03 7.39475562e+03 9.83186262e+03 1.31663947e+04 1.70537821e+04 2.11473831e+04
2.51546236e+04 2.88623347e+04 3.21375933e+04 3.49152956e+04 3.71815506e+04 3.89579538e+04
4.02887760e+04 4.12315375e+04 4.18506364e+04 4.22120891e+04 4.23809796e+04 4.24192547e+04
4.23844524e+04 4.23275295e+04 4.22898441e+04 4.22994739e+04 4.23681944e+04 4.24916301e+04
4.26541949e+04 4.28364962e+04 4.30214646e+04 4.31966715e+04 4.33538953e+04 4.34898110e+04
4.36035145e+04 4.36942596e+04 4.37630532e+04 4.38146946e+04 4.38508802e+04 4.38740314e+04
4.38868606e+04 4.38920356e+04 4.38920910e+04 4.38894005e+04 4.38861409e+04 4.38843319e+04
4.38859178e+04 4.38928884e+04 4.39074890e+04 4.39323686e+04 4.39698160e+04 4.40221713e+04
4.40929657e+04 4.41865281e+04 4.43084892e+04 4.44645027e+04 4.46573890e+04 4.48883957e+04
4.51578933e+04 4.54647808e+04 4.58063587e+04 4.61825314e+04 4.65893959e+04 4.70251631e+04
4.74865444e+04 4.79706966e+04 4.84719023e+04 4.89801322e+04 4.94882226e+04 4.99967582e+04
5.05152387e+04 5.10711960e+04 5.17298184e+04 5.25829009e+04 5.37656017e+04 5.55062109e+04
5.82781157e+04 6.28760229e+04 7.02504160e+04 8.10406256e+04 9.43219305e+04 1.07565816e+05
1.15875237e+05 1.16845973e+05 1.11054820e+05 9.99607199e+04 8.54853317e+04 6.94143570e+04
5.34094335e+04 3.88389382e+04 2.65231840e+04 1.68899877e+04 1.02049096e+04 6.63820824e+03
6.11960944e+03 7.39474382e+03 9.83183356e+03 1.31663450e+04 1.70537141e+04 2.11473044e+04
2.51545449e+04 2.88622673e+04 3.21375464e+04 3.49152747e+04 3.71815575e+04 3.89579869e+04
4.02888317e+04 4.12316112e+04 4.18507239e+04 4.22121867e+04 4.23810845e+04 4.24193648e+04
4.23845663e+04 4.23276462e+04 4.22899625e+04 4.22995927e+04 4.23683124e+04 4.24917457e+04
4.26543067e+04 4.28366026e+04 4.30215646e+04 4.31967642e+04 4.33539801e+04 4.34898881e+04
4.36035837e+04 4.36943204e+04 4.37631047e+04 4.38147362e+04 4.38509117e+04 4.38740529e+04
4.38868724e+04 4.38920382e+04 4.38920851e+04 4.38893869e+04 4.38861206e+04 4.38843060e+04
4.38858875e+04 4.38928550e+04 4.39074539e+04 4.39323331e+04 4.39697814e+04 4.40221385e+04
4.40929358e+04 4.41865017e+04 4.43084673e+04 4.44644862e+04 4.46573794e+04 4.48883939e+04
4.51578998e+04 4.54647957e+04 4.58063818e+04 4.61825621e+04 4.65894332e+04 4.70252062e+04
4.74865923e+04 4.79707486e+04 4.84719570e+04 4.89801886e+04 4.94882798e+04 4.99968159e+04
5.05152960e+04 5.10712521e+04 5.17298731e+04 5.25829521e+04 5.37656452e+04 5.55062401e+04
5.82781209e+04 6.28759904e+04 7.02503332e+04 8.10404975e+04 9.43217911e+04 1.07565726e+05
1.15875217e+05 1.16846008e+05 1.11054897e+05 9.99608133e+04 8.54854233e+04 6.94144359e+04
5.34094954e+04 3.88389821e+04 2.65232118e+04 1.68900025e+04 1.02049152e+04 6.63820253e+03
6.11960244e+03 7.39470859e+03 9.83174696e+03 1.31661970e+04 1.70535113e+04 2.11470677e+04
2.51543027e+04 2.88620468e+04 3.21373670e+04 3.49151451e+04 3.71814770e+04 3.89579486e+04
4.02888263e+04 4.12316293e+04 4.18507579e+04 4.22122310e+04 4.23811353e+04 4.24194198e+04
4.23846241e+04 4.23277058e+04 4.22900232e+04 4.22996539e+04 4.23683733e+04 4.24918055e+04
4.26543646e+04 4.28366580e+04 4.30216169e+04 4.31968129e+04 4.33540247e+04 4.34899288e+04
4.36036205e+04 4.36943530e+04 4.37631325e+04 4.38147589e+04 4.38509292e+04 4.38740652e+04
4.38868795e+04 4.38920405e+04 4.38920829e+04 4.38893806e+04 4.38861108e+04 4.38842933e+04
4.38858724e+04 4.38928382e+04 4.39074361e+04 4.39323151e+04 4.39697638e+04 4.40221218e+04
4.40929205e+04 4.41864883e+04 4.43084561e+04 4.44644777e+04 4.46573744e+04 4.48883927e+04
4.51579028e+04 4.54648030e+04 4.58063931e+04 4.61825770e+04 4.65894513e+04 4.70252270e+04
4.74866154e+04 4.79707736e+04 4.84719832e+04 4.89802153e+04 4.94883068e+04 4.99968428e+04
5.05153223e+04 5.10712776e+04 5.17298974e+04 5.25829742e+04 5.37656632e+04 5.55062513e+04
5.82781213e+04 6.28759752e+04 7.02502988e+04 8.10404486e+04 9.43217437e+04 1.07565703e+05
1.15875221e+05 1.16846030e+05 1.11054931e+05 9.99608466e+04 8.54854504e+04 6.94144541e+04
5.34095044e+04 3.88389828e+04 2.65232055e+04 1.68899908e+04 1.02048996e+04 6.63819097e+03
1.00025249e+02 1.00126836e+02 1.00326472e+02 1.00617175e+02 1.00988658e+02 1.01427586e+02
1.01917972e+02 1.02441758e+02 1.02979636e+02 1.03512163e+02 1.04021169e+02 1.04491366e+02
1.04912016e+02 1.05278384e+02 1.05592701e+02 1.05864398e+02 1.06109207e+02 1.06347129e+02
1.06599803e+02 1.06887845e+02 1.07226158e+02 1.07617320e+02 1.08045721e+02 1.08477432e+02
1.08873018e+02 1.09202920e+02 1.09459498e+02 1.09643280e+02 1.09766044e+02 1.09841386e+02
1.09880688e+02 1.09892733e+02 1.09884311e+02 1.09860340e+02 1.09823435e+02 1.09776211e+02
1.09719258e+02 1.09652781e+02 1.09577466e+02 1.09493573e+02 1.09401192e+02 1.09300440e+02
1.09191360e+02 1.09073776e+02 1.08947487e+02 1.08813420e+02 1.08674345e+02 1.08531910e+02
1.08385881e+02 1.08236014e+02 1.08081904e+02 1.07923065e+02 1.07759015e+02 1.07589089e+02
1.07412220e+02 1.07227711e+02 1.07034483e+02 1.06829062e+02 1.06608029e+02 1.06365017e+02
1.06091383e+02 1.05774911e+02 1.05397093e+02 1.04928269e+02 1.04320250e+02 1.03496924e+02
1.02322148e+02 1.00605834e+02 9.81286071e+01 9.47209971e+01 9.03418119e+01 8.50928865e+01
7.91634197e+01 7.27642588e+01 6.60895820e+01 5.93039585e+01 5.25435248e+01 4.59208370e+01
3.95296704e+01 3.34486812e+01 2.77441619e+01 2.24721114e+01 1.76798181e+01 1.34070719e+01
9.68710001e+00 6.54729788e+00 4.00979545e+00 2.09187614e+00 8.06276698e-01 1.61393619e-01
1.00025249e+02 1.00126835e+02 1.00326470e+02 1.00617173e+02 1.00988655e+02 1.01427583e+02
1.01917969e+02 1.02441754e+02 1.02979631e+02 1.03512158e+02 1.04021163e+02 1.04491359e+02
1.04912009e+02 1.05278377e+02 1.05592694e+02 1.05864391e+02 1.06109200e+02 1.06347121e+02
1.06599796e+02 1.06887839e+02 1.07226153e+02 1.07617315e+02 1.08045717e+02 1.08477429e+02
1.08873016e+02 1.09202918e+02 1.09459497e+02 1.09643279e+02 1.09766044e+02 1.09841385e+02
1.09880688e+02 1.09892732e+02 1.09884310e+02 1.09860340e+02 1.09823435e+02 1.09776211e+02
1.09719258e+02 1.09652781e+02 1.09577466e+02 1.09493573e+02 1.09401192e+02 1.09300440e+02
1.09191360e+02 1.09073776e+02 1.08947487e+02 1.08813420e+02 1.08674345e+02 1.08531910e+02
1.08385881e+02 1.08236014e+02 1.08081904e+02 1.07923065e+02 1.07759015e+02 1.07589089e+02
1.07412220e+02 1.07227711e+02 1.07034483e+02 1.06829062e+02 1.06608029e+02 1.06365016e+02
1.06091383e+02 1.05774910e+02 1.05397092e+02 1.04928268e+02 1.04320249e+02 1.03496923e+02
1.02322145e+02 1.00605829e+02 9.81285999e+01 9.47209871e+01 9.03417997e+01 8.50928730e+01
7.91634057e+01 7.27642451e+01 6.60895690e+01 5.93039465e+01 5.25435139e+01 4.59208272e+01
3.95296617e+01 3.34486736e+01 2.77441554e+01 2.24721059e+01 1.76798136e+01 1.34070683e+01
9.68709727e+00 6.54729592e+00 4.00979418e+00 2.09187546e+00 8.06276533e-01 1.61393563e-01
1.00025251e+02 1.00126844e+02 1.00326485e+02 1.00617187e+02 1.00988664e+02 1.01427585e+02
1.01917964e+02 1.02441742e+02 1.02979612e+02 1.03512133e+02 1.04021133e+02 1.04491325e+02
1.04911970e+02 1.05278334e+02 1.05592648e+02 1.05864341e+02 1.06109148e+02 1.06347068e+02
1.06599743e+02 1.06887788e+02 1.07226107e+02 1.07617277e+02 1.08045687e+02 1.08477407e+02
1.08872999e+02 1.09202906e+02 1.09459488e+02 1.09643272e+02 1.09766039e+02 1.09841382e+02
1.09880686e+02 1.09892731e+02 1.09884309e+02 1.09860339e+02 1.09823434e+02 1.09776210e+02
1.09719257e+02 1.09652781e+02 1.09577465e+02 1.09493573e+02 1.09401192e+02 1.09300440e+02
1.09191360e+02 1.09073776e+02 1.08947487e+02 1.08813420e+02 1.08674345e+02 1.08531910e+02
1.08385881e+02 1.08236014e+02 1.08081904e+02 1.07923064e+02 1.07759015e+02 1.07589089e+02
1.07412219e+02 1.07227710e+02 1.07034482e+02 1.06829062e+02 1.06608028e+02 1.06365015e+02
1.06091381e+02 1.05774908e+02 1.05397089e+02 1.04928262e+02 1.04320239e+02 1.03496905e+02
1.02322115e+02 1.00605781e+02 9.81285303e+01 9.47208970e+01 9.03416954e+01 8.50927609e+01
7.91632919e+01 7.27641348e+01 6.60894650e+01 5.93038504e+01 5.25434265e+01 4.59207490e+01
3.95295925e+01 3.34486131e+01 2.77441034e+01 2.24720620e+01 1.76797774e+01 1.34070395e+01
9.68707535e+00 6.54728029e+00 4.00978411e+00 2.09186994e+00 8.06274263e-01 1.61393121e-01
1.00025251e+02 1.00126845e+02 1.00326485e+02 1.00617180e+02 1.00988644e+02 1.01427547e+02
1.01917906e+02 1.02441664e+02 1.02979516e+02 1.03512020e+02 1.04021005e+02 1.04491184e+02
1.04911818e+02 1.05278172e+02 1.05592477e+02 1.05864164e+02 1.06108966e+02 1.06346884e+02
1.06599563e+02 1.06887620e+02 1.07225957e+02 1.07617153e+02 1.08045589e+02 1.08477333e+02
1.08872943e+02 1.09202865e+02 1.09459458e+02 1.09643250e+02 1.09766024e+02 1.09841371e+02
1.09880678e+02 1.09892725e+02 1.09884304e+02 1.09860335e+02 1.09823431e+02 1.09776208e+02
1.09719255e+02 1.09652779e+02 1.09577464e+02 1.09493571e+02 1.09401191e+02 1.09300439e+02
1.09191359e+02 1.09073775e+02 1.08947486e+02 1.08813419e+02 1.08674344e+02 1.08531910e+02
1.08385880e+02 1.08236014e+02 1.08081903e+02 1.07923064e+02 1.07759014e+02 1.07589088e+02
1.07412218e+02 1.07227709e+02 1.07034481e+02 1.06829060e+02 1.06608025e+02 1.06365012e+02
1.06091375e+02 1.05774899e+02 1.05397075e+02 1.04928241e+02 1.04320205e+02 1.03496850e+02
1.02322025e+02 1.00605636e+02 9.81283155e+01 9.47206105e+01 9.03413560e+01 8.50923910e+01
7.91629133e+01 7.27637662e+01 6.60891164e+01 5.93035279e+01 5.25431333e+01 4.59204861e+01
3.95293598e+01 3.34484100e+01 2.77439287e+01 2.24719146e+01 1.76796561e+01 1.34069429e+01
9.68700179e+00 6.54722790e+00 4.00975035e+00 2.09185150e+00 8.06266870e-01 1.61391629e-01
1.00025249e+02 1.00126833e+02 1.00326456e+02 1.00617126e+02 1.00988556e+02 1.01427419e+02
1.01917735e+02 1.02441451e+02 1.02979263e+02 1.03511732e+02 1.04020685e+02 1.04490836e+02
1.04911447e+02 1.05277781e+02 1.05592070e+02 1.05863744e+02 1.06108538e+02 1.06346456e+02
1.06599148e+02 1.06887231e+02 1.07225610e+02 1.07616865e+02 1.08045363e+02 1.08477161e+02
1.08872814e+02 1.09202769e+02 1.09459388e+02 1.09643199e+02 1.09765988e+02 1.09841346e+02
1.09880660e+02 1.09892711e+02 1.09884293e+02 1.09860327e+02 1.09823424e+02 1.09776202e+02
1.09719250e+02 1.09652774e+02 1.09577460e+02 1.09493568e+02 1.09401188e+02 1.09300437e+02
1.09191357e+02 1.09073773e+02 1.08947485e+02 1.08813418e+02 1.08674343e+02 1.08531908e+02
1.08385879e+02 1.08236012e+02 1.08081901e+02 1.07923061e+02 1.07759012e+02 1.07589085e+02
1.07412215e+02 1.07227705e+02 1.07034477e+02 1.06829054e+02 1.06608018e+02 1.06365003e+02
1.06091361e+02 1.05774878e+02 1.05397042e+02 1.04928192e+02 1.04320128e+02 1.03496726e+02
1.02321823e+02 1.00605311e+02 9.81278303e+01 9.47199572e+01 9.03405750e+01 8.50915347e+01
7.91620337e+01 7.27629075e+01 6.60883031e+01 5.93027749e+01 5.25424481e+01 4.59198716e+01
3.95288159e+01 3.34479350e+01 2.77435203e+01 2.24715702e+01 1.76793728e+01 1.34067175e+01
9.68683065e+00 6.54710632e+00 4.00967228e+00 2.09180906e+00 8.06249977e-01 1.61388212e-01
1.00025243e+02 1.00126806e+02 1.00326387e+02 1.00616999e+02 1.00988361e+02 1.01427148e+02
1.01917386e+02 1.02441025e+02 1.02978764e+02 1.03511167e+02 1.04020063e+02 1.04490164e+02
1.04910734e+02 1.05277033e+02 1.05591296e+02 1.05862950e+02 1.06107734e+02 1.06345654e+02
1.06598372e+02 1.06886506e+02 1.07224962e+02 1.07616325e+02 1.08044934e+02 1.08476833e+02
1.08872566e+02 1.09202585e+02 1.09459252e+02 1.09643101e+02 1.09765919e+02 1.09841298e+02
1.09880626e+02 1.09892684e+02 1.09884272e+02 1.09860311e+02 1.09823410e+02 1.09776190e+02
1.09719240e+02 1.09652766e+02 1.09577453e+02 1.09493562e+02 1.09401183e+02 1.09300432e+02
1.09191353e+02 1.09073770e+02 1.08947481e+02 1.08813415e+02 1.08674340e+02 1.08531905e+02
1.08385876e+02 1.08236009e+02 1.08081898e+02 1.07923057e+02 1.07759007e+02 1.07589080e+02
1.07412209e+02 1.07227699e+02 1.07034471e+02 1.06829044e+02 1.06608004e+02 1.06364985e+02
1.06091334e+02 1.05774836e+02 1.05396979e+02 1.04928095e+02 1.04319980e+02 1.03496492e+02
1.02321444e+02 1.00604702e+02 9.81269204e+01 9.47187296e+01 9.03391019e+01 8.50899147e+01
7.91603668e+01 7.27612770e+01 6.60867570e+01 5.93013421e+01 5.25411433e+01 4.59187009e+01
3.95277794e+01 3.34470300e+01 2.77427427e+01 2.24709153e+01 1.76788351e+01 1.34062910e+01
9.68650796e+00 6.54687815e+00 4.00952661e+00 2.09173034e+00 8.06218848e-01 1.61381920e-01
1.00025234e+02 1.00126758e+02 1.00326269e+02 1.00616784e+02 1.00988030e+02 1.01426691e+02
1.01916799e+02 1.02440311e+02 1.02977932e+02 1.03510227e+02 1.04019029e+02 1.04489051e+02
1.04909555e+02 1.05275803e+02 1.05590025e+02 1.05861652e+02 1.06106423e+02 1.06344352e+02
1.06597112e+02 1.06885327e+02 1.07223905e+02 1.07615435e+02 1.08044219e+02 1.08476282e+02
1.08872146e+02 1.09202272e+02 1.09459022e+02 1.09642935e+02 1.09765802e+02 1.09841214e+02
1.09880567e+02 1.09892637e+02 1.09884235e+02 1.09860283e+02 1.09823385e+02 1.09776169e+02
1.09719223e+02 1.09652751e+02 1.09577440e+02 1.09493551e+02 1.09401174e+02 1.09300425e+02
1.09191347e+02 1.09073764e+02 1.08947476e+02 1.08813409e+02 1.08674335e+02 1.08531901e+02
1.08385871e+02 1.08236004e+02 1.08081891e+02 1.07923050e+02 1.07758999e+02 1.07589072e+02
1.07412199e+02 1.07227687e+02 1.07034458e+02 1.06829025e+02 1.06607980e+02 1.06364953e+02
1.06091286e+02 1.05774763e+02 1.05396869e+02 1.04927929e+02 1.04319727e+02 1.03496095e+02
1.02320808e+02 1.00603689e+02 9.81254133e+01 9.47167003e+01 9.03366642e+01 8.50872303e+01
7.91576018e+01 7.27585679e+01 6.60841852e+01 5.92989566e+01 5.25389698e+01 4.59167497e+01
3.95260520e+01 3.34455228e+01 2.77414494e+01 2.24698281e+01 1.76779452e+01 1.34055878e+01
9.68597848e+00 6.54650594e+00 4.00929049e+00 2.09160356e+00 8.06168980e-01 1.61371857e-01
1.00025220e+02 1.00126691e+02 1.00326099e+02 1.00616471e+02 1.00987546e+02 1.01426019e+02
1.01915933e+02 1.02439254e+02 1.02976696e+02 1.03508830e+02 1.04017493e+02 1.04487398e+02
1.04907807e+02 1.05273981e+02 1.05588149e+02 1.05859741e+02 1.06104497e+02 1.06342441e+02
1.06595263e+02 1.06883592e+02 1.07222341e+02 1.07614103e+02 1.08043136e+02 1.08475434e+02
1.08871496e+02 1.09201784e+02 1.09458662e+02 1.09642675e+02 1.09765617e+02 1.09841083e+02
1.09880475e+02 1.09892564e+02 1.09884176e+02 1.09860238e+02 1.09823347e+02 1.09776137e+02
1.09719196e+02 1.09652728e+02 1.09577421e+02 1.09493534e+02 1.09401161e+02 1.09300413e+02
1.09191336e+02 1.09073754e+02 1.08947467e+02 1.08813401e+02 1.08674326e+02 1.08531893e+02
1.08385862e+02 1.08235995e+02 1.08081881e+02 1.07923039e+02 1.07758987e+02 1.07589058e+02
1.07412182e+02 1.07227668e+02 1.07034438e+02 1.06828996e+02 1.06607942e+02 1.06364904e+02
1.06091210e+02 1.05774648e+02 1.05396695e+02 1.04927670e+02 1.04319332e+02 1.03495479e+02
1.02319830e+02 1.00602146e+02 9.81231322e+01 9.47136417e+01 9.03329915e+01 8.50831839e+01
7.91534312e+01 7.27544754e+01 6.60802961e+01 5.92953461e+01 5.25356780e+01 4.59137942e+01
3.95234362e+01 3.34432425e+01 2.77394960e+01 2.24681903e+01 1.76766091e+01 1.34045366e+01
9.68519118e+00 6.54595572e+00 4.00894353e+00 2.09141827e+00 8.06096398e-01 1.61357233e-01
1.00025202e+02 1.00126603e+02 1.00325876e+02 1.00616059e+02 1.00986903e+02 1.01425119e+02
1.01914766e+02 1.02437824e+02 1.02975018e+02 1.03506927e+02 1.04015395e+02 1.04485138e+02
1.04905418e+02 1.05271493e+02 1.05585591e+02 1.05857140e+02 1.06101881e+02 1.06339848e+02
1.06592750e+02 1.06881227e+02 1.07220194e+02 1.07612251e+02 1.08041608e+02 1.08474221e+02
1.08870556e+02 1.09201073e+02 1.09458136e+02 1.09642293e+02 1.09765344e+02 1.09840889e+02
1.09880339e+02 1.09892455e+02 1.09884090e+02 1.09860171e+02 1.09823289e+02 1.09776088e+02
1.09719156e+02 1.09652694e+02 1.09577392e+02 1.09493509e+02 1.09401140e+02 1.09300395e+02
1.09191321e+02 1.09073739e+02 1.08947453e+02 1.08813388e+02 1.08674314e+02 1.08531881e+02
1.08385850e+02 1.08235982e+02 1.08081866e+02 1.07923023e+02 1.07758968e+02 1.07589037e+02
1.07412157e+02 1.07227639e+02 1.07034407e+02 1.06828952e+02 1.06607885e+02 1.06364832e+02
1.06091098e+02 1.05774478e+02 1.05396440e+02 1.04927288e+02 1.04318755e+02 1.03494586e+02
1.02318422e+02 1.00599948e+02 9.81199104e+01 9.47093456e+01 9.03278404e+01 8.50775087e+01
7.91475790e+01 7.27487247e+01 6.60748252e+01 5.92902623e+01 5.25310406e+01 4.59096301e+01
3.95197526e+01 3.34400352e+01 2.77367540e+01 2.24658976e+01 1.76747456e+01 1.34030769e+01
9.68410322e+00 6.54519930e+00 4.00846889e+00 2.09116588e+00 8.05997833e-01 1.61337399e-01
1.00025180e+02 1.00126496e+02 1.00325604e+02 1.00615553e+02 1.00986108e+02 1.01424000e+02
1.01913304e+02 1.02436021e+02 1.02972890e+02 1.03504505e+02 1.04012717e+02 1.04482248e+02
1.04902360e+02 1.05268310e+02 1.05582322e+02 1.05853819e+02 1.06098545e+02 1.06336542e+02
1.06589539e+02 1.06878192e+02 1.07217416e+02 1.07609823e+02 1.08039573e+02 1.08472581e+02
1.08869269e+02 1.09200093e+02 1.09457407e+02 1.09641760e+02 1.09764961e+02 1.09840617e+02
1.09880148e+02 1.09892301e+02 1.09883966e+02 1.09860074e+02 1.09823207e+02 1.09776019e+02
1.09719099e+02 1.09652645e+02 1.09577351e+02 1.09493474e+02 1.09401111e+02 1.09300370e+02
1.09191298e+02 1.09073719e+02 1.08947434e+02 1.08813370e+02 1.08674297e+02 1.08531865e+02
1.08385833e+02 1.08235964e+02 1.08081845e+02 1.07923000e+02 1.07758942e+02 1.07589007e+02
1.07412121e+02 1.07227598e+02 1.07034362e+02 1.06828889e+02 1.06607805e+02 1.06364733e+02
1.06090939e+02 1.05774237e+02 1.05396081e+02 1.04926756e+02 1.04317954e+02 1.03493356e+02
1.02316502e+02 1.00596986e+02 9.81156067e+01 9.47036421e+01 9.03210161e+01 8.50699935e+01
7.91398264e+01 7.27410968e+01 6.60675599e+01 5.92835052e+01 5.25248735e+01 4.59040923e+01
3.95148569e+01 3.34357782e+01 2.77331220e+01 2.24628694e+01 1.76722929e+01 1.34011633e+01
9.68268323e+00 6.54421631e+00 4.00785455e+00 2.09084026e+00 8.05870974e-01 1.61311895e-01
1.00025155e+02 1.00126372e+02 1.00325288e+02 1.00614963e+02 1.00985177e+02 1.01422681e+02
1.01911573e+02 1.02433873e+02 1.02970342e+02 1.03501592e+02 1.04009485e+02 1.04478752e+02
1.04898656e+02 1.05264453e+02 1.05578360e+02 1.05849798e+02 1.06094508e+02 1.06332539e+02
1.06585642e+02 1.06874487e+02 1.07213994e+02 1.07606790e+02 1.08036990e+02 1.08470463e+02
1.08867589e+02 1.09198800e+02 1.09456437e+02 1.09641047e+02 1.09764446e+02 1.09840249e+02
1.09879886e+02 1.09892091e+02 1.09883798e+02 1.09859941e+02 1.09823095e+02 1.09775924e+02
1.09719020e+02 1.09652578e+02 1.09577295e+02 1.09493426e+02 1.09401070e+02 1.09300335e+02
1.09191268e+02 1.09073690e+02 1.08947407e+02 1.08813345e+02 1.08674273e+02 1.08531842e+02
1.08385810e+02 1.08235939e+02 1.08081816e+02 1.07922968e+02 1.07758905e+02 1.07588966e+02
1.07412072e+02 1.07227542e+02 1.07034298e+02 1.06828803e+02 1.06607695e+02 1.06364598e+02
1.06090726e+02 1.05773913e+02 1.05395599e+02 1.04926045e+02 1.04316891e+02 1.03491737e+02
1.02314001e+02 1.00593175e+02 9.81101184e+01 9.46964148e+01 9.03123907e+01 8.50605026e+01
7.91300318e+01 7.27314485e+01 6.60583593e+01 5.92749404e+01 5.25170527e+01 4.58970700e+01
3.95086532e+01 3.34303911e+01 2.77285353e+01 2.24590554e+01 1.76692135e+01 1.33987695e+01
9.68091344e+00 6.54299557e+00 4.00709405e+00 2.09043823e+00 8.05714627e-01 1.61280485e-01
1.00025127e+02 1.00126234e+02 1.00324937e+02 1.00614304e+02 1.00984135e+02 1.01421198e+02
1.01909616e+02 1.02431432e+02 1.02967433e+02 1.03498250e+02 1.04005765e+02 1.04474716e+02
1.04894374e+02 1.05259989e+02 1.05573775e+02 1.05845143e+02 1.06089834e+02 1.06327899e+02
1.06581110e+02 1.06870150e+02 1.07209949e+02 1.07603153e+02 1.08033842e+02 1.08467840e+02
1.08865480e+02 1.09197158e+02 1.09455197e+02 1.09640129e+02 1.09763777e+02 1.09839771e+02
1.09879538e+02 1.09891814e+02 1.09883575e+02 1.09859761e+02 1.09822946e+02 1.09775799e+02
1.09718917e+02 1.09652490e+02 1.09577221e+02 1.09493362e+02 1.09401016e+02 1.09300288e+02
1.09191227e+02 1.09073653e+02 1.08947373e+02 1.08813312e+02 1.08674242e+02 1.08531812e+02
1.08385779e+02 1.08235905e+02 1.08081778e+02 1.07922926e+02 1.07758857e+02 1.07588910e+02
1.07412007e+02 1.07227466e+02 1.07034211e+02 1.06828688e+02 1.06607549e+02 1.06364417e+02
1.06090447e+02 1.05773490e+02 1.05394974e+02 1.04925129e+02 1.04315532e+02 1.03489688e+02
1.02310869e+02 1.00588459e+02 9.81033910e+01 9.46876123e+01 9.03019142e+01 8.50489868e+01
7.91181433e+01 7.27197243e+01 6.60471665e+01 5.92645125e+01 5.25075266e+01 4.58885175e+01
3.95011027e+01 3.34238434e+01 2.77229711e+01 2.24544398e+01 1.76654975e+01 1.33958896e+01
9.67879090e+00 6.54153577e+00 4.00618697e+00 2.08995969e+00 8.05528787e-01 1.61243173e-01
1.00025097e+02 1.00126087e+02 1.00324560e+02 1.00613597e+02 1.00983011e+02 1.01419593e+02
1.01907488e+02 1.02428768e+02 1.02964244e+02 1.03494574e+02 1.04001657e+02 1.04470248e+02
1.04889622e+02 1.05255029e+02 1.05568675e+02 1.05839963e+02 1.06084626e+02 1.06322719e+02
1.06576029e+02 1.06865253e+02 1.07205335e+02 1.07598944e+02 1.08030140e+02 1.08464705e+02
1.08862925e+02 1.09195145e+02 1.09453661e+02 1.09638982e+02 1.09762935e+02 1.09839165e+02
1.09879090e+02 1.09891458e+02 1.09883288e+02 1.09859529e+02 1.09822754e+02 1.09775639e+02
1.09718782e+02 1.09652377e+02 1.09577125e+02 1.09493280e+02 1.09400947e+02 1.09300228e+02
1.09191174e+02 1.09073604e+02 1.08947327e+02 1.08813270e+02 1.08674201e+02 1.08531773e+02
1.08385738e+02 1.08235861e+02 1.08081728e+02 1.07922872e+02 1.07758795e+02 1.07588839e+02
1.07411923e+02 1.07227367e+02 1.07034094e+02 1.06828538e+02 1.06607360e+02 1.06364177e+02
1.06090095e+02 1.05772956e+02 1.05394190e+02 1.04923988e+02 1.04313854e+02 1.03487185e+02
1.02307084e+02 1.00582824e+02 9.80954265e+01 9.46772549e+01 9.02896214e+01 8.50354892e+01
7.91042048e+01 7.27059651e+01 6.60340177e+01 5.92522528e+01 5.24963229e+01 4.58784596e+01
3.94922293e+01 3.34161576e+01 2.77164510e+01 2.24490431e+01 1.76611633e+01 1.33925394e+01
9.67632804e+00 6.53984602e+00 4.00513918e+00 2.08940784e+00 8.05314726e-01 1.61200213e-01
1.00025066e+02 1.00125934e+02 1.00324168e+02 1.00612859e+02 1.00981838e+02 1.01417912e+02
1.01905253e+02 1.02425960e+02 1.02960871e+02 1.03490671e+02 1.03997282e+02 1.04465476e+02
1.04884536e+02 1.05249711e+02 1.05563199e+02 1.05834392e+02 1.06079016e+02 1.06317125e+02
1.06570515e+02 1.06859898e+02 1.07200234e+02 1.07594225e+02 1.08025923e+02 1.08461077e+02
1.08859927e+02 1.09192753e+02 1.09451818e+02 1.09637591e+02 1.09761906e+02 1.09838419e+02
1.09878528e+02 1.09891013e+02 1.09882929e+02 1.09859236e+02 1.09822513e+02 1.09775436e+02
1.09718612e+02 1.09652233e+02 1.09577004e+02 1.09493176e+02 1.09400858e+02 1.09300152e+02
1.09191107e+02 1.09073543e+02 1.08947270e+02 1.08813216e+02 1.08674150e+02 1.08531723e+02
1.08385686e+02 1.08235805e+02 1.08081666e+02 1.07922803e+02 1.07758716e+02 1.07588748e+02
1.07411816e+02 1.07227242e+02 1.07033943e+02 1.06828349e+02 1.06607121e+02 1.06363872e+02
1.06089659e+02 1.05772300e+02 1.05393235e+02 1.04922609e+02 1.04311846e+02 1.03484224e+02
1.02302653e+02 1.00576298e+02 9.80862859e+01 9.46654376e+01 9.02756334e+01 8.50201459e+01
7.90883561e+01 7.26903062e+01 6.60190394e+01 5.92382773e+01 5.24835461e+01 4.58669907e+01
3.94821167e+01 3.34074081e+01 2.77090397e+01 2.24429200e+01 1.76562560e+01 1.33887543e+01
9.67355141e+00 6.53794468e+00 4.00396218e+00 2.08878876e+00 8.05074798e-01 1.61152081e-01
1.00025035e+02 1.00125780e+02 1.00323771e+02 1.00612112e+02 1.00980646e+02 1.01416203e+02
1.01902975e+02 1.02423090e+02 1.02957414e+02 1.03486659e+02 1.03992772e+02 1.04460544e+02
1.04879266e+02 1.05244189e+02 1.05557502e+02 1.05828586e+02 1.06073155e+02 1.06311259e+02
1.06564701e+02 1.06854207e+02 1.07194754e+02 1.07589083e+02 1.08021254e+02 1.08457001e+02
1.08856513e+02 1.09189996e+02 1.09449667e+02 1.09635951e+02 1.09760678e+02 1.09837518e+02
1.09877841e+02 1.09890469e+02 1.09882490e+02 1.09858876e+02 1.09822215e+02 1.09775187e+02
1.09718403e+02 1.09652056e+02 1.09576855e+02 1.09493047e+02 1.09400749e+02 1.09300057e+02
1.09191024e+02 1.09073466e+02 1.08947199e+02 1.08813149e+02 1.08674085e+02 1.08531661e+02
1.08385622e+02 1.08235736e+02 1.08081589e+02 1.07922717e+02 1.07758618e+02 1.07588634e+02
1.07411684e+02 1.07227086e+02 1.07033754e+02 1.06828116e+02 1.06606826e+02 1.06363493e+02
1.06089132e+02 1.05771513e+02 1.05392102e+02 1.04920991e+02 1.04309513e+02 1.03480816e+02
1.02297616e+02 1.00568952e+02 9.80760848e+01 9.46523223e+01 9.02601495e+01 8.50031775e+01
7.90708248e+01 7.26729709e+01 6.60024433e+01 5.92227816e+01 5.24693746e+01 4.58542703e+01
3.94709062e+01 3.33977174e+01 2.77008418e+01 2.24361574e+01 1.76508455e+01 1.33845886e+01
9.67050094e+00 6.53585917e+00 4.00267294e+00 2.08811137e+00 8.04812464e-01 1.61099471e-01
1.00025005e+02 1.00125627e+02 1.00323380e+02 1.00611374e+02 1.00979468e+02 1.01414509e+02
1.01900714e+02 1.02420235e+02 1.02953967e+02 1.03482649e+02 1.03988255e+02 1.04455592e+02
1.04873963e+02 1.05238620e+02 1.05551744e+02 1.05822703e+02 1.06067197e+02 1.06305272e+02
1.06558731e+02 1.06848312e+02 1.07189016e+02 1.07583624e+02 1.08016224e+02 1.08452545e+02
1.08852727e+02 1.09186904e+02 1.09447225e+02 1.09634066e+02 1.09759247e+02 1.09836449e+02
1.09877018e+02 1.09889820e+02 1.09881962e+02 1.09858443e+02 1.09821856e+02 1.09774887e+02
1.09718149e+02 1.09651842e+02 1.09576672e+02 1.09492891e+02 1.09400615e+02 1.09299941e+02
1.09190921e+02 1.09073372e+02 1.08947112e+02 1.08813067e+02 1.08674007e+02 1.08531584e+02
1.08385542e+02 1.08235650e+02 1.08081495e+02 1.07922612e+02 1.07758499e+02 1.07588496e+02
1.07411523e+02 1.07226897e+02 1.07033525e+02 1.06827833e+02 1.06606470e+02 1.06363031e+02
1.06088499e+02 1.05770590e+02 1.05390791e+02 1.04919140e+02 1.04306877e+02 1.03477005e+02
1.02292042e+02 1.00560899e+02 9.80649911e+01 9.46381320e+01 9.02434370e+01 8.49848779e+01
7.90519141e+01 7.26542571e+01 6.59845130e+01 5.92060291e+01 5.24540479e+01 4.58405131e+01
3.94587868e+01 3.33872489e+01 2.76919951e+01 2.24288692e+01 1.76450228e+01 1.33801122e+01
9.66722753e+00 6.53362416e+00 4.00129281e+00 2.08738686e+00 8.04532057e-01 1.61043247e-01
1.00024975e+02 1.00125480e+02 1.00323003e+02 1.00610662e+02 1.00978330e+02 1.01412871e+02
1.01898524e+02 1.02417465e+02 1.02950617e+02 1.03478746e+02 1.03983848e+02 1.04450751e+02
1.04868768e+02 1.05233151e+02 1.05546076e+02 1.05816894e+02 1.06061294e+02 1.06299310e+02
1.06552748e+02 1.06842352e+02 1.07183149e+02 1.07577970e+02 1.08010937e+02 1.08447792e+02
1.08848640e+02 1.09183527e+02 1.09444520e+02 1.09631951e+02 1.09757618e+02 1.09835205e+02
1.09876054e+02 1.09889063e+02 1.09881343e+02 1.09857932e+02 1.09821432e+02 1.09774530e+02
1.09717847e+02 1.09651585e+02 1.09576454e+02 1.09492704e+02 1.09400454e+02 1.09299801e+02
1.09190798e+02 1.09073259e+02 1.08947007e+02 1.08812968e+02 1.08673912e+02 1.08531491e+02
1.08385446e+02 1.08235547e+02 1.08081381e+02 1.07922485e+02 1.07758355e+02 1.07588330e+02
1.07411331e+02 1.07226670e+02 1.07033252e+02 1.06827498e+02 1.06606049e+02 1.06362480e+02
1.06087753e+02 1.05769531e+02 1.05389310e+02 1.04917077e+02 1.04303976e+02 1.03472853e+02
1.02286028e+02 1.00552291e+02 9.80532168e+01 9.46231391e+01 9.02258169e+01 8.49655981e+01
7.90319856e+01 7.26345224e+01 6.59655894e+01 5.91883371e+01 5.24378557e+01 4.58259781e+01
3.94459857e+01 3.33761983e+01 2.76826647e+01 2.24211906e+01 1.76388954e+01 1.33754071e+01
9.66379099e+00 6.53128027e+00 3.99984678e+00 2.08662830e+00 8.04238612e-01 1.60984422e-01
1.00024948e+02 1.00125342e+02 1.00322646e+02 1.00609989e+02 1.00977253e+02 1.01411321e+02
1.01896450e+02 1.02414839e+02 1.02947437e+02 1.03475035e+02 1.03979652e+02 1.04446134e+02
1.04863802e+02 1.05227912e+02 1.05540631e+02 1.05811296e+02 1.06055582e+02 1.06293511e+02
1.06546886e+02 1.06836461e+02 1.07177286e+02 1.07572245e+02 1.08005513e+02 1.08442850e+02
1.08844338e+02 1.09179928e+02 1.09441597e+02 1.09629633e+02 1.09755806e+02 1.09833797e+02
1.09874950e+02 1.09888194e+02 1.09880629e+02 1.09857339e+02 1.09820938e+02 1.09774114e+02
1.09717494e+02 1.09651285e+02 1.09576198e+02 1.09492483e+02 1.09400264e+02 1.09299636e+02
1.09190651e+02 1.09073125e+02 1.08946883e+02 1.08812850e+02 1.08673799e+02 1.08531380e+02
1.08385331e+02 1.08235424e+02 1.08081246e+02 1.07922335e+02 1.07758184e+02 1.07588134e+02
1.07411105e+02 1.07226405e+02 1.07032933e+02 1.06827108e+02 1.06605566e+02 1.06361837e+02
1.06086889e+02 1.05768341e+02 1.05387677e+02 1.04914831e+02 1.04300859e+02 1.03468441e+02
1.02279699e+02 1.00543308e+02 9.80410052e+01 9.46076497e+01 9.02076467e+01 8.49457271e+01
7.90114403e+01 7.26141625e+01 6.59460514e+01 5.91700588e+01 5.24211201e+01 4.58109538e+01
3.94327564e+01 3.33647834e+01 2.76730334e+01 2.24132713e+01 1.76325820e+01 1.33705641e+01
9.66025713e+00 6.52887212e+00 3.99836220e+00 2.08584998e+00 8.03937645e-01 1.60924099e-01
1.00024922e+02 1.00125213e+02 1.00322316e+02 1.00609365e+02 1.00976256e+02 1.01409884e+02
1.01894526e+02 1.02412403e+02 1.02944484e+02 1.03471586e+02 1.03975747e+02 1.04441829e+02
1.04859165e+02 1.05223009e+02 1.05535521e+02 1.05806024e+02 1.06050178e+02 1.06287993e+02
1.06541267e+02 1.06830761e+02 1.07171552e+02 1.07566579e+02 1.08000075e+02 1.08437839e+02
1.08839918e+02 1.09176179e+02 1.09438510e+02 1.09627150e+02 1.09753834e+02 1.09832241e+02
1.09873717e+02 1.09887214e+02 1.09879819e+02 1.09856665e+02 1.09820373e+02 1.09773636e+02
1.09717087e+02 1.09650937e+02 1.09575900e+02 1.09492226e+02 1.09400041e+02 1.09299441e+02
1.09190479e+02 1.09072968e+02 1.08946737e+02 1.08812713e+02 1.08673666e+02 1.08531249e+02
1.08385196e+02 1.08235279e+02 1.08081088e+02 1.07922160e+02 1.07757986e+02 1.07587906e+02
1.07410843e+02 1.07226098e+02 1.07032566e+02 1.06826662e+02 1.06605016e+02 1.06361109e+02
1.06085920e+02 1.05767035e+02 1.05385914e+02 1.04912443e+02 1.04297588e+02 1.03463865e+02
1.02273199e+02 1.00534146e+02 9.80286158e+01 9.45919870e+01 9.01893012e+01 8.49256722e+01
7.89906977e+01 7.25935930e+01 6.59262975e+01 5.91515667e+01 5.24041818e+01 4.57957455e+01
3.94193669e+01 3.33532347e+01 2.76632950e+01 2.24052697e+01 1.76262083e+01 1.33656790e+01
9.65669548e+00 6.52644686e+00 3.99686807e+00 2.08506705e+00 8.03635001e-01 1.60863448e-01
1.00024899e+02 1.00125097e+02 1.00322017e+02 1.00608800e+02 1.00975351e+02 1.01408580e+02
1.01892780e+02 1.02410190e+02 1.02941801e+02 1.03468449e+02 1.03972192e+02 1.04437907e+02
1.04854933e+02 1.05218524e+02 1.05530833e+02 1.05801170e+02 1.06045178e+02 1.06282856e+02
1.06535994e+02 1.06825362e+02 1.07166062e+02 1.07561088e+02 1.07994741e+02 1.08432865e+02
1.08835476e+02 1.09172362e+02 1.09435323e+02 1.09624550e+02 1.09751738e+02 1.09830561e+02
1.09872369e+02 1.09886129e+02 1.09878918e+02 1.09855910e+02 1.09819738e+02 1.09773097e+02
1.09716624e+02 1.09650540e+02 1.09575558e+02 1.09491931e+02 1.09399783e+02 1.09299216e+02
1.09190279e+02 1.09072786e+02 1.08946568e+02 1.08812553e+02 1.08673512e+02 1.08531097e+02
1.08385038e+02 1.08235110e+02 1.08080905e+02 1.07921957e+02 1.07757757e+02 1.07587645e+02
1.07410544e+02 1.07225750e+02 1.07032151e+02 1.06826161e+02 1.06604401e+02 1.06360303e+02
1.06084863e+02 1.05765635e+02 1.05384056e+02 1.04909959e+02 1.04294232e+02 1.03459221e+02
1.02266663e+02 1.00525000e+02 9.80163078e+01 9.45764726e+01 9.01711526e+01 8.49058372e+01
7.89701743e+01 7.25732266e+01 6.59067245e+01 5.91332328e+01 5.23873815e+01 4.57806586e+01
3.94060854e+01 3.33417828e+01 2.76536429e+01 2.23973441e+01 1.76198996e+01 1.33608473e+01
9.65317526e+00 6.52405142e+00 3.99539314e+00 2.08429454e+00 8.03336475e-01 1.60803630e-01
1.00024878e+02 1.00124994e+02 1.00321750e+02 1.00608297e+02 1.00974546e+02 1.01407420e+02
1.01891226e+02 1.02408220e+02 1.02939412e+02 1.03465655e+02 1.03969025e+02 1.04434408e+02
1.04851153e+02 1.05214510e+02 1.05526627e+02 1.05796797e+02 1.06040650e+02 1.06278173e+02
1.06531149e+02 1.06820352e+02 1.07160913e+02 1.07555878e+02 1.07989620e+02 1.08428031e+02
1.08831106e+02 1.09168560e+02 1.09432105e+02 1.09621885e+02 1.09749557e+02 1.09828787e+02
1.09870923e+02 1.09884950e+02 1.09877932e+02 1.09855080e+02 1.09819035e+02 1.09772496e+02
1.09716107e+02 1.09650094e+02 1.09575173e+02 1.09491596e+02 1.09399490e+02 1.09298959e+02
1.09190049e+02 1.09072577e+02 1.08946373e+02 1.08812369e+02 1.08673334e+02 1.08530920e+02
1.08384856e+02 1.08234916e+02 1.08080695e+02 1.07921725e+02 1.07757497e+02 1.07587349e+02
1.07410209e+02 1.07225361e+02 1.07031690e+02 1.06825606e+02 1.06603726e+02 1.06359431e+02
1.06083734e+02 1.05764166e+02 1.05382137e+02 1.04907433e+02 1.04290862e+02 1.03454609e+02
1.02260230e+02 1.00516057e+02 9.80043281e+01 9.45614115e+01 9.01535527e+01 8.48866040e+01
7.89502644e+01 7.25534549e+01 6.58877091e+01 5.91154103e+01 5.23710428e+01 4.57659835e+01
3.93931670e+01 3.33306468e+01 2.76442611e+01 2.23896446e+01 1.76137746e+01 1.33561593e+01
9.64976193e+00 6.52173005e+00 3.99396452e+00 2.08354657e+00 8.03047511e-01 1.60745734e-01
1.00024860e+02 1.00124903e+02 1.00321518e+02 1.00607858e+02 1.00973845e+02 1.01406409e+02
1.01889872e+02 1.02406504e+02 1.02937330e+02 1.03463220e+02 1.03966262e+02 1.04431355e+02
1.04847849e+02 1.05210996e+02 1.05522933e+02 1.05792942e+02 1.06036637e+02 1.06273993e+02
1.06526787e+02 1.06815800e+02 1.07156183e+02 1.07551038e+02 1.07984805e+02 1.08423433e+02
1.08826899e+02 1.09164853e+02 1.09428923e+02 1.09619212e+02 1.09747335e+02 1.09826950e+02
1.09869405e+02 1.09883691e+02 1.09876872e+02 1.09854181e+02 1.09818269e+02 1.09771838e+02
1.09715536e+02 1.09649600e+02 1.09574744e+02 1.09491220e+02 1.09399160e+02 1.09298668e+02
1.09189789e+02 1.09072339e+02 1.08946153e+02 1.08812160e+02 1.08673132e+02 1.08530719e+02
1.08384648e+02 1.08234696e+02 1.08080457e+02 1.07921464e+02 1.07757205e+02 1.07587020e+02
1.07409836e+02 1.07224931e+02 1.07031184e+02 1.06825002e+02 1.06602996e+02 1.06358504e+02
1.06082554e+02 1.05762657e+02 1.05380199e+02 1.04904917e+02 1.04287549e+02 1.03450122e+02
1.02254027e+02 1.00507490e+02 9.79929009e+01 9.45470784e+01 9.01368176e+01 8.48683156e+01
7.89313228e+01 7.25346312e+01 6.58695922e+01 5.90984197e+01 5.23554608e+01 4.57519855e+01
3.93808452e+01 3.33200274e+01 2.76353178e+01 2.23823086e+01 1.76079421e+01 1.33516977e+01
9.64651539e+00 6.51952330e+00 3.99260709e+00 2.08283613e+00 8.02773118e-01 1.60690764e-01
1.00024845e+02 1.00124826e+02 1.00321320e+02 1.00607484e+02 1.00973245e+02 1.01405546e+02
1.01888716e+02 1.02405039e+02 1.02935554e+02 1.03461142e+02 1.03963905e+02 1.04428749e+02
1.04845027e+02 1.05207989e+02 1.05519763e+02 1.05789620e+02 1.06033159e+02 1.06270345e+02
1.06522946e+02 1.06811751e+02 1.07151930e+02 1.07546634e+02 1.07980374e+02 1.08419151e+02
1.08822933e+02 1.09161314e+02 1.09425843e+02 1.09616586e+02 1.09745118e+02 1.09825088e+02
1.09867842e+02 1.09882374e+02 1.09875753e+02 1.09853225e+02 1.09817448e+02 1.09771127e+02
1.09714915e+02 1.09649059e+02 1.09574271e+02 1.09490805e+02 1.09398793e+02 1.09298343e+02
1.09189498e+02 1.09072073e+02 1.08945905e+02 1.08811925e+02 1.08672904e+02 1.08530491e+02
1.08384415e+02 1.08234448e+02 1.08080192e+02 1.07921174e+02 1.07756883e+02 1.07586658e+02
1.07409429e+02 1.07224465e+02 1.07030639e+02 1.06824356e+02 1.06602221e+02 1.06357539e+02
1.06081347e+02 1.05761140e+02 1.05378280e+02 1.04902463e+02 1.04284359e+02 1.03445849e+02
1.02248168e+02 1.00499450e+02 9.79822182e+01 9.45337073e+01 9.01212165e+01 8.48512642e+01
7.89136521e+01 7.25170569e+01 6.58526651e+01 5.90825353e+01 5.23408872e+01 4.57388909e+01
3.93693185e+01 3.33100951e+01 2.76269559e+01 2.23754525e+01 1.76024939e+01 1.33475324e+01
9.64348599e+00 6.51746515e+00 3.99134160e+00 2.08217404e+00 8.02517455e-01 1.60639550e-01
1.00024832e+02 1.00124762e+02 1.00321154e+02 1.00607171e+02 1.00972745e+02 1.01404825e+02
1.01887752e+02 1.02403818e+02 1.02934074e+02 1.03459412e+02 1.03961943e+02 1.04426578e+02
1.04842675e+02 1.05205478e+02 1.05517109e+02 1.05786826e+02 1.06030216e+02 1.06267234e+02
1.06519642e+02 1.06808230e+02 1.07148191e+02 1.07542716e+02 1.07976384e+02 1.08415248e+02
1.08819275e+02 1.09158008e+02 1.09422924e+02 1.09614059e+02 1.09742950e+02 1.09823237e+02
1.09866265e+02 1.09881026e+02 1.09874594e+02 1.09852225e+02 1.09816581e+02 1.09770371e+02
1.09714250e+02 1.09648476e+02 1.09573759e+02 1.09490352e+02 1.09398391e+02 1.09297985e+02
1.09189175e+02 1.09071778e+02 1.08945630e+02 1.08811664e+02 1.08672650e+02 1.08530237e+02
1.08384154e+02 1.08234173e+02 1.08079899e+02 1.07920856e+02 1.07756531e+02 1.07586265e+02
1.07408991e+02 1.07223966e+02 1.07030060e+02 1.06823676e+02 1.06601410e+02 1.06356552e+02
1.06080136e+02 1.05759644e+02 1.05376420e+02 1.04900118e+02 1.04281352e+02 1.03441863e+02
1.02242749e+02 1.00492058e+02 9.79724332e+01 9.45214829e+01 9.01069610e+01 8.48356795e+01
7.88974907e+01 7.25009705e+01 6.58371590e+01 5.90679749e+01 5.23275226e+01 4.57268798e+01
3.93587454e+01 3.33009858e+01 2.76192893e+01 2.23691690e+01 1.75975030e+01 1.33437187e+01
9.64071364e+00 6.51558251e+00 3.99018448e+00 2.08156884e+00 8.02283812e-01 1.60592752e-01
1.00024822e+02 1.00124710e+02 1.00321020e+02 1.00606916e+02 1.00972338e+02 1.01404240e+02
1.01886968e+02 1.02402826e+02 1.02932872e+02 1.03458008e+02 1.03960351e+02 1.04424818e+02
1.04840766e+02 1.05203437e+02 1.05514945e+02 1.05784539e+02 1.06027792e+02 1.06264650e+02
1.06516869e+02 1.06805243e+02 1.07144979e+02 1.07539309e+02 1.07972871e+02 1.08411771e+02
1.08815975e+02 1.09154986e+02 1.09420216e+02 1.09611677e+02 1.09740872e+02 1.09821435e+02
1.09864703e+02 1.09879672e+02 1.09873415e+02 1.09851195e+02 1.09815680e+02 1.09769578e+02
1.09713548e+02 1.09647856e+02 1.09573209e+02 1.09489864e+02 1.09397953e+02 1.09297595e+02
1.09188822e+02 1.09071454e+02 1.08945328e+02 1.08811376e+02 1.08672369e+02 1.08529957e+02
1.08383867e+02 1.08233872e+02 1.08079578e+02 1.07920510e+02 1.07756152e+02 1.07585845e+02
1.07408524e+02 1.07223439e+02 1.07029455e+02 1.06822972e+02 1.06600582e+02 1.06355564e+02
1.06078945e+02 1.05758199e+02 1.05374653e+02 1.04897925e+02 1.04278577e+02 1.03438223e+02
1.02237841e+02 1.00485404e+02 9.79636560e+01 9.45105363e+01 9.00942002e+01 8.48217234e+01
7.88830068e+01 7.24865410e+01 6.58232384e+01 5.90548947e+01 5.23155111e+01 4.57160821e+01
3.93492399e+01 3.32927975e+01 2.76123996e+01 2.23635243e+01 1.75930216e+01 1.33402958e+01
9.63822663e+00 6.51389438e+00 3.98914731e+00 2.08102654e+00 8.02074496e-01 1.60550830e-01
1.00024814e+02 1.00124668e+02 1.00320913e+02 1.00606715e+02 1.00972016e+02 1.01403777e+02
1.01886349e+02 1.02402043e+02 1.02931925e+02 1.03456902e+02 1.03959098e+02 1.04423433e+02
1.04839263e+02 1.05201828e+02 1.05513235e+02 1.05782722e+02 1.06025852e+02 1.06262563e+02
1.06514606e+02 1.06802774e+02 1.07142290e+02 1.07536418e+02 1.07969852e+02 1.08408743e+02
1.08813064e+02 1.09152282e+02 1.09417757e+02 1.09609478e+02 1.09738922e+02 1.09819713e+02
1.09863187e+02 1.09878336e+02 1.09872236e+02 1.09850153e+02 1.09814759e+02 1.09768760e+02
1.09712818e+02 1.09647205e+02 1.09572629e+02 1.09489344e+02 1.09397485e+02 1.09297174e+02
1.09188440e+02 1.09071102e+02 1.08944999e+02 1.08811062e+02 1.08672063e+02 1.08529652e+02
1.08383555e+02 1.08233544e+02 1.08079233e+02 1.07920139e+02 1.07755748e+02 1.07585401e+02
1.07408035e+02 1.07222891e+02 1.07028833e+02 1.06822256e+02 1.06599752e+02 1.06354592e+02
1.06077796e+02 1.05756831e+02 1.05373008e+02 1.04895915e+02 1.04276069e+02 1.03434970e+02
1.02233493e+02 1.00479543e+02 9.79559520e+01 9.45009430e+01 9.00830193e+01 8.48094885e+01
7.88702975e+01 7.24738671e+01 6.58110006e+01 5.90433874e+01 5.23049388e+01 4.57065756e+01
3.93408705e+01 3.32855885e+01 2.76063354e+01 2.23585579e+01 1.75890803e+01 1.33372869e+01
9.63604141e+00 6.51241174e+00 3.98823674e+00 2.08055057e+00 8.01890822e-01 1.60514046e-01
1.00024808e+02 1.00124637e+02 1.00320831e+02 1.00606561e+02 1.00971771e+02 1.01403423e+02
1.01885877e+02 1.02401447e+02 1.02931204e+02 1.03456062e+02 1.03958148e+02 1.04422382e+02
1.04838124e+02 1.05200606e+02 1.05511932e+02 1.05781329e+02 1.06024354e+02 1.06260934e+02
1.06512816e+02 1.06800794e+02 1.07140101e+02 1.07534030e+02 1.07967322e+02 1.08406171e+02
1.08810556e+02 1.09149920e+02 1.09415572e+02 1.09607491e+02 1.09737128e+02 1.09818100e+02
1.09861741e+02 1.09877041e+02 1.09871076e+02 1.09849115e+02 1.09813830e+02 1.09767926e+02
1.09712067e+02 1.09646531e+02 1.09572022e+02 1.09488797e+02 1.09396989e+02 1.09296726e+02
1.09188030e+02 1.09070724e+02 1.08944645e+02 1.08810724e+02 1.08671733e+02 1.08529322e+02
1.08383218e+02 1.08233194e+02 1.08078864e+02 1.07919746e+02 1.07755323e+02 1.07584938e+02
1.07407529e+02 1.07222329e+02 1.07028202e+02 1.06821542e+02 1.06598937e+02 1.06353654e+02
1.06076708e+02 1.05755561e+02 1.05371509e+02 1.04894112e+02 1.04273852e+02 1.03432128e+02
1.02229727e+02 1.00474497e+02 9.79493430e+01 9.44927248e+01 9.00734413e+01 8.47990001e+01
7.88593911e+01 7.24629791e+01 6.58004770e+01 5.90334842e+01 5.22958351e+01 4.56983870e+01
3.93336607e+01 3.32793789e+01 2.76011133e+01 2.23542825e+01 1.75856888e+01 1.33346990e+01
9.63416281e+00 6.51113770e+00 3.98745457e+00 2.08014186e+00 8.01733132e-01 1.60482470e-01
1.00024803e+02 1.00124613e+02 1.00320772e+02 1.00606448e+02 1.00971591e+02 1.01403165e+02
1.01885533e+02 1.02401013e+02 1.02930680e+02 1.03455452e+02 1.03957458e+02 1.04421622e+02
1.04837299e+02 1.05199721e+02 1.05510983e+02 1.05780309e+02 1.06023245e+02 1.06259712e+02
1.06511453e+02 1.06799260e+02 1.07138375e+02 1.07532115e+02 1.07965262e+02 1.08404044e+02
1.08808451e+02 1.09147903e+02 1.09413674e+02 1.09605734e+02 1.09735510e+02 1.09816618e+02
1.09860388e+02 1.09875808e+02 1.09869955e+02 1.09848098e+02 1.09812907e+02 1.09767090e+02
1.09711306e+02 1.09645841e+02 1.09571397e+02 1.09488229e+02 1.09396471e+02 1.09296254e+02
1.09187597e+02 1.09070323e+02 1.08944268e+02 1.08810363e+02 1.08671380e+02 1.08528970e+02
1.08382860e+02 1.08232822e+02 1.08078476e+02 1.07919334e+02 1.07754882e+02 1.07584462e+02
1.07407012e+02 1.07221762e+02 1.07027574e+02 1.06820840e+02 1.06598149e+02 1.06352765e+02
1.06075698e+02 1.05754404e+02 1.05370170e+02 1.04892530e+02 1.04271936e+02 1.03429702e+02
1.02226544e+02 1.00470259e+02 9.79438103e+01 9.44858541e+01 9.00654327e+01 8.47902222e+01
7.88502522e+01 7.24538442e+01 6.57916380e+01 5.90251589e+01 5.22881771e+01 4.56914963e+01
3.93275928e+01 3.32741532e+01 2.75967195e+01 2.23506867e+01 1.75828377e+01 1.33325244e+01
9.63258504e+00 6.51006817e+00 3.98679823e+00 2.07979900e+00 8.01600881e-01 1.60455989e-01
1.00024800e+02 1.00124597e+02 1.00320730e+02 1.00606370e+02 1.00971467e+02 1.01402987e+02
1.01885296e+02 1.02400714e+02 1.02930321e+02 1.03455036e+02 1.03956989e+02 1.04421105e+02
1.04836738e+02 1.05199118e+02 1.05510335e+02 1.05779605e+02 1.06022469e+02 1.06258842e+02
1.06510462e+02 1.06798120e+02 1.07137066e+02 1.07530633e+02 1.07963637e+02 1.08402335e+02
1.08806730e+02 1.09146226e+02 1.09412063e+02 1.09604212e+02 1.09734079e+02 1.09815280e+02
1.09859143e+02 1.09874653e+02 1.09868889e+02 1.09847116e+02 1.09812005e+02 1.09766262e+02
1.09710546e+02 1.09645146e+02 1.09570761e+02 1.09487646e+02 1.09395935e+02 1.09295764e+02
1.09187144e+02 1.09069901e+02 1.08943871e+02 1.08809983e+02 1.08671007e+02 1.08528598e+02
1.08382483e+02 1.08232432e+02 1.08078071e+02 1.07918909e+02 1.07754430e+02 1.07583977e+02
1.07406492e+02 1.07221197e+02 1.07026956e+02 1.06820161e+02 1.06597401e+02 1.06351937e+02
1.06074777e+02 1.05753372e+02 1.05368999e+02 1.04891172e+02 1.04270319e+02 1.03427683e+02
1.02223921e+02 1.00466791e+02 9.79393005e+01 9.44802608e+01 9.00589109e+01 8.47830657e+01
7.88427903e+01 7.24463747e+01 6.57844011e+01 5.90183356e+01 5.22818962e+01 4.56858421e+01
3.93226129e+01 3.32698648e+01 2.75931147e+01 2.23477376e+01 1.75805005e+01 1.33307427e+01
9.63129298e+00 6.50919274e+00 3.98626124e+00 2.07951858e+00 8.01492742e-01 1.60434339e-01
1.00024798e+02 1.00124587e+02 1.00320704e+02 1.00606321e+02 1.00971388e+02 1.01402874e+02
1.01885146e+02 1.02400527e+02 1.02930097e+02 1.03454776e+02 1.03956698e+02 1.04420786e+02
1.04836393e+02 1.05198746e+02 1.05509932e+02 1.05779161e+02 1.06021968e+02 1.06258265e+02
1.06509786e+02 1.06797319e+02 1.07136119e+02 1.07529532e+02 1.07962401e+02 1.08401008e+02
1.08805365e+02 1.09144867e+02 1.09410730e+02 1.09602923e+02 1.09732840e+02 1.09814096e+02
1.09858017e+02 1.09873590e+02 1.09867889e+02 1.09846181e+02 1.09811134e+02 1.09765454e+02
1.09709796e+02 1.09644452e+02 1.09570121e+02 1.09487055e+02 1.09395388e+02 1.09295259e+02
1.09186676e+02 1.09069463e+02 1.08943457e+02 1.08809585e+02 1.08670618e+02 1.08528210e+02
1.08382091e+02 1.08232029e+02 1.08077654e+02 1.07918473e+02 1.07753971e+02 1.07583491e+02
1.07405973e+02 1.07220642e+02 1.07026358e+02 1.06819514e+02 1.06596701e+02 1.06351178e+02
1.06073951e+02 1.05752467e+02 1.05367996e+02 1.04890032e+02 1.04268988e+02 1.03426046e+02
1.02221820e+02 1.00464036e+02 9.79357315e+01 9.44758403e+01 9.00537538e+01 8.47773984e+01
7.88368706e+01 7.24404385e+01 6.57786409e+01 5.90128981e+01 5.22768865e+01 4.56813300e+01
3.93186380e+01 3.32664419e+01 2.75902382e+01 2.23453852e+01 1.75786372e+01 1.33293231e+01
9.63026408e+00 6.50849601e+00 3.98583407e+00 2.07929560e+00 8.01406774e-01 1.60417129e-01
1.00024797e+02 1.00124581e+02 1.00320690e+02 1.00606294e+02 1.00971345e+02 1.01402813e+02
1.01885065e+02 1.02400427e+02 1.02929978e+02 1.03454640e+02 1.03956547e+02 1.04420622e+02
1.04836216e+02 1.05198555e+02 1.05509721e+02 1.05778921e+02 1.06021687e+02 1.06257925e+02
1.06509366e+02 1.06796797e+02 1.07135475e+02 1.07528756e+02 1.07961502e+02 1.08400016e+02
1.08804319e+02 1.09143799e+02 1.09409655e+02 1.09601856e+02 1.09731788e+02 1.09813066e+02
1.09857017e+02 1.09872625e+02 1.09866967e+02 1.09845305e+02 1.09810307e+02 1.09764676e+02
1.09709066e+02 1.09643770e+02 1.09569485e+02 1.09486463e+02 1.09394836e+02 1.09294747e+02
1.09186197e+02 1.09069014e+02 1.08943030e+02 1.08809175e+02 1.08670217e+02 1.08527810e+02
1.08381687e+02 1.08231616e+02 1.08077230e+02 1.07918033e+02 1.07753511e+02 1.07583007e+02
1.07405464e+02 1.07220103e+02 1.07025786e+02 1.06818905e+02 1.06596056e+02 1.06350494e+02
1.06073222e+02 1.05751688e+02 1.05367155e+02 1.04889098e+02 1.04267922e+02 1.03424758e+02
1.02220189e+02 1.00461917e+02 9.79330008e+01 9.44724630e+01 9.00498106e+01 8.47730569e+01
7.88323257e+01 7.24358710e+01 6.57742006e+01 5.90087003e+01 5.22730150e+01 4.56778407e+01
3.93155633e+01 3.32637943e+01 2.75880138e+01 2.23435670e+01 1.75771978e+01 1.33282272e+01
9.62947033e+00 6.50795885e+00 3.98550492e+00 2.07912387e+00 8.01340585e-01 1.60403881e-01
1.00024796e+02 1.00124579e+02 1.00320684e+02 1.00606284e+02 1.00971329e+02 1.01402790e+02
1.01885036e+02 1.02400391e+02 1.02929937e+02 1.03454596e+02 1.03956500e+02 1.04420573e+02
1.04836165e+02 1.05198499e+02 1.05509655e+02 1.05778837e+02 1.06021573e+02 1.06257767e+02
1.06509147e+02 1.06796498e+02 1.07135077e+02 1.07528247e+02 1.07960886e+02 1.08399309e+02
1.08803549e+02 1.09142988e+02 1.09408811e+02 1.09600994e+02 1.09730911e+02 1.09812185e+02
1.09856141e+02 1.09871763e+02 1.09866128e+02 1.09844496e+02 1.09809530e+02 1.09763935e+02
1.09708363e+02 1.09643107e+02 1.09568861e+02 1.09485877e+02 1.09394285e+02 1.09294232e+02
1.09185714e+02 1.09068557e+02 1.08942596e+02 1.08808756e+02 1.08669806e+02 1.08527402e+02
1.08381277e+02 1.08231199e+02 1.08076803e+02 1.07917593e+02 1.07753055e+02 1.07582533e+02
1.07404970e+02 1.07219587e+02 1.07025246e+02 1.06818341e+02 1.06595468e+02 1.06349884e+02
1.06072590e+02 1.05751030e+02 1.05366462e+02 1.04888350e+02 1.04267090e+02 1.03423776e+02
1.02218968e+02 1.00460349e+02 9.79309925e+01 9.44699836e+01 9.00469124e+01 8.47698584e+01
7.88289677e+01 7.24324871e+01 6.57709032e+01 5.90055773e+01 5.22701308e+01 4.56752392e+01
3.93132700e+01 3.32618195e+01 2.75863552e+01 2.23422121e+01 1.75761259e+01 1.33274117e+01
9.62888022e+00 6.50755981e+00 3.98526057e+00 2.07899644e+00 8.01291494e-01 1.60394057e-01
1.00024796e+02 1.00124580e+02 1.00320685e+02 1.00606285e+02 1.00971332e+02 1.01402795e+02
1.01885044e+02 1.02400402e+02 1.02929953e+02 1.03454617e+02 1.03956527e+02 1.04420605e+02
1.04836201e+02 1.05198537e+02 1.05509689e+02 1.05778862e+02 1.06021579e+02 1.06257742e+02
1.06509076e+02 1.06796366e+02 1.07134868e+02 1.07527949e+02 1.07960496e+02 1.08398834e+02
1.08803007e+02 1.09142393e+02 1.09408168e+02 1.09600311e+02 1.09730195e+02 1.09811444e+02
1.09855386e+02 1.09871004e+02 1.09865375e+02 1.09843757e+02 1.09808810e+02 1.09763240e+02
1.09707696e+02 1.09642470e+02 1.09568256e+02 1.09485303e+02 1.09393742e+02 1.09293721e+02
1.09185231e+02 1.09068100e+02 1.08942159e+02 1.08808333e+02 1.08669392e+02 1.08526991e+02
1.08380865e+02 1.08230781e+02 1.08076378e+02 1.07917158e+02 1.07752608e+02 1.07582073e+02
1.07404495e+02 1.07219098e+02 1.07024742e+02 1.06817823e+02 1.06594940e+02 1.06349348e+02
1.06072048e+02 1.05750482e+02 1.05365905e+02 1.04887768e+02 1.04266462e+02 1.03423054e+02
1.02218091e+02 1.00459242e+02 9.79295859e+01 9.44682514e+01 9.00448846e+01 8.47676130e+01
7.88266014e+01 7.24300938e+01 6.57685638e+01 5.90033561e+01 5.22680759e+01 4.56733837e+01
3.93116335e+01 3.32604104e+01 2.75851722e+01 2.23412463e+01 1.75753626e+01 1.33268316e+01
9.62846082e+00 6.50727649e+00 3.98508724e+00 2.07890613e+00 8.01256714e-01 1.60387098e-01
1.00024797e+02 1.00124582e+02 1.00320690e+02 1.00606295e+02 1.00971347e+02 1.01402818e+02
1.01885075e+02 1.02400443e+02 1.02930004e+02 1.03454679e+02 1.03956600e+02 1.04420688e+02
1.04836293e+02 1.05198635e+02 1.05509789e+02 1.05778958e+02 1.06021663e+02 1.06257806e+02
1.06509108e+02 1.06796353e+02 1.07134797e+02 1.07527808e+02 1.07960279e+02 1.08398542e+02
1.08802648e+02 1.09141974e+02 1.09407692e+02 1.09599784e+02 1.09729620e+02 1.09810830e+02
1.09854743e+02 1.09870343e+02 1.09864707e+02 1.09843091e+02 1.09808151e+02 1.09762595e+02
1.09707069e+02 1.09641866e+02 1.09567676e+02 1.09484750e+02 1.09393214e+02 1.09293220e+02
1.09184755e+02 1.09067646e+02 1.08941724e+02 1.08807912e+02 1.08668980e+02 1.08526582e+02
1.08380456e+02 1.08230368e+02 1.08075961e+02 1.07916734e+02 1.07752176e+02 1.07581631e+02
1.07404045e+02 1.07218639e+02 1.07024277e+02 1.06817354e+02 1.06594470e+02 1.06348882e+02
1.06071589e+02 1.05750033e+02 1.05365463e+02 1.04887324e+02 1.04266002e+02 1.03422546e+02
1.02217493e+02 1.00458504e+02 9.79286614e+01 9.44671176e+01 9.00435549e+01 8.47661336e+01
7.88250337e+01 7.24284999e+01 6.57669988e+01 5.90018650e+01 5.22666931e+01 4.56721331e+01
3.93105298e+01 3.32594600e+01 2.75843747e+01 2.23405959e+01 1.75748491e+01 1.33264419e+01
9.62817956e+00 6.50708677e+00 3.98497131e+00 2.07884578e+00 8.01233493e-01 1.60382453e-01
1.00024797e+02 1.00124584e+02 1.00320697e+02 1.00606308e+02 1.00971369e+02 1.01402850e+02
1.01885119e+02 1.02400500e+02 1.02930074e+02 1.03454763e+02 1.03956698e+02 1.04420799e+02
1.04836415e+02 1.05198765e+02 1.05509924e+02 1.05779093e+02 1.06021793e+02 1.06257924e+02
1.06509205e+02 1.06796419e+02 1.07134821e+02 1.07527778e+02 1.07960188e+02 1.08398386e+02
1.08802428e+02 1.09141694e+02 1.09407350e+02 1.09599384e+02 1.09729166e+02 1.09810328e+02
1.09854203e+02 1.09869775e+02 1.09864121e+02 1.09842496e+02 1.09807555e+02 1.09762003e+02
1.09706488e+02 1.09641300e+02 1.09567128e+02 1.09484221e+02 1.09392707e+02 1.09292734e+02
1.09184291e+02 1.09067203e+02 1.08941297e+02 1.08807498e+02 1.08668574e+02 1.08526179e+02
1.08380055e+02 1.08229965e+02 1.08075555e+02 1.07916324e+02 1.07751762e+02 1.07581213e+02
1.07403623e+02 1.07218214e+02 1.07023852e+02 1.06816931e+02 1.06594056e+02 1.06348481e+02
1.06071205e+02 1.05749668e+02 1.05365119e+02 1.04886994e+02 1.04265677e+02 1.03422204e+02
1.02217111e+02 1.00458051e+02 9.79281068e+01 9.44664428e+01 9.00427614e+01 8.47652444e+01
7.88240831e+01 7.24275253e+01 6.57660351e+01 5.90009418e+01 5.22658337e+01 4.56713540e+01
3.93098414e+01 3.32588672e+01 2.75838777e+01 2.23401912e+01 1.75745303e+01 1.33262005e+01
9.62800567e+00 6.50696973e+00 3.98489994e+00 2.07880869e+00 8.01219236e-01 1.60379602e-01
1.00024798e+02 1.00124588e+02 1.00320705e+02 1.00606324e+02 1.00971394e+02 1.01402886e+02
1.01885168e+02 1.02400563e+02 1.02930152e+02 1.03454855e+02 1.03956804e+02 1.04420919e+02
1.04836547e+02 1.05198906e+02 1.05510072e+02 1.05779244e+02 1.06021943e+02 1.06258067e+02
1.06509335e+02 1.06796529e+02 1.07134902e+02 1.07527820e+02 1.07960181e+02 1.08398324e+02
1.08802309e+02 1.09141517e+02 1.09407112e+02 1.09599087e+02 1.09728811e+02 1.09809922e+02
1.09853754e+02 1.09869292e+02 1.09863613e+02 1.09841972e+02 1.09807022e+02 1.09761467e+02
1.09705956e+02 1.09640775e+02 1.09566615e+02 1.09483723e+02 1.09392225e+02 1.09292271e+02
1.09183845e+02 1.09066774e+02 1.08940884e+02 1.08807096e+02 1.08668180e+02 1.08525789e+02
1.08379666e+02 1.08229577e+02 1.08075167e+02 1.07915934e+02 1.07751371e+02 1.07580821e+02
1.07403231e+02 1.07217825e+02 1.07023467e+02 1.06816556e+02 1.06593694e+02 1.06348138e+02
1.06070885e+02 1.05749375e+02 1.05364853e+02 1.04886752e+02 1.04265454e+02 1.03421988e+02
1.02216888e+02 1.00457806e+02 9.79278215e+01 9.44661022e+01 9.00423594e+01 8.47647873e+01
7.88235860e+01 7.24270074e+01 6.57655162e+01 5.90004397e+01 5.22653630e+01 4.56709254e+01
3.93094620e+01 3.32585404e+01 2.75836042e+01 2.23399691e+01 1.75743559e+01 1.33260690e+01
9.62791138e+00 6.50690652e+00 3.98486154e+00 2.07878879e+00 8.01211604e-01 1.60378078e-01
1.00024799e+02 1.00124591e+02 1.00320713e+02 1.00606339e+02 1.00971419e+02 1.01402922e+02
1.01885216e+02 1.02400624e+02 1.02930227e+02 1.03454945e+02 1.03956907e+02 1.04421034e+02
1.04836673e+02 1.05199042e+02 1.05510215e+02 1.05779392e+02 1.06022092e+02 1.06258213e+02
1.06509476e+02 1.06796658e+02 1.07135011e+02 1.07527901e+02 1.07960225e+02 1.08398323e+02
1.08802258e+02 1.09141412e+02 1.09406951e+02 1.09598869e+02 1.09728537e+02 1.09809597e+02
1.09853384e+02 1.09868884e+02 1.09863177e+02 1.09841515e+02 1.09806550e+02 1.09760988e+02
1.09705474e+02 1.09640296e+02 1.09566143e+02 1.09483261e+02 1.09391774e+02 1.09291835e+02
1.09183423e+02 1.09066367e+02 1.08940489e+02 1.08806712e+02 1.08667803e+02 1.08525416e+02
1.08379297e+02 1.08229209e+02 1.08074800e+02 1.07915568e+02 1.07751006e+02 1.07580458e+02
1.07402872e+02 1.07217471e+02 1.07023123e+02 1.06816224e+02 1.06593380e+02 1.06347846e+02
1.06070619e+02 1.05749139e+02 1.05364649e+02 1.04886577e+02 1.04265305e+02 1.03421860e+02
1.02216776e+02 1.00457704e+02 9.79277194e+01 9.44659889e+01 9.00422246e+01 8.47646269e+01
7.88234020e+01 7.24268064e+01 6.57653072e+01 5.90002319e+01 5.22651645e+01 4.56707427e+01
3.93092994e+01 3.32584004e+01 2.75834874e+01 2.23398749e+01 1.75742827e+01 1.33260144e+01
9.62787267e+00 6.50688087e+00 3.98484611e+00 2.07878086e+00 8.01208583e-01 1.60377476e-01
1.00024799e+02 1.00124593e+02 1.00320721e+02 1.00606353e+02 1.00971441e+02 1.01402954e+02
1.01885259e+02 1.02400679e+02 1.02930294e+02 1.03455024e+02 1.03956999e+02 1.04421137e+02
1.04836786e+02 1.05199163e+02 1.05510343e+02 1.05779524e+02 1.06022227e+02 1.06258350e+02
1.06509609e+02 1.06796785e+02 1.07135127e+02 1.07527997e+02 1.07960294e+02 1.08398356e+02
1.08802249e+02 1.09141356e+02 1.09406844e+02 1.09598710e+02 1.09728327e+02 1.09809338e+02
1.09853081e+02 1.09868544e+02 1.09862806e+02 1.09841121e+02 1.09806138e+02 1.09760564e+02
1.09705045e+02 1.09639865e+02 1.09565714e+02 1.09482838e+02 1.09391359e+02 1.09291430e+02
1.09183030e+02 1.09065986e+02 1.08940119e+02 1.08806351e+02 1.08667448e+02 1.08525066e+02
1.08378950e+02 1.08228865e+02 1.08074458e+02 1.07915229e+02 1.07750670e+02 1.07580127e+02
1.07402547e+02 1.07217155e+02 1.07022818e+02 1.06815934e+02 1.06593109e+02 1.06347599e+02
1.06070400e+02 1.05748950e+02 1.05364492e+02 1.04886450e+02 1.04265209e+02 1.03421791e+02
1.02216735e+02 1.00457691e+02 9.79277308e+01 9.44660164e+01 9.00422564e+01 8.47646527e+01
7.88234161e+01 7.24268075e+01 6.57652969e+01 5.90002137e+01 5.22651420e+01 4.56707193e+01
3.93092775e+01 3.32583816e+01 2.75834724e+01 2.23398637e+01 1.75742749e+01 1.33260094e+01
9.62786977e+00 6.50687936e+00 3.98484544e+00 2.07878062e+00 8.01208515e-01 1.60377464e-01
1.00024800e+02 1.00124596e+02 1.00320727e+02 1.00606364e+02 1.00971459e+02 1.01402981e+02
1.01885295e+02 1.02400725e+02 1.02930350e+02 1.03455091e+02 1.03957075e+02 1.04421222e+02
1.04836880e+02 1.05199264e+02 1.05510450e+02 1.05779636e+02 1.06022342e+02 1.06258466e+02
1.06509726e+02 1.06796899e+02 1.07135234e+02 1.07528092e+02 1.07960369e+02 1.08398403e+02
1.08802262e+02 1.09141330e+02 1.09406774e+02 1.09598594e+02 1.09728165e+02 1.09809131e+02
1.09852834e+02 1.09868262e+02 1.09862494e+02 1.09840785e+02 1.09805783e+02 1.09760195e+02
1.09704667e+02 1.09639483e+02 1.09565331e+02 1.09482457e+02 1.09390984e+02 1.09291063e+02
1.09182671e+02 1.09065637e+02 1.08939779e+02 1.08806018e+02 1.08667121e+02 1.08524744e+02
1.08378631e+02 1.08228549e+02 1.08074147e+02 1.07914922e+02 1.07750367e+02 1.07579830e+02
1.07402257e+02 1.07216875e+02 1.07022551e+02 1.06815684e+02 1.06592878e+02 1.06347391e+02
1.06070219e+02 1.05748797e+02 1.05364370e+02 1.04886357e+02 1.04265146e+02 1.03421757e+02
1.02216734e+02 1.00457726e+02 9.79278024e+01 9.44661184e+01 9.00423769e+01 8.47647794e+01
7.88235392e+01 7.24269212e+01 6.57653988e+01 5.90003035e+01 5.22652205e+01 4.56707875e+01
3.93093367e+01 3.32584325e+01 2.75835158e+01 2.23399000e+01 1.75743046e+01 1.33260327e+01
9.62788723e+00 6.50689154e+00 3.98485310e+00 2.07878469e+00 8.01210109e-01 1.60377785e-01
1.00024800e+02 1.00124598e+02 1.00320731e+02 1.00606373e+02 1.00971473e+02 1.01403001e+02
1.01885323e+02 1.02400760e+02 1.02930394e+02 1.03455142e+02 1.03957134e+02 1.04421288e+02
1.04836952e+02 1.05199341e+02 1.05510532e+02 1.05779723e+02 1.06022433e+02 1.06258559e+02
1.06509820e+02 1.06796993e+02 1.07135325e+02 1.07528174e+02 1.07960438e+02 1.08398451e+02
1.08802283e+02 1.09141319e+02 1.09406726e+02 1.09598509e+02 1.09728040e+02 1.09808968e+02
1.09852635e+02 1.09868031e+02 1.09862236e+02 1.09840504e+02 1.09805482e+02 1.09759880e+02
1.09704342e+02 1.09639151e+02 1.09564997e+02 1.09482123e+02 1.09390653e+02 1.09290736e+02
1.09182351e+02 1.09065324e+02 1.08939473e+02 1.08805719e+02 1.08666827e+02 1.08524454e+02
1.08378345e+02 1.08228267e+02 1.08073869e+02 1.07914648e+02 1.07750100e+02 1.07579569e+02
1.07402005e+02 1.07216633e+02 1.07022322e+02 1.06815470e+02 1.06592683e+02 1.06347218e+02
1.06070069e+02 1.05748674e+02 1.05364273e+02 1.04886287e+02 1.04265103e+02 1.03421743e+02
1.02216752e+02 1.00457781e+02 9.79278962e+01 9.44662473e+01 9.00425306e+01 8.47649454e+01
7.88237066e+01 7.24270825e+01 6.57655495e+01 5.90004412e+01 5.22653444e+01 4.56708974e+01
3.93094329e+01 3.32585154e+01 2.75835859e+01 2.23399580e+01 1.75743511e+01 1.33260687e+01
9.62791371e+00 6.50690973e+00 3.98486439e+00 2.07879065e+00 8.01212419e-01 1.60378249e-01
1.00024800e+02 1.00124599e+02 1.00320735e+02 1.00606380e+02 1.00971484e+02 1.01403016e+02
1.01885342e+02 1.02400786e+02 1.02930425e+02 1.03455179e+02 1.03957176e+02 1.04421335e+02
1.04837004e+02 1.05199397e+02 1.05510592e+02 1.05779786e+02 1.06022499e+02 1.06258628e+02
1.06509891e+02 1.06797065e+02 1.07135395e+02 1.07528240e+02 1.07960494e+02 1.08398492e+02
1.08802303e+02 1.09141314e+02 1.09406693e+02 1.09598445e+02 1.09727944e+02 1.09808841e+02
1.09852477e+02 1.09867845e+02 1.09862026e+02 1.09840273e+02 1.09805234e+02 1.09759618e+02
1.09704069e+02 1.09638871e+02 1.09564713e+02 1.09481837e+02 1.09390368e+02 1.09290454e+02
1.09182074e+02 1.09065052e+02 1.08939207e+02 1.08805458e+02 1.08666571e+02 1.08524201e+02
1.08378096e+02 1.08228022e+02 1.08073628e+02 1.07914413e+02 1.07749870e+02 1.07579346e+02
1.07401790e+02 1.07216428e+02 1.07022129e+02 1.06815292e+02 1.06592522e+02 1.06347076e+02
1.06069948e+02 1.05748575e+02 1.05364197e+02 1.04886233e+02 1.04265072e+02 1.03421737e+02
1.02216774e+02 1.00457836e+02 9.79279879e+01 9.44663725e+01 9.00426809e+01 8.47651100e+01
7.88238754e+01 7.24272478e+01 6.57657062e+01 5.90005863e+01 5.22654761e+01 4.56710150e+01
3.93095360e+01 3.32586043e+01 2.75836609e+01 2.23400198e+01 1.75744005e+01 1.33261067e+01
9.62794151e+00 6.50692873e+00 3.98487613e+00 2.07879681e+00 8.01214807e-01 1.60378728e-01
1.00024801e+02 1.00124600e+02 1.00320737e+02 1.00606384e+02 1.00971490e+02 1.01403025e+02
1.01885355e+02 1.02400802e+02 1.02930445e+02 1.03455202e+02 1.03957203e+02 1.04421366e+02
1.04837037e+02 1.05199434e+02 1.05510632e+02 1.05779828e+02 1.06022543e+02 1.06258675e+02
1.06509940e+02 1.06797115e+02 1.07135445e+02 1.07528288e+02 1.07960536e+02 1.08398523e+02
1.08802319e+02 1.09141311e+02 1.09406669e+02 1.09598397e+02 1.09727870e+02 1.09808742e+02
1.09852354e+02 1.09867700e+02 1.09861860e+02 1.09840090e+02 1.09805035e+02 1.09759407e+02
1.09703849e+02 1.09638644e+02 1.09564481e+02 1.09481603e+02 1.09390133e+02 1.09290221e+02
1.09181844e+02 1.09064826e+02 1.08938985e+02 1.08805240e+02 1.08666357e+02 1.08523990e+02
1.08377889e+02 1.08227818e+02 1.08073428e+02 1.07914218e+02 1.07749680e+02 1.07579163e+02
1.07401614e+02 1.07216262e+02 1.07021973e+02 1.06815148e+02 1.06592393e+02 1.06346962e+02
1.06069852e+02 1.05748497e+02 1.05364137e+02 1.04886191e+02 1.04265049e+02 1.03421733e+02
1.02216793e+02 1.00457882e+02 9.79280639e+01 9.44664769e+01 9.00428074e+01 8.47652499e+01
7.88240203e+01 7.24273911e+01 6.57658433e+01 5.90007140e+01 5.22655927e+01 4.56711194e+01
3.93096277e+01 3.32586833e+01 2.75837276e+01 2.23400745e+01 1.75744441e+01 1.33261402e+01
9.62796595e+00 6.50694538e+00 3.98488639e+00 2.07880220e+00 8.01216889e-01 1.60379145e-01
1.00024801e+02 1.00124600e+02 1.00320738e+02 1.00606386e+02 1.00971493e+02 1.01403030e+02
1.01885362e+02 1.02400810e+02 1.02930455e+02 1.03455215e+02 1.03957217e+02 1.04421382e+02
1.04837056e+02 1.05199455e+02 1.05510654e+02 1.05779852e+02 1.06022570e+02 1.06258704e+02
1.06509971e+02 1.06797147e+02 1.07135478e+02 1.07528320e+02 1.07960564e+02 1.08398544e+02
1.08802330e+02 1.09141308e+02 1.09406650e+02 1.09598362e+02 1.09727817e+02 1.09808670e+02
1.09852264e+02 1.09867592e+02 1.09861737e+02 1.09839952e+02 1.09804886e+02 1.09759247e+02
1.09703681e+02 1.09638470e+02 1.09564303e+02 1.09481423e+02 1.09389952e+02 1.09290041e+02
1.09181665e+02 1.09064650e+02 1.08938812e+02 1.08805070e+02 1.08666190e+02 1.08523826e+02
1.08377727e+02 1.08227659e+02 1.08073273e+02 1.07914066e+02 1.07749533e+02 1.07579022e+02
1.07401479e+02 1.07216134e+02 1.07021854e+02 1.06815039e+02 1.06592295e+02 1.06346877e+02
1.06069779e+02 1.05748438e+02 1.05364092e+02 1.04886159e+02 1.04265030e+02 1.03421729e+02
1.02216806e+02 1.00457915e+02 9.79281192e+01 9.44665537e+01 9.00429013e+01 8.47653546e+01
7.88241297e+01 7.24275001e+01 6.57659481e+01 5.90008122e+01 5.22656826e+01 4.56712001e+01
3.93096988e+01 3.32587445e+01 2.75837791e+01 2.23401168e+01 1.75744778e+01 1.33261659e+01
9.62798470e+00 6.50695814e+00 3.98489424e+00 2.07880631e+00 8.01218476e-01 1.60379463e-01
1.00024801e+02 1.00124600e+02 1.00320738e+02 1.00606386e+02 1.00971494e+02 1.01403032e+02
1.01885363e+02 1.02400813e+02 1.02930458e+02 1.03455218e+02 1.03957222e+02 1.04421388e+02
1.04837063e+02 1.05199463e+02 1.05510664e+02 1.05779864e+02 1.06022583e+02 1.06258719e+02
1.06509987e+02 1.06797165e+02 1.07135497e+02 1.07528338e+02 1.07960580e+02 1.08398556e+02
1.08802335e+02 1.09141306e+02 1.09406637e+02 1.09598338e+02 1.09727781e+02 1.09808622e+02
1.09852203e+02 1.09867520e+02 1.09861654e+02 1.09839860e+02 1.09804785e+02 1.09759139e+02
1.09703567e+02 1.09638351e+02 1.09564181e+02 1.09481299e+02 1.09389828e+02 1.09289917e+02
1.09181542e+02 1.09064529e+02 1.08938692e+02 1.08804953e+02 1.08666074e+02 1.08523712e+02
1.08377616e+02 1.08227550e+02 1.08073166e+02 1.07913962e+02 1.07749433e+02 1.07578925e+02
1.07401387e+02 1.07216047e+02 1.07021773e+02 1.06814965e+02 1.06592228e+02 1.06346818e+02
1.06069730e+02 1.05748398e+02 1.05364061e+02 1.04886137e+02 1.04265017e+02 1.03421725e+02
1.02216813e+02 1.00457936e+02 9.79281540e+01 9.44666025e+01 9.00429616e+01 8.47654224e+01
7.88242009e+01 7.24275714e+01 6.57660171e+01 5.90008770e+01 5.22657421e+01 4.56712535e+01
3.93097458e+01 3.32587850e+01 2.75838132e+01 2.23401448e+01 1.75745000e+01 1.33261829e+01
9.62799703e+00 6.50696651e+00 3.98489939e+00 2.07880900e+00 8.01219515e-01 1.60379671e-01
1.00024801e+02 1.00124600e+02 1.00320738e+02 1.00606386e+02 1.00971493e+02 1.01403030e+02
1.01885362e+02 1.02400811e+02 1.02930457e+02 1.03455217e+02 1.03957221e+02 1.04421388e+02
1.04837064e+02 1.05199465e+02 1.05510667e+02 1.05779868e+02 1.06022588e+02 1.06258725e+02
1.06509994e+02 1.06797172e+02 1.07135505e+02 1.07528346e+02 1.07960587e+02 1.08398561e+02
1.08802337e+02 1.09141304e+02 1.09406631e+02 1.09598326e+02 1.09727763e+02 1.09808597e+02
1.09852173e+02 1.09867483e+02 1.09861612e+02 1.09839813e+02 1.09804733e+02 1.09759084e+02
1.09703509e+02 1.09638291e+02 1.09564119e+02 1.09481236e+02 1.09389764e+02 1.09289853e+02
1.09181478e+02 1.09064466e+02 1.08938630e+02 1.08804892e+02 1.08666014e+02 1.08523653e+02
1.08377558e+02 1.08227493e+02 1.08073111e+02 1.07913908e+02 1.07749380e+02 1.07578875e+02
1.07401340e+02 1.07216002e+02 1.07021731e+02 1.06814927e+02 1.06592194e+02 1.06346789e+02
1.06069705e+02 1.05748377e+02 1.05364045e+02 1.04886125e+02 1.04265010e+02 1.03421722e+02
1.02216816e+02 1.00457945e+02 9.79281705e+01 9.44666260e+01 9.00429908e+01 8.47654554e+01
7.88242357e+01 7.24276064e+01 6.57660510e+01 5.90009089e+01 5.22657714e+01 4.56712799e+01
3.93097690e+01 3.32588050e+01 2.75838300e+01 2.23401585e+01 1.75745109e+01 1.33261912e+01
9.62800306e+00 6.50697060e+00 3.98490190e+00 2.07881031e+00 8.01220021e-01 1.60379773e-01
-8.05197861e+03 -8.00493991e+03 -7.81839978e+03 -7.54176666e+03 -7.17883385e+03 -6.73536741e+03
-6.21955917e+03 -5.64269758e+03 -5.01984702e+03 -4.37029602e+03 -3.71744543e+03 -3.08792421e+03
-2.50978126e+03 -2.00989779e+03 -1.61102346e+03 -1.32832714e+03 -1.16622372e+03 -1.11749819e+03
-1.16508934e+03 -1.28040579e+03 -1.41846176e+03 -1.51951463e+03 -1.52382134e+03 -1.40331451e+03
-1.18038943e+03 -9.16799996e+02 -6.62404681e+02 -4.44348602e+02 -2.77085308e+02 -1.54914221e+02
-6.71083401e+01 -4.58392201e+00 3.97303043e+01 7.24365375e+01 9.72047132e+01 1.16978847e+02
1.34799934e+02 1.50723751e+02 1.64841100e+02 1.77889823e+02 1.90091378e+02 2.01551074e+02
2.12596070e+02 2.23478300e+02 2.34539156e+02 2.46057698e+02 2.57968015e+02 2.70560470e+02
2.84218459e+02 2.99189634e+02 3.15819404e+02 3.34313520e+02 3.55013286e+02 3.78740595e+02
4.05784331e+02 4.36447324e+02 4.74358135e+02 5.23058256e+02 5.87234717e+02 6.75234312e+02
7.97387395e+02 9.71084896e+02 1.22723609e+03 1.61982383e+03 2.23751216e+03 3.25096999e+03
4.90405260e+03 7.42950127e+03 1.09108172e+04 1.51414059e+04 1.96819341e+04 2.40862356e+04
2.80826448e+04 3.15849694e+04 3.46165965e+04 3.72397038e+04 3.95170910e+04 4.15008744e+04
4.32319678e+04 4.47425097e+04 4.60579234e+04 4.71984627e+04 4.81803277e+04 4.90165176e+04
4.97174032e+04 5.02910837e+04 5.07436953e+04 5.10797284e+04 5.13021932e+04 5.14680434e+04
-8.05179556e+03 -8.00490565e+03 -7.81839356e+03 -7.54175764e+03 -7.17882451e+03 -6.73535902e+03
-6.21955201e+03 -5.64269164e+03 -5.01984217e+03 -4.37029211e+03 -3.71744233e+03 -3.08792181e+03
-2.50977945e+03 -2.00989648e+03 -1.61102259e+03 -1.32832667e+03 -1.16622373e+03 -1.11749894e+03
-1.16509098e+03 -1.28040829e+03 -1.41846518e+03 -1.51951842e+03 -1.52382476e+03 -1.40331720e+03
-1.18039140e+03 -9.16801439e+02 -6.62405709e+02 -4.44349377e+02 -2.77085874e+02 -1.54914589e+02
-6.71085629e+01 -4.58405012e+00 3.97301990e+01 7.24364690e+01 9.72046755e+01 1.16978808e+02
1.34799905e+02 1.50723730e+02 1.64841082e+02 1.77889805e+02 1.90091363e+02 2.01551065e+02
2.12596064e+02 2.23478297e+02 2.34539153e+02 2.46057696e+02 2.57968012e+02 2.70560470e+02
2.84218461e+02 2.99189640e+02 3.15819413e+02 3.34313526e+02 3.55013293e+02 3.78740608e+02
4.05784349e+02 4.36447332e+02 4.74358175e+02 5.23058332e+02 5.87234796e+02 6.75234461e+02
7.97387658e+02 9.71085312e+02 1.22723671e+03 1.61982477e+03 2.23751373e+03 3.25097273e+03
4.90405749e+03 7.42950898e+03 1.09108271e+04 1.51414157e+04 1.96819413e+04 2.40862395e+04
2.80826451e+04 3.15849669e+04 3.46165922e+04 3.72396981e+04 3.95170844e+04 4.15008672e+04
4.32319601e+04 4.47425015e+04 4.60579146e+04 4.71984533e+04 4.81803177e+04 4.90165067e+04
4.97173912e+04 5.02910706e+04 5.07436808e+04 5.10797109e+04 5.13021765e+04 5.14680256e+04
-8.05245121e+03 -8.00523064e+03 -7.81846646e+03 -7.54169739e+03 -7.17872549e+03 -6.73525883e+03
-6.21946312e+03 -5.64261741e+03 -5.01978222e+03 -4.37024445e+03 -3.71740430e+03 -3.08789080e+03
-2.50975348e+03 -2.00987434e+03 -1.61100394e+03 -1.32831186e+03 -1.16621394e+03 -1.11749679e+03
-1.16509786e+03 -1.28042401e+03 -1.41848982e+03 -1.51954742e+03 -1.52385179e+03 -1.40333904e+03
-1.18040776e+03 -9.16813666e+02 -6.62414528e+02 -4.44356019e+02 -2.77090703e+02 -1.54917723e+02
-6.71104839e+01 -4.58522508e+00 3.97292361e+01 7.24358681e+01 9.72043458e+01 1.16978478e+02
1.34799659e+02 1.50723548e+02 1.64840922e+02 1.77889655e+02 1.90091240e+02 2.01550986e+02
2.12596010e+02 2.23478264e+02 2.34539124e+02 2.46057672e+02 2.57967990e+02 2.70560463e+02
2.84218470e+02 2.99189684e+02 3.15819472e+02 3.34313568e+02 3.55013339e+02 3.78740684e+02
4.05784459e+02 4.36447346e+02 4.74358410e+02 5.23058836e+02 5.87235300e+02 6.75235466e+02
7.97389570e+02 9.71088580e+02 1.22724222e+03 1.61983458e+03 2.23753191e+03 3.25100486e+03
4.90410905e+03 7.42957886e+03 1.09109048e+04 1.51414833e+04 1.96819862e+04 2.40862598e+04
2.80826410e+04 3.15849434e+04 3.46165558e+04 3.72396523e+04 3.95170317e+04 4.15008095e+04
4.32318984e+04 4.47424360e+04 4.60578451e+04 4.71983790e+04 4.81802375e+04 4.90164195e+04
4.97172958e+04 5.02909657e+04 5.07435657e+04 5.10795865e+04 5.13020417e+04 5.14678844e+04
-8.05255833e+03 -8.00523216e+03 -7.81834094e+03 -7.54146146e+03 -7.17844540e+03 -6.73498604e+03
-6.21922171e+03 -5.64241451e+03 -5.01961692e+03 -4.37011211e+03 -3.71729896e+03 -3.08780672e+03
-2.50968584e+03 -2.00981996e+03 -1.61096132e+03 -1.32828117e+03 -1.16619808e+03 -1.11750332e+03
-1.16513102e+03 -1.28048306e+03 -1.41857528e+03 -1.51964493e+03 -1.52394143e+03 -1.40341081e+03
-1.18046119e+03 -9.16853393e+02 -6.62443238e+02 -4.44377686e+02 -2.77106420e+02 -1.54927979e+02
-6.71167303e+01 -4.58893344e+00 3.97261914e+01 7.24339302e+01 9.72032775e+01 1.16977396e+02
1.34798850e+02 1.50722953e+02 1.64840402e+02 1.77889163e+02 1.90090837e+02 2.01550729e+02
2.12595838e+02 2.23478161e+02 2.34539035e+02 2.46057600e+02 2.57967920e+02 2.70560451e+02
2.84218515e+02 2.99189849e+02 3.15819689e+02 3.34313730e+02 3.55013521e+02 3.78740978e+02
4.05784884e+02 4.36447491e+02 4.74359322e+02 5.23060677e+02 5.87237219e+02 6.75239154e+02
7.97396337e+02 9.71099681e+02 1.22726000e+03 1.61986416e+03 2.23758438e+03 3.25109711e+03
4.90426267e+03 7.42980003e+03 1.09111669e+04 1.51417256e+04 1.96821568e+04 2.40863444e+04
2.80826381e+04 3.15848709e+04 3.46164371e+04 3.72395001e+04 3.95168557e+04 4.15006160e+04
4.32316913e+04 4.47422160e+04 4.60576112e+04 4.71981289e+04 4.81799679e+04 4.90161264e+04
4.97169749e+04 5.02906131e+04 5.07431789e+04 5.10791660e+04 5.13015913e+04 5.14674088e+04
-8.05182638e+03 -8.00452738e+03 -7.81765318e+03 -7.54078307e+03 -7.17779358e+03 -6.73439052e+03
-6.21870335e+03 -5.64197984e+03 -5.01926215e+03 -4.36982799e+03 -3.71707413e+03 -3.08762991e+03
-2.50954757e+03 -2.00971325e+03 -1.61088213e+03 -1.32822904e+03 -1.16617842e+03 -1.11753147e+03
-1.16521612e+03 -1.28062364e+03 -1.41877203e+03 -1.51986725e+03 -1.52414617e+03 -1.40357566e+03
-1.18058473e+03 -9.16945496e+02 -6.62510280e+02 -4.44428102e+02 -2.77142749e+02 -1.54951951e+02
-6.71312860e+01 -4.59744860e+00 3.97191976e+01 7.24294272e+01 9.72007749e+01 1.16974871e+02
1.34796946e+02 1.50721550e+02 1.64839187e+02 1.77888019e+02 1.90089896e+02 2.01550129e+02
2.12595439e+02 2.23477925e+02 2.34538833e+02 2.46057437e+02 2.57967764e+02 2.70560431e+02
2.84218638e+02 2.99190251e+02 3.15820206e+02 3.34314138e+02 3.55013990e+02 3.78741723e+02
4.05785931e+02 4.36447967e+02 4.74361584e+02 5.23065105e+02 5.87241962e+02 6.75248169e+02
7.97412672e+02 9.71125886e+02 1.22730126e+03 1.61993104e+03 2.23770010e+03 3.25129961e+03
4.90460406e+03 7.43030248e+03 1.09117757e+04 1.51423008e+04 1.96825719e+04 2.40865568e+04
2.80826433e+04 3.15847105e+04 3.46161653e+04 3.72391482e+04 3.95164468e+04 4.15001656e+04
4.32312079e+04 4.47417014e+04 4.60570632e+04 4.71975422e+04 4.81793350e+04 4.90154385e+04
4.97162228e+04 5.02897886e+04 5.07422776e+04 5.10781906e+04 5.13005541e+04 5.14663191e+04
-8.05000691e+03 -8.00283210e+03 -7.81608176e+03 -7.53935601e+03 -7.17651768e+03 -6.73327208e+03
-6.21774699e+03 -5.64118269e+03 -5.01861299e+03 -4.36930976e+03 -3.71666709e+03 -3.08731461e+03
-2.50930677e+03 -2.00953353e+03 -1.61075471e+03 -1.32815193e+03 -1.16615993e+03 -1.11759639e+03
-1.16538064e+03 -1.28088539e+03 -1.41913110e+03 -1.52027233e+03 -1.52452290e+03 -1.40388332e+03
-1.18081868e+03 -9.17121508e+02 -6.62639873e+02 -4.44524853e+02 -2.77211870e+02 -1.54998359e+02
-6.71594103e+01 -4.61373865e+00 3.97058459e+01 7.24207286e+01 9.71958634e+01 1.16969994e+02
1.34793216e+02 1.50718795e+02 1.64836831e+02 1.77885822e+02 1.90088085e+02 2.01548959e+02
2.12594667e+02 2.23477470e+02 2.34538443e+02 2.46057125e+02 2.57967465e+02 2.70560398e+02
2.84218904e+02 2.99191031e+02 3.15821200e+02 3.34314968e+02 3.55014974e+02 3.78743243e+02
4.05788003e+02 4.36449098e+02 4.74366084e+02 5.23073665e+02 5.87251344e+02 6.75266037e+02
7.97444869e+02 9.71176602e+02 1.22738056e+03 1.62005818e+03 2.23791646e+03 3.25167585e+03
4.90523870e+03 7.43124204e+03 1.09129225e+04 1.51433960e+04 1.96833738e+04 2.40869744e+04
2.80826673e+04 3.15844188e+04 3.46156570e+04 3.72384846e+04 3.95156729e+04 4.14993103e+04
4.32302867e+04 4.47407182e+04 4.60560139e+04 4.71964171e+04 4.81781210e+04 4.90141203e+04
4.97147854e+04 5.02882206e+04 5.07405755e+04 5.10763642e+04 5.12986295e+04 5.14643124e+04
-8.04692866e+03 -7.99995747e+03 -7.81340231e+03 -7.53693100e+03 -7.17437416e+03 -6.73141609e+03
-6.21617265e+03 -5.63987572e+03 -5.01755149e+03 -4.36846586e+03 -3.71600981e+03 -3.08681270e+03
-2.50893189e+03 -2.00926219e+03 -1.61057022e+03 -1.32804880e+03 -1.16614884e+03 -1.11771179e+03
-1.16564703e+03 -1.28130000e+03 -1.41969238e+03 -1.52090734e+03 -1.52512256e+03 -1.40438317e+03
-1.18120678e+03 -9.17417570e+02 -6.62860612e+02 -4.44688605e+02 -2.77328265e+02 -1.55077947e+02
-6.72075448e+01 -4.64135416e+00 3.96832704e+01 7.24058072e+01 9.71872470e+01 1.16961647e+02
1.34786717e+02 1.50713965e+02 1.64832766e+02 1.77882103e+02 1.90085002e+02 2.01546931e+02
2.12593339e+02 2.23476685e+02 2.34537774e+02 2.46056590e+02 2.57966957e+02 2.70560346e+02
2.84219394e+02 2.99192353e+02 3.15822861e+02 3.34316452e+02 3.55016789e+02 3.78745979e+02
4.05791603e+02 4.36451375e+02 4.74373890e+02 5.23088100e+02 5.87267471e+02 6.75297078e+02
7.97500772e+02 9.71263336e+02 1.22751530e+03 1.62027302e+03 2.23827795e+03 3.25229932e+03
4.90628376e+03 7.43278549e+03 1.09148070e+04 1.51452055e+04 1.96847130e+04 2.40876796e+04
2.80827238e+04 3.15839520e+04 3.46148245e+04 3.72373898e+04 3.95143904e+04 4.14978873e+04
4.32287481e+04 4.47390706e+04 4.60542513e+04 4.71945252e+04 4.81760804e+04 4.90119098e+04
4.97123862e+04 5.02856219e+04 5.07377803e+04 5.10733945e+04 5.12955278e+04 5.14611034e+04
-8.04251307e+03 -7.99580528e+03 -7.80949203e+03 -7.53335352e+03 -7.17118679e+03 -6.72864365e+03
-6.21381538e+03 -5.63791629e+03 -5.01596024e+03 -4.36720433e+03 -3.71503410e+03 -3.08607742e+03
-2.50839366e+03 -2.00888368e+03 -1.61032338e+03 -1.32792121e+03 -1.16615105e+03 -1.11788615e+03
-1.16602690e+03 -1.28188357e+03 -1.42047570e+03 -1.52179892e+03 -1.52598108e+03 -1.40511730e+03
-1.18179147e+03 -9.17871580e+02 -6.63203016e+02 -4.44942005e+02 -2.77508804e+02 -1.55203374e+02
-6.72831134e+01 -4.68416816e+00 3.96482553e+01 7.23822824e+01 9.71732592e+01 1.16948488e+02
1.34776291e+02 1.50706156e+02 1.64826304e+02 1.77876340e+02 1.90080193e+02 2.01543689e+02
2.12591232e+02 2.23475429e+02 2.34536710e+02 2.46055747e+02 2.57966163e+02 2.70560266e+02
2.84220205e+02 2.99194390e+02 3.15825393e+02 3.34318882e+02 3.55019861e+02 3.78750509e+02
4.05797341e+02 4.36455468e+02 4.74386264e+02 5.23110255e+02 5.87292448e+02 6.75346285e+02
7.97589795e+02 9.71399499e+02 1.22772502e+03 1.62060627e+03 2.23883376e+03 3.25324833e+03
4.90785791e+03 7.43509418e+03 1.09176164e+04 1.51479113e+04 1.96867323e+04 2.40887525e+04
2.80828288e+04 3.15832721e+04 3.46135851e+04 3.72357476e+04 3.95124564e+04 4.14957316e+04
4.32264074e+04 4.47365558e+04 4.60515555e+04 4.71916302e+04 4.81729624e+04 4.90085445e+04
4.97087556e+04 5.02817212e+04 5.07336240e+04 5.10690195e+04 5.12909924e+04 5.14564399e+04
-8.03677278e+03 -7.99036491e+03 -7.80432274e+03 -7.52856901e+03 -7.16687172e+03 -6.72484938e+03
-6.21056104e+03 -5.63519431e+03 -5.01374187e+03 -4.36544529e+03 -3.71367969e+03 -3.08506714e+03
-2.50766695e+03 -2.00838584e+03 -1.61001138e+03 -1.32777159e+03 -1.16617036e+03 -1.11812053e+03
-1.16651787e+03 -1.28263119e+03 -1.42147467e+03 -1.52294735e+03 -1.52711265e+03 -1.40611415e+03
-1.18260887e+03 -9.18519599e+02 -6.63697272e+02 -4.45308219e+02 -2.77771828e+02 -1.55388966e+02
-6.73941825e+01 -4.74593871e+00 3.95973532e+01 7.23474212e+01 9.71517355e+01 1.16928924e+02
1.34760642e+02 1.50694262e+02 1.64816635e+02 1.77867967e+02 1.90073155e+02 2.01538830e+02
2.12588081e+02 2.23473531e+02 2.34535118e+02 2.46054492e+02 2.57965005e+02 2.70560156e+02
2.84221451e+02 2.99197323e+02 3.15829001e+02 3.34322606e+02 3.55024718e+02 3.78757544e+02
4.05805954e+02 4.36462290e+02 4.74404639e+02 5.23141982e+02 5.87327920e+02 6.75419061e+02
7.97723019e+02 9.71599945e+02 1.22803063e+03 1.62108999e+03 2.23963420e+03 3.25459943e+03
4.91006983e+03 7.43830799e+03 1.09215073e+04 1.51516629e+04 1.96895516e+04 2.40902630e+04
2.80830006e+04 3.15823510e+04 3.46118697e+04 3.72334560e+04 3.95097409e+04 4.14926901e+04
4.32230908e+04 4.47329813e+04 4.60477177e+04 4.71875103e+04 4.81685354e+04 4.90037882e+04
4.97036582e+04 5.02762883e+04 5.07278836e+04 5.10630231e+04 5.12848121e+04 5.14501148e+04
-8.02980483e+03 -7.98370927e+03 -7.79795438e+03 -7.52261624e+03 -7.16144049e+03 -6.72001612e+03
-6.20636962e+03 -5.63165608e+03 -5.01083921e+03 -4.36313633e+03 -3.71190376e+03 -3.08375132e+03
-2.50673314e+03 -2.00775974e+03 -1.60963199e+03 -1.32760052e+03 -1.16620576e+03 -1.11840663e+03
-1.16710140e+03 -1.28351517e+03 -1.42265587e+03 -1.52432502e+03 -1.52850671e+03 -1.40738377e+03
-1.18368360e+03 -9.19390452e+02 -6.64370584e+02 -4.45810265e+02 -2.78135882e+02 -1.55647949e+02
-6.75489595e+01 -4.83200735e+00 3.95269592e+01 7.22981641e+01 9.71199645e+01 1.16901138e+02
1.34738345e+02 1.50677041e+02 1.64802843e+02 1.77856344e+02 1.90063342e+02 2.01531911e+02
2.12583583e+02 2.23470778e+02 2.34532840e+02 2.46052715e+02 2.57963415e+02 2.70560019e+02
2.84223266e+02 2.99201338e+02 3.15833898e+02 3.34328032e+02 3.55031974e+02 3.78767749e+02
4.05818319e+02 4.36473233e+02 4.74430637e+02 5.23185097e+02 5.87374308e+02 6.75520863e+02
7.97913378e+02 9.71880317e+02 1.22845374e+03 1.62175532e+03 2.24072532e+03 3.25641975e+03
4.91300698e+03 7.44253130e+03 1.09265906e+04 1.51565641e+04 1.96932550e+04 2.40922635e+04
2.80832573e+04 3.15811735e+04 3.46096304e+04 3.72304371e+04 3.95061406e+04 4.14886357e+04
4.32186513e+04 4.47281836e+04 4.60425616e+04 4.71819803e+04 4.81626112e+04 4.89974545e+04
4.96969136e+04 5.02691517e+04 5.07203966e+04 5.10552502e+04 5.12768367e+04 5.14419817e+04
-8.02177267e+03 -7.97598233e+03 -7.79052157e+03 -7.51561431e+03 -7.15498937e+03 -6.71421257e+03
-6.20128094e+03 -5.62731659e+03 -5.00724926e+03 -4.36026430e+03 -3.70969040e+03 -3.08211584e+03
-2.50558272e+03 -2.00700034e+03 -1.60918225e+03 -1.32740548e+03 -1.16624984e+03 -1.11872533e+03
-1.16774252e+03 -1.28448693e+03 -1.42396280e+03 -1.52587990e+03 -1.53012936e+03 -1.40891543e+03
-1.18502405e+03 -9.20502232e+02 -6.65244269e+02 -4.46468317e+02 -2.78618369e+02 -1.55990677e+02
-6.77550057e+01 -4.94983620e+00 3.94334974e+01 7.22312128e+01 9.70745921e+01 1.16863119e+02
1.34707878e+02 1.50653214e+02 1.64783918e+02 1.77840715e+02 1.90050164e+02 2.01522429e+02
2.12577390e+02 2.23466916e+02 2.34529700e+02 2.46050296e+02 2.57961345e+02 2.70559873e+02
2.84225808e+02 2.99206631e+02 3.15840368e+02 3.34335617e+02 3.55042235e+02 3.78781820e+02
4.05835460e+02 4.36490205e+02 4.74466061e+02 5.23241568e+02 5.87435838e+02 6.75656583e+02
7.98169518e+02 9.72255870e+02 1.22901459e+03 1.62262958e+03 2.24214402e+03 3.25875898e+03
4.91672630e+03 7.44782359e+03 1.09329236e+04 1.51626642e+04 1.96978822e+04 2.40947827e+04
2.80836160e+04 3.15797385e+04 3.46068437e+04 3.72266438e+04 3.95015858e+04 4.14834789e+04
4.32129832e+04 4.47220446e+04 4.60359610e+04 4.71749113e+04 4.81550630e+04 4.89894235e+04
4.96884116e+04 5.02602111e+04 5.07110721e+04 5.10456171e+04 5.12669875e+04 5.14319653e+04
-8.01289401e+03 -7.96738669e+03 -7.78221955e+03 -7.50774560e+03 -7.14768272e+03 -6.70757884e+03
-6.19540677e+03 -5.62225789e+03 -5.00302679e+03 -4.35686175e+03 -3.70705590e+03 -3.08016715e+03
-2.50421647e+03 -2.00610585e+03 -1.60865767e+03 -1.32717688e+03 -1.16628551e+03 -1.11904785e+03
-1.16839486e+03 -1.28548368e+03 -1.42532366e+03 -1.52754345e+03 -1.53192614e+03 -1.41067745e+03
-1.18662093e+03 -9.21859620e+02 -6.66331227e+02 -4.47297318e+02 -2.79234320e+02 -1.56423902e+02
-6.80179795e+01 -5.10839858e+00 3.93132398e+01 7.21431447e+01 9.70119143e+01 1.16812775e+02
1.34667679e+02 1.50621433e+02 1.64758782e+02 1.77820245e+02 1.90032993e+02 2.01509877e+02
2.12569120e+02 2.23461632e+02 2.34525503e+02 2.46047115e+02 2.57958791e+02 2.70559753e+02
2.84229267e+02 2.99213408e+02 3.15848689e+02 3.34345862e+02 3.55056159e+02 3.78800526e+02
4.05858529e+02 4.36515776e+02 4.74512893e+02 5.23313268e+02 5.87519158e+02 6.75829778e+02
7.98496340e+02 9.72740461e+02 1.22972972e+03 1.62373350e+03 2.24391427e+03 3.26164442e+03
4.92125116e+03 7.45419308e+03 1.09405001e+04 1.51699545e+04 1.97034289e+04 2.40978251e+04
2.80840906e+04 3.15780578e+04 3.46035101e+04 3.72220620e+04 3.94960483e+04 4.14771785e+04
4.32060340e+04 4.47145044e+04 4.60278537e+04 4.71662434e+04 4.81458376e+04 4.89796515e+04
4.96781194e+04 5.02494442e+04 5.06998964e+04 5.10341169e+04 5.12552620e+04 5.14200663e+04
-8.00341717e+03 -7.95816199e+03 -7.77328250e+03 -7.49923576e+03 -7.13973206e+03 -6.70030693e+03
-6.18891367e+03 -5.61661701e+03 -4.99827759e+03 -4.35300461e+03 -3.70405029e+03 -3.07793429e+03
-2.50264791e+03 -2.00507839e+03 -1.60805153e+03 -1.32689878e+03 -1.16628808e+03 -1.11933842e+03
-1.16900558e+03 -1.28643667e+03 -1.42665954e+03 -1.52923554e+03 -1.53382809e+03 -1.41262284e+03
-1.18844742e+03 -9.23452941e+02 -6.67634126e+02 -4.48303726e+02 -2.79991788e+02 -1.56954771e+02
-6.83441393e+01 -5.31342837e+00 3.91615435e+01 7.20306470e+01 9.69294277e+01 1.16748128e+02
1.34616175e+02 1.50580290e+02 1.64726318e+02 1.77794008e+02 1.90011176e+02 2.01493733e+02
2.12558360e+02 2.23454630e+02 2.34520042e+02 2.46043041e+02 2.57955709e+02 2.70559708e+02
2.84233740e+02 2.99221882e+02 3.15859320e+02 3.34359302e+02 3.55074420e+02 3.78824690e+02
4.05888785e+02 4.36553646e+02 4.74573193e+02 5.23401252e+02 5.87633509e+02 6.76043288e+02
7.98894027e+02 9.73344176e+02 1.23060958e+03 1.62507878e+03 2.24604329e+03 3.26507273e+03
4.92656445e+03 7.46159720e+03 1.09492552e+04 1.51783708e+04 1.97098482e+04 2.41013711e+04
2.80846865e+04 3.15761502e+04 3.45996538e+04 3.72167146e+04 3.94895467e+04 4.14697472e+04
4.31978117e+04 4.47055698e+04 4.60182490e+04 4.71559926e+04 4.81349606e+04 4.89681751e+04
4.96660846e+04 5.02369091e+04 5.06869365e+04 5.10208234e+04 5.12417384e+04 5.14063667e+04
-7.99360316e+03 -7.94856541e+03 -7.76396379e+03 -7.49033130e+03 -7.13137369e+03 -6.69261751e+03
-6.18200130e+03 -5.61056703e+03 -4.99314418e+03 -4.34880299e+03 -3.70075213e+03 -3.07546777e+03
-2.50090409e+03 -2.00392673e+03 -1.60735874e+03 -1.32655502e+03 -1.16622948e+03 -1.11955590e+03
-1.16952166e+03 -1.28728223e+03 -1.42789598e+03 -1.53087304e+03 -1.53576097e+03 -1.41469189e+03
-1.19045934e+03 -9.25257038e+02 -6.69140239e+02 -4.49483572e+02 -2.80892223e+02 -1.57586783e+02
-6.87379436e+01 -5.56981976e+00 3.89745361e+01 7.18907961e+01 9.68248565e+01 1.16667358e+02
1.34551808e+02 1.50528423e+02 1.64685427e+02 1.77761083e+02 1.89984050e+02 2.01473447e+02
2.12544674e+02 2.23445599e+02 2.34513097e+02 2.46037947e+02 2.57952046e+02 2.70559803e+02
2.84239364e+02 2.99232271e+02 3.15872668e+02 3.34376491e+02 3.55097808e+02 3.78855092e+02
4.05927246e+02 4.36604701e+02 4.74648895e+02 5.23509052e+02 5.87781039e+02 6.76301200e+02
7.99367967e+02 9.74070278e+02 1.23165622e+03 1.62666242e+03 2.24851876e+03 3.26901392e+03
4.93260959e+03 7.46994215e+03 1.09590664e+04 1.51877965e+04 1.97170560e+04 2.41053804e+04
2.80854053e+04 3.15740472e+04 3.45953246e+04 3.72106623e+04 3.94821455e+04 4.14612512e+04
4.31883853e+04 4.46953148e+04 4.60072285e+04 4.71442501e+04 4.81225342e+04 4.89551081e+04
4.96524317e+04 5.02227392e+04 5.06723327e+04 5.10058819e+04 5.12265655e+04 5.13910174e+04
-7.98370996e+03 -7.93885401e+03 -7.75451731e+03 -7.48128105e+03 -7.12284820e+03 -6.68473937e+03
-6.17488149e+03 -5.60429748e+03 -4.98778860e+03 -4.34438788e+03 -3.69725991e+03 -3.07283440e+03
-2.49902400e+03 -2.00266626e+03 -1.60657758e+03 -1.32613183e+03 -1.16608441e+03 -1.11966398e+03
-1.16989738e+03 -1.28796377e+03 -1.42896426e+03 -1.53237769e+03 -1.53765089e+03 -1.41681871e+03
-1.19260424e+03 -9.27233479e+02 -6.70820855e+02 -4.50820757e+02 -2.81925427e+02 -1.58317883e+02
-6.92052215e+01 -5.88257456e+00 3.87493445e+01 7.17213623e+01 9.66964961e+01 1.16568645e+02
1.34473229e+02 1.50464879e+02 1.64635098e+02 1.77720591e+02 1.89950982e+02 2.01448464e+02
2.12527609e+02 2.23434206e+02 2.34504451e+02 2.46031704e+02 2.57947785e+02 2.70560127e+02
2.84246281e+02 2.99244779e+02 3.15889098e+02 3.34397963e+02 3.55127046e+02 3.78892431e+02
4.05974779e+02 4.36669505e+02 4.74741614e+02 5.23639888e+02 5.87965201e+02 6.76604202e+02
7.99918820e+02 9.74918439e+02 1.23286180e+03 1.62846683e+03 2.25131502e+03 3.27341377e+03
4.93929063e+03 7.47909124e+03 1.09697630e+04 1.51980687e+04 1.97249325e+04 2.41097920e+04
2.80862412e+04 3.15717879e+04 3.45905934e+04 3.72039971e+04 3.94739509e+04 4.14518084e+04
4.31778834e+04 4.46838780e+04 4.59949419e+04 4.71311774e+04 4.81087319e+04 4.89406352e+04
4.96373555e+04 5.02071377e+04 5.06562954e+04 5.09895079e+04 5.12099620e+04 5.13742402e+04
-7.97397395e+03 -7.92926645e+03 -7.74517984e+03 -7.47231804e+03 -7.11438297e+03 -6.67689081e+03
-6.16775953e+03 -5.59799571e+03 -4.98237533e+03 -4.33989648e+03 -3.69368076e+03 -3.07011098e+03
-2.49705590e+03 -2.00132154e+03 -1.60571318e+03 -1.32561985e+03 -1.16583393e+03 -1.11963560e+03
-1.17009742e+03 -1.28843759e+03 -1.42981258e+03 -1.53369070e+03 -1.53942619e+03 -1.41892948e+03
-1.19482380e+03 -9.29332955e+02 -6.72635622e+02 -4.52287401e+02 -2.83067493e+02 -1.59139138e+02
-6.97545707e+01 -6.25689493e+00 3.84853552e+01 7.15210665e+01 9.65432125e+01 1.16450585e+02
1.34379369e+02 1.50388856e+02 1.64574455e+02 1.77671797e+02 1.89911409e+02 2.01418244e+02
2.12506706e+02 2.23420107e+02 2.34493887e+02 2.46024190e+02 2.57942923e+02 2.70560792e+02
2.84254646e+02 2.99259570e+02 3.15908921e+02 3.34424196e+02 3.55162492e+02 3.78937311e+02
4.06032284e+02 4.36748507e+02 4.74852531e+02 5.23795854e+02 5.88191094e+02 6.76965434e+02
8.00542659e+02 9.75866997e+02 1.23420649e+03 1.63046009e+03 2.25438023e+03 3.27819369e+03
4.94648503e+03 7.48887046e+03 1.09811422e+04 1.52089947e+04 1.97333329e+04 2.41145285e+04
2.80871846e+04 3.15694193e+04 3.45855495e+04 3.71968391e+04 3.94651064e+04 4.14415809e+04
4.31664841e+04 4.46714531e+04 4.59815972e+04 4.71169961e+04 4.80937877e+04 4.89250013e+04
4.96211101e+04 5.01903666e+04 5.06390919e+04 5.09719730e+04 5.11922025e+04 5.13563107e+04
-7.96460302e+03 -7.92001458e+03 -7.73616171e+03 -7.46365021e+03 -7.10618127e+03 -6.66926822e+03
-6.16082155e+03 -5.59183389e+03 -4.97705832e+03 -4.33546057e+03 -3.69012139e+03 -3.06737759e+03
-2.49505416e+03 -1.99992444e+03 -1.60477807e+03 -1.32501611e+03 -1.16546545e+03 -1.11945293e+03
-1.17010034e+03 -1.28867668e+03 -1.43040607e+03 -1.53476513e+03 -1.54102369e+03 -1.42096527e+03
-1.19706282e+03 -9.31493663e+02 -6.74533369e+02 -4.53846447e+02 -2.84287332e+02 -1.60037355e+02
-7.03898248e+01 -6.69351945e+00 3.81837905e+01 7.12895146e+01 9.63645610e+01 1.16312505e+02
1.34269542e+02 1.50299713e+02 1.64502874e+02 1.77614196e+02 1.89864833e+02 2.01382282e+02
2.12481513e+02 2.23402969e+02 2.34481205e+02 2.46015283e+02 2.57937490e+02 2.70561944e+02
2.84264613e+02 2.99276734e+02 3.15932371e+02 3.34455623e+02 3.55204485e+02 3.78990113e+02
4.06100148e+02 4.36841922e+02 4.74982151e+02 5.23976732e+02 5.88465115e+02 6.77391349e+02
8.01228559e+02 9.76893664e+02 1.23566154e+03 1.63259723e+03 2.25764584e+03 3.28325966e+03
4.95404339e+03 7.49907433e+03 1.09929800e+04 1.52203619e+04 1.97420962e+04 2.41195024e+04
2.80882207e+04 3.15669914e+04 3.45802963e+04 3.71893306e+04 3.94557844e+04 4.14307663e+04
4.31544063e+04 4.46582774e+04 4.59674484e+04 4.71019750e+04 4.80779832e+04 4.89084990e+04
4.96039971e+04 5.01727342e+04 5.06210363e+04 5.09535950e+04 5.11736072e+04 5.13375514e+04
-7.95577251e+03 -7.91127601e+03 -7.72763869e+03 -7.45545053e+03 -7.09841264e+03 -6.66203600e+03
-6.15422479e+03 -5.58595897e+03 -4.97197106e+03 -4.33119677e+03 -3.68667871e+03 -3.06471008e+03
-2.49307344e+03 -1.99851003e+03 -1.60379151e+03 -1.32432804e+03 -1.16497786e+03 -1.11911139e+03
-1.16990073e+03 -1.28867335e+03 -1.43073186e+03 -1.53557867e+03 -1.54241051e+03 -1.42286967e+03
-1.19924627e+03 -9.33649208e+02 -6.76461184e+02 -4.55456318e+02 -2.85559656e+02 -1.60995862e+02
-7.10942525e+01 -7.18549501e+00 3.78440308e+01 7.10271607e+01 9.61609025e+01 1.16154536e+02
1.34143596e+02 1.50197101e+02 1.64420058e+02 1.77547479e+02 1.89810821e+02 2.01340148e+02
2.12451615e+02 2.23382482e+02 2.34466237e+02 2.46004882e+02 2.57931516e+02 2.70563737e+02
2.84276341e+02 2.99296456e+02 3.15959584e+02 3.34492425e+02 3.55253335e+02 3.79050931e+02
4.06178276e+02 4.36949591e+02 4.75130091e+02 5.24178264e+02 5.88784628e+02 6.77888729e+02
8.01968503e+02 9.77970069e+02 1.23719190e+03 1.63482778e+03 2.26103143e+03 3.28848566e+03
4.96179770e+03 7.50949708e+03 1.10050433e+04 1.52319483e+04 1.97510531e+04 2.41246201e+04
2.80893345e+04 3.15645579e+04 3.45749429e+04 3.71816265e+04 3.94461760e+04 4.14195848e+04
4.31418950e+04 4.46446177e+04 4.59527808e+04 4.70864152e+04 4.80616327e+04 4.88914534e+04
4.95863503e+04 5.01545810e+04 5.06024738e+04 5.09347226e+04 5.11545266e+04 5.13183144e+04
-7.94761025e+03 -7.90318420e+03 -7.71974436e+03 -7.44785225e+03 -7.09120870e+03 -6.65532270e+03
-6.14809268e+03 -5.58048739e+03 -4.96722040e+03 -4.32720004e+03 -3.68343366e+03 -3.06217398e+03
-2.49116356e+03 -1.99711299e+03 -1.60277722e+03 -1.32357144e+03 -1.16438445e+03 -1.11862312e+03
-1.16950906e+03 -1.28843786e+03 -1.43079601e+03 -1.53612790e+03 -1.54357083e+03 -1.42459601e+03
-1.20130157e+03 -9.35733552e+02 -6.78365256e+02 -4.57073025e+02 -2.86855937e+02 -1.61993530e+02
-7.18468677e+01 -7.72145632e+00 3.74690108e+01 7.07359229e+01 9.59336276e+01 1.15977805e+02
1.34002021e+02 1.50080930e+02 1.64325985e+02 1.77471594e+02 1.89749159e+02 2.01291609e+02
2.12416733e+02 2.23358322e+02 2.34448785e+02 2.45992983e+02 2.57925126e+02 2.70566242e+02
2.84289868e+02 2.99318831e+02 3.15990564e+02 3.34534551e+02 3.55308976e+02 3.79119621e+02
4.06266371e+02 4.37071010e+02 4.75295880e+02 5.24402578e+02 5.89141726e+02 6.78436248e+02
8.02749258e+02 9.79080009e+02 1.23876104e+03 1.63709701e+03 2.26445138e+03 3.29374057e+03
4.96957665e+03 7.51993005e+03 1.10170959e+04 1.52435299e+04 1.97600318e+04 2.41297853e+04
2.80905067e+04 3.15621693e+04 3.45696001e+04 3.71738858e+04 3.94364799e+04 4.14082681e+04
4.31292098e+04 4.46307567e+04 4.59378970e+04 4.70706356e+04 4.80450689e+04 4.88742081e+04
4.95685220e+04 5.01362664e+04 5.05837690e+04 5.09157244e+04 5.11353321e+04 5.12989730e+04
-7.94022085e+03 -7.89584562e+03 -7.71258326e+03 -7.44095718e+03 -7.08466832e+03 -6.64922378e+03
-6.14251684e+03 -5.57550581e+03 -4.96288708e+03 -4.32354377e+03 -3.68045107e+03 -3.05982465e+03
-2.48936985e+03 -1.99576964e+03 -1.60176270e+03 -1.32276776e+03 -1.16370008e+03 -1.11800208e+03
-1.16894547e+03 -1.28799317e+03 -1.43061785e+03 -1.53641885e+03 -1.54448589e+03 -1.42610718e+03
-1.20318434e+03 -9.37696375e+02 -6.80195353e+02 -4.58653931e+02 -2.88143404e+02 -1.63003612e+02
-7.26248349e+01 -8.28771590e+00 3.70643053e+01 7.04193626e+01 9.56852743e+01 1.15784038e+02
1.33845902e+02 1.49951908e+02 1.64221132e+02 1.77386800e+02 1.89679885e+02 2.01236649e+02
2.12376698e+02 2.23330196e+02 2.34428700e+02 2.45979592e+02 2.57918501e+02 2.70569526e+02
2.84305108e+02 2.99343809e+02 3.16025162e+02 3.34581738e+02 3.55371069e+02 3.79195755e+02
4.06363748e+02 4.37205159e+02 4.75478219e+02 5.24648079e+02 5.89526875e+02 6.79015109e+02
8.03552662e+02 9.80200426e+02 1.24033110e+03 1.63935006e+03 2.26782843e+03 3.29891233e+03
4.97721431e+03 7.53015741e+03 1.10289026e+04 1.52548868e+04 1.97688640e+04 2.41349022e+04
2.80917171e+04 3.15598735e+04 3.45643732e+04 3.71662632e+04 3.94268925e+04 4.13970469e+04
4.31166100e+04 4.46169780e+04 4.59231004e+04 4.70549562e+04 4.80286250e+04 4.88571070e+04
4.95508644e+04 5.01181487e+04 5.05652852e+04 5.08969668e+04 5.11163924e+04 5.12798972e+04
-7.93365717e+03 -7.88931767e+03 -7.70621297e+03 -7.43482326e+03 -7.07884924e+03 -6.64379645e+03
-6.13755320e+03 -5.57106833e+03 -4.95902235e+03 -4.32027570e+03 -3.67777442e+03 -3.05770069e+03
-2.48772682e+03 -1.99451002e+03 -1.60077461e+03 -1.32194228e+03 -1.16295164e+03 -1.11727741e+03
-1.16824150e+03 -1.28737341e+03 -1.43022875e+03 -1.53647050e+03 -1.54515257e+03 -1.42738183e+03
-1.20486159e+03 -9.39495632e+02 -6.81906805e+02 -4.60158059e+02 -2.89388303e+02 -1.63997827e+02
-7.34032230e+01 -8.86892591e+00 3.66366489e+01 7.00826020e+01 9.54196307e+01 1.15575916e+02
1.33677081e+02 1.49811317e+02 1.64106389e+02 1.77293700e+02 1.89603322e+02 2.01175455e+02
2.12331478e+02 2.23297925e+02 2.34405912e+02 2.45964740e+02 2.57911821e+02 2.70573616e+02
2.84321881e+02 2.99371185e+02 3.16063066e+02 3.34633610e+02 3.55439015e+02 3.79278486e+02
4.06469261e+02 4.37350403e+02 4.75674799e+02 5.24910782e+02 5.89929468e+02 6.79607456e+02
8.04358128e+02 9.81304837e+02 1.24186394e+03 1.64153395e+03 2.27108969e+03 3.30389615e+03
4.98455951e+03 7.53998342e+03 1.10402463e+04 1.52658153e+04 1.97773926e+04 2.41398797e+04
2.80929436e+04 3.15577122e+04 3.45593604e+04 3.71589049e+04 3.94175990e+04 4.13861393e+04
4.31043422e+04 4.46035519e+04 4.59086810e+04 4.70396828e+04 4.80126190e+04 4.88404776e+04
4.95337120e+04 5.01005676e+04 5.05473654e+04 5.08787952e+04 5.10980538e+04 5.12614344e+04
-7.92794012e+03 -7.88362359e+03 -7.70065726e+03 -7.42947460e+03 -7.07377622e+03 -6.63906572e+03
-6.13322699e+03 -5.56720014e+03 -4.95565151e+03 -4.31742095e+03 -3.67542847e+03 -3.05582665e+03
-2.48625793e+03 -1.99335760e+03 -1.59983731e+03 -1.32112064e+03 -1.16216785e+03 -1.11648407e+03
-1.16743752e+03 -1.28662074e+03 -1.42966857e+03 -1.53631252e+03 -1.54558225e+03 -1.42841223e+03
-1.20631106e+03 -9.41098575e+02 -6.83462376e+02 -4.61549509e+02 -2.90558648e+02 -1.64948701e+02
-7.41570546e+01 -9.44889261e+00 3.61939345e+01 6.97325205e+01 9.51417973e+01 1.15357061e+02
1.33498131e+02 1.49660998e+02 1.63983091e+02 1.77193262e+02 1.89520086e+02 2.01108316e+02
2.12281261e+02 2.23261591e+02 2.34380399e+02 2.45948521e+02 2.57905109e+02 2.70578429e+02
2.84340055e+02 2.99400657e+02 3.16103792e+02 3.34689432e+02 3.55511868e+02 3.79366837e+02
4.06581517e+02 4.37504351e+02 4.75882202e+02 5.25185543e+02 5.90338261e+02 6.80195413e+02
8.05144338e+02 9.82366573e+02 1.24332450e+03 1.64360147e+03 2.27416939e+03 3.30859838e+03
4.99148082e+03 7.54923883e+03 1.10509379e+04 1.52761365e+04 1.97854781e+04 2.41446340e+04
2.80941631e+04 3.15557199e+04 3.45546458e+04 3.71519362e+04 3.94087624e+04 4.13757426e+04
4.30926313e+04 4.45907255e+04 4.58949037e+04 4.70250945e+04 4.79973413e+04 4.88246187e+04
4.95173701e+04 5.00838334e+04 5.05303236e+04 5.08615262e+04 5.10806350e+04 5.12439044e+04
-7.92306274e+03 -7.87875982e+03 -7.69591248e+03 -7.42490816e+03 -7.06944681e+03 -6.63503039e+03
-6.12953860e+03 -5.56390357e+03 -4.95277872e+03 -4.31498585e+03 -3.67342199e+03 -3.05421376e+03
-2.48497771e+03 -1.99233010e+03 -1.59897185e+03 -1.32032783e+03 -1.16137865e+03 -1.11565815e+03
-1.16657520e+03 -1.28577893e+03 -1.42897986e+03 -1.53598110e+03 -1.54579670e+03 -1.42920250e+03
-1.20752122e+03 -9.42483057e+02 -6.84834767e+02 -4.62799492e+02 -2.91626813e+02 -1.65832893e+02
-7.48707724e+01 -1.00114426e+01 3.57523782e+01 6.93786315e+01 9.48582298e+01 1.15131703e+02
1.33312135e+02 1.49503514e+02 1.63853083e+02 1.77086838e+02 1.89431124e+02 2.01035791e+02
2.12226423e+02 2.23221409e+02 2.34352244e+02 2.45931015e+02 2.57898327e+02 2.70583854e+02
2.84359435e+02 2.99431819e+02 3.16146685e+02 3.34748253e+02 3.55588363e+02 3.79459360e+02
4.06698647e+02 4.37664060e+02 4.76096233e+02 5.25467830e+02 5.90741905e+02 6.80759827e+02
8.05890523e+02 9.83361286e+02 1.24468220e+03 1.64551320e+03 2.27701306e+03 3.31294140e+03
4.99787064e+03 7.55778530e+03 1.10608218e+04 1.52857005e+04 1.97930015e+04 2.41490933e+04
2.80953541e+04 3.15539234e+04 3.45503001e+04 3.71454661e+04 3.94005248e+04 4.13660262e+04
4.30816699e+04 4.45787105e+04 4.58819957e+04 4.70114303e+04 4.79830398e+04 4.88097849e+04
4.95020980e+04 5.00682082e+04 5.05144236e+04 5.08454246e+04 5.10644010e+04 5.12275726e+04
-7.91899655e+03 -7.87469927e+03 -7.69195246e+03 -7.42109839e+03 -7.06583681e+03 -6.63166797e+03
-6.12646775e+03 -5.56116113e+03 -4.95039024e+03 -4.31296086e+03 -3.67175015e+03 -3.05286235e+03
-2.48389190e+03 -1.99143891e+03 -1.59819511e+03 -1.31958702e+03 -1.16061310e+03 -1.11483341e+03
-1.16569219e+03 -1.28488933e+03 -1.42820602e+03 -1.53551605e+03 -1.54582495e+03 -1.42976686e+03
-1.20849163e+03 -9.43638166e+02 -6.86006766e+02 -4.63887777e+02 -2.92572630e+02 -1.66630849e+02
-7.55277482e+01 -1.05412136e+01 3.53262479e+01 6.90310807e+01 9.45760162e+01 1.14904932e+02
1.33122937e+02 1.49341761e+02 1.63718506e+02 1.76976140e+02 1.89337725e+02 2.00958683e+02
2.12167527e+02 2.23177736e+02 2.34321637e+02 2.45912325e+02 2.57891437e+02 2.70589727e+02
2.84379708e+02 2.99464133e+02 3.16190941e+02 3.34808936e+02 3.55666882e+02 3.79554164e+02
4.06818432e+02 4.37826078e+02 4.76311852e+02 5.25752085e+02 5.91129158e+02 6.81283055e+02
8.06578493e+02 9.84269110e+02 1.24591257e+03 1.64723815e+03 2.27957918e+03 3.31686640e+03
5.00364830e+03 7.56551988e+03 1.10697809e+04 1.52943934e+04 1.97998707e+04 2.41532000e+04
2.80964970e+04 3.15523404e+04 3.45463755e+04 3.71395787e+04 3.93929973e+04 4.13571243e+04
4.30716114e+04 4.45676763e+04 4.58701390e+04 4.69988819e+04 4.79699132e+04 4.87961794e+04
4.94881018e+04 5.00539000e+04 5.04998746e+04 5.08306999e+04 5.10495615e+04 5.12126487e+04
-7.91568906e+03 -7.87139201e+03 -7.68872844e+03 -7.41799875e+03 -7.06290218e+03 -6.62893749e+03
-6.12397713e+03 -5.55893985e+03 -4.94845790e+03 -4.31132343e+03 -3.67039654e+03 -3.05176251e+03
-2.48299751e+03 -1.99068789e+03 -1.59751786e+03 -1.31891594e+03 -1.15989583e+03 -1.11404000e+03
-1.16482360e+03 -1.28399180e+03 -1.42738942e+03 -1.53495796e+03 -1.54570034e+03 -1.43012718e+03
-1.20923201e+03 -9.44563831e+02 -6.86970665e+02 -4.64802729e+02 -2.93382990e+02 -1.67327759e+02
-7.61136261e+01 -1.10247038e+01 3.49278471e+01 6.86995887e+01 9.43023784e+01 1.14681831e+02
1.32934730e+02 1.49179327e+02 1.63582000e+02 1.76863047e+02 1.89241327e+02 2.00878149e+02
2.12105348e+02 2.23131083e+02 2.34288872e+02 2.45892571e+02 2.57884387e+02 2.70595834e+02
2.84400461e+02 2.99496946e+02 3.16235618e+02 3.34870124e+02 3.55745817e+02 3.79649283e+02
4.06938138e+02 4.37986271e+02 4.76522633e+02 5.26025635e+02 5.91489354e+02 6.81757442e+02
8.07195017e+02 9.85074826e+02 1.24699801e+03 1.64875526e+03 2.28184033e+03 3.32033494e+03
5.00876138e+03 7.57237558e+03 1.10777389e+04 1.53021394e+04 1.98060227e+04 2.41569130e+04
2.80975754e+04 3.15509794e+04 3.45429055e+04 3.71343305e+04 3.93862575e+04 4.13491325e+04
4.30625667e+04 4.45577460e+04 4.58594655e+04 4.69875878e+04 4.79581044e+04 4.87839483e+04
4.94755292e+04 5.00410569e+04 5.04868245e+04 5.08174999e+04 5.10362641e+04 5.11992798e+04
-7.91307614e+03 -7.86877494e+03 -7.68617840e+03 -7.41554883e+03 -7.06058508e+03 -6.62678451e+03
-6.12201660e+03 -5.55719469e+03 -4.94694267e+03 -4.31004114e+03 -3.66933599e+03 -3.05089672e+03
-2.48228454e+03 -1.99007451e+03 -1.59694479e+03 -1.31832617e+03 -1.15924478e+03 -1.11330256e+03
-1.16399991e+03 -1.28312120e+03 -1.42656851e+03 -1.53434589e+03 -1.54545791e+03 -1.43031082e+03
-1.20976034e+03 -9.45269886e+02 -6.87729669e+02 -4.65541017e+02 -2.94050145e+02 -1.67913903e+02
-7.66175883e+01 -1.14509675e+01 3.45671973e+01 6.83927481e+01 9.40442954e+01 1.14467658e+02
1.32751729e+02 1.49019741e+02 1.63446384e+02 1.76749610e+02 1.89143583e+02 2.00795570e+02
2.12040839e+02 2.23082104e+02 2.34254338e+02 2.45871907e+02 2.57877106e+02 2.70601914e+02
2.84421210e+02 2.99529520e+02 3.16279686e+02 3.34930403e+02 3.55823343e+02 3.79742571e+02
4.07055108e+02 4.38140246e+02 4.76721934e+02 5.26279539e+02 5.91813730e+02 6.82174953e+02
8.07730595e+02 9.85767915e+02 1.24792818e+03 1.65005429e+03 2.28378336e+03 3.32332882e+03
5.01318545e+03 7.57832093e+03 1.10846588e+04 1.53089003e+04 1.98114228e+04 2.41602060e+04
2.80985751e+04 3.15498404e+04 3.45399052e+04 3.71297520e+04 3.93803500e+04 4.13421075e+04
4.30546025e+04 4.45489941e+04 4.58500559e+04 4.69776325e+04 4.79477002e+04 4.87731790e+04
4.94644673e+04 5.00297657e+04 5.04753592e+04 5.08059096e+04 5.10245929e+04 5.11875497e+04
-7.91108126e+03 -7.86677361e+03 -7.68422959e+03 -7.41367842e+03 -7.05881852e+03 -6.62514606e+03
-6.12052796e+03 -5.55587313e+03 -4.94579853e+03 -4.30907522e+03 -3.66853749e+03 -3.05024210e+03
-2.48173805e+03 -1.98959137e+03 -1.59647571e+03 -1.31782388e+03 -1.15867259e+03 -1.11263899e+03
-1.16324344e+03 -1.28230507e+03 -1.42577567e+03 -1.53371482e+03 -1.54513208e+03 -1.43034820e+03
-1.21010073e+03 -9.45773808e+02 -6.88294943e+02 -4.66107209e+02 -2.94573349e+02 -1.68385138e+02
-7.70330691e+01 -1.18130639e+01 3.42517673e+01 6.81186151e+01 9.38081022e+01 1.14267287e+02
1.32578019e+02 1.48866306e+02 1.63314459e+02 1.76638008e+02 1.89046287e+02 2.00712434e+02
2.11975081e+02 2.23031570e+02 2.34218508e+02 2.45850511e+02 2.57869512e+02 2.70607659e+02
2.84441397e+02 2.99561076e+02 3.16322126e+02 3.34988359e+02 3.55897539e+02 3.79831698e+02
4.07166069e+02 4.38283709e+02 4.76904042e+02 5.26506520e+02 5.92096093e+02 6.82530489e+02
8.08179953e+02 9.86343850e+02 1.24870000e+03 1.65113411e+03 2.28540831e+03 3.32584868e+03
5.01692230e+03 7.58335825e+03 1.10905416e+04 1.53146734e+04 1.98160635e+04 2.41630684e+04
2.80994853e+04 3.15489156e+04 3.45373726e+04 3.71258484e+04 3.93752870e+04 4.13360679e+04
4.30477428e+04 4.45414482e+04 4.58419401e+04 4.69690469e+04 4.79387313e+04 4.87639013e+04
4.94549448e+04 5.00200532e+04 5.04655039e+04 5.07959524e+04 5.10145705e+04 5.11774800e+04
-7.90962342e+03 -7.86530743e+03 -7.68280295e+03 -7.41231081e+03 -7.05752916e+03 -6.62395313e+03
-6.11944759e+03 -5.55491774e+03 -4.94497501e+03 -4.30838279e+03 -3.66796614e+03 -3.04977169e+03
-2.48133900e+03 -1.98922694e+03 -1.59610580e+03 -1.31741018e+03 -1.15818523e+03 -1.11206001e+03
-1.16257055e+03 -1.28156485e+03 -1.42503659e+03 -1.53309434e+03 -1.54475476e+03 -1.43027078e+03
-1.21028116e+03 -9.46098773e+02 -6.88683867e+02 -4.66512511e+02 -2.94958383e+02 -1.68742976e+02
-7.73589573e+01 -1.21072911e+01 3.39871732e+01 6.78825401e+01 9.35989084e+01 1.14085371e+02
1.32417434e+02 1.48722351e+02 1.63188935e+02 1.76530422e+02 1.88951280e+02 2.00630274e+02
2.11909235e+02 2.22980340e+02 2.34181923e+02 2.45828589e+02 2.57861518e+02 2.70612743e+02
2.84460387e+02 2.99590847e+02 3.16362026e+02 3.35042661e+02 3.55966650e+02 3.79914423e+02
4.07267975e+02 4.38412890e+02 4.77064493e+02 5.26701666e+02 5.92332425e+02 6.82821397e+02
8.08541765e+02 9.86803493e+02 1.24931717e+03 1.65200203e+03 2.28672684e+03 3.32791179e+03
5.01999694e+03 7.58751973e+03 1.10954221e+04 1.53194879e+04 1.98199622e+04 2.41655038e+04
2.81002986e+04 3.15481911e+04 3.45352905e+04 3.71226015e+04 3.93710511e+04 4.13309972e+04
4.30419713e+04 4.45350924e+04 4.58351011e+04 4.69618126e+04 4.79311773e+04 4.87560923e+04
4.94469359e+04 5.00118909e+04 5.04572276e+04 5.07875959e+04 5.10061628e+04 5.11690354e+04
-7.90861727e+03 -7.86429241e+03 -7.68181652e+03 -7.41136704e+03 -7.05664179e+03 -6.62313518e+03
-6.11871038e+03 -5.55426976e+03 -4.94442031e+03 -4.30791954e+03 -3.66758538e+03 -3.04945677e+03
-2.48106614e+03 -1.98896682e+03 -1.59582664e+03 -1.31708171e+03 -1.15778364e+03 -1.11157055e+03
-1.16199050e+03 -1.28091420e+03 -1.42436979e+03 -1.53250808e+03 -1.54435376e+03 -1.43010883e+03
-1.21033149e+03 -9.46271599e+02 -6.88918414e+02 -4.66773301e+02 -2.95216252e+02 -1.68993693e+02
-7.75978423e+01 -1.23328874e+01 3.37757905e+01 6.76872483e+01 9.34202741e+01 1.13925575e+02
1.32273237e+02 1.48590813e+02 1.63072279e+02 1.76428903e+02 1.88860342e+02 2.00550608e+02
2.11844468e+02 2.22929319e+02 2.34145179e+02 2.45806363e+02 2.57853051e+02 2.70616865e+02
2.84477613e+02 2.99618123e+02 3.16398557e+02 3.35092128e+02 3.56029165e+02 3.79988838e+02
4.07358241e+02 4.38524763e+02 4.77200171e+02 5.26862143e+02 5.92521052e+02 6.83047813e+02
8.08818346e+02 9.87152404e+02 1.24978919e+03 1.65267250e+03 2.28776023e+03 3.32954910e+03
5.02245366e+03 7.59086262e+03 1.10993631e+04 1.53234002e+04 1.98231578e+04 2.41675293e+04
2.81010116e+04 3.15476477e+04 3.45336286e+04 3.71199735e+04 3.93675989e+04 4.13268481e+04
4.30372374e+04 4.45298722e+04 4.58294812e+04 4.69558680e+04 4.79249727e+04 4.87496826e+04
4.94403674e+04 5.00052023e+04 5.04504510e+04 5.07807579e+04 5.09992862e+04 5.11621312e+04
-7.90798045e+03 -7.86364648e+03 -7.68118991e+03 -7.41076924e+03 -7.05608216e+03 -6.62262242e+03
-6.11825199e+03 -5.55387102e+03 -4.94408322e+03 -4.30764166e+03 -3.66735898e+03 -3.04926845e+03
-2.48089726e+03 -1.98879486e+03 -1.59562730e+03 -1.31683175e+03 -1.15746459e+03 -1.11117040e+03
-1.16150630e+03 -1.28035989e+03 -1.42378672e+03 -1.53197341e+03 -1.54395270e+03 -1.42989020e+03
-1.21028097e+03 -9.46320638e+02 -6.89023465e+02 -4.66909692e+02 -2.95361871e+02 -1.69147324e+02
-7.77557797e+01 -1.24925707e+01 3.36171766e+01 6.75337383e+01 9.32742794e+01 1.13790414e+02
1.32147861e+02 1.48473959e+02 1.62966560e+02 1.76335260e+02 1.88775096e+02 2.00474856e+02
2.11781902e+02 2.22879408e+02 2.34108897e+02 2.45784036e+02 2.57844062e+02 2.70619805e+02
2.84492572e+02 2.99642295e+02 3.16431112e+02 3.35135775e+02 3.56083722e+02 3.80053535e+02
4.07434995e+02 4.38617199e+02 4.77309391e+02 5.26987064e+02 5.92662572e+02 6.83212666e+02
8.09015740e+02 9.87399994e+02 1.25012956e+03 1.65316527e+03 2.28853704e+03 3.33080213e+03
5.02435165e+03 7.59346354e+03 1.11024499e+04 1.53264883e+04 1.98257066e+04 2.41691726e+04
2.81016241e+04 3.15472623e+04 3.45323461e+04 3.71179103e+04 3.93648664e+04 4.13235483e+04
4.30334618e+04 4.45257023e+04 4.58249891e+04 4.69511164e+04 4.79200155e+04 4.87445654e+04
4.94351281e+04 4.99998722e+04 5.04450553e+04 5.07753174e+04 5.09938178e+04 5.11566431e+04
-7.90763320e+03 -7.86329104e+03 -7.68084637e+03 -7.41044359e+03 -7.05578005e+03 -6.62234918e+03
-6.11801197e+03 -5.55366700e+03 -4.94391568e+03 -4.30750791e+03 -3.66725260e+03 -3.04917902e+03
-2.48081074e+03 -1.98869463e+03 -1.59549553e+03 -1.31665115e+03 -1.15722121e+03 -1.11085475e+03
-1.16111508e+03 -1.27990189e+03 -1.42329195e+03 -1.53150120e+03 -1.54357010e+03 -1.42963976e+03
-1.21015774e+03 -9.46274487e+02 -6.89024889e+02 -4.66943277e+02 -2.95412702e+02 -1.69216973e+02
-7.78417100e+01 -1.25918759e+01 3.35083741e+01 6.74211622e+01 9.31616693e+01 1.13681193e+02
1.32042695e+02 1.48373316e+02 1.62873335e+02 1.76250956e+02 1.88696924e+02 2.00404273e+02
2.11722626e+02 2.22831471e+02 2.34073634e+02 2.45761884e+02 2.57834537e+02 2.70621330e+02
2.84504821e+02 2.99662840e+02 3.16459023e+02 3.35172829e+02 3.56129443e+02 3.80107184e+02
4.07497156e+02 4.38689641e+02 4.77391996e+02 5.27077336e+02 5.92759606e+02 6.83321168e+02
8.09142451e+02 9.87558453e+02 1.25035502e+03 1.65350373e+03 2.28909077e+03 3.33171954e+03
5.02576016e+03 7.59541250e+03 1.11047835e+04 1.53288459e+04 1.98276774e+04 2.41704691e+04
2.81021390e+04 3.15470095e+04 3.45313953e+04 3.71163467e+04 3.93627744e+04 4.13210073e+04
4.30305445e+04 4.45224743e+04 4.58215087e+04 4.69474348e+04 4.79161765e+04 4.87406058e+04
4.94310783e+04 4.99957566e+04 5.04408935e+04 5.07711245e+04 5.09896061e+04 5.11524182e+04
-7.90750529e+03 -7.86315536e+03 -7.68071674e+03 -7.41032292e+03 -7.05567138e+03 -6.62225519e+03
-6.11793481e+03 -5.55360777e+03 -4.94387379e+03 -4.30748066e+03 -3.66723482e+03 -3.04916294e+03
-2.48078624e+03 -1.98864993e+03 -1.59541811e+03 -1.31652884e+03 -1.15704393e+03 -1.11061517e+03
-1.16080992e+03 -1.27953584e+03 -1.42288501e+03 -1.53109678e+03 -1.54321908e+03 -1.42937812e+03
-1.20998736e+03 -9.46161088e+02 -6.88948006e+02 -4.66895327e+02 -2.95387381e+02 -1.69217555e+02
-7.78666061e+01 -1.26384102e+01 3.34441452e+01 6.73469316e+01 9.30818944e+01 1.13597904e+02
1.31958218e+02 1.48289746e+02 1.62793599e+02 1.76177018e+02 1.88626896e+02 2.00339886e+02
2.11667572e+02 2.22786295e+02 2.34039926e+02 2.45740202e+02 2.57824513e+02 2.70621293e+02
2.84514154e+02 2.99679374e+02 3.16481705e+02 3.35202781e+02 3.56165857e+02 3.80149175e+02
4.07544392e+02 4.38742399e+02 4.77449124e+02 5.27135465e+02 5.92816738e+02 6.83380278e+02
8.09208375e+02 9.87641537e+02 1.25048391e+03 1.65371323e+03 2.28945763e+03 3.33235383e+03
5.02675397e+03 7.59680687e+03 1.11064735e+04 1.53305763e+04 1.98291476e+04 2.41714599e+04
2.81025610e+04 3.15468630e+04 3.45307245e+04 3.71152106e+04 3.93612345e+04 4.13191230e+04
4.30283718e+04 4.45200646e+04 4.58189080e+04 4.69446836e+04 4.79133093e+04 4.87376515e+04
4.94280604e+04 4.99926937e+04 5.04377999e+04 5.07680111e+04 5.09864810e+04 5.11492852e+04
-7.90753083e+03 -7.86317465e+03 -7.68073793e+03 -7.41034700e+03 -7.05569923e+03 -6.62228756e+03
-6.11797208e+03 -5.55364972e+03 -4.94391919e+03 -4.30752700e+03 -3.66727808e+03 -3.04919757e+03
-2.48080536e+03 -1.98864567e+03 -1.59538229e+03 -1.31645340e+03 -1.15692194e+03 -1.11044111e+03
-1.16058063e+03 -1.27925366e+03 -1.42256142e+03 -1.53076071e+03 -1.54290770e+03 -1.42912091e+03
-1.20979066e+03 -9.46002886e+02 -6.88816831e+02 -4.66789350e+02 -2.95305389e+02 -1.69164742e+02
-7.78424317e+01 -1.26407717e+01 3.34189858e+01 6.73069385e+01 9.30316321e+01 1.13539182e+02
1.31894239e+02 1.48223447e+02 1.62727751e+02 1.76113911e+02 1.88565728e+02 2.00282547e+02
2.11617450e+02 2.22744480e+02 2.34008275e+02 2.45719248e+02 2.57814121e+02 2.70619680e+02
2.84520427e+02 2.99691691e+02 3.16498882e+02 3.35225437e+02 3.56192896e+02 3.80179535e+02
4.07577096e+02 4.38776613e+02 4.77482963e+02 5.27165119e+02 5.92839633e+02 6.83398084e+02
8.09224484e+02 9.87663648e+02 1.25053436e+03 1.65381935e+03 2.28967496e+03 3.33275840e+03
5.02740886e+03 7.59774546e+03 1.11076316e+04 1.53317842e+04 1.98301965e+04 2.41721894e+04
2.81028980e+04 3.15467981e+04 3.45302819e+04 3.71144283e+04 3.93601547e+04 4.13177888e+04
4.30268246e+04 4.45183432e+04 4.58170477e+04 4.69427153e+04 4.79112595e+04 4.87355421e+04
4.94259090e+04 4.99905140e+04 5.04356019e+04 5.07658019e+04 5.09842657e+04 5.11470661e+04
-7.90765741e+03 -7.86329565e+03 -7.68085778e+03 -7.41046519e+03 -7.05581533e+03 -6.62240108e+03
-6.11808240e+03 -5.55375577e+03 -4.94401942e+03 -4.30761915e+03 -3.66735912e+03 -3.04926377e+03
-2.48085245e+03 -1.98866888e+03 -1.59537672e+03 -1.31641419e+03 -1.15684462e+03 -1.11032167e+03
-1.16041605e+03 -1.27904403e+03 -1.42231194e+03 -1.53048927e+03 -1.54263966e+03 -1.42887951e+03
-1.20958475e+03 -9.45819983e+02 -6.88652686e+02 -4.66646029e+02 -2.95184976e+02 -1.69073707e+02
-7.77812324e+01 -1.26082321e+01 3.34261277e+01 6.72960771e+01 9.30070643e+01 1.13502736e+02
1.31849526e+02 1.48173711e+02 1.62675602e+02 1.76061823e+02 1.88513785e+02 2.00232784e+02
2.11572804e+02 2.22706482e+02 2.33979039e+02 2.45699244e+02 2.57803465e+02 2.70616572e+02
2.84523697e+02 2.99699791e+02 3.16510569e+02 3.35240936e+02 3.56210896e+02 3.80198837e+02
4.07596305e+02 4.38794135e+02 4.77496485e+02 5.27170760e+02 5.92834638e+02 6.83383239e+02
8.09202182e+02 9.87639606e+02 1.25052579e+03 1.65384694e+03 2.28977685e+03 3.33298366e+03
5.02779742e+03 7.59832358e+03 1.11083660e+04 1.53325723e+04 1.98309030e+04 2.41727020e+04
2.81031589e+04 3.15467916e+04 3.45300174e+04 3.71139274e+04 3.93594446e+04 4.13168988e+04
4.30257842e+04 4.45171806e+04 4.58157888e+04 4.69413831e+04 4.79098735e+04 4.87341184e+04
4.94244601e+04 4.99890494e+04 5.04341283e+04 5.07643237e+04 5.09827854e+04 5.11455848e+04
-7.90783900e+03 -7.86347324e+03 -7.68103252e+03 -7.41063582e+03 -7.05598048e+03 -6.62255943e+03
-6.11823248e+03 -5.55389604e+03 -4.94414822e+03 -4.30773461e+03 -3.66745917e+03 -3.04934615e+03
-2.48091470e+03 -1.98870855e+03 -1.59539139e+03 -1.31640127e+03 -1.15680160e+03 -1.11024567e+03
-1.16030421e+03 -1.27889476e+03 -1.42212598e+03 -1.53027615e+03 -1.54241530e+03 -1.42866149e+03
-1.20938302e+03 -9.45629014e+02 -6.88473355e+02 -4.66482863e+02 -2.95042139e+02 -1.68958261e+02
-7.76946343e+01 -1.25502559e+01 3.34582244e+01 6.73086745e+01 9.30039226e+01 1.13485608e+02
1.31822090e+02 1.48139184e+02 1.62636440e+02 1.76020575e+02 1.88471054e+02 2.00190677e+02
2.11533956e+02 2.22672658e+02 2.33952480e+02 2.45680458e+02 2.57792684e+02 2.70612049e+02
2.84524139e+02 2.99703876e+02 3.16517044e+02 3.35249731e+02 3.56220571e+02 3.80208123e+02
4.07603577e+02 4.38797346e+02 4.77493168e+02 5.27157265e+02 5.92808336e+02 6.83344364e+02
8.09152506e+02 9.87583472e+02 1.25047649e+03 1.65381875e+03 2.28979406e+03 3.33307567e+03
5.02798631e+03 7.59862924e+03 1.11087774e+04 1.53330367e+04 1.98313415e+04 2.41730407e+04
2.81033534e+04 3.15468231e+04 3.45298850e+04 3.71136408e+04 3.93590192e+04 4.13163533e+04
4.30251383e+04 4.45164540e+04 4.58149997e+04 4.69405477e+04 4.79090057e+04 4.87332293e+04
4.94235585e+04 4.99881413e+04 5.04332178e+04 5.07634131e+04 5.09818754e+04 5.11446758e+04
-7.90804306e+03 -7.86367398e+03 -7.68122937e+03 -7.41082687e+03 -7.05616406e+03 -6.62273384e+03
-6.11839607e+03 -5.55404725e+03 -4.94428546e+03 -4.30785633e+03 -3.66756397e+03 -3.04943275e+03
-2.48098210e+03 -1.98875584e+03 -1.59541785e+03 -1.31640604e+03 -1.15678338e+03 -1.11020249e+03
-1.16023342e+03 -1.27879371e+03 -1.42199243e+03 -1.53011360e+03 -1.54223250e+03 -1.42847119e+03
-1.20919510e+03 -9.45442781e+02 -6.88292927e+02 -4.66314050e+02 -2.94890247e+02 -1.68830460e+02
-7.75931727e+01 -1.24756972e+01 3.35080146e+01 6.73389002e+01 9.30176634e+01 1.13484404e+02
1.31809437e+02 1.48118060e+02 1.62609094e+02 1.75989505e+02 1.88437163e+02 2.00156054e+02
2.11500969e+02 2.22643187e+02 2.33928781e+02 2.45663097e+02 2.57781947e+02 2.70606296e+02
2.84522052e+02 2.99704321e+02 3.16518816e+02 3.35252550e+02 3.56222948e+02 3.80208795e+02
4.07600847e+02 4.38788968e+02 4.77476715e+02 5.27129585e+02 5.92767133e+02 6.83289512e+02
8.09085428e+02 9.87507536e+02 1.25040181e+03 1.65375449e+03 2.28975405e+03 3.33307506e+03
5.02803436e+03 7.59874033e+03 1.11089551e+04 1.53332636e+04 1.98315795e+04 2.41732455e+04
2.81034918e+04 3.15468758e+04 3.45298445e+04 3.71135085e+04 3.93588021e+04 4.13160620e+04
4.30247853e+04 4.45160519e+04 4.58145608e+04 4.69400828e+04 4.79085240e+04 4.87327383e+04
4.94230635e+04 4.99876462e+04 5.04327246e+04 5.07629225e+04 5.09813872e+04 5.11441897e+04
-7.90824239e+03 -7.86387130e+03 -7.68142275e+03 -7.41101438e+03 -7.05634377e+03 -6.62290395e+03
-6.11855484e+03 -5.55419309e+03 -4.94441691e+03 -4.30797218e+03 -3.66766332e+03 -3.04951513e+03
-2.48104739e+03 -1.98880422e+03 -1.59544960e+03 -1.31642129e+03 -1.15678176e+03 -1.11018260e+03
-1.16019294e+03 -1.27872945e+03 -1.42190042e+03 -1.52999326e+03 -1.54208743e+03 -1.42831016e+03
-1.20902725e+03 -9.45270384e+02 -6.88121852e+02 -4.66150477e+02 -2.94739890e+02 -1.68700239e+02
-7.74858292e+01 -1.23924041e+01 3.35687644e+01 6.73811283e+01 9.30437234e+01 1.13495530e+02
1.31808764e+02 1.48108206e+02 1.62592037e+02 1.75967583e+02 1.88411423e+02 2.00128489e+02
2.11473685e+02 2.22618073e+02 2.33908030e+02 2.45647316e+02 2.57771447e+02 2.70599581e+02
2.84517856e+02 2.99701655e+02 3.16516566e+02 3.35250330e+02 3.56219287e+02 3.80202501e+02
4.07590282e+02 4.38771873e+02 4.77450797e+02 5.27092445e+02 5.92716926e+02 6.83225780e+02
8.09009462e+02 9.87422017e+02 1.25031432e+03 1.65367043e+03 2.28967979e+03 3.33301597e+03
5.02799109e+03 7.59872275e+03 1.11089754e+04 1.53333271e+04 1.98316758e+04 2.41733516e+04
2.81035843e+04 3.15469362e+04 3.45298622e+04 3.71134796e+04 3.93587280e+04 4.13159475e+04
4.30246372e+04 4.45158779e+04 4.58143683e+04 4.69398786e+04 4.79083139e+04 4.87325267e+04
4.94228537e+04 4.99874399e+04 5.04325226e+04 5.07627247e+04 5.09811926e+04 5.11439977e+04
-7.90842205e+03 -7.86404937e+03 -7.68159703e+03 -7.41118302e+03 -7.05650503e+03 -6.62305612e+03
-6.11869638e+03 -5.55432255e+03 -4.94453309e+03 -4.30807419e+03 -3.66775069e+03 -3.04958781e+03
-2.48110580e+03 -1.98884909e+03 -1.59548177e+03 -1.31644145e+03 -1.15679002e+03 -1.11017807e+03
-1.16017356e+03 -1.27869193e+03 -1.42183998e+03 -1.52990686e+03 -1.54197527e+03 -1.42817792e+03
-1.20888281e+03 -9.45117611e+02 -6.87967213e+02 -4.65999878e+02 -2.94598912e+02 -1.68575266e+02
-7.73798294e+01 -1.23069591e+01 3.36345631e+01 6.74302155e+01 9.30777600e+01 1.13515407e+02
1.31817155e+02 1.48107299e+02 1.62583497e+02 1.75953513e+02 1.88392900e+02 2.00107341e+02
2.11451748e+02 2.22597169e+02 2.33890220e+02 2.45633223e+02 2.57761389e+02 2.70592232e+02
2.84512052e+02 2.99696525e+02 3.16511113e+02 3.35244153e+02 3.56210992e+02 3.80191018e+02
4.07574128e+02 4.38748936e+02 4.77419037e+02 5.27050126e+02 5.92662679e+02 6.83159053e+02
8.08931489e+02 9.87334974e+02 1.25022382e+03 1.65357926e+03 2.28958943e+03 3.33292560e+03
5.02789618e+03 7.59862955e+03 1.11089001e+04 1.53332876e+04 1.98316793e+04 2.41733896e+04
2.81036408e+04 3.15469951e+04 3.45299116e+04 3.71135130e+04 3.93587433e+04 4.13159458e+04
4.30246215e+04 4.45158520e+04 4.58143364e+04 4.69398445e+04 4.79082807e+04 4.87324968e+04
4.94228285e+04 4.99874202e+04 5.04325083e+04 5.07627150e+04 5.09811863e+04 5.11439941e+04
-7.90857128e+03 -7.86419808e+03 -7.68174249e+03 -7.41132371e+03 -7.05663941e+03 -6.62318274e+03
-6.11881388e+03 -5.55442977e+03 -4.94462908e+03 -4.30815830e+03 -3.66782266e+03 -3.04964788e+03
-2.48115463e+03 -1.98888763e+03 -1.59551113e+03 -1.31646254e+03 -1.15680317e+03 -1.11018262e+03
-1.16016778e+03 -1.27867274e+03 -1.42180249e+03 -1.52984681e+03 -1.54189084e+03 -1.42807247e+03
-1.20876281e+03 -9.44987456e+02 -6.87833167e+02 -4.65867157e+02 -2.94472613e+02 -1.68461043e+02
-7.72806226e+01 -1.22245801e+01 3.37004884e+01 6.74816858e+01 9.31158382e+01 1.13540651e+02
1.31831741e+02 1.48112966e+02 1.62581578e+02 1.75945835e+02 1.88380492e+02 2.00091805e+02
2.11434648e+02 2.22580200e+02 2.33875261e+02 2.45620883e+02 2.57751982e+02 2.70584609e+02
2.84505172e+02 2.99689653e+02 3.16503393e+02 3.35235189e+02 3.56199526e+02 3.80176140e+02
4.07554572e+02 4.38722846e+02 4.77384733e+02 5.27006312e+02 5.92608424e+02 6.83093985e+02
8.08856761e+02 9.87252378e+02 1.25013746e+03 1.65349030e+03 2.28949644e+03 3.33282436e+03
5.02777957e+03 7.59850111e+03 1.11087765e+04 1.53331925e+04 1.98316287e+04 2.41733841e+04
2.81036703e+04 3.15470463e+04 3.45299732e+04 3.71135775e+04 3.93588070e+04 4.13160073e+04
4.30246813e+04 4.45159117e+04 4.58143976e+04 4.69399090e+04 4.79083499e+04 4.87325716e+04
4.94229094e+04 4.99875071e+04 5.04326006e+04 5.07628117e+04 5.09812861e+04 5.11440964e+04
-7.90868758e+03 -7.86431395e+03 -7.68185568e+03 -7.41143300e+03 -7.05674364e+03 -6.62328080e+03
-6.11890475e+03 -5.55451254e+03 -4.94470306e+03 -4.30822310e+03 -3.66787822e+03 -3.04969450e+03
-2.48119300e+03 -1.98891871e+03 -1.59553597e+03 -1.31648201e+03 -1.15681764e+03 -1.11019163e+03
-1.16016989e+03 -1.27866526e+03 -1.42178088e+03 -1.52980650e+03 -1.54182904e+03 -1.42799091e+03
-1.20866652e+03 -9.44880705e+02 -6.87721485e+02 -4.65754863e+02 -2.94364089e+02 -1.68361146e+02
-7.71920141e+01 -1.21491417e+01 3.37626373e+01 6.75318234e+01 9.31545463e+01 1.13568206e+02
1.31849831e+02 1.48122901e+02 1.62584361e+02 1.75943022e+02 1.88373007e+02 2.00080972e+02
2.11421771e+02 2.22566798e+02 2.33862995e+02 2.45610325e+02 2.57743424e+02 2.70577088e+02
2.84497780e+02 2.99681796e+02 3.16494366e+02 3.35224627e+02 3.56186336e+02 3.80159593e+02
4.07533639e+02 4.38695976e+02 4.77350616e+02 5.26964020e+02 5.92557404e+02 6.83034067e+02
8.08789020e+02 9.87178309e+02 1.25006006e+03 1.65340979e+03 2.28940999e+03 3.33272639e+03
5.02766228e+03 7.59836606e+03 1.11086389e+04 1.53330762e+04 1.98315529e+04 2.41733544e+04
2.81036809e+04 3.15470867e+04 3.45300338e+04 3.71136512e+04 3.93588892e+04 4.13160958e+04
4.30247751e+04 4.45160107e+04 4.58145021e+04 4.69400195e+04 4.79084666e+04 4.87326945e+04
4.94230384e+04 4.99876416e+04 5.04327400e+04 5.07629549e+04 5.09814320e+04 5.11442443e+04
-7.90876949e+03 -7.86439621e+03 -7.68193619e+03 -7.41151088e+03 -7.05681799e+03 -6.62335079e+03
-6.11896962e+03 -5.55457166e+03 -4.94475597e+03 -4.30826954e+03 -3.66791821e+03 -3.04972837e+03
-2.48122136e+03 -1.98894233e+03 -1.59555570e+03 -1.31649858e+03 -1.15683137e+03 -1.11020211e+03
-1.16017594e+03 -1.27866462e+03 -1.42176966e+03 -1.52978048e+03 -1.54178520e+03 -1.42792994e+03
-1.20859211e+03 -9.44796556e+02 -6.87632154e+02 -4.65663723e+02 -2.94274660e+02 -1.68277423e+02
-7.71164081e+01 -1.20834336e+01 3.38180577e+01 6.75776705e+01 9.31910492e+01 1.13595421e+02
1.31869007e+02 1.48134970e+02 1.62590040e+02 1.75943568e+02 1.88369203e+02 2.00073885e+02
2.11412443e+02 2.22556540e+02 2.33853223e+02 2.45601547e+02 2.57735906e+02 2.70570042e+02
2.84490443e+02 2.99673713e+02 3.16484979e+02 3.35213613e+02 3.56172791e+02 3.80142962e+02
4.07513131e+02 4.38670356e+02 4.77318910e+02 5.26925611e+02 5.92512032e+02 6.82981728e+02
8.08730696e+02 9.87115254e+02 1.24999446e+03 1.65334141e+03 2.28933567e+03 3.33264052e+03
5.02755758e+03 7.59824285e+03 1.11085096e+04 1.53329619e+04 1.98314723e+04 2.41733147e+04
2.81036794e+04 3.15471159e+04 3.45300858e+04 3.71137199e+04 3.93589704e+04 4.13161868e+04
4.30248745e+04 4.45161175e+04 4.58146159e+04 4.69401397e+04 4.79085930e+04 4.87328268e+04
4.94231760e+04 4.99877838e+04 5.04328861e+04 5.07631040e+04 5.09815831e+04 5.11443970e+04
-7.90882213e+03 -7.86444902e+03 -7.68198777e+03 -7.41156065e+03 -7.05686546e+03 -6.62339547e+03
-6.11901110e+03 -5.55460958e+03 -4.94479007e+03 -4.30829972e+03 -3.66794456e+03 -3.04975113e+03
-2.48124097e+03 -1.98895933e+03 -1.59557065e+03 -1.31651193e+03 -1.15684329e+03 -1.11021225e+03
-1.16018333e+03 -1.27866748e+03 -1.42176491e+03 -1.52976453e+03 -1.54175532e+03 -1.42788621e+03
-1.20853709e+03 -9.44733192e+02 -6.87563954e+02 -4.65593201e+02 -2.94204404e+02 -1.68210580e+02
-7.70551275e+01 -1.20292572e+01 3.38646383e+01 6.76169751e+01 9.32230730e+01 1.13620081e+02
1.31887176e+02 1.48147272e+02 1.62596956e+02 1.75946057e+02 1.88367894e+02 2.00069605e+02
2.11405990e+02 2.22548986e+02 2.33845722e+02 2.45594530e+02 2.57729600e+02 2.70563828e+02
2.84483710e+02 2.99666126e+02 3.16476117e+02 3.35203212e+02 3.56160137e+02 3.80127656e+02
4.07494601e+02 4.38647665e+02 4.77291374e+02 5.26892855e+02 5.92474000e+02 6.82938526e+02
8.08683184e+02 9.87064460e+02 1.24994196e+03 1.65328688e+03 2.28927620e+03 3.33257129e+03
5.02747255e+03 7.59814164e+03 1.11084016e+04 1.53328639e+04 1.98313999e+04 2.41732751e+04
2.81036716e+04 3.15471348e+04 3.45301258e+04 3.71137761e+04 3.93590393e+04 4.13162660e+04
4.30249623e+04 4.45162127e+04 4.58147178e+04 4.69402476e+04 4.79087062e+04 4.87329447e+04
4.94232980e+04 4.99879094e+04 5.04330144e+04 5.07632346e+04 5.09817151e+04 5.11445301e+04
-7.90884799e+03 -7.86447577e+03 -7.68201396e+03 -7.41158620e+03 -7.05689006e+03 -6.62341892e+03
-6.11903318e+03 -5.55463005e+03 -4.94480886e+03 -4.30831685e+03 -3.66796007e+03 -3.04976518e+03
-2.48125378e+03 -1.98897114e+03 -1.59558173e+03 -1.31652245e+03 -1.15685321e+03 -1.11022121e+03
-1.16019061e+03 -1.27867176e+03 -1.42176389e+03 -1.52975551e+03 -1.54173611e+03 -1.42785660e+03
-1.20849878e+03 -9.44688322e+02 -6.87515025e+02 -4.65541944e+02 -2.94152673e+02 -1.68160694e+02
-7.70087797e+01 -1.19876956e+01 3.39009252e+01 6.76480678e+01 9.32488478e+01 1.13640389e+02
1.31902592e+02 1.48158179e+02 1.62603653e+02 1.75949232e+02 1.88368015e+02 2.00067274e+02
2.11401781e+02 2.22543722e+02 2.33840282e+02 2.45589252e+02 2.57724664e+02 2.70558777e+02
2.84478083e+02 2.99659692e+02 3.16468581e+02 3.35194370e+02 3.56149464e+02 3.80114886e+02
4.07479343e+02 4.38629256e+02 4.77269366e+02 5.26867045e+02 5.92444445e+02 6.82905380e+02
8.08647149e+02 9.87026340e+02 1.24990286e+03 1.65324652e+03 2.28923230e+03 3.33252020e+03
5.02740976e+03 7.59806648e+03 1.11083204e+04 1.53327889e+04 1.98313427e+04 2.41732416e+04
2.81036620e+04 3.15471458e+04 3.45301535e+04 3.71138171e+04 3.93590910e+04 4.13163264e+04
4.30250300e+04 4.45162867e+04 4.58147970e+04 4.69403315e+04 4.79087941e+04 4.87330360e+04
4.94233922e+04 4.99880059e+04 5.04331129e+04 5.07633344e+04 5.09818159e+04 5.11446315e+04
-7.90885375e+03 -7.86448245e+03 -7.68202061e+03 -7.41159267e+03 -7.05689649e+03 -6.62342537e+03
-6.11903979e+03 -5.55463699e+03 -4.94481616e+03 -4.30832450e+03 -3.66796804e+03 -3.04977340e+03
-2.48126215e+03 -1.98897958e+03 -1.59559012e+03 -1.31653071e+03 -1.15686118e+03 -1.11022855e+03
-1.16019681e+03 -1.27867597e+03 -1.42176467e+03 -1.52975107e+03 -1.54172495e+03 -1.42783850e+03
-1.20847473e+03 -9.44659724e+02 -6.87483479e+02 -4.65508525e+02 -2.94118582e+02 -1.68127464e+02
-7.69775791e+01 -1.19594107e+01 3.39259049e+01 6.76697132e+01 9.32670124e+01 1.13654928e+02
1.31913845e+02 1.48166360e+02 1.62608928e+02 1.75952041e+02 1.88368671e+02 2.00066170e+02
2.11399289e+02 2.22540400e+02 2.33836728e+02 2.45585701e+02 2.57721242e+02 2.70555180e+02
2.84474001e+02 2.99654984e+02 3.16463057e+02 3.35187894e+02 3.56141689e+02 3.80105652e+02
4.07468412e+02 4.38616204e+02 4.77253929e+02 5.26849128e+02 5.92424138e+02 6.82882831e+02
8.08622859e+02 9.87000873e+02 1.24987694e+03 1.65321996e+03 2.28920356e+03 3.33248689e+03
5.02736896e+03 7.59801759e+03 1.11082673e+04 1.53327392e+04 1.98313040e+04 2.41732180e+04
2.81036538e+04 3.15471514e+04 3.45301704e+04 3.71138432e+04 3.93591245e+04 4.13163661e+04
4.30250748e+04 4.45163358e+04 4.58148498e+04 4.69403873e+04 4.79088525e+04 4.87330966e+04
4.94234545e+04 4.99880696e+04 5.04331776e+04 5.07633999e+04 5.09818818e+04 5.11446979e+04
-7.90884381e+03 -7.86447444e+03 -7.68201326e+03 -7.41158629e+03 -7.05689130e+03 -6.62342164e+03
-6.11903764e+03 -5.55463653e+03 -4.94481738e+03 -4.30832723e+03 -3.66797203e+03 -3.04977833e+03
-2.48126767e+03 -1.98898534e+03 -1.59559589e+03 -1.31653629e+03 -1.15686640e+03 -1.11023325e+03
-1.16020075e+03 -1.27867878e+03 -1.42176570e+03 -1.52974942e+03 -1.54171990e+03 -1.42782993e+03
-1.20846310e+03 -9.44645728e+02 -6.87467910e+02 -4.65491899e+02 -2.94101497e+02 -1.68110691e+02
-7.69617215e+01 -1.19449345e+01 3.39387821e+01 6.76809486e+01 9.32765123e+01 1.13662603e+02
1.31919853e+02 1.48170793e+02 1.62611861e+02 1.75953690e+02 1.88369192e+02 2.00065760e+02
2.11398132e+02 2.22538783e+02 2.33834956e+02 2.45583895e+02 2.57719467e+02 2.70553285e+02
2.84471827e+02 2.99652463e+02 3.16460098e+02 3.35184427e+02 3.56137539e+02 3.80100746e+02
4.07462637e+02 4.38609351e+02 4.77245877e+02 5.26839843e+02 5.92413684e+02 6.82871296e+02
8.08610509e+02 9.86988004e+02 1.24986391e+03 1.65320668e+03 2.28918928e+03 3.33247043e+03
5.02734888e+03 7.59799354e+03 1.11082411e+04 1.53327145e+04 1.98312845e+04 2.41732059e+04
2.81036493e+04 3.15471536e+04 3.45301783e+04 3.71138558e+04 3.93591409e+04 4.13163856e+04
4.30250969e+04 4.45163601e+04 4.58148759e+04 4.69404149e+04 4.79088814e+04 4.87331264e+04
4.94234851e+04 4.99881008e+04 5.04332092e+04 5.07634318e+04 5.09819140e+04 5.11447302e+04
0.00000000e+00 0.00000000e+00 0.00000000e+00 0.00000000e+00 0.00000000e+00 0.00000000e+00
0.00000000e+00 0.00000000e+00 0.00000000e+00 0.00000000e+00 0.00000000e+00 0.00000000e+00
0.00000000e+00 0.00000000e+00 0.00000000e+00 0.00000000e+00 0.00000000e+00 0.00000000e+00
0.00000000e+00 0.00000000e+00 0.00000000e+00 0.00000000e+00 0.00000000e+00 0.00000000e+00
0.00000000e+00 0.00000000e+00 0.00000000e+00 0.00000000e+00 0.00000000e+00 0.00000000e+00
0.00000000e+00 0.00000000e+00 0.00000000e+00 0.00000000e+00 0.00000000e+00 0.00000000e+00
0.00000000e+00 0.00000000e+00 0.00000000e+00 0.00000000e+00 0.00000000e+00 0.00000000e+00
0.00000000e+00 0.00000000e+00 0.00000000e+00 0.00000000e+00 0.00000000e+00 0.00000000e+00
0.00000000e+00 0.00000000e+00 0.00000000e+00 0.00000000e+00 0.00000000e+00 0.00000000e+00
0.00000000e+00 0.00000000e+00 0.00000000e+00 0.00000000e+00 0.00000000e+00 0.00000000e+00
0.00000000e+00 0.00000000e+00 0.00000000e+00 0.00000000e+00 0.00000000e+00 0.00000000e+00
0.00000000e+00 0.00000000e+00 0.00000000e+00 0.00000000e+00 0.00000000e+00 0.00000000e+00
0.00000000e+00 0.00000000e+00 0.00000000e+00 0.00000000e+00 0.00000000e+00 0.00000000e+00
0.00000000e+00 0.00000000e+00 0.00000000e+00 0.00000000e+00 0.00000000e+00 0.00000000e+00
0.00000000e+00 0.00000000e+00 0.00000000e+00 0.00000000e+00 0.00000000e+00 0.00000000e+00
-3.93833777e-02 -1.93059925e-01 -3.30112904e-01 -3.04201424e-01 -1.68484267e-01 2.08526501e-02
2.29621902e-01 4.37083766e-01 6.30492075e-01 8.04301033e-01 9.57141822e-01 1.09220498e+00
1.21332273e+00 1.32370441e+00 1.42434757e+00 1.51236828e+00 1.58224001e+00 1.61996298e+00
1.59865092e+00 1.51485890e+00 1.36187625e+00 1.13137443e+00 8.91895845e-01 6.74560209e-01
5.07651885e-01 3.75194158e-01 2.75269355e-01 2.01226890e-01 1.39289344e-01 9.87315788e-02
7.04150870e-02 5.51410164e-02 4.30505964e-02 3.19975757e-02 2.81015414e-02 2.35482250e-02
1.93682511e-02 1.68495076e-02 1.42877049e-02 1.22850954e-02 9.86200373e-03 8.55622935e-03
7.41517143e-03 6.86049819e-03 6.36046865e-03 5.92654980e-03 5.58667423e-03 5.19901110e-03
5.39967992e-03 5.49518069e-03 6.77389463e-03 7.29705823e-03 8.02100335e-03 8.62778530e-03
1.01657529e-02 1.16722563e-02 1.06756131e-02 1.78117533e-02 2.32347767e-02 3.00650988e-02
4.67000590e-02 7.28428432e-02 1.16699915e-01 1.85353465e-01 3.06535086e-01 5.21071220e-01
8.76047006e-01 1.40540740e+00 2.03994535e+00 2.66109775e+00 3.09814867e+00 3.33855112e+00
3.39603814e+00 3.29395602e+00 3.10951842e+00 2.87375915e+00 2.61199119e+00 2.34029168e+00
2.07053794e+00 1.80782515e+00 1.55460923e+00 1.31193375e+00 1.08039364e+00 8.60938168e-01
6.55464691e-01 4.67214680e-01 3.01278787e-01 1.64689998e-01 6.47086055e-02 1.32430648e-02
-3.81383228e-02 -1.63849987e-01 -2.34045861e-01 -1.11234218e-01 1.80595753e-01 5.71163153e-01
1.00115838e+00 1.42995688e+00 1.83254914e+00 2.19578632e+00 2.51654985e+00 2.79790772e+00
3.04596718e+00 3.26593652e+00 3.45918298e+00 3.62131222e+00 3.74127180e+00 3.79058533e+00
3.71061397e+00 3.49425810e+00 3.12739636e+00 2.59137920e+00 2.03942188e+00 1.54128372e+00
1.15951741e+00 8.57269113e-01 6.29586992e-01 4.59460730e-01 3.18183846e-01 2.25242718e-01
1.60180939e-01 1.25600250e-01 9.86511418e-02 7.35016846e-02 6.46300516e-02 5.42097334e-02
4.45823934e-02 3.88031234e-02 3.29247266e-02 2.83428085e-02 2.27743115e-02 1.98111481e-02
1.71922503e-02 1.59641643e-02 1.48322096e-02 1.38846029e-02 1.31339043e-02 1.22833211e-02
1.28160759e-02 1.31653823e-02 1.62014253e-02 1.75211919e-02 1.93379042e-02 2.09309058e-02
2.47453690e-02 2.85317268e-02 2.69381912e-02 4.39001523e-02 5.74277571e-02 7.44294937e-02
1.14680061e-01 1.76836813e-01 2.78495446e-01 4.33054506e-01 6.96001004e-01 1.15367912e+00
1.91495299e+00 3.08241677e+00 4.53442388e+00 6.00431098e+00 7.07560601e+00 7.68502932e+00
7.85170080e+00 7.63577552e+00 7.21754417e+00 6.67469016e+00 6.06916952e+00 5.43937175e+00
4.81323610e+00 4.20288799e+00 3.61427572e+00 3.04984143e+00 2.51110726e+00 2.00046720e+00
1.52239238e+00 1.08458941e+00 6.98954833e-01 3.81962210e-01 1.54074615e-01 3.08406195e-02
2.23155613e-02 1.16018286e-01 3.23713147e-01 6.96937343e-01 1.23802853e+00 1.89511247e+00
2.60252049e+00 3.30610899e+00 3.96872911e+00 4.56914411e+00 5.09912150e+00 5.55963310e+00
5.95631533e+00 6.29502131e+00 6.57768601e+00 6.79969634e+00 6.94443931e+00 6.96711828e+00
6.77104339e+00 6.34207281e+00 5.65879994e+00 4.68913743e+00 3.69413391e+00 2.79666352e+00
2.10535132e+00 1.55789086e+00 1.14487370e+00 8.32909736e-01 5.78511385e-01 4.09109529e-01
2.90017808e-01 2.27834099e-01 1.80006141e-01 1.34619125e-01 1.18357292e-01 9.94197386e-02
8.17741348e-02 7.11219722e-02 6.03739456e-02 5.20372372e-02 4.19036942e-02 3.64933682e-02
3.17360873e-02 2.95518997e-02 2.75309807e-02 2.58699858e-02 2.45548447e-02 2.30668392e-02
2.41645759e-02 2.50651036e-02 3.07148391e-02 3.33426074e-02 3.69784598e-02 4.03215366e-02
4.78149765e-02 5.52478909e-02 5.39363968e-02 8.56317570e-02 1.12148412e-01 1.45589275e-01
2.22847853e-01 3.40303738e-01 5.26628977e-01 8.04187800e-01 1.25703035e+00 2.02956023e+00
3.32030671e+00 5.35320074e+00 7.97215367e+00 1.07029178e+01 1.27604003e+01 1.39661772e+01
1.43304512e+01 1.39778275e+01 1.32326148e+01 1.22484636e+01 1.11440144e+01 9.99242878e+00
8.84460908e+00 7.72365559e+00 6.64103418e+00 5.60160731e+00 4.60882409e+00 3.66765210e+00
2.78693170e+00 1.98148181e+00 1.27361279e+00 6.93454911e-01 2.76595641e-01 5.59064178e-02
7.08727167e-02 3.48265541e-01 8.70892626e-01 1.60336821e+00 2.50846651e+00 3.53109058e+00
4.60330450e+00 5.66123332e+00 6.65635137e+00 7.55753945e+00 8.35019000e+00 9.03191134e+00
9.60778902e+00 1.00848876e+01 1.04670951e+01 1.07506097e+01 1.09122451e+01 1.08904904e+01
1.05503159e+01 9.86429048e+00 8.80691619e+00 7.33223708e+00 5.80935612e+00 4.42492297e+00
3.34177333e+00 2.47859947e+00 1.82245445e+00 1.32063583e+00 9.23101891e-01 6.52785242e-01
4.61721090e-01 3.63509958e-01 2.88084590e-01 2.16570412e-01 1.89806484e-01 1.59729293e-01
1.31412499e-01 1.14027147e-01 9.67618757e-02 8.34731180e-02 6.74358770e-02 5.87071248e-02
5.11114672e-02 4.76463274e-02 4.44349439e-02 4.18241975e-02 3.97590226e-02 3.74236618e-02
3.92611137e-02 4.10179221e-02 4.98939931e-02 5.42816315e-02 6.04841165e-02 6.63891971e-02
7.88524614e-02 9.09956427e-02 9.11739294e-02 1.41336377e-01 1.84975567e-01 2.40212237e-01
3.67188795e-01 5.58371368e-01 8.54351478e-01 1.29514390e+00 1.99690362e+00 3.17695247e+00
5.14781480e+00 8.27401351e+00 1.23578636e+01 1.66620792e+01 1.99673588e+01 2.19358188e+01
2.25573543e+01 2.20495714e+01 2.08998411e+01 1.93623779e+01 1.76274245e+01 1.58140924e+01
1.40003927e+01 1.22245959e+01 1.05056078e+01 8.85247088e+00 7.27217900e+00 5.77423135e+00
4.37445258e+00 3.09814582e+00 1.98195261e+00 1.07328041e+00 4.25393241e-01 8.60097797e-02
1.11311712e-01 5.43065426e-01 1.35765116e+00 2.47527970e+00 3.80897218e+00 5.27298419e+00
6.78340395e+00 8.26381800e+00 9.65266745e+00 1.09075604e+01 1.20054256e+01 1.29394520e+01
1.37141359e+01 1.43387376e+01 1.48212612e+01 1.51610362e+01 1.53292075e+01 1.52497750e+01
1.47554634e+01 1.38003405e+01 1.23574634e+01 1.03699472e+01 8.29163239e+00 6.37564891e+00
4.84136715e+00 3.60466107e+00 2.65266184e+00 1.91669907e+00 1.35014663e+00 9.55387132e-01
6.74351497e-01 5.32497190e-01 4.22892392e-01 3.20200258e-01 2.79025171e-01 2.35343728e-01
1.93671888e-01 1.67465128e-01 1.41955451e-01 1.22516786e-01 9.94725897e-02 8.64741591e-02
7.53450331e-02 7.02482850e-02 6.55336219e-02 6.17276208e-02 5.87240278e-02 5.53425656e-02
5.80663232e-02 6.10449200e-02 7.35458229e-02 8.01130521e-02 8.97482003e-02 9.91969748e-02
1.17997225e-01 1.35803536e-01 1.39372891e-01 2.10754282e-01 2.75253739e-01 3.56850053e-01
5.46472886e-01 8.29383529e-01 1.25871039e+00 1.89955449e+00 2.90643442e+00 4.57866610e+00
7.35969117e+00 1.17555460e+01 1.75174397e+01 2.36052699e+01 2.83438524e+01 3.11963611e+01
3.21206885e+01 3.14525122e+01 2.98452528e+01 2.76737705e+01 2.52096417e+01 2.26262751e+01
2.00316725e+01 1.74829800e+01 1.50091885e+01 1.26259906e+01 1.03465512e+01 8.18784701e+00
6.17623455e+00 4.35129005e+00 2.76708179e+00 1.48934266e+00 5.87043522e-01 1.18538793e-01
1.44112307e-01 7.02471604e-01 1.76568707e+00 3.23698331e+00 4.99779720e+00 6.92760050e+00
8.91415744e+00 1.08592142e+01 1.26830771e+01 1.43281981e+01 1.57602579e+01 1.69661107e+01
1.79491448e+01 1.87221003e+01 1.92988144e+01 1.96843037e+01 1.98489995e+01 1.97068387e+01
1.90688637e+01 1.78674841e+01 1.60743038e+01 1.36268156e+01 1.10247839e+01 8.57924004e+00
6.56348287e+00 4.91259645e+00 3.62089467e+00 2.61670487e+00 1.85601933e+00 1.31476051e+00
9.25567287e-01 7.34307542e-01 5.84255057e-01 4.46354456e-01 3.86109121e-01 3.26378044e-01
2.68650734e-01 2.31339835e-01 1.95736121e-01 1.68986292e-01 1.38116026e-01 1.19811820e-01
1.04466831e-01 9.73518103e-02 9.08067032e-02 8.55521433e-02 8.14260327e-02 7.68342855e-02
8.05629897e-02 8.51403649e-02 1.01491661e-01 1.10623321e-01 1.24674122e-01 1.38817878e-01
1.65476067e-01 1.89813649e-01 1.99282610e-01 2.93818219e-01 3.82232029e-01 4.93016650e-01
7.58777719e-01 1.15075667e+00 1.73609410e+00 2.60809515e+00 3.97062552e+00 6.20670539e+00
9.89767764e+00 1.56761289e+01 2.32319950e+01 3.12021448e+01 3.74726605e+01 4.12776036e+01
4.25334762e+01 4.17122480e+01 3.96225244e+01 3.67714685e+01 3.35169692e+01 3.00909565e+01
2.66348541e+01 2.32274283e+01 1.99109421e+01 1.67112916e+01 1.36512321e+01 1.07590495e+01
8.07538895e+00 5.65693236e+00 3.57582457e+00 1.91380132e+00 7.50942313e-01 1.51393899e-01
1.69264714e-01 8.26449666e-01 2.08777607e+00 3.85297072e+00 5.99003720e+00 8.35443496e+00
1.08056258e+01 1.32178243e+01 1.54870315e+01 1.75353935e+01 1.93130897e+01 2.07975676e+01
2.19896207e+01 2.29057978e+01 2.35670560e+01 2.39862293e+01 2.41399651e+01 2.39388853e+01
2.31862279e+01 2.17908054e+01 1.97251401e+01 1.69192086e+01 1.38771194e+01 1.09489421e+01
8.45339857e+00 6.36879691e+00 4.70649907e+00 3.41259939e+00 2.43457932e+00 1.72706086e+00
1.21123877e+00 9.68067600e-01 7.71983669e-01 5.95759414e-01 5.11192655e-01 4.32406428e-01
3.56302282e-01 3.05505919e-01 2.57787310e-01 2.22698546e-01 1.83338662e-01 1.58727366e-01
1.38514490e-01 1.28934496e-01 1.20220185e-01 1.13262289e-01 1.07836893e-01 1.01943694e-01
1.06761506e-01 1.13325335e-01 1.33600301e-01 1.45662967e-01 1.65189650e-01 1.85305885e-01
2.21470598e-01 2.53235997e-01 2.71678970e-01 3.90582987e-01 5.05168681e-01 6.44471246e-01
1.00123531e+00 1.51864565e+00 2.28035231e+00 3.40820736e+00 5.16696370e+00 8.01947083e+00
1.26806482e+01 1.98825024e+01 2.92481709e+01 3.90898674e+01 4.68984431e+01 5.16702992e+01
5.32706437e+01 5.23161275e+01 4.97483492e+01 4.62097000e+01 4.21430031e+01 3.78406519e+01
3.34809362e+01 2.91661840e+01 2.49559192e+01 2.08903145e+01 1.70056783e+01 1.33453395e+01
9.96692830e+00 6.94474900e+00 4.36678402e+00 2.32630039e+00 9.09635805e-01 1.83141899e-01
1.86885845e-01 9.15169423e-01 2.32147670e+00 4.30859535e+00 6.74271096e+00 9.46839928e+00
1.23252336e+01 1.51622123e+01 1.78489448e+01 2.02832437e+01 2.23955258e+01 2.41501287e+01
2.55425992e+01 2.65920605e+01 2.73276828e+01 2.77714886e+01 2.79124645e+01 2.76652905e+01
2.68408965e+01 2.53266635e+01 2.30978268e+01 2.00686231e+01 1.67083008e+01 1.33831334e+01
1.04421808e+01 7.92933153e+00 5.88556571e+00 4.28926759e+00 3.07649156e+00 2.18671458e+00
1.53355532e+00 1.23279609e+00 9.85680676e-01 7.69016995e-01 6.54155631e-01 5.52703285e-01
4.56400466e-01 3.89758430e-01 3.27951194e-01 2.83494270e-01 2.35028391e-01 2.03207277e-01
1.77525510e-01 1.64961986e-01 1.53723714e-01 1.44812601e-01 1.37941403e-01 1.30749462e-01
1.36702752e-01 1.45691591e-01 1.69809796e-01 1.85215931e-01 2.11255807e-01 2.38659150e-01
2.85288727e-01 3.26274707e-01 3.57395018e-01 5.01155711e-01 6.43558020e-01 8.04518572e-01
1.26998410e+00 1.92753973e+00 2.88213980e+00 4.28513995e+00 6.46448841e+00 9.95983569e+00
1.56056400e+01 2.41955102e+01 3.52921298e+01 4.68949604e+01 5.61605680e+01 6.18587389e+01
6.38020863e+01 6.27409523e+01 5.97284362e+01 5.55295440e+01 5.06693512e+01 4.54986375e+01
4.02341880e+01 3.50050942e+01 2.98919764e+01 2.49531130e+01 2.02420221e+01 1.58197185e+01
1.17614402e+01 8.15724757e+00 5.10696197e+00 2.71068375e+00 1.05716041e+00 2.12621292e-01
1.97369866e-01 9.69841496e-01 2.46830311e+00 4.60172791e+00 7.24108822e+00 1.02302106e+01
1.33992417e+01 1.65797586e+01 1.96184997e+01 2.23889409e+01 2.47994926e+01 2.67981546e+01
2.83721226e+01 2.95405662e+01 3.03410000e+01 3.08060704e+01 3.09383336e+01 3.06680327e+01
2.98242221e+01 2.82831944e+01 2.60150652e+01 2.29140886e+01 1.93782404e+01 1.57692404e+01
1.24487598e+01 9.54061574e+00 7.12695643e+00 5.22530596e+00 3.76877767e+00 2.68568193e+00
1.90030778e+00 1.52724945e+00 1.22422660e+00 9.66690132e-01 8.14439234e-01 6.86537926e-01
5.68536099e-01 4.83815081e-01 4.06502540e-01 3.51223940e-01 2.93190837e-01 2.53209226e-01
2.21543759e-01 2.05378187e-01 1.91253920e-01 1.80145036e-01 1.71713251e-01 1.63384839e-01
1.70445115e-01 1.82418754e-01 2.10129103e-01 2.29682348e-01 2.62860003e-01 2.98829986e-01
3.56131166e-01 4.09088532e-01 4.57508556e-01 6.25681190e-01 7.98195028e-01 9.83512478e-01
1.56076449e+00 2.37000763e+00 3.52853885e+00 5.21830861e+00 7.82318871e+00 1.19551834e+01
1.85504398e+01 2.84211838e+01 4.10873834e+01 5.42580702e+01 6.48270849e+01 7.13577626e+01
7.36286125e+01 7.24913808e+01 6.90911505e+01 6.42910431e+01 5.86935836e+01 5.27021860e+01
4.65736404e+01 4.04666761e+01 3.44856316e+01 2.87099756e+01 2.32128769e+01 1.80738617e+01
1.33843903e+01 9.24693088e+00 5.76886840e+00 3.05321078e+00 1.18833997e+00 2.38809657e-01
2.01319317e-01 9.92694150e-01 2.53311525e+00 4.73908330e+00 7.48999466e+00 1.06352724e+01
1.40047604e+01 1.74218029e+01 2.07177580e+01 2.37461404e+01 2.63947576e+01 2.85940035e+01
3.03202710e+01 3.15900417e+01 3.24467093e+01 3.29355296e+01 3.30720966e+01 3.28102061e+01
3.20033866e+01 3.05312497e+01 2.83475840e+01 2.53226989e+01 2.17574585e+01 1.79953642e+01
1.43858792e+01 1.11415949e+01 8.38932733e+00 6.19330539e+00 4.49466362e+00 3.21182929e+00
2.31460366e+00 1.84943794e+00 1.48542996e+00 1.18792562e+00 9.90844195e-01 8.32903683e-01
6.92092651e-01 5.87256354e-01 4.93494804e-01 4.25698809e-01 3.57691279e-01 3.08638913e-01
2.70605500e-01 2.50098108e-01 2.32713348e-01 2.19180791e-01 2.09112874e-01 2.00025896e-01
2.08036097e-01 2.23744632e-01 2.54590114e-01 2.79386050e-01 3.19967233e-01 3.65760176e-01
4.33906296e-01 5.01707637e-01 5.73690809e-01 7.64144577e-01 9.70410605e-01 1.19869473e+00
1.86773579e+00 2.83654261e+00 4.20241129e+00 6.17839446e+00 9.19495426e+00 1.39229848e+01
2.13858415e+01 3.23742550e+01 4.63753859e+01 6.08555737e+01 7.25185479e+01 7.97499348e+01
8.23177144e+01 8.11388115e+01 7.74215449e+01 7.21040802e+01 6.58558919e+01 5.91282335e+01
5.22163308e+01 4.53093282e+01 3.85371715e+01 3.20021460e+01 2.57977680e+01 2.00210217e+01
1.47768615e+01 1.01764007e+01 6.33080795e+00 3.34300228e+00 1.29907865e+00 2.60897258e-01
1.99516276e-01 9.87014750e-01 2.52390873e+00 4.73463861e+00 7.50868451e+00 1.07048918e+01
1.41592063e+01 1.76950872e+01 2.11371909e+01 2.43263214e+01 2.71343229e+01 2.94759892e+01
3.13158752e+01 3.26659911e+01 3.35720750e+01 3.40916779e+01 3.42550153e+01 3.40368144e+01
3.33220661e+01 3.20049411e+01 3.00159873e+01 2.71977031e+01 2.37424013e+01 1.99610589e+01
1.61663896e+01 1.26677988e+01 9.62351289e+00 7.16073721e+00 5.23449199e+00 3.75704745e+00
2.76138131e+00 2.19456283e+00 1.76545494e+00 1.42599747e+00 1.18119785e+00 9.90504106e-01
8.26225901e-01 6.99446997e-01 5.88431814e-01 5.06613467e-01 4.28002343e-01 3.69307844e-01
3.24448836e-01 2.98980259e-01 2.77978502e-01 2.61816277e-01 2.50059133e-01 2.40495942e-01
2.49450698e-01 2.69119633e-01 3.03160056e-01 3.34215858e-01 3.82450546e-01 4.39166560e-01
5.18515846e-01 6.03780101e-01 7.08839950e-01 9.15859751e-01 1.16012182e+00 1.45730760e+00
2.18572999e+00 3.31583032e+00 4.88283629e+00 7.12993599e+00 1.05266433e+01 1.57761563e+01
2.39776903e+01 3.58801941e+01 5.09260467e+01 6.64133353e+01 7.89247253e+01 8.67034426e+01
8.95234336e+01 8.83324279e+01 8.43749254e+01 7.86416737e+01 7.18555143e+01 6.45088504e+01
5.69297609e+01 4.93373094e+01 4.18876027e+01 3.47056400e+01 2.79041954e+01 2.15953544e+01
1.58942706e+01 1.09172158e+01 6.77611230e+00 3.57160853e+00 1.38616931e+00 2.78245673e-01
1.92908490e-01 9.57111683e-01 2.45146322e+00 4.60826315e+00 7.32746756e+00 1.04795135e+01
1.39104512e+01 1.74503560e+01 2.09249679e+01 2.41705314e+01 2.70496255e+01 2.94656972e+01
3.13730612e+01 3.27780820e+01 3.37265034e+01 3.42848414e+01 3.44976050e+01 3.43587988e+01
3.37863392e+01 3.26911424e+01 3.09805899e+01 2.84725343e+01 2.52536902e+01 2.15698317e+01
1.77065537e+01 1.40465402e+01 1.07758207e+01 8.09143381e+00 5.96606236e+00 4.31141436e+00
3.22166420e+00 2.55470179e+00 2.05888282e+00 1.67407208e+00 1.38258853e+00 1.15779247e+00
9.69605721e-01 8.19449502e-01 6.90573620e-01 5.93516957e-01 5.03623308e-01 4.34941329e-01
3.82675643e-01 3.51825939e-01 3.26882139e-01 3.07909212e-01 2.94427390e-01 2.84437961e-01
2.94599988e-01 3.17960723e-01 3.55717920e-01 3.93733601e-01 4.50053312e-01 5.18681286e-01
6.09386038e-01 7.13838202e-01 8.54818794e-01 1.07832308e+00 1.36385669e+00 1.73826287e+00
2.51412719e+00 3.79530101e+00 5.54611194e+00 8.03361787e+00 1.17554254e+01 1.74267872e+01
2.61996424e+01 3.87806290e+01 5.45479712e+01 7.07146393e+01 8.38089804e+01 9.19729092e+01
9.49907982e+01 9.38135489e+01 8.96967928e+01 8.36634729e+01 7.64731802e+01 6.86484769e+01
6.05458705e+01 5.24116880e+01 4.44266057e+01 3.67365568e+01 2.94711573e+01 2.27544885e+01
1.67085972e+01 1.14519028e+01 7.09477598e+00 3.73406829e+00 1.44776200e+00 2.90489445e-01
1.82474141e-01 9.07665296e-01 2.32780486e+00 4.38270148e+00 6.98272904e+00 1.00106547e+01
1.33250682e+01 1.67668898e+01 2.01692504e+01 2.33710659e+01 2.62328739e+01 2.86524716e+01
3.05772244e+01 3.20079461e+01 3.29893511e+01 3.35910825e+01 3.38699245e+01 3.38400145e+01
3.34478904e+01 3.26179108e+01 3.12420827e+01 2.91181569e+01 2.62379189e+01 2.27468241e+01
1.89339997e+01 1.52029632e+01 1.17929836e+01 8.94753294e+00 6.66569770e+00 4.86540542e+00
3.68704392e+00 2.91999745e+00 2.35903616e+00 1.92766668e+00 1.59155196e+00 1.33239702e+00
1.11957823e+00 9.45911891e-01 7.98991943e-01 6.85765107e-01 5.84179894e-01 5.05182595e-01
4.45018626e-01 4.08374690e-01 3.79206364e-01 3.57271965e-01 3.42046188e-01 3.31739026e-01
3.43365178e-01 3.70290395e-01 4.12055088e-01 4.57416306e-01 5.22311984e-01 6.03600146e-01
7.05462984e-01 8.29731879e-01 1.00154618e+00 1.24766601e+00 1.57604000e+00 2.02161309e+00
2.84329090e+00 4.26097549e+00 6.16673467e+00 8.84882058e+00 1.28173559e+01 1.88065174e+01
2.79547857e+01 4.09595103e+01 5.71115195e+01 7.36200147e+01 8.70232058e+01 9.54084771e+01
9.85630340e+01 9.74238939e+01 9.32313508e+01 8.70211701e+01 7.95717471e+01 7.14253556e+01
6.29617175e+01 5.44494293e+01 4.60903108e+01 3.80481050e+01 3.04659726e+01 2.34766549e+01
1.72060204e+01 1.17721791e+01 7.28222362e+00 3.82818335e+00 1.48305733e+00 2.97467989e-01
1.69217365e-01 8.43596758e-01 2.16566052e+00 4.08220835e+00 6.51368779e+00 9.35519023e+00
1.24789872e+01 1.57394307e+01 1.89813928e+01 2.20522067e+01 2.48166952e+01 2.71728540e+01
2.90651837e+01 3.04902536e+01 3.14907050e+01 3.21358098e+01 3.24903693e+01 3.25859176e+01
3.23941785e+01 3.18513184e+01 3.08404185e+01 2.91416467e+01 2.66625076e+01 2.34542369e+01
1.97946909e+01 1.60798124e+01 1.26266987e+01 9.69169983e+00 7.30909091e+00 5.41616926e+00
4.15085092e+00 3.27774689e+00 2.65823935e+00 2.18130701e+00 1.80403652e+00 1.51118844e+00
1.27331511e+00 1.07711618e+00 9.12365760e-01 7.82465855e-01 6.69139462e-01 5.79572224e-01
5.11142654e-01 4.68286621e-01 4.34667589e-01 4.09661095e-01 3.92686516e-01 3.82292049e-01
3.95583754e-01 4.26030529e-01 4.71831748e-01 5.24789089e-01 5.98496807e-01 6.92073970e-01
8.05460648e-01 9.49235335e-01 1.14761831e+00 1.41970579e+00 1.79044985e+00 2.31051538e+00
3.18763232e+00 4.70040571e+00 6.71911429e+00 9.53712286e+00 1.36596829e+01 1.98452190e+01
2.91703337e+01 4.23330020e+01 5.85418411e+01 7.50660733e+01 8.85116612e+01 9.69557046e+01
1.00183371e+02 9.91030795e+01 9.49171281e+01 8.86539238e+01 8.10939754e+01 7.27899360e+01
6.41368246e+01 5.54200064e+01 4.68576531e+01 3.86270657e+01 3.08812165e+01 2.37582171e+01
1.73850784e+01 1.18776218e+01 7.33841118e+00 3.85398137e+00 1.49205809e+00 2.99195619e-01
1.54088239e-01 7.69633876e-01 1.97725937e+00 3.73021461e+00 5.95841544e+00 8.56899948e+00
1.14481785e+01 1.44651011e+01 1.74789503e+01 2.03494475e+01 2.29505297e+01 2.51852186e+01
2.69991286e+01 2.83867044e+01 2.93871676e+01 3.00701177e+01 3.05028851e+01 3.07290080e+01
3.07411759e+01 3.04867656e+01 2.98442779e+01 2.85798524e+01 2.65326638e+01 2.36838494e+01
2.02459341e+01 1.66364081e+01 1.32372432e+01 1.02892074e+01 7.86908530e+00 5.94634962e+00
4.59654217e+00 3.61535600e+00 2.94849287e+00 2.42951681e+00 2.01514470e+00 1.69069365e+00
1.42850142e+00 1.21104292e+00 1.02890550e+00 8.82616088e-01 7.57768847e-01 6.57516993e-01
5.80571854e-01 5.31124411e-01 4.92907801e-01 4.64761350e-01 4.46030792e-01 4.35871126e-01
4.51013062e-01 4.84952793e-01 5.34508798e-01 5.95230632e-01 6.77728398e-01 7.82583310e-01
9.07753738e-01 1.06971959e+00 1.29151971e+00 1.58959070e+00 1.99780538e+00 2.60554519e+00
3.54670715e+00 5.09827501e+00 7.17857144e+00 1.00655566e+01 1.42402140e+01 2.04807890e+01
2.98030737e+01 4.28478771e+01 5.88107841e+01 7.50521097e+01 8.82952450e+01 9.66451733e+01
9.98850074e+01 9.88800480e+01 9.47790930e+01 8.85829240e+01 8.10588446e+01 7.27604291e+01
6.40893974e+01 5.53419271e+01 4.67470813e+01 3.84910935e+01 3.07328357e+01 2.36126527e+01
1.72563344e+01 1.17758143e+01 7.26819501e+00 3.81408185e+00 1.47580455e+00 2.95876930e-01
1.37889662e-01 6.89872736e-01 1.77338496e+00 3.34762283e+00 5.35134161e+00 7.70316622e+00
1.03029473e+01 1.30350337e+01 1.57741915e+01 1.83948080e+01 2.07831127e+01 2.28506609e+01
2.45473739e+01 2.58676763e+01 2.68476994e+01 2.75564232e+01 2.80612162e+01 2.84124920e+01
2.86171985e+01 2.86330237e+01 2.83385832e+01 2.74908882e+01 2.58785107e+01 2.34213578e+01
2.02667243e+01 1.68546548e+01 1.35961524e+01 1.07105697e+01 8.31462539e+00 6.40592584e+00
4.99502759e+00 3.92954417e+00 3.22224562e+00 2.66632934e+00 2.21946712e+00 1.86695404e+00
1.58251360e+00 1.34539558e+00 1.14670645e+00 9.85135080e-01 8.49095945e-01 7.38235828e-01
6.52675046e-01 5.96335471e-01 5.53481658e-01 5.22182868e-01 5.01700308e-01 4.92108834e-01
5.09287759e-01 5.46675595e-01 5.99826499e-01 6.67960810e-01 7.59028248e-01 8.74421852e-01
1.01036974e+00 1.18852733e+00 1.43081844e+00 1.75205649e+00 2.18404972e+00 2.88516584e+00
3.89074553e+00 5.43440295e+00 7.52332447e+00 1.04100821e+01 1.45380964e+01 2.06892050e+01
2.98201097e+01 4.24981591e+01 5.79473183e+01 7.36419962e+01 8.64654373e+01 9.45840862e+01
9.77802280e+01 9.68642876e+01 9.29188768e+01 8.69004669e+01 7.95501508e+01 7.14119606e+01
6.28864577e+01 5.42741367e+01 4.58094206e+01 3.76829231e+01 3.00555826e+01 2.30670294e+01
1.68397349e+01 1.14804299e+01 7.08003425e+00 3.71293623e+00 1.43603426e+00 2.87850415e-01
1.21376936e-01 6.08155316e-01 1.56398067e+00 2.95349129e+00 4.72357399e+00 6.80358161e+00
9.10645191e+00 1.15314488e+01 1.39692348e+01 1.63098667e+01 1.84535211e+01 2.03225021e+01
2.18730367e+01 2.31015040e+01 2.40418648e+01 2.47593532e+01 2.53214296e+01 2.57785837e+01
2.61512385e+01 2.64036526e+01 2.64173568e+01 2.59468631e+01 2.47431057e+01 2.26719692e+01
1.98675388e+01 1.67377293e+01 1.36894159e+01 1.09351576e+01 8.61907868e+00 6.75200149e+00
5.32152623e+00 4.21258395e+00 3.47123985e+00 2.88513593e+00 2.41150712e+00 2.03558145e+00
1.73254474e+00 1.47761051e+00 1.26372454e+00 1.08845445e+00 9.41852123e-01 8.20752606e-01
7.26828431e-01 6.63429799e-01 6.15848747e-01 5.81452221e-01 5.59460027e-01 5.50718909e-01
5.69896859e-01 6.10609206e-01 6.67322212e-01 7.41959775e-01 8.40964648e-01 9.65868516e-01
1.11108141e+00 1.30306375e+00 1.56271289e+00 1.90362980e+00 2.35357064e+00 3.12152889e+00
4.17468031e+00 5.68499291e+00 7.73530066e+00 1.05556417e+01 1.45492554e+01 2.04722773e+01
2.92225352e+01 4.13312168e+01 5.60370367e+01 7.09593595e+01 8.31767634e+01 9.09447070e+01
9.40472717e+01 9.32307448e+01 8.95007582e+01 8.37570271e+01 7.67036255e+01 6.88650475e+01
6.06334762e+01 5.23073407e+01 4.41210573e+01 3.62651365e+01 2.88990428e+01 2.21590319e+01
1.61624547e+01 1.10097304e+01 6.78502340e+00 3.55627748e+00 1.37493126e+00 2.75560311e-01
1.05078755e-01 5.27194906e-01 1.35619142e+00 2.56171298e+00 4.09817712e+00 5.90492766e+00
7.90721298e+00 1.00185336e+01 1.21449793e+01 1.41922563e+01 1.60749012e+01 1.77268604e+01
1.91117934e+01 2.02292855e+01 2.11115432e+01 2.18194290e+01 2.24188028e+01 2.29590740e+01
2.34681498e+01 2.39143403e+01 2.41850954e+01 2.40406799e+01 2.32086617e+01 2.15165770e+01
1.90961466e+01 1.63013007e+01 1.35176187e+01 1.09523562e+01 8.76440945e+00 6.97198665e+00
5.56286315e+00 4.44859405e+00 3.68610866e+00 3.07880597e+00 2.58550135e+00 2.19182357e+00
1.87454684e+00 1.60448268e+00 1.37753476e+00 1.19050252e+00 1.03446238e+00 9.03859396e-01
8.02288136e-01 7.31753119e-01 6.79344206e-01 6.41969640e-01 6.18852090e-01 6.11367197e-01
6.32149723e-01 6.75896936e-01 7.35815215e-01 8.15913410e-01 9.21682067e-01 1.05456369e+00
1.20741693e+00 1.41046771e+00 1.68401790e+00 2.04086150e+00 2.50936910e+00 3.30468858e+00
4.36637445e+00 5.83077924e+00 7.80232873e+00 1.04971556e+01 1.42801895e+01 1.98659980e+01
2.80884876e+01 3.94492558e+01 5.32159125e+01 6.71776809e+01 7.86342916e+01 8.59512956e+01
8.89164269e+01 8.82050617e+01 8.47384082e+01 7.93494059e+01 7.26969046e+01 6.52776672e+01
5.74685709e+01 4.95599078e+01 4.17811385e+01 3.43185799e+01 2.73270342e+01 2.09370716e+01
1.52593956e+01 1.03872122e+01 6.39748194e+00 3.35154037e+00 1.29534976e+00 2.59575902e-01
8.94428624e-02 4.49304435e-01 1.15609939e+00 2.18409736e+00 3.49463586e+00 5.03627993e+00
6.74562805e+00 8.54943908e+00 1.03683463e+01 1.21229484e+01 1.37417458e+01 1.51702347e+01
1.63798378e+01 1.73732679e+01 1.81818938e+01 1.88623829e+01 1.94768694e+01 2.00747587e+01
2.06845608e+01 2.12773147e+01 2.17490112e+01 2.18736614e+01 2.13712724e+01 2.00485757e+01
1.80140031e+01 1.55757284e+01 1.30943596e+01 1.07628539e+01 8.74366973e+00 7.06170260e+00
5.71152922e+00 4.62740318e+00 3.85792450e+00 3.24013335e+00 2.73555276e+00 2.33075423e+00
2.00390743e+00 1.72253358e+00 1.48542142e+00 1.28897270e+00 1.12507150e+00 9.86079770e-01
8.77870518e-01 8.00266907e-01 7.43137876e-01 7.02978092e-01 6.79048089e-01 6.73296207e-01
6.95120108e-01 7.41428237e-01 8.03854658e-01 8.88291150e-01 9.99432664e-01 1.13836641e+00
1.29679615e+00 1.50773016e+00 1.79110741e+00 2.15869303e+00 2.63811398e+00 3.43119943e+00
4.47000426e+00 5.86513174e+00 7.72167569e+00 1.02410214e+01 1.37513650e+01 1.89218872e+01
2.65109384e+01 3.69781640e+01 4.96494429e+01 6.25029806e+01 7.30776542e+01 7.98637958e+01
8.26543867e+01 8.20507713e+01 7.88829739e+01 7.39114836e+01 6.77433161e+01 6.08400750e+01
5.35581626e+01 4.61745761e+01 3.89093929e+01 3.19411392e+01 2.54171728e+01 1.94604165e+01
1.41736576e+01 9.64218926e+00 5.93547132e+00 3.10819805e+00 1.20095582e+00 2.40632121e-01
7.48825016e-02 3.76601404e-01 9.69176875e-01 1.83099153e+00 2.92961776e+00 4.22193990e+00
5.65495076e+00 7.16750166e+00 8.69361259e+00 1.01676143e+01 1.15310144e+01 1.27401658e+01
1.37737919e+01 1.46376774e+01 1.53622051e+01 1.59995393e+01 1.66075912e+01 1.72327994e+01
1.79034511e+01 1.85936293e+01 1.92089262e+01 1.95429091e+01 1.93204484e+01 1.83395878e+01
1.66780743e+01 1.46027729e+01 1.24460698e+01 1.03795483e+01 8.56175765e+00 7.02177071e+00
5.76272694e+00 4.74212690e+00 3.97847978e+00 3.36227084e+00 2.85607934e+00 2.44763886e+00
2.11667881e+00 1.82843626e+00 1.58452658e+00 1.38138302e+00 1.21161257e+00 1.06568222e+00
9.51816141e-01 8.67825320e-01 8.06240712e-01 7.63565130e-01 7.39173083e-01 7.35147097e-01
7.57631665e-01 8.05893437e-01 8.69940127e-01 9.57399767e-01 1.07219638e+00 1.21495893e+00
1.37680425e+00 1.59207180e+00 1.88032184e+00 2.25223976e+00 2.73239880e+00 3.49900384e+00
4.48846035e+00 5.78946538e+00 7.49993355e+00 9.80500028e+00 1.29956574e+01 1.76925346e+01
2.45716601e+01 3.40468240e+01 4.55146871e+01 5.71570218e+01 6.67643352e+01 7.29607281e+01
7.55466449e+01 7.50488271e+01 7.22035286e+01 6.76939555e+01 6.20697957e+01 5.57546101e+01
4.90793766e+01 4.23031999e+01 3.56329929e+01 2.92364711e+01 2.32512985e+01 1.77911989e+01
1.29501038e+01 8.80492182e+00 5.41747282e+00 2.83586374e+00 1.09544598e+00 2.19468090e-01
6.15954806e-02 3.10130389e-01 7.98189447e-01 1.50786213e+00 2.41227513e+00 3.47581270e+00
4.65475685e+00 5.89883180e+00 7.15408896e+00 8.36724289e+00 9.49146331e+00 1.04928462e+01
1.13565652e+01 1.20911712e+01 1.27253529e+01 1.33069902e+01 1.38892591e+01 1.45141697e+01
1.52072609e+01 1.59479668e+01 1.66534167e+01 1.71387685e+01 1.71428090e+01 1.64646810e+01
1.51527736e+01 1.34339331e+01 1.16095479e+01 9.82504958e+00 8.23097180e+00 6.85772349e+00
5.71308970e+00 4.77585119e+00 4.03916985e+00 3.43916305e+00 2.94228547e+00 2.53831045e+00
2.20881724e+00 1.91874969e+00 1.67195160e+00 1.46515484e+00 1.29190251e+00 1.14078144e+00
1.02231832e+00 9.33114904e-01 8.67508101e-01 8.22658127e-01 7.98098857e-01 7.95356807e-01
8.18337167e-01 8.67844772e-01 9.32554733e-01 1.02146932e+00 1.13784508e+00 1.28195937e+00
1.44490989e+00 1.66071189e+00 1.94821911e+00 2.31736629e+00 2.79026849e+00 3.50768160e+00
4.42502702e+00 5.61027008e+00 7.15101789e+00 9.21500922e+00 1.20556785e+01 1.62404078e+01
2.23630532e+01 3.07897741e+01 4.09929246e+01 5.13651850e+01 5.99532068e+01 6.55220489e+01
6.78811763e+01 6.74840281e+01 6.49735123e+01 6.09522067e+01 5.59101861e+01 5.02311935e+01
4.42165773e+01 3.81041289e+01 3.20847213e+01 2.63129642e+01 2.09151334e+01 1.59946400e+01
1.16359467e+01 7.90734770e+00 4.86304988e+00 2.54474237e+00 9.82752446e-01 1.96870820e-01
4.96865350e-02 2.50457292e-01 6.44641619e-01 1.21765720e+00 1.94760747e+00 2.80553923e+00
3.75594825e+00 4.75820803e+00 5.76895106e+00 6.74579841e+00 7.65210213e+00 8.46234552e+00
9.16718925e+00 9.77680969e+00 1.03184071e+01 1.08351172e+01 1.13749023e+01 1.19752674e+01
1.26587528e+01 1.34103189e+01 1.41593079e+01 1.47428610e+01 1.49203785e+01 1.45001533e+01
1.35055457e+01 1.21257527e+01 1.06273416e+01 9.12902591e+00 7.76945930e+00 6.57798131e+00
5.56397675e+00 4.71992993e+00 4.03472734e+00 3.46660488e+00 2.99036133e+00 2.59907386e+00
2.27700207e+00 1.99042627e+00 1.74493982e+00 1.53769329e+00 1.36377049e+00 1.20944320e+00
1.08778046e+00 9.94611581e-01 9.25660542e-01 8.79045968e-01 8.54475277e-01 8.52613984e-01
8.75814805e-01 9.25752993e-01 9.90071779e-01 1.07874843e+00 1.19455632e+00 1.33710487e+00
1.49844304e+00 1.71090379e+00 1.99175864e+00 2.35060480e+00 2.81009776e+00 3.45785949e+00
4.28445760e+00 5.33819536e+00 6.69433794e+00 8.50139777e+00 1.09775342e+01 1.46324971e+01
1.99804913e+01 2.73407541e+01 3.62615427e+01 4.53462956e+01 5.28955847e+01 5.78198329e+01
5.99387905e+01 5.96350648e+01 5.74604751e+01 5.39377069e+01 4.94967655e+01 4.44786648e+01
3.91532956e+01 3.37351252e+01 2.83970165e+01 2.32788832e+01 1.84944661e+01 1.41361723e+01
1.02786923e+01 6.98170992e+00 4.29202152e+00 2.24520450e+00 8.66881094e-01 1.73642911e-01
3.92217235e-02 1.97948587e-01 5.09507403e-01 9.62208035e-01 1.53856932e+00 2.21543559e+00
2.96456656e+00 3.75371441e+00 4.54873242e+00 5.31656433e+00 6.02928332e+00 6.66836025e+00
7.22883267e+00 7.72165404e+00 8.17223017e+00 8.61879341e+00 9.10347600e+00 9.65992163e+00
1.03084776e+01 1.10388361e+01 1.17914176e+01 1.24262488e+01 1.27274824e+01 1.25185100e+01
1.18028027e+01 1.07349283e+01 9.54494191e+00 8.32636198e+00 7.20072747e+00 6.19652924e+00
5.32419421e+00 4.58346372e+00 3.96599310e+00 3.44315473e+00 2.99799596e+00 2.62711753e+00
2.31840214e+00 2.04093570e+00 1.80108230e+00 1.59682199e+00 1.42492429e+00 1.26972531e+00
1.14653492e+00 1.05076055e+00 9.79335553e-01 9.31432354e-01 9.06945535e-01 9.05627848e-01
9.28612285e-01 9.78076500e-01 1.04085197e+00 1.12755929e+00 1.24051298e+00 1.37881646e+00
1.53550035e+00 1.74060095e+00 2.00853306e+00 2.34844746e+00 2.77996470e+00 3.35034643e+00
4.07474114e+00 4.98790164e+00 6.15286394e+00 7.69789799e+00 9.80880005e+00 1.29359978e+01
1.75169617e+01 2.38267448e+01 3.14863826e+01 3.93040885e+01 4.58266909e+01 5.01088951e+01
5.19826275e+01 5.17630493e+01 4.99154977e+01 4.68857261e+01 4.30445854e+01 3.86896308e+01
3.40585364e+01 2.93412580e+01 2.46914285e+01 2.02333247e+01 1.60675441e+01 1.22752136e+01
8.92125936e+00 6.05697292e+00 3.72208930e+00 1.94646421e+00 7.51376839e-01 1.50493386e-01
3.02061737e-02 1.52652166e-01 3.92920184e-01 7.41841673e-01 1.18571485e+00 1.70644451e+00
2.28200020e+00 2.88736177e+00 3.49621717e+00 4.08345754e+00 4.62835276e+00 5.11809807e+00
5.55099602e+00 5.93818012e+00 6.30280783e+00 6.67816599e+00 7.10048932e+00 7.59968322e+00
8.19395058e+00 8.87752208e+00 9.60124148e+00 1.02476833e+01 1.06281133e+01 1.05847690e+01
1.01063525e+01 9.31605904e+00 8.40803269e+00 7.45251156e+00 6.55235440e+00 5.73377042e+00
5.00745232e+00 4.37703068e+00 3.83776875e+00 3.37012674e+00 2.96494661e+00 2.62137695e+00
2.33134670e+00 2.06835250e+00 1.83845886e+00 1.64073126e+00 1.47323715e+00 1.31980273e+00
1.19694420e+00 1.10003712e+00 1.02714755e+00 9.78486920e-01 9.54147031e-01 9.53042003e-01
9.75288004e-01 1.02334083e+00 1.08337605e+00 1.16642010e+00 1.27425254e+00 1.40590182e+00
1.55494067e+00 1.74884053e+00 1.99733932e+00 2.30956448e+00 2.69702314e+00 3.18972945e+00
3.80734456e+00 4.57695404e+00 5.55085166e+00 6.83936657e+00 8.59688866e+00 1.12151439e+01
1.50593057e+01 2.03630283e+01 2.68153697e+01 3.34190707e+01 3.89538330e+01 4.26135980e+01
4.42440548e+01 4.40979762e+01 4.25603695e+01 4.00045096e+01 3.67446080e+01 3.30355828e+01
2.90829414e+01 2.50518349e+01 2.10762576e+01 1.72645412e+01 1.37040305e+01 1.04646582e+01
7.60186097e+00 5.15894128e+00 3.16903704e+00 1.65674597e+00 6.39406858e-01 1.28055974e-01
2.25872439e-02 1.14323168e-01 2.94257843e-01 5.55387144e-01 8.87243683e-01 1.27603268e+00
1.70500294e+00 2.15523187e+00 2.60697902e+00 3.04168975e+00 3.44454842e+00 3.80718115e+00
4.13022431e+00 4.42456439e+00 4.71073807e+00 5.01715882e+00 5.37454249e+00 5.80866585e+00
6.33601975e+00 6.95505797e+00 7.62586842e+00 8.25238427e+00 8.67400754e+00 8.75379160e+00
8.47032634e+00 7.91913487e+00 7.26034967e+00 6.54292439e+00 5.85355847e+00 5.21252334e+00
4.63031629e+00 4.11279737e+00 3.65645964e+00 3.25112701e+00 2.89321989e+00 2.58240042e+00
2.31611019e+00 2.07181444e+00 1.85578497e+00 1.66787988e+00 1.50719497e+00 1.35811155e+00
1.23750188e+00 1.14099982e+00 1.06774312e+00 1.01889789e+00 9.94756168e-01 9.93523765e-01
1.01446432e+00 1.06014571e+00 1.11631777e+00 1.19414877e+00 1.29482941e+00 1.41726914e+00
1.55593309e+00 1.73458566e+00 1.95834981e+00 2.23565248e+00 2.57124338e+00 2.98515389e+00
3.49586866e+00 4.12458995e+00 4.91418896e+00 5.96007193e+00 7.38632624e+00 9.52805453e+00
1.26838439e+01 1.70489039e+01 2.23744311e+01 2.78433890e+01 3.24508463e+01 3.55217056e+01
3.69165517e+01 3.68324879e+01 3.55812071e+01 3.34693629e+01 3.07580349e+01 2.76614424e+01
2.43538490e+01 2.09761555e+01 1.76430110e+01 1.44470565e+01 1.14626976e+01 8.74908556e+00
6.35266862e+00 4.30931481e+00 2.64612386e+00 1.38295248e+00 5.33627409e-01 1.06862020e-01
1.62864082e-02 8.25848813e-02 2.12560283e-01 4.01023366e-01 6.40222081e-01 9.19954215e-01
1.22786700e+00 1.55008994e+00 1.87228644e+00 2.18122757e+00 2.46679008e+00 2.72399818e+00
2.95500962e+00 3.17000627e+00 3.38678811e+00 3.62907840e+00 3.92255577e+00 4.28880182e+00
4.74311102e+00 5.28666103e+00 5.88834889e+00 6.47173360e+00 6.90376109e+00 7.06874276e+00
6.93927076e+00 6.58723280e+00 6.14166249e+00 5.63303445e+00 5.13350855e+00 4.65624929e+00
4.21057766e+00 3.80297551e+00 3.43041938e+00 3.09162526e+00 2.78543958e+00 2.51178186e+00
2.27331899e+00 2.05133801e+00 1.85248517e+00 1.67730867e+00 1.52576977e+00 1.38341157e+00
1.26691038e+00 1.17234854e+00 1.09986465e+00 1.05142981e+00 1.02753275e+00 1.02584287e+00
1.04490080e+00 1.08719590e+00 1.13862694e+00 1.20992903e+00 1.30171773e+00 1.41272234e+00
1.53841963e+00 1.69788430e+00 1.89337235e+00 2.13093146e+00 2.41107424e+00 2.74749244e+00
3.15509530e+00 3.65049362e+00 4.26883033e+00 5.09190352e+00 6.21656897e+00 7.92430829e+00
1.04536552e+01 1.39646867e+01 1.82639571e+01 2.26971778e+01 2.64543884e+01 2.89809391e+01
3.01528753e+01 3.01191171e+01 2.91260068e+01 2.74199894e+01 2.52134663e+01 2.26827921e+01
1.99727906e+01 1.72013267e+01 1.44645642e+01 1.18401629e+01 9.39025432e+00 7.16388342e+00
5.19919326e+00 3.52528430e+00 2.16384637e+00 1.13054487e+00 4.36139287e-01 8.73316877e-02
1.11999451e-02 5.69355116e-02 1.46538287e-01 2.76305659e-01 4.40714098e-01 6.32498426e-01
8.42890126e-01 1.06211012e+00 1.28017478e+00 1.48810648e+00 1.67941213e+00 1.85164106e+00
2.00781974e+00 2.15705624e+00 2.31441437e+00 2.49929524e+00 2.73272725e+00 3.03266325e+00
3.41264417e+00 3.87554869e+00 4.39890182e+00 4.92356495e+00 5.34235846e+00 5.56037262e+00
5.54691278e+00 5.35478373e+00 5.08532419e+00 4.75398506e+00 4.41923124e+00 4.08770448e+00
3.76641669e+00 3.46131967e+00 3.17098248e+00 2.89880167e+00 2.64549918e+00 2.41225366e+00
2.20437975e+00 2.00772413e+00 1.82870741e+00 1.66867186e+00 1.52835682e+00 1.39482508e+00
1.28414719e+00 1.19296896e+00 1.12240459e+00 1.07497655e+00 1.05136672e+00 1.04893869e+00
1.06559430e+00 1.10359168e+00 1.14960898e+00 1.21337482e+00 1.29488589e+00 1.39286401e+00
1.50345322e+00 1.64094045e+00 1.80586609e+00 2.00167963e+00 2.22614789e+00 2.48845078e+00
2.79990703e+00 3.17327203e+00 3.63786356e+00 4.26245657e+00 5.12031660e+00 6.44332335e+00
8.41705217e+00 1.11701220e+01 1.45569911e+01 1.80669037e+01 2.10623754e+01 2.30973985e+01
2.40633839e+01 2.40686644e+01 2.33026191e+01 2.19584086e+01 2.02049296e+01 1.81842271e+01
1.60140923e+01 1.37910737e+01 1.15941551e+01 9.48709278e+00 7.52068693e+00 5.73474530e+00
4.15991502e+00 2.81927700e+00 1.72977720e+00 9.03456866e-01 3.48453967e-01 6.97671449e-02
7.20600818e-03 3.67681050e-02 9.46247991e-02 1.78262996e-01 2.83940698e-01 4.06736251e-01
5.40744678e-01 6.79416375e-01 8.16196789e-01 9.45388759e-01 1.06323860e+00 1.16907921e+00
1.26630045e+00 1.36282575e+00 1.47097234e+00 1.60627205e+00 1.78555426e+00 2.02348662e+00
2.33180112e+00 2.71431477e+00 3.15624821e+00 3.61334233e+00 4.00185949e+00 4.24655138e+00
4.31567250e+00 4.24671083e+00 4.11716160e+00 3.93094454e+00 3.73391636e+00 3.52745672e+00
3.31538074e+00 3.10278719e+00 2.88954543e+00 2.68086115e+00 2.47955026e+00 2.28788919e+00
2.11214704e+00 1.94264554e+00 1.78531470e+00 1.64224462e+00 1.51482813e+00 1.39187827e+00
1.28851656e+00 1.20199688e+00 1.13446219e+00 1.08861407e+00 1.06528743e+00 1.06196941e+00
1.07581738e+00 1.10883438e+00 1.14892835e+00 1.20458547e+00 1.27471395e+00 1.35862688e+00
1.45287523e+00 1.56666875e+00 1.70019595e+00 1.85453092e+00 2.02564983e+00 2.21943055e+00
2.44437547e+00 2.71003607e+00 3.04087692e+00 3.49391926e+00 4.12247987e+00 5.11356835e+00
6.60716461e+00 8.70428843e+00 1.12996446e+01 1.40060184e+01 1.63349877e+01 1.79363532e+01
1.87164355e+01 1.87502511e+01 1.81786573e+01 1.71488891e+01 1.57918706e+01 1.42193112e+01
1.25247942e+01 1.07856476e+01 9.06531089e+00 7.41496531e+00 5.87521417e+00 4.47763053e+00
3.24625493e+00 2.19893566e+00 1.34855415e+00 7.04089549e-01 2.71491957e-01 5.43522383e-02
4.16981477e-03 2.14087120e-02 5.50867411e-02 1.03624249e-01 1.64648514e-01 2.35074928e-01
3.11191579e-01 3.88960646e-01 4.64433798e-01 5.34362075e-01 5.96991815e-01 6.52808651e-01
7.05270487e-01 7.61028763e-01 8.29833232e-01 9.23780088e-01 1.05605617e+00 1.23836027e+00
1.48068461e+00 1.78735492e+00 2.14983678e+00 2.53636705e+00 2.88366112e+00 3.13407272e+00
3.25732746e+00 3.27837925e+00 3.25483122e+00 3.18273183e+00 3.09637923e+00 2.99294044e+00
2.87310007e+00 2.74080608e+00 2.59655309e+00 2.44619475e+00 2.29438750e+00 2.14375860e+00
2.00030080e+00 1.85851164e+00 1.72382156e+00 1.59887277e+00 1.48555310e+00 1.37451866e+00
1.27969176e+00 1.19898280e+00 1.13540821e+00 1.09166470e+00 1.06868982e+00 1.06436386e+00
1.07512126e+00 1.10264026e+00 1.13651269e+00 1.18360281e+00 1.24183423e+00 1.31107500e+00
1.38826182e+00 1.47824341e+00 1.58108585e+00 1.69607763e+00 1.81816228e+00 1.95080504e+00
2.10078344e+00 2.27491042e+00 2.49306739e+00 2.80238135e+00 3.23976437e+00 3.95251125e+00
5.04233138e+00 6.58649847e+00 8.51257884e+00 1.05369622e+01 1.22969026e+01 1.35244781e+01
1.41404626e+01 1.41932353e+01 1.37834810e+01 1.30198168e+01 1.20008200e+01 1.08120175e+01
9.52590831e+00 8.20290975e+00 6.89274701e+00 5.63550827e+00 4.46285076e+00 3.39918524e+00
2.46286989e+00 1.66731264e+00 1.02199453e+00 5.33368869e-01 2.05604230e-01 4.11567248e-02
1.94738119e-03 1.01465466e-02 2.61006088e-02 4.89312108e-02 7.73179175e-02 1.09537629e-01
1.43539333e-01 1.77132110e-01 2.08272833e-01 2.35497333e-01 2.58421976e-01 2.78240834e-01
2.98206047e-01 3.23740415e-01 3.62354887e-01 4.23192466e-01 5.16293246e-01 6.50760320e-01
8.34871821e-01 1.07315479e+00 1.36172275e+00 1.67922168e+00 1.97967860e+00 2.22041481e+00
2.37422780e+00 2.45626708e+00 2.50762147e+00 2.52182979e+00 2.52057361e+00 2.49799327e+00
2.45264589e+00 2.38716682e+00 2.30202474e+00 2.20278916e+00 2.09684362e+00 1.98517336e+00
1.87277531e+00 1.75822358e+00 1.64628436e+00 1.53989515e+00 1.44134689e+00 1.34310449e+00
1.25770035e+00 1.18379103e+00 1.12489960e+00 1.08372657e+00 1.06130388e+00 1.05584627e+00
1.06337792e+00 1.08521258e+00 1.11261339e+00 1.15073462e+00 1.19719575e+00 1.25172077e+00
1.31165014e+00 1.37905190e+00 1.45327014e+00 1.53252913e+00 1.61140229e+00 1.69174975e+00
1.77901463e+00 1.87806895e+00 2.00471901e+00 2.19756269e+00 2.48082071e+00 2.96723551e+00
3.72726358e+00 4.81820757e+00 6.19365928e+00 7.65450923e+00 8.94133600e+00 9.85448489e+00
1.03287652e+01 1.03920572e+01 1.01127933e+01 9.56798276e+00 8.82935458e+00 7.96040188e+00
7.01572170e+00 6.04122871e+00 5.07485005e+00 4.14713944e+00 3.28210359e+00 2.49807815e+00
1.80865644e+00 1.22357338e+00 7.49540159e-01 3.90984165e-01 1.50665865e-01 3.01551783e-02
4.06234101e-04 2.31718851e-03 5.94869747e-03 1.09236415e-02 1.66811328e-02 2.24704557e-02
2.74402218e-02 3.07026542e-02 3.15567642e-02 2.97556869e-02 2.57984695e-02 2.12627969e-02
1.90245629e-02 2.33979504e-02 4.00059941e-02 7.55200754e-02 1.37315459e-01 2.32283416e-01
3.67113598e-01 5.46165141e-01 7.68395458e-01 1.02158654e+00 1.27380687e+00 1.49472500e+00
1.66088176e+00 1.78023117e+00 1.88074897e+00 1.95526420e+00 2.01513013e+00 2.05235723e+00
2.06404486e+00 2.05165839e+00 2.01514900e+00 1.95943237e+00 1.89367302e+00 1.81701072e+00
1.73362922e+00 1.64499100e+00 1.55521375e+00 1.46705436e+00 1.38336416e+00 1.29837369e+00
1.22299521e+00 1.15646910e+00 1.10286497e+00 1.06465604e+00 1.04297111e+00 1.03646264e+00
1.04074548e+00 1.05702298e+00 1.07783922e+00 1.10700551e+00 1.14213831e+00 1.18254502e+00
1.22597368e+00 1.27263632e+00 1.32122889e+00 1.36937944e+00 1.41179873e+00 1.44940628e+00
1.48627321e+00 1.52623048e+00 1.58144981e+00 1.68279816e+00 1.84696585e+00 2.15571309e+00
2.65496680e+00 3.38569822e+00 4.32136718e+00 5.32965064e+00 6.23360044e+00 6.88912726e+00
7.24393300e+00 7.31083875e+00 7.13321834e+00 6.76296529e+00 6.25014618e+00 5.64022262e+00
4.97296395e+00 4.28218538e+00 3.59593659e+00 2.93679665e+00 2.32240149e+00 1.76607081e+00
1.27750960e+00 8.63498935e-01 5.28558817e-01 2.75542545e-01 1.06134881e-01 2.12386898e-02
-5.85100478e-04 -2.73788535e-03 -7.05999899e-03 -1.35872546e-02 -2.23808128e-02 -3.35186262e-02
-4.70689858e-02 -6.30360178e-02 -8.12229203e-02 -1.01123082e-01 -1.21706195e-01 -1.41279296e-01
-1.57385687e-01 -1.66744835e-01 -1.65257683e-01 -1.48282372e-01 -1.10576894e-01 -4.70925341e-02
4.74616676e-02 1.77111887e-01 3.42545627e-01 5.38589920e-01 7.44432545e-01 9.39724763e-01
1.10497028e+00 1.24323372e+00 1.37260703e+00 1.48403307e+00 1.58355204e+00 1.66152618e+00
1.71412135e+00 1.74164612e+00 1.74337089e+00 1.72362860e+00 1.69095169e+00 1.64419357e+00
1.58699875e+00 1.52212421e+00 1.45311220e+00 1.38234279e+00 1.31310686e+00 1.24138926e+00
1.17634476e+00 1.11746300e+00 1.06951812e+00 1.03456276e+00 1.01375312e+00 1.00639050e+00
1.00757957e+00 1.01857546e+00 1.03302332e+00 1.05365537e+00 1.07822253e+00 1.10562327e+00
1.13399659e+00 1.16232860e+00 1.18891578e+00 1.21114729e+00 1.22421081e+00 1.22849654e+00
1.22698976e+00 1.22287501e+00 1.22529616e+00 1.25831610e+00 1.33431697e+00 1.50878600e+00
1.80911645e+00 2.26327975e+00 2.85914252e+00 3.51524680e+00 4.11817593e+00 4.56851961e+00
4.82518381e+00 4.89044195e+00 4.78891713e+00 4.55319780e+00 4.21641932e+00 3.80972314e+00
3.36095272e+00 2.89411100e+00 2.42921165e+00 1.98234878e+00 1.56600330e+00 1.18947147e+00
8.59377804e-01 5.80200276e-01 3.54782339e-01 1.84797307e-01 7.11400618e-02 1.42324391e-02
-1.14989209e-03 -5.63718015e-03 -1.45194021e-02 -2.76213974e-02 -4.46953033e-02 -6.54018311e-02
-8.93303835e-02 -1.15927330e-01 -1.44478561e-01 -1.74041273e-01 -2.03353559e-01 -2.30802555e-01
-2.54358599e-01 -2.71603457e-01 -2.79696123e-01 -2.75539132e-01 -2.55578663e-01 -2.16266071e-01
-1.53483069e-01 -6.36176992e-02 5.54302234e-02 2.02847908e-01 3.66417376e-01 5.33564530e-01
6.88696120e-01 8.31690433e-01 9.73285821e-01 1.10339506e+00 1.22487981e+00 1.32735433e+00
1.40670646e+00 1.46191617e+00 1.49181838e+00 1.49998347e+00 1.49355440e+00 1.47144686e+00
1.43678164e+00 1.39283697e+00 1.34245706e+00 1.28789785e+00 1.23240343e+00 1.17344226e+00
1.11859481e+00 1.06751709e+00 1.02533354e+00 9.93816954e-01 9.74096995e-01 9.65980416e-01
9.64416148e-01 9.70577947e-01 9.79147898e-01 9.91992657e-01 1.00706734e+00 1.02297269e+00
1.03821627e+00 1.05103428e+00 1.05956787e+00 1.06123957e+00 1.05194818e+00 1.03181132e+00
1.00303875e+00 9.68428376e-01 9.34829303e-01 9.20925363e-01 9.34359168e-01 1.01158514e+00
1.16639577e+00 1.41666335e+00 1.75998128e+00 2.15200734e+00 2.52644310e+00 2.81846025e+00
2.99659961e+00 3.05634303e+00 3.00893451e+00 2.87273316e+00 2.66809396e+00 2.41514613e+00
2.13244535e+00 1.83627539e+00 1.54030506e+00 1.25551185e+00 9.90331774e-01 7.50934088e-01
5.41583197e-01 3.65024665e-01 2.22869215e-01 1.15945023e-01 4.45965481e-02 8.91891799e-03
-1.39725385e-03 -6.92953989e-03 -1.78463421e-02 -3.38562953e-02 -5.45392593e-02 -7.93433758e-02
-1.07587372e-01 -1.38440419e-01 -1.70951742e-01 -2.03987648e-01 -2.36262515e-01 -2.66333081e-01
-2.92590525e-01 -3.13306564e-01 -3.26620709e-01 -3.30590486e-01 -3.22958389e-01 -3.01303564e-01
-2.62507573e-01 -2.03374625e-01 -1.21017722e-01 -1.35239598e-02 1.13095916e-01 2.52016937e-01
3.91226839e-01 5.28723595e-01 6.70028144e-01 8.05060563e-01 9.34648922e-01 1.04853263e+00
1.14264277e+00 1.21478829e+00 1.26365289e+00 1.29192809e+00 1.30523474e+00 1.30252721e+00
1.28637122e+00 1.26011429e+00 1.22588086e+00 1.18589598e+00 1.14308228e+00 1.09594825e+00
1.05078451e+00 1.00745566e+00 9.70977942e-01 9.42994705e-01 9.24615613e-01 9.15862743e-01
9.11956396e-01 9.13884845e-01 9.17273342e-01 9.23327940e-01 9.30233236e-01 9.36428133e-01
9.40768183e-01 9.41101893e-01 9.35601365e-01 9.21904965e-01 8.96813286e-01 8.60269718e-01
8.13953013e-01 7.60436784e-01 7.04851335e-01 6.61613620e-01 6.33845668e-01 6.44756428e-01
6.98747346e-01 8.06149375e-01 9.70544500e-01 1.17326134e+00 1.38132152e+00 1.55560434e+00
1.67276047e+00 1.72446565e+00 1.71301124e+00 1.64679737e+00 1.53693218e+00 1.39539496e+00
1.23375463e+00 1.06242823e+00 8.90240340e-01 7.24267594e-01 5.69880133e-01 4.30903422e-01
3.09862569e-01 2.08255325e-01 1.26830602e-01 6.58463097e-02 2.52905049e-02 5.05484447e-03
-1.42041695e-03 -7.08311079e-03 -1.82402091e-02 -3.45639163e-02 -5.55630511e-02 -8.06144959e-02
-1.08939298e-01 -1.39639382e-01 -1.71695952e-01 -2.03972380e-01 -2.35269829e-01 -2.64354499e-01
-2.90009171e-01 -3.11074870e-01 -3.26392783e-01 -3.34850488e-01 -3.35131854e-01 -3.25629693e-01
-3.04042734e-01 -2.67642123e-01 -2.13236269e-01 -1.37391478e-01 -4.19047652e-02 7.04169388e-02
1.90666331e-01 3.15943564e-01 4.48273898e-01 5.78333531e-01 7.05755324e-01 8.20983746e-01
9.20167539e-01 1.00037970e+00 1.06023320e+00 1.10157824e+00 1.12860514e+00 1.14025790e+00
1.13852731e+00 1.12655566e+00 1.10580384e+00 1.07840003e+00 1.04684140e+00 1.01036933e+00
9.74142404e-01 9.38214796e-01 9.07256448e-01 8.82809026e-01 8.65944968e-01 8.56786292e-01
8.51017995e-01 8.49441580e-01 8.48483666e-01 8.48909661e-01 8.49132765e-01 8.47553356e-01
8.43351631e-01 8.34258543e-01 8.18595547e-01 7.94274054e-01 7.59253488e-01 7.13163993e-01
6.57371468e-01 5.94296485e-01 5.27752535e-01 4.68671775e-01 4.17031600e-01 3.86586189e-01
3.75827187e-01 3.89748198e-01 4.35093736e-01 5.09704669e-01 6.02744036e-01 6.93332600e-01
7.64764120e-01 8.07149077e-01 8.17331084e-01 7.97179436e-01 7.51473402e-01 6.86437314e-01
6.08603256e-01 5.24102277e-01 4.38203437e-01 3.55123127e-01 2.77999276e-01 2.08975020e-01
1.49352502e-01 9.97789943e-02 6.04397499e-02 3.12399594e-02 1.19616888e-02 2.38769170e-03
-1.29792072e-03 -6.49465367e-03 -1.67250770e-02 -3.16771011e-02 -5.08766260e-02 -7.37145693e-02
-9.94404599e-02 -1.27194230e-01 -1.56009265e-01 -1.84860177e-01 -2.12712002e-01 -2.38576184e-01
-2.61564936e-01 -2.80939332e-01 -2.96051480e-01 -3.06331014e-01 -3.11088346e-01 -3.09331749e-01
-2.99379412e-01 -2.78988708e-01 -2.45007197e-01 -1.93364969e-01 -1.23228431e-01 -3.47996091e-02
6.55888468e-02 1.74817449e-01 2.92762406e-01 4.11294251e-01 5.29467092e-01 6.38775046e-01
7.35719751e-01 8.17048255e-01 8.81343112e-01 9.29728437e-01 9.65153038e-01 9.86532057e-01
9.95306540e-01 9.94250091e-01 9.84250439e-01 9.67250545e-01 9.45299649e-01 9.18136832e-01
8.89913895e-01 8.60824301e-01 8.35070364e-01 8.14075841e-01 7.98852590e-01 7.89575975e-01
7.82476692e-01 7.78205524e-01 7.73826702e-01 7.69869543e-01 7.64969323e-01 7.57585807e-01
7.47191951e-01 7.31598393e-01 7.09353836e-01 6.78660750e-01 6.38603355e-01 5.88515843e-01
5.29589596e-01 4.64099546e-01 3.94849526e-01 3.29993197e-01 2.67623811e-01 2.14987203e-01
1.67305063e-01 1.26023402e-01 9.90131821e-02 9.36120063e-02 1.12482759e-01 1.46939842e-01
1.85551114e-01 2.18384514e-01 2.39490037e-01 2.46867892e-01 2.41276490e-01 2.25114639e-01
2.01469323e-01 1.73488964e-01 1.43953083e-01 1.15077112e-01 8.84526660e-02 6.50770757e-02
4.54444110e-02 2.96634637e-02 1.75856206e-02 8.92694832e-03 3.37436667e-03 6.69882837e-04
-1.09629321e-03 -5.50082789e-03 -1.41675034e-02 -2.68167562e-02 -4.30378849e-02 -6.22934393e-02
-8.39280119e-02 -1.07193531e-01 -1.31263703e-01 -1.55285523e-01 -1.78414223e-01 -1.99901623e-01
-2.19124416e-01 -2.35647047e-01 -2.49149240e-01 -2.59438375e-01 -2.66199588e-01 -2.68859106e-01
-2.66206196e-01 -2.56445022e-01 -2.36718946e-01 -2.02908417e-01 -1.52756921e-01 -8.49561751e-02
-3.80041538e-03 8.78145857e-02 1.88590426e-01 2.91818596e-01 3.96358591e-01 4.94949005e-01
5.84525897e-01 6.61850393e-01 7.25498080e-01 7.76011226e-01 8.15329412e-01 8.42356765e-01
8.58043844e-01 8.64720913e-01 8.62803898e-01 8.53983173e-01 8.39895499e-01 8.20578217e-01
7.99299134e-01 7.76336347e-01 7.55365904e-01 7.37668930e-01 7.24175079e-01 7.15089211e-01
7.07207294e-01 7.01052265e-01 6.94245113e-01 6.87176157e-01 6.78701203e-01 6.67414823e-01
6.53043878e-01 6.33609228e-01 6.07939283e-01 5.74592329e-01 5.33290841e-01 4.83450584e-01
4.26097944e-01 3.63325679e-01 2.97172409e-01 2.33628590e-01 1.69879716e-01 1.08951211e-01
4.46956022e-02 -2.35991849e-02 -8.82896492e-02 -1.37631728e-01 -1.61852316e-01 -1.62116865e-01
-1.45826882e-01 -1.21967167e-01 -9.74176286e-02 -7.61007083e-02 -5.95382822e-02 -4.76693309e-02
-3.96039407e-02 -3.41419397e-02 -3.01454410e-02 -2.67151835e-02 -2.32648743e-02 -1.95226620e-02
-1.54850787e-02 -1.13471439e-02 -7.42329962e-03 -4.07073647e-03 -1.62155315e-03 -3.28971008e-04
-8.62097386e-04 -4.33652862e-03 -1.11702680e-02 -2.11319846e-02 -3.38950461e-02 -4.90207087e-02
-6.59915180e-02 -8.41997750e-02 -1.03003075e-01 -1.21725336e-01 -1.39745927e-01 -1.56504958e-01
-1.71613567e-01 -1.84818641e-01 -1.96026384e-01 -2.05232368e-01 -2.12357206e-01 -2.17071127e-01
-2.18521695e-01 -2.15310788e-01 -2.05012994e-01 -1.83840469e-01 -1.48967994e-01 -9.83791094e-02
-3.48215106e-02 3.92597349e-02 1.22090293e-01 2.08397063e-01 2.97100931e-01 3.82227131e-01
4.61167308e-01 5.31015911e-01 5.90290640e-01 6.39130530e-01 6.78702680e-01 7.07939040e-01
7.27387450e-01 7.38917456e-01 7.42584342e-01 7.39781302e-01 7.31821250e-01 7.18855118e-01
7.03397596e-01 6.85763538e-01 6.69082430e-01 6.54473040e-01 6.42764435e-01 6.34174770e-01
6.26046981e-01 6.18790404e-01 6.10553180e-01 6.01608231e-01 5.91027501e-01 5.77592668e-01
5.61234969e-01 5.40258458e-01 5.13777447e-01 4.80722941e-01 4.41090464e-01 3.94588776e-01
3.42075424e-01 2.85423744e-01 2.26103007e-01 1.68456441e-01 1.09452537e-01 4.96086385e-02
-1.73169676e-02 -9.31622768e-02 -1.71302553e-01 -2.39020920e-01 -2.83898392e-01 -3.03015253e-01
-3.00827092e-01 -2.84795647e-01 -2.61545319e-01 -2.35588476e-01 -2.09491153e-01 -1.84438611e-01
-1.60802822e-01 -1.38547232e-01 -1.17527782e-01 -9.76403501e-02 -7.88944363e-02 -6.14305902e-02
-4.55035023e-02 -3.14452265e-02 -1.96211210e-02 -1.03855120e-02 -4.04213189e-03 -8.12375281e-04
-6.27247985e-04 -3.16332729e-03 -8.15086476e-03 -1.54228317e-02 -2.47352553e-02 -3.57680466e-02
-4.81342376e-02 -6.13948439e-02 -7.50754025e-02 -8.87000639e-02 -1.01829763e-01 -1.14098152e-01
-1.25263134e-01 -1.35215928e-01 -1.43957883e-01 -1.51577529e-01 -1.58100716e-01 -1.63357793e-01
-1.66734982e-01 -1.67178886e-01 -1.62724397e-01 -1.50143952e-01 -1.26619533e-01 -8.99686480e-02
-4.18258491e-02 1.59040165e-02 8.14133138e-02 1.50760778e-01 2.23044363e-01 2.93587611e-01
3.60178747e-01 4.20386155e-01 4.72738627e-01 5.17120386e-01 5.54143371e-01 5.82811057e-01
6.03367015e-01 6.17247019e-01 6.24257117e-01 6.25495163e-01 6.21990206e-01 6.13919743e-01
6.03162149e-01 5.90028404e-01 5.77106356e-01 5.65340029e-01 5.55444561e-01 5.47636407e-01
5.39770698e-01 5.32162323e-01 5.23427726e-01 5.13748536e-01 5.02397495e-01 4.88367552e-01
4.71738553e-01 4.51123332e-01 4.25893416e-01 3.95298345e-01 3.59493290e-01 3.18428264e-01
2.72813238e-01 2.24278540e-01 1.73875662e-01 1.24715642e-01 7.39926589e-02 2.09315132e-02
-4.00339184e-02 -1.11142198e-01 -1.87143801e-01 -2.56432506e-01 -3.06796003e-01 -3.33613062e-01
-3.39291270e-01 -3.29593253e-01 -3.10207134e-01 -2.85394313e-01 -2.57943735e-01 -2.29532609e-01
-2.01131466e-01 -1.73301890e-01 -1.46423430e-01 -1.20809840e-01 -9.67718034e-02 -7.46418407e-02
-5.47731006e-02 -3.75249245e-02 -2.32415353e-02 -1.22303176e-02 -4.74135284e-03 -9.51352501e-04
-4.15293587e-04 -2.10196847e-03 -5.41783982e-03 -1.02556872e-02 -1.64491931e-02 -2.37909493e-02
-3.20217770e-02 -4.08604582e-02 -4.99917739e-02 -5.91222274e-02 -6.79650467e-02 -7.63211216e-02
-8.40447861e-02 -9.11239767e-02 -9.75868140e-02 -1.03539607e-01 -1.09039237e-01 -1.13989190e-01
-1.17948471e-01 -1.20127748e-01 -1.19018471e-01 -1.12045079e-01 -9.67354399e-02 -7.10907099e-02
-3.59808484e-02 7.20773491e-03 5.68975466e-02 1.10284141e-01 1.66668149e-01 2.22654598e-01
2.76339526e-01 3.25742014e-01 3.69582965e-01 4.07594633e-01 4.40017104e-01 4.65969164e-01
4.85487707e-01 4.99626516e-01 5.08053343e-01 5.11599058e-01 5.11013215e-01 5.06486560e-01
4.99365080e-01 4.89926108e-01 4.80233742e-01 4.71053056e-01 4.62976496e-01 4.56204715e-01
4.49062176e-01 4.41788078e-01 4.33391650e-01 4.23989619e-01 4.13033790e-01 3.99731433e-01
3.84251763e-01 3.65513042e-01 3.43097626e-01 3.16510588e-01 2.85989859e-01 2.51640655e-01
2.14039065e-01 1.74550580e-01 1.33923110e-01 9.43532177e-02 5.35026876e-02 1.01129752e-02
-4.03241154e-02 -9.99747747e-02 -1.65006031e-01 -2.25975494e-01 -2.72467126e-01 -2.99685065e-01
-3.08713676e-01 -3.03703286e-01 -2.89111788e-01 -2.68498543e-01 -2.44381351e-01 -2.18448001e-01
-1.91827811e-01 -1.65295957e-01 -1.39435198e-01 -1.14718593e-01 -9.15607531e-02 -7.03404616e-02
-5.14090513e-02 -3.50875604e-02 -2.16607619e-02 -1.13688168e-02 -4.39949565e-03 -8.82110359e-04
-2.36429167e-04 -1.20627534e-03 -3.11215181e-03 -5.89150390e-03 -9.46445840e-03 -1.37057211e-02
-1.84938670e-02 -2.36612982e-02 -2.90461423e-02 -3.44953892e-02 -3.98758899e-02 -4.50859510e-02
-5.00766300e-02 -5.48502111e-02 -5.94493256e-02 -6.39451055e-02 -6.83644125e-02 -7.26300878e-02
-7.64212828e-02 -7.91738092e-02 -7.97758397e-02 -7.63215316e-02 -6.68401138e-02 -4.97035313e-02
-2.53119765e-02 5.39637120e-03 4.11934650e-02 8.01897075e-02 1.21890786e-01 1.63963970e-01
2.04866376e-01 2.43064339e-01 2.77534939e-01 3.07960558e-01 3.34361703e-01 3.56009989e-01
3.72828109e-01 3.85548850e-01 3.93799845e-01 3.98177699e-01 3.99190907e-01 3.97019062e-01
3.92580431e-01 3.86100076e-01 3.79144748e-01 3.72301736e-01 3.66035412e-01 3.60517893e-01
3.54499335e-01 3.48157204e-01 3.40816169e-01 3.32549757e-01 3.22964452e-01 3.11470868e-01
2.98271675e-01 2.82568210e-01 2.64104151e-01 2.42575552e-01 2.18239785e-01 1.91274498e-01
1.62128909e-01 1.31885308e-01 1.01067821e-01 7.11895781e-02 4.04746597e-02 7.67201112e-03
-3.05586757e-02 -7.60334214e-02 -1.26178192e-01 -1.74037018e-01 -2.11667084e-01 -2.34964900e-01
-2.44256872e-01 -2.42316370e-01 -2.32349259e-01 -2.17038122e-01 -1.98381994e-01 -1.77806626e-01
-1.56333728e-01 -1.34712570e-01 -1.13524364e-01 -9.32395576e-02 -7.42528508e-02 -5.69034338e-02
-4.14845197e-02 -2.82472696e-02 -1.74021481e-02 -9.11863258e-03 -3.52475194e-03 -7.06388892e-04
-9.30026968e-05 -4.90066614e-04 -1.27292366e-03 -2.42172716e-03 -3.91031412e-03 -5.70744303e-03
-7.77947699e-03 -1.00947553e-02 -1.26158712e-02 -1.53133550e-02 -1.81547128e-02 -2.11156796e-02
-2.41813138e-02 -2.73467333e-02 -3.06115984e-02 -3.39907924e-02 -3.74596876e-02 -4.09354076e-02
-4.41726617e-02 -4.68009277e-02 -4.80651655e-02 -4.66866780e-02 -4.12560983e-02 -3.06060353e-02
-1.48800074e-02 5.34383412e-03 2.92009184e-02 5.55222225e-02 8.39916793e-02 1.13073375e-01
1.41683962e-01 1.68725749e-01 1.93452543e-01 2.15576673e-01 2.35022560e-01 2.51245137e-01
2.64129871e-01 2.74148905e-01 2.80972115e-01 2.84994257e-01 2.86533761e-01 2.85734179e-01
2.83179844e-01 2.79033486e-01 2.74392039e-01 2.69669733e-01 2.65199899e-01 2.61114718e-01
2.56551727e-01 2.51633996e-01 2.45933986e-01 2.39495915e-01 2.32058117e-01 2.23217694e-01
2.13160101e-01 2.01342528e-01 1.87621284e-01 1.71827190e-01 1.54182787e-01 1.34871130e-01
1.14213960e-01 9.29984856e-02 7.15731034e-02 5.09265561e-02 2.98445270e-02 7.34315868e-03
-1.88084714e-02 -4.99392669e-02 -8.44808954e-02 -1.17837953e-01 -1.44621509e-01 -1.61829480e-01
-1.69436785e-01 -1.69137163e-01 -1.63016856e-01 -1.52886017e-01 -1.40143985e-01 -1.25828558e-01
-1.10714787e-01 -9.53912605e-02 -8.03217572e-02 -6.58808504e-02 -5.23762455e-02 -4.00626641e-02
-2.91509203e-02 -1.98132598e-02 -1.21868274e-02 -6.37773648e-03 -2.46314606e-03 -4.93464334e-04
1.19905511e-05 3.07765353e-05 5.76635942e-05 7.08056136e-05 4.99718716e-05 -5.73855449e-05
-2.93545076e-04 -7.23622079e-04 -1.41052231e-03 -2.38790596e-03 -3.67845881e-03 -5.27631591e-03
-7.15534511e-03 -9.26903465e-03 -1.15638799e-02 -1.39887634e-02 -1.64944871e-02 -1.89925750e-02
-2.13348333e-02 -2.33011081e-02 -2.44854113e-02 -2.41531555e-02 -2.14754899e-02 -1.57716198e-02
-7.06677079e-03 4.32730858e-03 1.79020708e-02 3.30293476e-02 4.95393616e-02 6.65582899e-02
8.34497989e-02 9.95531061e-02 1.14414772e-01 1.27836975e-01 1.39736793e-01 1.49777820e-01
1.57865389e-01 1.64261359e-01 1.68740213e-01 1.71525634e-01 1.72788257e-01 1.72621002e-01
1.71343969e-01 1.69055569e-01 1.66404699e-01 1.63637608e-01 1.60955106e-01 1.58440812e-01
1.55588845e-01 1.52472681e-01 1.48858413e-01 1.44769767e-01 1.40058030e-01 1.34489520e-01
1.28193285e-01 1.20855185e-01 1.12406595e-01 1.02765563e-01 9.20827683e-02 8.04905180e-02
6.81847698e-02 5.56430467e-02 4.30676872e-02 3.10185171e-02 1.87986334e-02 5.80064937e-03
-9.23045094e-03 -2.70901888e-02 -4.69611879e-02 -6.62866932e-02 -8.20134602e-02 -9.23561483e-02
-9.72053134e-02 -9.74508517e-02 -9.42452971e-02 -8.86141275e-02 -8.13697865e-02 -7.31289500e-02
-6.43629300e-02 -5.54372281e-02 -4.66421563e-02 -3.82111727e-02 -3.03347829e-02 -2.31666084e-02
-1.68298906e-02 -1.14215733e-02 -7.01585597e-03 -3.66769435e-03 -1.41548035e-03 -2.83478327e-04
0.00000000e+00 0.00000000e+00 0.00000000e+00 0.00000000e+00 0.00000000e+00 0.00000000e+00
0.00000000e+00 0.00000000e+00 0.00000000e+00 0.00000000e+00 0.00000000e+00 0.00000000e+00
0.00000000e+00 0.00000000e+00 0.00000000e+00 0.00000000e+00 0.00000000e+00 0.00000000e+00
0.00000000e+00 0.00000000e+00 0.00000000e+00 0.00000000e+00 0.00000000e+00 0.00000000e+00
0.00000000e+00 0.00000000e+00 0.00000000e+00 0.00000000e+00 0.00000000e+00 0.00000000e+00
0.00000000e+00 0.00000000e+00 0.00000000e+00 0.00000000e+00 0.00000000e+00 0.00000000e+00
0.00000000e+00 0.00000000e+00 0.00000000e+00 0.00000000e+00 0.00000000e+00 0.00000000e+00
0.00000000e+00 0.00000000e+00 0.00000000e+00 0.00000000e+00 0.00000000e+00 0.00000000e+00
0.00000000e+00 0.00000000e+00 0.00000000e+00 0.00000000e+00 0.00000000e+00 0.00000000e+00
0.00000000e+00 0.00000000e+00 0.00000000e+00 0.00000000e+00 0.00000000e+00 0.00000000e+00
0.00000000e+00 0.00000000e+00 0.00000000e+00 0.00000000e+00 0.00000000e+00 0.00000000e+00
0.00000000e+00 0.00000000e+00 0.00000000e+00 0.00000000e+00 0.00000000e+00 0.00000000e+00
0.00000000e+00 0.00000000e+00 0.00000000e+00 0.00000000e+00 0.00000000e+00 0.00000000e+00
0.00000000e+00 0.00000000e+00 0.00000000e+00 0.00000000e+00 0.00000000e+00 0.00000000e+00
0.00000000e+00 0.00000000e+00 0.00000000e+00 0.00000000e+00 0.00000000e+00 0.00000000e+00
1 2 93 92
2 3 94 93
3 4 95 94
4 5 96 95
5 6 97 96
6 7 98 97
7 8 99 98
8 9 100 99
9 10 101 100
10 11 102 101
11 12 103 102
12 13 104 103
13 14 105 104
14 15 106 105
15 16 107 106
16 17 108 107
17 18 109 108
18 19 110 109
19 20 111 110
20 21 112 111
21 22 113 112
22 23 114 113
23 24 115 114
24 25 116 115
25 26 117 116
26 27 118 117
27 28 119 118
28 29 120 119
29 30 121 120
30 31 122 121
31 32 123 122
32 33 124 123
33 34 125 124
34 35 126 125
35 36 127 126
36 37 128 127
37 38 129 128
38 39 130 129
39 40 131 130
40 41 132 131
41 42 133 132
42 43 134 133
43 44 135 134
44 45 136 135
45 46 137 136
46 47 138 137
47 48 139 138
48 49 140 139
49 50 141 140
50 51 142 141
51 52 143 142
52 53 144 143
53 54 145 144
54 55 146 145
55 56 147 146
56 57 148 147
57 58 149 148
58 59 150 149
59 60 151 150
60 61 152 151
61 62 153 152
62 63 154 153
63 64 155 154
64 65 156 155
65 66 157 156
66 67 158 157
67 68 159 158
68 69 160 159
69 70 161 160
70 71 162 161
71 72 163 162
72 73 164 163
73 74 165 164
74 75 166 165
75 76 167 166
76 77 168 167
77 78 169 168
78 79 170 169
79 80 171 170
80 81 172 171
81 82 173 172
82 83 174 173
83 84 175 174
84 85 176 175
85 86 177 176
86 87 178 177
87 88 179 178
88 89 180 179
89 90 181 180
90 91 182 181
92 93 184 183
93 94 185 184
94 95 186 185
95 96 187 186
96 97 188 187
97 98 189 188
98 99 190 189
99 100 191 190
100 101 192 191
101 102 193 192
102 103 194 193
103 104 195 194
104 105 196 195
105 106 197 196
106 107 198 197
107 108 199 198
108 109 200 199
109 110 201 200
110 111 202 201
111 112 203 202
112 113 204 203
113 114 205 204
114 115 206 205
115 116 207 206
116 117 208 207
117 118 209 208
118 119 210 209
119 120 211 210
120 121 212 211
121 122 213 212
122 123 214 213
123 124 215 214
124 125 216 215
125 126 217 216
126 127 218 217
127 128 219 218
128 129 220 219
129 130 221 220
130 131 222 221
131 132 223 222
132 133 224 223
133 134 225 224
134 135 226 225
135 136 227 226
136 137 228 227
137 138 229 228
138 139 230 229
139 140 231 230
140 141 232 231
141 142 233 232
142 143 234 233
143 144 235 234
144 145 236 235
145 146 237 236
146 147 238 237
147 148 239 238
148 149 240 239
149 150 241 240
150 151 242 241
151 152 243 242
152 153 244 243
153 154 245 244
154 155 246 245
155 156 247 246
156 157 248 247
157 158 249 248
158 159 250 249
159 160 251 250
160 161 252 251
161 162 253 252
162 163 254 253
163 164 255 254
164 165 256 255
165 166 257 256
166 167 258 257
167 168 259 258
168 169 260 259
169 170 261 260
170 171 262 261
171 172 263 262
172 173 264 263
173 174 265 264
174 175 266 265
175 176 267 266
176 177 268 267
177 178 269 268
178 179 270 269
179 180 271 270
180 181 272 271
181 182 273 272
183 184 275 274
184 185 276 275
185 186 277 276
186 187 278 277
187 188 279 278
188 189 280 279
189 190 281 280
190 191 282 281
191 192 283 282
192 193 284 283
193 194 285 284
194 195 286 285
195 196 287 286
196 197 288 287
197 198 289 288
198 199 290 289
199 200 291 290
200 201 292 291
201 202 293 292
202 203 294 293
203 204 295 294
204 205 296 295
205 206 297 296
206 207 298 297
207 208 299 298
208 209 300 299
209 210 301 300
210 211 302 301
211 212 303 302
212 213 304 303
213 214 305 304
214 215 306 305
215 216 307 306
216 217 308 307
217 218 309 308
218 219 310 309
219 220 311 310
220 221 312 311
221 222 313 312
222 223 314 313
223 224 315 314
224 225 316 315
225 226 317 316
226 227 318 317
227 228 319 318
228 229 320 319
229 230 321 320
230 231 322 321
231 232 323 322
232 233 324 323
233 234 325 324
234 235 326 325
235 236 327 326
236 237 328 327
237 238 329 328
238 239 330 329
239 240 331 330
240 241 332 331
241 242 333 332
242 243 334 333
243 244 335 334
244 245 336 335
245 246 337 336
246 247 338 337
247 248 339 338
248 249 340 339
249 250 341 340
250 251 342 341
251 252 343 342
252 253 344 343
253 254 345 344
254 255 346 345
255 256 347 346
256 257 348 347
257 258 349 348
258 259 350 349
259 260 351 350
260 261 352 351
261 262 353 352
262 263 354 353
263 264 355 354
264 265 356 355
265 266 357 356
266 267 358 357
267 268 359 358
268 269 360 359
269 270 361 360
270 271 362 361
271 272 363 362
272 273 364 363
274 275 366 365
275 276 367 366
276 277 368 367
277 278 369 368
278 279 370 369
279 280 371 370
280 281 372 371
281 282 373 372
282 283 374 373
283 284 375 374
284 285 376 375
285 286 377 376
286 287 378 377
287 288 379 378
288 289 380 379
289 290 381 380
290 291 382 381
291 292 383 382
292 293 384 383
293 294 385 384
294 295 386 385
295 296 387 386
296 297 388 387
297 298 389 388
298 299 390 389
299 300 391 390
300 301 392 391
301 302 393 392
302 303 394 393
303 304 395 394
304 305 396 395
305 306 397 396
306 307 398 397
307 308 399 398
308 309 400 399
309 310 401 400
310 311 402 401
311 312 403 402
312 313 404 403
313 314 405 404
314 315 406 405
315 316 407 406
316 317 408 407
317 318 409 408
318 319 410 409
319 320 411 410
320 321 412 411
321 322 413 412
322 323 414 413
323 324 415 414
324 325 416 415
325 326 417 416
326 327 418 417
327 328 419 418
328 329 420 419
329 330 421 420
330 331 422 421
331 332 423 422
332 333 424 423
333 334 425 424
334 335 426 425
335 336 427 426
336 337 428 427
337 338 429 428
338 339 430 429
339 340 431 430
340 341 432 431
341 342 433 432
342 343 434 433
343 344 435 434
344 345 436 435
345 346 437 436
346 347 438 437
347 348 439 438
348 349 440 439
349 350 441 440
350 351 442 441
351 352 443 442
352 353 444 443
353 354 445 444
354 355 446 445
355 356 447 446
356 357 448 447
357 358 449 448
358 359 450 449
359 360 451 450
360 361 452 451
361 362 453 452
362 363 454 453
363 364 455 454
365 366 457 456
366 367 458 457
367 368 459 458
368 369 460 459
369 370 461 460
370 371 462 461
371 372 463 462
372 373 464 463
373 374 465 464
374 375 466 465
375 376 467 466
376 377 468 467
377 378 469 468
378 379 470 469
379 380 471 470
380 381 472 471
381 382 473 472
382 383 474 473
383 384 475 474
384 385 476 475
385 386 477 476
386 387 478 477
387 388 479 478
388 389 480 479
389 390 481 480
390 391 482 481
391 392 483 482
392 393 484 483
393 394 485 484
394 395 486 485
395 396 487 486
396 397 488 487
397 398 489 488
398 399 490 489
399 400 491 490
400 401 492 491
401 402 493 492
402 403 494 493
403 404 495 494
404 405 496 495
405 406 497 496
406 407 498 497
407 408 499 498
408 409 500 499
409 410 501 500
410 411 502 501
411 412 503 502
412 413 504 503
413 414 505 504
414 415 506 505
415 416 507 506
416 417 508 507
417 418 509 508
418 419 510 509
419 420 511 510
420 421 512 511
421 422 513 512
422 423 514 513
423 424 515 514
424 425 516 515
425 426 517 516
426 427 518 517
427 428 519 518
428 429 520 519
429 430 521 520
430 431 522 521
431 432 523 522
432 433 524 523
433 434 525 524
434 435 526 525
435 436 527 526
436 437 528 527
437 438 529 528
438 439 530 529
439 440 531 530
440 441 532 531
441 442 533 532
442 443 534 533
443 444 535 534
444 445 536 535
445 446 537 536
446 447 538 537
447 448 539 538
448 449 540 539
449 450 541 540
450 451 542 541
451 452 543 542
452 453 544 543
453 454 545 544
454 455 546 545
456 457 548 547
457 458 549 548
458 459 550 549
459 460 551 550
460 461 552 551
461 462 553 552
462 463 554 553
463 464 555 554
464 465 556 555
465 466 557 556
466 467 558 557
467 468 559 558
468 469 560 559
469 470 561 560
470 471 562 561
471 472 563 562
472 473 564 563
473 474 565 564
474 475 566 565
475 476 567 566
476 477 568 567
477 478 569 568
478 479 570 569
479 480 571 570
480 481 572 571
481 482 573 572
482 483 574 573
483 484 575 574
484 485 576 575
485 486 577 576
486 487 578 577
487 488 579 578
488 489 580 579
489 490 581 580
490 491 582 581
491 492 583 582
492 493 584 583
493 494 585 584
494 495 586 585
495 496 587 586
496 497 588 587
497 498 589 588
498 499 590 589
499 500 591 590
500 501 592 591
501 502 593 592
502 503 594 593
503 504 595 594
504 505 596 595
505 506 597 596
506 507 598 597
507 508 599 598
508 509 600 599
509 510 601 600
510 511 602 601
511 512 603 602
512 513 604 603
513 514 605 604
514 515 606 605
515 516 607 606
516 517 608 607
517 518 609 608
518 519 610 609
519 520 611 610
520 521 612 611
521 522 613 612
522 523 614 613
523 524 615 614
524 525 616 615
525 526 617 616
526 527 618 617
527 528 619 618
528 529 620 619
529 530 621 620
530 531 622 621
531 532 623 622
532 533 624 623
533 534 625 624
534 535 626 625
535 536 627 626
536 537 628 627
537 538 629 628
538 539 630 629
539 540 631 630
540 541 632 631
541 542 633 632
542 543 634 633
543 544 635 634
544 545 636 635
545 546 637 636
547 548 639 638
548 549 640 639
549 550 641 640
550 551 642 641
551 552 643 642
552 553 644 643
553 554 645 644
554 555 646 645
555 556 647 646
556 557 648 647
557 558 649 648
558 559 650 649
559 560 651 650
560 561 652 651
561 562 653 652
562 563 654 653
563 564 655 654
564 565 656 655
565 566 657 656
566 567 658 657
567 568 659 658
568 569 660 659
569 570 661 660
570 571 662 661
571 572 663 662
572 573 664 663
573 574 665 664
574 575 666 665
575 576 667 666
576 577 668 667
577 578 669 668
578 579 670 669
579 580 671 670
580 581 672 671
581 582 673 672
582 583 674 673
583 584 675 674
584 585 676 675
585 586 677 676
586 587 678 677
587 588 679 678
588 589 680 679
589 590 681 680
590 591 682 681
591 592 683 682
592 593 684 683
593 594 685 684
594 595 686 685
595 596 687 686
596 597 688 687
597 598 689 688
598 599 690 689
599 600 691 690
600 601 692 691
601 602 693 692
602 603 694 693
603 604 695 694
604 605 696 695
605 606 697 696
606 607 698 697
607 608 699 698
608 609 700 699
609 610 701 700
610 611 702 701
611 612 703 702
612 613 704 703
613 614 705 704
614 615 706 705
615 616 707 706
616 617 708 707
617 618 709 708
618 619 710 709
619 620 711 710
620 621 712 711
621 622 713 712
622 623 714 713
623 624 715 714
624 625 716 715
625 626 717 716
626 627 718 717
627 628 719 718
628 629 720 719
629 630 721 720
630 631 722 721
631 632 723 722
632 633 724 723
633 634 725 724
634 635 726 725
635 636 727 726
636 637 728 727
638 639 730 729
639 640 731 730
640 641 732 731
641 642 733 732
642 643 734 733
643 644 735 734
644 645 736 735
645 646 737 736
646 647 738 737
647 648 739 738
648 649 740 739
649 650 741 740
650 651 742 741
651 652 743 742
652 653 744 743
653 654 745 744
654 655 746 745
655 656 747 746
656 657 748 747
657 658 749 748
658 659 750 749
659 660 751 750
660 661 752 751
661 662 753 752
662 663 754 753
663 664 755 754
664 665 756 755
665 666 757 756
666 667 758 757
667 668 759 758
668 669 760 759
669 670 761 760
670 671 762 761
671 672 763 762
672 673 764 763
673 674 765 764
674 675 766 765
675 676 767 766
676 677 768 767
677 678 769 768
678 679 770 769
679 680 771 770
680 681 772 771
681 682 773 772
682 683 774 773
683 684 775 774
684 685 776 775
685 686 777 776
686 687 778 777
687 688 779 778
688 689 780 779
689 690 781 780
690 691 782 781
691 692 783 782
692 693 784 783
693 694 785 784
694 695 786 785
695 696 787 786
696 697 788 787
697 698 789 788
698 699 790 789
699 700 791 790
700 701 792 791
701 702 793 792
702 703 794 793
703 704 795 794
704 705 796 795
705 706 797 796
706 707 798 797
707 708 799 798
708 709 800 799
709 710 801 800
710 711 802 801
711 712 803 802
712 713 804 803
713 714 805 804
714 715 806 805
715 716 807 806
716 717 808 807
717 718 809 808
718 719 810 809
719 720 811 810
720 721 812 811
721 722 813 812
722 723 814 813
723 724 815 814
724 725 816 815
725 726 817 816
726 727 818 817
727 728 819 818
729 730 821 820
730 731 822 821
731 732 823 822
732 733 824 823
733 734 825 824
734 735 826 825
735 736 827 826
736 737 828 827
737 738 829 828
738 739 830 829
739 740 831 830
740 741 832 831
741 742 833 832
742 743 834 833
743 744 835 834
744 745 836 835
745 746 837 836
746 747 838 837
747 748 839 838
748 749 840 839
749 750 841 840
750 751 842 841
751 752 843 842
752 753 844 843
753 754 845 844
754 755 846 845
755 756 847 846
756 757 848 847
757 758 849 848
758 759 850 849
759 760 851 850
760 761 852 851
761 762 853 852
762 763 854 853
763 764 855 854
764 765 856 855
765 766 857 856
766 767 858 857
767 768 859 858
768 769 860 859
769 770 861 860
770 771 862 861
771 772 863 862
772 773 864 863
773 774 865 864
774 775 866 865
775 776 867 866
776 777 868 867
777 778 869 868
778 779 870 869
779 780 871 870
780 781 872 871
781 782 873 872
782 783 874 873
783 784 875 874
784 785 876 875
785 786 877 876
786 787 878 877
787 788 879 878
788 789 880 879
789 790 881 880
790 791 882 881
791 792 883 882
792 793 884 883
793 794 885 884
794 795 886 885
795 796 887 886
796 797 888 887
797 798 889 888
798 799 890 889
799 800 891 890
800 801 892 891
801 802 893 892
802 803 894 893
803 804 895 894
804 805 896 895
805 806 897 896
806 807 898 897
807 808 899 898
808 809 900 899
809 810 901 900
810 811 902 901
811 812 903 902
812 813 904 903
813 814 905 904
814 815 906 905
815 816 907 906
816 817 908 907
817 818 909 908
818 819 910 909
820 821 912 911
821 822 913 912
822 823 914 913
823 824 915 914
824 825 916 915
825 826 917 916
826 827 918 917
827 828 919 918
828 829 920 919
829 830 921 920
830 831 922 921
831 832 923 922
832 833 924 923
833 834 925 924
834 835 926 925
835 836 927 926
836 837 928 927
837 838 929 928
838 839 930 929
839 840 931 930
840 841 932 931
841 842 933 932
842 843 934 933
843 844 935 934
844 845 936 935
845 846 937 936
846 847 938 937
847 848 939 938
848 849 940 939
849 850 941 940
850 851 942 941
851 852 943 942
852 853 944 943
853 854 945 944
854 855 946 945
855 856 947 946
856 857 948 947
857 858 949 948
858 859 950 949
859 860 951 950
860 861 952 951
861 862 953 952
862 863 954 953
863 864 955 954
864 865 956 955
865 866 957 956
866 867 958 957
867 868 959 958
868 869 960 959
869 870 961 960
870 871 962 961
871 872 963 962
872 873 964 963
873 874 965 964
874 875 966 965
875 876 967 966
876 877 968 967
877 878 969 968
878 879 970 969
879 880 971 970
880 881 972 971
881 882 973 972
882 883 974 973
883 884 975 974
884 885 976 975
885 886 977 976
886 887 978 977
887 888 979 978
888 889 980 979
889 890 981 980
890 891 982 981
891 892 983 982
892 893 984 983
893 894 985 984
894 895 986 985
895 896 987 986
896 897 988 987
897 898 989 988
898 899 990 989
899 900 991 990
900 901 992 991
901 902 993 992
902 903 994 993
903 904 995 994
904 905 996 995
905 906 997 996
906 907 998 997
907 908 999 998
908 909 1000 999
909 910 1001 1000
911 912 1003 1002
912 913 1004 1003
913 914 1005 1004
914 915 1006 1005
915 916 1007 1006
916 917 1008 1007
917 918 1009 1008
918 919 1010 1009
919 920 1011 1010
920 921 1012 1011
921 922 1013 1012
922 923 1014 1013
923 924 1015 1014
924 925 1016 1015
925 926 1017 1016
926 927 1018 1017
927 928 1019 1018
928 929 1020 1019
929 930 1021 1020
930 931 1022 1021
931 932 1023 1022
932 933 1024 1023
933 934 1025 1024
934 935 1026 1025
935 936 1027 1026
936 937 1028 1027
937 938 1029 1028
938 939 1030 1029
939 940 1031 1030
940 941 1032 1031
941 942 1033 1032
942 943 1034 1033
943 944 1035 1034
944 945 1036 1035
945 946 1037 1036
946 947 1038 1037
947 948 1039 1038
948 949 1040 1039
949 950 1041 1040
950 951 1042 1041
951 952 1043 1042
952 953 1044 1043
953 954 1045 1044
954 955 1046 1045
955 956 1047 1046
956 957 1048 1047
957 958 1049 1048
958 959 1050 1049
959 960 1051 1050
960 961 1052 1051
961 962 1053 1052
962 963 1054 1053
963 964 1055 1054
964 965 1056 1055
965 966 1057 1056
966 967 1058 1057
967 968 1059 1058
968 969 1060 1059
969 970 1061 1060
970 971 1062 1061
971 972 1063 1062
972 973 1064 1063
973 974 1065 1064
974 975 1066 1065
975 976 1067 1066
976 977 1068 1067
977 978 1069 1068
978 979 1070 1069
979 980 1071 1070
980 981 1072 1071
981 982 1073 1072
982 983 1074 1073
983 984 1075 1074
984 985 1076 1075
985 986 1077 1076
986 987 1078 1077
987 988 1079 1078
988 989 1080 1079
989 990 1081 1080
990 991 1082 1081
991 992 1083 1082
992 993 1084 1083
993 994 1085 1084
994 995 1086 1085
995 996 1087 1086
996 997 1088 1087
997 998 1089 1088
998 999 1090 1089
999 1000 1091 1090
1000 1001 1092 1091
1002 1003 1094 1093
1003 1004 1095 1094
1004 1005 1096 1095
1005 1006 1097 1096
1006 1007 1098 1097
1007 1008 1099 1098
1008 1009 1100 1099
1009 1010 1101 1100
1010 1011 1102 1101
1011 1012 1103 1102
1012 1013 1104 1103
1013 1014 1105 1104
1014 1015 1106 1105
1015 1016 1107 1106
1016 1017 1108 1107
1017 1018 1109 1108
1018 1019 1110 1109
1019 1020 1111 1110
1020 1021 1112 1111
1021 1022 1113 1112
1022 1023 1114 1113
1023 1024 1115 1114
1024 1025 1116 1115
1025 1026 1117 1116
1026 1027 1118 1117
1027 1028 1119 1118
1028 1029 1120 1119
1029 1030 1121 1120
1030 1031 1122 1121
1031 1032 1123 1122
1032 1033 1124 1123
1033 1034 1125 1124
1034 1035 1126 1125
1035 1036 1127 1126
1036 1037 1128 1127
1037 1038 1129 1128
1038 1039 1130 1129
1039 1040 1131 1130
1040 1041 1132 1131
1041 1042 1133 1132
1042 1043 1134 1133
1043 1044 1135 1134
1044 1045 1136 1135
1045 1046 1137 1136
1046 1047 1138 1137
1047 1048 1139 1138
1048 1049 1140 1139
1049 1050 1141 1140
1050 1051 1142 1141
1051 1052 1143 1142
1052 1053 1144 1143
1053 1054 1145 1144
1054 1055 1146 1145
1055 1056 1147 1146
1056 1057 1148 1147
1057 1058 1149 1148
1058 1059 1150 1149
1059 1060 1151 1150
1060 1061 1152 1151
1061 1062 1153 1152
1062 1063 1154 1153
1063 1064 1155 1154
1064 1065 1156 1155
1065 1066 1157 1156
1066 1067 1158 1157
1067 1068 1159 1158
1068 1069 1160 1159
1069 1070 1161 1160
1070 1071 1162 1161
1071 1072 1163 1162
1072 1073 1164 1163
1073 1074 1165 1164
1074 1075 1166 1165
1075 1076 1167 1166
1076 1077 1168 1167
1077 1078 1169 1168
1078 1079 1170 1169
1079 1080 1171 1170
1080 1081 1172 1171
1081 1082 1173 1172
1082 1083 1174 1173
1083 1084 1175 1174
1084 1085 1176 1175
1085 1086 1177 1176
1086 1087 1178 1177
1087 1088 1179 1178
1088 1089 1180 1179
1089 1090 1181 1180
1090 1091 1182 1181
1091 1092 1183 1182
1093 1094 1185 1184
1094 1095 1186 1185
1095 1096 1187 1186
1096 1097 1188 1187
1097 1098 1189 1188
1098 1099 1190 1189
1099 1100 1191 1190
1100 1101 1192 1191
1101 1102 1193 1192
1102 1103 1194 1193
1103 1104 1195 1194
1104 1105 1196 1195
1105 1106 1197 1196
1106 1107 1198 1197
1107 1108 1199 1198
1108 1109 1200 1199
1109 1110 1201 1200
1110 1111 1202 1201
1111 1112 1203 1202
1112 1113 1204 1203
1113 1114 1205 1204
1114 1115 1206 1205
1115 1116 1207 1206
1116 1117 1208 1207
1117 1118 1209 1208
1118 1119 1210 1209
1119 1120 1211 1210
1120 1121 1212 1211
1121 1122 1213 1212
1122 1123 1214 1213
1123 1124 1215 1214
1124 1125 1216 1215
1125 1126 1217 1216
1126 1127 1218 1217
1127 1128 1219 1218
1128 1129 1220 1219
1129 1130 1221 1220
1130 1131 1222 1221
1131 1132 1223 1222
1132 1133 1224 1223
1133 1134 1225 1224
1134 1135 1226 1225
1135 1136 1227 1226
1136 1137 1228 1227
1137 1138 1229 1228
1138 1139 1230 1229
1139 1140 1231 1230
1140 1141 1232 1231
1141 1142 1233 1232
1142 1143 1234 1233
1143 1144 1235 1234
1144 1145 1236 1235
1145 1146 1237 1236
1146 1147 1238 1237
1147 1148 1239 1238
1148 1149 1240 1239
1149 1150 1241 1240
1150 1151 1242 1241
1151 1152 1243 1242
1152 1153 1244 1243
1153 1154 1245 1244
1154 1155 1246 1245
1155 1156 1247 1246
1156 1157 1248 1247
1157 1158 1249 1248
1158 1159 1250 1249
1159 1160 1251 1250
1160 1161 1252 1251
1161 1162 1253 1252
1162 1163 1254 1253
1163 1164 1255 1254
1164 1165 1256 1255
1165 1166 1257 1256
1166 1167 1258 1257
1167 1168 1259 1258
1168 1169 1260 1259
1169 1170 1261 1260
1170 1171 1262 1261
1171 1172 1263 1262
1172 1173 1264 1263
1173 1174 1265 1264
1174 1175 1266 1265
1175 1176 1267 1266
1176 1177 1268 1267
1177 1178 1269 1268
1178 1179 1270 1269
1179 1180 1271 1270
1180 1181 1272 1271
1181 1182 1273 1272
1182 1183 1274 1273
1184 1185 1276 1275
1185 1186 1277 1276
1186 1187 1278 1277
1187 1188 1279 1278
1188 1189 1280 1279
1189 1190 1281 1280
1190 1191 1282 1281
1191 1192 1283 1282
1192 1193 1284 1283
1193 1194 1285 1284
1194 1195 1286 1285
1195 1196 1287 1286
1196 1197 1288 1287
1197 1198 1289 1288
1198 1199 1290 1289
1199 1200 1291 1290
1200 1201 1292 1291
1201 1202 1293 1292
1202 1203 1294 1293
1203 1204 1295 1294
1204 1205 1296 1295
1205 1206 1297 1296
1206 1207 1298 1297
1207 1208 1299 1298
1208 1209 1300 1299
1209 1210 1301 1300
1210 1211 1302 1301
1211 1212 1303 1302
1212 1213 1304 1303
1213 1214 1305 1304
1214 1215 1306 1305
1215 1216 1307 1306
1216 1217 1308 1307
1217 1218 1309 1308
1218 1219 1310 1309
1219 1220 1311 1310
1220 1221 1312 1311
1221 1222 1313 1312
1222 1223 1314 1313
1223 1224 1315 1314
1224 1225 1316 1315
1225 1226 1317 1316
1226 1227 1318 1317
1227 1228 1319 1318
1228 1229 1320 1319
1229 1230 1321 1320
1230 1231 1322 1321
1231 1232 1323 1322
1232 1233 1324 1323
1233 1234 1325 1324
1234 1235 1326 1325
1235 1236 1327 1326
1236 1237 1328 1327
1237 1238 1329 1328
1238 1239 1330 1329
1239 1240 1331 1330
1240 1241 1332 1331
1241 1242 1333 1332
1242 1243 1334 1333
1243 1244 1335 1334
1244 1245 1336 1335
1245 1246 1337 1336
1246 1247 1338 1337
1247 1248 1339 1338
1248 1249 1340 1339
1249 1250 1341 1340
1250 1251 1342 1341
1251 1252 1343 1342
1252 1253 1344 1343
1253 1254 1345 1344
1254 1255 1346 1345
1255 1256 1347 1346
1256 1257 1348 1347
1257 1258 1349 1348
1258 1259 1350 1349
1259 1260 1351 1350
1260 1261 1352 1351
1261 1262 1353 1352
1262 1263 1354 1353
1263 1264 1355 1354
1264 1265 1356 1355
1265 1266 1357 1356
1266 1267 1358 1357
1267 1268 1359 1358
1268 1269 1360 1359
1269 1270 1361 1360
1270 1271 1362 1361
1271 1272 1363 1362
1272 1273 1364 1363
1273 1274 1365 1364
1275 1276 1367 1366
1276 1277 1368 1367
1277 1278 1369 1368
1278 1279 1370 1369
1279 1280 1371 1370
1280 1281 1372 1371
1281 1282 1373 1372
1282 1283 1374 1373
1283 1284 1375 1374
1284 1285 1376 1375
1285 1286 1377 1376
1286 1287 1378 1377
1287 1288 1379 1378
1288 1289 1380 1379
1289 1290 1381 1380
1290 1291 1382 1381
1291 1292 1383 1382
1292 1293 1384 1383
1293 1294 1385 1384
1294 1295 1386 1385
1295 1296 1387 1386
1296 1297 1388 1387
1297 1298 1389 1388
1298 1299 1390 1389
1299 1300 1391 1390
1300 1301 1392 1391
1301 1302 1393 1392
1302 1303 1394 1393
1303 1304 1395 1394
1304 1305 1396 1395
1305 1306 1397 1396
1306 1307 1398 1397
1307 1308 1399 1398
1308 1309 1400 1399
1309 1310 1401 1400
1310 1311 1402 1401
1311 1312 1403 1402
1312 1313 1404 1403
1313 1314 1405 1404
1314 1315 1406 1405
1315 1316 1407 1406
1316 1317 1408 1407
1317 1318 1409 1408
1318 1319 1410 1409
1319 1320 1411 1410
1320 1321 1412 1411
1321 1322 1413 1412
1322 1323 1414 1413
1323 1324 1415 1414
1324 1325 1416 1415
1325 1326 1417 1416
1326 1327 1418 1417
1327 1328 1419 1418
1328 1329 1420 1419
1329 1330 1421 1420
1330 1331 1422 1421
1331 1332 1423 1422
1332 1333 1424 1423
1333 1334 1425 1424
1334 1335 1426 1425
1335 1336 1427 1426
1336 1337 1428 1427
1337 1338 1429 1428
1338 1339 1430 1429
1339 1340 1431 1430
1340 1341 1432 1431
1341 1342 1433 1432
1342 1343 1434 1433
1343 1344 1435 1434
1344 1345 1436 1435
1345 1346 1437 1436
1346 1347 1438 1437
1347 1348 1439 1438
1348 1349 1440 1439
1349 1350 1441 1440
1350 1351 1442 1441
1351 1352 1443 1442
1352 1353 1444 1443
1353 1354 1445 1444
1354 1355 1446 1445
1355 1356 1447 1446
1356 1357 1448 1447
1357 1358 1449 1448
1358 1359 1450 1449
1359 1360 1451 1450
1360 1361 1452 1451
1361 1362 1453 1452
1362 1363 1454 1453
1363 1364 1455 1454
1364 1365 1456 1455
1366 1367 1458 1457
1367 1368 1459 1458
1368 1369 1460 1459
1369 1370 1461 1460
1370 1371 1462 1461
1371 1372 1463 1462
1372 1373 1464 1463
1373 1374 1465 1464
1374 1375 1466 1465
1375 1376 1467 1466
1376 1377 1468 1467
1377 1378 1469 1468
1378 1379 1470 1469
1379 1380 1471 1470
1380 1381 1472 1471
1381 1382 1473 1472
1382 1383 1474 1473
1383 1384 1475 1474
1384 1385 1476 1475
1385 1386 1477 1476
1386 1387 1478 1477
1387 1388 1479 1478
1388 1389 1480 1479
1389 1390 1481 1480
1390 1391 1482 1481
1391 1392 1483 1482
1392 1393 1484 1483
1393 1394 1485 1484
1394 1395 1486 1485
1395 1396 1487 1486
1396 1397 1488 1487
1397 1398 1489 1488
1398 1399 1490 1489
1399 1400 1491 1490
1400 1401 1492 1491
1401 1402 1493 1492
1402 1403 1494 1493
1403 1404 1495 1494
1404 1405 1496 1495
1405 1406 1497 1496
1406 1407 1498 1497
1407 1408 1499 1498
1408 1409 1500 1499
1409 1410 1501 1500
1410 1411 1502 1501
1411 1412 1503 1502
1412 1413 1504 1503
1413 1414 1505 1504
1414 1415 1506 1505
1415 1416 1507 1506
1416 1417 1508 1507
1417 1418 1509 1508
1418 1419 1510 1509
1419 1420 1511 1510
1420 1421 1512 1511
1421 1422 1513 1512
1422 1423 1514 1513
1423 1424 1515 1514
1424 1425 1516 1515
1425 1426 1517 1516
1426 1427 1518 1517
1427 1428 1519 1518
1428 1429 1520 1519
1429 1430 1521 1520
1430 1431 1522 1521
1431 1432 1523 1522
1432 1433 1524 1523
1433 1434 1525 1524
1434 1435 1526 1525
1435 1436 1527 1526
1436 1437 1528 1527
1437 1438 1529 1528
1438 1439 1530 1529
1439 1440 1531 1530
1440 1441 1532 1531
1441 1442 1533 1532
1442 1443 1534 1533
1443 1444 1535 1534
1444 1445 1536 1535
1445 1446 1537 1536
1446 1447 1538 1537
1447 1448 1539 1538
1448 1449 1540 1539
1449 1450 1541 1540
1450 1451 1542 1541
1451 1452 1543 1542
1452 1453 1544 1543
1453 1454 1545 1544
1454 1455 1546 1545
1455 1456 1547 1546
1457 1458 1549 1548
1458 1459 1550 1549
1459 1460 1551 1550
1460 1461 1552 1551
1461 1462 1553 1552
1462 1463 1554 1553
1463 1464 1555 1554
1464 1465 1556 1555
1465 1466 1557 1556
1466 1467 1558 1557
1467 1468 1559 1558
1468 1469 1560 1559
1469 1470 1561 1560
1470 1471 1562 1561
1471 1472 1563 1562
1472 1473 1564 1563
1473 1474 1565 1564
1474 1475 1566 1565
1475 1476 1567 1566
1476 1477 1568 1567
1477 1478 1569 1568
1478 1479 1570 1569
1479 1480 1571 1570
1480 1481 1572 1571
1481 1482 1573 1572
1482 1483 1574 1573
1483 1484 1575 1574
1484 1485 1576 1575
1485 1486 1577 1576
1486 1487 1578 1577
1487 1488 1579 1578
1488 1489 1580 1579
1489 1490 1581 1580
1490 1491 1582 1581
1491 1492 1583 1582
1492 1493 1584 1583
1493 1494 1585 1584
1494 1495 1586 1585
1495 1496 1587 1586
1496 1497 1588 1587
1497 1498 1589 1588
1498 1499 1590 1589
1499 1500 1591 1590
1500 1501 1592 1591
1501 1502 1593 1592
1502 1503 1594 1593
1503 1504 1595 1594
1504 1505 1596 1595
1505 1506 1597 1596
1506 1507 1598 1597
1507 1508 1599 1598
1508 1509 1600 1599
1509 1510 1601 1600
1510 1511 1602 1601
1511 1512 1603 1602
1512 1513 1604 1603
1513 1514 1605 1604
1514 1515 1606 1605
1515 1516 1607 1606
1516 1517 1608 1607
1517 1518 1609 1608
1518 1519 1610 1609
1519 1520 1611 1610
1520 1521 1612 1611
1521 1522 1613 1612
1522 1523 1614 1613
1523 1524 1615 1614
1524 1525 1616 1615
1525 1526 1617 1616
1526 1527 1618 1617
1527 1528 1619 1618
1528 1529 1620 1619
1529 1530 1621 1620
1530 1531 1622 1621
1531 1532 1623 1622
1532 1533 1624 1623
1533 1534 1625 1624
1534 1535 1626 1625
1535 1536 1627 1626
1536 1537 1628 1627
1537 1538 1629 1628
1538 1539 1630 1629
1539 1540 1631 1630
1540 1541 1632 1631
1541 1542 1633 1632
1542 1543 1634 1633
1543 1544 1635 1634
1544 1545 1636 1635
1545 1546 1637 1636
1546 1547 1638 1637
1548 1549 1640 1639
1549 1550 1641 1640
1550 1551 1642 1641
1551 1552 1643 1642
1552 1553 1644 1643
1553 1554 1645 1644
1554 1555 1646 1645
1555 1556 1647 1646
1556 1557 1648 1647
1557 1558 1649 1648
1558 1559 1650 1649
1559 1560 1651 1650
1560 1561 1652 1651
1561 1562 1653 1652
1562 1563 1654 1653
1563 1564 1655 1654
1564 1565 1656 1655
1565 1566 1657 1656
1566 1567 1658 1657
1567 1568 1659 1658
1568 1569 1660 1659
1569 1570 1661 1660
1570 1571 1662 1661
1571 1572 1663 1662
1572 1573 1664 1663
1573 1574 1665 1664
1574 1575 1666 1665
1575 1576 1667 1666
1576 1577 1668 1667
1577 1578 1669 1668
1578 1579 1670 1669
1579 1580 1671 1670
1580 1581 1672 1671
1581 1582 1673 1672
1582 1583 1674 1673
1583 1584 1675 1674
1584 1585 1676 1675
1585 1586 1677 1676
1586 1587 1678 1677
1587 1588 1679 1678
1588 1589 1680 1679
1589 1590 1681 1680
1590 1591 1682 1681
1591 1592 1683 1682
1592 1593 1684 1683
1593 1594 1685 1684
1594 1595 1686 1685
1595 1596 1687 1686
1596 1597 1688 1687
1597 1598 1689 1688
1598 1599 1690 1689
1599 1600 1691 1690
1600 1601 1692 1691
1601 1602 1693 1692
1602 1603 1694 1693
1603 1604 1695 1694
1604 1605 1696 1695
1605 1606 1697 1696
1606 1607 1698 1697
1607 1608 1699 1698
1608 1609 1700 1699
1609 1610 1701 1700
1610 1611 1702 1701
1611 1612 1703 1702
1612 1613 1704 1703
1613 1614 1705 1704
1614 1615 1706 1705
1615 1616 1707 1706
1616 1617 1708 1707
1617 1618 1709 1708
1618 1619 1710 1709
1619 1620 1711 1710
1620 1621 1712 1711
1621 1622 1713 1712
1622 1623 1714 1713
1623 1624 1715 1714
1624 1625 1716 1715
1625 1626 1717 1716
1626 1627 1718 1717
1627 1628 1719 1718
1628 1629 1720 1719
1629 1630 1721 1720
1630 1631 1722 1721
1631 1632 1723 1722
1632 1633 1724 1723
1633 1634 1725 1724
1634 1635 1726 1725
1635 1636 1727 1726
1636 1637 1728 1727
1637 1638 1729 1728
1639 1640 1731 1730
1640 1641 1732 1731
1641 1642 1733 1732
1642 1643 1734 1733
1643 1644 1735 1734
1644 1645 1736 1735
1645 1646 1737 1736
1646 1647 1738 1737
1647 1648 1739 1738
1648 1649 1740 1739
1649 1650 1741 1740
1650 1651 1742 1741
1651 1652 1743 1742
1652 1653 1744 1743
1653 1654 1745 1744
1654 1655 1746 1745
1655 1656 1747 1746
1656 1657 1748 1747
1657 1658 1749 1748
1658 1659 1750 1749
1659 1660 1751 1750
1660 1661 1752 1751
1661 1662 1753 1752
1662 1663 1754 1753
1663 1664 1755 1754
1664 1665 1756 1755
1665 1666 1757 1756
1666 1667 1758 1757
1667 1668 1759 1758
1668 1669 1760 1759
1669 1670 1761 1760
1670 1671 1762 1761
1671 1672 1763 1762
1672 1673 1764 1763
1673 1674 1765 1764
1674 1675 1766 1765
1675 1676 1767 1766
1676 1677 1768 1767
1677 1678 1769 1768
1678 1679 1770 1769
1679 1680 1771 1770
1680 1681 1772 1771
1681 1682 1773 1772
1682 1683 1774 1773
1683 1684 1775 1774
1684 1685 1776 1775
1685 1686 1777 1776
1686 1687 1778 1777
1687 1688 1779 1778
1688 1689 1780 1779
1689 1690 1781 1780
1690 1691 1782 1781
1691 1692 1783 1782
1692 1693 1784 1783
1693 1694 1785 1784
1694 1695 1786 1785
1695 1696 1787 1786
1696 1697 1788 1787
1697 1698 1789 1788
1698 1699 1790 1789
1699 1700 1791 1790
1700 1701 1792 1791
1701 1702 1793 1792
1702 1703 1794 1793
1703 1704 1795 1794
1704 1705 1796 1795
1705 1706 1797 1796
1706 1707 1798 1797
1707 1708 1799 1798
1708 1709 1800 1799
1709 1710 1801 1800
1710 1711 1802 1801
1711 1712 1803 1802
1712 1713 1804 1803
1713 1714 1805 1804
1714 1715 1806 1805
1715 1716 1807 1806
1716 1717 1808 1807
1717 1718 1809 1808
1718 1719 1810 1809
1719 1720 1811 1810
1720 1721 1812 1811
1721 1722 1813 1812
1722 1723 1814 1813
1723 1724 1815 1814
1724 1725 1816 1815
1725 1726 1817 1816
1726 1727 1818 1817
1727 1728 1819 1818
1728 1729 1820 1819
1730 1731 1822 1821
1731 1732 1823 1822
1732 1733 1824 1823
1733 1734 1825 1824
1734 1735 1826 1825
1735 1736 1827 1826
1736 1737 1828 1827
1737 1738 1829 1828
1738 1739 1830 1829
1739 1740 1831 1830
1740 1741 1832 1831
1741 1742 1833 1832
1742 1743 1834 1833
1743 1744 1835 1834
1744 1745 1836 1835
1745 1746 1837 1836
1746 1747 1838 1837
1747 1748 1839 1838
1748 1749 1840 1839
1749 1750 1841 1840
1750 1751 1842 1841
1751 1752 1843 1842
1752 1753 1844 1843
1753 1754 1845 1844
1754 1755 1846 1845
1755 1756 1847 1846
1756 1757 1848 1847
1757 1758 1849 1848
1758 1759 1850 1849
1759 1760 1851 1850
1760 1761 1852 1851
1761 1762 1853 1852
1762 1763 1854 1853
1763 1764 1855 1854
1764 1765 1856 1855
1765 1766 1857 1856
1766 1767 1858 1857
1767 1768 1859 1858
1768 1769 1860 1859
1769 1770 1861 1860
1770 1771 1862 1861
1771 1772 1863 1862
1772 1773 1864 1863
1773 1774 1865 1864
1774 1775 1866 1865
1775 1776 1867 1866
1776 1777 1868 1867
1777 1778 1869 1868
1778 1779 1870 1869
1779 1780 1871 1870
1780 1781 1872 1871
1781 1782 1873 1872
1782 1783 1874 1873
1783 1784 1875 1874
1784 1785 1876 1875
1785 1786 1877 1876
1786 1787 1878 1877
1787 1788 1879 1878
1788 1789 1880 1879
1789 1790 1881 1880
1790 1791 1882 1881
1791 1792 1883 1882
1792 1793 1884 1883
1793 1794 1885 1884
1794 1795 1886 1885
1795 1796 1887 1886
1796 1797 1888 1887
1797 1798 1889 1888
1798 1799 1890 1889
1799 1800 1891 1890
1800 1801 1892 1891
1801 1802 1893 1892
1802 1803 1894 1893
1803 1804 1895 1894
1804 1805 1896 1895
1805 1806 1897 1896
1806 1807 1898 1897
1807 1808 1899 1898
1808 1809 1900 1899
1809 1810 1901 1900
1810 1811 1902 1901
1811 1812 1903 1902
1812 1813 1904 1903
1813 1814 1905 1904
1814 1815 1906 1905
1815 1816 1907 1906
1816 1817 1908 1907
1817 1818 1909 1908
1818 1819 1910 1909
1819 1820 1911 1910
1821 1822 1913 1912
1822 1823 1914 1913
1823 1824 1915 1914
1824 1825 1916 1915
1825 1826 1917 1916
1826 1827 1918 1917
1827 1828 1919 1918
1828 1829 1920 1919
1829 1830 1921 1920
1830 1831 1922 1921
1831 1832 1923 1922
1832 1833 1924 1923
1833 1834 1925 1924
1834 1835 1926 1925
1835 1836 1927 1926
1836 1837 1928 1927
1837 1838 1929 1928
1838 1839 1930 1929
1839 1840 1931 1930
1840 1841 1932 1931
1841 1842 1933 1932
1842 1843 1934 1933
1843 1844 1935 1934
1844 1845 1936 1935
1845 1846 1937 1936
1846 1847 1938 1937
1847 1848 1939 1938
1848 1849 1940 1939
1849 1850 1941 1940
1850 1851 1942 1941
1851 1852 1943 1942
1852 1853 1944 1943
1853 1854 1945 1944
1854 1855 1946 1945
1855 1856 1947 1946
1856 1857 1948 1947
1857 1858 1949 1948
1858 1859 1950 1949
1859 1860 1951 1950
1860 1861 1952 1951
1861 1862 1953 1952
1862 1863 1954 1953
1863 1864 1955 1954
1864 1865 1956 1955
1865 1866 1957 1956
1866 1867 1958 1957
1867 1868 1959 1958
1868 1869 1960 1959
1869 1870 1961 1960
1870 1871 1962 1961
1871 1872 1963 1962
1872 1873 1964 1963
1873 1874 1965 1964
1874 1875 1966 1965
1875 1876 1967 1966
1876 1877 1968 1967
1877 1878 1969 1968
1878 1879 1970 1969
1879 1880 1971 1970
1880 1881 1972 1971
1881 1882 1973 1972
1882 1883 1974 1973
1883 1884 1975 1974
1884 1885 1976 1975
1885 1886 1977 1976
1886 1887 1978 1977
1887 1888 1979 1978
1888 1889 1980 1979
1889 1890 1981 1980
1890 1891 1982 1981
1891 1892 1983 1982
1892 1893 1984 1983
1893 1894 1985 1984
1894 1895 1986 1985
1895 1896 1987 1986
1896 1897 1988 1987
1897 1898 1989 1988
1898 1899 1990 1989
1899 1900 1991 1990
1900 1901 1992 1991
1901 1902 1993 1992
1902 1903 1994 1993
1903 1904 1995 1994
1904 1905 1996 1995
1905 1906 1997 1996
1906 1907 1998 1997
1907 1908 1999 1998
1908 1909 2000 1999
1909 1910 2001 2000
1910 1911 2002 2001
1912 1913 2004 2003
1913 1914 2005 2004
1914 1915 2006 2005
1915 1916 2007 2006
1916 1917 2008 2007
1917 1918 2009 2008
1918 1919 2010 2009
1919 1920 2011 2010
1920 1921 2012 2011
1921 1922 2013 2012
1922 1923 2014 2013
1923 1924 2015 2014
1924 1925 2016 2015
1925 1926 2017 2016
1926 1927 2018 2017
1927 1928 2019 2018
1928 1929 2020 2019
1929 1930 2021 2020
1930 1931 2022 2021
1931 1932 2023 2022
1932 1933 2024 2023
1933 1934 2025 2024
1934 1935 2026 2025
1935 1936 2027 2026
1936 1937 2028 2027
1937 1938 2029 2028
1938 1939 2030 2029
1939 1940 2031 2030
1940 1941 2032 2031
1941 1942 2033 2032
1942 1943 2034 2033
1943 1944 2035 2034
1944 1945 2036 2035
1945 1946 2037 2036
1946 1947 2038 2037
1947 1948 2039 2038
1948 1949 2040 2039
1949 1950 2041 2040
1950 1951 2042 2041
1951 1952 2043 2042
1952 1953 2044 2043
1953 1954 2045 2044
1954 1955 2046 2045
1955 1956 2047 2046
1956 1957 2048 2047
1957 1958 2049 2048
1958 1959 2050 2049
1959 1960 2051 2050
1960 1961 2052 2051
1961 1962 2053 2052
1962 1963 2054 2053
1963 1964 2055 2054
1964 1965 2056 2055
1965 1966 2057 2056
1966 1967 2058 2057
1967 1968 2059 2058
1968 1969 2060 2059
1969 1970 2061 2060
1970 1971 2062 2061
1971 1972 2063 2062
1972 1973 2064 2063
1973 1974 2065 2064
1974 1975 2066 2065
1975 1976 2067 2066
1976 1977 2068 2067
1977 1978 2069 2068
1978 1979 2070 2069
1979 1980 2071 2070
1980 1981 2072 2071
1981 1982 2073 2072
1982 1983 2074 2073
1983 1984 2075 2074
1984 1985 2076 2075
1985 1986 2077 2076
1986 1987 2078 2077
1987 1988 2079 2078
1988 1989 2080 2079
1989 1990 2081 2080
1990 1991 2082 2081
1991 1992 2083 2082
1992 1993 2084 2083
1993 1994 2085 2084
1994 1995 2086 2085
1995 1996 2087 2086
1996 1997 2088 2087
1997 1998 2089 2088
1998 1999 2090 2089
1999 2000 2091 2090
2000 2001 2092 2091
2001 2002 2093 2092
2003 2004 2095 2094
2004 2005 2096 2095
2005 2006 2097 2096
2006 2007 2098 2097
2007 2008 2099 2098
2008 2009 2100 2099
2009 2010 2101 2100
2010 2011 2102 2101
2011 2012 2103 2102
2012 2013 2104 2103
2013 2014 2105 2104
2014 2015 2106 2105
2015 2016 2107 2106
2016 2017 2108 2107
2017 2018 2109 2108
2018 2019 2110 2109
2019 2020 2111 2110
2020 2021 2112 2111
2021 2022 2113 2112
2022 2023 2114 2113
2023 2024 2115 2114
2024 2025 2116 2115
2025 2026 2117 2116
2026 2027 2118 2117
2027 2028 2119 2118
2028 2029 2120 2119
2029 2030 2121 2120
2030 2031 2122 2121
2031 2032 2123 2122
2032 2033 2124 2123
2033 2034 2125 2124
2034 2035 2126 2125
2035 2036 2127 2126
2036 2037 2128 2127
2037 2038 2129 2128
2038 2039 2130 2129
2039 2040 2131 2130
2040 2041 2132 2131
2041 2042 2133 2132
2042 2043 2134 2133
2043 2044 2135 2134
2044 2045 2136 2135
2045 2046 2137 2136
2046 2047 2138 2137
2047 2048 2139 2138
2048 2049 2140 2139
2049 2050 2141 2140
2050 2051 2142 2141
2051 2052 2143 2142
2052 2053 2144 2143
2053 2054 2145 2144
2054 2055 2146 2145
2055 2056 2147 2146
2056 2057 2148 2147
2057 2058 2149 2148
2058 2059 2150 2149
2059 2060 2151 2150
2060 2061 2152 2151
2061 2062 2153 2152
2062 2063 2154 2153
2063 2064 2155 2154
2064 2065 2156 2155
2065 2066 2157 2156
2066 2067 2158 2157
2067 2068 2159 2158
2068 2069 2160 2159
2069 2070 2161 2160
2070 2071 2162 2161
2071 2072 2163 2162
2072 2073 2164 2163
2073 2074 2165 2164
2074 2075 2166 2165
2075 2076 2167 2166
2076 2077 2168 2167
2077 2078 2169 2168
2078 2079 2170 2169
2079 2080 2171 2170
2080 2081 2172 2171
2081 2082 2173 2172
2082 2083 2174 2173
2083 2084 2175 2174
2084 2085 2176 2175
2085 2086 2177 2176
2086 2087 2178 2177
2087 2088 2179 2178
2088 2089 2180 2179
2089 2090 2181 2180
2090 2091 2182 2181
2091 2092 2183 2182
2092 2093 2184 2183
2094 2095 2186 2185
2095 2096 2187 2186
2096 2097 2188 2187
2097 2098 2189 2188
2098 2099 2190 2189
2099 2100 2191 2190
2100 2101 2192 2191
2101 2102 2193 2192
2102 2103 2194 2193
2103 2104 2195 2194
2104 2105 2196 2195
2105 2106 2197 2196
2106 2107 2198 2197
2107 2108 2199 2198
2108 2109 2200 2199
2109 2110 2201 2200
2110 2111 2202 2201
2111 2112 2203 2202
2112 2113 2204 2203
2113 2114 2205 2204
2114 2115 2206 2205
2115 2116 2207 2206
2116 2117 2208 2207
2117 2118 2209 2208
2118 2119 2210 2209
2119 2120 2211 2210
2120 2121 2212 2211
2121 2122 2213 2212
2122 2123 2214 2213
2123 2124 2215 2214
2124 2125 2216 2215
2125 2126 2217 2216
2126 2127 2218 2217
2127 2128 2219 2218
2128 2129 2220 2219
2129 2130 2221 2220
2130 2131 2222 2221
2131 2132 2223 2222
2132 2133 2224 2223
2133 2134 2225 2224
2134 2135 2226 2225
2135 2136 2227 2226
2136 2137 2228 2227
2137 2138 2229 2228
2138 2139 2230 2229
2139 2140 2231 2230
2140 2141 2232 2231
2141 2142 2233 2232
2142 2143 2234 2233
2143 2144 2235 2234
2144 2145 2236 2235
2145 2146 2237 2236
2146 2147 2238 2237
2147 2148 2239 2238
2148 2149 2240 2239
2149 2150 2241 2240
2150 2151 2242 2241
2151 2152 2243 2242
2152 2153 2244 2243
2153 2154 2245 2244
2154 2155 2246 2245
2155 2156 2247 2246
2156 2157 2248 2247
2157 2158 2249 2248
2158 2159 2250 2249
2159 2160 2251 2250
2160 2161 2252 2251
2161 2162 2253 2252
2162 2163 2254 2253
2163 2164 2255 2254
2164 2165 2256 2255
2165 2166 2257 2256
2166 2167 2258 2257
2167 2168 2259 2258
2168 2169 2260 2259
2169 2170 2261 2260
2170 2171 2262 2261
2171 2172 2263 2262
2172 2173 2264 2263
2173 2174 2265 2264
2174 2175 2266 2265
2175 2176 2267 2266
2176 2177 2268 2267
2177 2178 2269 2268
2178 2179 2270 2269
2179 2180 2271 2270
2180 2181 2272 2271
2181 2182 2273 2272
2182 2183 2274 2273
2183 2184 2275 2274
2185 2186 2277 2276
2186 2187 2278 2277
2187 2188 2279 2278
2188 2189 2280 2279
2189 2190 2281 2280
2190 2191 2282 2281
2191 2192 2283 2282
2192 2193 2284 2283
2193 2194 2285 2284
2194 2195 2286 2285
2195 2196 2287 2286
2196 2197 2288 2287
2197 2198 2289 2288
2198 2199 2290 2289
2199 2200 2291 2290
2200 2201 2292 2291
2201 2202 2293 2292
2202 2203 2294 2293
2203 2204 2295 2294
2204 2205 2296 2295
2205 2206 2297 2296
2206 2207 2298 2297
2207 2208 2299 2298
2208 2209 2300 2299
2209 2210 2301 2300
2210 2211 2302 2301
2211 2212 2303 2302
2212 2213 2304 2303
2213 2214 2305 2304
2214 2215 2306 2305
2215 2216 2307 2306
2216 2217 2308 2307
2217 2218 2309 2308
2218 2219 2310 2309
2219 2220 2311 2310
2220 2221 2312 2311
2221 2222 2313 2312
2222 2223 2314 2313
2223 2224 2315 2314
2224 2225 2316 2315
2225 2226 2317 2316
2226 2227 2318 2317
2227 2228 2319 2318
2228 2229 2320 2319
2229 2230 2321 2320
2230 2231 2322 2321
2231 2232 2323 2322
2232 2233 2324 2323
2233 2234 2325 2324
2234 2235 2326 2325
2235 2236 2327 2326
2236 2237 2328 2327
2237 2238 2329 2328
2238 2239 2330 2329
2239 2240 2331 2330
2240 2241 2332 2331
2241 2242 2333 2332
2242 2243 2334 2333
2243 2244 2335 2334
2244 2245 2336 2335
2245 2246 2337 2336
2246 2247 2338 2337
2247 2248 2339 2338
2248 2249 2340 2339
2249 2250 2341 2340
2250 2251 2342 2341
2251 2252 2343 2342
2252 2253 2344 2343
2253 2254 2345 2344
2254 2255 2346 2345
2255 2256 2347 2346
2256 2257 2348 2347
2257 2258 2349 2348
2258 2259 2350 2349
2259 2260 2351 2350
2260 2261 2352 2351
2261 2262 2353 2352
2262 2263 2354 2353
2263 2264 2355 2354
2264 2265 2356 2355
2265 2266 2357 2356
2266 2267 2358 2357
2267 2268 2359 2358
2268 2269 2360 2359
2269 2270 2361 2360
2270 2271 2362 2361
2271 2272 2363 2362
2272 2273 2364 2363
2273 2274 2365 2364
2274 2275 2366 2365
2276 2277 2368 2367
2277 2278 2369 2368
2278 2279 2370 2369
2279 2280 2371 2370
2280 2281 2372 2371
2281 2282 2373 2372
2282 2283 2374 2373
2283 2284 2375 2374
2284 2285 2376 2375
2285 2286 2377 2376
2286 2287 2378 2377
2287 2288 2379 2378
2288 2289 2380 2379
2289 2290 2381 2380
2290 2291 2382 2381
2291 2292 2383 2382
2292 2293 2384 2383
2293 2294 2385 2384
2294 2295 2386 2385
2295 2296 2387 2386
2296 2297 2388 2387
2297 2298 2389 2388
2298 2299 2390 2389
2299 2300 2391 2390
2300 2301 2392 2391
2301 2302 2393 2392
2302 2303 2394 2393
2303 2304 2395 2394
2304 2305 2396 2395
2305 2306 2397 2396
2306 2307 2398 2397
2307 2308 2399 2398
2308 2309 2400 2399
2309 2310 2401 2400
2310 2311 2402 2401
2311 2312 2403 2402
2312 2313 2404 2403
2313 2314 2405 2404
2314 2315 2406 2405
2315 2316 2407 2406
2316 2317 2408 2407
2317 2318 2409 2408
2318 2319 2410 2409
2319 2320 2411 2410
2320 2321 2412 2411
2321 2322 2413 2412
2322 2323 2414 2413
2323 2324 2415 2414
2324 2325 2416 2415
2325 2326 2417 2416
2326 2327 2418 2417
2327 2328 2419 2418
2328 2329 2420 2419
2329 2330 2421 2420
2330 2331 2422 2421
2331 2332 2423 2422
2332 2333 2424 2423
2333 2334 2425 2424
2334 2335 2426 2425
2335 2336 2427 2426
2336 2337 2428 2427
2337 2338 2429 2428
2338 2339 2430 2429
2339 2340 2431 2430
2340 2341 2432 2431
2341 2342 2433 2432
2342 2343 2434 2433
2343 2344 2435 2434
2344 2345 2436 2435
2345 2346 2437 2436
2346 2347 2438 2437
2347 2348 2439 2438
2348 2349 2440 2439
2349 2350 2441 2440
2350 2351 2442 2441
2351 2352 2443 2442
2352 2353 2444 2443
2353 2354 2445 2444
2354 2355 2446 2445
2355 2356 2447 2446
2356 2357 2448 2447
2357 2358 2449 2448
2358 2359 2450 2449
2359 2360 2451 2450
2360 2361 2452 2451
2361 2362 2453 2452
2362 2363 2454 2453
2363 2364 2455 2454
2364 2365 2456 2455
2365 2366 2457 2456
2367 2368 2459 2458
2368 2369 2460 2459
2369 2370 2461 2460
2370 2371 2462 2461
2371 2372 2463 2462
2372 2373 2464 2463
2373 2374 2465 2464
2374 2375 2466 2465
2375 2376 2467 2466
2376 2377 2468 2467
2377 2378 2469 2468
2378 2379 2470 2469
2379 2380 2471 2470
2380 2381 2472 2471
2381 2382 2473 2472
2382 2383 2474 2473
2383 2384 2475 2474
2384 2385 2476 2475
2385 2386 2477 2476
2386 2387 2478 2477
2387 2388 2479 2478
2388 2389 2480 2479
2389 2390 2481 2480
2390 2391 2482 2481
2391 2392 2483 2482
2392 2393 2484 2483
2393 2394 2485 2484
2394 2395 2486 2485
2395 2396 2487 2486
2396 2397 2488 2487
2397 2398 2489 2488
2398 2399 2490 2489
2399 2400 2491 2490
2400 2401 2492 2491
2401 2402 2493 2492
2402 2403 2494 2493
2403 2404 2495 2494
2404 2405 2496 2495
2405 2406 2497 2496
2406 2407 2498 2497
2407 2408 2499 2498
2408 2409 2500 2499
2409 2410 2501 2500
2410 2411 2502 2501
2411 2412 2503 2502
2412 2413 2504 2503
2413 2414 2505 2504
2414 2415 2506 2505
2415 2416 2507 2506
2416 2417 2508 2507
2417 2418 2509 2508
2418 2419 2510 2509
2419 2420 2511 2510
2420 2421 2512 2511
2421 2422 2513 2512
2422 2423 2514 2513
2423 2424 2515 2514
2424 2425 2516 2515
2425 2426 2517 2516
2426 2427 2518 2517
2427 2428 2519 2518
2428 2429 2520 2519
2429 2430 2521 2520
2430 2431 2522 2521
2431 2432 2523 2522
2432 2433 2524 2523
2433 2434 2525 2524
2434 2435 2526 2525
2435 2436 2527 2526
2436 2437 2528 2527
2437 2438 2529 2528
2438 2439 2530 2529
2439 2440 2531 2530
2440 2441 2532 2531
2441 2442 2533 2532
2442 2443 2534 2533
2443 2444 2535 2534
2444 2445 2536 2535
2445 2446 2537 2536
2446 2447 2538 2537
2447 2448 2539 2538
2448 2449 2540 2539
2449 2450 2541 2540
2450 2451 2542 2541
2451 2452 2543 2542
2452 2453 2544 2543
2453 2454 2545 2544
2454 2455 2546 2545
2455 2456 2547 2546
2456 2457 2548 2547
2458 2459 2550 2549
2459 2460 2551 2550
2460 2461 2552 2551
2461 2462 2553 2552
2462 2463 2554 2553
2463 2464 2555 2554
2464 2465 2556 2555
2465 2466 2557 2556
2466 2467 2558 2557
2467 2468 2559 2558
2468 2469 2560 2559
2469 2470 2561 2560
2470 2471 2562 2561
2471 2472 2563 2562
2472 2473 2564 2563
2473 2474 2565 2564
2474 2475 2566 2565
2475 2476 2567 2566
2476 2477 2568 2567
2477 2478 2569 2568
2478 2479 2570 2569
2479 2480 2571 2570
2480 2481 2572 2571
2481 2482 2573 2572
2482 2483 2574 2573
2483 2484 2575 2574
2484 2485 2576 2575
2485 2486 2577 2576
2486 2487 2578 2577
2487 2488 2579 2578
2488 2489 2580 2579
2489 2490 2581 2580
2490 2491 2582 2581
2491 2492 2583 2582
2492 2493 2584 2583
2493 2494 2585 2584
2494 2495 2586 2585
2495 2496 2587 2586
2496 2497 2588 2587
2497 2498 2589 2588
2498 2499 2590 2589
2499 2500 2591 2590
2500 2501 2592 2591
2501 2502 2593 2592
2502 2503 2594 2593
2503 2504 2595 2594
2504 2505 2596 2595
2505 2506 2597 2596
2506 2507 2598 2597
2507 2508 2599 2598
2508 2509 2600 2599
2509 2510 2601 2600
2510 2511 2602 2601
2511 2512 2603 2602
2512 2513 2604 2603
2513 2514 2605 2604
2514 2515 2606 2605
2515 2516 2607 2606
2516 2517 2608 2607
2517 2518 2609 2608
2518 2519 2610 2609
2519 2520 2611 2610
2520 2521 2612 2611
2521 2522 2613 2612
2522 2523 2614 2613
2523 2524 2615 2614
2524 2525 2616 2615
2525 2526 2617 2616
2526 2527 2618 2617
2527 2528 2619 2618
2528 2529 2620 2619
2529 2530 2621 2620
2530 2531 2622 2621
2531 2532 2623 2622
2532 2533 2624 2623
2533 2534 2625 2624
2534 2535 2626 2625
2535 2536 2627 2626
2536 2537 2628 2627
2537 2538 2629 2628
2538 2539 2630 2629
2539 2540 2631 2630
2540 2541 2632 2631
2541 2542 2633 2632
2542 2543 2634 2633
2543 2544 2635 2634
2544 2545 2636 2635
2545 2546 2637 2636
2546 2547 2638 2637
2547 2548 2639 2638
2549 2550 2641 2640
2550 2551 2642 2641
2551 2552 2643 2642
2552 2553 2644 2643
2553 2554 2645 2644
2554 2555 2646 2645
2555 2556 2647 2646
2556 2557 2648 2647
2557 2558 2649 2648
2558 2559 2650 2649
2559 2560 2651 2650
2560 2561 2652 2651
2561 2562 2653 2652
2562 2563 2654 2653
2563 2564 2655 2654
2564 2565 2656 2655
2565 2566 2657 2656
2566 2567 2658 2657
2567 2568 2659 2658
2568 2569 2660 2659
2569 2570 2661 2660
2570 2571 2662 2661
2571 2572 2663 2662
2572 2573 2664 2663
2573 2574 2665 2664
2574 2575 2666 2665
2575 2576 2667 2666
2576 2577 2668 2667
2577 2578 2669 2668
2578 2579 2670 2669
2579 2580 2671 2670
2580 2581 2672 2671
2581 2582 2673 2672
2582 2583 2674 2673
2583 2584 2675 2674
2584 2585 2676 2675
2585 2586 2677 2676
2586 2587 2678 2677
2587 2588 2679 2678
2588 2589 2680 2679
2589 2590 2681 2680
2590 2591 2682 2681
2591 2592 2683 2682
2592 2593 2684 2683
2593 2594 2685 2684
2594 2595 2686 2685
2595 2596 2687 2686
2596 2597 2688 2687
2597 2598 2689 2688
2598 2599 2690 2689
2599 2600 2691 2690
2600 2601 2692 2691
2601 2602 2693 2692
2602 2603 2694 2693
2603 2604 2695 2694
2604 2605 2696 2695
2605 2606 2697 2696
2606 2607 2698 2697
2607 2608 2699 2698
2608 2609 2700 2699
2609 2610 2701 2700
2610 2611 2702 2701
2611 2612 2703 2702
2612 2613 2704 2703
2613 2614 2705 2704
2614 2615 2706 2705
2615 2616 2707 2706
2616 2617 2708 2707
2617 2618 2709 2708
2618 2619 2710 2709
2619 2620 2711 2710
2620 2621 2712 2711
2621 2622 2713 2712
2622 2623 2714 2713
2623 2624 2715 2714
2624 2625 2716 2715
2625 2626 2717 2716
2626 2627 2718 2717
2627 2628 2719 2718
2628 2629 2720 2719
2629 2630 2721 2720
2630 2631 2722 2721
2631 2632 2723 2722
2632 2633 2724 2723
2633 2634 2725 2724
2634 2635 2726 2725
2635 2636 2727 2726
2636 2637 2728 2727
2637 2638 2729 2728
2638 2639 2730 2729
2640 2641 2732 2731
2641 2642 2733 2732
2642 2643 2734 2733
2643 2644 2735 2734
2644 2645 2736 2735
2645 2646 2737 2736
2646 2647 2738 2737
2647 2648 2739 2738
2648 2649 2740 2739
2649 2650 2741 2740
2650 2651 2742 2741
2651 2652 2743 2742
2652 2653 2744 2743
2653 2654 2745 2744
2654 2655 2746 2745
2655 2656 2747 2746
2656 2657 2748 2747
2657 2658 2749 2748
2658 2659 2750 2749
2659 2660 2751 2750
2660 2661 2752 2751
2661 2662 2753 2752
2662 2663 2754 2753
2663 2664 2755 2754
2664 2665 2756 2755
2665 2666 2757 2756
2666 2667 2758 2757
2667 2668 2759 2758
2668 2669 2760 2759
2669 2670 2761 2760
2670 2671 2762 2761
2671 2672 2763 2762
2672 2673 2764 2763
2673 2674 2765 2764
2674 2675 2766 2765
2675 2676 2767 2766
2676 2677 2768 2767
2677 2678 2769 2768
2678 2679 2770 2769
2679 2680 2771 2770
2680 2681 2772 2771
2681 2682 2773 2772
2682 2683 2774 2773
2683 2684 2775 2774
2684 2685 2776 2775
2685 2686 2777 2776
2686 2687 2778 2777
2687 2688 2779 2778
2688 2689 2780 2779
2689 2690 2781 2780
2690 2691 2782 2781
2691 2692 2783 2782
2692 2693 2784 2783
2693 2694 2785 2784
2694 2695 2786 2785
2695 2696 2787 2786
2696 2697 2788 2787
2697 2698 2789 2788
2698 2699 2790 2789
2699 2700 2791 2790
2700 2701 2792 2791
2701 2702 2793 2792
2702 2703 2794 2793
2703 2704 2795 2794
2704 2705 2796 2795
2705 2706 2797 2796
2706 2707 2798 2797
2707 2708 2799 2798
2708 2709 2800 2799
2709 2710 2801 2800
2710 2711 2802 2801
2711 2712 2803 2802
2712 2713 2804 2803
2713 2714 2805 2804
2714 2715 2806 2805
2715 2716 2807 2806
2716 2717 2808 2807
2717 2718 2809 2808
2718 2719 2810 2809
2719 2720 2811 2810
2720 2721 2812 2811
2721 2722 2813 2812
2722 2723 2814 2813
2723 2724 2815 2814
2724 2725 2816 2815
2725 2726 2817 2816
2726 2727 2818 2817
2727 2728 2819 2818
2728 2729 2820 2819
2729 2730 2821 2820
2731 2732 2823 2822
2732 2733 2824 2823
2733 2734 2825 2824
2734 2735 2826 2825
2735 2736 2827 2826
2736 2737 2828 2827
2737 2738 2829 2828
2738 2739 2830 2829
2739 2740 2831 2830
2740 2741 2832 2831
2741 2742 2833 2832
2742 2743 2834 2833
2743 2744 2835 2834
2744 2745 2836 2835
2745 2746 2837 2836
2746 2747 2838 2837
2747 2748 2839 2838
2748 2749 2840 2839
2749 2750 2841 2840
2750 2751 2842 2841
2751 2752 2843 2842
2752 2753 2844 2843
2753 2754 2845 2844
2754 2755 2846 2845
2755 2756 2847 2846
2756 2757 2848 2847
2757 2758 2849 2848
2758 2759 2850 2849
2759 2760 2851 2850
2760 2761 2852 2851
2761 2762 2853 2852
2762 2763 2854 2853
2763 2764 2855 2854
2764 2765 2856 2855
2765 2766 2857 2856
2766 2767 2858 2857
2767 2768 2859 2858
2768 2769 2860 2859
2769 2770 2861 2860
2770 2771 2862 2861
2771 2772 2863 2862
2772 2773 2864 2863
2773 2774 2865 2864
2774 2775 2866 2865
2775 2776 2867 2866
2776 2777 2868 2867
2777 2778 2869 2868
2778 2779 2870 2869
2779 2780 2871 2870
2780 2781 2872 2871
2781 2782 2873 2872
2782 2783 2874 2873
2783 2784 2875 2874
2784 2785 2876 2875
2785 2786 2877 2876
2786 2787 2878 2877
2787 2788 2879 2878
2788 2789 2880 2879
2789 2790 2881 2880
2790 2791 2882 2881
2791 2792 2883 2882
2792 2793 2884 2883
2793 2794 2885 2884
2794 2795 2886 2885
2795 2796 2887 2886
2796 2797 2888 2887
2797 2798 2889 2888
2798 2799 2890 2889
2799 2800 2891 2890
2800 2801 2892 2891
2801 2802 2893 2892
2802 2803 2894 2893
2803 2804 2895 2894
2804 2805 2896 2895
2805 2806 2897 2896
2806 2807 2898 2897
2807 2808 2899 2898
2808 2809 2900 2899
2809 2810 2901 2900
2810 2811 2902 2901
2811 2812 2903 2902
2812 2813 2904 2903
2813 2814 2905 2904
2814 2815 2906 2905
2815 2816 2907 2906
2816 2817 2908 2907
2817 2818 2909 2908
2818 2819 2910 2909
2819 2820 2911 2910
2820 2821 2912 2911
2822 2823 2914 2913
2823 2824 2915 2914
2824 2825 2916 2915
2825 2826 2917 2916
2826 2827 2918 2917
2827 2828 2919 2918
2828 2829 2920 2919
2829 2830 2921 2920
2830 2831 2922 2921
2831 2832 2923 2922
2832 2833 2924 2923
2833 2834 2925 2924
2834 2835 2926 2925
2835 2836 2927 2926
2836 2837 2928 2927
2837 2838 2929 2928
2838 2839 2930 2929
2839 2840 2931 2930
2840 2841 2932 2931
2841 2842 2933 2932
2842 2843 2934 2933
2843 2844 2935 2934
2844 2845 2936 2935
2845 2846 2937 2936
2846 2847 2938 2937
2847 2848 2939 2938
2848 2849 2940 2939
2849 2850 2941 2940
2850 2851 2942 2941
2851 2852 2943 2942
2852 2853 2944 2943
2853 2854 2945 2944
2854 2855 2946 2945
2855 2856 2947 2946
2856 2857 2948 2947
2857 2858 2949 2948
2858 2859 2950 2949
2859 2860 2951 2950
2860 2861 2952 2951
2861 2862 2953 2952
2862 2863 2954 2953
2863 2864 2955 2954
2864 2865 2956 2955
2865 2866 2957 2956
2866 2867 2958 2957
2867 2868 2959 2958
2868 2869 2960 2959
2869 2870 2961 2960
2870 2871 2962 2961
2871 2872 2963 2962
2872 2873 2964 2963
2873 2874 2965 2964
2874 2875 2966 2965
2875 2876 2967 2966
2876 2877 2968 2967
2877 2878 2969 2968
2878 2879 2970 2969
2879 2880 2971 2970
2880 2881 2972 2971
2881 2882 2973 2972
2882 2883 2974 2973
2883 2884 2975 2974
2884 2885 2976 2975
2885 2886 2977 2976
2886 2887 2978 2977
2887 2888 2979 2978
2888 2889 2980 2979
2889 2890 2981 2980
2890 2891 2982 2981
2891 2892 2983 2982
2892 2893 2984 2983
2893 2894 2985 2984
2894 2895 2986 2985
2895 2896 2987 2986
2896 2897 2988 2987
2897 2898 2989 2988
2898 2899 2990 2989
2899 2900 2991 2990
2900 2901 2992 2991
2901 2902 2993 2992
2902 2903 2994 2993
2903 2904 2995 2994
2904 2905 2996 2995
2905 2906 2997 2996
2906 2907 2998 2997
2907 2908 2999 2998
2908 2909 3000 2999
2909 2910 3001 3000
2910 2911 3002 3001
2911 2912 3003 3002
2913 2914 3005 3004
2914 2915 3006 3005
2915 2916 3007 3006
2916 2917 3008 3007
2917 2918 3009 3008
2918 2919 3010 3009
2919 2920 3011 3010
2920 2921 3012 3011
2921 2922 3013 3012
2922 2923 3014 3013
2923 2924 3015 3014
2924 2925 3016 3015
2925 2926 3017 3016
2926 2927 3018 3017
2927 2928 3019 3018
2928 2929 3020 3019
2929 2930 3021 3020
2930 2931 3022 3021
2931 2932 3023 3022
2932 2933 3024 3023
2933 2934 3025 3024
2934 2935 3026 3025
2935 2936 3027 3026
2936 2937 3028 3027
2937 2938 3029 3028
2938 2939 3030 3029
2939 2940 3031 3030
2940 2941 3032 3031
2941 2942 3033 3032
2942 2943 3034 3033
2943 2944 3035 3034
2944 2945 3036 3035
2945 2946 3037 3036
2946 2947 3038 3037
2947 2948 3039 3038
2948 2949 3040 3039
2949 2950 3041 3040
2950 2951 3042 3041
2951 2952 3043 3042
2952 2953 3044 3043
2953 2954 3045 3044
2954 2955 3046 3045
2955 2956 3047 3046
2956 2957 3048 3047
2957 2958 3049 3048
2958 2959 3050 3049
2959 2960 3051 3050
2960 2961 3052 3051
2961 2962 3053 3052
2962 2963 3054 3053
2963 2964 3055 3054
2964 2965 3056 3055
2965 2966 3057 3056
2966 2967 3058 3057
2967 2968 3059 3058
2968 2969 3060 3059
2969 2970 3061 3060
2970 2971 3062 3061
2971 2972 3063 3062
2972 2973 3064 3063
2973 2974 3065 3064
2974 2975 3066 3065
2975 2976 3067 3066
2976 2977 3068 3067
2977 2978 3069 3068
2978 2979 3070 3069
2979 2980 3071 3070
2980 2981 3072 3071
2981 2982 3073 3072
2982 2983 3074 3073
2983 2984 3075 3074
2984 2985 3076 3075
2985 2986 3077 3076
2986 2987 3078 3077
2987 2988 3079 3078
2988 2989 3080 3079
2989 2990 3081 3080
2990 2991 3082 3081
2991 2992 3083 3082
2992 2993 3084 3083
2993 2994 3085 3084
2994 2995 3086 3085
2995 2996 3087 3086
2996 2997 3088 3087
2997 2998 3089 3088
2998 2999 3090 3089
2999 3000 3091 3090
3000 3001 3092 3091
3001 3002 3093 3092
3002 3003 3094 3093
3004 3005 3096 3095
3005 3006 3097 3096
3006 3007 3098 3097
3007 3008 3099 3098
3008 3009 3100 3099
3009 3010 3101 3100
3010 3011 3102 3101
3011 3012 3103 3102
3012 3013 3104 3103
3013 3014 3105 3104
3014 3015 3106 3105
3015 3016 3107 3106
3016 3017 3108 3107
3017 3018 3109 3108
3018 3019 3110 3109
3019 3020 3111 3110
3020 3021 3112 3111
3021 3022 3113 3112
3022 3023 3114 3113
3023 3024 3115 3114
3024 3025 3116 3115
3025 3026 3117 3116
3026 3027 3118 3117
3027 3028 3119 3118
3028 3029 3120 3119
3029 3030 3121 3120
3030 3031 3122 3121
3031 3032 3123 3122
3032 3033 3124 3123
3033 3034 3125 3124
3034 3035 3126 3125
3035 3036 3127 3126
3036 3037 3128 3127
3037 3038 3129 3128
3038 3039 3130 3129
3039 3040 3131 3130
3040 3041 3132 3131
3041 3042 3133 3132
3042 3043 3134 3133
3043 3044 3135 3134
3044 3045 3136 3135
3045 3046 3137 3136
3046 3047 3138 3137
3047 3048 3139 3138
3048 3049 3140 3139
3049 3050 3141 3140
3050 3051 3142 3141
3051 3052 3143 3142
3052 3053 3144 3143
3053 3054 3145 3144
3054 3055 3146 3145
3055 3056 3147 3146
3056 3057 3148 3147
3057 3058 3149 3148
3058 3059 3150 3149
3059 3060 3151 3150
3060 3061 3152 3151
3061 3062 3153 3152
3062 3063 3154 3153
3063 3064 3155 3154
3064 3065 3156 3155
3065 3066 3157 3156
3066 3067 3158 3157
3067 3068 3159 3158
3068 3069 3160 3159
3069 3070 3161 3160
3070 3071 3162 3161
3071 3072 3163 3162
3072 3073 3164 3163
3073 3074 3165 3164
3074 3075 3166 3165
3075 3076 3167 3166
3076 3077 3168 3167
3077 3078 3169 3168
3078 3079 3170 3169
3079 3080 3171 3170
3080 3081 3172 3171
3081 3082 3173 3172
3082 3083 3174 3173
3083 3084 3175 3174
3084 3085 3176 3175
3085 3086 3177 3176
3086 3087 3178 3177
3087 3088 3179 3178
3088 3089 3180 3179
3089 3090 3181 3180
3090 3091 3182 3181
3091 3092 3183 3182
3092 3093 3184 3183
3093 3094 3185 3184
3095 3096 3187 3186
3096 3097 3188 3187
3097 3098 3189 3188
3098 3099 3190 3189
3099 3100 3191 3190
3100 3101 3192 3191
3101 3102 3193 3192
3102 3103 3194 3193
3103 3104 3195 3194
3104 3105 3196 3195
3105 3106 3197 3196
3106 3107 3198 3197
3107 3108 3199 3198
3108 3109 3200 3199
3109 3110 3201 3200
3110 3111 3202 3201
3111 3112 3203 3202
3112 3113 3204 3203
3113 3114 3205 3204
3114 3115 3206 3205
3115 3116 3207 3206
3116 3117 3208 3207
3117 3118 3209 3208
3118 3119 3210 3209
3119 3120 3211 3210
3120 3121 3212 3211
3121 3122 3213 3212
3122 3123 3214 3213
3123 3124 3215 3214
3124 3125 3216 3215
3125 3126 3217 3216
3126 3127 3218 3217
3127 3128 3219 3218
3128 3129 3220 3219
3129 3130 3221 3220
3130 3131 3222 3221
3131 3132 3223 3222
3132 3133 3224 3223
3133 3134 3225 3224
3134 3135 3226 3225
3135 3136 3227 3226
3136 3137 3228 3227
3137 3138 3229 3228
3138 3139 3230 3229
3139 3140 3231 3230
3140 3141 3232 3231
3141 3142 3233 3232
3142 3143 3234 3233
3143 3144 3235 3234
3144 3145 3236 3235
3145 3146 3237 3236
3146 3147 3238 3237
3147 3148 3239 3238
3148 3149 3240 3239
3149 3150 3241 3240
3150 3151 3242 3241
3151 3152 3243 3242
3152 3153 3244 3243
3153 3154 3245 3244
3154 3155 3246 3245
3155 3156 3247 3246
3156 3157 3248 3247
3157 3158 3249 3248
3158 3159 3250 3249
3159 3160 3251 3250
3160 3161 3252 3251
3161 3162 3253 3252
3162 3163 3254 3253
3163 3164 3255 3254
3164 3165 3256 3255
3165 3166 3257 3256
3166 3167 3258 3257
3167 3168 3259 3258
3168 3169 3260 3259
3169 3170 3261 3260
3170 3171 3262 3261
3171 3172 3263 3262
3172 3173 3264 3263
3173 3174 3265 3264
3174 3175 3266 3265
3175 3176 3267 3266
3176 3177 3268 3267
3177 3178 3269 3268
3178 3179 3270 3269
3179 3180 3271 3270
3180 3181 3272 3271
3181 3182 3273 3272
3182 3183 3274 3273
3183 3184 3275 3274
3184 3185 3276 3275
3186 3187 3278 3277
3187 3188 3279 3278
3188 3189 3280 3279
3189 3190 3281 3280
3190 3191 3282 3281
3191 3192 3283 3282
3192 3193 3284 3283
3193 3194 3285 3284
3194 3195 3286 3285
3195 3196 3287 3286
3196 3197 3288 3287
3197 3198 3289 3288
3198 3199 3290 3289
3199 3200 3291 3290
3200 3201 3292 3291
3201 3202 3293 3292
3202 3203 3294 3293
3203 3204 3295 3294
3204 3205 3296 3295
3205 3206 3297 3296
3206 3207 3298 3297
3207 3208 3299 3298
3208 3209 3300 3299
3209 3210 3301 3300
3210 3211 3302 3301
3211 3212 3303 3302
3212 3213 3304 3303
3213 3214 3305 3304
3214 3215 3306 3305
3215 3216 3307 3306
3216 3217 3308 3307
3217 3218 3309 3308
3218 3219 3310 3309
3219 3220 3311 3310
3220 3221 3312 3311
3221 3222 3313 3312
3222 3223 3314 3313
3223 3224 3315 3314
3224 3225 3316 3315
3225 3226 3317 3316
3226 3227 3318 3317
3227 3228 3319 3318
3228 3229 3320 3319
3229 3230 3321 3320
3230 3231 3322 3321
3231 3232 3323 3322
3232 3233 3324 3323
3233 3234 3325 3324
3234 3235 3326 3325
3235 3236 3327 3326
3236 3237 3328 3327
3237 3238 3329 3328
3238 3239 3330 3329
3239 3240 3331 3330
3240 3241 3332 3331
3241 3242 3333 3332
3242 3243 3334 3333
3243 3244 3335 3334
3244 3245 3336 3335
3245 3246 3337 3336
3246 3247 3338 3337
3247 3248 3339 3338
3248 3249 3340 3339
3249 3250 3341 3340
3250 3251 3342 3341
3251 3252 3343 3342
3252 3253 3344 3343
3253 3254 3345 3344
3254 3255 3346 3345
3255 3256 3347 3346
3256 3257 3348 3347
3257 3258 3349 3348
3258 3259 3350 3349
3259 3260 3351 3350
3260 3261 3352 3351
3261 3262 3353 3352
3262 3263 3354 3353
3263 3264 3355 3354
3264 3265 3356 3355
3265 3266 3357 3356
3266 3267 3358 3357
3267 3268 3359 3358
3268 3269 3360 3359
3269 3270 3361 3360
3270 3271 3362 3361
3271 3272 3363 3362
3272 3273 3364 3363
3273 3274 3365 3364
3274 3275 3366 3365
3275 3276 3367 3366
3277 3278 3369 3368
3278 3279 3370 3369
3279 3280 3371 3370
3280 3281 3372 3371
3281 3282 3373 3372
3282 3283 3374 3373
3283 3284 3375 3374
3284 3285 3376 3375
3285 3286 3377 3376
3286 3287 3378 3377
3287 3288 3379 3378
3288 3289 3380 3379
3289 3290 3381 3380
3290 3291 3382 3381
3291 3292 3383 3382
3292 3293 3384 3383
3293 3294 3385 3384
3294 3295 3386 3385
3295 3296 3387 3386
3296 3297 3388 3387
3297 3298 3389 3388
3298 3299 3390 3389
3299 3300 3391 3390
3300 3301 3392 3391
3301 3302 3393 3392
3302 3303 3394 3393
3303 3304 3395 3394
3304 3305 3396 3395
3305 3306 3397 3396
3306 3307 3398 3397
3307 3308 3399 3398
3308 3309 3400 3399
3309 3310 3401 3400
3310 3311 3402 3401
3311 3312 3403 3402
3312 3313 3404 3403
3313 3314 3405 3404
3314 3315 3406 3405
3315 3316 3407 3406
3316 3317 3408 3407
3317 3318 3409 3408
3318 3319 3410 3409
3319 3320 3411 3410
3320 3321 3412 3411
3321 3322 3413 3412
3322 3323 3414 3413
3323 3324 3415 3414
3324 3325 3416 3415
3325 3326 3417 3416
3326 3327 3418 3417
3327 3328 3419 3418
3328 3329 3420 3419
3329 3330 3421 3420
3330 3331 3422 3421
3331 3332 3423 3422
3332 3333 3424 3423
3333 3334 3425 3424
3334 3335 3426 3425
3335 3336 3427 3426
3336 3337 3428 3427
3337 3338 3429 3428
3338 3339 3430 3429
3339 3340 3431 3430
3340 3341 3432 3431
3341 3342 3433 3432
3342 3343 3434 3433
3343 3344 3435 3434
3344 3345 3436 3435
3345 3346 3437 3436
3346 3347 3438 3437
3347 3348 3439 3438
3348 3349 3440 3439
3349 3350 3441 3440
3350 3351 3442 3441
3351 3352 3443 3442
3352 3353 3444 3443
3353 3354 3445 3444
3354 3355 3446 3445
3355 3356 3447 3446
3356 3357 3448 3447
3357 3358 3449 3448
3358 3359 3450 3449
3359 3360 3451 3450
3360 3361 3452 3451
3361 3362 3453 3452
3362 3363 3454 3453
3363 3364 3455 3454
3364 3365 3456 3455
3365 3366 3457 3456
3366 3367 3458 3457
3368 3369 3460 3459
3369 3370 3461 3460
3370 3371 3462 3461
3371 3372 3463 3462
3372 3373 3464 3463
3373 3374 3465 3464
3374 3375 3466 3465
3375 3376 3467 3466
3376 3377 3468 3467
3377 3378 3469 3468
3378 3379 3470 3469
3379 3380 3471 3470
3380 3381 3472 3471
3381 3382 3473 3472
3382 3383 3474 3473
3383 3384 3475 3474
3384 3385 3476 3475
3385 3386 3477 3476
3386 3387 3478 3477
3387 3388 3479 3478
3388 3389 3480 3479
3389 3390 3481 3480
3390 3391 3482 3481
3391 3392 3483 3482
3392 3393 3484 3483
3393 3394 3485 3484
3394 3395 3486 3485
3395 3396 3487 3486
3396 3397 3488 3487
3397 3398 3489 3488
3398 3399 3490 3489
3399 3400 3491 3490
3400 3401 3492 3491
3401 3402 3493 3492
3402 3403 3494 3493
3403 3404 3495 3494
3404 3405 3496 3495
3405 3406 3497 3496
3406 3407 3498 3497
3407 3408 3499 3498
3408 3409 3500 3499
3409 3410 3501 3500
3410 3411 3502 3501
3411 3412 3503 3502
3412 3413 3504 3503
3413 3414 3505 3504
3414 3415 3506 3505
3415 3416 3507 3506
3416 3417 3508 3507
3417 3418 3509 3508
3418 3419 3510 3509
3419 3420 3511 3510
3420 3421 3512 3511
3421 3422 3513 3512
3422 3423 3514 3513
3423 3424 3515 3514
3424 3425 3516 3515
3425 3426 3517 3516
3426 3427 3518 3517
3427 3428 3519 3518
3428 3429 3520 3519
3429 3430 3521 3520
3430 3431 3522 3521
3431 3432 3523 3522
3432 3433 3524 3523
3433 3434 3525 3524
3434 3435 3526 3525
3435 3436 3527 3526
3436 3437 3528 3527
3437 3438 3529 3528
3438 3439 3530 3529
3439 3440 3531 3530
3440 3441 3532 3531
3441 3442 3533 3532
3442 3443 3534 3533
3443 3444 3535 3534
3444 3445 3536 3535
3445 3446 3537 3536
3446 3447 3538 3537
3447 3448 3539 3538
3448 3449 3540 3539
3449 3450 3541 3540
3450 3451 3542 3541
3451 3452 3543 3542
3452 3453 3544 3543
3453 3454 3545 3544
3454 3455 3546 3545
3455 3456 3547 3546
3456 3457 3548 3547
3457 3458 3549 3548
3459 3460 3551 3550
3460 3461 3552 3551
3461 3462 3553 3552
3462 3463 3554 3553
3463 3464 3555 3554
3464 3465 3556 3555
3465 3466 3557 3556
3466 3467 3558 3557
3467 3468 3559 3558
3468 3469 3560 3559
3469 3470 3561 3560
3470 3471 3562 3561
3471 3472 3563 3562
3472 3473 3564 3563
3473 3474 3565 3564
3474 3475 3566 3565
3475 3476 3567 3566
3476 3477 3568 3567
3477 3478 3569 3568
3478 3479 3570 3569
3479 3480 3571 3570
3480 3481 3572 3571
3481 3482 3573 3572
3482 3483 3574 3573
3483 3484 3575 3574
3484 3485 3576 3575
3485 3486 3577 3576
3486 3487 3578 3577
3487 3488 3579 3578
3488 3489 3580 3579
3489 3490 3581 3580
3490 3491 3582 3581
3491 3492 3583 3582
3492 3493 3584 3583
3493 3494 3585 3584
3494 3495 3586 3585
3495 3496 3587 3586
3496 3497 3588 3587
3497 3498 3589 3588
3498 3499 3590 3589
3499 3500 3591 3590
3500 3501 3592 3591
3501 3502 3593 3592
3502 3503 3594 3593
3503 3504 3595 3594
3504 3505 3596 3595
3505 3506 3597 3596
3506 3507 3598 3597
3507 3508 3599 3598
3508 3509 3600 3599
3509 3510 3601 3600
3510 3511 3602 3601
3511 3512 3603 3602
3512 3513 3604 3603
3513 3514 3605 3604
3514 3515 3606 3605
3515 3516 3607 3606
3516 3517 3608 3607
3517 3518 3609 3608
3518 3519 3610 3609
3519 3520 3611 3610
3520 3521 3612 3611
3521 3522 3613 3612
3522 3523 3614 3613
3523 3524 3615 3614
3524 3525 3616 3615
3525 3526 3617 3616
3526 3527 3618 3617
3527 3528 3619 3618
3528 3529 3620 3619
3529 3530 3621 3620
3530 3531 3622 3621
3531 3532 3623 3622
3532 3533 3624 3623
3533 3534 3625 3624
3534 3535 3626 3625
3535 3536 3627 3626
3536 3537 3628 3627
3537 3538 3629 3628
3538 3539 3630 3629
3539 3540 3631 3630
3540 3541 3632 3631
3541 3542 3633 3632
3542 3543 3634 3633
3543 3544 3635 3634
3544 3545 3636 3635
3545 3546 3637 3636
3546 3547 3638 3637
3547 3548 3639 3638
3548 3549 3640 3639
3550 3551 3642 3641
3551 3552 3643 3642
3552 3553 3644 3643
3553 3554 3645 3644
3554 3555 3646 3645
3555 3556 3647 3646
3556 3557 3648 3647
3557 3558 3649 3648
3558 3559 3650 3649
3559 3560 3651 3650
3560 3561 3652 3651
3561 3562 3653 3652
3562 3563 3654 3653
3563 3564 3655 3654
3564 3565 3656 3655
3565 3566 3657 3656
3566 3567 3658 3657
3567 3568 3659 3658
3568 3569 3660 3659
3569 3570 3661 3660
3570 3571 3662 3661
3571 3572 3663 3662
3572 3573 3664 3663
3573 3574 3665 3664
3574 3575 3666 3665
3575 3576 3667 3666
3576 3577 3668 3667
3577 3578 3669 3668
3578 3579 3670 3669
3579 3580 3671 3670
3580 3581 3672 3671
3581 3582 3673 3672
3582 3583 3674 3673
3583 3584 3675 3674
3584 3585 3676 3675
3585 3586 3677 3676
3586 3587 3678 3677
3587 3588 3679 3678
3588 3589 3680 3679
3589 3590 3681 3680
3590 3591 3682 3681
3591 3592 3683 3682
3592 3593 3684 3683
3593 3594 3685 3684
3594 3595 3686 3685
3595 3596 3687 3686
3596 3597 3688 3687
3597 3598 3689 3688
3598 3599 3690 3689
3599 3600 3691 3690
3600 3601 3692 3691
3601 3602 3693 3692
3602 3603 3694 3693
3603 3604 3695 3694
3604 3605 3696 3695
3605 3606 3697 3696
3606 3607 3698 3697
3607 3608 3699 3698
3608 3609 3700 3699
3609 3610 3701 3700
3610 3611 3702 3701
3611 3612 3703 3702
3612 3613 3704 3703
3613 3614 3705 3704
3614 3615 3706 3705
3615 3616 3707 3706
3616 3617 3708 3707
3617 3618 3709 3708
3618 3619 3710 3709
3619 3620 3711 3710
3620 3621 3712 3711
3621 3622 3713 3712
3622 3623 3714 3713
3623 3624 3715 3714
3624 3625 3716 3715
3625 3626 3717 3716
3626 3627 3718 3717
3627 3628 3719 3718
3628 3629 3720 3719
3629 3630 3721 3720
3630 3631 3722 3721
3631 3632 3723 3722
3632 3633 3724 3723
3633 3634 3725 3724
3634 3635 3726 3725
3635 3636 3727 3726
3636 3637 3728 3727
3637 3638 3729 3728
3638 3639 3730 3729
3639 3640 3731 3730
3641 3642 3733 3732
3642 3643 3734 3733
3643 3644 3735 3734
3644 3645 3736 3735
3645 3646 3737 3736
3646 3647 3738 3737
3647 3648 3739 3738
3648 3649 3740 3739
3649 3650 3741 3740
3650 3651 3742 3741
3651 3652 3743 3742
3652 3653 3744 3743
3653 3654 3745 3744
3654 3655 3746 3745
3655 3656 3747 3746
3656 3657 3748 3747
3657 3658 3749 3748
3658 3659 3750 3749
3659 3660 3751 3750
3660 3661 3752 3751
3661 3662 3753 3752
3662 3663 3754 3753
3663 3664 3755 3754
3664 3665 3756 3755
3665 3666 3757 3756
3666 3667 3758 3757
3667 3668 3759 3758
3668 3669 3760 3759
3669 3670 3761 3760
3670 3671 3762 3761
3671 3672 3763 3762
3672 3673 3764 3763
3673 3674 3765 3764
3674 3675 3766 3765
3675 3676 3767 3766
3676 3677 3768 3767
3677 3678 3769 3768
3678 3679 3770 3769
3679 3680 3771 3770
3680 3681 3772 3771
3681 3682 3773 3772
3682 3683 3774 3773
3683 3684 3775 3774
3684 3685 3776 3775
3685 3686 3777 3776
3686 3687 3778 3777
3687 3688 3779 3778
3688 3689 3780 3779
3689 3690 3781 3780
3690 3691 3782 3781
3691 3692 3783 3782
3692 3693 3784 3783
3693 3694 3785 3784
3694 3695 3786 3785
3695 3696 3787 3786
3696 3697 3788 3787
3697 3698 3789 3788
3698 3699 3790 3789
3699 3700 3791 3790
3700 3701 3792 3791
3701 3702 3793 3792
3702 3703 3794 3793
3703 3704 3795 3794
3704 3705 3796 3795
3705 3706 3797 3796
3706 3707 3798 3797
3707 3708 3799 3798
3708 3709 3800 3799
3709 3710 3801 3800
3710 3711 3802 3801
3711 3712 3803 3802
3712 3713 3804 3803
3713 3714 3805 3804
3714 3715 3806 3805
3715 3716 3807 3806
3716 3717 3808 3807
3717 3718 3809 3808
3718 3719 3810 3809
3719 3720 3811 3810
3720 3721 3812 3811
3721 3722 3813 3812
3722 3723 3814 3813
3723 3724 3815 3814
3724 3725 3816 3815
3725 3726 3817 3816
3726 3727 3818 3817
3727 3728 3819 3818
3728 3729 3820 3819
3729 3730 3821 3820
3730 3731 3822 3821
3732 3733 3824 3823
3733 3734 3825 3824
3734 3735 3826 3825
3735 3736 3827 3826
3736 3737 3828 3827
3737 3738 3829 3828
3738 3739 3830 3829
3739 3740 3831 3830
3740 3741 3832 3831
3741 3742 3833 3832
3742 3743 3834 3833
3743 3744 3835 3834
3744 3745 3836 3835
3745 3746 3837 3836
3746 3747 3838 3837
3747 3748 3839 3838
3748 3749 3840 3839
3749 3750 3841 3840
3750 3751 3842 3841
3751 3752 3843 3842
3752 3753 3844 3843
3753 3754 3845 3844
3754 3755 3846 3845
3755 3756 3847 3846
3756 3757 3848 3847
3757 3758 3849 3848
3758 3759 3850 3849
3759 3760 3851 3850
3760 3761 3852 3851
3761 3762 3853 3852
3762 3763 3854 3853
3763 3764 3855 3854
3764 3765 3856 3855
3765 3766 3857 3856
3766 3767 3858 3857
3767 3768 3859 3858
3768 3769 3860 3859
3769 3770 3861 3860
3770 3771 3862 3861
3771 3772 3863 3862
3772 3773 3864 3863
3773 3774 3865 3864
3774 3775 3866 3865
3775 3776 3867 3866
3776 3777 3868 3867
3777 3778 3869 3868
3778 3779 3870 3869
3779 3780 3871 3870
3780 3781 3872 3871
3781 3782 3873 3872
3782 3783 3874 3873
3783 3784 3875 3874
3784 3785 3876 3875
3785 3786 3877 3876
3786 3787 3878 3877
3787 3788 3879 3878
3788 3789 3880 3879
3789 3790 3881 3880
3790 3791 3882 3881
3791 3792 3883 3882
3792 3793 3884 3883
3793 3794 3885 3884
3794 3795 3886 3885
3795 3796 3887 3886
3796 3797 3888 3887
3797 3798 3889 3888
3798 3799 3890 3889
3799 3800 3891 3890
3800 3801 3892 3891
3801 3802 3893 3892
3802 3803 3894 3893
3803 3804 3895 3894
3804 3805 3896 3895
3805 3806 3897 3896
3806 3807 3898 3897
3807 3808 3899 3898
3808 3809 3900 3899
3809 3810 3901 3900
3810 3811 3902 3901
3811 3812 3903 3902
3812 3813 3904 3903
3813 3814 3905 3904
3814 3815 3906 3905
3815 3816 3907 3906
3816 3817 3908 3907
3817 3818 3909 3908
3818 3819 3910 3909
3819 3820 3911 3910
3820 3821 3912 3911
3821 3822 3913 3912
3823 3824 3915 3914
3824 3825 3916 3915
3825 3826 3917 3916
3826 3827 3918 3917
3827 3828 3919 3918
3828 3829 3920 3919
3829 3830 3921 3920
3830 3831 3922 3921
3831 3832 3923 3922
3832 3833 3924 3923
3833 3834 3925 3924
3834 3835 3926 3925
3835 3836 3927 3926
3836 3837 3928 3927
3837 3838 3929 3928
3838 3839 3930 3929
3839 3840 3931 3930
3840 3841 3932 3931
3841 3842 3933 3932
3842 3843 3934 3933
3843 3844 3935 3934
3844 3845 3936 3935
3845 3846 3937 3936
3846 3847 3938 3937
3847 3848 3939 3938
3848 3849 3940 3939
3849 3850 3941 3940
3850 3851 3942 3941
3851 3852 3943 3942
3852 3853 3944 3943
3853 3854 3945 3944
3854 3855 3946 3945
3855 3856 3947 3946
3856 3857 3948 3947
3857 3858 3949 3948
3858 3859 3950 3949
3859 3860 3951 3950
3860 3861 3952 3951
3861 3862 3953 3952
3862 3863 3954 3953
3863 3864 3955 3954
3864 3865 3956 3955
3865 3866 3957 3956
3866 3867 3958 3957
3867 3868 3959 3958
3868 3869 3960 3959
3869 3870 3961 3960
3870 3871 3962 3961
3871 3872 3963 3962
3872 3873 3964 3963
3873 3874 3965 3964
3874 3875 3966 3965
3875 3876 3967 3966
3876 3877 3968 3967
3877 3878 3969 3968
3878 3879 3970 3969
3879 3880 3971 3970
3880 3881 3972 3971
3881 3882 3973 3972
3882 3883 3974 3973
3883 3884 3975 3974
3884 3885 3976 3975
3885 3886 3977 3976
3886 3887 3978 3977
3887 3888 3979 3978
3888 3889 3980 3979
3889 3890 3981 3980
3890 3891 3982 3981
3891 3892 3983 3982
3892 3893 3984 3983
3893 3894 3985 3984
3894 3895 3986 3985
3895 3896 3987 3986
3896 3897 3988 3987
3897 3898 3989 3988
3898 3899 3990 3989
3899 3900 3991 3990
3900 3901 3992 3991
3901 3902 3993 3992
3902 3903 3994 3993
3903 3904 3995 3994
3904 3905 3996 3995
3905 3906 3997 3996
3906 3907 3998 3997
3907 3908 3999 3998
3908 3909 4000 3999
3909 3910 4001 4000
3910 3911 4002 4001
3911 3912 4003 4002
3912 3913 4004 4003
3914 3915 4006 4005
3915 3916 4007 4006
3916 3917 4008 4007
3917 3918 4009 4008
3918 3919 4010 4009
3919 3920 4011 4010
3920 3921 4012 4011
3921 3922 4013 4012
3922 3923 4014 4013
3923 3924 4015 4014
3924 3925 4016 4015
3925 3926 4017 4016
3926 3927 4018 4017
3927 3928 4019 4018
3928 3929 4020 4019
3929 3930 4021 4020
3930 3931 4022 4021
3931 3932 4023 4022
3932 3933 4024 4023
3933 3934 4025 4024
3934 3935 4026 4025
3935 3936 4027 4026
3936 3937 4028 4027
3937 3938 4029 4028
3938 3939 4030 4029
3939 3940 4031 4030
3940 3941 4032 4031
3941 3942 4033 4032
3942 3943 4034 4033
3943 3944 4035 4034
3944 3945 4036 4035
3945 3946 4037 4036
3946 3947 4038 4037
3947 3948 4039 4038
3948 3949 4040 4039
3949 3950 4041 4040
3950 3951 4042 4041
3951 3952 4043 4042
3952 3953 4044 4043
3953 3954 4045 4044
3954 3955 4046 4045
3955 3956 4047 4046
3956 3957 4048 4047
3957 3958 4049 4048
3958 3959 4050 4049
3959 3960 4051 4050
3960 3961 4052 4051
3961 3962 4053 4052
3962 3963 4054 4053
3963 3964 4055 4054
3964 3965 4056 4055
3965 3966 4057 4056
3966 3967 4058 4057
3967 3968 4059 4058
3968 3969 4060 4059
3969 3970 4061 4060
3970 3971 4062 4061
3971 3972 4063 4062
3972 3973 4064 4063
3973 3974 4065 4064
3974 3975 4066 4065
3975 3976 4067 4066
3976 3977 4068 4067
3977 3978 4069 4068
3978 3979 4070 4069
3979 3980 4071 4070
3980 3981 4072 4071
3981 3982 4073 4072
3982 3983 4074 4073
3983 3984 4075 4074
3984 3985 4076 4075
3985 3986 4077 4076
3986 3987 4078 4077
3987 3988 4079 4078
3988 3989 4080 4079
3989 3990 4081 4080
3990 3991 4082 4081
3991 3992 4083 4082
3992 3993 4084 4083
3993 3994 4085 4084
3994 3995 4086 4085
3995 3996 4087 4086
3996 3997 4088 4087
3997 3998 4089 4088
3998 3999 4090 4089
3999 4000 4091 4090
4000 4001 4092 4091
4001 4002 4093 4092
4002 4003 4094 4093
4003 4004 4095 4094
4005 4006 4097 4096
4006 4007 4098 4097
4007 4008 4099 4098
4008 4009 4100 4099
4009 4010 4101 4100
4010 4011 4102 4101
4011 4012 4103 4102
4012 4013 4104 4103
4013 4014 4105 4104
4014 4015 4106 4105
4015 4016 4107 4106
4016 4017 4108 4107
4017 4018 4109 4108
4018 4019 4110 4109
4019 4020 4111 4110
4020 4021 4112 4111
4021 4022 4113 4112
4022 4023 4114 4113
4023 4024 4115 4114
4024 4025 4116 4115
4025 4026 4117 4116
4026 4027 4118 4117
4027 4028 4119 4118
4028 4029 4120 4119
4029 4030 4121 4120
4030 4031 4122 4121
4031 4032 4123 4122
4032 4033 4124 4123
4033 4034 4125 4124
4034 4035 4126 4125
4035 4036 4127 4126
4036 4037 4128 4127
4037 4038 4129 4128
4038 4039 4130 4129
4039 4040 4131 4130
4040 4041 4132 4131
4041 4042 4133 4132
4042 4043 4134 4133
4043 4044 4135 4134
4044 4045 4136 4135
4045 4046 4137 4136
4046 4047 4138 4137
4047 4048 4139 4138
4048 4049 4140 4139
4049 4050 4141 4140
4050 4051 4142 4141
4051 4052 4143 4142
4052 4053 4144 4143
4053 4054 4145 4144
4054 4055 4146 4145
4055 4056 4147 4146
4056 4057 4148 4147
4057 4058 4149 4148
4058 4059 4150 4149
4059 4060 4151 4150
4060 4061 4152 4151
4061 4062 4153 4152
4062 4063 4154 4153
4063 4064 4155 4154
4064 4065 4156 4155
4065 4066 4157 4156
4066 4067 4158 4157
4067 4068 4159 4158
4068 4069 4160 4159
4069 4070 4161 4160
4070 4071 4162 4161
4071 4072 4163 4162
4072 4073 4164 4163
4073 4074 4165 4164
4074 4075 4166 4165
4075 4076 4167 4166
4076 4077 4168 4167
4077 4078 4169 4168
4078 4079 4170 4169
4079 4080 4171 4170
4080 4081 4172 4171
4081 4082 4173 4172
4082 4083 4174 4173
4083 4084 4175 4174
4084 4085 4176 4175
4085 4086 4177 4176
4086 4087 4178 4177
4087 4088 4179 4178
4088 4089 4180 4179
4089 4090 4181 4180
4090 4091 4182 4181
4091 4092 4183 4182
4092 4093 4184 4183
4093 4094 4185 4184
4094 4095 4186 4185
