TITLE = "DT cycle-start spatial average"
VARIABLES = "step", "wallTime", "targetCycle", "runTime", "runCyc", "NeAve", "NiAve", "EeAve"
ZONE T="Average_phase0", F=POINT
0	0.00000000	0	0.00000000e+00	0.00000000	1.00000000e+14	1.00000000e+14	2.40315765e-05
100	118.33746818	1	7.37463127e-08	1.00000000	9.72143489e+13	1.46172119e+14	1.08636902e-04
200	234.72445401	2	1.47492625e-07	2.00000000	1.29988976e+14	2.01330642e+14	1.58633531e-04
300	351.50103802	3	2.21238938e-07	3.00000000	1.70116486e+14	2.57848070e+14	2.06108162e-04
400	468.06251997	4	2.94985251e-07	4.00000000	2.11009837e+14	3.11160129e+14	2.50189744e-04
500	584.46613046	5	3.68731563e-07	5.00000000	2.50821779e+14	3.60465735e+14	2.92535910e-04
600	701.33925669	6	4.42477876e-07	6.00000000	2.89425614e+14	4.06434934e+14	3.33427481e-04
700	818.29654383	7	5.16224189e-07	7.00000000	3.26910890e+14	4.49803100e+14	3.73096006e-04
800	935.58327818	8	5.89970501e-07	8.00000000	3.63361162e+14	4.91117046e+14	4.11552384e-04
900	1052.98050362	9	6.63716814e-07	9.00000000	3.98860534e+14	5.30774455e+14	4.48832656e-04
1000	1170.28079804	10	7.37463127e-07	10.00000000	4.33478693e+14	5.69049852e+14	4.84987925e-04
1100	1287.44862456	11	8.11209440e-07	11.00000000	4.67275940e+14	6.06135065e+14	5.20083681e-04
1200	1403.83161825	12	8.84955752e-07	12.00000000	5.00291105e+14	6.42155547e+14	5.54173429e-04
1300	1519.96625354	13	9.58702065e-07	13.00000000	5.32545752e+14	6.77189942e+14	5.87291004e-04
1400	1636.11392119	14	1.03244838e-06	14.00000000	5.64047222e+14	7.11286303e+14	6.19461491e-04
1500	1752.31025289	15	1.10619469e-06	15.00000000	5.94801230e+14	7.44480469e+14	6.50713432e-04
1600	1869.60983812	16	1.17994100e-06	16.00000000	6.24815887e+14	7.76803038e+14	6.81062112e-04
1700	1987.09555861	17	1.25368732e-06	17.00000000	6.54102481e+14	8.08283311e+14	7.10530926e-04
1800	2104.33923204	18	1.32743363e-06	18.00000000	6.82676535e+14	8.38951497e+14	7.39154759e-04
1900	2220.93739581	19	1.40117994e-06	19.00000000	7.10556729e+14	8.68837998e+14	7.66972986e-04
2000	2337.76605896	20	1.47492625e-06	20.00000000	7.37767016e+14	8.97976398e+14	7.94021101e-04
2100	2455.30501207	21	1.54867257e-06	21.00000000	7.64334654e+14	9.26401929e+14	8.20330537e-04
2200	2572.82919770	22	1.62241888e-06	22.00000000	7.90286340e+14	9.54148164e+14	8.45937490e-04
2300	2690.30498919	23	1.69616519e-06	23.00000000	8.15648416e+14	9.81247166e+14	8.70878393e-04
2400	2807.77566223	24	1.76991150e-06	24.00000000	8.40444099e+14	1.00772650e+15	8.95187366e-04
2500	2925.02822843	25	1.84365782e-06	25.00000000	8.64688598e+14	1.03360551e+15	9.18889884e-04
2600	3041.65695122	26	1.91740413e-06	26.00000000	8.88392772e+14	1.05889874e+15	9.42006873e-04
2700	3158.25272477	27	1.99115044e-06	27.00000000	9.11567451e+14	1.08362014e+15	9.64557949e-04
2800	3275.04887911	28	2.06489676e-06	28.00000000	9.34224398e+14	1.10778426e+15	9.86558363e-04
2900	3392.44725644	29	2.13864307e-06	29.00000000	9.56379214e+14	1.13140901e+15	1.00801657e-03
3000	3509.69883989	30	2.21238938e-06	30.00000000	9.78048142e+14	1.15451269e+15	1.02894741e-03
3100	3626.98845238	31	2.28613569e-06	31.00000000	9.99248409e+14	1.17711430e+15	1.04936668e-03
3200	3744.57066851	32	2.35988201e-06	32.00000000	1.01999243e+15	1.19922808e+15	1.06929491e-03
3300	3862.03692111	33	2.43362832e-06	33.00000000	1.04029109e+15	1.22086607e+15	1.08875337e-03
3400	3979.41071608	34	2.50737463e-06	34.00000000	1.06015712e+15	1.24204221e+15	1.10775795e-03
3500	4096.62441642	35	2.58112094e-06	35.00000000	1.07960385e+15	1.26277061e+15	1.12632725e-03
3600	4211.87622520	36	2.65486726e-06	36.00000000	1.09864322e+15	1.28306387e+15	1.14447304e-03
3700	4327.11988771	37	2.72861357e-06	37.00000000	1.11728809e+15	1.30293523e+15	1.16221165e-03
3800	4442.30777301	38	2.80235988e-06	38.00000000	1.13555038e+15	1.32239689e+15	1.17955750e-03
3900	4557.99997686	39	2.87610619e-06	39.00000000	1.15344082e+15	1.34145967e+15	1.19652260e-03
4000	4675.44698841	40	2.94985251e-06	40.00000000	1.17096943e+15	1.36013361e+15	1.21311820e-03
4100	4792.89949421	41	3.02359882e-06	41.00000000	1.18814423e+15	1.37842665e+15	1.22935485e-03
4200	4910.25555081	42	3.09734513e-06	42.00000000	1.20497410e+15	1.39634753e+15	1.24524301e-03
4300	5027.65811271	43	3.17109145e-06	43.00000000	1.22146786e+15	1.41390484e+15	1.26079243e-03
4400	5144.93556151	44	3.24483776e-06	44.00000000	1.23763262e+15	1.43110556e+15	1.27601324e-03
4500	5262.11846100	45	3.31858407e-06	45.00000000	1.25347599e+15	1.44795710e+15	1.29091177e-03
4600	5378.54351437	46	3.39233038e-06	46.00000000	1.26900620e+15	1.46446756e+15	1.30549236e-03
4700	5495.14249628	47	3.46607670e-06	47.00000000	1.28423077e+15	1.48064447e+15	1.31976273e-03
4800	5612.35048482	48	3.53982301e-06	48.00000000	1.29915728e+15	1.49649533e+15	1.33372855e-03
4900	5729.55640753	49	3.61356932e-06	49.00000000	1.31379278e+15	1.51202729e+15	1.34739773e-03
5000	5846.49615703	50	3.68731563e-06	50.00000000	1.32814528e+15	1.52724860e+15	1.36077930e-03
5100	5963.78726050	51	3.76106195e-06	51.00000000	1.34222130e+15	1.54216603e+15	1.37388357e-03
5200	6080.71474787	52	3.83480826e-06	52.00000000	1.35602706e+15	1.55678618e+15	1.38671758e-03
5300	6197.51683699	53	3.90855457e-06	53.00000000	1.36957002e+15	1.57111693e+15	1.39928622e-03
5400	6314.85742156	54	3.98230088e-06	54.00000000	1.38285692e+15	1.58516558e+15	1.41159801e-03
5500	6431.93960727	55	4.05604720e-06	55.00000000	1.39589319e+15	1.59893806e+15	1.42365940e-03
5600	6548.97751054	56	4.12979351e-06	56.00000000	1.40868630e+15	1.61244239e+15	1.43547684e-03
5700	6665.85603990	57	4.20353982e-06	57.00000000	1.42124181e+15	1.62568488e+15	1.44705857e-03
5800	6782.11233073	58	4.27728614e-06	58.00000000	1.43356566e+15	1.63867206e+15	1.45841056e-03
5900	6898.32666868	59	4.35103245e-06	59.00000000	1.44566304e+15	1.65140982e+15	1.46953792e-03
6000	7014.56268600	60	4.42477876e-06	60.00000000	1.45753886e+15	1.66390373e+15	1.48044575e-03
6100	7130.79073000	61	4.49852507e-06	61.00000000	1.46919860e+15	1.67615991e+15	1.49114041e-03
6200	7246.91762928	62	4.57227139e-06	62.00000000	1.48064689e+15	1.68818372e+15	1.50162611e-03
6300	7363.08348457	63	4.64601770e-06	63.00000000	1.49188787e+15	1.69997995e+15	1.51190865e-03
6400	7479.32165200	64	4.71976401e-06	64.00000000	1.50292690e+15	1.71155461e+15	1.52199234e-03
6500	7594.25795861	65	4.79351032e-06	65.00000000	1.51376862e+15	1.72291296e+15	1.53188173e-03
6600	7710.07312944	66	4.86725664e-06	66.00000000	1.52441723e+15	1.73405992e+15	1.54158313e-03
6700	7825.95259677	67	4.94100295e-06	67.00000000	1.53487678e+15	1.74500012e+15	1.55110070e-03
6800	7941.02564858	68	5.01474926e-06	68.00000000	1.54515095e+15	1.75573783e+15	1.56043831e-03
6900	8055.54814140	69	5.08849558e-06	69.00000000	1.55524344e+15	1.76627733e+15	1.56960071e-03
7000	8170.05402143	70	5.16224189e-06	70.00000000	1.56515918e+15	1.77662391e+15	1.57859234e-03
7100	8284.68964256	71	5.23598820e-06	71.00000000	1.57490150e+15	1.78678180e+15	1.58741753e-03
7200	8400.71228530	72	5.30973451e-06	72.00000000	1.58447313e+15	1.79675428e+15	1.59607871e-03
7300	8516.50647563	73	5.38348083e-06	73.00000000	1.59387839e+15	1.80654617e+15	1.60457889e-03
7400	8631.94576804	74	5.45722714e-06	74.00000000	1.60312026e+15	1.81616095e+15	1.61292315e-03
7500	8747.36468697	75	5.53097345e-06	75.00000000	1.61220201e+15	1.82560242e+15	1.62111423e-03
7600	8862.75785408	76	5.60471976e-06	76.00000000	1.62112809e+15	1.83487536e+15	1.62915634e-03
7700	8979.68173845	77	5.67846608e-06	77.00000000	1.62990140e+15	1.84398316e+15	1.63705222e-03
7800	9097.72687514	78	5.75221239e-06	78.00000000	1.63852465e+15	1.85292902e+15	1.64480607e-03
7900	9215.72218640	79	5.82595870e-06	79.00000000	1.64700102e+15	1.86171658e+15	1.65242109e-03
8000	9332.73941604	80	5.89970501e-06	80.00000000	1.65533399e+15	1.87034973e+15	1.65990100e-03
8100	9449.66576703	81	5.97345133e-06	81.00000000	1.66352589e+15	1.87883124e+15	1.66724852e-03
8200	9566.51023941	82	6.04719764e-06	82.00000000	1.67158022e+15	1.88716499e+15	1.67446604e-03
8300	9683.27330615	83	6.12094395e-06	83.00000000	1.67949975e+15	1.89535414e+15	1.68155768e-03
8400	9800.77896653	84	6.19469027e-06	84.00000000	1.68728783e+15	1.90340242e+15	1.68852613e-03
8500	9918.53091049	85	6.26843658e-06	85.00000000	1.69494725e+15	1.91131299e+15	1.69537402e-03
8600	10035.94023699	86	6.34218289e-06	86.00000000	1.70248113e+15	1.91908932e+15	1.70210502e-03
8700	10152.89166686	87	6.41592920e-06	87.00000000	1.70989171e+15	1.92673394e+15	1.70872142e-03
8800	10269.75222671	88	6.48967552e-06	88.00000000	1.71718118e+15	1.93424939e+15	1.71522683e-03
8900	10386.63716465	89	6.56342183e-06	89.00000000	1.72435242e+15	1.94163884e+15	1.72162169e-03
9000	10503.56918962	90	6.63716814e-06	90.00000000	1.73140858e+15	1.94890577e+15	1.72790763e-03
9100	10620.44469507	91	6.71091445e-06	91.00000000	1.73835120e+15	1.95605200e+15	1.73408736e-03
9200	10737.27726612	92	6.78466077e-06	92.00000000	1.74518245e+15	1.96307996e+15	1.74016219e-03
9300	10854.09364164	93	6.85840708e-06	93.00000000	1.75190533e+15	1.96999289e+15	1.74613523e-03
9400	10970.86556863	94	6.93215339e-06	94.00000000	1.75852186e+15	1.97679307e+15	1.75200936e-03
9500	11087.66285814	95	7.00589971e-06	95.00000000	1.76503345e+15	1.98348218e+15	1.75778557e-03
9600	11205.17714776	96	7.07964602e-06	96.00000000	1.77144292e+15	1.99006313e+15	1.76346680e-03
9700	11322.70229615	97	7.15339233e-06	97.00000000	1.77775284e+15	1.99653880e+15	1.76905477e-03
9800	11440.22778632	98	7.22713864e-06	98.00000000	1.78396456e+15	2.00291075e+15	1.77455223e-03
9900	11557.91705901	99	7.30088496e-06	99.00000000	1.79007927e+15	2.00918038e+15	1.77996106e-03
10000	11675.64183401	100	7.37463127e-06	100.00000000	1.79609940e+15	2.01535031e+15	1.78528299e-03
10100	11793.37301683	101	7.44837758e-06	101.00000000	1.80202710e+15	2.02142292e+15	1.79051881e-03
10200	11911.17680788	102	7.52212389e-06	102.00000000	1.80786386e+15	2.02739990e+15	1.79567118e-03
10300	12028.93250155	103	7.59587021e-06	103.00000000	1.81361155e+15	2.03328318e+15	1.80074181e-03
10400	12146.40960136	104	7.66961652e-06	104.00000000	1.81927229e+15	2.03907508e+15	1.80573211e-03
10500	12263.83211162	105	7.74336283e-06	105.00000000	1.82484769e+15	2.04477738e+15	1.81064447e-03
10600	12380.87431352	106	7.81710914e-06	106.00000000	1.83033914e+15	2.05039162e+15	1.81547985e-03
10700	12497.28253732	107	7.89085546e-06	107.00000000	1.83574863e+15	2.05591996e+15	1.82023957e-03
10800	12613.67566964	108	7.96460177e-06	108.00000000	1.84107772e+15	2.06136411e+15	1.82492547e-03
10900	12730.00355591	109	8.03834808e-06	109.00000000	1.84632697e+15	2.06672474e+15	1.82954041e-03
11000	12845.98137983	110	8.11209440e-06	110.00000000	1.85149796e+15	2.07200357e+15	1.83408432e-03
11100	12962.02927813	111	8.18584071e-06	111.00000000	1.85659299e+15	2.07720300e+15	1.83855735e-03
11200	13078.47677371	112	8.25958702e-06	112.00000000	1.86161335e+15	2.08232442e+15	1.84296245e-03
11300	13195.65932700	113	8.33333333e-06	113.00000000	1.86656115e+15	2.08737009e+15	1.84730113e-03
11400	13312.83527327	114	8.40707965e-06	114.00000000	1.87143793e+15	2.09234165e+15	1.85157456e-03
11500	13430.03157115	115	8.48082596e-06	115.00000000	1.87624493e+15	2.09724046e+15	1.85578503e-03
11600	13547.24836784	116	8.55457227e-06	116.00000000	1.88098369e+15	2.10206813e+15	1.85993353e-03
11700	13664.23963596	117	8.62831858e-06	117.00000000	1.88565548e+15	2.10682605e+15	1.86402185e-03
11800	13780.65374969	118	8.70206490e-06	118.00000000	1.89026182e+15	2.11151583e+15	1.86805009e-03
11900	13897.11217627	119	8.77581121e-06	119.00000000	1.89480418e+15	2.11613904e+15	1.87202041e-03
12000	14013.57568864	120	8.84955752e-06	120.00000000	1.89928436e+15	2.12069759e+15	1.87593405e-03
12100	14129.74733931	121	8.92330383e-06	121.00000000	1.90370365e+15	2.12519279e+15	1.87979149e-03
12200	14245.53797638	122	8.99705015e-06	122.00000000	1.90806267e+15	2.12962538e+15	1.88359498e-03
12300	14361.37800503	123	9.07079646e-06	123.00000000	1.91236221e+15	2.13399623e+15	1.88734553e-03
12400	14477.17104468	124	9.14454277e-06	124.00000000	1.91660392e+15	2.13830704e+15	1.89104303e-03
12500	14593.04033746	125	9.21828909e-06	125.00000000	1.92078909e+15	2.14255918e+15	1.89468903e-03
12600	14708.90845776	126	9.29203540e-06	126.00000000	1.92491889e+15	2.14675390e+15	1.89828514e-03
12700	14824.58936337	127	9.36578171e-06	127.00000000	1.92899418e+15	2.15089212e+15	1.90183288e-03
12800	14940.20364776	128	9.43952802e-06	128.00000000	1.93301572e+15	2.15497467e+15	1.90533247e-03
12900	15055.50577106	129	9.51327434e-06	129.00000000	1.93698444e+15	2.15900254e+15	1.90878478e-03
13000	15170.81392307	130	9.58702065e-06	130.00000000	1.94090132e+15	2.16297679e+15	1.91219008e-03
13100	15286.27744387	131	9.66076696e-06	131.00000000	1.94476795e+15	2.16689903e+15	1.91554908e-03
13200	15402.04324180	132	9.73451327e-06	132.00000000	1.94858499e+15	2.17076999e+15	1.91886320e-03
13300	15517.57795314	133	9.80825959e-06	133.00000000	1.95235275e+15	2.17459003e+15	1.92213428e-03
13400	15632.58726365	134	9.88200590e-06	134.00000000	1.95607247e+15	2.17836044e+15	1.92536221e-03
13500	15747.66334565	135	9.95575221e-06	135.00000000	1.95974523e+15	2.18208239e+15	1.92854757e-03
13600	15862.95200969	136	1.00294985e-05	136.00000000	1.96337200e+15	2.18575683e+15	1.93169136e-03
13700	15978.82079015	137	1.01032448e-05	137.00000000	1.96695349e+15	2.18938456e+15	1.93479447e-03
13800	16095.10360116	138	1.01769912e-05	138.00000000	1.97049051e+15	2.19296642e+15	1.93785798e-03
13900	16211.00436056	139	1.02507375e-05	139.00000000	1.97398363e+15	2.19650300e+15	1.94088305e-03
14000	16326.60967091	140	1.03244838e-05	140.00000000	1.97743359e+15	2.19999516e+15	1.94386922e-03
14100	16442.17352715	141	1.03982301e-05	141.00000000	1.98084165e+15	2.20344409e+15	1.94681773e-03
14200	16557.25673576	142	1.04719764e-05	142.00000000	1.98420832e+15	2.20685038e+15	1.94972944e-03
14300	16671.52642920	143	1.05457227e-05	143.00000000	1.98753442e+15	2.21021487e+15	1.95260495e-03
14400	16785.83453915	144	1.06194690e-05	144.00000000	1.99082002e+15	2.21353776e+15	1.95544435e-03
14500	16900.47565160	145	1.06932153e-05	145.00000000	1.99406613e+15	2.21681994e+15	1.95824914e-03
14600	17015.14981345	146	1.07669617e-05	146.00000000	1.99727329e+15	2.22006199e+15	1.96101952e-03
14700	17129.79314483	147	1.08407080e-05	147.00000000	2.00044220e+15	2.22326468e+15	1.96375640e-03
14800	17245.51953210	148	1.09144543e-05	148.00000000	2.00357353e+15	2.22642876e+15	1.96645999e-03
14900	17361.36099813	149	1.09882006e-05	149.00000000	2.00666795e+15	2.22955501e+15	1.96913011e-03
15000	17477.13170243	150	1.10619469e-05	150.00000000	2.00972616e+15	2.23264412e+15	1.97176830e-03
15100	17592.79700323	151	1.11356932e-05	151.00000000	2.01274870e+15	2.23569662e+15	1.97437556e-03
15200	17708.20678527	152	1.12094395e-05	152.00000000	2.01573600e+15	2.23871300e+15	1.97695159e-03
15300	17822.62160089	153	1.12831858e-05	153.00000000	2.01868864e+15	2.24169385e+15	1.97949646e-03
15400	17936.75700137	154	1.13569322e-05	154.00000000	2.02160665e+15	2.24463921e+15	1.98201188e-03
15500	18050.86032002	155	1.14306785e-05	155.00000000	2.02449066e+15	2.24754975e+15	1.98449716e-03
15600	18165.03803245	156	1.15044248e-05	156.00000000	2.02734140e+15	2.25042619e+15	1.98695246e-03
15700	18280.50911290	157	1.15781711e-05	157.00000000	2.03015943e+15	2.25326913e+15	1.98937871e-03
15800	18396.19763718	158	1.16519174e-05	158.00000000	2.03294526e+15	2.25607913e+15	1.99177643e-03
15900	18511.69351999	159	1.17256637e-05	159.00000000	2.03569923e+15	2.25885652e+15	1.99414623e-03
16000	18627.14890003	160	1.17994100e-05	160.00000000	2.03842167e+15	2.26160167e+15	1.99648902e-03
16100	18742.62187444	161	1.18731563e-05	161.00000000	2.04111366e+15	2.26431567e+15	1.99880428e-03
16200	18858.25329761	162	1.19469027e-05	162.00000000	2.04377568e+15	2.26699904e+15	2.00109281e-03
16300	18973.93871721	163	1.20206490e-05	163.00000000	2.04640797e+15	2.26965201e+15	2.00335561e-03
16400	19089.56603259	164	1.20943953e-05	164.00000000	2.04901092e+15	2.27227500e+15	2.00559250e-03
16500	19205.36674916	165	1.21681416e-05	165.00000000	2.05158498e+15	2.27486849e+15	2.00780383e-03
16600	19321.09900733	166	1.22418879e-05	166.00000000	2.05413087e+15	2.27743322e+15	2.00999016e-03
16700	19436.86608808	167	1.23156342e-05	167.00000000	2.05664908e+15	2.27996969e+15	2.01215225e-03
16800	19552.62462642	168	1.23893805e-05	168.00000000	2.05914000e+15	2.28247829e+15	2.01429057e-03
16900	19667.50656731	169	1.24631268e-05	169.00000000	2.06160368e+15	2.28495912e+15	2.01640574e-03
17000	19782.18561758	170	1.25368732e-05	170.00000000	2.06404022e+15	2.28741227e+15	2.01849775e-03
17100	19897.91895027	171	1.26106195e-05	171.00000000	2.06645023e+15	2.28983836e+15	2.02056586e-03
17200	20013.67176177	172	1.26843658e-05	172.00000000	2.06883448e+15	2.29223818e+15	2.02261043e-03
17300	20129.41180173	173	1.27581121e-05	173.00000000	2.07119368e+15	2.29461246e+15	2.02463266e-03
17400	20245.25845643	174	1.28318584e-05	174.00000000	2.07352837e+15	2.29696177e+15	2.02663304e-03
17500	20361.24397049	175	1.29056047e-05	175.00000000	2.07583888e+15	2.29928643e+15	2.02861202e-03
17600	20477.27652424	176	1.29793510e-05	176.00000000	2.07812550e+15	2.30158677e+15	2.03057018e-03
17700	20593.30889669	177	1.30530973e-05	177.00000000	2.08038877e+15	2.30386331e+15	2.03250770e-03
17800	20709.41193840	178	1.31268437e-05	178.00000000	2.08262920e+15	2.30611659e+15	2.03442474e-03
17900	20825.44888280	179	1.32005900e-05	179.00000000	2.08484716e+15	2.30834701e+15	2.03632186e-03
18000	20941.50203039	180	1.32743363e-05	180.00000000	2.08704294e+15	2.31055484e+15	2.03819966e-03
18100	21057.56576957	181	1.33480826e-05	181.00000000	2.08921675e+15	2.31274031e+15	2.04005863e-03
18200	21173.63557610	182	1.34218289e-05	182.00000000	2.09136892e+15	2.31490378e+15	2.04189901e-03
18300	21289.66248288	183	1.34955752e-05	183.00000000	2.09350003e+15	2.31704584e+15	2.04372068e-03
18400	21405.56438059	184	1.35693215e-05	184.00000000	2.09561048e+15	2.31916687e+15	2.04552421e-03
18500	21521.50181333	185	1.36430678e-05	185.00000000	2.09770063e+15	2.32126728e+15	2.04730974e-03
18600	21637.41642182	186	1.37168142e-05	186.00000000	2.09977074e+15	2.32334731e+15	2.04907777e-03
18700	21752.78322857	187	1.37905605e-05	187.00000000	2.10182091e+15	2.32540707e+15	2.05082868e-03
18800	21867.80887086	188	1.38643068e-05	188.00000000	2.10385145e+15	2.32744689e+15	2.05256246e-03
18900	21982.85725432	189	1.39380531e-05	189.00000000	2.10586271e+15	2.32946713e+15	2.05427930e-03
19000	22098.07509661	190	1.40117994e-05	190.00000000	2.10785485e+15	2.33146794e+15	2.05597971e-03
19100	22214.04338649	191	1.40855457e-05	191.00000000	2.10982796e+15	2.33344946e+15	2.05766380e-03
19200	22329.97082961	192	1.41592920e-05	192.00000000	2.11178234e+15	2.33541196e+15	2.05933166e-03
19300	22445.52478432	193	1.42330383e-05	193.00000000	2.11371826e+15	2.33735572e+15	2.06098358e-03
19400	22561.15838745	194	1.43067847e-05	194.00000000	2.11563602e+15	2.33928107e+15	2.06261963e-03
19500	22676.81561128	195	1.43805310e-05	195.00000000	2.11753606e+15	2.34118844e+15	2.06423992e-03
19600	22792.46567186	196	1.44542773e-05	196.00000000	2.11941868e+15	2.34307814e+15	2.06584490e-03
19700	22908.06737781	197	1.45280236e-05	197.00000000	2.12128416e+15	2.34495046e+15	2.06743493e-03
19800	23023.67893310	198	1.46017699e-05	198.00000000	2.12313262e+15	2.34680553e+15	2.06901029e-03
19900	23139.20761328	199	1.46755162e-05	199.00000000	2.12496429e+15	2.34864360e+15	2.07057100e-03
20000	23254.78839941	200	1.47492625e-05	200.00000000	2.12677942e+15	2.35046490e+15	2.07211740e-03
20100	23370.17610898	201	1.48230088e-05	201.00000000	2.12857818e+15	2.35226960e+15	2.07364985e-03
20200	23485.45581912	202	1.48967552e-05	202.00000000	2.13036084e+15	2.35405801e+15	2.07516820e-03
20300	23600.68509534	203	1.49705015e-05	203.00000000	2.13212765e+15	2.35583038e+15	2.07667270e-03
20400	23715.94360748	204	1.50442478e-05	204.00000000	2.13387875e+15	2.35758683e+15	2.07816365e-03
20500	23831.48411537	205	1.51179941e-05	205.00000000	2.13561421e+15	2.35932746e+15	2.07964122e-03
20600	23947.25072231	206	1.51917404e-05	206.00000000	2.13733415e+15	2.36105237e+15	2.08110553e-03
20700	24063.03798678	207	1.52654867e-05	207.00000000	2.13903879e+15	2.36276181e+15	2.08255652e-03
20800	24178.40259378	208	1.53392330e-05	208.00000000	2.14072832e+15	2.36445597e+15	2.08399450e-03
20900	24293.52716882	209	1.54129794e-05	209.00000000	2.14240298e+15	2.36613509e+15	2.08541963e-03
21000	24408.67658202	210	1.54867257e-05	210.00000000	2.14406300e+15	2.36779939e+15	2.08683194e-03
21100	24523.79347908	211	1.55604720e-05	211.00000000	2.14570859e+15	2.36944910e+15	2.08823164e-03
21200	24639.57780232	212	1.56342183e-05	212.00000000	2.14733996e+15	2.37108443e+15	2.08961904e-03
21300	24755.44269291	213	1.57079646e-05	213.00000000	2.14895736e+15	2.37270564e+15	2.09099429e-03
21400	24871.24360936	214	1.57817109e-05	214.00000000	2.15056107e+15	2.37431301e+15	2.09235758e-03
21500	24987.06279699	215	1.58554572e-05	215.00000000	2.15215129e+15	2.37590675e+15	2.09370915e-03
21600	25102.38138216	216	1.59292035e-05	216.00000000	2.15372815e+15	2.37748699e+15	2.09504926e-03
21700	25217.58177649	217	1.60029499e-05	217.00000000	2.15529172e+15	2.37905380e+15	2.09637804e-03
21800	25332.76069021	218	1.60766962e-05	218.00000000	2.15684206e+15	2.38060725e+15	2.09769544e-03
21900	25447.97945668	219	1.61504425e-05	219.00000000	2.15837926e+15	2.38214744e+15	2.09900153e-03
22000	25563.11672575	220	1.62241888e-05	220.00000000	2.15990345e+15	2.38367449e+15	2.10029659e-03
22100	25678.71974781	221	1.62979351e-05	221.00000000	2.16141470e+15	2.38518849e+15	2.10158073e-03
22200	25794.52077476	222	1.63716814e-05	222.00000000	2.16291316e+15	2.38668959e+15	2.10285402e-03
22300	25910.57750884	223	1.64454277e-05	223.00000000	2.16439962e+15	2.38817836e+15	2.10411761e-03
22400	26026.69210084	224	1.65191740e-05	224.00000000	2.16587357e+15	2.38965470e+15	2.10536996e-03
22500	26142.68155184	225	1.65929204e-05	225.00000000	2.16733529e+15	2.39111878e+15	2.10661137e-03
22600	26258.53741207	226	1.66666667e-05	226.00000000	2.16878493e+15	2.39257071e+15	2.10784218e-03
22700	26374.27422976	227	1.67404130e-05	227.00000000	2.17022259e+15	2.39401057e+15	2.10906273e-03
22800	26489.94577860	228	1.68141593e-05	228.00000000	2.17164841e+15	2.39543850e+15	2.11027315e-03
22900	26605.60689471	229	1.68879056e-05	229.00000000	2.17306254e+15	2.39685463e+15	2.11147360e-03
23000	26721.24137186	230	1.69616519e-05	230.00000000	2.17446518e+15	2.39825917e+15	2.11266412e-03
23100	26836.89935599	231	1.70353982e-05	231.00000000	2.17585650e+15	2.39965230e+15	2.11384489e-03
23200	26952.57345324	232	1.71091445e-05	232.00000000	2.17723662e+15	2.40103414e+15	2.11501614e-03
23300	27067.79758387	233	1.71828909e-05	233.00000000	2.17860556e+15	2.40240471e+15	2.11617793e-03
23400	27182.88039667	234	1.72566372e-05	234.00000000	2.17996349e+15	2.40376417e+15	2.11733038e-03
23500	27297.99193493	235	1.73303835e-05	235.00000000	2.18131050e+15	2.40511263e+15	2.11847357e-03
23600	27412.98977869	236	1.74041298e-05	236.00000000	2.18264685e+15	2.40645034e+15	2.11960734e-03
23700	27528.48579626	237	1.74778761e-05	237.00000000	2.18397269e+15	2.40777747e+15	2.12073184e-03
23800	27644.16210792	238	1.75516224e-05	238.00000000	2.18528820e+15	2.40909419e+15	2.12184726e-03
23900	27759.86401117	239	1.76253687e-05	239.00000000	2.18659346e+15	2.41040059e+15	2.12295394e-03
24000	27875.58237039	240	1.76991150e-05	240.00000000	2.18788859e+15	2.41169678e+15	2.12405187e-03
24100	27991.26120585	241	1.77728614e-05	241.00000000	2.18917369e+15	2.41298288e+15	2.12514122e-03
24200	28106.97741165	242	1.78466077e-05	242.00000000	2.19044892e+15	2.41425905e+15	2.12622203e-03
24300	28222.57188403	243	1.79203540e-05	243.00000000	2.19171448e+15	2.41552549e+15	2.12729444e-03
24400	28338.11709615	244	1.79941003e-05	244.00000000	2.19297048e+15	2.41678229e+15	2.12835866e-03
24500	28453.68180448	245	1.80678466e-05	245.00000000	2.19421701e+15	2.41802956e+15	2.12941489e-03
24600	28569.36273742	246	1.81415929e-05	246.00000000	2.19545417e+15	2.41926740e+15	2.13046315e-03
24700	28685.02161589	247	1.82153392e-05	247.00000000	2.19668197e+15	2.42049583e+15	2.13150358e-03
24800	28799.80625239	248	1.82890855e-05	248.00000000	2.19790054e+15	2.42171497e+15	2.13253615e-03
24900	28914.25325348	249	1.83628319e-05	249.00000000	2.19910997e+15	2.42292492e+15	2.13356083e-03
25000	29028.71898973	250	1.84365782e-05	250.00000000	2.20031039e+15	2.42412581e+15	2.13457771e-03
25100	29143.22423866	251	1.85103245e-05	251.00000000	2.20150187e+15	2.42531771e+15	2.13558701e-03
25200	29257.86895058	252	1.85840708e-05	252.00000000	2.20268443e+15	2.42650063e+15	2.13658888e-03
25300	29372.95871053	253	1.86578171e-05	253.00000000	2.20385816e+15	2.42767467e+15	2.13758329e-03
25400	29488.10545114	254	1.87315634e-05	254.00000000	2.20502314e+15	2.42883992e+15	2.13857026e-03
25500	29603.22489640	255	1.88053097e-05	255.00000000	2.20617950e+15	2.42999650e+15	2.13954976e-03
25600	29718.46833250	256	1.88790560e-05	256.00000000	2.20732733e+15	2.43114451e+15	2.14052195e-03
25700	29834.10207635	257	1.89528024e-05	257.00000000	2.20846673e+15	2.43228405e+15	2.14148692e-03
25800	29949.80771353	258	1.90265487e-05	258.00000000	2.20959776e+15	2.43341517e+15	2.14244478e-03
25900	30065.51861640	259	1.91002950e-05	259.00000000	2.21072045e+15	2.43453791e+15	2.14339560e-03
26000	30181.23527982	260	1.91740413e-05	260.00000000	2.21183500e+15	2.43565247e+15	2.14433936e-03
26100	30296.96721039	261	1.92477876e-05	261.00000000	2.21294155e+15	2.43675899e+15	2.14527614e-03
26200	30412.71611668	262	1.93215339e-05	262.00000000	2.21404023e+15	2.43785760e+15	2.14620605e-03
26300	30528.47675471	263	1.93952802e-05	263.00000000	2.21513116e+15	2.43894842e+15	2.14712938e-03
26400	30644.23571075	264	1.94690265e-05	264.00000000	2.21621440e+15	2.44003151e+15	2.14804621e-03
26500	30759.99576262	265	1.95427729e-05	265.00000000	2.21729001e+15	2.44110694e+15	2.14895657e-03
26600	30875.72835301	266	1.96165192e-05	266.00000000	2.21835807e+15	2.44217478e+15	2.14986049e-03
26700	30991.40188847	267	1.96902655e-05	267.00000000	2.21941864e+15	2.44323511e+15	2.15075804e-03
26800	31107.21099552	268	1.97640118e-05	268.00000000	2.22047179e+15	2.44428798e+15	2.15164933e-03
26900	31223.04096389	269	1.98377581e-05	269.00000000	2.22151756e+15	2.44533344e+15	2.15253431e-03
27000	31338.84217949	270	1.99115044e-05	270.00000000	2.22255602e+15	2.44637156e+15	2.15341310e-03
27100	31454.63956530	271	1.99852507e-05	271.00000000	2.22358720e+15	2.44740237e+15	2.15428574e-03
27200	31570.39709423	272	2.00589971e-05	272.00000000	2.22461113e+15	2.44842591e+15	2.15515228e-03
27300	31686.24745360	273	2.01327434e-05	273.00000000	2.22562781e+15	2.44944218e+15	2.15601273e-03
27400	31802.00067379	274	2.02064897e-05	274.00000000	2.22663728e+15	2.45045121e+15	2.15686713e-03
27500	31917.80661001	275	2.02802360e-05	275.00000000	2.22763957e+15	2.45145303e+15	2.15771548e-03
27600	32033.55355610	276	2.03539823e-05	276.00000000	2.22863480e+15	2.45244776e+15	2.15855769e-03
27700	32149.26145687	277	2.04277286e-05	277.00000000	2.22962302e+15	2.45343546e+15	2.15939399e-03
27800	32264.96951287	278	2.05014749e-05	278.00000000	2.23060429e+15	2.45441620e+15	2.16022442e-03
27900	32380.70762087	279	2.05752212e-05	279.00000000	2.23157871e+15	2.45539006e+15	2.16104901e-03
28000	32496.46814576	280	2.06489676e-05	280.00000000	2.23254637e+15	2.45635713e+15	2.16186785e-03
28100	32612.18010630	281	2.07227139e-05	281.00000000	2.23350733e+15	2.45731748e+15	2.16268115e-03
28200	32727.94810282	282	2.07964602e-05	282.00000000	2.23446167e+15	2.45827120e+15	2.16348881e-03
28300	32843.72634882	283	2.08702065e-05	283.00000000	2.23540945e+15	2.45921833e+15	2.16429096e-03
28400	32959.51489939	284	2.09439528e-05	284.00000000	2.23635071e+15	2.46015893e+15	2.16508763e-03
28500	33075.30033354	285	2.10176991e-05	285.00000000	2.23728549e+15	2.46109302e+15	2.16587885e-03
28600	33191.08097359	286	2.10914454e-05	286.00000000	2.23821290e+15	2.46202005e+15	2.16666142e-03
28700	33306.89092722	287	2.11651917e-05	287.00000000	2.23913303e+15	2.46293989e+15	2.16743678e-03
28800	33422.92749978	288	2.12389381e-05	288.00000000	2.24004591e+15	2.46385250e+15	2.16820495e-03
28900	33538.69357100	289	2.13126844e-05	289.00000000	2.24095261e+15	2.46475857e+15	2.16896989e-03
29000	33654.49884782	290	2.13864307e-05	290.00000000	2.24185225e+15	2.46565780e+15	2.16972682e-03
29100	33770.36893618	291	2.14601770e-05	291.00000000	2.24274503e+15	2.46655022e+15	2.17047752e-03
29200	33886.23622828	292	2.15339233e-05	292.00000000	2.24363197e+15	2.46743646e+15	2.17122516e-03
29300	34002.08308550	293	2.16076696e-05	293.00000000	2.24451211e+15	2.46831614e+15	2.17196490e-03
29400	34117.39663546	294	2.16814159e-05	294.00000000	2.24538656e+15	2.46918982e+15	2.17270196e-03
29500	34232.56138095	295	2.17551622e-05	295.00000000	2.24625445e+15	2.47005718e+15	2.17343131e-03
29600	34347.72736278	296	2.18289086e-05	296.00000000	2.24711675e+15	2.47091864e+15	2.17415787e-03
29700	34462.89561514	297	2.19026549e-05	297.00000000	2.24797244e+15	2.47177379e+15	2.17487646e-03
29800	34578.53089410	298	2.19764012e-05	298.00000000	2.24882267e+15	2.47262313e+15	2.17559251e-03
29900	34694.44150694	299	2.20501475e-05	299.00000000	2.24966657e+15	2.47346634e+15	2.17630173e-03
30000	34810.17352990	300	2.21238938e-05	300.00000000	2.25050507e+15	2.47430388e+15	2.17700783e-03
30100	34925.95277659	301	2.21976401e-05	301.00000000	2.25133821e+15	2.47513595e+15	2.17770995e-03
30200	35041.75102794	302	2.22713864e-05	302.00000000	2.25216601e+15	2.47596264e+15	2.17840794e-03
30300	35157.48835264	303	2.23451327e-05	303.00000000	2.25298858e+15	2.47678408e+15	2.17910162e-03
30400	35273.28345265	304	2.24188791e-05	304.00000000	2.25380596e+15	2.47760032e+15	2.17979088e-03
30500	35389.00957701	305	2.24926254e-05	305.00000000	2.25461821e+15	2.47841140e+15	2.18047588e-03
30600	35504.72863598	306	2.25663717e-05	306.00000000	2.25542534e+15	2.47921735e+15	2.18115662e-03
30700	35620.45907914	307	2.26401180e-05	307.00000000	2.25622740e+15	2.48001821e+15	2.18183308e-03
30800	35736.21438224	308	2.27138643e-05	308.00000000	2.25702445e+15	2.48081405e+15	2.18250535e-03
30900	35851.92495365	309	2.27876106e-05	309.00000000	2.25781652e+15	2.48160491e+15	2.18317342e-03
31000	35967.66064405	310	2.28613569e-05	310.00000000	2.25860363e+15	2.48239080e+15	2.18383738e-03
31100	36083.04645481	311	2.29351032e-05	311.00000000	2.25938584e+15	2.48317179e+15	2.18449728e-03
31200	36198.46239685	312	2.30088496e-05	312.00000000	2.26016320e+15	2.48394794e+15	2.18515295e-03
31300	36313.22672646	313	2.30825959e-05	313.00000000	2.26093495e+15	2.48471877e+15	2.18580181e-03
31400	36427.89919618	314	2.31563422e-05	314.00000000	2.26170199e+15	2.48548468e+15	2.18644770e-03
31500	36543.06428872	315	2.32300885e-05	315.00000000	2.26246438e+15	2.48624588e+15	2.18708993e-03
31600	36658.37612773	316	2.33038348e-05	316.00000000	2.26322218e+15	2.48700247e+15	2.18772835e-03
31700	36774.06224993	317	2.33775811e-05	317.00000000	2.26397540e+15	2.48775448e+15	2.18836299e-03
31800	36889.79961332	318	2.34513274e-05	318.00000000	2.26472409e+15	2.48850196e+15	2.18899384e-03
31900	37005.52564385	319	2.35250737e-05	319.00000000	2.26546828e+15	2.48924494e+15	2.18962097e-03
32000	37121.37563194	320	2.35988201e-05	320.00000000	2.26620800e+15	2.48998344e+15	2.19024438e-03
32100	37237.29043420	321	2.36725664e-05	321.00000000	2.26694330e+15	2.49071753e+15	2.19086411e-03
32200	37353.32357310	322	2.37463127e-05	322.00000000	2.26767420e+15	2.49144722e+15	2.19148008e-03
32300	37469.36492753	323	2.38200590e-05	323.00000000	2.26840074e+15	2.49217254e+15	2.19209250e-03
32400	37585.32626527	324	2.38938053e-05	324.00000000	2.26912293e+15	2.49289352e+15	2.19270121e-03
32500	37701.20641219	325	2.39675516e-05	325.00000000	2.26984081e+15	2.49361019e+15	2.19330636e-03
32600	37817.11067307	326	2.40412979e-05	326.00000000	2.27055439e+15	2.49432257e+15	2.19390788e-03
32700	37933.24273483	327	2.41150442e-05	327.00000000	2.27126375e+15	2.49503074e+15	2.19450580e-03
32800	38049.07837508	328	2.41887906e-05	328.00000000	2.27196891e+15	2.49573472e+15	2.19510013e-03
32900	38164.94759409	329	2.42625369e-05	329.00000000	2.27266995e+15	2.49643457e+15	2.19569089e-03
33000	38280.75447363	330	2.43362832e-05	330.00000000	2.27336690e+15	2.49713034e+15	2.19627822e-03
33100	38396.10080379	331	2.44100295e-05	331.00000000	2.27405983e+15	2.49782209e+15	2.19686210e-03
33200	38511.48362645	332	2.44837758e-05	332.00000000	2.27474877e+15	2.49850986e+15	2.19744259e-03
33300	38626.88759917	333	2.45575221e-05	333.00000000	2.27543375e+15	2.49919367e+15	2.19801969e-03
33400	38742.38581443	334	2.46312684e-05	334.00000000	2.27611477e+15	2.49987354e+15	2.19859342e-03
33500	38858.35774184	335	2.47050147e-05	335.00000000	2.27679186e+15	2.50054948e+15	2.19916381e-03
33600	38974.37499171	336	2.47787611e-05	336.00000000	2.27746427e+15	2.50122103e+15	2.19972847e-03
33700	39090.43253343	337	2.48525074e-05	337.00000000	2.27813282e+15	2.50188853e+15	2.20029076e-03
33800	39206.38163688	338	2.49262537e-05	338.00000000	2.27879751e+15	2.50255210e+15	2.20085008e-03
33900	39322.38919609	339	2.50000000e-05	339.00000000	2.27945836e+15	2.50321183e+15	2.20140636e-03
34000	39438.36669160	340	2.50737463e-05	340.00000000	2.28011543e+15	2.50386777e+15	2.20195953e-03
34100	39553.44308302	341	2.51474926e-05	341.00000000	2.28076874e+15	2.50451995e+15	2.20250951e-03
34200	39668.26148075	342	2.52212389e-05	342.00000000	2.28141831e+15	2.50516840e+15	2.20305640e-03
34300	39783.25929894	343	2.52949853e-05	343.00000000	2.28206416e+15	2.50581314e+15	2.20360017e-03
34400	39898.23742588	344	2.53687316e-05	344.00000000	2.28270633e+15	2.50645420e+15	2.20414083e-03
34500	40013.34626366	345	2.54424779e-05	345.00000000	2.28334484e+15	2.50709159e+15	2.20467850e-03
34600	40128.56155589	346	2.55162242e-05	346.00000000	2.28397973e+15	2.50772538e+15	2.20521303e-03
34700	40243.97446335	347	2.55899705e-05	347.00000000	2.28461105e+15	2.50835559e+15	2.20574455e-03
34800	40359.91944055	348	2.56637168e-05	348.00000000	2.28523881e+15	2.50898226e+15	2.20627313e-03
34900	40475.89790253	349	2.57374631e-05	349.00000000	2.28586306e+15	2.50960541e+15	2.20679874e-03
35000	40591.83234467	350	2.58112094e-05	350.00000000	2.28648381e+15	2.51022508e+15	2.20732147e-03
35100	40707.83240441	351	2.58849558e-05	351.00000000	2.28710111e+15	2.51084130e+15	2.20784121e-03
35200	40823.79450868	352	2.59587021e-05	352.00000000	2.28771501e+15	2.51145413e+15	2.20835809e-03
35300	40939.98174247	353	2.60324484e-05	353.00000000	2.28832550e+15	2.51206356e+15	2.20887196e-03
35400	41056.33364228	354	2.61061947e-05	354.00000000	2.28893264e+15	2.51266963e+15	2.20938300e-03
35500	41172.70518761	355	2.61799410e-05	355.00000000	2.28953646e+15	2.51327239e+15	2.20989118e-03
35600	41288.44418944	356	2.62536873e-05	356.00000000	2.29013698e+15	2.51387187e+15	2.21039658e-03
35700	41405.82372252	357	2.63274336e-05	357.00000000	2.29073422e+15	2.51446807e+15	2.21089917e-03
35800	41523.27160595	358	2.64011799e-05	358.00000000	2.29132821e+15	2.51506103e+15	2.21139904e-03
35900	41640.71553832	359	2.64749263e-05	359.00000000	2.29191898e+15	2.51565077e+15	2.21189617e-03
36000	41757.25520094	360	2.65486726e-05	360.00000000	2.29250656e+15	2.51623732e+15	2.21239061e-03
36100	41871.96828551	361	2.66224189e-05	361.00000000	2.29309097e+15	2.51682071e+15	2.21288236e-03
36200	41986.62451455	362	2.66961652e-05	362.00000000	2.29367220e+15	2.51740094e+15	2.21337142e-03
36300	42102.99076178	363	2.67699115e-05	363.00000000	2.29425029e+15	2.51797803e+15	2.21385787e-03
36400	42219.62296277	364	2.68436578e-05	364.00000000	2.29482524e+15	2.51855198e+15	2.21434161e-03
36500	42336.11097872	365	2.69174041e-05	365.00000000	2.29539706e+15	2.51912281e+15	2.21482276e-03
36600	42452.27246513	366	2.69911504e-05	366.00000000	2.29596577e+15	2.51969055e+15	2.21530125e-03
36700	42568.59672357	367	2.70648968e-05	367.00000000	2.29653140e+15	2.52025520e+15	2.21577713e-03
36800	42685.27468798	368	2.71386431e-05	368.00000000	2.29709397e+15	2.52081680e+15	2.21625038e-03
36900	42802.00103821	369	2.72123894e-05	369.00000000	2.29765348e+15	2.52137535e+15	2.21672109e-03
37000	42918.38553093	370	2.72861357e-05	370.00000000	2.29820995e+15	2.52193087e+15	2.21718925e-03
37100	43034.76582398	371	2.73598820e-05	371.00000000	2.29876338e+15	2.52248335e+15	2.21765485e-03
37200	43151.19287616	372	2.74336283e-05	372.00000000	2.29931381e+15	2.52303283e+15	2.21811788e-03
37300	43267.89928803	373	2.75073746e-05	373.00000000	2.29986124e+15	2.52357933e+15	2.21857835e-03
37400	43384.27793447	374	2.75811209e-05	374.00000000	2.30040571e+15	2.52412287e+15	2.21903633e-03
37500	43499.71130567	375	2.76548673e-05	375.00000000	2.30094721e+15	2.52466345e+15	2.21949181e-03
37600	43615.07280140	376	2.77286136e-05	376.00000000	2.30148577e+15	2.52520110e+15	2.21994473e-03
37700	43730.06957182	377	2.78023599e-05	377.00000000	2.30202141e+15	2.52573583e+15	2.22039527e-03
37800	43844.84384371	378	2.78761062e-05	378.00000000	2.30255416e+15	2.52626767e+15	2.22084335e-03
37900	43959.99056269	379	2.79498525e-05	379.00000000	2.30308402e+15	2.52679663e+15	2.22128901e-03
38000	44075.24496581	380	2.80235988e-05	380.00000000	2.30361103e+15	2.52732275e+15	2.22173221e-03
38100	44191.03141264	381	2.80973451e-05	381.00000000	2.30413521e+15	2.52784604e+15	2.22217304e-03
38200	44306.86283841	382	2.81710914e-05	382.00000000	2.30465658e+15	2.52836652e+15	2.22261147e-03
38300	44422.61158540	383	2.82448378e-05	383.00000000	2.30517515e+15	2.52888422e+15	2.22304755e-03
38400	44538.31985896	384	2.83185841e-05	384.00000000	2.30569094e+15	2.52939914e+15	2.22348129e-03
38500	44654.12566681	385	2.83923304e-05	385.00000000	2.30620396e+15	2.52991129e+15	2.22391267e-03
38600	44769.99393094	386	2.84660767e-05	386.00000000	2.30671423e+15	2.53042071e+15	2.22434173e-03
38700	44885.77977936	387	2.85398230e-05	387.00000000	2.30722176e+15	2.53092739e+15	2.22476849e-03
38800	45001.62605064	388	2.86135693e-05	388.00000000	2.30772656e+15	2.53143136e+15	2.22519296e-03
38900	45117.60290487	389	2.86873156e-05	389.00000000	2.30822870e+15	2.53193265e+15	2.22561516e-03
39000	45233.44944471	390	2.87610619e-05	390.00000000	2.30872813e+15	2.53243125e+15	2.22603511e-03
39100	45349.25893340	391	2.88348083e-05	391.00000000	2.30922488e+15	2.53292718e+15	2.22645279e-03
39200	45465.14045857	392	2.89085546e-05	392.00000000	2.30971896e+15	2.53342043e+15	2.22686823e-03
39300	45580.62268060	393	2.89823009e-05	393.00000000	2.31021037e+15	2.53391103e+15	2.22728137e-03
39400	45696.23215912	394	2.90560472e-05	394.00000000	2.31069913e+15	2.53439899e+15	2.22769226e-03
39500	45811.94184561	395	2.91297935e-05	395.00000000	2.31118527e+15	2.53488433e+15	2.22810094e-03
39600	45927.63472077	396	2.92035398e-05	396.00000000	2.31166879e+15	2.53536705e+15	2.22850748e-03
39700	46043.32752308	397	2.92772861e-05	397.00000000	2.31214970e+15	2.53584718e+15	2.22891182e-03
39800	46158.73258288	398	2.93510324e-05	398.00000000	2.31262804e+15	2.53632473e+15	2.22931394e-03
39900	46273.68094898	399	2.94247788e-05	399.00000000	2.31310379e+15	2.53679972e+15	2.22971387e-03
40000	46388.77676163	400	2.94985251e-05	400.00000000	2.31357701e+15	2.53727217e+15	2.23011163e-03
40100	46504.07978175	401	2.95722714e-05	401.00000000	2.31404772e+15	2.53774211e+15	2.23050729e-03
40200	46619.58795529	402	2.96460177e-05	402.00000000	2.31451594e+15	2.53820958e+15	2.23090083e-03
40300	46735.61612872	403	2.97197640e-05	403.00000000	2.31498171e+15	2.53867459e+15	2.23129230e-03
40400	46851.57751072	404	2.97935103e-05	404.00000000	2.31544505e+15	2.53913719e+15	2.23168174e-03
40500	46967.60424365	405	2.98672566e-05	405.00000000	2.31590600e+15	2.53959739e+15	2.23206906e-03
40600	47083.55092612	406	2.99410029e-05	406.00000000	2.31636456e+15	2.54005522e+15	2.23245442e-03
40700	47198.95808371	407	3.00147493e-05	407.00000000	2.31682079e+15	2.54051071e+15	2.23283774e-03
40800	47314.34726188	408	3.00884956e-05	408.00000000	2.31727468e+15	2.54096389e+15	2.23321906e-03
40900	47429.74771786	409	3.01622419e-05	409.00000000	2.31772628e+15	2.54141476e+15	2.23359839e-03
41000	47545.12368764	410	3.02359882e-05	410.00000000	2.31817558e+15	2.54186335e+15	2.23397582e-03
41100	47659.94327435	411	3.03097345e-05	411.00000000	2.31862261e+15	2.54230968e+15	2.23435129e-03
41200	47774.63116121	412	3.03834808e-05	412.00000000	2.31906740e+15	2.54275377e+15	2.23472485e-03
41300	47889.32378372	413	3.04572271e-05	413.00000000	2.31950995e+15	2.54319563e+15	2.23509655e-03
41400	48003.96521447	414	3.05309735e-05	414.00000000	2.31995029e+15	2.54363528e+15	2.23546635e-03
41500	48118.88172761	415	3.06047198e-05	415.00000000	2.32038842e+15	2.54407273e+15	2.23583431e-03
41600	48234.63728508	416	3.06784661e-05	416.00000000	2.32082437e+15	2.54450800e+15	2.23620041e-03
41700	48350.31929135	417	3.07522124e-05	417.00000000	2.32125814e+15	2.54494111e+15	2.23656468e-03
41800	48466.03495395	418	3.08259587e-05	418.00000000	2.32168975e+15	2.54537206e+15	2.23692716e-03
41900	48581.84258550	419	3.08997050e-05	419.00000000	2.32211922e+15	2.54580087e+15	2.23728779e-03
42000	48697.61607759	420	3.09734513e-05	420.00000000	2.32254654e+15	2.54622754e+15	2.23764662e-03
42100	48813.34831814	421	3.10471976e-05	421.00000000	2.32297173e+15	2.54665209e+15	2.23800371e-03
42200	48929.10439568	422	3.11209440e-05	422.00000000	2.32339480e+15	2.54707452e+15	2.23835900e-03
42300	49044.88469689	423	3.11946903e-05	423.00000000	2.32381575e+15	2.54749484e+15	2.23871249e-03
42400	49160.88439729	424	3.12684366e-05	424.00000000	2.32423461e+15	2.54791307e+15	2.23906418e-03
42500	49276.96003050	425	3.13421829e-05	425.00000000	2.32465137e+15	2.54832921e+15	2.23941416e-03
42600	49393.62309309	426	3.14159292e-05	426.00000000	2.32506604e+15	2.54874325e+15	2.23976234e-03
42700	49510.49727056	427	3.14896755e-05	427.00000000	2.32547862e+15	2.54915522e+15	2.24010880e-03
42800	49626.55247178	428	3.15634218e-05	428.00000000	2.32588912e+15	2.54956511e+15	2.24045351e-03
42900	49743.24288019	429	3.16371681e-05	429.00000000	2.32629756e+15	2.54997294e+15	2.24079648e-03
43000	49859.97240654	430	3.17109145e-05	430.00000000	2.32670394e+15	2.55037873e+15	2.24113774e-03
43100	49976.76282895	431	3.17846608e-05	431.00000000	2.32710827e+15	2.55078247e+15	2.24147722e-03
43200	50093.54845288	432	3.18584071e-05	432.00000000	2.32751058e+15	2.55118418e+15	2.24181498e-03
43300	50210.37246744	433	3.19321534e-05	433.00000000	2.32791086e+15	2.55158388e+15	2.24215103e-03
43400	50327.09969679	434	3.20058997e-05	434.00000000	2.32830913e+15	2.55198158e+15	2.24248545e-03
43500	50443.92654781	435	3.20796460e-05	435.00000000	2.32870538e+15	2.55237725e+15	2.24281806e-03
43600	50560.60168114	436	3.21533923e-05	436.00000000	2.32909964e+15	2.55277094e+15	2.24314904e-03
43700	50677.26244025	437	3.22271386e-05	437.00000000	2.32949193e+15	2.55316267e+15	2.24347841e-03
43800	50793.91901051	438	3.23008850e-05	438.00000000	2.32988224e+15	2.55355242e+15	2.24380604e-03
43900	50910.54143681	439	3.23746313e-05	439.00000000	2.33027057e+15	2.55394021e+15	2.24413204e-03
44000	51027.05409357	440	3.24483776e-05	440.00000000	2.33065698e+15	2.55432606e+15	2.24445648e-03
44100	51143.00872734	441	3.25221239e-05	441.00000000	2.33104144e+15	2.55470998e+15	2.24477922e-03
44200	51258.93407323	442	3.25958702e-05	442.00000000	2.33142398e+15	2.55509199e+15	2.24510034e-03
44300	51374.62946329	443	3.26696165e-05	443.00000000	2.33180462e+15	2.55547209e+15	2.24541990e-03
44400	51491.24032414	444	3.27433628e-05	444.00000000	2.33218335e+15	2.55585029e+15	2.24573786e-03
44500	51609.03636533	445	3.28171091e-05	445.00000000	2.33256019e+15	2.55622660e+15	2.24605423e-03
44600	51726.83399384	446	3.28908555e-05	446.00000000	2.33293514e+15	2.55660102e+15	2.24636902e-03
44700	51843.54742562	447	3.29646018e-05	447.00000000	2.33330820e+15	2.55697357e+15	2.24668223e-03
44800	51959.44864886	448	3.30383481e-05	448.00000000	2.33367939e+15	2.55734425e+15	2.24699383e-03
44900	52074.31548351	449	3.31120944e-05	449.00000000	2.33404872e+15	2.55771308e+15	2.24730391e-03
45000	52190.17453614	450	3.31858407e-05	450.00000000	2.33441621e+15	2.55808006e+15	2.24761243e-03
45100	52306.07127958	451	3.32595870e-05	451.00000000	2.33478186e+15	2.55844522e+15	2.24791940e-03
45200	52421.92741570	452	3.33333333e-05	452.00000000	2.33514568e+15	2.55880855e+15	2.24822482e-03
45300	52537.78413963	453	3.34070796e-05	453.00000000	2.33550769e+15	2.55917006e+15	2.24852865e-03
45400	52653.60997879	454	3.34808260e-05	454.00000000	2.33586789e+15	2.55952978e+15	2.24883098e-03
45500	52769.52928194	455	3.35545723e-05	455.00000000	2.33622629e+15	2.55988771e+15	2.24913181e-03
45600	52885.41673194	456	3.36283186e-05	456.00000000	2.33658293e+15	2.56024386e+15	2.24943117e-03
45700	53001.29126277	457	3.37020649e-05	457.00000000	2.33693778e+15	2.56059824e+15	2.24972901e-03
45800	53117.18970833	458	3.37758112e-05	458.00000000	2.33729087e+15	2.56095086e+15	2.25002537e-03
45900	53233.03589622	459	3.38495575e-05	459.00000000	2.33764221e+15	2.56130174e+15	2.25032023e-03
46000	53348.25367899	460	3.39233038e-05	460.00000000	2.33799181e+15	2.56165088e+15	2.25061366e-03
46100	53463.07759077	461	3.39970501e-05	461.00000000	2.33833969e+15	2.56199831e+15	2.25090559e-03
46200	53577.95132917	462	3.40707965e-05	462.00000000	2.33868586e+15	2.56234404e+15	2.25119610e-03
46300	53692.89380428	463	3.41445428e-05	463.00000000	2.33903033e+15	2.56268807e+15	2.25148518e-03
46400	53807.78486904	464	3.42182891e-05	464.00000000	2.33937311e+15	2.56303042e+15	2.25177284e-03
46500	53922.72303293	465	3.42920354e-05	465.00000000	2.33971422e+15	2.56337109e+15	2.25205907e-03
46600	54037.67824991	466	3.43657817e-05	466.00000000	2.34005367e+15	2.56371011e+15	2.25234394e-03
46700	54153.14982857	467	3.44395280e-05	467.00000000	2.34039147e+15	2.56404748e+15	2.25262741e-03
46800	54268.97452269	468	3.45132743e-05	468.00000000	2.34072763e+15	2.56438322e+15	2.25290951e-03
46900	54384.61620031	469	3.45870206e-05	469.00000000	2.34106215e+15	2.56471732e+15	2.25319026e-03
47000	54500.49153215	470	3.46607670e-05	470.00000000	2.34139503e+15	2.56504979e+15	2.25346963e-03
47100	54616.34314075	471	3.47345133e-05	471.00000000	2.34172629e+15	2.56538065e+15	2.25374767e-03
47200	54731.56985749	472	3.48082596e-05	472.00000000	2.34205595e+15	2.56570990e+15	2.25402430e-03
47300	54846.63632081	473	3.48820059e-05	473.00000000	2.34238401e+15	2.56603755e+15	2.25429963e-03
47400	54962.28178337	474	3.49557522e-05	474.00000000	2.34271048e+15	2.56636362e+15	2.25457362e-03
47500	55078.43776150	475	3.50294985e-05	475.00000000	2.34303537e+15	2.56668812e+15	2.25484629e-03
47600	55194.57488118	476	3.51032448e-05	476.00000000	2.34335869e+15	2.56701104e+15	2.25511764e-03
47700	55310.69919626	477	3.51769912e-05	477.00000000	2.34368043e+15	2.56733241e+15	2.25538765e-03
47800	55426.83499333	478	3.52507375e-05	478.00000000	2.34400062e+15	2.56765222e+15	2.25565635e-03
47900	55542.87029441	479	3.53244838e-05	479.00000000	2.34431925e+15	2.56797048e+15	2.25592371e-03
48000	55658.74373370	480	3.53982301e-05	480.00000000	2.34463635e+15	2.56828721e+15	2.25618976e-03
48100	55774.69031222	481	3.54719764e-05	481.00000000	2.34495191e+15	2.56860241e+15	2.25645453e-03
48200	55890.65464156	482	3.55457227e-05	482.00000000	2.34526595e+15	2.56891609e+15	2.25671802e-03
48300	56006.67243156	483	3.56194690e-05	483.00000000	2.34557847e+15	2.56922825e+15	2.25698022e-03
48400	56122.68483316	484	3.56932153e-05	484.00000000	2.34588948e+15	2.56953891e+15	2.25724113e-03
48500	56238.58815022	485	3.57669617e-05	485.00000000	2.34619898e+15	2.56984807e+15	2.25750079e-03
48600	56354.49013528	486	3.58407080e-05	486.00000000	2.34650700e+15	2.57015574e+15	2.25775919e-03
48700	56470.38576047	487	3.59144543e-05	487.00000000	2.34681353e+15	2.57046193e+15	2.25801631e-03
48800	56586.25558952	488	3.59882006e-05	488.00000000	2.34711859e+15	2.57076665e+15	2.25827222e-03
48900	56702.05532848	489	3.60619469e-05	489.00000000	2.34742218e+15	2.57106990e+15	2.25852688e-03
49000	56817.79816575	490	3.61356932e-05	490.00000000	2.34772431e+15	2.57137170e+15	2.25878031e-03
49100	56933.59075279	491	3.62094395e-05	491.00000000	2.34802500e+15	2.57167206e+15	2.25903251e-03
49200	57049.48371411	492	3.62831858e-05	492.00000000	2.34832425e+15	2.57197099e+15	2.25928350e-03
49300	57165.34172604	493	3.63569322e-05	493.00000000	2.34862207e+15	2.57226849e+15	2.25953328e-03
49400	57281.16776476	494	3.64306785e-05	494.00000000	2.34891846e+15	2.57256456e+15	2.25978186e-03
49500	57397.02919347	495	3.65044248e-05	495.00000000	2.34921344e+15	2.57285923e+15	2.26002923e-03
49600	57512.89051063	496	3.65781711e-05	496.00000000	2.34950701e+15	2.57315249e+15	2.26027543e-03
49700	57628.71796094	497	3.66519174e-05	497.00000000	2.34979919e+15	2.57344435e+15	2.26052046e-03
49800	57744.60643913	498	3.67256637e-05	498.00000000	2.35008998e+15	2.57373484e+15	2.26076432e-03
49900	57860.52320631	499	3.67994100e-05	499.00000000	2.35037940e+15	2.57402395e+15	2.26100699e-03
50000	57976.36605931	500	3.68731563e-05	500.00000000	2.35066744e+15	2.57431169e+15	2.26124854e-03
50100	58092.12805672	501	3.69469027e-05	501.00000000	2.35095411e+15	2.57459807e+15	2.26148893e-03
50200	58207.93582793	502	3.70206490e-05	502.00000000	2.35123943e+15	2.57488310e+15	2.26172817e-03
50300	58323.65389146	503	3.70943953e-05	503.00000000	2.35152340e+15	2.57516677e+15	2.26196627e-03
50400	58439.57160547	504	3.71681416e-05	504.00000000	2.35180602e+15	2.57544912e+15	2.26220328e-03
50500	58555.52773927	505	3.72418879e-05	505.00000000	2.35208731e+15	2.57573012e+15	2.26243914e-03
50600	58672.37173868	506	3.73156342e-05	506.00000000	2.35236725e+15	2.57600979e+15	2.26267387e-03
50700	58790.12509068	507	3.73893805e-05	507.00000000	2.35264587e+15	2.57628813e+15	2.26290749e-03
50800	58908.02545138	508	3.74631268e-05	508.00000000	2.35292317e+15	2.57656515e+15	2.26314001e-03
50900	59025.78801951	509	3.75368732e-05	509.00000000	2.35319915e+15	2.57684086e+15	2.26337139e-03
51000	59143.57835815	510	3.76106195e-05	510.00000000	2.35347381e+15	2.57711526e+15	2.26360167e-03
51100	59261.45374622	511	3.76843658e-05	511.00000000	2.35374717e+15	2.57738836e+15	2.26383087e-03
51200	59379.27183589	512	3.77581121e-05	512.00000000	2.35401923e+15	2.57766015e+15	2.26405895e-03
51300	59496.09652296	513	3.78318584e-05	513.00000000	2.35428999e+15	2.57793066e+15	2.26428598e-03
51400	59612.46775971	514	3.79056047e-05	514.00000000	2.35455948e+15	2.57819989e+15	2.26451194e-03
51500	59728.91745598	515	3.79793510e-05	515.00000000	2.35482767e+15	2.57846783e+15	2.26473681e-03
51600	59845.37285023	516	3.80530973e-05	516.00000000	2.35509460e+15	2.57873451e+15	2.26496060e-03
51700	59961.75141756	517	3.81268437e-05	517.00000000	2.35536026e+15	2.57899993e+15	2.26518335e-03
51800	60077.88852940	518	3.82005900e-05	518.00000000	2.35562467e+15	2.57926409e+15	2.26540504e-03
51900	60194.51434428	519	3.82743363e-05	519.00000000	2.35588781e+15	2.57952699e+15	2.26562565e-03
52000	60311.71278127	520	3.83480826e-05	520.00000000	2.35614971e+15	2.57978865e+15	2.26584525e-03
52100	60428.71640093	521	3.84218289e-05	521.00000000	2.35641037e+15	2.58004907e+15	2.26606379e-03
52200	60545.61853412	522	3.84955752e-05	522.00000000	2.35666979e+15	2.58030826e+15	2.26628129e-03
52300	60662.49302729	523	3.85693215e-05	523.00000000	2.35692797e+15	2.58056621e+15	2.26649778e-03
52400	60779.52324018	524	3.86430678e-05	524.00000000	2.35718493e+15	2.58082294e+15	2.26671324e-03
52500	60896.59969629	525	3.87168142e-05	525.00000000	2.35744068e+15	2.58107846e+15	2.26692767e-03
52600	61013.69659863	526	3.87905605e-05	526.00000000	2.35769521e+15	2.58133277e+15	2.26714109e-03
52700	61130.79297206	527	3.88643068e-05	527.00000000	2.35794854e+15	2.58158588e+15	2.26735350e-03
52800	61247.60275136	528	3.89380531e-05	528.00000000	2.35820066e+15	2.58183778e+15	2.26756490e-03
52900	61363.96810002	529	3.90117994e-05	529.00000000	2.35845160e+15	2.58208850e+15	2.26777528e-03
53000	61480.24663287	530	3.90855457e-05	530.00000000	2.35870134e+15	2.58233804e+15	2.26798467e-03
53100	61596.34679515	531	3.91592920e-05	531.00000000	2.35894990e+15	2.58258639e+15	2.26819307e-03
53200	61712.72644685	532	3.92330383e-05	532.00000000	2.35919728e+15	2.58283357e+15	2.26840049e-03
53300	61830.01410674	533	3.93067847e-05	533.00000000	2.35944349e+15	2.58307957e+15	2.26860690e-03
53400	61947.26174485	534	3.93805310e-05	534.00000000	2.35968855e+15	2.58332442e+15	2.26881236e-03
53500	62064.16024699	535	3.94542773e-05	535.00000000	2.35993244e+15	2.58356812e+15	2.26901683e-03
53600	62181.05283324	536	3.95280236e-05	536.00000000	2.36017518e+15	2.58381067e+15	2.26922035e-03
53700	62298.26849747	537	3.96017699e-05	537.00000000	2.36041678e+15	2.58405208e+15	2.26942289e-03
53800	62415.51610934	538	3.96755162e-05	538.00000000	2.36065724e+15	2.58429234e+15	2.26962447e-03
53900	62532.78196674	539	3.97492625e-05	539.00000000	2.36089656e+15	2.58453148e+15	2.26982511e-03
54000	62650.13044609	540	3.98230088e-05	540.00000000	2.36113476e+15	2.58476949e+15	2.27002480e-03
54100	62766.69308949	541	3.98967552e-05	541.00000000	2.36137183e+15	2.58500638e+15	2.27022354e-03
54200	62882.80508872	542	3.99705015e-05	542.00000000	2.36160779e+15	2.58524215e+15	2.27042136e-03
54300	62998.92966619	543	4.00442478e-05	543.00000000	2.36184264e+15	2.58547682e+15	2.27061824e-03
54400	63114.89566440	544	4.01179941e-05	544.00000000	2.36207638e+15	2.58571038e+15	2.27081416e-03
54500	63230.15020924	545	4.01917404e-05	545.00000000	2.36230901e+15	2.58594284e+15	2.27100919e-03
54600	63345.21020197	546	4.02654867e-05	546.00000000	2.36254055e+15	2.58617420e+15	2.27120329e-03
54700	63460.21265542	547	4.03392330e-05	547.00000000	2.36277099e+15	2.58640448e+15	2.27139649e-03
54800	63575.20832040	548	4.04129794e-05	548.00000000	2.36300035e+15	2.58663366e+15	2.27158875e-03
54900	63690.25121434	549	4.04867257e-05	549.00000000	2.36322862e+15	2.58686177e+15	2.27178013e-03
55000	63806.14454855	550	4.05604720e-05	550.00000000	2.36345582e+15	2.58708880e+15	2.27197056e-03
55100	63922.22791907	551	4.06342183e-05	551.00000000	2.36368195e+15	2.58731477e+15	2.27216012e-03
55200	64038.03143239	552	4.07079646e-05	552.00000000	2.36390701e+15	2.58753968e+15	2.27234878e-03
55300	64153.66467209	553	4.07817109e-05	553.00000000	2.36413102e+15	2.58776353e+15	2.27253654e-03
55400	64269.32037841	554	4.08554572e-05	554.00000000	2.36435397e+15	2.58798633e+15	2.27272341e-03
55500	64384.94524768	555	4.09292035e-05	555.00000000	2.36457588e+15	2.58820808e+15	2.27290939e-03
55600	64500.83400101	556	4.10029499e-05	556.00000000	2.36479674e+15	2.58842879e+15	2.27309449e-03
55700	64616.80350581	557	4.10766962e-05	557.00000000	2.36501657e+15	2.58864847e+15	2.27327874e-03
55800	64732.44590513	558	4.11504425e-05	558.00000000	2.36523537e+15	2.58886712e+15	2.27346213e-03
55900	64847.66358895	559	4.12241888e-05	559.00000000	2.36545314e+15	2.58908475e+15	2.27364465e-03
56000	64962.85469697	560	4.12979351e-05	560.00000000	2.36566990e+15	2.58930136e+15	2.27382632e-03
56100	65078.05023056	561	4.13716814e-05	561.00000000	2.36588565e+15	2.58951696e+15	2.27400713e-03
56200	65193.21493892	562	4.14454277e-05	562.00000000	2.36610038e+15	2.58973156e+15	2.27418710e-03
56300	65308.94947888	563	4.15191740e-05	563.00000000	2.36631412e+15	2.58994516e+15	2.27436622e-03
56400	65424.92619167	564	4.15929204e-05	564.00000000	2.36652637e+15	2.59015733e+15	2.27454356e-03
56500	65540.85358858	565	4.16666667e-05	565.00000000	2.36673816e+15	2.59036887e+15	2.27472121e-03
56600	65656.80034778	566	4.17404130e-05	566.00000000	2.36694844e+15	2.59057903e+15	2.27489702e-03
56700	65772.75665459	567	4.18141593e-05	567.00000000	2.36715777e+15	2.59078816e+15	2.27507214e-03
56800	65888.75578866	568	4.18879056e-05	568.00000000	2.36736614e+15	2.59099630e+15	2.27524651e-03
56900	66004.68239985	569	4.19616519e-05	569.00000000	2.36757353e+15	2.59120344e+15	2.27542013e-03
57000	66120.08145060	570	4.20353982e-05	570.00000000	2.36777997e+15	2.59140964e+15	2.27559299e-03
57100	66235.27360502	571	4.21091445e-05	571.00000000	2.36798546e+15	2.59161488e+15	2.27576509e-03
57200	66350.17657694	572	4.21828909e-05	572.00000000	2.36818998e+15	2.59181917e+15	2.27593641e-03
57300	66465.07448863	573	4.22566372e-05	573.00000000	2.36839357e+15	2.59202253e+15	2.27610694e-03
57400	66579.95120454	574	4.23303835e-05	574.00000000	2.36859621e+15	2.59222496e+15	2.27627669e-03
57500	66694.84704715	575	4.24041298e-05	575.00000000	2.36879792e+15	2.59242646e+15	2.27644566e-03
57600	66809.73757106	576	4.24778761e-05	576.00000000	2.36899869e+15	2.59262703e+15	2.27661384e-03
57700	66924.57048014	577	4.25516224e-05	577.00000000	2.36919854e+15	2.59282669e+15	2.27678126e-03
57800	67039.47022098	578	4.26253687e-05	578.00000000	2.36939746e+15	2.59302543e+15	2.27694791e-03
57900	67154.61216128	579	4.26991150e-05	579.00000000	2.36959546e+15	2.59322326e+15	2.27711380e-03
58000	67270.22955747	580	4.27728614e-05	580.00000000	2.36979256e+15	2.59342018e+15	2.27727893e-03
58100	67385.81598116	581	4.28466077e-05	581.00000000	2.36998875e+15	2.59361621e+15	2.27744329e-03
58200	67501.72309554	582	4.29203540e-05	582.00000000	2.37018403e+15	2.59381133e+15	2.27760690e-03
58300	67617.69503029	583	4.29941003e-05	583.00000000	2.37037842e+15	2.59400556e+15	2.27776977e-03
58400	67733.59350658	584	4.30678466e-05	584.00000000	2.37057190e+15	2.59419889e+15	2.27793189e-03
58500	67849.46086543	585	4.31415929e-05	585.00000000	2.37076450e+15	2.59439134e+15	2.27809324e-03
58600	67964.84424595	586	4.32153392e-05	586.00000000	2.37095620e+15	2.59458290e+15	2.27825387e-03
58700	68080.06635533	587	4.32890855e-05	587.00000000	2.37114701e+15	2.59477357e+15	2.27841376e-03
58800	68195.09004555	588	4.33628319e-05	588.00000000	2.37133694e+15	2.59496336e+15	2.27857289e-03
58900	68310.25898894	589	4.34365782e-05	589.00000000	2.37152598e+15	2.59515227e+15	2.27873129e-03
59000	68425.76515589	590	4.35103245e-05	590.00000000	2.37171414e+15	2.59534031e+15	2.27888896e-03
59100	68541.32634450	591	4.35840708e-05	591.00000000	2.37190143e+15	2.59552746e+15	2.27904585e-03
59200	68657.20728502	592	4.36578171e-05	592.00000000	2.37208783e+15	2.59571375e+15	2.27920203e-03
59300	68773.10268375	593	4.37315634e-05	593.00000000	2.37227336e+15	2.59589916e+15	2.27935748e-03
59400	68889.03532171	594	4.38053097e-05	594.00000000	2.37245802e+15	2.59608370e+15	2.27951220e-03
59500	69005.01371676	595	4.38790560e-05	595.00000000	2.37264180e+15	2.59626738e+15	2.27966620e-03
59600	69120.95533226	596	4.39528024e-05	596.00000000	2.37282473e+15	2.59645019e+15	2.27981942e-03
59700	69236.96099362	597	4.40265487e-05	597.00000000	2.37300679e+15	2.59663214e+15	2.27997198e-03
59800	69352.97773826	598	4.41002950e-05	598.00000000	2.37318800e+15	2.59681324e+15	2.28012381e-03
59900	69468.81278092	599	4.41740413e-05	599.00000000	2.37336835e+15	2.59699349e+15	2.28027495e-03
60000	69584.25242572	600	4.42477876e-05	600.00000000	2.37354784e+15	2.59717288e+15	2.28042537e-03
60100	69699.62431710	601	4.43215339e-05	601.00000000	2.37372649e+15	2.59735143e+15	2.28057505e-03
60200	69815.05208582	602	4.43952802e-05	602.00000000	2.37390429e+15	2.59752913e+15	2.28072402e-03
60300	69930.13781721	603	4.44690265e-05	603.00000000	2.37408125e+15	2.59770600e+15	2.28087231e-03
60400	70045.21014778	604	4.45427729e-05	604.00000000	2.37425737e+15	2.59788203e+15	2.28101988e-03
60500	70160.33097883	605	4.46165192e-05	605.00000000	2.37443266e+15	2.59805722e+15	2.28116677e-03
60600	70275.44784225	606	4.46902655e-05	606.00000000	2.37460712e+15	2.59823159e+15	2.28131296e-03
60700	70390.83049953	607	4.47640118e-05	607.00000000	2.37478075e+15	2.59840514e+15	2.28145846e-03
60800	70506.66284256	608	4.48377581e-05	608.00000000	2.37495356e+15	2.59857786e+15	2.28160328e-03
60900	70622.49337626	609	4.49115044e-05	609.00000000	2.37512555e+15	2.59874977e+15	2.28174738e-03
61000	70738.42315830	610	4.49852507e-05	610.00000000	2.37529672e+15	2.59892085e+15	2.28189083e-03
61100	70854.27787179	611	4.50589971e-05	611.00000000	2.37546708e+15	2.59909113e+15	2.28203359e-03
61200	70970.18773807	612	4.51327434e-05	612.00000000	2.37563662e+15	2.59926059e+15	2.28217567e-03
61300	71085.99254958	613	4.52064897e-05	613.00000000	2.37580535e+15	2.59942924e+15	2.28231707e-03
61400	71201.77098195	614	4.52802360e-05	614.00000000	2.37597328e+15	2.59959709e+15	2.28245780e-03
61500	71317.61812013	615	4.53539823e-05	615.00000000	2.37614040e+15	2.59976414e+15	2.28259785e-03
61600	71433.40294307	616	4.54277286e-05	616.00000000	2.37630672e+15	2.59993039e+15	2.28273722e-03
61700	71549.15837889	617	4.55014749e-05	617.00000000	2.37647225e+15	2.60009585e+15	2.28287595e-03
61800	71664.82029217	618	4.55752212e-05	618.00000000	2.37663698e+15	2.60026052e+15	2.28301400e-03
61900	71780.11377671	619	4.56489676e-05	619.00000000	2.37680093e+15	2.60042440e+15	2.28315137e-03
62000	71895.87338290	620	4.57227139e-05	620.00000000	2.37696410e+15	2.60058750e+15	2.28328812e-03
62100	72011.72185640	621	4.57964602e-05	621.00000000	2.37712649e+15	2.60074982e+15	2.28342420e-03
62200	72127.55515736	622	4.58702065e-05	622.00000000	2.37728810e+15	2.60091136e+15	2.28355964e-03
62300	72243.76186813	623	4.59439528e-05	623.00000000	2.37744893e+15	2.60107214e+15	2.28369441e-03
62400	72360.03476523	624	4.60176991e-05	624.00000000	2.37760900e+15	2.60123215e+15	2.28382856e-03
62500	72476.18098540	625	4.60914454e-05	625.00000000	2.37776831e+15	2.60139140e+15	2.28396207e-03
62600	72592.21750716	626	4.61651917e-05	626.00000000	2.37792686e+15	2.60154989e+15	2.28409493e-03
62700	72707.97668552	627	4.62389381e-05	627.00000000	2.37808465e+15	2.60170762e+15	2.28422717e-03
62800	72823.71807741	628	4.63126844e-05	628.00000000	2.37824170e+15	2.60186461e+15	2.28435879e-03
62900	72940.49077955	629	4.63864307e-05	629.00000000	2.37839799e+15	2.60202085e+15	2.28448977e-03
63000	73058.54148960	630	4.64601770e-05	630.00000000	2.37855354e+15	2.60217635e+15	2.28462011e-03
63100	73176.53815220	631	4.65339233e-05	631.00000000	2.37870835e+15	2.60233111e+15	2.28474983e-03
63200	73294.52499630	632	4.66076696e-05	632.00000000	2.37886242e+15	2.60248513e+15	2.28487895e-03
63300	73412.57798596	633	4.66814159e-05	633.00000000	2.37901577e+15	2.60263842e+15	2.28500746e-03
63400	73529.66125235	634	4.67551622e-05	634.00000000	2.37916838e+15	2.60279098e+15	2.28513535e-03
63500	73646.31297641	635	4.68289086e-05	635.00000000	2.37932026e+15	2.60294282e+15	2.28526266e-03
63600	73763.18082434	636	4.69026549e-05	636.00000000	2.37947143e+15	2.60309394e+15	2.28538935e-03
63700	73881.05979004	637	4.69764012e-05	637.00000000	2.37962188e+15	2.60324435e+15	2.28551545e-03
63800	73998.59103319	638	4.70501475e-05	638.00000000	2.37977162e+15	2.60339404e+15	2.28564094e-03
63900	74115.22767659	639	4.71238938e-05	639.00000000	2.37992065e+15	2.60354303e+15	2.28576582e-03
64000	74232.14314249	640	4.71976401e-05	640.00000000	2.38006897e+15	2.60369130e+15	2.28589010e-03
64100	74349.06328245	641	4.72713864e-05	641.00000000	2.38021658e+15	2.60383888e+15	2.28601379e-03
64200	74465.56511139	642	4.73451327e-05	642.00000000	2.38036350e+15	2.60398575e+15	2.28613691e-03
64300	74581.02660399	643	4.74188791e-05	643.00000000	2.38050971e+15	2.60413193e+15	2.28625944e-03
64400	74696.53388829	644	4.74926254e-05	644.00000000	2.38065524e+15	2.60427742e+15	2.28638140e-03
64500	74812.96002966	645	4.75663717e-05	645.00000000	2.38080007e+15	2.60442221e+15	2.28650276e-03
64600	74929.84191977	646	4.76401180e-05	646.00000000	2.38094422e+15	2.60456633e+15	2.28662356e-03
64700	75046.74323110	647	4.77138643e-05	647.00000000	2.38108768e+15	2.60470975e+15	2.28674379e-03
64800	75162.17391479	648	4.77876106e-05	648.00000000	2.38123047e+15	2.60485250e+15	2.28686345e-03
64900	75278.27217078	649	4.78613569e-05	649.00000000	2.38137257e+15	2.60499457e+15	2.28698251e-03
65000	75394.31161965	650	4.79351032e-05	650.00000000	2.38151400e+15	2.60513597e+15	2.28710103e-03
65100	75510.26238297	651	4.80088496e-05	651.00000000	2.38165476e+15	2.60527669e+15	2.28721897e-03
65200	75626.29921521	652	4.80825959e-05	652.00000000	2.38179485e+15	2.60541675e+15	2.28733638e-03
65300	75742.27852993	653	4.81563422e-05	653.00000000	2.38193427e+15	2.60555614e+15	2.28745321e-03
65400	75858.21812125	654	4.82300885e-05	654.00000000	2.38207302e+15	2.60569487e+15	2.28756949e-03
65500	75974.29610668	655	4.83038348e-05	655.00000000	2.38221113e+15	2.60583294e+15	2.28768523e-03
65600	76090.41212675	656	4.83775811e-05	656.00000000	2.38234858e+15	2.60597037e+15	2.28780041e-03
65700	76206.55147359	657	4.84513274e-05	657.00000000	2.38248539e+15	2.60610714e+15	2.28791506e-03
65800	76321.86599517	658	4.85250737e-05	658.00000000	2.38262155e+15	2.60624327e+15	2.28802916e-03
65900	76437.05515689	659	4.85988201e-05	659.00000000	2.38275707e+15	2.60637876e+15	2.28814270e-03
66000	76552.43746741	660	4.86725664e-05	660.00000000	2.38289195e+15	2.60651362e+15	2.28825573e-03
66100	76668.01919531	661	4.87463127e-05	661.00000000	2.38302620e+15	2.60664784e+15	2.28836822e-03
66200	76783.58311445	662	4.88200590e-05	662.00000000	2.38315982e+15	2.60678144e+15	2.28848018e-03
66300	76899.45622165	663	4.88938053e-05	663.00000000	2.38329281e+15	2.60691441e+15	2.28859161e-03
66400	77015.36800764	664	4.89675516e-05	664.00000000	2.38342517e+15	2.60704675e+15	2.28870252e-03
66500	77130.77872210	665	4.90412979e-05	665.00000000	2.38355691e+15	2.60717846e+15	2.28881291e-03
66600	77246.20377593	666	4.91150442e-05	666.00000000	2.38368802e+15	2.60730956e+15	2.28892278e-03
66700	77360.90870255	667	4.91887906e-05	667.00000000	2.38381853e+15	2.60744004e+15	2.28903214e-03
66800	77475.30338188	668	4.92625369e-05	668.00000000	2.38394841e+15	2.60756991e+15	2.28914099e-03
66900	77589.65591030	669	4.93362832e-05	669.00000000	2.38407768e+15	2.60769917e+15	2.28924929e-03
67000	77704.01302368	670	4.94100295e-05	670.00000000	2.38420634e+15	2.60782781e+15	2.28935711e-03
67100	77818.34756436	671	4.94837758e-05	671.00000000	2.38433440e+15	2.60795585e+15	2.28946442e-03
67200	77933.99675389	672	4.95575221e-05	672.00000000	2.38446185e+15	2.60808329e+15	2.28957122e-03
67300	78050.27746545	673	4.96312684e-05	673.00000000	2.38458870e+15	2.60821013e+15	2.28967751e-03
67400	78166.54608945	674	4.97050147e-05	674.00000000	2.38471496e+15	2.60833637e+15	2.28978331e-03
67500	78282.89991579	675	4.97787611e-05	675.00000000	2.38484063e+15	2.60846202e+15	2.28988860e-03
67600	78399.17966225	676	4.98525074e-05	676.00000000	2.38496570e+15	2.60858707e+15	2.28999341e-03
67700	78515.34947530	677	4.99262537e-05	677.00000000	2.38509018e+15	2.60871154e+15	2.29009772e-03
67800	78631.51560382	678	5.00000000e-05	678.00000000	2.38521407e+15	2.60883542e+15	2.29020154e-03
67900	78747.74975245	679	5.00737463e-05	679.00000000	2.38533738e+15	2.60895872e+15	2.29030487e-03
68000	78864.00231875	680	5.01474926e-05	680.00000000	2.38546011e+15	2.60908143e+15	2.29040771e-03
68100	78980.25622694	681	5.02212389e-05	681.00000000	2.38558225e+15	2.60920357e+15	2.29051005e-03
68200	79096.29718860	682	5.02949853e-05	682.00000000	2.38570382e+15	2.60932513e+15	2.29061193e-03
68300	79212.35378848	683	5.03687316e-05	683.00000000	2.38582482e+15	2.60944613e+15	2.29071333e-03
68400	79328.44227408	684	5.04424779e-05	684.00000000	2.38594525e+15	2.60956655e+15	2.29081424e-03
68500	79444.58538124	685	5.05162242e-05	685.00000000	2.38606512e+15	2.60968640e+15	2.29091471e-03
68600	79560.69984263	686	5.05899705e-05	686.00000000	2.38618441e+15	2.60980569e+15	2.29101466e-03
68700	79676.79609280	687	5.06637168e-05	687.00000000	2.38630315e+15	2.60992442e+15	2.29111415e-03
68800	79792.93321661	688	5.07374631e-05	688.00000000	2.38642132e+15	2.61004259e+15	2.29121315e-03
68900	79909.02868943	689	5.08112094e-05	689.00000000	2.38653894e+15	2.61016021e+15	2.29131168e-03
69000	80025.15599943	690	5.08849558e-05	690.00000000	2.38665600e+15	2.61027726e+15	2.29140976e-03
69100	80140.26496314	691	5.09587021e-05	691.00000000	2.38677251e+15	2.61039377e+15	2.29150738e-03
69200	80255.03234895	692	5.10324484e-05	692.00000000	2.38688847e+15	2.61050973e+15	2.29160455e-03
69300	80369.80906288	693	5.11061947e-05	693.00000000	2.38700388e+15	2.61062514e+15	2.29170126e-03
69400	80484.59339053	694	5.11799410e-05	694.00000000	2.38711875e+15	2.61074001e+15	2.29179748e-03
69500	80599.73224055	695	5.12536873e-05	695.00000000	2.38723308e+15	2.61085433e+15	2.29189327e-03
69600	80715.85393482	696	5.13274336e-05	696.00000000	2.38734687e+15	2.61096812e+15	2.29198862e-03
69700	80831.97124749	697	5.14011799e-05	697.00000000	2.38746012e+15	2.61108137e+15	2.29208351e-03
69800	80948.11955646	698	5.14749263e-05	698.00000000	2.38757284e+15	2.61119409e+15	2.29217796e-03
69900	81064.26399324	699	5.15486726e-05	699.00000000	2.38768502e+15	2.61130627e+15	2.29227196e-03
70000	81179.71569251	700	5.16224189e-05	700.00000000	2.38779667e+15	2.61141793e+15	2.29236551e-03
70100	81294.51265810	701	5.16961652e-05	701.00000000	2.38790780e+15	2.61152906e+15	2.29245862e-03
70200	81409.36366888	702	5.17699115e-05	702.00000000	2.38801841e+15	2.61163966e+15	2.29255129e-03
70300	81524.14023577	703	5.18436578e-05	703.00000000	2.38812849e+15	2.61174975e+15	2.29264353e-03
70400	81638.91561773	704	5.19174041e-05	704.00000000	2.38823805e+15	2.61185931e+15	2.29273531e-03
70500	81754.07124660	705	5.19911504e-05	705.00000000	2.38834709e+15	2.61196835e+15	2.29282667e-03
70600	81869.44058254	706	5.20648968e-05	706.00000000	2.38845562e+15	2.61207689e+15	2.29291760e-03
70700	81985.29742571	707	5.21386431e-05	707.00000000	2.38856364e+15	2.61218491e+15	2.29300811e-03
70800	82101.62188451	708	5.22123894e-05	708.00000000	2.38867115e+15	2.61229242e+15	2.29309817e-03
70900	82217.84696648	709	5.22861357e-05	709.00000000	2.38877815e+15	2.61239942e+15	2.29318782e-03
71000	82333.93382996	710	5.23598820e-05	710.00000000	2.38888464e+15	2.61250591e+15	2.29327705e-03
71100	82450.04185840	711	5.24336283e-05	711.00000000	2.38899063e+15	2.61261191e+15	2.29336586e-03
71200	82566.00074928	712	5.25073746e-05	712.00000000	2.38909612e+15	2.61271741e+15	2.29345425e-03
71300	82682.04611024	713	5.25811209e-05	713.00000000	2.38920111e+15	2.61282241e+15	2.29354223e-03
71400	82798.06038161	714	5.26548673e-05	714.00000000	2.38930561e+15	2.61292691e+15	2.29362980e-03
71500	82914.08865370	715	5.27286136e-05	715.00000000	2.38940962e+15	2.61303093e+15	2.29371694e-03
71600	83030.03914362	716	5.28023599e-05	716.00000000	2.38951314e+15	2.61313445e+15	2.29380368e-03
71700	83145.26194095	717	5.28761062e-05	717.00000000	2.38961617e+15	2.61323749e+15	2.29389002e-03
71800	83261.01759630	718	5.29498525e-05	718.00000000	2.38971871e+15	2.61334005e+15	2.29397592e-03
71900	83376.81302327	719	5.30235988e-05	719.00000000	2.38982078e+15	2.61344212e+15	2.29406144e-03
72000	83491.76721309	720	5.30973451e-05	720.00000000	2.38992236e+15	2.61354371e+15	2.29414652e-03
72100	83606.72191021	721	5.31710914e-05	721.00000000	2.39002346e+15	2.61364482e+15	2.29423123e-03
72200	83721.92770390	722	5.32448378e-05	722.00000000	2.39012408e+15	2.61374545e+15	2.29431555e-03
72300	83837.01937866	723	5.33185841e-05	723.00000000	2.39022423e+15	2.61384561e+15	2.29439944e-03
72400	83952.35884743	724	5.33923304e-05	724.00000000	2.39032391e+15	2.61394530e+15	2.29448296e-03
72500	84066.98634245	725	5.34660767e-05	725.00000000	2.39042312e+15	2.61404452e+15	2.29456607e-03
72600	84182.01178778	726	5.35398230e-05	726.00000000	2.39052185e+15	2.61414327e+15	2.29464880e-03
72700	84297.77075098	727	5.36135693e-05	727.00000000	2.39062013e+15	2.61424156e+15	2.29473114e-03
72800	84413.47273673	728	5.36873156e-05	728.00000000	2.39071794e+15	2.61433938e+15	2.29481310e-03
72900	84529.41433432	729	5.37610619e-05	729.00000000	2.39081528e+15	2.61443673e+15	2.29489466e-03
73000	84645.33244695	730	5.38348083e-05	730.00000000	2.39091217e+15	2.61453363e+15	2.29497584e-03
73100	84761.23737281	731	5.39085546e-05	731.00000000	2.39100860e+15	2.61463007e+15	2.29505665e-03
73200	84876.53807759	732	5.39823009e-05	732.00000000	2.39110457e+15	2.61472606e+15	2.29513707e-03
73300	84991.66642531	733	5.40560472e-05	733.00000000	2.39120009e+15	2.61482159e+15	2.29521709e-03
73400	85106.82834105	734	5.41297935e-05	734.00000000	2.39129515e+15	2.61491667e+15	2.29529674e-03
73500	85221.66844217	735	5.42035398e-05	735.00000000	2.39138977e+15	2.61501131e+15	2.29537601e-03
73600	85336.51625851	736	5.42772861e-05	736.00000000	2.39148395e+15	2.61510550e+15	2.29545491e-03
73700	85451.76379926	737	5.43510324e-05	737.00000000	2.39157768e+15	2.61519924e+15	2.29553344e-03
73800	85567.55764101	738	5.44247788e-05	738.00000000	2.39167096e+15	2.61529254e+15	2.29561157e-03
73900	85683.29772912	739	5.44985251e-05	739.00000000	2.39176381e+15	2.61538541e+15	2.29568936e-03
74000	85799.03327815	740	5.45722714e-05	740.00000000	2.39185622e+15	2.61547783e+15	2.29576679e-03
74100	85914.78599591	741	5.46460177e-05	741.00000000	2.39194820e+15	2.61556983e+15	2.29584383e-03
74200	86030.21756309	742	5.47197640e-05	742.00000000	2.39203974e+15	2.61566139e+15	2.29592052e-03
74300	86145.41662966	743	5.47935103e-05	743.00000000	2.39213086e+15	2.61575252e+15	2.29599687e-03
74400	86260.09739632	744	5.48672566e-05	744.00000000	2.39222155e+15	2.61584322e+15	2.29607285e-03
74500	86374.79705499	745	5.49410029e-05	745.00000000	2.39231181e+15	2.61593349e+15	2.29614848e-03
74600	86489.67171570	746	5.50147493e-05	746.00000000	2.39240165e+15	2.61602335e+15	2.29622374e-03
74700	86604.58229127	747	5.50884956e-05	747.00000000	2.39249106e+15	2.61611278e+15	2.29629865e-03
74800	86720.03682165	748	5.51622419e-05	748.00000000	2.39258005e+15	2.61620179e+15	2.29637321e-03
74900	86835.55548660	749	5.52359882e-05	749.00000000	2.39266863e+15	2.61629039e+15	2.29644742e-03
75000	86951.30198692	750	5.53097345e-05	750.00000000	2.39275679e+15	2.61637857e+15	2.29652128e-03
75100	87067.30201940	751	5.53834808e-05	751.00000000	2.39284454e+15	2.61646633e+15	2.29659480e-03
75200	87183.30939509	752	5.54572271e-05	752.00000000	2.39293187e+15	2.61655369e+15	2.29666797e-03
75300	87299.32072120	753	5.55309735e-05	753.00000000	2.39301880e+15	2.61664063e+15	2.29674077e-03
75400	87414.69427005	754	5.56047198e-05	754.00000000	2.39310531e+15	2.61672717e+15	2.29681325e-03
75500	87529.68250834	755	5.56784661e-05	755.00000000	2.39319142e+15	2.61681330e+15	2.29688540e-03
75600	87644.65963085	756	5.57522124e-05	756.00000000	2.39327713e+15	2.61689902e+15	2.29695721e-03
75700	87759.54528568	757	5.58259587e-05	757.00000000	2.39336244e+15	2.61698435e+15	2.29702868e-03
75800	87875.12962915	758	5.58997050e-05	758.00000000	2.39344734e+15	2.61706927e+15	2.29709982e-03
75900	87990.90482359	759	5.59734513e-05	759.00000000	2.39353185e+15	2.61715380e+15	2.29717060e-03
76000	88106.66637571	760	5.60471976e-05	760.00000000	2.39361596e+15	2.61723793e+15	2.29724105e-03
76100	88222.41836510	761	5.61209440e-05	761.00000000	2.39369968e+15	2.61732167e+15	2.29731118e-03
76200	88338.14954134	762	5.61946903e-05	762.00000000	2.39378300e+15	2.61740502e+15	2.29738098e-03
76300	88453.92556845	763	5.62684366e-05	763.00000000	2.39386594e+15	2.61748798e+15	2.29745045e-03
76400	88569.70914568	764	5.63421829e-05	764.00000000	2.39394849e+15	2.61757054e+15	2.29751963e-03
76500	88685.53393833	765	5.64159292e-05	765.00000000	2.39403065e+15	2.61765273e+15	2.29758847e-03
76600	88801.32590920	766	5.64896755e-05	766.00000000	2.39411243e+15	2.61773453e+15	2.29765698e-03
76700	88917.10099879	767	5.65634218e-05	767.00000000	2.39419383e+15	2.61781595e+15	2.29772518e-03
76800	89032.89209400	768	5.66371681e-05	768.00000000	2.39427485e+15	2.61789700e+15	2.29779306e-03
76900	89148.75734816	769	5.67109145e-05	769.00000000	2.39435549e+15	2.61797766e+15	2.29786063e-03
77000	89264.55378485	770	5.67846608e-05	770.00000000	2.39443576e+15	2.61805795e+15	2.29792787e-03
77100	89380.28063851	771	5.68584071e-05	771.00000000	2.39451565e+15	2.61813786e+15	2.29799481e-03
77200	89495.66943022	772	5.69321534e-05	772.00000000	2.39459516e+15	2.61821740e+15	2.29806143e-03
77300	89610.80812812	773	5.70058997e-05	773.00000000	2.39467431e+15	2.61829656e+15	2.29812774e-03
77400	89725.87091951	774	5.70796460e-05	774.00000000	2.39475308e+15	2.61837536e+15	2.29819373e-03
77500	89841.10093189	775	5.71533923e-05	775.00000000	2.39483149e+15	2.61845379e+15	2.29825942e-03
77600	89956.32528902	776	5.72271386e-05	776.00000000	2.39490952e+15	2.61853185e+15	2.29832480e-03
77700	90071.77495929	777	5.73008850e-05	777.00000000	2.39498720e+15	2.61860955e+15	2.29838986e-03
77800	90187.70658482	778	5.73746313e-05	778.00000000	2.39506451e+15	2.61868689e+15	2.29845463e-03
77900	90303.60404292	779	5.74483776e-05	779.00000000	2.39514146e+15	2.61876386e+15	2.29851910e-03
78000	90418.60911209	780	5.75221239e-05	780.00000000	2.39521805e+15	2.61884048e+15	2.29858328e-03
78100	90533.58884694	781	5.75958702e-05	781.00000000	2.39529429e+15	2.61891674e+15	2.29864715e-03
78200	90648.98685676	782	5.76696165e-05	782.00000000	2.39537017e+15	2.61899264e+15	2.29871070e-03
78300	90764.95487106	783	5.77433628e-05	783.00000000	2.39544569e+15	2.61906819e+15	2.29877396e-03
78400	90880.95496023	784	5.78171091e-05	784.00000000	2.39552086e+15	2.61914339e+15	2.29883693e-03
78500	90996.76319452	785	5.78908555e-05	785.00000000	2.39559568e+15	2.61921823e+15	2.29889961e-03
78600	91112.53745872	786	5.79646018e-05	786.00000000	2.39567016e+15	2.61929273e+15	2.29896201e-03
78700	91228.53315122	787	5.80383481e-05	787.00000000	2.39574428e+15	2.61936688e+15	2.29902411e-03
78800	91344.52742649	788	5.81120944e-05	788.00000000	2.39581806e+15	2.61944069e+15	2.29908591e-03
78900	91460.34820359	789	5.81858407e-05	789.00000000	2.39589150e+15	2.61951415e+15	2.29914743e-03
79000	91576.20467799	790	5.82595870e-05	790.00000000	2.39596459e+15	2.61958727e+15	2.29920866e-03
79100	91692.02039471	791	5.83333333e-05	791.00000000	2.39603734e+15	2.61966004e+15	2.29926961e-03
79200	91807.86765233	792	5.84070796e-05	792.00000000	2.39610975e+15	2.61973249e+15	2.29933027e-03
79300	91923.65258505	793	5.84808260e-05	793.00000000	2.39618183e+15	2.61980459e+15	2.29939063e-03
79400	92039.32166544	794	5.85545723e-05	794.00000000	2.39625357e+15	2.61987636e+15	2.29945073e-03
79500	92155.05963206	795	5.86283186e-05	795.00000000	2.39632498e+15	2.61994779e+15	2.29951054e-03
79600	92270.77234718	796	5.87020649e-05	796.00000000	2.39639606e+15	2.62001890e+15	2.29957009e-03
79700	92386.46996666	797	5.87758112e-05	797.00000000	2.39646680e+15	2.62008967e+15	2.29962935e-03
79800	92502.11418114	798	5.88495575e-05	798.00000000	2.39653722e+15	2.62016012e+15	2.29968833e-03
79900	92616.34010318	799	5.89233038e-05	799.00000000	2.39660732e+15	2.62023024e+15	2.29974705e-03
80000	92730.60125676	800	5.89970501e-05	800.00000000	2.39667708e+15	2.62030003e+15	2.29980549e-03
80100	92844.82863550	801	5.90707965e-05	801.00000000	2.39674653e+15	2.62036950e+15	2.29986366e-03
80200	92959.06709641	802	5.91445428e-05	802.00000000	2.39681565e+15	2.62043865e+15	2.29992157e-03
80300	93073.74389155	803	5.92182891e-05	803.00000000	2.39688445e+15	2.62050748e+15	2.29997920e-03
80400	93188.88623870	804	5.92920354e-05	804.00000000	2.39695293e+15	2.62057599e+15	2.30003657e-03
80500	93304.12722703	805	5.93657817e-05	805.00000000	2.39702109e+15	2.62064418e+15	2.30009367e-03
80600	93419.34026168	806	5.94395280e-05	806.00000000	2.39708894e+15	2.62071205e+15	2.30015051e-03
80700	93534.41538547	807	5.95132743e-05	807.00000000	2.39715647e+15	2.62077961e+15	2.30020708e-03
80800	93649.80853729	808	5.95870206e-05	808.00000000	2.39722369e+15	2.62084686e+15	2.30026336e-03
80900	93765.10543788	809	5.96607670e-05	809.00000000	2.39729059e+15	2.62091379e+15	2.30031939e-03
81000	93881.33811578	810	5.97345133e-05	810.00000000	2.39735718e+15	2.62098041e+15	2.30037517e-03
81100	93998.59563233	811	5.98082596e-05	811.00000000	2.39742346e+15	2.62104672e+15	2.30043070e-03
81200	94115.87127017	812	5.98820059e-05	812.00000000	2.39748943e+15	2.62111272e+15	2.30048597e-03
81300	94233.07455574	813	5.99557522e-05	813.00000000	2.39755510e+15	2.62117842e+15	2.30054098e-03
81400	94350.24280817	814	6.00294985e-05	814.00000000	2.39762046e+15	2.62124381e+15	2.30059573e-03
81500	94467.48045756	815	6.01032448e-05	815.00000000	2.39768552e+15	2.62130890e+15	2.30065023e-03
81600	94584.59343743	816	6.01769912e-05	816.00000000	2.39775028e+15	2.62137368e+15	2.30070448e-03
81700	94701.77862522	817	6.02507375e-05	817.00000000	2.39781473e+15	2.62143817e+15	2.30075848e-03
81800	94818.94822211	818	6.03244838e-05	818.00000000	2.39787888e+15	2.62150235e+15	2.30081221e-03
81900	94935.63186004	819	6.03982301e-05	819.00000000	2.39794274e+15	2.62156624e+15	2.30086572e-03
82000	95052.26480841	820	6.04719764e-05	820.00000000	2.39800630e+15	2.62162982e+15	2.30091897e-03
82100	95168.28690174	821	6.05457227e-05	821.00000000	2.39806956e+15	2.62169312e+15	2.30097197e-03
82200	95283.84086406	822	6.06194690e-05	822.00000000	2.39813253e+15	2.62175612e+15	2.30102472e-03
82300	95399.55515169	823	6.06932153e-05	823.00000000	2.39819521e+15	2.62181882e+15	2.30107722e-03
82400	95516.71030102	824	6.07669617e-05	824.00000000	2.39825760e+15	2.62188124e+15	2.30112949e-03
82500	95633.80481608	825	6.08407080e-05	825.00000000	2.39831969e+15	2.62194336e+15	2.30118150e-03
82600	95750.81351112	826	6.09144543e-05	826.00000000	2.39838149e+15	2.62200519e+15	2.30123327e-03
82700	95867.75226544	827	6.09882006e-05	827.00000000	2.39844300e+15	2.62206673e+15	2.30128480e-03
82800	95984.71425337	828	6.10619469e-05	828.00000000	2.39850422e+15	2.62212798e+15	2.30133607e-03
82900	96101.64893227	829	6.11356932e-05	829.00000000	2.39856515e+15	2.62218894e+15	2.30138712e-03
83000	96217.97449478	830	6.12094395e-05	830.00000000	2.39862580e+15	2.62224962e+15	2.30143792e-03
83100	96334.51136056	831	6.12831858e-05	831.00000000	2.39868617e+15	2.62231002e+15	2.30148848e-03
83200	96451.11007779	832	6.13569322e-05	832.00000000	2.39874625e+15	2.62237013e+15	2.30153881e-03
83300	96567.46377765	833	6.14306785e-05	833.00000000	2.39880605e+15	2.62242996e+15	2.30158890e-03
83400	96682.70058920	834	6.15044248e-05	834.00000000	2.39886556e+15	2.62248951e+15	2.30163876e-03
83500	96797.80579549	835	6.15781711e-05	835.00000000	2.39892480e+15	2.62254878e+15	2.30168839e-03
83600	96911.72796898	836	6.16519174e-05	836.00000000	2.39898376e+15	2.62260777e+15	2.30173778e-03
83700	97025.18717869	837	6.17256637e-05	837.00000000	2.39904244e+15	2.62266648e+15	2.30178694e-03
83800	97138.68361054	838	6.17994100e-05	838.00000000	2.39910085e+15	2.62272492e+15	2.30183583e-03
83900	97252.26046836	839	6.18731563e-05	839.00000000	2.39915898e+15	2.62278308e+15	2.30188452e-03
84000	97366.38656359	840	6.19469027e-05	840.00000000	2.39921684e+15	2.62284097e+15	2.30193299e-03
84100	97481.78458258	841	6.20206490e-05	841.00000000	2.39927443e+15	2.62289859e+15	2.30198123e-03
84200	97597.10537132	842	6.20943953e-05	842.00000000	2.39933174e+15	2.62295594e+15	2.30202925e-03
84300	97712.76879587	843	6.21681416e-05	843.00000000	2.39938879e+15	2.62301301e+15	2.30207703e-03
84400	97828.53477581	844	6.22418879e-05	844.00000000	2.39944557e+15	2.62306982e+15	2.30212459e-03
84500	97944.26766044	845	6.23156342e-05	845.00000000	2.39950208e+15	2.62312636e+15	2.30217193e-03
84600	98060.00850664	846	6.23893805e-05	846.00000000	2.39955832e+15	2.62318264e+15	2.30221905e-03
84700	98175.84933933	847	6.24631268e-05	847.00000000	2.39961430e+15	2.62323865e+15	2.30226594e-03
84800	98291.43225959	848	6.25368732e-05	848.00000000	2.39967002e+15	2.62329440e+15	2.30231261e-03
84900	98406.68265082	849	6.26106195e-05	849.00000000	2.39972547e+15	2.62334988e+15	2.30235905e-03
85000	98521.95299019	850	6.26843658e-05	850.00000000	2.39978066e+15	2.62340511e+15	2.30240528e-03
85100	98637.18922803	851	6.27581121e-05	851.00000000	2.39983560e+15	2.62346007e+15	2.30245130e-03
85200	98752.97894403	852	6.28318584e-05	852.00000000	2.39989027e+15	2.62351478e+15	2.30249710e-03
85300	98868.86706391	853	6.29056047e-05	853.00000000	2.39994469e+15	2.62356923e+15	2.30254268e-03
85400	98984.47909663	854	6.29793510e-05	854.00000000	2.39999885e+15	2.62362342e+15	2.30258803e-03
85500	99100.09624408	855	6.30530973e-05	855.00000000	2.40005276e+15	2.62367735e+15	2.30263318e-03
85600	99215.64266705	856	6.31268437e-05	856.00000000	2.40010641e+15	2.62373104e+15	2.30267813e-03
85700	99331.48322315	857	6.32005900e-05	857.00000000	2.40015981e+15	2.62378447e+15	2.30272285e-03
85800	99447.33251527	858	6.32743363e-05	858.00000000	2.40021296e+15	2.62383764e+15	2.30276737e-03
85900	99561.67639303	859	6.33480826e-05	859.00000000	2.40026585e+15	2.62389057e+15	2.30281168e-03
86000	99675.71196089	860	6.34218289e-05	860.00000000	2.40031850e+15	2.62394325e+15	2.30285578e-03
86100	99790.76064069	861	6.34955752e-05	861.00000000	2.40037091e+15	2.62399569e+15	2.30289967e-03
86200	99906.37900070	862	6.35693215e-05	862.00000000	2.40042306e+15	2.62404787e+15	2.30294336e-03
86300	100021.98129188	863	6.36430678e-05	863.00000000	2.40047497e+15	2.62409981e+15	2.30298684e-03
86400	100137.65313645	864	6.37168142e-05	864.00000000	2.40052664e+15	2.62415151e+15	2.30303012e-03
86500	100253.28465965	865	6.37905605e-05	865.00000000	2.40057806e+15	2.62420296e+15	2.30307320e-03
86600	100367.83034114	866	6.38643068e-05	866.00000000	2.40062924e+15	2.62425417e+15	2.30311607e-03
86700	100481.45427332	867	6.39380531e-05	867.00000000	2.40068019e+15	2.62430514e+15	2.30315874e-03
86800	100595.02324714	868	6.40117994e-05	868.00000000	2.40073089e+15	2.62435587e+15	2.30320121e-03
86900	100708.62804260	869	6.40855457e-05	869.00000000	2.40078135e+15	2.62440637e+15	2.30324348e-03
87000	100822.26122392	870	6.41592920e-05	870.00000000	2.40083158e+15	2.62445662e+15	2.30328555e-03
87100	100937.33194846	871	6.42330383e-05	871.00000000	2.40088157e+15	2.62450664e+15	2.30332743e-03
87200	101052.38543976	872	6.43067847e-05	872.00000000	2.40093132e+15	2.62455643e+15	2.30336910e-03
87300	101167.63916924	873	6.43805310e-05	873.00000000	2.40098084e+15	2.62460598e+15	2.30341058e-03
87400	101283.70074008	874	6.44542773e-05	874.00000000	2.40103013e+15	2.62465530e+15	2.30345185e-03
87500	101399.67023621	875	6.45280236e-05	875.00000000	2.40107919e+15	2.62470438e+15	2.30349292e-03
87600	101514.54942551	876	6.46017699e-05	876.00000000	2.40112801e+15	2.62475323e+15	2.30353382e-03
87700	101629.70769063	877	6.46755162e-05	877.00000000	2.40117661e+15	2.62480186e+15	2.30357451e-03
87800	101744.63151706	878	6.47492625e-05	878.00000000	2.40122497e+15	2.62485025e+15	2.30361502e-03
87900	101859.92496908	879	6.48230088e-05	879.00000000	2.40127311e+15	2.62489842e+15	2.30365534e-03
88000	101975.64491460	880	6.48967552e-05	880.00000000	2.40132102e+15	2.62494636e+15	2.30369547e-03
88100	102091.42971453	881	6.49705015e-05	881.00000000	2.40136871e+15	2.62499408e+15	2.30373541e-03
88200	102207.13611687	882	6.50442478e-05	882.00000000	2.40141618e+15	2.62504158e+15	2.30377517e-03
88300	102322.76974164	883	6.51179941e-05	883.00000000	2.40146342e+15	2.62508885e+15	2.30381475e-03
88400	102438.44714321	884	6.51917404e-05	884.00000000	2.40151044e+15	2.62513590e+15	2.30385413e-03
88500	102554.18193762	885	6.52654867e-05	885.00000000	2.40155724e+15	2.62518273e+15	2.30389333e-03
88600	102670.15273039	886	6.53392330e-05	886.00000000	2.40160382e+15	2.62522933e+15	2.30393234e-03
88700	102786.50885517	887	6.54129794e-05	887.00000000	2.40165018e+15	2.62527572e+15	2.30397117e-03
88800	102902.95964779	888	6.54867257e-05	888.00000000	2.40169632e+15	2.62532190e+15	2.30400982e-03
88900	103019.08253886	889	6.55604720e-05	889.00000000	2.40174225e+15	2.62536785e+15	2.30404829e-03
89000	103134.91655713	890	6.56342183e-05	890.00000000	2.40178796e+15	2.62541359e+15	2.30408657e-03
89100	103250.66695662	891	6.57079646e-05	891.00000000	2.40183346e+15	2.62545911e+15	2.30412468e-03
89200	103366.44626854	892	6.57817109e-05	892.00000000	2.40187874e+15	2.62550443e+15	2.30416260e-03
89300	103482.21549239	893	6.58554572e-05	893.00000000	2.40192381e+15	2.62554952e+15	2.30420035e-03
89400	103598.00844218	894	6.59292035e-05	894.00000000	2.40196866e+15	2.62559441e+15	2.30423793e-03
89500	103713.77590867	895	6.60029499e-05	895.00000000	2.40201331e+15	2.62563908e+15	2.30427532e-03
89600	103829.55965014	896	6.60766962e-05	896.00000000	2.40205774e+15	2.62568355e+15	2.30431254e-03
89700	103945.33829076	897	6.61504425e-05	897.00000000	2.40210197e+15	2.62572781e+15	2.30434958e-03
89800	104061.11472418	898	6.62241888e-05	898.00000000	2.40214599e+15	2.62577185e+15	2.30438644e-03
89900	104176.39474684	899	6.62979351e-05	899.00000000	2.40218980e+15	2.62581569e+15	2.30442314e-03
90000	104291.41733046	900	6.63716814e-05	900.00000000	2.40223341e+15	2.62585933e+15	2.30445966e-03
90100	104406.40754501	901	6.64454277e-05	901.00000000	2.40227681e+15	2.62590276e+15	2.30449602e-03
90200	104521.42705598	902	6.65191740e-05	902.00000000	2.40232001e+15	2.62594598e+15	2.30453220e-03
90300	104636.84969809	903	6.65929204e-05	903.00000000	2.40236301e+15	2.62598901e+15	2.30456821e-03
90400	104752.44949207	904	6.66666667e-05	904.00000000	2.40240580e+15	2.62603183e+15	2.30460405e-03
90500	104868.07503420	905	6.67404130e-05	905.00000000	2.40244840e+15	2.62607445e+15	2.30463972e-03
90600	104983.68368532	906	6.68141593e-05	906.00000000	2.40249080e+15	2.62611687e+15	2.30467523e-03
90700	105099.24116804	907	6.68879056e-05	907.00000000	2.40253300e+15	2.62615910e+15	2.30471058e-03
90800	105214.83362999	908	6.69616519e-05	908.00000000	2.40257500e+15	2.62620112e+15	2.30474576e-03
90900	105330.22354730	909	6.70353982e-05	909.00000000	2.40261680e+15	2.62624295e+15	2.30478077e-03
91000	105445.48216177	910	6.71091445e-05	910.00000000	2.40265841e+15	2.62628459e+15	2.30481562e-03
91100	105560.79328973	911	6.71828909e-05	911.00000000	2.40269982e+15	2.62632603e+15	2.30485031e-03
91200	105676.12786210	912	6.72566372e-05	912.00000000	2.40274104e+15	2.62636727e+15	2.30488484e-03
91300	105791.32735253	913	6.73303835e-05	913.00000000	2.40278207e+15	2.62640833e+15	2.30491920e-03
91400	105906.06720903	914	6.74041298e-05	914.00000000	2.40282290e+15	2.62644919e+15	2.30495340e-03
91500	106020.78782966	915	6.74778761e-05	915.00000000	2.40286354e+15	2.62648986e+15	2.30498743e-03
91600	106136.31149310	916	6.75516224e-05	916.00000000	2.40290400e+15	2.62653034e+15	2.30502131e-03
91700	106251.88667927	917	6.76253687e-05	917.00000000	2.40294426e+15	2.62657063e+15	2.30505503e-03
91800	106367.46334160	918	6.76991150e-05	918.00000000	2.40298434e+15	2.62661073e+15	2.30508858e-03
91900	106482.48327648	919	6.77728614e-05	919.00000000	2.40302422e+15	2.62665065e+15	2.30512198e-03
92000	106597.21590133	920	6.78466077e-05	920.00000000	2.40306392e+15	2.62669037e+15	2.30515521e-03
92100	106711.97622510	921	6.79203540e-05	921.00000000	2.40310344e+15	2.62672991e+15	2.30518831e-03
92200	106826.71058526	922	6.79941003e-05	922.00000000	2.40314276e+15	2.62676927e+15	2.30522125e-03
92300	106941.44111065	923	6.80678466e-05	923.00000000	2.40318191e+15	2.62680844e+15	2.30525403e-03
92400	107056.61042485	924	6.81415929e-05	924.00000000	2.40322087e+15	2.62684742e+15	2.30528666e-03
92500	107172.09579119	925	6.82153392e-05	925.00000000	2.40325964e+15	2.62688623e+15	2.30531914e-03
92600	107287.59646800	926	6.82890855e-05	926.00000000	2.40329824e+15	2.62692485e+15	2.30535146e-03
92700	107403.11076405	927	6.83628319e-05	927.00000000	2.40333665e+15	2.62696329e+15	2.30538364e-03
92800	107518.64219153	928	6.84365782e-05	928.00000000	2.40337489e+15	2.62700155e+15	2.30541566e-03
92900	107634.11446708	929	6.85103245e-05	929.00000000	2.40341294e+15	2.62703963e+15	2.30544754e-03
93000	107749.57591072	930	6.85840708e-05	930.00000000	2.40345082e+15	2.62707753e+15	2.30547925e-03
93100	107865.10948679	931	6.86578171e-05	931.00000000	2.40348852e+15	2.62711526e+15	2.30551083e-03
93200	107980.75197571	932	6.87315634e-05	932.00000000	2.40352604e+15	2.62715281e+15	2.30554224e-03
93300	108096.26620491	933	6.88053097e-05	933.00000000	2.40356338e+15	2.62719017e+15	2.30557351e-03
93400	108209.77660217	934	6.88790560e-05	934.00000000	2.40360055e+15	2.62722737e+15	2.30560464e-03
93500	108323.25389061	935	6.89528024e-05	935.00000000	2.40363754e+15	2.62726439e+15	2.30563563e-03
93600	108436.67100618	936	6.90265487e-05	936.00000000	2.40367437e+15	2.62730123e+15	2.30566647e-03
93700	108550.26322232	937	6.91002950e-05	937.00000000	2.40371101e+15	2.62733790e+15	2.30569716e-03
93800	108664.57907362	938	6.91740413e-05	938.00000000	2.40374749e+15	2.62737440e+15	2.30572771e-03
93900	108778.92039312	939	6.92477876e-05	939.00000000	2.40378379e+15	2.62741073e+15	2.30575811e-03
94000	108894.53729537	940	6.93215339e-05	940.00000000	2.40381992e+15	2.62744688e+15	2.30578838e-03
94100	109010.34645747	941	6.93952802e-05	941.00000000	2.40385588e+15	2.62748287e+15	2.30581849e-03
94200	109126.17396317	942	6.94690265e-05	942.00000000	2.40389167e+15	2.62751869e+15	2.30584847e-03
94300	109241.51297639	943	6.95427729e-05	943.00000000	2.40392729e+15	2.62755433e+15	2.30587830e-03
94400	109357.24962239	944	6.96165192e-05	944.00000000	2.40396274e+15	2.62758981e+15	2.30590800e-03
94500	109472.94481958	945	6.96902655e-05	945.00000000	2.40399803e+15	2.62762513e+15	2.30593756e-03
94600	109588.70939798	946	6.97640118e-05	946.00000000	2.40403316e+15	2.62766028e+15	2.30596698e-03
94700	109704.31392232	947	6.98377581e-05	947.00000000	2.40406812e+15	2.62769526e+15	2.30599626e-03
94800	109818.66016960	948	6.99115044e-05	948.00000000	2.40410291e+15	2.62773008e+15	2.30602540e-03
94900	109933.02903494	949	6.99852507e-05	949.00000000	2.40413754e+15	2.62776474e+15	2.30605441e-03
95000	110047.37159396	950	7.00589971e-05	950.00000000	2.40417201e+15	2.62779923e+15	2.30608328e-03
95100	110161.69847017	951	7.01327434e-05	951.00000000	2.40420632e+15	2.62783356e+15	2.30611201e-03
95200	110276.43209359	952	7.02064897e-05	952.00000000	2.40424046e+15	2.62786773e+15	2.30614061e-03
95300	110392.18837143	953	7.02802360e-05	953.00000000	2.40427444e+15	2.62790174e+15	2.30616907e-03
95400	110507.91395177	954	7.03539823e-05	954.00000000	2.40430827e+15	2.62793559e+15	2.30619740e-03
95500	110623.72582938	955	7.04277286e-05	955.00000000	2.40434193e+15	2.62796928e+15	2.30622560e-03
95600	110739.52448555	956	7.05014749e-05	956.00000000	2.40437544e+15	2.62800281e+15	2.30625366e-03
95700	110854.71971673	957	7.05752212e-05	957.00000000	2.40440879e+15	2.62803619e+15	2.30628159e-03
95800	110969.27093886	958	7.06489676e-05	958.00000000	2.40444198e+15	2.62806940e+15	2.30630939e-03
95900	111083.77010756	959	7.07227139e-05	959.00000000	2.40447502e+15	2.62810247e+15	2.30633706e-03
96000	111198.79799823	960	7.07964602e-05	960.00000000	2.40450790e+15	2.62813537e+15	2.30636461e-03
96100	111314.33099035	961	7.08702065e-05	961.00000000	2.40454063e+15	2.62816813e+15	2.30639202e-03
96200	111429.87967043	962	7.09439528e-05	962.00000000	2.40457321e+15	2.62820072e+15	2.30641930e-03
96300	111545.34634009	963	7.10176991e-05	963.00000000	2.40460563e+15	2.62823317e+15	2.30644646e-03
96400	111660.85695585	964	7.10914454e-05	964.00000000	2.40463790e+15	2.62826546e+15	2.30647349e-03
96500	111776.44962907	965	7.11651917e-05	965.00000000	2.40467001e+15	2.62829760e+15	2.30650039e-03
96600	111892.09577824	966	7.12389381e-05	966.00000000	2.40470198e+15	2.62832959e+15	2.30652716e-03
96700	112007.72816845	967	7.13126844e-05	967.00000000	2.40473380e+15	2.62836143e+15	2.30655381e-03
96800	112123.39836381	968	7.13864307e-05	968.00000000	2.40476546e+15	2.62839312e+15	2.30658033e-03
96900	112238.98735128	969	7.14601770e-05	969.00000000	2.40479698e+15	2.62842466e+15	2.30660672e-03
97000	112354.61273937	970	7.15339233e-05	970.00000000	2.40482835e+15	2.62845606e+15	2.30663300e-03
97100	112470.37238298	971	7.16076696e-05	971.00000000	2.40485957e+15	2.62848730e+15	2.30665914e-03
97200	112586.13060984	972	7.16814159e-05	972.00000000	2.40489065e+15	2.62851840e+15	2.30668517e-03
97300	112701.91488321	973	7.17551622e-05	973.00000000	2.40492157e+15	2.62854935e+15	2.30671108e-03
97400	112817.73858653	974	7.18289086e-05	974.00000000	2.40495236e+15	2.62858016e+15	2.30673686e-03
97500	112933.49977922	975	7.19026549e-05	975.00000000	2.40498300e+15	2.62861082e+15	2.30676250e-03
97600	113049.31377146	976	7.19764012e-05	976.00000000	2.40501349e+15	2.62864134e+15	2.30678804e-03
97700	113165.10603176	977	7.20501475e-05	977.00000000	2.40504384e+15	2.62867171e+15	2.30681346e-03
97800	113280.87732759	978	7.21238938e-05	978.00000000	2.40507405e+15	2.62870195e+15	2.30683876e-03
97900	113396.29733010	979	7.21976401e-05	979.00000000	2.40510411e+15	2.62873203e+15	2.30686394e-03
98000	113511.23035187	980	7.22713864e-05	980.00000000	2.40513404e+15	2.62876198e+15	2.30688899e-03
98100	113626.06108514	981	7.23451327e-05	981.00000000	2.40516382e+15	2.62879179e+15	2.30691394e-03
98200	113740.86000419	982	7.24188791e-05	982.00000000	2.40519347e+15	2.62882145e+15	2.30693877e-03
98300	113855.86564372	983	7.24926254e-05	983.00000000	2.40522297e+15	2.62885098e+15	2.30696348e-03
98400	113970.88706648	984	7.25663717e-05	984.00000000	2.40525234e+15	2.62888037e+15	2.30698807e-03
98500	114085.91589925	985	7.26401180e-05	985.00000000	2.40528156e+15	2.62890962e+15	2.30701255e-03
98600	114200.98069551	986	7.27138643e-05	986.00000000	2.40531065e+15	2.62893873e+15	2.30703692e-03
98700	114316.06345942	987	7.27876106e-05	987.00000000	2.40533960e+15	2.62896771e+15	2.30706117e-03
98800	114431.61144394	988	7.28613569e-05	988.00000000	2.40536842e+15	2.62899654e+15	2.30708530e-03
98900	114545.85390105	989	7.29351032e-05	989.00000000	2.40539710e+15	2.62902525e+15	2.30710932e-03
99000	114660.40308899	990	7.30088496e-05	990.00000000	2.40542565e+15	2.62905382e+15	2.30713323e-03
99100	114777.76902105	991	7.30825959e-05	991.00000000	2.40545406e+15	2.62908225e+15	2.30715703e-03
99200	114895.85512500	992	7.31563422e-05	992.00000000	2.40548234e+15	2.62911055e+15	2.30718074e-03
99300	115014.07637809	993	7.32300885e-05	993.00000000	2.40551049e+15	2.62913872e+15	2.30720432e-03
99400	115132.36959433	994	7.33038348e-05	994.00000000	2.40553851e+15	2.62916676e+15	2.30722779e-03
99500	115250.65021940	995	7.33775811e-05	995.00000000	2.40556639e+15	2.62919467e+15	2.30725115e-03
99600	115368.79937279	996	7.34513274e-05	996.00000000	2.40559415e+15	2.62922245e+15	2.30727440e-03
99700	115486.93499026	997	7.35250737e-05	997.00000000	2.40562178e+15	2.62925010e+15	2.30729755e-03
99800	115605.01703461	998	7.35988201e-05	998.00000000	2.40564927e+15	2.62927762e+15	2.30732058e-03
99900	115723.11821468	999	7.36725664e-05	999.00000000	2.40567664e+15	2.62930501e+15	2.30734350e-03
100000	115841.21996596	1000	7.37463127e-05	1000.00000000	2.40570388e+15	2.62933227e+15	2.30736632e-03
100100	115959.31106947	1001	7.38200590e-05	1001.00000000	2.40573099e+15	2.62935941e+15	2.30738903e-03
100200	116077.43275122	1002	7.38938053e-05	1002.00000000	2.40575798e+15	2.62938642e+15	2.30741163e-03
100300	116195.63942827	1003	7.39675516e-05	1003.00000000	2.40578483e+15	2.62941330e+15	2.30743413e-03
100400	116313.92213046	1004	7.40412979e-05	1004.00000000	2.40581156e+15	2.62944005e+15	2.30745652e-03
100500	116431.16205093	1005	7.41150442e-05	1005.00000000	2.40583817e+15	2.62946668e+15	2.30747880e-03
100600	116547.12301683	1006	7.41887906e-05	1006.00000000	2.40586465e+15	2.62949318e+15	2.30750097e-03
100700	116663.75790321	1007	7.42625369e-05	1007.00000000	2.40589100e+15	2.62951956e+15	2.30752304e-03
100800	116780.41070471	1008	7.43362832e-05	1008.00000000	2.40591723e+15	2.62954581e+15	2.30754501e-03
100900	116897.02864167	1009	7.44100295e-05	1009.00000000	2.40594334e+15	2.62957194e+15	2.30756688e-03
101000	117013.34159078	1010	7.44837758e-05	1010.00000000	2.40596932e+15	2.62959794e+15	2.30758864e-03
101100	117129.38815695	1011	7.45575221e-05	1011.00000000	2.40599518e+15	2.62962383e+15	2.30761030e-03
101200	117245.45657135	1012	7.46312684e-05	1012.00000000	2.40602093e+15	2.62964959e+15	2.30763186e-03
101300	117361.57602196	1013	7.47050147e-05	1013.00000000	2.40604655e+15	2.62967523e+15	2.30765332e-03
101400	117477.65672250	1014	7.47787611e-05	1014.00000000	2.40607205e+15	2.62970075e+15	2.30767468e-03
101500	117593.77576203	1015	7.48525074e-05	1015.00000000	2.40609743e+15	2.62972616e+15	2.30769593e-03
101600	117709.89025764	1016	7.49262537e-05	1016.00000000	2.40612269e+15	2.62975144e+15	2.30771709e-03
101700	117826.36764571	1017	7.50000000e-05	1017.00000000	2.40614783e+15	2.62977660e+15	2.30773815e-03
101800	117943.14935910	1018	7.50737463e-05	1018.00000000	2.40617286e+15	2.62980165e+15	2.30775911e-03
101900	118059.86885418	1019	7.51474926e-05	1019.00000000	2.40619776e+15	2.62982658e+15	2.30777997e-03
102000	118176.58957463	1020	7.52212389e-05	1020.00000000	2.40622255e+15	2.62985139e+15	2.30780072e-03
102100	118293.35529315	1021	7.52949853e-05	1021.00000000	2.40624723e+15	2.62987608e+15	2.30782139e-03
102200	118410.09393512	1022	7.53687316e-05	1022.00000000	2.40627179e+15	2.62990066e+15	2.30784196e-03
102300	118526.89782293	1023	7.54424779e-05	1023.00000000	2.40629623e+15	2.62992512e+15	2.30786242e-03
102400	118643.84266193	1024	7.55162242e-05	1024.00000000	2.40632056e+15	2.62994947e+15	2.30788279e-03
102500	118760.86188317	1025	7.55899705e-05	1025.00000000	2.40634477e+15	2.62997370e+15	2.30790307e-03
102600	118877.87685740	1026	7.56637168e-05	1026.00000000	2.40636887e+15	2.62999782e+15	2.30792326e-03
102700	118994.88408550	1027	7.57374631e-05	1027.00000000	2.40639285e+15	2.63002183e+15	2.30794335e-03
102800	119111.85249082	1028	7.58112094e-05	1028.00000000	2.40641673e+15	2.63004573e+15	2.30796334e-03
102900	119228.68530349	1029	7.58849558e-05	1029.00000000	2.40644049e+15	2.63006951e+15	2.30798324e-03
103000	119345.40355739	1030	7.59587021e-05	1030.00000000	2.40646414e+15	2.63009318e+15	2.30800305e-03
103100	119462.14643659	1031	7.60324484e-05	1031.00000000	2.40648768e+15	2.63011674e+15	2.30802277e-03
103200	119578.90511332	1032	7.61061947e-05	1032.00000000	2.40651111e+15	2.63014018e+15	2.30804239e-03
103300	119695.66948524	1033	7.61799410e-05	1033.00000000	2.40653443e+15	2.63016352e+15	2.30806192e-03
103400	119812.37299375	1034	7.62536873e-05	1034.00000000	2.40655763e+15	2.63018675e+15	2.30808135e-03
103500	119929.21505325	1035	7.63274336e-05	1035.00000000	2.40658073e+15	2.63020987e+15	2.30810070e-03
103600	120046.03115532	1036	7.64011799e-05	1036.00000000	2.40660372e+15	2.63023288e+15	2.30811995e-03
103700	120162.56643841	1037	7.64749263e-05	1037.00000000	2.40662660e+15	2.63025578e+15	2.30813912e-03
103800	120278.55550805	1038	7.65486726e-05	1038.00000000	2.40664938e+15	2.63027857e+15	2.30815819e-03
103900	120394.51034388	1039	7.66224189e-05	1039.00000000	2.40667204e+15	2.63030126e+15	2.30817718e-03
104000	120510.43128952	1040	7.66961652e-05	1040.00000000	2.40669461e+15	2.63032384e+15	2.30819607e-03
104100	120625.81533229	1041	7.67699115e-05	1041.00000000	2.40671706e+15	2.63034632e+15	2.30821488e-03
104200	120741.18713429	1042	7.68436578e-05	1042.00000000	2.40673941e+15	2.63036868e+15	2.30823360e-03
104300	120857.01784518	1043	7.69174041e-05	1043.00000000	2.40676166e+15	2.63039095e+15	2.30825223e-03
104400	120972.93128030	1044	7.69911504e-05	1044.00000000	2.40678380e+15	2.63041311e+15	2.30827077e-03
104500	121088.83034706	1045	7.70648968e-05	1045.00000000	2.40680583e+15	2.63043516e+15	2.30828923e-03
104600	121204.63799803	1046	7.71386431e-05	1046.00000000	2.40682776e+15	2.63045711e+15	2.30830759e-03
104700	121320.38358454	1047	7.72123894e-05	1047.00000000	2.40684959e+15	2.63047896e+15	2.30832587e-03
104800	121436.09372891	1048	7.72861357e-05	1048.00000000	2.40687131e+15	2.63050070e+15	2.30834407e-03
104900	121551.77759232	1049	7.73598820e-05	1049.00000000	2.40689293e+15	2.63052234e+15	2.30836218e-03
105000	121668.09405775	1050	7.74336283e-05	1050.00000000	2.40691445e+15	2.63054388e+15	2.30838020e-03
105100	121784.61587106	1051	7.75073746e-05	1051.00000000	2.40693587e+15	2.63056532e+15	2.30839814e-03
105200	121900.97525397	1052	7.75811209e-05	1052.00000000	2.40695719e+15	2.63058665e+15	2.30841599e-03
105300	122017.24681646	1053	7.76548673e-05	1053.00000000	2.40697841e+15	2.63060789e+15	2.30843377e-03
105400	122133.51774132	1054	7.77286136e-05	1054.00000000	2.40699953e+15	2.63062903e+15	2.30845146e-03
105500	122249.79181783	1055	7.78023599e-05	1055.00000000	2.40702055e+15	2.63065006e+15	2.30846906e-03
105600	122366.04310407	1056	7.78761062e-05	1056.00000000	2.40704147e+15	2.63067100e+15	2.30848657e-03
105700	122482.45510537	1057	7.79498525e-05	1057.00000000	2.40706229e+15	2.63069184e+15	2.30850400e-03
105800	122598.86788001	1058	7.80235988e-05	1058.00000000	2.40708301e+15	2.63071258e+15	2.30852136e-03
105900	122715.33924772	1059	7.80973451e-05	1059.00000000	2.40710364e+15	2.63073323e+15	2.30853864e-03
106000	122831.76633161	1060	7.81710914e-05	1060.00000000	2.40712417e+15	2.63075377e+15	2.30855583e-03
106100	122948.07710445	1061	7.82448378e-05	1061.00000000	2.40714460e+15	2.63077422e+15	2.30857293e-03
106200	123064.05480987	1062	7.83185841e-05	1062.00000000	2.40716494e+15	2.63079458e+15	2.30858996e-03
106300	123180.03733343	1063	7.83923304e-05	1063.00000000	2.40718518e+15	2.63081483e+15	2.30860691e-03
106400	123296.20229547	1064	7.84660767e-05	1064.00000000	2.40720532e+15	2.63083500e+15	2.30862378e-03
106500	123412.33526207	1065	7.85398230e-05	1065.00000000	2.40722537e+15	2.63085506e+15	2.30864058e-03
106600	123528.64261184	1066	7.86135693e-05	1066.00000000	2.40724532e+15	2.63087504e+15	2.30865728e-03
106700	123643.99903885	1067	7.86873156e-05	1067.00000000	2.40726519e+15	2.63089491e+15	2.30867391e-03
106800	123759.31664927	1068	7.87610619e-05	1068.00000000	2.40728495e+15	2.63091470e+15	2.30869047e-03
106900	123874.07005988	1069	7.88348083e-05	1069.00000000	2.40730463e+15	2.63093439e+15	2.30870695e-03
107000	123988.49911441	1070	7.89085546e-05	1070.00000000	2.40732421e+15	2.63095399e+15	2.30872335e-03
107100	124103.37129126	1071	7.89823009e-05	1071.00000000	2.40734370e+15	2.63097350e+15	2.30873967e-03
107200	124219.26869447	1072	7.90560472e-05	1072.00000000	2.40736310e+15	2.63099291e+15	2.30875592e-03
107300	124335.15423301	1073	7.91297935e-05	1073.00000000	2.40738241e+15	2.63101224e+15	2.30877209e-03
107400	124451.11013778	1074	7.92035398e-05	1074.00000000	2.40740162e+15	2.63103147e+15	2.30878818e-03
107500	124567.14007098	1075	7.92772861e-05	1075.00000000	2.40742075e+15	2.63105061e+15	2.30880420e-03
107600	124683.16265700	1076	7.93510324e-05	1076.00000000	2.40743978e+15	2.63106966e+15	2.30882014e-03
107700	124799.13945955	1077	7.94247788e-05	1077.00000000	2.40745873e+15	2.63108863e+15	2.30883601e-03
107800	124915.00235568	1078	7.94985251e-05	1078.00000000	2.40747759e+15	2.63110750e+15	2.30885179e-03
107900	125030.45522071	1079	7.95722714e-05	1079.00000000	2.40749636e+15	2.63112629e+15	2.30886751e-03
108000	125146.84863004	1080	7.96460177e-05	1080.00000000	2.40751504e+15	2.63114498e+15	2.30888315e-03
108100	125264.86172390	1081	7.97197640e-05	1081.00000000	2.40753363e+15	2.63116359e+15	2.30889872e-03
108200	125383.00640672	1082	7.97935103e-05	1082.00000000	2.40755213e+15	2.63118211e+15	2.30891422e-03
108300	125501.01443555	1083	7.98672566e-05	1083.00000000	2.40757055e+15	2.63120055e+15	2.30892964e-03
108400	125619.06733566	1084	7.99410029e-05	1084.00000000	2.40758888e+15	2.63121890e+15	2.30894500e-03
108500	125737.08793295	1085	8.00147493e-05	1085.00000000	2.40760713e+15	2.63123716e+15	2.30896027e-03
108600	125855.09935585	1086	8.00884956e-05	1086.00000000	2.40762529e+15	2.63125534e+15	2.30897548e-03
108700	125972.79384590	1087	8.01622419e-05	1087.00000000	2.40764336e+15	2.63127343e+15	2.30899062e-03
108800	126090.05985838	1088	8.02359882e-05	1088.00000000	2.40766135e+15	2.63129143e+15	2.30900568e-03
108900	126206.86599507	1089	8.03097345e-05	1089.00000000	2.40767926e+15	2.63130935e+15	2.30902068e-03
109000	126323.36170760	1090	8.03834808e-05	1090.00000000	2.40769708e+15	2.63132719e+15	2.30903560e-03
109100	126439.26609353	1091	8.04572271e-05	1091.00000000	2.40771482e+15	2.63134494e+15	2.30905046e-03
109200	126555.16808176	1092	8.05309735e-05	1092.00000000	2.40773247e+15	2.63136261e+15	2.30906525e-03
109300	126672.09740222	1093	8.06047198e-05	1093.00000000	2.40775004e+15	2.63138020e+15	2.30907996e-03
109400	126789.80039649	1094	8.06784661e-05	1094.00000000	2.40776753e+15	2.63139770e+15	2.30909461e-03
109500	126907.54301182	1095	8.07522124e-05	1095.00000000	2.40778494e+15	2.63141513e+15	2.30910919e-03
109600	127024.87529521	1096	8.08259587e-05	1096.00000000	2.40780226e+15	2.63143247e+15	2.30912369e-03
109700	127141.03199815	1097	8.08997050e-05	1097.00000000	2.40781950e+15	2.63144973e+15	2.30913813e-03
109800	127257.80868619	1098	8.09734513e-05	1098.00000000	2.40783667e+15	2.63146690e+15	2.30915251e-03
109900	127374.23302775	1099	8.10471976e-05	1099.00000000	2.40785375e+15	2.63148400e+15	2.30916682e-03
110000	127490.99729503	1100	8.11209440e-05	1100.00000000	2.40787075e+15	2.63150102e+15	2.30918105e-03
110100	127606.55932509	1101	8.11946903e-05	1101.00000000	2.40788767e+15	2.63151795e+15	2.30919522e-03
110200	127721.40296056	1102	8.12684366e-05	1102.00000000	2.40790451e+15	2.63153481e+15	2.30920932e-03
110300	127836.26084186	1103	8.13421829e-05	1103.00000000	2.40792127e+15	2.63155159e+15	2.30922336e-03
110400	127951.09593034	1104	8.14159292e-05	1104.00000000	2.40793795e+15	2.63156828e+15	2.30923732e-03
110500	128066.87271890	1105	8.14896755e-05	1105.00000000	2.40795456e+15	2.63158490e+15	2.30925123e-03
110600	128182.70805723	1106	8.15634218e-05	1106.00000000	2.40797109e+15	2.63160145e+15	2.30926507e-03
110700	128298.58168867	1107	8.16371681e-05	1107.00000000	2.40798754e+15	2.63161791e+15	2.30927885e-03
110800	128414.54925436	1108	8.17109145e-05	1108.00000000	2.40800391e+15	2.63163430e+15	2.30929256e-03
110900	128530.53854905	1109	8.17846608e-05	1109.00000000	2.40802020e+15	2.63165061e+15	2.30930621e-03
111000	128646.52742603	1110	8.18584071e-05	1110.00000000	2.40803642e+15	2.63166685e+15	2.30931979e-03
111100	128762.51371328	1111	8.19321534e-05	1111.00000000	2.40805257e+15	2.63168300e+15	2.30933331e-03
111200	128878.29051225	1112	8.20058997e-05	1112.00000000	2.40806863e+15	2.63169909e+15	2.30934677e-03
111300	128993.86054522	1113	8.20796460e-05	1113.00000000	2.40808463e+15	2.63171509e+15	2.30936016e-03
111400	129109.37337420	1114	8.21533923e-05	1114.00000000	2.40810054e+15	2.63173103e+15	2.30937349e-03
111500	129224.89146498	1115	8.22271386e-05	1115.00000000	2.40811639e+15	2.63174688e+15	2.30938676e-03
111600	129340.45279343	1116	8.23008850e-05	1116.00000000	2.40813216e+15	2.63176267e+15	2.30939996e-03
111700	129456.02376268	1117	8.23746313e-05	1117.00000000	2.40814785e+15	2.63177837e+15	2.30941311e-03
111800	129571.62553712	1118	8.24483776e-05	1118.00000000	2.40816347e+15	2.63179401e+15	2.30942619e-03
111900	129687.33363548	1119	8.25221239e-05	1119.00000000	2.40817902e+15	2.63180957e+15	2.30943921e-03
112000	129802.98186470	1120	8.25958702e-05	1120.00000000	2.40819449e+15	2.63182506e+15	2.30945217e-03
112100	129918.68252375	1121	8.26696165e-05	1121.00000000	2.40820990e+15	2.63184048e+15	2.30946507e-03
112200	130034.31786213	1122	8.27433628e-05	1122.00000000	2.40822523e+15	2.63185582e+15	2.30947791e-03
112300	130149.93904501	1123	8.28171091e-05	1123.00000000	2.40824048e+15	2.63187109e+15	2.30949069e-03
112400	130265.53124173	1124	8.28908555e-05	1124.00000000	2.40825567e+15	2.63188630e+15	2.30950341e-03
112500	130381.15263706	1125	8.29646018e-05	1125.00000000	2.40827079e+15	2.63190143e+15	2.30951607e-03
112600	130496.78288112	1126	8.30383481e-05	1126.00000000	2.40828583e+15	2.63191648e+15	2.30952867e-03
112700	130612.34125360	1127	8.31120944e-05	1127.00000000	2.40830081e+15	2.63193147e+15	2.30954121e-03
112800	130727.92470175	1128	8.31858407e-05	1128.00000000	2.40831571e+15	2.63194639e+15	2.30955369e-03
112900	130843.50021735	1129	8.32595870e-05	1129.00000000	2.40833054e+15	2.63196124e+15	2.30956612e-03
113000	130959.06402401	1130	8.33333333e-05	1130.00000000	2.40834531e+15	2.63197602e+15	2.30957848e-03
113100	131074.63387530	1131	8.34070796e-05	1131.00000000	2.40836000e+15	2.63199072e+15	2.30959079e-03
113200	131190.19212857	1132	8.34808260e-05	1132.00000000	2.40837463e+15	2.63200536e+15	2.30960304e-03
113300	131305.74233574	1133	8.35545723e-05	1133.00000000	2.40838918e+15	2.63201993e+15	2.30961523e-03
113400	131421.19818865	1134	8.36283186e-05	1134.00000000	2.40840367e+15	2.63203443e+15	2.30962736e-03
113500	131536.68408127	1135	8.37020649e-05	1135.00000000	2.40841809e+15	2.63204887e+15	2.30963944e-03
113600	131651.87962334	1136	8.37758112e-05	1136.00000000	2.40843244e+15	2.63206323e+15	2.30965146e-03
113700	131766.77521642	1137	8.38495575e-05	1137.00000000	2.40844673e+15	2.63207753e+15	2.30966342e-03
113800	131881.63432340	1138	8.39233038e-05	1138.00000000	2.40846095e+15	2.63209176e+15	2.30967533e-03
113900	131996.50302714	1139	8.39970501e-05	1139.00000000	2.40847510e+15	2.63210593e+15	2.30968718e-03
114000	132111.42238052	1140	8.40707965e-05	1140.00000000	2.40848918e+15	2.63212003e+15	2.30969897e-03
114100	132226.95024677	1141	8.41445428e-05	1141.00000000	2.40850320e+15	2.63213406e+15	2.30971072e-03
114200	132342.87998929	1142	8.42182891e-05	1142.00000000	2.40851716e+15	2.63214802e+15	2.30972240e-03
114300	132458.75604791	1143	8.42920354e-05	1143.00000000	2.40853105e+15	2.63216192e+15	2.30973403e-03
114400	132574.62559115	1144	8.43657817e-05	1144.00000000	2.40854487e+15	2.63217576e+15	2.30974561e-03
114500	132690.44831287	1145	8.44395280e-05	1145.00000000	2.40855863e+15	2.63218953e+15	2.30975714e-03
114600	132805.56373811	1146	8.45132743e-05	1146.00000000	2.40857232e+15	2.63220324e+15	2.30976860e-03
114700	132920.33071624	1147	8.45870206e-05	1147.00000000	2.40858595e+15	2.63221688e+15	2.30978002e-03
114800	133035.08244040	1148	8.46607670e-05	1148.00000000	2.40859952e+15	2.63223046e+15	2.30979138e-03
114900	133150.50419706	1149	8.47345133e-05	1149.00000000	2.40861302e+15	2.63224397e+15	2.30980269e-03
115000	133266.30395495	1150	8.48082596e-05	1150.00000000	2.40862646e+15	2.63225742e+15	2.30981394e-03
115100	133382.00954632	1151	8.48820059e-05	1151.00000000	2.40863983e+15	2.63227081e+15	2.30982515e-03
115200	133497.41740274	1152	8.49557522e-05	1152.00000000	2.40865315e+15	2.63228414e+15	2.30983630e-03
115300	133612.92838190	1153	8.50294985e-05	1153.00000000	2.40866640e+15	2.63229740e+15	2.30984740e-03
115400	133728.33283712	1154	8.51032448e-05	1154.00000000	2.40867958e+15	2.63231060e+15	2.30985845e-03
115500	133843.80345748	1155	8.51769912e-05	1155.00000000	2.40869271e+15	2.63232374e+15	2.30986944e-03
115600	133958.59287581	1156	8.52507375e-05	1156.00000000	2.40870577e+15	2.63233682e+15	2.30988038e-03
115700	134073.24008331	1157	8.53244838e-05	1157.00000000	2.40871878e+15	2.63234983e+15	2.30989127e-03
115800	134187.76838071	1158	8.53982301e-05	1158.00000000	2.40873172e+15	2.63236279e+15	2.30990211e-03
115900	134302.29669433	1159	8.54719764e-05	1159.00000000	2.40874460e+15	2.63237568e+15	2.30991290e-03
116000	134417.39435674	1160	8.55457227e-05	1160.00000000	2.40875742e+15	2.63238852e+15	2.30992364e-03
116100	134533.10835750	1161	8.56194690e-05	1161.00000000	2.40877019e+15	2.63240129e+15	2.30993433e-03
116200	134648.83256933	1162	8.56932153e-05	1162.00000000	2.40878289e+15	2.63241400e+15	2.30994497e-03
116300	134764.57449159	1163	8.57669617e-05	1163.00000000	2.40879553e+15	2.63242666e+15	2.30995556e-03
116400	134880.39511223	1164	8.58407080e-05	1164.00000000	2.40880811e+15	2.63243925e+15	2.30996610e-03
116500	134996.06832246	1165	8.59144543e-05	1165.00000000	2.40882063e+15	2.63245179e+15	2.30997658e-03
116600	135111.71463561	1166	8.59882006e-05	1166.00000000	2.40883310e+15	2.63246426e+15	2.30998702e-03
116700	135227.21349051	1167	8.60619469e-05	1167.00000000	2.40884551e+15	2.63247668e+15	2.30999741e-03
116800	135342.49661982	1168	8.61356932e-05	1168.00000000	2.40885785e+15	2.63248904e+15	2.31000775e-03
116900	135458.23529514	1169	8.62094395e-05	1169.00000000	2.40887014e+15	2.63250134e+15	2.31001804e-03
117000	135573.94480080	1170	8.62831858e-05	1170.00000000	2.40888237e+15	2.63251359e+15	2.31002829e-03
117100	135689.62787347	1171	8.63569322e-05	1171.00000000	2.40889455e+15	2.63252577e+15	2.31003848e-03
117200	135805.35656294	1172	8.64306785e-05	1172.00000000	2.40890667e+15	2.63253790e+15	2.31004863e-03
117300	135921.08185197	1173	8.65044248e-05	1173.00000000	2.40891873e+15	2.63254997e+15	2.31005873e-03
117400	136036.79351245	1174	8.65781711e-05	1174.00000000	2.40893073e+15	2.63256199e+15	2.31006878e-03
117500	136152.54807259	1175	8.66519174e-05	1175.00000000	2.40894268e+15	2.63257395e+15	2.31007879e-03
117600	136268.31528354	1176	8.67256637e-05	1176.00000000	2.40895457e+15	2.63258585e+15	2.31008875e-03
117700	136384.22702340	1177	8.67994100e-05	1177.00000000	2.40896640e+15	2.63259769e+15	2.31009866e-03
117800	136499.46977589	1178	8.68731563e-05	1178.00000000	2.40897818e+15	2.63260948e+15	2.31010852e-03
117900	136614.85354412	1179	8.69469027e-05	1179.00000000	2.40898991e+15	2.63262122e+15	2.31011834e-03
118000	136730.75827888	1180	8.70206490e-05	1180.00000000	2.40900157e+15	2.63263290e+15	2.31012812e-03
118100	136846.63623140	1181	8.70943953e-05	1181.00000000	2.40901319e+15	2.63264452e+15	2.31013784e-03
118200	136962.61136598	1182	8.71681416e-05	1182.00000000	2.40902475e+15	2.63265609e+15	2.31014752e-03
118300	137078.61117593	1183	8.72418879e-05	1183.00000000	2.40903625e+15	2.63266761e+15	2.31015716e-03
118400	137194.61072877	1184	8.73156342e-05	1184.00000000	2.40904770e+15	2.63267907e+15	2.31016675e-03
118500	137310.62011312	1185	8.73893805e-05	1185.00000000	2.40905910e+15	2.63269048e+15	2.31017629e-03
118600	137426.50727193	1186	8.74631268e-05	1186.00000000	2.40907044e+15	2.63270183e+15	2.31018579e-03
118700	137541.60530206	1187	8.75368732e-05	1187.00000000	2.40908173e+15	2.63271313e+15	2.31019524e-03
118800	137656.24075126	1188	8.76106195e-05	1188.00000000	2.40909297e+15	2.63272438e+15	2.31020465e-03
118900	137771.21077024	1189	8.76843658e-05	1189.00000000	2.40910415e+15	2.63273557e+15	2.31021402e-03
119000	137886.56000922	1190	8.77581121e-05	1190.00000000	2.40911528e+15	2.63274671e+15	2.31022334e-03
119100	138002.02479177	1191	8.78318584e-05	1191.00000000	2.40912636e+15	2.63275780e+15	2.31023260e-03
119200	138117.98662594	1192	8.79056047e-05	1192.00000000	2.40913738e+15	2.63276884e+15	2.31024184e-03
119300	138233.96678220	1193	8.79793510e-05	1193.00000000	2.40914836e+15	2.63277982e+15	2.31025102e-03
119400	138349.32439939	1194	8.80530973e-05	1194.00000000	2.40915928e+15	2.63279076e+15	2.31026017e-03
119500	138464.56311588	1195	8.81268437e-05	1195.00000000	2.40917015e+15	2.63280164e+15	2.31026927e-03
119600	138579.79941423	1196	8.82005900e-05	1196.00000000	2.40918097e+15	2.63281247e+15	2.31027834e-03
119700	138695.51703428	1197	8.82743363e-05	1197.00000000	2.40919174e+15	2.63282325e+15	2.31028736e-03
119800	138811.65505594	1198	8.83480826e-05	1198.00000000	2.40920246e+15	2.63283398e+15	2.31029633e-03
119900	138927.89040917	1199	8.84218289e-05	1199.00000000	2.40921313e+15	2.63284466e+15	2.31030527e-03
120000	139044.07440082	1200	8.84955752e-05	1200.00000000	2.40922375e+15	2.63285528e+15	2.31031416e-03
120100	139160.22998124	1201	8.85693215e-05	1201.00000000	2.40923431e+15	2.63286586e+15	2.31032301e-03
120200	139275.90881941	1202	8.86430678e-05	1202.00000000	2.40924483e+15	2.63287639e+15	2.31033182e-03
120300	139390.71069640	1203	8.87168142e-05	1203.00000000	2.40925530e+15	2.63288687e+15	2.31034059e-03
120400	139506.58048916	1204	8.87905605e-05	1204.00000000	2.40926572e+15	2.63289730e+15	2.31034932e-03
120500	139622.17818808	1205	8.88643068e-05	1205.00000000	2.40927609e+15	2.63290768e+15	2.31035800e-03
120600	139737.63026105	1206	8.89380531e-05	1206.00000000	2.40928641e+15	2.63291801e+15	2.31036665e-03
120700	139853.57809979	1207	8.90117994e-05	1207.00000000	2.40929668e+15	2.63292829e+15	2.31037525e-03
120800	139969.76526005	1208	8.90855457e-05	1208.00000000	2.40930691e+15	2.63293853e+15	2.31038381e-03
120900	140085.82979211	1209	8.91592920e-05	1209.00000000	2.40931709e+15	2.63294872e+15	2.31039234e-03
121000	140201.85645866	1210	8.92330383e-05	1210.00000000	2.40932721e+15	2.63295885e+15	2.31040082e-03
121100	140317.88591457	1211	8.93067847e-05	1211.00000000	2.40933729e+15	2.63296894e+15	2.31040927e-03
121200	140433.96626074	1212	8.93805310e-05	1212.00000000	2.40934733e+15	2.63297899e+15	2.31041768e-03
121300	140550.10079323	1213	8.94542773e-05	1213.00000000	2.40935731e+15	2.63298898e+15	2.31042604e-03
121400	140666.18411461	1214	8.95280236e-05	1214.00000000	2.40936725e+15	2.63299893e+15	2.31043436e-03
121500	140782.20599336	1215	8.96017699e-05	1215.00000000	2.40937715e+15	2.63300883e+15	2.31044265e-03
121600	140898.28952081	1216	8.96755162e-05	1216.00000000	2.40938699e+15	2.63301869e+15	2.31045090e-03
121700	141014.31761719	1217	8.97492625e-05	1217.00000000	2.40939679e+15	2.63302850e+15	2.31045911e-03
121800	141130.49412038	1218	8.98230088e-05	1218.00000000	2.40940654e+15	2.63303826e+15	2.31046727e-03
121900	141246.62185639	1219	8.98967552e-05	1219.00000000	2.40941625e+15	2.63304798e+15	2.31047540e-03
122000	141362.77807073	1220	8.99705015e-05	1220.00000000	2.40942591e+15	2.63305765e+15	2.31048348e-03
122100	141479.00384414	1221	9.00442478e-05	1221.00000000	2.40943553e+15	2.63306727e+15	2.31049153e-03
122200	141595.61888126	1222	9.01179941e-05	1222.00000000	2.40944510e+15	2.63307685e+15	2.31049955e-03
122300	141712.18686617	1223	9.01917404e-05	1223.00000000	2.40945462e+15	2.63308639e+15	2.31050752e-03
122400	141827.94991231	1224	9.02654867e-05	1224.00000000	2.40946410e+15	2.63309588e+15	2.31051546e-03
122500	141943.34238500	1225	9.03392330e-05	1225.00000000	2.40947354e+15	2.63310532e+15	2.31052336e-03
122600	142058.68574106	1226	9.04129794e-05	1226.00000000	2.40948293e+15	2.63311472e+15	2.31053123e-03
122700	142174.09274817	1227	9.04867257e-05	1227.00000000	2.40949227e+15	2.63312407e+15	2.31053906e-03
122800	142289.44698054	1228	9.05604720e-05	1228.00000000	2.40950157e+15	2.63313339e+15	2.31054685e-03
122900	142404.82523342	1229	9.06342183e-05	1229.00000000	2.40951083e+15	2.63314265e+15	2.31055460e-03
123000	142520.70641808	1230	9.07079646e-05	1230.00000000	2.40952005e+15	2.63315188e+15	2.31056232e-03
123100	142637.01575270	1231	9.07817109e-05	1231.00000000	2.40952922e+15	2.63316106e+15	2.31057000e-03
123200	142753.51343152	1232	9.08554572e-05	1232.00000000	2.40953835e+15	2.63317019e+15	2.31057765e-03
123300	142870.37993170	1233	9.09292035e-05	1233.00000000	2.40954743e+15	2.63317929e+15	2.31058525e-03
123400	142987.08375446	1234	9.10029499e-05	1234.00000000	2.40955647e+15	2.63318834e+15	2.31059283e-03
123500	143103.85486704	1235	9.10766962e-05	1235.00000000	2.40956547e+15	2.63319735e+15	2.31060037e-03
123600	143220.60125748	1236	9.11504425e-05	1236.00000000	2.40957443e+15	2.63320631e+15	2.31060787e-03
123700	143336.77241124	1237	9.12241888e-05	1237.00000000	2.40958334e+15	2.63321523e+15	2.31061533e-03
123800	143452.92424872	1238	9.12979351e-05	1238.00000000	2.40959222e+15	2.63322412e+15	2.31062276e-03
123900	143569.00098931	1239	9.13716814e-05	1239.00000000	2.40960104e+15	2.63323295e+15	2.31063016e-03
124000	143685.16080123	1240	9.14454277e-05	1240.00000000	2.40960983e+15	2.63324175e+15	2.31063752e-03
124100	143801.70229576	1241	9.15191740e-05	1241.00000000	2.40961858e+15	2.63325051e+15	2.31064484e-03
124200	143918.33867765	1242	9.15929204e-05	1242.00000000	2.40962729e+15	2.63325922e+15	2.31065214e-03
124300	144034.62984644	1243	9.16666667e-05	1243.00000000	2.40963595e+15	2.63326790e+15	2.31065939e-03
124400	144150.87465539	1244	9.17404130e-05	1244.00000000	2.40964458e+15	2.63327653e+15	2.31066662e-03
124500	144267.06830578	1245	9.18141593e-05	1245.00000000	2.40965316e+15	2.63328512e+15	2.31067381e-03
124600	144383.26448185	1246	9.18879056e-05	1246.00000000	2.40966170e+15	2.63329367e+15	2.31068096e-03
124700	144499.59384879	1247	9.19616519e-05	1247.00000000	2.40967020e+15	2.63330218e+15	2.31068808e-03
124800	144615.73444925	1248	9.20353982e-05	1248.00000000	2.40967867e+15	2.63331065e+15	2.31069517e-03
124900	144730.63535514	1249	9.21091445e-05	1249.00000000	2.40968709e+15	2.63331909e+15	2.31070223e-03
125000	144846.22277248	1250	9.21828909e-05	1250.00000000	2.40969547e+15	2.63332748e+15	2.31070925e-03
125100	144961.78901262	1251	9.22566372e-05	1251.00000000	2.40970382e+15	2.63333583e+15	2.31071624e-03
125200	145077.43657338	1252	9.23303835e-05	1252.00000000	2.40971212e+15	2.63334414e+15	2.31072319e-03
125300	145193.58374788	1253	9.24041298e-05	1253.00000000	2.40972039e+15	2.63335241e+15	2.31073012e-03
125400	145309.66755079	1254	9.24778761e-05	1254.00000000	2.40972861e+15	2.63336065e+15	2.31073701e-03
125500	145425.73851446	1255	9.25516224e-05	1255.00000000	2.40973680e+15	2.63336884e+15	2.31074386e-03
125600	145541.85035074	1256	9.26253687e-05	1256.00000000	2.40974495e+15	2.63337700e+15	2.31075069e-03
125700	145658.03145204	1257	9.26991150e-05	1257.00000000	2.40975306e+15	2.63338512e+15	2.31075749e-03
125800	145774.28353430	1258	9.27728614e-05	1258.00000000	2.40976113e+15	2.63339320e+15	2.31076425e-03
125900	145889.65245748	1259	9.28466077e-05	1259.00000000	2.40976917e+15	2.63340124e+15	2.31077098e-03
126000	146004.50815850	1260	9.29203540e-05	1260.00000000	2.40977716e+15	2.63340925e+15	2.31077768e-03
126100	146119.16042590	1261	9.29941003e-05	1261.00000000	2.40978512e+15	2.63341721e+15	2.31078434e-03
126200	146233.84820679	1262	9.30678466e-05	1262.00000000	2.40979304e+15	2.63342514e+15	2.31079098e-03
126300	146348.32032270	1263	9.31415929e-05	1263.00000000	2.40980093e+15	2.63343303e+15	2.31079758e-03
126400	146462.05400757	1264	9.32153392e-05	1264.00000000	2.40980877e+15	2.63344089e+15	2.31080415e-03
126500	146575.76010140	1265	9.32890855e-05	1265.00000000	2.40981658e+15	2.63344870e+15	2.31081069e-03
126600	146689.52725458	1266	9.33628319e-05	1266.00000000	2.40982435e+15	2.63345648e+15	2.31081720e-03
126700	146803.32312696	1267	9.34365782e-05	1267.00000000	2.40983209e+15	2.63346422e+15	2.31082368e-03
126800	146917.21275095	1268	9.35103245e-05	1268.00000000	2.40983978e+15	2.63347193e+15	2.31083013e-03
126900	147033.21844042	1269	9.35840708e-05	1269.00000000	2.40984745e+15	2.63347960e+15	2.31083654e-03
127000	147149.21241497	1270	9.36578171e-05	1270.00000000	2.40985507e+15	2.63348724e+15	2.31084293e-03
127100	147265.19761282	1271	9.37315634e-05	1271.00000000	2.40986266e+15	2.63349483e+15	2.31084929e-03
127200	147381.25810276	1272	9.38053097e-05	1272.00000000	2.40987022e+15	2.63350239e+15	2.31085562e-03
127300	147497.27483180	1273	9.38790560e-05	1273.00000000	2.40987774e+15	2.63350992e+15	2.31086191e-03
127400	147613.32477757	1274	9.39528024e-05	1274.00000000	2.40988522e+15	2.63351741e+15	2.31086818e-03
127500	147729.39079707	1275	9.40265487e-05	1275.00000000	2.40989267e+15	2.63352487e+15	2.31087442e-03
127600	147845.44659682	1276	9.41002950e-05	1276.00000000	2.40990008e+15	2.63353229e+15	2.31088063e-03
127700	147960.38124635	1277	9.41740413e-05	1277.00000000	2.40990746e+15	2.63353967e+15	2.31088681e-03
127800	148075.22914690	1278	9.42477876e-05	1278.00000000	2.40991480e+15	2.63354702e+15	2.31089296e-03
127900	148190.01172506	1279	9.43215339e-05	1279.00000000	2.40992211e+15	2.63355434e+15	2.31089908e-03
128000	148304.69728513	1280	9.43952802e-05	1280.00000000	2.40992938e+15	2.63356162e+15	2.31090518e-03
128100	148419.38880483	1281	9.44690265e-05	1281.00000000	2.40993662e+15	2.63356886e+15	2.31091124e-03
128200	148535.18315361	1282	9.45427729e-05	1282.00000000	2.40994383e+15	2.63357608e+15	2.31091728e-03
128300	148651.02791206	1283	9.46165192e-05	1283.00000000	2.40995100e+15	2.63358325e+15	2.31092328e-03
128400	148766.82980081	1284	9.46902655e-05	1284.00000000	2.40995813e+15	2.63359040e+15	2.31092926e-03
128500	148882.63783231	1285	9.47640118e-05	1285.00000000	2.40996524e+15	2.63359751e+15	2.31093521e-03
128600	148997.26134466	1286	9.48377581e-05	1286.00000000	2.40997231e+15	2.63360459e+15	2.31094113e-03
128700	149111.29570540	1287	9.49115044e-05	1287.00000000	2.40997934e+15	2.63361163e+15	2.31094703e-03
128800	149225.58782316	1288	9.49852507e-05	1288.00000000	2.40998635e+15	2.63361864e+15	2.31095289e-03
128900	149340.80402162	1289	9.50589971e-05	1289.00000000	2.40999332e+15	2.63362562e+15	2.31095873e-03
129000	149455.97976811	1290	9.51327434e-05	1290.00000000	2.41000025e+15	2.63363256e+15	2.31096454e-03
129100	149572.10425821	1291	9.52064897e-05	1291.00000000	2.41000716e+15	2.63363947e+15	2.31097033e-03
129200	149688.38826816	1292	9.52802360e-05	1292.00000000	2.41001403e+15	2.63364635e+15	2.31097608e-03
129300	149804.65577905	1293	9.53539823e-05	1293.00000000	2.41002087e+15	2.63365320e+15	2.31098181e-03
129400	149920.95078142	1294	9.54277286e-05	1294.00000000	2.41002768e+15	2.63366001e+15	2.31098751e-03
129500	150037.27469465	1295	9.55014749e-05	1295.00000000	2.41003446e+15	2.63366680e+15	2.31099319e-03
129600	150153.55937450	1296	9.55752212e-05	1296.00000000	2.41004120e+15	2.63367355e+15	2.31099884e-03
129700	150269.37250502	1297	9.56489676e-05	1297.00000000	2.41004791e+15	2.63368027e+15	2.31100446e-03
129800	150385.08945722	1298	9.57227139e-05	1298.00000000	2.41005459e+15	2.63368695e+15	2.31101006e-03
129900	150500.87359978	1299	9.57964602e-05	1299.00000000	2.41006124e+15	2.63369361e+15	2.31101563e-03
130000	150616.60845203	1300	9.58702065e-05	1300.00000000	2.41006786e+15	2.63370023e+15	2.31102117e-03
130100	150732.25929125	1301	9.59439528e-05	1301.00000000	2.41007444e+15	2.63370682e+15	2.31102669e-03
130200	150847.66515803	1302	9.60176991e-05	1302.00000000	2.41008100e+15	2.63371338e+15	2.31103218e-03
130300	150962.81671650	1303	9.60914454e-05	1303.00000000	2.41008752e+15	2.63371991e+15	2.31103764e-03
130400	151077.94146812	1304	9.61651917e-05	1304.00000000	2.41009401e+15	2.63372641e+15	2.31104308e-03
130500	151193.39469417	1305	9.62389381e-05	1305.00000000	2.41010047e+15	2.63373288e+15	2.31104849e-03
130600	151308.97137515	1306	9.63126844e-05	1306.00000000	2.41010691e+15	2.63373932e+15	2.31105388e-03
130700	151424.54060479	1307	9.63864307e-05	1307.00000000	2.41011331e+15	2.63374573e+15	2.31105924e-03
130800	151540.38232018	1308	9.64601770e-05	1308.00000000	2.41011968e+15	2.63375211e+15	2.31106458e-03
130900	151656.26743654	1309	9.65339233e-05	1309.00000000	2.41012602e+15	2.63375845e+15	2.31106989e-03
131000	151771.82089620	1310	9.66076696e-05	1310.00000000	2.41013233e+15	2.63376477e+15	2.31107518e-03
131100	151886.73554135	1311	9.66814159e-05	1311.00000000	2.41013861e+15	2.63377106e+15	2.31108044e-03
131200	152001.42020718	1312	9.67551622e-05	1312.00000000	2.41014486e+15	2.63377731e+15	2.31108567e-03
131300	152115.31576438	1313	9.68289086e-05	1313.00000000	2.41015108e+15	2.63378354e+15	2.31109089e-03
131400	152229.27989932	1314	9.69026549e-05	1314.00000000	2.41015727e+15	2.63378974e+15	2.31109607e-03
131500	152343.23850705	1315	9.69764012e-05	1315.00000000	2.41016344e+15	2.63379591e+15	2.31110123e-03
131600	152457.16821613	1316	9.70501475e-05	1316.00000000	2.41016957e+15	2.63380205e+15	2.31110637e-03
131700	152571.64025009	1317	9.71238938e-05	1317.00000000	2.41017568e+15	2.63380816e+15	2.31111148e-03
131800	152687.13262227	1318	9.71976401e-05	1318.00000000	2.41018175e+15	2.63381424e+15	2.31111657e-03
131900	152802.59012981	1319	9.72713864e-05	1319.00000000	2.41018780e+15	2.63382030e+15	2.31112164e-03
132000	152917.89261416	1320	9.73451327e-05	1320.00000000	2.41019382e+15	2.63382632e+15	2.31112668e-03
132100	153033.75276790	1321	9.74188791e-05	1321.00000000	2.41019981e+15	2.63383232e+15	2.31113170e-03
132200	153150.01190035	1322	9.74926254e-05	1322.00000000	2.41020577e+15	2.63383828e+15	2.31113670e-03
132300	153266.23669421	1323	9.75663717e-05	1323.00000000	2.41021170e+15	2.63384422e+15	2.31114167e-03
132400	153382.54169295	1324	9.76401180e-05	1324.00000000	2.41021761e+15	2.63385014e+15	2.31114662e-03
132500	153498.40909540	1325	9.77138643e-05	1325.00000000	2.41022349e+15	2.63385602e+15	2.31115154e-03
132600	153614.12107458	1326	9.77876106e-05	1326.00000000	2.41022934e+15	2.63386188e+15	2.31115644e-03
132700	153729.27068859	1327	9.78613569e-05	1327.00000000	2.41023516e+15	2.63386770e+15	2.31116132e-03
132800	153844.34055343	1328	9.79351032e-05	1328.00000000	2.41024095e+15	2.63387350e+15	2.31116617e-03
132900	153959.81150898	1329	9.80088496e-05	1329.00000000	2.41024672e+15	2.63387928e+15	2.31117100e-03
133000	154075.41965704	1330	9.80825959e-05	1330.00000000	2.41025246e+15	2.63388502e+15	2.31117581e-03
133100	154190.98965448	1331	9.81563422e-05	1331.00000000	2.41025817e+15	2.63389074e+15	2.31118059e-03
133200	154306.51928328	1332	9.82300885e-05	1332.00000000	2.41026386e+15	2.63389643e+15	2.31118535e-03
133300	154421.94690574	1333	9.83038348e-05	1333.00000000	2.41026952e+15	2.63390209e+15	2.31119009e-03
133400	154536.92269758	1334	9.83775811e-05	1334.00000000	2.41027515e+15	2.63390773e+15	2.31119480e-03
133500	154651.99370069	1335	9.84513274e-05	1335.00000000	2.41028075e+15	2.63391334e+15	2.31119950e-03
133600	154766.97529809	1336	9.85250737e-05	1336.00000000	2.41028633e+15	2.63391893e+15	2.31120417e-03
133700	154881.96330928	1337	9.85988201e-05	1337.00000000	2.41029188e+15	2.63392448e+15	2.31120882e-03
133800	154997.13851016	1338	9.86725664e-05	1338.00000000	2.41029741e+15	2.63393001e+15	2.31121345e-03
133900	155113.00046522	1339	9.87463127e-05	1339.00000000	2.41030291e+15	2.63393552e+15	2.31121805e-03
134000	155228.85811239	1340	9.88200590e-05	1340.00000000	2.41030838e+15	2.63394100e+15	2.31122264e-03
134100	155344.16107442	1341	9.88938053e-05	1341.00000000	2.41031383e+15	2.63394645e+15	2.31122720e-03
134200	155459.30870960	1342	9.89675516e-05	1342.00000000	2.41031925e+15	2.63395188e+15	2.31123174e-03
134300	155573.97059531	1343	9.90412979e-05	1343.00000000	2.41032464e+15	2.63395728e+15	2.31123626e-03
134400	155688.55405134	1344	9.91150442e-05	1344.00000000	2.41033002e+15	2.63396266e+15	2.31124076e-03
134500	155802.97426073	1345	9.91887906e-05	1345.00000000	2.41033536e+15	2.63396801e+15	2.31124524e-03
134600	155918.08489278	1346	9.92625369e-05	1346.00000000	2.41034068e+15	2.63397333e+15	2.31124970e-03
134700	156033.04863540	1347	9.93362832e-05	1347.00000000	2.41034598e+15	2.63397863e+15	2.31125413e-03
134800	156147.97612564	1348	9.94100295e-05	1348.00000000	2.41035125e+15	2.63398391e+15	2.31125855e-03
134900	156263.09705419	1349	9.94837758e-05	1349.00000000	2.41035649e+15	2.63398916e+15	2.31126294e-03
135000	156379.20109751	1350	9.95575221e-05	1350.00000000	2.41036171e+15	2.63399438e+15	2.31126731e-03
135100	156495.30048593	1351	9.96312684e-05	1351.00000000	2.41036691e+15	2.63399958e+15	2.31127166e-03
135200	156611.40495553	1352	9.97050147e-05	1352.00000000	2.41037208e+15	2.63400476e+15	2.31127600e-03
135300	156727.50510363	1353	9.97787611e-05	1353.00000000	2.41037722e+15	2.63400991e+15	2.31128031e-03
135400	156843.60079182	1354	9.98525074e-05	1354.00000000	2.41038235e+15	2.63401504e+15	2.31128460e-03
135500	156959.70155615	1355	9.99262537e-05	1355.00000000	2.41038744e+15	2.63402014e+15	2.31128887e-03
135600	157075.79448308	1356	1.00000000e-04	1356.00000000	2.41039252e+15	2.63402522e+15	2.31129312e-03
135700	157191.89989109	1357	1.00073746e-04	1357.00000000	2.41039757e+15	2.63403028e+15	2.31129735e-03
135800	157308.00359173	1358	1.00147493e-04	1358.00000000	2.41040259e+15	2.63403531e+15	2.31130156e-03
135900	157424.15054793	1359	1.00221239e-04	1359.00000000	2.41040760e+15	2.63404032e+15	2.31130575e-03
136000	157540.39878602	1360	1.00294985e-04	1360.00000000	2.41041258e+15	2.63404530e+15	2.31130992e-03
136100	157656.37696022	1361	1.00368732e-04	1361.00000000	2.41041753e+15	2.63405026e+15	2.31131407e-03
136200	157772.14141410	1362	1.00442478e-04	1362.00000000	2.41042246e+15	2.63405520e+15	2.31131820e-03
136300	157887.92141480	1363	1.00516224e-04	1363.00000000	2.41042737e+15	2.63406011e+15	2.31132231e-03
136400	158003.69638254	1364	1.00589971e-04	1364.00000000	2.41043226e+15	2.63406500e+15	2.31132641e-03
136500	158119.65099667	1365	1.00663717e-04	1365.00000000	2.41043712e+15	2.63406987e+15	2.31133048e-03
136600	158235.67136505	1366	1.00737463e-04	1366.00000000	2.41044196e+15	2.63407471e+15	2.31133453e-03
136700	158351.92516553	1367	1.00811209e-04	1367.00000000	2.41044677e+15	2.63407953e+15	2.31133857e-03
136800	158468.24337293	1368	1.00884956e-04	1368.00000000	2.41045157e+15	2.63408433e+15	2.31134258e-03
136900	158584.68648686	1369	1.00958702e-04	1369.00000000	2.41045634e+15	2.63408911e+15	2.31134658e-03
137000	158701.57871030	1370	1.01032448e-04	1370.00000000	2.41046109e+15	2.63409386e+15	2.31135056e-03
137100	158818.17800217	1371	1.01106195e-04	1371.00000000	2.41046581e+15	2.63409859e+15	2.31135452e-03
137200	158934.16045897	1372	1.01179941e-04	1372.00000000	2.41047052e+15	2.63410330e+15	2.31135846e-03
137300	159050.10261466	1373	1.01253687e-04	1373.00000000	2.41047520e+15	2.63410799e+15	2.31136238e-03
137400	159166.03109588	1374	1.01327434e-04	1374.00000000	2.41047986e+15	2.63411265e+15	2.31136628e-03
137500	159281.99275942	1375	1.01401180e-04	1375.00000000	2.41048450e+15	2.63411729e+15	2.31137016e-03
137600	159397.91631130	1376	1.01474926e-04	1376.00000000	2.41048911e+15	2.63412191e+15	2.31137403e-03
137700	159513.98409160	1377	1.01548673e-04	1377.00000000	2.41049370e+15	2.63412651e+15	2.31137788e-03
137800	159630.23049180	1378	1.01622419e-04	1378.00000000	2.41049828e+15	2.63413109e+15	2.31138171e-03
137900	159746.54203476	1379	1.01696165e-04	1379.00000000	2.41050283e+15	2.63413564e+15	2.31138552e-03
138000	159862.76035397	1380	1.01769912e-04	1380.00000000	2.41050736e+15	2.63414018e+15	2.31138931e-03
138100	159978.65750477	1381	1.01843658e-04	1381.00000000	2.41051186e+15	2.63414469e+15	2.31139309e-03
138200	160094.49755078	1382	1.01917404e-04	1382.00000000	2.41051635e+15	2.63414918e+15	2.31139685e-03
138300	160210.36831913	1383	1.01991150e-04	1383.00000000	2.41052081e+15	2.63415365e+15	2.31140059e-03
138400	160326.48719591	1384	1.02064897e-04	1384.00000000	2.41052526e+15	2.63415810e+15	2.31140431e-03
138500	160442.75128018	1385	1.02138643e-04	1385.00000000	2.41052968e+15	2.63416252e+15	2.31140802e-03
138600	160558.94477955	1386	1.02212389e-04	1386.00000000	2.41053408e+15	2.63416693e+15	2.31141171e-03
138700	160674.57841747	1387	1.02286136e-04	1387.00000000	2.41053846e+15	2.63417132e+15	2.31141537e-03
138800	160790.22841299	1388	1.02359882e-04	1388.00000000	2.41054283e+15	2.63417568e+15	2.31141903e-03
138900	160905.90044362	1389	1.02433628e-04	1389.00000000	2.41054717e+15	2.63418003e+15	2.31142267e-03
139000	161021.53690870	1390	1.02507375e-04	1390.00000000	2.41055149e+15	2.63418435e+15	2.31142629e-03
139100	161137.28904464	1391	1.02581121e-04	1391.00000000	2.41055579e+15	2.63418865e+15	2.31142989e-03
139200	161253.52448390	1392	1.02654867e-04	1392.00000000	2.41056006e+15	2.63419294e+15	2.31143347e-03
139300	161369.71337163	1393	1.02728614e-04	1393.00000000	2.41056432e+15	2.63419720e+15	2.31143704e-03
139400	161485.75552127	1394	1.02802360e-04	1394.00000000	2.41056856e+15	2.63420144e+15	2.31144059e-03
139500	161601.22671623	1395	1.02876106e-04	1395.00000000	2.41057278e+15	2.63420567e+15	2.31144413e-03
139600	161716.71897868	1396	1.02949853e-04	1396.00000000	2.41057698e+15	2.63420987e+15	2.31144764e-03
139700	161831.87290688	1397	1.03023599e-04	1397.00000000	2.41058116e+15	2.63421405e+15	2.31145114e-03
139800	161946.82563944	1398	1.03097345e-04	1398.00000000	2.41058532e+15	2.63421822e+15	2.31145463e-03
139900	162061.76737835	1399	1.03171091e-04	1399.00000000	2.41058946e+15	2.63422236e+15	2.31145810e-03
140000	162176.72337745	1400	1.03244838e-04	1400.00000000	2.41059358e+15	2.63422649e+15	2.31146155e-03
140100	162291.61991495	1401	1.03318584e-04	1401.00000000	2.41059768e+15	2.63423059e+15	2.31146498e-03
140200	162406.54914512	1402	1.03392330e-04	1402.00000000	2.41060176e+15	2.63423468e+15	2.31146840e-03
140300	162521.70549068	1403	1.03466077e-04	1403.00000000	2.41060582e+15	2.63423874e+15	2.31147181e-03
140400	162637.45984022	1404	1.03539823e-04	1404.00000000	2.41060987e+15	2.63424279e+15	2.31147519e-03
140500	162753.20059374	1405	1.03613569e-04	1405.00000000	2.41061389e+15	2.63424682e+15	2.31147856e-03
140600	162868.81653014	1406	1.03687316e-04	1406.00000000	2.41061790e+15	2.63425083e+15	2.31148192e-03
140700	162984.56713266	1407	1.03761062e-04	1407.00000000	2.41062188e+15	2.63425482e+15	2.31148526e-03
140800	163100.29370958	1408	1.03834808e-04	1408.00000000	2.41062585e+15	2.63425879e+15	2.31148858e-03
140900	163215.97349777	1409	1.03908555e-04	1409.00000000	2.41062980e+15	2.63426274e+15	2.31149189e-03
141000	163331.85967831	1410	1.03982301e-04	1410.00000000	2.41063373e+15	2.63426667e+15	2.31149518e-03
141100	163448.13459074	1411	1.04056047e-04	1411.00000000	2.41063764e+15	2.63427059e+15	2.31149845e-03
141200	163564.42956780	1412	1.04129794e-04	1412.00000000	2.41064153e+15	2.63427449e+15	2.31150172e-03
141300	163680.75742553	1413	1.04203540e-04	1413.00000000	2.41064540e+15	2.63427836e+15	2.31150496e-03
141400	163797.07336169	1414	1.04277286e-04	1414.00000000	2.41064926e+15	2.63428222e+15	2.31150819e-03
141500	163913.37477965	1415	1.04351032e-04	1415.00000000	2.41065310e+15	2.63428606e+15	2.31151141e-03
141600	164029.68432028	1416	1.04424779e-04	1416.00000000	2.41065692e+15	2.63428989e+15	2.31151461e-03
141700	164146.03138651	1417	1.04498525e-04	1417.00000000	2.41066072e+15	2.63429369e+15	2.31151779e-03
141800	164261.48294099	1418	1.04572271e-04	1418.00000000	2.41066450e+15	2.63429748e+15	2.31152096e-03
141900	164376.57961739	1419	1.04646018e-04	1419.00000000	2.41066827e+15	2.63430125e+15	2.31152412e-03
142000	164491.50602692	1420	1.04719764e-04	1420.00000000	2.41067202e+15	2.63430500e+15	2.31152725e-03
142100	164606.98917341	1421	1.04793510e-04	1421.00000000	2.41067575e+15	2.63430874e+15	2.31153038e-03
142200	164722.82912718	1422	1.04867257e-04	1422.00000000	2.41067946e+15	2.63431245e+15	2.31153349e-03
142300	164838.62285565	1423	1.04941003e-04	1423.00000000	2.41068315e+15	2.63431615e+15	2.31153658e-03
142400	164954.33108217	1424	1.05014749e-04	1424.00000000	2.41068683e+15	2.63431983e+15	2.31153966e-03
142500	165069.93012467	1425	1.05088496e-04	1425.00000000	2.41069049e+15	2.63432349e+15	2.31154273e-03
142600	165185.88234369	1426	1.05162242e-04	1426.00000000	2.41069413e+15	2.63432714e+15	2.31154578e-03
142700	165301.76634304	1427	1.05235988e-04	1427.00000000	2.41069776e+15	2.63433077e+15	2.31154881e-03
142800	165417.19219372	1428	1.05309735e-04	1428.00000000	2.41070136e+15	2.63433438e+15	2.31155184e-03
142900	165532.62209426	1429	1.05383481e-04	1429.00000000	2.41070496e+15	2.63433797e+15	2.31155484e-03
143000	165648.05442664	1430	1.05457227e-04	1430.00000000	2.41070853e+15	2.63434155e+15	2.31155784e-03
143100	165763.39220184	1431	1.05530973e-04	1431.00000000	2.41071209e+15	2.63434511e+15	2.31156082e-03
143200	165878.75629533	1432	1.05604720e-04	1432.00000000	2.41071563e+15	2.63434866e+15	2.31156378e-03
143300	165994.48124982	1433	1.05678466e-04	1433.00000000	2.41071915e+15	2.63435218e+15	2.31156673e-03
143400	166110.22246262	1434	1.05752212e-04	1434.00000000	2.41072266e+15	2.63435569e+15	2.31156967e-03
143500	166225.09602181	1435	1.05825959e-04	1435.00000000	2.41072615e+15	2.63435919e+15	2.31157260e-03
143600	166339.73125628	1436	1.05899705e-04	1436.00000000	2.41072962e+15	2.63436267e+15	2.31157551e-03
143700	166454.33726190	1437	1.05973451e-04	1437.00000000	2.41073308e+15	2.63436613e+15	2.31157840e-03
143800	166568.95661045	1438	1.06047198e-04	1438.00000000	2.41073652e+15	2.63436957e+15	2.31158128e-03
143900	166683.68088196	1439	1.06120944e-04	1439.00000000	2.41073995e+15	2.63437300e+15	2.31158415e-03
144000	166799.54271769	1440	1.06194690e-04	1440.00000000	2.41074335e+15	2.63437641e+15	2.31158700e-03
144100	166915.38103137	1441	1.06268437e-04	1441.00000000	2.41074675e+15	2.63437981e+15	2.31158985e-03
144200	167031.22183367	1442	1.06342183e-04	1442.00000000	2.41075012e+15	2.63438319e+15	2.31159267e-03
144300	167147.06115109	1443	1.06415929e-04	1443.00000000	2.41075348e+15	2.63438655e+15	2.31159549e-03
144400	167262.68211018	1444	1.06489676e-04	1444.00000000	2.41075683e+15	2.63438990e+15	2.31159829e-03
144500	167378.28394533	1445	1.06563422e-04	1445.00000000	2.41076016e+15	2.63439323e+15	2.31160108e-03
144600	167494.23795203	1446	1.06637168e-04	1446.00000000	2.41076347e+15	2.63439655e+15	2.31160386e-03
144700	167610.12919050	1447	1.06710914e-04	1447.00000000	2.41076677e+15	2.63439985e+15	2.31160662e-03
144800	167725.41719133	1448	1.06784661e-04	1448.00000000	2.41077005e+15	2.63440314e+15	2.31160937e-03
144900	167840.40734653	1449	1.06858407e-04	1449.00000000	2.41077332e+15	2.63440640e+15	2.31161210e-03
145000	167955.39294738	1450	1.06932153e-04	1450.00000000	2.41077657e+15	2.63440966e+15	2.31161483e-03
145100	168070.49360896	1451	1.07005900e-04	1451.00000000	2.41077980e+15	2.63441290e+15	2.31161754e-03
145200	168185.61155226	1452	1.07079646e-04	1452.00000000	2.41078302e+15	2.63441612e+15	2.31162023e-03
145300	168301.32366191	1453	1.07153392e-04	1453.00000000	2.41078623e+15	2.63441933e+15	2.31162292e-03
145400	168417.18498345	1454	1.07227139e-04	1454.00000000	2.41078942e+15	2.63442252e+15	2.31162559e-03
145500	168532.95668198	1455	1.07300885e-04	1455.00000000	2.41079259e+15	2.63442570e+15	2.31162825e-03
145600	168648.66978332	1456	1.07374631e-04	1456.00000000	2.41079575e+15	2.63442886e+15	2.31163090e-03
145700	168763.99028691	1457	1.07448378e-04	1457.00000000	2.41079890e+15	2.63443201e+15	2.31163353e-03
145800	168878.77713178	1458	1.07522124e-04	1458.00000000	2.41080203e+15	2.63443515e+15	2.31163615e-03
145900	168993.52515271	1459	1.07595870e-04	1459.00000000	2.41080514e+15	2.63443826e+15	2.31163875e-03
146000	169108.26729161	1460	1.07669617e-04	1460.00000000	2.41080824e+15	2.63444137e+15	2.31164135e-03
146100	169223.20420241	1461	1.07743363e-04	1461.00000000	2.41081133e+15	2.63444446e+15	2.31164393e-03
146200	169338.87515288	1462	1.07817109e-04	1462.00000000	2.41081440e+15	2.63444753e+15	2.31164650e-03
146300	169454.58759539	1463	1.07890855e-04	1463.00000000	2.41081746e+15	2.63445059e+15	2.31164906e-03
146400	169570.40281496	1464	1.07964602e-04	1464.00000000	2.41082050e+15	2.63445364e+15	2.31165161e-03
146500	169686.34368373	1465	1.08038348e-04	1465.00000000	2.41082353e+15	2.63445667e+15	2.31165415e-03
146600	169802.23346418	1466	1.08112094e-04	1466.00000000	2.41082654e+15	2.63445968e+15	2.31165667e-03
146700	169917.52206230	1467	1.08185841e-04	1467.00000000	2.41082954e+15	2.63446268e+15	2.31165918e-03
146800	170032.84431305	1468	1.08259587e-04	1468.00000000	2.41083252e+15	2.63446567e+15	2.31166169e-03
146900	170148.25171503	1469	1.08333333e-04	1469.00000000	2.41083550e+15	2.63446865e+15	2.31166417e-03
147000	170263.60324491	1470	1.08407080e-04	1470.00000000	2.41083845e+15	2.63447161e+15	2.31166665e-03
147100	170378.97579323	1471	1.08480826e-04	1471.00000000	2.41084140e+15	2.63447455e+15	2.31166912e-03
147200	170494.37022676	1472	1.08554572e-04	1472.00000000	2.41084432e+15	2.63447748e+15	2.31167157e-03
147300	170609.30569875	1473	1.08628319e-04	1473.00000000	2.41084724e+15	2.63448040e+15	2.31167401e-03
147400	170724.01605982	1474	1.08702065e-04	1474.00000000	2.41085014e+15	2.63448331e+15	2.31167644e-03
147500	170838.54718812	1475	1.08775811e-04	1475.00000000	2.41085303e+15	2.63448620e+15	2.31167886e-03
147600	170953.39802451	1476	1.08849558e-04	1476.00000000	2.41085590e+15	2.63448907e+15	2.31168127e-03
147700	171068.23344497	1477	1.08923304e-04	1477.00000000	2.41085876e+15	2.63449194e+15	2.31168367e-03
147800	171183.05449081	1478	1.08997050e-04	1478.00000000	2.41086161e+15	2.63449479e+15	2.31168605e-03
147900	171297.86355089	1479	1.09070796e-04	1479.00000000	2.41086445e+15	2.63449762e+15	2.31168843e-03
148000	171412.31646042	1480	1.09144543e-04	1480.00000000	2.41086727e+15	2.63450045e+15	2.31169079e-03
148100	171525.82547490	1481	1.09218289e-04	1481.00000000	2.41087007e+15	2.63450326e+15	2.31169314e-03
148200	171639.44684883	1482	1.09292035e-04	1482.00000000	2.41087287e+15	2.63450605e+15	2.31169548e-03
148300	171753.11695775	1483	1.09365782e-04	1483.00000000	2.41087565e+15	2.63450884e+15	2.31169781e-03
148400	171866.90204752	1484	1.09439528e-04	1484.00000000	2.41087842e+15	2.63451161e+15	2.31170013e-03
148500	171981.68595537	1485	1.09513274e-04	1485.00000000	2.41088117e+15	2.63451437e+15	2.31170243e-03
148600	172097.51109184	1486	1.09587021e-04	1486.00000000	2.41088391e+15	2.63451711e+15	2.31170473e-03
148700	172213.32117525	1487	1.09660767e-04	1487.00000000	2.41088664e+15	2.63451984e+15	2.31170702e-03
148800	172329.28008939	1488	1.09734513e-04	1488.00000000	2.41088936e+15	2.63452256e+15	2.31170929e-03
148900	172445.31526327	1489	1.09808260e-04	1489.00000000	2.41089206e+15	2.63452527e+15	2.31171156e-03
149000	172561.36917282	1490	1.09882006e-04	1490.00000000	2.41089475e+15	2.63452796e+15	2.31171381e-03
149100	172677.46843916	1491	1.09955752e-04	1491.00000000	2.41089743e+15	2.63453064e+15	2.31171605e-03
149200	172793.50327219	1492	1.10029499e-04	1492.00000000	2.41090009e+15	2.63453331e+15	2.31171828e-03
149300	172909.57982574	1493	1.10103245e-04	1493.00000000	2.41090274e+15	2.63453596e+15	2.31172051e-03
149400	173025.62812214	1494	1.10176991e-04	1494.00000000	2.41090538e+15	2.63453860e+15	2.31172272e-03
149500	173141.65740368	1495	1.10250737e-04	1495.00000000	2.41090801e+15	2.63454123e+15	2.31172492e-03
149600	173257.61732723	1496	1.10324484e-04	1496.00000000	2.41091063e+15	2.63454385e+15	2.31172711e-03
149700	173373.54856219	1497	1.10398230e-04	1497.00000000	2.41091323e+15	2.63454646e+15	2.31172929e-03
149800	173489.46884180	1498	1.10471976e-04	1498.00000000	2.41091582e+15	2.63454905e+15	2.31173146e-03
149900	173605.38242783	1499	1.10545723e-04	1499.00000000	2.41091839e+15	2.63455163e+15	2.31173361e-03
150000	173721.67749891	1500	1.10619469e-04	1500.00000000	2.41092096e+15	2.63455420e+15	2.31173576e-03
